id,name,short_code,warehouse_id
5f47c26a-2ab5-45ca-90cf-0f2cba20ebf8,Bin-G33,BIG33,7599ffb1-b417-4d2b-9923-b8f6c9ce1130
b6878f85-f62a-4c20-a30e-a896984036d7,Bin-B59,BIB59,10be280e-e28c-4eed-961c-05efc8ec8b26
a8af45b4-d6fd-4a6b-85c7-47889436f493,Bin-P21,BIP21,44e87450-159c-4f46-b831-d49a410db80d
ce9e2e20-cc2c-41dd-a07f-8220321d8d3d,Block-F94,BLF94,da757c08-d284-43bb-a997-157d8b4493b6
32d9884e-c8b6-46da-b9ef-261b0cf5b496,Unit-U25,UNU25,154b7eca-2269-4822-9630-7c5d4bb5d6cb
1da65ec8-3355-441c-9ec4-53a7eed7ba67,Section-S95,SES95,bf4fb052-a058-4854-a00d-f936dd28ab58
c1de81a0-a5de-44eb-b50c-25d9598be1e6,Bin-F74,BIF74,81255790-e4b2-4db6-be13-8579ef5c2e2d
e6b6de89-fc55-4482-ba54-7fc29f82a184,Bin-E15,BIE15,e3e53ee8-b99b-4ea1-a203-8e12eaf25753
643dbc1b-a7f8-438c-8498-81d2545a9929,Zone-H04,ZOH04,2a5d4217-6db2-4b3a-b5e4-a28e85c49665
a7049ac4-b4e1-403a-94bf-5831664dfd00,Shelf-F23,SHF23,105f4562-3c7f-4935-8acf-cb8381469e3f
8b6de9d4-be03-4822-b22a-6d4d49d2596c,Rack-B72,RAB72,a91a377e-eab8-4744-87c5-fdc4413ff469
c6b7ba31-3612-4c99-bb0a-b6f19597af20,Aisle-Q30,AIQ30,12bfac7d-147c-4e32-bc85-3e87a8052e4c
cbef56ca-a4e6-4e32-98e7-53b25fed98cf,Row-X36,ROX36,3f87dd61-5fe8-4bbd-bc03-a16b7eb88850
dc22219d-bcab-4d82-b127-0352deb187b4,Row-Y07,ROY07,87f7d739-3153-4d43-9936-a2b6a73eaca2
a7e0a5ce-68d2-4161-8bb9-cbd00ebecf3f,Bay-T72,BAT72,0c965a38-fe20-4cdb-a766-4562d3f40f35
82dc2d6c-ab90-4bf9-b58f-4f756b4afa56,Row-X70,ROX70,a47348bf-fee9-4df2-9301-38473a758232
e27b9e9a-918f-4d50-9f62-55d110cd7388,Row-Z22,ROZ22,4b4ec17a-dd2b-4ece-b5e3-1df078d2a0eb
62b1193d-f43b-45ac-92d9-51c00d3b0d63,Aisle-B52,AIB52,ea66937b-d0e7-4676-8d3c-6f51db56d5a6
5ecb8cb4-ab42-4739-a1bd-4cf3d2b1690c,Aisle-F89,AIF89,8b1f7222-4329-4c0f-9779-87238a43627f
2895171f-8cc1-49d6-9c03-c654cb03e888,Rack-C22,RAC22,19a2e858-6c5a-4ee1-a0bc-57ccccafe6f5
20bb80d7-2a5f-4734-92f0-d76d892c0dc4,Bin-R07,BIR07,08bd8dc3-e954-4ca6-a26f-89a2ef8124f1
10e8f7a0-de01-4517-8021-c0eec93ce29a,Bay-N91,BAN91,5580cef6-1971-43a4-a6a5-3cff1a6fdc0c
0791e311-2c83-4477-9413-3caf378ed253,Zone-Q75,ZOQ75,c0e8a6a4-b45d-4bac-88e1-c1c7f778869d
d89e2ccf-21ce-43a3-9ed9-a65622af5731,Aisle-X35,AIX35,dc6492da-5609-4095-a030-c9a22f2d0107
d35558d9-d9c7-49ae-b05d-69de06fa44e4,Block-A73,BLA73,24b0f733-7a73-4b60-9444-d01ac7dab687
c7d30d58-8855-4b83-9398-39a99dcf8f85,Rack-U55,RAU55,9b68bc1d-553d-42b2-99bc-49bbd76d673b
5bd8d390-11e0-4acf-83ce-6f34aac52a58,Row-E89,ROE89,97d582cc-b542-4973-8b5e-db43609ff58a
ac9de94e-397f-4bf4-8a6a-72039ffecbcd,Zone-F47,ZOF47,d667bd00-aaae-4ea4-8e6e-a3bdc82a13dd
428a6c82-9c08-4ca4-b4e7-57a8d40aa10e,Section-O71,SEO71,db2bdca0-f9a8-4f3d-bb65-3549b08db74a
44d1e9c5-e0cc-4629-93e5-e337c72325c9,Bay-P64,BAP64,0fd901e4-0761-40cf-935f-42d4d9354217
4e1f7f89-4fe6-4cef-90c3-15b0a4773f75,Unit-I02,UNI02,1ce12560-98ff-4b2d-affe-e450e31496ac
184fd04d-ca27-4998-b3de-e731333ac554,Rack-Z90,RAZ90,b36f0b91-3476-4ea0-a6ac-206a9b61caeb
221dbcde-6334-45ce-adfe-ea149a761694,Bay-N41,BAN41,1aec06df-a75f-48ed-8240-6f8d7a2786f0
9a47a618-5879-4160-ae12-c718b751f054,Row-O07,ROO07,e24fdd2b-c55e-465e-a40e-5b1771bd61b2
414cbc6a-5d5c-429b-a087-58c5e23edfa9,Shelf-E79,SHE79,4c372821-4e09-4f2b-a638-725e04b9ee90
4c67e61e-d815-4172-a788-b2199b04d03f,Unit-T59,UNT59,25c673f7-6531-4756-937d-2f7b74928637
e5dcb91e-da68-47e5-8756-a0ac73647547,Unit-J20,UNJ20,1bfbeb34-6bde-4a2e-a206-fc11bbcb1d41
e93b012f-34c4-4f27-b19d-0015045419b7,Unit-B77,UNB77,1ffb1116-0498-428b-9ad9-c9c34f92c27f
bd90173c-ddc4-41c1-b680-ea5e8d2d731c,Unit-Z19,UNZ19,4bd36a54-a6f5-4015-912c-0ff968436f09
f3e5d918-8393-43f4-8882-3a42f8d47005,Shelf-W83,SHW83,c725f961-9c65-4899-bc58-faf097bfb52b
aee2c83b-4732-4f15-bfbf-effeb19007f8,Bay-D57,BAD57,f592a19c-4d41-45a5-ad36-f1e90690603a
bfcc5730-0ab2-4650-9cfa-d1369cefacb3,Rack-K26,RAK26,e612822e-2c99-4ea5-8e11-cda098af571b
506a5f47-ee06-4163-98f6-0815de599ffe,Shelf-U67,SHU67,39a6bb2a-9431-47fb-aabb-13b55d7c167c
67f26181-d848-47d0-a3c9-ec0f81e35967,Rack-K50,RAK50,8aa6b5a1-3ecd-4db1-8a8d-2cf7397c72df
7a428cfd-9c31-4346-a624-f04376c5494b,Unit-Q02,UNQ02,0d4e2c0e-721f-4497-bf7e-397c37ea764e
f6275249-4a18-4d48-9ddd-1a8a105ae6d4,Shelf-W83,SHW83,5be9542f-6aef-4eed-a142-b3d7e02bbc6d
bbcac6aa-c50b-4b08-aa0f-c68836643583,Block-J61,BLJ61,9f58be3a-905b-4cb2-96e4-1d78460f2cb6
aab03e44-1832-487f-b0f5-345df5133ef4,Zone-U09,ZOU09,f328643e-09d9-4aaf-a2a7-4e6ffd8ced5f
99d434f7-cd6a-456c-92e0-3320c75568fe,Row-S68,ROS68,2cf0defb-b42c-4097-b759-d78a310f338e
29ca81bb-485f-4c85-99c6-ab7004e27231,Shelf-F98,SHF98,2a636204-e1cc-409e-adc9-ba9225da4c56
96600637-db3f-4772-b431-9e9946224211,Aisle-R88,AIR88,97baea34-adde-48ce-ab71-db125031511e
a1ce60ae-6c7e-4bb7-b2d5-28ba814127e4,Section-L87,SEL87,f21043e9-762c-4e46-bbf0-9dffad0d4c18
660614dd-1c0f-4541-be1d-16b095853024,Shelf-M03,SHM03,17b25fa3-2667-41fc-893d-c313ac95648a
a49bc5de-1166-4311-bafa-a2785b32d0ed,Bin-T11,BIT11,3fa13176-28d7-42cb-9402-2406ad01caaf
4324643a-8ced-4622-8214-ef5fdf408c45,Bay-R03,BAR03,75aded0b-4a8e-434b-bcec-64c954397923
b1b60805-bbff-48f6-9bf3-6659c953b5ff,Row-A90,ROA90,b823744d-f2b9-449d-ae22-4dbeb8c67f12
49f57e49-29a8-4e97-802a-d0b583888219,Row-A89,ROA89,4e536665-a914-4eba-8c89-2499c7d05796
1b79e8b9-513e-4a63-9fc2-939f841fb5e1,Block-P14,BLP14,6d1166fd-3104-433c-b550-5d4c4844e836
d4df31de-55d6-413f-a544-3cc0a151e267,Aisle-B62,AIB62,91a9156a-cacb-401a-a9ba-0335adc281a1
276c5037-e8e2-4477-8dae-a6e94dfcbd86,Shelf-X08,SHX08,70a5be1b-688a-4fd7-8d0a-85e7d53031b8
425059cd-1d1b-4c15-8232-d25c7d47256e,Bay-B37,BAB37,efa57892-522f-4787-ad6a-67dc4f1cae9f
6cf994e8-1768-4f01-bc52-02adc317472c,Section-N71,SEN71,a0e47d0b-1f21-4a3c-85d5-c082fba631f3
87b116d0-6d1b-472b-8948-ba7569da9ae6,Zone-X57,ZOX57,d4971622-5097-415c-b9e4-91f046c32190
2c6d862f-63cb-48c5-8e70-bbba479a6a30,Block-O90,BLO90,b17c0572-2b4d-48e5-8a48-f9d92ea48796
e3e45884-971d-4ded-94f1-76f255a0c0b1,Bay-N11,BAN11,d2516cf5-8c82-403a-aa6f-633124c9603a
5cc6a0f4-960d-48ef-b180-f1ef697991b2,Zone-C12,ZOC12,c3f455bc-1656-4595-8af6-998316f59973
44b8e35d-cbe5-4635-85a8-71c1f92f63a0,Bin-A07,BIA07,dfbd2bf5-4b10-4433-b6f8-f56c859625c1
473d3db6-f4d4-47c2-af3a-d837e3391f4f,Rack-D64,RAD64,0d3cdf9a-9399-4fc7-9c30-9fbb09a2022a
4d7968cb-6d59-4010-a5f2-63037716ec82,Zone-A93,ZOA93,1a89f01f-44e3-487c-8c0f-4da6fa6cefcb
df7248b4-1194-4853-b9f0-26b1684a28e5,Rack-L07,RAL07,2cabb75b-d060-43f3-861b-55b920c0b5d8
da6496b7-3d4d-41f5-ba9c-3c8579de1a0c,Zone-V37,ZOV37,d9f5b2c3-7735-4f94-a2f3-a852a6bb51a0
bd20ef45-4515-4f28-9084-4e30adbd95c0,Row-F88,ROF88,b7f57e23-2596-4168-bba1-4ac86f616bbb
107a72c0-279b-4935-ba65-413865317ab4,Bin-F05,BIF05,8c1ca0ed-5c32-4f6a-aa8a-cc6c7945c71d
9678da4a-1a69-453e-b474-5988f1a4c4fb,Rack-V23,RAV23,686e2507-99df-4e2b-b5b4-64baee3474a6
60e5574f-7452-4875-af11-5f5c7396f80b,Zone-T78,ZOT78,f2a6cc3d-69b3-4f90-a791-3f72f468d860
11e2a324-9ee1-4dd1-be73-454dfb9742e0,Bay-U59,BAU59,8d5013b0-63ba-4f7d-b19e-eb1f203285d6
29c829e5-95e6-46e3-8829-39de32c1dc12,Section-T55,SET55,35315e37-04da-4f02-be8f-d1a359b9e682
fe2de584-dba2-428f-929f-a057e8878f01,Bin-X58,BIX58,9811c6f8-2766-447b-a346-defa4ad28589
c3eb47d1-b854-47b8-bd0d-8978387f65a6,Bay-Y22,BAY22,8a566c15-5905-4ea2-8f8b-db6b462d613d
ba0ce9a0-87e0-43d1-b9e9-d98640f00d1e,Aisle-M85,AIM85,c4539ea0-1940-4e89-a056-bfc5573770da
80f01857-fb59-4470-9045-f7bbe6740fb0,Aisle-B37,AIB37,d908384c-f269-4ff4-84f4-c0396de6b125
7423b126-8cb2-4734-aefe-9f9d3568fd35,Block-J15,BLJ15,2cf2d8a8-4846-430f-8323-d0f1d35dfa73
746294eb-4fc5-4a6a-8168-821c08db21d8,Section-O38,SEO38,5b307d44-315c-49d6-9e2a-638a6721c5dc
848d516a-59ce-4445-b859-4fa62b883a07,Zone-C25,ZOC25,dc2b1569-3d0e-43f9-a3ee-ecc02e3a20e5
dda0ed34-8400-43cb-a51b-29df4fe7aeaf,Row-Y79,ROY79,4a011036-f004-43b5-ab2e-85f079c7b2f1
62a0e5e6-2896-43cf-a912-f9a534edb9d5,Row-Z55,ROZ55,9285d1f3-c547-40f8-b95c-aa6789c1ce0f
a60923d3-b42b-4caf-8652-1098915946f8,Bin-Y88,BIY88,0d5f0e45-ade1-4ff3-ab46-09f529a6ace6
9b87e478-ba3c-439c-a37a-409511b9f88a,Row-M69,ROM69,d5b9019e-24be-47ff-895f-cfd76dded73d
713b1407-cf5b-4ec7-87b9-f84806494b30,Block-Y01,BLY01,2f31adad-c681-4d69-b5f3-272a07d75fe4
e9a34339-efdf-423d-b681-6f5bb6f911ff,Zone-K64,ZOK64,ca63028b-1202-44d7-8b31-db6c06088222
0738de28-da4a-45ab-b5ab-8e6314cb3fa8,Row-J77,ROJ77,6a9e6004-1674-452a-8e09-a2d0f35da038
c4e56d41-4344-4ec0-b7d8-4e9d1d8e00a6,Zone-Q39,ZOQ39,3eb913aa-99b0-4b8b-8077-2e5bb0325c48
5365a4f7-3d3d-4a0a-950d-841d7232df81,Unit-Q11,UNQ11,b45dca59-5961-4839-9885-81a1a7d4c783
c0fb5a69-0c86-4924-8c37-6e4986659e17,Bay-S79,BAS79,0a8118b5-4663-4ee7-8a95-0e99506c24e7
d40a37fd-0ae9-4da3-8d75-fbe728d2d03e,Unit-B28,UNB28,98f8b5b0-b867-4f7d-9cbf-327a3a6540ad
01214a06-08c0-49c4-9b54-7f6f63574412,Unit-M22,UNM22,cc1e0f7c-b976-4f47-8585-f8680748d62d
7c6a74c7-06c3-4b15-a5e1-62899fe29f1b,Rack-V46,RAV46,0a2d32a1-c038-4f65-9820-271793ade9e9
eba8e778-95d4-4380-8246-307e754f27f4,Bay-I43,BAI43,3cb2a10b-e3db-49c8-a1b5-3c53fee61a6c
c6a99c5f-6e19-43fa-ae8c-c02a53c5123f,Bin-T74,BIT74,e612822e-2c99-4ea5-8e11-cda098af571b
4c8e8330-2546-4157-8968-73a0276d82bf,Block-G24,BLG24,20c0c848-b633-423d-a014-8af8cd975439
a0d2e649-845f-42f9-af7a-68f38c728c51,Zone-Y32,ZOY32,dafde232-a398-47af-a247-c2d0221b6465
e56cbc3c-83c6-4f83-9ffe-5a768047c557,Aisle-O95,AIO95,c24b8c5a-2e85-45ae-a1f9-ea1fa2c60054
a7786342-9075-4623-97d5-8bfdcc6beb11,Shelf-D15,SHD15,fca14dcc-7015-4c7b-8512-91d7a9d1391a
b8917d8a-c55e-4c4f-8a3d-aa15cd9dfd97,Rack-W67,RAW67,a9d0d6cd-121e-4efb-9fa8-735acafe9104
dc6bb869-7e76-45ef-a8be-ed0e38b91a13,Shelf-R33,SHR33,c5502802-9273-4261-a1da-758bd033fd76
5c8b7656-088d-47ed-88d8-6fa552ae976c,Block-Q79,BLQ79,a0d1e154-1ef8-46bb-b2a5-05d73f00953d
9bca3c5e-24db-4b4c-9d91-1e7caddd8e8f,Zone-T29,ZOT29,ab8efc33-56f2-4960-9c1b-a314b91b7452
40123f62-2cbb-4ad2-8858-7e7d39e02c6c,Shelf-H46,SHH46,efe1d757-b026-4db4-a5c9-a082ae9e43d6
3cbc62bf-06fd-4add-b80f-b4119d69db54,Block-D65,BLD65,1e8524ef-9010-4540-bd71-3edafe1d0d1c
8006c9e1-2098-405b-8278-6726acb5c0bb,Rack-V59,RAV59,26ced7f8-3134-4363-949d-5ce91ac841a7
556b4d52-0144-4b85-b7a7-0c32ce608482,Bay-W69,BAW69,d889aed8-971f-4587-87e8-8e5340ce78b6
cd36cc05-a095-4266-bb3f-ed5e0418f26a,Rack-E19,RAE19,9dbae818-a77a-4d09-bc98-bf7a993ffe89
5a3929a6-c332-45c5-a158-b22e7c40dcae,Bay-E45,BAE45,e5fa3982-62ef-449a-ad95-edd5c3307c27
8cf0fe93-3943-4d25-adf0-85f4a22a8f2f,Aisle-A43,AIA43,64e4c8ad-8f6e-4ebd-9ea4-374238376eab
4935caf1-3a5d-4fd3-9978-add21703332a,Bay-R21,BAR21,fc395008-6d7a-4819-ad44-53aea2582204
7c0f6823-54b0-4af9-85e5-430e32f96ea3,Unit-P71,UNP71,1eab1b34-03b3-465d-8e42-26c464f97cea
382801d5-0cb4-4478-be64-78d187cc700f,Bin-E09,BIE09,b9368732-1655-4e54-b907-f4fba971695a
38c1d270-c366-4758-b9c6-79def18f8884,Row-V33,ROV33,01cea3ad-a260-4cf2-b5ff-426f8c8c5f68
fd15b10b-6fba-4472-9a9e-38c25ff91ad8,Unit-I58,UNI58,2307e025-325d-43c8-b55a-efd67feb29f6
104a072c-6ec5-4ac5-9276-547abc742fe3,Block-A38,BLA38,b0fb4272-ef3e-4af4-879a-5087948241db
0c38c790-8ced-47ed-85c5-e22f4f6d1c63,Bin-H59,BIH59,aceb67b6-9c9b-42b3-8fca-e3b860445275
49c69b07-416e-411d-8e7a-cdabc78cda94,Row-X71,ROX71,fc4810d0-a6e4-40a8-8b19-85555af37210
5ffadcbe-a4ad-496f-8c2b-b2e757f90d72,Row-Z24,ROZ24,7a0eeea1-0a07-463e-a9e5-48bea192c08d
1245b972-bc04-4276-a5a3-6cd0c84b88a8,Bay-N11,BAN11,91554224-c7a3-4836-b00e-cf492267c174
14e2f5dc-27a0-4416-93c0-ab2f4dc43aba,Aisle-P44,AIP44,a04df5d6-11fa-41d0-a134-0907d36d77a0
4f992d5b-37d2-4a5a-95e0-0a138a0fa597,Rack-Z35,RAZ35,18aef368-089c-406d-97c8-e0cca183c8b1
378a755f-9d02-4c3f-baab-2e4aff5d96bc,Aisle-T24,AIT24,60d3739a-c8cb-4c2d-bf60-edaafcc3fe3c
f95300ee-974d-43bb-bf32-edfdefe72dd6,Row-N80,RON80,1cd51898-b8da-4357-a22a-4c14702d9c6b
70472a5a-49f8-4272-8541-1230dca8b079,Unit-U80,UNU80,73e85901-e7ef-41bd-9eec-4ba4a3017ee2
e9cea9fb-5e06-49b2-a726-45021417c604,Bin-R68,BIR68,bf3aece2-7311-441d-8130-da3d0e66b60e
ba9e1625-40e3-46c5-80aa-7278b6101f14,Row-K38,ROK38,db2bdca0-f9a8-4f3d-bb65-3549b08db74a
16ccd619-dbd5-4bfa-b612-f50d8813fe38,Zone-Q34,ZOQ34,b15382e3-b732-4d15-af59-37afaaf11240
9bfd8665-9458-4d37-830c-ab2a0cb91a11,Bay-C31,BAC31,3f7f2b56-8050-43bc-922b-d908eeedef6e
a133d7a6-0a92-4607-8920-09f3d01007e6,Rack-D79,RAD79,3ac2adc3-4993-4293-b7f4-f8f5ca1f23b5
d01410ae-07e5-4096-8902-d7c087e72d30,Bin-W28,BIW28,5a74afb1-f9da-496f-b020-2465ecb25789
12685485-3034-49d1-83c8-ead381e68bb5,Rack-W43,RAW43,c26ae744-9483-4ddd-8994-a5e90df8cb3b
18350c53-c4ad-4d57-8131-1eecf2d308e8,Block-F90,BLF90,9d317c27-960a-4901-81b2-344cbac1039c
336e7712-875d-4d54-bfd3-1adcbc645398,Zone-V09,ZOV09,1b8ef331-7427-40be-8583-970901d21619
aa288b8f-0eb8-4785-93c6-bb17bf0e4cf7,Section-I49,SEI49,ca55e593-b713-4de2-9ce7-a418c72ba798
4586e87f-cfe8-431d-90f1-bb4c9caa4449,Unit-T04,UNT04,2f60f3fd-2c28-4645-8115-9ee313d70b8e
e6652f97-7d01-4a85-9af6-ee8150698cc7,Aisle-I68,AII68,18897418-de27-4b08-8240-26fb79104a89
2499907a-9a5f-46a4-a79f-56709f51ac9e,Bay-P78,BAP78,02345d30-369c-4404-9139-82dfdc157773
c6257077-4287-4409-a936-b4963ecda521,Block-X86,BLX86,fe1e4740-79e7-4d09-8011-1a7e8ea4d319
76497b9e-72a6-40db-aba6-5123f84285a6,Block-D09,BLD09,99abb213-425e-4ba1-9cc7-caf235407c91
8a58f0d5-3884-436a-889f-3c07d03aa0b6,Block-R52,BLR52,5dcd54fa-9dd9-4da7-9882-66d1f3e3d674
24bf8d9b-e1bd-4890-b88d-6372b15e5687,Aisle-W31,AIW31,9fe0e1c8-2334-4fbe-98aa-c642ba52671b
8869f492-b017-4c95-8fad-4b65a9ceca6c,Row-A85,ROA85,cd2c66a7-c974-4974-af90-b1a974ad1a26
ffac4742-2b1e-4967-8342-f4fd0d63d359,Zone-T33,ZOT33,b3eac8d7-b2d1-4102-92e1-19cb0a47b7f4
736b3a14-e0a5-4079-896e-7519d1fb8db6,Rack-K30,RAK30,19a2e858-6c5a-4ee1-a0bc-57ccccafe6f5
2f677d06-d75a-4eaa-929d-381abb4c95fb,Block-B17,BLB17,74057f58-1159-4456-8429-f10a15a88cb1
7a6408b4-6d39-4a37-b331-41d3457e19db,Row-U39,ROU39,a611e7aa-54ed-45a2-a08d-674f64c697df
fce3e7aa-f422-475f-9d75-804d8b0d9c18,Section-B28,SEB28,a4551e92-a730-4750-a461-70560f7c58fb
9db2975a-be12-4be8-a47b-1c24c2e390b8,Aisle-Z84,AIZ84,c1a256df-05d4-4c4a-acd1-8a66156037bf
907b50a5-aad7-4144-bcb1-d76448fc68bc,Shelf-R53,SHR53,1880249f-6819-4e02-b465-982ab421dbec
2794ddaf-cfdd-4836-9fff-20fb88a40108,Bay-J59,BAJ59,503bf974-1e3d-4904-8195-4e7b429da7c4
828db55f-684c-4a98-ac09-c0e97f8401a1,Block-G09,BLG09,51a87324-d3e2-4dfe-b91c-0c65a3622ecd
4f567199-08f3-4ab4-9b56-1064cdd8e902,Aisle-U10,AIU10,fd6f22f5-f9ab-46c6-b24f-6f6886d93b7e
5ef1c768-0346-49b6-b4b5-6b6d8b2e10cc,Unit-W02,UNW02,26ced7f8-3134-4363-949d-5ce91ac841a7
1b29222d-9d92-4bf8-961f-295e1ed76998,Unit-F72,UNF72,27a623d0-2048-452f-9c18-63a4a7fbbc1b
f23c006a-4df4-4a59-9e27-b2a6881d81e7,Unit-Y07,UNY07,01568c00-d4de-46e7-9d0c-91e5048bd42d
342b54ce-d77d-404f-b45c-948929f79119,Block-C41,BLC41,ef4f98af-385d-4df3-a776-2a37f16b5a15
84d35795-907f-4709-8486-21c09296b6fc,Zone-T66,ZOT66,7cb84f49-5f72-4ea8-b722-9e5ec43ba33f
172ee1fc-7f8f-4d40-a7ad-7352c6e60e1d,Unit-M49,UNM49,feb84c4f-5c90-46a0-b05f-91c8c11759b8
4d8d7f3a-0fdc-4574-9a2d-59e8b38b6415,Zone-N42,ZON42,b56b82e0-a325-40df-bc30-939755ce18b4
546183ff-dbdf-4cad-a07b-dc58cbf1d9e5,Shelf-Q04,SHQ04,912f6f63-ded7-4a5e-bc0c-79b6bc319004
8bcbeda2-6347-4acc-a795-2dbce10ae61f,Unit-V67,UNV67,866bb79a-bbed-420e-8c3b-809552812365
2717ac2d-e064-40ef-8246-ba4d9c6bd429,Zone-E10,ZOE10,2593b6be-d4a4-4927-a41f-8ee022d0b5e3
a540640a-05ed-4e1f-909d-d34c20f2bfce,Unit-W70,UNW70,d94fbb4e-ae5d-46eb-93c0-5c557f768a42
d425acb9-2fd8-472a-8f3c-f620e9c6d0ad,Block-S06,BLS06,e2a7f2b7-8914-46af-87b8-05486c1bfa04
2505271d-e665-4f49-b991-b60ea3f7006c,Bin-I50,BII50,fff1b20a-ca47-4b22-875b-921ebcbaafa9
be1c56b1-1d67-48ad-a15e-a0faf88a8d31,Bin-Q98,BIQ98,e4d38eb1-d57c-4fe0-8ac9-b3e3f6b9c450
ae8849dd-29e4-4865-ade4-dde4e9e0971c,Aisle-R65,AIR65,a5904a91-4c20-4a37-980a-abbbcd31649a
31164673-2c70-4df0-8c45-84c73c920a50,Unit-J58,UNJ58,92931b03-8475-44d7-a71d-15161edc71b8
34674a8f-e9ad-48c4-8248-ae2263178828,Zone-E06,ZOE06,96f42b51-cae9-4e2f-8c15-fb98b13cae00
c570fb9f-decc-45e7-9da5-f273c0c5f341,Shelf-V29,SHV29,24e090ba-b3dc-48da-bdc3-cd0ad2ad4822
92a0bbb8-9940-45e9-ade3-142a503460af,Bin-R72,BIR72,1f8deb54-92db-4dd8-96bd-e4665769486f
18edcd41-5c17-4d25-842f-ca759c03460e,Shelf-Z94,SHZ94,0eaddc2f-18e6-4140-a556-b304f8f5a7ba
ed065a49-1a6b-44df-a9f3-d106f9911b03,Section-X21,SEX21,1f8deb54-92db-4dd8-96bd-e4665769486f
5c22aee4-c9e5-4190-8ecc-328980c9118e,Section-N49,SEN49,ffcc0894-3c2e-4e79-9a13-d2a3be794258
4a58fa82-f4d0-4781-a846-263b879a41d1,Block-J17,BLJ17,a9602c39-2590-43e1-b5da-8ce417344476
0d0e3f7f-2bce-4a06-838c-ac0b10f91931,Row-R50,ROR50,c80a1e6c-8f42-4125-92a5-226183f8f095
0f9880b9-614b-439a-9b25-815f24edf697,Block-R90,BLR90,5a74afb1-f9da-496f-b020-2465ecb25789
b05c83ff-418c-4314-805a-87d4cc4bdd87,Aisle-P19,AIP19,ff80f1a7-9ab8-4335-83ac-44075e3baf49
14b36b36-babd-4bdf-a193-da58ea3c7c65,Row-X49,ROX49,745b5eb6-c458-4d39-9656-3b9cdf2457a0
f00bc684-c58d-4117-af4c-0ed2718b42d3,Section-E01,SEE01,3e792924-553f-49df-bcc5-da47a1654ef3
755eb2ef-7937-4fb0-ba61-b3ee9eae1d26,Row-O72,ROO72,59d82a4c-de10-4df4-a08b-d28693d6f58d
1ac18eb9-d7c5-4e92-aaa8-7aeaa0416dc1,Bay-O11,BAO11,a3b3b28f-8d0a-451c-89ad-13608eeec2cd
d61bd6b3-d370-4ddd-a691-36b23354dc0c,Block-F86,BLF86,5cbe1aa4-6d39-47fa-af97-1ed2256c90cc
21410384-3797-4e3f-a0b7-e2d5f5798759,Section-H35,SEH35,051d7e86-044b-4947-a568-47b158e10381
d3761e71-fce2-408b-971a-fc5c95bedc20,Zone-P32,ZOP32,16f6bffb-d168-4bb2-bdc1-125d3044915b
b8cb1d7f-b42d-4702-a7be-77db10605106,Block-F25,BLF25,b1ce08df-1407-443f-8aa0-5314a08ff05f
78dc16fd-5253-4db0-a575-c99e8b901740,Row-P83,ROP83,d7cbce94-b159-4ba0-b80f-e97626f5f4bc
8fa17072-bdf1-4bb3-8b63-eb1098df9e28,Rack-I43,RAI43,0d49eb5d-563d-48df-aef3-81685b8503cd
089f88dc-f44f-403a-b537-a26113217a38,Zone-Q46,ZOQ46,7b389782-22c5-4c37-9350-869c894d58f1
191b2074-5ff7-48b8-b82f-5c3bd4580814,Row-G08,ROG08,fe92904b-fcdd-4923-856f-ce2abe953928
1344ac19-d7ba-4dc4-b898-14d1912c06ff,Row-H96,ROH96,55b8040d-495c-46a4-852d-8ba4f1eb167c
8bbaf34c-5349-4bff-bdbb-8ba4f69012f1,Aisle-R45,AIR45,72a3eb62-2af7-4226-a005-838be7ad8b15
349f84cd-4a37-467d-8dbf-dc33db6781fd,Rack-J91,RAJ91,f11c1383-fee4-4044-978c-9eaf6ed56c8d
25ba2f06-c2a6-42c8-90a4-68ac2eab1053,Bay-B98,BAB98,e68fcfea-578a-4c45-849d-cb572d32c470
cea31b90-e419-4c29-87f2-0e38d27ed940,Zone-K44,ZOK44,0c392272-7131-418d-90b5-6b572fb1a273
c7a128e8-b49f-4634-b668-c5e0ccf87e84,Block-Q78,BLQ78,4e2ebe7b-b9bf-4ea7-8ca6-9a43c435d469
9465b99a-43fa-4ae5-aefa-673b026b5a85,Bin-Z58,BIZ58,a0b2806c-4bf5-4c35-bf52-836c6cebb4c8
936062d9-6b96-498e-9a24-f8fd7c244a28,Rack-J14,RAJ14,f189f346-cd66-4b77-899a-763ce0802dd4
f33b26ac-50f8-45bd-a290-1f4eebbfff8b,Block-P72,BLP72,70d25353-ca0e-4abe-b096-d9acb2ea402d
58ca9b41-1b0f-4d92-b83a-c937e6576154,Shelf-L75,SHL75,67aae9a8-9759-4601-a96e-72821246b02f
d0ccb3c8-8950-4302-8f2f-5482fa627278,Bay-M83,BAM83,95376134-cc53-46ba-8ad6-5d3b567b894d
f7249fa7-fe87-4280-a3d5-355f34d5d7cf,Section-Q51,SEQ51,0eaddc2f-18e6-4140-a556-b304f8f5a7ba
c0f265ce-f135-4429-a89a-a0b825ab0e79,Block-T02,BLT02,987af2f5-2973-4e6f-a288-a913fb47a1e3
2311af52-2c25-4b28-9c7c-5dcd8e03a98b,Bay-Q86,BAQ86,af139fa1-5d90-45fb-886c-3a46e089d4a0
06a0b7c8-5a34-4fa0-94f6-a6b78810fcfc,Block-P96,BLP96,32e6b125-bde8-49a3-afa7-d232a4ed1b1b
e7495ccc-0b20-44a2-8a84-ec997276a0d9,Section-F92,SEF92,73be35a1-943c-4b73-8cae-5e4b6b830252
94b484d2-80bb-4688-ad8d-5a71bd44e3f4,Bin-C89,BIC89,3b84f110-f23b-4738-b9de-d500e9eb9a18
89139525-4a90-449d-a0cd-e4f54f0f5dbd,Bay-R78,BAR78,0054cfe9-5b6e-4616-be43-c6f5857e8a97
725323a8-421c-4f4d-b594-e8b00c687e70,Zone-R60,ZOR60,507d8983-31ea-410d-ab30-6ffb74f56283
cbe636e6-0b75-43dd-9539-0aa57f686da4,Rack-A85,RAA85,a5dbf7d5-9ae2-482b-aabe-c831c2ccd581
0aa721b9-92a7-40f8-b9ea-c0c9025a039d,Aisle-H87,AIH87,9e721474-5070-467c-bbb1-9b7246315081
0fa83180-aa9b-4b94-a6f9-5223da1711b0,Zone-S76,ZOS76,b457b157-05e4-462b-a237-8b6f7f3dfbf3
1adc1430-1bcf-41bf-8b36-3c0c70501918,Aisle-N36,AIN36,ad8090af-a3fe-4100-8715-7409f08fdb3f
f2192461-0b96-458b-8474-2beb5da78048,Row-N04,RON04,95f363b2-6262-4d2f-9cbe-25bc7043cd34
92b1c497-e9aa-4e8a-b785-8198f5242255,Bin-K27,BIK27,ede4d5bd-c669-4668-b0c0-42d8f4fa02a0
6284c320-de71-4527-b72b-d174d1e4d541,Shelf-E92,SHE92,09890d7a-a901-4164-8c13-4b5e27147134
16547f76-f525-4833-bf99-558aee093aa1,Section-H74,SEH74,839ac917-6f35-48a6-b5d8-7381b4a22184
a2a0333e-cd5f-414e-8d20-ddbe8d3b1542,Rack-W16,RAW16,13cdf341-030b-4790-8458-6e61e7a7edfc
6e8517f6-2b68-41f1-8987-1a617aed4153,Unit-P12,UNP12,a4551e92-a730-4750-a461-70560f7c58fb
963ad754-2133-48ac-8dfb-724b808af96a,Aisle-R29,AIR29,0747c137-4ea4-4b62-8396-8bfdffabdcb8
44c7e683-9bbc-40fb-ac65-a957ce49fa15,Zone-N71,ZON71,f5aab54f-deb0-4af1-918f-7a5d6ae9be1b
79af1e5d-1d61-4734-bafa-bdf477b51bc5,Zone-R10,ZOR10,2215950f-3a6f-4c13-a2e7-51a607e9db75
4674a69b-401e-4334-b4eb-925c6cb1ea62,Unit-V03,UNV03,448a04d9-1d0a-4f25-88c4-9283a984ad1e
589e21fb-c090-4ba3-b390-34db8f9fe738,Zone-G27,ZOG27,e3c7bb92-a474-4542-a102-1fe3434db467
f61365be-84f1-4370-bdc2-d383b44fd9cc,Bay-Z26,BAZ26,af96b0a7-06e6-4234-a72c-6892bf25ae5e
1c98ecf2-9320-4a36-b571-d40e4c67e2f9,Block-O03,BLO03,f07c36d1-5773-4422-baa9-48fc71c8d1d6
d989a748-5fb6-4c0f-a588-41997786cf4a,Row-P22,ROP22,ac96526b-992e-4491-92f3-dc599b772860
934aaa3b-8620-4de5-8aa6-b4ff2f9b0d46,Row-C41,ROC41,a15575f7-fe9c-47ac-8c7b-32c3203cc5c6
81888fe1-df49-4caf-804a-66880cecfef1,Zone-T56,ZOT56,41261204-f2cb-43bf-ba3a-1d7976665bcf
f4658670-f362-4d14-9e0b-628d0db2ac7f,Row-W75,ROW75,917976b2-c572-4581-b033-c42c48fe8295
73aa865a-66ae-4772-a3af-6a7427176504,Zone-P44,ZOP44,bfccd3d2-b3ae-4e02-9f61-f4cd0ddc9b26
c4b81bdb-22b7-484f-bc9b-42054a227289,Zone-T73,ZOT73,f039d944-707d-4f1d-aca1-fa0d93ee294b
e4449fd0-d6ef-4fa0-8f14-6b5cb740c280,Zone-A44,ZOA44,83094202-ad40-4cad-9cd1-05b771985b83
e6ccee7a-f799-4f59-aad6-0a6725ab9db5,Section-W81,SEW81,a47348bf-fee9-4df2-9301-38473a758232
ad4b2c21-d587-45dc-885d-c162fbf074f7,Aisle-S91,AIS91,790fd6a7-a0f3-46b3-a96b-b2c2cfe08d99
080c72d2-959a-47e8-ad35-03858b783881,Row-D39,ROD39,68801708-8444-41df-8c74-24f40ee8626b
1ead912a-16a3-4610-af60-74c6d6883ca5,Zone-J10,ZOJ10,25c673f7-6531-4756-937d-2f7b74928637
333d5d2d-31ea-42ba-89ce-c5d6022ee093,Section-T45,SET45,751d0101-ab75-4500-97cf-d80e414b91c8
7d13bcae-83c8-4144-89e2-d115c34ab4ac,Zone-E95,ZOE95,7fb333f6-9573-4cc8-a3a4-479f943722d7
2ed73dec-71f1-473c-9f51-befaae0e9e2f,Aisle-Z08,AIZ08,91a9156a-cacb-401a-a9ba-0335adc281a1
7636e70d-5115-4ddf-9709-b4712172182a,Unit-U65,UNU65,36c10538-9a0e-4282-ba02-b8ce2a27eda3
b569c457-67bf-4ec6-9887-73dc1b188142,Shelf-M84,SHM84,2c96b110-1c63-46b7-a651-e4f67fdd48a8
2eb9df2c-2ad8-4512-9af0-4f9494d556ab,Shelf-C79,SHC79,d9126c16-7ab0-4585-940d-19e505fa95a5
afd16934-f92d-4574-bc86-ddd078a47541,Shelf-J48,SHJ48,b46c0972-05d2-4c04-a0f3-9908b7236918
e9e73738-6c1e-46aa-82fc-b038ee95b054,Bay-W38,BAW38,a6592d1d-2777-4fe1-aa28-97fb9a2d693c
799d8838-3fa7-4df8-85dc-e72e6e66ac8e,Aisle-B27,AIB27,cc2bf45b-d425-4bfa-a6e2-1b8b1dd94bf6
83c2429f-2403-41ec-97ab-e79e8c527f5e,Aisle-P81,AIP81,e09f07f1-795d-4648-8710-8e0d5d512d4d
22b6d543-d735-42b1-abc7-04cce4436436,Bin-I60,BII60,7779df5a-a3a4-40a6-9006-e079e68ddd5c
acf5ea8f-7907-4a40-ac86-50b8e6a0c13e,Rack-Q94,RAQ94,cd4623d8-55b6-4c55-b25e-028b8e7486df
0b226bb8-bb76-4f0b-a5e5-b09988cbf232,Aisle-J08,AIJ08,79726579-7ece-431d-b2d1-a7fbc041bbcc
c4c5d0a1-1b7f-47ba-9be6-0bda26e07ff3,Zone-V31,ZOV31,545eab09-6d5c-4f7f-be0f-71d858d82b49
9d451191-f8cb-4c6f-a7c7-9b9702654422,Shelf-Z22,SHZ22,4208e41a-0f76-43e6-93e2-7c2183e37702
def5da4c-4309-4c10-904a-0292372960c3,Bay-A95,BAA95,a7bc1952-d44d-46b5-a98e-de545c769cd0
e0bfb70a-f9d8-4c45-820b-a9509ead80b8,Bin-G99,BIG99,8077fc43-4573-41e6-850e-96aa4eac55a6
4ce6dd4a-a2e7-44f6-9cdd-cfc5ccd07cbc,Section-J83,SEJ83,44e87450-159c-4f46-b831-d49a410db80d
cbb0cbec-b9af-4487-9410-a9e35216cc0b,Bin-I12,BII12,1aee3f7d-e866-4c29-b1de-f053e9fb053f
1096f7f7-873a-413b-833a-ae1822cc09e6,Shelf-R05,SHR05,5da980d9-c9f8-45cd-b5c2-d614202c6dca
be8e4c3c-0be4-42e9-98d6-912189f30bdd,Aisle-L62,AIL62,52f05d7a-f283-4f37-97df-d2fe5a2e96fb
40b9dd4a-fe3e-4a22-b764-820f9f24920e,Zone-S73,ZOS73,3030eef2-d182-411f-be04-f04a4fd1d01b
bab97a74-61f2-4279-963a-d7908ecf212e,Rack-J62,RAJ62,8f9a051f-bc72-4ae5-ae6c-c6052be46455
0fb2f1ca-4cb2-4e55-80e4-a39ede7735ed,Bay-C18,BAC18,982f7902-2ad4-47cb-8ce9-58c838b58f46
d0a26cf8-ca8f-4484-94e9-cf68cc26c45f,Aisle-K39,AIK39,4919890f-4afe-475a-8879-57e7514f2154
af30c2bf-1e42-4ed9-9f96-daed97349dcd,Rack-C71,RAC71,dc1d7b63-904d-456a-acab-dee9afe666af
9675cc11-92ef-4c8a-8d5c-c967fe800988,Shelf-Z15,SHZ15,03255b64-ba60-4197-b7b6-564f3582e527
86e7dfb4-19e6-4730-af8b-6b94386360ef,Bay-X94,BAX94,5acc9f15-ce30-41b6-97dd-a5bdcf3e07e0
d70bf2b8-7f5c-46bd-a648-05fb067e64a9,Bay-Z65,BAZ65,a8c93f13-829c-4ec2-ac22-51adb6bd3a83
4a62a624-2d6c-4e2d-8a22-35ad39cb4465,Row-C26,ROC26,b38abeee-e846-4018-b13e-3e7aa9ceccd6
dd0cad48-dab9-44b3-8bde-c87bb2f90941,Bin-Y88,BIY88,447375a8-5dd4-4fe9-97c0-b4a949e87c41
8ffd984e-cf3e-4349-924a-8a08a577c9de,Aisle-O55,AIO55,1c586f09-3152-4e89-acf6-86ef23061834
2cea4d1f-545a-47bd-a78c-048013a1bb8a,Block-C24,BLC24,3ecf906b-c63e-4f21-9286-7047d50d0ab4
eaf6e3a0-c754-4c37-b617-cd4908b23221,Section-J17,SEJ17,ea785758-e005-41ab-8e79-c18fbefbc8f2
715472e9-5c21-489e-bfdd-4e52d139c10d,Shelf-E04,SHE04,36ba50a4-229d-4c4c-bdc3-e73744809f9f
c51707c1-5ce3-4685-90ea-4ecf5244bb6d,Bin-C90,BIC90,4dd94759-53cc-4e3a-83b0-a8ccf7603645
f10d87b6-cc1d-4b01-a2e6-2f49ecf6ade4,Unit-C29,UNC29,7a4d6700-32df-410a-bf19-775014c6094b
0eefe8da-5360-4d98-a169-a3b380ba7b55,Shelf-J76,SHJ76,016ed0e3-f454-4275-91dc-5efb766a8485
593cf5ae-86c4-497c-a7d2-84a808e64eb2,Unit-B21,UNB21,e3a96e58-87eb-4f63-bc96-3d78b41b18d0
c65e9783-0709-4f31-b7d4-ad2f0a41f333,Bin-B72,BIB72,d5807161-e15d-43f6-8088-6a53ab31a361
1a4cab03-0ba7-4490-85d0-021173653948,Unit-W09,UNW09,8eb11e76-432b-425e-9a97-e4332e356211
85c46ce9-5105-4f88-af56-6f0afdd812a1,Block-V53,BLV53,af9b83ec-755b-4153-b3d6-06c07e14131b
9a938890-af73-44fc-ad6a-f52550cff5be,Zone-F25,ZOF25,d59c357d-62a4-47f6-a933-d379bca96d3e
cc793fd3-1a78-4d17-8212-592407937db1,Bin-D87,BID87,e3c7bb92-a474-4542-a102-1fe3434db467
191707ff-bf9c-4a66-b488-8111147bf18f,Bin-B66,BIB66,e7c6ff43-d676-4651-b93b-3dcffc8b31b8
175d4983-2335-47f6-9a8e-23ded1478417,Shelf-V28,SHV28,92c04150-bd4b-4e40-a69f-98d793289e1f
a97005ea-82ce-4513-90c0-260bc453865f,Zone-M72,ZOM72,50d34ede-001b-4a82-804f-03bd2d3eac8e
0612f653-d444-43ef-8d3a-228625930bbd,Shelf-O20,SHO20,0470454a-4785-432a-8992-5de32f42fd23
8c3c7bda-ef7c-4eda-a596-ae11f2a8ec33,Block-U52,BLU52,52167274-c3f4-4d09-a7c3-c907f7e5aaef
972e7445-31c8-47f6-802c-f3254f4f6355,Rack-J92,RAJ92,f6b3e0f0-5d88-473f-acd5-4a36a224c075
fa51f812-6a53-4dc9-ace6-e80c3f3bee58,Row-C02,ROC02,0e8498fe-f0f2-41dd-aeaa-30076e9602e1
efd2f90c-eca2-4474-8c0f-5e33a88a47f3,Unit-S12,UNS12,e821be63-a748-469b-aba4-b914b6103ad8
b7e6c610-1d07-4fd0-9beb-edb66a1cf055,Unit-Z98,UNZ98,2f31adad-c681-4d69-b5f3-272a07d75fe4
02457ff6-87a4-4c6f-8552-5344d0477313,Bay-B42,BAB42,98e2bf0b-5042-41ad-bdbf-eec46534529f
d40dc220-12c3-4ec5-ae85-e07347a5f312,Shelf-H93,SHH93,a3957bf5-ff7d-4470-acbc-2e2b0874325d
aa9a7b4f-c2b8-49b9-a636-47773e8ed3e4,Aisle-A98,AIA98,a12a54e9-19b0-4156-a972-9876b9525d92
33fc5b43-be5a-4cf2-9659-bc645c7f6648,Bay-Z34,BAZ34,ed7a99d6-6d96-41e2-b2c1-89958d315f7c
cae6e7f6-f923-4101-be91-7d011419dd8d,Zone-N04,ZON04,3e55b9f8-96d5-4321-923c-7443ad90288e
a2ec37a9-ba16-41b5-bef2-08e43b3b82f2,Shelf-I67,SHI67,fae830c4-ab10-4253-b7f7-14e5eae9f591
0942ad46-b8c7-4c38-ae6b-1dfca4ee6d89,Block-L08,BLL08,efc57e51-5707-450d-a2bc-4c78e54f91f0
2022439a-4b25-482f-b40f-8065984b79f8,Row-L97,ROL97,48508589-a1f6-4f5c-a01d-9a8b27f5540c
4b7f11e1-881d-4b00-bb4f-35c429fb0469,Zone-W84,ZOW84,a5e64d34-0322-4d80-a673-69548b73906e
8beb0dec-fc3b-401c-a10e-140f48b24450,Aisle-H10,AIH10,0eb14cff-4553-4de7-aca2-a86a514dbe7c
a1dd8119-3430-4a83-80ac-8f6b4d934a3e,Section-D51,SED51,ff49a368-16da-4b58-ae80-a4710dc79644
a11fee37-666a-4647-8da8-2db2e8712847,Section-V64,SEV64,0395a624-a5a3-40be-891c-a005c02efc83
35b674fc-aaa6-4b99-b40c-99c2888c5223,Shelf-C84,SHC84,dd4a1769-0ad3-4dd2-88da-89c184fcefd1
1c8f2606-3de0-4ae5-be15-7bacb472a400,Zone-Y89,ZOY89,8e364744-70fd-49c5-aac6-32af9226b230
56749b05-bf11-461c-829c-467838854a2b,Rack-G98,RAG98,d53d5d11-d313-4df1-acb5-c398443a7298
a5a896d7-d293-48ef-9ec1-d6287d409fdd,Bin-M99,BIM99,b6857180-c333-49e4-87d0-2115b90411fe
6e287ee2-8d4d-442a-9f18-f93a81a97aad,Rack-N52,RAN52,e64d8998-d4b3-44a9-9367-fefb71690466
1d1b7db5-96e5-4e8c-8e46-f57b6f7d5d36,Rack-A45,RAA45,a420e12e-cd01-477e-ba9b-13163b85c8d4
9b0018dd-141a-4ce0-9b05-129d6f771073,Bin-I52,BII52,38684329-f747-4737-bd21-ddf88f1ebe1d
68bc263f-80b1-4d8a-bfd0-8216c64f3cd5,Block-M88,BLM88,78b80c22-c9c1-4bc6-b44d-e13f70679fd6
ef1982bb-99f2-4f37-b682-e7f07b984fff,Section-W18,SEW18,5ad80188-dccb-4733-82b7-fa189bb126e7
84f3aa04-ff47-41b4-b8ed-0348a50cc01d,Section-W60,SEW60,1aea988e-1d73-4905-931d-a0f7a2d0a5f9
dfc165ae-d7e8-452f-aaa9-8bd76db3be39,Rack-P14,RAP14,243c1979-be91-4948-94ea-316595471e91
32653c3c-b124-4059-ab4a-8ffdc26193cd,Unit-A04,UNA04,39ec060d-338d-4e14-a31b-b76833c0e2ff
10c05a8f-73c9-4dbc-80e4-5b3ae4c172d0,Row-C36,ROC36,9cd19690-bfdc-412c-b6c6-5be160fc58e4
9fa32604-28e7-4527-b8f6-552abf9fd265,Unit-N26,UNN26,a07fb34e-00cb-4e6d-9300-40f87b06adb6
10e4defb-e11d-42aa-b903-bfdc6b76c7c1,Aisle-G39,AIG39,554ed63a-760d-4591-8fb3-6e242c3e3be6
5c43adbd-dcc3-4ecf-b780-657edfa7f2c9,Rack-Z97,RAZ97,7a38188c-0967-4446-af15-c0ee5426f397
3f316927-664b-40df-973a-ceeea8edebf3,Zone-R63,ZOR63,ec6e3614-3fc0-4068-8107-ea7d719107aa
f1d8487e-fc26-4641-b82f-78379ad13c0e,Bay-W70,BAW70,8e4067d0-5a9e-4d09-821e-9300693b7d7e
33d5e1d7-0a2b-41ed-9ab3-895a6ce43f12,Unit-G80,UNG80,23e73aac-af8f-4f91-b4ea-a0c8542ec8c9
cbfd6ef7-25c4-486d-9c4f-2bb4a977bf26,Section-O43,SEO43,62a62716-958b-4259-ad1a-dc1a553f0bbb
bae23b69-839c-4dce-a785-db18366bb43d,Rack-S64,RAS64,6d02d9a4-ff07-46b7-9429-4ce811efc1f6
b9e94e9e-c25c-4390-b84c-6962a8e458e6,Aisle-Q42,AIQ42,099bd60a-cab5-4725-a53a-7ff4aa238c1b
59190d3a-eade-4fbc-8e9b-c80ec45491f8,Aisle-V48,AIV48,786fd68c-e522-4957-85b9-302bb246e633
a80ecd63-a37e-4c1c-b462-2c4730f2b1ab,Zone-X36,ZOX36,d23da4dc-8eb6-4cd5-ac61-cc13847d25c1
fb295e8e-a105-4bc9-b76f-2de78f2dc3ee,Zone-D28,ZOD28,fee566be-a21a-4577-a1f6-cceffb666678
ae5a69a0-3abb-488c-938e-76e613b7f057,Bin-N04,BIN04,5c177fed-bd41-4639-b93b-f35301d937d5
000e75de-791c-43f9-8826-ba277e204bc5,Bay-Q22,BAQ22,39a4d5ef-4c8a-4bd1-a06b-7585741acb46
bb9e392c-a42c-4dee-bfd7-a622f4a2b4c7,Block-P70,BLP70,38038205-4a79-494e-b8e2-cf7c9fcc0cf5
9265f13e-0d71-4c42-baa9-8071521ca039,Section-R91,SER91,13dc45b6-ad65-4939-bd66-905b2bbb87d1
02e268fe-2d40-4066-b662-fe60ab750267,Section-M73,SEM73,f6b3e0f0-5d88-473f-acd5-4a36a224c075
7c0b68f1-0f51-4461-8aa5-23a83a224bac,Aisle-H69,AIH69,c342b9f8-9a58-4fd2-a1e7-fe3820a85a47
6f6a19e5-c26f-4751-baec-cbac66d5aebe,Rack-I89,RAI89,a04ff8ee-1856-469b-9d4e-c14ae26b915e
a04b5bae-6702-4dbb-b3a5-01a1bb148a34,Block-I57,BLI57,7ad05f46-d868-4fd7-9b1f-c0701db4b7cb
0f11a380-e6c3-400a-a0f3-4041eb8a0d05,Unit-J53,UNJ53,fcaac336-3474-4652-b48a-a88917288143
4d82479d-f912-4f84-b61b-48aad1427fc8,Bay-Q56,BAQ56,230da48c-365a-4344-9c69-acbf384c747d
8168c54e-19a4-4be5-a11b-40456a780b11,Bay-D51,BAD51,c7ed42d3-a66d-4e70-b0e5-a9dbe3178885
6f33645b-1902-4dcb-af28-f6627e498f3a,Row-Y12,ROY12,a2106fca-9bfd-4d23-b804-553a0cb3549b
463d703b-02e5-48f0-9cdf-4db91d6f647f,Rack-M30,RAM30,a5f33690-8d3f-4e91-9b3a-fee139516bdd
8250231f-c2c1-49de-b281-881273ed81b8,Row-K45,ROK45,d7e2cb1c-fb0b-450f-804c-81af96970913
032d2372-29d1-4f04-a010-cec1c96b2463,Bin-O62,BIO62,88e1580a-e4dc-4f1f-9ff5-7576822d7e32
b430519f-63c5-45ea-887b-5251c3f80c0f,Rack-D34,RAD34,ee0a9513-51f5-49f2-8f92-6860f106541a
0d3f2590-ba0d-4cc0-a5b0-2491e3f10a90,Unit-J01,UNJ01,9e777cf8-0033-426e-bda5-3296c8ab47de
4e71a3c9-ec22-4e89-99c7-54a4137a4c4c,Shelf-D96,SHD96,08d65e3b-bff3-4a93-8f4f-04b88b36bd5b
66f68bef-f411-48d4-ae9f-0c78963accd9,Bay-Z11,BAZ11,5bfd42d9-3bb2-4403-ab13-94d5bbf8e35b
6e582ca9-ad95-4afe-b6f8-57187659bd8e,Row-F70,ROF70,128583ca-8d81-4dbc-afc8-ccfb599ec380
9a376234-c607-4eed-974f-e19915c79e11,Bay-W28,BAW28,a946e1a6-8c71-4c12-bd53-33faef4ae0f4
b6667fc4-c30f-4402-ba36-715a5e1cd5a3,Shelf-C54,SHC54,86b83e2c-c590-4066-8e6d-58abd7023bf0
bdb9215e-c240-49ab-8d4b-8716cc77f134,Block-D14,BLD14,1615693b-926c-4fb0-9192-41c22764fd5d
6b77ba93-8959-4b71-a711-7fdfe197a280,Block-A26,BLA26,33f01e07-74a4-4d87-b2e0-09cd8db6c558
a7c7ea00-896e-4b3e-a368-288f38e930ef,Shelf-C67,SHC67,4f1dbd55-47ec-4aa3-8e59-150e89fbee3d
a029acff-4813-431f-b8da-9285766b8eaa,Aisle-M96,AIM96,cb9c0399-efa4-4d3b-98f8-578174e83237
473faae5-04ab-4bdf-9724-e3248c85edc6,Zone-K44,ZOK44,07d7e39c-bcc6-4205-a285-a3cd0fed8d5a
869f814a-76e1-4705-a8be-5711b96efebd,Block-L34,BLL34,d0cf5291-435b-4987-a7ec-4ef36314a6e3
7437211e-c342-4242-85f1-680d92b02a3f,Block-Q32,BLQ32,23337cb4-5c36-41d7-8c41-1c069d322eb6
7a9ff49c-8d4d-4041-b7e3-3e52b211d641,Unit-Y33,UNY33,3ed33e67-d825-4d9a-9f21-7210e5032a50
5f8a1d0c-161a-4264-9128-1d23abd89c14,Row-O12,ROO12,4f6b79d9-1509-4689-984f-dc0986a8a270
2314b4ce-caf4-4c82-a909-8191918e620f,Rack-G38,RAG38,29b0c618-a00e-4ede-af79-e82a3dc23001
89e8c0b6-b865-473f-b41c-a9a5735324d1,Zone-I44,ZOI44,b6901c32-11ad-495b-bd56-37534b492295
5d1c7bec-3460-4809-9f69-22409d925e31,Zone-V53,ZOV53,fd98eaa9-39cc-4573-ad00-3877ff8bf20e
c9c0f847-2fbb-4c42-a205-cb08786d50be,Rack-A30,RAA30,cfc15f55-7b27-453a-a716-ddd3cca49f8b
2e23c6c6-9832-40de-b982-5776007557f6,Shelf-C77,SHC77,3f324153-1f40-43c9-9d58-8e7dc6ab21c9
dd56d2d8-1f38-4690-885b-cddcb94cc0c7,Aisle-E64,AIE64,44cd84b6-7c4e-43db-b705-47389f6ecc8e
8f70db21-d3ff-4810-ae63-3a85d266015b,Section-Q49,SEQ49,f5223ae8-86c8-4a9a-8fe6-31ded87784d7
7f66f38f-6e3a-42b9-9513-0c53726e55fc,Row-I88,ROI88,abf9ebd8-dcaa-491e-afe8-9864ec7776a2
5cc1f605-a920-49e9-83f9-faad3d485740,Shelf-U94,SHU94,9bf7d599-617c-4a43-8970-ea78e6fca9ba
bc64a869-7ec8-494e-9d3b-eb88aaba55e6,Section-M68,SEM68,4fba620c-3351-4e32-b0b2-613873a04526
832b4517-b3ef-4883-867b-ea5e34c4d76a,Unit-L85,UNL85,fc95a4b8-406e-4eb2-b9f7-f34a1b626193
dd3beb0a-cc1d-4d6b-bcdb-293255e53ba9,Bin-K87,BIK87,5a78457c-aae7-498b-b5e5-6cb1703eba39
ab107327-266a-47d6-b2fc-03b65971fcf5,Rack-Z75,RAZ75,b3a6c309-e038-4984-a82d-d24b0ce20ddd
cb6ede20-67af-4c0a-b8c6-47d3799813aa,Bay-A92,BAA92,13597d1b-86c3-4d1f-950b-e60110a6e629
3d7e03d2-d863-4b40-8c35-fc62262e5974,Bin-C53,BIC53,5ad80188-dccb-4733-82b7-fa189bb126e7
fad6fed1-0017-4d80-99d8-95e9fceb2d03,Rack-R15,RAR15,34706b83-f7ce-4d56-a326-efdf6d712d53
13e1d6cd-f12c-4f05-8b25-32899924c150,Section-N89,SEN89,29a1f0a5-e652-4f3e-93d2-220cc9a8a422
dab6c5a6-0c89-4a3c-9cb9-f0d6e1536657,Rack-H36,RAH36,f5c3c89a-df64-48ff-85de-52e4a4ece6d9
1087e76c-a6b6-467a-924a-59141cba1cdb,Bay-R35,BAR35,906c6616-d034-462c-927e-51fc2b7476ab
2dc0426b-c79b-41d1-b861-58bfab5227e5,Row-O05,ROO05,7262a374-fc11-4cb9-9743-f1f828793d11
2b1b0638-67cb-4d8f-9440-7dcadfa6d70d,Block-F63,BLF63,e7a92a8c-711f-4c5d-87a9-e1a2588d64a3
ddefffbf-827e-4026-94d2-0a29a24029b9,Zone-W85,ZOW85,7aec58df-59c1-4787-a1ea-83268106a3de
7a5cbc8b-3b18-4e96-affa-49e6c5a1097f,Zone-W16,ZOW16,8a19c3e9-1bed-4f63-8c45-90bd15e21442
ea7397b9-b0ea-478d-8ea6-3f9e7bc09b97,Aisle-T46,AIT46,0110242c-f553-42d5-89dd-c8b27b8bfaef
ea2364ca-7e41-4521-8e5f-2d160f5aa3a2,Bay-T96,BAT96,ae020098-bbd3-4fd3-aa76-7764e3c063e1
1969ad25-7f59-4d09-9b65-01d7d6625739,Block-S43,BLS43,e7416477-bb04-44ef-b5ea-63b9fd59c98e
0b424d84-a826-4edf-a397-6529860da5fd,Aisle-C95,AIC95,cb1ad254-5bf8-4deb-a43d-af55237ff0bc
4c98247d-0a36-4dd9-be5c-55b91fba9dc4,Zone-N17,ZON17,af84a699-5188-47ef-b42a-aaf8e54b9f77
632440f1-1d65-4ab5-935c-4ac4e786fdb8,Zone-F65,ZOF65,d3315f94-23ce-47d4-8ab4-37da666e3a3c
7d0e790f-e680-48dd-b83a-f1dbc2128eef,Rack-D54,RAD54,9d33478b-5a06-4ded-b795-406c07d432ce
a38ceb09-b0db-4366-a326-0dcf60f63d68,Row-G35,ROG35,93410e8a-eb05-4ca9-8078-656a306b9b40
82991e6c-6696-4dd3-89ad-56188296b5c8,Row-S85,ROS85,70db7ff8-9e7f-4bc2-9786-afa94265d14d
ea6bc833-d6d4-4a5e-8470-1e0e00008150,Zone-S24,ZOS24,288072f6-9f72-49a4-84d6-d968bec5284c
2440c0cb-6b76-4640-99e6-3126834e72f6,Zone-V16,ZOV16,186e39f5-0940-4f4b-b38e-927968193994
77ba12b5-d316-4c04-b618-bb947a8fadba,Section-R30,SER30,43f57a2e-6a4b-4b9d-b642-ca0a24419826
b9a8790b-cbb0-4c82-adf5-27113200282e,Block-I94,BLI94,387e1b62-c506-44ae-ac93-c162c63483ec
9b371359-adf9-403f-a755-f1927162f58d,Bin-P92,BIP92,c94fb179-4037-4cad-b512-2598ce8a192e
021a4a43-a68c-4e48-9f00-a1fc32936369,Rack-B12,RAB12,bd532d2f-fa45-4f21-9626-abd091cab315
83b5e5fe-cff5-4d3a-bb66-406fb69cc16a,Rack-O72,RAO72,4fba620c-3351-4e32-b0b2-613873a04526
aa59accf-3b4e-4df5-a31d-386c82c030f5,Aisle-V92,AIV92,bb8c50aa-4e56-4e70-bc8b-1ff4ff4caa55
ba627892-5742-4fa8-b857-4f7ca4adba23,Zone-O52,ZOO52,5c9606f6-466a-4849-aed4-06c4a302df3d
531fcbe3-d382-4821-a98c-db5c22e3624a,Section-B35,SEB35,641bca9c-4640-40bf-9a6a-c9288d1df447
5d4c2dc3-2491-4c4d-aec3-3af7cf3c9913,Bay-R37,BAR37,049c67e1-23b6-447f-9fa1-ea72c3ed4661
435048fa-33c6-4bb4-86d5-194220736d0e,Bay-F81,BAF81,ca99cec6-e062-4adf-984f-9ebbbc077d0f
c96bd02d-25bc-42bc-9b5f-92168a9ca648,Zone-W45,ZOW45,527b68d4-83c7-4b67-a9a8-ccab9d2f63cd
5ed9b004-4f29-47a2-9f04-8d5b69974c20,Unit-G82,UNG82,0c0bd2aa-8674-4e08-b72d-08f48afa8349
10f0c1a2-b81a-433d-8233-7fdc72a59f7c,Row-F87,ROF87,5f878fe6-73f4-4e9d-8ef0-962146aa0ac2
f03ab6a2-fe5f-4d7e-8fab-7499e7da228b,Row-W46,ROW46,20274512-8616-4069-8b15-ef65ce179a03
3eaeaa18-5d19-491b-8783-dd47d163462b,Row-S72,ROS72,a891f5e4-4b6b-4d91-bbe8-15a91175d48f
1630ed2e-9d36-46f5-9a10-004d0376cbf9,Section-B18,SEB18,eed5ee2f-f5f3-4a0c-88a7-b0ebaeb4bd59
e9016777-8b38-4652-a980-35d5819bbccd,Zone-M36,ZOM36,c837e1c2-8299-4490-aa6f-a5ee18129dd4
c44e7881-4129-4c4a-818b-1867a98f79c5,Row-D11,ROD11,ab5c2ff1-dac5-4b61-ac69-931da06730b5
8e73d6fb-85a0-4ff5-b2bc-a288a5a9f8f9,Unit-R17,UNR17,99863c48-6052-463f-8b66-815cef525d59
b207a3ea-cace-4926-afcf-b519174be2bb,Unit-O05,UNO05,98e23da6-84b9-4d42-b74a-d947cb0f5042
a8135514-3ff4-4590-bc43-3d15685d3de7,Bin-I10,BII10,3c5917b8-faba-44c3-aa5f-eb12c328973b
5b4cb7a3-4e13-4249-bfac-f3bdaca80654,Row-X74,ROX74,f02d19c4-59ab-43d9-9fff-f2eee16f6a4e
f5feb8b6-b199-4507-be72-4dc60d141626,Shelf-N16,SHN16,6df1b078-4fcc-4b01-b05b-a81bca5fd6c3
abaf3250-e7c0-4a8e-a871-2c083c891648,Bay-M33,BAM33,7ffc9e2a-6838-415a-90bb-ad1fbe4d1f08
67eef323-87ca-4d18-8e13-3fe940710ce7,Block-W84,BLW84,a667c1b1-89db-4970-9918-c87b181e1467
1732f0ae-8871-4cb2-bc6d-772fb501a65c,Shelf-S65,SHS65,71eafd7c-64c7-443d-9705-2622473baf03
fe797257-c279-4d08-a3ad-b98ed471956b,Rack-Y74,RAY74,5ec1ba09-297f-45e9-a6df-66593228fd92
981287ac-2197-4dde-84b0-38f2b707eb6a,Zone-Z39,ZOZ39,3e3e8744-f001-4994-8533-745b5721689d
b04d732e-cf64-448b-bae2-1f7769e21a68,Bay-P28,BAP28,5340a948-55a8-4f3f-a73b-a9fcb092be36
79d8a74e-cf0e-418e-aecf-647efb46bc2e,Unit-U98,UNU98,62b57dd0-f539-4dd2-8046-9b29da7e521a
69638249-c88f-49e5-a46e-e96c77a6fee1,Aisle-H64,AIH64,253cc04c-f49f-42ce-8a96-12e23e96f555
886d9e7c-4e7b-4d41-b4b1-2dbd5bb2cfb0,Bay-R87,BAR87,0e1b6a65-1833-4f14-8cbe-7e411ec90624
62d08164-63f6-4f4a-80df-4cb87d3dde3e,Row-A08,ROA08,6acbcb5f-7dee-4400-b948-1e264696bc05
dac0d1b3-35e3-4ce2-8769-4309df7c4a8b,Unit-R16,UNR16,da6c0ed0-dcf2-46f4-b004-50529975d492
b6a1963a-5ea8-4db9-8752-21ac0b474ee8,Zone-H23,ZOH23,c217e3bc-7b27-40da-a82c-a9c5df86ad27
41ff8d85-8f53-4cfb-bc01-c853be18162a,Shelf-F12,SHF12,baf4a12c-ce1a-4bc8-b425-51614b75cdf9
5020279c-325c-4635-a61f-f41b70cfc613,Rack-R21,RAR21,6e7f7d68-2e55-4f70-84c1-56c2582dbfdf
e82eea09-76d9-4a95-a6fe-e2bd323d2d14,Block-P74,BLP74,efe1d757-b026-4db4-a5c9-a082ae9e43d6
8cf2fc67-94d8-48bc-bafa-c9b766415880,Rack-T53,RAT53,c3857d76-f82e-4ec9-bcd5-3a800cbde92e
ab3501f9-9d53-41c5-8e82-881d6821c932,Block-X03,BLX03,71cfe7cf-16a7-464b-8579-aba910c4f1d4
98b3dbf2-57b2-4241-9a28-7a8bc6061314,Unit-N47,UNN47,e8652852-bd6a-471b-991f-3b5e4a033369
18c1205e-bed8-4bc7-9137-6f999b07dd31,Unit-G74,UNG74,0a4208f9-f18d-4d19-838b-50528098593e
f50bcd56-7226-43e0-91b6-1ff24683f81c,Row-C53,ROC53,f21043e9-762c-4e46-bbf0-9dffad0d4c18
94728f2e-15b8-4ea5-bb71-30766150f700,Block-Y86,BLY86,3bf31aa1-e9e9-495b-bd3a-c39bbe0708b7
1ae6ea69-c6c9-4464-9178-23827d394825,Aisle-D99,AID99,eab9c206-b8fc-4bbb-9633-9c41b306d0d8
04de8e97-883a-4f1d-bf26-005f277e5de4,Rack-G88,RAG88,5a574c1d-12ff-43bf-ad26-48ef43e0632b
3381124e-32d3-4e41-b06f-ec3dc7c56622,Rack-Y96,RAY96,e390d995-b546-492a-a437-435e62fe2a5b
99ce4390-0398-4ab5-91a8-fbaf795276bf,Rack-O06,RAO06,e28f6709-5a54-4fd8-9377-c7f2d9edfb76
683f3f2f-00f0-4d98-9bf5-ee1755a36fd6,Row-Q08,ROQ08,174aaffe-e2cb-46ab-b73c-b51ea0012f07
e04ff0f0-b73b-4306-a9f0-1046732483a5,Unit-Y94,UNY94,d9666a0b-7ab8-4a7f-8641-a700eb56273f
2ed07184-ea62-4dff-b187-ee19f6b7649e,Block-Y75,BLY75,9b68bc1d-553d-42b2-99bc-49bbd76d673b
057c4d77-849f-43c0-b8f9-9b4e81d85c40,Aisle-B64,AIB64,7e571be3-8760-4b1e-bac3-bfd1d970aafb
8144aa5d-d125-4e8a-9f51-d180a997efa1,Bin-Q31,BIQ31,251e6d7e-01a4-4ea8-a2ec-ddfc2e7f2b08
baece1dd-402b-4aa8-8370-9fb6d6b87fb3,Unit-I77,UNI77,c9dd3d61-b7ea-4276-ac2c-3694b96a8b70
157ddccd-bfc6-4678-a8f3-cb6b3475328b,Block-P93,BLP93,cadd4857-ee77-485d-a719-fda125b07a55
c12f37cb-597a-4dca-94ee-5df5ca40cbd6,Unit-O53,UNO53,0cc9de4d-94fd-49f0-a8f4-ed2b7e10230e
dae07177-238b-437e-9c6b-82633ceee2c0,Bin-N45,BIN45,2593b6be-d4a4-4927-a41f-8ee022d0b5e3
42524784-c9fb-43d8-bd93-9f56f99d985e,Row-Z37,ROZ37,243c1979-be91-4948-94ea-316595471e91
9b496431-ed7a-4b2c-ab84-d271d1193480,Zone-M41,ZOM41,df1e70d1-4b72-4590-bf25-e5fdfb65ecd8
dc490c46-40e4-4795-9b7f-abdb6bfc7219,Aisle-N61,AIN61,e9617660-cb39-4ac7-a982-0a6dadf42b42
e7893290-7a22-4e37-bcb1-467b192c2c8b,Zone-V36,ZOV36,c07969f6-e43b-4fa8-8776-25084afa2b83
04365a68-d96a-441f-8ff9-eac129c2005d,Bin-Q21,BIQ21,c829e2d9-1603-4d0e-9220-e03e1a3390af
f2146dc7-bd6e-4323-900c-4462742b1d3d,Shelf-O76,SHO76,8eadf66c-e1f1-47d6-a537-9af9544dce95
17969e98-0368-496c-b81a-95c18b8b97f8,Row-P74,ROP74,535a002f-8f5d-4dc4-9893-fdf5f08fd7c9
46a9788d-36a5-46c7-9baf-8a4867473494,Rack-Z06,RAZ06,174503af-8e82-41df-94df-a841b09dc3d0
1fbdd8df-ab81-4524-af0c-8c11c2b421a9,Bay-K98,BAK98,9fd31b35-c247-4672-8d15-128f96eea6f4
1d61d65e-296e-4467-989d-9f20bfef560e,Aisle-B24,AIB24,09fc2e62-bd1b-4475-9f5d-8bc205e25da6
44fd7c8d-c861-43a8-95f3-5d958f9b26c8,Aisle-M79,AIM79,ef6ffda3-0395-4fe5-aeb3-ec67547491e9
d5d344f3-4529-42ec-a32a-c5c074f69db9,Rack-G17,RAG17,cd20f6a7-6878-4934-8cd2-87144b78d60c
5d816759-37ee-453c-bbea-288008d3acc6,Bay-L22,BAL22,4335a43d-34f1-42d1-9f12-9f5d5717331b
c4d8cb22-cdb4-4b0c-94ec-5ac76c54a068,Row-H31,ROH31,e1a2687d-72a1-4a3a-9960-cde5aea08fa7
446bd0af-d720-453c-a353-1d45e5fb8399,Bin-W98,BIW98,eb71cc46-9ae5-4076-8f02-ed647f90b31f
b25b2f62-da56-44d4-bd14-ea51f8937292,Row-Y34,ROY34,0222ab2c-1ae6-489d-ac5e-6062e123a711
69f0cebf-a5e9-4e76-a6cc-17ef01431a86,Block-H43,BLH43,30891fe2-d769-40fe-aa56-ba95c6c32fed
d3d15def-b633-474c-bd05-9d2bed385064,Block-Q44,BLQ44,7f07da30-7fc1-408f-ab0b-d535e9e8bfc3
4c2ef068-a397-4e6e-825e-65604de70433,Aisle-I60,AII60,bf9705af-f68d-42b7-b06c-0a2dd539f82a
09e25117-b00b-4290-8150-c8912e476221,Row-L16,ROL16,5b060d75-afcd-4d66-900a-3e8b30e9668e
b8a37826-fc5b-4ea3-adbc-1487fa82a61b,Zone-W72,ZOW72,397557bd-dd9f-49f1-88f7-d59cf813360d
efe1f88a-9fba-4ff6-87f8-26e7a9458cf6,Row-Y82,ROY82,0bc02f7d-1841-4052-a414-33dd93455502
ae69c083-62dc-4cea-8ea2-f7b9e22cf8c0,Bin-A08,BIA08,317e76a0-2807-436c-9bef-543c03412fef
629cd058-a376-4fe7-8648-23be038079f9,Section-M93,SEM93,f185c92a-f0e9-472c-bcb1-23365ba300e3
a4867f0e-4e60-47f0-98ad-62e6a28f0b1a,Bin-G25,BIG25,7d520f59-2974-4382-bc32-295f7c5835ec
5b8493f9-4432-405f-b4b7-ada1771d0d22,Row-N30,RON30,9fe0e1c8-2334-4fbe-98aa-c642ba52671b
2e8e0ac4-6e6d-4306-a3c5-203048c168a6,Bay-E20,BAE20,8d59f780-53f6-4c23-bbe8-e30dc727b49c
08fe40df-8c7e-426f-8b2a-0ca168a08a1f,Zone-W52,ZOW52,29f5a1bc-0ef4-4893-aff6-25176f7db9cc
8be02a49-cdf8-46b7-9840-691efbe58fbd,Unit-H60,UNH60,8f128754-b5a4-42c0-9dc7-f4bd190255c9
f9a59dc2-ec1c-49f7-a611-910a6c68f7c4,Section-P87,SEP87,63f4ea89-420c-43f9-8883-6cdbf07f57f9
024131df-f646-4fd2-b456-4e49c6a3aeca,Aisle-K97,AIK97,99adfff9-d611-42e5-bcc0-d1ed8e36e89f
47c485a6-5751-412c-a271-4afc315db78a,Section-D05,SED05,b1923530-dbcd-49f2-a94d-5537645b6882
1da6f8aa-5ed5-4c57-8b1a-d9523006dd64,Section-W61,SEW61,cf80b574-de9f-474f-81fa-7ec9f9de68b8
40320d33-62dc-4015-957d-d0cec44cc3be,Rack-R89,RAR89,456f5485-a640-48c7-bf73-b3cee7bdce6e
6e902473-8b34-4433-ba0e-008e2a94fd33,Bay-E84,BAE84,fe92904b-fcdd-4923-856f-ce2abe953928
c9c210fe-8f36-41b8-9fc9-20a4c0368c0d,Bay-B27,BAB27,febe96ff-d99e-41c0-a3c7-b4e8e7f8ed6b
6eb07391-cb1a-4dc0-879b-2b4877988e42,Rack-I26,RAI26,f2ab7bf1-0724-4694-be53-e8a138d3aa9d
38743ba6-3e22-4fdd-8bd0-79c2529fc539,Section-Y26,SEY26,792860c4-2a11-4b45-ad70-65a5244a8fb6
a391d916-fa87-4e43-b511-53398724528e,Unit-Z66,UNZ66,c19ac281-3922-4e77-8567-719f35e0e733
57204549-f3b6-4cc1-82af-8f10417647e8,Unit-I47,UNI47,7d27052b-1c51-411b-9851-df37ac1477c7
0676cc72-761c-42d2-a85e-308f207499f5,Shelf-E47,SHE47,6c2987d8-a6bb-4234-b063-eead881c6785
1954aa72-9a2e-4b6a-9401-d0b6a8046ccb,Unit-U02,UNU02,64afaa80-02d5-4503-a067-6b009dcc81b1
adc99b1e-3d6b-4db4-8827-362363be8425,Row-H57,ROH57,5bfd42d9-3bb2-4403-ab13-94d5bbf8e35b
cb8b1360-f58b-4729-8aa8-51b41b2b1f53,Bin-Q91,BIQ91,2ee03f7b-af45-4c8b-8d52-920ae71edb39
b77e2076-3e3d-495b-bd84-eb5316cada46,Shelf-P54,SHP54,d5843c6b-a558-4aab-a945-2a4316bacae0
3c017365-2f7a-4a70-bc8b-f7a8d151a5b7,Block-R03,BLR03,67deb904-d5bc-431b-a448-cbc6ffda55a5
399d603c-7f35-4af2-83f1-1ee2d241bac9,Bay-L91,BAL91,41ef4b7c-0cb3-476d-9b55-1e6720f9bad7
072cec95-5b6a-45d4-a590-f57c83f58e03,Bay-J94,BAJ94,315b2c09-46df-4720-ba29-be304975504b
a464622a-31f5-4f10-bac3-f562fdaf532f,Shelf-L63,SHL63,b899781e-2b5d-424f-8e91-23618e2d5706
2135fbcd-edd6-4b77-8407-67ae28021239,Section-O80,SEO80,78cdb111-042d-4f2e-aad9-902f5a186f63
0d4b8862-4e30-452c-966c-8c2aa4bf3503,Block-J04,BLJ04,d7d0934a-6fbe-44c9-9c7a-87dda0abb0ba
45002a4f-4187-48b8-a3e3-d61f01a3d21a,Section-W19,SEW19,b29c152a-fe87-45cd-a71e-3f626d1b11c0
2fd2706a-38a6-40e0-a915-ea5f08364d93,Section-U78,SEU78,427252d6-96b3-4c02-8b3c-b97451a9e9be
469ce69b-cb09-4629-ab27-764b94005fea,Unit-Q47,UNQ47,53a181e3-6fe8-4c44-8791-e2b23582dc4f
19765422-a4f3-4256-a7ac-e98509556c04,Bay-X17,BAX17,1c4e2c34-20e9-4274-bda7-7861a753e57a
cbe48616-a99d-445a-83ab-140dea0a888a,Unit-G82,UNG82,23e73aac-af8f-4f91-b4ea-a0c8542ec8c9
22e219db-6b61-416d-a703-1b93c5c47af0,Rack-H78,RAH78,48d37575-1020-44c8-8946-542513450307
d6b61f2b-aa4c-4f19-a8fb-11934633442f,Bin-T60,BIT60,a3d81afc-3a9b-467f-b49b-fb0d938a1965
1a3f70ce-968d-4f35-a409-c74fb0c3d4cd,Section-V28,SEV28,075e381e-e273-450b-92cf-0cdc811f5f7e
f38599fd-75a4-4358-84f7-d5203c5b895b,Zone-A31,ZOA31,4b85c199-49a1-4866-b4e2-7567b2f3024d
2399a055-f6b8-479c-acaa-72ce72a64e7e,Shelf-T66,SHT66,b6610206-329d-4ccd-8c3b-6256add77db0
948eab57-ecb2-4d9f-84c8-227f3957937c,Bin-V54,BIV54,10a86b64-7998-430a-b1d0-dc9f4d43db8d
58036568-7db4-4404-964c-9de887cddd94,Zone-Y11,ZOY11,cbb14d58-eb2a-46bc-a3d5-60354d0dc00d
8052e8cd-b871-4e05-ab3f-1605ee83b902,Aisle-K02,AIK02,373ef994-982d-4fbc-9525-e10eaedeef1e
2a8abf33-3a96-45c6-8e09-e21952b732c5,Block-N95,BLN95,59f8ee6c-88da-40da-ad7b-0cb6cca9ca0f
1cff7b29-c393-4292-bdcc-ee64ff8b0f78,Block-U86,BLU86,c11ba28d-db0d-4978-aff5-2e1a31ad146d
09682fe1-2df5-4a1a-8475-e14d9dac1da6,Block-U59,BLU59,395fce2d-f719-4c12-af1d-ef60fb0dc49c
c5272cb5-1403-4c2e-a71b-79d7d926f7b9,Bay-P54,BAP54,b7a82df5-42f5-4e53-9ec2-3b28b61c6722
7d1104b4-0b18-4a4d-85c1-5e3c7b0651e8,Shelf-J73,SHJ73,9d033e38-2b96-40a3-9c39-fd1f0062ad27
7b0f63d6-07ba-43da-8072-f55d0bbff497,Unit-N32,UNN32,4f76729a-f60e-48d8-a644-d5b9f47582aa
08a04a93-7605-4ae5-bfcd-e44a85f013e2,Unit-S46,UNS46,e4218bfa-449f-43d3-a830-56aac53497ce
2d7e0bd4-0c8c-40eb-925a-1872d5acb6c3,Rack-H68,RAH68,a0699795-5647-4af6-b5ea-1d0163366c19
00f7faac-6393-447a-829f-b24d68b8170e,Aisle-J19,AIJ19,d9ae0cfb-9634-4d14-bb7a-b891ea8d8954
17b53fd2-2e9a-4a30-8fce-839e51d9a776,Block-F20,BLF20,a10ccc54-d1e6-42db-8d6f-9e38b3b8db8b
e60b870d-9b31-49ac-b385-5d1a8f1d6ac4,Zone-L73,ZOL73,54dc24f7-b622-46a9-bbb9-d8a2ccd8b481
b3456fa4-cd87-4ed8-92ac-0980544480f8,Section-V57,SEV57,75d3cae3-edf6-42c1-a38c-61bd79d36eef
63fe0491-3054-430f-a951-92f7ac2510a1,Section-S87,SES87,a4466a56-d0fb-4c69-826c-eb84b200e8a5
7881c404-4bd0-4c63-8cc1-af15dd52a9a0,Section-T78,SET78,c837e1c2-8299-4490-aa6f-a5ee18129dd4
63d57ea0-e986-43e6-93f8-cde86d10174d,Bin-K77,BIK77,fadb8524-4f68-4d50-9af3-703bbce3efc8
e4201fc1-7f74-4858-bdd6-bdaaafdc4d4d,Rack-G72,RAG72,d8c79796-4e02-4c14-9560-f40bba3ec48f
1336194f-8349-443e-a75b-43e7eb81cd8a,Zone-K96,ZOK96,be331087-8a16-4a2e-96d2-f4b25fd2c559
4c55cc4f-daf0-4461-9da5-2519fd585df9,Block-L56,BLL56,fea83cd0-f351-4b76-bb43-bbd8eeb1c7c4
e7ccaed3-298a-41f7-876b-b81e49d35b6d,Section-C61,SEC61,5417b3e9-7541-427c-a084-b74e6d178beb
98a819de-2020-4252-899f-2f1f9dc78b62,Unit-P28,UNP28,982f17d2-5f16-441e-a2e4-51ce15491df6
f97becd5-7f49-4b24-9358-04b676484311,Rack-E95,RAE95,ad4ac602-a872-4157-b759-a96b624900bb
1aea3379-2f7c-4cb6-81f3-ddcdce3db336,Rack-V19,RAV19,e13e396d-fc86-4276-90ba-6b5ceaaa109a
d412e1b0-24d0-4e93-9d6a-51ad6cedbf6b,Section-M86,SEM86,5dc6e437-48d3-4928-887b-02c6313dc68b
fa76bfab-8390-4e6e-8711-efb07846203c,Section-V96,SEV96,049fa371-9dd1-4f77-abc8-c5f1725c13cd
4d68535a-ebf6-4ea5-b0fd-446e70d90ec3,Zone-X50,ZOX50,182ff7d0-fbd4-4534-8e83-ce98139eab2d
21052002-5f03-476d-bdfd-37e30388a8be,Section-X91,SEX91,3465d7c2-8415-4afc-a7e5-f024e6ad7104
04e39f30-f278-4c84-a4a5-908151928042,Aisle-X27,AIX27,002fbb84-abe3-4491-9b12-ba176f95dae1
be1f8d98-7f9d-4236-86be-7b05a47706f6,Unit-O35,UNO35,68ac8855-1648-4be8-9edd-e68c2278bd2c
81321ffb-b0fa-4088-9dfd-8068fbaad251,Section-T09,SET09,5688905c-fbc7-4d71-8b8b-4c6013061bf2
6cb258b4-c6a2-4ded-9541-396937632bbb,Block-A13,BLA13,34fc8c41-54a5-4d1f-964e-c86169e17078
922f8440-af88-464b-9197-cd9a549b75e0,Shelf-B78,SHB78,946a8237-0224-4a7c-8479-7ad3be85a773
9b44a3eb-4ddd-4bbd-92e2-6bc9993a4a47,Bay-R67,BAR67,4ca35852-489e-4645-88c5-7aeaf06b83d3
cd9b65d2-eea0-4a19-8a4e-5dd1d5aea40c,Block-X94,BLX94,771582dc-5109-485b-b598-333ef0493120
546acfa7-84c5-4f2e-85bc-c6fae8fc2a52,Row-G96,ROG96,92b2ee89-45f3-403f-97a2-622084c89b7c
d5ebe3ff-840b-4bf2-be0c-66111a7fe116,Block-J39,BLJ39,b638fe9f-4adf-4e19-8ac9-77a096d6ca8b
38b522e4-9221-4242-aa42-dd1fcc4076b3,Unit-S81,UNS81,4408731f-57b5-4bee-8377-806a808b3ad5
70c1863f-a126-40a5-bf5f-e23794600bcf,Row-Q46,ROQ46,3c4ea53b-dbf9-4ca8-b8fe-a05da3e60dc5
191c2017-9ffb-4ca0-8477-ae81514aef5c,Bay-C62,BAC62,5e1ae343-10d2-4a6b-916a-eb29a88b2b57
2b0473f5-6108-4809-aeb0-d1d1da50c638,Rack-Z79,RAZ79,5f06b66e-7bfb-4662-bb58-0d42597d09db
01b66c47-158f-4c79-b124-c3493fa2ac8c,Bin-G64,BIG64,cbc1e2d9-e2cb-4d7d-ae3a-c0bb6fbe5440
b3e8da84-a809-4c48-aa5e-ae619d452aac,Block-J99,BLJ99,7ed173b8-977d-4449-9e91-c2e4d838abab
e7fefeb0-5cf5-4f88-bb9d-d2584b295484,Unit-D02,UND02,4fdd4239-ee55-402d-9f30-556a1cc8ec92
d9230171-bcc6-46e7-bc14-9368729ef3fe,Zone-Y63,ZOY63,fb54a620-ae02-4317-bcca-02e536d2b4fb
ef36e748-4002-4435-988b-b27c2998fdd9,Bay-N56,BAN56,ea071430-e34f-4401-9d43-b3f36674d63a
b3d735ce-5bda-410c-8478-a26f8dc94f55,Bay-I64,BAI64,e24be61a-a60d-44f1-b886-b751565c8e9a
a09ea630-df2f-4f32-a165-3eb292ae828d,Section-R57,SER57,8c512a2e-c0d6-43bc-82af-54a9c317e454
9c22385e-c21e-4d3f-aade-2b2bf86b3eea,Rack-X99,RAX99,64a4e113-2a2c-40dc-af9e-6073a21c55b4
12e6a614-5098-42ec-a79b-9e7381c99918,Aisle-Q74,AIQ74,1cc86168-9dff-4783-9549-87661835c338
14e850f7-c9ef-4e8d-a446-ae4ca6237eb0,Zone-M56,ZOM56,9ed483ff-d837-46c0-8bd2-0aeed3be33f2
ffdd187a-0636-479d-b9c6-ec93b0dc5138,Shelf-R25,SHR25,f7f1d0df-60fb-4d6a-8779-8e8b390a814a
be2a8940-4380-41fb-bbbf-d676659e0c84,Unit-Z39,UNZ39,522cb2e8-8a10-4e36-a1db-013fafd1aed9
948db9b1-51d2-4047-b1b7-9017b517c57e,Row-C76,ROC76,39f11dd3-d5c1-4bbe-bc5a-28dde4de5457
406018db-dc59-43c5-b5e3-553515175305,Unit-Q31,UNQ31,6daae99c-f2b3-44fe-9927-e44503ef2ef4
d838c131-0c9d-4fc0-82b6-7f79e3153cfe,Bay-H34,BAH34,4fba620c-3351-4e32-b0b2-613873a04526
9f218d26-a6d7-47c8-8a72-845d518014c3,Rack-T52,RAT52,284d69fe-bdd4-4f47-8de5-f8eff90e89bb
f695eed2-f449-4a89-997f-0020b0e12cf1,Zone-T28,ZOT28,9d583a27-40ba-415c-8e7f-800a5a98d05f
b845bc93-cbe7-40d1-b2cc-96e98c414284,Rack-M21,RAM21,92c8dc7d-564a-4968-a730-688b32658848
0ab5523b-db84-428c-99ee-950a2e30cc0a,Rack-E31,RAE31,e8b8fb44-dd72-4fef-b63a-4f4fe0695161
e89fa128-88a5-41ed-acb5-41cb6f6f9752,Unit-S83,UNS83,263f156e-a713-49a6-ba80-a72313e4b17c
3fb4c81b-c001-4cc6-801b-14b1065acaf6,Block-I51,BLI51,3b38d619-b1bf-4339-8c1a-b623391c7a2f
1bab43fa-4158-4f24-b7e4-72724154beca,Aisle-I29,AII29,91e0f74a-5fa4-478d-ac47-eb991ab71a16
9321b224-3b9c-4774-b9e4-959590e86508,Section-L33,SEL33,3fcf26dd-24a8-47f1-a2a7-4a0cbdb1af01
30acb5aa-3f0a-4cb7-bc01-6f97c9f5e5f9,Block-T43,BLT43,ebd33003-6b40-4933-87a0-4468f1974bd8
58b2ceeb-20dc-429c-b82e-cad921ee5392,Shelf-F14,SHF14,38cd6283-8f57-411e-b897-e004bee62e16
09cb420d-6d8c-4a1c-8246-808e3f997d54,Block-B31,BLB31,4d1de412-d3c8-4669-a5df-e093b2132d24
82d8dd1b-f579-4856-abfd-6e226b58075b,Row-C01,ROC01,cb94ee9f-27d2-4c6e-afa5-bfa36a17a952
64608252-bebd-4885-adeb-4edf44d38ce9,Unit-B27,UNB27,24a6bcec-c245-4b69-843c-b6c0d679b742
87d8984d-033b-4a22-87d2-967312af9826,Bay-N80,BAN80,0d4ea990-7e26-4468-a78d-aa5fefc193f3
4d4a5976-900c-44ac-a570-88b53e93e404,Block-N01,BLN01,50ed500f-6705-46d1-a6f3-12e3d9dfc547
7a46a1a7-f493-426c-bf87-f01eea593f83,Bin-Z08,BIZ08,16bdee1b-af09-46a5-91a9-52747c2e3a88
abd42b40-e29e-4346-9bc7-9ce7381c1382,Row-M34,ROM34,1eb12eab-492e-4074-9d97-114a93557857
1ff58f4f-3c21-4283-9bad-0152b69b6751,Bay-O56,BAO56,40fcdfbc-ea6f-475e-bd5c-7af5869c5997
749fc5af-7511-4612-b429-8ab5d32134b6,Shelf-V95,SHV95,ff1ba7d5-e6d5-49b3-a160-944f4ce4d8f6
7851bbec-ec1d-4f8f-883c-9371417c7d23,Block-C24,BLC24,c62e748f-d371-4d71-af14-c7c6f5d4ade3
9b791f56-3f7e-415c-8517-64870f4c9a76,Shelf-Z44,SHZ44,7a407d14-2c89-4e21-80f0-f351c0ec426c
8edb2d97-ca4d-4ed2-b65f-3fe2d818dffb,Section-X74,SEX74,afcf5fc0-7a2d-45d1-9635-13d411a3165f
e659c181-7dae-427d-b4de-7f995229357f,Zone-L71,ZOL71,e62c66a2-bd87-4cd8-aa77-70031c38070d
688d2c5e-044a-4953-b466-689c1179fbf1,Unit-W90,UNW90,c79fa5b9-2f0e-4dae-a069-bb4428099a84
d2f41523-bae0-4a89-b5e8-98799ca0bfee,Bin-U06,BIU06,bf96d77f-c955-4da6-8dfc-882a0000cfbb
d6da4d99-c3a2-4829-9371-2a1269d7530e,Bay-D41,BAD41,395d6395-0e3e-433f-a1f1-d63106e8848e
e5c1393b-bbaf-4ae3-877c-544fc638d2b9,Bin-H28,BIH28,a48fbe27-7521-498e-8bdf-ce7fe53c3a37
98f8551b-9ff6-40e7-99bb-9d5687609289,Zone-E70,ZOE70,2fdeb8f7-b907-4ef5-831f-f861a975bc61
a50364eb-fb62-4433-bc41-141c20870884,Block-A13,BLA13,c26ae744-9483-4ddd-8994-a5e90df8cb3b
937a11c1-c6f9-4bdb-a61e-94efd3fc9b31,Unit-K41,UNK41,52d5d347-caf1-4810-bbf8-bae3616599c5
679013e7-fde4-4fc3-a8e1-ade9b49cbf0d,Rack-F76,RAF76,0ecdfe5c-32c5-4f2b-9b2d-2cc061d3c946
eb532ac6-0b14-45f2-84d4-1c7ab2c31e4c,Row-G67,ROG67,f87021d6-2861-4c21-a0b9-bd02326eca3a
559d6500-6a4e-4581-9512-b5049cafe358,Shelf-A09,SHA09,3325aca3-99c4-420d-a013-574a7011208d
e49febc4-4dc0-4c31-b90b-cae9db40eb2e,Bay-Z46,BAZ46,c7dcb50b-729c-4005-8e68-8bbb05941a79
5471fd04-0810-4de1-928d-b10c82afc232,Shelf-R12,SHR12,0cbd568e-db92-47f7-8529-0d63242d145e
e0f2519e-52c2-4a0d-b88d-e4ccdbfcc04a,Unit-B50,UNB50,accf1f5b-9fef-4aa3-b7f4-8a3efcde4b80
3ccce08f-c8af-49e1-b6f9-3a2ca9ec6f44,Bin-J78,BIJ78,c8fcd22a-29ec-4ad5-ba4a-842c137e669e
5821810a-a7f3-4993-b26b-3b122dced03e,Bin-D25,BID25,0a46adc0-3e65-4fb8-9011-ec90e7ccf9c9
0acd9b91-b7a8-4785-9319-793e84339d46,Zone-B46,ZOB46,aa462370-17e9-455d-a478-b04ead2ca85a
436ce19e-56bb-442d-88d3-49d46429ef16,Shelf-S13,SHS13,af78cf63-eeb7-46b5-bb06-f3fead981e7a
8c54c969-6394-46b8-83f5-6b65f9f5e8df,Section-S53,SES53,bcf1c7a8-cc71-42c2-a763-d9dc49325e5d
8ebad03a-1c34-4bde-be56-d0d033d501fc,Row-C65,ROC65,7d2b6b00-845d-42e2-bded-38e291053b9e
ee036720-9b5e-4158-a34c-05d30fbdfd91,Row-C62,ROC62,5604ef68-13ec-4b8c-93b9-ca93c5ea3e41
15344a3e-5d19-458e-9d00-4acd7d20d0a4,Unit-A83,UNA83,9d33478b-5a06-4ded-b795-406c07d432ce
f1fc1397-941e-45a4-994b-c517efd697b6,Bin-E77,BIE77,965a7903-eba7-4643-b3cc-d5c26d35b7c9
373f9e36-176e-4838-b517-470e8c537dbc,Aisle-Y72,AIY72,78f2d521-f825-4dee-8ea9-5b4a1180250a
1926e17c-465a-41ce-ab59-0717519bd8f0,Rack-P90,RAP90,f1ddf47b-cc11-423a-9b40-b1afc09035c7
1df565e6-d8b3-4f4f-a439-b440d4bbde50,Bin-N11,BIN11,ddc749ee-66b3-4a6f-9c95-282c35c73296
1569a76b-8c75-4eb2-83b6-7e0318f3960f,Bin-H27,BIH27,420aa699-6d35-4512-8a02-132f151ad46d
8836018a-3ed3-48f7-8a56-d536e7ccc1b4,Shelf-Y25,SHY25,c057a56c-12c8-4cb6-98e6-96e5bd181a12
ec6cc6c5-7c2d-406d-8a69-07d882ad3fd9,Bin-L21,BIL21,53df5c44-7fbe-46e3-8c29-36779c32b336
9516e771-e9ca-44bb-8862-f151c3e2d04b,Rack-S99,RAS99,6f5e04f3-4cff-43b1-b45a-c2136ba071fd
b9456e3c-1f11-41c4-a41e-b0a9f24f825c,Rack-V07,RAV07,2ced580c-d86e-4da6-bf04-38ff3f8f0eef
d391888b-b6c4-4ed6-8f9c-5bf8e2493d92,Row-V10,ROV10,dd41a011-9a19-4057-87db-d3c1f763355c
c9d2b6b5-6c40-47be-a6df-47f5812d6000,Row-L67,ROL67,60837d95-5b9a-45b8-b92a-ca5463077cf2
ccfa31dd-50a5-4caf-b01b-a14bc2d06e9e,Zone-M20,ZOM20,d725ec8d-559e-4f7c-a48f-0da3d85b12fb
74df8347-c721-468c-9183-0c3a26f9e31d,Bay-R01,BAR01,051f7f88-a780-492c-90e9-120a56ae3572
c2e7e44f-d6a2-4492-830c-0ccb5e0e0809,Block-D09,BLD09,28f352e6-7e23-4b32-8872-b857721f0454
7def8bf1-154c-454f-83fe-743223ebc321,Block-Z95,BLZ95,84a1828b-cb95-4034-a290-057f50654a17
ebb69626-b4e5-4842-b267-1db13538a51e,Rack-U30,RAU30,2e6c7f05-836e-4804-a736-8c770a33a124
c5ab7af8-2636-4ce9-8c04-0dc57d95a16e,Block-S48,BLS48,352a3a57-917c-4c89-a5a3-6f5655b7af1b
f8b88fc0-d34a-4dfa-a2e9-71cd3d9a7968,Block-K63,BLK63,7acdd1e1-e89f-459c-9776-6c811ef02981
764880ab-5727-4be9-a859-9fd9a6efcda5,Aisle-D16,AID16,771b41a2-84a9-4b9f-b675-c65533c2194c
ca3d93a8-be4e-4460-9efd-746812728220,Block-B83,BLB83,ea47721e-9f74-43b0-831f-194e2f977787
7001ee61-e783-4d1c-8ec3-3bdd3043ca78,Unit-C16,UNC16,9b50c783-304b-4572-bdd4-2ecceca731a5
8dee1d61-32c1-470b-a279-08a9538e11f5,Section-V79,SEV79,10e355be-7ad2-4df0-990e-fb6523a580b4
1afd352f-b20f-42fb-a234-8b6a28508854,Section-G08,SEG08,439b03d9-cc89-4f0c-b935-6b94543b67e8
8d958b29-2cdc-47a8-8961-84598f53981e,Zone-L75,ZOL75,d09e828a-3372-4fde-b761-a6714d39f8aa
7ffdeeda-ff29-4560-a70a-5160685f7895,Row-S93,ROS93,f9a20e43-b053-482b-a37d-d2971abd6276
6eaef509-0380-423c-a16c-029cb6bbee30,Rack-N20,RAN20,868c67df-c203-4558-b9f2-a13ac0804fc4
3b8ebe69-d86f-4aa6-a3fe-3be0cf8d9c9c,Shelf-Z37,SHZ37,0d6b01cf-075a-4ae8-a5e1-2d6cecd13492
8a04eb2a-19de-44b9-a803-07943e61a2a1,Bin-N72,BIN72,c7b7d8c4-91ff-4039-bdf5-33119d905905
86aefa0a-9f60-4430-8311-eab3322b8888,Bin-D03,BID03,408ce4f7-d1a9-4de9-ba59-734ee6b6a08c
92c57f6c-6272-480d-ad34-f357a4b3cdd3,Block-U14,BLU14,bb73b1b1-1955-47cb-9a5c-6376983ab8e0
43421f28-f73f-4958-89fb-9ed4269fab8f,Block-R07,BLR07,c7bbcc69-4145-48b3-add6-c1372c635527
3604617d-ae52-428f-a0ed-97e243e95cef,Zone-A45,ZOA45,ebc5efd1-1dce-4219-8a32-eaaf318c25da
f4bdf326-03da-498e-8420-862908ba4dfb,Shelf-C19,SHC19,e68fcfea-578a-4c45-849d-cb572d32c470
2e06c26f-7aa2-4173-86ea-5efe719f3137,Section-Z55,SEZ55,4f07144e-b8df-431e-8239-fc6257bd3ab0
f1a19474-61ba-45f9-94a5-2917f2a0a3b7,Unit-D52,UND52,80981c64-35fe-49b8-b1b2-762717337812
be6ec0e3-ee87-4722-a2dd-b7be6e6e0de4,Shelf-W72,SHW72,57ccfe7f-1d03-4560-b976-b331a3fb9fa8
df521084-666f-4e8d-ae3c-f73a97632e88,Bay-I96,BAI96,eeba5d28-bcb2-483d-88cb-b49609508907
4beec3a9-3d89-4578-85e8-f5f98f453e55,Rack-R90,RAR90,f3668554-8351-4393-8bd5-ca422a2dde55
f73373aa-5f91-44bc-be10-2e92ec98e664,Bin-P14,BIP14,71dc527f-2d1f-4b16-8033-a7b1ec530299
f598d5a9-1918-4eb3-88e6-21691727757c,Rack-Z71,RAZ71,61237503-d621-4c5a-831d-60d785977d14
a8b586a1-4779-467a-8cab-7e0cf1c98933,Bay-N73,BAN73,d02a2636-d220-4526-b344-c021c96b3853
01a4c9ed-d76d-4e42-86a1-aedcdcc2b619,Bay-I73,BAI73,1cc86168-9dff-4783-9549-87661835c338
32fc5037-6b0c-413b-b106-fff9031a8564,Rack-M02,RAM02,3d873d25-068b-4df5-9911-e4510d34ca9f
682506e6-9a8b-42f0-a744-547a640ffe09,Zone-Q05,ZOQ05,8370d979-3c85-41aa-a0a5-852e8a801e26
7f9ace47-96c7-49df-b85e-e0c742851908,Aisle-W59,AIW59,13b1e181-d58d-4bc4-ac9c-612cedc0bf75
a73d9bb5-b8ac-4bc2-ba2e-a69598f2c3a5,Zone-M56,ZOM56,95b6e5d8-288c-42e8-bda9-c1fb7e87762a
2468bf9b-f8bd-4da7-9fa1-0741b6d0934d,Unit-H88,UNH88,12febce8-b154-473d-a9a4-a5eedc03c85d
14ee08d8-c362-468b-8f02-c567d3cfd775,Zone-S84,ZOS84,71b8ba37-18d1-4ba5-b534-dc01d2503f3c
6a5016f8-2c1e-4e4e-a205-266a2e43bd53,Row-I19,ROI19,b49edf06-e658-4782-81c0-c4bee77ffe9f
b8efd9df-1d4c-46e3-8821-7b664c280b9d,Bay-C40,BAC40,89855dc6-1ead-48c7-a661-37dfcb52f2a1
14433d0e-876f-4a0d-aa7d-edbaa6b012fd,Bin-V03,BIV03,00a28ca7-d7a4-4c61-9c8f-1934e14446e1
977df8a5-c7bc-47ed-97b9-5e2fc4510005,Bin-L59,BIL59,4e2ebe7b-b9bf-4ea7-8ca6-9a43c435d469
6b6905b1-8753-4294-9c2e-5231ae95eed7,Block-F41,BLF41,05c21426-508b-4dc4-903b-044ef016ab75
d56137c2-dd8f-4d0b-a635-dd7c00680bd7,Unit-J59,UNJ59,27210b5d-1ae6-45e1-9f64-ecd293e447eb
dbac7d67-f82e-451f-80e4-973751ed95f5,Block-T11,BLT11,ec6e3614-3fc0-4068-8107-ea7d719107aa
4afcf428-d652-45bc-8229-208535f38a8a,Zone-G06,ZOG06,18e99af5-e566-49b3-a919-f632a0409850
251d281e-da94-48f9-b704-d30d30d6b732,Block-J64,BLJ64,a944b269-9c15-4dd6-8c62-1d39e71533db
650d3fa9-d7b6-407b-bd7e-2409cd9da9a1,Unit-U52,UNU52,76d20d53-d01e-4913-9097-ac32d0148c0a
863eb10e-f05d-4f5f-bd7f-4da826e8a40d,Row-J87,ROJ87,253a33e6-e2e8-4641-88b1-1236b5c5d3a3
fa3741a3-403a-41d6-a26e-acd76c589c45,Unit-K75,UNK75,45363525-1c0a-410c-a9b8-e5abb2f1d648
2428afd7-1b5e-4590-b2bd-e8b66c9fd8b1,Aisle-Z88,AIZ88,2caeb868-1f69-4302-9863-81b040deb42b
02533714-314c-4bba-bd21-d935f3511f02,Aisle-T58,AIT58,98037217-3096-4101-8535-fd3a3bac754d
f0221c4b-abcd-4d26-9aab-5b249951a124,Shelf-D98,SHD98,5810cc5f-3807-4463-9edd-afd2d6633f2b
c2d68e91-b92c-431e-8d85-621b04cd2294,Block-E99,BLE99,9e2fe26d-fa7f-4cef-bcbf-87e15f82f4b2
c7d079c5-dc83-445a-bc0f-60fd91774c1c,Block-N02,BLN02,1fedb7ee-fce1-4fa3-8974-447db353674b
1a140615-c039-4b9e-adc0-9a83e5dbd678,Bay-T67,BAT67,120c7e42-ee21-4a5a-9427-83d294e16849
30564d77-971e-4f19-aeff-70bbd464c7e5,Bay-Z52,BAZ52,72fb19aa-0ad3-4029-a6a1-02ac7173f4ba
457ccde4-a980-47c5-8393-8f94ef8e4dcc,Bin-U87,BIU87,1b3b8022-a6e3-4ebb-8e5b-e074b1a7272d
4a1d672d-3338-4a86-9a4c-55443b9a4dd4,Row-U06,ROU06,3bb6276e-4174-481e-9ecd-94b7161c32b7
b0c708d3-c75f-4d70-95d6-215b63d39720,Block-L49,BLL49,b5af6602-d043-4168-9c09-7ce9c0e1a8fd
fb192112-cc49-4eec-a33d-56f37867e86a,Row-X63,ROX63,9521f9b9-cc2a-4b87-bbb3-04f1f376e2d0
13e5e091-fd6b-4944-8838-9ff9109e99f9,Rack-F09,RAF09,5eba6646-0c0d-464c-8b5c-c617cfe0a0f1
2ff452c4-a8aa-4927-bd59-1dd267466a29,Row-E27,ROE27,555a94e9-eadc-44da-9b40-9d36c21bf3bf
4a96e2c2-3dd2-418e-82b4-f2c9e4d3e093,Aisle-K19,AIK19,aa2a9e2f-3aca-41c9-8703-50ce5d1ddb91
2a89775f-64fb-4a0a-8243-44ff867719f0,Aisle-G44,AIG44,3fed426f-26c8-4eab-a45a-f62bf38949c4
25a39020-e51f-462b-9e92-7c1ff2286b36,Zone-X50,ZOX50,2161946e-263c-429e-b65f-9fd0c244f404
2dd291ba-5e12-4cba-aa49-aa6db3dd7d27,Rack-Q42,RAQ42,a58b3d1c-3a10-46b2-acb9-fc9d1b78d359
fd5d6090-1928-4bc1-b3ae-97a891a43b36,Bin-J77,BIJ77,a98eaa91-916e-45bc-9f37-2f42a2af3050
6f558729-a1cf-43e8-bd8e-714916ce7827,Shelf-O24,SHO24,542ccc8c-9717-41a1-9755-50e0f5ca28cd
2e2483b8-dcc7-4e4b-8c78-b4c1c2840085,Zone-B44,ZOB44,e35bc821-290d-47e5-8da9-b8331c115734
492f1d22-9151-4db1-a4bc-7b36b3ff7cc7,Rack-U47,RAU47,79a5bafc-1107-4aae-86f9-390a6f88c7ec
ce845149-62aa-4d7e-bf3f-f0208d799935,Zone-G99,ZOG99,72aed064-df7c-4587-99cf-83d0b787b074
2814abf4-0680-4f4c-ab41-7397d750d6a1,Section-X16,SEX16,102b551f-2434-458b-85c5-cb411047ca5f
9dbc0d05-88b2-4b88-ac07-9b9b820f24f0,Bay-L53,BAL53,4b4685f2-3b17-4721-b0f5-003aeec4d1ea
bcbe6f22-7255-4559-8800-47beaa717a49,Zone-T80,ZOT80,f9610dec-50d9-4c01-8314-a11cf9ffd759
747663b9-dcd8-4993-9f62-779f1dbac90d,Bay-V20,BAV20,b4bd0ee3-12f8-417e-a2a3-12ac6e9a2b2f
1b9a99a1-3bae-45d3-a2d7-a57772cab122,Aisle-E93,AIE93,131d88ac-d02a-43f7-8b76-399fe4413feb
ec1b200c-3bfe-4452-8cfc-2132c8b36c90,Rack-T11,RAT11,f4cdb390-aecb-4c75-b5cb-51b56f34b425
1c732603-8870-47f5-bf51-2b9376f1884f,Bin-I34,BII34,9ca3c9f9-0aee-4b91-8647-5b5e58a7332a
02aec714-0e4e-4e8a-b547-65ebb5f95dc2,Shelf-Z36,SHZ36,2bb23721-4973-47a3-b05a-5980527b1cad
f0523488-69c8-4cd9-9fa2-7dadcaa12410,Bay-A69,BAA69,7bdc42d9-cd3c-4e5c-a38d-9c1b4c2e7238
5e1df5fc-5568-4f46-97d9-2981a52e4f92,Unit-H34,UNH34,d2d4334e-13f2-4d44-8f08-039b42fc970a
e5452d43-63fd-4ca2-bc68-4089f43a4674,Row-P76,ROP76,c86e2784-87bf-4a52-88d5-5d0f97285bdb
51c41d8d-7803-4b50-9d07-e388db33c49e,Aisle-W39,AIW39,ccff84c2-7fc1-4592-a175-c9ee68bc734c
22b39f5d-b3f4-4db9-8a8b-2412474a9fd4,Aisle-D15,AID15,263f156e-a713-49a6-ba80-a72313e4b17c
95a6e5d0-e7ce-4ffc-92bd-eb375177f424,Unit-E30,UNE30,d8831b9d-a1fd-4948-8347-1855a271b86f
f4b63cff-7716-4d9c-9734-1a1ef5d76b35,Section-P80,SEP80,bca5377e-de8c-40b4-8428-06574e885e85
d5f7cb21-1fae-46a1-8fca-19754570572a,Unit-C65,UNC65,ca6b26c7-3276-42e5-8ab7-800d7bb75c07
2da70d76-0124-4f1b-af15-587cf7bc9419,Rack-B88,RAB88,fd93a4d2-3795-47ef-9524-08a3ab530002
2f34d634-af46-4c17-941b-fa7c9ee65517,Block-E40,BLE40,6e26acce-38b9-4092-a636-3e85fec97f2e
895d70e4-2fa2-49d3-b7ca-35cc129008d9,Block-L60,BLL60,5c145e6c-4b35-4f86-84a8-d3586175f90a
594fdbeb-d93e-464f-813d-796ec3d5119a,Bin-Y56,BIY56,24d32251-f113-4d55-98bf-9a8abda30a70
0fb34cc1-1820-4b55-b49f-e6b9a80c9e59,Zone-L65,ZOL65,8d59f780-53f6-4c23-bbe8-e30dc727b49c
e574ab89-e88f-465b-bf71-97f09bebd7af,Row-J45,ROJ45,36a2403e-b3ce-426b-8365-f4dc4b4f642d
bf6f3718-4831-478f-aace-19b06d0fe07f,Block-G99,BLG99,72fb19aa-0ad3-4029-a6a1-02ac7173f4ba
bc409f97-f4b1-476a-941a-77f7a8196750,Unit-Q69,UNQ69,e86cf4dc-5d29-41d9-8398-161ce09dc84d
949a33b9-c3ab-47c1-9449-725b285e77b9,Section-X97,SEX97,56e89cc4-4e87-4c3a-9971-cfdfc4a2aa8c
31689662-9f49-418b-9d6f-e7b77a45c80a,Aisle-K40,AIK40,2edb0bc3-8996-4383-8ac7-26266d9402bc
00a11aeb-691d-43d1-8a68-240e458b37ed,Aisle-E82,AIE82,8403449f-36a7-475e-ab53-085bbcff1423
38da29f5-5b93-4ab6-8ff4-0b5b9ecdd9ef,Section-K15,SEK15,5ab785e5-343b-4d1f-b0a9-45fbf48a8889
18f30ae3-0a08-42ca-b163-abeff04985ee,Row-Q87,ROQ87,109cd468-4bd6-4b16-a05f-2c149f4ca363
d9f79000-cad5-4ad1-8712-d33d95ee1a84,Aisle-R04,AIR04,66f12ddb-215c-4f27-b3cf-5616361923bb
910d9409-e009-4807-b2ee-f15d508e231e,Rack-H33,RAH33,9f5ce363-f526-4539-a7e8-3a77ba8cb59f
a175721c-27b2-47ab-8402-89e525f0e143,Zone-H71,ZOH71,fae2fc45-5c28-4d5f-bb2b-2d04c416127a
e0c19841-83e4-4935-b98a-df140f67998c,Aisle-Q61,AIQ61,e64bd190-ea1e-4c14-8d1f-17c9be178bf4
bb73ab4e-53f8-42cc-a92f-03fe83c0465c,Rack-I57,RAI57,edb06818-bfaf-48e0-960e-95ed376a3164
d896ac00-3e9e-470f-90e6-7022198411de,Row-N49,RON49,461201ba-6358-45da-a518-aced6b34af79
bf39731d-0cde-4989-a77d-5bcaa95671c6,Rack-R17,RAR17,93da3d4f-38b0-4875-8951-9a7a91a254b9
bb7202bc-d1e0-41a0-bf97-3ebc6d04a37f,Unit-P39,UNP39,532ff39b-691c-4837-b586-76da1862368c
1f06b225-b86f-4b28-84d5-7e62d69a0e7f,Unit-O11,UNO11,a5d83df8-8986-4d26-b732-976a1d48ac36
47c42340-2707-4ab0-846c-5ce29a53f128,Rack-U61,RAU61,ac96526b-992e-4491-92f3-dc599b772860
4df34563-d7e0-47a7-95aa-d01fa06863ee,Section-C88,SEC88,66c151af-8953-4ab3-a2aa-d292c0276385
a9366602-3cb3-4698-b13e-1383dae0de50,Block-R47,BLR47,8dd7695b-068e-4c0d-ac3d-4f56944ce17c
9a26c865-3fad-4fdd-b0e1-1e8d6b1e65d7,Section-D48,SED48,2d4acb3d-ba28-403d-a48b-98fe9dd5a986
d11a08ac-2933-444e-9f63-aa7fe42b09c1,Block-E13,BLE13,4bd36a54-a6f5-4015-912c-0ff968436f09
2b00ba1d-a877-4745-bc39-26bcf097e1cf,Row-J92,ROJ92,23234c5c-de6a-4a75-84bd-90fce6d6c013
6b73eebb-0636-48cc-9fcb-61458e8740f2,Bay-Z34,BAZ34,b77c371a-fbfd-4fac-8df3-900455c1c2c7
d24f3e9b-017f-4458-9b88-9d9abcd4d668,Rack-U16,RAU16,617b158e-ff2b-45fc-adb3-e5e4868bb8ae
da78196b-9fb2-4da6-bb6a-d2c1487afc21,Block-C36,BLC36,9fd919a9-0008-47a4-abac-b7e1c3d95528
f1ab1c4b-62a1-4daa-83dd-191707cb8b9c,Zone-E76,ZOE76,a178a860-3197-4cf9-9f74-25d951ec66ac
0596d49a-328e-40a5-8281-8d8b2ef6824d,Block-J46,BLJ46,4adadbf2-fd2f-4980-9bca-be2136511c45
0a9d4605-8b27-4d7e-9d0d-d6016d3f09d7,Bay-I27,BAI27,00d6237b-d5c5-432b-83e2-d3b82522036c
9fa963e5-a120-4a50-a456-fb992a25bba7,Shelf-T79,SHT79,07080c0b-52f9-4cf4-9e74-00d0019dd728
bc5b3b7c-7b4b-48e0-86d5-c041173470fd,Shelf-Z16,SHZ16,985debfa-bcec-42e9-aeb1-611f27c9072b
3257fc79-1a5f-44f5-a283-ffa3914791a8,Section-H32,SEH32,81e646fc-6a27-4ab8-a04b-cdb662f63ff7
a31041b1-4679-4b38-9767-f42cef726203,Bin-O22,BIO22,364d834c-ac9a-40e4-ba0b-2350bf645348
237b5aaa-efee-4571-b856-f98bf9ccd442,Bin-O04,BIO04,9cff5898-26a9-4c92-88e9-d2c097bbebaa
1b432a9b-d779-4a72-afd6-e85232f7623f,Rack-Y06,RAY06,aa402143-5ec0-4f28-b4bc-7397d10f11ac
9b7ec259-0948-4b23-be54-d68edc2f6b0e,Bay-H38,BAH38,a12a54e9-19b0-4156-a972-9876b9525d92
50a5c793-9595-41d2-97e3-7048ab2e8750,Bin-T64,BIT64,2da66c0d-83fe-4ae3-a80e-00ac77a7dd28
1ec97d42-d6dc-4f69-ade7-e866961c36f5,Unit-W46,UNW46,780f49e1-00a4-4ae8-8331-eb601d295d5f
6f5e1a02-5560-4b10-aedf-bdf56ac3a49c,Block-U09,BLU09,8ddfb3d9-654d-45da-bbc1-242252290552
518ddf9e-6221-4414-a634-a929a090f015,Unit-Q12,UNQ12,bc7a0982-d383-4ce0-b0db-c0d0aa9a62ec
e65da04e-9b73-43ae-b8ff-3d799c8db32a,Unit-M07,UNM07,e97aa383-5d07-458a-be4e-42e4d9cd5a5d
e614de69-694a-4961-a1c4-2a84847c5a7b,Shelf-L74,SHL74,7b0e7443-c35a-45ce-a0fc-9c2835ecd257
e564afae-b581-493e-a95c-ac8c30ceadd1,Aisle-P78,AIP78,8655d17b-c4e5-46ce-baa6-85599c26f9da
9a52092c-bef5-4f5f-84d4-057b0afcf9d6,Section-O56,SEO56,725f57d7-e8a8-4f84-a960-c5d47a29f2b3
87cde7e6-2466-4c7e-9bed-5c140cc864ec,Unit-E63,UNE63,0f1e2a12-4488-4c92-8118-305eb9cfd2a2
6959036f-c4e5-4132-bde3-75d82a51e295,Bin-B27,BIB27,22293d98-b8f1-4a73-b3ba-b61a8bf1e33d
9394312d-5647-4439-8fe6-09a35cebc3a6,Shelf-F22,SHF22,82928ca0-0b8d-4a53-bf5c-3bbb3f57cff7
ec42ee25-2e4e-430b-9e60-b6cd1947dbc9,Section-T42,SET42,94f8e065-a09a-4a61-91ef-f750b683f323
a12c4a0c-564f-4829-ac4a-a6dfd226e168,Unit-B57,UNB57,5c525555-db78-4d0b-9fc6-888e545296bc
e6dfa6d6-2364-46f1-bb59-c233bb972aa6,Bay-O27,BAO27,9c92bc50-eb77-40d4-8062-eaff57d3bc83
4d78d0d0-1cb9-4353-bcfc-b298b906fd33,Bay-X95,BAX95,30be0eaf-fd2f-441f-88d1-af8731403c99
a197505a-f013-4e19-b746-ff9d5c183cb4,Section-Z51,SEZ51,8919372e-d0b9-4db6-89a3-8fb786aa986a
13a214cd-4bfc-42ea-88d7-d945461da0c6,Row-J59,ROJ59,148b6c15-c4ef-4d3a-82e6-1f9ec4e0b54d
74466aa9-c465-4bc9-abd1-b1c5b6ee7f34,Row-I01,ROI01,39f45ed7-0866-43ca-ba12-70d32dd9c139
b5c16ba6-aa66-4827-8fdf-1f1c531a2675,Rack-H52,RAH52,0ce12fac-d3f7-444a-98ae-86a58af16816
3f642d21-93b9-4715-ad76-b24def94fd65,Block-Y46,BLY46,a76413e2-f2bb-4ae9-850c-d85f9ade4a4a
07d7c0e4-06bd-48d8-a918-e552f55bd24b,Rack-A87,RAA87,a30a897c-41c7-4715-ae29-1d1529ecfaac
ac015f62-b50e-4245-9983-913d8b303265,Block-W18,BLW18,a628463b-ee71-4e20-a60f-2f317ac615c8
c7e3ebf6-5d1f-4ec5-bc16-123d72e2cc88,Unit-E16,UNE16,24d4e99a-f95e-47cd-84e0-91db0ce71b3c
9e6302ff-2c3d-4493-9205-e3dc375af307,Unit-E16,UNE16,3dba7435-a7f9-488e-beac-2d87b1030ac1
2d33abda-b07c-4f3c-887b-e7a19319ccfa,Section-Q54,SEQ54,5695d11d-dd2c-4dab-9ca4-ad53bffbd296
374ff3fa-ad1e-4325-9ba6-2ec3eec12f40,Aisle-P72,AIP72,031e819a-2a34-46d3-9062-026d49f1d707
2d149f65-cfe7-45cf-bd4b-31f0247de85d,Row-E55,ROE55,6101a413-e09a-4d4f-b899-bd291c906d79
f5ddff1b-462a-48dd-8ab9-3983acd46322,Section-T27,SET27,2e3989c3-74f9-44e9-b042-14582599bf87
c559e462-01b1-4590-9bc4-69fa4a626860,Rack-J93,RAJ93,d69a8fb3-21b1-4bfe-9e78-d4f5088e736a
b86a099a-1f3f-44c9-8482-e61bae165b69,Bin-N73,BIN73,5dcd54fa-9dd9-4da7-9882-66d1f3e3d674
2a78e708-44bd-4c6f-bb79-a613f28466fc,Rack-M52,RAM52,a147b5d7-6a74-4318-bf46-2a0d85f454a1
427eddd0-8a88-4c8d-b4d1-4869bc9011c6,Rack-I70,RAI70,a23d9dd6-769b-4625-9e48-9a6a5caba2b4
e74ebc3e-fbd0-4d47-a9ed-f08da9bc8cba,Section-D24,SED24,3d873d25-068b-4df5-9911-e4510d34ca9f
cd7ef352-dce8-47e9-8c0d-063ab5d32275,Bay-U34,BAU34,f78b4ee1-9b47-4014-9ffd-00642ce03a1b
eef37cbb-aca0-4cd5-ad12-88264f5e6d7a,Zone-Q94,ZOQ94,2a9343d2-a375-4b54-b703-64d93480c236
8914bd95-32a7-4ebe-98ec-a2c69213f31f,Bin-R12,BIR12,cf87d468-8833-4ef4-ae9b-f8076629b967
223c2709-2b1d-40f0-897d-8389943edf44,Unit-V40,UNV40,07209076-b294-47f2-9348-b6097eb2feff
c8aed2f9-a3cd-4056-a7d9-32b9ceca1049,Zone-D20,ZOD20,5604ef68-13ec-4b8c-93b9-ca93c5ea3e41
2f599307-1879-4c4b-8819-efd1a5edc2cb,Aisle-D04,AID04,2e3989c3-74f9-44e9-b042-14582599bf87
f55ae028-4d43-4c65-8344-624ce33a361c,Section-O72,SEO72,0dcf74d4-4059-4db5-b743-3f1783514b50
18eef705-c542-4274-8e1a-74cdc887dff2,Row-Y91,ROY91,cf369e48-e139-40c9-bb18-ac7fefcaf58b
b3702e42-9d1c-4582-823d-c969ecba6820,Bay-R91,BAR91,8704c46f-89bd-4015-800b-5cb78796287d
51036590-3ac2-4542-847c-95c91b635196,Block-I81,BLI81,9294f536-3f86-46c9-bb3f-d34692706d39
0da0955a-eb4c-4876-a054-981ea01c6b6a,Shelf-C89,SHC89,dc6f6f75-b904-439b-8fc3-805b46aaea66
347a7d90-0eec-4a88-a34b-5d8523066a7e,Zone-S45,ZOS45,4ed9dc81-9acd-446c-af3a-21ac1d65d8f3
3e4c45cf-f873-4b7c-82fb-26a55e637cf6,Unit-Z81,UNZ81,713a0ae9-6602-487f-b9b3-384e12f44d02
ffe66890-2f42-4c29-ae7c-d18462ba710d,Bin-I22,BII22,82a6efc9-09de-4253-981b-3cc5f9c66231
fa4e218c-2f16-4925-ba7d-f4895415b4f7,Bin-H64,BIH64,2379273c-1ff4-4f12-a776-6e10f87d6306
9bec517e-9e8f-4f7b-a4bd-1e0b0c2583a1,Section-D27,SED27,52027bc9-41e6-498a-9ac6-24e5aed8928c
d02ef840-5346-418d-bdd8-431ca09636b5,Section-W51,SEW51,38ab1f20-bed1-4920-aca8-2c706c8b512c
b4e5a628-da8f-4bba-bb44-9b387f5b5079,Bin-P23,BIP23,253cc04c-f49f-42ce-8a96-12e23e96f555
2f07e8e1-4560-483f-94c7-7b60e75949b3,Block-O55,BLO55,b638df4a-cc3b-4c9f-87a2-7c40b7db6a38
c8765636-943b-4e6d-944c-96584073c9f1,Row-P63,ROP63,d8b093f6-e430-49a7-bac3-171ca4da8123
a23091dc-e9f5-4b7b-8fd7-4b4aacf554af,Bin-G47,BIG47,a38e4e8e-1e48-4262-b1e8-8608fbf89bc3
88a5b4e7-a242-4da6-a2ca-8f1d13c985eb,Block-C27,BLC27,a3a20810-5f59-4ecf-acbd-1fd4a480c19d
f99ba3a9-dd38-4523-990a-668b4cbcd0f8,Shelf-P33,SHP33,2f47d2a8-d533-47c4-94f0-ad93575b84cd
a759bf8b-9283-4a1a-812a-a9ad6ca90628,Shelf-S45,SHS45,065eb7bb-abcd-4235-a98e-e4031954d971
10b900ec-d03c-4dc4-802e-bb9069a2a0c2,Unit-A71,UNA71,3aaf5bc5-8224-45b4-8362-55382ccd7cce
75631800-20c3-49cb-8981-d8b894fbe629,Bay-F56,BAF56,8660cb88-518c-4503-b21d-77420400df45
494175a5-5c35-4cba-ab8e-35ad8cd7b731,Aisle-G26,AIG26,a6592d1d-2777-4fe1-aa28-97fb9a2d693c
fbdddf55-b651-4846-bd94-22ff012f76ac,Bin-A87,BIA87,60c856ea-6dad-49a5-82e7-f75cb1eda56b
0c1e266c-71e2-4f43-890f-bb70411cebee,Block-D47,BLD47,6055f2d2-6e68-4e03-be9d-7ba901bf8170
41badd42-0bbd-413f-8a8d-6c88745d8ec4,Rack-D10,RAD10,8a0890f6-27eb-496a-bdd7-88dcf80a55c3
aa5d9b4d-6f81-4a16-bb18-88a19cde4e88,Section-T14,SET14,c62e748f-d371-4d71-af14-c7c6f5d4ade3
9db81713-8091-4e77-a983-5049b601c0ca,Bay-Q01,BAQ01,baf4a12c-ce1a-4bc8-b425-51614b75cdf9
11b89678-58b4-47c3-a111-16c00e7ae693,Bay-F96,BAF96,fc9e816a-a5b2-4445-ae14-4a6ecd3f3018
daae7bdd-a705-436b-a211-db260cdd92e4,Block-I64,BLI64,e0b68f74-5bde-484e-8ea3-1b05f3e82aa9
bceca85e-f0c9-4c67-b7e4-7ac63235b0fc,Shelf-I75,SHI75,92931b03-8475-44d7-a71d-15161edc71b8
3500b1ab-4499-4fc3-91f4-8e75ccf2a61c,Rack-C01,RAC01,3a71c0f3-1507-4565-9125-ffb97d2d96f2
54fd226f-65de-4243-b8ae-9e6e44a3161f,Block-D50,BLD50,dad5cde9-1442-4c26-ab61-b52d6b2aa565
5822d164-dfea-465a-b7a8-d753bebcf799,Row-W78,ROW78,bcc4a270-886f-4a6f-a9d9-8d473c569c1f
d52999c2-a222-42d7-8bcb-2356f982c690,Bay-U85,BAU85,711a2325-da97-4033-9c4a-e1f5a6abb992
c1e54fde-16f3-4c1d-9975-3dad08128f62,Bin-C44,BIC44,b62f437d-9e7b-4a8f-868a-993f9b0c55d6
5555242c-dceb-4878-b5cd-bb7bd8e44e2e,Section-Q85,SEQ85,b9609e58-bf53-4181-8c2a-c22e7c41e69d
32097233-7f42-4b79-b2c5-3175f2f42f4c,Block-O79,BLO79,e612822e-2c99-4ea5-8e11-cda098af571b
bacbc568-3cd6-4c59-a67b-69eeae4f29b2,Block-O86,BLO86,75502933-e692-43fc-b6d4-1bde4b7bde4e
c400deee-0718-4cbf-a152-ad85ae6ac2b6,Block-O24,BLO24,1e487fd8-fd93-436b-9588-fb77652d1768
0a029ee2-abe4-4c3c-9e2f-446f8a8fed45,Bin-V51,BIV51,0d49eb5d-563d-48df-aef3-81685b8503cd
e1e9c15d-4426-41dd-97cd-2bdb89102f68,Rack-Z24,RAZ24,e44da208-bede-4185-84d8-be11f74d0fd4
5047fb54-d311-4617-9f0a-47729c8c3f28,Row-F56,ROF56,13597d1b-86c3-4d1f-950b-e60110a6e629
13ee5de1-c9cd-43ad-ad81-092b313a4a66,Section-V23,SEV23,01054f23-b591-40bc-91e7-56a3b2799c78
b796eeb6-107c-487c-9320-f53be215af8a,Zone-Q50,ZOQ50,f9f3ffec-e75a-4c1c-ab1b-115c9de9aff9
97e55bbd-b0a9-4765-94e0-13d487dbee8f,Bin-O21,BIO21,676d39a9-7fcd-4071-b37b-5d0f40c38cb0
8fd76289-88b6-48cb-a6fd-060870bcf2e0,Zone-T61,ZOT61,29b0c618-a00e-4ede-af79-e82a3dc23001
4ac5a8f8-10a9-492f-b996-8107160663ac,Zone-L88,ZOL88,ed76c834-366e-4928-b447-de711a65bb5f
e56d368e-1399-4582-8791-d07e1f8f5aef,Bin-G21,BIG21,77dc9d46-4912-41ec-a89f-b5dbb94add2f
dba70a8a-e9a5-434f-b4b8-f4f8895ed789,Row-A16,ROA16,fa4b64e7-46ee-4257-aa0b-647bda47c305
33d3e94d-09a0-47fd-9df0-764cdc0ff520,Zone-J87,ZOJ87,b87ddf50-f6c8-4ebd-953b-ce1e671a6289
8285e40f-40d2-485d-bb0e-ce6b3d8f5bb9,Row-V64,ROV64,a6a782ea-6a83-494e-b0da-9850beb7dc1f
42775b77-75e0-4c36-845e-042b5688a87a,Aisle-X53,AIX53,2a9343d2-a375-4b54-b703-64d93480c236
4e1b42e2-34b8-40e6-be54-f23d1fd9128e,Bin-N66,BIN66,6140c110-f330-4fa0-aef1-8aa98c5b56d3
d41887ad-811f-48a5-b254-7c8d1ffab4db,Block-Q71,BLQ71,ad20a40c-737b-41d0-886b-d29f84d0cc88
b3584f10-52af-4340-9aea-ae7c2251cbc4,Unit-N97,UNN97,0078e82d-8cfd-4682-8b9a-99e9b8c6d31a
cbdc544b-7db0-4a54-9e05-d86a7b2e4a29,Rack-Y68,RAY68,c93daf60-c40b-4b9f-921b-5aeb199f8839
8a48a516-7df3-404c-8b35-36130b5db6a5,Bin-P26,BIP26,275d030b-f8f1-4660-b89f-1d4824ead25f
c6f6f267-3e2c-44a4-905a-951a7fd04e0b,Unit-M62,UNM62,fdbc870b-444b-40e0-8743-8c1d85e9a77b
57a8d1f8-60fd-45d8-bfd2-3094bf681fa9,Bay-G90,BAG90,fca14dcc-7015-4c7b-8512-91d7a9d1391a
2437d564-7745-4a16-8a82-5fe6d87ef9b7,Block-I35,BLI35,547c1c3e-991b-471d-a6c0-b87a467d8954
3edda5f8-741c-4430-a941-d803fc8a1973,Rack-F49,RAF49,77f63c92-adb7-43c8-8dfa-e90871624ab1
d42c80de-a2af-4ade-8d4e-7ed884fcd933,Aisle-P51,AIP51,f5e81c9f-212e-4f82-bc8f-672a817d41d4
933aaf4e-fe01-40b6-a31d-4cb3d84f1010,Block-Z98,BLZ98,39a6bb2a-9431-47fb-aabb-13b55d7c167c
306d7d16-2041-43a9-bea3-2f5427718930,Bin-M34,BIM34,0237a891-df8a-4632-b3d5-89d6f5615eef
0a9120a7-cc07-4f07-8f73-c36f1e19132d,Unit-O84,UNO84,9a27da9c-2e89-4370-ab01-fd56c554ed6d
ede711de-2037-464a-a06c-56e11f376a78,Block-T34,BLT34,e0b2a4f2-9976-4c28-9159-ab090b0a4e15
aabc2821-e6ac-499f-afbc-6ca627d886a3,Bay-O96,BAO96,e0750e4a-3ddb-4e60-92f0-a8e03bea3187
ab6ab421-109c-43f8-be05-3b47eafe16e8,Zone-L81,ZOL81,f1acc3b4-ba13-468d-9a9b-542c5acaafe3
7e5fe7e4-b012-403b-a18a-a8e628603ef0,Bay-O33,BAO33,bd4f7189-78b4-4078-a959-86ef719992d1
6d2e6e41-09d8-4814-9204-9c6b2efa0578,Rack-W82,RAW82,8a01a43e-0bf3-4d23-94a3-879df7b36059
048b7775-1f0b-40f2-a6fe-299981d6ca56,Bay-A47,BAA47,1bb4dc0e-28bb-488f-9fc0-318ea7af6bd6
1248a8cb-c359-46e0-a27c-5964226bdbae,Row-P22,ROP22,4832e4b6-bc9f-43e4-a313-2931b8bca5ad
1341206e-3616-4cd5-af75-cb1d54b6a355,Rack-R93,RAR93,18e99af5-e566-49b3-a919-f632a0409850
0f1ac91c-fba0-4dea-ba47-8fc72d3ac2b2,Unit-T51,UNT51,c32557cd-e336-41cc-a1b1-7a430aff5a9d
ba808a10-6f68-47e2-8c2d-bd85c911247a,Section-U80,SEU80,2dc04ec0-4fea-4561-9abf-50659d46ef68
ace7d4e0-d6ec-4822-8d55-70c6194ce26d,Zone-A31,ZOA31,59d6294e-7d5e-47c3-9d4a-fcf6c96adad6
d62ccf3c-d0f3-4f2e-92e0-9040e616c1c3,Zone-I71,ZOI71,d018b5c6-477e-47a4-9943-214e1d1d973f
3453ba0a-b473-4b8e-a731-8ca01fcfd510,Row-Q01,ROQ01,fd7c0cb9-4ed2-4a9f-bc5a-31f30a1f03cc
20cd8a31-2864-4bac-b75f-95ee0135df27,Section-R28,SER28,36758489-02f4-4556-a98c-89cb33296c9b
13a00bff-734d-4c8d-8e26-4a0f8e3f0e71,Unit-L52,UNL52,0def27ef-de79-44f9-aac2-287c09b3ecba
7ef824d4-a8cd-4e52-a877-562959e46c32,Section-F93,SEF93,4d0ae3c6-423b-420e-8d30-4c05baa6d50c
6e10fe0b-b01e-4fd2-8e4d-dbcd389b35fe,Shelf-H53,SHH53,6fc016fc-a867-4412-b7c2-9fa313ad0616
a1bbfed6-a6f0-4860-be7c-5aba632884a7,Block-J95,BLJ95,db8367ef-e7b3-440b-9d0d-97d1e0cd775e
57eb80d1-5286-4bdd-a24b-503a5f19a317,Rack-W36,RAW36,36d9d53b-8b1c-4ddd-abfa-b56dade97fae
e5ae6f9a-8dc9-4a8d-9cbd-f22c85b38b39,Row-H59,ROH59,2998c2f7-3a3a-4fce-8195-c2f080165b8f
9aa9ca86-23de-4a59-8494-519b7310b446,Rack-Z36,RAZ36,8c82d6bb-92fa-462b-a6c5-2962b8b99b34
fcd24456-4b25-45f4-831c-708863e67488,Zone-A93,ZOA93,1443636d-a82f-4932-a08c-79c196edba70
181ccb3e-60a2-404e-badb-16996f434277,Section-F91,SEF91,7a9aec74-9c3e-485a-bf30-87f9fdb30e79
d0e8adf1-1e2f-450d-aa43-64b9b3a91f2d,Rack-K14,RAK14,7d940226-9601-469c-887f-bb01436ebd12
2ec6a423-d285-4243-93ad-f0fe30159e25,Aisle-N47,AIN47,df21a20a-4cfc-49d7-9f9b-adb96f01b3c9
a4eb0477-1c73-4371-8f2d-cf8bc346ea1c,Section-R58,SER58,5763d7e1-6890-4fc2-a6c2-ee9e240215e2
506182fe-1ca1-48bb-8f3e-88fb28ed2304,Block-G26,BLG26,ca55e593-b713-4de2-9ce7-a418c72ba798
2e165367-7187-40de-8fdc-78698d57759d,Block-O36,BLO36,5dce3e15-ebf9-4679-b256-064cdb796ce6
e6160fb8-eeaa-43ee-a5e1-1f7f2c59789c,Bay-W51,BAW51,d8831b9d-a1fd-4948-8347-1855a271b86f
4fb5d591-a57d-42b9-9164-2782676be2ac,Rack-H28,RAH28,a0193568-efa3-4988-b9ab-584984eb1362
ba1edf77-c875-4a71-97ac-64dff49767ab,Row-G74,ROG74,b19dadc7-7f74-45eb-abff-c82648113486
069a9186-c34b-4008-9be7-7ff187e49867,Bay-D43,BAD43,e34c9d64-d4c3-40e3-ae04-9ff71a3b2782
3750b539-1c22-4b85-9d3a-1b5f18209655,Aisle-Z07,AIZ07,85e19818-720e-4488-b62c-484b3a123e4e
dbc9360d-78a2-4ede-9981-1883545cff53,Bay-C07,BAC07,618bb674-a741-4c6c-a25a-3dba0ef4da8b
e8a6525f-2cec-4d90-b70a-aaefe883443a,Rack-F81,RAF81,d03d1841-1739-4447-8927-da80e0704918
03758ee6-4c04-4202-9487-138e76227c33,Block-B62,BLB62,8e20ff28-56a1-4f6a-8842-a4bf272f7dd6
5fa3e836-f244-41d2-8a17-2d4096676d6f,Shelf-V77,SHV77,0665c587-9c45-4c67-99d3-b2072a1573c2
bec6e4f1-a9e7-4a90-af99-b447b15599bd,Shelf-M39,SHM39,d1ae6804-68b1-4041-bbac-838f20563d06
a6961e4f-27ce-4184-a711-5606431be7ce,Bay-S60,BAS60,86be4c2d-a6a3-4d1b-96a2-9ca4652a3a3d
760e264d-ff3f-4ba8-b89a-280b29f3473d,Bin-U61,BIU61,54ba8f17-b48e-4ecd-a537-a0a216ac808b
990bd934-2018-40d7-b31e-ab20b31702c8,Unit-G31,UNG31,4f566b10-3123-408b-ae9d-ea2a44bade5e
9efafcf1-f64d-414c-a89a-6df8ef1bb869,Block-C34,BLC34,563f4588-7617-4f1a-bada-9ebc2b11c265
20b1f99b-d35d-4bac-8a47-6a6d2ac76b77,Section-K58,SEK58,02de7c56-7bad-402b-8cca-b10a0e5decc9
cf1a766c-3ed1-48af-865d-0fbf5b068aaf,Bay-W61,BAW61,7a2cd667-20d4-4ebe-ad82-3233cd71d5df
8c49c7ca-a5e0-4874-9cc4-afb623648de5,Bin-G44,BIG44,d12023da-a574-40b5-bb04-30a112ede224
a8fb085c-135a-47d2-9687-69e699916536,Zone-V97,ZOV97,92b2ee89-45f3-403f-97a2-622084c89b7c
441afa7c-f348-494d-a4fa-cdcd96f9bf11,Block-B24,BLB24,7712db1b-3238-4372-a1fb-0bd88af83585
cf5b2ea6-fc66-44ab-808b-69a1c6d0b927,Rack-X52,RAX52,70a5be1b-688a-4fd7-8d0a-85e7d53031b8
a70e7808-5456-4c41-95ed-daf620603ee5,Row-K56,ROK56,0f0db44c-e805-42e2-82ff-9d9b6c2d38f0
4becd6f7-60df-4682-b684-7a0023cf8435,Rack-P11,RAP11,d859d297-18a2-4fcd-8077-7140d618e500
50127aea-69b1-4365-acea-cfa9b1eb1dd5,Shelf-F77,SHF77,c87345e2-a826-412f-9247-b0955a5cc8c7
1b6c172b-7c10-4835-82b1-7e43c79c42c3,Section-X52,SEX52,96a17012-b9cf-4223-8a27-c18a3a971770
77f58068-8ad6-4d89-b4d7-f39d917f9575,Section-S15,SES15,9abc58e8-ea3a-4113-894f-85e27eeda87f
48d97ec4-d706-400c-ad77-9c6d6fe5643d,Section-P60,SEP60,822e56b7-c733-4070-8c9b-4635c110fd06
f03e267c-8de0-4cec-8134-3a141ec7d653,Zone-T83,ZOT83,d759841f-778b-4aa3-bbf3-f7079df802b2
735d77e9-5960-4e6e-b77b-84f09a4f7d99,Unit-J87,UNJ87,42c0149d-3726-4151-b837-8d84df8e4eda
1d7b96dd-54d0-440f-b046-689fbf74f9e0,Section-H64,SEH64,c2929648-3167-4e77-b1b2-a4235ef0bb75
196e139d-07ed-4c21-8631-c93686b21fe8,Unit-O02,UNO02,5389958a-3b02-4a73-bdc5-3e7bb09c109b
fbbd819a-ecdd-4d05-a13d-509ba0090ab9,Unit-Y02,UNY02,2f121829-464f-4656-ad59-942a09ef2fd7
cf011a65-e50c-48ce-9274-49e5b8809d2d,Bin-C98,BIC98,ef830a11-38b2-4c33-b45e-78d499487c40
6731a24c-764c-4144-b0e7-4431973a1cbc,Block-U47,BLU47,4358e79f-f38a-4542-9884-5ecb2589cdbd
6b5dc8dd-b4d5-463c-ae11-aef0091b15c4,Rack-N35,RAN35,849bef01-587d-4626-a270-72ed73d6a413
5b3564d6-bc08-422d-a249-a0680d85b77d,Row-B59,ROB59,4219327a-0d70-4e14-8be6-a09e874e6be3
49b5cc18-75fd-4942-810d-5cf02051e9d7,Section-Y69,SEY69,d9666a0b-7ab8-4a7f-8641-a700eb56273f
e5a6ee3d-a52a-4007-8cc2-a0918485fbdc,Row-Q94,ROQ94,a6604dbc-778e-48cd-b0f2-1c56798d4e20
3e932942-704d-404b-8010-cc608469bafa,Unit-G02,UNG02,a4a4dcb4-4fd4-436e-8144-eb039cbda756
fdb7d347-9198-40f5-9520-936a93eecb17,Bay-Q99,BAQ99,0f5a7fe8-bebd-4113-ae77-60fe3b1edee1
9dfb5d2b-d190-4495-9509-39bfc1e8f72c,Row-G56,ROG56,c794efd1-1844-4f4d-b84e-5230a3faed7f
e9da2696-5ad7-4fb6-bfa6-72ad47f8d655,Bay-W87,BAW87,217b9a36-f3fd-448d-a8e8-7509a7b82a7d
0ae256a0-71f2-4b5d-af63-a49063bc5e48,Bay-I80,BAI80,5cbe1aa4-6d39-47fa-af97-1ed2256c90cc
1cb90d9b-6eb9-4b7e-9a76-cdd8a3cf072f,Row-F66,ROF66,ac96526b-992e-4491-92f3-dc599b772860
eed70631-6f35-49ca-825c-458fc40fd9d1,Bin-A25,BIA25,16bfdd52-af76-4c0a-8c4c-41b3ca5bcce3
03336179-9749-4394-8e54-97091ce53b05,Row-R65,ROR65,e483ec63-06dd-4f06-90b0-03f8be4a7573
208cb8dc-3654-48ab-a186-dafa03b2075f,Block-Z33,BLZ33,cf41a315-c730-452d-80e8-33b137b8515f
22d7c6ce-691b-4937-aae3-3c9f1d5aa4ef,Shelf-N64,SHN64,32a1df47-bcbf-4cd2-a52b-8d70a9498e92
1c1b55cf-6b8b-471c-84ab-661377fc1455,Zone-X80,ZOX80,5a021deb-9781-455d-8210-4a978bdffe7a
63f6769f-a99d-4c42-992a-a0f4e95d2529,Bay-I35,BAI35,acfa70b5-14fd-4dcf-92ae-27f5431679fa
5210e3ed-5166-46a8-8125-a7d06fedc102,Unit-R85,UNR85,0f5121da-195c-443f-9eb3-dd12a501456f
44deaafc-645a-45ab-bc11-01e63aa0eec5,Zone-X76,ZOX76,6d653e8d-0898-4f38-b400-de8e1fe13ed5
4a3497c3-703a-4c5d-9cf1-cfb2a547ed8d,Rack-G24,RAG24,d3208d80-d384-4075-a9eb-45c7edd5d5c1
b9528795-90e0-4672-bfa9-7b8234bdf62a,Row-U48,ROU48,fd22231a-ca33-45e7-b51f-bc0032882f4c
00278dd2-e1bf-4502-afdc-343a1159db4a,Rack-W44,RAW44,dc3a53e9-5cc3-478e-add2-59bb5a9b852c
b0812e2e-9283-4cef-9988-6da0c8202ffe,Block-T80,BLT80,8edee567-cd60-4c42-aebb-bceb28ae113c
b2c7951a-dd34-4cef-8a59-10aaa15450ac,Shelf-X47,SHX47,78aab9e6-9bb2-4676-b5c1-718b3211893c
6b7f0345-39ec-4ed1-9c45-7d5ee171c701,Section-U05,SEU05,e5b6d178-54d6-4f16-a884-5caa7b454b36
1e072c40-5ee7-4544-beb5-919cfc30e976,Bin-T85,BIT85,a5f33690-8d3f-4e91-9b3a-fee139516bdd
2fb3a220-7d3a-490c-a99d-cd018eede76d,Block-G29,BLG29,a30a897c-41c7-4715-ae29-1d1529ecfaac
fb13d1b2-0f36-43ef-8d5f-25f0138a2a17,Bin-F32,BIF32,6dd074c4-5f63-4ca1-9a4c-885d18b52f4e
22c1eb3d-3d1f-4969-9dfe-2d79c0985260,Block-L34,BLL34,f185c92a-f0e9-472c-bcb1-23365ba300e3
994adbb5-3f99-4d0e-b5ce-5e039356bfec,Section-A57,SEA57,45c1db2a-966f-466b-89f3-61ed68d3ac98
648869ec-34f3-460e-8824-d540b3c699fe,Bin-D46,BID46,78b80c22-c9c1-4bc6-b44d-e13f70679fd6
3a4d1404-2769-4bf2-b09b-73f0b44873c2,Rack-Z24,RAZ24,1b590a77-02b5-4886-97cd-7e8c42cd50f7
6c344315-2f37-4eef-8999-b63a6c4b8280,Section-F04,SEF04,920f0ecf-8f2b-4760-b4a1-69824da5c8f1
79994da2-eab3-4797-bbae-d65ffbfdb0c6,Aisle-U78,AIU78,653d8920-9f19-47bf-89ad-3ff424a159db
91d91bb4-6eff-41f2-a723-852b263df2ed,Section-C72,SEC72,cde8b87c-1a10-4c39-a222-0935ac1c6431
8b2dc857-7607-48b8-abe4-10b3ca09dcb0,Rack-A38,RAA38,2cb57251-2b6c-43d8-96b3-6027a27fa3d8
ff814e67-4210-423f-a921-da1678fc31b6,Section-C86,SEC86,875c9b77-09d8-4cd2-9739-ad3bac53314a
cfa81938-576b-4973-a034-7878a79df75b,Aisle-W05,AIW05,7034a569-cdd3-443e-9c59-1f056fe78c68
f7707100-7f2a-48ae-8c01-b474fc04bba9,Unit-E08,UNE08,bea4f4e1-066f-4331-ac1d-eae787745b62
be26e298-0591-4739-8a3c-94cc6bc539b2,Unit-D89,UND89,bca19641-8876-437d-9a90-1aeb29ee9e15
04042ed1-a60d-464a-ab6d-ccd67656cccd,Bin-H08,BIH08,fd7c0cb9-4ed2-4a9f-bc5a-31f30a1f03cc
001a3518-e124-4696-b33e-47e3b4ef82df,Bay-Q37,BAQ37,198fe886-e0db-464c-898c-13be80b4325a
f2e95b6f-5abc-47b0-9af3-2ba7ea6a2f67,Section-Q46,SEQ46,21a8f9b5-035a-4858-9570-7bc740b601ae
4213c86c-1078-4730-b7e9-8405bf4bb172,Row-T58,ROT58,0556f741-47b5-4e6f-a434-cf2cbac71368
b3672299-084e-4653-9bc3-c8dbbbcadfa9,Bin-Z68,BIZ68,e0535125-62a2-4cf2-bb20-770533929eb4
6ce65115-c46f-48f2-8da2-cb6c17b75b23,Bay-W43,BAW43,acd8957c-f0e9-43e4-a790-d8cc614a2a6b
e584c9e2-b262-4287-8563-a516bd8db6c1,Section-Q14,SEQ14,75764dc3-d209-4f0b-b176-12d519e24052
297dbd76-cd16-4a30-b644-256616f406eb,Shelf-R21,SHR21,9d9c1ea5-1b8d-4bb4-8d9a-0f5cac9f7b94
ee5c5b41-1943-48ae-9c67-b41be826495f,Aisle-V25,AIV25,0cf25a8c-20d6-4584-90a0-c20c8e23bbd5
42f19cfd-ab52-47da-bd1e-36618242f374,Aisle-N36,AIN36,bfbb4732-013d-41c5-a4da-ecdc089c2448
5fb839ea-4314-44ad-9be7-319a9bd82710,Bin-L13,BIL13,f0e2625c-a3a0-4680-99ab-8d291dcc9371
740acdf8-0847-471e-a19a-5e65654e200e,Zone-F47,ZOF47,cb94ee9f-27d2-4c6e-afa5-bfa36a17a952
d8d840a4-bc1e-490a-8de5-4a100a677815,Row-V54,ROV54,386b5e50-9e53-4aa7-8c79-810a77e7df05
3517eb0b-fcba-4ee4-92a4-0458aa9786f6,Unit-V93,UNV93,0f0db44c-e805-42e2-82ff-9d9b6c2d38f0
90a7a713-3ac5-404b-892e-4817fb2e12c6,Zone-K76,ZOK76,18fecdba-e861-4462-9f27-d876b7d0af94
a3afbbd2-92dd-494b-946e-0c64fa761465,Section-B66,SEB66,ec9d2a74-2dbf-467a-8e8f-06cfce329346
a89ccaaa-6518-48e2-95d2-edb2abb62515,Bin-N94,BIN94,11f03e9c-3dad-45ba-bbd5-177257b6663e
7388d595-d8cc-4ae5-90a6-9de800e73d3e,Bay-I95,BAI95,dc3a24c3-1dc9-4d38-8acf-33e42ff4cbf0
3c7d3961-7aa1-47cc-9760-9cd327981698,Row-M14,ROM14,79f35b34-8a48-40c2-ba2a-32272473678f
4cff009b-46e6-48a9-9639-ae236a0e0ab2,Rack-W98,RAW98,81934fc7-7c91-475a-92af-c4aba70eb641
7de87da9-cfde-4926-824a-60c0fcf525c0,Unit-R37,UNR37,9decb293-e13f-48ae-88c2-9575df2e8c64
7000b8c7-f817-4274-87f3-ecf7cd4bd561,Shelf-W42,SHW42,099655e3-4753-4769-9608-c503b69644d7
bbcec2b9-2766-4b38-8b1f-d82dff2e7bb9,Unit-S18,UNS18,1bef9bd5-8e3f-41a1-8320-99e6b7e79374
d7143c46-0019-4433-a200-28e3123faff6,Bay-N92,BAN92,5f4a1d07-62a9-4981-8204-4e31d1d30f4d
c0b3a541-d8fb-4903-b989-d8e50143c993,Rack-H43,RAH43,8df99c9e-1522-4d61-9592-bfd533026598
e3cd5726-bc31-4497-9548-bdc271dd5acd,Row-N77,RON77,e612822e-2c99-4ea5-8e11-cda098af571b
7d52903e-4253-4d64-aab9-b974ed5eecbb,Zone-Z46,ZOZ46,bfadc20c-6db5-4c7d-bebd-aa75a3e86fa8
9b5786a6-68d2-4f4b-8fbf-3fd28f221d2a,Section-L43,SEL43,3b891c65-8673-422b-8cd0-f80a55a5a3c9
50f019c4-3cbb-4e02-82d2-bbe3fe3f4380,Unit-C08,UNC08,d44ae3ef-82fa-432b-bfdd-8ea706224537
ab67246f-fdcd-4741-826c-690dbfa3def8,Aisle-V20,AIV20,6490cec9-44cb-43c5-a4fb-f92094960a6a
5fc37245-1a67-4a67-a69c-b2d41b48358e,Row-Y43,ROY43,bff42796-1ce7-4c98-a9c7-98f1ba0bcabf
572accc0-a232-49f0-b2dc-cc66329b88b8,Row-Y58,ROY58,423626da-0319-4fea-aa1a-5e1be4ef5837
33d9d117-db4c-4786-90f3-db3a2f471e67,Row-I48,ROI48,dc7818f4-4f33-4588-bc54-f43fe85c0da1
b01960a9-9a94-4d60-940c-1a45866708c4,Aisle-L37,AIL37,1eab1b34-03b3-465d-8e42-26c464f97cea
8e7183d0-7f06-43fb-a1da-a480f4889b40,Aisle-G66,AIG66,653d8920-9f19-47bf-89ad-3ff424a159db
fb85f6cf-e016-429d-91e1-856586254ca1,Aisle-J95,AIJ95,4408731f-57b5-4bee-8377-806a808b3ad5
0c02ee48-7e41-4a47-a969-05e685f3d639,Section-P77,SEP77,02bb9f73-f93f-4c36-8d32-bbe518141d00
99eb021a-fba5-4d53-8f20-8558975633a6,Bin-B03,BIB03,d6d19efa-78cb-4cee-bf2a-ab54dbd5400a
12451262-5aeb-4bbc-82da-1c1f4c36d25d,Rack-W37,RAW37,9458bc9b-b798-4544-9c16-9f991a847e8b
3097787f-aee6-4961-b594-f0f6a126a4b1,Zone-T37,ZOT37,f37782ba-9405-4eba-a822-d063ba0048e2
aa5c1bf9-991b-4e12-988c-830f0ffbbcd5,Bay-S89,BAS89,1ce12560-98ff-4b2d-affe-e450e31496ac
082d3701-761d-4cde-b058-d64b10c9174e,Row-I93,ROI93,0bbc62dd-aefd-4df1-88be-d6b6ed0bf68c
8570f38c-b847-4e31-be39-516e44eb9118,Block-N17,BLN17,357dfc81-e55c-4bd7-ae82-88b3f67e02b4
a3d676c6-5559-425c-9476-a840530411e2,Bin-K54,BIK54,f500d43b-07c4-4ee7-8ad2-7961bb86e17b
a9e8a661-cf3a-49b6-8fa6-0ba150283356,Shelf-E43,SHE43,63fe4fa6-145d-4214-923e-e9c85739e87a
420ab506-083b-413b-a279-8a35967a6489,Bin-H44,BIH44,fcaac336-3474-4652-b48a-a88917288143
86832f29-e60b-4792-996c-43a5d3fbff4d,Aisle-Y58,AIY58,373ef994-982d-4fbc-9525-e10eaedeef1e
25ceb759-faee-477e-a629-c36c99a400d4,Row-I80,ROI80,47fe4e9e-44dc-44fb-9f0f-74780ea52f4c
9a54c254-72e6-4eee-a901-452ae9c67174,Block-J16,BLJ16,b1c60dc7-fac9-475c-816c-9d3f07a6509f
48714305-26c7-49c9-81b1-d2fa13f5d4f8,Aisle-P19,AIP19,be9f9d21-d9d0-4f8b-9dfa-2d985061d32b
0c1e2eda-0230-4319-82f9-5d326aee7928,Block-L26,BLL26,51127c55-408a-4639-bdad-6ae190581fd8
9f8dffc1-5a39-43d6-a9e1-9967a233658a,Bay-L15,BAL15,c93daf60-c40b-4b9f-921b-5aeb199f8839
10a6a868-bf8b-4150-8565-a86b3a223838,Bay-D64,BAD64,5c6cf862-1f2e-4467-b80b-bcb6f03413eb
e73d6979-08e0-4671-8d02-cd4377412edd,Rack-K37,RAK37,5136a6aa-c5d0-46bf-9e1d-ddcfb917da83
3c99cd33-d336-4495-b024-74b73d395227,Zone-R31,ZOR31,ed1aa0e2-3b81-4690-b816-f98caf93aa13
6af818f6-3e57-4e3a-8175-16ca1bb1ebfd,Zone-L80,ZOL80,5e6953f9-8b9e-4316-b0bc-282f16502dc3
ffebb10c-51ba-430c-b221-211c0c07fa82,Zone-N24,ZON24,81986417-cba6-46af-9712-7d7a0605a0d5
c0fac86d-70aa-43b0-84fe-5d0f2ac20a79,Block-R85,BLR85,3bffdd2f-dbdb-43f2-aa03-231571c9b3b5
33d42a5c-a6ca-492c-b819-2c0cb164be25,Section-L85,SEL85,e6c6404a-d8b4-47b4-a127-2553bc02ed40
1f478716-eb5a-4dd2-9402-331a69c6311b,Block-N66,BLN66,97cc0400-7e76-4e4b-a15c-dd70713ce368
74473008-ad23-4c34-af99-711911f429b6,Unit-Z79,UNZ79,b430be4e-edc2-4ac8-9f0f-65e062b7cba0
b7df5a97-87d2-4b6e-a25f-4df18290b665,Rack-J96,RAJ96,6d4a1992-1353-44d4-80be-58c5eb61ee65
93161eb3-774c-42d6-aa29-ed63b2230adb,Shelf-A65,SHA65,b551659c-3738-49d9-b03a-5b578e3c2867
c62a9a79-e4b3-47cc-87b1-ef7557f9e3e7,Rack-J26,RAJ26,7b66caad-21eb-4b59-8986-327862d9ae86
07bd3d33-2863-4e92-a67a-834b0598f992,Row-C48,ROC48,4685288a-0091-4f15-81b9-30e0cc52f89c
53d43c28-a296-4535-b075-ed5ed487e016,Row-R42,ROR42,6eb335d6-af28-4757-b774-2620341b42a7
8295cf83-b869-4827-84b4-0e48b06ce314,Shelf-U92,SHU92,f7646e37-e6ea-418c-8562-3d26c7c0bd9a
8dea6d88-403b-403f-aa02-5c343fa0ed60,Row-S30,ROS30,d4971622-5097-415c-b9e4-91f046c32190
4c90d43f-034b-4d40-a7de-51968c61f4fc,Block-R50,BLR50,6f8d1cb2-59ce-49cb-ac31-4a38671f819a
86cfc883-c6f8-4496-93da-00bd4edda6fe,Bin-V32,BIV32,d2c3b06e-f151-4978-a19d-902423ccb604
dfdc1dc0-6471-4a11-86d6-136901c7a110,Block-B68,BLB68,6c5d701b-7846-48d9-a4f1-2a44f6e7a67d
6fda3a6d-c3d7-4511-a612-adf04cd59a0b,Unit-Q70,UNQ70,e7c6ff43-d676-4651-b93b-3dcffc8b31b8
33c06ae4-3867-4f5a-907d-819c6001debe,Rack-C05,RAC05,e40dc942-36c5-4f94-882d-83ffafdfa373
5b1e89c3-17ca-41b5-8653-ff32fb4c4047,Zone-Z98,ZOZ98,5b35bfd8-78f3-47b8-a532-4c319ac6f030
6a8d26b8-8cf8-43f0-ac9e-020245ecca6a,Section-T11,SET11,5146664c-17c3-4658-9ab8-ef2075a5dc75
391ac68c-0f75-4f2b-b543-0a16d7f8fe98,Shelf-L27,SHL27,4b5e01f8-e2fc-4fb4-b664-64e6e6b492df
878cc9e4-2f8c-46b3-ad1d-43dabca8bf26,Rack-F52,RAF52,266ba388-14d2-4954-bb1b-3e4519eb32a5
6ae28042-2c46-4062-85e3-6ff4abbafe57,Rack-B79,RAB79,68ac8855-1648-4be8-9edd-e68c2278bd2c
31bd1d98-0b27-4eb4-8973-872400b024cf,Section-W28,SEW28,9385b7a9-1945-4f13-ba1a-aa21a9c79086
a7192820-cb60-4497-8747-ad16d8d26ce3,Block-H64,BLH64,ab395233-3011-4010-819f-50b8dcfb32dc
7af621da-eb08-4859-ad40-d8e7b0ffa351,Rack-F01,RAF01,213e46f5-f18f-451f-a5b3-041c22cd075a
bfb34cbc-16fd-4ccd-863c-16605acb48dc,Unit-R82,UNR82,d02a2636-d220-4526-b344-c021c96b3853
34d28f8f-84c6-457c-83ad-69e68f0c29dc,Unit-F84,UNF84,3cb3c030-350c-49b1-b0c4-0eafc45472de
4005caa1-5681-4d64-a840-9077b5291cdb,Unit-R79,UNR79,c93daf60-c40b-4b9f-921b-5aeb199f8839
b7c5e893-ba58-4bb2-976d-4c023ffab68c,Unit-J37,UNJ37,0c5fcd4e-895b-473a-b3a5-7d6a6d089ee5
391ab42d-820f-47a3-a796-4f1a11fd0742,Unit-D97,UND97,ec57bdb6-e774-40e8-aec8-09d158c4fb3f
f7892305-4c1b-4733-aac6-30b2c16998c3,Row-N52,RON52,efab0c61-d9d6-429e-963c-c68fc3d90cbe
b0f936e1-13a9-429e-b18b-3c91ff8e9906,Bay-Z18,BAZ18,ec9b94db-2711-4682-a372-a0a1f076e3b1
02a58a3c-13bb-434c-9265-1cd1b9cab1ab,Unit-H39,UNH39,08b72ea9-7650-4f43-94a8-e4976e04acff
c7a99b59-6528-48f1-85ab-ed4041e7ffec,Shelf-F38,SHF38,316d4b61-3742-4bce-ae73-8fd375ec3425
e3e5ae9b-9b13-4aa4-be07-13cad9bb6ef9,Block-N38,BLN38,1e944224-42c9-448f-ba7a-4d9602a33407
5269d90e-5023-47b9-a94b-ca2f0c7a5a30,Bay-E94,BAE94,543e7dd3-c97a-4a53-af22-36b56d6e899f
54fb178f-658a-4ec7-bed6-04bea33bdd3a,Bay-I04,BAI04,3bb6276e-4174-481e-9ecd-94b7161c32b7
7cade194-731a-4c78-b9b2-653a3ad5acbf,Row-U72,ROU72,f4a3e569-aad9-4a73-84ca-d4843c530538
dea7c883-4b83-4235-aa0d-10f977296f59,Aisle-Y64,AIY64,99bc84a3-8c68-48ab-b26c-5feb5018ad00
a55e0856-0999-46e2-ab99-5216d4290ce0,Block-N31,BLN31,9d19e421-aaa1-4758-9a69-59eeb8b1c7af
ebddd2aa-da61-48f1-bc10-eed86313b771,Bin-Z84,BIZ84,33806fc4-d6ae-4fc2-8de1-4aec3e9259c3
c3550545-0a43-47d2-8279-7cbd0aecf369,Unit-C88,UNC88,a8566ed1-d402-41c0-96d3-c9e0314ac286
882d988a-6317-4ccb-b6c6-02b53f986eda,Row-O39,ROO39,94835f0a-4d0d-455f-aa14-b60463d6d4fb
d0e0f157-bfc8-4a20-9987-3bce390cd21c,Bin-S22,BIS22,b6901c32-11ad-495b-bd56-37534b492295
a93fbb1d-348c-4850-92bf-f5bab667d2ef,Block-Q58,BLQ58,e3dfe79b-f215-4007-9cbe-544b20022c85
8f6a243c-b3fe-404e-a83c-02fe98e9a0bd,Bay-I50,BAI50,cf369e48-e139-40c9-bb18-ac7fefcaf58b
82c59e8a-a54b-4cba-ae32-5ff2a9f8c6f9,Section-Z73,SEZ73,2d445d34-510a-40fc-b9ba-ac272dfa0ac2
e60d265b-d491-40a2-8bd3-9e11937f4813,Section-C42,SEC42,d9ae0cfb-9634-4d14-bb7a-b891ea8d8954
3adae09d-5c10-4578-a718-e1be0a397977,Block-M40,BLM40,507d8983-31ea-410d-ab30-6ffb74f56283
d83d96ee-e422-4c8c-ba50-17bbe15c506a,Section-T36,SET36,deb31c93-4959-423b-952a-061b8b7389f7
8d0c5c8f-2dd0-454f-bc6a-46b8f7d3625d,Aisle-U49,AIU49,ece7d6f8-2436-49bc-a6c5-1eb146886210
47289445-c59e-493f-b91a-3ec3bba8b4a9,Rack-R73,RAR73,e0750e4a-3ddb-4e60-92f0-a8e03bea3187
62a4c2ce-2394-4370-8355-698bab392c22,Bay-Y76,BAY76,4f1dbd55-47ec-4aa3-8e59-150e89fbee3d
2e5ee2e5-9618-4706-aea8-5cd3bf1e22b7,Block-N86,BLN86,28f352e6-7e23-4b32-8872-b857721f0454
b4086b01-d1b6-424e-bbf3-7b79a75f0ca1,Shelf-D85,SHD85,24d32251-f113-4d55-98bf-9a8abda30a70
d2ce61c8-2fc7-4adb-9d3c-79c64b9a4742,Aisle-E74,AIE74,9c4ab9d4-7229-46fe-8110-3df76497170d
6f3dc62c-84e2-4bbc-b233-9c0060013900,Section-V99,SEV99,bbbeebf6-638a-47fa-b1c0-6bc2e7152ea9
2ff174ef-7ef9-48ee-9d01-e316d4412f77,Bay-M72,BAM72,9fcee584-cd97-4417-8b2a-7cabfc3fc50c
fca03b58-9d76-40ed-8299-752c7788aa5f,Aisle-F07,AIF07,d1a63ee3-2631-40c0-ba1b-1b97b92c3001
7dc3e677-c172-4763-8e36-e5eabf5c1c17,Row-G30,ROG30,a3b3b28f-8d0a-451c-89ad-13608eeec2cd
50530d6d-7ebe-49b2-8ba6-3b875127b594,Unit-Y35,UNY35,0cf25a8c-20d6-4584-90a0-c20c8e23bbd5
6173e115-21b8-4a0b-805b-7fa523d39625,Block-V92,BLV92,2215950f-3a6f-4c13-a2e7-51a607e9db75
3883cceb-ecb7-4f9f-a6a9-d07baed27c01,Section-Q53,SEQ53,99c7660f-e43b-4ebc-8216-9e7bf8e164a4
6c8b4324-d8ed-4f15-9e97-ba73530d79f2,Bay-W67,BAW67,8b58d50e-7eb3-4bf5-8f06-cc3f54eb2b67
655feece-07ff-435d-8431-c631b1746c4e,Row-Q32,ROQ32,ccf03c99-405a-4e41-aebe-ad66f2589ddd
e6e5d582-0840-4bbf-adf2-22e82c174970,Bay-Z43,BAZ43,74d28063-4ef4-4c30-ba5c-04ac1f0d4122
da698dc8-ad6a-4f0a-8f1d-7111d8573b4a,Bin-M88,BIM88,66efe5f3-8995-4377-9870-32ef034208cb
d5b1e8e0-4614-457e-a38f-79cdbf652974,Row-V52,ROV52,3256fb48-2ab4-4ee0-9da6-e77013a9b308
21cf54a3-f093-4a78-8264-ce5cd957a791,Row-Q50,ROQ50,c5502802-9273-4261-a1da-758bd033fd76
a8522ed5-d515-4975-b7af-49d766460733,Rack-B46,RAB46,68a78b7c-403e-4656-90c9-8a16ab2d640a
c28c1e8e-6fc1-47b8-b1da-6b2fd8613b69,Shelf-X17,SHX17,e8def29c-3714-4907-a2b3-1d0b68220b81
0c12d6a2-ba32-4e06-b43c-a15be6bfdac6,Row-U55,ROU55,9133b8c4-2378-4a6d-a58a-1a6fea5d9eba
4edb45ea-054c-4ee7-acf9-7e5973bb1dec,Bay-T34,BAT34,90b69905-a6d9-4754-8605-732074868fc8
757c63fb-e229-4a2b-9b27-deffd9b26d1f,Block-H22,BLH22,39a4d5ef-4c8a-4bd1-a06b-7585741acb46
2bea4354-4154-4bb9-9081-8ce063251509,Rack-L53,RAL53,43c20f45-e38e-416a-abff-b12c79e49010
22b98dfe-266a-485f-992d-0bdc8f3a858d,Bay-N46,BAN46,b238ed24-fde4-4c82-871a-e5d912925cad
9fd94f65-b279-43cf-aeab-fa877d2f7cbb,Bay-Z33,BAZ33,7b8a29e5-7030-4452-8ae6-07c1729727eb
d0d57a11-a554-4951-8589-7c8560362409,Rack-B38,RAB38,8a47bd91-8fa1-4302-bbf6-ca56a66a39e8
b0d8bb7f-3d00-45b0-b5c1-05b7e82ac449,Shelf-V66,SHV66,853e7de6-ba9c-461f-b9b8-96d5c242d701
d10195cd-91d4-4861-b662-5f99c1551629,Row-I59,ROI59,656b6b51-61da-4aa2-8a46-25bce2a65ac6
f9271219-a5b0-404e-908e-e9103336e1c7,Zone-E07,ZOE07,a52c7604-e452-45ac-b8ab-73160c9c9c59
812c428c-e1e4-4da2-bd42-3e516f33fadd,Zone-C81,ZOC81,1bf12011-4aa3-4240-bd13-2ed796fb2519
9dce942b-43ea-46b3-bd93-cd0010a4c5cf,Shelf-S68,SHS68,1eab1b34-03b3-465d-8e42-26c464f97cea
179a7d61-12a8-4e65-9845-7b7c1a9b62d2,Rack-Z44,RAZ44,3737beaf-5de8-42db-9f38-b7ac4d9a27cc
4421cd16-c70e-47cc-ab45-d397562b5e6e,Zone-U13,ZOU13,a4d8805b-47dc-4466-9110-5f9ed3ef373a
193a4d66-6df9-45e1-a55a-c8458391350d,Section-K71,SEK71,7ad05f46-d868-4fd7-9b1f-c0701db4b7cb
44732e25-def9-42b5-a342-7788ec2af0e8,Rack-R12,RAR12,11f824a2-b2cf-41b6-88d3-4aadf433c1e3
24c94f7c-e883-474b-b6a6-be74fab1bbb6,Section-F24,SEF24,c86d7f61-dee7-45f3-a9ab-8eac1d4f7653
10e308ed-9388-4f54-b3e3-d73a9f0ddd9d,Unit-P55,UNP55,5d7886a6-5e62-4a2d-8eda-bb2bff7c7fc9
3d7202aa-4abf-4f5b-89bf-d0ff6a76f7e8,Section-F63,SEF63,dba59c50-6218-444f-8b1b-a0f7e9b544af
6335dc92-f8c4-43e1-8a9a-5311394d72be,Rack-Y36,RAY36,d5dc4a0c-b9b9-4a8f-bb54-674dcafae398
f5f0eb0d-1ed2-4671-b850-d1daede7d11a,Section-G71,SEG71,557b4a2d-f958-4812-9910-d69d136eaa91
b9ab169b-e28c-4986-be18-f4d5574c5fa0,Rack-M06,RAM06,a944b269-9c15-4dd6-8c62-1d39e71533db
f26a28cd-55dd-42f3-ad5a-ebf447ce3c8d,Bin-C95,BIC95,4cedab04-b4fd-4c7a-a566-88e49575a555
4810b6e5-f064-46f9-8c23-6854682e3db9,Rack-B47,RAB47,24b0f733-7a73-4b60-9444-d01ac7dab687
8d95f089-2255-4cc2-9775-f3d5efb9b036,Aisle-T11,AIT11,a8bd7d51-cc75-458c-99ae-a2ef34916c5b
47ca33bb-f4e6-4d09-83e4-ea729be01f30,Bay-L59,BAL59,9c55317f-23a8-48a2-897e-13992ecabf14
b8466595-c5c2-4f4d-840c-f21f68a4db11,Bin-Y53,BIY53,8403449f-36a7-475e-ab53-085bbcff1423
6395a9a1-9dd6-4c26-924e-977abb88a31e,Bin-T03,BIT03,3007d0c7-256e-4a59-a489-00cbcc4b1b27
4752a43f-a77f-45b5-9db4-13254645a68d,Aisle-P03,AIP03,35315e37-04da-4f02-be8f-d1a359b9e682
71a63b88-7fae-423c-862c-8382fdb27714,Zone-T80,ZOT80,dfb2b0b0-2de5-4c72-98d6-65cbd209c62d
f28766a2-569b-4bda-8c62-6b69d2a99c86,Shelf-D38,SHD38,736d2a9f-6360-48da-8b9d-69c1fd06a3ca
99f58d50-1200-4cd6-9cd8-06a1195b4a62,Zone-Q25,ZOQ25,7a38188c-0967-4446-af15-c0ee5426f397
57fb3dfa-2abd-45e3-a6b3-be632d76d176,Bay-A81,BAA81,94b96f27-8615-423e-8f92-7ee74d200e45
2b3749d6-658d-4e6e-898a-e0935fc3dff1,Row-X95,ROX95,fdb69b74-f83b-4887-82d0-b9b9f28eacc6
1cc03ade-cdd7-4177-9ed9-f95931173463,Shelf-H06,SHH06,478d2f23-f371-434c-9eb1-c5c619e5db09
2361d151-494b-4094-ab20-6b0ba692e698,Shelf-A77,SHA77,934a5e0a-654c-43fd-ac62-122cc7617d48
6d808446-41d5-400f-a31c-a17a47879004,Aisle-D52,AID52,1bfbeb34-6bde-4a2e-a206-fc11bbcb1d41
e8d77dd6-172b-4c24-918c-26ba6d10fa1c,Bin-O37,BIO37,66e67342-aed9-4c34-a932-c0398f12dc4b
bcfe149c-86f9-4993-8b8d-85f56d8f213a,Section-O15,SEO15,58a2da1e-7d4b-49bf-bab0-0e3c37ec94f2
89e2604b-cc7b-4cc7-8437-7558c3191e79,Row-H20,ROH20,93bb9733-b902-4bc1-9c09-83b6fe94a6be
32dcfbb7-f9c3-4fe9-b20c-e3c34c21cdd1,Bay-H11,BAH11,441c0e6c-0e8d-436a-aa76-1d69579ecb98
6713e7cc-6a73-4493-bee1-f41f4dec2a22,Aisle-O37,AIO37,e13a4dc4-7585-439a-82db-29364e549629
34911200-76df-45e9-91e5-ae2115025c6c,Shelf-F53,SHF53,ed7a99d6-6d96-41e2-b2c1-89958d315f7c
5684c0b6-ca62-48ea-bb36-63d7e0690e1f,Block-L51,BLL51,fc1001f6-859e-4fea-814f-69e0e5dad6dd
35b8f7f3-102e-4cff-b6b9-66d2c09529a4,Aisle-H26,AIH26,a276e778-614e-440e-9a02-4a7705905e58
b9797341-bb0b-4b80-9066-7a749f539576,Shelf-N46,SHN46,2ace1b73-c172-450a-95cd-3d3ddd754085
ee65db68-e4d2-400e-835b-02a1026b732c,Unit-A54,UNA54,b922ead9-3729-4d9b-a664-eb762164b544
ee020121-01a7-471f-a74b-9e7d79d66c16,Bay-O42,BAO42,81678ec3-c1b7-4702-bbee-104230e53e1c
206afca6-64b5-4bb8-a641-50ac4fdc87f9,Zone-E54,ZOE54,447d971d-ab66-425c-b1c5-850f0be2f41b
557295a3-5151-4038-962c-d10b5ee9924d,Aisle-B87,AIB87,a3d81afc-3a9b-467f-b49b-fb0d938a1965
02b7c107-4037-4f2a-801a-2bddc298aacb,Block-U61,BLU61,b5f54d3b-8f28-4685-961b-ce4cf4af878c
ba2675dc-d7d0-4455-836c-a159ac7ab01d,Aisle-O93,AIO93,075a62d7-70fc-46d9-9a49-ef0a1a0d5863
593d8a79-1da6-463c-83ad-d45723dcc9c8,Shelf-A01,SHA01,d5ee3749-4db9-4dd5-b90c-07d64ab36218
25ca9b70-ce99-4fc8-9e9a-649bf93e1eb9,Block-R63,BLR63,637341f0-a6d8-4f3f-a202-1244a338b0cb
8bf55b0b-4cd9-4ca8-8423-bb0175cf4d82,Block-S01,BLS01,0f5121da-195c-443f-9eb3-dd12a501456f
f810dc66-7a8f-4a32-9644-0a5d0e779a5a,Row-C99,ROC99,724884ee-340e-45b0-b124-6bb629f6a97e
4c882139-bf6e-4f7a-96de-f0019b3b51f0,Aisle-C90,AIC90,e0b7eadf-6f79-49d9-ba27-a562e0d768ae
231e0f9b-2ca9-4c2d-a4d3-4794d081cc14,Shelf-M59,SHM59,a98eaa91-916e-45bc-9f37-2f42a2af3050
6600f682-ac4c-4566-8e3e-6ce8cca42b6f,Section-Z24,SEZ24,ed6e00da-0b42-4136-9c50-d02fa7718c31
14ada3cd-8ad9-4d85-8cae-c1a5cbfdefbe,Zone-Z25,ZOZ25,179865cc-1642-429f-aad9-eb0699ddf51b
20f78073-fc73-4632-b211-49adcae98695,Section-Y90,SEY90,1eab1b34-03b3-465d-8e42-26c464f97cea
d63af9ac-517a-4031-94f5-0435a47bbd91,Rack-U48,RAU48,e188a8f3-a4b4-466a-98ab-0cd7fa1e769a
178114eb-5b53-4a5b-a043-5036fb0f7373,Unit-J94,UNJ94,b6901c32-11ad-495b-bd56-37534b492295
3968f3ea-f7a3-443f-8bc6-03d45f86b5af,Zone-C54,ZOC54,bb73b1b1-1955-47cb-9a5c-6376983ab8e0
008d2524-ad9a-4094-86d7-fc86e544c6fd,Row-B57,ROB57,b327a364-3aec-425a-add2-7ab82eb483db
46392c4c-bce5-4e5b-9893-600c2bb5f143,Bay-G19,BAG19,51af24b1-7d5a-41e1-a40b-36438ecdeca0
a93b3e8b-feb5-4afe-8f4e-6cce702800b2,Unit-H05,UNH05,c1a71313-d49b-4c43-84e0-6425a077e914
e911198a-ba17-40d9-b137-afeed3799841,Bay-F51,BAF51,acfae3f2-9f32-4d28-b6a1-45f4e0599551
ab728a87-6b34-47bf-b20b-b534fd84a774,Block-X68,BLX68,2dc9e596-c75e-430d-878f-d90e0db4a211
d7749c0c-47df-4750-b152-0b0b017a9b40,Zone-X15,ZOX15,baf4a12c-ce1a-4bc8-b425-51614b75cdf9
aa2f8635-3752-4039-9a84-ec6782ff89fc,Rack-E93,RAE93,db057969-cb03-441b-a64c-a602b3cc7bc6
11826b77-5f0c-4043-b106-3924aa7dc911,Bay-C84,BAC84,23234c5c-de6a-4a75-84bd-90fce6d6c013
e7943d15-2c03-4e03-b91a-9134cb64e96e,Zone-W40,ZOW40,98e23da6-84b9-4d42-b74a-d947cb0f5042
ef1d4bd3-ff48-4226-89d1-cc5be00c17e8,Unit-B41,UNB41,8660cb88-518c-4503-b21d-77420400df45
c8670d0e-338c-438a-aebc-8751ba0c6ca3,Rack-T29,RAT29,447778d0-682a-4865-9ca8-78dc23399b4a
59d268a3-4e63-461f-8027-6048cdcc186e,Bay-M47,BAM47,43bcabf3-89b4-443b-bd0e-af6ad3be5967
c5e71d9d-4fe7-42a8-99f2-28728e15c61a,Section-N26,SEN26,1aea988e-1d73-4905-931d-a0f7a2d0a5f9
c5292eae-ebce-4398-a940-6645379b1698,Rack-K62,RAK62,12ea896b-bca1-4e40-a1bc-e78a4fae6087
2b82c364-0ce2-44ae-8bf6-e22704b72022,Bay-G60,BAG60,45a0aebf-7633-48d5-8417-009aa5696ddd
1ba07f36-8a24-4b93-a16a-f25a407c1890,Rack-S70,RAS70,59617915-3f51-497f-990d-75c72782aef5
ac756ea6-791b-4a9a-836e-5ff9904c7bac,Shelf-M99,SHM99,00b0bf33-5a9c-4154-8d8a-dafefab46cbe
a43e70f5-db94-4eca-ad62-51262f0b7790,Section-O58,SEO58,2058dc65-db3e-4e48-b167-98f79f0d1c85
8719ddf7-6b7b-4042-9b34-7e1fc67129f3,Aisle-D60,AID60,0222ab2c-1ae6-489d-ac5e-6062e123a711
e04aa911-8cbd-4cfa-aba8-b2d8a10c8cee,Bay-O08,BAO08,aeb2c268-34fd-4428-ace8-e137d9e9ac12
d0f67a78-292e-4379-bd7c-4d12c5d301ce,Aisle-K91,AIK91,c83e72bd-ccfc-4956-826d-97c0e82b8359
29292c5c-5c99-4a48-a602-7698c2ae12a9,Unit-V29,UNV29,4047cc25-ba21-45a8-bcf6-a36d24c12be3
7ff0575e-a02d-4d57-a22e-050443622cd9,Bin-X61,BIX61,c491f1f7-55b3-45f0-8897-09a6444c3e1a
0660ff3a-3d0d-4cb3-8047-08255249a198,Row-U70,ROU70,a3e913dc-cb53-4646-825d-524ed8f3d917
b0772df4-12ad-4d23-9712-e65490ba8f21,Block-Q14,BLQ14,10a86b64-7998-430a-b1d0-dc9f4d43db8d
e88448e5-61c1-4c31-a92b-32d87adaa45d,Block-T57,BLT57,24ea4616-c77a-48e4-b8bf-af6ca230d113
5dd08cf4-199e-44db-9ee0-88138283003a,Rack-L78,RAL78,89d33448-785f-4864-a4dd-83a47302ca59
3f79e7c8-39e7-495f-afb6-8651dd1f3352,Row-X31,ROX31,181434ae-06ce-428c-a277-dab655030483
d0608880-da1d-4a98-9d65-7e271148b82d,Section-A98,SEA98,a4f2e521-6406-4fae-8406-387badaa954f
22df9ad4-5152-4803-99b3-dcfe813df0ce,Rack-V45,RAV45,0e8498fe-f0f2-41dd-aeaa-30076e9602e1
457d325b-0ea8-4fbf-abc2-a6723dd097e2,Bin-C49,BIC49,5e1ae343-10d2-4a6b-916a-eb29a88b2b57
4811da77-9353-4bfc-bc6f-9069117b760e,Unit-G32,UNG32,7defe4a4-9a65-4359-a1bb-497d1f1fe083
628469a2-f41a-4ff0-829c-95b7ce3219fd,Row-S28,ROS28,c2fdc3ab-ef8e-493b-9e51-eb693698c361
9a5aaba4-2467-4b38-8609-f087af96b0c2,Bay-U64,BAU64,10e033d1-3d6b-4d37-bedd-9908e19c8273
7d56bb11-f443-4e4e-bb11-2df6d32fc6e9,Unit-T92,UNT92,4b3ccbff-dedb-47d2-b60b-f203667ba855
4f71ff52-19bb-4063-8620-1a5b503b1fcb,Bay-B50,BAB50,0d411e20-57ef-4e21-b109-7addf27c11d6
14e52981-61f4-431c-99dd-52089e5ae300,Bay-L20,BAL20,5d57e1be-6dd2-4b20-b5e7-904770d370ab
72496853-ebe6-48b5-945a-bc1ee7099fcd,Bin-G48,BIG48,048a3dec-c663-45c1-bd4a-42ed4b1e100f
d0d620e6-11f9-4a25-aaac-6467fae1354c,Rack-V64,RAV64,ebd89b35-f5c4-4bb0-9a6a-1d2d64b94318
c503877d-f8ed-4863-a2d3-80beb9d1751a,Zone-A74,ZOA74,0692be0a-d170-4190-b93d-4bedcd83ca0c
c732f64e-7717-49f5-9e3b-7ce4901ebfa7,Block-F02,BLF02,8e0b87f4-d972-40b2-bf5e-9676ab68225d
c5fa8744-3c02-44ea-a939-39b8c19d3779,Unit-U42,UNU42,0d3cdf9a-9399-4fc7-9c30-9fbb09a2022a
80f31a35-987f-48d9-8691-ee3f0e90556b,Aisle-U93,AIU93,6dcdaa06-ac07-404a-8ec0-6eac5c15aed6
14c5f049-2d17-488b-b427-1e9d2042dc6a,Row-D75,ROD75,96a17012-b9cf-4223-8a27-c18a3a971770
7737564f-58ca-416b-81de-d7fc6fb60eda,Block-A98,BLA98,b3109f4c-80c5-4673-8077-1368793892b3
4f58d837-0cad-42fa-a18f-122c8bd60515,Block-Z95,BLZ95,0d2ee079-bff3-467e-af68-1f8953a74f1e
a1dc73ef-b10d-4d9a-9a92-f75bb6cc03ff,Shelf-R56,SHR56,f8226aa9-9e3e-4753-ad2a-dfd03845a473
92779d77-fe4d-455f-9489-d149aa0d38ce,Rack-X16,RAX16,316d4b61-3742-4bce-ae73-8fd375ec3425
faeacddb-cdc3-4eb6-9f89-e2b3df724804,Bin-Z29,BIZ29,5aa8958d-084b-44c9-ae1b-45388d77d7c3
fae0e36d-5e8e-47a8-b5ca-0f747b32ee59,Rack-S84,RAS84,1e76074b-d9d5-4561-9f11-fc6a253eacfc
f4cd8a83-e554-4850-9da5-fb4f7b400fb1,Bin-I74,BII74,a8216805-addb-46da-a49b-b9b17649ce8b
8aa61b26-5200-40c8-b67a-fb9a545905f7,Unit-C84,UNC84,bc81353d-7dac-4a51-b645-2b7376785d8e
3f3a95ea-1460-400b-89d7-00020948227c,Rack-B26,RAB26,70a5be1b-688a-4fd7-8d0a-85e7d53031b8
d665924d-5d53-48ce-8999-c10628a11ea6,Row-W52,ROW52,f5621615-2323-491d-af98-22a00c81420f
8a86b05d-9eb2-418b-8fc1-2e0869608763,Unit-A45,UNA45,91ca9b83-79e5-4e5f-bff0-c4db6e7b847c
352fbfac-c522-4e75-bd0b-352dec876868,Row-O63,ROO63,90038e70-6b51-4809-b800-901b2fa2641f
0f22ffb7-6757-4bee-8243-19596c0df9c9,Rack-C36,RAC36,3a284353-0b35-433d-bdd4-46be3d5dd67c
3c9008ca-2aed-4558-8ac4-8b05c6857841,Row-E90,ROE90,472be053-79d3-4f71-8051-697a70aaff85
55f99e69-f8a4-48c5-8c66-7e38e0bcf9da,Unit-E13,UNE13,7779df5a-a3a4-40a6-9006-e079e68ddd5c
b578b3a7-d0c9-44b3-ab8b-31b66c836bfb,Bin-K55,BIK55,fd6f22f5-f9ab-46c6-b24f-6f6886d93b7e
d7560502-bd6f-4980-84f3-4008d0af2376,Block-J56,BLJ56,4bb802fc-0781-40f0-b1bc-07fef4e803ac
4850e32e-974a-4ad1-b549-c61885c080a2,Row-O26,ROO26,935693b1-d2ea-4482-b44f-668f6f7a74da
fc88b22e-17a6-424d-beb0-f0a7b6ca52a0,Bin-L50,BIL50,be7180a9-93a0-4a3f-b4c0-1b8c8e308a4f
77dd7530-8c1c-4d87-a89b-6d34aa6b3186,Shelf-S22,SHS22,be331087-8a16-4a2e-96d2-f4b25fd2c559
d47a3dfd-e1c5-4a53-8b79-9357a725901b,Rack-L16,RAL16,d82fd039-b1e7-4814-a03e-73201603c687
dbfcf61b-f951-4b2e-bec2-a358781a3058,Zone-M31,ZOM31,056bb41b-5cb4-455a-995e-82f0c92ed821
8fc971b5-dc1c-4cbe-9906-e045f6aabb8b,Row-Z37,ROZ37,c4828d34-4417-4925-8e69-a875cacb17d0
b51a9acd-32cd-4f0b-8cdc-1331e9879cff,Bin-F46,BIF46,bc7a0982-d383-4ce0-b0db-c0d0aa9a62ec
2e335779-8fa1-4925-a31e-5764f38feeb9,Rack-P46,RAP46,4358e79f-f38a-4542-9884-5ecb2589cdbd
685e0c15-58f1-4a46-9fff-3a079244a08f,Block-O96,BLO96,100c7790-b94a-464e-8728-417ef79b4991
faa70af1-a1a8-4d7c-845e-0c2ad0933a0b,Unit-N82,UNN82,5ccf6fb5-2244-47da-861b-308f2ad726fb
0bbb16d1-f646-4217-a8a5-26ddccaf6071,Section-L70,SEL70,e7b60f6f-b83c-4d85-bb5c-5a3cb4c08388
00dd1b0e-d9fa-4c62-8b04-e3f78c6aeb03,Unit-E94,UNE94,664f878f-2b35-4825-85e2-251883837aa4
05ddf262-dce1-407d-baf0-39d6c540abb5,Row-X64,ROX64,8ee01d34-d05c-490b-ae6d-750522f9dd06
e3029c9b-bfac-4ce1-88ff-6b6ddf6712a8,Unit-O37,UNO37,fe64cc96-24f1-4fa8-bab4-8120b7f9efad
368840ed-bfba-4ef2-b5e5-533a81323f98,Row-T31,ROT31,40f24230-098e-4c64-8e97-e3fe29c07830
14865eda-d2c1-43f7-9fb2-7194e72dea1f,Bin-T86,BIT86,926e0eab-876f-4c18-a9bc-cc690ea8cc83
feac8daa-99e4-469d-9e51-a57a089a3b80,Unit-J28,UNJ28,ab4f9df8-ec15-4ad7-9331-9411da910cd5
5a155107-aed7-4bd0-b39e-f8ae58213928,Section-L50,SEL50,2c9580c5-c683-438b-b92f-fa4f31a108f3
b54b868d-9fb6-4d35-bfca-83d4f5229449,Bin-S61,BIS61,c62ec323-e405-4a47-87b6-ef4fd3faf32f
ee3277ee-5b18-49d8-8738-11a51a293730,Aisle-L19,AIL19,8833fe9f-8527-483f-aed2-4d1b5141daff
d07544d1-7353-49ad-b4b4-9564f49a5583,Shelf-T26,SHT26,fbda4503-3a0b-44d4-aeb5-d5585b2c1c6c
523b0e5f-6bb8-4452-b9b6-53bb26392152,Block-I55,BLI55,ef455fb6-fe99-46f1-80d4-e1099ff6fab2
951887eb-6b4b-44c4-9612-cdd5d77701a5,Shelf-E49,SHE49,fa3d8483-ab18-453f-8a82-1c706750a6c3
2a26baea-98b4-4c27-8a0d-0af152e1eeaa,Shelf-S12,SHS12,74ce5eda-8dc5-4c70-9659-78ebb6e67d28
1f0dd2fb-6cb9-4506-beb7-1c6aa802eeda,Block-S74,BLS74,047aca0e-2108-469c-a91d-7628b477d71f
6eef2798-4502-4a79-b041-be45b0a0e85b,Section-L31,SEL31,1fbdb1a2-345e-42c2-9032-9850e2b0a68e
b8b268a8-62be-44df-a6ad-6017ceba450c,Section-U10,SEU10,6bacb1fa-c9cd-405d-96dc-8b883d5cd22f
9c849f30-6930-4cbb-9971-18dcbc0eb2c3,Unit-P72,UNP72,5e5cd95a-fc1f-4543-85dd-5b5498374aef
bdeabca3-d893-4d7a-b4e4-3cec28aafbab,Rack-K83,RAK83,2fdeb8f7-b907-4ef5-831f-f861a975bc61
07dc62c3-c819-43b8-a1d0-35f8c54f17d1,Unit-E66,UNE66,08df8b6e-808b-4c8f-8216-dcc371faae71
a4c842c0-047d-485e-af8d-821d88c666a9,Zone-H31,ZOH31,570971d1-0f22-4752-916e-d9acfd58da6d
f0347938-b5b2-4cb0-913f-350ccedf830f,Zone-F55,ZOF55,f576ae09-0646-40cf-938a-7488e17467a8
48cbfc3e-4b30-42ed-972f-3ec0b5991d5b,Rack-E77,RAE77,021db533-5da5-4fc8-a1c7-6ef08cb4ed5c
4cd91e8c-46ef-4109-bf02-d2b0ec2d1ede,Unit-P33,UNP33,0af995b0-1563-4144-b6eb-6b12808a04b7
015b198d-fb37-4e71-bc78-65b629ae1cd0,Unit-D15,UND15,226568da-5f79-4646-9aca-1601eaf817ba
342cd579-6e13-4d5f-b33e-682dde351b91,Unit-F52,UNF52,1e944224-42c9-448f-ba7a-4d9602a33407
7b21f41a-b744-4bc0-aa5b-d52c0dc40c3a,Bin-G38,BIG38,54442d64-0541-41ef-a0f9-6e158c2a8d08
1709aca3-3ee1-451e-9e6d-cb4b8f98b362,Shelf-O30,SHO30,45a0aebf-7633-48d5-8417-009aa5696ddd
22794442-fd9d-47db-a8e8-c3473b28a57e,Aisle-Z17,AIZ17,ab395233-3011-4010-819f-50b8dcfb32dc
5feb6c9d-43b3-468e-8a3c-0e2033f7defa,Bin-H11,BIH11,04d348f5-382e-45f5-8640-2a5bbb2f92bb
cdc3a80e-f87a-4680-ab20-0fb47148349e,Row-Q56,ROQ56,5692eb28-eacf-4cc1-994d-b6f1ed513dac
53662f98-4c7e-4e7a-92c8-8dbd29eb900d,Rack-Z32,RAZ32,0848d861-6148-4121-8001-f49b2c83873c
9c0c03a5-f6c0-422f-a0fe-63937ebd91d7,Bay-V93,BAV93,038cff23-43a8-47c4-862b-ae308ce7a06b
3292bd4b-c594-40b6-8b90-3d8f1076eb5b,Zone-Y83,ZOY83,bc0de0fd-b1a3-4c02-afc9-7da50f90e359
0df15270-76aa-4ebe-96a2-66fcba02d114,Zone-K62,ZOK62,7f8c2b24-bb64-463d-ad82-0db1d891395c
c976fb94-f6a4-4943-9450-b34a019e7885,Row-Y73,ROY73,30e2aaa6-e56f-4b4a-988e-5133e18726b5
438c74d8-0c47-4ee2-be48-c295a5e87571,Row-J27,ROJ27,fd1abf05-eef6-421a-8ecf-d4fb9d61127f
ff453c01-17fa-4b04-aa86-cdcebb4d6ed7,Aisle-V39,AIV39,5813353a-0ce8-4623-8833-1386aaf21b4c
bb5674df-832a-4799-9b5d-c7540344ea2e,Bay-U41,BAU41,e7134363-4b85-4372-93eb-5aacbfd46e57
b1d484f4-c672-44b8-b2be-604671afb3b7,Zone-H65,ZOH65,74bbb69d-2987-47ba-b1a6-c0c05f748bfa
db99c389-3b28-4f19-81c9-42d9294a92eb,Shelf-W43,SHW43,fed60f33-4d6a-4ee8-8e3b-b3a3681d7d2c
622aab1c-19b7-4137-ac1b-e50f5c14ad36,Zone-B76,ZOB76,30e2aaa6-e56f-4b4a-988e-5133e18726b5
8ba1782d-5cde-4611-8e88-5eee3a0dddfe,Row-F07,ROF07,bf645069-0ec5-4fe7-a4bd-0ccebfb76f42
e557be5f-4172-4f7e-8bb1-5dae52f34ddc,Unit-B94,UNB94,f0378854-60a5-422a-8659-f515e566fd30
9b572a2e-ec3e-4e03-b3ae-291700293e5d,Block-S90,BLS90,632da8a8-b400-4fd8-aaa0-19f5e6bdaefc
12df85dd-13c8-4be0-bee7-d11c354e6d5d,Row-U46,ROU46,ff2d780b-b0c5-4e9d-8942-63d2f2c51099
6b709f15-219f-4071-9c1e-7a603b2dd268,Aisle-T33,AIT33,47d7ea14-0b41-4890-bfa7-d39a33aa7ef6
bc02272b-a0b7-4382-8a0f-dc0f78220ca5,Section-S13,SES13,1007d885-3b70-4304-a298-54c072e013a3
7c9cde37-8905-46f3-81f6-09b4ec62e585,Unit-M59,UNM59,43bb46ef-3daa-4957-bd46-590c6bf998b5
877cc27f-e5c2-4310-99f8-045d9bbbb746,Unit-R41,UNR41,37632bb3-d2bc-47ce-a751-61b6cecd5ad2
beafe3ab-34c1-4a75-99f1-d27e3e325830,Rack-M74,RAM74,aaa93bd0-7e59-4739-b14a-a121f0b3ffaf
509481a6-a1a9-41c0-93de-10951a1b1988,Section-Y75,SEY75,2e77f8fe-9acd-4278-8bfc-f224d7fcdc7c
83a47bb2-0753-4bd9-b272-755129eb9f47,Bay-Z14,BAZ14,b6901c32-11ad-495b-bd56-37534b492295
948c7b99-e2c5-48be-b026-1727bcadd573,Shelf-A39,SHA39,17f51a26-5f10-4380-9405-fb3bb114eacd
0c72d695-923c-44e2-b78b-ad75f31755f8,Row-Y96,ROY96,bbbeebf6-638a-47fa-b1c0-6bc2e7152ea9
1fe4efdd-3c15-456e-8405-616b9802e1a8,Row-I80,ROI80,e7de9010-50ca-4bd2-a0a3-ecaa6082cd0d
4bc8f921-5024-4fe3-bb7c-3b1c19e0111f,Zone-I75,ZOI75,7b8a29e5-7030-4452-8ae6-07c1729727eb
dfa8c0c0-c7e9-4d75-b188-fcd5394bc6ba,Shelf-A14,SHA14,79a5bafc-1107-4aae-86f9-390a6f88c7ec
23fcea65-b1a7-4b34-b046-c08db6cff82b,Shelf-Q70,SHQ70,dad5cde9-1442-4c26-ab61-b52d6b2aa565
12c47087-bf18-47f9-ac37-a7a9ab491b89,Bin-T83,BIT83,2063d35b-7223-4cad-8073-e27938c546c2
4d3ebd17-d7e7-42fc-9b1e-08224e1e0ac9,Section-E98,SEE98,1401fb82-7b9f-48e0-883a-f89960b2be60
5f3fb26e-b3f4-4bfe-a877-275b2e9f676c,Section-L58,SEL58,ab7c37c0-7300-4b83-b722-b3e2ede92b7f
671fa881-0f0f-4807-ab9d-b43660b88774,Section-Q40,SEQ40,a5d83df8-8986-4d26-b732-976a1d48ac36
539dbead-9f5d-4cf4-bbe3-de5f5b03268b,Shelf-D12,SHD12,7b34e448-3c19-4fd6-9bbf-9975c8d5af8e
b38d5719-406c-4aee-b1c0-33f48409ff5d,Row-B25,ROB25,b641bee1-4377-4415-8a8e-a0facabcfe45
489081c8-4846-4fd2-831b-7a15ba87c54b,Row-L51,ROL51,16bdee1b-af09-46a5-91a9-52747c2e3a88
26040756-1fdf-453a-9709-b2351dba7cc8,Shelf-N37,SHN37,456f5485-a640-48c7-bf73-b3cee7bdce6e
addf07a1-4c2a-433d-88d8-30f6aa732ca9,Block-F39,BLF39,3b1c2b70-f620-450f-bd93-de92f4455060
92b3d04f-fa99-42e0-b73d-02fb0fe419c8,Zone-J54,ZOJ54,baf4a12c-ce1a-4bc8-b425-51614b75cdf9
79dcb601-0d01-4767-bf8c-97fc2fde8137,Rack-F16,RAF16,5c145e6c-4b35-4f86-84a8-d3586175f90a
bc12f800-08f2-41e3-bf37-dc4247e8bf6e,Zone-W33,ZOW33,de8b5900-9004-4864-8a2a-e65e55eacd63
8c33d04e-00cf-4df0-8548-5efb2dfe3109,Bin-W90,BIW90,011c9b52-3b03-4507-b502-8c9c30c4850a
fcbe3a4d-e5e9-4580-8cc4-63329924e96b,Aisle-V32,AIV32,4047cc25-ba21-45a8-bcf6-a36d24c12be3
05270c26-3bce-4758-8895-bf9700f2fa46,Bay-A63,BAA63,b89263dc-5dcd-4983-a783-8b8a7a9a40f4
ac94d6b7-90a2-429c-867b-3b8f8b934732,Row-H86,ROH86,7aa0adcb-aebd-4e5e-a3eb-b73060f9a9f5
68e2ac09-bd52-4ddb-9ed5-2a0cdc2e42e3,Section-I50,SEI50,c0fb2836-737a-4f4d-87d0-f2fedd58cf90
394cc068-a3a9-4798-bdae-fc8611f967f2,Rack-Z80,RAZ80,5060aeac-aa04-4d4e-91ca-cc4e47537ca8
965f7a9c-a55b-44d7-aa32-e190f429d1c6,Bay-P88,BAP88,c4983bbb-8b57-45ee-b5be-eb6dbcce1759
00547107-4010-4491-ab15-32754120de23,Rack-N07,RAN07,a911d736-1ca2-42e1-8cdb-d97504141d59
207d78b1-9873-4e07-b366-1d5ddf387033,Bin-Q10,BIQ10,34fa235a-6f01-499d-addd-066477c87200
49bf84d9-d20e-45a3-9400-3a3117c44912,Row-S46,ROS46,74d28063-4ef4-4c30-ba5c-04ac1f0d4122
a3acac42-4da1-4a3e-9932-57f06aee139f,Block-G44,BLG44,ed7d1378-7d0b-4662-8d49-a1dc3e18f244
7992eacc-acf7-4783-993c-ad00cbb7b8b4,Shelf-I81,SHI81,ea8d6f01-f2db-44c8-95e2-eadd95c2895e
8b0be116-4fcb-42e0-ae18-dd74183c26fe,Aisle-A22,AIA22,2582de84-6dc5-458c-8878-df4860d7a12b
95b2d208-9746-4329-bc5d-bb85a0bb8c15,Bay-U14,BAU14,4dd94759-53cc-4e3a-83b0-a8ccf7603645
b129ec36-d71a-48bf-a6d3-7bc9e4467755,Zone-M09,ZOM09,65df0065-675e-49fc-8572-925a2316e274
9343f871-c4e4-451b-adb4-30e1a496e807,Unit-B78,UNB78,5060aeac-aa04-4d4e-91ca-cc4e47537ca8
d754d5c9-f6e5-42a8-81ad-b241f112164a,Block-I86,BLI86,cc1e0f7c-b976-4f47-8585-f8680748d62d
965dcf84-a6f9-4048-becb-efd686b59de0,Unit-X43,UNX43,ae3e7ff9-69ae-4aef-8da7-feeb0f152868
def9bdfa-23f3-4575-bbb5-818be3180065,Shelf-G28,SHG28,d65cb736-11f8-41ca-8185-e913a272c0b2
190e2d84-506e-4204-8e4e-9980bc69a6f7,Block-M47,BLM47,1007d885-3b70-4304-a298-54c072e013a3
d4e8ccdf-877c-4e0e-95b7-52c2f571bc00,Aisle-Q44,AIQ44,de2cfe7b-e004-4bc6-bdda-ff793f665770
dad8ea7a-2bbb-4a2d-9b71-effaeaa21f32,Shelf-K56,SHK56,78b80c22-c9c1-4bc6-b44d-e13f70679fd6
e1ad7d98-cc13-4812-96d2-6f6ffb5f7ded,Unit-D57,UND57,11f824a2-b2cf-41b6-88d3-4aadf433c1e3
f386fcd1-3e4c-471e-954a-1d0f1c1db791,Zone-X61,ZOX61,1c9a7272-fb67-476f-b092-71fdc57c8065
1b326280-9a16-4627-9e54-ef177de576e7,Aisle-S08,AIS08,3860b7cb-d193-4677-973d-1517fa91c6f0
9a273075-a60a-4243-83c9-e4a55fc0f40e,Aisle-X39,AIX39,9caef895-ee7b-453c-9573-a075ba7b98a6
ea7520b4-7f42-4686-ad53-10f151baa0c9,Aisle-F11,AIF11,2bda2442-68ea-443e-b06a-be63a5675487
76875cac-492b-4aa8-8aec-bb8ea79404c3,Shelf-U88,SHU88,f5cffba1-aa0b-4748-9522-99c06e51220c
648e46b5-1f05-4523-858d-0880c83ed0be,Bay-F74,BAF74,1bd995cc-9b68-4def-8d4f-8a09b2a7caf0
6c19a200-cbc1-4eac-8c4a-f582c25cd423,Bin-I65,BII65,154a007b-e0af-4232-935c-f59f8dbc20f9
4da91fed-3e4b-4461-b0c3-58c84391e93c,Bay-D37,BAD37,fa7bb8d3-816b-4952-99fd-aceab947a5de
77ea4345-76b8-4bb3-8373-f08e2ea7c912,Shelf-G66,SHG66,3f324153-1f40-43c9-9d58-8e7dc6ab21c9
65e5420a-e09a-4fa8-8767-1565f2576eb7,Block-S75,BLS75,3007d0c7-256e-4a59-a489-00cbcc4b1b27
273ba920-3bf2-4cd0-b7bf-9234b682be5e,Bin-D37,BID37,f9255efa-d4f3-4452-90f6-5576887a8143
2038db19-d4af-43ee-9854-43f0c43108ca,Block-K20,BLK20,ff397d20-9351-4987-a610-56c7f9c43a7a
784166ce-3dfd-41cd-81c2-fbf93d19b543,Shelf-F91,SHF91,6713ffcd-6bf4-4c80-98f4-d60a0ca1ce39
d7b7527b-c489-4efb-a634-d8ed1817d8f2,Shelf-O39,SHO39,e43bbf0c-dbcb-45d1-85f8-d3d7b3b6fe24
7efec1ca-b955-44c4-b1cf-d2ab2c2e2672,Aisle-B80,AIB80,76972f61-e4fe-40f8-867b-159bf31a1e12
ba52871e-8203-4c21-8114-650a56277b0a,Bay-W40,BAW40,8bf84612-56c3-4818-aa08-768045d1c635
e7ab8b10-c075-4f96-a60c-a9c9553f81ab,Bin-Q66,BIQ66,926567df-c977-469d-b4b5-7513a2fc95f4
0761b791-13a8-4980-b7cf-741d963428d5,Block-M47,BLM47,f2cc38c2-2055-45d5-b586-d40dca1d6001
3d74e7d0-4928-4077-b9cc-1be3a0be6ca3,Unit-C89,UNC89,db68c0c7-8ee0-4521-aaf5-da54fdf36fc8
375ee7c9-3be7-4715-b025-4bbe6f85c2cf,Aisle-O24,AIO24,0b8ed172-d4f7-4538-8b2b-ec2641ad0b08
708f8413-41f6-4f39-b0c3-0853b37a15c4,Shelf-H85,SHH85,4bb802fc-0781-40f0-b1bc-07fef4e803ac
6913aebb-1e37-4ca0-9abd-9ee0a2129b72,Row-V42,ROV42,f00fcb33-a9d1-4bd3-875b-1c9eb2595c67
610a9d4f-dfab-4d33-90e9-9c4847514296,Shelf-N40,SHN40,7defe4a4-9a65-4359-a1bb-497d1f1fe083
ad8e9870-f4ee-4455-8977-0659ce530db6,Bin-D41,BID41,33cd527f-563c-4464-97f2-41aac8fe7e57
c2e6d6ee-3c9e-4a52-ba89-3b9825424db4,Aisle-X15,AIX15,991a8656-b533-4237-8bc2-a51fea627734
5758ae10-7542-4934-8a5d-35646fb2c1c8,Rack-D13,RAD13,15b0c09a-c428-4660-970c-866c54ddfe5b
d816b368-4a44-4943-99c0-b261feaab990,Rack-Q41,RAQ41,4db296c3-fe62-4ce3-99e0-4fbbde9cfb3b
390bd562-e76d-4015-bbb0-3744e3f061b4,Section-D46,SED46,04d348f5-382e-45f5-8640-2a5bbb2f92bb
9c28f988-88d4-4b04-9c24-e64349df2c6c,Unit-Y22,UNY22,88fc188d-365d-45a9-8795-97a40e2da0d6
5c65b62a-3bc4-4a7f-b84b-9ac9e327befd,Bay-F70,BAF70,26a6911e-cffa-4b12-ab16-515a3f510f83
de439d7d-c1d2-4f6c-8c4b-6216a4734eda,Rack-X17,RAX17,55338623-37d2-4b3a-a53a-5b391ed0ac25
b8dcd992-e9f0-4b66-9ab4-8bcc7e71fb51,Bay-M23,BAM23,aaa3a9ce-7278-40f4-8203-558f4b723f2c
e31b8a14-5749-4524-bf85-44a9ad12e13d,Row-C81,ROC81,474f580a-c34b-468c-b2c4-f243c323b791
f3728d3c-a883-4e89-b439-f22293a87ca5,Aisle-A18,AIA18,0c8f844b-9c5f-4aa2-b3ae-0e53de0c8a8c
b4417b10-55cb-41ec-8041-3272369c3676,Section-Y33,SEY33,dc72f7ab-5820-4cfe-aac7-8208a88f37d8
aff9c55b-8fca-4f9d-9ebe-a9e7be12914b,Section-R55,SER55,edb06818-bfaf-48e0-960e-95ed376a3164
b4c98260-1b16-4348-a801-88a4aab5d8c3,Rack-O61,RAO61,d018b5c6-477e-47a4-9943-214e1d1d973f
5c0b2b5c-3171-484d-bb0f-3961fbd2a97d,Rack-J99,RAJ99,8dc8c9ee-89fe-4e91-a016-c59f67623712
17103ec8-f442-420e-9806-c15fc2ee5a98,Bin-X26,BIX26,76a7cbd9-1d1c-4a8c-86a4-0c0d12026fec
0b9c3468-1ca3-4286-ac87-e53d6f18df53,Unit-P82,UNP82,aae23053-4ecc-4970-8ef2-9ee07e789246
5f173870-d523-4df4-9232-1bab1b0f8a8a,Block-P39,BLP39,19aba8fe-ce3c-4dad-8666-0b54b3d6dede
c8372f1e-931e-4a7d-90d7-9ddefee47185,Unit-W64,UNW64,126162fc-6cf2-44c4-8889-9c14293a5b04
8eeed936-0141-433b-9095-9f8f99a0c6ce,Aisle-C06,AIC06,8e0e8adc-4441-4990-b8ca-671e9b4ad0da
f5fe32db-e4d6-4f85-9fbe-e1f84d178d1c,Zone-F38,ZOF38,61d81803-6012-4143-94f4-ce15bf251e4b
de73ebab-b366-4e3f-8d79-e4b71bf6876d,Rack-H28,RAH28,126162fc-6cf2-44c4-8889-9c14293a5b04
efdde152-a7a3-4740-bbd3-c03de6185675,Zone-C03,ZOC03,0797bbe3-ac82-4a6f-8d7e-f6670a351e40
a8dd7433-5163-4566-b3ce-8d18ad989ae7,Row-E37,ROE37,a39eb212-c670-4bfb-9856-30564d6d87ef
89eb4190-c619-4082-b2be-7bc8c21e5555,Aisle-L36,AIL36,cbd2d90a-b45a-49b9-8819-9a51f21dfc5d
9be7c0d0-00d0-4090-9220-34e87bad89bb,Block-L38,BLL38,fb898c49-b9ff-477c-bcd2-ee244b9c4126
aec0361d-4f2c-47f7-8867-0bf8bd6c797a,Block-X86,BLX86,98e23da6-84b9-4d42-b74a-d947cb0f5042
43ee46cb-124c-4f58-8944-4f2499b82f2e,Bin-V27,BIV27,fff08065-b85e-41cf-bd46-098640e82187
06b76792-d7c5-4ecd-93ca-3e573829ca3a,Aisle-P56,AIP56,382e1fd7-71b0-4dd3-a3ef-96b2180eedb6
b7ba428e-b333-436b-a123-d1a0789ce555,Bin-R41,BIR41,10b38b0a-866c-4c9b-8eb6-f33e2ddb79b8
3162bf6b-3701-4b2d-929e-0c74f1dc2f39,Section-R85,SER85,ff3fb60f-3788-48c9-b59d-80b674806ba6
dc8c3f6f-e607-41bf-9c62-8bdb9a7f7bf2,Unit-F66,UNF66,bb8c50aa-4e56-4e70-bc8b-1ff4ff4caa55
dda86ea3-defe-4a3b-b674-494dcd23e13e,Section-M83,SEM83,922067b1-dd3c-44cd-990c-0da31b2b4276
513866d3-ff42-4e7a-b865-c2c91d0bf074,Aisle-Y59,AIY59,fc86d452-3852-4236-8c69-31734cdf165d
7583d08f-b422-4acc-824b-e5168294660b,Block-Q03,BLQ03,d3bbd14e-9340-4a4d-a21e-57eeb38d8375
ca766d4a-0a79-4e43-8113-5d2a598d9a98,Rack-I24,RAI24,aa332739-9ae5-4599-b22e-837ba1e26438
fb737d42-5d60-4b09-9c39-3378b561246c,Zone-O99,ZOO99,78e4d5d4-d2ba-4148-ad0e-1402c97d891c
a7054639-1adb-4f97-9238-ea6c88891c3d,Shelf-Q79,SHQ79,d5cca350-2e1e-43f6-a359-446618bb1e62
491fce97-b511-45b3-93de-c20aefd5578f,Zone-S31,ZOS31,9d317c27-960a-4901-81b2-344cbac1039c
d8afea29-583b-40f7-922a-6e4364e14ef0,Shelf-X55,SHX55,894ca47f-077b-40ae-a3da-78441f6d5285
af99e7c3-b494-4e1e-8f16-79bb372e775b,Bin-F87,BIF87,9da13ebb-3d58-4246-bc2d-55a1b8190675
8f91b8e3-f215-4b4d-8e1f-0d523dad8a7d,Section-K32,SEK32,47018599-7f16-4a95-9f93-9dbe75eba3cb
4b36d5db-9c92-4be8-83b2-7df273504db6,Row-X08,ROX08,c499608e-73f2-4355-b15f-bc140add3760
f16de372-d169-4d37-8c84-7b6a522cf091,Rack-P84,RAP84,c5ed0eea-bf2f-4fcf-850f-69de2b242bb7
61df7efe-c2d0-4d1e-ab50-7ebe507755b6,Row-P48,ROP48,3258657c-a0f1-4563-a012-e88a3c35d167
773cfc3d-275c-4b68-a598-b7d3a3459e6f,Unit-R39,UNR39,0f9d56ae-979a-468c-8ba3-1a783eaaebc9
322f5233-6dd2-4ef4-8efb-0532fc399c73,Bay-V74,BAV74,c607730d-2275-4d5e-9241-69cab645dcfc
cd555ba6-e8fe-4a5d-97e5-dbc282c246d0,Bin-Z52,BIZ52,54152d34-aca6-40ef-8bbc-42964ef45e8f
b7db8d7a-3ac9-4008-b81c-e0bd0d01a71f,Zone-O49,ZOO49,a8da54cc-8901-46ac-b194-982cc30c2caf
58a8bc47-3427-47ea-81bf-652da8970f65,Block-W54,BLW54,88683c7b-7854-4226-a255-f53f25c8082a
c66b2843-ee9e-4c1f-8dd0-034faa95b80c,Shelf-H70,SHH70,2d690d14-21ac-4ecc-b276-bc09f70f7cf5
a5b3b4c8-8fd9-4735-8972-d53aa023cd4e,Zone-S46,ZOS46,3325aca3-99c4-420d-a013-574a7011208d
bbdbe000-d987-4f9f-b96f-f62ea2ddcf6e,Bin-Y33,BIY33,16863926-40f7-4a8e-b20f-652dd9d75829
72e98398-4770-4d81-b14e-bdfb919d84c2,Bay-X46,BAX46,7bc94864-708c-4ca6-9f31-07981117d1bc
a8a9426f-9ec3-475e-961f-4d1034d618c5,Aisle-F48,AIF48,2b119c6c-aab1-4c7d-99ae-c90070dabdb7
a3a90179-3743-48ea-b0c8-f7f378167580,Zone-K13,ZOK13,bb73b1b1-1955-47cb-9a5c-6376983ab8e0
711d6419-110d-401e-a33a-411c62481b2b,Section-W05,SEW05,769e4940-5893-47ad-84c9-8b4bc2141aa5
d961a216-c7da-4814-8a64-896fc9f5aa9e,Bin-C45,BIC45,75764dc3-d209-4f0b-b176-12d519e24052
714a4687-7858-4f67-91ae-e865a3bb19dd,Shelf-S53,SHS53,9decb293-e13f-48ae-88c2-9575df2e8c64
19c052ed-18fc-4086-b2c8-981c909191f0,Zone-D96,ZOD96,0adf3e05-15c0-42b5-92cf-4c3455b99ad6
ae11016f-c85a-4a39-bb87-f53c9dd14cb5,Rack-T53,RAT53,76761a3a-8a83-491c-b193-de179e7a0d2a
ab16b8b1-71e4-4894-9083-b39542edb8d7,Bay-K14,BAK14,c408a1fe-a5cf-4529-9c32-cd4c3d26039b
d27348d9-5070-443c-bf1c-7f12087ab3a6,Block-H52,BLH52,442563a6-77a9-4719-838a-0fb431a9b84e
5b9ac09a-0982-491c-8d5e-3dd6dd451b6b,Bin-A43,BIA43,5a612dcf-ddfa-4fbd-8daa-aeed7a6a420f
898da1ec-d89f-4b65-a940-c42b6eaa2ecb,Bay-C63,BAC63,1bef9bd5-8e3f-41a1-8320-99e6b7e79374
90bb6cec-f251-454d-b3fa-83c417b57079,Row-E19,ROE19,3dbc7ca6-2732-4c32-8c01-8058200d3f4d
5beeb329-ecd1-4ef5-8929-9ce74aa7a5fc,Bay-E54,BAE54,fa433c69-91d3-4316-90ec-0dfe11f03eff
7328926a-8b78-4eb5-b87c-e42edbdbe5e4,Unit-Z60,UNZ60,64afaa80-02d5-4503-a067-6b009dcc81b1
cf996d9c-b9bc-4382-821c-2b3fee0af035,Section-V23,SEV23,016ed0e3-f454-4275-91dc-5efb766a8485
5df765b3-1fbd-4cac-9b9c-571049415f8f,Unit-D18,UND18,fd0f0b7f-d450-4c1d-ab5d-88d57c50e4f2
2ad5180c-2a60-46f1-8039-8485a47ab7e7,Shelf-O09,SHO09,afb384a2-96e5-4703-a388-ae251089ff87
7e930f19-4457-4324-a8be-a38f19eb59e2,Bin-U93,BIU93,b655d56b-4a23-4008-ba85-48b4a35b3195
4cde8708-5227-4563-834a-79d84f5d0154,Section-L40,SEL40,9ef22d8c-fb40-4312-aa62-9a903bafb050
f06d3628-5eef-4f31-bbd4-3b3e94e8f832,Zone-E16,ZOE16,3dde8005-2075-4c28-ab5d-05dd235354c5
950ca363-e432-4ba9-81e8-2b0f262acfc3,Aisle-O96,AIO96,1476f35e-c8d7-4af5-9f94-67ffad8508bb
e3fe919c-8209-48e4-84b0-33f82d877e8d,Bin-N32,BIN32,992e9bff-d723-46de-898b-819631b57720
cbc2231d-6ff2-44d7-b932-b8b6911afc1d,Section-C12,SEC12,c53c285a-b8b3-4905-ad2a-72608282e5a0
29e8ea0d-d568-46a8-b74e-a7522d2a52cb,Bin-G31,BIG31,48dbee63-c40f-48cd-b876-73d6fdea9cea
0babc91f-aba6-4903-aa9a-5714f486bf45,Rack-R65,RAR65,fd6f22f5-f9ab-46c6-b24f-6f6886d93b7e
473514a1-cad8-49f3-b47e-b5ed83b8a534,Aisle-H07,AIH07,48f919c1-ba0c-4dfb-aec7-ce9bf43e8696
68c33152-ec7b-4044-abeb-16ec304a3077,Zone-Z75,ZOZ75,e68f18f0-ad6d-4b7b-b876-23eb04180ee4
e00028a0-d2cf-4c09-b035-40b8f1ee3f35,Rack-A31,RAA31,12eff940-3507-44c9-9f9f-6afb2a3e45b3
e33d1c1a-6478-454b-98a3-02bde77ee685,Shelf-Q03,SHQ03,98844033-1821-45f4-b2dd-89f012d36809
c35eb85c-9c23-4261-8afa-d0deee804172,Block-J71,BLJ71,5121d078-861d-4d30-a916-33eff303e219
9f825dcc-c66f-49e5-bf52-5742f137ed3c,Shelf-V05,SHV05,82a6efc9-09de-4253-981b-3cc5f9c66231
68038ab1-743a-42ba-a97f-4e2b5434ca67,Aisle-C65,AIC65,4eb809be-878f-478e-8bf0-7d8bbf3adb88
0d7b143b-89f7-4b57-ac95-a28867fb3c2c,Bay-C91,BAC91,dad92389-6537-4a05-8840-b118d1a8aeab
9a85b3b1-40f2-486f-a3e0-9600b1bc7fcf,Rack-R12,RAR12,22d3bd36-ffbb-41e0-80ee-87f397917370
911a7931-22ba-4587-aee9-ff4d3d524f9b,Rack-E67,RAE67,58b8aae0-42f2-4285-a304-73748e3d3c40
09b75712-ded6-4ca9-ac9a-b1ff0c0d36bc,Block-C55,BLC55,b457b157-05e4-462b-a237-8b6f7f3dfbf3
b0486217-a6c7-4fde-9044-268164ed38b2,Row-R58,ROR58,71d66db8-f25a-41d7-9e02-3da6590b097e
821cfe3e-de8f-47c1-9777-87045d26ed99,Aisle-Y09,AIY09,a85e79b0-30d1-4956-aea7-ecb55999171b
537d3877-9152-428b-bf4c-fb74f221b7ed,Bin-T74,BIT74,eeab5d31-de62-4a17-83a1-d6a058655e91
10dc8e9f-8b73-4411-b6bd-6926fdf40b28,Rack-G86,RAG86,9420bfbf-aac2-422f-8a4b-9d6166c82d10
603eee50-89cd-49c0-ad74-1a74d1fc2f49,Rack-I25,RAI25,63168c62-b12f-4bc0-84b1-1771af9d7bf1
2e793883-3d7a-4bd3-a002-3aba1982cc18,Row-I28,ROI28,52192416-d4d3-4d41-b1b3-9a599d6421ce
ef077f5b-df70-4f43-ad0c-f81e8b2bd256,Bay-J17,BAJ17,9cbb7705-d598-44bd-acf2-9e875b417338
92cb324d-c111-40d7-b22f-8796065b0553,Rack-N47,RAN47,174ae8c4-32e2-4420-be0e-774f85631653
6f487a96-4bfa-4f3f-b18c-95e78da44fc9,Rack-Z03,RAZ03,bce110f3-8b09-4978-9eff-cb47f1418916
0468b7f4-5141-4144-9c27-fd3fc24770d3,Block-A09,BLA09,9b34724e-1796-4d62-8f5a-524e5ba58913
e3cabe7c-d1b3-42c0-b1af-e42028b48e6a,Bay-D26,BAD26,9d747d49-e854-447c-8c34-84626189fc7f
cf5c0a08-b828-47b4-85a3-e3219780376e,Section-K47,SEK47,1fdde9b8-51c0-4a2c-922c-a45d89b97290
2a4643d5-7c4f-4756-8b97-2c7cc8ec9dc1,Row-S39,ROS39,beba72d6-b5b5-4e36-a314-029c83cf3030
577bd078-ffad-461b-b09d-151a1d6deb33,Rack-X61,RAX61,b5a96bb5-2a0a-43d2-9ca9-77a7b757b71b
ad26f441-1b3e-49cc-98a5-4130d8acc128,Aisle-V30,AIV30,ae8de555-372b-4068-80b3-bf1166e38b34
c1c4a19b-6520-4031-b258-d8082c6a3603,Zone-N97,ZON97,049fcfe5-7d0f-4844-91ac-e73859d27e1f
8d324851-ed1a-4715-a983-9a42df58f3e9,Aisle-V11,AIV11,82999c54-6e32-44e4-9402-057a0c53c851
c7f2123a-c3d3-4289-9502-428057559a04,Block-Z10,BLZ10,f6b3e0f0-5d88-473f-acd5-4a36a224c075
58b4ded5-7f21-4ca6-ad94-072cb52c09dc,Bin-Y72,BIY72,e0c8a072-24d2-48fd-a783-be4e5315df70
41c13e2d-bb31-4142-8935-3f7d857a6591,Unit-P92,UNP92,db865c07-e0bc-4a1e-9e92-28576d724794
1c6afd6d-8bbc-40fd-9f6b-fa0bbffff84a,Row-P55,ROP55,15968fee-10b4-41c4-bb40-2bf5ff542479
9d0d51da-a220-4d3e-942b-0b2832d9a930,Row-L09,ROL09,e97aa383-5d07-458a-be4e-42e4d9cd5a5d
fedd1351-3f30-4406-8781-6aad83caa387,Unit-P60,UNP60,e821be63-a748-469b-aba4-b914b6103ad8
d9862ab5-0353-414c-ac7b-7ea319cbdd66,Aisle-Z28,AIZ28,fed60f33-4d6a-4ee8-8e3b-b3a3681d7d2c
ea803ab2-5c1a-4124-bf3b-cd664a078f20,Unit-C69,UNC69,62b71fa5-7317-4d0a-8156-279fccffd204
c4ded5c5-3aaa-451f-b37b-cb23b1158b30,Section-T59,SET59,52027bc9-41e6-498a-9ac6-24e5aed8928c
466960c2-c249-4c22-999f-e9e7f053ae54,Rack-I65,RAI65,1356eab5-5b29-4ae3-b86e-d7979e16fc34
55c6cae0-82dc-493e-baf3-8e642b8b0b28,Section-B36,SEB36,1ae96a83-f2fa-48ff-aef4-a8f673b0a9c6
90fa1e39-e826-41e7-9c32-d4d8b6b24b60,Shelf-S33,SHS33,431b8f2d-fa8e-4137-b0c3-934c7dbc2712
9b6c0d3d-0cfb-487a-8e04-77a5d3a233f3,Zone-X65,ZOX65,a902c603-8885-42c7-b0cd-cec70acc5b12
61b957bb-f966-417e-a5c5-44b4d3dbaa3d,Unit-Z11,UNZ11,bc44c41d-5ec3-4e42-ad6f-5181c43f8932
880e4b8e-105d-4a21-98e3-4f3629fa2c27,Section-I15,SEI15,7099d3df-7cd7-485e-8de3-80e353c5321a
a717a591-8d33-4a29-b9d0-eb149c1d04f5,Unit-V04,UNV04,7d001fa2-f30e-4d50-a230-2b7416a5bb6a
d1988f37-80ba-40ef-bb3e-c99107b05b43,Bin-V52,BIV52,1217cbf0-a052-4796-b878-f17ca177cc51
42ae37d8-226a-4acd-97b8-4b57f2980ee9,Rack-H81,RAH81,7650a13f-a879-4ef1-bfc8-abbbb26ad8a9
2e10770b-ec1c-423b-a1ba-92b626e93958,Zone-P41,ZOP41,93fce7a0-e927-4748-8981-c332eef32eca
430edb16-5b59-4633-ad8d-c0286ee00268,Zone-T25,ZOT25,c520ada3-5475-47b9-ba78-607f0a0df4dc
8ef61078-07b1-423f-a17a-4e2d6235bfc1,Shelf-Y70,SHY70,bfa7c6e5-e239-45e1-8d50-4bb5e5c2b135
3c0caaa1-dbb8-48ee-bdb6-03f09ae29121,Section-V51,SEV51,96fd2046-333a-45b6-a23d-4a000b25d2e9
af1bdd16-cb99-4e8f-a6e4-72a3985ae331,Rack-L36,RAL36,55ff0414-56c1-4990-957c-1705832d206c
e10248f3-9967-43e8-940f-649af51cacea,Bin-G99,BIG99,a4cafce7-b1c1-4aef-b6ec-6a6fcb9cb3f3
e1f0438f-04ae-4daf-888c-5db06243f28e,Bin-F58,BIF58,ab1ecddc-e8ac-4c53-ad74-761c3192aff5
b1379fe2-1a4d-4fc6-8525-1c3a4c7f43d3,Bin-K33,BIK33,b61d9b5e-83a1-488c-be1d-1849a0400f5a
dbe84e8a-540c-417d-b3da-9fe8fe56c89e,Block-H67,BLH67,1ffe29e3-a59f-4c17-aa2e-a944a3326271
6a70ef50-5223-44e0-b675-5de518880bc5,Block-O02,BLO02,d5ee3749-4db9-4dd5-b90c-07d64ab36218
ed440853-c7a9-46a5-a9a0-a194dfc2f98d,Rack-X60,RAX60,f61752e8-bab7-46a5-9992-2d2da3d25840
a1d02e66-361f-4d35-80aa-a649c9634995,Zone-G59,ZOG59,c3b1acb4-105b-40ca-a736-981aea768bbe
cd60a009-5427-42d6-8af7-969bdade8141,Bay-F08,BAF08,6d54d193-3927-41ed-8519-7e9a155018ad
c30054c0-2e56-4ae8-9739-1e51cde656eb,Zone-V84,ZOV84,f214a484-b913-4122-95ef-0fc101396cf4
4fd5e740-e1af-466a-ab31-aa58137ece49,Zone-Y29,ZOY29,e3ca16e8-7072-491b-8e07-4941fce35318
da33d10f-6880-41b0-a06d-ac1285084138,Bay-J98,BAJ98,cc2bf45b-d425-4bfa-a6e2-1b8b1dd94bf6
72951bf7-0975-49e7-8cf7-1bbd1e27cf8b,Row-Y67,ROY67,fbda4503-3a0b-44d4-aeb5-d5585b2c1c6c
9764bbdc-e4f8-4024-b4e4-3212130aaaba,Block-O60,BLO60,e79e7135-7b8d-43c8-95ea-610271a53601
1bf58a3d-4d07-4502-a8af-d2e459ccf3f8,Unit-R76,UNR76,92c8dc7d-564a-4968-a730-688b32658848
89d52206-f428-4be5-9c34-702c6cd88e92,Aisle-Z14,AIZ14,1ad6cc52-2d68-49fd-8d0c-132e64e80eb7
7c65881b-546d-42aa-940f-4c1f9f796d43,Rack-O18,RAO18,ad4ac602-a872-4157-b759-a96b624900bb
decadb49-4fa2-4156-b073-670f24b14ec4,Bay-A99,BAA99,c18d7b9a-8dd3-4dc1-b266-b4e128f1ed83
e0f04e23-41b0-4ab0-8edc-f6718b613425,Row-Y09,ROY09,ab1ecb61-8fa8-40a9-b957-c528bf0faa82
3448c7fa-b63e-4dd5-9c5e-90e1a739de7d,Aisle-J52,AIJ52,05cbd7a1-0bf6-48b0-bf14-ac0e2d1ae8e2
4ff713b3-e2de-48b8-a745-bdde9faa7926,Row-L86,ROL86,d7e2cb1c-fb0b-450f-804c-81af96970913
7415bb56-ae3e-4d4a-a94f-a85542111160,Unit-W02,UNW02,a9ae5b22-98e5-4495-bba2-108f92400581
b9cea03f-d6f8-453d-a078-5cc274863ed5,Shelf-A89,SHA89,53df5c44-7fbe-46e3-8c29-36779c32b336
c9b354d0-2fb6-40f3-b044-ad7fc5c1c1a5,Unit-N53,UNN53,ed898bc8-db3a-45fa-a36f-a40589f8e86e
809961b2-0ad3-42d4-b7cf-6fac7f06edf9,Shelf-Q54,SHQ54,23f4d5c5-2713-45ef-b097-9696e10133b4
9777f4e6-e15d-49d5-a733-f422b912191e,Bay-E56,BAE56,fadb8524-4f68-4d50-9af3-703bbce3efc8
a5fa9e62-0afd-4a33-aa2a-c131578d6f4d,Bay-J64,BAJ64,248621c7-17f9-4fe0-940d-ea67bc28ee42
e3d7396b-fb99-4c1e-a00e-770bb1833d4d,Bay-S71,BAS71,243c1979-be91-4948-94ea-316595471e91
422f13d7-fcd3-4673-b0d0-90570debd63e,Row-C15,ROC15,7a001186-0226-4703-b37f-ab880260f025
44ca2bcd-3b43-4a6f-adc1-3927c314c9c0,Shelf-Q60,SHQ60,02628bef-7a18-45fb-93be-7f671fc81478
2b756dc1-fdf9-4931-b510-f33f6133fd76,Rack-H32,RAH32,a6e63686-3766-4d45-a6f3-f1f754656aaf
64170370-6804-4f9b-9ac3-b17d7a7b7227,Zone-O07,ZOO07,e2306850-2a33-47db-9760-eb5a4e197c91
62472c09-7dc6-435b-b7de-dfcf64d3eaf4,Bay-H97,BAH97,080a4c05-9c4f-40be-a09e-7b28ade34322
5d4da003-f4e3-447a-835a-6fd371b014b4,Row-H18,ROH18,3e792924-553f-49df-bcc5-da47a1654ef3
2397ff01-9197-43ba-9802-ec8eff48031a,Block-V55,BLV55,64656982-4e4e-4d29-9e77-b6df9875b25b
aec845b5-e775-4c59-8af5-1d384d8ac148,Bin-T62,BIT62,7194ba4f-6922-4e2d-bd16-2ff05716f775
7ea53675-3423-4e32-8b99-31f49fdd9dbf,Bin-Z87,BIZ87,34cf4f54-9e76-4550-b554-8bec9122c961
99ed9dbc-286d-4601-9f1f-ce720b3518c7,Section-U08,SEU08,ddb7d242-59a2-4404-aa5c-1d59eb4af9c3
975310c9-ac8d-417c-95b0-df12b522587e,Section-Q13,SEQ13,2fb230a1-e676-4051-ad9d-6ef6423f0fd7
f2e9bb6a-5b99-4b47-a8d5-b993fa7d8c54,Row-T77,ROT77,2a8a7dfe-5621-4df7-8a2e-3844e19b4fdc
901ab274-f0ee-4eab-afd3-d35dfcaf59ee,Bin-S19,BIS19,97d5bce4-926d-4f95-8e39-6094e1233809
35e78239-e90d-426a-9ded-d5bf7117cfeb,Block-S21,BLS21,90b69905-a6d9-4754-8605-732074868fc8
229aebef-2aff-43ee-940b-386cf2f9ba74,Row-A37,ROA37,4d8447c9-019b-4782-91f6-00861fd86b9c
06afd2d5-b4e6-4be0-9e09-9232261ef7cb,Shelf-D88,SHD88,95797d55-b099-4a9b-8478-1dabdf66dd09
ecfc68f0-d1f1-47ff-9635-2c43cbd5e302,Rack-C66,RAC66,a85e79b0-30d1-4956-aea7-ecb55999171b
ed04a81d-2664-4d9e-a0ef-0dcd2eedb1cb,Bay-H18,BAH18,0277a7f4-542b-4e14-b517-eaf3ef9f38ed
8948a14b-c825-48cf-967d-51ca6ce97a81,Shelf-I46,SHI46,a4401732-2341-4276-943b-a59272802a1a
64d018f5-7119-4504-92ab-449bc2e80486,Zone-D66,ZOD66,f7eb804c-7f35-4485-ac9c-0754f20c3ba8
f9ce56ad-71c4-497b-ad3d-4e3c72b20068,Aisle-O48,AIO48,eed5ee2f-f5f3-4a0c-88a7-b0ebaeb4bd59
38e78c4f-4932-4dd4-ae0e-45b8cab4f505,Shelf-P08,SHP08,85e19818-720e-4488-b62c-484b3a123e4e
7460b765-01c5-4207-9c57-be3773b30eea,Section-I31,SEI31,483c7939-b31e-4a7f-a42d-3b1dc631ea40
4097fdb8-092e-4a23-a38c-ba24be76b4df,Bay-G94,BAG94,0eaddc2f-18e6-4140-a556-b304f8f5a7ba
23646792-d109-4f63-9d1e-9e1cbdd5eb14,Zone-M88,ZOM88,cadd4857-ee77-485d-a719-fda125b07a55
adf8a8ea-edac-4788-b8ad-77d45be1a402,Bay-A89,BAA89,84a32806-9c80-4eb5-b856-f5ad3ebf717e
e0f438f6-5715-447b-8ea9-59cebb779f01,Section-M18,SEM18,2e222c47-b2fe-4a08-8f62-5e19fb2ef2b7
530ee390-f71c-457a-aa41-587f7c1a5a17,Shelf-U86,SHU86,84775522-df23-47d4-923a-7e49960666e8
402b0903-b87e-410b-8205-23cae9cf4b12,Section-D10,SED10,be9f9d21-d9d0-4f8b-9dfa-2d985061d32b
ff8f1cfe-6fde-48dc-8830-3e58d2321771,Bay-D82,BAD82,c0c1ffdf-881b-4475-8a21-11407ddde067
0dbe05a8-b421-4d65-9dd8-0e6b46162a6e,Shelf-S04,SHS04,b4b11625-ea28-4f65-bec1-047a0b56f4ad
8a14e366-8dae-4224-9dcb-d1b31c64a4fa,Rack-M02,RAM02,d2e91fee-09ca-4013-abe4-e5ee341298af
31a70ada-3d6b-4e84-9e46-d7e6a8408aea,Shelf-H95,SHH95,b638df4a-cc3b-4c9f-87a2-7c40b7db6a38
9042d8d9-7cb1-4b4e-868a-c4b544e28887,Bin-G07,BIG07,ab49ddf9-6d56-4f1a-a33d-dad22016a2c0
2de3007d-e88f-4d80-9ac8-3cec30bcf231,Zone-E23,ZOE23,0222ab2c-1ae6-489d-ac5e-6062e123a711
5fd5cab7-796d-4aa2-b31a-8a53dc478c3c,Bay-I21,BAI21,71dc527f-2d1f-4b16-8033-a7b1ec530299
2a7ecd6d-a9b3-44c6-9f98-240cced1e5db,Row-U32,ROU32,685a4014-3159-4e64-a39f-696829796914
133c15b1-318c-400f-ba50-11eefb055d9a,Section-R34,SER34,bdaa1c19-c836-41fd-b014-2f5af35f4c02
b1732b1d-a443-4a8b-a819-5d87e3476384,Zone-Y55,ZOY55,9fe0e1c8-2334-4fbe-98aa-c642ba52671b
c3ac8b65-e11b-459c-81aa-795fa5bd027a,Shelf-N14,SHN14,97cfe62b-737f-4fc6-923e-85f99b19679e
1a89fb06-659d-4f03-9249-c48f4698ccd4,Bin-S92,BIS92,ef7d18c2-eeea-49f5-b9f7-7085350eca44
f8a8a456-7aa1-47e0-9272-65859940bbb6,Bay-X19,BAX19,e3dfe79b-f215-4007-9cbe-544b20022c85
d6d3708c-ae7f-4e5d-b0ff-1d9d273dfbe0,Shelf-R36,SHR36,982aee56-fae8-43e8-b861-b2f74e97e527
66a6f57d-d1f2-4cae-8b7e-2fd31bbd4c7b,Zone-G57,ZOG57,f576ae09-0646-40cf-938a-7488e17467a8
62a41834-d066-4fa6-9dc5-2f84889d8cb2,Unit-E52,UNE52,bd498936-8e3c-473a-8268-25b74c5c294e
d5a2c11e-2126-473c-8a42-bc491100427f,Aisle-X83,AIX83,315e1505-c858-434c-9fb6-7413a3f1d721
1218b0e4-ff7a-40fa-921a-da0ae9c2d721,Rack-R14,RAR14,2fcc4414-a8b9-4812-a51c-a9562694d889
76d1cd16-889b-43d5-9119-e0ce5452c9d5,Bin-S85,BIS85,440578ce-cbf6-4276-b2b6-dcd95345b373
9716231e-9a2e-4827-8c39-2c48c08481ea,Rack-F25,RAF25,0e59b77b-1332-4f6e-9726-e6c8c555e940
5fcd3fde-abc6-4e8c-bc32-c77efb22bf8e,Section-L72,SEL72,cb77a66e-1eea-4291-9a64-174440f3b4dc
5670daed-b19c-4265-967f-a7f6b77581a1,Bin-H45,BIH45,b23ce30e-bb0a-4f26-a5ea-f12fe12c26f1
f075f3f9-86ec-4133-a5d2-b1b662c7d467,Rack-W27,RAW27,000d69db-656e-41ab-ba0b-e779f4c80d6a
54a9106d-49ae-47de-8988-69d1db4fec6c,Aisle-Q67,AIQ67,247f7ee4-7990-4232-bf49-d5acb85786ee
9f79a2c9-7c27-4f67-8cd5-c267afcd043b,Zone-A64,ZOA64,a3957bf5-ff7d-4470-acbc-2e2b0874325d
a03bb62f-6a59-41cf-85df-38325ad64ba5,Rack-P92,RAP92,fff1b20a-ca47-4b22-875b-921ebcbaafa9
58b037a1-7d61-458c-b57c-5cc2c14dd783,Shelf-S88,SHS88,2de89b6e-45c3-4aae-acc0-7ce02ae7deef
8dfa7371-f4bf-46d0-8410-d874bc1d8b6e,Section-L34,SEL34,feba189f-eba4-4c8f-9223-79a35d307340
61a50be5-1edf-46cd-a616-6e7a8f50f964,Aisle-L24,AIL24,9aea5f4d-9245-4ade-b88f-450347db8e50
a75aede9-e52a-4a9c-bb85-fce85c5e9c95,Row-P63,ROP63,87c809f7-8afe-4a6d-876e-6c431efdb0d2
647ab6dc-3924-4a68-8b3a-52af0b5fc7a0,Bay-J36,BAJ36,f58dcb90-b43f-483b-a9e8-fb0cdf035fb3
366b9386-6721-49bc-8ab9-26551a718e9a,Block-I76,BLI76,e60df105-5a73-4a7b-b391-973c12d3f759
4b60369f-99f4-4656-bfbb-24e5decd43cb,Rack-J55,RAJ55,5e5cd95a-fc1f-4543-85dd-5b5498374aef
449e8c92-22b8-40df-99cc-d9d8da353c9b,Rack-B56,RAB56,f804778c-00be-4dc2-af11-1ffd31d519fc
815a091f-4120-497c-8704-ebfcbb0f2741,Block-S69,BLS69,c3454a2a-9d56-420f-b783-d2a7346ce920
d2bcd21c-6c4f-4c6a-b936-a02ab44e7e9f,Aisle-M39,AIM39,076c3dc3-2603-4314-88f2-58db8bab852a
ea4e3193-c4c7-4dc6-a85e-be296c8d96b9,Block-E95,BLE95,71b8ba37-18d1-4ba5-b534-dc01d2503f3c
cbe02e87-a4c1-4b42-ae0b-40eaff008a31,Zone-Z47,ZOZ47,3e3e8744-f001-4994-8533-745b5721689d
134e58e1-8568-4350-9879-54424cec92fd,Row-O76,ROO76,0f773962-ae5f-43ec-9105-f5819150af82
235b8943-d1ee-4edd-98b3-5a5b8be4b184,Unit-L84,UNL84,9fd45a6e-7479-4f9c-af78-8fcc23c8c5b8
69c2d16c-2e54-4bb6-96c2-6f5f9a917ccd,Block-A75,BLA75,ef63627a-ee8d-4e18-a310-15e9ea577114
11c5eb62-4aee-47cd-90df-edf665b1449b,Aisle-D03,AID03,a2c54c29-0d21-47c0-8e7e-ed0603710935
e9094d7c-96f6-4277-99dc-68964dd540ab,Rack-O21,RAO21,172a87dd-c4ef-4a2c-a54a-8ab593880276
2512ffa8-6fe1-47fe-ad0a-ca2423e0bc73,Bay-Z46,BAZ46,25cb8776-f155-4b4d-aee5-0affe68c3dab
71b92677-3c4b-4600-aea4-3c2838f8b220,Bin-N06,BIN06,63c586bd-a130-440f-9514-53af30d61fcb
e6026063-8e6d-4efa-b584-769b1aee8c22,Block-B74,BLB74,a3e913dc-cb53-4646-825d-524ed8f3d917
072a9cd7-83a7-40f5-91c6-5aa7bc5e155a,Aisle-U96,AIU96,8b5a2e00-2057-4df5-b28b-d586febcaf1f
dabb92eb-f9c2-433b-8acd-e0243bfbf677,Row-A57,ROA57,22d3bd36-ffbb-41e0-80ee-87f397917370
af3ae9f8-f688-4dbf-bf0d-930ae904be35,Aisle-M18,AIM18,44830eae-ba81-4de2-949f-1dce5a71a2ac
26ad925e-d524-464c-8f1b-960392b634a4,Shelf-W62,SHW62,80e17353-dc8d-486a-adc6-52ac842dc7ae
16a92ee6-3252-4bf8-8e89-e86501a8dd66,Section-D88,SED88,a1569ed0-f30b-43dd-a439-044b482b5ad1
6541c9da-358b-45fd-a256-43199c5f67f5,Rack-G17,RAG17,f2c003ba-ae0c-4bff-b507-b53701bf3259
1fb9f088-b278-4645-8d1e-000dc2217d08,Rack-U30,RAU30,1fb2296e-7e52-4e8a-99ee-d586a04d3ba0
c0dcc358-6287-421a-94af-e1e5999f4b90,Bay-H87,BAH87,3ea783dd-0fad-4bdc-8ded-d7a08833581e
daacf636-aa16-427d-98f2-b0be0297116b,Unit-Q34,UNQ34,4adadbf2-fd2f-4980-9bca-be2136511c45
4cc8268f-8e37-4eda-bcda-51661328124b,Aisle-O72,AIO72,c9e0f9ed-54d4-4f71-99e6-1e56bc54ae6b
8fcbbdb9-0819-4a27-820f-7d1311e46b9b,Zone-E88,ZOE88,975caae8-6baa-4291-bb55-2b4829f168a6
c7f60753-594f-44be-802e-835ef6efc1ad,Block-C64,BLC64,0c8f844b-9c5f-4aa2-b3ae-0e53de0c8a8c
b3ea5c95-e453-4da4-8c0c-dcdd963d5751,Bay-S54,BAS54,5c595782-b339-497b-a03e-9a89e1a7474f
3f4b83d3-be83-4015-ae56-8c79cbc2c8bf,Zone-Z40,ZOZ40,97baea34-adde-48ce-ab71-db125031511e
d2cf5ca6-5521-4f5c-abe0-de25dc8e4a00,Zone-W80,ZOW80,5ad80188-dccb-4733-82b7-fa189bb126e7
bb101ef1-2150-4698-ae00-913dfa8ce9cb,Row-X65,ROX65,0cb12642-8178-4088-95c1-b69590e937e2
321271d8-cd81-476a-a1a1-5739cac7db90,Aisle-O93,AIO93,36ba50a4-229d-4c4c-bdc3-e73744809f9f
ec964784-ebb3-4b2b-a3f8-eb73f0069b44,Shelf-P91,SHP91,5714bc1a-c9d8-47ff-8002-06d691f30c2d
31c71054-076a-428d-abd0-1ae0026b225c,Aisle-O94,AIO94,f50c556e-7ae9-4787-82c0-192705d7d037
802ae7ed-f527-40c5-a70e-e18e8d34d00c,Unit-H17,UNH17,61415e94-2042-4ed2-b341-8cbf6d202fd4
00c44db9-33b4-45ff-9859-333f293da6f2,Bay-A21,BAA21,b82a91a3-4fc0-4dc1-ad2c-62b3ed0b673b
5dbb08f9-4761-4f62-b2a2-18a6d764ce2e,Bin-G51,BIG51,5f878fe6-73f4-4e9d-8ef0-962146aa0ac2
6894da6a-b143-43bb-8fa1-d1a697565a59,Row-M14,ROM14,ac96526b-992e-4491-92f3-dc599b772860
caae7034-7615-4090-9c1c-eb25f0b12e8f,Block-I91,BLI91,a420e12e-cd01-477e-ba9b-13163b85c8d4
de8dd0ee-6b5a-4f93-a94a-cb91210ce555,Bay-B36,BAB36,1bef9bd5-8e3f-41a1-8320-99e6b7e79374
c7217fbe-d52e-4b05-9a86-aef1c6f22115,Zone-V47,ZOV47,6055b181-d824-4a08-9803-b73ea141517c
f7488ad3-56dd-4c9a-808e-844c0f317449,Shelf-F71,SHF71,12cbb6f0-26aa-44ca-a888-465da04a861b
ac3f62dc-ea14-4da8-9930-68f8bcfb0991,Section-Q11,SEQ11,8185d20f-ad69-4a3d-ba6b-ba1e336cb551
ce1a2b6f-3376-4af4-9c41-70a290d23291,Rack-L01,RAL01,20d2e885-4da7-4062-8f76-3776429c320c
95523498-ae3b-4d89-83ee-770c2dadb3c4,Aisle-R92,AIR92,37837905-f40b-4b09-baed-be7aa73888a6
145d3a01-8f09-497a-b991-20ba1f564a02,Aisle-B62,AIB62,940aac04-f3b0-492a-a903-0027ffd19823
74021a98-b020-4894-9c10-40f0107937a1,Zone-S46,ZOS46,5e0b1ddb-ef7e-487e-819f-21ba34bf509e
f4408138-af74-48e1-a0e6-61ff044d7207,Unit-W18,UNW18,f4258ef2-3e8b-4fa0-8cd4-54e748da064a
8d0ceff7-0e8f-42a1-99d8-b472526e7186,Block-P62,BLP62,33806fc4-d6ae-4fc2-8de1-4aec3e9259c3
1fb7c38c-1b03-496d-a27c-31f9d2a8a5ff,Aisle-G80,AIG80,c32557cd-e336-41cc-a1b1-7a430aff5a9d
e18045e9-811a-4d3a-b7ab-d41b09562309,Zone-W34,ZOW34,a52df4cd-3ef9-42a5-858c-e1e08f74cef4
6302db19-5b1e-4b12-87ec-669aad96192e,Section-U59,SEU59,fadebc6c-06e2-4d05-8050-d6018ccbd7fe
1df33b8f-3408-4225-9653-66a5ed9f9af7,Aisle-W57,AIW57,8b1f7222-4329-4c0f-9779-87238a43627f
bc4b0797-c0fd-4873-8f41-41a09571db4d,Section-T54,SET54,6f354091-8841-48a5-b481-4ae3ae259112
ef69d91d-a21c-4d7c-83c3-ba868d54d870,Aisle-C45,AIC45,af9b83ec-755b-4153-b3d6-06c07e14131b
54c7e99a-0ddb-40b1-be14-54cca80cfa45,Rack-A18,RAA18,e748e37c-dd16-4cc6-b257-d983402ae984
7961ea36-e5fa-42fc-a4a7-1e027e8424d1,Rack-P57,RAP57,d69f2a9b-6ff5-4e7f-8462-c7d9a7196247
f104454d-9580-4c06-9990-6ea13df6e54e,Shelf-I25,SHI25,ba5cc58d-2747-459d-8f71-53c7ccd06a42
9d8d404e-e966-4840-b9e8-b4944850d6c4,Unit-M73,UNM73,ed6b8a3d-fa12-4d96-aebd-2672be127a48
b4a73904-767a-40d8-b3e8-e0612fb4f0c8,Zone-G64,ZOG64,ffacab0e-d67c-49f3-a134-9b88f1ca6441
c12f88e9-6ad7-48b5-92cd-53735f85e2e8,Zone-L61,ZOL61,32e91734-1075-4430-9432-0450dad664bc
6460ed94-63da-446a-a9c8-85649d7e0237,Shelf-A46,SHA46,12f48605-e88e-4490-9fd9-5e80c2ddb5d4
361b38f4-5243-4849-a07d-4194a7978dbb,Rack-R73,RAR73,5eb420c3-42df-43ee-af01-3f9adbbe0276
1dbf74d2-4d7e-40a1-b584-4492daf897cb,Section-C72,SEC72,705f3aa1-b357-440c-9222-156b46ab703a
3e3ee738-465b-4e12-a50e-6c751ddb2bb0,Section-A86,SEA86,36c10538-9a0e-4282-ba02-b8ce2a27eda3
50ef4f9b-7699-49d3-859f-ec1a8766e114,Zone-B61,ZOB61,f039d944-707d-4f1d-aca1-fa0d93ee294b
b2ce3995-0efe-498a-b3e8-42eb8efe691f,Section-O58,SEO58,a79bb0ae-40ca-48a3-9507-501db51dcb0e
a266f642-d89b-430a-82bd-6e010400c6e6,Shelf-E79,SHE79,72aed064-df7c-4587-99cf-83d0b787b074
835185f5-9770-44f0-9163-bbc37ad23c65,Section-I11,SEI11,cba5ddac-f682-418f-8e52-826f2f76f07a
f7770209-7903-4f9f-91ff-9180ee45913b,Unit-K07,UNK07,52192416-d4d3-4d41-b1b3-9a599d6421ce
ffe07e75-84a6-447e-b5d8-55a1cf30155e,Row-V48,ROV48,a622e7e7-77de-47d3-b6c8-91f73d95e084
ef0b4a89-c49f-4be6-9218-7338c6d23e47,Rack-Q20,RAQ20,62b71fa5-7317-4d0a-8156-279fccffd204
b9372010-bb50-4435-80e7-bab4c0f40b5e,Unit-W03,UNW03,e2695af7-be2a-4011-b967-5dea6c94d4b8
02ec0544-446a-431e-8946-5182303a73f8,Bin-B61,BIB61,0ecdfe5c-32c5-4f2b-9b2d-2cc061d3c946
925aeeaa-ee86-4f2e-9be2-c5ee06e43bd0,Aisle-A72,AIA72,a947d807-cf87-42d3-914f-db55b1773567
9d492bc4-17fb-439b-ae2a-ed974d7d8359,Shelf-F97,SHF97,0ec2a3af-d926-48b7-aff2-43e6cfca992c
0883d42c-e5ca-4365-899d-e5fb056144cf,Unit-S97,UNS97,a547708f-83d5-457c-8326-91bfa4e31d59
0355300f-8e4a-4db2-a072-09481a8676fb,Zone-F32,ZOF32,59c16242-624d-4efd-a4ef-8763fbefe814
e384ae5f-e85b-463d-af4b-bf957d9a503d,Zone-S53,ZOS53,251a14f5-58e7-4104-934f-610c059bfff5
58c1de28-b28a-46fc-a623-8490732c09e0,Aisle-H27,AIH27,42802fb0-3d30-4a46-89a9-f8686e4c7c9d
3ff1d417-935c-491c-b87e-668cb98ccead,Zone-Z80,ZOZ80,71dc527f-2d1f-4b16-8033-a7b1ec530299
2f47750d-b7e3-43a5-bf0a-bd5220405c4d,Row-L15,ROL15,447911b3-0a36-4161-8331-56ca87cd9b11
7fb7457f-bdeb-4c22-89e2-0058e1efa35f,Zone-O80,ZOO80,0eaddc2f-18e6-4140-a556-b304f8f5a7ba
1fc62d4f-1260-407a-86d0-9a11ac131784,Section-F26,SEF26,e25ba8ab-3417-4a53-b4a2-cd4e77554214
f72411ad-ae3d-4d0f-90a2-9e3b9db272c4,Unit-Q69,UNQ69,9c92bc50-eb77-40d4-8062-eaff57d3bc83
fce28fc7-cf8f-49b3-8876-6329ab89f329,Block-A78,BLA78,7c5ea4f6-997a-47c0-b8a7-6907deb695d2
c28d7eba-a0ab-4fd6-a916-331b18deaf94,Shelf-O44,SHO44,def80e4f-3303-4fcd-a928-fddedd63a457
6790793b-28d3-4e1e-a875-758f57a52f1e,Aisle-Z94,AIZ94,53205519-9471-4539-aeb5-fca013c6568d
c36ad2ea-4ac9-4d45-9100-11d4e1041f1a,Shelf-H04,SHH04,573bc4fe-733d-4b63-a4fe-72956a1f9af7
e858b588-f41d-4d96-838f-272634bd0855,Row-Q81,ROQ81,d54bf0ca-28dd-4ebc-b260-419889256710
d6dad22e-e52f-416a-b250-3d69d3f6de1b,Block-P84,BLP84,225b475a-980a-4787-8885-762b89d1b2f2
ac27a618-c449-4dea-a8cd-a0b6c83a7204,Unit-W63,UNW63,877fb118-6693-4198-9eff-6c7be2e1e1b1
088a06f7-d7db-4f2d-adcf-7c00911daccb,Zone-V70,ZOV70,aaa93bd0-7e59-4739-b14a-a121f0b3ffaf
e6b71d11-b032-4a1d-8cf9-f2aaa49c16d6,Rack-S44,RAS44,681c936f-df83-4c7a-9942-18e24a228b57
f6b59891-1bce-4f77-b110-90222f99fd98,Shelf-J43,SHJ43,88a300c4-35d4-453f-9ff6-0ab479eee3ec
89121bea-c767-4e33-81de-49808ae50039,Bay-T57,BAT57,a1520f5a-d557-4ee1-8815-d7dae2924df8
f6bb2d7f-974b-45d8-96fe-b6d05c4203b8,Section-M53,SEM53,2593b6be-d4a4-4927-a41f-8ee022d0b5e3
4d042c14-669b-4661-abec-f2a1125ad42c,Block-E58,BLE58,5dce3e15-ebf9-4679-b256-064cdb796ce6
12ff5df2-f401-449a-8c61-52eaa7b2171d,Unit-N44,UNN44,34171f9a-472c-455c-b8a0-0c0ab4c20ffb
a6a1715d-73b6-4479-9b28-d6f1d1060dbb,Unit-D37,UND37,174ae8c4-32e2-4420-be0e-774f85631653
123ad57d-fcec-4ffa-beb0-9960f0fca1c8,Rack-J29,RAJ29,40fd7eac-1212-4597-814d-768afb249d43
85ba69a7-80d4-4de8-8583-93659f03173b,Bay-Y85,BAY85,839a19b9-8fda-4c33-8e40-883a7aa440ce
b16d9497-2ac9-48a9-b7ef-ebdb5017a41d,Rack-V89,RAV89,8d501ac1-7dda-4c86-a12e-b7cab1c27c65
c86d4624-7747-4e3d-835b-cb9ac5df6757,Block-E14,BLE14,1f2851c9-56ed-4cfb-b5fe-e796c03e044e
c7a52522-6375-4935-bc00-8492cd69226e,Block-I85,BLI85,52564c22-0a56-4da2-9126-b6231579f190
ced1b79b-c054-441d-ab85-cd2d127f833e,Bay-T26,BAT26,f04827f1-7a77-4025-a701-9350f9135d74
415e7807-b1f6-468f-9d80-807e0d28310b,Bay-D55,BAD55,ae5f3496-dabd-4cb6-9d0a-1f659c9b7de3
906c45b3-1a80-4b7a-a5c1-f90febe0d249,Row-I05,ROI05,f592a19c-4d41-45a5-ad36-f1e90690603a
8135342b-796e-4e88-b8e2-34d891599dcf,Unit-V72,UNV72,e9617660-cb39-4ac7-a982-0a6dadf42b42
1a4ec28a-a63e-4229-98f3-5351f172c41c,Bin-Q95,BIQ95,81440ee1-631d-4d20-9877-65533642a903
72ce1cfc-6b09-47d5-91cc-9d79e3e8ade5,Unit-K58,UNK58,eada2e1a-e044-4657-abdc-7357338f1187
a6b7398b-5cdf-4211-adac-0a6f7b7a9e3e,Bin-C97,BIC97,59882b8d-9cf3-46e2-9055-b698f1a89300
ed817c3a-790b-4078-b3d6-ff1d9852b134,Rack-M83,RAM83,4c4abc56-ed53-4901-909d-62d9b9ec05d2
75bcf973-9f85-4c41-96b2-f40d5221812e,Row-U20,ROU20,f0b96ae8-8195-4c87-a28b-73cc28f09651
5b58f162-5283-4fa2-a5c2-68a0c5c741d4,Bay-C65,BAC65,9a53cd3b-1aa6-4163-8006-f97d6a166983
09fa320e-66db-4577-aaa3-de74122d5fd6,Bin-H84,BIH84,3cb3c030-350c-49b1-b0c4-0eafc45472de
bc2e2fed-2ad6-4ee1-adb3-588034e9bbe1,Row-R79,ROR79,d4971622-5097-415c-b9e4-91f046c32190
861d3e87-843e-4c29-9f9a-6afcb3d01af6,Section-O61,SEO61,de4eee7b-f66f-49ce-931e-4adf119a083a
885cd3ba-1fa2-49cd-87a7-a2079430f4b9,Shelf-F36,SHF36,b031e138-d906-447a-9024-9750bd30744e
02a4a408-30c0-4617-b821-5e8a2bf3c3b1,Section-D56,SED56,88a300c4-35d4-453f-9ff6-0ab479eee3ec
4dbbbb6d-54c2-4421-94d3-86d09c632216,Zone-V86,ZOV86,bd512d14-485d-448f-baff-c9e21b948d78
a3b9a454-f46e-4b97-922c-8fb3c6313be0,Unit-E34,UNE34,d862ada9-388b-461b-8786-de99bda1c593
942eee13-1c61-4160-9e40-cc85ce9baf40,Row-R02,ROR02,ea071430-e34f-4401-9d43-b3f36674d63a
c2fcd315-8a9d-4dea-b56d-92f0f21e9cee,Row-A38,ROA38,3861fb22-fa69-4a91-a1a5-fcc95c51b9cb
6f5c4c37-b87b-4218-808b-6d871797aa1e,Row-U76,ROU76,30891fe2-d769-40fe-aa56-ba95c6c32fed
6b12ad85-f5ac-4c0d-8718-2b59c6209f98,Block-L09,BLL09,cf38c1ce-8006-4c1e-903a-4f8fcb389ee5
9f16317b-8e1b-4573-bdd2-8bc8efeb4284,Row-L51,ROL51,ace0fb6b-d5bd-41bb-8776-4528bccab644
fc74d9a4-0234-440e-b575-98630ffdaee4,Aisle-N90,AIN90,9b191069-ec29-4f9f-b7ee-3faf808c0a15
97830c5a-2dbe-4688-9b1d-566a6474406c,Aisle-Y07,AIY07,0db954c2-52cb-4488-888d-138c59cca993
729fe141-596d-46c3-a3ca-146671647903,Aisle-P27,AIP27,6b5712d0-4f7e-43c7-907b-2884a320b069
bbaf0665-eabc-4311-9458-74b7e95bde8c,Row-D19,ROD19,2225d90e-73b8-4073-980b-501626cbf7e9
d91386c5-fa35-4796-bfe5-9b29cceb8fe3,Block-P24,BLP24,2cec3c6f-8961-42dc-9fd3-4b16782b024a
89f520c4-9ea1-4953-bd41-4de89a963799,Aisle-H01,AIH01,bb6bc5ab-0ef2-4688-a8e1-b24f91969c4e
3bafdbee-dfb2-4390-9ada-8eb436d3f48f,Unit-Y44,UNY44,3b2d4740-7c7b-46ce-95a4-7a4d3a8dcb3b
f37aa2dc-bd65-45ac-b826-a0143443492e,Unit-S45,UNS45,56a4f53d-041a-435f-9c65-54fc0e620010
cf4f0c42-e997-408d-822e-c25b96efa6b4,Shelf-L30,SHL30,cba66887-ffbf-4c0f-8aa0-535f245da902
27d92bed-9f08-48f2-8e6b-1a7db35a7348,Bay-F44,BAF44,5ebca031-c2c1-4deb-8296-d152656dee9b
420ad8b9-d8ae-4068-b46b-da8c682a0ac5,Block-A01,BLA01,6f05d873-0614-4647-875b-3908a8a9b491
97520983-95ec-4e16-86ce-dea1ca85dbd4,Unit-Z93,UNZ93,4d0ae3c6-423b-420e-8d30-4c05baa6d50c
fc637885-c389-47f8-9b4c-566a26768be6,Zone-P69,ZOP69,ddd32941-e656-431f-bc13-8d4c9a789f79
2c89a972-9e7c-4442-a61c-076edc33b7eb,Block-U78,BLU78,2355d9a1-5be1-47cc-b0f2-4809488492a5
b9529285-3f8c-4655-a8ec-754e20389e86,Section-A26,SEA26,d2c3b06e-f151-4978-a19d-902423ccb604
cc5404fc-ba86-4214-8f05-eb57645e9295,Shelf-H82,SHH82,87733e55-4fb2-4e8c-bda2-2d5246e40150
e42f51fb-1d4c-4c71-8556-cafd00a2728d,Zone-U25,ZOU25,2973ca92-3b77-4245-9653-dbbeab9707bb
acc4f0fe-f8c5-4d39-8aeb-3e956d7120b8,Bin-Q42,BIQ42,7b1d5801-802b-4615-a6be-99ee4cbe788b
7cd046f8-741e-43ff-8939-c6732f8bcc27,Unit-I79,UNI79,f3518479-d7a1-401f-b531-004f299dcf29
e1ea9003-af3b-4888-98ed-30073a14d7be,Row-X57,ROX57,9d317c27-960a-4901-81b2-344cbac1039c
258f112c-da38-483f-b9ba-fface9423498,Row-Z06,ROZ06,897fb721-5305-4b02-ab75-3da237706981
fee451d2-c25d-4cd7-8961-44eeb642db9a,Rack-A64,RAA64,a1237f42-1c9d-4d33-b439-8b399573b396
df79138a-8997-4e71-adb6-5d1c1b1829af,Block-D36,BLD36,5ae0aa1a-26c1-476a-9aa5-fd596eb56483
ceebd038-5624-4e63-b395-1404d6b80eef,Section-O05,SEO05,8affb5f3-6296-4205-bf6c-355e076f5b50
6e52464c-3a33-46e8-ad84-fc7eb80ed6df,Bay-X76,BAX76,c4500a7b-be3b-4d52-8ceb-ce809b6ece37
4130e234-6a97-4c70-b100-0217ca449979,Row-J37,ROJ37,18fecdba-e861-4462-9f27-d876b7d0af94
0eb17c9e-d619-447a-959f-b98a3dc99c7f,Block-R57,BLR57,cf0073a8-a338-470a-9706-6c6f2d1962ad
b4584118-dde2-4224-9ede-11ef538bfa3b,Block-H65,BLH65,612b9e69-191a-4fcf-86d1-003ee2ff403d
f44f9c5a-d2f7-4fb6-93bc-8a5e28ccb2dc,Block-F11,BLF11,06d044b9-03e1-46b8-b1bf-d1b4fcc4ec47
6584f65c-07f3-4c0b-94e1-43c84870bbd3,Row-W63,ROW63,ce155971-195e-4ea1-bc22-c50535bb84b7
06ac3daa-4b2a-41fd-8137-5323e59455d9,Rack-X42,RAX42,c35937f1-dcc7-4d1e-8b16-48f774cce7fa
8783e613-a328-4824-9dee-d1726769da15,Zone-Q56,ZOQ56,7fe815b4-72a4-4e0e-a788-9c161c60db2d
81639128-be92-4847-9650-d3383268b479,Shelf-Q20,SHQ20,ec7e22ab-7175-4e0b-8bd3-59cc1b49f408
5ab0f47f-db78-4e7f-9970-4a27c5b06895,Unit-X64,UNX64,8df99c9e-1522-4d61-9592-bfd533026598
4c7c01ed-6e2b-4533-aa77-8a0155aa8e1e,Shelf-I22,SHI22,690a7d8e-d25a-4c47-9c10-65b3da303aaa
7c2a596e-2aa6-4d70-9249-78279a31c45d,Unit-L30,UNL30,f6b3e0f0-5d88-473f-acd5-4a36a224c075
b47fe3aa-fd6b-450b-86d5-4d0d707ba3d7,Bay-D93,BAD93,ffbaf591-4037-4145-8709-82e19de19c25
32728e56-f13c-45ca-9424-1ab506993175,Unit-Q61,UNQ61,87d58fc6-a8f3-4401-9548-1470b0791c91
3e9ce6e2-672a-4d63-8084-c0c4d3b01763,Block-G91,BLG91,266ba388-14d2-4954-bb1b-3e4519eb32a5
4c18d87f-5332-4c59-8539-84b90e371303,Bin-F11,BIF11,75a92231-d238-4ea1-9206-5ace6b559cbf
12aa1c11-e502-4629-831d-9bbdef2ba9d0,Aisle-G92,AIG92,4acfd662-7a50-4273-9b80-227c1b2becd4
4ac3a87f-af96-4009-b4b6-b7b410e38516,Bin-S68,BIS68,c4c4520c-ac28-4599-8d50-3ac8c5d1d75d
341d399a-be6c-4645-b3c5-132a3c94e75c,Shelf-K73,SHK73,ab565fd5-1abe-440c-9d99-639add1dbb7c
91c8f8f1-6486-4ed8-aba4-a5f0bf35dfbe,Rack-O90,RAO90,7453fd27-6db8-451d-a9ed-5f496c211350
3bafcbfb-9e28-4747-808c-d610b26c9253,Section-E85,SEE85,6ca48835-0acb-432a-acc9-8b535aef4b4d
a01bf5fd-fc55-47aa-9bb0-fc6017e1f474,Bay-W35,BAW35,c2f065a8-50f7-49d8-86d2-9283a1b38b0b
710748b1-c6f5-48ea-87ce-0fd4d63cf6fa,Bay-Y45,BAY45,d0b22e8f-3e47-47e2-977e-65aec7da094f
45085a3c-2429-4fbb-aa47-cd6d06031ce3,Row-Z62,ROZ62,a5df22da-3ce4-47bd-8f4d-122f9fb3a6d7
86ea8c7c-9be8-4156-ad8c-367536bb4a32,Zone-V35,ZOV35,f93e3f12-6354-4142-b012-6d589e7e1ba9
fdaa6c41-23e6-4770-975e-e8e5ea6094e2,Row-U90,ROU90,2481e063-e475-458d-9e86-ae77f9435a4a
3b11db52-cf00-4c06-a4f6-d005602179c7,Block-A38,BLA38,3ed33e67-d825-4d9a-9f21-7210e5032a50
ec09fa0c-9419-40c4-bc2e-79a47c325ab5,Block-R76,BLR76,0c965a38-fe20-4cdb-a766-4562d3f40f35
cb2faf2d-25c0-40f3-b41c-d14053c028f6,Bin-C13,BIC13,27d569dc-6892-46ba-9945-72592508f445
c0f08e75-b6b6-439e-85c5-ec4a9b6286dd,Bay-L57,BAL57,9ae56f37-ebaf-4ec7-9c69-ce0dfa448d4d
7fef18b3-93c9-4d46-98a1-eebfbc01447a,Row-Z86,ROZ86,61fe7bbe-f651-4e62-80b2-56aa1683f0f1
ae9bb44e-0dba-4051-a640-93203ad35b66,Block-L61,BLL61,bafc82cc-a11e-46fb-8270-07c026b1c03d
53e72a1e-4dab-4e32-81c4-c5ae175e83f7,Block-M33,BLM33,5604ef68-13ec-4b8c-93b9-ca93c5ea3e41
4b291caf-bf14-43cd-aa49-50468a2382a8,Block-B72,BLB72,1d485f98-2816-4c1c-9369-328010c8df53
a588e1e5-f6de-4f56-84da-23cb97403dbd,Aisle-A65,AIA65,16bda06a-e3aa-410f-874e-56ecba6b4404
7227abe7-819b-4d2b-bf94-fa46c805c99c,Aisle-S56,AIS56,2ddca541-77aa-4cce-b1bf-160cd2b4f482
0546cee7-70b9-479a-91ca-2f5c1d1eff18,Zone-K24,ZOK24,dd9f37ba-c5c2-4f40-a92e-dd2d6186ebd6
422d7aeb-a5d1-4b14-ab12-98448112d956,Row-L08,ROL08,1476f35e-c8d7-4af5-9f94-67ffad8508bb
b5fd5c74-83f6-46f8-a2a3-b428862cb5fe,Bin-T69,BIT69,12cbbf52-db81-4c9c-b7fc-17b71cff0bd4
d6031461-0576-494b-87db-a9c006ca460b,Row-Q18,ROQ18,24d32251-f113-4d55-98bf-9a8abda30a70
e8c1d109-f175-4e82-a70b-bb4aa8329435,Unit-Q63,UNQ63,7dbbd303-2786-42d2-bce6-249fb2de320b
f85f4ff7-2273-475b-ad75-810d00167679,Row-L39,ROL39,9b487897-50f0-44b1-8b88-f036b80c57cb
c6de4edd-f67a-40cc-a4f1-0b14dae3c595,Aisle-F01,AIF01,2e2f9af5-3649-40ea-855e-82c337d55865
4343c638-af5d-4708-92cc-064950501010,Shelf-V90,SHV90,3cc8e0e9-3ae2-451d-8336-474e4ebb25cb
71003765-d017-498c-aa3e-b71e5f71228b,Zone-W06,ZOW06,282c0c6d-399f-4bcc-bbc8-15483ca71408
6954fd8a-4791-480f-9379-53254e09b4b2,Bin-F77,BIF77,4bf84255-39f7-42de-894c-4dbc481439b0
5e0cc863-6d8f-4b44-844e-83a01f7cd9aa,Row-Z87,ROZ87,bbb55f65-e57b-493e-a338-a07ff5af8aae
6d3923de-edd5-41a5-a3b4-2b54ed637369,Unit-N88,UNN88,ea957381-d907-4cfb-bf58-82637555c1d9
86c70bee-85af-4e8f-8f98-128c13f86d9b,Rack-B49,RAB49,a1b6b8f6-31c9-45cb-a997-ae35bfd38c56
264c5fd5-3dbb-4d6c-b6a1-5c59c52282b5,Aisle-J54,AIJ54,a3ed7b9f-a84f-43f3-9bf6-1413600d5123
1467a958-457a-4eeb-be25-702308468624,Section-S05,SES05,a0193568-efa3-4988-b9ab-584984eb1362
c60fdf84-c511-43aa-bb34-ee625e8dabed,Aisle-Z12,AIZ12,50ea923c-4936-49f1-bb4a-380ac5bc0b57
d9572451-8eda-435d-9c70-3ab3f261ce72,Section-B25,SEB25,51b6e27b-f011-4845-96cc-71f8bb8f4b8e
5313ff7a-f2a6-4137-a14b-cf5d5de784e1,Unit-W25,UNW25,7a1a2e37-43f0-43be-94f1-1953fec372c2
67b98906-9657-4c4b-979a-3ae8105f552c,Section-H03,SEH03,4b8acb79-6761-46d3-a89a-643c0c2b40aa
121142d4-7194-4de9-b46f-bf501b619881,Shelf-D66,SHD66,ac2dc780-2499-471a-82ff-ee1bd0dc7377
ae9e798b-9e36-4bf8-b6a9-baf3194520ae,Rack-M46,RAM46,efb09cbb-4d51-4240-9190-4cfad12d5d82
2f568ec9-1e12-4139-97ac-04fb4f7f2202,Unit-R42,UNR42,02de7c56-7bad-402b-8cca-b10a0e5decc9
e293420c-9ed0-4f9c-986d-e4cd07f8d8d2,Unit-P41,UNP41,275d030b-f8f1-4660-b89f-1d4824ead25f
9c76096f-e6f5-4f80-a4fc-a9c22fb71eb7,Aisle-W38,AIW38,a24ca557-7511-4d09-98da-19d6eb4ac538
7d309f52-1622-4afa-9a40-4229cf7994cd,Aisle-S51,AIS51,5a612dcf-ddfa-4fbd-8daa-aeed7a6a420f
942495fc-b900-430a-b688-03e61f4a77e4,Zone-C36,ZOC36,86b06b39-2654-474a-b0eb-656326c0d2f2
90748d2d-701d-429e-9aaa-e5b441dbbec6,Block-T59,BLT59,930b305f-8e70-4c09-bc08-8a880d70a734
a73677b8-e8d3-402a-a4cf-d161d5e59ff3,Zone-O91,ZOO91,7761b4ee-97b5-4368-8e58-841a60e41acc
4929f344-558d-423e-8124-493ce466d50f,Section-K10,SEK10,2ec386b8-97e8-441a-80a8-0566ab748204
67b6861c-f187-47b6-bd49-31d57db80e58,Bin-R26,BIR26,16bb2dbf-8b48-4938-8345-56dab9bd7e12
2270d8fa-10bc-4479-98ed-1c83db65bc2e,Row-W12,ROW12,3af53fa2-b77d-4739-ae42-3005d12a354b
34ef816c-0a93-4714-825c-6d5f5e1f376b,Zone-L51,ZOL51,9488851a-20fd-4fb0-bf9a-c24321bf2a53
bc182b38-dae8-413b-b209-61ea22ec4a8d,Bin-N32,BIN32,8aa6b5a1-3ecd-4db1-8a8d-2cf7397c72df
4342aa11-6182-485c-ba76-4e094ae15f93,Unit-W74,UNW74,0a4208f9-f18d-4d19-838b-50528098593e
405ca396-25f7-4cf0-b014-3a27eaecef3f,Unit-N86,UNN86,56597577-6fbf-4b60-8e5a-ab44bde9457c
88c0e3a2-935d-4f36-82ba-53c89a6d3635,Shelf-O84,SHO84,bb52af0f-fcfc-47e2-9aae-c133459e1122
1f71c16b-495f-435c-b879-cd4ed285258c,Aisle-K88,AIK88,5233bdf4-eb4c-4bb7-b725-acd830e48fa5
8e61fc90-93b9-460d-8c1c-ffc524776b70,Rack-W16,RAW16,44d7fe31-2ab5-4fb0-a1f9-386fe71b8629
04e2923b-4711-41f8-a1b3-c404b9c211b3,Bin-X75,BIX75,893dbd5e-34cd-4e07-8234-b6124e79dc47
16103e57-84ab-4b3f-8999-36ccc21e5cd2,Block-E34,BLE34,18897418-de27-4b08-8240-26fb79104a89
c46e2077-4a57-4c9b-a7f1-b94729149961,Bin-J82,BIJ82,00b27db1-397b-4c14-b8c0-2024cd5e6e13
fd0add79-1532-4d3a-96d7-b1652f246def,Block-W22,BLW22,a75d3e12-b9e4-4c4e-9392-cf8b2ab309f7
7aa19f46-7143-4821-96a2-6ab0bddb36b0,Section-M88,SEM88,1e90cc1e-a0e4-4f67-8687-2b726387acc5
48ff8bd8-a41a-4b26-927c-a5d99542a778,Bay-E56,BAE56,e245bd23-f057-4ebc-a317-b8632ade8084
571edda2-258b-46d5-b983-5979f7d20736,Zone-D63,ZOD63,b14ebcd7-bb19-4eba-a1b9-637a7e5c02e2
be838cb6-1beb-4c5f-9993-64c57fee2ef8,Row-G56,ROG56,2322b2ba-07de-4b94-851f-f0c37a9a52ee
48990160-cf7d-4cb8-b39a-0d2787cb16a0,Bin-X78,BIX78,f10d4fe2-4303-4cd0-8793-da72b0085cdd
5f5de119-2c4c-46ad-88f6-423ae0c38e54,Shelf-A17,SHA17,54abc2e7-032a-45cc-b788-0a0e03993069
9b08de58-a62f-4bcf-9807-565a5162190d,Shelf-T98,SHT98,c4b02b7f-4e85-4a76-ae31-3958d9577f1e
35e455eb-6822-4f1d-b5b0-50a23d203c5a,Bin-K93,BIK93,982f17d2-5f16-441e-a2e4-51ce15491df6
699bb908-4e53-4981-b9f7-5e0c6b7d637c,Rack-G70,RAG70,bb2bc767-cc61-42f4-a89c-63c9cd00c6f8
ae75fd9e-f242-446f-8074-22af5baa0362,Aisle-D17,AID17,23b19d0d-ba18-458b-a220-19b9988ac096
9775d713-e3b1-4a08-8898-b8c394b32601,Zone-U10,ZOU10,8833fe9f-8527-483f-aed2-4d1b5141daff
ff843367-e156-4742-b9c5-8350edd863cc,Rack-U36,RAU36,15effb39-f7ca-42d8-bf20-f572b9b0daee
c9b06afb-40f8-4e4e-9c9e-7b4a95007151,Block-F40,BLF40,95194ead-8f50-479e-971d-029e0e7b99c0
e19f99c8-f43e-44d2-9eb8-d820d173c3f4,Block-W24,BLW24,59882b8d-9cf3-46e2-9055-b698f1a89300
ae142f37-29f2-4593-a56d-b8564eb6bb4c,Rack-D51,RAD51,f67501ad-7b77-43fe-a784-de4b76ea9278
791d5428-a185-4827-aec6-78186a2855d7,Block-N28,BLN28,c0c1ffdf-881b-4475-8a21-11407ddde067
26a1c9b1-c501-4bf6-9050-41d557755a0e,Bin-G87,BIG87,26a6911e-cffa-4b12-ab16-515a3f510f83
2ea378e8-6800-4f22-9456-efafde8650d9,Rack-Q20,RAQ20,16bda06a-e3aa-410f-874e-56ecba6b4404
f31b4273-038f-4066-83e8-46c701eeb506,Section-X17,SEX17,f50c556e-7ae9-4787-82c0-192705d7d037
b1254cfd-d054-4914-95c8-a7b9d3cee475,Aisle-K31,AIK31,ff675109-6f83-4bec-85c6-2ba265d1616c
3d75a7c0-efd6-40ba-b5d9-0678b92e8483,Shelf-I02,SHI02,7d001fa2-f30e-4d50-a230-2b7416a5bb6a
c1e1c53d-26f1-4a69-ab9b-0018a728e70c,Rack-U64,RAU64,cd63357d-6154-457d-a228-4fdbc97a497d
ec2b3edd-c3c9-477d-8ce3-5a216bc90ab9,Zone-T97,ZOT97,e9fca601-9c05-4cc0-bb85-1c88c3160a2c
74ec7119-41c3-4ace-8efd-a8b2176bb280,Bay-C87,BAC87,ff0848df-514d-4761-9e2e-c1e0ef192ba2
983ae703-e5d6-4dce-8947-d6b342b0d1df,Aisle-B19,AIB19,71b072ed-9677-4e00-ab35-aa8f6cf96416
241ba582-1062-4c71-81ee-629bf68396e8,Unit-J25,UNJ25,92f237f8-cd00-4981-8b8a-d8cea8186b92
94f6eca3-1107-47bc-9369-bb3fd10a7e4d,Rack-P36,RAP36,c4539ea0-1940-4e89-a056-bfc5573770da
6b3e4a7e-1a94-4b69-90ab-304c21fc4c05,Rack-Y96,RAY96,76c995cb-cd40-437c-b190-bfe5c9706269
03cbd7cb-0d07-4408-b4fe-f40aa6f577a7,Section-X32,SEX32,7c0f1eb3-0b75-45f0-b44b-2be0ae244a82
063813ec-a2a0-4388-813e-f7aa97f45806,Unit-B75,UNB75,23f06a26-4d39-4e56-8555-8d73c6bc4f2e
227e852b-3690-4bdc-b761-b30f4a62f6d3,Bin-Z60,BIZ60,abaaa087-c69b-4320-980e-2abfd6bc0793
b8c8a5c3-5089-4083-8af6-d32a04f1c88f,Aisle-I35,AII35,82fe5a62-2bf6-43e1-b296-09bb02fa939d
d7b7bcd3-2f2b-4f15-a4ed-ad0c728a0a1b,Bay-Z26,BAZ26,b2402b2e-76b7-4cdd-a853-fa3e07799960
9196c43d-097d-4dc0-b62d-055c24df5dd2,Rack-T02,RAT02,4c4abc56-ed53-4901-909d-62d9b9ec05d2
c5ac930c-0883-4c50-ba0b-370e7261949c,Row-D86,ROD86,8097c6ce-85de-46e9-9a00-c9c85a9a6d57
6967793b-2c52-4e00-9631-1f54ee5c1a30,Aisle-H87,AIH87,5e85ea0b-133a-43ce-923a-808e4d034b6f
13fed22b-cd4d-4a22-b71f-5200bcea9544,Section-E97,SEE97,217b9a36-f3fd-448d-a8e8-7509a7b82a7d
cb3e3d6b-7dfd-46a4-ba00-ff4cc43d61a7,Row-U83,ROU83,fa4b64e7-46ee-4257-aa0b-647bda47c305
4e971a41-7db7-41ca-8c18-f69a02cebb2c,Row-N46,RON46,d294a85c-6ce6-4eef-9c26-1fb83dd9e287
b4bfb453-64f0-41db-b001-74496acd1496,Bay-O51,BAO51,70fecbe5-3696-4c69-817b-37c41ef6e37c
7b335be8-278f-4390-89ba-718f738f4987,Row-E57,ROE57,f8226aa9-9e3e-4753-ad2a-dfd03845a473
d67fdeed-860b-4438-a28d-e525f89c5718,Row-H44,ROH44,b49077ce-b79e-45c8-8c9f-36d072643330
4200d1c0-fa99-40df-962c-100496a1caab,Bay-R14,BAR14,8b88dd17-8946-4af3-ba1a-b8251ebc38cf
edd1c3e1-fd0f-4c87-9e00-62ae8a4ce0ab,Row-D24,ROD24,ebc5efd1-1dce-4219-8a32-eaaf318c25da
0191bcee-7346-4d01-86e3-22d2286b7a90,Block-N14,BLN14,0fb5221f-b41b-4052-a416-e051e2d00483
f78a4891-61ee-4005-acac-f23f7c594e71,Section-S28,SES28,09979b44-da1f-4b79-9cb9-f59068782083
d1a58235-3c4f-4bf4-af06-963c33c29c72,Aisle-T35,AIT35,ad1b1f00-420d-4bd9-a93e-3773a01a44af
583b6f54-07a3-4b38-be78-12a0086358f4,Row-W07,ROW07,10a4ef8f-aeb2-49dc-99ca-af6d069fb5e5
89dfc6cd-4cdb-4fec-a9fc-5e92cf648206,Shelf-L08,SHL08,3933fe82-f9d3-4daa-a3c2-be28194b2217
b1f8c11e-9c73-4c23-8f2e-ff8f032a7344,Section-I29,SEI29,7ea4dbcd-8aa8-4601-b13f-3622a6698f70
ef582dad-0d99-4166-9472-9cd0feb2fe0a,Bin-B56,BIB56,1bf12011-4aa3-4240-bd13-2ed796fb2519
7ca3d4f5-33ca-49bd-8b86-0224e8e9750c,Row-T95,ROT95,7156a699-ad49-4fe0-8065-0022e383f4bd
fe0644d5-fc62-4b82-9f79-fd698e28e34a,Bin-U43,BIU43,f370abde-d3bb-4ef6-b57d-0b1567f6f842
94aa7278-f482-4bca-ad99-b555688c6cee,Aisle-J58,AIJ58,62597d90-3450-4b47-bece-0cb29a21cdb9
8fdb4776-ca6c-441e-a9dc-b080d376c8f8,Section-G91,SEG91,3eac0fca-3b3e-461c-a7ce-4a3270af0c84
b6d4db6e-852a-41f3-b68a-a06150aebe52,Shelf-E78,SHE78,abaaa087-c69b-4320-980e-2abfd6bc0793
b2f53e3f-c070-4884-89fa-13128e7f530c,Rack-H58,RAH58,3a71c0f3-1507-4565-9125-ffb97d2d96f2
e4ff15c3-26cd-4665-9ecd-a3a50888d531,Bin-D19,BID19,73f426a5-247c-4ac6-98ec-48ac8c06016c
320dfe2b-ca8d-4a2d-a70e-75767eea6230,Zone-T32,ZOT32,e9617660-cb39-4ac7-a982-0a6dadf42b42
1eeb1e85-3189-400e-8420-9e494643044a,Zone-K60,ZOK60,f729ef63-2b06-4ce4-85e5-26583d0cee31
e2f11684-a830-4f5f-a088-23cff4ae35e7,Bay-Z24,BAZ24,ff73b96a-ccb3-46bc-acd2-4e9263816cc6
3d42d0c9-3717-4f57-8814-1b64d8cde430,Shelf-N87,SHN87,5d85dbdb-e85f-4dc8-b577-5358727a1753
1e59473f-d096-4014-af70-4739b069bdc7,Aisle-B91,AIB91,b16fce1b-15e3-4517-bb5e-c27aca412ba4
050c3c49-209b-403f-8a94-39732a82aa8c,Zone-T12,ZOT12,558c2575-8bcc-41b8-b8ac-891efca7a655
9323ef4a-0411-4d30-b189-29877eacfc4f,Rack-W36,RAW36,df21a20a-4cfc-49d7-9f9b-adb96f01b3c9
da396391-707a-48d2-a600-9b494825b05a,Section-M33,SEM33,ed6b8a3d-fa12-4d96-aebd-2672be127a48
038fb2f4-05be-4aad-9706-80966e40d0e8,Block-I38,BLI38,d3208d80-d384-4075-a9eb-45c7edd5d5c1
60f6edf1-10f7-4728-a48c-7166fe649100,Section-F96,SEF96,9b906f1a-a5d7-4385-af42-ee832070f4ce
285c2949-9c2f-413d-8d98-33da496d5433,Block-S12,BLS12,445ea62d-ddcc-4f33-b323-896dab3dc17d
81b72603-3651-47d0-b077-14dc26bedb55,Aisle-F89,AIF89,22d3bd36-ffbb-41e0-80ee-87f397917370
a7d0f168-bc91-40c0-bcd3-153e9e3df669,Rack-O81,RAO81,013f48c7-651c-472f-ae35-63c02608c66f
60b1d6ea-d44b-4e9e-8e87-4e881fa1723b,Aisle-O51,AIO51,79a5bafc-1107-4aae-86f9-390a6f88c7ec
c38e21ce-5fb3-44e2-b871-f8940d57b08f,Section-K21,SEK21,97d5bce4-926d-4f95-8e39-6094e1233809
05a9fb26-b884-4f7f-aa9a-159aa4156b94,Unit-B81,UNB81,12537b05-3653-4fee-a145-116a70b21860
388872ec-69f7-457b-88f9-3a2bc74c066a,Row-R41,ROR41,8e589cb0-88d5-42c6-9a49-18301aa457e0
2cb6d27d-7152-40f3-adc9-206a67a4e1ad,Shelf-B78,SHB78,8d0f5214-8f43-4c98-8cc5-31eddbecdc4a
88ce59bd-2fa1-4e06-b49b-13af376b5e0a,Section-R97,SER97,85cfc057-5b62-4d12-b772-bda1fc2255b3
cdf127f4-8ff4-428c-b317-c6a162510aff,Section-B02,SEB02,d94c7cc3-e3e7-4ef6-859f-92740882bc7b
dff73744-042d-424a-b2aa-0fd5ecfbb32a,Bin-B08,BIB08,e0f1c340-b1ed-4ea9-b479-1896eb238b99
f00ece7b-50b9-4d8f-ad5a-12946f131164,Section-U18,SEU18,bd015f08-fe00-4262-a859-4b3b6dd66dc7
57a1aa30-d2e8-44a5-ab20-d64cb73d3efa,Unit-X55,UNX55,b1ce08df-1407-443f-8aa0-5314a08ff05f
15c750f6-8b1b-4f81-a6ad-d0e7d16cf94a,Row-K37,ROK37,31e7f2e3-0282-48d1-8655-868bbc6ee4d5
6de121c4-950b-4cce-b4a0-70f5b2335978,Zone-R53,ZOR53,513ea8cf-7da5-44a2-a7d0-11d894733c5e
e99d6597-8afc-485d-b573-4c1191e32a0e,Row-F71,ROF71,da0e0738-8134-487a-ba7b-29d060e5792d
740a4f29-74e0-4891-9cb5-16c4441b1055,Row-U04,ROU04,cfa68af4-deee-4b3b-be52-1d68d74ca9ed
1788a8ee-0973-4c4e-87e5-cdeeabc273dd,Bay-I54,BAI54,a4551e92-a730-4750-a461-70560f7c58fb
3ae477bc-c20d-4df5-866f-f767d78e51d2,Section-F92,SEF92,2f7f7398-38bf-4a15-8700-939775e5b6ad
7c3d5f1c-8249-405b-9ae5-e8348b2552af,Block-L84,BLL84,87ef20e4-5b71-4cf8-801d-6af2719a7890
d3994d58-6e44-4d2f-ad04-cb74f1458743,Unit-J99,UNJ99,982aee56-fae8-43e8-b861-b2f74e97e527
4f56a23a-3240-458d-a852-16ac99d08946,Zone-J96,ZOJ96,cea45f93-200b-467f-97f8-445f1ee9b0c7
56f09f11-9433-4ac8-be47-f01806d2f58c,Section-K16,SEK16,4ed9dc81-9acd-446c-af3a-21ac1d65d8f3
41bc7c20-2517-4502-a66c-ee994ace2023,Zone-P27,ZOP27,c9f8ff61-8e70-41ee-bfb2-4cc57dbac2ee
5d3b650a-4b25-4dda-9cff-3e67cb564be7,Shelf-Q47,SHQ47,78782b41-b54c-456f-a4a8-fcd0d80e1a13
f6e0954e-3b97-48a0-9d0b-716f654fcb98,Row-M73,ROM73,c1a71313-d49b-4c43-84e0-6425a077e914
3010aa1c-b0be-48b9-818d-02f6c1094df0,Zone-W73,ZOW73,dd03c1ba-fbf7-4723-840c-ac153497f2b6
d292d25f-4341-4de3-a982-5e65e2d4765e,Bin-N42,BIN42,208155ea-f687-429d-8ae8-b0ab98967284
88b43ea2-349b-45fa-a826-a90f52757a0d,Rack-B82,RAB82,2f87e8f5-c460-4c79-8495-c15f89ed6ca4
0cf8d9fd-c012-419b-99e1-16c65d63adc3,Section-O96,SEO96,9071a5d6-6789-4ca1-a51c-06d4dff0596a
a9846ba3-3053-422f-9994-6c314ede46dd,Aisle-F73,AIF73,eab8b628-4a9a-4c02-a470-a94d83a10ab5
1708036e-a2fe-44e4-8153-00c26a8973a5,Bay-Q33,BAQ33,c07969f6-e43b-4fa8-8776-25084afa2b83
26c7b869-5c51-4319-ba2e-4fdd54f120ed,Shelf-A73,SHA73,9622ef40-1463-4c07-8e51-2b2d489d7cbf
02c9a3cd-54a0-4e08-8d72-9ccec7d612e8,Aisle-E42,AIE42,4f1ae01e-4682-49cf-83cc-044c519418b3
764a61b1-b036-4737-8b93-7d9cfa55e59f,Bay-K46,BAK46,a3e913dc-cb53-4646-825d-524ed8f3d917
8845078c-515d-435f-9850-6c1870f366b7,Bin-U48,BIU48,9a5b998d-f807-4406-a844-b913c19b4f5d
427eb8eb-ba26-4673-b5a2-8968964e85ac,Row-U17,ROU17,5a495e08-029e-42b9-b6ce-69b58c1f6cca
2370d5c8-0e20-46e5-9818-82a6f31c49d4,Row-M53,ROM53,9285d1f3-c547-40f8-b95c-aa6789c1ce0f
f313c043-e094-4f3d-b277-01b63b04b76a,Bay-C37,BAC37,263f156e-a713-49a6-ba80-a72313e4b17c
577fe758-0d1c-4706-bee7-7c1e970893d9,Block-J28,BLJ28,2289f0ba-3de0-4eab-8fde-9062b0bf7c84
b199acfa-bf68-4474-8457-e79e2c107b4c,Aisle-T61,AIT61,075a62d7-70fc-46d9-9a49-ef0a1a0d5863
bc1a5e2f-9b36-4221-a6bc-6a9203c141bf,Unit-C29,UNC29,d2c3b06e-f151-4978-a19d-902423ccb604
e25e8040-1c78-4866-9db3-90069d39c0ae,Aisle-F76,AIF76,86a08146-3882-4c5c-b2a3-69994ac0a964
db5ce793-16ae-4e3c-86b4-69d317528318,Aisle-D03,AID03,a3538af9-4538-4968-bc72-d5d9bc2f7b93
d76f1da5-40f6-4ae3-9e3a-55d5893146d7,Zone-U97,ZOU97,10d05aab-921d-45b2-a22b-67309e82b572
fb608c45-9982-4ecd-98fd-c1d270720989,Bay-V25,BAV25,d9f5b2c3-7735-4f94-a2f3-a852a6bb51a0
9736678f-5264-463f-a602-159b2372b26b,Aisle-F78,AIF78,245b2118-2e04-43b0-9c4f-d9559661e4df
aa6a0f60-601c-45fd-bdcc-bda969e76bfc,Rack-C92,RAC92,e1dc29df-17af-4ea8-aaf1-b7385b1fecd0
472e776f-078e-4c73-9aea-c26b52df475f,Bin-M18,BIM18,01054f23-b591-40bc-91e7-56a3b2799c78
27cb6b3e-7818-485b-947b-bc1f2280f1f2,Bay-A59,BAA59,6af75976-9b63-40d0-bd61-c2599ae71082
443d9293-119a-4c12-aec1-3ec5a2d79ec0,Bin-Z43,BIZ43,dbe7dba1-3d3b-4504-8329-7d251a1c2233
b3415b65-0239-400e-bddf-a47f25f45388,Bin-B70,BIB70,77a62662-30fc-4510-a3a6-fa7c5955fb5d
f41c38a2-0667-492e-92fb-6b4a8223af3e,Unit-G85,UNG85,48194cb5-5b29-4df6-a6ff-757d976e4083
36db20b4-fc12-4de3-aa8c-60dccc051ffb,Row-M59,ROM59,1071e94b-554a-4ab9-bcf7-60b210ed1578
7da2933f-e9c3-4e8e-8d3d-953106ce1e07,Rack-O65,RAO65,1b719022-1766-46df-8c00-3d225dd7f8fc
9f9c75a6-0a3b-46e9-ac5a-f86daca6f204,Bay-J52,BAJ52,282a06ad-bf8d-4872-b99e-5e2e89ac275d
8bf5251d-274e-44af-8778-9425b9f3f923,Block-M78,BLM78,47fe4e9e-44dc-44fb-9f0f-74780ea52f4c
9f592c65-1009-47ca-b22c-42b412aeb657,Unit-H56,UNH56,2f47d2a8-d533-47c4-94f0-ad93575b84cd
2216007a-369e-4841-b56c-a1e0b3b2da2a,Bin-U40,BIU40,37632bb3-d2bc-47ce-a751-61b6cecd5ad2
2d660f44-5378-4109-a94c-6ec3ed14cbce,Unit-N65,UNN65,9ed264c7-4f3e-47fb-a738-eff7fb945c09
9af1ae6e-07d7-47d1-8c2d-9322350d644c,Zone-X03,ZOX03,a9cebffa-bd7f-40c0-9b74-a2c067cb8910
b7a7f3f8-e67d-4892-ab23-96468c9baac1,Zone-K75,ZOK75,784fd6bd-ac35-41c8-9290-ac2fa2248ebd
f8f86b9e-db85-4400-abca-6ebf7811b49a,Zone-Z82,ZOZ82,6244caa6-3293-4612-86c9-9a30cb4fe8d3
0b60760b-750d-412e-b01c-ccb6fdaa9666,Aisle-S62,AIS62,08e9f186-3e8d-4b2d-808d-14c72ac7d688
af227270-8713-49bd-baff-9728cbc3e03f,Block-M73,BLM73,c7dcb50b-729c-4005-8e68-8bbb05941a79
68ef13a6-409b-4030-b1ff-ddb3b033437e,Section-Z19,SEZ19,39e13cb9-3807-451c-9c98-3ecdfead99d1
18f5d3d9-f4fb-44e9-b8b4-2f475c3f988b,Row-X21,ROX21,75764dc3-d209-4f0b-b176-12d519e24052
807001a6-1095-4d07-a349-89762b5f180a,Section-U39,SEU39,790ec5cf-9a0f-49fe-9d71-2dda4ab55d7d
6c30f308-7611-4a31-970a-53123745fbd4,Unit-W78,UNW78,35750288-e7cb-43db-9ca9-b47537f20fc4
e92c3298-fb5b-4910-996d-4b85804e9083,Row-B94,ROB94,bd0b50e2-76a3-4aea-8940-df34b86b78a8
16233821-71b6-47b8-bf2c-8e5b25014a8e,Row-F25,ROF25,3861fb22-fa69-4a91-a1a5-fcc95c51b9cb
bcf745b8-7123-497a-bc43-c1341bb4e792,Bay-U33,BAU33,179865cc-1642-429f-aad9-eb0699ddf51b
bf202080-7fcb-4989-80e2-7343a314697a,Block-M14,BLM14,cc779651-0fb9-4684-a892-6fcab8bbeeef
aeed13e8-0df2-4627-8635-e2630a19a548,Zone-D39,ZOD39,165179a9-25ec-4f12-9bee-e2fbacb7a464
ae74edca-c66b-42bd-9d7f-5a965529e697,Block-C70,BLC70,3e4ea8c0-a980-4fb7-90db-62298cd5acd0
119fd44b-4fce-4f3a-80f9-8d203543d101,Block-Q51,BLQ51,31b9e42d-4554-40b3-9a78-ffd8d6a58309
aa7b4617-7151-477d-bc56-77bb8ea6cd96,Unit-R50,UNR50,0693b1cc-458a-4a7b-84a9-d7663e600623
744c10e6-0ecc-49a2-83ba-5dd9b8d7777a,Unit-P79,UNP79,62a36c61-ddc6-4625-99ab-24dc89fc414b
942d4b01-c46f-429d-966f-217f0e3258b0,Bay-I78,BAI78,7b055369-5b3b-41e0-ade5-45a1c8f1f044
34818e7b-3e4c-4d96-b10b-5951f074f291,Rack-Y32,RAY32,cdf4e59e-ea75-4344-96c6-fa5783b82832
46a8d8b4-de30-4e77-bddd-8e58c3fa81b2,Shelf-Q55,SHQ55,5dcd54fa-9dd9-4da7-9882-66d1f3e3d674
16394eaa-7158-4390-b010-9a3b49a6bd8d,Block-Z12,BLZ12,dc6492da-5609-4095-a030-c9a22f2d0107
8419b7d2-4745-4530-a4ea-db604cb7dd8a,Bay-I07,BAI07,dbcc0de2-93cb-4081-92e5-901af160e439
55553335-c476-495d-9c92-20096c1b7109,Unit-H90,UNH90,dea774be-5198-4c91-af94-5e5450973ae9
6ee818b2-2bf9-4a38-9b6b-597afe584756,Shelf-R32,SHR32,0ee2ec94-b86c-4595-9085-7dc92c07a413
ca07f2a2-b7fb-479c-b63e-19a28b3feafc,Rack-D51,RAD51,726b489e-1e60-4a2c-ae2a-2f7cff65b4a1
4af2885f-cbd7-476d-92a2-56e13ced2557,Section-I61,SEI61,3149369b-cb29-468f-b660-d39f566d46a4
3cf8af88-c59e-42d7-abd3-3c27ce26df31,Bin-C18,BIC18,7d4c5b14-e0c8-4f6b-a623-4cce5006a6ba
fcbebb05-1665-4455-9d5d-14eb42fad306,Row-P78,ROP78,db53e82f-8aab-4166-acc9-8104babd1ed8
f4e82d74-1675-4d7f-ae28-23ad68f92f2c,Bin-R01,BIR01,f5aab54f-deb0-4af1-918f-7a5d6ae9be1b
a2d873f3-a40c-4c5b-b65d-beef5a8dad72,Aisle-F04,AIF04,e13e396d-fc86-4276-90ba-6b5ceaaa109a
28247ed2-292f-421d-8159-c6674543bfbc,Block-G13,BLG13,8f17beba-ad8f-48dc-92da-7dd972fdb89e
93900744-f0ab-4fd0-9e9e-46852acfa013,Zone-F04,ZOF04,415d9ea8-8c36-4096-bf6d-6daca369189c
f36aa899-4fa3-4559-81a5-33309ebfd33e,Aisle-H75,AIH75,80981c64-35fe-49b8-b1b2-762717337812
a879f705-794f-4473-80a0-034e62f87251,Zone-E28,ZOE28,f826e379-59e1-4df8-bb23-db29ca9ce8c3
9ee4909c-864e-4903-a64e-7148751eb421,Section-H51,SEH51,e6737791-dad3-432b-a053-1c9220851b56
fe9b4cb1-84b9-4c38-b3eb-1ead471c6eb9,Shelf-J99,SHJ99,7b82ea13-d8b3-4c50-8cf3-73670a40ec2a
a7c4bb1d-d942-4f05-9720-f67fbf066862,Bin-R23,BIR23,37632bb3-d2bc-47ce-a751-61b6cecd5ad2
deed378b-7a7b-491e-b79d-5a55cc91f186,Aisle-P06,AIP06,48d13bc5-4771-4367-870d-8774066fe98b
d0263060-0950-4011-b6ec-441c02785346,Section-D71,SED71,2f3580e7-fb55-4fb4-8695-4d0bc1151f6b
c71da81e-bac1-4754-9e6a-0446f3d1e732,Block-P24,BLP24,84dd4292-4ab5-44d0-8859-0e1b95e59c18
67e0a767-e78b-41cb-99a8-fd3ed13e8888,Shelf-F80,SHF80,dfbd2bf5-4b10-4433-b6f8-f56c859625c1
2af77029-73d0-4e5c-9197-2040bc3bca87,Bin-A32,BIA32,42e0f0ab-72f9-4078-aa6a-af1846fd7f46
7cd4bda7-9e72-4053-96ac-dd14ebf41010,Row-P82,ROP82,d031c288-03f8-45ec-a738-cd573c351968
b4ec5cf5-3226-4d14-8098-c2b5beaccbbe,Block-S90,BLS90,d9072177-c4b6-4263-ba0e-b2e7f46bf246
b0a4073c-4631-46ff-98fb-24ba1c0a046d,Rack-W01,RAW01,9c92bc50-eb77-40d4-8062-eaff57d3bc83
05cc0001-5d4b-4973-b588-6edb6ec02093,Bin-U97,BIU97,fd6f22f5-f9ab-46c6-b24f-6f6886d93b7e
04761a18-4230-4837-86f7-f849941cbdc9,Row-M44,ROM44,567c390b-ad61-45df-81bf-370fb1fca35b
a7a3e83a-27c6-4c44-a0aa-96ed47120942,Aisle-J40,AIJ40,b07b891e-7d4f-4e7d-9362-986415d1eb3b
13d0b37c-cbdf-4d17-a694-93802fe44e33,Section-I28,SEI28,eab9c206-b8fc-4bbb-9633-9c41b306d0d8
34361c66-a6e2-437b-ba90-70e8149e1186,Row-D48,ROD48,00b25d39-e8ac-4fbe-b018-12a4316b0cff
f9193d44-a953-4a76-b961-d121503d7579,Zone-J93,ZOJ93,d5d1c57c-1c2a-44ba-b42a-a48371948dca
e6382f61-a86e-4244-b869-5753769a2893,Bay-N80,BAN80,38bafe51-df9f-42ff-8258-03c8f0437413
da14fe50-d230-418a-8bc5-ca66ecd4b7c0,Shelf-O81,SHO81,8dff4028-88d8-426c-a876-898294dec281
6a5f1b77-3dc4-4a69-b844-29767d17272d,Unit-O02,UNO02,837a9922-94bd-40e8-b1af-22d2fbe4035d
83bc05a0-79b9-4423-a8eb-d2b2713a160b,Row-E69,ROE69,23638e93-8900-4cd1-b9c8-0c45839fd9bb
0d604822-ed3d-414e-840d-45007d63eac4,Rack-I07,RAI07,1e944224-42c9-448f-ba7a-4d9602a33407
18abe173-f104-4a67-9884-0ecef7c6cf14,Bin-H85,BIH85,45eacebd-f3e8-400a-92fd-afe7476fe468
bf5b8333-a94f-45b4-9c36-01bc55de81eb,Rack-R94,RAR94,d8b093f6-e430-49a7-bac3-171ca4da8123
90460231-b396-4f71-b43f-616be66da9b4,Bay-U92,BAU92,095beed6-8171-4984-bb69-772f6863f46e
d3b5389b-6536-453d-a622-7bfd0a1d00ff,Shelf-F27,SHF27,d3560ed0-3612-436b-9cd3-7003e02b347c
60d62df0-f900-4d5e-9a6c-eea983433b00,Shelf-M86,SHM86,182ff7d0-fbd4-4534-8e83-ce98139eab2d
7b1e85f7-e19b-4e7b-8ab7-121fc8868dda,Rack-L77,RAL77,eb8dd29e-8ff2-464e-a1b5-81928c2316d3
aba42525-7b9c-4982-9942-03e3526abff5,Aisle-I90,AII90,e6c6404a-d8b4-47b4-a127-2553bc02ed40
85a582b8-6a78-45e5-b298-954ef8af83d2,Unit-H18,UNH18,7ffc9e2a-6838-415a-90bb-ad1fbe4d1f08
c3f39d9d-c081-4827-8ea9-8f3a3614a54e,Aisle-W58,AIW58,e40dc942-36c5-4f94-882d-83ffafdfa373
d1ebb722-ac2f-4b9b-be3c-acfacf189855,Aisle-L19,AIL19,df191e32-f53d-498e-a875-a4690e94f49f
6c57480f-b4bd-4d0a-98a9-159d0a030845,Aisle-C29,AIC29,76972f61-e4fe-40f8-867b-159bf31a1e12
e98a9b32-5164-4188-9f67-c89d3ef128d2,Shelf-N60,SHN60,a03c4db1-19fa-47a1-8eb5-79c93640d8dc
f4a03e6d-245b-4a34-93d2-02ffb07f52cc,Zone-X38,ZOX38,29f29c06-6f07-444f-9232-5365f790f42c
49b9d311-ce42-4787-94dc-bf3a5548bfec,Unit-X28,UNX28,bd0b50e2-76a3-4aea-8940-df34b86b78a8
6919e7bf-07ad-4135-b462-e0486bc8363a,Block-P87,BLP87,af19d3bd-3c71-4d07-a647-6e49a382c66c
acf41bd7-e3f2-4f5e-818a-341905255cb0,Shelf-X97,SHX97,01607e64-31d9-43c4-9a80-aebda109f9fc
84da381e-70f1-4440-be0c-eee63374e13f,Block-O65,BLO65,2cf2d8a8-4846-430f-8323-d0f1d35dfa73
a8aee65b-bad6-45fe-aaa1-453edc4dbe73,Shelf-Z56,SHZ56,b790d459-d49a-4f22-aaca-bd2dfb5f6b0c
f771e8ad-eeae-4f5a-8841-a71af755526f,Unit-N95,UNN95,8502cb70-554a-42ef-8555-52d18cf96dda
e4775745-c50a-4a3e-8eca-e8706c88f46c,Bin-A23,BIA23,868c67df-c203-4558-b9f2-a13ac0804fc4
26f005ee-db82-4f21-a0c6-e670f84d8845,Shelf-K25,SHK25,282e4bb7-73c2-464b-999b-8fa753f9d0ac
af1f5c94-d959-4d16-a3ab-01c2b25d47aa,Block-I97,BLI97,99469e4a-c8a0-4896-a703-363798b0ce40
b16b262b-9573-4b6f-a5de-10d1c769c746,Block-O30,BLO30,a557891f-1d0d-49be-9fad-ebd154240185
66ba1e2e-8b9a-4e6c-8abe-5d2b365935c5,Aisle-F06,AIF06,02628bef-7a18-45fb-93be-7f671fc81478
9a4a9e50-0881-4958-8708-9d3ae63a56aa,Bay-C62,BAC62,d8d9e685-d2a2-4e53-a62b-a8e367cee71a
45ac6532-a9e4-48a1-9c82-3034f969d4c8,Section-U03,SEU03,ff80f1a7-9ab8-4335-83ac-44075e3baf49
965b68e2-e452-4ff8-a080-505a2d6409f9,Rack-L26,RAL26,ecd4728f-de1b-4ee1-bcce-954f0837fb23
f70cc902-7da3-4e67-b3f5-2a06f1bfe41a,Bin-Q36,BIQ36,85e0e630-c90c-4e84-b927-95edda9936e2
a79577ff-60f2-4d39-804e-8430dd1ba3a3,Rack-V44,RAV44,6e03c556-dc57-4b3c-b585-0023cd683b51
e8c8bb2c-3cc0-4bf5-8956-4a6e788d8bae,Row-K41,ROK41,8a0890f6-27eb-496a-bdd7-88dcf80a55c3
d20fd737-d365-4b4b-b9ee-4475905acce4,Unit-I65,UNI65,b2013eeb-d9db-4b47-8903-cb5860c3ea69
2d1c58b8-2612-4cd1-b39e-ef0ce471fe3f,Aisle-R38,AIR38,282e4bb7-73c2-464b-999b-8fa753f9d0ac
49dc7e92-8c90-4446-92bc-0d4583254e3d,Row-O08,ROO08,35750288-e7cb-43db-9ca9-b47537f20fc4
45758eab-bcde-40aa-a4c9-69c99d8c38c3,Row-Q33,ROQ33,55223d4d-99e7-457a-8b74-f53ce7523273
cd8ff77b-1958-4349-9a55-013539089624,Row-T63,ROT63,cb4e6954-f812-470c-ad90-98351e57d62e
755e0187-cb96-495e-bd1c-f574a83fa6a7,Rack-R84,RAR84,9c4cc87a-54a3-4b68-8a6c-968ff6229144
a4219910-9cff-4694-9316-84a1b6536e84,Rack-U58,RAU58,e4a14dd7-f55a-496a-aea4-6609a6d672f0
39c792ac-0bae-43be-a852-b3c7b6d22690,Bay-V38,BAV38,9a8e56ba-2578-4d00-8b7e-6adff0dc57e8
649f569e-bba3-465e-801e-981d2cf747a5,Zone-Q30,ZOQ30,e09f07f1-795d-4648-8710-8e0d5d512d4d
1162c95b-4f00-47eb-89e7-a968a4bee0bb,Zone-W01,ZOW01,5ab785e5-343b-4d1f-b0a9-45fbf48a8889
1f19a6fc-41ba-47ba-8a5c-b4feac667220,Row-F57,ROF57,0a9ca519-5ff9-42f1-ae80-dd259610b0b1
3b0f15a4-2fed-4ba6-acc4-304b2e399c96,Row-U77,ROU77,7a36680b-05ff-43bb-93b5-af9d5698f93f
839f0403-dcb3-49c8-b720-e4952bd766bd,Section-X18,SEX18,95dddc86-2004-4ad6-a5bd-09d815ab5e0c
76bdc259-5b5d-492c-9644-80e1c91021e3,Aisle-S04,AIS04,a545e8b7-5a0d-471f-b4ea-f1134bcab91f
2f15dfbf-dc82-4a52-9b35-2388fec50ac0,Unit-H17,UNH17,0d3a11df-be48-44c0-83e5-b21079df4dd5
96046ecd-10a3-42f7-a3e2-f6c2d5ec0066,Zone-D12,ZOD12,ccc82e09-a11d-4f49-bd5d-3dac7202e976
aab4f81e-97da-48ff-9383-f4f7676838d3,Shelf-G33,SHG33,7156a699-ad49-4fe0-8065-0022e383f4bd
cafaa1cd-79e0-43b2-98ff-c6179b36e049,Block-G50,BLG50,897fb721-5305-4b02-ab75-3da237706981
ec0e38c9-5502-474b-80b1-6fa19c1b1f04,Rack-C80,RAC80,36b43a71-507c-4e96-9356-3feb407f4c65
c8c0d876-1c25-4933-8e68-c0f681d8abd6,Rack-L04,RAL04,516f91ae-badd-42a4-a29a-5e35d7bb873f
e2ef5b2e-51e8-49a9-988c-0eb02b89b7fc,Bay-B52,BAB52,5469392e-c6b2-404a-bdc2-c31e915ccdba
62605ffe-a7bd-484a-b297-359674e6ebee,Shelf-C87,SHC87,eab8b628-4a9a-4c02-a470-a94d83a10ab5
9e954941-aa63-45c3-97a4-ab6ee75442a2,Bay-P10,BAP10,84a32806-9c80-4eb5-b856-f5ad3ebf717e
696e84d9-043a-499e-871c-e322aba07c7c,Row-B86,ROB86,60856dcd-553b-40b0-b9f8-2f7cd806f730
f3bd9cde-07f9-42f3-beba-fca6f27136d8,Bay-R46,BAR46,726cfd30-e754-49b3-9f59-76083f810063
d181f534-3c30-491a-91ba-2103e4106878,Bin-N66,BIN66,5cec8f1c-13c0-4e00-93d0-2838faf0e2c4
e039b24a-d76c-4dfc-a276-51bbe5bd5bb8,Block-G81,BLG81,f25c4962-ce6c-469e-9511-b1146a8f4920
80e7760a-7884-4a1a-be37-887f480f5ccf,Aisle-Z33,AIZ33,48fe95e6-953d-4ced-8325-19bf1679ac14
cd4f940c-5358-4286-ab95-2ad0529cb836,Row-X85,ROX85,28f154ef-29fa-4b3e-a52d-18965ac08a9b
d067d1ad-434f-4d29-9901-39382944463d,Rack-J82,RAJ82,2d4acb3d-ba28-403d-a48b-98fe9dd5a986
5675d51c-06f5-4912-85af-cb76a8e0ba22,Unit-V11,UNV11,ac46534c-dbd6-4d85-aacd-80fe942b159b
ac5c3d80-d02c-4d3b-9c46-7cc1aa8f6daf,Unit-V67,UNV67,28cc23d3-2651-4d23-8a2a-6e3335757bef
9686e323-517e-497d-acea-80e7ec901650,Bin-B16,BIB16,75f5246f-d049-48c5-8f1d-6d334fd61f1d
e0f1e701-3c6c-4ba3-8713-0fc8b8a3648a,Bay-K90,BAK90,a52c7604-e452-45ac-b8ab-73160c9c9c59
baada7d4-4dfc-466b-a9a2-2a8940125e80,Row-Z89,ROZ89,43bb46ef-3daa-4957-bd46-590c6bf998b5
a6b31175-656b-4955-ae93-d7694b41c2c9,Row-O54,ROO54,a30a897c-41c7-4715-ae29-1d1529ecfaac
4e32265f-016b-487e-9858-dd4adbe103d0,Bin-K17,BIK17,6d9e8034-a71f-496e-8333-38b47bfc9bb2
6c5ab486-0c89-4996-b034-a45794a01521,Bin-M95,BIM95,ae5974a3-e9f9-4cda-b145-346055e6e394
5245b9ec-cbc9-4819-ab20-88caea4a8e7a,Shelf-P05,SHP05,efeb7245-3682-4f80-a75d-9f499fb72348
6946050f-0569-4aa3-b0e9-1832ae7e560f,Aisle-Z13,AIZ13,f039d944-707d-4f1d-aca1-fa0d93ee294b
67e1df7f-e78b-44d1-ac88-cf4b8a27bcb0,Block-J43,BLJ43,9e4dc716-ac0a-4cd9-9905-8005d94b5d6b
94994141-907b-4834-af74-9134e7d546fb,Row-O98,ROO98,7bdc42d9-cd3c-4e5c-a38d-9c1b4c2e7238
ec026422-0386-4da1-bdc2-fcd0973ce03a,Aisle-E86,AIE86,e3e33649-822d-4c4e-82dd-05aa36d0e433
b2c67c5f-a139-4d82-9a8d-4a626caf7bac,Unit-A33,UNA33,2a9343d2-a375-4b54-b703-64d93480c236
593a902c-43ac-4a21-a03a-65f4def8b3c5,Section-J58,SEJ58,174503af-8e82-41df-94df-a841b09dc3d0
cb645cab-d53f-4664-9db4-b6547ec33ba0,Aisle-O59,AIO59,cbf99edb-59ec-4075-9055-52bf7654d432
7797d1ad-37e4-4c88-a900-6d31fa727927,Zone-G94,ZOG94,f5621615-2323-491d-af98-22a00c81420f
b2e82db6-7ddb-4db5-b1bb-1ae0a5b00190,Rack-T46,RAT46,3f794ea4-1c1a-48a9-bb21-2e2a85436a76
f079249a-9cce-42ad-8b3e-a0cc9a516b5d,Aisle-R35,AIR35,26540359-d070-4701-bb79-ff0975a65ecd
b82f4099-80de-45a0-8fb0-d3a81d3c023a,Bin-R61,BIR61,bbd125f6-7ce2-4fa0-8222-6972222f8379
5710472d-1bbe-4bcb-b690-3ba9d656277f,Zone-W65,ZOW65,26a6911e-cffa-4b12-ab16-515a3f510f83
cdd464f0-ffa5-4fa9-baef-961e540dbb08,Aisle-O22,AIO22,869e5cf2-c144-4457-b8e8-ff7993b3b58c
5d72b455-e06e-4395-b826-4b6686202581,Section-G81,SEG81,982f7902-2ad4-47cb-8ce9-58c838b58f46
3e60e46d-d286-48f2-be5c-37c261131297,Row-V81,ROV81,1c00e3e8-a926-413d-8d57-b72f5ef9fe88
f8bf1be9-2d8e-4a53-ac59-8dd7f861a1c5,Aisle-W33,AIW33,748686ee-b501-45cd-89bc-bc23ef4cf9b3
e03ffdbb-971a-4795-b9d4-c0aca2eed379,Bin-H74,BIH74,9ed483ff-d837-46c0-8bd2-0aeed3be33f2
cca5adde-98dd-461a-bf74-f66b41aa4bea,Block-V55,BLV55,a45b624f-3a55-440a-a70e-4d4c7795847b
bbfd3928-5794-4e26-baba-64d66a138f52,Bin-Z68,BIZ68,f6777a83-5904-456a-ac57-28f6039c7d42
ee50c07b-8922-4183-b856-e2f8b612c09d,Block-J69,BLJ69,80593616-fed8-4af9-ae7c-8adb39878af2
297b9554-827f-4f11-aad4-c2d73da1db1f,Bay-E87,BAE87,fea83cd0-f351-4b76-bb43-bbd8eeb1c7c4
3ad40c23-ec40-4b42-9b61-23b1e52f8556,Section-S72,SES72,23b98e96-a4b0-41c8-ac31-c77bc48c3dff
89a4d670-640d-44bd-8383-3ddd6aa5a82d,Zone-X98,ZOX98,f2d7fe28-2b79-4d44-b07b-3b9e9c00b424
bc36098d-b8e2-4a99-8cb2-d60664b81e2a,Zone-E91,ZOE91,726cfd30-e754-49b3-9f59-76083f810063
07ba3124-6490-458b-832a-43b881be85f2,Bin-C71,BIC71,f86324bb-3214-4d3f-bcf7-968c501b6a6e
ec2eb7e0-598b-4dcf-9cd4-69d1d0038500,Block-V59,BLV59,d3570acb-4bde-4c3d-abc3-8019f4b288e8
ae70ec8c-1a63-465d-8c2d-41d0cb320da6,Aisle-Z20,AIZ20,5324a389-ce7c-4cf2-88d2-45ef42013ae2
0b630191-5f05-4656-aa62-907ed073644e,Section-K29,SEK29,8d5013b0-63ba-4f7d-b19e-eb1f203285d6
fbecefaf-9c69-494d-9672-dcd696480f3d,Bay-A50,BAA50,35825d5a-b118-4eb3-b6b0-c0373bf002b6
09d560f2-cb9f-456d-aa9d-18fcc7bc74a0,Rack-D53,RAD53,977db280-4d2a-4aef-a14f-f5c60f811b6b
75446a9f-bceb-4134-9fd2-26dd3acac2bd,Section-H35,SEH35,e449e5fe-746b-41f7-9c1d-ddda3f377973
c5a09f0c-aada-467c-a1c9-263bdf193b86,Shelf-I89,SHI89,09890d7a-a901-4164-8c13-4b5e27147134
deef0161-3972-4c8b-9c0e-f122f6d31feb,Shelf-L51,SHL51,f0de34f5-f579-4ab6-9d12-581f29e601e5
98f13ecb-6cb7-4250-8d54-0d734ed761f8,Bay-W44,BAW44,33318cb7-bb00-432b-81ec-5d3aba8bc864
7ccbe29f-c7cb-4589-8ff3-28fd98fc64dd,Block-G52,BLG52,340b785e-7639-4504-b1a1-d4747c2dfbe9
84e17bbd-88f2-4297-8dac-06b69d03a382,Unit-R54,UNR54,d94fbb4e-ae5d-46eb-93c0-5c557f768a42
b575fbb4-7119-4659-ac99-eb59db22d346,Section-G47,SEG47,7a7c03bb-b756-4b77-ad31-c4d88ee4a288
4b5564f2-f782-4525-925b-e4c6f36bfe86,Rack-J36,RAJ36,fd39ecb1-5efb-4fd9-90ff-d7bc458d6096
f5c5347e-6064-4d53-b750-3288b4cde204,Zone-L92,ZOL92,448ca3c5-0379-4fe9-b5d4-100937ff2288
e706b459-9412-4b7a-a966-d61208922fe7,Bay-G35,BAG35,28a52f24-341f-4deb-b0db-cc4e8732a442
e67f7227-9653-4ce4-828b-ce615acc79c9,Aisle-C10,AIC10,8df99c9e-1522-4d61-9592-bfd533026598
bcfeb031-d56e-431a-8a5c-d80daa1d2d88,Row-K34,ROK34,4db6d3da-5fa3-4709-8a19-b40bcdf55d9e
06d59bf8-9b54-401a-89cf-482f1f6fc911,Bay-J73,BAJ73,e4a005f0-fe2b-47ef-9642-fe7307ca9292
baf67a6a-6c8b-4ee1-8f56-825e251f9d87,Row-U37,ROU37,04e28bea-f38c-4f78-bde6-cc820b35820d
397f1c96-d4af-4312-9abb-fde5e5570752,Shelf-U71,SHU71,4553c245-3ad9-4a01-a919-c5930d5303c4
9c2f5d3e-902f-4bba-a758-810260c031e8,Bay-F81,BAF81,5fd3f5ba-9ee7-44dd-8438-e3ab41a0f267
4fd14063-544c-4b04-a807-6eafe07e9bfd,Block-H65,BLH65,dd076a98-8974-4693-a702-655fa4598ddc
f959c8be-496c-470b-b0e3-8a60344c6a9c,Zone-C21,ZOC21,d6fc3bc1-b88b-4d83-8995-d1e5bb94a110
d8249fba-02e8-4718-9ef8-7a2d23e6722f,Shelf-N35,SHN35,c83e72bd-ccfc-4956-826d-97c0e82b8359
f9579cbd-6ed2-4ef2-bbf6-81f5af08582b,Bin-F33,BIF33,abef0ff7-1515-4bb5-8ebf-67759dfb6960
5380cb5c-1790-4d06-a0b7-35e0d447bed1,Bay-F76,BAF76,98037217-3096-4101-8535-fd3a3bac754d
c137d4cd-73c7-496b-8c20-1e489ff1d3d1,Unit-O23,UNO23,251a14f5-58e7-4104-934f-610c059bfff5
de160831-9f7c-491f-b1ff-25975ea6c40a,Row-X27,ROX27,d177e645-917a-4f32-8ec1-b41f8bd89a04
a26d10cb-9a30-4487-90b8-828c7b438ac3,Section-U80,SEU80,b29c152a-fe87-45cd-a71e-3f626d1b11c0
d3ba1f9a-c538-4548-9b5e-7eeedca2c88b,Row-L98,ROL98,ab040fdb-f109-46ed-95fb-9ab17a67b82f
f1a50dbe-2659-44bd-b193-917ce87b6682,Shelf-L31,SHL31,458ecdca-ee25-4810-a5ed-4bf4449c9ece
f36c4318-394a-47ab-ae30-feec0d89c00b,Rack-O41,RAO41,994b663b-bc72-4a9a-aa54-3d6486e9f895
da71e78e-7c73-4028-b072-ad65a891df9c,Bay-L84,BAL84,b31e26d7-bed4-4b37-a86e-7767cffb3abd
ffc3bc43-d961-4bc7-b6c0-b199660fd8f2,Unit-H36,UNH36,568608db-5af9-420e-b535-d7ec80e64520
e45694c6-903a-483e-884c-07e585afd88c,Bin-F88,BIF88,ce4ebfaf-0ac3-4341-a7a6-10a1aef29650
6f09593b-cb03-4ec3-91d0-815e10783fb6,Rack-K60,RAK60,9744d569-2826-4308-bfc1-3b2876dc443d
52bb3368-f290-47b7-8c81-945e91279053,Aisle-I42,AII42,a44bfc40-1592-4f9b-a2ac-1dfc28957c5b
fc156b90-4b60-46db-a9ae-6e2a78c658d0,Shelf-A93,SHA93,ae24c8c1-955d-46fb-94c4-c23e59fad5be
5a34d86f-487f-4364-a7f0-bb9785f72e38,Shelf-E33,SHE33,ba6c77e3-477e-41b0-9c61-98519f1377bc
2fea372f-b304-479d-9d53-9c4d6ae6205d,Bay-H96,BAH96,92d850bb-c4ea-494e-9fbc-01a287cb0236
3af3d6ae-5150-4152-9d43-38ed27bf2bff,Unit-U88,UNU88,2f36686b-5fc7-42a8-b937-9f22e923593c
7b4304b2-7973-4915-b2f8-117da2c3ec54,Aisle-J27,AIJ27,0eb6de49-8513-4145-bc2a-6f391ed8044b
1352edc4-6c4f-4762-b885-f811b4848676,Shelf-I81,SHI81,ed9628cf-2d80-4295-8f88-c4ea862578c9
27507c8c-93e0-42bd-b2be-38acf06bd6e9,Rack-N54,RAN54,2063d35b-7223-4cad-8073-e27938c546c2
392b21e5-c454-4aac-a275-ed728cde12bc,Block-D93,BLD93,ae32d1a4-8a01-4c26-bdbd-89a99f6cb860
08e59187-2b37-4e5a-b997-e60fc309c9e6,Block-Z77,BLZ77,5aa8958d-084b-44c9-ae1b-45388d77d7c3
3439eaad-2b6b-476a-91b8-affe4c3ce5d4,Section-X58,SEX58,84936d30-6340-4649-b85a-5035c455fc29
657090c2-c74f-470c-aa8c-5f08f0b4fe57,Bin-D19,BID19,d186ce1c-0aec-4249-9ccd-5902375c3d2f
9a27a047-3adc-40fb-bd28-4121c821b53c,Unit-P77,UNP77,728794b0-0f5c-4234-993e-3e5b04bf1d4d
9929103e-4dff-4735-a267-8464265011c9,Block-K02,BLK02,bcd9bf71-1ef1-4a5e-9df7-9831fc0599f6
79454beb-5033-4b3d-ba56-1ebf279ad924,Shelf-Y35,SHY35,f08bc82f-a037-4404-9bcd-fc6a39068d64
a81f09f7-6259-4d62-95b0-fb80f561f78d,Shelf-L75,SHL75,dd4f3116-6160-4080-9234-fbbd9b73e056
0f55531d-0da9-4fe3-aa8e-a2b37429c9c9,Shelf-D22,SHD22,e842665e-7222-41b1-a9d3-3b2ef0b9b62e
18fd5194-570a-42f5-9bbc-73f40f9dba14,Rack-E94,RAE94,2130dd49-3fcc-44c4-9961-6831580ab9ad
c659dcad-dfd0-40cf-9511-f93c126542a9,Shelf-N06,SHN06,6f04e843-99dc-4dd1-a17d-1655abce3b00
f1f17a00-8e52-4ef1-8bae-0cc7ae76b461,Bay-Y07,BAY07,c3b68eda-2ddf-41d1-b0f6-4dfca8647f9b
0f45499b-38a0-4eba-9b62-1ba77293f872,Row-F72,ROF72,edfd993b-6231-475a-97bc-3041bb2671eb
1bb07379-67fb-4310-8637-92f29edeb467,Block-Z66,BLZ66,8ae2b93f-6510-45b3-bf09-f5078a5e4476
e590fd56-2bf4-4580-a808-8f2db2e084f0,Aisle-D23,AID23,a40f9dd8-585f-4a84-88c1-d19d248db502
e3ec9d43-eae2-4ac2-9f20-e84dbcfbf35c,Unit-M11,UNM11,46943837-51fd-4c92-96f8-e7c224531ce6
53fd9646-7d2f-447f-93ff-83440b336518,Bin-R38,BIR38,b1982923-3ab9-4943-bf5a-48269a026222
d6eb230e-9cb7-4bb7-92ac-0aff629a89f9,Zone-B60,ZOB60,530b7ba0-f828-421e-b047-885a502295d3
a3f80b6e-90f3-4391-a6cf-7bbcb19106a4,Block-T78,BLT78,ef4f98af-385d-4df3-a776-2a37f16b5a15
d2a18107-10ec-4879-9a6b-19356072dccc,Unit-I21,UNI21,537202a3-8c96-4101-bfad-c28be83fb1e6
51844bac-8243-4c75-8c5d-34d64802fa77,Rack-U09,RAU09,5e83d7d0-3098-45f1-96da-33beff61ec79
3724e957-d32b-43dd-9821-4e4e3a239a32,Shelf-I35,SHI35,fea83cd0-f351-4b76-bb43-bbd8eeb1c7c4
fb49f74e-e8ca-4f38-bcb2-7ea9bf2e34ff,Bay-M02,BAM02,9fcee584-cd97-4417-8b2a-7cabfc3fc50c
65af0143-74e0-45ad-b6ee-7f7d626a526d,Section-P22,SEP22,b535d281-363d-44fd-9283-6dc61b7e6a8c
cadeba22-56aa-4a7a-9747-967ed600f822,Unit-N09,UNN09,7c582c8e-f1ff-4b56-9a7f-16fa2c211d4b
21488307-9dff-4725-9d99-b8ca8061257a,Bin-L22,BIL22,33f88b96-777d-47d3-babb-dffc7b7235b8
2ec118c0-ea96-462a-ab3b-4aa9c414d330,Zone-X77,ZOX77,48a0285d-a5e4-42bb-9fd3-39ad835248e7
4f08a1d4-caa0-4941-9bf1-f0d661e9ba90,Bay-O42,BAO42,647e3f25-80fc-4412-b436-078531552ac7
67e681c0-b3c5-4cc2-813c-91c1ba3d4d8a,Block-G97,BLG97,a75d3e12-b9e4-4c4e-9392-cf8b2ab309f7
7568f536-6974-4fa0-bd85-96af28a40034,Bin-Q22,BIQ22,6a9c8ead-bd44-4d19-b51c-8772b706cb08
200b0d62-a342-4c91-983d-83e2dbdb0adb,Section-A44,SEA44,bcf1c7a8-cc71-42c2-a763-d9dc49325e5d
12a03ae5-422e-4532-97c6-652e0ae9d64e,Row-P74,ROP74,06395c19-4b19-4fa9-937a-2a5870cc4910
0d530dbe-4407-45cc-b952-9ba5ae56647a,Bin-U69,BIU69,dabc8bb4-f697-494d-9f61-fbbae32501d8
e2100268-cb4a-46a6-8db7-b48e9f218d17,Block-O56,BLO56,b161b95e-eaa4-4ec6-89fa-d8d53c98d379
2674f5f9-97d2-4330-9216-c769ce91325d,Row-J93,ROJ93,be7e1df8-00ea-46c7-be3e-1f24fe26a534
d4330268-8b27-44ff-b971-f1d0f8814f7b,Rack-L76,RAL76,38ae46fb-835c-43aa-bda5-735205185204
6982422a-27b0-4178-8011-fe6c62b922e8,Bin-I94,BII94,0546e2cb-9477-4be8-a082-b89ff32d1d30
d1fece02-3793-442a-a762-99996a1b2760,Shelf-K01,SHK01,4b4ec17a-dd2b-4ece-b5e3-1df078d2a0eb
78e7f600-badb-4e47-a2ba-94dbf7c91083,Section-S08,SES08,cf078bf1-8845-4dec-87a0-dd7a73fab8c6
724754d2-b6f6-4c08-8bae-81cf8af237b3,Zone-Z56,ZOZ56,0742f130-991c-4fa7-87b8-7adf05ee5a10
0568b6a1-2171-4d9b-9c0c-77ec8e196928,Aisle-Q46,AIQ46,d670a0b2-d7cc-48bb-a92d-bca226c6eb31
554f92c3-104f-409d-a7a2-51590c78e08a,Block-T81,BLT81,8ddfb3d9-654d-45da-bbc1-242252290552
aae75682-1f47-4f97-a3c7-4510779f7355,Block-W02,BLW02,fce7ec51-cbcd-4c14-8ef0-251b3091285c
aa360443-d1d6-4421-826a-2d2c4ac06d27,Section-L40,SEL40,c0e8a6a4-b45d-4bac-88e1-c1c7f778869d
db95ae7c-806e-439e-8e81-1166175b8c44,Block-A63,BLA63,cab204c8-5aab-429e-979b-1c6309a1122d
39446a8e-c201-428f-83e1-25134929b837,Shelf-Z22,SHZ22,61674eeb-d500-4e60-baf9-5176a9ea370a
0385f668-52c9-4563-b407-7c3e8d9ffbf1,Rack-C65,RAC65,81638613-f1cd-4a15-a133-5df55a54317f
679bfdbc-3219-4ae9-a42a-dd448e1ca6e7,Aisle-M22,AIM22,0ab5df61-66a2-4ff7-840f-f2b84d486890
9536d871-9744-486f-a615-014933ddbd01,Block-J84,BLJ84,4b10becd-fabb-41bf-8f60-d9276832313e
4b11aa51-1e36-4f72-96cd-0d321c0a1e6c,Shelf-Q03,SHQ03,535306dd-780a-42c8-a196-7a82c9b2143a
04ae0601-318f-4a2f-961f-b07c9b07ebb1,Bay-L75,BAL75,05f610bc-35f4-4872-9d90-6a7e1f05db60
b92c4fe9-4e56-45dd-b6c2-fd7ed1d175b2,Rack-Q45,RAQ45,d32b7f10-013b-4226-81c1-86d48d750f17
b0dcbe9f-a441-4bd6-9690-7319b85b25b3,Section-K52,SEK52,62b71fa5-7317-4d0a-8156-279fccffd204
484503aa-75d4-4275-8afa-cea95a2c7066,Section-K21,SEK21,c6efe5fa-3dac-45ce-9de2-e87d11be927b
dd19e3c7-aeeb-48d8-88c8-4bdb8ae854cd,Section-P99,SEP99,e6dd8d8b-7d15-48ed-adc2-ba021848b567
14e133c5-b1fc-463a-af94-9818d2903b41,Bin-K05,BIK05,36c10538-9a0e-4282-ba02-b8ce2a27eda3
148b4334-f927-477a-ad82-0efe810664c4,Block-V47,BLV47,53a4bf29-3b52-4463-9a4c-ac66d11b4b3a
c3867371-f218-41da-9280-aecd9450b7b5,Row-H63,ROH63,0b3d4a2a-9e22-4c6f-84f5-8d71330ea028
3dc5d29e-e0a9-40f7-bf1e-541813f9a70c,Unit-Z96,UNZ96,7a0eeea1-0a07-463e-a9e5-48bea192c08d
23a9f147-2a7f-4dbc-87fd-89421fdaa644,Aisle-K10,AIK10,80d13a6a-5926-4cf6-87e5-c0f7e855956c
44254e63-ac99-45fd-b64b-40cef5c046c6,Aisle-K96,AIK96,ee0b3504-28ba-4553-afb6-f01140fed2af
ea8369b6-019f-440b-a459-c40e03de417f,Bay-N59,BAN59,add327f5-6b3d-42f2-8958-ffd7b88e077b
6922959f-1336-4b51-a0ad-78e62b6ed469,Rack-C85,RAC85,2bda2442-68ea-443e-b06a-be63a5675487
a3c6de0a-363b-4495-bf13-ca79482e585c,Zone-Y22,ZOY22,a9ae5b22-98e5-4495-bba2-108f92400581
f6bbf61d-4a74-4353-9865-ae413e6cd2aa,Row-S97,ROS97,3eb489dc-a840-4228-ab15-1ec367263766
4ef05fb7-6328-426b-b041-63d2387891e9,Bin-I73,BII73,dad97c06-b90a-4bb4-99c8-50c4731b4aa3
5e469640-a58b-4c2b-9f92-73a0663e1022,Zone-F27,ZOF27,934a5e0a-654c-43fd-ac62-122cc7617d48
7bf85c61-6613-4cf7-90fd-ad6dd63b591a,Row-I87,ROI87,7cebfdb3-cdfa-4179-8967-ad0a5ef3164b
0a808531-6c2a-4aac-8274-9f6ddbbffb6e,Bin-T07,BIT07,4292f048-6ab2-4667-b8d3-dfe71ca05536
73991c44-e36e-4ffa-abb2-63ce3f29fa5c,Rack-H86,RAH86,08c1dbe8-2844-46b6-be46-6d4c23895e58
c68a44fd-8a18-4832-ace5-d84f09057c5f,Zone-I05,ZOI05,bc9a0b33-3c24-475d-a704-aa038f0f59f7
459a9cd7-64e3-460a-8ad0-fbb910a44f7e,Rack-B72,RAB72,a5dbf7d5-9ae2-482b-aabe-c831c2ccd581
313e31ef-8df5-4641-a0a7-9d4d0958ad88,Shelf-K74,SHK74,95b6e5d8-288c-42e8-bda9-c1fb7e87762a
fa8bc61c-f607-45e2-b5d8-2c2e904712cd,Aisle-J19,AIJ19,55bbb88c-e043-4076-be35-29553646f166
d950f4ed-0d5d-4931-a760-0dc2eeef02cc,Bin-X41,BIX41,40c43f4c-2457-4243-a4ed-69ba5ecb20fe
861afdbf-f64b-4498-b18d-66dd89328c29,Zone-H89,ZOH89,2193706c-841b-412c-b9fd-85be09e91cde
55bff286-3c60-402b-84c1-1ee33cf79dad,Zone-C91,ZOC91,d02a3dbb-5cac-499a-a5ff-fdb06fc292cf
ecb9323a-f1ba-4715-ae67-ecaf138d02ae,Bin-P49,BIP49,35de949b-779f-49cc-998b-653368a36cbc
78d0e0f5-bb8a-4ed7-9cad-d057fd8a5a79,Zone-F79,ZOF79,ce8d1e13-5ced-4c23-aaeb-e6f729f34cd5
83b7c342-d559-475a-874d-d004a92b0521,Block-C40,BLC40,2765d0e7-c557-4f43-aa20-8fdee7a2eab2
f4173958-81d3-4347-a7b0-a8b0310bb6a1,Block-X22,BLX22,7b0e7443-c35a-45ce-a0fc-9c2835ecd257
a3bb136f-a837-4a24-8ecd-6e323178e1d3,Bay-B66,BAB66,7648a967-69d7-48d6-82ec-50dc646718d3
a2f43bf7-6ac7-40fd-bbcc-d0b1b7fa5862,Aisle-A51,AIA51,230aa4d9-ad29-4e7f-96ae-f975f1f8c2f5
eb908645-9126-40b3-9e77-ac4db9e7af3f,Section-I53,SEI53,0bba4128-25d7-437b-8068-0883c9e757b4
ea79b352-d2d7-4317-b571-b8ef8418c450,Shelf-Q77,SHQ77,2e0f53fe-2825-43da-9e10-84b6e8b2221e
2ed80140-498e-42dd-aa52-dec2f5e7024b,Unit-P25,UNP25,2c87ce01-5c11-40c3-9dd9-289511c7d200
533904b8-d299-4a3f-95a0-b256554f2968,Aisle-Q23,AIQ23,61d81803-6012-4143-94f4-ce15bf251e4b
9a85da1f-7a63-464d-a280-7034339d46c4,Zone-T25,ZOT25,6d454666-80a9-4946-8749-d422a58081cb
84f07df2-01ff-44ec-920c-3ab42c488e88,Unit-B37,UNB37,17d8b63c-fa08-436e-8787-2a327c40c52e
f5908d4a-9860-4135-bc4e-7e5dc06cf21a,Bin-C62,BIC62,ecd71b5f-636e-407d-8c5d-f510e3b0d661
e29041ac-b3af-4953-ac83-3f2791a3c444,Block-B32,BLB32,90661085-0390-41f9-a986-55eb9d85965b
828068e7-6bbc-455f-982e-4a6aa8c9c183,Section-B65,SEB65,f78b4ee1-9b47-4014-9ffd-00642ce03a1b
fc28f0c8-e68e-4b9f-ac13-89543870e548,Bay-J12,BAJ12,cf1c9b6c-b11a-4aad-ac78-475e790ce326
4733f015-a333-4a91-8a99-d440b0377838,Bay-H54,BAH54,7170c5ea-7655-4627-8d14-2299cd65b215
bbc58e5a-4836-461e-aaac-f9df3fe474c4,Rack-V24,RAV24,1560a518-e66d-4192-a825-87c93ec27e91
a778190a-9146-4330-87c3-6cef67b033ef,Bin-G12,BIG12,748686ee-b501-45cd-89bc-bc23ef4cf9b3
6e210cd8-384d-4416-a3b8-108a3ff87dc9,Row-R70,ROR70,9fda873b-db56-462b-a406-43603f377409
03fc084c-b3f8-43eb-a518-a64a72ed9fe2,Aisle-V09,AIV09,a2039c52-8ff9-408a-a460-48aa900c30dc
d456d7ec-1b33-475e-8667-0497ab1452de,Bin-H54,BIH54,8ab27718-24fc-4053-b20f-e6c9139fa907
5c9af2c8-bc4d-40b2-8297-a96141ee954b,Block-P59,BLP59,d2d4334e-13f2-4d44-8f08-039b42fc970a
831f53b4-1db0-4959-afca-72c179a9e556,Row-H54,ROH54,525eca7b-7a73-47f7-9856-6d0d512a43be
5057a38b-2908-4583-bd61-54e10d264e7f,Row-M40,ROM40,b1ce08df-1407-443f-8aa0-5314a08ff05f
1e26e415-d34f-4b7e-bb1a-e6caa26e6610,Zone-J43,ZOJ43,7c3bf8cd-a6b3-4c97-a593-f7caa5ce4c3d
933155e4-ac1e-4baf-bd9b-f95340345a5c,Section-I65,SEI65,982f17d2-5f16-441e-a2e4-51ce15491df6
4d5f3b65-993d-41bb-8e7a-4f15980da9ed,Bin-K90,BIK90,b790d459-d49a-4f22-aaca-bd2dfb5f6b0c
f577f0e3-9d1e-41ff-93e4-5cef5286f3ee,Section-L99,SEL99,bcc4a270-886f-4a6f-a9d9-8d473c569c1f
f8ea140d-a5ca-4761-95a9-949c2a380d70,Shelf-B18,SHB18,5145fc38-5ce1-48a7-8000-996efaa07e99
542a960d-3487-406d-b6dd-ada608089898,Bin-G74,BIG74,096879b6-32d7-4cdd-bb04-dc28c8ed9636
5916645d-0737-42cb-9733-5fb739ed7f31,Zone-G31,ZOG31,4a36a2c7-edb3-4c11-af4d-5350224ca01d
b3c99387-b924-49c8-b5dd-218678dc59b8,Unit-T94,UNT94,eaffb795-d650-4894-9806-3226fdf313af
71a77d3f-df6a-4ca4-aa4f-55a1927266a6,Section-W32,SEW32,ebc9e60b-540e-4847-b4a3-dbec2354e638
12c2d8ab-c7ec-4620-9b7a-2b28b7de7a49,Shelf-G47,SHG47,545eab09-6d5c-4f7f-be0f-71d858d82b49
1f645101-a9a2-460a-a376-9d793bdbbbe2,Bay-U67,BAU67,1ab2fdb2-8ee4-43ca-b460-a0ee9e2d1bac
b0ae8254-19bb-49d4-96f3-6584526ae98e,Zone-X04,ZOX04,2dc04ec0-4fea-4561-9abf-50659d46ef68
50c65430-76f9-495f-98a0-d0311253678f,Rack-E49,RAE49,9ca1bb56-07a5-4f84-8cfe-06cda8c8f219
f478e4e7-ce98-4c43-9b06-0423d30a08d9,Rack-N18,RAN18,79e1bea0-0b55-4466-a578-5863efa982a1
a722957d-4a6b-4ea8-a06a-86e08ea86539,Rack-M57,RAM57,a00ca1a9-22e1-425c-b0a9-a0e7df50e7ba
fb2e5d21-3123-468b-a714-83fd19b563b8,Shelf-K81,SHK81,2674adbf-340d-4f72-95d1-60126b7b2f80
a5d9e202-5a0c-4548-90c4-d311b567fce8,Bay-J65,BAJ65,6d69b85b-fe7b-4065-a2b4-9cb8193fee62
acd5e527-629e-461e-8501-c9ba9bd4f240,Block-F14,BLF14,570971d1-0f22-4752-916e-d9acfd58da6d
68d8906f-6125-4e12-bf81-c66c53472956,Bay-R32,BAR32,020a46e4-55f3-4260-bbc2-b81385323aab
898ac643-ea92-4c99-977e-35c011ffee61,Aisle-O90,AIO90,7fe815b4-72a4-4e0e-a788-9c161c60db2d
068b72eb-830f-4aea-a169-e221c5cfa9e0,Row-H07,ROH07,1101e29b-f2f6-4445-8073-4fa4c1e3498d
08b99d6d-385e-4203-9a88-6808e8f4bf85,Bin-J07,BIJ07,c1c8d642-83af-4013-b7ca-2b887e43e7cf
bb241c28-f539-4778-b4a7-5e8ec8971ab8,Bin-K62,BIK62,f8c39946-6416-4975-9d5b-4f05a126d099
d5ba8a18-b9f4-471c-9e39-0d4d0e9c145b,Zone-F86,ZOF86,73e9b7d1-274d-4440-a972-3b6147d0cf73
8c956f74-85df-445c-b070-e203c3e426dc,Aisle-H95,AIH95,fd22231a-ca33-45e7-b51f-bc0032882f4c
745e6592-820f-43e1-b35e-342f714af77e,Unit-T27,UNT27,431b8f2d-fa8e-4137-b0c3-934c7dbc2712
11098e21-c7c1-496b-93c6-7b050c0deb08,Row-Y15,ROY15,29855e9a-b07c-4251-ab54-8313b39a0db2
66436c2e-d9a4-4e65-a6f6-9d86e18884e4,Zone-R24,ZOR24,f19a5df4-eae7-46d2-b37f-3b1edefedff5
359f71b8-e193-419b-bb05-44f7f5b19176,Bay-Q99,BAQ99,2c9580c5-c683-438b-b92f-fa4f31a108f3
936a0239-71f0-49d8-b60a-13f8c183537b,Bin-C76,BIC76,705f3aa1-b357-440c-9222-156b46ab703a
5a714903-b9c4-4f79-ae58-711eef207189,Bay-T46,BAT46,7193fde9-0da8-4eb3-807a-f1a327437f73
7d8074e8-03ae-4618-8365-8cec21dbf882,Block-V93,BLV93,c468c25e-41d0-403f-aa75-5ca60bf0bdf7
07fddaa9-68e0-4c13-a3e5-9e66ba2c6675,Bin-S09,BIS09,35315e37-04da-4f02-be8f-d1a359b9e682
afccc1b2-0f3d-4dc2-8b29-1ffe37f63e3d,Bay-K51,BAK51,6d4f9004-7e47-457b-bebd-b3b87595bb71
58927ee7-8c43-46d1-a721-86cce8bc880b,Bay-N33,BAN33,8e4067d0-5a9e-4d09-821e-9300693b7d7e
1384abd2-8ee9-454e-875e-93a15704679e,Aisle-H75,AIH75,e3488cec-2703-462e-8b7a-ddd7dedbcb23
d9925e15-16ea-4b5c-a403-afce5055c649,Rack-I10,RAI10,80981c64-35fe-49b8-b1b2-762717337812
b660f3aa-4719-4404-a877-b35c1654b97b,Aisle-J20,AIJ20,b23ce30e-bb0a-4f26-a5ea-f12fe12c26f1
f0c62548-4e84-4f17-b8e8-1fb78c121e8a,Block-P69,BLP69,b655d56b-4a23-4008-ba85-48b4a35b3195
3b0cdbb9-86ce-4748-8a40-9e23ab71ea62,Zone-I64,ZOI64,68a5e553-1961-41af-9268-355671bc8b5b
321afa7a-e016-46ba-b853-1feaa10fc9f7,Shelf-Q76,SHQ76,33876543-d961-4032-aafb-94034e1ad6b4
8e3af600-051d-4c1e-bf01-3a3c54089aa8,Row-T88,ROT88,d6d19efa-78cb-4cee-bf2a-ab54dbd5400a
7245ecac-8811-44e9-ad86-81d5ae7b17d4,Rack-D88,RAD88,198fe886-e0db-464c-898c-13be80b4325a
5b8d93be-042d-4bc6-922f-a17db61bfc41,Block-O06,BLO06,0afec660-10b2-436b-9f0d-2931eae44d54
50b2a771-ca8c-4215-b23e-5d2fa5f5035c,Block-P19,BLP19,1b01f85c-6798-45ec-aa3c-c55556939852
c0f376d8-fee1-406a-ba92-07fc39119fa6,Rack-X17,RAX17,424558c3-e07b-4945-8a53-e1e0f447e2a1
5115ef1c-7e24-4036-9bb4-404639606740,Rack-B89,RAB89,73e85901-e7ef-41bd-9eec-4ba4a3017ee2
8e99f2dd-6a08-4e73-b61a-da0c2f1794e3,Shelf-O62,SHO62,976f88d4-788a-455d-9cb6-902f96b52f7b
b61ec8cc-bbd0-409b-a6fd-1afabe212546,Row-H35,ROH35,5e83d7d0-3098-45f1-96da-33beff61ec79
3c9db4ec-9c45-4137-8a68-9506a35acf6b,Rack-V32,RAV32,9bf7af00-6844-4980-a9dc-d6e1a0cf9839
4a4a9317-f196-49a9-991e-9622a46e3cb7,Block-D29,BLD29,100c7790-b94a-464e-8728-417ef79b4991
28489d58-3997-4d6b-b825-df82210bfabe,Rack-X63,RAX63,3d075c81-2fcf-4ccf-b76f-a3999bd5d74f
d9116775-900b-472d-82a6-75d2f56aea7f,Bin-E88,BIE88,213e46f5-f18f-451f-a5b3-041c22cd075a
6f73188a-91a6-4db9-850e-8cbd131ca00e,Block-I45,BLI45,eaef3791-fcb3-4761-aa90-ed18f2a6db4d
7ab08bf7-eae1-4cab-92d5-e3fea1a08696,Zone-F63,ZOF63,f10d4fe2-4303-4cd0-8793-da72b0085cdd
61f2c06e-eb8d-4586-8cc2-df9df8c4474e,Bay-U23,BAU23,6ad48b96-dad5-4e30-b431-65110e9c2029
23254743-6b34-46ca-a77e-ec16b19574f5,Section-E98,SEE98,5e1ac1ad-5ff5-4b22-81ab-3f400fe79bc9
abbf23ae-e913-4cd8-883d-2a14bf2fa7f9,Block-P88,BLP88,68a78b7c-403e-4656-90c9-8a16ab2d640a
f76957ab-0027-453a-be5e-233a65f2ecc3,Zone-C46,ZOC46,8eadf66c-e1f1-47d6-a537-9af9544dce95
62c430ec-9968-474a-a522-de91fac7ec41,Block-M67,BLM67,c60cd9ee-2353-46ad-9396-5c03ac5fbcf3
f06a028c-f7c2-4c84-99c9-378b9ae1238d,Shelf-L46,SHL46,9d583a27-40ba-415c-8e7f-800a5a98d05f
e45620c2-12bc-4d41-8add-8021345525ac,Shelf-W42,SHW42,8097c6ce-85de-46e9-9a00-c9c85a9a6d57
f8fd8556-dd3e-47d3-8a52-52afe8bdc240,Block-V54,BLV54,0fa07341-e74b-43a7-b8f7-5e5978550026
9772e9b7-c510-40b1-9018-3de9e25e9915,Block-N72,BLN72,aaa3b3e1-418d-4847-b968-b210df73e62b
56f048d9-95cd-47e8-a252-dac43fe3b891,Bay-B73,BAB73,3ce2283c-b740-4a8f-8e76-26b5a4e10562
fb20143d-01bd-43de-9c5d-3dec86dcac3d,Block-X31,BLX31,8affb5f3-6296-4205-bf6c-355e076f5b50
4aca9cbf-5bd4-4ce9-91b9-7d2982774be5,Bay-N82,BAN82,c7c6582a-20ce-4862-b7cd-b40e8da54ddb
30073247-2995-434e-a2fd-048fbdcc6f63,Zone-S48,ZOS48,fba3a8a1-41e4-4cf5-8f95-74544b5ac997
8d8854d4-3e06-4562-b6a2-56e3e8911e69,Shelf-W53,SHW53,78782b41-b54c-456f-a4a8-fcd0d80e1a13
c49ad431-2eff-446c-b57d-734c2e681fd7,Shelf-H27,SHH27,a827ce00-30b9-47dc-9039-b7125be4eae4
8468c6ab-cf6c-47a2-af95-c6f5295d3ebe,Zone-N25,ZON25,cba66887-ffbf-4c0f-8aa0-535f245da902
f61d68a8-1f0c-479b-83f7-0258b47993f2,Aisle-I48,AII48,85df8240-b399-42d2-a405-72d664b662c1
bcd627e0-e50a-4a46-8092-30a115f142e9,Unit-E48,UNE48,c3b1acb4-105b-40ca-a736-981aea768bbe
2bb0aefa-5eba-4880-a35f-5aa843cc274f,Bin-M09,BIM09,4af12015-1d8b-4c4c-ade3-2a1ffb79abdd
53a35ae2-75a9-4f3d-9ba5-d909b00402fa,Aisle-C19,AIC19,e79e7135-7b8d-43c8-95ea-610271a53601
b35c05c4-fd01-4e30-a824-feeb551b4833,Bin-O95,BIO95,3072957d-539b-43e3-bb59-e1e1fd646963
45a29813-e4e5-4969-bc07-e60f975e1121,Unit-Y90,UNY90,70cc88d9-a593-4c5b-aa52-9e3a39dacabc
44eff40a-f8cf-45f0-96b9-dd84804a4aff,Bin-P71,BIP71,02d0c647-e75e-47d9-a40e-7b3bf42ce285
387bab3f-d198-4952-96b5-0144cc818088,Unit-P74,UNP74,7b176ac4-936c-491f-beba-7a215e115f73
f31945ab-06b2-41bb-8dde-67b2a64b4e42,Bin-N95,BIN95,2a89b77a-5e80-4019-a6da-ba02f454806e
65471e2b-a7c1-4037-b22b-1f35bd2d369c,Shelf-S55,SHS55,77a62662-30fc-4510-a3a6-fa7c5955fb5d
c8d9788c-8dee-4ffc-b514-d99fda95edd4,Rack-L21,RAL21,fd1853cf-69b9-49fa-a7b8-a3ef87323174
8527551d-79f6-4069-80bd-036d47e4d96e,Rack-I91,RAI91,41e2ba00-89a0-4334-a894-bebd660f6a7c
b893c0a6-d686-4541-a3f4-fa046e36fe7f,Block-S24,BLS24,9cbb7705-d598-44bd-acf2-9e875b417338
9f8c9996-0ef1-4709-84c9-95be06e3e375,Zone-S94,ZOS94,607449f0-ca7c-4e0e-9ea6-8ed7288d38cd
c55cc4a4-e2cd-44bd-8c46-12322b97d352,Block-I18,BLI18,25056324-5718-4ec1-9a80-3b70a2eca762
51406a67-84b9-4c41-91dd-984bac1e05cd,Rack-D18,RAD18,cd63357d-6154-457d-a228-4fdbc97a497d
ab4f7067-7218-4d56-8104-c0ab573fd83c,Bay-M76,BAM76,51127c55-408a-4639-bdad-6ae190581fd8
955ba7ad-936f-48d8-9ea1-75d36f526ce8,Shelf-P50,SHP50,e29650bf-493f-42d7-af2a-67685be263fc
535dc622-b7b1-4fa4-b6c8-c8a578f9d0d0,Shelf-Y78,SHY78,7a4d6700-32df-410a-bf19-775014c6094b
c4698519-a7d0-4b5c-bec6-2145eb699c34,Bin-Q55,BIQ55,a9d0d6cd-121e-4efb-9fa8-735acafe9104
0ec59dfb-051c-4a2a-a09c-045267ee4ef0,Row-V84,ROV84,04bf8ab2-aa72-4661-ad86-3f9e0af7eca9
edb80f22-c87d-4226-9607-b508dcbf7d35,Unit-L86,UNL86,a04ff8ee-1856-469b-9d4e-c14ae26b915e
b8043243-a789-4024-bfa5-bcb725a5e387,Section-Z50,SEZ50,5b200bd6-f24a-4d0b-b858-95f5766c396b
1cfa9364-a31b-47b1-8256-b70be99b4338,Block-Z20,BLZ20,dd04a37d-359e-4c2a-801b-d9f57ee8f35f
01e7fadf-553b-421d-a3b2-7a3dfea42cec,Section-A53,SEA53,548e034a-aae4-43d7-8d60-e480b80e9cc8
4332d7ef-e4c2-4d2f-a10d-7ea0c80d668e,Zone-N61,ZON61,545eab09-6d5c-4f7f-be0f-71d858d82b49
b526df1e-a881-4cf1-bc54-dffc3c931fa8,Zone-P59,ZOP59,0b2c89a3-eea7-492c-909e-9a90e8ab47cb
09a408f7-9eaf-4bbc-82e4-b2461c4ef49a,Block-T94,BLT94,cf1c9b6c-b11a-4aad-ac78-475e790ce326
414bfc63-10b2-4afc-9e05-5d19e07c45aa,Aisle-Y78,AIY78,817314c1-5708-4550-9d42-0aa9a4ffdd38
632f3049-f48a-4721-a916-bba40c0017af,Bay-Z09,BAZ09,d4f3a0fb-89b3-4a7a-b7c0-cddb48f0b121
eb2da1e9-d81f-4316-8c77-6feac0ac46cf,Bay-A91,BAA91,3167adf1-ffd8-4ba8-a177-4c1bf61ac5de
fe9151ca-e22a-40ff-8376-01ad972d2124,Section-X21,SEX21,a834202b-76f4-4e70-aefe-4ad913e281e9
67eeb033-2fb8-46f0-8c8c-a7f9282f092a,Section-A28,SEA28,da6c0ed0-dcf2-46f4-b004-50529975d492
681c9447-2b61-4aa7-af10-52aeb6cc4df0,Bay-Y68,BAY68,72fb19aa-0ad3-4029-a6a1-02ac7173f4ba
5ab90336-4d4c-41df-bd91-73fcd50ff531,Row-J89,ROJ89,44468a9f-6dc7-470b-a03b-11915198d395
d1f28727-1b55-4e66-aba5-bd3747503e92,Section-X42,SEX42,41261204-f2cb-43bf-ba3a-1d7976665bcf
b39c2428-2b1f-40c1-89e4-ef7471d9c45c,Section-Z44,SEZ44,822e56b7-c733-4070-8c9b-4635c110fd06
4c56e503-9d9a-4941-934e-aec9607e6f9c,Shelf-D72,SHD72,982aee56-fae8-43e8-b861-b2f74e97e527
efef60e6-680e-40e3-afc2-50927cf91a99,Aisle-A32,AIA32,3d1b09f7-3e54-4379-837d-423d65e0f98a
e9e8f49f-fbe8-48b0-a070-6a2c6818f771,Rack-V55,RAV55,1fedb7ee-fce1-4fa3-8974-447db353674b
3a1bae96-1b28-4a0c-ba70-a7eb86009faf,Zone-Q86,ZOQ86,bb73b1b1-1955-47cb-9a5c-6376983ab8e0
c8be1539-c28c-4e0e-a669-2d11b739d903,Aisle-V09,AIV09,3bb6276e-4174-481e-9ecd-94b7161c32b7
60760c5d-918e-4ab6-be32-7bf41821562e,Zone-G84,ZOG84,d392b7e8-fd6d-4e59-b5c3-971737b70adf
d2ca548f-4b22-4d23-871f-db2ece5bd582,Shelf-D84,SHD84,f50a1c2f-2d91-44a3-89d7-d23bd6b46770
cbab7c09-92d1-4280-92bf-0916dac95d07,Unit-Y11,UNY11,6024d778-c0ad-4c7c-b89d-b2b8fa2b1405
7ae4e730-0196-41e3-87e6-cc20044e303e,Row-Z78,ROZ78,d47f899d-2f6f-4128-8348-5bfb348baebe
17a49cf7-3114-4bb6-a841-24df0776fe9c,Section-U51,SEU51,9ed483ff-d837-46c0-8bd2-0aeed3be33f2
7bc38b40-58df-4b08-8715-79ecdd31dfca,Block-M30,BLM30,685a4014-3159-4e64-a39f-696829796914
e2fae95a-71bb-4ad1-a7a7-b8a69b035050,Bin-J62,BIJ62,c1bb8b3b-b7b1-4c0f-b59c-41ba5388ba0e
8d09bf75-70a0-4464-9227-70da2ecb7ac3,Unit-C84,UNC84,161cd359-e440-41ab-8364-40298ef355f1
52fb9168-5361-46ce-be1d-22ac144fc25b,Aisle-N42,AIN42,234a3c34-b560-4a23-99a8-3e5c22521a7d
431bd24c-9cac-4e91-a533-6d5c76a34df7,Unit-I44,UNI44,ca55e593-b713-4de2-9ce7-a418c72ba798
486c23cd-e087-41bd-a85c-b07aa7bc1ff1,Section-G88,SEG88,ece7d6f8-2436-49bc-a6c5-1eb146886210
4c641530-8998-4278-8fb0-e6b09f224e18,Bin-B92,BIB92,a6592d1d-2777-4fe1-aa28-97fb9a2d693c
77459b50-5abc-4f68-97da-3eac6b77029c,Bin-I04,BII04,d6b80351-8543-4812-a67a-b991da3def5e
4d85b4b3-1ae6-489b-a5f5-0b35371d1b58,Row-L28,ROL28,1d378cff-f640-4f98-9823-f6e582d03a01
0743b78a-f4e0-45b4-b853-65501d63ea59,Section-V96,SEV96,b03550ef-558c-4f54-bdf7-bfd0b26fac18
69cb3d32-7515-4c8c-988b-53598d0b3a29,Section-E91,SEE91,5f431d33-ae69-4173-94cd-fe786f55a420
bb2172bc-3046-4fb8-bed5-ab3b16f795ec,Zone-E89,ZOE89,4e988cd5-1f72-453b-8951-ad376620c809
b466e237-94ac-44c6-999c-5120ecee04f0,Zone-N58,ZON58,f11c1383-fee4-4044-978c-9eaf6ed56c8d
1ae13bbc-78aa-44cd-910c-9e34e0133806,Bin-U44,BIU44,07cbb822-ce9e-41f8-b7a8-fb767fa22219
b90dd74f-45fa-440b-8f8c-d9730e2e641a,Section-B48,SEB48,ed9628cf-2d80-4295-8f88-c4ea862578c9
28dea2a1-5995-4e48-893c-b98c33d0115e,Unit-O72,UNO72,48f919c1-ba0c-4dfb-aec7-ce9bf43e8696
4d4d494d-a00f-4654-823c-ae461353c555,Row-Z09,ROZ09,ef455fb6-fe99-46f1-80d4-e1099ff6fab2
8daf05e0-9fc8-4ef5-b750-1ebaf83f89cc,Block-K20,BLK20,55b8040d-495c-46a4-852d-8ba4f1eb167c
3da1df29-0b1a-4448-91f7-673fbe95bbd0,Bin-J70,BIJ70,401bed30-07fd-45be-8c70-29fea78b7e7c
24738a11-0b2c-416a-99ad-8905353ad7dd,Shelf-Q46,SHQ46,c3551bf2-0036-485b-b377-5742de1eafec
b8adb4fa-b511-4e0c-b5a7-b385403241ae,Bin-Q31,BIQ31,15f5924b-a0c9-484f-8bae-4473df12ea60
a7e5306b-90a2-4b24-b5aa-4726e2bf2614,Unit-F01,UNF01,9bdfe04d-ed58-417d-a515-51ee20a69329
77152f09-b4a7-48b1-8b53-6633672fb4d8,Zone-D36,ZOD36,9b1b2b96-a53f-4980-9965-ee29a1d453f9
c83c8321-1786-4ad7-a172-53a5993d1354,Row-O64,ROO64,abf9ebd8-dcaa-491e-afe8-9864ec7776a2
ea08550e-2f56-45c1-b9e8-597d31cd62cf,Bay-S12,BAS12,44cd84b6-7c4e-43db-b705-47389f6ecc8e
91db4fc4-f687-4d01-810f-9878cbacbec8,Block-X11,BLX11,0bba4128-25d7-437b-8068-0883c9e757b4
78e82a95-67b9-471f-b5fd-d6fa69d332f6,Zone-O53,ZOO53,9ad61d11-502f-4bde-92a1-4f15ba0a36a3
0a9943e0-0d6b-4c29-9da2-4c97826a82ba,Aisle-Q22,AIQ22,f214a484-b913-4122-95ef-0fc101396cf4
a00443b5-5471-4001-828a-8edc9c02e0ce,Block-D73,BLD73,d0bb7aa1-04a3-4538-9e85-c2533aae8986
c2467c1d-f6da-4dd4-90f2-113c26113066,Bay-W73,BAW73,66efe5f3-8995-4377-9870-32ef034208cb
29b7f020-7d7e-4118-9269-32c375479864,Aisle-S40,AIS40,505e54c7-75e3-4cd5-a9bd-abb15dd1d016
b983ff17-6435-45e8-9f3f-52d534dac4c0,Bay-S38,BAS38,a7a035d0-06c4-4913-a13d-fb47be1f8724
63e94ec9-b92c-4d92-845f-9db5a53bb2b8,Bay-X41,BAX41,06836f63-654e-4c5f-b991-3527870a0553
28febd84-68af-4bdb-9c81-cad6b1bfc36c,Row-Z53,ROZ53,a04df5d6-11fa-41d0-a134-0907d36d77a0
35f0b762-1ec4-4df4-b85f-732ad38b5105,Shelf-X31,SHX31,ef4f98af-385d-4df3-a776-2a37f16b5a15
a206ed90-eda0-49ac-b3ad-9be7b7d95bde,Unit-N44,UNN44,25cf5e89-5764-4202-b51f-977b22ac78cf
46fafb39-b1c7-4249-837d-a28e6d44ab9b,Rack-Y95,RAY95,7fa4845e-40d3-4df8-a9ff-e8476395c74e
9b71ff50-647e-4774-9111-66ad4f2a6327,Bin-C90,BIC90,e1405ec0-c1da-4311-a9b8-866a5111c62b
1c5127df-04b5-4850-8b24-2cab941aeeb5,Bin-L93,BIL93,e8e78b8a-db2b-4be2-bafb-eb5865771ec6
5107827d-f3d5-4ecc-bacd-a8659e3c803a,Row-Q25,ROQ25,01c5e3d7-7c19-4347-8b9e-a145f3224df3
8c1fc79e-8b69-4de6-9a3f-94a092661a74,Section-S90,SES90,d9d382a8-f9f2-4f8b-b921-e0179529cdd5
4496643b-2196-4811-8273-ac34f1350f70,Bin-Y25,BIY25,ed1aa0e2-3b81-4690-b816-f98caf93aa13
6a32b700-0404-469e-9d3a-424ac69eacb3,Rack-D75,RAD75,88e14bc3-ed59-4abf-8a65-6e64726dc0e0
31fc3bbd-bf95-47a8-b567-b50183ad373d,Shelf-E82,SHE82,f599abf9-4c3c-4cb7-b964-ff3000c4fcb9
57e34615-e1fa-49d6-83ea-e8947b091bce,Rack-N50,RAN50,2b524578-061c-4c7a-9ac3-5300fbf565c9
44a43e01-b090-4dd0-aaaf-3505c79d8390,Unit-Y42,UNY42,90dc5eae-08dc-4fb5-a976-a449a742899c
a6127835-b5b7-43c5-bdc6-1dd37b5a41bd,Block-B91,BLB91,9285d1f3-c547-40f8-b95c-aa6789c1ce0f
12222662-f420-46bb-8bcc-7696a2fba6a6,Row-R06,ROR06,1c2fb617-d392-4270-98f2-009454f31ccd
6b98ce71-32df-4e71-8ab5-eb04598055c5,Aisle-A86,AIA86,eda5003b-6e23-457e-8c2e-aee7e0a88071
0cd1824d-4a0b-4cca-ad34-bba18435525f,Rack-H82,RAH82,63f4ea89-420c-43f9-8883-6cdbf07f57f9
f761388e-420f-4ee9-9531-af34e366238c,Unit-R13,UNR13,e6c6404a-d8b4-47b4-a127-2553bc02ed40
1c18c035-5a83-4d38-af87-1ae3e8d2aaad,Aisle-A98,AIA98,84bdee1d-aa41-42fa-a7e3-7613b16155af
be885390-1f74-4206-8982-b7b8efc6216f,Bin-N51,BIN51,0ac62cb8-5bea-454d-b64d-81799323bc41
636e363f-9897-4361-8971-5db2a1a4eef7,Block-H57,BLH57,1789b528-b76e-4a2c-9f1b-93bbc9efad81
ef7aa0db-5c15-4583-8d46-41067e64af27,Rack-G83,RAG83,ed288f1b-a47e-4999-86e1-acd4b76a0feb
3edafeec-ac7f-429f-8d8b-9c8ac0992e8f,Section-J33,SEJ33,8f68d329-da27-4a8a-a8e7-ec1cc7b3b9fe
f3f18356-b018-4bbc-8acc-388c117c789c,Section-M47,SEM47,c679a6d6-0378-4263-941a-46ada1964b93
1274ad4d-8fd2-479d-8654-bd4522288449,Row-A59,ROA59,2b2fba7b-4205-4e43-93fd-9105da67e5b0
56487998-a3a0-46fa-ad40-bd0750c206e4,Bin-U90,BIU90,a2c54c29-0d21-47c0-8e7e-ed0603710935
b538748d-d29d-4c95-b593-6a70d3c5816a,Zone-M85,ZOM85,2a5d4217-6db2-4b3a-b5e4-a28e85c49665
770cdb7e-276a-4d65-8946-5f7ed53dd83f,Row-Z37,ROZ37,dcc0becf-79dc-4a45-b02c-4ac149df910a
91c6b772-d789-4efd-ba9f-66579876a602,Bin-N63,BIN63,9fd31b35-c247-4672-8d15-128f96eea6f4
1a34ed10-1233-4704-9e18-adec856c59c3,Rack-K34,RAK34,70867c9e-87c8-45d9-ba02-eb0e4ca232ca
bcab6c9b-d9c9-4fc9-a5c6-16c7d5dfb33d,Row-G77,ROG77,51810a08-ae54-4290-bf11-3dbc8f774620
a577179b-8d53-431b-9336-689c61fd3fee,Shelf-M33,SHM33,6ca81710-e3df-47b9-aa53-4b7eb360455d
17ba2d06-4810-4b0b-bdff-a4933fdb5e14,Rack-S96,RAS96,915b9b3d-5366-4411-a8e9-71b0e61331bf
504a3aa5-e62d-4317-bdaa-ff301f22a791,Bay-N71,BAN71,3048af6b-e74d-42d6-833d-d5a07cf8935c
ce19f5f7-5b48-4d7c-bb71-95b6f9dfe6c2,Row-X31,ROX31,43d153d4-e7a0-4301-9499-72a935dc9c6a
cc111337-a63a-4bcb-b897-00c8a96dd86d,Zone-Q65,ZOQ65,928a4bff-b942-4f35-b88b-68f42e60db20
b1882732-4e53-405e-ad5c-16052a377f57,Unit-D08,UND08,9a53cd3b-1aa6-4163-8006-f97d6a166983
89c44702-285d-447e-a4ab-45f601a72185,Zone-G13,ZOG13,f19a5df4-eae7-46d2-b37f-3b1edefedff5
bead6ae5-7f30-481e-8368-fc5a908e4764,Bin-Z23,BIZ23,ab1ea0a6-4630-4e63-8bc7-2b04c2f26701
90b35d60-c247-4350-bdc0-38bbc251b1b3,Block-E41,BLE41,6c413f78-acec-4c9a-8241-bfd3c6564d5d
f6479581-c91a-44d1-a76f-55ca18eb2113,Row-Y66,ROY66,27802804-30bf-4fc4-bb68-41523cdc8e75
3bc95d31-1af9-4948-877c-72bb923d6b92,Rack-S42,RAS42,54abc2e7-032a-45cc-b788-0a0e03993069
f6e2e054-72b4-4fd8-b946-4788b7242d0a,Rack-J02,RAJ02,3b8d0957-f95e-4217-b173-af060de82750
f45d19ce-648d-46ff-a7d4-d6f06c724dce,Bay-M16,BAM16,c8fcd22a-29ec-4ad5-ba4a-842c137e669e
47cb1157-9fb5-4104-853e-bcfca6f1ff20,Bin-Z60,BIZ60,c2b87337-3416-4440-8ae2-c0fab27ea9c9
613b5a52-5af2-4c6a-92f3-d33209cb32b8,Rack-A10,RAA10,a18f6e30-b47e-4810-92bc-df4409fb7290
dbadc5ec-813f-49c3-908f-01c8fe6eb1c9,Rack-B58,RAB58,9b191069-ec29-4f9f-b7ee-3faf808c0a15
2dfc4bb8-8b72-4cff-8d65-1cd749783cbe,Unit-Q41,UNQ41,26ced7f8-3134-4363-949d-5ce91ac841a7
a96c0e4a-0928-4b40-a2d4-f3be8840a959,Block-O98,BLO98,f4a3e569-aad9-4a73-84ca-d4843c530538
4995ec62-118a-424d-bc90-8e3469b3cfd3,Bay-X64,BAX64,fc95a4b8-406e-4eb2-b9f7-f34a1b626193
ad5d402e-2b47-4e83-8cf7-34ebd8d04d98,Section-M97,SEM97,def80e4f-3303-4fcd-a928-fddedd63a457
11cc93fa-a252-4702-b2a1-6997c0ae09e9,Section-S82,SES82,6df8a17e-e335-48ef-88b2-47644bc8d3fb
48da8d94-aabc-4c89-ab67-df16210eb217,Unit-T36,UNT36,5e83d7d0-3098-45f1-96da-33beff61ec79
f7a5bb1b-7008-421f-b64f-4c655c3e3d5b,Section-D74,SED74,16daf379-0a64-42da-8a09-c5575c049870
c34438cc-428c-48f5-bbf0-458d97d1b602,Zone-S49,ZOS49,7868d2f7-d5b7-459e-8c40-2a618e2991ec
58feacd3-0f07-4d6e-9838-3efa30b5a26a,Shelf-Q29,SHQ29,c408a1fe-a5cf-4529-9c32-cd4c3d26039b
2480bcc1-3d9c-49b0-bd12-522fb6a7b7d1,Shelf-G02,SHG02,01b758c9-c3b4-4f84-b8a6-7b1564dfabbe
2ae46f57-d3bb-45f9-9ce4-3c2743851718,Bay-E85,BAE85,1f3b3cc2-1c9a-4c4b-ba5f-fa15de1e6256
55aa43b9-de50-4e2c-a438-48731681fbf4,Bay-U91,BAU91,ace2da1a-d5c7-4c44-8879-71f0afdacda4
ca90e9e8-783b-465b-bb2e-294c3e0f2866,Zone-U09,ZOU09,dad97c06-b90a-4bb4-99c8-50c4731b4aa3
ac08dd40-655d-4e5c-9365-47129db8ae9d,Shelf-S84,SHS84,ed76c834-366e-4928-b447-de711a65bb5f
889be0ff-3ea5-4716-b2e9-5d44c8f246de,Section-Y46,SEY46,29fe6a62-9a4e-4fc3-ad6f-60323f1e36f6
5a9717ed-e52c-4ef2-b647-90d979222838,Bay-X02,BAX02,35050e93-e268-4437-9310-d4130b1bcc80
4696df2d-2bd7-4403-b178-8f82f1c4f2c0,Bay-F85,BAF85,0ac62cb8-5bea-454d-b64d-81799323bc41
d830e0d6-de7c-4805-bf89-98182cc4e2fa,Bay-C24,BAC24,b7bcba29-a5b9-454e-a749-8dcf786ef65e
29e73509-852b-42b7-a8bf-d7a6e49349d6,Bin-O80,BIO80,78782b41-b54c-456f-a4a8-fcd0d80e1a13
ca67b7ea-3857-489a-aca1-5bbad2332629,Rack-X88,RAX88,cdb29537-db98-44cb-af0b-967f5fdbbf1e
cb999193-ea9e-4edc-bdcc-33aa412d0715,Aisle-H72,AIH72,73be35a1-943c-4b73-8cae-5e4b6b830252
aaa13d6b-1305-4bfb-b32f-79ec240b6c71,Row-V54,ROV54,25cf5e89-5764-4202-b51f-977b22ac78cf
34860816-c56c-4101-9c92-65c90f0d262a,Block-N05,BLN05,51c32ed8-04d9-490e-b6f4-e038d0e962cf
ad3b81f5-9b8d-4ffc-b787-df90dc2d10b2,Aisle-X68,AIX68,e0b2a4f2-9976-4c28-9159-ab090b0a4e15
7bb8bba1-841b-4094-a8e1-75e2963a45e8,Zone-C26,ZOC26,f328643e-09d9-4aaf-a2a7-4e6ffd8ced5f
42d1c263-4296-4bab-b37f-79f78c2181e9,Rack-U28,RAU28,7863eda9-cd66-4b3c-bf25-7828b4356b70
3874a106-57da-455b-9056-17b0b1e6c35b,Bin-P71,BIP71,337ae719-0ac7-4e4b-bb04-63014ef740ac
c4ab941b-dfe0-4b0d-a911-a600d1686e9f,Unit-O37,UNO37,8f27f540-27c0-4b70-8d91-5c958ed9a946
64314cf3-aa46-4777-8322-1d461372a013,Section-A68,SEA68,ef63627a-ee8d-4e18-a310-15e9ea577114
b412353b-4ed6-41b9-a798-344b2e122da9,Unit-G53,UNG53,b69c66ed-8d10-4b46-a0dd-3e0524c5a33a
5d0c9509-67f8-4e0c-a709-92c328b2bc12,Aisle-W97,AIW97,f9ec2b70-ace5-4a12-89f9-b8162587a248
df10fb75-5e50-47bc-89ae-e15a0aef2b3f,Section-U80,SEU80,ab03a442-27a9-4b44-95c0-e24de88fe8e0
c8627a8c-5b20-4362-9820-5d60638e6c77,Rack-F50,RAF50,58b8aae0-42f2-4285-a304-73748e3d3c40
9730de5c-140f-4220-8149-e6fc7778884b,Section-Q22,SEQ22,dd96cf24-5353-4528-af12-8a40afa0547d
aa0a8b03-7298-48a2-8b24-58db041f0441,Row-D45,ROD45,dd04a37d-359e-4c2a-801b-d9f57ee8f35f
64bf3940-5de2-4c65-a552-b8395159d19f,Unit-C71,UNC71,5ce31467-3dd7-4683-a174-26b590359ca3
30d5f8a8-6c39-40e6-9ed9-befdf12ede19,Shelf-H29,SHH29,62b5b3db-d510-4f04-86ca-9b135242e7c9
729f7601-135b-4a47-8f32-664da18ced56,Shelf-P66,SHP66,ae41a381-3e45-459d-b86c-1957b1a4cf34
80ad76aa-6375-4a32-9bfd-d4060e0c6da9,Rack-K57,RAK57,777b70b2-4132-4055-ae51-638b493977e9
d95a6db9-5566-452e-9c7e-011fb884f692,Block-O64,BLO64,cffb871e-67c6-4c73-81d2-1a12a601fe75
aafa681d-b0cd-4628-be99-39ff96eba429,Bin-E91,BIE91,a07c613b-7ed0-4146-b2ed-8dc7fdded10b
b007ea05-c079-47a8-a62d-711cfa6bd6b5,Unit-T18,UNT18,146fb5ab-6f4b-4bf5-9f04-ec038f0b47b7
3e6ab23a-c8a9-4228-82db-3c419fb31765,Section-B20,SEB20,a811b670-00ed-4daf-9746-5e31a295e175
b2d37657-2067-4c1e-99c2-10c6db1205d0,Row-K57,ROK57,bc7a0982-d383-4ce0-b0db-c0d0aa9a62ec
2c35873b-2234-489f-b42b-dce5985ac3c7,Rack-L65,RAL65,d65cb736-11f8-41ca-8185-e913a272c0b2
d4ad251f-4bb5-4796-8049-1baf5c409971,Section-V02,SEV02,f4c15406-8d6b-424f-86e7-094778b74848
73ba193d-10c3-4d41-80e5-7d37a87b50b6,Block-A49,BLA49,e6db9e14-8255-486b-bb35-2d281435319d
ea3f7c55-091b-4c2f-9d6b-89b9e4cf6ffc,Row-Q62,ROQ62,871702df-0059-4584-964e-a342b4beb27b
802c9dc9-9bb2-4d1b-9bc1-82952f998c1a,Bin-U22,BIU22,b790d459-d49a-4f22-aaca-bd2dfb5f6b0c
93fee85a-35c2-426d-bd10-bb3eefe56b48,Bin-P85,BIP85,448ca3c5-0379-4fe9-b5d4-100937ff2288
6381353b-e339-41ce-a5f1-01dc7dda5019,Block-K44,BLK44,1861625a-e157-4aee-8b0c-39bf4f329cf2
06d321a4-cc3b-46b2-a138-48b3b8908c76,Shelf-G52,SHG52,42e13539-ec26-4454-9b49-802a51e0e2d9
e059b484-f5c8-40b6-bf2f-3c72cbd3904f,Bin-N62,BIN62,00b0bf33-5a9c-4154-8d8a-dafefab46cbe
973aa818-49a5-4c03-96ec-112ae2e1c05c,Zone-D89,ZOD89,59d6294e-7d5e-47c3-9d4a-fcf6c96adad6
d246e982-4606-4c8b-b463-c4ca56b8e65e,Zone-H58,ZOH58,6ea853d3-66bd-4617-872c-e336f41d422d
d13fb4c2-d2af-4081-a15d-fdbc87ba600a,Aisle-L57,AIL57,4b3eacc7-0d4d-4e5e-b5b3-dc6a0182671d
362bb5cd-e7da-47e3-aed4-424a4a01e261,Bay-V67,BAV67,e86cf4dc-5d29-41d9-8398-161ce09dc84d
cfe9c98b-6e5c-4c1b-9c2f-6362ba1ecc13,Aisle-K18,AIK18,fff08065-b85e-41cf-bd46-098640e82187
8db15c98-fea9-4f9a-8b59-718b188edb90,Bin-S07,BIS07,872fc626-7dc1-47f1-9ebe-d5ede49d56c1
191dd52e-b2c8-477c-a54a-c0a931ef8c01,Unit-L14,UNL14,07209076-b294-47f2-9348-b6097eb2feff
73152df6-44d1-47f9-8903-4d05178d6870,Shelf-K95,SHK95,a16a2c58-e573-4567-ae58-fd2c2bda15e4
3b34d7a2-5362-42bd-ac4d-ca150a23bf32,Row-H30,ROH30,0e488981-6336-42df-95ed-2d61540ef905
14adc7d5-d3d4-430c-9dec-b99be8337dd0,Zone-C41,ZOC41,d02a3dbb-5cac-499a-a5ff-fdb06fc292cf
68bea218-c82b-41d8-b5b4-ae683a1c3a6b,Block-J95,BLJ95,dfa1b3eb-e857-4004-9dfa-4ccffa3f90d6
a4b82c7f-583d-4b99-ba47-555e560d32eb,Row-B84,ROB84,2b2fba7b-4205-4e43-93fd-9105da67e5b0
5a2819aa-a244-461b-a92b-98f258ab9720,Rack-V53,RAV53,b810b323-eb8b-4940-b5e6-149723750811
f6e650b4-adc7-43f0-9d26-8cbedee4b22a,Rack-T70,RAT70,a95cc783-ae3a-4c79-b2d1-d9a8fca0c57c
ea83144a-8016-4fb9-b591-829907b6585d,Unit-X27,UNX27,f78b4ee1-9b47-4014-9ffd-00642ce03a1b
1f69e5ee-a668-4261-9e34-32069a60e693,Bin-H34,BIH34,d60b4c0a-25c3-4fa1-949a-f9aca20bacdf
5c72854f-5e79-45a2-a9a0-c83a617d7fb1,Zone-W08,ZOW08,1903d5b6-3b65-43ae-951f-42ff6a42ae4a
b0e4fc68-4f65-4f9c-b252-38f6c82f51a7,Row-K66,ROK66,7a407d14-2c89-4e21-80f0-f351c0ec426c
71bae614-18d5-4564-9639-daeb5d9128d8,Rack-H81,RAH81,e40fed59-48a4-495c-97cc-2acabdcf6542
3c452aed-0f08-47dc-8a54-d3e9e300f9e2,Zone-M26,ZOM26,e114ebf8-bec1-4c2d-9865-9c3d4eec2e3f
c5e8af91-d04a-4081-914b-52392c6aa16e,Section-Y70,SEY70,5f108ced-33ae-4e39-8c20-75a4d818805a
611f6ac9-7596-4e36-a897-58f53bdffbb4,Aisle-H39,AIH39,382fc009-e13a-48a5-bc8f-82da8c1ef738
5802f6f9-8f34-4a68-9a3c-f25a10331b4a,Aisle-I99,AII99,f2ff0895-2798-460e-af4a-5d88385347a2
cbf47f93-fc93-4a91-8bec-2a5db74eccb5,Row-B44,ROB44,a5d83df8-8986-4d26-b732-976a1d48ac36
b4afa2b7-8a17-452a-ad56-b1b5da223b45,Zone-K93,ZOK93,93441671-eac1-4444-aceb-26096575ece6
7db0e659-0d47-456a-b2bc-09b8c25da0fa,Unit-U18,UNU18,a75d3e12-b9e4-4c4e-9392-cf8b2ab309f7
72d003ee-dfea-489e-9839-3c16f0b98ff6,Section-R70,SER70,f63bd39a-dc6d-4d82-9379-55e9baf5e8ad
0d6336b0-67c7-48c9-a960-0afe8ad993f8,Section-Z22,SEZ22,013f48c7-651c-472f-ae35-63c02608c66f
20398635-13e9-4d08-8acb-e3f0469d8eee,Aisle-O12,AIO12,5bfd42d9-3bb2-4403-ab13-94d5bbf8e35b
fcbea0ed-eca8-42ad-af54-086c1051785d,Shelf-V68,SHV68,4520957a-7640-4764-a50e-4108e3bdd55f
7976491f-d501-4ab0-89bc-359a3e785f2b,Aisle-W89,AIW89,8c31bed4-0573-42fe-8fc5-e8898085d2b7
a57ecfa1-c144-4c52-97e9-7ad84ec0afc5,Block-S60,BLS60,401fe67b-d14e-4364-b78c-30a90358929c
eff9c98c-a02a-479d-b29c-76e2d9e783e8,Row-N93,RON93,4e988cd5-1f72-453b-8951-ad376620c809
ac55fcbc-9122-4564-88ad-9a99a729c87e,Section-U61,SEU61,545578ba-fda8-4ec8-a1ea-8c1dc062affb
3c187170-c580-41ec-b6de-b2a1b94fbba6,Section-V72,SEV72,ad31c6d2-e8c6-4f3f-916d-b6b597c050aa
532b092c-1d36-4ee8-8927-3b3a0cb7626b,Bay-P72,BAP72,1dc8726f-6521-4c3a-af08-907c4f0b49c7
fccc00cb-d97a-47c7-8da0-b58bf31a70f1,Aisle-N68,AIN68,77dc9d46-4912-41ec-a89f-b5dbb94add2f
f58d2d56-4a26-4a15-aa42-82470e3b4bbd,Bin-G16,BIG16,0002288c-22dc-4e22-9be0-02adad6caac2
c0c6cc5c-c43e-4f84-9c3b-db17d0f147ae,Aisle-X74,AIX74,c46dd4ef-181b-400c-9332-a501540b624f
2840b8e1-bce8-43bb-aff7-cc8a62c4c125,Shelf-Y92,SHY92,7721e3ef-c102-4605-9e4e-812272e91c1c
55a8a682-89c3-4cdc-9b3d-25035c637c3e,Section-E66,SEE66,573f2416-2719-4ce2-92bd-34f4d74a26fa
59ba6566-507e-4307-9b3f-d2fa2d2e708b,Block-F45,BLF45,d2a9960a-c65a-47dc-a376-6a8fb90cda10
0184a9bb-ae1b-48e9-bb0c-a63676550a96,Bin-I94,BII94,6f75d5c8-4a63-48f0-8090-cd146c45fa4f
62059d33-0f97-4dd3-bafa-113b22661bea,Unit-L36,UNL36,949f8fd0-163a-4c6a-b88e-5291f2cdeebb
d699dae6-a22e-4342-9c7f-b195be3740b1,Zone-I09,ZOI09,3048af6b-e74d-42d6-833d-d5a07cf8935c
6e9c13fa-b1c8-428c-bee5-64b6a80227dc,Bin-F41,BIF41,cc9e884f-c7a0-423c-be08-91205a849da0
7b871b9b-ddd2-451e-934f-1e97426960b2,Unit-H11,UNH11,0a927753-540a-44c4-ab0c-f0b3d61cc6c4
e5c05983-9a20-4f03-8059-cf9693d15606,Rack-B30,RAB30,206f446c-8bc9-41c2-8255-7a9ff247c55f
320725e9-9f35-46d4-8cf5-f5f53b75a744,Block-H04,BLH04,8c99c182-70d7-4b94-8954-5b4a7d8b0b35
f0390c75-e97d-408c-89e9-989f3912b4e9,Aisle-Q20,AIQ20,379b8f21-0bdf-4b6d-a28b-43676be0df5e
3f51c6fd-0b60-465b-8ae9-7a9031f2f6ca,Row-G42,ROG42,3cc8e0e9-3ae2-451d-8336-474e4ebb25cb
4e053793-b894-4e04-822a-708342c9b5eb,Bin-A40,BIA40,33be480d-b430-4009-89bb-4b73a102584c
8c5c8a14-6464-45d6-8e8e-4e079ce72429,Bin-Y70,BIY70,d85dfe99-3c98-4aa0-9b57-98e25f375fd0
6cc884da-200c-4131-9aec-ece6c0657036,Zone-O13,ZOO13,f41945cc-f3a9-49c4-95c9-e974f54efb23
ed5aef8a-78e6-41e0-963a-2141613926ac,Unit-S92,UNS92,19aba8fe-ce3c-4dad-8666-0b54b3d6dede
e8fbe774-1813-45b8-9831-20fcb74c9cf9,Aisle-C25,AIC25,f0b96ae8-8195-4c87-a28b-73cc28f09651
12697a41-07f8-43d8-961c-0184cdc972f5,Zone-B68,ZOB68,5aaa2a0b-8ce6-4221-a635-9d9f1b5b0050
95e60c3d-5cb0-4060-a4bf-48e0e84e6a94,Aisle-R53,AIR53,c906cc6e-4b24-4e2a-adab-8b47d0c6c22d
f7d3b8b1-f1fe-4e51-8d42-12506e16a6c5,Zone-M38,ZOM38,bbb55f65-e57b-493e-a338-a07ff5af8aae
5bef6cfa-dafd-4e05-9513-a7473ff22c72,Bay-O50,BAO50,3a787500-9fcf-4321-83e6-bba8be6e6561
b35e366c-fa89-41ed-9e5b-5d8dc2c52353,Unit-R23,UNR23,d426bf13-fdea-449e-b65f-aa982513d3ae
fceb0da3-1fe3-4fe7-9fdd-a55e3795dc74,Rack-S22,RAS22,52683e7f-2372-4f2c-b9f6-a5d0c21e8139
ad567e37-9ced-4f0f-9dd2-71547074a51b,Unit-O23,UNO23,0b0e5cef-71ab-42c7-bf53-22bad168d5cb
13b13fff-2dbc-442e-a77e-763bb5b1040f,Bin-Z84,BIZ84,0f1f9ca1-5a8c-43ff-9a87-ea3dd11f735c
5d72bb85-b8df-49db-abeb-683c9b06c85b,Block-O86,BLO86,f6efef7c-9fe7-4983-b17d-43bc716a070c
acab8db9-7b79-49dd-a24c-473c5ee1768e,Block-G10,BLG10,8c512a2e-c0d6-43bc-82af-54a9c317e454
fe7933a6-848d-4f8e-8a4f-cd5159d389da,Section-H03,SEH03,461201ba-6358-45da-a518-aced6b34af79
6bf7eee4-6355-428f-a05e-f54f18af1162,Bay-M06,BAM06,696401c8-ed72-4fad-ab8b-67c1aeb4916f
326f0c11-aa41-4b35-94db-b0a6a0edb873,Row-F96,ROF96,2c2f86e6-f3ab-471f-87b3-320515a8cf9f
b4e21d26-77e9-47e0-9bf0-0c7de3dd1260,Aisle-Q99,AIQ99,08356ba8-c53f-4fa4-82ea-a6e6f1220cfd
8f63a373-4dc6-42f4-932a-92d2b1669a3d,Section-G90,SEG90,3ad98ec2-2454-47e2-a1fe-9f5025d5c772
9f9e5178-ddc2-42fd-ae08-e3fc40e4152f,Bay-T07,BAT07,5324a389-ce7c-4cf2-88d2-45ef42013ae2
92f5fb5c-85ed-456f-998d-8d5478622f65,Bay-Z86,BAZ86,16de61db-3212-4daf-8013-0b246641c6af
ed42339b-d015-418a-9112-30c22a936c1f,Bay-S11,BAS11,239b27aa-1f0e-4ffb-a3d2-bbfbbb946b49
154ffd40-c31c-463b-89fb-55c80b0dfcd0,Block-Z31,BLZ31,70bbbf8a-6fe8-47ee-9433-d89eb916a15b
3543be48-65cb-465a-86e7-a7b259d74617,Section-V05,SEV05,33e892a4-eeaa-4334-91ea-131b1ec3f7b1
1b7c0d14-e881-4faf-80d9-fa9b53bcd7ef,Shelf-B92,SHB92,9071a5d6-6789-4ca1-a51c-06d4dff0596a
4a5f2543-f361-41dc-b76c-dea1f11eb380,Block-N31,BLN31,b16fcef0-18cf-4e33-94ed-389ad37f7668
801ae113-b1a8-48ac-ab89-5ec23d609f5b,Block-F97,BLF97,45363525-1c0a-410c-a9b8-e5abb2f1d648
a3e1472f-ed16-4b0d-a0ae-e31c8b2c0f4d,Unit-I47,UNI47,56e89cc4-4e87-4c3a-9971-cfdfc4a2aa8c
afb383fe-39c8-436b-8070-226c741b64e9,Bay-C38,BAC38,97318a69-b7e1-4135-a537-40d32c28c79d
de263198-37ab-4042-8ed3-c1491e4a50a4,Unit-U43,UNU43,b2013eeb-d9db-4b47-8903-cb5860c3ea69
e2a10ec9-52fa-482c-9f0c-14640ac2d2a0,Bin-M20,BIM20,1b8ef331-7427-40be-8583-970901d21619
b57dc3b3-ae86-4628-9629-7926f40b3c0f,Bin-L10,BIL10,63c9f45f-d54c-486f-9f7d-19d805d0316d
7b6591f3-6fcc-491d-a041-22d2f79fab39,Rack-Q40,RAQ40,64efd44b-f5e0-407e-87af-b43d2420b99a
7ceca417-8034-4b44-b163-02241897f81a,Block-C05,BLC05,ff0848df-514d-4761-9e2e-c1e0ef192ba2
a0c811d5-e8f1-4851-90d4-842d5e341f82,Block-X06,BLX06,ffacab0e-d67c-49f3-a134-9b88f1ca6441
db9e9209-f8f5-46a9-af8c-b0aa827e3e78,Aisle-M01,AIM01,46943837-51fd-4c92-96f8-e7c224531ce6
65cd7653-5cc4-4970-9cd6-d31393a7c890,Block-S03,BLS03,4e1e1da0-855c-44b3-bfbd-409cf81ca702
b5398ef7-84ff-435d-a7fd-03ae8d23def3,Row-I79,ROI79,70d25353-ca0e-4abe-b096-d9acb2ea402d
2bcb6de5-7482-41fd-81ea-98d878024ee6,Section-Q82,SEQ82,4bb0b80c-b293-435b-95a9-f9e4fa423be9
b8dc18f8-7fda-4790-a115-2503c01b8b79,Block-E40,BLE40,100c7790-b94a-464e-8728-417ef79b4991
507736df-caa2-42fc-8cf7-3c88bd4febba,Shelf-A54,SHA54,7e583bad-d329-47b1-8303-1a383611a990
821ee7ba-db71-42ca-9941-81aa2db7079a,Row-R70,ROR70,0dcf74d4-4059-4db5-b743-3f1783514b50
4e2154d3-c345-4307-8b26-0f41bf48f31f,Zone-P29,ZOP29,f50c556e-7ae9-4787-82c0-192705d7d037
95d149ec-c6d8-4317-b394-80441221a525,Shelf-N45,SHN45,aaa3a9ce-7278-40f4-8203-558f4b723f2c
925547b7-9b84-4ec2-9733-dda031d8396d,Aisle-V36,AIV36,28f154ef-29fa-4b3e-a52d-18965ac08a9b
77fd1710-9ba7-4de0-89c9-245974204484,Section-Y68,SEY68,e457ff00-6f15-49f1-aeff-b4f5915f0791
b7523110-7786-4fb7-bc85-672e594d4fc2,Section-L35,SEL35,48d37575-1020-44c8-8946-542513450307
45efbc55-72e8-4f79-b826-b15dc7f75cf8,Rack-O10,RAO10,172a87dd-c4ef-4a2c-a54a-8ab593880276
ef898630-3a7f-43f8-b458-62030bed1643,Rack-V60,RAV60,d60b4c0a-25c3-4fa1-949a-f9aca20bacdf
549ffbd1-3a3f-4ba8-83e5-41c3ed44ea91,Bin-Q48,BIQ48,df531d26-b0fc-4524-b6a2-0cdab2f49ac1
4048110a-5b56-4c6d-95bb-31938340ddd4,Aisle-H85,AIH85,1b719022-1766-46df-8c00-3d225dd7f8fc
10c744e9-96d5-44ca-81ac-cb1a94c87897,Zone-U96,ZOU96,091ee9b8-3ddb-4660-ad2d-ce1995674734
70d76970-0d4d-45a4-bccf-bfa707bf4b92,Block-N57,BLN57,1bef9bd5-8e3f-41a1-8320-99e6b7e79374
3cb291da-d150-470c-bc49-dff847469cf5,Bay-R44,BAR44,426514e9-bbce-49f2-bea4-d7d27982ee1b
b51716f7-a397-4736-818b-3d71a9bd09c3,Section-V26,SEV26,10b38b0a-866c-4c9b-8eb6-f33e2ddb79b8
de223115-34c7-4c61-bd14-47d12dda602b,Row-Y11,ROY11,1fdde9b8-51c0-4a2c-922c-a45d89b97290
8072f053-ea25-43ce-8921-b9693bcab2a6,Row-S98,ROS98,bb217f64-36c3-43d5-ad50-4aefe2a623b0
58b510ca-de2d-41aa-b160-db6844327c0d,Zone-I95,ZOI95,6af31d78-43d2-49bf-bc2b-83d8f05da5a7
1e280b64-3e8c-4c98-8f16-8f0f3e2f0956,Aisle-S71,AIS71,bb49402b-7e91-4401-b92e-418b63ca7564
42d0a17a-0c4d-4cd0-adb7-e2312545bf21,Bay-Y98,BAY98,ebdb9a84-a9dc-4bfb-b72e-6ad5d30f3d47
15cf11be-39ee-4eb4-b3b2-df1871441e40,Aisle-F01,AIF01,d4971622-5097-415c-b9e4-91f046c32190
9225af5a-3be7-471e-a228-80254f1609a5,Unit-V71,UNV71,545578ba-fda8-4ec8-a1ea-8c1dc062affb
0fed5a80-3ac9-498b-874a-e8f4afc0e561,Zone-Z84,ZOZ84,30f84059-7643-4a7b-90b4-3f492fb2e09a
433a47ae-9545-4681-976f-24119faa4855,Rack-Q76,RAQ76,3dba7435-a7f9-488e-beac-2d87b1030ac1
7bf89ea6-4150-4346-8a30-f6f1e010b9e3,Aisle-D57,AID57,230aa4d9-ad29-4e7f-96ae-f975f1f8c2f5
a505662f-2076-4b03-b5fa-4527995fe382,Unit-A16,UNA16,bbdbaea9-c822-4c07-bda0-eb0ef8b725c6
7cd9445a-9140-46fc-b3fa-cdbf7311ef4b,Block-T56,BLT56,296a89a9-6ec1-4ad8-b17e-efe9dd553527
51c9e800-f9c9-4995-bca4-57b4c8d2af89,Zone-B42,ZOB42,425ef22c-9214-4ce4-b3f7-822f47b6c697
33fd984b-9e4f-443b-b828-6a2e70b9695d,Row-X30,ROX30,1159d596-7131-4537-b82f-e2681b5d02c2
7392c22c-710a-4583-8aa3-b520896a3b2a,Bay-X77,BAX77,f5621615-2323-491d-af98-22a00c81420f
349eed37-1ed1-4a85-a5d8-8b5b64f4f3ff,Section-T38,SET38,9b50c783-304b-4572-bdd4-2ecceca731a5
20e080c9-16e0-439b-b118-7f644c9ad6a6,Rack-H89,RAH89,bd4f7189-78b4-4078-a959-86ef719992d1
99d8d9e6-31e8-403a-8dfa-2f1c4b353196,Zone-B95,ZOB95,0693b1cc-458a-4a7b-84a9-d7663e600623
ac10ade1-d46d-44fc-bded-36f127fbd7ca,Row-I77,ROI77,ff397d20-9351-4987-a610-56c7f9c43a7a
b92cd65d-e43f-4d2b-b614-5b426cf5faf3,Aisle-Z31,AIZ31,7cebfdb3-cdfa-4179-8967-ad0a5ef3164b
337b7aca-f96d-4956-8c74-4e978cc777d5,Section-Q37,SEQ37,e0e72760-a580-48fa-9d57-8d3ea36087f0
e4182aa6-ee60-4afb-bcd7-f4fd109394e1,Rack-Y87,RAY87,b9dfea3e-4131-43b5-973a-4e8c0f1807f8
081d32b7-12bd-4603-b5e0-b508fdfa0bd9,Row-U51,ROU51,96844d5c-3265-4f99-bcdc-069f8cbf20b1
986b62fc-6d15-42f6-8723-2e85006e0369,Bay-G77,BAG77,284d69fe-bdd4-4f47-8de5-f8eff90e89bb
57dd8ae2-e0fe-4af7-ba7c-93dc22a77b86,Bin-I20,BII20,fe92904b-fcdd-4923-856f-ce2abe953928
b27a4d03-04a3-4d5a-b1be-58d7324e99bd,Zone-X68,ZOX68,d392b7e8-fd6d-4e59-b5c3-971737b70adf
408b8f75-dcc6-4900-a52a-649e54d9ad48,Section-H04,SEH04,59da597b-3d7a-46e1-8505-f5f5b4c7770e
36a9e013-3657-4a8d-b469-4faea1c4babc,Block-U33,BLU33,e0c8a072-24d2-48fd-a783-be4e5315df70
7676654a-abf0-4d9b-93a9-d0729534b888,Bay-R53,BAR53,0002288c-22dc-4e22-9be0-02adad6caac2
d8d0cbb4-ea0e-4d1a-b05b-e813028f5383,Aisle-S84,AIS84,50ea923c-4936-49f1-bb4a-380ac5bc0b57
d90a2141-b860-4dfe-af7f-304ea1d43f50,Unit-K03,UNK03,738a9c5f-1508-45d2-8125-16aad7dcc72d
3c7f246a-4d2d-430d-817a-54de86cda1fa,Rack-Y35,RAY35,d3619fa1-b8a4-4a61-988c-24462b8085fc
8ef8d45d-3e0e-431f-ae5c-eb6767b69242,Row-V14,ROV14,000d69db-656e-41ab-ba0b-e779f4c80d6a
ccc8b311-ff2c-4b75-a68d-7f90428091e0,Bin-A41,BIA41,36ee35e1-9956-4941-b409-c5db6c91762d
9cac1bff-6cff-496a-aa8f-d847358b613f,Unit-E28,UNE28,0d3a11df-be48-44c0-83e5-b21079df4dd5
acbc3111-b73c-4faf-b91c-cc6240c110a7,Row-F14,ROF14,d47f899d-2f6f-4128-8348-5bfb348baebe
ab734043-f4e3-4573-9871-d9007c042948,Bin-B62,BIB62,6d613497-9f06-4a80-b634-92cd0fbc23ed
63afe7a3-54ab-47f2-a206-82fc2b05d7ff,Bay-I61,BAI61,13e4bd6d-39a2-4867-a319-7df0158af589
971e066f-6ff9-4291-9ace-93207ef4b78a,Section-S14,SES14,6df8a17e-e335-48ef-88b2-47644bc8d3fb
bf708389-29b6-4c56-9307-e47b7eb11e8a,Row-D63,ROD63,5be77a67-33a5-43c7-92e9-bb3f0766d6fd
6570c217-48e7-445f-8c8f-32c79d577e1d,Rack-A26,RAA26,ed6b8a3d-fa12-4d96-aebd-2672be127a48
778688b4-16ce-4423-9b1c-642158f4877a,Zone-M68,ZOM68,d3275a60-3a71-45f8-9809-df44a69d8b6a
f2be8410-7ebf-489f-8d5a-6e5c4b2ea512,Bay-Q51,BAQ51,9b6edde8-c22f-4a0f-9a99-226873083adb
a973428b-ced2-4834-8ad3-0eb61f5c43ea,Row-Y27,ROY27,e1a45674-75d2-48a2-a17c-3016423ab7c0
44cbf52e-0c79-4581-abd0-6088848cec11,Bay-Y36,BAY36,985debfa-bcec-42e9-aeb1-611f27c9072b
3fa6ad97-6c64-46e6-9d54-2c3ae8e7843a,Block-M49,BLM49,ed6e00da-0b42-4136-9c50-d02fa7718c31
db84bd58-7c71-4d6f-8ac7-1b950ea27326,Row-E29,ROE29,cbb77f8c-20eb-4ad7-ac02-36af24cbe307
fa22a323-db72-41c9-a5e1-0ef36b594a94,Block-X08,BLX08,2bedea15-c82f-423f-8778-493c0910eb23
b263891f-724b-4d87-9f59-fe2c93709f52,Row-I14,ROI14,b62f5d0b-f1ff-472f-b13c-0998976bbcfa
d075e78a-37f3-4fb4-afe3-75c124a8ddb3,Rack-R14,RAR14,d22f57b6-d8af-4b73-9c9e-61b9a476c887
bbbb9c19-bda5-4820-b41b-b4a51a42d981,Rack-G56,RAG56,dad6e616-a4dc-426c-891b-250311d4f892
1cc33150-6bb7-483b-85e2-3c35add0f574,Bin-G65,BIG65,bb426af4-e4b2-45a5-90eb-1e79304244e0
564df509-bd39-4412-868b-e248108e4a8c,Zone-E69,ZOE69,6b22566b-55bb-4cb9-8166-b594ce7cf173
75404ceb-5150-4960-92f8-40d5549b3ef2,Bay-A40,BAA40,2a6a853d-7922-467f-ba00-893f5ae63916
d736003c-d1f7-4992-a987-208ad9fcaa38,Bin-H47,BIH47,c959c295-cac8-4baa-8e4f-1fbdaf6a6b55
963071c4-4f96-4ce9-b10c-0619ef48c6a9,Block-A18,BLA18,e3c7bb92-a474-4542-a102-1fe3434db467
ebb882be-8225-41d0-92d7-829344840857,Bin-Y91,BIY91,2ddaff52-38f3-485c-aef4-71df9394bab7
cd290ec7-1fba-4a1b-8a78-2b885df7768b,Row-O48,ROO48,217b9a36-f3fd-448d-a8e8-7509a7b82a7d
eb841f65-a5e2-431e-920d-388ae4df6ad2,Block-N72,BLN72,09fc2e62-bd1b-4475-9f5d-8bc205e25da6
683fa7f0-66f3-43af-b01d-f419fd666a12,Unit-B28,UNB28,3670d909-9a0c-4592-a31a-a8037b125b5a
e1e4095a-58c8-45fd-afa6-2b8d9ae3e87a,Block-G52,BLG52,61b65735-dbf3-4049-b544-ec76f2c8c8e6
0dd26a3d-befe-4db1-9341-8cbe210f06a4,Unit-C59,UNC59,d6d19efa-78cb-4cee-bf2a-ab54dbd5400a
76db72f9-176a-42be-9688-dbd9d5bfb18c,Aisle-I83,AII83,4a36a2c7-edb3-4c11-af4d-5350224ca01d
8f0725ce-3d22-4efb-a101-11be70760ee9,Shelf-H44,SHH44,0fbb24c9-d865-4410-af71-60a10a883d24
cb0639e4-685a-46e1-a689-156dcefa8ee8,Row-M35,ROM35,639403e6-923e-4093-b619-eb470d30c2fe
a9e2b9cb-cf64-4a31-8920-72f2de724bb7,Bin-Q30,BIQ30,7210a4dc-dc60-467a-be17-42b8b0dd86b8
2d00dd28-e019-4a30-89f0-c8227bda604b,Rack-G80,RAG80,6c30c49d-9dbf-4dd3-b8af-3a92e65bf00b
19391953-6d59-452c-8484-464843abba2d,Section-T47,SET47,83cde77f-c0f0-4d34-9317-0b43de49e09a
25ac7877-e8d7-49ea-9ac0-dae9a2e436ca,Block-B67,BLB67,868c67df-c203-4558-b9f2-a13ac0804fc4
789c8c5e-da68-4716-8837-a3d068f45b7a,Zone-G24,ZOG24,aad9a825-dfa0-4847-81d7-f60f1f2689e6
7dab9647-cc4c-4e35-97d3-2198553f8051,Unit-O31,UNO31,893dbd5e-34cd-4e07-8234-b6124e79dc47
c9eff640-31ef-47f0-b2db-a1486bbc44d1,Rack-C11,RAC11,ef63627a-ee8d-4e18-a310-15e9ea577114
bac20f4b-0015-440a-a92e-c632aa94b603,Bin-Z78,BIZ78,1d3b7e7a-262f-4401-b113-17dc882dfb87
b0fc5a07-d7cc-4470-880e-dc3c8e810629,Bay-O43,BAO43,b638df4a-cc3b-4c9f-87a2-7c40b7db6a38
ffc7984d-ef60-4233-92c4-24b987763ca3,Row-G87,ROG87,2e77f8fe-9acd-4278-8bfc-f224d7fcdc7c
37550029-ea25-4655-a6ca-053b4551aded,Row-B36,ROB36,534011cd-801d-40a3-ac5e-f8c0390a5371
c8861c6e-e4b3-4f57-9d2c-bbef95a48a93,Bin-B74,BIB74,d681dd55-4817-4f16-9ac7-9c9187d14f69
e3d52ea7-801b-4c59-9437-bc2ed611b6bf,Row-R09,ROR09,0272874e-37be-4b3b-8fa6-24052ab63da5
4596439c-90a5-46ef-80e0-b690aa2c7011,Bay-L50,BAL50,cf30f8c3-83be-4b89-912a-a2f4b05ba7a0
e007d192-c9bc-4ebf-9ada-2e62a2bedb3d,Bin-P58,BIP58,fae2fc45-5c28-4d5f-bb2b-2d04c416127a
64a61c2e-b003-48d1-8278-1ebdb740d326,Bin-M13,BIM13,a270717b-71f9-437f-9a86-06dc907c2611
666aabe7-50e2-4f88-b63d-404a5bccc988,Section-Y88,SEY88,ad4ac602-a872-4157-b759-a96b624900bb
c107cca2-200d-451d-8b55-d0377e50218a,Rack-K61,RAK61,5de2ebde-047d-4c69-8897-9162e33ffb7d
2d3105c8-073f-42f2-ba59-65ef77f0dd5d,Block-R94,BLR94,2a9343d2-a375-4b54-b703-64d93480c236
99d69c83-483f-465c-b8e0-842ed5e909fa,Shelf-B67,SHB67,b551659c-3738-49d9-b03a-5b578e3c2867
701b1349-d0cf-458a-9a33-a8e978c70460,Bay-Z15,BAZ15,be828cff-5b8d-4274-a7b0-68a8db9a1f15
5c16e2f5-3a76-475c-9d3f-d759762f0d6f,Zone-N80,ZON80,1926f6a5-92d1-46a4-8a3a-23c360076af0
99b13399-00da-48aa-adac-dc94e31fba7b,Section-B61,SEB61,2b119c6c-aab1-4c7d-99ae-c90070dabdb7
75b4d9bc-4bb3-449d-a71c-d05061918f08,Shelf-V65,SHV65,81dd65d7-1583-4b5e-a665-134b6c9fda3d
0a8a96c2-24b9-431c-8646-e247cb9ba7c9,Row-V59,ROV59,7cb20d58-33ce-4ffe-a482-2020696bd397
279fb31b-e657-47ae-bd94-e387b9daad65,Block-S76,BLS76,32e91734-1075-4430-9432-0450dad664bc
094505e2-a145-41bc-a29c-530b0a979d15,Block-K65,BLK65,87037340-16f0-484c-a9c1-a6610fdc83d7
44ce0ebd-2094-4ae3-953f-97bf68efb80b,Aisle-H53,AIH53,99b05951-42ea-44a6-8e65-09b3dbaeed66
934a68c5-b5d7-4318-b7b5-ea0c236c237d,Bay-Y09,BAY09,18e3372e-ad26-4fe1-b707-e08325ab917b
11a663bd-8453-4193-9110-789285e01018,Rack-I69,RAI69,6bc90627-3fb2-4d05-9361-3793425632d3
6b309477-5eb4-4d17-a205-3c9f840db6cf,Row-R92,ROR92,fc395008-6d7a-4819-ad44-53aea2582204
ed734ff2-aa12-497a-b7a4-747621616392,Row-D19,ROD19,7a46f2d4-4811-4b54-b94d-a486c4810df2
a22c0915-b655-4489-be4e-797c548c1ccc,Zone-Z62,ZOZ62,1a6f65f2-1f12-42bc-83bb-26fe67d63915
b2408b26-fc59-48e4-bdec-45e93dac91e6,Unit-C71,UNC71,a622e7e7-77de-47d3-b6c8-91f73d95e084
8b92f960-20ae-43c6-b81e-d9b7896503a1,Bin-D22,BID22,9b487897-50f0-44b1-8b88-f036b80c57cb
c59c4213-8607-45a4-ae8d-9425a8cf12bd,Unit-T83,UNT83,43412155-9483-4eba-ab8e-9c6ae0d291ee
ca9f6358-e4f9-408a-ac51-db859eefb25b,Unit-L84,UNL84,c1629455-ebd4-4dbf-8822-d24ea8d678fb
9bd23174-4b4a-4c4f-b63f-0be68a9f0f55,Bay-S87,BAS87,5595817c-cb9a-40c7-9d1b-8a6731017ce8
9ffb71da-7dc0-4cfd-8f1f-a17425b991eb,Shelf-T52,SHT52,8098f7e1-169b-4c29-8e35-0207f96e75ee
f0a4c295-f8ca-49d8-86ea-1dd8d5e79ac7,Unit-J13,UNJ13,483bdd31-6515-4bb3-8406-b992720353b5
810f24a0-a43e-45b4-8240-fd4ea291a715,Unit-Y43,UNY43,42e0f0ab-72f9-4078-aa6a-af1846fd7f46
e1af5d88-a2c6-480a-b1d8-3b6ffafce169,Section-O92,SEO92,356bd532-cfbf-4827-b12f-63cb4ded3724
d30e430a-6ccb-48f7-946e-cc2c1478ad31,Rack-W36,RAW36,a40f9dd8-585f-4a84-88c1-d19d248db502
960aeb98-4487-48cd-8e0e-97a5adbebf35,Row-N27,RON27,922320e7-3d1d-422e-8ee8-b9bb4ea11ea9
d9a33b97-1288-4bca-bf46-aa854a5bdc2b,Unit-K48,UNK48,11f03e9c-3dad-45ba-bbd5-177257b6663e
bf85b7ee-e241-47f1-9022-390bbe21b27f,Block-P03,BLP03,e60df105-5a73-4a7b-b391-973c12d3f759
195b783e-09ad-47f0-89b6-1d39e1ac6a2d,Shelf-N97,SHN97,fae830c4-ab10-4253-b7f7-14e5eae9f591
90ccd2e9-3b68-461e-afb1-f3e189a1d5d9,Bay-R91,BAR91,ec0dd259-967b-4aa0-a5c1-8517200dd4ee
57e24c65-80a1-44bf-87e7-848d2c30b3ee,Bay-X40,BAX40,0886d688-b45f-4d21-a151-71051bd2510f
c46989a1-cd1e-4b72-8c74-798ce8aafd08,Rack-B96,RAB96,e47f6dc1-7ec8-44eb-a4c3-fdb9f6e957ac
e7681bd4-48c5-4c62-82e2-0e86d1d3d96d,Rack-Z57,RAZ57,1e56f66d-a594-4aee-b229-78fb1ae61c8d
14e9ca77-41c8-4be7-bc35-f409932ab518,Block-B20,BLB20,c3a27778-4a61-4fc5-a19c-4d269191e57c
344b8220-68b1-4a83-bf69-efa2dbc11408,Shelf-B94,SHB94,e7e61280-8386-49bc-a654-9ae391d49ada
18d8befc-9e7e-40de-b53d-e03e13ef6d25,Bay-Y06,BAY06,437e885f-ed92-4b72-a92e-2874e5a4d44b
0eb6e3c4-106c-4dd6-a9d3-d1f00eaa7cd5,Bin-P21,BIP21,a1778128-4a4f-4a1b-a1d0-b34562facc54
08b8284c-23cd-4725-8b3b-647f723410f1,Block-Q95,BLQ95,092ca253-553d-494c-b315-42456ff6899a
189b2ade-e9b1-4549-a329-e6b24220db65,Aisle-X72,AIX72,3b1c2b70-f620-450f-bd93-de92f4455060
cb56b56e-d2c4-4ae5-9889-45b9b563fc19,Zone-X40,ZOX40,92c8dc7d-564a-4968-a730-688b32658848
65348b92-15d0-4d88-9c60-22fb60f365a5,Row-G96,ROG96,6b22566b-55bb-4cb9-8166-b594ce7cf173
38ccdd71-12d2-4c71-9695-9035f7024127,Bay-S92,BAS92,c9e0f9ed-54d4-4f71-99e6-1e56bc54ae6b
5099f723-db7a-437a-af06-f24180b2e3f1,Bin-X77,BIX77,add718a3-e1e8-4224-9e23-3979d5fea8af
c5aae574-fb0c-4f8e-b2ec-8b60539c95d6,Zone-D83,ZOD83,2e3e3c1e-f670-49ad-abbb-164b69aea315
39596ebf-4fe6-435a-9209-0277fb9ba2d1,Row-W25,ROW25,5c514cea-6641-4c70-b013-1dadad86b149
a4463ea3-cee6-4ab9-aa7e-24233207aae6,Block-U42,BLU42,930d1450-069e-40a1-aa97-7da1f30ecb53
5653f125-c691-4962-9bf0-161430e8b812,Row-X47,ROX47,2e2f9af5-3649-40ea-855e-82c337d55865
2470928f-1627-4921-b9b0-5dbe4b9a3511,Row-R90,ROR90,280eb886-c277-4ed0-9dc2-89a73b0fcd1c
0237d97c-b5dc-48b3-a168-79cde400b897,Row-C08,ROC08,17bd8bc8-62e5-4785-8ee4-ffed8b29cca3
be119260-810f-4cdd-8eea-1413eb322f14,Section-S96,SES96,8ae65ec3-2125-4743-919b-3b8a3a84837b
43f96a09-909b-4ac7-b13c-5427a2fb2e94,Zone-U92,ZOU92,561ee514-21e1-44b1-a633-b76f0ece04d5
e3fe5afc-d189-4a27-8111-bb61276cfa9c,Rack-Z56,RAZ56,a9f67f4c-2fd1-43dd-be3e-71ac1226c95d
94a918a5-45f0-4318-8e22-c151a5d7fd55,Row-D72,ROD72,6acbcb5f-7dee-4400-b948-1e264696bc05
e55b4bf8-33f3-4c43-957d-4b18214794a6,Section-W52,SEW52,19d0541b-4262-4a41-a369-605db0f902a9
f10380e4-7101-4c7a-940f-bd09eae78d33,Shelf-P38,SHP38,f02d19c4-59ab-43d9-9fff-f2eee16f6a4e
1c5574d9-3695-40ae-9f60-bd9440251eff,Rack-I08,RAI08,fd1853cf-69b9-49fa-a7b8-a3ef87323174
37d81ac9-567f-4092-a421-1b86f3d35e32,Zone-M08,ZOM08,3eb489dc-a840-4228-ab15-1ec367263766
1734f788-fd05-4fae-8810-d7aa7bb21b3f,Bay-D26,BAD26,cf643c28-155f-4b33-abe1-40e8de817b35
58a20184-6101-4047-ad10-50a36a44fe13,Block-V51,BLV51,76761a3a-8a83-491c-b193-de179e7a0d2a
bebc66f0-15f4-4e32-8fe0-76829693d824,Row-L19,ROL19,3e2c5537-ed3d-4707-a1f3-47dc64960998
7637c869-00dd-4416-9334-c6e95e1a2596,Rack-O15,RAO15,4d8c7b10-712b-4922-852d-b4d687d3c009
62d75104-cac5-49e7-8dad-71eec8d2a88f,Row-S91,ROS91,11a90b64-f88d-484f-9dd5-d141f696864e
03a76c77-6f79-4b9f-8a1e-5ce44828ce44,Shelf-O56,SHO56,eb1ddf60-4d61-4c51-bf58-3b248e07458e
2d90f5ab-00e3-49ab-afe1-d82b85fdb550,Zone-A53,ZOA53,7b389782-22c5-4c37-9350-869c894d58f1
79793fd8-f022-4405-aa84-2ef3984e750c,Aisle-W59,AIW59,ced557f2-6f5a-46cb-83e3-ff1b4b39aed7
da8c964b-0613-434e-884d-3e10daa8f1ca,Bin-X78,BIX78,d7d0934a-6fbe-44c9-9c7a-87dda0abb0ba
f88260b3-6640-45a4-9c68-f21d4bc0f3f3,Bay-G66,BAG66,b6477d0f-04f2-45e2-a0ca-4f8b48fd3e7e
020e5866-ba75-483e-b5bb-0ed18a6a8c62,Shelf-P93,SHP93,91f8dd0c-37e7-4844-be4f-30565334353a
f03cbcd4-d2ae-4538-a01b-50219590c1b8,Row-M18,ROM18,aabea1ff-a95d-4b0e-859b-b998c1923310
5c14a570-7536-4a3c-b0ea-4ade7c0ffbfc,Row-B19,ROB19,3639d22f-7b8a-44ef-8a0d-34900d34745e
f94ed242-a824-42f8-ba0e-eb63c1bbf5a4,Bay-H10,BAH10,42e0f0ab-72f9-4078-aa6a-af1846fd7f46
d4d511bf-68f6-4947-b012-2dac579a425d,Section-S09,SES09,57da2513-2193-4ce2-8b7a-85800d25f0bb
7fd93fca-ca9b-4db5-b1e2-73382476a38b,Unit-J54,UNJ54,ca042471-1cc1-4fbe-a610-cd316e25e4ab
b3234c56-424a-4e7b-9eec-7ca683c687a4,Row-E43,ROE43,a40dfb26-dea1-4b9c-bdb2-173ac9a72350
22266110-3e4d-4d57-beb1-dcb07d9d8689,Rack-J50,RAJ50,77b2a31f-3016-45c0-9c8e-57f341f4bbdc
274e0eab-119b-4965-bd82-8b2b00f11162,Unit-F84,UNF84,70a5be1b-688a-4fd7-8d0a-85e7d53031b8
f64e9da1-3828-4d78-a658-07d72f9391f0,Section-N80,SEN80,4358e79f-f38a-4542-9884-5ecb2589cdbd
75e4c30f-c0ed-4c41-828e-a25120d90736,Block-W14,BLW14,5a71a7e5-3eff-44b3-b9da-193363f05c9b
7e2f3fb7-d355-4ac1-a7e4-d5e6f55ed938,Zone-B85,ZOB85,d9072177-c4b6-4263-ba0e-b2e7f46bf246
f5072cbd-9aed-4e08-854b-4ac67371e124,Block-C31,BLC31,276b56cd-648a-4c33-a0c5-fd50015ec07a
6d9033f7-1d24-4b26-b56a-715d87823432,Rack-W80,RAW80,493103b0-6786-4605-b2f8-08a04c4fde9e
6f3ad628-328d-4014-9577-f17d3b154173,Section-C18,SEC18,efa57892-522f-4787-ad6a-67dc4f1cae9f
398844b0-db7d-4265-ad16-f88f7d6dda8d,Rack-W56,RAW56,0ff043a6-b5e7-48bd-89a9-67a009ca50a9
c2ec046a-c741-4057-9ed7-3c5651d34eee,Row-N52,RON52,2445c6f9-9581-4270-a18a-6d58a94f2d5b
8eef35cf-d272-4661-88f8-3d85968f970b,Bay-U01,BAU01,6d3ff32f-a450-49cb-8fd4-426d3004a523
ccf4535d-72ce-41c6-9712-7499c21c1a3a,Section-X82,SEX82,8a2ce865-a9ac-4059-8af4-32edc870d1a7
93dc88bd-d6a1-4979-b589-364c362085d0,Bay-F81,BAF81,5469392e-c6b2-404a-bdc2-c31e915ccdba
d618a59c-0700-4cb9-8976-2136570e73f3,Block-S36,BLS36,b454a3a0-331b-4c7f-9b94-66d71b22b195
18fdca4f-86a4-4db6-97ca-a68f3d1f1f2b,Zone-H90,ZOH90,3a095625-df1b-4708-b731-72cda77500a9
ab3ac39d-b260-4a6e-9dea-d440a5195ed4,Unit-X56,UNX56,4553c245-3ad9-4a01-a919-c5930d5303c4
fbe9f53e-7768-4ab1-af86-5a0961bebd88,Row-R86,ROR86,2379273c-1ff4-4f12-a776-6e10f87d6306
d9cdaef1-8a75-4d0a-8d43-4848523ed448,Zone-R09,ZOR09,9d747d49-e854-447c-8c34-84626189fc7f
3573e394-3820-4d7c-ad86-f973cd4aa832,Unit-B43,UNB43,f86324bb-3214-4d3f-bcf7-968c501b6a6e
00b22ea1-d1db-4fd0-8962-6a64ae606f2c,Section-F15,SEF15,16bb2dbf-8b48-4938-8345-56dab9bd7e12
56f249f9-3bed-4e3b-a972-91ebd15278d8,Block-Y57,BLY57,2b34e886-29a6-4b65-8712-bbb7649d4d3c
f3875a2e-b696-4b72-9ad9-5a45895fc83b,Unit-M38,UNM38,020b9062-77fc-44b2-b3be-b59ec9399dde
f178bff7-1eac-459b-a4f7-eca4d8548174,Zone-L18,ZOL18,92b2607e-c287-4b7f-a3ef-ea32b6294cc6
37934246-565f-436d-b440-802b853246df,Shelf-K16,SHK16,c79fa5b9-2f0e-4dae-a069-bb4428099a84
8810a479-bc7e-4f5d-b4ce-0861824dea19,Row-A95,ROA95,a3957bf5-ff7d-4470-acbc-2e2b0874325d
fcb325b1-fbdc-4edc-b554-b30887718a86,Zone-P02,ZOP02,e749b9ed-883a-44bb-9e33-7c2781c2ce7b
79e372f4-4de3-4e6a-873a-e3b86ea6fb9f,Aisle-T48,AIT48,2cec3c6f-8961-42dc-9fd3-4b16782b024a
dbc25f58-0f4e-4475-80f6-7a09bface654,Unit-M69,UNM69,fbda4503-3a0b-44d4-aeb5-d5585b2c1c6c
98759c8e-52a5-44f5-8752-768e8a22ca21,Bay-J12,BAJ12,39a6bb2a-9431-47fb-aabb-13b55d7c167c
f0637590-1867-48a5-9793-439f2b46b8c9,Section-K87,SEK87,60d328d2-e84b-44af-ac83-dff7e6b751d2
e664566a-d7fe-462b-8e7a-c675f67156f0,Bin-W70,BIW70,63470987-458f-4e46-9dd8-71eea039fa09
bb0bf463-4579-41b5-bd89-3ab957aa8f72,Block-U23,BLU23,e4d38eb1-d57c-4fe0-8ac9-b3e3f6b9c450
389aa248-002f-4f25-be59-523a89a09b6b,Unit-M77,UNM77,be7180a9-93a0-4a3f-b4c0-1b8c8e308a4f
dab51139-154a-4cf7-a954-edfb5cd1b035,Block-H41,BLH41,f67501ad-7b77-43fe-a784-de4b76ea9278
30cf82df-61e6-4dd0-a9e6-e8db3b09b346,Rack-B50,RAB50,771582dc-5109-485b-b598-333ef0493120
82c4f6e7-226b-4264-b525-e9972466d839,Zone-V45,ZOV45,6528a4d6-f9da-49a4-9158-194db27a7a49
d4dd8155-1893-4280-bd7a-a5a94a523e92,Zone-C62,ZOC62,78d96869-58ac-4a29-abf3-08230f19f762
bebae4e1-c949-420b-a9a5-9cf3ff1f659b,Row-W47,ROW47,6102860e-f54e-4ad1-8ed7-da1d18cb85cc
77cb1870-5a0f-4056-9c73-e66f6363f869,Bin-G61,BIG61,cc25f5e1-874c-4454-bc28-c2186b797dea
e75283b3-1079-48ea-8f95-cfae5bc1a53d,Bay-S43,BAS43,2f0dc88a-fc91-4e09-b867-e2ca91651f68
4dac047c-7b5a-43d6-932d-795a946fc2f5,Shelf-F59,SHF59,8f27f540-27c0-4b70-8d91-5c958ed9a946
ef0a1874-1f39-4135-8e7c-b58e70a1bfa3,Bay-Y33,BAY33,5a495e08-029e-42b9-b6ce-69b58c1f6cca
60c0e11f-de7e-4d33-afbc-d97d076c816d,Unit-U03,UNU03,baf4a12c-ce1a-4bc8-b425-51614b75cdf9
1e1dddc5-eefb-4d87-b4f4-389a19435748,Bin-P55,BIP55,8ac3c898-1dc2-4c33-b788-ac3f584546bb
24659f44-b9b4-4044-a031-173a0c0a0259,Shelf-G35,SHG35,73827892-bfdc-4373-b48e-6cd15abf42e9
493aea29-89db-4846-a96e-2806cd6f21ea,Shelf-M36,SHM36,9b68bc1d-553d-42b2-99bc-49bbd76d673b
9b65cda8-ab20-4774-9157-41560f9920f7,Shelf-K20,SHK20,f9cb6b5c-17ad-4a23-a26f-f7ffab6fa7c6
da0a5e26-4863-4da4-b1cd-a87e5b527aad,Zone-H20,ZOH20,f271a49d-7f2d-4a9e-8395-112843818cda
ec10d6f8-c3e5-4415-a13b-84aed74d7019,Aisle-V34,AIV34,941fb29a-7fb3-49f9-8941-e5208ef64fde
329fdd1e-76fb-4c1f-8307-833cb4d15ee1,Rack-X87,RAX87,15c32aea-acbc-4085-812a-e54ffdbd994f
febef844-beb2-4527-857d-b945b775365e,Shelf-A14,SHA14,2e15d158-1558-4b2f-82e6-35c85c0983f7
e36dfdcd-279f-4cba-96ec-9c9753fc4700,Unit-W14,UNW14,440578ce-cbf6-4276-b2b6-dcd95345b373
559eb029-0430-4c22-a0df-a317b8b6d000,Bin-X57,BIX57,182ff7d0-fbd4-4534-8e83-ce98139eab2d
999c58f7-2b87-4132-8fc6-1f3758e18307,Bin-R69,BIR69,bb6bc5ab-0ef2-4688-a8e1-b24f91969c4e
b087f92e-08ec-4d5a-8738-7458ca0e1826,Rack-Y72,RAY72,76aa5bba-3704-40f8-8042-6d6105d4f814
63027c28-5524-4a72-9c72-239b4299ded3,Bay-H58,BAH58,35050e93-e268-4437-9310-d4130b1bcc80
7b42336c-15a5-4499-83f1-9995402553a0,Unit-V98,UNV98,d59c357d-62a4-47f6-a933-d379bca96d3e
2c54d8d9-ff33-4805-bfbe-7a1e9d8f6ecb,Aisle-M66,AIM66,f2cf5f4b-663c-4c03-b76c-537152f4a583
aab851db-89e0-4bdc-8c6d-b270c4ec6aca,Row-Y77,ROY77,b7ace3a2-0406-4278-8ec9-5b7df6200e59
878cb878-e2d0-4d0c-a074-405b556f6691,Rack-X02,RAX02,554ed63a-760d-4591-8fb3-6e242c3e3be6
cffd358f-bd3d-4f7c-8541-6b7fc1a720ce,Rack-K66,RAK66,a48fbe27-7521-498e-8bdf-ce7fe53c3a37
88fc889f-29d9-4ca2-92fb-808317c71897,Bin-T02,BIT02,c87345e2-a826-412f-9247-b0955a5cc8c7
15f8b7e6-3b0b-47b4-8e6c-634791bc0d42,Unit-B70,UNB70,6eb335d6-af28-4757-b774-2620341b42a7
27948983-1e1f-4884-8263-973298b1de6c,Bay-A25,BAA25,6df1b078-4fcc-4b01-b05b-a81bca5fd6c3
015523b1-216e-4123-888d-912ba5b7c760,Bay-W04,BAW04,2f7f7398-38bf-4a15-8700-939775e5b6ad
842f38e3-647d-47d8-a40b-de34d3d40e7c,Rack-R95,RAR95,7fa4845e-40d3-4df8-a9ff-e8476395c74e
d29ce360-8320-44e4-9dda-491fd368bb0a,Rack-K49,RAK49,d7448a35-f086-45d0-8744-3f1303ea1087
b9900b18-3bef-4b2f-9d84-5f531303ee06,Zone-U67,ZOU67,aaab802c-1f9f-4c51-8fff-088cf86d5834
6b5783c5-7dac-4f71-979f-84dd736ad10e,Bin-S05,BIS05,2a5f7a49-8ae1-4b16-84b6-82ae7a9862c3
823830e4-10b8-48ff-916c-756472812ffc,Shelf-Y31,SHY31,c7dcb50b-729c-4005-8e68-8bbb05941a79
12738310-24f1-4b05-83a9-4e6f18a62f62,Shelf-N90,SHN90,6c5d701b-7846-48d9-a4f1-2a44f6e7a67d
25c1e3dd-b22b-40d0-98b7-53e32641090d,Bin-J54,BIJ54,40c43f4c-2457-4243-a4ed-69ba5ecb20fe
db984ae3-19f6-42d8-a1dc-65b8024e84fa,Aisle-U10,AIU10,1aee3f7d-e866-4c29-b1de-f053e9fb053f
b7ebb45a-c512-4786-ad59-fd773cf633ab,Bay-N58,BAN58,1356eab5-5b29-4ae3-b86e-d7979e16fc34
d54f26bb-1f9d-47d4-8830-8cc0890c86cf,Bay-E65,BAE65,b7b21925-3751-4049-b68b-83f7f6844a46
62cf7de9-93c7-43a2-951f-12b4a364efb6,Aisle-W88,AIW88,dc5d540c-5026-49a7-bbd8-06e350455df0
8fc79767-1e0b-4fb9-9ab5-441366c029f9,Bin-Q25,BIQ25,fdbc870b-444b-40e0-8743-8c1d85e9a77b
70596fba-627c-411d-aa97-58079b958558,Aisle-B59,AIB59,0409ffcb-e0a5-4af8-80eb-a021ad50e8d0
dc3dbe3c-c2ab-431e-8eb3-8f3b2feef3bf,Bin-Q72,BIQ72,f2b019d9-89b3-4dd2-8fcd-a82623903197
1b2fad82-4bc2-4bab-96b6-c5a8c9664769,Bin-W93,BIW93,2058dc65-db3e-4e48-b167-98f79f0d1c85
e0b05346-2f40-415f-8e10-b1298b1cd915,Bin-C23,BIC23,a5d83df8-8986-4d26-b732-976a1d48ac36
0e8f8b23-5da7-41ad-a4f2-7c19b5fb9051,Rack-S20,RAS20,13a3fbd4-3f02-43c9-bd8c-3803c4e7010a
a389a095-9835-464e-9cad-15f979ac2a69,Section-H11,SEH11,e26ca13d-064d-4f03-848c-4933ddee8c2a
7bc26cf5-c2a0-45f4-8795-6d64d2d6f9d6,Block-L54,BLL54,402b0865-2a03-448c-a60c-fac2db4ce749
c876804d-379b-4ec6-8ac6-fe8c29ca1ddd,Row-W16,ROW16,33f88b96-777d-47d3-babb-dffc7b7235b8
cd3f3843-4a49-4c28-b717-734cfba05836,Block-L63,BLL63,7a46f2d4-4811-4b54-b94d-a486c4810df2
15ebf61a-e95e-4342-9b84-847b127f360a,Shelf-G03,SHG03,19932a97-0be6-4566-ba04-b0252d2eac06
96775c20-7fe3-4005-9c43-f25ee9d1af74,Bin-T45,BIT45,3ea6b2bc-ac51-4ce1-bacc-89e88332b09f
c5d4da01-ec11-4da7-81ff-2b97af6513f3,Bay-H65,BAH65,48ae4295-2a94-4546-b5dc-ad3ed40fc9cb
81555d91-a6c3-4bf7-989c-2099b54b88da,Block-J84,BLJ84,0b48b996-b32c-418f-a670-33f83ae61fa2
19a154ef-1832-40b2-9e33-147fecf782c3,Block-I46,BLI46,f8562ece-16c3-458d-b68d-2d5404d1ce16
a2bdbcbc-a5d8-4b2c-a9dc-4db43f496e7b,Unit-M19,UNM19,016ed0e3-f454-4275-91dc-5efb766a8485
e0e4dced-d660-4434-85ac-9a6ce8adaf59,Zone-G17,ZOG17,eed2d737-7118-4929-8f52-cf8d5679bead
835ecd52-d2b5-452e-8d6f-94dad167e6c4,Section-A61,SEA61,0d885301-5660-4bf8-9d24-25170fcf9247
93f353af-6153-4b8f-a9f2-a2b8c49c03b6,Bay-X71,BAX71,5aaa2a0b-8ce6-4221-a635-9d9f1b5b0050
8d3fcd9d-c16e-4761-92b2-4f3d72a36822,Block-I13,BLI13,8e20ff28-56a1-4f6a-8842-a4bf272f7dd6
ed6490ef-73ef-414e-9d89-65bdda0b8bbb,Block-D28,BLD28,1e944224-42c9-448f-ba7a-4d9602a33407
3ed8cc35-ec20-4dda-92e7-7ab1f5e0134a,Zone-Y47,ZOY47,047aca0e-2108-469c-a91d-7628b477d71f
5c1d0dc4-4f97-4b08-a7c4-ed40ad22730c,Bay-K70,BAK70,6055f2d2-6e68-4e03-be9d-7ba901bf8170
e3787d76-4f91-421b-9329-84c6979a4e62,Shelf-Q96,SHQ96,4e51fcff-b15e-4b45-97ac-0a9d8877c765
57113168-4d95-4631-b345-00bc53a623f8,Zone-Q26,ZOQ26,eeba5d28-bcb2-483d-88cb-b49609508907
6af39424-44f4-4083-bff4-6afdbb4973e4,Section-J05,SEJ05,922067b1-dd3c-44cd-990c-0da31b2b4276
1fc76376-072f-4feb-9961-b112463f555f,Section-L35,SEL35,88050761-59e8-4739-bf21-3830badd9bf3
79d9b135-5a04-4f2a-b11d-524c1390ec30,Aisle-V82,AIV82,59c16242-624d-4efd-a4ef-8763fbefe814
73b84fa9-8081-4972-8695-a56e58a740b7,Unit-Q46,UNQ46,5dc6f492-13b7-4886-9557-f6d904284929
dd13448b-9e08-454b-8304-9ff48b3d6313,Unit-Q16,UNQ16,0657b697-93cc-4ecf-b0c6-4a03e5546915
07a67682-06cf-4ec2-afe4-3ad9da87ab86,Aisle-A56,AIA56,0db954c2-52cb-4488-888d-138c59cca993
900a6634-fd97-418c-b18a-63b5e86d0ba7,Zone-M79,ZOM79,fce7ec51-cbcd-4c14-8ef0-251b3091285c
c28da736-a279-4c39-85aa-eb14d31356db,Aisle-L86,AIL86,769e4940-5893-47ad-84c9-8b4bc2141aa5
60fb8e63-73d0-4c9a-b043-82b30b610338,Block-Z19,BLZ19,0ea082c0-e772-4ebb-9b18-fbe584b9ef20
b4a77c9b-41f3-44c4-9492-9b3e004ddcf4,Block-W21,BLW21,06d044b9-03e1-46b8-b1bf-d1b4fcc4ec47
fd3572cd-312d-4137-9f53-77998c6e44a2,Section-N69,SEN69,3933fe82-f9d3-4daa-a3c2-be28194b2217
e9dd152b-58e4-43d2-8a04-b2a568320d9c,Shelf-Z23,SHZ23,df2e0412-dd37-415f-bb6e-622400eb3de5
dca2ff97-6113-4292-9a35-bde9c285c242,Zone-H33,ZOH33,e0455c53-8086-4270-98f3-ff254369b16e
d8b31cc7-d449-4e83-8068-6696ff22767a,Unit-G79,UNG79,20d2e885-4da7-4062-8f76-3776429c320c
332f5bc1-a015-4e89-a43a-24128d6088b8,Zone-K82,ZOK82,e0fbb2ee-5de1-4e94-9f09-a76864ae6cd7
fa8908cf-599b-4f7d-9082-521e11a44610,Unit-X05,UNX05,59274351-8ea5-4efa-be4b-b80e26def5d5
d1538a27-8751-4268-b00e-2bcc379ccffe,Aisle-Q03,AIQ03,1a7f1c3d-e2bc-4fb8-954d-fe7a83e3c7d0
e886a9b3-f6a6-4525-8160-747e558da887,Row-P11,ROP11,cc6651ec-67c6-4731-afba-3c20bfac71f3
190d8a98-1b59-401a-8d65-6040f43bd498,Block-E73,BLE73,e612822e-2c99-4ea5-8e11-cda098af571b
0d4f3396-0c06-4d57-884c-b3cabad9ec22,Zone-A18,ZOA18,4e1e1da0-855c-44b3-bfbd-409cf81ca702
8b884657-b399-4123-8e84-472c18934636,Bin-J35,BIJ35,c7ade585-981e-4bf0-bca7-be9c6bf97266
c9b4a795-024f-4f30-965d-ad58fa1d27cc,Section-Y47,SEY47,8bdd40e0-4330-46b1-87dd-cc223276b684
fc1367c6-a8a6-4770-bce3-263d0a092e9e,Bay-D83,BAD83,07080c0b-52f9-4cf4-9e74-00d0019dd728
78f04ba8-e6fe-4c9d-950b-53c64223dd09,Section-T10,SET10,01cea3ad-a260-4cf2-b5ff-426f8c8c5f68
c09c0941-7a1a-40bf-9773-c9d88281376f,Section-F31,SEF31,f3728133-7c86-4251-a52c-d69ef74ce668
ec9ccc7c-51ae-4f0f-a200-85c086a3fbc6,Unit-N85,UNN85,08c5b9fa-5efc-4e27-bbf5-df0de2fc8611
fe07d926-2e11-4750-aa0b-b472bab87445,Row-S82,ROS82,1335a281-0656-4d9f-9466-5757a1cc8200
9a8403eb-4612-429c-a4d0-d227d84902e1,Block-N82,BLN82,89766037-86ff-4da4-b677-6163b37fbac6
bb75815c-a375-4c83-92d3-35a480351280,Bay-P62,BAP62,875a8337-4e49-4f6c-b0e2-4b3234224b71
4801fa9d-4267-4c0f-a8a8-14443db8b3a8,Rack-W13,RAW13,37837905-f40b-4b09-baed-be7aa73888a6
7b57c9b6-c9f9-49e0-bffc-cff24f700341,Rack-J01,RAJ01,48d13bc5-4771-4367-870d-8774066fe98b
c8f87c98-879b-4f4d-9ca6-1ef35851a265,Section-Q33,SEQ33,5e964a41-a89b-49b1-b2e3-1b8a947da481
409fce83-da03-464f-b447-11a4e3e4b305,Row-R23,ROR23,ea071430-e34f-4401-9d43-b3f36674d63a
b474619d-ed06-44f0-9f3e-0add5b1efc57,Rack-Z11,RAZ11,f2c003ba-ae0c-4bff-b507-b53701bf3259
6a846981-7a5e-413b-ab7a-8c3491297ef6,Row-P92,ROP92,225b475a-980a-4787-8885-762b89d1b2f2
95a14bfc-4847-41ef-aaee-7e4feacbc00e,Bin-Y45,BIY45,b535d281-363d-44fd-9283-6dc61b7e6a8c
cba8b702-9557-472f-832f-87f09b86034c,Section-X37,SEX37,28885641-3ad0-44c7-bc28-b76cf74c3cfb
e8b96dcf-06e7-4c7e-bce0-40f548e83200,Aisle-K28,AIK28,08b6e867-54c7-42cb-93cb-c66f0f8f794b
c72880ac-c4d0-4bbc-bbd6-ebee3e56f7e0,Section-T17,SET17,5c595782-b339-497b-a03e-9a89e1a7474f
41a039f4-c3aa-44bf-bb4f-edffb1ade986,Bay-E47,BAE47,a6abb626-23e4-4695-88d5-dda4481a9478
2f6754d5-5e9d-43b3-bea2-91c5a9ac4f95,Row-O99,ROO99,a313be89-3d5d-4e9b-b80e-775706f3dd8c
487463a0-9746-4d1f-8e63-9bbb15b0c908,Row-O33,ROO33,5eb420c3-42df-43ee-af01-3f9adbbe0276
c3780ad5-f844-4577-8a91-312b9345dbcc,Row-V44,ROV44,4410c2c4-b4f7-4a09-ac0b-a52a9a533eba
3da42bcf-baa0-423b-92ea-135e02f9a940,Aisle-D85,AID85,52beba56-d930-4e97-8b63-81600e892b0f
419c0f12-2bf7-4f71-8096-9da475b35667,Unit-L24,UNL24,a48fbe27-7521-498e-8bdf-ce7fe53c3a37
f42bb319-eac7-4b0c-a4a5-dcbaa85749cd,Shelf-J68,SHJ68,2ab988e6-7404-4b16-8a2f-5b0f74416a21
803194c1-a621-45c8-aa94-c164a0f59559,Block-B30,BLB30,cfa68af4-deee-4b3b-be52-1d68d74ca9ed
ea93f832-860e-42dd-82b2-7b6e8cac36a1,Section-Q30,SEQ30,f62324f4-7d1b-4090-aa53-093ef03ac4f5
050075ec-54a7-4115-86d8-e4401a0cf134,Block-W99,BLW99,8098f7e1-169b-4c29-8e35-0207f96e75ee
3b253de7-dcd3-499e-b1ee-ec60c8670c6a,Row-R65,ROR65,614bf780-18d1-4361-9d42-fb0bb61be873
83e7a632-bd92-4590-8a3c-175fb82ab27d,Aisle-Z03,AIZ03,ac46534c-dbd6-4d85-aacd-80fe942b159b
8547e60f-4b9d-4a64-bfc3-1ce2831030b0,Row-K89,ROK89,94f10b48-a1eb-43d2-bc06-5123c87e8deb
b5ccfcb5-db2c-4e5a-8948-9d9bb2058f14,Unit-H48,UNH48,78ea001b-3c64-4895-96b7-792fb9b19811
dcbf8b00-5f1e-40ef-a799-397e717af1cf,Bin-J58,BIJ58,a45b624f-3a55-440a-a70e-4d4c7795847b
96601b73-8714-41f7-8c67-6273567887d3,Rack-M74,RAM74,efc57e51-5707-450d-a2bc-4c78e54f91f0
c1c2f8f7-6ca5-4e9f-8f79-c5b855c1e2ec,Bin-F68,BIF68,22f3374f-a777-48de-81f5-8ee79f8ba177
5bf9dc3f-6c4d-4ebb-b7c3-1132211ba949,Section-E83,SEE83,0a7b5952-a076-4557-9129-833f7a415cd2
64d4677a-4995-4b29-b7bc-d9a58f0eb891,Aisle-K40,AIK40,351f8716-b59e-49e1-9faf-2881739656d6
a69013b0-e41a-4932-b6a0-19792541b9fc,Shelf-N92,SHN92,5be7b3d8-0a1b-4812-b77c-9fed954d16e2
aa43fff6-18e6-4142-bce9-8debf2fc4c2a,Bin-J53,BIJ53,21e77db2-85b0-4a5e-a0e1-4ea3144e1b0e
b1705595-0b0b-4aad-8cb5-e30a8259ac30,Row-Q86,ROQ86,780f85da-d907-427d-abc5-4b7d34fadbdc
c2326d0e-7203-49c7-9e2f-11151c41e63e,Unit-Y73,UNY73,32e91734-1075-4430-9432-0450dad664bc
1a63904f-b089-45e5-9b63-5f0484ab6865,Block-G92,BLG92,bb426af4-e4b2-45a5-90eb-1e79304244e0
d9524ac5-fb3a-4674-a5da-a3a77b0e0330,Shelf-H74,SHH74,49d90e11-4ea9-4c65-8e2d-7ade68dc3bb5
418b844f-52d1-4e66-914c-d314e769cbe9,Bin-W38,BIW38,1cc86168-9dff-4783-9549-87661835c338
6d1591dd-fc92-4634-af20-b7c7a16bf045,Bin-E91,BIE91,b07df43b-1200-4abb-a83a-63e7e6f7e093
53065c86-0860-45af-a418-b2727315d7de,Shelf-W72,SHW72,ee4b9748-221b-43ce-9fe1-e71c5092d002
2fccdf07-f588-4586-8177-7a5574b1213d,Row-F30,ROF30,aea1c847-6076-4e66-9f69-2a16399313d9
a2cd4137-b0ca-443c-9b0a-5058ee8edd88,Rack-C80,RAC80,abc9bd8c-0595-4575-b4ec-dc696c991b56
10c7f5b9-eb5b-4a4b-ba5e-765ff2098bec,Row-G64,ROG64,948171ea-003f-4092-9ac6-f6ce72406865
8c6734cc-f2dc-4904-b78a-8a47fc151f9d,Bin-N18,BIN18,1fd9421f-6b51-43bd-829d-f88a6fdc44b2
03ee8f51-3f76-4f63-8671-486ab6c89b79,Section-Q75,SEQ75,c725f961-9c65-4899-bc58-faf097bfb52b
6bdc6cbf-10cd-4e86-ae2d-c437890a1cd6,Zone-J99,ZOJ99,6a5028e4-070e-4bfe-9d3d-dfe8a25df34a
27963a0e-2e6b-45aa-9829-1274ed8cb482,Bin-P87,BIP87,5d7886a6-5e62-4a2d-8eda-bb2bff7c7fc9
6e2003e9-a59e-4282-a3af-219826aa746f,Bin-C91,BIC91,d6e17014-1e02-4551-8d33-3ecc6a856834
665dfee5-ab6d-408f-a0b8-399df40270bd,Unit-U81,UNU81,c761d474-7dc1-4bca-ace7-a9c6d381d32e
156d48d2-db31-4667-8546-92a5c218940d,Aisle-A06,AIA06,420aa699-6d35-4512-8a02-132f151ad46d
05d12862-27a9-4ae5-b60a-74543e67fc6d,Shelf-A04,SHA04,71d66db8-f25a-41d7-9e02-3da6590b097e
a2d97347-2454-41ee-9cad-bdf0afd474cd,Bay-F65,BAF65,23bcd5ff-3167-4dfa-8483-d65e6c36fdbe
83e5b9b9-a98e-4f02-ba26-d29411182bba,Block-T08,BLT08,ef05e30b-d4fe-45c3-9cb0-d0c70544fd45
fbac2f96-f7c9-4ddb-bc0b-ef837486e010,Aisle-K11,AIK11,ef4f98af-385d-4df3-a776-2a37f16b5a15
e70fb8e5-3c2d-4152-98fb-568c6fec8cf4,Row-K76,ROK76,55898e84-0230-4f59-b18b-a17ad6a70795
0fc676d6-b0ec-41c4-a9bc-7865627bde77,Shelf-I75,SHI75,684505c4-2c71-4ce9-8c2e-fbdb225a0448
4035ac55-5ded-43b0-a772-cd714e4e1980,Bin-W51,BIW51,305e822f-1493-469d-a18d-252fac8a41f1
b4271fe6-1d15-4fed-88fa-775a16221d08,Shelf-U90,SHU90,68f843ef-2523-457d-a09f-07e9b4c37023
830d468c-e5fc-4990-b8f0-6a97a90683ae,Unit-A01,UNA01,bae6790b-c215-4edb-8cdc-5d6dec2c1c16
ab0734ff-801d-4b40-af53-e09a9488c78b,Zone-Q89,ZOQ89,2ced580c-d86e-4da6-bf04-38ff3f8f0eef
2574f713-1d67-4d38-bd44-1d19918b5f50,Aisle-I21,AII21,97cc0400-7e76-4e4b-a15c-dd70713ce368
fe3e5586-a086-47eb-9b44-77e46cdd8b2c,Row-V83,ROV83,aceb67b6-9c9b-42b3-8fca-e3b860445275
a0fe6c94-229a-4622-aa1a-c7dab456f3ff,Bin-M55,BIM55,be6f8605-f564-46fb-9a1d-bc6166aeee41
6bb95f95-22c0-4518-af82-1ba5cb192e01,Aisle-T39,AIT39,877fb118-6693-4198-9eff-6c7be2e1e1b1
bf9f06e1-9e71-44df-8038-0941ea8a9214,Section-B45,SEB45,21c70f63-ddc0-427e-8945-f014ff537a8b
207b60d3-0b9f-4037-8ec6-07f6f321f4ab,Row-D76,ROD76,2f855f15-500d-401a-af03-525ff79070f7
fd4e822c-7581-40d6-9983-2826324d37de,Aisle-X43,AIX43,d6e17014-1e02-4551-8d33-3ecc6a856834
93b14145-22fb-4219-8453-6b77ad57b606,Aisle-U28,AIU28,728794b0-0f5c-4234-993e-3e5b04bf1d4d
0d317534-6ebc-4396-af6b-5adf91bdf6f4,Section-Y31,SEY31,95c27f4e-7ed5-49d8-89ed-e8d258716afc
526b24b6-71cb-406c-ade3-25204ef765ad,Section-N60,SEN60,d72a4b8c-0aa2-4f92-8f6d-49da7517ac31
e742522a-1639-4c56-96a2-8375c989bf06,Row-V62,ROV62,ff2d780b-b0c5-4e9d-8942-63d2f2c51099
b2e4045f-ebcb-45d4-96fc-d4bb493c28ba,Row-G33,ROG33,4fef94c3-2358-47d8-b56c-449cdfceeed0
a49b5aca-bf25-4ff3-8e80-2489758d9f40,Block-Z99,BLZ99,bc842075-d0ff-4a1b-92e1-6abd7ecf6f06
5c2860f6-8c88-44a6-8771-113ea7d4c558,Unit-P42,UNP42,9a27da9c-2e89-4370-ab01-fd56c554ed6d
6a5b8c11-33e9-4fcc-838d-c67d7dbdffc5,Section-V09,SEV09,b2e2b0da-eca8-4e66-be91-d4588a586b4e
d307069e-5a39-4dbd-900c-91cc32f40dbd,Bay-W83,BAW83,c18d7b9a-8dd3-4dc1-b266-b4e128f1ed83
6124089a-f6a7-4244-88f7-238fdc6c0e79,Row-T12,ROT12,e93ea889-8a08-4acb-8440-4f658d5922d4
87c8121d-3f70-44f3-8cb1-0642368553c2,Rack-P62,RAP62,d0d4ea14-e080-4bb1-a3e6-34a8671c9c06
48d9d00f-f5d9-4d0b-b7c6-ad2c3a8c8dec,Aisle-Q04,AIQ04,4313051f-d745-4744-9ba1-8e7daff361c1
cb312871-a6f0-4bbc-979a-5cf54f61c229,Shelf-V74,SHV74,35750288-e7cb-43db-9ca9-b47537f20fc4
f76f2aba-dd19-46bd-87ea-ec8d7799dcd6,Rack-P34,RAP34,92262636-fd07-4725-abb6-9b52084b0ce8
0bb326ed-9ce5-40d6-adb1-54f27e33c03e,Block-W53,BLW53,441ff02e-6557-48d9-b6df-ced42672f485
361a9bd5-8958-49da-ac41-ebf816c54c62,Row-V35,ROV35,2d4acb3d-ba28-403d-a48b-98fe9dd5a986
04cd9eff-eecf-4895-862e-0524ffe7f445,Aisle-Z96,AIZ96,e34c9d64-d4c3-40e3-ae04-9ff71a3b2782
a257a01f-f0ad-49c6-958c-e6eb5bb8c3f7,Row-D97,ROD97,f39c9e3b-ace5-4a06-a00b-680f0aafcd3c
266b736d-9bc4-4916-95d1-cb388015cfb6,Bay-Y30,BAY30,c7ce7a3f-4859-43ba-8cc9-6093f0d9edf8
8e1d2901-71b5-4e5e-82fc-ed171a5e0f8a,Block-N65,BLN65,b810b323-eb8b-4940-b5e6-149723750811
eecc21bd-5a37-43c7-b046-a029e2afa4f8,Rack-G20,RAG20,8368ff19-c6c9-47d1-9c9f-e83ba87cea98
b938c24f-cdd2-48d1-bba6-00663dfc69a0,Section-M74,SEM74,e3ca16e8-7072-491b-8e07-4941fce35318
3ffbdaca-c31c-4378-9c15-e29708bb7af7,Aisle-L42,AIL42,1fb2296e-7e52-4e8a-99ee-d586a04d3ba0
2f7c755a-8688-474d-9da8-d9a73c8d03a4,Row-X95,ROX95,a95cc783-ae3a-4c79-b2d1-d9a8fca0c57c
c55adbed-b44f-40ef-bfbc-a27b9dc78ac1,Row-G41,ROG41,f6971804-ad5c-48b9-ab4e-e0c25003c43d
7d65d9c3-5289-431d-ba82-2ebf7cf9a78d,Row-R98,ROR98,ca569ae1-dc43-4e9a-8de8-d4a708f17b66
3f9486db-5b78-4feb-97ef-5fdba0479cac,Rack-V64,RAV64,5f5ffc2e-7992-4da7-a563-2503f91e26e4
824b71ee-8dcf-4f0a-856f-527fe6a0cd96,Unit-W29,UNW29,d89cbf51-ece6-467e-aea4-b8fb5dcbe32e
cd26977c-b92e-41bb-94c7-cc535ae91e85,Bay-Z60,BAZ60,1bfbba90-1f3b-4eeb-80ac-8ddb4d60eb3f
8cbe06a1-6929-4c94-9c52-06c83ad902d4,Bay-X54,BAX54,9abf9a93-ae77-4d5e-b514-2d26306a42ce
a488fb48-522d-4baf-a588-5dabcd1ac6a8,Aisle-V49,AIV49,788f4f77-7168-4691-bc07-d2d85a6aec6d
838fb0a0-be62-4977-ba25-a04730b7cc75,Bay-T90,BAT90,9976ace3-7bf3-4438-8d06-1a9dd5344513
3e130e65-7b23-42dc-8acf-ba3d71dbcf10,Section-V52,SEV52,e241d50b-9aab-4957-a42e-8307d06b39c8
520078aa-1e21-4719-93b3-8e4d490bc1e6,Shelf-Y74,SHY74,4cc51216-c9d6-4b17-9f16-66a3297f0919
ca0bb67b-3be8-4479-b09b-bd5bdfd8b5e9,Aisle-O43,AIO43,0456fd4b-c37c-4c25-bef1-b65847a8197f
ff285edd-4631-4822-8456-3fe71ee7dd7e,Bay-I29,BAI29,f02d6d4d-659e-4235-9f27-7a01510374be
228d4147-092e-4e95-9854-04e6682709dc,Rack-S41,RAS41,6c374e61-98a9-44d7-97f9-7fe19eebb16a
dd37a687-9ac5-45db-83a3-b78492fb1432,Bin-K51,BIK51,03dba6e6-2b52-42c9-a0c3-e7fe45f5a8c0
8dec915a-2044-414a-9035-37eefbfa3b8d,Section-A08,SEA08,6286f4f0-1e2f-462f-90e2-6b9f5e903fa9
266cce1e-8a3a-43a4-976d-5c0c38b9e124,Section-M19,SEM19,2520c634-2f24-4c51-9739-c5d1490e1389
ee8ef0ec-76ae-412a-affc-e0aee57f6017,Rack-L87,RAL87,089b05ba-3560-4199-8292-a42b84986f4c
dca127ce-7b8a-432c-abee-4711bd72b194,Block-I08,BLI08,3ce2121a-3bdd-41a4-aa4a-e20fece952f6
1e05f34e-0b7c-4a0f-9844-074d0a3a9ce0,Unit-O95,UNO95,cc2e8091-a310-43f9-a32e-206352da5bfa
d0889d51-3879-4bb2-92d3-c5a7076e6e5e,Bay-Q14,BAQ14,7f8c2b24-bb64-463d-ad82-0db1d891395c
8354c34f-5496-44ce-a35f-f4081237d417,Section-X84,SEX84,4dd189a8-3e81-47de-ad59-9413fa9d5beb
7fb7e56a-745b-4a06-87c8-bd3a320b4729,Section-W94,SEW94,555a94e9-eadc-44da-9b40-9d36c21bf3bf
cd2ad08c-29cb-41a6-afc4-6c1adbb24b68,Section-T54,SET54,cba5ddac-f682-418f-8e52-826f2f76f07a
6ffe784a-48e5-4a8d-9d9f-8cb567f7cd23,Aisle-P81,AIP81,d7c5a66d-8b78-4b7e-8ec9-dd50fc2787da
161eeb21-9573-4a81-af01-a83061d0ae56,Bin-K75,BIK75,68b38b8d-18f4-4354-bfc1-64638d0b9512
472d02f5-79b7-4371-9448-9ccc99621c27,Block-O59,BLO59,a288f5c7-9032-4ba5-929d-56cadb8748ca
bba902c6-a8de-4886-9e46-2be14f62579b,Rack-K47,RAK47,da6c0ed0-dcf2-46f4-b004-50529975d492
e889394b-67c1-4dee-ba07-785190df3888,Unit-S75,UNS75,3fcf26dd-24a8-47f1-a2a7-4a0cbdb1af01
0f43894c-137c-411f-923a-5a8ccbaa1cbf,Row-C24,ROC24,bcd9bf71-1ef1-4a5e-9df7-9831fc0599f6
124a8cd6-f737-4292-aa07-9fa819681309,Bin-M78,BIM78,78ea001b-3c64-4895-96b7-792fb9b19811
fb946880-dfbf-4c94-a9be-7d6f9bf8cdea,Shelf-K38,SHK38,3b891c65-8673-422b-8cd0-f80a55a5a3c9
760e0f55-62fd-4916-b9a8-b643f59b39ed,Aisle-P02,AIP02,64a4e113-2a2c-40dc-af9e-6073a21c55b4
2a45f23f-0ef7-4d98-aa2a-b534be819965,Aisle-S32,AIS32,a911d736-1ca2-42e1-8cdb-d97504141d59
a8400d80-d0a7-4ed4-913f-4303fc710aa2,Shelf-G17,SHG17,7b82ea13-d8b3-4c50-8cf3-73670a40ec2a
e6cd76b7-a919-46d3-b3f9-8ac8707ea7fd,Unit-S25,UNS25,51810a08-ae54-4290-bf11-3dbc8f774620
5e4ff805-136e-4e12-8be4-fea088e3e133,Bay-N03,BAN03,9d033e38-2b96-40a3-9c39-fd1f0062ad27
2c75bab5-e3a9-4cd9-825c-4c0a7faf9e67,Shelf-H56,SHH56,a38fe14a-ed07-4eb1-890d-07065226d84f
30c18205-656c-40f3-b6f6-fab20b5236b4,Unit-J10,UNJ10,8eb11e76-432b-425e-9a97-e4332e356211
1587c182-3c58-4f45-aadb-f84cca535048,Row-P11,ROP11,04d7fab9-6b02-4987-adcf-7deab6024c4e
90776dd3-0cf4-4b8a-a885-49633c8f70d7,Bin-C68,BIC68,8bc5c781-a66c-4733-8229-7d7597cb6d83
47a58834-004c-420a-9bea-defe16900570,Aisle-W81,AIW81,bd512d14-485d-448f-baff-c9e21b948d78
14778646-3585-41d0-85b7-d2f1b39711ae,Shelf-X76,SHX76,8672ec31-8b22-4d7c-9a36-bdbf36bac386
f8bce906-9da7-425a-b320-6c3e9521bd6d,Block-Y11,BLY11,984658f4-91b9-4d2b-92b3-8dd303104480
1034e317-67fe-415f-80aa-30f637256f4e,Block-V47,BLV47,651d7cea-f77b-4a36-81da-db651983c63a
c9d34f5b-a6db-4415-a823-f1d15cb75bed,Unit-T21,UNT21,af78cf63-eeb7-46b5-bb06-f3fead981e7a
083298a0-6a54-432d-90c6-7a16f3a43370,Section-W48,SEW48,35cd17ce-7390-4eb0-9820-57e37ec7193e
e6493e1d-06da-4fea-a05a-98d8fb4d27dd,Aisle-W70,AIW70,0b0e5cef-71ab-42c7-bf53-22bad168d5cb
097292a1-12f1-417b-95d3-055bb2e51acc,Unit-P86,UNP86,b29c152a-fe87-45cd-a71e-3f626d1b11c0
04b84648-32e4-408d-9d15-414e5d2464af,Block-G01,BLG01,483bdd31-6515-4bb3-8406-b992720353b5
87d558ba-15a9-42a8-8dfe-b8dcafa95c70,Aisle-R92,AIR92,c4cc3fd9-d066-4b69-9ddc-44f00f98eca8
b55ce999-41c5-41b3-a456-f5bfd213d580,Bin-H31,BIH31,bed55995-1bcf-4277-8d33-69d076b3a88a
8e73fbb7-0c16-49d1-be43-85ce8b061b97,Aisle-R57,AIR57,92b2607e-c287-4b7f-a3ef-ea32b6294cc6
68e09213-f3ce-4a82-8fa4-f52bc6a747e8,Bin-P14,BIP14,53a88b1d-2d72-4c17-8ae2-5e12f90c9056
ced6599d-689e-465a-b043-9f4b275f1ea7,Section-L77,SEL77,36758489-02f4-4556-a98c-89cb33296c9b
46e5982b-f803-458d-84d2-fbf2724937a3,Bay-P21,BAP21,12bbb634-ce99-439d-82fb-358c2af325d4
7aac147e-77be-4619-9145-a29bed2170f6,Unit-V40,UNV40,6659f782-1431-48a8-93ea-8627c88ee54a
e734b7d0-14c7-43ae-a60e-e52311a5d35f,Bay-N36,BAN36,869e5cf2-c144-4457-b8e8-ff7993b3b58c
b01ce41f-7c7e-47a7-9b47-af91f6550254,Zone-B59,ZOB59,eada2e1a-e044-4657-abdc-7357338f1187
0890101c-e88f-4733-a029-c9d6af888f2b,Unit-H14,UNH14,853e7de6-ba9c-461f-b9b8-96d5c242d701
8de5fd26-00bc-481c-8ce9-a688a3e82e78,Shelf-R46,SHR46,4b3d964d-f9ed-4885-aeea-e23b5527e1c4
4ff81c11-aaba-4a19-9e1e-db4443307087,Unit-R07,UNR07,eaffb795-d650-4894-9806-3226fdf313af
c887f33b-97f6-4cb0-a534-7b098e37abff,Row-K52,ROK52,170f9449-a15f-42f6-93af-b4f15a473768
e2d08e3d-c2e9-43b5-a620-c980a5bfcba8,Zone-Y04,ZOY04,40126f53-8532-4e47-a932-ccc8c825135b
6a62ec59-5c75-458c-92ab-6c6713e428cb,Unit-D84,UND84,b6f21cd8-97a5-4c1f-b122-7d1a162283e7
ee36fab2-1e91-4dc0-801a-01a88c1dd186,Zone-Q02,ZOQ02,9d747d49-e854-447c-8c34-84626189fc7f
746c8f15-e085-4734-ab38-25dc537187f5,Rack-R83,RAR83,615fc640-3b12-4089-a6a6-b27f4853dab3
55e783a0-40db-4b20-908a-0052ed735847,Block-P77,BLP77,f25c4962-ce6c-469e-9511-b1146a8f4920
979c91d9-a519-4d95-a948-b1dbf42858cd,Bay-I64,BAI64,8b58d50e-7eb3-4bf5-8f06-cc3f54eb2b67
191e39bb-c72e-44a4-a765-e56f8cf09b05,Shelf-S28,SHS28,fbd5bc0b-3f72-449c-9e76-bcc45b3d0aaa
d5a61aa4-c985-4a79-8b5b-9783922a8d0e,Unit-Z99,UNZ99,bff42796-1ce7-4c98-a9c7-98f1ba0bcabf
eb0f56fb-6f08-4849-9fa9-c4154e3ebec6,Block-M25,BLM25,e84ba9ff-b256-4687-8622-aa23628dae60
e54b2d69-2d3d-4cb1-ad01-58eac4a000b6,Bay-M98,BAM98,5e7e7099-c327-48d8-84d6-125679a6ffef
94753a9c-1202-479b-bb8a-c428d1f876e6,Section-H30,SEH30,4aa5495b-c7cd-40a0-bf3c-d6d057b2b2da
0fcf1b41-732c-4ada-958e-603736de4b21,Row-O36,ROO36,1a478455-b0c1-4e88-890f-1dcbb7272162
5cacd6ed-6a68-47c5-8c9c-51e7c755c692,Block-H26,BLH26,ae5f3496-dabd-4cb6-9d0a-1f659c9b7de3
4f5ba37a-9bf3-4d8e-a789-92fbc09a426b,Bin-E20,BIE20,c7ed42d3-a66d-4e70-b0e5-a9dbe3178885
e69aaef1-e11a-4e97-9d9a-de982ae89f79,Aisle-Q15,AIQ15,8a2cb361-48f7-4a6a-908d-225f9c6013f3
881fe7ce-0b10-440a-aa34-38830b21ce26,Zone-A24,ZOA24,6e03c556-dc57-4b3c-b585-0023cd683b51
e395e18d-3130-44b3-beec-51da4e315c2e,Row-J27,ROJ27,17d8b63c-fa08-436e-8787-2a327c40c52e
e71f18b4-d018-436a-849e-7a612e593b1a,Row-H37,ROH37,ced3bd3b-b4b9-471d-a91b-fe3904a4a6da
381c2c60-aee0-41be-988d-9a4d7600b6cc,Rack-K22,RAK22,dc72f7ab-5820-4cfe-aac7-8208a88f37d8
a7f6739e-1f67-4216-8534-086c97ef6b2f,Bin-J02,BIJ02,8dff4028-88d8-426c-a876-898294dec281
27c5a3f8-8148-4aad-9772-134040540dc3,Rack-I61,RAI61,11f824a2-b2cf-41b6-88d3-4aadf433c1e3
37212d96-c72e-4719-b91c-2153b6207df3,Block-A80,BLA80,a611e7aa-54ed-45a2-a08d-674f64c697df
daf2d20e-ed16-44d3-9be4-36cc39c640df,Bin-N21,BIN21,9420bfbf-aac2-422f-8a4b-9d6166c82d10
ee228249-4da4-42cd-83ae-41c3c393bae9,Shelf-I46,SHI46,08544123-57a6-46a9-8da2-26cdad4cf595
c6cd9923-edf7-4ee7-9907-aed199bbc3bf,Row-O31,ROO31,213e46f5-f18f-451f-a5b3-041c22cd075a
96841a40-7aa9-4361-a22e-3e2e96b812de,Block-A74,BLA74,f0b176b6-3ed5-4c45-9bd5-4939c45533c0
5f502ec2-6ca5-4d16-b309-115d7c017ad7,Zone-S15,ZOS15,43d153d4-e7a0-4301-9499-72a935dc9c6a
9d862d17-732c-4265-ae34-3b8e5bbe5e77,Unit-C57,UNC57,62b71fa5-7317-4d0a-8156-279fccffd204
fdd827af-ed79-498d-8f19-8d7f61f7d5cc,Row-X30,ROX30,3d075c81-2fcf-4ccf-b76f-a3999bd5d74f
742db649-7bee-4f65-bf74-2525739429e1,Block-L27,BLL27,0dcf74d4-4059-4db5-b743-3f1783514b50
61f1085d-0f8d-4797-a204-29c2786004ff,Unit-Q45,UNQ45,f523a2ca-7e65-4231-876b-4ebb1286a948
2df65a2c-59b9-4290-8ec8-ca3f9323c5f8,Row-Z39,ROZ39,c11ba28d-db0d-4978-aff5-2e1a31ad146d
84974358-ff2c-4f93-b00d-178243b06a46,Bin-V88,BIV88,7238d1ce-df0e-4336-92b9-b5d11ac09c99
35b26315-7aaf-4225-9752-113c6ed75384,Zone-O15,ZOO15,f214a484-b913-4122-95ef-0fc101396cf4
90f61227-2919-4ba3-8b02-32e201cdc309,Shelf-Z81,SHZ81,5bc0544c-4f99-4834-9258-7ab0e01e16bf
8e091f33-e936-4a1f-9e6c-a7285cb7a671,Bay-I34,BAI34,d779385a-5ddf-43c9-8f17-6016aed799ca
10d4b22f-46f6-4b6c-8c97-f60ab7dee986,Block-C56,BLC56,db8367ef-e7b3-440b-9d0d-97d1e0cd775e
37a679e7-e65a-48bd-aa2b-894e494ed1fa,Bin-K24,BIK24,574c2900-d831-4853-858f-bd5f1017d708
438ac0b1-002a-4863-bf62-6466961b6bc3,Row-I62,ROI62,39872fce-965d-4c58-a8a1-c00bef8a5769
36ba52ac-2533-4988-8180-8f01b31b0207,Row-I31,ROI31,1789b528-b76e-4a2c-9f1b-93bbc9efad81
71e94201-3958-410e-9ca3-1886e612e28e,Aisle-C19,AIC19,35d155f6-29a6-4e6f-8cf2-8d08ef61586c
7379c11e-da36-4544-bdea-8ca6823954f3,Unit-I66,UNI66,35f3ded5-5ddb-4053-98b2-df5e342ff4b3
c10189e8-a830-44ca-88ab-2a316c2909b3,Row-L50,ROL50,bdf2c9ec-f352-41a2-9811-05b76fb48e3e
8c8cda2e-0b8e-4d15-8a0e-df884337db57,Bin-C71,BIC71,d5d1c57c-1c2a-44ba-b42a-a48371948dca
04e697e2-896e-42b2-956c-8aed383ad328,Unit-P43,UNP43,a4f2e521-6406-4fae-8406-387badaa954f
85c3e930-09ba-430d-b194-f9dc42fadf6f,Row-S86,ROS86,19d18084-2114-4166-be3c-4af153921656
7f827af5-738f-4f92-9a2f-42b108b536ef,Section-E94,SEE94,aabb1406-8b10-4843-8d56-e821e5bcca5f
7003e833-4c5d-492d-95ce-a964eddf23e3,Bin-B82,BIB82,89307da6-8558-4b07-8ad8-fa9835fc00d1
171aad26-a4d1-4329-a6b4-3d1e07314d81,Rack-K76,RAK76,e9cc86a6-1875-4372-97e7-98e2308275c9
206eb683-597f-4d3e-b6cd-252105a0954d,Zone-J45,ZOJ45,e9556ed9-733e-49f0-9501-d550b23d9ace
1e43f80b-4f65-43f8-b7ab-d0a1fbd907a5,Row-H49,ROH49,b9ff4bec-51f9-451e-a8ae-24470902c7e4
5faa085c-9a12-4ce0-b437-16b6ceeca3a3,Unit-L37,UNL37,1597ce82-8b9e-4c84-b121-371c88479c9a
87d5dfe4-f526-45d8-a761-bd31786f5c09,Zone-X73,ZOX73,5e83d7d0-3098-45f1-96da-33beff61ec79
594abf27-686d-4461-8103-127028b6abde,Bin-H36,BIH36,72e61d11-9fcb-4f56-a806-afb102bd3da2
7bd82201-84ac-44bd-aa4f-1a82dd69a24e,Aisle-J53,AIJ53,6de5be7a-7f70-4b6d-a71b-0dbb2dd0605e
b644eeca-9ccd-4ad8-a9fe-c6c29daf1bda,Row-D18,ROD18,9bf7d599-617c-4a43-8970-ea78e6fca9ba
724ec526-e115-49fe-a867-222e528583b2,Bin-H32,BIH32,2d263d42-1d0f-48f3-a0d0-4773535b213c
413dd686-1a2d-41c7-99ca-21aa1f76d6cb,Block-K31,BLK31,5a78457c-aae7-498b-b5e5-6cb1703eba39
db715439-6d93-4678-8738-3d01865f4576,Zone-Z25,ZOZ25,4f566b10-3123-408b-ae9d-ea2a44bade5e
ee336f94-8cb9-4762-8ca4-0db4778c4e5d,Bin-P41,BIP41,92c5d56e-b581-46fb-9245-7880821917b9
874da288-2fae-45f5-a1f2-ac2bf41d40c6,Unit-A74,UNA74,0370de26-85df-4272-bf58-6a2e14ac4bbe
925bc9ce-b262-41d6-842b-b15e2ed3ce15,Aisle-Q24,AIQ24,2ddaff52-38f3-485c-aef4-71df9394bab7
db7b0359-3d67-44c5-af73-66ba3fcba300,Bin-M01,BIM01,0a42b0df-3826-4f33-bf97-553bb5549c9a
063a317a-d13a-4996-959e-1299edacc249,Row-R63,ROR63,8919372e-d0b9-4db6-89a3-8fb786aa986a
f8683200-1fa3-4e50-845b-ca19f87fa737,Row-Q84,ROQ84,96fd2046-333a-45b6-a23d-4a000b25d2e9
4d7956bc-d937-4a1f-a880-5f6d172ac68d,Aisle-Y90,AIY90,7de3c9c0-a7e9-48a9-bcdc-90d82fda307d
ee78f8fe-0fcb-4a58-9b6d-d4bb37b1fb92,Section-O55,SEO55,e97aa383-5d07-458a-be4e-42e4d9cd5a5d
b528f2e0-cbfd-450f-a91e-9a0ff9edcfbc,Rack-S61,RAS61,a4401732-2341-4276-943b-a59272802a1a
846318d3-db79-478c-894e-9a08933d102e,Section-S83,SES83,48ed732e-9872-4c38-8c11-918e9b815b10
d533d692-8170-499c-b2ef-0fd34be785bd,Section-N50,SEN50,2edf4836-f350-4442-bfe0-bc0d66f4b53f
f36d5e74-5317-4d58-8bca-21a38ed848e7,Rack-S64,RAS64,e2695af7-be2a-4011-b967-5dea6c94d4b8
fb33abeb-1e1c-4121-8d59-2f55cdbd0f94,Row-Q42,ROQ42,6d343a19-6128-47c0-a67f-79b083d96f52
654f93dc-e8a2-47fd-919f-0c6ab5bcb156,Rack-Z97,RAZ97,3c6ddc33-4cf5-4c05-8078-e6328c277424
25a47a10-e1dd-40ee-a747-25889ba85c93,Bay-I47,BAI47,32981d58-0dc4-441c-835f-152643cd78d6
0a897332-d870-4431-8ded-80192660ad74,Row-W18,ROW18,83ed193a-a0e4-4363-bfdf-70a903a9a975
7d97d2be-b153-4a97-a52f-5f1b806c5905,Block-F79,BLF79,5aca5927-e1d3-4c9f-b411-b7f6737e7e75
c24a9890-ecc5-4739-9087-77bd038cc24e,Shelf-A57,SHA57,759e0beb-1b43-4f6f-ab8d-c0718d2080b5
9327d2b6-e99e-4e2b-ba35-a565b5e6295b,Aisle-W19,AIW19,408a483c-3a3e-4dc2-80b8-c4b8586da56b
66662933-9607-4c06-bfbc-77711dd5a0f7,Zone-E58,ZOE58,5ddbae8e-f37e-4ec3-8d3e-3fc05739349f
1dd52829-e6d2-4e2a-8514-149e94f5474b,Aisle-L38,AIL38,bb426af4-e4b2-45a5-90eb-1e79304244e0
f6d60a4d-5bb4-4ecc-a2b7-7e20229ed30a,Section-A43,SEA43,346f1689-e50f-4910-aa44-76bab19e21a2
48991cb8-1c66-4948-a8bd-b42eaa2c43b0,Shelf-X45,SHX45,b996c173-ad62-486c-86f2-c534bfabdfd0
6509bb9e-a3e7-4f2a-bc3a-c62a592d62f9,Row-D09,ROD09,6dcdaa06-ac07-404a-8ec0-6eac5c15aed6
d01e4800-659c-4a8e-bc08-50acf336bed2,Row-K27,ROK27,cc0c968c-0b31-4789-bf53-0be91482638c
7e8eb5d2-a08e-4899-bee9-04581799ab68,Unit-Y93,UNY93,fe92904b-fcdd-4923-856f-ce2abe953928
b566ae8b-b0b5-49c6-8366-9c637ce99e2c,Aisle-I82,AII82,33806fc4-d6ae-4fc2-8de1-4aec3e9259c3
4ea201a1-6876-4f99-8dc9-66c8408e4c4d,Unit-C92,UNC92,f4097b3f-aa14-4522-9e64-07e1a173086b
2e88aba6-e42f-416c-83c5-40169d7f647b,Unit-O86,UNO86,e93ea889-8a08-4acb-8440-4f658d5922d4
7fb56bfc-b10e-469f-8a06-bf1d1d7e53fe,Unit-V65,UNV65,14ecf321-3295-4c38-aad0-a1c79fb6a826
f0858b85-b79b-4362-b694-f5ab96df0f0a,Rack-P43,RAP43,7b176ac4-936c-491f-beba-7a215e115f73
6a3fec4d-8687-4813-bdf4-d267a8dd310e,Section-W71,SEW71,870cc78a-5249-4065-9ab9-f5ad806775fa
5f01b7dc-2e79-46bd-a09b-d933e94ef3f9,Zone-G95,ZOG95,e47f6dc1-7ec8-44eb-a4c3-fdb9f6e957ac
4e98b753-5dfd-4e95-8c50-6cc61b43258a,Zone-T81,ZOT81,80d13cf6-c291-492a-bd3e-204c87813707
c4616d9d-ff44-4ac5-818b-636f76187a94,Aisle-N67,AIN67,4540b796-4a59-41d9-847a-20542f10f1b1
0bbb3a41-d403-427b-8a17-a57070bf3e91,Bin-L05,BIL05,fadebc6c-06e2-4d05-8050-d6018ccbd7fe
8f82fa1a-4857-49ba-88ca-cf2802643ef4,Rack-L11,RAL11,08f95ca6-cf66-488a-8997-0c21bf9c4820
ab760a8c-d98f-40e2-9326-ceeb26796c82,Rack-N78,RAN78,9385b7a9-1945-4f13-ba1a-aa21a9c79086
22eb2c96-d82b-46b2-a891-435c8412c8ba,Row-F09,ROF09,cf4086c3-839d-4e1e-a253-54f559af94ce
190d8a40-671e-4451-81bf-4e6e1bca337d,Unit-D41,UND41,dcd5c94b-fa2e-4672-b66b-e6d134895e65
5ae59def-e8be-4abe-bb57-916f24703b01,Unit-H71,UNH71,5810cc5f-3807-4463-9edd-afd2d6633f2b
77c8459d-2ada-440c-957e-07d5978797c1,Rack-F62,RAF62,9e4dc716-ac0a-4cd9-9905-8005d94b5d6b
fd5cee8f-e124-4a29-b167-acfaba97e736,Zone-H58,ZOH58,0f1f9ca1-5a8c-43ff-9a87-ea3dd11f735c
fbc931c9-1ffb-4bf0-9b33-4071f1789953,Unit-Y20,UNY20,1eba987c-c287-4ccf-8405-6f7b2d0b2c1d
3a5d525f-902b-42ee-8533-0fcbbde142db,Bay-X74,BAX74,35840d02-a81c-4a9a-8504-b6f9a2f48ffd
1e2edf0a-fb29-4a35-b36f-e2fe808bbb11,Bay-C29,BAC29,72d1d200-6620-4e11-a0d9-c838dc242f53
94b5e4e4-a398-49c1-a7a2-da6210e0f19f,Shelf-P31,SHP31,733dfdac-f6e2-4007-af7c-5fa0ecbf9275
1566a856-efa5-40c3-8279-09e06b6f9087,Block-W25,BLW25,2a5d4217-6db2-4b3a-b5e4-a28e85c49665
0aad04e1-ac76-4dc5-bacd-976cfb198e0e,Rack-Q48,RAQ48,c607730d-2275-4d5e-9241-69cab645dcfc
959063ba-b9ce-448f-90c2-704ff76ea01c,Section-B53,SEB53,bc7a0982-d383-4ce0-b0db-c0d0aa9a62ec
bc00e5d9-cb32-42aa-87bf-359f5fc70816,Bay-V65,BAV65,5b120d06-fcd0-4315-8987-e7df4ab12347
a5fa7480-2f02-45e0-9d60-fed3f1f8a8b9,Block-Y98,BLY98,1c4e2c34-20e9-4274-bda7-7861a753e57a
1db4967a-2f43-4fa8-8683-397df9693c78,Shelf-N57,SHN57,afb384a2-96e5-4703-a388-ae251089ff87
6a8351ca-4116-4660-8fd6-ac87e02fb72b,Section-R51,SER51,503bf974-1e3d-4904-8195-4e7b429da7c4
fd38757f-b9c6-492b-891c-59d70c675050,Zone-V53,ZOV53,d9da75d6-a831-4040-9c2d-8bd81dd72346
88e19432-c986-4a3d-8062-d51814c245df,Block-P62,BLP62,165179a9-25ec-4f12-9bee-e2fbacb7a464
43f9f8de-31e6-403c-aeaf-6a09b43a57ac,Zone-S46,ZOS46,3f9a976b-d9d0-4776-8529-4eda5aee5c40
0374d4fa-0f30-4096-8e83-57cb35afabda,Section-X97,SEX97,051f7f88-a780-492c-90e9-120a56ae3572
3973fb1a-f6bf-4c67-b4c4-cb21a6a3193a,Bay-D01,BAD01,6cd1f231-f2b7-4a1e-b9a4-797b5858fd40
5670e8ac-8118-4c34-9e96-e6cdb4f40b26,Row-P85,ROP85,2130dd49-3fcc-44c4-9961-6831580ab9ad
22bf7aa5-62bf-4989-b8f9-2ea9d2ae75a9,Zone-A38,ZOA38,7b0e7443-c35a-45ce-a0fc-9c2835ecd257
7ef49413-1496-4a51-8780-6f4fd4a4abfb,Aisle-K89,AIK89,36f5e692-93e8-44a9-8966-86ae203b75f0
14e19bc3-490d-4fbc-b1d5-08f1f6308979,Bin-X65,BIX65,8f3f75be-09fd-4227-a014-32090a614e9a
2dd41aaf-94e1-4990-8ec8-005f57418b9a,Shelf-A81,SHA81,b3ebb405-f274-4015-9a69-48f6fffa1903
24b9e860-9801-4b53-972c-25e508ba1106,Zone-Z42,ZOZ42,0fbf7ecb-871f-49a3-87b2-0a161bc7e1b8
c8de0daf-f982-4c78-a830-cf3b246b1196,Row-E28,ROE28,6daae99c-f2b3-44fe-9927-e44503ef2ef4
b49a515e-035e-42e5-bc1f-b526e4a14ed7,Row-Q38,ROQ38,cb2ebfe1-af35-4eeb-bab4-1934418cc737
60b0e90d-2c88-474f-b76b-628790f73979,Row-U20,ROU20,449bc14d-e81d-444e-a563-0a46a680a60f
78cae416-65ac-4b42-b12e-705933b546f9,Unit-A20,UNA20,3eb913aa-99b0-4b8b-8077-2e5bb0325c48
95209627-aa25-490f-8e34-cd22461da486,Shelf-A37,SHA37,ebc5efd1-1dce-4219-8a32-eaaf318c25da
f2412cd0-f540-4271-bf69-c60f30a547f3,Zone-B60,ZOB60,3d7e05e2-3a89-4788-86ac-d5925a7092bd
456546a7-1251-4a47-858d-ab0f5b29b752,Bin-H15,BIH15,6de5be7a-7f70-4b6d-a71b-0dbb2dd0605e
2a5bd146-95b4-46c2-9c83-79101a4cbbb0,Block-A67,BLA67,175f4418-cf94-443d-81dd-d5a6136d75f5
33465fba-67db-4409-9dbe-69d0ebba66bd,Block-Y88,BLY88,45ac7cce-6e87-4450-afbc-78e49a68ff7d
6c486958-8e8a-4bfc-a51c-08a05a0f7f01,Shelf-K82,SHK82,da757c08-d284-43bb-a997-157d8b4493b6
48bc5add-b278-48f9-9f58-0a49e9108fa7,Block-N12,BLN12,c82328b0-8780-4d8d-bf25-1c580e942d47
bfb3b8c7-8889-45e3-95ce-d4af5f6b8fd4,Bay-A91,BAA91,d5cca350-2e1e-43f6-a359-446618bb1e62
9faf0976-0ae1-429f-a9ba-7c477a8c9b35,Row-V84,ROV84,e94f6c15-6a95-4135-8956-2020facb5eb4
aa46c51e-8767-44ea-823d-0ad25410d2d5,Rack-B06,RAB06,637341f0-a6d8-4f3f-a202-1244a338b0cb
0cb9f6cb-6142-4d30-9033-0d82911e59a8,Zone-R39,ZOR39,1476e0b1-164e-4808-8eaf-925e375169f1
dffa0bd2-07d7-46f6-8e5b-e89bfa29019c,Unit-S18,UNS18,a58b3d1c-3a10-46b2-acb9-fc9d1b78d359
7651b2cb-646a-4367-834d-3c5cfcd77546,Row-A52,ROA52,bc842075-d0ff-4a1b-92e1-6abd7ecf6f06
d95bace8-ebfc-4152-bda3-30b003203e3a,Bin-V05,BIV05,c7bbcc69-4145-48b3-add6-c1372c635527
18f89848-e214-48c8-a691-73468250b006,Bay-T40,BAT40,bea4f4e1-066f-4331-ac1d-eae787745b62
62d23e9f-5c22-4e45-976c-a1aa43a7f5f0,Zone-N84,ZON84,b5f54d3b-8f28-4685-961b-ce4cf4af878c
1facfd95-b2f1-4838-8c29-d9093ecc05ef,Unit-B87,UNB87,006d8b5c-ba91-453c-800c-b46919097b79
e9c2a6cd-fcf5-4058-9484-4876469da5b1,Block-G72,BLG72,e0649dd5-f749-4361-b4d4-8e213a52b4e2
6eda8bba-f8bd-4e81-a937-fc13832a19f4,Block-J63,BLJ63,d76ea557-afd0-49a3-85f6-13b7119cd8f7
22147e19-26df-4c55-b88d-c298f7bcf253,Aisle-J47,AIJ47,f79b09aa-86c4-418a-8e05-9cdd32a797ed
6b6f38f3-4312-4a30-a47b-0198a86a2588,Unit-X13,UNX13,96fd2046-333a-45b6-a23d-4a000b25d2e9
4d64fc03-2e46-40c1-be57-7d2e174f5cef,Rack-Q94,RAQ94,8d3f9f8d-c196-4114-8293-e61c6b28fc66
06e0c107-20b2-4a7e-97d8-df4e7be7095c,Section-L09,SEL09,aae9a3b0-59b4-4758-a9af-897fcf9ab528
11d30886-8fed-420e-b643-9b3d5e60c302,Aisle-I35,AII35,aff60714-3e25-4e8c-85ca-123510f6286e
94a586b0-aa54-4ffa-b7b7-196686ed86ec,Block-W32,BLW32,43bb46ef-3daa-4957-bd46-590c6bf998b5
175bfab5-8739-4cac-8c27-7c4aa3f1b6f0,Rack-Y06,RAY06,e241d50b-9aab-4957-a42e-8307d06b39c8
c37d8bc7-c565-470a-848b-26aa661804d0,Bay-L28,BAL28,98f8b5b0-b867-4f7d-9cbf-327a3a6540ad
b6e9a58a-e2d2-4b2b-ba7d-27298915e047,Unit-A35,UNA35,3b38d619-b1bf-4339-8c1a-b623391c7a2f
9599a667-ad80-4832-a1b0-e939bee66949,Unit-Z95,UNZ95,71d66db8-f25a-41d7-9e02-3da6590b097e
39075fac-9cb6-4fcc-85ac-0e3d61282a46,Row-U22,ROU22,45f1d6cf-40cc-4a56-959c-bcd1e0945ed6
3c5929e6-f7d3-4806-9e0a-bbd00c292207,Shelf-J02,SHJ02,7affb067-fb8c-4e56-b612-a9b6379f1582
460158d8-fd1a-4920-a9a7-ac4236fec2dd,Block-D95,BLD95,ecb9b2a6-3880-423f-8196-20aa782c9fb8
0e99745a-ea96-4aec-a3a6-403b60209338,Rack-S75,RAS75,d9e60e97-386e-4990-8b92-1b3da07004cb
a26d0969-39e4-419b-a9a2-39ea22b320d0,Row-G10,ROG10,bb716acd-eaf8-468e-a94a-5be963e4f87e
74f8e7f4-fa91-474f-a31d-7ad9167d0a49,Rack-S65,RAS65,c408a1fe-a5cf-4529-9c32-cd4c3d26039b
bc264054-8a45-423a-9cf5-b61fa7d59deb,Block-N69,BLN69,b87ddf50-f6c8-4ebd-953b-ce1e671a6289
df64ce08-782f-4e73-811f-cb1b8e3e4832,Shelf-H03,SHH03,99f39352-9b39-4b0a-ad33-f94ebacefcd1
4c73fb0e-816a-4642-a38f-fd3a00c313a9,Unit-J49,UNJ49,9285d1f3-c547-40f8-b95c-aa6789c1ce0f
9cd889b7-1e5d-43ab-a3dc-94f1416efa74,Shelf-V24,SHV24,ed859c6f-df73-4013-8a67-6faa6334279c
db98ce32-f0f1-4275-a069-eda6b678b1c0,Shelf-L07,SHL07,2978367f-4afa-4a99-bbf3-8144e376c5fe
ad9ba2a5-5c8b-42dc-a131-e8bf69b4a6e2,Block-I42,BLI42,ff8ad28c-d8ca-4838-a40f-18bbb65c5160
f1e4cbe9-525c-4e61-b626-eb70bfdf0766,Block-M20,BLM20,90b69905-a6d9-4754-8605-732074868fc8
31782ecc-f05c-4f1d-99b9-955048ff3999,Row-H15,ROH15,9dfa7dad-9ca5-4750-96ca-8b1510a7286e
24010f77-7154-47b4-8897-8e4b9a08367f,Zone-H54,ZOH54,be9f9d21-d9d0-4f8b-9dfa-2d985061d32b
0444dbe7-8d7d-44d2-9d48-c6a7bb14c91a,Aisle-O52,AIO52,e35bc821-290d-47e5-8da9-b8331c115734
5fcc526d-3723-4da8-a61f-eb2167ea996c,Unit-O51,UNO51,e79e7135-7b8d-43c8-95ea-610271a53601
eb865283-f6a4-42ad-9452-07a61522dfc0,Aisle-Z97,AIZ97,5a168462-4387-4fa8-909e-da33ec23ab72
b983728e-b980-407b-86b4-6561f9d8645f,Zone-P96,ZOP96,fe92904b-fcdd-4923-856f-ce2abe953928
46a47607-645b-4f54-98ca-91139372d25b,Bay-P36,BAP36,2d8c540c-616d-48c5-aa7a-b3d7464d377a
1ae75298-2375-4544-8617-3f9bc2d17313,Rack-R08,RAR08,9be612c6-be62-4285-9e90-535a0ecb56a4
733edbd7-41be-43c9-901f-678de7000a16,Unit-T58,UNT58,29f29c06-6f07-444f-9232-5365f790f42c
a57d7602-f54f-4b2d-bfbb-dc15ef7b0fa9,Row-H84,ROH84,e748e37c-dd16-4cc6-b257-d983402ae984
dbd9736c-6d26-416f-88d2-c5543cecc7c5,Shelf-Y44,SHY44,6b5712d0-4f7e-43c7-907b-2884a320b069
db9e4322-deac-423c-8f2a-66036de73b29,Shelf-N05,SHN05,c3b819de-caf8-4235-ad46-2547fe5fc7d4
8045cd0d-5326-4c56-9d00-68ee9376932b,Aisle-M11,AIM11,9e43300c-eb26-4f87-87bc-920193e6e5c3
3cba42d0-ca1c-450c-805d-b9d0454a0e5f,Bay-O12,BAO12,2dc9e596-c75e-430d-878f-d90e0db4a211
83d6557d-8f76-4ae0-acd3-39ec3cd2d727,Zone-B34,ZOB34,7b66caad-21eb-4b59-8986-327862d9ae86
b4a2e21d-2f27-47c7-94b4-26ffa99337ff,Shelf-L24,SHL24,97baea34-adde-48ce-ab71-db125031511e
73145eda-022f-4484-b9af-957e1ea24cfc,Bay-J45,BAJ45,7dc05884-6713-42af-934a-3d60b4defbe1
ba3cfac4-6945-4def-814f-6cb43ed9937d,Aisle-T54,AIT54,97d5bce4-926d-4f95-8e39-6094e1233809
d921035d-c5bf-48d7-8d3c-6d699ebb11b1,Bay-X48,BAX48,fe208515-6c25-4552-a885-8efe0738b1d3
e460d176-3d65-4083-9330-5233088ae482,Shelf-V87,SHV87,51b6e27b-f011-4845-96cc-71f8bb8f4b8e
9842aaeb-aef0-45ee-b415-f1001a211aaa,Shelf-H94,SHH94,b6857180-c333-49e4-87d0-2115b90411fe
e145710b-7c04-4e49-8b90-ece27a071689,Unit-B33,UNB33,920f0ecf-8f2b-4760-b4a1-69824da5c8f1
71072a7f-96bd-4772-9952-eee25483f4bf,Unit-P55,UNP55,f048897b-44bd-4427-b99e-7becae5af86a
379209fd-13bd-4c72-9b19-72f6948d0105,Rack-T25,RAT25,579e14de-e664-4899-9ec6-17b43d87fbf7
2c03ce75-f719-4256-bbb5-e752afe6a801,Section-O32,SEO32,ea66937b-d0e7-4676-8d3c-6f51db56d5a6
21c08ebe-c6f9-4e35-9eb0-78a96fab98ee,Block-K95,BLK95,12febce8-b154-473d-a9a4-a5eedc03c85d
9af14e46-bae1-49b7-bb8b-6cc5e9d87478,Bay-F61,BAF61,1ad6cc52-2d68-49fd-8d0c-132e64e80eb7
16ce4ce9-71b7-4f76-a5d2-3388707348fd,Rack-W63,RAW63,9b68bc1d-553d-42b2-99bc-49bbd76d673b
7704aa9e-f97c-4023-ba06-8cf4e7ca6866,Shelf-J56,SHJ56,061eef74-a3e3-4e17-b38d-c7a45feaa233
1c600cc8-352e-421e-a25c-ad373a8dd546,Bay-A22,BAA22,6101a413-e09a-4d4f-b899-bd291c906d79
ef123935-3a38-4c37-8146-60613011ca69,Shelf-G46,SHG46,beee1c4b-76f0-4f7d-b4f1-d8946108df18
00b6e5a0-21a8-4db6-bf32-6158c7f9ae05,Bay-E42,BAE42,2c99a26e-f15d-4db8-b801-23a877a49317
26990ed7-9d8f-4e4e-ac15-24c8f2b300f3,Zone-M12,ZOM12,984658f4-91b9-4d2b-92b3-8dd303104480
671ba649-c3bc-4a4c-beb0-5f4f88994b52,Section-E56,SEE56,6af75976-9b63-40d0-bd61-c2599ae71082
8a742ea4-5d63-429e-8aa6-d82423141e9f,Shelf-G69,SHG69,0c392272-7131-418d-90b5-6b572fb1a273
572d5c03-545a-49c5-b67b-9d8c27e82674,Shelf-W47,SHW47,d07f1d27-a7d6-4bbf-a267-5e0db3bf67f0
4ab1855b-49b2-4547-aceb-8bbed6895186,Shelf-A74,SHA74,4e91faf1-a907-4b3c-8bed-ba50306dba5a
e6316795-94db-42d1-aa2b-61e7994da83e,Bay-E81,BAE81,813f91df-a30d-44f9-ad5d-6ee093c67ace
fe407783-caab-4eb8-8ff9-781810e119a7,Aisle-P44,AIP44,3f4ec012-ed0c-4db8-94a6-a546af689c40
b3db0c6c-67f0-4a0b-89b4-ad78a8e8e761,Zone-M70,ZOM70,4c01a2b6-ff54-4edb-8c56-24cc547e25ef
7f640da8-4d33-4d98-96c8-d87d9402ce10,Rack-Q36,RAQ36,92c8dc7d-564a-4968-a730-688b32658848
e9ee4f25-fa2e-4771-a57d-4d3d72895d7b,Aisle-W02,AIW02,8fb00a69-d105-40cd-9cdd-10c0ebc825fd
5f8336e7-0460-47bf-be25-835eb3a2c2d8,Aisle-P10,AIP10,369dd4a2-cd91-43b5-9653-d2df0d58c2cb
0658c5eb-83f9-4a97-97d1-d028bb3c552a,Block-G27,BLG27,c4cc3fd9-d066-4b69-9ddc-44f00f98eca8
6df56986-3d0c-43ff-b391-1a92f131098b,Rack-W85,RAW85,2c70f765-0725-4cc4-b4d9-f64ba8027377
7f0bf967-6fa9-4aba-8bc6-c90c1672e122,Bin-G63,BIG63,c7dcb50b-729c-4005-8e68-8bbb05941a79
5b216151-df23-4235-9a58-df3fffeb2299,Shelf-X32,SHX32,45edf00f-d873-4169-9028-ee9ebb0960a9
059a4d0e-bc53-4f0b-adcd-8aecf0787b9a,Block-P21,BLP21,2161946e-263c-429e-b65f-9fd0c244f404
467c6251-acec-4a95-95ec-8da9ce6b9d11,Section-H20,SEH20,16205ce7-c271-4edb-8934-32e9722313d0
c7ecafa8-0c26-4252-bbb0-eb193a2ba2b6,Aisle-O58,AIO58,34d3d9e8-95b2-49c3-af74-83295155a1cd
68c9ad67-ec6c-49c4-9d2a-530d16f4d991,Row-J56,ROJ56,4ecc723d-c4c3-4c4b-bd99-619d45b4be25
8e7831a9-bcf0-4fad-9de6-6b21ec225dca,Unit-Z66,UNZ66,87fdf6f7-abbd-4376-be54-109e1ad40d22
61bf078a-9a7c-4b65-8142-b70ef08dcacd,Bin-U38,BIU38,f4cdb390-aecb-4c75-b5cb-51b56f34b425
a7e63906-557a-4765-a85e-01e73aa6028c,Unit-O82,UNO82,8dc8c9ee-89fe-4e91-a016-c59f67623712
6d541d3e-35f7-48c6-9f78-fd325df97fc2,Bay-S88,BAS88,56a4f53d-041a-435f-9c65-54fc0e620010
fe6d51e8-75bf-4e45-a575-7d1e8022ec5a,Bin-J35,BIJ35,a8bd7d51-cc75-458c-99ae-a2ef34916c5b
f381d68d-4e55-4252-a619-5a303fbaff7b,Bin-G10,BIG10,6fc016fc-a867-4412-b7c2-9fa313ad0616
e713b23e-f099-4e88-b96a-f678ecc8381c,Block-P45,BLP45,5be9542f-6aef-4eed-a142-b3d7e02bbc6d
63e8fc15-c7a2-43d0-9f43-bf9630bd96d1,Aisle-X97,AIX97,30e2aaa6-e56f-4b4a-988e-5133e18726b5
69f2656d-85b5-4370-990f-c0d70717df30,Block-Q34,BLQ34,b7d83b50-e97d-4636-ad72-e52e24a19fc7
11ef430a-f573-4e34-9aad-9f62f7067f03,Rack-V43,RAV43,c3551bf2-0036-485b-b377-5742de1eafec
c395ebce-8902-457f-9638-5610187c8e6b,Block-U55,BLU55,b4bd0ee3-12f8-417e-a2a3-12ac6e9a2b2f
968a94c9-af33-4260-8aaf-b6a44921be33,Unit-G98,UNG98,8642ec44-48eb-4949-b5e1-55ac287bc857
ad26aa1a-92e0-4c4c-9a2e-3ebac0171e2c,Rack-G10,RAG10,b789ce84-6b14-4338-ab3d-9e32c51f3df6
a7056f4f-8b40-4a3e-a409-2f1ce66156e8,Shelf-W92,SHW92,d4d0bbfb-0ef2-4d67-9845-e5a71332eee1
e2d4a5a0-2220-44c2-8f1e-50b96156dfce,Shelf-P58,SHP58,74bbb69d-2987-47ba-b1a6-c0c05f748bfa
67ecd84a-cb74-4768-8962-f9740b339f61,Rack-K32,RAK32,37da4056-874c-4869-be5c-3fcd4822d438
94f41faa-c824-4700-9d89-1d8a555e5d43,Rack-G71,RAG71,92c8328b-e145-4ff8-99b2-c8c8ecf99207
1cf899c8-9687-4fe5-b722-3ca6a3bd3d02,Section-G26,SEG26,c1629455-ebd4-4dbf-8822-d24ea8d678fb
9bb4b12d-1d77-4ab6-b6b2-ca98ee057150,Zone-Z86,ZOZ86,4ef253ba-7aeb-4a19-8b93-f1278e255ddb
f4589974-4f17-4799-98a1-5d9c9ec5bc08,Unit-A14,UNA14,a6a782ea-6a83-494e-b0da-9850beb7dc1f
c81ce473-fd86-419c-a5a3-087074464a25,Block-I70,BLI70,1350fe76-c083-418e-998a-f28ae504d84a
b745b452-57f2-4959-b49e-c582ba1c74a0,Aisle-H55,AIH55,30349d44-fa9a-4dbc-a90a-6adb7726bd1e
7480a5c8-86a7-46b7-b877-e6189da95152,Unit-B16,UNB16,10815472-99d4-45fd-835e-882e86cf83f7
6450599d-e911-4544-968d-d4092bba0dbd,Section-Q68,SEQ68,915b9b3d-5366-4411-a8e9-71b0e61331bf
9ecb1777-c78a-4f3f-9cb9-ed2c16dd43a3,Section-C15,SEC15,68a5e553-1961-41af-9268-355671bc8b5b
0aa32e1c-575c-43f9-9191-0b2660ac46d0,Bay-Y86,BAY86,9284d8e8-9647-4f8f-898c-459e93c8e1a6
e308289a-2085-4616-8d71-c09ccf129c05,Bin-P70,BIP70,5f108ced-33ae-4e39-8c20-75a4d818805a
989368b6-6555-4be4-8e23-2243c9824716,Zone-P32,ZOP32,426514e9-bbce-49f2-bea4-d7d27982ee1b
7d9056fb-5c3e-471f-92c1-6adf9d1b764b,Shelf-K75,SHK75,b253047e-f147-4469-bf49-4a7a90a7253c
8c6463c4-e23b-44ab-a5ab-9bcb31296e7c,Rack-V49,RAV49,d286ec92-4afa-4935-b557-6efcc57deb55
9c3dc0e8-5194-41ca-8e8b-6924624a6923,Rack-Q54,RAQ54,4c89f230-d88d-46e1-86d6-a6f90f154541
fab8386b-170e-4cca-8c74-18681e34b289,Section-W49,SEW49,7712db1b-3238-4372-a1fb-0bd88af83585
f37ae924-712a-4c28-8072-95da6e0d6e02,Rack-J51,RAJ51,984658f4-91b9-4d2b-92b3-8dd303104480
a6272fb2-54b8-48fb-84e2-762ce4a36b58,Aisle-N84,AIN84,e1759cf8-c08a-42da-9359-55c4d6e79972
cd25792f-0865-4204-a1af-c97048171890,Aisle-J64,AIJ64,2a6f4bd3-6d7e-477a-9221-29c818afc332
f860757e-81bd-4583-a38c-a6e6492e7d6e,Bin-E19,BIE19,25188102-612a-47a6-ac90-8ff359879660
e40d0d37-5239-44a7-85e1-a0fffed3d616,Shelf-U71,SHU71,ed3c40d3-d5f2-4370-a2fc-a0d7a73eea44
1c45630d-8ac7-4d11-9482-8c75852bb655,Block-U13,BLU13,38f71892-c1a0-4f14-b02a-0e634f839d2d
382b9cb4-ec47-4cbc-bbff-bc67743e1d1a,Zone-B54,ZOB54,5bc0544c-4f99-4834-9258-7ab0e01e16bf
d5232d6d-4253-4347-95d9-46a26373bacc,Shelf-B68,SHB68,675ef705-261b-4a40-93c6-9acb86cd0e2c
8ab66013-1fdd-4f0c-a2d7-f0992b2d033c,Rack-C42,RAC42,9b03ec5f-4a7c-4a6f-a1bf-366ab570b6c8
ed89c012-6ceb-44c2-a999-6296c80c65b8,Bin-S64,BIS64,226568da-5f79-4646-9aca-1601eaf817ba
a8774037-6062-4d2e-888d-a98367d39456,Block-E91,BLE91,c020b7b7-e817-49e7-acfd-0897b969fcf3
231702db-5e39-4220-9dcd-cd55738eed25,Shelf-B73,SHB73,88a177a2-8704-4772-aadf-5c9dac649792
59b60768-ca69-4212-8fba-4f93905b7268,Zone-F55,ZOF55,0ec2a3af-d926-48b7-aff2-43e6cfca992c
f6400429-6ef9-41e6-8c9f-20d0e24c39cf,Block-N48,BLN48,f051a503-5de9-4343-86d7-f0cbd5af3eaf
7ca15403-d6ef-4505-ab3e-2fa6184c460c,Unit-G54,UNG54,a911d736-1ca2-42e1-8cdb-d97504141d59
000de79b-09f1-4e92-8972-540014b4d91e,Shelf-Y51,SHY51,961c93f1-3d5e-4129-b0ff-41918481c1e6
21081f1e-5e4e-48bc-9d13-d9e876d043fa,Aisle-D38,AID38,f075532f-12fd-4b43-a107-9a789b943a3b
8bd46388-8d88-4a7a-9283-9fa079f33230,Row-H61,ROH61,af15f8c6-a9dc-462e-b983-bca35f30d321
715472af-6c67-42b8-a3bc-a4bc814ff1f7,Rack-Q88,RAQ88,8f191eed-5776-448a-84a5-5d07299d6bac
db34dd4d-d4ce-469a-985a-b2e80141cf48,Shelf-I97,SHI97,08f95ca6-cf66-488a-8997-0c21bf9c4820
c18bac01-800b-445b-9089-5e7794ac89d1,Bin-A25,BIA25,3c4ea53b-dbf9-4ca8-b8fe-a05da3e60dc5
d803edf0-de3a-4a07-8cbc-72b1bed12eeb,Bin-E04,BIE04,eb71cc46-9ae5-4076-8f02-ed647f90b31f
7a96b395-0f56-429e-9d2c-65dfa047dde4,Zone-Z95,ZOZ95,d69b0de9-9071-4ecb-9e86-9883fc340a25
747e0f47-053a-46ac-821c-84edb5ee13c8,Aisle-M06,AIM06,0e547c8a-fcdc-418b-8171-b7c2875da855
069e8ef7-2893-4251-a6bb-66f72f372d9c,Rack-U23,RAU23,8d0f5214-8f43-4c98-8cc5-31eddbecdc4a
4e4a8392-b27e-45bb-84c7-ddd709011ef1,Row-J66,ROJ66,a7bc1952-d44d-46b5-a98e-de545c769cd0
d7e0ca7d-81ce-4650-86cc-b411e703dbdf,Row-T67,ROT67,2cb57251-2b6c-43d8-96b3-6027a27fa3d8
15ed9b84-731c-4fea-9953-c0e6191c7b6e,Unit-T22,UNT22,614bf780-18d1-4361-9d42-fb0bb61be873
6445e506-14aa-487e-8228-e8c20c246d47,Section-F60,SEF60,bd834537-8b2f-4321-9299-ddc641305e5f
9aebbdc5-f0d5-4216-aab4-1cf3cd9c0669,Unit-D43,UND43,1b01f85c-6798-45ec-aa3c-c55556939852
6bbad7ef-7c79-4d5e-8864-d49b9949b6d6,Aisle-T27,AIT27,44468a9f-6dc7-470b-a03b-11915198d395
5aaf3b72-6214-4785-b6be-7a722b9d1d8b,Aisle-S59,AIS59,8077fc43-4573-41e6-850e-96aa4eac55a6
363a1af5-37da-4ae3-b5e7-e72b1ba7075e,Zone-I05,ZOI05,2a6f4bd3-6d7e-477a-9221-29c818afc332
84fd921d-8165-40d5-bc6c-a21d5c7928fe,Bay-S86,BAS86,e3bd56da-ab8b-409a-990d-36207fc03add
409082c4-d19c-42bf-aa8d-d30dc67fce02,Unit-V38,UNV38,0650078f-4862-417d-bf76-f56e4570f9c7
8afa42d1-71c2-4820-89eb-442eb0087d92,Zone-J31,ZOJ31,ef830a11-38b2-4c33-b45e-78d499487c40
35dd8f61-8a7a-42e7-8121-f56c9b175056,Unit-R52,UNR52,cac64060-6e72-4e0d-8a6f-6bda79db6dcd
8d0510dd-05f7-4053-8db7-e673a81e542d,Zone-T35,ZOT35,52192416-d4d3-4d41-b1b3-9a599d6421ce
a3c2b95c-3ad9-40fd-b975-0596b8e06caa,Unit-B08,UNB08,87de8ec3-0928-4f50-9216-9c3b3f0b7f63
95c052bd-71fa-4f80-b235-4455b654e477,Bin-F95,BIF95,82f28288-9e44-4610-b898-b8e549033222
d9ee0329-7a02-4247-9168-ed38bd2253f0,Block-G52,BLG52,d0cf5291-435b-4987-a7ec-4ef36314a6e3
f3c68f3f-f0e7-474b-b7e1-26c15e6f30c2,Bin-Q31,BIQ31,930d1450-069e-40a1-aa97-7da1f30ecb53
b23954a8-6af0-453b-9469-1da0a78e1eda,Zone-L82,ZOL82,aa332739-9ae5-4599-b22e-837ba1e26438
b9c90ed5-e263-4a55-a737-4f807cd0529d,Rack-I44,RAI44,bdaa1c19-c836-41fd-b014-2f5af35f4c02
50a11e26-4304-409e-849d-7d6bbd75fa5e,Section-R64,SER64,a288f5c7-9032-4ba5-929d-56cadb8748ca
85aec269-190a-407d-8018-a4652d6ee755,Rack-A95,RAA95,208155ea-f687-429d-8ae8-b0ab98967284
97baf967-e088-42ba-8d53-fa271b0f0fe7,Row-B79,ROB79,72a0e96c-1496-4e23-ac6f-7b8e73a93568
759eab6a-90c4-4d9c-9736-511c14d3b4b0,Rack-X25,RAX25,1ad96d3a-d186-4903-884c-ba67ba71d20f
36322eca-811a-4362-9c63-b6a5d9a3ab16,Row-Z19,ROZ19,c328ad7d-97c3-433d-8193-70eeb3e3c2ee
6bec2c0e-ef01-4907-a221-5b12d90bac65,Shelf-Z30,SHZ30,b0db52d6-bc4b-4154-b86a-bcbbfb3567dc
5068d4b6-05b6-4d94-907b-efc376b3777b,Bin-W65,BIW65,b2857e1c-150d-40f2-9330-f4cdde337225
38903811-cfdf-4b19-84ac-fd3e851246aa,Bay-G27,BAG27,47851191-fd4d-4e71-a59c-a94d47d0e459
27ae1c98-c57f-4f77-a2ff-e3d0d98d28f3,Shelf-Z97,SHZ97,4cc51216-c9d6-4b17-9f16-66a3297f0919
5812f973-c8af-470e-87d3-77307fa0ea3b,Block-S54,BLS54,accf1f5b-9fef-4aa3-b7f4-8a3efcde4b80
57ca4d1f-90f0-4b01-962a-ef59fa0ab603,Rack-D07,RAD07,32e6b125-bde8-49a3-afa7-d232a4ed1b1b
6594af86-7654-4a17-afa2-675776473236,Bay-M04,BAM04,2cf2d8a8-4846-430f-8323-d0f1d35dfa73
e57ed89f-70ef-4948-a300-e0e91f8cfe0a,Bin-V26,BIV26,c8fcd22a-29ec-4ad5-ba4a-842c137e669e
b82d2293-23af-4577-a261-0ad3bba751af,Zone-F01,ZOF01,6de0f83f-52f3-4b75-8d31-9da03957dc01
812d40b5-eba1-4ac7-a1ee-001f98ada1ac,Aisle-F50,AIF50,1a7cfa49-a133-4f82-a217-cb95b9b5fb1d
2cc274dc-4fef-4b66-b642-68e287c9a3ea,Bin-G10,BIG10,7d4ef23a-68d8-4d7b-ac05-b5bd1823b713
9cfdd14c-4e23-4c46-ad46-8ad153e4f0e3,Bay-E98,BAE98,41ec0223-948c-4659-a738-5c35b74c7896
a9c710a6-35c4-44ed-a0cc-8631008f312e,Block-H30,BLH30,7a9aec74-9c3e-485a-bf30-87f9fdb30e79
4f3b4b4d-c9b1-4cc4-bca9-512aaf1934a9,Block-D38,BLD38,e3c7bb92-a474-4542-a102-1fe3434db467
a884f689-8c8c-47f2-93b2-97dc0b44b583,Unit-E25,UNE25,b031e138-d906-447a-9024-9750bd30744e
9e21873c-86ab-440a-9a60-f35a537b7127,Rack-C61,RAC61,ae41a381-3e45-459d-b86c-1957b1a4cf34
30d1d491-9466-4af9-b0f9-ef3d6e3e9dd1,Row-D78,ROD78,2883e59e-d71f-47a9-bf32-ded552b32fab
032737ba-10fc-4e6b-8066-6b30ead54239,Bay-K60,BAK60,db865c07-e0bc-4a1e-9e92-28576d724794
7b24135d-bf8b-4b99-a33b-6a84bbd08018,Rack-K98,RAK98,bcc4a270-886f-4a6f-a9d9-8d473c569c1f
1919fe78-74d4-4a5b-9a12-9c4d71f49ff3,Bin-V82,BIV82,83cb7e0f-349f-4037-9cf9-c79045fdfd77
89ec9322-0cbc-4201-a2b5-3c61c9e3f6f3,Zone-A71,ZOA71,364fc3f5-39c0-4d4f-ae9e-9b360da0a3ab
ec94ab36-0ab2-4a7e-80f0-243adf3e0a48,Bin-W02,BIW02,84a55560-f4f1-4a64-b3cf-5c302fcb4bf4
e1b43ead-1f7c-4bf7-9449-797fe9ae4976,Zone-N99,ZON99,6713ffcd-6bf4-4c80-98f4-d60a0ca1ce39
660f4417-fa99-4696-a9fb-0d8f8afa130b,Section-U46,SEU46,d018b5c6-477e-47a4-9943-214e1d1d973f
e9db98c5-f39b-46e2-a266-f70be02dd2e6,Block-H47,BLH47,d7d0934a-6fbe-44c9-9c7a-87dda0abb0ba
f993d89a-f170-4561-91c4-1bf56377f655,Zone-C61,ZOC61,a0ab7421-4c2a-4198-9eb3-9d37abc0e695
d240b62e-3d4e-4610-aee8-8911a6440864,Section-L24,SEL24,9cff5898-26a9-4c92-88e9-d2c097bbebaa
d2d1320b-8f16-4660-bd07-46d27f620476,Shelf-H84,SHH84,01ba7b2d-9486-4a10-addd-dfa98a670781
28a9baea-69fa-4273-affe-e3e45267325c,Aisle-W24,AIW24,935693b1-d2ea-4482-b44f-668f6f7a74da
6a465a2c-76da-4998-87ca-fea86e40ec7d,Block-P13,BLP13,e64bd190-ea1e-4c14-8d1f-17c9be178bf4
ace63f2a-a808-4071-a452-96d1659c0bf6,Block-N42,BLN42,3bd4a5f3-e9f5-4738-af78-f1668003d828
d4224d6a-e9d5-47e5-aa74-c7fb837d53ac,Rack-F38,RAF38,9bf7af00-6844-4980-a9dc-d6e1a0cf9839
4c7d31b0-4809-4f83-9735-cf5e3fe380f5,Aisle-G47,AIG47,1ad96d3a-d186-4903-884c-ba67ba71d20f
3aed4bab-7c50-415d-8101-da022b035e4f,Row-O37,ROO37,f2ab7bf1-0724-4694-be53-e8a138d3aa9d
ac969a7a-f89e-42f2-958b-3e62e726e6f4,Bay-S06,BAS06,b61d9b5e-83a1-488c-be1d-1849a0400f5a
0dcd0fe2-2de6-4f89-97da-9f32f51e533e,Row-C64,ROC64,742dc225-93d5-48c6-8bbf-1c6a33e88ef3
8516a66b-bd5f-4b8e-831b-202796e558e3,Section-E17,SEE17,8537789b-38fe-457c-95a2-81836ee28181
d271a0bd-cc99-4969-91cd-96b2376d2c50,Bin-T64,BIT64,c3b819de-caf8-4235-ad46-2547fe5fc7d4
e3cb4c82-583a-4a67-a237-adccd9ed0ba3,Aisle-M16,AIM16,e749b9ed-883a-44bb-9e33-7c2781c2ce7b
2ce53965-193f-4024-bc75-bdccbf2165a8,Unit-O67,UNO67,25c26fd2-9060-4916-a604-e0658d2066bc
70a09dfb-89b8-429b-9c87-ebea7f55132b,Bin-Z92,BIZ92,bbd125f6-7ce2-4fa0-8222-6972222f8379
08524869-bd2f-4ffd-8115-8d520ca29457,Block-X71,BLX71,8dff4028-88d8-426c-a876-898294dec281
ca241e9a-dff2-4f0b-87f5-bdf6e8254e32,Shelf-P14,SHP14,cd17f416-a9c3-4049-8a74-204736f07308
21e7b0bd-e95c-4c04-a7e4-cb2a3f776db7,Shelf-C09,SHC09,992e9bff-d723-46de-898b-819631b57720
4d2a020d-492a-45ec-abc4-8dc8d4874601,Aisle-X34,AIX34,bfdb0255-c758-4a0d-a7e8-bba138dc9094
6b2e4827-eb03-4504-a7a2-afd786f70c6e,Aisle-J90,AIJ90,36ba50a4-229d-4c4c-bdc3-e73744809f9f
0e650cae-25e3-405a-8029-fd16f102a761,Bay-L40,BAL40,60e07b6b-f866-4933-9ab8-0e4813142d1b
4adb7074-8ea4-49ca-b34c-fb67542bd2c7,Row-G10,ROG10,6b71f895-c7cf-4922-b4fa-47f83936ef15
01315395-4f84-442a-b5da-accdca87c385,Row-C95,ROC95,5acc9f15-ce30-41b6-97dd-a5bdcf3e07e0
511e4c65-3f9a-49b6-b722-6edb2b69664e,Bay-C74,BAC74,d6d19efa-78cb-4cee-bf2a-ab54dbd5400a
7fa23294-02a5-4d1f-9938-951b3f9d32a8,Block-M77,BLM77,92d110e7-d20c-4d8d-99f1-0aff4df1f37f
30f0e0e8-0c94-4532-bdc0-c350889af9be,Bay-K84,BAK84,c20f440f-a3ba-44ad-9203-2a3967715cf5
677e7551-f0f2-4e7d-8336-012aec52ca72,Unit-L61,UNL61,5ed500f2-71b5-49b6-984a-fec16b3bd7de
c2d1124f-5c4c-4957-aee0-d8cef4e04f17,Section-I01,SEI01,cbb77f8c-20eb-4ad7-ac02-36af24cbe307
0e094fab-448f-4e82-bd26-45096f3430db,Shelf-P52,SHP52,69e1a6f9-ff84-4767-ad26-39aea6d77a9e
3efa238e-bece-42fc-ac39-b754c10ae9ed,Row-A50,ROA50,0c350259-a7a1-4356-bb56-3e1cd243d246
7e4e93e9-dd84-4ba2-8fa7-f06fb2457dd8,Section-U05,SEU05,86b06b39-2654-474a-b0eb-656326c0d2f2
8cfa631e-8b54-4e97-b40d-c9923d55624c,Shelf-V17,SHV17,b9ff4bec-51f9-451e-a8ae-24470902c7e4
7cd5c0bf-fc8d-4918-9747-ae7b08db5ee4,Section-R29,SER29,3f7f2b56-8050-43bc-922b-d908eeedef6e
e19e11cb-c2db-424b-869e-980f0ae9e5f3,Unit-U84,UNU84,a9d0d6cd-121e-4efb-9fa8-735acafe9104
965a24b4-e0df-4e6d-b14e-2dc756013cdf,Row-F04,ROF04,eaef3791-fcb3-4761-aa90-ed18f2a6db4d
7c34452a-5512-483a-a0df-72942bbef6f9,Zone-P76,ZOP76,22f3374f-a777-48de-81f5-8ee79f8ba177
c6763b14-bd2b-4116-8317-4a78d911f71e,Zone-N34,ZON34,2335027c-6878-4a7a-817f-dcb420bae2bb
a4a1aee4-928c-454b-b13e-68f002ea637e,Rack-C73,RAC73,e9556ed9-733e-49f0-9501-d550b23d9ace
2ce01125-69e7-40d7-8e01-113794133836,Zone-J17,ZOJ17,c0df3ef6-73d6-4c41-b85b-606e4441869b
af592d4f-80eb-4b72-a05e-43449fc96cf5,Rack-W57,RAW57,1ffb1116-0498-428b-9ad9-c9c34f92c27f
ceeb6273-642a-4fb3-a1a3-802b66b87277,Aisle-J10,AIJ10,d3570acb-4bde-4c3d-abc3-8019f4b288e8
a4d3b912-1974-4b92-8256-edd38d40c6c8,Block-I27,BLI27,3bffdd2f-dbdb-43f2-aa03-231571c9b3b5
a1341d6d-cc3a-463f-abe0-063d3f0816df,Aisle-J85,AIJ85,4b909349-c759-46e8-8803-8332cdb24225
b36bf14d-aa1e-4f28-82f3-50ad84bfb543,Shelf-I61,SHI61,a3bf6c51-88bd-4a7a-9fb3-a6f5b85d8cca
68287c25-2593-4aec-b81f-b1c926e73e82,Bay-V51,BAV51,de4eee7b-f66f-49ce-931e-4adf119a083a
9c9eb04e-e428-42f0-b877-72844c0ceb2d,Aisle-I97,AII97,44e87450-159c-4f46-b831-d49a410db80d
36539224-fe11-4077-9353-3972cc29327a,Aisle-E30,AIE30,d12023da-a574-40b5-bb04-30a112ede224
4a5dd42c-4f03-446d-a005-4da1c6fad19c,Block-J17,BLJ17,9c3e20e5-5e23-4224-8180-e2184c6ba9fd
8df07ba2-3d2f-4e35-88e2-cca0b1d94fe1,Shelf-N66,SHN66,2379273c-1ff4-4f12-a776-6e10f87d6306
d3dd6c5a-60b9-4989-b591-421686623024,Block-B29,BLB29,4396657c-26e5-4b18-bc03-4368519aca7e
3ae60453-e9c7-4b42-b213-4a0779b7b736,Bin-Z45,BIZ45,19a2e858-6c5a-4ee1-a0bc-57ccccafe6f5
b6cb2ae9-6992-49fa-a17b-ea817ce5f0a1,Zone-T20,ZOT20,b6dcdc4b-d377-4367-8b63-eb84e4a58119
831cdfd7-194d-45ea-87c3-d58b07ebc149,Bay-W55,BAW55,12ea896b-bca1-4e40-a1bc-e78a4fae6087
6cda4935-b066-4283-a731-775032d8d523,Zone-E09,ZOE09,b45dca59-5961-4839-9885-81a1a7d4c783
75c32648-cce9-4d56-8d6a-395fc6673b65,Bay-N33,BAN33,64e4c8ad-8f6e-4ebd-9ea4-374238376eab
523fb8fd-c31b-4edd-8b5c-be58e6c44903,Section-Y30,SEY30,2990aa7a-0eb2-4e3f-831c-4f987001ed0d
927bc261-5178-4a73-b22d-afb454638cbe,Block-Y35,BLY35,447778d0-682a-4865-9ca8-78dc23399b4a
5e675a1a-5e64-42e1-9558-ecc8bc8ef166,Zone-A56,ZOA56,b551659c-3738-49d9-b03a-5b578e3c2867
a01be045-acb7-4985-ad3f-d1fc103bd7d5,Zone-U37,ZOU37,378afcbd-dc4f-4107-ac61-ba820663f687
9b9529eb-131d-4b5c-8807-919d5ab559a6,Shelf-W28,SHW28,bb8c50aa-4e56-4e70-bc8b-1ff4ff4caa55
7b0f5cbb-59dd-4df5-919f-e2b1beb375ea,Shelf-H83,SHH83,54ba8f17-b48e-4ecd-a537-a0a216ac808b
8c53d5e9-fa44-4184-b528-1b8d2b03a50e,Block-X31,BLX31,53ff768d-ed59-4ee6-9fdf-46243a3362f4
3146d0b1-8b30-43ea-9ee7-0a2d9e5b98ff,Rack-P70,RAP70,fd6f22f5-f9ab-46c6-b24f-6f6886d93b7e
6d4d70a3-9d53-4274-bf13-9785bb307982,Rack-U62,RAU62,8d5e44bf-9591-440c-b8df-7c893f4915ff
b0fcd582-df21-4110-a495-d78099834a45,Block-S88,BLS88,c34013f1-7de6-49e6-9e3d-c219e3509848
3e123743-3dc2-456f-af4d-49f073920cb6,Row-X49,ROX49,c20f440f-a3ba-44ad-9203-2a3967715cf5
c77e59ac-f9ff-45b3-af80-8fd32d3d89ee,Shelf-R99,SHR99,5ed500f2-71b5-49b6-984a-fec16b3bd7de
d5c0e005-985d-46fb-a6ce-3af734b7ef50,Section-A36,SEA36,a94aaa12-c8d5-4d97-842f-412d4cc62d8e
da605843-6b7f-4b41-a9f9-3a7c2a5d35a5,Zone-U36,ZOU36,61415e94-2042-4ed2-b341-8cbf6d202fd4
29df2584-83d7-4405-aa8b-ceec6d94751c,Row-J64,ROJ64,0dff15d3-829b-44bd-bab6-d02601a9cae5
805311a8-e76c-49d7-9529-d097e834efb5,Section-I90,SEI90,5993270c-b02e-45db-8372-8d38fd958c17
e20fda5c-6994-4e5c-8cac-ec63e4bd7864,Zone-U84,ZOU84,0265e60b-84dc-4138-a5d4-7748d2a8d339
0090e9ec-1444-4c1e-a6c4-6fc19691793d,Row-H56,ROH56,439b03d9-cc89-4f0c-b935-6b94543b67e8
0dc2f376-8988-4720-8daa-b8ccc4f3cb2f,Row-B13,ROB13,e1441628-5344-456d-aac1-b52cd71564ac
77087888-7d77-4885-8a1b-08b5dc9b68c5,Unit-Y47,UNY47,19aba8fe-ce3c-4dad-8666-0b54b3d6dede
5340effc-461c-42a5-880a-dab35608edae,Zone-H10,ZOH10,9e7b29ce-1ea1-4c2a-bb4c-39d585a0e1b6
a20232d3-ec97-4775-ab7b-c9f78803c773,Zone-B33,ZOB33,97cc0400-7e76-4e4b-a15c-dd70713ce368
404f8418-78c8-42e6-8925-09ac42dcfe3a,Bin-G61,BIG61,606760c0-4b8a-4dad-92bd-cb8786fd85f9
2a5f8e19-f159-4eeb-8a4e-937c8799f9f4,Shelf-X15,SHX15,711a2325-da97-4033-9c4a-e1f5a6abb992
762c9e28-a648-4284-aed9-203918965669,Zone-T51,ZOT51,bc3d9e9f-1e45-4442-af67-55a75f68802c
a30a9525-d6f4-4369-a35e-c9a01e9e1579,Bin-W58,BIW58,66f12ddb-215c-4f27-b3cf-5616361923bb
8b09c475-7813-446f-9380-a563fb5cb534,Rack-X80,RAX80,87733e55-4fb2-4e8c-bda2-2d5246e40150
e81481cf-11a0-45ed-b40e-79f4916302e6,Aisle-S03,AIS03,3edfa99b-adcc-418d-8d9b-a73f58bb2c2f
76b4c4e2-97c7-41cf-a283-df53e9088f5a,Zone-B77,ZOB77,d72a4b8c-0aa2-4f92-8f6d-49da7517ac31
fdb27238-0706-4a31-a9c6-9904e3ceac35,Row-S20,ROS20,1f3b3cc2-1c9a-4c4b-ba5f-fa15de1e6256
7d60a744-a25b-40f4-8d08-07019c679093,Shelf-Q35,SHQ35,8eadf66c-e1f1-47d6-a537-9af9544dce95
5b285b79-b3bf-4091-ac82-06cf0187f406,Aisle-M51,AIM51,0246da53-7554-4709-8973-cda88ae30c9f
3a748bec-f585-4dd5-8cab-ede153bb64bd,Rack-M27,RAM27,1a428e3c-c28e-4e54-8e30-bdc4575fcdf2
2f60bee6-b0f2-47ea-a0f7-bf9d031874f8,Bin-U23,BIU23,58cc45e7-6e7c-4374-8239-238f5654df7c
1292866c-17fc-4eac-a73a-dc42e47af22f,Shelf-N82,SHN82,bfafe780-0622-4efc-b89e-cf6a578e0c64
0334e325-27bb-44d1-bfe5-ee8a21750a39,Shelf-T45,SHT45,9abc58e8-ea3a-4113-894f-85e27eeda87f
bb90713a-b734-4354-a468-dd15c74ccd46,Rack-Z89,RAZ89,5bfd42d9-3bb2-4403-ab13-94d5bbf8e35b
e1f6e78b-afda-41a7-8b9d-fa92b81864d1,Aisle-X63,AIX63,e2a7f2b7-8914-46af-87b8-05486c1bfa04
8a829fa0-9102-4657-8257-3ed956f1d983,Bin-A66,BIA66,0f55de41-ed5d-49cd-878a-1fb18578d20d
b276da73-8a46-4b83-9e91-6e99b76ca5c6,Rack-M65,RAM65,29f5a1bc-0ef4-4893-aff6-25176f7db9cc
06fe5f93-9d79-444a-bf74-df82e340a1c9,Shelf-Y16,SHY16,632ffb95-8ae5-4e81-9331-e9b525b13659
dea0ce02-4844-4002-a05f-49d8f34302d3,Shelf-O75,SHO75,01e3cb82-cfd2-40b9-bcfa-6ff820922a3e
8b6550e6-b98f-4d55-ab5f-c3982c8c7073,Bin-E71,BIE71,abc9bd8c-0595-4575-b4ec-dc696c991b56
3bbd8100-144e-4a7d-b583-6ab2ac04e9b9,Aisle-G31,AIG31,29782eca-2c6b-4c18-9520-3667a15bb067
891f9a90-fc2b-442f-8df7-11e299643ac1,Aisle-K50,AIK50,6d937d76-b205-47a9-bf10-00d28f61b4a1
28e50135-913b-4760-8da0-05fe9f8095f8,Row-E45,ROE45,0cf25a8c-20d6-4584-90a0-c20c8e23bbd5
ee86437c-941a-464d-88fd-cb9306cc60cd,Section-Q45,SEQ45,e47f6dc1-7ec8-44eb-a4c3-fdb9f6e957ac
2b9dacd8-db8f-4f5e-b36c-a43f8b6bb5b4,Shelf-N23,SHN23,cdc080ab-72ef-4435-ac65-7d1171022ade
bde5ac4e-53e8-4651-88e6-ef1b0166a0b0,Shelf-I12,SHI12,d502c315-267c-4b7c-a7d3-be40fa52cbc4
515d1f14-4045-4e5b-8b60-caf9708ab625,Bay-Z23,BAZ23,f9255efa-d4f3-4452-90f6-5576887a8143
b4b6eb9c-4ce5-4c10-99f4-ccb925060d26,Row-G19,ROG19,13683def-240e-4e2a-9c57-07fcabe831bc
44a480a1-da90-407e-80a3-c0296e94eaf6,Zone-U63,ZOU63,d5584c0f-5e64-46a5-b293-a69e9bb8aa6b
207df1fc-59d0-49bc-9173-81cb2b11f9c6,Row-I24,ROI24,f2d7fe28-2b79-4d44-b07b-3b9e9c00b424
06dd5730-d992-466d-b647-ae3119a8d29a,Bay-X20,BAX20,ea0d0fb2-686a-4e61-9e2a-2b8bf2dd5642
1f7d1f4d-4e1c-4858-abee-4b8ae3956d97,Bin-I24,BII24,b3610e0b-9e5e-410f-b7c5-dfa25550965c
e00cb9ff-7f1f-4396-a9fe-bf1b26d49340,Row-T31,ROT31,14368a7b-f91d-4269-a5ff-013bf7dc8d35
4f969b64-7aea-48b0-911a-62e0483e8168,Bay-D48,BAD48,605dde9c-182b-4e7f-a082-8beb5b44d315
a4c53d22-3dda-472b-9890-918adce22f36,Row-C80,ROC80,f7436e55-85ce-421e-8e5d-3af5fc041ab7
51b74823-538f-405e-9796-43478a62b4b4,Aisle-K07,AIK07,12cbbf52-db81-4c9c-b7fc-17b71cff0bd4
0404bc68-9eff-4769-aff8-bfc1c4c7c491,Bin-E85,BIE85,ad936d6b-bb73-4584-acb5-28c2f1f8cbcc
14ba53f2-cce2-4e7e-acc3-590d89aa9a56,Section-U01,SEU01,25b02b1d-982e-4e72-a2cf-745ae9bc5ec6
099e0f2f-9839-47cd-ae52-20e2d277b235,Zone-L89,ZOL89,e24be61a-a60d-44f1-b886-b751565c8e9a
984ab6b1-d0bd-4d77-8d01-7a9677faa9b2,Row-P78,ROP78,1ce12560-98ff-4b2d-affe-e450e31496ac
18993e32-2327-441d-b04b-59e8e25c15e5,Section-M38,SEM38,441a682d-dfa2-4c26-9b4c-2bc1b2a8cbfb
a123c50d-a2dd-4aae-901e-cfc6493e7e67,Row-G59,ROG59,757191f4-f9d6-4cdf-942a-024c55dea276
ce042346-c20c-450f-9104-651e7e55701c,Zone-O20,ZOO20,8ecb6288-e24f-4240-b4c3-1b77537a48d5
6abd2096-f5b2-4d47-b813-ce5ebd3f2520,Unit-X81,UNX81,9fda873b-db56-462b-a406-43603f377409
56cb8299-0858-4c2d-a56b-4bc2d1b74d09,Block-V10,BLV10,76761a3a-8a83-491c-b193-de179e7a0d2a
3184c669-c2dc-4302-a00b-673933c6fa84,Bin-E11,BIE11,0dcae9c3-bb43-4fc9-9bf6-797f1e6b523f
f7df2dc1-8629-464c-a24c-8feabb8e0978,Zone-D14,ZOD14,9ff32cfd-0864-42eb-8d7b-a15629192d22
f7f88446-9862-4e6e-9318-ce557d912102,Section-U27,SEU27,c2fdc3ab-ef8e-493b-9e51-eb693698c361
73d2d425-4518-4493-bd4f-9f9d06da5f88,Shelf-A61,SHA61,7a6ba43f-2fbc-423d-bbf6-b153aa045482
67e6faa0-994b-48ef-9d6d-6a16f6d6df0e,Section-L98,SEL98,cbffd0e3-0c82-4a11-a834-9820bb98fae8
f47e1cf2-85b9-4231-a560-3c93996ce1d4,Aisle-I52,AII52,86f3e7de-c309-4b46-a95c-7eee78c41934
f55f7b8b-f885-4bc3-92f2-7d7d5fc17f7a,Bay-Q37,BAQ37,e9c34e64-1ddd-4818-8ba5-fefcf57195e6
c13dacdc-ae65-40f3-a9f2-a408154bdd95,Aisle-G18,AIG18,ed76c834-366e-4928-b447-de711a65bb5f
3cc7ad2b-c9e6-47ef-85b8-12cef4560a7d,Aisle-H22,AIH22,d68d982b-0391-4664-ad83-481861bc1cf8
e12e1851-35e5-4bca-b6c4-507f010551e4,Unit-P32,UNP32,a811b670-00ed-4daf-9746-5e31a295e175
cb51c9d8-3799-448f-8a77-af23db2bca2f,Zone-W61,ZOW61,26816515-1919-42ab-8cf4-709971a70c62
d167782a-8294-40fd-a927-0e7946ab9ee7,Bin-J27,BIJ27,243c1979-be91-4948-94ea-316595471e91
143693f2-ce19-43af-9133-3c23e957ec31,Shelf-H62,SHH62,4292f048-6ab2-4667-b8d3-dfe71ca05536
482d3c55-ce04-4bd8-a06f-29dfd952283a,Unit-L72,UNL72,b3610e0b-9e5e-410f-b7c5-dfa25550965c
9a3278b7-a4ee-4ffc-82c0-82022573ee65,Unit-G62,UNG62,c62a6a19-1c62-4c31-992d-208ac3b5b0e0
2f44fcf2-7a97-4034-8176-2220c709ad23,Shelf-H15,SHH15,b81b8068-f9bd-4294-9812-4d44822870ca
aea9dcd0-871b-4cb8-bc7a-50d20707561a,Unit-F18,UNF18,8aa6b5a1-3ecd-4db1-8a8d-2cf7397c72df
32db526c-a09b-4adf-a363-f4806eb3b8d0,Rack-Q01,RAQ01,10e033d1-3d6b-4d37-bedd-9908e19c8273
d08cc2bf-e6bc-4b3c-a301-69ee8423c298,Section-O09,SEO09,fe208515-6c25-4552-a885-8efe0738b1d3
fb2ef941-994f-45b9-87b1-2aa4e997c074,Shelf-T30,SHT30,02b19201-336a-4838-8c87-c08aa7ef257f
60f61b28-fda7-4bd5-8b8f-89a53b7efb5c,Row-R39,ROR39,29985be3-dd70-4ffe-93ec-ff66a01cd3d9
531ecfcd-f6fd-4e7d-bd19-244eabfa6dca,Bin-R72,BIR72,550ff907-37a9-460f-8eba-afca4574b249
01a8a2cf-2fa2-4e25-b6dc-7d4f618975f2,Unit-A26,UNA26,28cc23d3-2651-4d23-8a2a-6e3335757bef
a0a20796-41ca-4acd-9d1c-dbe1068bdf51,Bay-U57,BAU57,e97e45d4-670a-4cad-a414-a935886c9043
2c9b6449-7800-473a-a94c-95e2196518b2,Unit-D13,UND13,408a483c-3a3e-4dc2-80b8-c4b8586da56b
bd89b30d-f3c3-4110-a018-c00fba0911ae,Section-O08,SEO08,8564423b-a5f6-404d-8fff-f3f5372554cc
1d3d5fa0-4edc-45e7-9b38-54a12792cc6c,Bin-I51,BII51,f284eef8-f52c-4446-a382-6b5751d64a83
bc38e6d4-1ab3-45b2-9cf4-f10596d4761e,Bay-L41,BAL41,4d43ef73-76b9-4398-8979-3ec8f75ec2ce
249712d9-f515-4fd8-93f4-3c2143ed091d,Rack-O63,RAO63,bfcef6fe-8700-40e6-9ebb-77dd54e5d180
c5ff24dc-1a14-4a7c-9eba-0d20aedd482a,Rack-K30,RAK30,9fd919a9-0008-47a4-abac-b7e1c3d95528
3dbad54f-e82a-4df7-afe1-59097ea7351e,Zone-U65,ZOU65,fee566be-a21a-4577-a1f6-cceffb666678
89f50c50-18e3-44bf-9b1e-18537c7b40c0,Aisle-G34,AIG34,1f9ec011-cfe9-450b-b978-dc965f55d5af
f4c39eff-7b43-4a6a-8ed2-002000a94c46,Shelf-V16,SHV16,5146664c-17c3-4658-9ab8-ef2075a5dc75
30b72206-8a04-4674-a670-e7ede9fc52fb,Rack-V72,RAV72,000d69db-656e-41ab-ba0b-e779f4c80d6a
8b297a62-1f8d-4c72-8c7f-4b4c08c4a6de,Bin-U96,BIU96,83319da5-c01f-4501-93bc-94b8441b8cbc
7eb95ba9-a8cb-4abd-8f63-de789187dda6,Unit-K08,UNK08,93c3336f-a93f-4aca-baf9-d784d71a50d6
7622f106-e83a-466c-a66c-e50d5b1bd3fd,Unit-I63,UNI63,4bd36a54-a6f5-4015-912c-0ff968436f09
3c43178d-d8ef-4496-9f8a-e3f9823db3ff,Bin-R98,BIR98,b9609e58-bf53-4181-8c2a-c22e7c41e69d
e972c5ae-3f60-441d-9923-ff6aeb9ae5fb,Zone-Q63,ZOQ63,efe1d757-b026-4db4-a5c9-a082ae9e43d6
2c29c4d7-f1a5-4d00-a041-a73aebc53468,Section-O09,SEO09,0cb12642-8178-4088-95c1-b69590e937e2
3f308441-2a33-46af-ab7f-bd324506fcd3,Block-Y38,BLY38,7a2cd667-20d4-4ebe-ad82-3233cd71d5df
995f51f6-6684-4d1d-bf53-1080134d1da5,Zone-Z31,ZOZ31,8144cdd7-f80f-40c4-94b0-8efc5de9917f
d19a71bc-5260-4d94-9740-4392f170a140,Rack-O99,RAO99,1309b651-f800-4c68-a145-78a2370ac931
9d416d95-5418-47d4-ad4c-d6804858e98f,Block-N54,BLN54,a8fe3272-2485-4ed9-8fc8-bfa421262476
5c84cc4f-c7d2-420d-b383-c1a464a0b142,Rack-U85,RAU85,9458bc9b-b798-4544-9c16-9f991a847e8b
c2426494-d177-49df-8e95-050eaaff0229,Section-Y30,SEY30,d1324314-e85d-4272-8d17-a6d62b7b91d2
b7f71236-1616-4942-aa5a-4348a38e5e02,Shelf-S09,SHS09,c8fcd22a-29ec-4ad5-ba4a-842c137e669e
f163b95b-95e3-455d-98db-6505281c0523,Shelf-D76,SHD76,5f06b66e-7bfb-4662-bb58-0d42597d09db
22a8c219-6d77-4a32-82a5-af3003e51b34,Zone-X29,ZOX29,e45ca536-e74d-4f68-ab4d-b62ee7d56654
df39d6db-7fb6-4812-855e-78b9ee9e629f,Bin-H63,BIH63,091ee9b8-3ddb-4660-ad2d-ce1995674734
22ec640b-3c01-454b-8bab-aeaaaea0f9bc,Shelf-G33,SHG33,1235ce7f-010d-41f1-9986-e8bf962ac40d
0ea14ebf-96a1-4444-ae0d-614851e86f28,Section-P64,SEP64,1159d596-7131-4537-b82f-e2681b5d02c2
f4d617bc-232f-43d7-a670-df43b12808c9,Row-A28,ROA28,3ce2121a-3bdd-41a4-aa4a-e20fece952f6
c9c486a4-2961-4e8c-b54d-6063c248f4e4,Bin-U84,BIU84,17c603d3-7c88-46c6-be95-d1aed4f75e46
95d6c96c-4aac-4ba9-9c2f-34127340c720,Rack-N13,RAN13,0c5fcd4e-895b-473a-b3a5-7d6a6d089ee5
2d450aac-f8e4-4811-9317-08a74b735a08,Bin-E07,BIE07,7d001fa2-f30e-4d50-a230-2b7416a5bb6a
c9e5ddfb-809d-4d24-a482-5cc72ce99000,Bay-L67,BAL67,d3b18af3-c00d-4d0c-8375-8a6dd80021bb
647cd60e-4e7a-4fa1-9829-18c475c66e3e,Rack-P19,RAP19,a42c9a0e-9043-44d1-9de9-9b2c6fc007f8
6af788b5-2a74-4025-a075-3adda6d0d441,Block-F35,BLF35,67fea0a6-272c-4741-9946-4cc40d8bf6ce
9af5a24a-a135-4017-8a23-66189ee024e8,Bay-E39,BAE39,61d81803-6012-4143-94f4-ce15bf251e4b
8fea165f-3e47-4fe7-b936-3f71db831645,Unit-I62,UNI62,f271a49d-7f2d-4a9e-8395-112843818cda
ab6fef4c-abd3-45de-8bb0-e8dc1f2867b0,Aisle-L42,AIL42,afc3193f-0840-4859-87cc-61a4627c790d
3a144465-269d-4d87-b57c-ec1b5ebf989d,Block-K18,BLK18,c30279c3-b3a5-453d-80bf-76533fa28bc4
e46f80e4-4060-490b-b2cb-a6539ed42cb1,Bin-A43,BIA43,568ea7b5-7d81-4ecb-a5e7-7ed1a9c24463
e7c4892b-9a5e-44ca-a43d-5823332b430d,Block-Z57,BLZ57,c4c4520c-ac28-4599-8d50-3ac8c5d1d75d
a979c2c1-8955-43cf-a415-a29170141a21,Aisle-A58,AIA58,e748e37c-dd16-4cc6-b257-d983402ae984
eeb29cf5-0800-4eea-85ee-478668049573,Rack-T45,RAT45,edb06818-bfaf-48e0-960e-95ed376a3164
293aae9c-38c1-490d-a865-ab3c06a60c9d,Unit-V78,UNV78,1789b528-b76e-4a2c-9f1b-93bbc9efad81
ade8e647-1092-4006-80ff-51ba34e953c6,Section-K90,SEK90,699772aa-3e9c-419d-ab7c-a575059422c1
0a2c7a35-798f-4b04-a016-fb23cdf940c1,Rack-R13,RAR13,7005f0db-76f8-40a2-bd96-5f0282845580
9087107e-121b-4137-9ecf-5cefe7873892,Bin-Y54,BIY54,ab03a442-27a9-4b44-95c0-e24de88fe8e0
d8f55033-548e-46a4-b199-4f52c0c055ae,Bay-I42,BAI42,f370abde-d3bb-4ef6-b57d-0b1567f6f842
100cea3a-55fb-4579-b079-a0d60a3b0faa,Zone-W58,ZOW58,62d7a29a-3613-4866-9f38-dea51ace2a97
89548bf4-7052-48c0-bd7d-96eec20ddb15,Shelf-X58,SHX58,c5c520db-61d4-47b5-b0f1-9530a6686c45
e0aacbce-29a3-4c09-94f3-6931d3ec9a41,Bay-F05,BAF05,2058dc65-db3e-4e48-b167-98f79f0d1c85
47d05ab9-d69c-4f37-ba55-a819d5b8274a,Bay-B82,BAB82,a745e576-1ee8-4af6-b92c-5d613353a193
8d1bdb87-13ba-4db1-9afd-f6def9e5f849,Shelf-L89,SHL89,0b0e5cef-71ab-42c7-bf53-22bad168d5cb
48af56e2-efa7-4926-9b0a-a8c1ea3c9888,Block-P36,BLP36,88916532-d537-4ce0-91a1-89a10b1579e3
a8fa10b3-c50e-47cb-ba47-37613bbc4455,Bin-Z23,BIZ23,92b752b6-a232-4349-9d0c-7421f2b19ce2
1f4026e7-6b92-4bbb-8384-d58c0aa52b88,Shelf-X51,SHX51,a07fb34e-00cb-4e6d-9300-40f87b06adb6
f256d9e2-e34e-4f2c-8106-e1f15d4caad0,Zone-T95,ZOT95,41884322-9591-4465-b4cc-d48ffcfa9f12
b2e99f98-cdc4-4b02-979f-d6ecdca0620c,Section-B04,SEB04,049fcfe5-7d0f-4844-91ac-e73859d27e1f
ded03731-19b2-4edb-9a17-498e7a2e009c,Section-I81,SEI81,13f4c52b-fe5c-4be2-90a9-518c2cb2f6bb
958fd410-146e-4d82-a0de-e509c18b3434,Bay-B45,BAB45,c96f05b2-1a46-439b-8a7a-ec86efa1c184
a96f2049-0daa-4725-a635-d7d98a39ec89,Rack-M81,RAM81,eab99a5a-e06a-40ce-862c-8bcc17b80846
7b753fbe-e200-41fa-8429-1ec7c6194d5a,Rack-S10,RAS10,c761d474-7dc1-4bca-ace7-a9c6d381d32e
cc849b8c-232e-42b3-90d5-bd6f9dfe9ac3,Bay-N46,BAN46,cdf4e59e-ea75-4344-96c6-fa5783b82832
4dddc28b-6161-4498-8263-e19f8ded0116,Unit-I01,UNI01,10be280e-e28c-4eed-961c-05efc8ec8b26
1238c163-4644-4b67-8ef5-6ad9a3e3ba5d,Rack-B38,RAB38,4f07144e-b8df-431e-8239-fc6257bd3ab0
7b7dcc78-2686-43d6-9a1c-efc4ca07d504,Rack-J92,RAJ92,72d8f0f9-bb48-4e05-aa95-f7574f45fd2c
40233bf3-d4cd-494a-b4ae-52c24595fd0a,Bay-L33,BAL33,72bfbba0-a0fd-4372-bfbc-00cc187a9c29
9bb3a11f-6ac6-4ff2-a700-955b571764a3,Block-Q28,BLQ28,cbd2d90a-b45a-49b9-8819-9a51f21dfc5d
39e5f700-ecab-41ec-a869-ff3162350eb0,Unit-Z57,UNZ57,b9dfea3e-4131-43b5-973a-4e8c0f1807f8
381aa07c-4e3e-4470-ac07-b57f358837ce,Aisle-L53,AIL53,f5191524-b5f3-43e1-ab93-0cc8dc124edb
fda1ce9f-f5ef-4874-b36f-f25b1d424d3b,Bay-R75,BAR75,8704c46f-89bd-4015-800b-5cb78796287d
90699c3a-9ee7-4eac-b909-a0fb6d5a39a6,Aisle-J51,AIJ51,a85bbf47-807b-46ca-9799-acd733818587
72e403ab-ccbd-4e1d-9947-0c3cc33bd473,Aisle-K57,AIK57,fc1001f6-859e-4fea-814f-69e0e5dad6dd
ea627f35-936e-4d0f-ae48-49524463e206,Rack-C25,RAC25,b7b21925-3751-4049-b68b-83f7f6844a46
7292789f-f6fc-4ccb-8a43-70715ea2b871,Rack-W61,RAW61,e3eae7bd-62c9-4eb2-a149-3b654ea61adb
c36e73ef-08e9-43c3-a280-eedb555c251a,Zone-X11,ZOX11,26856bd8-181d-4859-9920-7a93fc44e3cb
1e28c846-b22e-4d8a-b432-ebfa3a528234,Unit-D22,UND22,14d75d5a-0f4f-4296-91c9-70c38074ae7d
8a3e2001-dd55-4190-9cb6-bc97aa7cb4b8,Block-L23,BLL23,f472a786-60b1-4e79-8154-c23e2664615d
eb062558-c2c0-4bc2-a2f4-98a29ca74f7e,Rack-R87,RAR87,92eb84fd-3810-4cb3-be74-467ab8961d51
c9cc81b3-0b62-4cc4-b4f3-2f9a196ef901,Zone-S43,ZOS43,653d8920-9f19-47bf-89ad-3ff424a159db
7e221eab-bbb1-438e-8b58-5a8e6935f005,Rack-J31,RAJ31,431c5f5f-8fbb-4a5a-89e5-056c2df77ee6
f4191158-611a-4bea-b6d2-ade427102530,Zone-A57,ZOA57,615fc640-3b12-4089-a6a6-b27f4853dab3
50c4f179-818b-4c9e-ab0e-cb69fa7f89c5,Row-I10,ROI10,1476f35e-c8d7-4af5-9f94-67ffad8508bb
837afe3e-0a1f-49d0-a55a-437221f382e4,Bay-P62,BAP62,0e488981-6336-42df-95ed-2d61540ef905
14072e25-a162-4169-bda1-64205d2ce017,Section-Y13,SEY13,e0b2a4f2-9976-4c28-9159-ab090b0a4e15
85b05227-273d-4b9a-b252-b83f8e5023be,Section-Y21,SEY21,1cb2a39d-1310-4a92-8f6b-c9e18879ad3a
240e4ffa-9db4-4804-a346-824c7b6b8225,Shelf-S59,SHS59,a4401732-2341-4276-943b-a59272802a1a
135f85c3-6696-4412-abba-24548d640cae,Row-B21,ROB21,ab49ddf9-6d56-4f1a-a33d-dad22016a2c0
729a3145-33b9-499b-9138-941873d267ef,Bay-M13,BAM13,1355551a-ad87-4f5a-b7d2-41067e82e4d7
ba457c35-c3b6-4ef3-81c5-e3892e83f1b5,Unit-I38,UNI38,84936d30-6340-4649-b85a-5035c455fc29
ecac9afb-ad40-4bf2-92e8-80fc0d5e55fb,Block-S54,BLS54,d10500e2-5761-47b6-a221-1c2ee9d8f1c2
ccf5a40b-fa05-4259-a6ce-cd5f14dc4228,Zone-Y83,ZOY83,ecd4728f-de1b-4ee1-bcce-954f0837fb23
f0ab3416-3cf6-45a3-bb34-c31d47fa536e,Bin-Y24,BIY24,04206e57-7c95-4263-850e-cfc3ff2aa7c8
0ab0ab67-66fa-4226-88d7-d9dfc54b5e8a,Bay-C86,BAC86,d71edea0-1577-4a73-a5ed-0f2404ad35c7
9491277c-162a-488b-86d9-1402293b549e,Section-F66,SEF66,25cf5e89-5764-4202-b51f-977b22ac78cf
7a31bec5-a991-4fb0-84d0-91b6e142f7d5,Shelf-Z31,SHZ31,fcff4c23-cadb-49c6-8c06-9635bc860678
56b9748a-0c95-4adf-b416-afa30c950b7b,Aisle-I96,AII96,77dc9d46-4912-41ec-a89f-b5dbb94add2f
8c6d83ba-9be2-4f18-aa8a-5430914008cd,Row-W77,ROW77,ad8090af-a3fe-4100-8715-7409f08fdb3f
9794b25e-4e8d-4b92-b3a4-9e7d6378327d,Bin-O96,BIO96,b2ce68dd-cfd9-458e-b7e9-5260480dcb56
072bd1ed-e747-497d-acd0-981ebf3e8d9f,Bin-C92,BIC92,6cd96787-2b34-45e5-8b08-3d4f60b8f794
7c70ff77-54ab-412a-97a1-0f83dc35fe6a,Bay-Q74,BAQ74,6a41b163-14f1-44e9-a18f-e8c527ea56c1
432ea28c-6d1c-42ad-af99-176f5c5b04bb,Rack-A74,RAA74,a4cafce7-b1c1-4aef-b6ec-6a6fcb9cb3f3
a7f363a3-40a6-4d4c-81f9-4d215480960f,Block-K98,BLK98,d186ce1c-0aec-4249-9ccd-5902375c3d2f
1b69d4b5-fa0e-4bb5-8b38-9301d60c7d02,Bay-M31,BAM31,8660cb88-518c-4503-b21d-77420400df45
a6c2058a-e7bb-47e2-a10b-de8dd77d89c6,Aisle-U96,AIU96,9cd19690-bfdc-412c-b6c6-5be160fc58e4
7f241893-f67b-4725-97df-9d79ead1e99b,Unit-X65,UNX65,a41cfdde-f660-4b5b-bfca-4c5a7ee4c981
7b25127d-9824-4350-be94-95138860bf39,Unit-A83,UNA83,23195c41-40d4-4902-becb-ada1eab8dbc6
8029ed66-8916-4e48-9724-e49debf3e6d2,Section-P51,SEP51,26efd664-b1bf-4d27-8436-b2977fdd183e
2f12944c-9019-409b-a015-9649852d37bb,Block-Z33,BLZ33,fe1c59cf-ed59-4556-ad1c-35d30d5099a8
7e96eda3-a62c-45ed-a8d0-c13cb50b1940,Row-G58,ROG58,48d37575-1020-44c8-8946-542513450307
577264d6-e8dc-48ea-a45c-edc2e808875c,Rack-K32,RAK32,7868d2f7-d5b7-459e-8c40-2a618e2991ec
9c8d5878-7b33-42bd-b163-e6960a911bd5,Aisle-L15,AIL15,72356515-8af5-47e5-bf47-dc3b6eda97ab
248395d4-8b5c-4fc1-b3d3-ca3bc07eea60,Shelf-R59,SHR59,be331087-8a16-4a2e-96d2-f4b25fd2c559
970c725e-df17-4df9-87b7-f3756a88a2ba,Block-E69,BLE69,918c5ff1-d0e8-4624-8044-5dd1f0844095
1aa60b1b-7786-4900-b84b-1657b0e7bf75,Row-J57,ROJ57,e62728b1-0f35-4d84-936b-2ba213f6fa0b
58895e0a-d932-4438-a52b-e855924d533c,Row-N55,RON55,fbd5bc0b-3f72-449c-9e76-bcc45b3d0aaa
e37f2479-44ee-4a33-ac7a-92e32e318fce,Rack-W79,RAW79,01c5e3d7-7c19-4347-8b9e-a145f3224df3
0be02120-15ea-4874-9724-336ae3d05808,Bin-D77,BID77,77bcddf8-6947-4626-beb6-2ac968358030
1853a6f9-fea5-4aee-b0e2-b39847c39c84,Zone-F49,ZOF49,06836f63-654e-4c5f-b991-3527870a0553
d6c5892e-a21e-46fc-8538-c86a561e4f3c,Aisle-K74,AIK74,13e4bd6d-39a2-4867-a319-7df0158af589
926316ee-48f7-4313-8983-97f29ad4ce1e,Shelf-O56,SHO56,ca0520ae-a54e-47e8-a3e1-91f9d2174017
bcbda0eb-c563-4468-8a5b-86bd8867102e,Row-A68,ROA68,d0c0917c-cc9c-4af9-ad6e-018b1bca40ce
9632287c-68ca-43f2-824e-5cb0d4c39087,Block-Y58,BLY58,6d2f8892-f363-40f4-ab77-42c42bd6bc15
88f6629f-f40d-44fc-abcb-5e687281ccc2,Bin-D04,BID04,ca042471-1cc1-4fbe-a610-cd316e25e4ab
adfa15f3-4074-4aef-a56f-759cc0640038,Block-X28,BLX28,accf1f5b-9fef-4aa3-b7f4-8a3efcde4b80
3159c29f-0a04-47cf-a198-9cb199b20bc7,Block-P06,BLP06,b187a169-3536-483e-8bfa-b31b39ec2645
e98da201-1c32-4909-8794-8d08e7a404fb,Bay-Z58,BAZ58,92d161ad-d24b-4f5c-aa47-a281d8f19a52
71c65f4f-185a-40f6-9e82-41261cfee307,Row-D35,ROD35,570971d1-0f22-4752-916e-d9acfd58da6d
e596b12b-78b0-4cfd-a97a-ed8d6f5a9b56,Zone-Z58,ZOZ58,e1405ec0-c1da-4311-a9b8-866a5111c62b
afa1e3d1-ab3a-4756-8001-777375d31eaa,Rack-E47,RAE47,8097c6ce-85de-46e9-9a00-c9c85a9a6d57
aa5bbb43-bdc9-41d2-b3a9-71a58e08f919,Shelf-L48,SHL48,493f9556-26d7-4d6d-a8c7-e1f02b120dbc
674756a8-6057-425b-8b93-38246eddee31,Bay-T37,BAT37,e6fb9f3b-8385-4d89-9426-2840861786a3
aa69224c-ee95-4441-847f-a45190c5ea11,Bin-W80,BIW80,0797bbe3-ac82-4a6f-8d7e-f6670a351e40
78522a2d-46b8-47b1-9714-01a8ff100dd0,Zone-O42,ZOO42,975e1b58-99a7-46aa-92c3-fd6831daeae8
e70253e6-4655-474c-97ad-0f98df108237,Zone-M81,ZOM81,82e01a37-3f27-4859-85a6-5d55eb1e53bc
24bcd7ac-67dc-46ba-8239-d0abaf165216,Row-I35,ROI35,fd0f0b7f-d450-4c1d-ab5d-88d57c50e4f2
e03906ad-5d16-4445-b54e-7e0195e1a411,Bay-L44,BAL44,94835f0a-4d0d-455f-aa14-b60463d6d4fb
0c811140-3a50-4d74-9c35-b5d1635713bf,Row-M97,ROM97,ed3c40d3-d5f2-4370-a2fc-a0d7a73eea44
dd29d196-d162-470d-b398-0f29fb5af0df,Section-H44,SEH44,12bbb634-ce99-439d-82fb-358c2af325d4
7e08c5e5-e4af-482b-aae0-4026bc3edb3a,Aisle-A91,AIA91,b5618662-7cf9-4bb6-916a-e23dea03a9ee
b15a554c-2d31-4f6e-8e47-48a4178f14b7,Rack-S44,RAS44,beba72d6-b5b5-4e36-a314-029c83cf3030
d788878d-6319-4016-97ab-59904fb1ee37,Rack-V58,RAV58,938339f9-dcb8-4250-a5f3-d9dac9e0d61b
4da76bde-534b-43fc-ae4f-46981476485c,Row-X61,ROX61,704926bd-f7e5-433f-8b81-f0dd32e986b2
7679fbc2-4909-4dfb-87f7-9db2a52d27e3,Unit-U91,UNU91,7b0e7443-c35a-45ce-a0fc-9c2835ecd257
5384ed4c-d832-4c11-b477-6ad40903aa34,Row-M74,ROM74,561ee514-21e1-44b1-a633-b76f0ece04d5
9f40b3ab-cc54-4955-aef7-e562461a5742,Unit-R64,UNR64,6a1150e6-b042-40ac-a287-665b4bcdbdad
58d4897a-6c96-47ea-aedc-c34ca4a18f38,Unit-S35,UNS35,68c52053-3df5-4fb8-921f-0d1a3dd1005e
b87be7d9-2352-4f55-87e5-600d6565dbbb,Block-M03,BLM03,dc20e30f-0833-4737-bcd0-7241849008e1
072f38ab-fe90-47fd-b756-7ec06ff5b436,Block-N79,BLN79,f891976b-af0d-4954-bdb0-7b02d6307687
2e1ad7c8-438a-405a-a3d4-754704d3a2cb,Rack-Z82,RAZ82,532ff39b-691c-4837-b586-76da1862368c
37b0afd6-bcd8-46a3-948b-c07bd414fb7f,Row-N88,RON88,89307da6-8558-4b07-8ad8-fa9835fc00d1
ba95134d-3f6e-48ff-9488-1be2a98f63e4,Bay-R23,BAR23,c1857300-958d-4e14-968d-7664840adb6b
b1afb255-9128-495a-8df2-249d0c92fa83,Bay-G89,BAG89,893dbd5e-34cd-4e07-8234-b6124e79dc47
fdf50103-a6f4-4d84-bc04-3fa752ef1eef,Rack-B62,RAB62,25cb8776-f155-4b4d-aee5-0affe68c3dab
06b8b92a-6ee4-4972-9e08-fb5f7541a42c,Block-Z14,BLZ14,cf30f8c3-83be-4b89-912a-a2f4b05ba7a0
fc46863b-33b3-42d6-947c-e503d83dff1f,Zone-H62,ZOH62,bebb16f9-2cfc-40c6-acb6-0ecd375d44ca
ebb97f69-3e5c-4c8b-8f19-1f6dfa2bbd9c,Row-V68,ROV68,3a284353-0b35-433d-bdd4-46be3d5dd67c
a43f15fa-7186-4c30-95d2-098469c5f9cc,Aisle-I63,AII63,95c27f4e-7ed5-49d8-89ed-e8d258716afc
3fe820ec-1f17-4d08-acb7-d64cf95c5b90,Block-J73,BLJ73,b98dcb50-1d4a-4f44-8ec2-320c11ba9380
d06114b5-7f94-433b-8ce1-68c78b334c27,Bin-D50,BID50,ee4b9748-221b-43ce-9fe1-e71c5092d002
2452ac75-c294-4610-9557-8d087c6893d8,Block-S43,BLS43,5714bc1a-c9d8-47ff-8002-06d691f30c2d
888e744c-55cd-4ca2-9986-ccb88af5467a,Row-Z23,ROZ23,563f4588-7617-4f1a-bada-9ebc2b11c265
7f3fb1c4-234e-4578-805f-c42258923f09,Bin-F45,BIF45,275d030b-f8f1-4660-b89f-1d4824ead25f
c6ff9690-b4e1-49f0-b203-d53cd67e0ae1,Shelf-M78,SHM78,fbda4503-3a0b-44d4-aeb5-d5585b2c1c6c
79145c3f-7d0e-403f-9411-b31cc918977d,Zone-N79,ZON79,154b7eca-2269-4822-9630-7c5d4bb5d6cb
6a802876-b255-46a7-a719-1c60162a57f6,Unit-B62,UNB62,cba5ddac-f682-418f-8e52-826f2f76f07a
fe2313a6-345c-4698-a823-70cf8dc4fabb,Aisle-G07,AIG07,2c533b80-d369-4449-b382-bfe943543838
7c28182f-bdbc-40c6-8575-1fd6bbc086b8,Rack-A68,RAA68,9420bfbf-aac2-422f-8a4b-9d6166c82d10
d076dc13-6a20-4f0b-8cf3-7e7e6be38b14,Section-G97,SEG97,13c1cb22-ce7c-44e6-9658-c2014427b220
560639bb-ba96-45fe-bcce-efae287b03d9,Bin-A19,BIA19,64656982-4e4e-4d29-9e77-b6df9875b25b
59820b74-dcaf-4ff6-a87c-b85a92e5e65f,Row-J30,ROJ30,dec28d54-bc3e-4668-9e8a-f192faaebb9c
b070ba21-8dce-490c-b763-6c8c36fffbb3,Block-S92,BLS92,7ab48b0f-c7b6-4342-bc2a-9c24682ca7ab
3e3625c4-55ed-4f77-9588-e9f8dc956eff,Bay-T37,BAT37,4432db4d-f6f6-4975-9a5f-efa5eaa1309f
4e047ad7-8210-4154-ba94-aa422b21c1b3,Unit-A12,UNA12,d031c288-03f8-45ec-a738-cd573c351968
0179cc01-6997-48d4-b53e-11de60cb771d,Bin-U46,BIU46,d69f2a9b-6ff5-4e7f-8462-c7d9a7196247
9dbdca9a-c2be-47f8-8f42-bd44e3e8a021,Shelf-U89,SHU89,0d3a11df-be48-44c0-83e5-b21079df4dd5
ffcb3e6d-8f2b-4799-9c29-85f1502f497b,Bin-J54,BIJ54,aceb67b6-9c9b-42b3-8fca-e3b860445275
60f30b9c-59e2-42dd-89b3-09d637504425,Rack-H09,RAH09,efb09cbb-4d51-4240-9190-4cfad12d5d82
a8a3f73a-a75f-44f4-b48e-63e0e5e0db56,Unit-E71,UNE71,93fce7a0-e927-4748-8981-c332eef32eca
45759040-d93a-4a73-a7ab-c69ce09727b8,Bin-D34,BID34,cd960006-89af-4148-9c6d-5c0571a4b08b
d418861b-ef12-4805-8586-feb2da623d1d,Zone-S45,ZOS45,99474e9d-6474-4400-a6ce-f76b7595f56b
814488c8-f0f1-4995-b936-b4e8e9f00a67,Shelf-U19,SHU19,a6a782ea-6a83-494e-b0da-9850beb7dc1f
1dd596df-01ba-419c-86f4-404a411e607d,Section-H73,SEH73,8a0890f6-27eb-496a-bdd7-88dcf80a55c3
64f2cf88-a8d1-4cd0-835e-19ce21e5ebd5,Zone-T50,ZOT50,352a3a57-917c-4c89-a5a3-6f5655b7af1b
eeb7fc58-15c2-4986-9d12-899bcbedad0b,Block-U75,BLU75,9cff5898-26a9-4c92-88e9-d2c097bbebaa
c4dc5dc7-9dbb-40e7-a5bd-b69d40e7a594,Aisle-G74,AIG74,efe98668-fd60-4e57-a0c0-77f4d5dbaf5e
fc636f51-3337-4516-9a74-cda308edbc3b,Section-R87,SER87,58dc37fc-26d9-4631-9b62-cb6cf568d273
8d19efcc-a3a6-430f-85b4-c70ec908f027,Row-L87,ROL87,7a1248ad-d8a4-4def-9aff-414f65bd0451
048a1e66-6c3b-445b-bcb6-59647f372294,Aisle-Q65,AIQ65,87ef20e4-5b71-4cf8-801d-6af2719a7890
f05d5bf0-9a9b-4843-9d80-0d0163348324,Block-H61,BLH61,ce684f92-8a0f-4626-a2af-cf952e81548e
e4f690a8-c025-4683-9617-df653ca1e51b,Section-J81,SEJ81,8ed26d33-1a58-40bf-99bf-09a0da1c50a9
2b8b395d-77b7-4376-9d1e-f4db11f929a4,Zone-B95,ZOB95,a8a39d86-1e50-4eaf-b80a-0043773f5731
6119e7dc-f88e-4b73-8be0-405da2634a8e,Rack-X23,RAX23,baa8cf61-67a6-4264-8675-1aab703b4b57
64a42d87-6e26-490d-91fd-d6837bb338b6,Row-Z18,ROZ18,fd9f32d7-ce2c-4d11-bd1e-a199a1b130fb
a34ccab9-22fc-4fbc-bce6-6e88e3e46e07,Row-S27,ROS27,18fecdba-e861-4462-9f27-d876b7d0af94
e22f3214-cbc8-4e91-be04-aad597a74261,Block-F46,BLF46,c3b1acb4-105b-40ca-a736-981aea768bbe
2688c5f5-1de7-466a-af18-251228678b8f,Zone-L26,ZOL26,45eacebd-f3e8-400a-92fd-afe7476fe468
475d16ce-d1df-473f-8d12-0b7064061eb5,Block-O80,BLO80,296a89a9-6ec1-4ad8-b17e-efe9dd553527
00ad8d16-be77-480d-ba63-645690f00ecc,Aisle-I84,AII84,58cc45e7-6e7c-4374-8239-238f5654df7c
65b6345b-a009-4b19-b250-3fdef0f1442e,Unit-H89,UNH89,43ce08fe-eda5-4f15-b0f9-208722cd618d
67cb6d49-5bf5-4723-9a14-9f8e61f252c9,Aisle-M72,AIM72,ee394301-b07e-467a-8979-2f44e29e219f
5be5949b-a98c-4b1f-a96e-2d7b42a5a15b,Row-S31,ROS31,00d6237b-d5c5-432b-83e2-d3b82522036c
3510c4bf-afdb-465c-af75-62c6eb4a55de,Unit-S35,UNS35,1accd9dc-401d-41d8-aeec-9e9afaf8a7fc
205e7a20-a054-4373-be32-72a2541403c2,Shelf-Z22,SHZ22,94a72617-4880-477f-93b4-3aad495859b6
b6756273-dd37-4140-99f9-a14747ba8046,Block-O22,BLO22,b1e2990d-99d9-4632-89fb-a3b0225f77a9
9d2d6a99-fee0-4273-b2fe-063ee5a11e32,Row-P33,ROP33,8d5f8ec7-e1b6-4c9d-b409-e1c8cb77c295
c396d1b8-c350-49ef-9f6d-cad8f06f2fde,Unit-M79,UNM79,c408a1fe-a5cf-4529-9c32-cd4c3d26039b
e27e2ddf-cc7b-448c-905b-3a0440c4adb3,Rack-J03,RAJ03,2cf2d8a8-4846-430f-8323-d0f1d35dfa73
f589e6be-f6c8-4f9d-b8be-5bd41e5530a3,Block-W22,BLW22,05c21426-508b-4dc4-903b-044ef016ab75
edb14da6-412f-4914-86ac-05facd1a411f,Block-T49,BLT49,37da4056-874c-4869-be5c-3fcd4822d438
b6f9c9eb-4c60-4d7b-a106-f7f97370a5ac,Aisle-X37,AIX37,78782b41-b54c-456f-a4a8-fcd0d80e1a13
a4daa24b-04a2-4bb0-be89-5f7d8c72fc8c,Zone-P29,ZOP29,8144cdd7-f80f-40c4-94b0-8efc5de9917f
37ce97d1-58a6-498b-97da-277e4c564157,Unit-B19,UNB19,6e03c556-dc57-4b3c-b585-0023cd683b51
a42fb992-e3c7-4d56-b7a8-f915427d9cf8,Bay-A34,BAA34,493f9556-26d7-4d6d-a8c7-e1f02b120dbc
342099aa-afe2-4d51-aa8e-d1403197eaa1,Rack-O14,RAO14,3145a975-69a0-4468-81c9-ce141932b542
551208fd-1713-44c0-9886-e406c24ece4f,Shelf-E77,SHE77,6e26acce-38b9-4092-a636-3e85fec97f2e
f5a15d65-69ec-49ab-8f99-1ce1c73de318,Section-Z89,SEZ89,0e2d3f49-1171-4f4e-9ff5-b714de75e337
90673cce-946e-4509-ac54-c4fd1b369b16,Row-B24,ROB24,ec9b94db-2711-4682-a372-a0a1f076e3b1
ea27d7e7-53bd-4f57-9819-bc751986d8c4,Zone-O68,ZOO68,823cfc0c-f5f2-4289-b8c2-206d0c16a943
3db65b31-fbb6-4fe5-b8a6-ee4bda7ad6f4,Bay-T51,BAT51,38ae46fb-835c-43aa-bda5-735205185204
7e4fe0be-615d-4cdb-b3ad-10d9f2845b86,Zone-K04,ZOK04,ade0cb52-4f62-4bcf-ae39-2a617bfb1a34
f71a7f20-efeb-4689-b4bf-5d74a8edd587,Bin-G48,BIG48,fd1abf05-eef6-421a-8ecf-d4fb9d61127f
87557730-e8c0-4647-85e9-835506238f0d,Shelf-V11,SHV11,8c82d6bb-92fa-462b-a6c5-2962b8b99b34
448d33d8-02ab-487d-87a7-6aa34d8d21c1,Shelf-X42,SHX42,ac89f571-b8ad-41b5-8be0-0fd646414bdf
e38a639c-920d-4b5a-90e1-56180b94308a,Bay-L51,BAL51,000d69db-656e-41ab-ba0b-e779f4c80d6a
caac34d8-5ae7-4d71-b389-b59cee01dedb,Section-C29,SEC29,599fa51e-3e7a-4335-8443-e197e365f1f4
e247bb8e-63ad-4cb6-9a72-597fd94717e9,Rack-W06,RAW06,83daa5ff-854a-4c70-93e0-78eccea10fc0
8a499ed8-2a62-492e-8ad5-8c6cec3e963d,Row-I73,ROI73,914307be-56da-473f-9646-4aabf14c16bd
c9cbec1b-206e-49c0-9eeb-2f50877d5948,Shelf-O47,SHO47,376dacc6-c4a4-4079-af90-df5869507b44
b6903015-4698-4f13-b64c-385c7032b817,Rack-Z64,RAZ64,40c43f4c-2457-4243-a4ed-69ba5ecb20fe
9fa0eb14-fc5b-446d-a55c-6ad1fde68d11,Rack-F14,RAF14,a8c93f13-829c-4ec2-ac22-51adb6bd3a83
fc65c018-97a7-48de-bde7-58bd4b556f3e,Section-O28,SEO28,68f843ef-2523-457d-a09f-07e9b4c37023
1367193a-b59d-4de9-8d15-897e324b2aa3,Bin-P82,BIP82,e7ef45c3-e70c-4aec-a276-65f5a582df81
d577d11d-a29b-48fe-8615-18b52ed55b91,Shelf-A13,SHA13,afcf5fc0-7a2d-45d1-9635-13d411a3165f
79a9ecce-d0d0-405c-a5bb-e506fe50cbd3,Bin-F53,BIF53,817314c1-5708-4550-9d42-0aa9a4ffdd38
29f3d90e-1b06-41a1-a5d5-a8f4bfe32eaa,Shelf-Z71,SHZ71,47a246de-dfe0-4657-85b7-69f636321d35
3e4b3282-c5de-449c-a234-f7348ef038ba,Aisle-X87,AIX87,977db280-4d2a-4aef-a14f-f5c60f811b6b
384ce4d1-704a-4c04-a1aa-34f1327dcc77,Rack-A54,RAA54,2e12d199-0179-49e2-ae06-24c3bee3a186
7a09b197-007f-4229-bdb0-ccc4c7e6cb6d,Section-Q49,SEQ49,d84c365b-f4e2-43ba-8071-7815da7f02ac
44066de2-8294-4c7f-a66c-6d25d9144ab1,Bay-W76,BAW76,09a4ed8d-d4e1-463c-8c04-546106c05eed
b2af2630-244d-44dc-a41b-b35b1b40d46d,Block-B22,BLB22,4c89f230-d88d-46e1-86d6-a6f90f154541
7f8e4754-ef41-4694-91b1-aebbc13dac31,Shelf-I32,SHI32,69f73c81-21e9-4da6-aaa2-dbf157fa572d
58f08c14-d7f0-4295-8bda-00e92beadb84,Unit-X06,UNX06,d4b563df-fac8-4019-a077-2c2be9862e34
5f82d1c1-50f5-442b-b62c-3641f06a132a,Row-C09,ROC09,0af995b0-1563-4144-b6eb-6b12808a04b7
dc951452-dc88-4deb-afa5-b0b48190022d,Rack-Z05,RAZ05,66f12ddb-215c-4f27-b3cf-5616361923bb
a109ad3e-6fba-4053-8a27-02c5b5e7ef31,Zone-B11,ZOB11,33be480d-b430-4009-89bb-4b73a102584c
5171f860-af97-4ab8-ab2c-ea0844a79315,Section-C91,SEC91,25c26fd2-9060-4916-a604-e0658d2066bc
9f3d2e22-f065-4fb7-9d0f-d00145051b0b,Bin-K79,BIK79,07209076-b294-47f2-9348-b6097eb2feff
c8312d34-d527-485c-8364-6331f1a98261,Rack-E62,RAE62,c7cbb7df-f3a6-4707-9d72-d7c7874411c1
a04fe400-c892-4dda-b304-44fad747c35e,Bin-Y25,BIY25,ec6e3614-3fc0-4068-8107-ea7d719107aa
d432250b-3a20-445f-bb93-6ef12a6d71cb,Row-P78,ROP78,7d520ec6-9667-4a34-a193-740f1967352e
7eec5007-2602-4dde-84fb-8d402beb5f8b,Block-B42,BLB42,93c792ea-5381-4406-b6d6-7b5649cf7a1f
579df08f-e3e9-4718-a7f8-bca81f8d09a7,Unit-K49,UNK49,61237503-d621-4c5a-831d-60d785977d14
83ca20b4-dd8b-4dc4-a6e9-825b6b9ce6ba,Zone-P45,ZOP45,0c0bd2aa-8674-4e08-b72d-08f48afa8349
a76ea294-0e4f-408d-8e17-729bf2b1a6f6,Bay-F23,BAF23,0dbf12a7-1344-44f1-9fd2-633d0c08e878
cdd2997f-85ee-4347-a187-1a7c1982f40a,Block-I97,BLI97,976f88d4-788a-455d-9cb6-902f96b52f7b
e4b94c99-72f3-48b9-b060-c79aaa60ade7,Block-S34,BLS34,f7eafa7d-81df-40c6-825e-a43b92dfd9e8
d1684529-8d2a-47da-84c4-12aa6dc291bd,Block-Y15,BLY15,97d5bce4-926d-4f95-8e39-6094e1233809
530fd9a4-ca8c-4fde-9944-e357184eb624,Zone-I14,ZOI14,1880249f-6819-4e02-b465-982ab421dbec
12cbd5dd-8c8f-4151-b403-a03492212759,Aisle-P64,AIP64,d34102d6-1e7b-400d-8b4f-f0cb77d84aa6
c727a967-02a5-4158-b841-2584a83bf7e7,Shelf-J72,SHJ72,312caefc-ca97-4aa5-bc76-8371b57dbb65
a7454c93-f3eb-4ef2-9f44-330104bfce11,Shelf-M08,SHM08,b69d05e0-ba9a-412c-a42c-b83b9d13a4ed
70858d65-676d-43f6-9cde-d384f9b577e4,Unit-A10,UNA10,76c995cb-cd40-437c-b190-bfe5c9706269
4563bdfc-59f4-4ce4-97f9-8a0c2c562740,Row-V43,ROV43,676d39a9-7fcd-4071-b37b-5d0f40c38cb0
69751e71-d302-41aa-8a23-3144b2010107,Row-B72,ROB72,0cb12642-8178-4088-95c1-b69590e937e2
04b2d1a8-1f47-4edf-a73e-55ffc42fa1ae,Block-P95,BLP95,b3d51c0c-f301-40d2-a826-c3283a72a29a
4af95424-0fc2-41db-b4d1-f8a37d681601,Block-K06,BLK06,1b3b8022-a6e3-4ebb-8e5b-e074b1a7272d
4c39ed98-57ae-451f-b466-6ad87ac4149f,Bay-X38,BAX38,fac7ab6c-0016-4ffe-b7ab-f962ca71b492
0441c045-3304-416f-9270-afaef8072a18,Bay-I96,BAI96,26aa3455-3126-4958-99fe-58f2867db97c
72620f8f-4250-4a57-a77e-584578313a35,Bin-I99,BII99,04d348f5-382e-45f5-8640-2a5bbb2f92bb
6e479642-c0f4-476f-b886-6d9736f1a689,Block-P81,BLP81,71def394-58ca-482d-a0ae-8cdec690ac44
6f72dea4-a580-47a1-a25f-2649c24b69e5,Unit-R08,UNR08,2219555f-0092-4f79-95ca-2a13f6b0f027
d478e6c4-ba87-432a-8b33-8f4315c45641,Rack-C43,RAC43,c4539ea0-1940-4e89-a056-bfc5573770da
4a01960e-0266-4970-b576-e999a83bdb50,Section-O86,SEO86,c19ac281-3922-4e77-8567-719f35e0e733
2a5329fa-0d95-40e0-9882-aee475b0f11a,Block-Y23,BLY23,f1679397-2488-4fa5-8897-dca938834083
c1f3d573-e098-41dc-9545-8d026f9de913,Unit-I80,UNI80,dba59c50-6218-444f-8b1b-a0f7e9b544af
f71e7e2d-0ddc-4288-b334-b0db75bd6c3e,Rack-J19,RAJ19,e97e45d4-670a-4cad-a414-a935886c9043
6f269458-67eb-4765-833d-89f27038a98d,Shelf-N93,SHN93,cdf4e59e-ea75-4344-96c6-fa5783b82832
2f1c3e44-2bd0-47a2-9e26-4132c7381aca,Unit-D38,UND38,445ea62d-ddcc-4f33-b323-896dab3dc17d
0f713dbf-d445-4e02-a120-efefb9f0bef7,Rack-O49,RAO49,f5223ae8-86c8-4a9a-8fe6-31ded87784d7
66c23884-fb51-44ab-ac13-209393d18e93,Shelf-O84,SHO84,1615693b-926c-4fb0-9192-41c22764fd5d
19d5fde4-892b-4f1b-b3e6-fd1643da07f0,Rack-N69,RAN69,ca569ae1-dc43-4e9a-8de8-d4a708f17b66
71b61f66-f896-47bd-b838-9575d4673183,Bay-H55,BAH55,0c70c4cb-bb51-4f00-b16d-9bf20302e161
1b445deb-24b1-4402-b677-76e3664e87b1,Bin-P20,BIP20,eada2e1a-e044-4657-abdc-7357338f1187
939655d9-9efb-4de5-a957-8898a2a37ed4,Bin-X84,BIX84,08d5bf9f-63ad-468b-9eed-66cf65a2b32b
0afbad3a-c2c9-4e34-9255-149b4800faae,Block-N95,BLN95,d500fcea-1195-452a-9483-e05f30bb86d3
cc55e9ac-4aaa-4dad-8ee4-14dce78bb867,Rack-K33,RAK33,834ffabe-193e-4efe-a775-f34bad3964d4
28a3b87f-61e7-4753-86ca-2559cd8b9945,Row-Z11,ROZ11,8c2c85ba-13d0-4272-9f13-1322c11b3e9e
fa4d2a87-f746-489d-ba67-0c5a311eab23,Rack-A64,RAA64,14c3c3c4-0b8a-49f7-b212-951d8e6d1364
29000f30-6224-4d80-8449-c46fb8512972,Rack-C89,RAC89,1c586f09-3152-4e89-acf6-86ef23061834
e3058042-c3d2-45e8-a6a4-94de7a60b865,Zone-Y15,ZOY15,6609f785-6125-4ff9-83dd-e4fde8ffb731
692ccc91-9839-4f22-83b0-c9e76d6182a7,Rack-A58,RAA58,051d7e86-044b-4947-a568-47b158e10381
79946af8-c7ea-47d3-9084-167dde11ed72,Unit-I23,UNI23,3eac0fca-3b3e-461c-a7ce-4a3270af0c84
97a7b756-bc88-45cc-a873-9a2cca4e0861,Bay-L47,BAL47,b888eedc-a397-408f-9246-46afe2f78c88
1053ce94-a3fe-4899-a5d3-0c8e47d3b882,Block-D68,BLD68,17f63e09-4835-4999-b3be-383f90d03037
a8def99c-85ee-4e18-904c-801d8b5685bb,Row-P06,ROP06,fb044061-88d4-4882-b1e8-665b10f33b32
5c678bba-fb23-4629-8b71-350321d9facc,Block-P17,BLP17,d25f1727-f343-4448-a412-e05f36c28490
c6af9406-70b7-4930-ba28-63d919f20649,Bin-X21,BIX21,28178e4f-2823-43c3-b890-b2230a3ac291
f7c59676-62cb-4c00-819b-1f7421e44faf,Unit-Y30,UNY30,38cd6283-8f57-411e-b897-e004bee62e16
3cbe2840-3197-443f-89d5-61c3472574c4,Bin-D34,BID34,78abf825-836d-472a-a6ec-415d4fe5aaef
0e1f4a27-1007-4669-9b3b-449c4a32f4d4,Rack-U76,RAU76,bebb388d-2816-4cc9-89a6-deb585f5a3f5
c267fb05-44bf-4c66-8a14-810cad0746f4,Shelf-L21,SHL21,a8bd7d51-cc75-458c-99ae-a2ef34916c5b
7e951e95-739c-4e71-88fa-f545d278dbd2,Aisle-X47,AIX47,f3658870-26d2-45fb-8e2a-70d46dcc9188
3ed2644a-0011-4843-a31e-b92533ad40af,Unit-H26,UNH26,042c71e2-9ea9-48fb-898a-dc5d7474d3d0
4df6eb80-d497-44f6-ac79-ad6845daaea6,Row-I89,ROI89,437e885f-ed92-4b72-a92e-2874e5a4d44b
85d41e8b-22cb-4aad-9ccd-0bdae47fd9f9,Unit-V74,UNV74,3bd4a5f3-e9f5-4738-af78-f1668003d828
a75a8193-eaf5-4f35-94fa-d18bee038a06,Aisle-V99,AIV99,76ba8d61-5f64-43cd-a857-ce4045b4cec0
15f5aaaa-f9c2-4256-b533-ef4f92066812,Zone-S75,ZOS75,1085c82a-16ae-4ad0-92a7-805d6f1d264f
26d184c2-d298-4235-bc03-0b7111d429d9,Bay-W60,BAW60,9b147fa6-8f34-40be-a75b-95f1f14ee839
2b1223c8-c937-4b01-9e9a-c7ce672ffece,Bin-X69,BIX69,51810a08-ae54-4290-bf11-3dbc8f774620
5c935f2d-1c67-48ae-8fbb-64a70ad13a5a,Rack-C23,RAC23,9c538e4f-322a-4c6e-9dce-06ef7048f22e
c87bdf06-de04-4411-ba97-ba18b638c7dd,Zone-Y52,ZOY52,866bb79a-bbed-420e-8c3b-809552812365
aba768b0-e223-4939-b2bc-96c2b97925b4,Rack-R28,RAR28,d7cbce94-b159-4ba0-b80f-e97626f5f4bc
28fb0122-1c40-4df0-ba6a-0919143624fc,Shelf-X02,SHX02,777b70b2-4132-4055-ae51-638b493977e9
f35ef0d7-07ed-4e39-9c0f-2dd6c74a3d8a,Unit-B20,UNB20,705f3aa1-b357-440c-9222-156b46ab703a
2dafc826-8b10-45cc-8704-7aa880c543f2,Row-V05,ROV05,ce155971-195e-4ea1-bc22-c50535bb84b7
1ec7864d-adf5-482f-a67d-1a19591d960f,Block-U22,BLU22,1ab2fdb2-8ee4-43ca-b460-a0ee9e2d1bac
608ce084-4334-4237-8e27-fab8a6da46fb,Block-W31,BLW31,ed0036a5-6426-4273-88da-58fba070fc9f
65a5ccc6-ce05-43a8-b73b-ac4ceeb0927d,Rack-H48,RAH48,b11ad991-11a7-4aa2-b382-d3dabb20421a
33b3b3e5-3140-4e6e-b3f9-58da01cbe481,Bin-L80,BIL80,8537789b-38fe-457c-95a2-81836ee28181
e74ca65c-9a68-4090-a4de-addee02e53ba,Zone-D51,ZOD51,d7e2cb1c-fb0b-450f-804c-81af96970913
fc435784-75bc-464a-8a75-b0c26d5ec01c,Block-Y10,BLY10,c8a0cc06-2b0d-43e0-9c1b-bc335219e158
f16102eb-82bc-4f6b-a858-2542a488603c,Block-E74,BLE74,1e862f67-1352-46a1-9aee-acb972c45e07
a4ae68a1-b049-43c3-b405-6b4cd8a6b1a1,Zone-R51,ZOR51,71cfe7cf-16a7-464b-8579-aba910c4f1d4
f42bc9dd-60c9-4123-a024-77c40984d5f7,Block-B17,BLB17,930b305f-8e70-4c09-bc08-8a880d70a734
fff3cb62-f62c-4aab-b30a-5749a76909cf,Section-M66,SEM66,449bc14d-e81d-444e-a563-0a46a680a60f
e88ca7d5-8646-45cd-ad5b-e4449a8012bb,Section-E08,SEE08,01568c00-d4de-46e7-9d0c-91e5048bd42d
9b60415e-878e-4b49-be86-e472a5a422d8,Aisle-K36,AIK36,4d64d667-5c4c-4ae1-b54e-6eb58b2e6f0a
d6d0f5f2-8e2d-4d0a-add7-d44b3c8f23a8,Rack-Z71,RAZ71,f2ff0895-2798-460e-af4a-5d88385347a2
a84e89b0-cf27-4f13-a66c-a45200523521,Block-T35,BLT35,d40719ba-403f-44f7-9b6e-fa7c329e5c26
8cf7695b-b950-4df7-8df6-4f7b87571013,Bin-O72,BIO72,18ec8594-e142-4be8-ad22-46d5435c20c5
0d3a9edb-d39e-4b7f-9e2d-d202f8fc42c5,Section-U72,SEU72,d078195c-1332-4975-bf67-67fcd74d9fc9
78434d18-6626-4fab-b26f-eafa182cb8e0,Shelf-R26,SHR26,c53c285a-b8b3-4905-ad2a-72608282e5a0
8a0363b5-404c-41d1-a3ac-73190ed4a661,Shelf-Y08,SHY08,12cbbf52-db81-4c9c-b7fc-17b71cff0bd4
05a0964b-d663-45f9-b607-e0f335076d73,Rack-N50,RAN50,c4500a7b-be3b-4d52-8ceb-ce809b6ece37
55c43fd6-d30b-4674-8762-3ce0679260dc,Unit-J66,UNJ66,8ae65ec3-2125-4743-919b-3b8a3a84837b
b8293dd4-9ad5-4a0a-a663-909d44f2744e,Section-W97,SEW97,a2cb6011-1238-4cf8-b2d0-500df4f4d6a5
b58b5075-c483-4c2a-ac98-fb1f6a4fe716,Section-A97,SEA97,eed2d737-7118-4929-8f52-cf8d5679bead
36100327-c756-45fb-8715-29c7dbdd2bbe,Bay-N08,BAN08,be38f8e5-ea80-45d7-8cbf-c5ce888630b8
7c1a807d-5bd3-4651-930c-8d903ba3f720,Zone-U92,ZOU92,c9ddd3fc-87be-4abd-b071-f87688b9d62e
f364580c-9c29-480a-a95c-d383a10dfab4,Rack-W69,RAW69,4bf84255-39f7-42de-894c-4dbc481439b0
bc40ada9-9822-49f3-998f-e27ac7e811e2,Row-B50,ROB50,df0cd017-4fb8-4e8f-8321-1d9ba5d27003
07df229b-d276-4c05-baf1-24066b8066a7,Bin-V32,BIV32,4690f752-b963-4608-ae77-aeaa8ef6aba5
2c6fe23b-df07-44ad-aff5-3adcfcc61481,Zone-T01,ZOT01,59274351-8ea5-4efa-be4b-b80e26def5d5
0aa089b1-147b-41d5-9203-45ab7ee9b6c7,Bay-O79,BAO79,288072f6-9f72-49a4-84d6-d968bec5284c
b03f8bd1-58ae-4ea2-9d4e-4f5da144734d,Zone-X71,ZOX71,1e146f1d-4d25-4faf-b750-d5aed3fd05cd
73e5c44a-bb7f-41e7-adae-24b538c00fac,Rack-I61,RAI61,c3bd9159-bbc8-4b98-ae93-cc6f06f62c3a
28725f18-d04e-4a1c-9d44-768b5c444129,Aisle-P84,AIP84,11706aa6-79ba-434a-a65a-5f27752a6e05
744cc6fe-4cd5-4626-ae30-d92a62456bfb,Bin-A21,BIA21,fc1104fa-49b6-4459-bcb0-db59378bb97a
26522f18-74df-4be8-bec1-2ad70f6fad8a,Block-I48,BLI48,e19f9c7e-d419-4ff1-a90b-04f5203fd67e
46de579c-cdc9-445c-8df1-a924fa4f0d0e,Section-A88,SEA88,1401fb82-7b9f-48e0-883a-f89960b2be60
d38e9361-6674-438c-830c-f35b3f1434eb,Zone-U07,ZOU07,2f04358f-3602-42a7-9417-07c44719f484
17eaa51e-5520-4f1c-ac27-b6b66b8122b1,Bin-R42,BIR42,e44da208-bede-4185-84d8-be11f74d0fd4
a24523ec-3c48-44dd-a9e0-be14c70134b1,Zone-J62,ZOJ62,74ce5eda-8dc5-4c70-9659-78ebb6e67d28
490f0bb9-4350-47f3-82b8-894ceef59a22,Unit-Q01,UNQ01,2ccc3238-14b2-4b84-837f-5d6ceae9968e
51d4fdc6-a223-427d-a0dd-00b578f99312,Bay-F63,BAF63,a8ed1f18-9d83-4f65-bac2-792781be92cd
ee7dc91a-8149-4a35-bcdb-d9c5cd820328,Rack-M21,RAM21,3bf31aa1-e9e9-495b-bd3a-c39bbe0708b7
63bd4ca9-c961-4697-bf5a-b4838a79cbf3,Aisle-Q42,AIQ42,ecbdd71a-fde0-47d8-ab49-5467711827ac
f1b903f7-4020-4974-92c0-9f9bd0c6021e,Row-F45,ROF45,b2013eeb-d9db-4b47-8903-cb5860c3ea69
22fcd768-c2a4-4a2d-b922-afef92dd56dc,Section-F02,SEF02,eab8b628-4a9a-4c02-a470-a94d83a10ab5
8fad88f1-b5b9-44e7-891e-aeeffae34ee4,Aisle-R47,AIR47,b23ce30e-bb0a-4f26-a5ea-f12fe12c26f1
a4c65cda-f039-46f6-9c5a-f2900195079c,Zone-L08,ZOL08,16863926-40f7-4a8e-b20f-652dd9d75829
2a024ccf-0225-42c5-aee6-4d88325637ad,Section-K21,SEK21,1fac829e-7c2b-4d5e-8f15-e3402cc3be51
62f41ac1-516a-44c7-a9c2-59dd30806091,Row-C12,ROC12,22d3bd36-ffbb-41e0-80ee-87f397917370
92675e0b-088a-4f25-aed0-a634c7ca9f17,Unit-Q61,UNQ61,a5dbf7d5-9ae2-482b-aabe-c831c2ccd581
f474e0c5-eeb8-4804-818f-700977459335,Rack-X47,RAX47,383ec29d-347b-40f6-a17a-854973e457d5
ea47f4e4-9ede-4c73-81e3-4500db515717,Section-T96,SET96,565ccb84-9915-4c61-a2a7-f8deb25d0ee2
1b33a7d0-365b-400a-890a-0ca21a3ceb86,Unit-U35,UNU35,75f5246f-d049-48c5-8f1d-6d334fd61f1d
18a3cec1-d737-4d0e-b674-2f8d3118415f,Unit-A46,UNA46,eaef3791-fcb3-4761-aa90-ed18f2a6db4d
fc432fd9-fb8d-4f4e-a2c4-4cb1a5c73d62,Bay-D17,BAD17,a3e913dc-cb53-4646-825d-524ed8f3d917
19456010-577b-40bc-a4ad-2563a96c29ac,Rack-P34,RAP34,1aee3f7d-e866-4c29-b1de-f053e9fb053f
df83f534-e3dd-4d08-ab43-c2813dc93554,Bay-X48,BAX48,0f5121da-195c-443f-9eb3-dd12a501456f
9e92f124-8576-4304-b2f0-ca6e7a02365d,Zone-N75,ZON75,d60b4c0a-25c3-4fa1-949a-f9aca20bacdf
bab0c490-fba4-4dbc-be1e-e3bb2b54a9df,Section-G99,SEG99,3a71c0f3-1507-4565-9125-ffb97d2d96f2
9918a439-d8d3-4d5c-9c26-fcaf03c612c3,Row-N90,RON90,df0cab12-d75a-4a3b-ad35-e848d7b82b14
ad11157e-52b2-4a6a-8a30-0ba82ed97888,Block-R74,BLR74,59f7bc16-4fa1-4ffc-83a7-38968e415562
59c33d73-c799-4a0d-b8e8-d6ca5496b7c6,Bay-O29,BAO29,6d4f9004-7e47-457b-bebd-b3b87595bb71
4c4e235b-de90-4755-bbe8-942df185d338,Row-T26,ROT26,b073103b-6051-4d5b-acbf-a08dfd6a52dc
2c523947-a2e0-4ec6-8a4d-2678b18c0af2,Bin-E87,BIE87,a5ea4b6a-b12d-46be-b25f-1a75565beb1c
41d21904-eef5-44c7-898c-4b521cbe7df6,Aisle-G78,AIG78,9dfa7dad-9ca5-4750-96ca-8b1510a7286e
eca81412-e7c1-4d79-b3ef-cc2bb7ebcb83,Block-B47,BLB47,1e1d6d25-d90f-4e09-8103-2b3d06d451fe
87d8bc1e-76dd-4d6c-9286-736f137c379d,Section-N06,SEN06,f3657505-67e0-49a8-8aef-88121907bfc1
900464f5-5688-4597-853c-cde4307a5b30,Shelf-E39,SHE39,3edf9c01-834d-4900-8ae9-364dfd88a26f
ebeda5fb-e804-421e-a885-c5b723229e84,Section-P27,SEP27,8acc5bb4-a13a-44d7-84c6-07f3dad37fa5
6defaa2b-12f9-405f-b3f5-64addaf6b43d,Bay-T12,BAT12,2d445d34-510a-40fc-b9ba-ac272dfa0ac2
d00ab640-f13c-46f1-b180-b755f9ef1d8b,Zone-R09,ZOR09,22736c27-6a0f-48ec-ac8c-dc2f52a11219
41694354-b48e-43af-84c0-837a3858d121,Section-N50,SEN50,9b77aa77-d007-4d89-90bc-677750794f71
8863dd2c-4d6e-44db-8445-6910023cfd14,Bay-G56,BAG56,9da13ebb-3d58-4246-bc2d-55a1b8190675
9005b0b1-0d96-4615-8026-2947a0b3bb1c,Section-N45,SEN45,73253951-b979-46ec-9b16-34b888d029d1
41f10acf-524e-45bb-a2a8-41f11eb82d80,Shelf-V40,SHV40,abda5fa6-a17e-427e-8368-96bbbfe80214
a9b471ea-4391-46a1-b094-9ce61844d42d,Bin-Z36,BIZ36,4a36a2c7-edb3-4c11-af4d-5350224ca01d
b5981e6c-9895-4090-aa78-6e5e969cf4ff,Block-R98,BLR98,92eb84fd-3810-4cb3-be74-467ab8961d51
1596bfdf-44cc-4e1a-922e-13496b0fc66c,Zone-B97,ZOB97,ce7bebb2-e722-41a2-a5f2-8b4d0935fc91
984e277b-b539-4eb6-91a0-19291016fd5c,Bin-K14,BIK14,e7f0d0e0-4355-4812-b878-36016891355a
441de7d9-5046-40ce-b490-8257eb733078,Block-W30,BLW30,8c67851e-b20d-4e8b-9929-64f6af4049ec
51fefc78-f26b-46fb-8927-f1b1907f7719,Unit-O80,UNO80,2818deff-8dbd-4eda-8c54-6c0cce2483ea
0bf4f22b-8d02-4a38-af94-d6b6badafb79,Bin-P53,BIP53,6ee8235e-388b-4339-899f-ad0fb111d7d1
eadbc048-d86f-43f6-9f5a-43039553e3c2,Section-V98,SEV98,73be35a1-943c-4b73-8cae-5e4b6b830252
5783b62e-ec8b-4b78-aa60-649fb5b136fc,Aisle-G02,AIG02,83ed193a-a0e4-4363-bfdf-70a903a9a975
dfbe407c-95a9-42ae-990b-1a5870f403f5,Aisle-Z27,AIZ27,1f8a7133-41bd-479b-827e-e94da8b3663f
d33b0a21-8c0f-43d1-a997-c7a49e44d5d1,Section-W67,SEW67,6f75d5c8-4a63-48f0-8090-cd146c45fa4f
5545b716-bc36-4910-afd6-aa8a4fbd850d,Section-D85,SED85,b14ebcd7-bb19-4eba-a1b9-637a7e5c02e2
ce900851-d278-4540-bbcf-ca3f314e96ca,Block-A99,BLA99,9784e81e-7d18-4b43-857b-19b444ae0355
5692368f-c4e4-4683-82a8-c508fc25b35c,Zone-A79,ZOA79,d318b4c6-2780-4709-ab7a-9a8e18916fff
7768e83e-3ae9-43cc-a0a8-0db9010c243b,Row-A34,ROA34,a5e64d34-0322-4d80-a673-69548b73906e
32666716-46cf-4fa6-9c82-f82dc136968a,Rack-Y40,RAY40,be38f8e5-ea80-45d7-8cbf-c5ce888630b8
2f026e84-479c-4f58-b544-55819996b46e,Unit-N49,UNN49,527b68d4-83c7-4b67-a9a8-ccab9d2f63cd
62c1c2e6-8c42-41a1-84c8-1ee7fafec100,Unit-J60,UNJ60,9a53cd3b-1aa6-4163-8006-f97d6a166983
c466f03f-a038-46bc-8af7-76460bc627b8,Row-U20,ROU20,e3e33649-822d-4c4e-82dd-05aa36d0e433
fda9ace4-d2d9-41d4-aef2-5b0f90d8ea69,Rack-X21,RAX21,13a3fbd4-3f02-43c9-bd8c-3803c4e7010a
02dbbc72-566d-4d22-964d-07f4c0417297,Zone-P94,ZOP94,2a8a7dfe-5621-4df7-8a2e-3844e19b4fdc
33e08125-c797-41ec-b754-60f47250fb7d,Bin-N55,BIN55,7cb20d58-33ce-4ffe-a482-2020696bd397
cc413881-3a5d-4e8d-a6fe-acffbeaac757,Block-Q04,BLQ04,17e87b7d-93ca-4aa5-b009-925c2e973d5f
90b4cf9f-f2fb-4fb2-b7a8-240a96ab6e4e,Section-P25,SEP25,92b2607e-c287-4b7f-a3ef-ea32b6294cc6
f44fee59-6dcb-474a-9b1a-b379e32b1fd1,Rack-R68,RAR68,315e1505-c858-434c-9fb6-7413a3f1d721
1f46ebe2-4181-4581-ae73-672b7d8b41a3,Section-G06,SEG06,b8e77b25-c9a7-4490-a2dc-edfe40dc426e
250862e5-7b3b-4f93-a6f1-4663cbcec0e9,Row-A12,ROA12,5688905c-fbc7-4d71-8b8b-4c6013061bf2
cdda5f87-2bcc-4228-98d9-5fa263a30ed5,Bin-R22,BIR22,439b03d9-cc89-4f0c-b935-6b94543b67e8
3526145f-d99f-4fa8-bd37-5cc528b9360a,Row-P07,ROP07,16f2dfc5-0f6b-494e-a1bf-7c1f8d690611
19fd5949-d8d6-44ed-8519-60af69a32a86,Zone-D68,ZOD68,3051075a-0a6d-480c-bd0d-9657271bc3ad
4b9d5254-2deb-41c1-84a6-769cab90081c,Aisle-D01,AID01,59f8ee6c-88da-40da-ad7b-0cb6cca9ca0f
c02595f4-fd50-4e4c-b177-f42ce643cade,Unit-V81,UNV81,445ea62d-ddcc-4f33-b323-896dab3dc17d
1033ba75-8fab-4719-8859-a130e00b7c7a,Section-M59,SEM59,13b1e181-d58d-4bc4-ac9c-612cedc0bf75
fd1f9c8d-1ffb-4bd5-ab89-51d9e20ec358,Aisle-Q84,AIQ84,95797d55-b099-4a9b-8478-1dabdf66dd09
145f398a-c36c-49a9-8bf8-a146a7a8cd8b,Block-R74,BLR74,a8216805-addb-46da-a49b-b9b17649ce8b
0ea3cf6d-058d-47b7-bd82-bfe972513ca7,Rack-A49,RAA49,e0b2a4f2-9976-4c28-9159-ab090b0a4e15
42bdac07-d1e2-49c4-aa43-c58004bb44ae,Unit-V68,UNV68,52bfc7af-bf27-4f2b-8221-b2494eaabe03
68c865ae-bdf4-4e21-b84b-34fe549772af,Aisle-P76,AIP76,13c1cb22-ce7c-44e6-9658-c2014427b220
0b82767f-0e6b-4054-8146-59c8c55d92fd,Bay-X21,BAX21,cd737c28-1498-4d59-b5ae-b2a409e20796
60adde3a-fa22-4030-a23b-e33955d8512c,Aisle-R87,AIR87,4eb9344d-48ff-462d-8b37-0bfed59416ab
e531da97-0821-439c-926c-47cbc113a1b9,Block-K65,BLK65,448ca3c5-0379-4fe9-b5d4-100937ff2288
11350cb2-d5a7-41b7-9e26-ea34793f629e,Block-R10,BLR10,cbc1e2d9-e2cb-4d7d-ae3a-c0bb6fbe5440
ab50a414-0639-426a-935c-111a58200b29,Bin-E21,BIE21,15c32aea-acbc-4085-812a-e54ffdbd994f
2b7e225a-edf2-44e1-8d8b-c979408c6cad,Shelf-V79,SHV79,3ea6b2bc-ac51-4ce1-bacc-89e88332b09f
85a1f612-48a3-4fdd-9453-9e3a8511b8fd,Row-T57,ROT57,c866c621-beb6-4c18-80e3-35558eb2b043
df823a1a-09c1-4df1-a967-5d6f5b85df3e,Section-D06,SED06,9dbae818-a77a-4d09-bc98-bf7a993ffe89
4a4b20f3-b957-4b9f-ba08-8c6043f058c7,Rack-Q28,RAQ28,b210e3b6-706d-473d-bcee-27c1901301de
31ab5585-4501-4ffb-985f-9a208188b31f,Unit-X01,UNX01,9b14e91e-84d6-4b01-b9b6-777a5e0b7451
22c36239-f588-431b-aab5-7b13ce8acdde,Zone-X34,ZOX34,26782e4b-cbf0-4737-99ed-93a42f003a81
75b7d22b-44cc-413b-a90d-8f7ea4d01800,Unit-O71,UNO71,493103b0-6786-4605-b2f8-08a04c4fde9e
dfbb4091-670f-4e45-9fb0-01e63fd37af5,Rack-Z35,RAZ35,db057969-cb03-441b-a64c-a602b3cc7bc6
9660bb26-91b1-4c8e-8960-d99ad79d27bd,Section-G33,SEG33,c1629455-ebd4-4dbf-8822-d24ea8d678fb
5bedef65-d8a7-424f-ab18-a23a2a546863,Zone-R49,ZOR49,6b71f895-c7cf-4922-b4fa-47f83936ef15
e1a8bf32-a9cc-4e00-a2ea-359f853d722a,Aisle-M08,AIM08,56a4f53d-041a-435f-9c65-54fc0e620010
45b49ad6-e2a2-4e08-b018-c7ca56067e9d,Shelf-G09,SHG09,fb898c49-b9ff-477c-bcd2-ee244b9c4126
306e2012-d89a-4bc5-8a8b-d9b7136fdb2c,Rack-N91,RAN91,1fe6f586-91da-4459-988a-7ca81404021e
a0d27b36-2b86-468e-83be-eca0849acdb4,Block-J08,BLJ08,a00ca1a9-22e1-425c-b0a9-a0e7df50e7ba
56e89ce4-b652-4b6a-8486-418604d23017,Bin-S61,BIS61,5e6eac95-4846-4d88-81f3-44c1271e3b56
9d5edf6d-816d-4d80-bc28-788d6088b400,Section-U04,SEU04,b7a82fc5-c12d-446e-96dc-1b21f98b8667
7a60994d-0bdc-46e3-aafc-5607a1a5179b,Row-X72,ROX72,7868d2f7-d5b7-459e-8c40-2a618e2991ec
2aa64f2a-a822-45cc-8674-b41f9d8e8540,Section-O68,SEO68,7811cf28-9aec-4038-b8ec-be35b57809e5
9d23c1fd-bef9-4cc0-ab41-b04cdd3784f4,Zone-W31,ZOW31,d6b80351-8543-4812-a67a-b991da3def5e
b43d2a3d-299a-4164-9a4b-018a1a27e11b,Shelf-E54,SHE54,1b0b9fe3-2cf0-41b4-8197-2454287c37d8
202a8ca9-7c9b-4a2e-851b-a26ba0bd9197,Unit-P03,UNP03,1beb01c3-df9a-4a56-83e2-e9d51c9a1164
e81006ef-961d-4a3b-a47e-2cdacff92ac4,Shelf-K41,SHK41,c19c26b2-68bc-478b-827c-354b06c9f506
6ec379f9-15d6-4d3e-9f2a-1ef247edb9b6,Unit-U13,UNU13,86a08146-3882-4c5c-b2a3-69994ac0a964
729308aa-b091-4481-af82-b00b97a18d09,Row-G92,ROG92,e76ba33c-79c9-4958-aa33-cada0141d222
86060dff-e65c-4412-b469-c348b3fbe2bf,Bay-F16,BAF16,0c70c4cb-bb51-4f00-b16d-9bf20302e161
d8676575-5789-40a9-9ef5-a0af641f3f69,Zone-M18,ZOM18,fa5ba132-20f0-4299-b750-6851603f73a2
9963caf8-cf50-4464-9549-4c861a9669fc,Row-T78,ROT78,17b25fa3-2667-41fc-893d-c313ac95648a
77968576-c0d1-4949-ae73-ecd6650bd095,Bay-H26,BAH26,a1b6b8f6-31c9-45cb-a997-ae35bfd38c56
d5d3ae11-e40a-4911-8c30-acf988fb7faf,Row-R21,ROR21,c83e72bd-ccfc-4956-826d-97c0e82b8359
1b7e80af-db46-467e-b4cf-d002ab76619b,Section-X05,SEX05,534011cd-801d-40a3-ac5e-f8c0390a5371
22b7abbe-9b38-4420-9d87-b697224a862f,Bin-P53,BIP53,95194ead-8f50-479e-971d-029e0e7b99c0
fda539cd-1651-4ad9-9481-19ff2b34753b,Aisle-B68,AIB68,1a7cfa49-a133-4f82-a217-cb95b9b5fb1d
eb89a62e-bc55-4f1d-893b-91028881d150,Rack-O67,RAO67,5ce31467-3dd7-4683-a174-26b590359ca3
b2a98644-6651-4e04-82d0-902c73d59a1a,Block-I02,BLI02,72356515-8af5-47e5-bf47-dc3b6eda97ab
66673b56-89df-4898-aad2-14adfbef31c0,Zone-O58,ZOO58,2f855f15-500d-401a-af03-525ff79070f7
b584052d-a4a0-46b3-8c45-72677cf1d890,Block-M18,BLM18,9b34724e-1796-4d62-8f5a-524e5ba58913
83dc6917-6f61-46ab-a648-07ea3133a11c,Bin-T90,BIT90,d921a08c-3ca7-4443-b513-243b8b545a2a
be1c0b13-cdfe-412d-94b3-edd81512fdbb,Unit-V41,UNV41,80abbd44-4c3e-4bf3-afd9-d186e6ba128c
165f5dc0-f0ac-43e2-83c4-5bcceee1e8d9,Zone-U17,ZOU17,125091ac-2746-4f85-ade2-b58aca519fa0
ceb622ce-94cb-4c34-9858-c1d7f5098185,Zone-V39,ZOV39,fff1b20a-ca47-4b22-875b-921ebcbaafa9
6e2b004d-1adf-4e74-a8c6-2c6dfa2b28ab,Bay-K72,BAK72,0c0bd2aa-8674-4e08-b72d-08f48afa8349
1a589eb1-e6c1-4b4a-bc34-b2ab43772469,Block-O23,BLO23,26ebe06f-ed8f-4218-ae2f-6ae33b26d9f6
1b94ce33-b753-476c-8209-415b7a164895,Aisle-S78,AIS78,53029a63-40d1-4424-8c22-9a3e475aee44
9ec53fa1-a746-4dc7-87a6-3231d69d6659,Row-F18,ROF18,8e364744-70fd-49c5-aac6-32af9226b230
6bd1b58e-7c5f-40fe-9244-2250206466ca,Row-T35,ROT35,a6ded154-1c3d-49bb-88b6-755d618fc368
b76cdf14-fbd2-4094-9e79-54672ccde045,Block-V04,BLV04,e0f1c340-b1ed-4ea9-b479-1896eb238b99
d5774a19-f577-4ded-bb11-af5b8318ffaf,Zone-Y34,ZOY34,1c9a7272-fb67-476f-b092-71fdc57c8065
ca26afde-6388-4254-a121-e9922c8ae430,Section-Q21,SEQ21,08450d95-785f-48f9-851c-9ee9488af679
165c6653-e2ba-498f-820c-77216320e76a,Section-R53,SER53,eda5003b-6e23-457e-8c2e-aee7e0a88071
2444c0bc-6e34-45bd-a142-1421001a5f44,Unit-G31,UNG31,db3f59df-78d6-45d4-9911-01075a2a652e
56a95c63-9c48-4c20-aa85-338931711129,Section-R86,SER86,2f09a315-eecc-42d2-98d5-1eda3da9255f
43431285-fc84-4331-b368-c05e94f7f5ba,Unit-M18,UNM18,573eafa9-450e-482d-9008-8e2ecdf12bf1
b80d804e-166e-4e12-800a-a097f90a2841,Zone-U33,ZOU33,35cd17ce-7390-4eb0-9820-57e37ec7193e
29c0b9d0-54da-4093-809d-90788fad9c9c,Unit-X54,UNX54,fa337f91-a311-4112-be02-12cbe13f2e81
6e6bc2a4-4bd2-43fa-a2a4-045bc8191e17,Bin-N56,BIN56,b789ce84-6b14-4338-ab3d-9e32c51f3df6
b967a1fb-255f-4916-9e97-ca568a073648,Rack-H47,RAH47,79429bc0-7cb5-4e1a-b29d-d7726966c2cf
e5679a1e-5508-481d-8d6b-1b5807427e4c,Zone-P35,ZOP35,9f58be3a-905b-4cb2-96e4-1d78460f2cb6
3d86d621-2574-4abe-b330-9e86023a93fa,Rack-R40,RAR40,a5d49948-96a6-42d4-a8b8-da795e098c81
15428255-b4bd-4f5d-b7e5-1b87712afa14,Row-U11,ROU11,f5e81c9f-212e-4f82-bc8f-672a817d41d4
e3fd0037-2ca0-4ffa-95e1-6858f965a49c,Bin-F53,BIF53,e3a96e58-87eb-4f63-bc96-3d78b41b18d0
88c4d5b8-557c-4783-b6c9-f209453bc982,Row-H81,ROH81,fa78222e-ac7f-4771-95cf-45a3962df9a4
b1443d65-1647-4649-bc50-4bc06b7a7f15,Rack-U52,RAU52,f1ddf47b-cc11-423a-9b40-b1afc09035c7
1118d2a3-4250-4719-a708-ad008b20ebfa,Rack-X10,RAX10,8ab27718-24fc-4053-b20f-e6c9139fa907
86b9697d-4dbc-45f1-b5ab-feab2c947127,Block-N37,BLN37,d9f5b2c3-7735-4f94-a2f3-a852a6bb51a0
2c67e6dc-1b2e-4cb4-8a59-8b531e929951,Rack-S56,RAS56,352d4697-23fb-410f-a461-1d682865d2a7
0d407180-3d13-4042-98fc-4d09375a1e58,Bay-T05,BAT05,cc25f5e1-874c-4454-bc28-c2186b797dea
fc257c42-300c-4514-afb1-922121a2ed81,Shelf-A07,SHA07,fd98eaa9-39cc-4573-ad00-3877ff8bf20e
da59c59e-d002-4515-9b3f-c4a571246365,Shelf-N51,SHN51,23da02a3-7bab-4e46-806f-e2b867ed4292
181ff693-89f0-4914-8dc4-1a5c814932ee,Bin-K40,BIK40,4d1de412-d3c8-4669-a5df-e093b2132d24
8a3d5b10-6665-481a-bec4-7a56b2797ddc,Bay-X32,BAX32,b922ead9-3729-4d9b-a664-eb762164b544
2f95ddfb-9f3e-4481-874d-d0f1df19ec7d,Rack-D61,RAD61,08f92140-0c9d-4825-8e54-12901f65918c
049567be-eb62-495a-b81c-b01ab7a8749a,Bay-M17,BAM17,cf46999c-e580-451d-9ad1-97e004dce4a0
f17cfede-88c8-421f-b19a-747f62634293,Bay-Y84,BAY84,74ce5eda-8dc5-4c70-9659-78ebb6e67d28
3c78c686-bd01-4433-bf22-7a94823c83c1,Rack-U41,RAU41,92931b03-8475-44d7-a71d-15161edc71b8
c953b142-3f14-4258-ad1d-43d22c4b7dfa,Aisle-K86,AIK86,64f30d06-4f24-4fc1-9d76-cdaa768056b7
8dbd8735-2d9c-4a6b-94fd-3337263e7ab5,Bin-Q59,BIQ59,a8a39d86-1e50-4eaf-b80a-0043773f5731
5e38c5c7-8474-4374-8cd5-e0768053419a,Rack-P26,RAP26,f500d43b-07c4-4ee7-8ad2-7961bb86e17b
b9fb78c5-4945-424c-84cd-458886d7280b,Shelf-N51,SHN51,296a89a9-6ec1-4ad8-b17e-efe9dd553527
90b5360d-f997-4c79-8dba-395bb022e8cc,Block-S14,BLS14,c6efe5fa-3dac-45ce-9de2-e87d11be927b
2cffbab7-8eea-4063-84a0-06dcdd04ee41,Row-B81,ROB81,df21a20a-4cfc-49d7-9f9b-adb96f01b3c9
0c5ffda8-8268-4c67-8958-7074e910da09,Block-Y09,BLY09,03c3bac0-b218-45d6-ae79-374e64020f75
cbdd4f93-ee09-4468-9ad3-45e2d4854069,Row-C28,ROC28,2410eecd-adc0-4a93-a443-af97382cf2d2
d321f48d-1db3-46fd-a33d-d4f2360d6e0d,Rack-U19,RAU19,22d3bd36-ffbb-41e0-80ee-87f397917370
fa9080ff-e5f2-4260-98b8-8910100958d8,Rack-A53,RAA53,26a2d722-9200-4774-892a-cb46d892b303
9190041c-8111-4c95-8968-502f2e692544,Aisle-E59,AIE59,440578ce-cbf6-4276-b2b6-dcd95345b373
d0a277f2-bb1c-4bd5-b5c5-e3ae754770bd,Bay-H40,BAH40,2b2fba7b-4205-4e43-93fd-9105da67e5b0
eb8d2018-cdf9-48c7-89e9-897f2a6977f7,Bay-Y86,BAY86,db8c322d-6903-4a45-9620-a261433ecda4
c3e42460-eda1-4b0d-b583-5b98344a3803,Zone-E56,ZOE56,c04044d9-e472-418d-9798-874351c89384
9c61c0bb-a702-40ee-be3d-f3b1d571a6cb,Rack-K25,RAK25,6d4a1992-1353-44d4-80be-58c5eb61ee65
10b16704-0adb-46cc-a1cc-9ae683be6a99,Row-P87,ROP87,a7bc1952-d44d-46b5-a98e-de545c769cd0
32d50c4d-c165-4d1b-a755-6859b6c9c992,Shelf-C53,SHC53,b5728a79-b1e7-42a6-85b0-e22368472ae5
cb131e22-3878-4c60-ada6-e3e9c75de547,Aisle-Q48,AIQ48,979ad06e-b22f-444e-8f33-57b45d004863
6116449b-badd-4e89-b8e9-1f06c3f35019,Zone-G92,ZOG92,c68c78ac-6817-4fe9-8f61-8d2f178bfe86
94884e5f-601d-480f-b705-af8065a09933,Unit-X64,UNX64,ced3bd3b-b4b9-471d-a91b-fe3904a4a6da
0053ff09-8123-4b10-9aac-8a5be0ef9356,Zone-T82,ZOT82,987af2f5-2973-4e6f-a288-a913fb47a1e3
e8bff7c9-974a-472e-bc6c-949bbd65ecaa,Row-K73,ROK73,99f39352-9b39-4b0a-ad33-f94ebacefcd1
9c0f0a14-eecb-42a1-be2e-68c18a0b87dd,Rack-I93,RAI93,85df8240-b399-42d2-a405-72d664b662c1
ad1fdda6-31db-4d72-9f74-61cd598104c0,Zone-K21,ZOK21,a3bf6c51-88bd-4a7a-9fb3-a6f5b85d8cca
8a291e19-89a3-4055-baad-c2de568f28f5,Aisle-Y30,AIY30,784fd6bd-ac35-41c8-9290-ac2fa2248ebd
a0de1573-5fbd-4ab5-919c-e95bc68bfa5a,Shelf-M36,SHM36,d03acf34-0fd6-4527-b03a-091bb40b6954
845d6ca9-9c1f-41ca-b423-904fe3464d65,Rack-V32,RAV32,d5cca350-2e1e-43f6-a359-446618bb1e62
6e2783da-cea9-4e75-ad4b-041b26e45a42,Bin-P59,BIP59,d0bb7aa1-04a3-4538-9e85-c2533aae8986
e8d5056c-052b-41b1-8eea-46c9ee9167a6,Bay-U37,BAU37,59c16242-624d-4efd-a4ef-8763fbefe814
1d71149f-e7c2-4000-bab4-cb6ce09b5a1c,Section-Y92,SEY92,e4a14dd7-f55a-496a-aea4-6609a6d672f0
1d67aa0e-c22c-4e07-b399-0b3d25104dea,Bin-W40,BIW40,59f7bc16-4fa1-4ffc-83a7-38968e415562
9edc1e4f-2165-47f2-a154-f71f450b3c8a,Row-Q55,ROQ55,b03550ef-558c-4f54-bdf7-bfd0b26fac18
2c3464d8-fe1b-49aa-801a-c4bfed4f6197,Bay-W07,BAW07,869e5cf2-c144-4457-b8e8-ff7993b3b58c
f5e12ea7-e129-438a-bafa-0235ea7bbfbd,Row-O17,ROO17,a4466a56-d0fb-4c69-826c-eb84b200e8a5
3f8dbe3f-c4ab-4001-b5b4-7c343cbcdfe6,Block-X36,BLX36,b457b157-05e4-462b-a237-8b6f7f3dfbf3
c1d9dbc4-c044-4e50-ad11-287fd6cd78c9,Aisle-Z95,AIZ95,543e7dd3-c97a-4a53-af22-36b56d6e899f
c6b0cde6-a2c5-421f-9924-295629dab19a,Section-V38,SEV38,c520ada3-5475-47b9-ba78-607f0a0df4dc
ff90ac7c-e3d5-4dff-af9a-ced6bd3142ce,Bin-Z02,BIZ02,27a458bc-5365-48e5-8b57-feb119a3665f
8ac3eedb-f6c2-4857-8a71-513411586cfa,Row-U85,ROU85,38ab1f20-bed1-4920-aca8-2c706c8b512c
3157791c-47de-4f53-8860-124c06dca909,Rack-B77,RAB77,29985be3-dd70-4ffe-93ec-ff66a01cd3d9
a677f7c4-f2e7-407c-a17a-9a5d8b519803,Row-R38,ROR38,75502933-e692-43fc-b6d4-1bde4b7bde4e
66505021-4223-4d33-88eb-49aac894ea50,Aisle-T66,AIT66,e7ba4f1c-fcad-4770-91a1-cb82e915453b
2d324433-8b52-4aeb-baaf-111409b835b1,Bin-S32,BIS32,ba5cc58d-2747-459d-8f71-53c7ccd06a42
ada62e5b-3a6a-45a0-9bee-de1c7abcfb7f,Block-U34,BLU34,bb49402b-7e91-4401-b92e-418b63ca7564
29c18850-dfb4-4bb5-a868-d3f7845c1cd1,Shelf-E65,SHE65,894d01ea-e758-41ac-8519-c8c6222ef896
352049c2-45f9-470d-9472-b0ae56b60364,Block-L65,BLL65,60d328d2-e84b-44af-ac83-dff7e6b751d2
adc1fb8d-d59e-4388-a3f2-eb60784fd179,Bin-P07,BIP07,f6870614-b66d-4b9e-adf3-954e60ed185d
5a054be3-79c9-4f99-b72d-a6353d58c883,Bay-Q76,BAQ76,a93807f4-b031-484e-9a10-987804fd5a06
8ad6f0bd-f197-4dbb-a3e0-a6c14d666966,Rack-K83,RAK83,a07c613b-7ed0-4146-b2ed-8dc7fdded10b
9a39e77d-ab17-4442-a789-c501e62ad410,Row-S74,ROS74,05f269e9-08cd-4378-8874-11e7f674b29c
1e6576ee-b48b-4e31-a66b-37ed4512f6ea,Shelf-L99,SHL99,d3560ed0-3612-436b-9cd3-7003e02b347c
6a5dd982-cd3d-415d-9d89-89c9a7431f4a,Bay-H34,BAH34,9c55317f-23a8-48a2-897e-13992ecabf14
9a9b4a2d-dcd1-4287-90ff-62cca1a071c5,Block-L15,BLL15,6ebda0d8-dd7b-4b4e-9e48-1be0c17d3db2
edee3caf-32e6-4862-95d5-472e9e3d1d65,Section-J27,SEJ27,03641987-c485-48d8-ab14-45ec424c400b
0596967f-a183-481c-bf95-bda83200326c,Bay-B92,BAB92,2ced580c-d86e-4da6-bf04-38ff3f8f0eef
fd637f53-2e13-41f1-99d6-4a3aa3f22b7e,Rack-Q99,RAQ99,70a5be1b-688a-4fd7-8d0a-85e7d53031b8
68084dae-a45f-4bd4-80d5-4384749bb323,Block-U28,BLU28,394bc3d6-6916-4424-a363-6281df40512b
7810b812-68d2-452b-8e92-455fa6c2bb29,Section-S43,SES43,f93e3f12-6354-4142-b012-6d589e7e1ba9
eec56ab9-98c6-4528-8f65-cdd88c2fb168,Bay-H42,BAH42,a999dc6c-a229-448c-8bf6-a0a737e3eecf
fc967f5b-41d8-441e-8a73-4be95010fd9a,Unit-X84,UNX84,ec57bdb6-e774-40e8-aec8-09d158c4fb3f
b4c50ec8-c82a-4c5e-9ef7-72f796dd8728,Zone-T03,ZOT03,207619ce-d43f-4109-b0ff-82c5ee23f314
1a26d193-58a0-4ecc-9021-21fb8a0d1eed,Section-W94,SEW94,3fd9b400-2ead-4744-876d-1002f4585fa8
7337f3a3-4409-4320-827b-c371c65c1610,Aisle-Q21,AIQ21,253a33e6-e2e8-4641-88b1-1236b5c5d3a3
8308c4d3-1369-43e7-8a4b-65b6514666a4,Shelf-Z10,SHZ10,2379273c-1ff4-4f12-a776-6e10f87d6306
dd4f4b9f-d7ab-4e68-ac3c-0d79875545ca,Block-J82,BLJ82,556d980e-b45d-486b-8c9b-63d49fbdd802
b3ead3bf-5e3e-48c7-903c-01988374e3f9,Shelf-V66,SHV66,ed761f07-9899-4e01-a84a-05fecf8bbecb
dccab7f6-542e-4df0-ae46-e411a7f6dd24,Zone-I34,ZOI34,fc3fbe73-b41f-4311-bcab-c0d2e5762800
577b6a01-aaca-4a1d-abf8-00f96419e368,Unit-Q75,UNQ75,3a284353-0b35-433d-bdd4-46be3d5dd67c
c5228bfe-0c13-4dbb-8762-6f3627bb3dd5,Row-U59,ROU59,59d7fb5a-e995-460a-b8c3-915f1ab3daed
59de4535-e0df-4ed9-923c-5196afce04fe,Row-B48,ROB48,126162fc-6cf2-44c4-8889-9c14293a5b04
af688579-cd2b-4c1f-bd9f-e49ed330479d,Row-A80,ROA80,d22ca1f3-88be-40b2-9e05-88cefe5afc72
bbcc7929-37f6-4c65-a950-18151ae18fa9,Rack-U52,RAU52,fb6030ae-f650-4472-905e-3ec7b12784a9
371cad78-148c-4304-871c-44fab22d2b87,Block-V28,BLV28,edb599fd-f25f-4b0f-b91b-fe805daadef4
dd21dbd6-d91f-41e4-9e87-413007df38bb,Row-M23,ROM23,a6df2b02-6ac2-46c6-8891-1ed8e8d1998c
660fe773-cc71-4a78-8cf3-cb4aeb7254ff,Section-E55,SEE55,5f4a1d07-62a9-4981-8204-4e31d1d30f4d
c4d94c99-f386-49d3-88fa-d4457f3fb9fd,Row-E01,ROE01,09a4ed8d-d4e1-463c-8c04-546106c05eed
e64ae43b-5777-4499-b0f6-dc7b4a0a128c,Bin-Q07,BIQ07,c3b819de-caf8-4235-ad46-2547fe5fc7d4
46c3b624-a4eb-41d0-a871-6d886be2bd66,Row-B62,ROB62,5f4a1d07-62a9-4981-8204-4e31d1d30f4d
de2f4bdb-452c-489b-8ebf-1004e638057d,Bin-Z96,BIZ96,5996b285-f9da-4ea4-a19f-87651596fd67
565d4c88-7f7d-45d7-b669-3b8ee598094a,Row-T67,ROT67,c2f69f50-17c7-40c6-9971-d4233e07e8b8
e101da00-bdef-4045-96e7-f4d81c86743d,Row-V43,ROV43,0e9178ad-cb5c-488a-a533-7c470446dbf8
6a81bef8-f861-4e43-b608-ba3a4edeba70,Section-T76,SET76,0054cfe9-5b6e-4616-be43-c6f5857e8a97
4b7a19a9-3120-4c57-971a-12d075ab3ca9,Section-M73,SEM73,99474e9d-6474-4400-a6ce-f76b7595f56b
f47b3186-0ba4-4965-acfe-37e9d259b813,Unit-J47,UNJ47,615fc640-3b12-4089-a6a6-b27f4853dab3
81f5ff52-282a-4d66-b273-a17a319de615,Bay-D87,BAD87,cf87d468-8833-4ef4-ae9b-f8076629b967
819342a4-4e99-4386-adbe-40c82ae8a97b,Unit-V29,UNV29,ab7c37c0-7300-4b83-b722-b3e2ede92b7f
b6f2e56a-c6ae-460f-ad33-e335b77c1e40,Zone-O92,ZOO92,b888eedc-a397-408f-9246-46afe2f78c88
390f0c89-2fbc-4d37-ac82-bb29e314de4e,Aisle-Q22,AIQ22,46d33888-258e-463a-b8c5-bc4423b22f88
51b9be15-59c9-49b5-9210-a624d3535bd9,Aisle-X78,AIX78,5b060d75-afcd-4d66-900a-3e8b30e9668e
e685cc53-8c3b-44fc-9960-37bcbcd13e21,Shelf-N46,SHN46,f71259ce-ee15-47f4-9005-e4b4e548de21
3c550e75-ae00-421b-a872-5c55892e1181,Zone-T93,ZOT93,16daf379-0a64-42da-8a09-c5575c049870
a2c0655b-a3c3-4b37-8a5e-fbf2c0901a5e,Zone-F62,ZOF62,c54c637a-a1c5-497a-98a7-81eb1a90aa78
7deeb349-4740-478d-8f50-225dcd9f8b55,Row-Z70,ROZ70,899c9c01-dbd4-4651-979a-51f8e1c89311
2c2e8583-2d9d-4ea5-b782-2da2bb0b6733,Shelf-L83,SHL83,fd0139a0-927e-4f09-b3d0-066fc819e29f
b7464ea0-f261-483a-b3be-c68cbb21a6ec,Section-G27,SEG27,02d8bba7-d401-4ab9-bf55-c4c92aebad92
1c3398b7-49d0-4d59-ac31-daf966958815,Row-S30,ROS30,1476f35e-c8d7-4af5-9f94-67ffad8508bb
0e6152df-d301-4c97-87da-36f60ea27f5c,Section-U39,SEU39,6d9e8034-a71f-496e-8333-38b47bfc9bb2
8ee71e46-4d75-44fd-99bd-e173c6c89046,Zone-M09,ZOM09,2035c6f8-4bd8-4b73-912b-f6e7bd28d969
83e3ce21-111e-469f-8e19-c2ece691d34c,Shelf-O49,SHO49,bd015f08-fe00-4262-a859-4b3b6dd66dc7
f41f7e41-466a-45e8-b9f0-aeb8f0f36664,Rack-E15,RAE15,8095532c-dd3c-43b6-b6bf-78e7a813e303
335ddc73-6ef3-4f4b-a8c3-31f37d1c2e29,Rack-Z06,RAZ06,cd815263-643f-4039-ba8a-626fda746c8f
a36e545d-3e1e-4e63-94fe-adbfc7af3152,Row-Q55,ROQ55,df531d26-b0fc-4524-b6a2-0cdab2f49ac1
97fc80a3-9c8a-43cd-b975-ee9748a6c15d,Bin-Y73,BIY73,dc2641a4-d087-4fad-99e3-5abd416c5ebf
2913099e-ae82-4609-a185-ac8c46e10480,Unit-V97,UNV97,8bde4120-b3dd-4e35-9e3d-b56207ba2346
70112b1c-b4c2-4e27-8c59-bee8758ebade,Rack-Y01,RAY01,2a8a7dfe-5621-4df7-8a2e-3844e19b4fdc
76747365-5b13-42ad-8b53-05dc2de240a5,Shelf-U17,SHU17,f5191524-b5f3-43e1-ab93-0cc8dc124edb
bc208255-7452-4714-b676-d8a156e0fd63,Section-Q84,SEQ84,1cc86168-9dff-4783-9549-87661835c338
f8616f9a-24d3-4660-9dc9-17bfc9d1d9f5,Block-G13,BLG13,12219b07-70b8-4f93-bbd7-c785bf6aff41
37df45d8-5efa-4cde-b272-5158dc0f65b5,Zone-G64,ZOG64,2a9c7913-1ac8-4ca7-8666-d65befb56f8c
862c9bfe-6a0b-4356-86af-3178df62d6d7,Bin-G22,BIG22,fce7ec51-cbcd-4c14-8ef0-251b3091285c
ab29a54f-7157-4778-995c-ef59b59e3506,Row-U74,ROU74,75aded0b-4a8e-434b-bcec-64c954397923
76a2584d-e30a-4e99-9bfa-e67b1663dcaa,Row-J87,ROJ87,182ff7d0-fbd4-4534-8e83-ce98139eab2d
27aaabd7-cbb7-4564-82a7-7718d0281267,Aisle-F51,AIF51,8dc8c9ee-89fe-4e91-a016-c59f67623712
4cc39c68-037c-48f4-951b-d4147abf435a,Bin-P41,BIP41,16de61db-3212-4daf-8013-0b246641c6af
45527982-1536-42cf-8a5a-0b644b2e2887,Shelf-C96,SHC96,513b4ec3-a6c0-4771-b1bf-972a6eaa5066
eacbb895-1944-4218-bded-e9f1fff656f4,Aisle-V34,AIV34,d3a35b0d-537c-48be-b418-28138cb5c07d
b8e3e333-ddfe-4d3c-b8ed-3265167e4331,Unit-P18,UNP18,74bbb69d-2987-47ba-b1a6-c0c05f748bfa
96132d3e-0ef4-407e-adc3-f2222b28b9c1,Row-K58,ROK58,52fbf5ce-6906-4db9-96c4-af839651ca01
288dbd8c-8a49-42b2-957b-37d35cadbad5,Section-X13,SEX13,9dc4fda2-d2a8-4b42-a026-d24043dcbfa4
bef01940-5948-4f89-a751-577296331994,Bay-I84,BAI84,40126f53-8532-4e47-a932-ccc8c825135b
92ba3f86-3bc0-4627-8868-f5a4d5dbf4b6,Bay-Z15,BAZ15,439b03d9-cc89-4f0c-b935-6b94543b67e8
fca2fc37-7373-466f-965f-fb52c00d1705,Bin-M85,BIM85,e28f6709-5a54-4fd8-9377-c7f2d9edfb76
01cd0c2d-6e69-4a47-8d87-a3f0638aacb6,Zone-V74,ZOV74,d88c7bff-241d-499f-823b-546962755500
ee9f6f01-4cd6-4e4a-ac16-98989ff27c09,Aisle-U34,AIU34,df191e32-f53d-498e-a875-a4690e94f49f
bdbb1fda-0850-4513-8b60-feb329ac37d6,Unit-I01,UNI01,cd4623d8-55b6-4c55-b25e-028b8e7486df
3150b405-1d59-4306-9096-8d5b9f52ca27,Aisle-Y64,AIY64,e24be61a-a60d-44f1-b886-b751565c8e9a
0b470806-c259-4f2e-985d-ab0395f6a3c7,Shelf-L58,SHL58,d85dfe99-3c98-4aa0-9b57-98e25f375fd0
b1a1de91-d953-4467-95fa-0acca3afb753,Block-Q43,BLQ43,65d160d5-ebd7-446d-af80-0febe6808699
04f4717a-7b8a-4014-a3e0-78f4febe587b,Row-B42,ROB42,ae0414ed-108d-4add-b39d-b60c31b6b484
cfcfc6f9-2cb4-4c09-a36c-c27717f22df1,Unit-E45,UNE45,114148a2-a4f9-4ab5-93dc-ac5e4f5b3d69
b64054aa-9b74-432d-bdc3-9cf445c7d280,Shelf-Z04,SHZ04,60856dcd-553b-40b0-b9f8-2f7cd806f730
4f37f5fb-0565-47e7-945f-97652b7053c8,Shelf-U69,SHU69,1e950058-0c59-4ee0-bbca-7ac6a671bf63
86d94d9a-f6c1-48d6-8f64-0de525877861,Row-E03,ROE03,8a96acdb-5a13-49e9-9fb8-7b4f56242fd1
a463d2c0-1c7a-474d-ac39-8f171ab98df8,Zone-S14,ZOS14,d27a93d1-ed5d-46c3-95ee-e1939c8c7c29
5ff197a4-12d8-49fc-9d3d-bb3c0d0ba133,Bay-X48,BAX48,96074ba0-6906-4338-9761-d31b2850179c
a94034b6-d51a-4a6c-8b61-7f138d7b8b14,Block-C80,BLC80,49d90e11-4ea9-4c65-8e2d-7ade68dc3bb5
9eda6e04-666f-444d-b850-df499bc178f8,Block-X59,BLX59,7d520f59-2974-4382-bc32-295f7c5835ec
9c46c560-1f37-46db-b381-02a17da66c4c,Rack-C93,RAC93,007e9f9c-91d5-4324-8dc5-097906b3a35d
1b9d5b99-6af4-4cc8-a44d-a4d0bdf1bc5a,Rack-W35,RAW35,bcf44905-2fe0-42ef-9887-8d7df43b87d4
b687b495-4e85-4310-a8e6-adc62d5b13b7,Bay-A99,BAA99,9744d569-2826-4308-bfc1-3b2876dc443d
e8cac080-db4e-4a3e-8dd7-051592a24355,Rack-F51,RAF51,b61d9b5e-83a1-488c-be1d-1849a0400f5a
fc6cf3ae-d960-4c17-ac46-c6f6716cd369,Zone-O49,ZOO49,81470a03-c134-4bee-9353-1092ff7fc351
7f79570e-b38e-4154-b037-e3cf3b773dae,Row-L54,ROL54,7b176ac4-936c-491f-beba-7a215e115f73
05ee9cd1-6663-425d-95ce-1a1429a1e49d,Zone-X59,ZOX59,0456fd4b-c37c-4c25-bef1-b65847a8197f
c000fc21-d671-4ced-8462-c4675d4530fe,Aisle-S83,AIS83,c342b9f8-9a58-4fd2-a1e7-fe3820a85a47
693b4954-eb73-4329-834f-35b7e359b90e,Row-J11,ROJ11,26efd664-b1bf-4d27-8436-b2977fdd183e
050ca2f8-005a-4c30-ab4a-e32fd1467446,Zone-A56,ZOA56,469880a5-7ea0-4f40-83e4-de357d55c1b6
fce22610-3e2e-40ba-9cc0-bf7a90191c0d,Zone-T03,ZOT03,e0da6321-fbed-4cac-9777-1a69956e4d26
78c2d43b-907c-4ce2-9a9d-73bddb4ed49f,Section-H07,SEH07,aebe6dc6-5b28-4e90-ba4b-514e38f144c1
644c3947-077f-4f92-959a-e20dfa6a7a89,Block-Y90,BLY90,039d7cba-5a09-4ae5-ac1a-b940bb24245b
921948ea-cc07-4272-8723-9104746f7478,Shelf-J90,SHJ90,002fbb84-abe3-4491-9b12-ba176f95dae1
1c088b98-3c40-4ff4-960b-044baf6a6877,Rack-N13,RAN13,042c71e2-9ea9-48fb-898a-dc5d7474d3d0
75872380-4a7a-46b1-b292-909732423fcc,Zone-H60,ZOH60,df3b9e4f-8f96-4850-b9fa-dbe339c1f60d
994ab754-eeb0-45e5-8664-2719de0d4692,Rack-K27,RAK27,da4fa8dc-6140-4771-8b6b-7fdbb00e6c7f
fc54688e-6e3a-41f8-b14f-c9a625be532b,Aisle-R77,AIR77,21826a69-d216-471f-a3e0-f4aef864265f
6f561fe6-bd9b-4093-b7f0-40b20883a23d,Row-W68,ROW68,758055ba-5c89-4add-8c34-7c930e5e7d5c
193942ad-e1d5-420d-82be-529ead9ad7a9,Block-E75,BLE75,8e8e5181-a2f5-47de-af40-17d873e1ca75
52367fe6-8ba6-485e-888b-789f83c18fe7,Rack-S84,RAS84,cd4623d8-55b6-4c55-b25e-028b8e7486df
d5ec3699-0aad-46c3-a9ed-5848bae0c932,Shelf-L08,SHL08,e3e53ee8-b99b-4ea1-a203-8e12eaf25753
4b9f7b0c-13d4-4e2e-a93f-0bb3dea99bbf,Shelf-B56,SHB56,a3ed7b9f-a84f-43f3-9bf6-1413600d5123
0694b2e3-a5ae-4bd4-a238-6c6bf330f1e2,Shelf-M78,SHM78,76901a44-1cee-43f8-9cc9-fb4cb1f336e4
34394dcb-a927-427f-b9e8-046ea7815d52,Section-N59,SEN59,351f8716-b59e-49e1-9faf-2881739656d6
a9927022-496e-44de-a1c3-9dc50ef6fe95,Zone-S08,ZOS08,a5508e21-aa63-4e2b-96ef-2bb68118b5d8
0e9cd91d-d736-4a9c-b5f3-20dd75b6d50d,Shelf-D59,SHD59,f314a29b-8600-4bd7-8c69-b257e1ab5afa
f2c4b2ed-46ce-4e53-882c-be548ae37eac,Row-O78,ROO78,fe76d412-60aa-49c6-b586-00b31b0a11a4
4e28ea45-6247-4162-ac43-d4453d8deae4,Section-D77,SED77,5f06b66e-7bfb-4662-bb58-0d42597d09db
5fe8e152-20c9-4f81-8d3a-603a50b03f5f,Bay-N57,BAN57,db8c322d-6903-4a45-9620-a261433ecda4
270c2394-1f8c-4d1d-b57d-e7531e500828,Bin-T50,BIT50,738ffb37-6fdb-43ab-8c9b-eeea7a5b4cf9
fa257270-610d-4136-9d3f-65adfa1eb093,Unit-O35,UNO35,54abc2e7-032a-45cc-b788-0a0e03993069
60206093-1474-473f-bf2a-b78e21b330ca,Shelf-E20,SHE20,4a0af90e-ec26-4d68-b870-7ca8a31e2d20
e326e4da-a71f-4daa-b940-278ef257a885,Unit-H03,UNH03,a85bbf47-807b-46ca-9799-acd733818587
e942c3c8-dced-4233-afce-4df30f715841,Row-R67,ROR67,310ef1a3-ce63-4d27-9ff3-e65a53d73862
9c7c670d-12a8-4c8a-908c-7c842694dec0,Row-O73,ROO73,0e59b77b-1332-4f6e-9726-e6c8c555e940
5438eb33-4d9b-4045-b05b-978c20e3d6bc,Unit-Q20,UNQ20,cc9e884f-c7a0-423c-be08-91205a849da0
41a859a2-dc96-4229-8f7f-5ad34f5c4486,Section-O45,SEO45,c62c570e-9eaf-473b-a3a0-aa3ea28c42eb
16d3a37a-120b-4db4-a335-7c20c2b29abf,Unit-X51,UNX51,b7d83b50-e97d-4636-ad72-e52e24a19fc7
7564710e-0e7b-4633-9a76-367262fb6f7c,Block-F58,BLF58,aabb1406-8b10-4843-8d56-e821e5bcca5f
5b7415a9-fd4b-42a4-9d20-bb386858a801,Unit-F90,UNF90,d759841f-778b-4aa3-bbf3-f7079df802b2
2f205daa-6bda-4787-9d51-bb4ff568c703,Rack-Y05,RAY05,598246f4-1b32-4664-a674-cc5653334b9f
7b20372c-a3c1-41fe-b426-6b49e83275cc,Row-C42,ROC42,458ecdca-ee25-4810-a5ed-4bf4449c9ece
86d2ea83-ca9b-4644-bda5-b6bb68aee6fd,Row-K76,ROK76,493103b0-6786-4605-b2f8-08a04c4fde9e
0e7b0477-059a-4ed9-9ba9-3bd9ee9cb6fb,Rack-D25,RAD25,54965eb2-c382-4eb0-a37a-e706367d11c1
e2797f25-00ac-4e52-a28f-00fcf1ffed16,Block-O20,BLO20,31a1b93b-6677-47b4-ba73-724e6fa2440b
0429d775-f8f8-424d-bc19-cf9fe77bb868,Shelf-K49,SHK49,eaef3791-fcb3-4761-aa90-ed18f2a6db4d
5287be7f-d745-49af-86ac-59b225bab191,Unit-C36,UNC36,bd82c6b0-228b-407f-a7b9-bd7863ea4eca
86f9deb7-b614-492d-930e-db96ae28337b,Unit-F69,UNF69,3115909a-1a1d-455f-a684-ca88eb35d104
5c9b120c-6711-428f-9ad7-ec6a511e13ba,Bay-Y52,BAY52,aa1b5993-ded1-48cf-b663-841068c27b7f
6afc7e38-8cbd-47e4-ab55-df901c943eea,Bin-U16,BIU16,bfcef6fe-8700-40e6-9ebb-77dd54e5d180
5fedf9f4-7079-4a8c-9565-84b3ba2d7716,Row-C54,ROC54,eb495f36-1929-4afa-b7f2-f743c8c9d5bc
bc3c02c1-15b5-4b11-b373-cbd17b3960f6,Rack-S36,RAS36,f07c36d1-5773-4422-baa9-48fc71c8d1d6
1f82856b-3f30-48f4-83c0-e2658c932429,Section-V14,SEV14,eb7e2e1f-2ac6-4ff5-b0d4-6c8ff1327103
3ac515c5-b3fa-41af-9be5-85f5eccdb594,Bin-N82,BIN82,cf1c9b6c-b11a-4aad-ac78-475e790ce326
5006d077-eadb-4fcc-85d1-02d07a05161d,Row-R11,ROR11,26a6911e-cffa-4b12-ab16-515a3f510f83
3c1591a4-9143-4638-b55a-caa3eced1909,Shelf-U79,SHU79,385a599b-696a-4d50-86b2-504c3690d539
08da4226-704a-40b3-b460-a80f6cb6bc37,Zone-D66,ZOD66,58cf7d0b-8373-46f1-8b4b-5870df8d5852
d49ad210-a788-4094-9235-b59b175388e5,Section-M75,SEM75,29985be3-dd70-4ffe-93ec-ff66a01cd3d9
00d42639-6a45-46c3-89bf-538389100e00,Rack-I57,RAI57,74e73266-ce6e-49fe-bdf2-dac3e525511e
d25e4274-314c-4b1b-9528-fa8260c02502,Rack-J56,RAJ56,12febce8-b154-473d-a9a4-a5eedc03c85d
f5a10a8e-97f1-45f4-b241-0a2d2daa0150,Bay-T34,BAT34,43ce08fe-eda5-4f15-b0f9-208722cd618d
780abf4b-2919-4c09-b8dd-440f523e7644,Zone-V70,ZOV70,d4702220-8ed7-43fc-8fb5-358152d0506d
c6aca11a-0680-4e91-8110-cc0e86316d82,Zone-D78,ZOD78,f8226aa9-9e3e-4753-ad2a-dfd03845a473
8ff95025-400c-4a8e-8de2-de7ddb2b6b77,Bin-I20,BII20,385a599b-696a-4d50-86b2-504c3690d539
e4b55418-817f-4214-84a7-ab427e7c5a6c,Unit-S12,UNS12,d3c87000-1413-45e6-85f2-cdec63e84e9d
edf7c0fe-b917-4245-9086-977749f2bff1,Bin-V21,BIV21,d5d1c57c-1c2a-44ba-b42a-a48371948dca
d361b253-bb0b-4074-ae5e-237187e7d69b,Unit-T07,UNT07,4c372821-4e09-4f2b-a638-725e04b9ee90
e4dcadc6-a6af-4748-8e37-b0215f4f5823,Bin-Q55,BIQ55,5bd0264e-3bd2-4bd6-a21a-4449d8660b32
87acff17-424a-42a3-a2a6-00cdffad6acd,Block-Q10,BLQ10,89766037-86ff-4da4-b677-6163b37fbac6
c1f3f4bf-f669-4c8a-b04f-eea3321b9085,Bay-C55,BAC55,ba0841c0-54fa-46d8-b26e-45de4805ae83
217397c5-2bb9-4b34-a9d3-1d16f5025006,Block-D14,BLD14,eec5cb67-cc25-4477-8793-231ac34203af
c9b14af6-3114-43e4-b0a7-167f49343484,Row-V20,ROV20,d27a93d1-ed5d-46c3-95ee-e1939c8c7c29
7b215a81-fab4-498a-9105-d6b382b15029,Bay-F01,BAF01,d8542dc1-8185-45f3-afc5-ae36b926d61f
6c30e2e6-e715-4f38-a6a8-19f709bcc00b,Row-B72,ROB72,43f57a2e-6a4b-4b9d-b642-ca0a24419826
4296078e-f5a1-4e99-8933-f1efe3547a15,Zone-X67,ZOX67,373ef994-982d-4fbc-9525-e10eaedeef1e
1a6888c5-a3e2-4063-80b7-fc73438dfeee,Unit-E36,UNE36,4e91faf1-a907-4b3c-8bed-ba50306dba5a
25a42619-2594-4fc5-baf4-1043740b1037,Bay-T83,BAT83,3ebb6762-7c08-4c5a-a599-4b4f47ff31ce
3e0dcf4c-040a-478e-9456-ede4f7408971,Row-W88,ROW88,c863dc04-69fc-4ba1-b23a-2240354312e1
e0015169-09bd-4c9e-b2a2-e3ea795b70a5,Zone-W62,ZOW62,7193fde9-0da8-4eb3-807a-f1a327437f73
e93a0cca-b5d9-4bb9-876b-7f19d6eaed29,Bay-A05,BAA05,99adfff9-d611-42e5-bcc0-d1ed8e36e89f
9fbc7a21-1d29-440d-a575-eff27557150b,Rack-G11,RAG11,de8b5900-9004-4864-8a2a-e65e55eacd63
3696ebf5-fb84-4c4f-a73d-786d7e0ce748,Shelf-X67,SHX67,bdaa1c19-c836-41fd-b014-2f5af35f4c02
e01695c9-e128-4867-a499-1ccb803cbcf7,Shelf-O45,SHO45,44cd84b6-7c4e-43db-b705-47389f6ecc8e
2aecd390-631e-484b-a81b-3f23897428db,Unit-T56,UNT56,0db954c2-52cb-4488-888d-138c59cca993
459021cf-a4f0-4237-ae4a-9980b8d58a19,Aisle-V40,AIV40,34171f9a-472c-455c-b8a0-0c0ab4c20ffb
a397f9b5-6406-4190-a855-215e0ce5ffae,Row-N34,RON34,170c98c1-930f-4e15-8743-e7e3d9c59383
2327aa7d-26fd-47d4-a9cf-7bb286e90ac9,Bin-I76,BII76,b65c5837-9454-4c8e-905d-da5052b6ee4a
07c74d58-12c9-4c8e-8f29-69178515b4b8,Unit-G24,UNG24,1bc545dd-0bad-400b-b5be-9d13d21a78ee
b3104984-349d-45bf-82f6-e7425738f1e6,Shelf-T74,SHT74,1174921e-2376-4a08-be7a-bb61a597ca02
39e91b20-e48d-4bbc-af63-2da3067cdb3d,Shelf-A18,SHA18,e1759cf8-c08a-42da-9359-55c4d6e79972
7503d707-caff-42ab-b586-7a240a9aac19,Section-G34,SEG34,b9617a34-78f7-4994-96de-cfe9426912fd
46b4861b-230f-44a8-899b-0f96747fe4ba,Aisle-O97,AIO97,d0bb7aa1-04a3-4538-9e85-c2533aae8986
c3eda7e8-24f3-4f0e-8714-a38e974b2e7f,Row-B69,ROB69,4aed4325-f618-4631-8cab-c5ed571ab6c8
87d2225f-5db4-45a3-865f-8db2751e5de9,Bin-J87,BIJ87,7ec2a13a-5d2c-48b3-90ba-0c75610ca5d7
2192caec-2642-45e4-8dfb-4d5f7a86ba34,Block-Q23,BLQ23,4dd94759-53cc-4e3a-83b0-a8ccf7603645
05c14a3b-42a0-43dd-864d-611a4286fcf0,Bin-V96,BIV96,f891976b-af0d-4954-bdb0-7b02d6307687
a2042c30-56d6-4668-a40a-825caa241a02,Zone-I26,ZOI26,25cb8776-f155-4b4d-aee5-0affe68c3dab
df4ff667-a888-437b-81c7-3a6311d2bcff,Bay-R24,BAR24,48cdfe1f-74eb-43cd-86fd-704991b97d8d
705e7ffe-5a79-42f6-b88f-a51f2ec6c01a,Section-Q82,SEQ82,26aa3455-3126-4958-99fe-58f2867db97c
eff000ba-0fc1-4edb-814d-9e32aaf9f0fd,Shelf-D41,SHD41,1ed5f662-6e4d-4107-9578-59a6fb39a19f
5c8cb63d-9df1-4126-8ed3-41c523bc3a0a,Row-M78,ROM78,39872fce-965d-4c58-a8a1-c00bef8a5769
a0202028-02da-436a-86eb-3aa6a3c1fbc5,Shelf-V48,SHV48,e6dd8d8b-7d15-48ed-adc2-ba021848b567
491b0895-9587-441d-b307-36fb5b8e18d4,Section-T70,SET70,1bd995cc-9b68-4def-8d4f-8a09b2a7caf0
3cca561f-9800-4e19-bdf2-7a50d7ab14a4,Zone-Z32,ZOZ32,9309b9c4-4728-4283-9dad-8cc59f62f8e6
4c52abd6-dda0-48d6-a9e3-b8a66236dec6,Section-P47,SEP47,e2306850-2a33-47db-9760-eb5a4e197c91
1a5c10cb-2f81-4372-9e7c-f82eb878e381,Unit-Y28,UNY28,bae6790b-c215-4edb-8cdc-5d6dec2c1c16
e9e7f2fa-7589-470d-9b03-63c9b3d401a1,Row-H16,ROH16,2d445d34-510a-40fc-b9ba-ac272dfa0ac2
1af90c5e-97dd-42c3-9373-0cc98dc7873b,Zone-F41,ZOF41,fa53570c-fcfa-40e8-9290-8a14b8caf468
01712eb6-1dbb-4fd8-a9ac-6a33be2718a1,Section-E36,SEE36,6b81c160-9375-4779-9143-a1aa1059a786
0a1a60fb-5d04-43b0-9a56-3afb1f437c87,Bay-W19,BAW19,35825d5a-b118-4eb3-b6b0-c0373bf002b6
947af8ed-9b46-497d-afec-1c718ecd9c33,Section-S45,SES45,0002288c-22dc-4e22-9be0-02adad6caac2
54988e6b-7522-43c8-a0d9-91e1eadb7332,Bin-N42,BIN42,0a26c94c-931b-401b-9e6c-d54612acddd4
3243236e-38ec-4cfc-aabc-cf9f658819eb,Aisle-R01,AIR01,59fc2610-eb65-4ed9-bb3c-dea0266de623
d8df34c3-6a8c-4761-9ee2-31bbc9cfaa2f,Section-H48,SEH48,0d570bd0-a459-40ac-a63e-57c59869d3a8
f4b3f49d-1b3d-4573-81a4-f582c547793d,Rack-N91,RAN91,8704c46f-89bd-4015-800b-5cb78796287d
f6e44d57-b96a-4862-9d31-299f0ceda5c1,Zone-Y42,ZOY42,1824e3cc-36f4-46c7-996a-2ff870d30458
38fe1575-a42b-477b-8242-65658097666b,Rack-J67,RAJ67,2ec386b8-97e8-441a-80a8-0566ab748204
55dd78cb-837d-4fe2-9081-6d11013bf7de,Bin-J06,BIJ06,57f44180-044c-4a88-8104-0ba3f0198e78
d994d80f-30fe-4698-b371-2a9089095d50,Unit-F67,UNF67,31e7f2e3-0282-48d1-8655-868bbc6ee4d5
f56b1129-fb47-4ee4-8bc8-e253a6ec407f,Aisle-L95,AIL95,6a5028e4-070e-4bfe-9d3d-dfe8a25df34a
d0d5fe2f-e8c2-44b1-ae8f-4a1b032c47b2,Unit-O96,UNO96,82be5135-dffd-411a-b814-3f40363ed714
c3594047-66c8-4db7-8ec7-2b9d0c612410,Bin-G94,BIG94,63093d84-8d87-42cb-be49-52f10601f2fe
bf43eeb0-d399-44a1-b9fc-da759469c6cc,Rack-Y55,RAY55,6b7fafae-15c2-4154-8207-6ca28175ba27
3e450f2d-3a9f-43e7-98a0-6fcdd1d618f8,Zone-Q60,ZOQ60,d7d0934a-6fbe-44c9-9c7a-87dda0abb0ba
ac98bf95-c386-457c-ae69-4bb952e664bc,Block-A68,BLA68,d76ea557-afd0-49a3-85f6-13b7119cd8f7
5beb4d25-6172-4b59-8d86-1a2db09a9860,Zone-L69,ZOL69,17f51a26-5f10-4380-9405-fb3bb114eacd
bbd20b72-22c5-4b43-917d-e8efde9b58f0,Aisle-N19,AIN19,e141bfd7-2051-4039-a38e-ea4d375f7fc4
d8f30ce3-2164-4ae8-b5ad-2719092333ed,Shelf-N59,SHN59,bc9c9cdc-5191-4850-a6a7-92e7673cdd29
321cd7ec-d0a0-423c-8a35-471b33dc28a1,Rack-C11,RAC11,26c18b4c-62ec-4d05-baf3-cef26c4e2c34
7bde0787-2c0d-4050-87f3-6caffa0468f2,Section-E82,SEE82,d83559a7-e231-43c9-bf58-185118e6b1bb
bbe417ad-e5ea-4099-849c-c5a98597eeac,Rack-Y28,RAY28,a628463b-ee71-4e20-a60f-2f317ac615c8
f768c64e-8e40-4b0d-9d35-3e1ae05c44e3,Shelf-J57,SHJ57,336620ee-3884-4033-9d87-fbbdbb3c134d
3fc8d96e-a39f-452b-a04b-1de3e997af00,Zone-Y49,ZOY49,1789b528-b76e-4a2c-9f1b-93bbc9efad81
95a353c5-5c30-4161-a211-6c63aca6c7d6,Unit-W87,UNW87,26bf72cb-6f2a-400d-b41c-d769bcf8a637
44d83eeb-0887-439f-b4c9-ae9d005b238b,Section-X63,SEX63,08bd8dc3-e954-4ca6-a26f-89a2ef8124f1
a1252f4f-1705-4249-8992-16dbe3171305,Section-O76,SEO76,c829e2d9-1603-4d0e-9220-e03e1a3390af
3e704618-515b-46f3-8af3-f5b25bcc28cb,Unit-P02,UNP02,78ea001b-3c64-4895-96b7-792fb9b19811
8134599c-724c-46db-9427-4b2c279e41b6,Rack-Z89,RAZ89,9064a6eb-e8dd-4bdf-8dd4-e3b50b5391e4
8a6702d3-2058-4b5b-9b0d-c72a4af02761,Section-Q24,SEQ24,adec7fc9-9a57-4a05-a279-231883494aaf
e3786f54-bdbb-40d8-930b-410faae56dad,Bin-R95,BIR95,f370abde-d3bb-4ef6-b57d-0b1567f6f842
99ae8444-1414-4caa-a8b5-e56b5eaf1fa2,Aisle-W20,AIW20,568608db-5af9-420e-b535-d7ec80e64520
a2eff903-e741-46e8-8902-c73e9a8897c9,Bin-M43,BIM43,a0b2806c-4bf5-4c35-bf52-836c6cebb4c8
6e956b5d-74b3-4c32-8217-63f35149456f,Zone-G98,ZOG98,8af28708-df1a-4a54-a05c-ff957f877ecb
c7a9a41a-8e66-4c2a-9456-a3538191ebb7,Block-I37,BLI37,8e0e8adc-4441-4990-b8ca-671e9b4ad0da
01fbb3cf-137b-4467-8549-48e76b2b7ea0,Shelf-F81,SHF81,abc9bd8c-0595-4575-b4ec-dc696c991b56
69995b30-16b0-4471-838d-58913e6c4655,Block-E22,BLE22,cf4fcf71-4b42-4513-82be-cb2cbb84f9be
1aa9fe88-e36a-4ad7-934e-718ac80640d8,Rack-R85,RAR85,1bfbeb34-6bde-4a2e-a206-fc11bbcb1d41
397d0cb7-bb32-49f7-a339-1cbc53f0151e,Bay-Y53,BAY53,1235ce7f-010d-41f1-9986-e8bf962ac40d
099b33d2-f43e-4750-8acf-6b041438924b,Bay-Z17,BAZ17,34cf4f54-9e76-4550-b554-8bec9122c961
e9b2ae49-b832-4fe7-8d7e-bd6575f394aa,Bin-V94,BIV94,26540359-d070-4701-bb79-ff0975a65ecd
f1b5b5b1-3b02-43c3-86c5-c4055d5f4224,Shelf-G67,SHG67,dd03c1ba-fbf7-4723-840c-ac153497f2b6
3aadb0bf-0fb9-439b-913a-657523bf9286,Row-C72,ROC72,9c6cc073-2648-478d-a987-ce3c4aceb88f
5ba6616a-3455-48dc-9c2f-595111286427,Rack-X56,RAX56,049fa371-9dd1-4f77-abc8-c5f1725c13cd
a260f9fb-8cef-42b4-97f7-7b21835b2845,Bin-Z84,BIZ84,9ef22d8c-fb40-4312-aa62-9a903bafb050
21c7b1cd-e3b5-47e1-9a44-7d1a5b854cae,Bin-T34,BIT34,cd4623d8-55b6-4c55-b25e-028b8e7486df
47a54316-0164-4714-817c-49fe70f2fd24,Shelf-B50,SHB50,7fa4845e-40d3-4df8-a9ff-e8476395c74e
fd67b843-c5d4-4082-ad79-c6e9c34eeb6c,Section-Q93,SEQ93,745b5eb6-c458-4d39-9656-3b9cdf2457a0
221d6e7a-1648-4c6a-82c3-a49ec2288b8b,Bin-E10,BIE10,aebe6dc6-5b28-4e90-ba4b-514e38f144c1
f517e0ad-1df1-420a-a317-1dab599890b5,Aisle-S67,AIS67,75aecb34-8e59-418c-afd4-74eb778ae98a
a46764a6-0cff-42f0-9cb7-0fcd02cd2bff,Rack-J89,RAJ89,8185d20f-ad69-4a3d-ba6b-ba1e336cb551
8c009a72-8d3f-444f-9afc-d0a5d418d6ec,Row-Q48,ROQ48,a6df2b02-6ac2-46c6-8891-1ed8e8d1998c
62ee356c-75d5-4de9-b69b-01ed8e55bd8b,Shelf-Y08,SHY08,82b722b2-447a-46f5-bfcc-a3bd467ffb22
d869982a-ab87-4fd0-b0b9-cec3f73ae0a3,Block-U25,BLU25,32952f91-6a14-4f55-90b2-1c8a2b7c0664
4f9e9aa4-5803-4282-8c40-e9a59cd7dae9,Zone-M77,ZOM77,2e94e518-4908-4b45-96d9-27c1bab57d5f
4d9a5ce2-7689-4f9e-bdf6-a8dbe325906e,Block-F41,BLF41,ab4f9df8-ec15-4ad7-9331-9411da910cd5
84465acc-36be-46d6-a00e-434c20db4c6b,Bin-M79,BIM79,a2ecdab9-5421-41b8-9c9f-94d0e78f9bca
d3ed8417-1c35-46f3-8a6d-832f5bfd0739,Shelf-E28,SHE28,60b23d26-787e-483b-8978-6e08c181d921
50bfd681-0e21-4191-b0a8-7c81b865a166,Aisle-R68,AIR68,724884ee-340e-45b0-b124-6bb629f6a97e
3715564e-0f63-48cd-a915-390ea8436600,Bin-S87,BIS87,71b8ba37-18d1-4ba5-b534-dc01d2503f3c
ac9c1671-add2-40c7-9306-2749e903f793,Unit-Q98,UNQ98,c3b68eda-2ddf-41d1-b0f6-4dfca8647f9b
94abc1d9-520c-4df0-9bca-1696cc6a8692,Block-Y04,BLY04,cf46999c-e580-451d-9ad1-97e004dce4a0
b7c54a20-a15a-475a-8760-08abb33250b6,Shelf-C01,SHC01,8919372e-d0b9-4db6-89a3-8fb786aa986a
ec40a5bb-e41b-4247-83e8-5cbbb66bb0dd,Shelf-J77,SHJ77,5c714016-25b0-4bce-98ee-315fcf8abc23
872d0b67-53fa-4c82-8505-e0b878429f7e,Section-W52,SEW52,3224557b-fb48-469c-8f08-af9640c483c2
befea71e-de6a-4077-80e8-d6c8618bb063,Section-Y53,SEY53,1b8e9e19-bb49-4dda-b71b-5cb9464c222b
dc9af621-90f2-48e8-baec-d38802aafe8c,Rack-Q84,RAQ84,401fe67b-d14e-4364-b78c-30a90358929c
531b6001-37c8-4b06-abf4-a59cf078db36,Unit-V65,UNV65,6a60a57a-e9e1-4dc8-bfba-ef640430e158
4ebf25e8-e114-4227-be31-34b4cef5b442,Bay-Z99,BAZ99,a178a860-3197-4cf9-9f74-25d951ec66ac
3b05e09c-6a49-4ee3-811f-487e6430b715,Section-Z63,SEZ63,563c965f-2e8a-428f-9c44-84a390bd750c
cf2f7911-79b7-461d-8395-4de83b85470d,Shelf-G23,SHG23,40fd7eac-1212-4597-814d-768afb249d43
1969cd73-1977-4d13-b65a-04c111c0bf57,Row-P54,ROP54,f271a49d-7f2d-4a9e-8395-112843818cda
386bdf49-3a63-4e1f-a14d-36f184349821,Unit-Z29,UNZ29,81b64750-3a21-426e-81d2-0524b660487f
f3dd81c6-4088-4306-b094-7fdcf699ed81,Bin-C88,BIC88,d5d1c57c-1c2a-44ba-b42a-a48371948dca
befb3212-1e94-4b8c-84ed-6075a2b8c12a,Rack-Z39,RAZ39,1fe6f586-91da-4459-988a-7ca81404021e
081a2216-69ec-4d28-962b-8b6611ec1698,Unit-J90,UNJ90,a270717b-71f9-437f-9a86-06dc907c2611
186b12a4-3fe7-4f0c-86d0-5c8edfb04535,Rack-Y76,RAY76,6f75d5c8-4a63-48f0-8090-cd146c45fa4f
17b95dfb-e038-45f0-a442-13264f5c3612,Bin-P43,BIP43,0d3cdf9a-9399-4fc7-9c30-9fbb09a2022a
e55e9f8d-04d8-44a6-9e82-cba33b7219fa,Unit-W34,UNW34,10e033d1-3d6b-4d37-bedd-9908e19c8273
6f40b096-57ad-4d84-9036-066a1df3e9a7,Shelf-R16,SHR16,2cabb75b-d060-43f3-861b-55b920c0b5d8
e56ed69e-02d4-45cd-9898-1400f2c5918c,Rack-C68,RAC68,f25c4962-ce6c-469e-9511-b1146a8f4920
fae34a33-4d6a-4b74-865a-a3c7cfdf296b,Bay-O22,BAO22,0295b4c3-1d83-4dc5-8417-e40876f84e76
e1c23520-6114-460b-bc84-17075d98eb9e,Shelf-W89,SHW89,a39eb212-c670-4bfb-9856-30564d6d87ef
1c300220-5a25-4151-b79d-67fe4c601c57,Shelf-D21,SHD21,1b01f85c-6798-45ec-aa3c-c55556939852
dbdc7638-bb0a-45c2-97b4-487e42401a35,Zone-T89,ZOT89,0f87111d-f3e8-436c-86e3-90f9126d72da
fe0cb47b-c9f8-4a16-a430-2f8fa99c3b67,Bay-M01,BAM01,eb98ea3b-3710-48a3-90d8-c782e87f607f
d35e2698-bdba-45ff-9e29-1e22e6018884,Rack-E88,RAE88,29282d2f-ec96-429b-8093-8cd432bc459b
0d9c0e66-aae1-4594-a865-460899cd2a4b,Shelf-E10,SHE10,81b64750-3a21-426e-81d2-0524b660487f
43a6f895-c727-465f-989c-b2fed50f609d,Unit-D58,UND58,ef830a11-38b2-4c33-b45e-78d499487c40
b53f5cce-92d5-407e-8668-a214b158c70a,Bay-F91,BAF91,fc3d48f5-8dff-489f-9cf7-6e7620b5ebc5
b0ac7654-c748-4c5f-874c-7d829d9c783d,Aisle-P41,AIP41,22f3374f-a777-48de-81f5-8ee79f8ba177
f68757d5-8038-4bbd-9da1-97cf9d1261c6,Unit-R12,UNR12,1beb01c3-df9a-4a56-83e2-e9d51c9a1164
a0a86a45-a7b2-47da-bf84-afd174a42610,Unit-K79,UNK79,4685288a-0091-4f15-81b9-30e0cc52f89c
1772ee29-b4fe-4b73-b147-04b96af9a09d,Rack-N28,RAN28,a0cca0ca-1422-456c-8af7-bddc6232b4a3
74e938ca-367b-42cc-b119-98df90c5e254,Bay-D49,BAD49,874d64c3-b8c9-441b-a092-2652ebd2270f
1a099211-e5ae-4291-86e9-d49baa3b91df,Aisle-O22,AIO22,491707ca-08b3-495d-8133-ad05995f7a96
f484aaf1-4fbe-4d02-ac13-fa0a5a1a6e24,Shelf-R73,SHR73,57da2513-2193-4ce2-8b7a-85800d25f0bb
1740ba4b-9777-4cd1-8f80-37e609014e44,Rack-S45,RAS45,a16a2c58-e573-4567-ae58-fd2c2bda15e4
e07043d4-1ec8-4f6f-bd99-5e97b0399ea2,Shelf-B03,SHB03,e0649dd5-f749-4361-b4d4-8e213a52b4e2
4fb59a0e-8740-435a-a708-66fa465933ac,Row-T85,ROT85,993c47b8-42c5-4c89-acaf-9547a2c956c2
d0eea9f1-d262-4ce5-88a6-98b5854ea684,Zone-C29,ZOC29,64f30d06-4f24-4fc1-9d76-cdaa768056b7
373a000d-c33f-4047-b305-ee2e9c44d159,Aisle-E25,AIE25,4e51fcff-b15e-4b45-97ac-0a9d8877c765
ff52825b-f30f-4f45-b401-1061e71512ce,Rack-C28,RAC28,dad6e616-a4dc-426c-891b-250311d4f892
91418d79-01e2-453f-a2ae-45b03657be3e,Rack-F04,RAF04,61d81803-6012-4143-94f4-ce15bf251e4b
8595389c-58cc-4211-a6e6-c33d19261091,Unit-C77,UNC77,fee7d323-69b8-476e-9078-2658c3070be2
7ed2c768-a191-43cc-b1ee-efcf9c209ce2,Rack-C97,RAC97,7650a13f-a879-4ef1-bfc8-abbbb26ad8a9
855d842c-8dee-46f7-896b-65a373f3ba37,Block-T50,BLT50,d4014c20-a3e4-4a83-864a-4175dcc0c449
8b204135-8e55-4246-8368-64c4ff96753f,Section-M05,SEM05,191b0e95-b6da-4f81-a457-c171428f84a5
ca8b139d-e800-47f8-a97a-513bc0131289,Row-E63,ROE63,42e13539-ec26-4454-9b49-802a51e0e2d9
034393b0-d708-4f05-adde-8a8ec25df42e,Rack-U96,RAU96,7210a4dc-dc60-467a-be17-42b8b0dd86b8
cace376f-669e-40f3-ba8d-43ce0d361556,Zone-B90,ZOB90,f804778c-00be-4dc2-af11-1ffd31d519fc
eabd4fcc-19bb-4f81-b45d-238b2ad088ef,Unit-A56,UNA56,67deb904-d5bc-431b-a448-cbc6ffda55a5
ff0b886f-415f-47c1-904a-4c4b9bb13631,Zone-H31,ZOH31,056bb41b-5cb4-455a-995e-82f0c92ed821
68d5f516-d910-4456-be43-246e8996016a,Zone-A15,ZOA15,0470454a-4785-432a-8992-5de32f42fd23
4c7b29d0-333c-4ebb-bcbf-fcd8fb256ed2,Aisle-N17,AIN17,963b1244-8512-4a72-9f6e-716d9496226b
f941997c-06bf-4f2a-8052-af5ffe244ead,Shelf-B40,SHB40,3256fb48-2ab4-4ee0-9da6-e77013a9b308
1a24290c-1c95-451b-8635-b2a8c117fb6d,Bay-M16,BAM16,c80e81a6-69ec-446b-b261-fc4e4548acc4
7348ea68-0486-45e6-8fe0-e84420ddbbba,Section-B47,SEB47,042c71e2-9ea9-48fb-898a-dc5d7474d3d0
dbbb1b59-6b37-4712-bd6c-a7f63d226fe5,Zone-D27,ZOD27,c3b1acb4-105b-40ca-a736-981aea768bbe
df2cc0a3-2c45-470a-bd89-3618ad93c5c9,Aisle-A76,AIA76,aaab802c-1f9f-4c51-8fff-088cf86d5834
1628fd0a-e93f-42e6-9c18-f185d191d6dd,Row-G08,ROG08,477a0455-7b20-4e86-a798-aa1d6037fb8c
83335d08-e98f-4331-926d-96994924df77,Aisle-J01,AIJ01,615531b8-2727-433b-bd52-77c4af7235bd
bab0a435-4c7b-4190-a130-505cac20f17c,Bay-C82,BAC82,2b0bb53d-74fc-4988-af9c-64f192b88f01
6e2fea5f-f043-4446-9fed-b668ab3164eb,Zone-S81,ZOS81,d84df51e-9745-4b1f-a31c-04b264a85b3a
4d6fdade-18ac-48ff-8fb8-103a7833c099,Block-K31,BLK31,7a46f2d4-4811-4b54-b94d-a486c4810df2
0d235a46-4202-4728-8b36-2c69c8ef2c9a,Bin-B29,BIB29,4cc51216-c9d6-4b17-9f16-66a3297f0919
d31c87f5-f008-4f20-9bb2-88d18017f6cf,Section-V67,SEV67,2445c6f9-9581-4270-a18a-6d58a94f2d5b
e0a4a202-36ca-4fd2-80a7-d4873dfefd4e,Row-I26,ROI26,3007d0c7-256e-4a59-a489-00cbcc4b1b27
cdce6f85-40c7-482f-ba46-ec62c9f34a20,Bin-D76,BID76,3a095625-df1b-4708-b731-72cda77500a9
66bd9790-19b5-4259-a045-519b200cd431,Unit-A90,UNA90,5e6eac95-4846-4d88-81f3-44c1271e3b56
b120ee12-dbca-410c-bba3-cb2fd37251e3,Rack-Z71,RAZ71,3ebb6762-7c08-4c5a-a599-4b4f47ff31ce
de4d6437-2d03-4dae-a175-0330cfea2159,Shelf-M19,SHM19,c7e7b241-1377-4196-b28e-00c42fc833bc
97f7f2ea-f0ab-4a39-98a9-f2c0fdc12848,Row-L06,ROL06,862e5069-5e06-4064-9fca-e7adbcb3214d
892e3991-3e0d-4a69-a54d-1e1f3c4171be,Bay-N67,BAN67,ae3856d9-20ae-480d-8917-84bd3391b3ef
e526f1de-461d-4191-b1b1-e16b826245b9,Shelf-I51,SHI51,5ec1ba09-297f-45e9-a6df-66593228fd92
dbfe3f92-8aeb-431d-8a17-2b5405a9f2bc,Rack-Z03,RAZ03,6636f771-c9f5-4395-b7dc-3b5c50579749
b7d7943f-b55a-41b0-a804-fd2ae6604a50,Bin-I99,BII99,c9ddd3fc-87be-4abd-b071-f87688b9d62e
569cf9d7-bdbd-4964-b30c-0ef18722e515,Zone-Q92,ZOQ92,af4faf9d-1dc1-4694-8091-8a97c2bb42bb
a1811be6-289a-4bb6-ba65-d4d0f13bc30b,Block-X37,BLX37,8df99c9e-1522-4d61-9592-bfd533026598
816b8d5a-a4c1-44e9-a68b-cb435a9ff590,Rack-D65,RAD65,3b1c2b70-f620-450f-bd93-de92f4455060
b6e5d23b-117f-40d2-aedd-0222303aa3ca,Bin-A18,BIA18,357dfc81-e55c-4bd7-ae82-88b3f67e02b4
81979c1e-c9a0-48ce-b770-efd446be7cac,Aisle-A13,AIA13,07080c0b-52f9-4cf4-9e74-00d0019dd728
cb0e0aac-6851-471b-80a9-1ddfd0b1435f,Zone-D77,ZOD77,45363525-1c0a-410c-a9b8-e5abb2f1d648
249ad3c5-149a-4ed3-a05b-098e75ad0b75,Unit-T01,UNT01,b823744d-f2b9-449d-ae22-4dbeb8c67f12
ceb9fc02-5a7c-4f8c-a8bb-cc44c72f82f6,Rack-T15,RAT15,6b985ae7-3360-45f0-a16d-f316fda28631
e9ec2fea-3571-4267-92c9-405e6a8102d7,Zone-B59,ZOB59,86a08146-3882-4c5c-b2a3-69994ac0a964
a009ddcd-5f24-4f0d-8d23-338bab71b79d,Shelf-X75,SHX75,56c1dd16-ebf1-4196-9d91-93625e037104
75c5f2bc-d25c-40b8-907c-7ea94fc06c72,Block-O61,BLO61,81dd65d7-1583-4b5e-a665-134b6c9fda3d
998f40ae-d792-40db-9636-6c72910cf198,Rack-I52,RAI52,4fb60bdc-74fc-4e10-a536-b0f10f05c123
4386ac67-c14f-47e6-815a-5dd3ba66950e,Block-U21,BLU21,18d51e0b-0071-4033-900d-1f8b8e8e8851
38b15350-2b32-4819-bf8c-979c390bfd71,Unit-U37,UNU37,2c7f2664-3713-4a31-b7e9-623858654598
cf4201ea-c5f1-4aad-b0a0-45472f107aa9,Bin-V56,BIV56,33318cb7-bb00-432b-81ec-5d3aba8bc864
b713d0ee-6127-4078-af96-1c7a767210bb,Block-R96,BLR96,b7ce0b58-2d66-41b8-bdc8-bf625343e0e3
b79fd445-014c-427f-be38-a73f2f27cf60,Row-Z22,ROZ22,b69d05e0-ba9a-412c-a42c-b83b9d13a4ed
dc7201fc-8683-47c0-847a-d39ec3cee196,Aisle-A33,AIA33,ece7d6f8-2436-49bc-a6c5-1eb146886210
149e20c8-f543-4b80-9154-ab8206681ae0,Row-C04,ROC04,d725ec8d-559e-4f7c-a48f-0da3d85b12fb
7ff9274c-3171-4ce4-9d6b-cb485b427f95,Block-Z87,BLZ87,199254ce-a772-43cd-9425-3b693ce93eea
9242af25-77cc-4d37-aaaa-6caf64a15638,Section-J63,SEJ63,1c00e3e8-a926-413d-8d57-b72f5ef9fe88
cf127765-1676-4a26-bca9-e6077a205dd3,Bay-C33,BAC33,f9cb6b5c-17ad-4a23-a26f-f7ffab6fa7c6
298bb18d-0376-4f42-bc6c-bc2a60474a87,Aisle-X91,AIX91,ba0841c0-54fa-46d8-b26e-45de4805ae83
5b3eaa90-4e1f-4afd-81bd-c45af8d63593,Shelf-V75,SHV75,84a32806-9c80-4eb5-b856-f5ad3ebf717e
ef8be70d-b21a-4aa9-b2dc-3c99e043be8b,Bay-K28,BAK28,dd4f3116-6160-4080-9234-fbbd9b73e056
63ff74a0-6e44-418a-994b-2ebd2ce01bed,Bay-L75,BAL75,ef079ab6-6f0e-4691-8e96-3d447611b15d
51495338-37e9-474f-89b7-dc801da1f97f,Zone-A72,ZOA72,b810b323-eb8b-4940-b5e6-149723750811
699ea46f-980f-467e-a307-5c4139cc5ad6,Rack-E81,RAE81,1e146f1d-4d25-4faf-b750-d5aed3fd05cd
9b928156-af02-4665-b60b-99a0c84bab0c,Block-X75,BLX75,711a2325-da97-4033-9c4a-e1f5a6abb992
844622d4-6179-4808-b4b2-bbc088e39c0a,Bay-P26,BAP26,174503af-8e82-41df-94df-a841b09dc3d0
4769da2d-10d1-4a67-97b0-1283a30bdf58,Block-I18,BLI18,4a36a2c7-edb3-4c11-af4d-5350224ca01d
eee8df3a-a289-4f3e-8c48-aefce04113cf,Aisle-S33,AIS33,cffb871e-67c6-4c73-81d2-1a12a601fe75
e6d7cfe9-4c4a-4c60-9c07-ef39e8767f3f,Block-U12,BLU12,7ad1b42b-b58b-45c4-a380-bd0ab6ed8904
bb668bc0-dfcd-4e01-b9d7-2f2e5a32027b,Bin-A73,BIA73,f17ec782-cfb6-4344-8d08-43b5bb714262
b428e87c-55a9-4e05-82ad-c4f136dc8633,Aisle-I42,AII42,0f1f9ca1-5a8c-43ff-9a87-ea3dd11f735c
44a80161-1575-4ea2-8437-f5c4fd2e8256,Unit-D34,UND34,7c5ea4f6-997a-47c0-b8a7-6907deb695d2
01a41242-120f-4717-82c5-938d83b6b021,Bay-O06,BAO06,04b56a35-26d5-4538-8589-449ebaacbca2
adb537e8-bbaa-4ba0-83e2-642786e811b5,Section-N01,SEN01,3ab19e86-73b9-4fde-a86d-6bde0c3aaecb
02c56944-046c-4103-8290-23167a20807a,Bay-D63,BAD63,c62a6a19-1c62-4c31-992d-208ac3b5b0e0
1646e481-e6b0-4062-b1eb-d270a52962a4,Block-A22,BLA22,243c1979-be91-4948-94ea-316595471e91
00735024-43b7-44ca-a0c1-2b74ccc488ae,Zone-F43,ZOF43,54bdbf1a-9924-4bd4-aad6-9b15d97ca626
0e15da0c-8cc0-4d70-bce7-1ce239c43e28,Section-V85,SEV85,532f7540-858a-44dd-a1e6-5d0832b54278
5383e059-6c11-44e2-a8a4-9e0e7ff92aad,Section-I96,SEI96,4b85c199-49a1-4866-b4e2-7567b2f3024d
d1c9ee60-984d-4cb1-9ca5-721e6dc43b95,Row-N24,RON24,771b41a2-84a9-4b9f-b675-c65533c2194c
cc0ae2cc-fa7a-4e37-a240-3ad3cf189672,Unit-A74,UNA74,b789ce84-6b14-4338-ab3d-9e32c51f3df6
2fa45338-6f3b-4fe7-a350-ff948977908b,Bay-C63,BAC63,f214a484-b913-4122-95ef-0fc101396cf4
a82fd829-c2c9-4fc6-a370-95514357a73f,Bay-V05,BAV05,23d92395-1901-4821-85a3-2cdaf169b94b
0b93961b-81c4-4c79-b74e-320b50945013,Block-H58,BLH58,e6d5f71b-6de8-480c-b448-67c32075db37
d6ab4fe2-4435-446e-8178-74f970c80add,Zone-Y71,ZOY71,b3e1f200-52f2-4a31-810b-1cad8d38184e
89ff83b3-6d00-412a-a9ec-8d5df8adf809,Unit-F71,UNF71,e685cfdb-8f03-4df0-b6f9-cbb3fd3f85ac
a74b01e7-5082-46f9-af97-549df1d95a9b,Row-G79,ROG79,1401fb82-7b9f-48e0-883a-f89960b2be60
d2d41471-79d6-42aa-b3bb-3e42010aaafb,Section-Y79,SEY79,1c4e2c34-20e9-4274-bda7-7861a753e57a
bde1f8a7-fdde-4160-a716-fcd52a1a57d2,Bin-U14,BIU14,175f4418-cf94-443d-81dd-d5a6136d75f5
d674dc38-db64-4604-9b5c-8b1af0edeece,Unit-F75,UNF75,52fbf5ce-6906-4db9-96c4-af839651ca01
f11fa850-6f79-41cf-a810-0c97d4f6e70d,Zone-N14,ZON14,9e721474-5070-467c-bbb1-9b7246315081
22c4eb78-fe4b-4a96-a99e-6d58b8199f54,Rack-Z49,RAZ49,ab1ea0a6-4630-4e63-8bc7-2b04c2f26701
abe00cd3-b715-4315-9f04-21797353dcf4,Block-I93,BLI93,2641d951-dbfc-404e-a25c-cdbc72c772c1
d78cbbbc-bb90-42e4-8d26-651ad7a054c2,Row-M34,ROM34,c79fa5b9-2f0e-4dae-a069-bb4428099a84
82c47972-42fa-4f23-a365-f35397dff919,Unit-L49,UNL49,4eaf1631-894c-488e-a85d-d4143bfc1646
8c9b6c6f-6e69-4ae7-8822-bb64a00f774a,Zone-B72,ZOB72,4047cc25-ba21-45a8-bcf6-a36d24c12be3
34babd37-1ef4-46e6-87b3-838895c7bbe1,Zone-B96,ZOB96,6101a413-e09a-4d4f-b899-bd291c906d79
527565c8-fa16-41a4-9cf3-fecef95246e8,Bay-H74,BAH74,6c2946a4-b6fe-481a-8b69-232d550bdd30
a3563776-e97a-4cc7-ad87-015f1d0f0d5f,Bin-E46,BIE46,4d0ae3c6-423b-420e-8d30-4c05baa6d50c
c76aa92b-971a-441e-bc06-a061cebb5b7d,Rack-S75,RAS75,7a17583d-3be8-422b-b3f3-525ce04e3056
a6cf7598-66b9-477d-bade-da73e85d6a62,Unit-N16,UNN16,72d1d200-6620-4e11-a0d9-c838dc242f53
feea08a3-59a9-46f7-9a3c-a4df0b158ac9,Aisle-Q45,AIQ45,0dbf12a7-1344-44f1-9fd2-633d0c08e878
3ac3dc06-26e2-422d-bb63-859bd70170ed,Shelf-I31,SHI31,d9ae0cfb-9634-4d14-bb7a-b891ea8d8954
b6d1651a-047a-49ec-8af5-433bc6151fbf,Aisle-K88,AIK88,9c55317f-23a8-48a2-897e-13992ecabf14
85551486-9b10-479e-a3b6-2ed1a4562f7c,Aisle-A32,AIA32,25669086-c72a-41ad-b010-386f1aad36b7
4296f5b0-85a3-49fa-9d7d-c6a4d297e0c0,Unit-Y53,UNY53,6d2c361f-12ef-453e-abe7-80c72fa003ca
73841500-1188-42ff-8dc2-428740631330,Bin-D69,BID69,e8def29c-3714-4907-a2b3-1d0b68220b81
16bb109a-a46f-4da3-a96e-fb439e43ce0d,Bin-Z68,BIZ68,565ccb84-9915-4c61-a2a7-f8deb25d0ee2
35263db5-bbb3-472c-bd04-b01912254df6,Zone-F68,ZOF68,a834202b-76f4-4e70-aefe-4ad913e281e9
3e25f02b-1834-4425-b31b-f34205e9983e,Bin-Y06,BIY06,acca172b-6c31-44c0-ba89-c3ba52ba428d
3ef51ba6-c4b2-4f7c-95f9-eb3d10ca057d,Section-A56,SEA56,78a53e6d-68ec-49f6-a112-bd3090ba9149
32e59507-1591-4d96-8d78-1176bfef0a6b,Section-A94,SEA94,fa4b64e7-46ee-4257-aa0b-647bda47c305
93d41d66-13f8-48c9-bc89-8caeacb8e84e,Section-Z07,SEZ07,45995bc4-4347-4899-b07e-ba994b5c2f84
2b138073-8fb0-4d15-9d33-906cf3036288,Unit-Q38,UNQ38,a1e42f9c-37a9-477b-a345-898ea023d58d
818191f9-cf2d-4db6-bd14-ec26c699ff34,Shelf-X56,SHX56,a5f5cf23-7ae9-4d19-b475-7427497d3b3c
97102f16-33c6-4676-91df-958305dea91d,Row-Z52,ROZ52,efc57e51-5707-450d-a2bc-4c78e54f91f0
ac359528-0ab2-4394-b3f5-cfda59285fc9,Aisle-W89,AIW89,3e55b9f8-96d5-4321-923c-7443ad90288e
0506d20d-8a7d-4149-8362-98e64601096c,Bin-U16,BIU16,1da9d3cf-11fd-4f87-96e8-e749ef3748d3
9c971720-66d1-48ed-967a-b0082786c2b0,Zone-A63,ZOA63,0be1cc1e-8da1-49d5-b6f9-99f430bc5f28
c2672d44-e8f1-4cff-8ed4-f00afae7273c,Bin-O05,BIO05,3107c3ec-6966-4a9a-91de-b54ccb5dc75e
074848d3-296c-458f-bb99-05a1417e2cd4,Zone-P38,ZOP38,0cd70b86-b56d-44e0-8ff5-36ec2c1cc9c5
da8a5c9d-cffe-4e72-a557-8701248d8504,Zone-W36,ZOW36,0e0a2ad1-099a-491f-961b-cc6e69e1ed0b
4b321b31-0748-48ee-a2ab-68af47483053,Block-S15,BLS15,82fe5a62-2bf6-43e1-b296-09bb02fa939d
4dff254e-9d09-4a47-91de-58e89c862f6b,Section-Q59,SEQ59,10be280e-e28c-4eed-961c-05efc8ec8b26
4b7e4fb8-7f9d-4030-9b6a-1a91a0319dcd,Row-G71,ROG71,4c372821-4e09-4f2b-a638-725e04b9ee90
ea0fb04e-89be-4e6c-b0fe-5651c67840c2,Section-D99,SED99,43ce08fe-eda5-4f15-b0f9-208722cd618d
f12540e1-c217-4277-b196-2269f0df1146,Zone-N64,ZON64,bbb5132b-cec9-4238-a440-833748d4a5e9
a098a7c5-3a64-492d-8923-faa9dd4f3742,Bin-K77,BIK77,00b27db1-397b-4c14-b8c0-2024cd5e6e13
20f8cb4c-e10d-430f-aaa8-434135088560,Bin-F73,BIF73,12537b05-3653-4fee-a145-116a70b21860
f2e542e7-eaf8-499e-9ae1-2ae1fceb464f,Aisle-X53,AIX53,862e5069-5e06-4064-9fca-e7adbcb3214d
4857d964-8f81-4f7a-a221-bce6914b19a3,Aisle-W61,AIW61,37813b83-49ad-43d2-a0d5-e42b69dafcc1
6ecb7fa3-f5c1-4607-b620-8e564fb296f0,Aisle-I30,AII30,0546e2cb-9477-4be8-a082-b89ff32d1d30
e61d7f73-912e-4c7f-b3dd-90eeecdcb393,Rack-G87,RAG87,f6b3e0f0-5d88-473f-acd5-4a36a224c075
9df52a64-98e1-41c0-94c4-05fd401fe683,Bin-V06,BIV06,31f370c2-2bbb-40b8-9739-40632a1c2615
6752a7ea-39c1-4c51-ae08-3d22d597679d,Block-M98,BLM98,508466ea-cace-4227-81b6-cb45460bc99a
f67b24c8-0df1-48f5-849d-1f0abbeafaca,Shelf-I09,SHI09,29357020-284d-4fab-9cb3-100558f4f47e
a463b66c-6873-4a05-96ba-6d4481292cf2,Bay-G03,BAG03,883405f1-9024-41fd-b709-6025aa1aff97
16d2a612-4681-4550-b688-90630e93b6df,Block-Q84,BLQ84,21a8f9b5-035a-4858-9570-7bc740b601ae
7f9fc42e-fe4a-4a30-ade9-2ec41101717a,Aisle-S65,AIS65,27d569dc-6892-46ba-9945-72592508f445
67088edc-21b1-413c-9e90-f8176bf6a184,Block-Z89,BLZ89,77dc9d46-4912-41ec-a89f-b5dbb94add2f
91dd6045-2a2c-4c90-841b-d3c891fe8312,Shelf-U82,SHU82,ea24dcc0-e969-423e-8fd6-5b2eb8db3e8b
b8812941-f330-422e-b5bf-875fab95c8bc,Rack-L93,RAL93,6e5c5954-e7d5-44e4-ba88-d9b2db377e34
86bd1ffd-9dcc-4fce-9c97-371783b60baf,Bin-D61,BID61,aa2a9e2f-3aca-41c9-8703-50ce5d1ddb91
7c086fb0-4778-4d8e-afe8-d6782f6aca72,Aisle-V35,AIV35,9fd214f9-335b-4014-abed-093611dd2cdb
67191956-d3fc-478e-9a1b-98d41fb95452,Section-N96,SEN96,200c8403-7d73-4c97-b1b3-9aeca5321cb8
96e86617-9062-4f6e-b6ef-31bf57a6b38d,Row-I94,ROI94,28935d9f-9bcf-4f6a-9e8c-8aaf22699055
1b15846a-444c-48ae-9dc6-19c576d37012,Row-H69,ROH69,2c871043-66d3-4ee6-86a5-21ee2082b06a
50aded7c-7bde-457d-bb2a-97d3217930c2,Shelf-G10,SHG10,a98b4d25-8e55-4702-be4f-03577941c087
a591a344-a268-49bc-9d5a-8660cab0d7cc,Bay-G37,BAG37,8fb00a69-d105-40cd-9cdd-10c0ebc825fd
20c28982-3ba1-4fb6-99c7-7e60d030f27c,Section-L87,SEL87,4313051f-d745-4744-9ba1-8e7daff361c1
3ce570f8-668c-48b2-9f9e-4f0eb0cb955a,Shelf-Z56,SHZ56,c31aa383-d078-466d-b598-a0b725b981d9
a9a6a186-e4cd-41ff-93e9-c5cc48172c77,Aisle-N16,AIN16,68a78b7c-403e-4656-90c9-8a16ab2d640a
de358f3f-5b7a-4172-acca-698a34216ec2,Shelf-X37,SHX37,8b788f38-8794-40ba-a5ec-bb5ed29196e7
b079b0f2-ab58-4585-b7b1-a4264d698345,Block-F04,BLF04,3465d7c2-8415-4afc-a7e5-f024e6ad7104
223860a9-cfd7-4443-8fb9-f12fd0a64bef,Section-I60,SEI60,68f843ef-2523-457d-a09f-07e9b4c37023
d7daacc0-edf4-40a3-a7d8-6fe8887143e1,Row-Z97,ROZ97,c5c520db-61d4-47b5-b0f1-9530a6686c45
ab93232f-e96a-44be-a3e2-5ab996196802,Zone-J16,ZOJ16,108f0e26-23d8-4b28-82b9-046dcd81f5c5
d9d70636-757c-4a23-ac06-288175fe5746,Zone-L54,ZOL54,7721e3ef-c102-4605-9e4e-812272e91c1c
333a1887-ef94-47d9-967a-b2830a9ab8a9,Row-G09,ROG09,e3a96e58-87eb-4f63-bc96-3d78b41b18d0
5c296603-e368-4bbd-9043-2f3020f32271,Block-Q69,BLQ69,d031c288-03f8-45ec-a738-cd573c351968
055ccdbb-8eae-4ef7-a375-2d35c0416420,Bin-F52,BIF52,a103d0e0-bedf-4d61-b6bd-de4d399a5af0
c5ddbbb7-fe60-4fd0-b136-9b966fec2f1f,Section-P82,SEP82,f63bd39a-dc6d-4d82-9379-55e9baf5e8ad
f81c7cd7-6444-4210-94b5-cd596aafb0ab,Rack-R83,RAR83,75afaa04-561a-4cd7-baa5-f8dd2f7050ff
1839ac6c-e836-4582-8cb6-ed73fc1e2ce8,Bin-I29,BII29,46947bdb-1930-4528-a769-5b5b7d2daf53
9fadf76c-c031-4ee7-b7a9-87be31af6d07,Section-B16,SEB16,3860b7cb-d193-4677-973d-1517fa91c6f0
b52b7557-4808-4eee-a077-46db29f031da,Unit-V47,UNV47,3fcf26dd-24a8-47f1-a2a7-4a0cbdb1af01
743a24c9-cf5a-40d1-852c-95338bef0ba0,Unit-X14,UNX14,4b2c409b-a2d5-47c5-916d-03e36ec948b4
20854d8f-20a8-45a6-99b5-af497fc04b98,Zone-N02,ZON02,9ae0a6f7-c863-4a3d-9b9d-b76d7a934e85
871d7523-ae4e-4ea1-bb1b-80dc15a08100,Unit-B87,UNB87,57d8475d-e8c5-48a7-a507-e10176f8ecd4
eadaa2d6-7d83-48ef-9ba9-6053a9c2285d,Shelf-Q88,SHQ88,32e6b125-bde8-49a3-afa7-d232a4ed1b1b
1661b8b2-677b-4a69-94d9-f349dced0f6f,Aisle-J37,AIJ37,42802fb0-3d30-4a46-89a9-f8686e4c7c9d
66b0b21e-a534-438a-a8b1-bdb11871813e,Aisle-R68,AIR68,a30a897c-41c7-4715-ae29-1d1529ecfaac
e69aeca3-7806-4b95-8a64-94a53f7caf3c,Block-C60,BLC60,ee0b3504-28ba-4553-afb6-f01140fed2af
89a45ea3-684e-4cf3-8609-99a73f82a3b8,Bay-W49,BAW49,bebb388d-2816-4cc9-89a6-deb585f5a3f5
ee9fde08-4b07-4fa4-81db-cb7e7ac6d226,Unit-O28,UNO28,e1405ec0-c1da-4311-a9b8-866a5111c62b
beefdfe3-5d05-4725-86ba-e7c0698617de,Section-C34,SEC34,1903d5b6-3b65-43ae-951f-42ff6a42ae4a
70af87de-e85d-48ec-adde-a391fe0e791c,Section-W12,SEW12,29f29c06-6f07-444f-9232-5365f790f42c
039372c1-1ec6-41b6-bd09-aa46d083d5e3,Shelf-G58,SHG58,21c70f63-ddc0-427e-8945-f014ff537a8b
d3e54bd9-6a71-4a68-90aa-d767807be94b,Aisle-S95,AIS95,907f1e92-ed95-41ce-8472-ab2b7de01d8e
24542991-1675-4373-bbdc-e673a2474c47,Unit-X01,UNX01,d84df51e-9745-4b1f-a31c-04b264a85b3a
f0b13f4e-18c3-4947-b170-6c7d7bbc211e,Zone-A84,ZOA84,df80ef66-b3a0-4b3d-bb69-678a3c677d43
b456c37c-9d6d-4540-9b57-82ec9ec17754,Rack-Y83,RAY83,14dac1ab-3ecf-4ff5-9aef-2d4a7c89bd7e
29d4bd86-2c05-4efd-828b-1b22900647c6,Section-I73,SEI73,dad5cde9-1442-4c26-ab61-b52d6b2aa565
7de69e33-a2c4-494b-87c3-3b3443479279,Shelf-M37,SHM37,e85e1ea2-6975-49aa-9f17-af5f15682267
db9f635b-3d42-42ef-830d-59c1257448e0,Block-I75,BLI75,6055f2d2-6e68-4e03-be9d-7ba901bf8170
3546a055-c312-42bd-b8a5-b9aaefb4bf6f,Row-G72,ROG72,36d3f66d-129b-424a-88fb-4d8ab306a476
4ce081a1-ffff-4f59-a916-d8204097c900,Unit-Z13,UNZ13,aabea1ff-a95d-4b0e-859b-b998c1923310
4f78cba0-9ec5-4a8c-b787-0fefdd23e6c5,Section-X61,SEX61,db53e82f-8aab-4166-acc9-8104babd1ed8
b5768609-f060-4d4d-a943-c9639069f5eb,Aisle-U63,AIU63,f0e2625c-a3a0-4680-99ab-8d291dcc9371
7b230140-c577-4ab7-9bf6-fe341778e754,Shelf-R10,SHR10,de83d641-6f7c-4bed-ad33-946503003831
377d3935-7abf-4156-a948-65e49f7a5c7d,Zone-G85,ZOG85,9be612c6-be62-4285-9e90-535a0ecb56a4
8a8221f3-6682-4c60-a993-affaf5dded28,Aisle-L89,AIL89,55c0780c-3272-430f-85f2-506186fbb2a2
eebd0819-67d0-41ea-a687-f2b09233eafa,Unit-H05,UNH05,dd4a1769-0ad3-4dd2-88da-89c184fcefd1
2d0fe05c-ab66-403c-a454-93d2d45df8d6,Shelf-G51,SHG51,80b8ae0c-3939-4e48-ab0b-4129478769e1
e8516346-e0f3-4cb4-a6dd-99b98363f0a3,Shelf-N07,SHN07,86a08146-3882-4c5c-b2a3-69994ac0a964
8c9edb8f-da13-4e0b-841c-a3bb1c9d0931,Section-Q40,SEQ40,e7e61280-8386-49bc-a654-9ae391d49ada
cc7b128c-d2d0-4932-b67e-a02a48cbb9b2,Row-Y67,ROY67,d5d1c57c-1c2a-44ba-b42a-a48371948dca
a1ffed3c-ad81-4aaa-ac2c-223429480896,Block-A20,BLA20,bf3aece2-7311-441d-8130-da3d0e66b60e
1352ad4a-ff1f-4ae2-a6a3-0c293d4e249d,Row-J77,ROJ77,b073103b-6051-4d5b-acbf-a08dfd6a52dc
f9aaebd6-a4b6-4f99-ad2f-ebafd9ce4a21,Row-F53,ROF53,2caeb868-1f69-4302-9863-81b040deb42b
4f4a083e-ca42-4d07-b47d-5b9c88a8b7ba,Unit-Q10,UNQ10,4e988cd5-1f72-453b-8951-ad376620c809
eca6a5f1-afea-4366-b928-939ee200079d,Zone-W04,ZOW04,322a06bb-cbe2-4ff1-bd44-3ad5eef06058
97f466bd-6cab-4aed-9a8e-24decc994848,Bin-C54,BIC54,20b0e00c-43f6-44e6-bbcb-35e3bf258eb6
fc20c41b-c5bc-4f86-a952-540d6ae8a347,Unit-C23,UNC23,543e7dd3-c97a-4a53-af22-36b56d6e899f
1f094b8b-973d-4c59-ac47-247835072a2a,Unit-V32,UNV32,1c2fb617-d392-4270-98f2-009454f31ccd
08eafa22-35a7-40ea-b4b8-bda297616892,Bin-U29,BIU29,e97e45d4-670a-4cad-a414-a935886c9043
ac31979c-363e-4cd5-baaf-d608b790d32f,Unit-K82,UNK82,b08063a1-1b42-4a4e-beb6-29293f626fa8
8c55849c-050a-4bdb-bee9-8eeb7751ee9f,Section-Y08,SEY08,f729ef63-2b06-4ce4-85e5-26583d0cee31
f645669e-fbcb-4cea-97c8-555d0c4cef8b,Aisle-Z24,AIZ24,c0402ab3-e6df-44d5-b5e9-91036d0c1d2e
11b49519-3ff7-4230-9ecb-8aa56a5bbf23,Unit-D36,UND36,f6cc43d2-d83a-47f6-9151-618ea586dbc5
068e76cc-7b0a-4571-a921-ff8156601437,Bin-L32,BIL32,e32548ba-7438-4973-a1ff-61fb8bcbf77c
827c59a1-4bf3-407a-a873-8d46394d7e4b,Zone-H54,ZOH54,382e1fd7-71b0-4dd3-a3ef-96b2180eedb6
6b7742dc-a058-4403-a80c-fb943912d085,Unit-X20,UNX20,aae23053-4ecc-4970-8ef2-9ee07e789246
189e9652-8131-40a3-af37-048f75f80c9a,Aisle-B57,AIB57,93d1ee49-407e-49e5-81a4-109a299b44bf
809d79df-03e6-4d92-a8cf-554490607393,Bay-Q54,BAQ54,af19d3bd-3c71-4d07-a647-6e49a382c66c
97cbab7b-f4ef-45a0-90f3-742bbe4473de,Shelf-K56,SHK56,f18d556f-9576-4441-ad33-51d1d77d72da
54e563b1-4126-4af6-b354-000609710f6a,Section-B89,SEB89,ab565fd5-1abe-440c-9d99-639add1dbb7c
b9e702d3-b4a6-4fa8-8009-2f9312347d88,Row-R04,ROR04,0dcf74d4-4059-4db5-b743-3f1783514b50
1779a508-8ba8-4fee-8f06-d4d9b7254a73,Bin-I50,BII50,554b1e8a-06ad-4b4e-9214-00eb0097fce5
5f126aee-4902-4d6f-9521-0ca91aa11c33,Rack-C36,RAC36,0906f9c1-552d-461c-ab77-774a7428d5be
0f85432c-3aaa-447b-b0c8-8a04e1253d68,Aisle-R01,AIR01,3145a975-69a0-4468-81c9-ce141932b542
cd1b346c-f4af-4f7b-9981-277f1f2c7da4,Bay-O14,BAO14,5f4a1d07-62a9-4981-8204-4e31d1d30f4d
a7381c44-40b5-4373-9471-9d08be1400e5,Rack-R26,RAR26,10033660-c6c6-4bef-853e-82a6ef009e2a
5f8fa30e-1e47-4d88-b88a-25e521cc07e4,Aisle-J71,AIJ71,a5df22da-3ce4-47bd-8f4d-122f9fb3a6d7
ddfe921a-b164-4459-8a3a-f4b0171c91f7,Bay-Q43,BAQ43,0fae9667-c383-4dc9-a205-104172e0e647
55938638-4fad-40c6-b3cd-6cec0284ffdf,Aisle-G58,AIG58,88fc188d-365d-45a9-8795-97a40e2da0d6
dadcdd55-34c0-4c07-b7d4-efdc87cd3f54,Unit-N90,UNN90,726b489e-1e60-4a2c-ae2a-2f7cff65b4a1
06e87486-aec4-442b-abfd-1c9fadeacd89,Row-H17,ROH17,8e8e5181-a2f5-47de-af40-17d873e1ca75
31250bec-08a4-4643-8de4-7b4a27c16e6e,Row-N04,RON04,c9f24359-c811-4fac-9034-e89828b3018b
95e6e385-443f-4a8b-92a0-cf24a934538c,Section-T84,SET84,c26ae744-9483-4ddd-8994-a5e90df8cb3b
e4f98e4c-a63f-4eea-89bc-8d411bb337a4,Shelf-W31,SHW31,fc395008-6d7a-4819-ad44-53aea2582204
1c189664-62ae-4076-88bb-f428a00d82a5,Unit-S75,UNS75,b8995761-3054-4f97-b232-94ac21879478
282b0760-5272-4e30-ad26-155813f102a8,Block-L99,BLL99,eaffb795-d650-4894-9806-3226fdf313af
5ed6c220-71a4-4f05-b40c-823ec252ef1b,Bay-C90,BAC90,e34c9d64-d4c3-40e3-ae04-9ff71a3b2782
7ee4ec67-54a4-46f1-b485-872dab72322f,Bin-R33,BIR33,35750288-e7cb-43db-9ca9-b47537f20fc4
cea98027-2d30-46a8-a102-14b7e2f9a894,Block-M91,BLM91,886f441e-9da1-4739-80ea-7a60b5d86399
01c54b68-fdd2-4089-ab5e-b45a13ba73e3,Section-P95,SEP95,04bf8ab2-aa72-4661-ad86-3f9e0af7eca9
f6601f65-c85e-4402-84fe-1f9e03dcf75e,Block-Y11,BLY11,a24ca557-7511-4d09-98da-19d6eb4ac538
6a37356b-8c82-4214-9e5e-13c8aa806838,Bay-L29,BAL29,99469e4a-c8a0-4896-a703-363798b0ce40
d4f25040-7e4c-4800-ab7c-13381422f34e,Row-O62,ROO62,1cc50d5b-40b1-4fb7-99ad-337f8e1b00cf
37b3f569-5082-4741-acaa-510df9240e84,Unit-L73,UNL73,48508589-a1f6-4f5c-a01d-9a8b27f5540c
5acbe827-ff4d-4ed3-a194-6c02b3062e96,Bin-I44,BII44,eb56c667-6bc7-4e79-bfc3-38e31b1c10ee
a2dd3cde-d8d3-4963-ab21-953d5897a54f,Section-N10,SEN10,04206e57-7c95-4263-850e-cfc3ff2aa7c8
d18bf3bd-a638-42a9-92ac-54c07674d426,Unit-W25,UNW25,f5844f30-8a9d-4c9e-a772-0d647ac8aafa
c6967374-8c06-4a33-bc59-89a1dc6657c7,Bay-J70,BAJ70,3760fd19-286c-49da-9dd6-57d68f5e956d
d894ee74-7280-4936-9987-1054e4158780,Aisle-G98,AIG98,e92aedc0-f794-4d8c-8603-318dff713ac3
e9f65818-9fbb-427d-a783-95ff7124cbe5,Rack-J17,RAJ17,ff49a368-16da-4b58-ae80-a4710dc79644
3bdad438-0f00-4b09-8594-1f8f01284841,Bay-K01,BAK01,87733e55-4fb2-4e8c-bda2-2d5246e40150
712df9e5-d6a2-430c-956d-0d0fea3e185c,Zone-M64,ZOM64,556d980e-b45d-486b-8c9b-63d49fbdd802
cc1de77c-0da6-4b7c-a98e-3c354a600851,Aisle-D62,AID62,b4a67078-4f91-49cc-8fde-6b434bc2ced8
0376ff0e-07bc-4806-a0e5-8cf011e3d98e,Aisle-T43,AIT43,bc9a0b33-3c24-475d-a704-aa038f0f59f7
55152496-b7d3-4714-b758-9a7fbab92a3f,Unit-R10,UNR10,0193d22c-8e53-4398-a933-d6b61d1f7ff8
c2b5e07b-ecc6-44b2-b306-c914625c81f4,Shelf-X01,SHX01,1350fe76-c083-418e-998a-f28ae504d84a
b6f4d0d5-655c-4a08-90ed-3e4428eed407,Row-X53,ROX53,186e39f5-0940-4f4b-b38e-927968193994
e9f0da55-63ff-4434-ba4c-a0c7ef1efd2d,Aisle-S38,AIS38,149dad2f-ddd6-441c-bd9a-9683e8b6cf97
b734b766-b00b-4f87-b431-34a1cfeca324,Section-Z66,SEZ66,2a5d4217-6db2-4b3a-b5e4-a28e85c49665
6cfa1d5a-1b3a-4e34-833a-f06cc5a813ae,Bay-G63,BAG63,aed29474-2d53-49b9-86f5-5d4e3d4b7dfd
cb4ccddb-923a-438c-aed5-4eaab8a45964,Shelf-U21,SHU21,ec0dd259-967b-4aa0-a5c1-8517200dd4ee
d4847294-6bcf-4e03-94ea-7ff186e384ff,Bin-R02,BIR02,93c792ea-5381-4406-b6d6-7b5649cf7a1f
3c756bd1-0fc1-48a1-9970-a458d2e6c77e,Block-K41,BLK41,316d4b61-3742-4bce-ae73-8fd375ec3425
40b7329b-4b6d-4d96-8d07-47a7710bb89c,Rack-Q53,RAQ53,0642c50b-62c5-4fbe-a1d5-0f88d244d90a
cf739b2d-99cc-4ca6-b6f0-a37ad60eb7ba,Bin-S60,BIS60,94b41166-bbf6-47b9-bf89-8ded7780b2b1
15fcb2cb-230f-400f-9d27-b8819ca3b241,Row-X96,ROX96,f988d08a-4be8-4d63-ac25-6c809f6f354f
fc76839c-8091-4cd9-a0b9-672d651c85c9,Section-T27,SET27,700ccfc5-fa07-4730-a00b-7016e35231fa
bdbe12f4-25f2-44e4-b26e-5072c6885a3c,Section-E80,SEE80,1fe1cf68-18ae-4975-bf1a-3c086a8346d7
b8a78d62-34a4-4af8-b977-37e70d957bb0,Rack-F87,RAF87,d428dd43-cdad-4b11-b24e-aa55e984b281
8719924f-fd81-4f05-94bb-cf1944fae55b,Zone-S38,ZOS38,9d033e38-2b96-40a3-9c39-fd1f0062ad27
fc0f3dd0-087a-4186-9aca-a7896ac772b2,Zone-B09,ZOB09,a17b565c-f8a9-47ef-b0b2-1966c0692199
b815d8d4-3669-4d7a-b6e6-e26d766c337f,Zone-O47,ZOO47,b9617a34-78f7-4994-96de-cfe9426912fd
fa02e98e-aebc-4ef1-a5e5-a1d91e3b9b9e,Zone-P39,ZOP39,d7c5a66d-8b78-4b7e-8ec9-dd50fc2787da
179fa5c6-d79f-4686-89cb-1ea78be8bb95,Block-G82,BLG82,5d4ac732-a49a-4992-b75d-1e4138b857f9
c92dd1c9-c6cd-4d76-890b-887ec20e498e,Unit-C02,UNC02,29782eca-2c6b-4c18-9520-3667a15bb067
8e245d8b-4264-4004-b523-df4aa891f020,Rack-Z44,RAZ44,82b722b2-447a-46f5-bfcc-a3bd467ffb22
15d6781a-6a70-4bed-b5f0-c6f0b37de8a5,Rack-K41,RAK41,441ff02e-6557-48d9-b6df-ced42672f485
d8ebe20a-3176-4e6e-8918-8a9b5525a53a,Section-Q92,SEQ92,985debfa-bcec-42e9-aeb1-611f27c9072b
a650a77a-55b1-469d-ac0e-138a61d51333,Shelf-B74,SHB74,5c9606f6-466a-4849-aed4-06c4a302df3d
f954830b-4fd5-425d-bc54-8bc59d6e04d7,Rack-Y04,RAY04,5ddbae8e-f37e-4ec3-8d3e-3fc05739349f
691f4b49-9191-4853-a688-9be1aa3f110d,Block-D53,BLD53,f271a49d-7f2d-4a9e-8395-112843818cda
387454d3-06f5-4b0c-be85-eebd24d993c3,Zone-G11,ZOG11,93410e8a-eb05-4ca9-8078-656a306b9b40
853fc226-8c77-4fed-ab26-b27b0c3845c6,Block-M03,BLM03,5692eb28-eacf-4cc1-994d-b6f1ed513dac
1e70100e-d68a-431d-bd4c-6387bf61ec75,Bay-J89,BAJ89,f2336daf-95a2-46d5-8bae-0832301e6ae9
064d4a88-73b5-4159-9629-23e389551f84,Block-T60,BLT60,36758489-02f4-4556-a98c-89cb33296c9b
4039e7b9-82c3-45d8-bb79-27a807f21cfa,Shelf-Q11,SHQ11,2322b2ba-07de-4b94-851f-f0c37a9a52ee
466cf4af-83b6-4f93-9209-5c99603f89a6,Section-H98,SEH98,d32b7f10-013b-4226-81c1-86d48d750f17
87cb8118-6e5c-48ba-ad4c-b398051eef0b,Bin-O43,BIO43,44d7fe31-2ab5-4fb0-a1f9-386fe71b8629
18f7e8d2-a255-4fba-8541-8d2eade25d0e,Zone-Z47,ZOZ47,f189f346-cd66-4b77-899a-763ce0802dd4
49ed63f3-247f-4325-acc9-ec0d5e2020ce,Block-Z03,BLZ03,efb09cbb-4d51-4240-9190-4cfad12d5d82
aa37c6cc-796e-411a-bd74-cab84eb4d0d0,Unit-G35,UNG35,bea4f4e1-066f-4331-ac1d-eae787745b62
59a0a8b2-a399-46ae-91f0-675204b3795c,Block-A48,BLA48,c4a50bf8-8eab-4ab2-98f2-eb94e76a32dd
fc516584-3c92-49d1-99fc-03ad59a081be,Section-Q70,SEQ70,513b4ec3-a6c0-4771-b1bf-972a6eaa5066
9597320f-220f-45c2-8f71-e4dee439e009,Bay-T91,BAT91,9521f9b9-cc2a-4b87-bbb3-04f1f376e2d0
cbb9c353-521e-4954-93c3-fc5fc09f60a1,Block-S52,BLS52,f9e98d2e-b57d-4589-a1c6-cb891ecfb4a9
1e224b2d-ef4e-4330-89d5-f30d95ce625d,Rack-R91,RAR91,862e5069-5e06-4064-9fca-e7adbcb3214d
eddca2e9-b027-4021-a8d0-83f9ebeab658,Unit-O97,UNO97,8dff4028-88d8-426c-a876-898294dec281
6387077b-65c7-4bd2-b6b5-7cad9e8ca156,Unit-R05,UNR05,d9072177-c4b6-4263-ba0e-b2e7f46bf246
59db5370-9c42-4169-9791-22f66e08a3d8,Shelf-J82,SHJ82,a0601b51-74af-4dfb-8b8c-cfdd74673d7e
fb45f615-327e-4039-b10e-095918df3d78,Section-N29,SEN29,d40719ba-403f-44f7-9b6e-fa7c329e5c26
5352aede-a331-4b39-8d08-a2cbaa762647,Unit-O34,UNO34,48dbee63-c40f-48cd-b876-73d6fdea9cea
60b0ead8-7328-4244-bcb1-98d7cba6febe,Shelf-E96,SHE96,6a60a57a-e9e1-4dc8-bfba-ef640430e158
1833a2d1-96de-4c71-a7ef-5e824d9df71f,Shelf-S31,SHS31,352d4697-23fb-410f-a461-1d682865d2a7
89f10584-ed6d-48ef-9211-bd74ce27e169,Bin-B22,BIB22,bafc82cc-a11e-46fb-8270-07c026b1c03d
ba47f166-6e2c-441c-8d5d-8e079e8ce57d,Bin-G03,BIG03,bf17f34c-1023-4e78-89ea-11a4361d5024
11ef96c2-f7c8-4d89-a537-ed3ab9c32d3b,Bay-J28,BAJ28,5aca5927-e1d3-4c9f-b411-b7f6737e7e75
968bd0ec-ccb0-4f39-8932-bfc99186dba8,Aisle-C26,AIC26,bf96d77f-c955-4da6-8dfc-882a0000cfbb
9f532dde-4c1c-4ec8-a3e7-a9680a3ad182,Zone-K57,ZOK57,8b4a3eca-3ad7-4431-9608-e5bf3c378f5f
0ce7cf76-9e8d-4814-a538-67c6db651104,Bin-T04,BIT04,7defe4a4-9a65-4359-a1bb-497d1f1fe083
0d4455c7-74e8-4a2d-bc5f-6800066c00fd,Row-F44,ROF44,6ffe5c19-7464-48dc-958d-0b59036be491
d6d30ba4-ba3f-4647-b5d6-88670b0c993e,Block-Z97,BLZ97,c725f961-9c65-4899-bc58-faf097bfb52b
742c4055-0f73-43f7-b05a-d05513885ca9,Row-E32,ROE32,66f12ddb-215c-4f27-b3cf-5616361923bb
e68ef4a5-6d87-456b-83fa-18c58f9cf0fd,Block-U27,BLU27,075a62d7-70fc-46d9-9a49-ef0a1a0d5863
446d4569-34f7-4f80-b3ad-815eb3c8e4d0,Zone-O68,ZOO68,c0e8a6a4-b45d-4bac-88e1-c1c7f778869d
1106cbc7-5772-440f-8195-0d5cfb6e29c1,Row-W10,ROW10,63c586bd-a130-440f-9514-53af30d61fcb
33166933-1c43-4989-b77b-58709c0a84d1,Shelf-Z07,SHZ07,44e60b94-3486-4867-aa6f-4e828b087cdf
56be3f93-7504-43e4-b49e-614a46d63afc,Shelf-H52,SHH52,2641d951-dbfc-404e-a25c-cdbc72c772c1
895f3135-1f49-4e32-8e6d-573ae0a5be87,Row-P49,ROP49,17c603d3-7c88-46c6-be95-d1aed4f75e46
59ebc521-79e6-4cd3-802f-040a889592e0,Bin-L75,BIL75,86a08146-3882-4c5c-b2a3-69994ac0a964
98473256-4463-45f2-9d4e-855bd7edeefe,Aisle-X17,AIX17,35de949b-779f-49cc-998b-653368a36cbc
b3caa294-945a-45fc-85e8-e341e7d45f36,Bin-M62,BIM62,f1f7bcee-fedf-4578-8deb-91bdca138d8e
988a96b3-09e9-4105-9fcb-97c290de9fcd,Row-C76,ROC76,d93215a6-2b03-40c6-88a9-1dae9fa8628f
52f350fc-e174-4a0b-b98b-67778a491c36,Row-K43,ROK43,68310660-60a0-4547-a9c2-cf8dcf0c961d
4e9bef29-79cc-417f-8f15-a9d0bc586808,Bin-D17,BID17,d43561dc-7851-45c4-be35-a31e4993cb2a
4e729ead-6a96-4c60-a2b7-bd20fc53e02b,Bin-J43,BIJ43,d59435b8-fdf3-4e02-bcb2-3477a470b74a
ec209537-5381-4bc1-b341-6d69b0c35b3d,Rack-F69,RAF69,cd48b5f5-dcc3-4c77-bbb7-49321f501dbc
8e73d4f7-502e-4016-ab30-1f95397fbd4b,Bay-G72,BAG72,9e43300c-eb26-4f87-87bc-920193e6e5c3
35eaf4f8-65d1-4153-ba96-525fdeb110c3,Aisle-M76,AIM76,ebd33003-6b40-4933-87a0-4468f1974bd8
5d81b4ac-c499-4a0f-9abb-c63029b0b991,Block-S36,BLS36,671c0de8-c5ff-46e1-833d-40f03f090c15
c333d721-5560-4853-a838-b481fc7ee898,Section-V50,SEV50,6ab541ff-4ed6-4718-b07c-6b94b707d228
b2746196-5fa4-453e-8f91-cb572dfea6c9,Row-I99,ROI99,8e1cb96b-f18f-4f2d-bb28-855f962c1507
14ccc8f8-fffb-46f9-b113-91b54c88c3d0,Unit-N65,UNN65,ef5db078-44cf-4815-9dee-ec8b0514de7f
9a94d750-088a-4ee1-a1b7-2bcf458e4ad4,Bin-M78,BIM78,87d58fc6-a8f3-4401-9548-1470b0791c91
930bcb44-d08d-4c1f-9931-772fe1e66ae3,Unit-Y62,UNY62,4405a677-02f2-4a3a-8de3-4e8884bfceac
e698de22-9329-434a-866f-9e4cc5b62ae9,Block-H73,BLH73,d34102d6-1e7b-400d-8b4f-f0cb77d84aa6
572b4289-cd6d-464d-93f3-dc03e70fcfe7,Bay-D70,BAD70,fc3fbe73-b41f-4311-bcab-c0d2e5762800
3d972c0d-0795-46cc-b7a3-ec0cac850403,Zone-S05,ZOS05,9ff32cfd-0864-42eb-8d7b-a15629192d22
79b5aed3-a84a-4085-977a-83f0a4e8cc40,Bin-B88,BIB88,94f10b48-a1eb-43d2-bc06-5123c87e8deb
8a5f5cae-59ee-4027-8d5a-d09c4bad620f,Bay-I60,BAI60,2674adbf-340d-4f72-95d1-60126b7b2f80
6e8842fa-49ad-4f55-a079-f96512a3e63c,Aisle-O07,AIO07,b57312ce-7f0a-4cca-bf8e-c277b149ecfc
ce80cedc-1e72-4e55-a403-7a5084c51b86,Aisle-L39,AIL39,537202a3-8c96-4101-bfad-c28be83fb1e6
50812114-b007-4c34-afb3-bda0d8d8ae91,Zone-X20,ZOX20,b6901c32-11ad-495b-bd56-37534b492295
20926e62-2daa-4d5f-8f03-c68619df901c,Unit-N09,UNN09,105f4562-3c7f-4935-8acf-cb8381469e3f
93958597-46c5-40a9-a39f-d40f3035b29a,Bin-K33,BIK33,0cb22862-cc4a-4ced-a255-2414f54cfe78
e1add251-afb2-4971-9444-f6be866dde1e,Aisle-R61,AIR61,dc03fd58-a4b3-4a72-989f-2d9a126175bb
e7456000-26c5-495f-a520-965ea7fa8d1a,Rack-O41,RAO41,d4014c20-a3e4-4a83-864a-4175dcc0c449
c424461b-e279-47ee-af4c-502448a067f1,Bin-H79,BIH79,4dd189a8-3e81-47de-ad59-9413fa9d5beb
5e6945b2-f315-4e3f-80db-c0002dc04b57,Bay-M01,BAM01,11f03e9c-3dad-45ba-bbd5-177257b6663e
6231add7-0ad1-4a10-9e90-f6a0049c6549,Row-R22,ROR22,f090a935-ed09-4f5c-aa14-fc3f708cdad3
ae6879d4-157a-42e6-87bf-599bdbbd68e5,Rack-H41,RAH41,6d54d193-3927-41ed-8519-7e9a155018ad
1178a46a-c622-43c1-b536-0306832233e3,Unit-T78,UNT78,c04044d9-e472-418d-9798-874351c89384
85ca94b1-0008-40b0-9fc5-7b7bd5e394d7,Rack-R84,RAR84,2f31adad-c681-4d69-b5f3-272a07d75fe4
dc327da6-e2a1-451a-b7b1-6473e4581c99,Unit-P62,UNP62,d94c7cc3-e3e7-4ef6-859f-92740882bc7b
cce5a51e-48d4-4728-bbd6-5b11df13fc12,Rack-X61,RAX61,0ce12fac-d3f7-444a-98ae-86a58af16816
5ecf2e2b-5c12-4d9f-99d0-066b9a2650cf,Rack-D25,RAD25,f185c92a-f0e9-472c-bcb1-23365ba300e3
3013b560-a80b-432a-8e56-9d2c2725bbad,Bin-G77,BIG77,e7c6ff43-d676-4651-b93b-3dcffc8b31b8
6bcb6b72-c1c7-43b3-9d82-566eec3f8fc8,Zone-M58,ZOM58,54bdbf1a-9924-4bd4-aad6-9b15d97ca626
a7a57c51-7112-490f-9ce0-647c0c82b34f,Bay-Y87,BAY87,aa332739-9ae5-4599-b22e-837ba1e26438
16be0b82-a266-47ff-9d58-dbd87eaa5431,Section-C98,SEC98,f02d6d4d-659e-4235-9f27-7a01510374be
92039d53-20be-4305-b4f8-5a8987e87a87,Row-C67,ROC67,98e2bf0b-5042-41ad-bdbf-eec46534529f
fd23a41f-bab0-47c8-847d-d471b0258a6a,Aisle-N53,AIN53,b7d83b50-e97d-4636-ad72-e52e24a19fc7
f2922f11-a25e-48de-ad07-2be097a2ff4a,Unit-N09,UNN09,c62a6a19-1c62-4c31-992d-208ac3b5b0e0
54c92dc8-c9f2-484b-a41e-683b96837506,Section-Z29,SEZ29,402960ad-d84a-4c46-bd2f-7ab029693781
7e097556-0b87-49b4-b006-9aeb6cf43823,Block-G69,BLG69,1227ac2a-5b2d-431b-bd00-312ea15858c0
218cd162-88e2-49f7-a205-c4c2bb50954b,Section-A26,SEA26,3bdb307e-7b0e-4c0b-adb3-b914bfda48fe
c60901d1-5180-4a4c-9a27-029f30571d0a,Block-E39,BLE39,e4dc629d-7166-484a-a09d-977916729f3b
efcf958c-4560-4155-ba0a-b0dd9c6ab453,Block-J04,BLJ04,3b8d0957-f95e-4217-b173-af060de82750
46459df1-a2f3-4218-8ae5-8ca196272166,Bay-M51,BAM51,a435622f-ed05-4a59-8cdd-abf3074009d7
66add1c0-c92c-4192-93b6-4762c3cef560,Bay-S63,BAS63,478d2f23-f371-434c-9eb1-c5c619e5db09
9b12ebbc-99d8-4972-b2ce-d2dbbc3667f8,Rack-Y41,RAY41,f3658870-26d2-45fb-8e2a-70d46dcc9188
a7dc8912-0059-4bb2-b191-5ea87b808aeb,Block-J35,BLJ35,58848219-b544-4699-87df-be76a04da572
04c22aa0-80f7-4d16-928f-d21c4d4d0749,Bay-S84,BAS84,ec9b94db-2711-4682-a372-a0a1f076e3b1
fa82835c-813e-4569-b522-c0770433179d,Bay-D17,BAD17,253cc04c-f49f-42ce-8a96-12e23e96f555
5d287e9b-b6ff-4174-831e-e724fc65ecfc,Row-M22,ROM22,92bc9286-db21-42d7-b29e-b54c806df8f9
1348ef99-ac4f-4b9a-8add-0f85b33bda07,Unit-U05,UNU05,1e1d6d25-d90f-4e09-8103-2b3d06d451fe
6ff3760f-088c-4202-967b-cebc4fb51438,Aisle-Q79,AIQ79,2e0f53fe-2825-43da-9e10-84b6e8b2221e
c65b55a9-990f-44ca-8b6e-931060c65f5f,Bay-Q21,BAQ21,1bf12011-4aa3-4240-bd13-2ed796fb2519
90efda3b-4727-4dd7-a38d-397dc001ffba,Rack-A87,RAA87,43d153d4-e7a0-4301-9499-72a935dc9c6a
bf61db9b-1b48-4c05-9230-af61d77f80a6,Aisle-A46,AIA46,48b2a7f7-2068-418a-99c6-f4162dfaa7b0
4201f920-f20f-4993-af0f-878145285613,Block-K04,BLK04,dc8bd635-9e2d-4a76-baad-7171bd17ab71
6a44d11b-bda1-4e6c-966e-39c1de49d1dc,Zone-M68,ZOM68,cb18ba10-d780-4dae-a7fc-15546ee841cc
db86761e-9f5e-4c36-9fee-1e2dc5b611e7,Bin-N77,BIN77,4c89f230-d88d-46e1-86d6-a6f90f154541
08069400-928a-4ad5-a36d-06050ba43b6c,Rack-C77,RAC77,016ed0e3-f454-4275-91dc-5efb766a8485
7637cdce-6793-4eca-809d-cc9fca856e70,Section-G12,SEG12,7b055369-5b3b-41e0-ade5-45a1c8f1f044
8afbbc34-324e-47b2-a571-03d2d28b3312,Aisle-Z39,AIZ39,fff1b20a-ca47-4b22-875b-921ebcbaafa9
44ddfba3-84e2-4b22-8fd4-6e9e3f175ad3,Bay-D41,BAD41,d3b18af3-c00d-4d0c-8375-8a6dd80021bb
788f5d09-3146-4694-a849-5e272b06057b,Zone-Q89,ZOQ89,9aedc1a1-a3bb-42ca-bf1d-a77b297cd82d
1b37a324-3c78-4347-bf8b-e8d4e4290562,Aisle-O55,AIO55,29b0c618-a00e-4ede-af79-e82a3dc23001
3925a82e-f44f-4677-a188-7b8fda4da3a4,Block-C84,BLC84,b0d127d8-b17c-48c7-927c-c7d874f084dc
6c91b28e-6643-4f9a-acee-1783ed7a3e34,Row-O94,ROO94,aceb67b6-9c9b-42b3-8fca-e3b860445275
eb09f3b8-7013-4b34-afe8-4bf3180f08e0,Section-Z31,SEZ31,ab395233-3011-4010-819f-50b8dcfb32dc
7f9c8df7-40e1-44e8-9140-bbb4a59ea932,Section-K56,SEK56,2bb23721-4973-47a3-b05a-5980527b1cad
4f64e467-4339-4ea3-b18e-fecc6c65c58e,Aisle-A12,AIA12,158a87a5-b657-4722-8a28-29eca5cf7cc7
b09b23f1-d6de-479a-a095-0224914d2c6d,Bay-I42,BAI42,ed92cf8a-ce2d-4f62-954b-74dafff22453
ebd756a4-b34a-4162-8c68-deffe95ddf25,Block-M11,BLM11,58b8aae0-42f2-4285-a304-73748e3d3c40
4f15eb3a-a1ea-426e-9bdf-05e5b0b1457e,Aisle-S92,AIS92,4bf84255-39f7-42de-894c-4dbc481439b0
c56694d9-ceb8-448a-ba45-17c8e1fdff2b,Rack-X54,RAX54,555a94e9-eadc-44da-9b40-9d36c21bf3bf
3b7cfa20-9dae-433e-90a4-a8676dc9cd98,Shelf-A28,SHA28,061eef74-a3e3-4e17-b38d-c7a45feaa233
d1cd5954-f096-43bb-a4e4-2434aaf1120a,Unit-J09,UNJ09,0c70c4cb-bb51-4f00-b16d-9bf20302e161
d1b14b1b-1cde-4dcc-8550-db6f2ab67387,Section-V24,SEV24,64afaa80-02d5-4503-a067-6b009dcc81b1
c3886b1d-2b17-456e-8e21-c8ede83f3a28,Zone-E28,ZOE28,4ec3f4f0-3ce3-4453-8821-2167717937ef
a6d2214b-14bf-4ffa-b04c-164a288d2f90,Block-L90,BLL90,2ffa59f0-b7dc-4158-a568-d2fb81366ee0
9d59145b-9cc0-43f4-a8ae-a0c7a037d214,Bay-N96,BAN96,3f4ec012-ed0c-4db8-94a6-a546af689c40
2d43ddb8-683b-4012-98cd-ce896ca9153f,Aisle-V08,AIV08,ffbaf591-4037-4145-8709-82e19de19c25
74e608ae-5973-433a-93e7-4f92621b137d,Unit-I95,UNI95,949ed633-74e4-4a17-bcee-9111403e30db
b45d22a7-1eb4-4718-8eb8-6c38ba4aa8e5,Row-V23,ROV23,2f081c26-8e34-4b47-a563-791359bf72a8
017c289a-0554-4f54-b58c-da740fd06a07,Bay-J87,BAJ87,1e862f67-1352-46a1-9aee-acb972c45e07
34a15d4a-f526-4e4d-9fa5-856ba6a9ccfc,Shelf-T97,SHT97,126162fc-6cf2-44c4-8889-9c14293a5b04
4163b667-5691-4651-bc96-b81874c1b5f3,Bin-F91,BIF91,fc34aad7-eabb-4fe9-b05f-43df0266030b
f7725103-57d8-4ab2-9e82-bbae49bc62ca,Bin-D39,BID39,1accd9dc-401d-41d8-aeec-9e9afaf8a7fc
2569b7d8-d22a-455f-bbd5-5bc3a8b0b1ac,Zone-G44,ZOG44,a52df4cd-3ef9-42a5-858c-e1e08f74cef4
58230f38-d108-4908-a8c6-b860633c9925,Aisle-K81,AIK81,fe64cc96-24f1-4fa8-bab4-8120b7f9efad
b80f46b2-a081-49e9-a9d9-05e71d2ac205,Aisle-R86,AIR86,63980ce2-ce2c-43e7-9fdc-da5b22dae3a1
4c6bb09c-feb9-4099-a075-d710bc437b47,Rack-P89,RAP89,437e885f-ed92-4b72-a92e-2874e5a4d44b
729b3c96-b90e-4297-bb87-b4bbee9c2ece,Shelf-Y32,SHY32,000d69db-656e-41ab-ba0b-e779f4c80d6a
d95a9356-03bf-4d7f-ac2b-9563b2e99856,Bay-W59,BAW59,fd23d8b1-15f0-4867-b4ba-528d0d820813
d1a00233-42b1-4564-9a73-85b7bdcee75d,Shelf-H95,SHH95,ab4f9df8-ec15-4ad7-9331-9411da910cd5
5233831d-b19a-4dfb-ad10-f1f34c5d6a49,Rack-O87,RAO87,9b9cebf0-2345-452d-b26c-4579a00bc0a5
c08aeba2-f9f7-46cc-a6f3-6081ed563a96,Bin-C65,BIC65,f47d42fb-b8fe-472e-9158-17b9acd3b290
64c16236-f285-4037-b600-dd3980207220,Rack-L90,RAL90,c24b8c5a-2e85-45ae-a1f9-ea1fa2c60054
8e512c7f-de5d-454c-a3bc-4c2485ab48ac,Aisle-V34,AIV34,f5844f30-8a9d-4c9e-a772-0d647ac8aafa
d834ab8a-18c7-4097-926a-934fdcad2307,Zone-V41,ZOV41,126162fc-6cf2-44c4-8889-9c14293a5b04
daf43728-d05d-4075-8d3d-c1b01cd879d1,Block-W45,BLW45,207619ce-d43f-4109-b0ff-82c5ee23f314
4a5eb7dc-b544-440f-b72d-20e083f6df39,Aisle-B52,AIB52,81de3268-d0d1-466c-9784-a4e1c83569b6
065e4fae-e7ff-4a8c-979c-b572950ef932,Block-D13,BLD13,141353a2-5e6b-4971-9395-2821e5d64b41
a57fcd5e-c674-4d2e-83a4-c735525a825b,Bin-O28,BIO28,d0b5edc5-684c-4a43-bfb2-a1c9766ac51f
ed992bfd-ee36-4d4c-9ed9-0505c477adbe,Aisle-K31,AIK31,c62a6a19-1c62-4c31-992d-208ac3b5b0e0
cd9298fa-ffb0-413d-8703-62b09d4a8660,Section-D41,SED41,8f33ae58-38ca-4dfc-83e6-5098705cccf1
47e4f019-8264-4157-ba24-50a2be67c6a6,Bay-M40,BAM40,f32eaf81-2cd1-4896-901c-cfb41975260c
943a94e1-7ee0-4cd2-a78e-ad3065243fb3,Bin-Z33,BIZ33,9fd45a6e-7479-4f9c-af78-8fcc23c8c5b8
d5932f13-7bde-4ff1-aa33-e7c6b1cf37a4,Aisle-R03,AIR03,535a002f-8f5d-4dc4-9893-fdf5f08fd7c9
851ef8a5-b214-4fc4-8593-2346503cbac4,Bay-V03,BAV03,f407ad6b-cd8e-44c4-bc0a-08b9a374da01
a58b56ff-b435-4643-b9c9-3751d2711afd,Bin-F94,BIF94,83849d71-323c-4c6b-94ed-4ada73588654
35cbbcbe-bd63-452f-96dc-f8fa5b84a478,Shelf-S46,SHS46,b2a7f7fa-03ae-4096-9c71-083a7e6943cf
72ce0d4d-a67c-4c8e-b189-38f82dbd246b,Row-R64,ROR64,2f04358f-3602-42a7-9417-07c44719f484
7589bab1-a150-47ca-b814-dd68227038ea,Rack-K88,RAK88,93d1ee49-407e-49e5-81a4-109a299b44bf
a597cef2-db27-4c3a-b7dc-41871072812f,Bin-A05,BIA05,d1c314e8-e054-4f8d-a31f-2bc16c97ded0
ab573e90-fab2-44bb-afd9-dce6b5a1e49a,Bay-U94,BAU94,eb495f36-1929-4afa-b7f2-f743c8c9d5bc
08355efd-aab5-46fb-bf75-b4d8e45028bd,Aisle-X80,AIX80,e6db9e14-8255-486b-bb35-2d281435319d
14fb039e-2f09-4c67-9b54-da7f7a496523,Block-E04,BLE04,b559d808-1b87-49e1-a95c-32d756fd48c6
d1061d3b-f043-493c-b04a-66e0764acd7c,Zone-Y91,ZOY91,b327a364-3aec-425a-add2-7ab82eb483db
95133e29-49ab-4376-9146-6086e4a48719,Zone-X49,ZOX49,dceb8a67-8cd3-4fab-8f9b-3e2291b7a5e1
95b1f862-76c0-4b61-9b24-a5af25834db1,Unit-J78,UNJ78,c2b3c49a-4a97-4ac0-9803-a9c0eb5d2ffd
4b7f0383-c284-4dfa-a475-01a0ce6f1ba2,Zone-M45,ZOM45,c408a1fe-a5cf-4529-9c32-cd4c3d26039b
d2fd69d4-4ee5-42d0-92df-b0e74569ea78,Unit-W29,UNW29,c80a1e6c-8f42-4125-92a5-226183f8f095
d5a04a87-7682-4bd2-902f-93b5c840086f,Bin-H78,BIH78,cabbba59-d8c1-4257-84a0-fc1b1c3159fd
b423d92b-ff85-4b30-8feb-4cabeb428744,Bay-G10,BAG10,b551659c-3738-49d9-b03a-5b578e3c2867
c2bdeab4-ddc1-4a0e-b988-3b085d8ac51c,Bin-V45,BIV45,2052a6b5-b8c6-4f04-8fa9-a992ce13aa96
f834ef1a-f5ff-4eb2-969d-6c7a9ec2731f,Unit-Q66,UNQ66,4685288a-0091-4f15-81b9-30e0cc52f89c
c8c733d9-6d6d-4804-bfbd-85e12dbfc805,Row-R57,ROR57,aab57254-ae24-4bc2-89ee-67ec5777e17c
f79d8dd4-cfa5-4d1e-b73b-8b1776035922,Aisle-Z68,AIZ68,bc7a0982-d383-4ce0-b0db-c0d0aa9a62ec
6c621ed4-66a9-44dc-99ba-0ae96a8e2d30,Bin-K62,BIK62,ba434422-7e56-47c5-bbee-d8c2a10f10d5
a5b3b45e-6fdc-4bd4-8440-851b6fa73308,Unit-H78,UNH78,8e4c37ff-2b62-46b7-afc5-724b506c5838
f1f5a131-13d7-47d8-9a17-f5481af96cf1,Unit-G02,UNG02,f2ab7bf1-0724-4694-be53-e8a138d3aa9d
62c89146-fdd3-4196-ae44-e2aaf02ff98b,Unit-T72,UNT72,6d9e8034-a71f-496e-8333-38b47bfc9bb2
ef8de770-bb9c-4016-aff4-ee35338e07fc,Zone-U83,ZOU83,9cff5898-26a9-4c92-88e9-d2c097bbebaa
0fcafae8-c744-4ea4-80a8-ff627244a64b,Unit-J52,UNJ52,02abab5f-89d1-4b9c-a79c-343611517de5
978ad1dd-33d3-4034-97a5-263ca0937d46,Row-Y38,ROY38,3115909a-1a1d-455f-a684-ca88eb35d104
85f4e487-1ef3-4a06-a722-cdf08c474b56,Block-F86,BLF86,1eea1aff-f675-446d-b9bd-015e14f9b69b
7939740e-f715-483b-b58d-efaafc6c6030,Block-U60,BLU60,49b9c589-7c30-4ad0-8e70-dd4e2cf6e65a
fc129f72-2da4-406f-adc5-0e51858c7ddf,Section-F58,SEF58,d6f51dda-6055-4435-9c67-ad4477d8001d
1f7fd9ff-0d4f-4d57-83ad-baff899b5ffe,Unit-Z82,UNZ82,f826e379-59e1-4df8-bb23-db29ca9ce8c3
7ed72e38-b0af-4bc0-a203-9b6fdbe6a913,Row-L67,ROL67,9bdfe04d-ed58-417d-a515-51ee20a69329
9966f310-07b4-400f-9c87-fa159b638e15,Zone-B75,ZOB75,3f7f2b56-8050-43bc-922b-d908eeedef6e
4df5224b-dccd-4afb-bafc-3f5d95f25a2c,Rack-V17,RAV17,25188102-612a-47a6-ac90-8ff359879660
50248a87-d2a1-45a1-badf-e277c241feb4,Row-K85,ROK85,a2ecdab9-5421-41b8-9c9f-94d0e78f9bca
638a691e-fde9-4d0b-9304-f842859261a8,Rack-I52,RAI52,5794dccf-a95d-450e-9fd4-e2bd5fb2bfab
fa366f9d-63e3-4564-a86e-e051563a116c,Rack-O37,RAO37,4b9dd0b4-be07-425c-b50f-ff6750b6d07e
ce75eee3-abd1-40c7-b7cb-6b75e91394de,Bin-A81,BIA81,0adf3e05-15c0-42b5-92cf-4c3455b99ad6
25a2ee16-5eb2-4e18-aedd-fe2b00752d9e,Bay-R33,BAR33,1ffb1116-0498-428b-9ad9-c9c34f92c27f
35e260c6-2eb1-46b8-89d6-77a25f498853,Row-G79,ROG79,226568da-5f79-4646-9aca-1601eaf817ba
1277180d-1ec2-4d42-885d-520975a6d5bd,Rack-E39,RAE39,182ff7d0-fbd4-4534-8e83-ce98139eab2d
b0f3e9ba-5764-44fa-9442-bbbd101371a2,Bay-A88,BAA88,ec0dd259-967b-4aa0-a5c1-8517200dd4ee
2270d678-13fc-49b0-9232-3ed27b5f4534,Section-U13,SEU13,2b0bb53d-74fc-4988-af9c-64f192b88f01
93706688-34e1-444c-b94d-2cee9537f1da,Row-C70,ROC70,fe76d412-60aa-49c6-b586-00b31b0a11a4
32105135-0777-44c7-9cf2-e544d3e61cfc,Shelf-C24,SHC24,e26ca13d-064d-4f03-848c-4933ddee8c2a
5b8a696b-42c6-487b-a1d4-db35764a6e4d,Section-Y51,SEY51,d04a479a-5552-49ac-a941-486c804c915a
6fd0d085-ac14-4676-89b9-a49f3f83393f,Aisle-T88,AIT88,ab058464-8667-4682-9cd8-e2719b5bd729
f77c7a8f-50b4-4a55-8615-da3fdcd9dd6d,Block-T81,BLT81,788f4f77-7168-4691-bc07-d2d85a6aec6d
2327c07e-b218-4447-a9f9-f349cad1f895,Aisle-N11,AIN11,81723437-69e7-4f3f-bc1b-aaebf28886f3
a633b21e-2719-4b6c-b5b0-0b1ae62d31ed,Block-V54,BLV54,c1bb8b3b-b7b1-4c0f-b59c-41ba5388ba0e
88c85da8-73b3-4704-a425-ef618f5f647a,Row-C04,ROC04,fcffd32d-71aa-4b9a-935d-c9d916821177
0dfd4d4a-1a39-4c55-a44d-d2ab346ad32b,Bin-H45,BIH45,d2fe4e3d-c0b3-4888-8489-a1e00704642c
125313af-939d-4819-a271-512b4212d885,Row-K54,ROK54,a902ebc9-c005-49ca-a1ed-4d39b18ecfbc
b0434f04-f54f-409e-ad6c-a444193e37ee,Aisle-W91,AIW91,bc068532-4def-429a-b57d-d3e06a1e0d23
b3061431-e0b2-498f-bef6-8ee1a52a6d43,Unit-H14,UNH14,14ac9a77-2a50-4428-b260-d54a4e1f82ae
6dff4cf9-1d80-4ae5-96fc-64527395e6f1,Rack-U01,RAU01,930b305f-8e70-4c09-bc08-8a880d70a734
732759d6-13a1-4ac2-8c83-9b145d1a862a,Block-C82,BLC82,568608db-5af9-420e-b535-d7ec80e64520
08637440-e63a-4bd1-a8f6-8ed2861c14ab,Section-F12,SEF12,36d9d53b-8b1c-4ddd-abfa-b56dade97fae
1dad3fa6-4fc6-4a08-81cd-27bd5fea4566,Aisle-S06,AIS06,4aa5495b-c7cd-40a0-bf3c-d6d057b2b2da
9aae6983-23db-4d66-b728-b450a5056591,Row-J09,ROJ09,6d613497-9f06-4a80-b634-92cd0fbc23ed
e8bc0a7e-7666-4892-abaa-267c546f2f24,Block-W90,BLW90,ff675109-6f83-4bec-85c6-2ba265d1616c
3dd75abf-e796-42a2-ba00-73062f7c2873,Section-B71,SEB71,01ac681f-344b-4313-8c26-995d737e57c0
cffc0aa3-74dc-4014-b703-85c43540627a,Rack-Z38,RAZ38,8185d20f-ad69-4a3d-ba6b-ba1e336cb551
17cf08f1-0a7b-41fb-98cd-780599671a2b,Unit-V31,UNV31,e8652852-bd6a-471b-991f-3b5e4a033369
201bba31-c9f9-460b-8c05-8a5b9d76845b,Block-P18,BLP18,8ca37acf-7a78-4919-87ba-5283bea76026
f334ffea-a120-4c96-a970-caa02627bae6,Aisle-J49,AIJ49,c491f1f7-55b3-45f0-8897-09a6444c3e1a
9faa8299-6609-412c-8803-c90ec33550ed,Bay-P15,BAP15,7cf089ef-4d9b-4430-8fbf-dffaafc5de8a
e7ead3aa-ae50-4f6f-ab90-8623025dca12,Block-B51,BLB51,448a04d9-1d0a-4f25-88c4-9283a984ad1e
1cf378c2-6544-4e4b-8143-99b01b09a606,Block-O83,BLO83,f7ba1617-6720-4d9b-a0c0-ef1fd8fb031f
4168d667-cef6-41e9-a86f-dc934214aebf,Row-O68,ROO68,526c928d-ebcf-4b55-8ecd-18ed16fed6cf
4820779f-c03f-48c0-839e-0ca1dbe9ac3f,Bin-F10,BIF10,7034a569-cdd3-443e-9c59-1f056fe78c68
a99eb074-d899-465c-9f04-cde5b79ed56f,Shelf-R16,SHR16,2ffa59f0-b7dc-4158-a568-d2fb81366ee0
912d74be-f9e9-47ec-be29-d1823a218d09,Rack-O21,RAO21,dc2b1569-3d0e-43f9-a3ee-ecc02e3a20e5
44177319-a381-4997-9f44-ea14db86cd9e,Rack-Q85,RAQ85,54bea301-bffb-46eb-9835-c576109aa988
8444046a-2c5a-47be-bb91-542a82ee4d72,Row-T69,ROT69,9b9cebf0-2345-452d-b26c-4579a00bc0a5
5ea4bf66-8f82-4daf-a131-f1a5acd28429,Shelf-U13,SHU13,3eb913aa-99b0-4b8b-8077-2e5bb0325c48
ca808ae4-b37e-492c-a4da-18592d436c59,Rack-X45,RAX45,9aedc1a1-a3bb-42ca-bf1d-a77b297cd82d
51d2718e-8753-44a5-bc7c-9174d24925df,Bay-O82,BAO82,6d344dad-212e-4bc3-bf04-19aacb3588ef
eade55ef-c827-4de0-a38d-afeb31dad8d4,Zone-R81,ZOR81,88fd5006-0e7b-4c75-8e38-778d6526314b
402f6ad0-ec02-4a30-b6e6-73d0db5ce14b,Row-Y47,ROY47,b23ce30e-bb0a-4f26-a5ea-f12fe12c26f1
63e959f2-3db0-4b97-a212-b7f1230a0459,Bin-A29,BIA29,9e4dc716-ac0a-4cd9-9905-8005d94b5d6b
74f7dc30-1a28-4247-93f4-15601584d666,Block-U60,BLU60,1d378cff-f640-4f98-9823-f6e582d03a01
71de5b16-6cbe-4cba-85d5-b586721bc9b2,Bin-Y94,BIY94,d9072177-c4b6-4263-ba0e-b2e7f46bf246
7c3acf9d-d0fc-464f-a0cb-bb03de43243b,Row-T11,ROT11,53df5c44-7fbe-46e3-8c29-36779c32b336
7de95a89-c7fe-4df1-a588-07c1c33b82b2,Bin-Y80,BIY80,3536c068-b6b6-4d11-a2db-8c32416df2d5
dd6a1568-aa9f-4195-973b-7602c14cbd66,Section-X62,SEX62,6d4f9004-7e47-457b-bebd-b3b87595bb71
cfa5b345-3230-45d6-a9b5-35fddfb3f3f0,Bay-R92,BAR92,745b5eb6-c458-4d39-9656-3b9cdf2457a0
4157a96f-3420-49a1-b4cb-acfaccebfae7,Zone-F28,ZOF28,a30a897c-41c7-4715-ae29-1d1529ecfaac
9bdea0e5-ccbb-4edc-8667-e1cb40ff60e5,Unit-A37,UNA37,566cfd2d-496c-4a47-b523-80536a0b077b
2e4a110a-9422-4b35-b2ba-7b45c6201854,Section-G34,SEG34,25c26fd2-9060-4916-a604-e0658d2066bc
80d555e7-8faf-4985-a6bf-2e4382c272f9,Rack-I79,RAI79,1eb12eab-492e-4074-9d97-114a93557857
2cd3883b-567a-44e0-ba8d-c9982ce4d3f2,Aisle-A60,AIA60,3ec71f20-a21f-46fe-9ff9-de4d6137ba95
72d2e090-802b-4b8f-a236-a301574fd1e2,Rack-A20,RAA20,738ffb37-6fdb-43ab-8c9b-eeea7a5b4cf9
4692b8e7-cbce-40e1-879e-4f5de2d3fc04,Row-L44,ROL44,e5a5df05-eab2-43d9-a72a-40c2f8071f6f
8f44dd7d-4951-4653-ac84-5cf593248615,Row-L26,ROL26,00debcf0-1d85-4fba-aca3-b15cf0909991
28743b40-5f57-4c12-b0f0-e6ffe5a79ba9,Bay-Z92,BAZ92,7c1934de-ccbc-4346-a57e-abc8ae4af0ad
193aaae6-74fd-4d82-baba-3ba3f33c7169,Block-G68,BLG68,fe8ded83-1bd5-4eb5-932f-40e3b7f2262c
9b1fd44a-7633-4158-94bf-3431f484ed96,Zone-C14,ZOC14,7f230b92-3bc6-4dbb-af16-9268c9b6b3f6
f9bebe33-775a-4a96-a134-bc232d075977,Aisle-U26,AIU26,60837d95-5b9a-45b8-b92a-ca5463077cf2
939c92b2-1c78-4337-98bb-3b4e2b82f1b8,Section-Z45,SEZ45,3790d084-d7e9-4920-940e-316b419f6e37
55e2b9f5-ade2-4df4-99ce-9096c97e628f,Aisle-C61,AIC61,b888eedc-a397-408f-9246-46afe2f78c88
26e3cd4c-fc91-4726-9822-3eb4b6707604,Block-H88,BLH88,161cd359-e440-41ab-8364-40298ef355f1
71e46f7a-72d5-42a6-8c56-3bfeb0f221b8,Rack-R99,RAR99,20b0e00c-43f6-44e6-bbcb-35e3bf258eb6
b3ecfdf5-6ae9-42c8-99b4-bd6b93f43ee6,Bay-R82,BAR82,59617915-3f51-497f-990d-75c72782aef5
a09713ed-6f3f-4c36-89cb-ff823a5f958f,Unit-W66,UNW66,a18f6e30-b47e-4810-92bc-df4409fb7290
643466c9-5123-40cf-8fc7-6bcfb31550b5,Shelf-D22,SHD22,736d2a9f-6360-48da-8b9d-69c1fd06a3ca
39bdb5a4-03b2-412a-8e1a-33708aa97704,Unit-A39,UNA39,fa7ac007-049e-4ce0-a758-717f7b5a6301
bc36e0fd-b839-4151-bf4e-433af7b5fa07,Section-B51,SEB51,0cc9de4d-94fd-49f0-a8f4-ed2b7e10230e
d1b30acd-b9ae-475b-b30c-a0ed432926a0,Row-P17,ROP17,ca042471-1cc1-4fbe-a610-cd316e25e4ab
439ab9ea-61b4-4978-a0b4-a93b2e201148,Shelf-E57,SHE57,bca5377e-de8c-40b4-8428-06574e885e85
14ccb5d9-6f51-4d93-b7a4-27449af60e81,Block-Q14,BLQ14,93fce7a0-e927-4748-8981-c332eef32eca
8699b81e-0a1b-438b-8e35-d3622fac8664,Bin-Q13,BIQ13,ddd32941-e656-431f-bc13-8d4c9a789f79
dbcae594-d48b-429b-8549-760a91d8d5af,Block-N30,BLN30,29855e9a-b07c-4251-ab54-8313b39a0db2
1c25ed55-6bf5-427a-9c53-7d16644a288e,Aisle-C43,AIC43,e8e78b8a-db2b-4be2-bafb-eb5865771ec6
2310ab7b-a760-4b49-abbd-6e88900bfaeb,Block-P26,BLP26,99cf4f57-db82-4f0a-a864-aa2077d10f82
6527881e-3072-485c-b47f-6c786291f6f1,Shelf-C02,SHC02,d43561dc-7851-45c4-be35-a31e4993cb2a
b0a14ad6-c9ba-4001-aa9f-d3c8855c4a5b,Rack-M69,RAM69,3f7f2b56-8050-43bc-922b-d908eeedef6e
559dddfb-ce70-4a94-be84-436ec3b8f607,Unit-U56,UNU56,58fd855f-d8b4-4668-ad27-3f774a402fa4
75ad1ff2-9a7b-4c6a-b9df-d0acb47217a3,Block-X40,BLX40,57ccfe7f-1d03-4560-b976-b331a3fb9fa8
7d7ca67f-1e63-45c6-a6fb-6406151d48e7,Bay-P31,BAP31,87037340-16f0-484c-a9c1-a6610fdc83d7
9e3bf3bb-94fd-4f59-9047-21debd066da2,Bin-J55,BIJ55,477f05ee-0c14-4b8f-9651-cef195ab140d
f8bc3258-01cd-4997-8ccb-438786923164,Bin-K25,BIK25,d3bbd14e-9340-4a4d-a21e-57eeb38d8375
b1a1c355-171b-4af2-b688-e4f466d3f0c3,Bay-F44,BAF44,d47f899d-2f6f-4128-8348-5bfb348baebe
16e049db-f8e7-4a65-8ae1-7ea3e2caf0a3,Zone-O57,ZOO57,5340a948-55a8-4f3f-a73b-a9fcb092be36
ac83dbdb-a0b5-4e51-badb-35d3c61e12cc,Unit-S73,UNS73,3ed33e67-d825-4d9a-9f21-7210e5032a50
a6503bb1-a69c-41b2-8727-c2385ecc34df,Row-Z97,ROZ97,0906f9c1-552d-461c-ab77-774a7428d5be
c5086796-fe08-4abd-b8b4-13f60780e6df,Bin-L12,BIL12,0d6b01cf-075a-4ae8-a5e1-2d6cecd13492
d1e63f86-b79e-48c8-b25e-44505c7974c9,Block-B29,BLB29,c7c6582a-20ce-4862-b7cd-b40e8da54ddb
a65d8ad5-a959-40b2-8ff0-833cde4c0d5e,Section-V62,SEV62,4acfd662-7a50-4273-9b80-227c1b2becd4
526f6f87-a7f5-4fa8-b644-bb381a88597d,Shelf-I87,SHI87,d59435b8-fdf3-4e02-bcb2-3477a470b74a
ba9ae8cd-5b61-49d8-b42e-0914567e94be,Bin-L92,BIL92,a04ff8ee-1856-469b-9d4e-c14ae26b915e
72f9ce12-ee0c-4333-9140-e6dbc76671d2,Row-Z83,ROZ83,fac4b239-bb7b-4361-848f-1e03e8e8671d
a9a80ac7-b8dc-403c-94f9-f4890e761a0f,Zone-U99,ZOU99,8f17beba-ad8f-48dc-92da-7dd972fdb89e
fed3f9bb-62b5-4afc-a551-8151a8ef4b85,Bin-T49,BIT49,273513b7-ed4d-4cb3-9803-4e7ebdcdcc5b
6173ff2b-dd26-4b44-a5b1-e35dac1525da,Aisle-H08,AIH08,9fda873b-db56-462b-a406-43603f377409
dd36273c-5c28-4f4d-bb31-b914537a4577,Row-P20,ROP20,33f01e07-74a4-4d87-b2e0-09cd8db6c558
9645f1d8-5114-487a-a5d5-c24d29c19e89,Bin-N10,BIN10,59390e32-a35d-46d0-857c-48388b1ed876
b7667c88-747d-4a08-925c-647e6d4c0809,Zone-U83,ZOU83,b0f5dac3-9840-41f6-9572-30be629fd670
ccb174f5-b98b-4aea-8df7-a8cf72f0e9ff,Zone-V88,ZOV88,245974c7-580b-48ff-a0a0-62a493b5f3b6
a2012c02-f300-4ba6-8165-eedbdd2d252b,Section-Z65,SEZ65,b4bd0ee3-12f8-417e-a2a3-12ac6e9a2b2f
03ec7e23-b869-4b2c-8cd8-4626f7004415,Shelf-M17,SHM17,0bdcdbf9-2383-483e-87fc-8e5cc69bc3c2
be84867b-fb09-442e-810b-cc52b072cf29,Rack-N24,RAN24,55c0780c-3272-430f-85f2-506186fbb2a2
de40e98b-5689-4328-b555-eff60cb5bf01,Unit-C42,UNC42,ea66937b-d0e7-4676-8d3c-6f51db56d5a6
eedbe8c4-0b8a-4269-b97b-8b5893a552ef,Block-B85,BLB85,df4e02be-f943-45d1-ae21-0ffccf9d39c5
463c2954-1071-434a-92b4-2292692d39b6,Rack-S69,RAS69,5714bc1a-c9d8-47ff-8002-06d691f30c2d
2d92562f-9abc-4a4e-a901-6c7e2b9efc61,Zone-C82,ZOC82,9c0a25b5-ee61-4b39-a03d-3715de5a15bd
9648e8d5-65f2-49bc-ac84-1ada62c941c6,Section-I26,SEI26,bb16a02c-ffe8-4dce-ba72-4e86bfc34308
6cbfee0c-8d96-419b-a311-3f852ae2b4dd,Bin-G53,BIG53,57ccfe7f-1d03-4560-b976-b331a3fb9fa8
d177a017-ca1b-449a-a7e8-6b0f92ef8f34,Zone-N68,ZON68,554ed63a-760d-4591-8fb3-6e242c3e3be6
30c9bd53-f835-42f8-9d57-ec0853a821c3,Unit-P57,UNP57,83849d71-323c-4c6b-94ed-4ada73588654
0b724a7f-661b-4b0e-87eb-45e0544bb9b8,Bay-P19,BAP19,0650078f-4862-417d-bf76-f56e4570f9c7
060d20de-c88e-45be-b405-a637d91b393a,Bay-D91,BAD91,9aea5f4d-9245-4ade-b88f-450347db8e50
6f7da51d-b614-4cca-9be2-e88e93dddca2,Row-M19,ROM19,f438e8f2-8edb-4cd6-95ad-d919f09300bc
2286bff1-3800-415a-b429-e75138266d98,Unit-P96,UNP96,426514e9-bbce-49f2-bea4-d7d27982ee1b
d4a420b5-81ae-435c-af3f-2ddeedfe1d25,Section-A80,SEA80,ef63627a-ee8d-4e18-a310-15e9ea577114
a51ac2d3-b29d-454f-bc6f-b9b2f4247fa7,Bay-P39,BAP39,f3668554-8351-4393-8bd5-ca422a2dde55
ca3f9c53-95cb-4164-9161-c78706a455e3,Bin-U26,BIU26,51ef282a-da5a-4aae-889a-75b8e17e3e69
2ba03ba3-da4f-4a75-8b1a-62a829fe9a11,Block-Q31,BLQ31,f79b09aa-86c4-418a-8e05-9cdd32a797ed
23a53373-64ff-4263-bbc1-19ebfcf60586,Unit-P04,UNP04,93f01fe6-f57d-4194-8788-434ffbe35ebb
da34f16f-493a-42f3-b111-30d567ea70f5,Aisle-S43,AIS43,d66820fa-76d9-40a1-aecd-9c12738f38b6
8a1f23a1-78b4-4713-b478-9cb0da555486,Block-V22,BLV22,08450d95-785f-48f9-851c-9ee9488af679
02639958-39d1-4312-a827-5bac70ce9596,Bin-B72,BIB72,f627a83c-3412-4369-8382-e4016c611e35
28c4a7d1-4546-4efa-9e28-e11e1861d55b,Zone-I68,ZOI68,c8bcdb88-801f-4e79-b958-c5be5e8660d5
5e3ac1ec-aefc-4d1a-9d39-05476d5781a4,Block-E57,BLE57,6b14b979-5503-4eb0-99c0-835dd960261e
ebb56275-0049-4785-9ab8-5ca2bdea0f3b,Section-H14,SEH14,1789b528-b76e-4a2c-9f1b-93bbc9efad81
3b3ef0b0-a8bc-4f45-9e87-870ff6011203,Zone-Q13,ZOQ13,edfd993b-6231-475a-97bc-3041bb2671eb
a57bbaa5-c4cd-4c4a-8727-4a44cbdc6472,Unit-O51,UNO51,05f610bc-35f4-4872-9d90-6a7e1f05db60
64807207-cee9-4a4d-89c1-852253d021a0,Section-I01,SEI01,f63bd39a-dc6d-4d82-9379-55e9baf5e8ad
7629359d-02ec-434b-ad55-10ac89e6dae5,Shelf-T57,SHT57,d3275a60-3a71-45f8-9809-df44a69d8b6a
0d0e5979-d70a-41ac-b28b-4a0d9297244f,Bay-O55,BAO55,29162c37-7179-40cd-a783-886b79203641
7e4726e6-0e56-4127-96db-376900ca12d7,Aisle-Y17,AIY17,2e47141c-5486-40f6-8dea-9da42c6f5fd5
eebf4b4d-461b-468e-9d99-3f2850c31169,Block-T52,BLT52,a9f79ef3-0b08-4ea7-9549-80d213522f28
189b405f-70a0-434e-952e-e04910e2b300,Zone-Y15,ZOY15,447911b3-0a36-4161-8331-56ca87cd9b11
f8482464-d21c-4334-ac3d-735b72370bfe,Bin-F09,BIF09,efab0c61-d9d6-429e-963c-c68fc3d90cbe
633f3586-7cb0-4e9d-ae62-6d048ee9fe52,Zone-C60,ZOC60,26efd664-b1bf-4d27-8436-b2977fdd183e
68f1ae75-1b2d-4668-b466-10c167de14fc,Section-L89,SEL89,86b06b39-2654-474a-b0eb-656326c0d2f2
c4e76b17-5bf7-4ace-994c-2e0081f79a30,Unit-J42,UNJ42,9b487897-50f0-44b1-8b88-f036b80c57cb
6c71b2f6-43b0-4ab2-aa07-1403245cc492,Row-A92,ROA92,ac70c05e-df30-45ff-aad2-aa3de192f065
fe8f9ed0-1018-47c6-9c19-4e1a3d6a976a,Rack-U03,RAU03,6cd1f231-f2b7-4a1e-b9a4-797b5858fd40
4246159a-c5f1-472f-b645-8239e115cb66,Row-I88,ROI88,20c258a6-26be-45ec-bddd-67baf8ff978c
be80a638-6e5c-46e3-aaa8-3d5220b77670,Unit-B63,UNB63,6c2523e0-d1f5-4b35-96bd-d6dee5171ef0
d40acb93-efdc-41df-aafa-a39c962722d4,Block-J69,BLJ69,c26ae744-9483-4ddd-8994-a5e90df8cb3b
c606ccf2-c993-40b2-ba10-eb290f038971,Unit-J15,UNJ15,2b524578-061c-4c7a-9ac3-5300fbf565c9
b9491ad7-7914-493d-8439-eefef7fa4916,Unit-V32,UNV32,07165ede-0bb4-478c-adf8-241c4fe5a4bd
4e967d60-8bf9-4477-bff9-ecbc0ff774b0,Aisle-O56,AIO56,38936906-5908-47af-adff-67ea4d88920d
f433ca0e-0518-4b9e-be04-a461d49fe36a,Row-R99,ROR99,3eb913aa-99b0-4b8b-8077-2e5bb0325c48
4fa36dda-73d0-49c7-91aa-db33f28661ae,Section-L78,SEL78,e76ba33c-79c9-4958-aa33-cada0141d222
d7561507-9c89-4f87-81a2-49ca27fce28c,Unit-F82,UNF82,a178a860-3197-4cf9-9f74-25d951ec66ac
fccfdf04-4cd7-40c5-aa80-4605c9080615,Bay-L17,BAL17,72fb19aa-0ad3-4029-a6a1-02ac7173f4ba
7b9d5c23-4ee5-4c6b-9b57-2e0d9538e9c7,Unit-R16,UNR16,f7e3376d-9a9b-4f7f-8b13-b7a7c36e9693
44ad85f4-ba00-457c-a772-ec989e8cfcad,Rack-V25,RAV25,8e1cb96b-f18f-4f2d-bb28-855f962c1507
83e8203f-b4d7-47b5-b171-3beadee91067,Section-J14,SEJ14,ed1aa0e2-3b81-4690-b816-f98caf93aa13
fb3e6087-27db-4a92-b36b-38e975540ae2,Block-W46,BLW46,0b1f837d-586c-4187-b95a-24d513faddc3
4817d764-25a2-4b3b-bbff-93b6801b499f,Block-D34,BLD34,c714dae6-f6fa-4a52-872e-9418868daf12
5aeda019-fce4-4986-a496-5055c57e1503,Shelf-U99,SHU99,61b65735-dbf3-4049-b544-ec76f2c8c8e6
ed315c58-3852-48a2-ac84-169f175032e9,Shelf-B84,SHB84,c9d300fb-ca6a-4b99-9664-51bb0dc7bd96
693d75d0-d5d0-4f6c-ae67-006d994cc6a6,Bay-V60,BAV60,a52c7604-e452-45ac-b8ab-73160c9c9c59
6f40048f-ea88-41a0-a7b3-54bc23bfd626,Bin-U85,BIU85,dea69e96-3547-4e26-89bb-37058549cb1d
75096d39-9337-4b18-87ae-f1b8d93cf90d,Aisle-S65,AIS65,48d13bc5-4771-4367-870d-8774066fe98b
fe51fff3-1692-4bb2-aa0d-a56856b34e31,Zone-Q33,ZOQ33,0ee2ec94-b86c-4595-9085-7dc92c07a413
bde6155d-43bf-4439-b8ee-d97048e9731a,Unit-W02,UNW02,7dc24965-f168-4597-83f9-3d1bb6b45a80
c6b44099-82a9-4f18-981b-5327436a95ae,Aisle-O61,AIO61,561bd747-c641-4e64-8f8c-432e37709470
978e1c36-27dd-4ba3-9bb8-6b4ee56e5f61,Aisle-O63,AIO63,7acdd1e1-e89f-459c-9776-6c811ef02981
7206e1d8-1c9a-46ba-8fa1-f5d6be768f0f,Zone-M83,ZOM83,fd6f22f5-f9ab-46c6-b24f-6f6886d93b7e
9ab4f91c-0a7c-4749-996b-f15191a73b9b,Zone-G78,ZOG78,bf217c21-86b5-4272-bd61-0b8adb7f55f0
e280715b-ee04-4601-8bcf-f9022ac22450,Bin-D88,BID88,dd04a37d-359e-4c2a-801b-d9f57ee8f35f
456278db-e58a-4cc7-b2fc-541135b8ac40,Bay-I63,BAI63,ba56d972-f0eb-49cd-a1ef-73f1dbba76d4
07e0f610-40d7-4bbe-bfd3-2ac02b81b7d5,Bay-A68,BAA68,458ecdca-ee25-4810-a5ed-4bf4449c9ece
dab5c641-ce7c-4fb8-b50d-347d43b414b2,Section-A97,SEA97,f02d19c4-59ab-43d9-9fff-f2eee16f6a4e
05f22bc8-812d-4f4d-8942-13746980d289,Bin-X21,BIX21,aabb1406-8b10-4843-8d56-e821e5bcca5f
6767b425-4efa-4829-b70e-57fc667d4be1,Bin-U06,BIU06,ae35cff8-07d3-4477-8136-e5d4bb002eac
ee1d5f69-7baa-43d5-9394-f0315765d0b5,Bay-D78,BAD78,f63bd39a-dc6d-4d82-9379-55e9baf5e8ad
83bccdc5-8748-4ab7-939e-1acd0a2520f3,Zone-R96,ZOR96,14ca3fcc-09b5-451e-9db1-f52e6bcefa6f
65c6f611-1d60-4e5b-acb3-93b9d3f3406d,Rack-E89,RAE89,8403449f-36a7-475e-ab53-085bbcff1423
df27456f-8479-42be-b610-5a96587cbb9e,Section-O54,SEO54,abaaa087-c69b-4320-980e-2abfd6bc0793
01b253ff-1b90-455b-bf6a-dfa0d68dc35c,Zone-E54,ZOE54,c35231e9-e224-4df2-a2ab-b974699a597e
51023bda-b153-4631-9ae2-c955d11906cd,Unit-O17,UNO17,a902c603-8885-42c7-b0cd-cec70acc5b12
c6db03bb-4d49-4531-aac1-e7d7d5e5c63c,Rack-F31,RAF31,fdf6caa1-f104-4ffb-a046-4c10eb735738
17000fae-bea5-4895-9ec0-83e7bbb99a31,Block-K54,BLK54,71d66db8-f25a-41d7-9e02-3da6590b097e
46934c68-31b1-4583-9990-81f7516b29b2,Block-B02,BLB02,5a19b861-d23b-4c97-87f5-692903428f54
e15c6e77-b2f1-4f76-af87-b16d475514ee,Rack-L75,RAL75,ea47721e-9f74-43b0-831f-194e2f977787
2a92bfd3-2b44-4165-9770-7536d92bea6f,Rack-V16,RAV16,83485bc1-cec1-4804-8951-946a0db405fd
71c2a1f4-defd-4cc5-8eaa-8d7e58e73630,Unit-Q02,UNQ02,d5807161-e15d-43f6-8088-6a53ab31a361
7da5f72c-3abe-4a47-b67a-73d18d9dc657,Section-A01,SEA01,3f324153-1f40-43c9-9d58-8e7dc6ab21c9
19132b48-d2dd-4a7b-9b8a-f8145e513fef,Section-O69,SEO69,abc9bd8c-0595-4575-b4ec-dc696c991b56
6926019a-d321-487e-a55f-dfa941c459c3,Unit-M68,UNM68,420aa699-6d35-4512-8a02-132f151ad46d
277c3217-bfa8-4f47-9c6e-ba6a04bb0ea4,Aisle-Z93,AIZ93,fddbb541-ec80-4cad-b2f6-15b2bcc1dc27
6c5366cf-4cbe-41d3-8e46-2059cfe32d15,Rack-Y25,RAY25,cadd4857-ee77-485d-a719-fda125b07a55
8a0d2d2d-1033-49a5-a78b-a460986294a6,Row-C08,ROC08,eb71cc46-9ae5-4076-8f02-ed647f90b31f
613b973e-1a8e-4794-9880-08a6441cb076,Shelf-Y55,SHY55,0b8ed172-d4f7-4538-8b2b-ec2641ad0b08
ec33a66e-0bfd-49fa-a7ba-a984eb05ed20,Aisle-F27,AIF27,86061b7e-a49f-4951-8822-bb3204e5b790
1294cb7b-ea76-483a-a73a-4fc56a19882d,Row-M83,ROM83,e93ea889-8a08-4acb-8440-4f658d5922d4
f8549f8e-716c-4dd7-9e13-59a022a99014,Aisle-D47,AID47,558c2575-8bcc-41b8-b8ac-891efca7a655
160b192f-aa1d-45d6-b645-2f36f77cc132,Shelf-L90,SHL90,82db07c6-5d47-4ee5-87c2-35e9a901e040
2eca2cca-e0b2-40f2-9175-da3129f601c8,Bin-R08,BIR08,33c1bf08-6de2-4951-9f1d-05289631727c
06527f28-a3b4-4353-bfe7-92a85040245d,Rack-Y87,RAY87,cc2e8091-a310-43f9-a32e-206352da5bfa
7ac66f76-46ba-4237-8d99-63b87f6e2e51,Row-X18,ROX18,5794dccf-a95d-450e-9fd4-e2bd5fb2bfab
cdffaf3b-7084-41e0-b010-b2e0939311e3,Bin-J20,BIJ20,4553c245-3ad9-4a01-a919-c5930d5303c4
