id,operation_id,product_id,quantity
69636f81-aed3-464d-8f03-1643d791a044,05f367a9-b65d-4b40-a71f-fa5a05f0887b,4c02dfe1-7f17-42ff-bf16-757f8d43b295,71
61790deb-2dad-4824-b371-c97876e51c77,534e5148-d43e-492b-8e0a-8c29d33be8fc,806a746f-55b0-4605-a01f-1a873192f1d8,5
de2c26e9-d161-49e1-a9c9-668a8b949372,fd4aa6ef-986a-4f69-ac2a-e531d49756ed,7dbf264b-c1be-47d8-8eec-238c78065ffb,4
7e0c16e2-4486-4ddb-a4d2-3bf2c39e7fb6,af8830d0-9864-40ab-b869-4fb519eb7d3b,1cef7a4c-b32e-4402-9dea-d3babc9c22e9,4
57850b64-f7c1-4269-8c31-5468e79e1d2c,cecb89b7-db8a-4823-ad86-6e530bacc63e,571e9637-1ddc-4070-a1f5-ddc749b8d921,8
241d4cfb-089d-4a4e-b55a-1decb6c4868f,330939c0-8277-4d6c-9030-3c206c03c056,245cefac-115d-49d8-be9d-ac0cf0fda4e5,4
7df2417c-71cc-4573-ae2d-11e716c69d07,e0929777-10c8-4b21-9888-96d77b29c9dd,5ef55a4a-c790-4f14-ace1-710b9b18d6ff,1
f6794179-0f62-46d9-bdb8-78f8f7968fd1,23ac72a0-79ac-4fd3-b293-90fe3190fde4,a2ca28b0-1221-44a5-ae89-926dd8f1748e,11
6c3dd2ca-94d8-42c8-9348-9aab7f2c2733,4a8b5082-e48b-4d2d-a505-e83f97f8828e,f79e2669-5fd6-4b1f-a0d6-596baea57f7c,167
fe43aa9c-ce71-4add-983e-e57384ef89c4,2c8df40f-fc17-4a73-876c-9fa553dd5b1b,e4903f52-cb68-4e14-8c6d-6e72566df0a1,44
f997c67f-af16-4e2b-b7e0-448cfe8e6fc5,9df1ebd3-5620-4db9-9ea7-f12b39ae369d,996a0785-0109-4b44-9c25-d0024c8b9026,16
29e2ce84-84d6-4290-b825-14fccdafd83b,256024f0-6317-429b-9145-30bafb641fe5,b54b9704-2753-4d27-bf43-87f77b328141,20
426b5570-bb2d-4046-93e7-b8bb2cc15028,7a811e2f-48ef-4b3e-ba87-65940cee9eab,a33190e5-b900-4b60-8da1-876d9e3ac432,4
b678d0b4-63f2-4a91-83c4-af95edb1d04c,bb6dd2ff-41ae-4a82-bf10-a09902d1d220,88df1e85-2560-433a-9738-34ad4dfafd8c,46
b20f8179-c1ac-4e11-9a6a-ffe881e1fc31,988fda81-7873-4a50-bea9-5a6fbf2096fd,70321a4d-f63d-4272-91d6-ec0003280d44,55
4e1604bd-1b7b-49a5-a4e6-40e793e1087f,8fb2badb-7c0b-4a55-96e0-9e197dee1f59,ea3f08f9-27a1-46eb-a215-fef7d06d3056,33
3ad057f8-66d3-47d7-a61e-51bf1a9c1ce4,983d559c-ba41-4b43-8f9e-a46c5238509a,459846e4-da90-434b-809f-2421703ae4f1,20
14e8c6a2-90ab-4ae1-a607-bb3884a305d4,412a13fc-9f78-4b21-8b92-705b10fe5058,b35a78c8-664a-4f09-b62a-03897539ccdf,287
a7cba2cc-6959-4d42-8790-acb9546eea6b,32fecca1-959f-4d08-b3ee-3cc756c69737,680a8d14-0c36-417b-bbdf-450f41c3f11e,143
abd2facb-c64e-4509-8b6a-fb0158278426,bb632755-18a9-4e59-9703-c0a4919d67b0,6b38f2ec-efe6-443d-984a-e675b627cfc2,2
3f9e44dd-140a-4103-8fe5-d3b566b65124,e6b7dfcd-1c83-474f-8660-3d0b397088ec,5efdd9c5-b177-4ce9-964a-2b4014823405,18
3854671f-ee93-44ef-b025-440a386a07ea,3af8d667-1f13-4fe8-83c3-2940460891e7,fd3ea438-295e-4b6f-9b9e-7eef7e714e45,5
45eacc31-e770-46b8-b09d-49a261903439,fde9d565-971a-46ae-9b0b-62a770a9c53d,f54f6b56-ae87-49e0-9602-d4b17d9bb638,32
e35e182d-a3e3-4672-a08f-54e8093961e7,14d7791c-4b16-4173-a033-b599288e0607,9307d12b-cffa-436e-9a0b-df5f07f503fe,33
b550eda8-ca01-4efa-a23f-5b7b788d4dba,e739ab2f-e23c-406f-bb4c-fa7f01012aa5,6938c525-7376-4936-9ce0-6b68c60f3683,3
41b8cd68-5f8d-4bc7-8121-1e38c369f1bf,c2a8e828-9b32-4e92-ad90-d7f543c59540,fc8b8498-16ad-4b0c-a87b-fcd2a7cbe4d8,172
928de19f-eccb-44a0-a096-916fb2012558,ed8ea31e-2440-4d9e-8aa2-b390e111d07d,7fa3fdfd-d378-4271-bc82-ff0a63b0a1d1,5
e37267a3-2dde-4420-a197-58ff04a1d962,7f968522-894a-468e-8c3e-b76148519faf,4fd7fc94-3e75-45cd-a378-8cc4eee763de,39
2f54ab5e-4a80-4c82-b313-e9e436f5abd6,dbdb1112-694d-48b9-9d47-d7ef0be0a4ff,4316584c-e015-4443-9ea4-23429516d73d,2
0272a531-cdaa-4d31-b401-4a8e491a64cb,98205194-8357-4667-96f9-10325fd837ee,9c02bb16-68f5-4c18-92a1-63e31b3a1910,49
d5eb4161-9985-4128-b1c4-f573735725c1,021113d5-9a68-40bd-812e-3c8eb475e010,5ca36346-863d-4a08-b64b-073af2da491f,44
0791d028-d08b-4b87-b148-42f1cac48784,4a42bda2-a86f-4f83-8107-8386187b3db2,d638e233-566a-42f8-8f42-27c88fde40e4,16
802c9332-587f-409e-a0f1-70ab645ddb67,c78c40c2-a6aa-47f5-8db5-645aa552549f,d17fe852-2e22-460c-8495-43084a7ce64c,26
ae7383a9-4a2c-418b-92f3-74d5dde4ca4a,ea04bc65-6e93-46ed-8574-c7a38828dca2,9f5beaa9-a0ee-4b27-a8fc-7454e9216bc6,147
0f7b8c82-00b1-4172-b4dd-7c72deb19309,178e304c-436b-4e7a-968d-5c5137188327,6b5e496f-ed2f-42fa-b13c-ca47f3573912,2
5196d493-eef3-4b80-9a78-4606c9fe1a1a,c515c28a-1faa-448f-a6d8-cf3fc920a155,b6346949-3aa0-4405-92e4-0aed769bb291,51
32631a24-49b7-4dc2-ba32-63b06862e31a,239c268e-7409-452d-a1f6-15d7cbcc2efd,649157a9-5fa4-4afa-a1f8-d1dd9e3902b0,36
b15840dc-89cc-4bfd-a490-7d92986d6972,4e8c377f-a728-4acc-95fb-ff05f3a9018f,db601af8-dc14-4124-bf2a-0bf58519e9c1,4
dcb94ef7-4790-49fe-8266-510bb58d2b5e,1f342281-7e2d-490b-894e-c289d62b6988,ee577fed-5a31-437b-bf21-2e87da911439,200
6372d7a4-242e-476a-a046-906fb16476c8,a0330bd7-ba96-4b9c-a471-f1edd874bfd6,044d3f83-a13b-4e1c-b14d-974d2452cb11,2
8a7e9b0e-d0a8-4be9-9ae4-fa96cc1f4a7a,e22ca185-5616-492d-8177-d9cf6b9018cd,9470fa20-2de2-482f-ad51-778c41d878e8,37
3e182d17-3f4e-4465-a303-18cab16f793a,cbe042db-4ee2-4074-9c82-4d6bd4c83488,83c58dae-9b45-4c87-b3fd-225f0f1f7985,59
3ab1868c-5522-4c53-b243-f99c83308497,4ed72980-bd20-4772-939e-835d3d17bc93,85bbb5ec-d6ba-46ed-bcf4-b1c6cf03c46c,52
346e8d2b-2dc4-4d29-8b94-1578dc9484ff,1b8a252d-e879-4958-93d1-d92f10cabfe4,25df6fd8-b870-4c8b-9974-f56a0f8bb066,3
9bd16eb0-6e64-4f51-bdf8-01a99df00ba8,b9a600b8-bdf8-4869-9192-20cea904d707,266c205b-863a-4290-8e72-3048d9cc2892,148
bb1238b8-5db3-4082-9a58-48fcf916c163,4e214ba6-4c13-4562-a7c8-1795988df0c0,295e5607-5e5b-4454-8c22-6bde7e3de70b,136
d8a2bd3c-60eb-4820-94da-b991c18f3279,411c24cf-eb08-41bd-a2ae-a0b123c75d1a,52d4c2ce-6f31-40f2-9141-79760c88cacb,146
501b01ee-9be8-4b6e-8faf-2ee45e3c26c0,5b22dd80-8402-4d87-8ff5-b9900b3ba89a,7dbf264b-c1be-47d8-8eec-238c78065ffb,37
ac0b9722-bf09-4a01-b8dc-5a11146c78a0,751e4404-2e33-4103-91bb-03475e2b0be9,0188fc82-d4fb-478a-a861-1fe3efb0b5df,16
016e284c-3a96-48ea-971a-47dc422c50f4,63cc5c10-b735-4c9c-967f-da908357197a,b11c5ea1-a716-4067-ac95-748d131f8a95,192
f04ab803-43c5-46f8-9b09-e953564a5c47,99472154-c0b7-432e-9580-279f0a84b3cd,34f5c00b-80c8-4d32-a7d0-9c66a46885aa,50
6e0f2c29-8c48-4655-8c78-3811d6e5793b,fd30961e-35a0-4366-9387-99ba718922c4,04bcff4e-2115-4eed-b780-934258208a65,97
a38c1343-aa4e-44fe-acf4-0a8fde792cb6,fcd0cdc7-5762-4a8a-87f2-46d7c51795d4,740c9152-ae0d-4820-a900-10c21d1ac337,43
1ba2d889-aa76-4ba6-b88c-575230c1e3d2,7bf79433-b687-4d89-9884-ac0d5ca39142,3ea77d3f-49fe-4154-a9e2-3ed2cb92b2a4,2
030cacb1-f07e-4bab-83d3-38f2c34c2f77,a56d88f5-58ee-4bb3-8f78-34ef12ef4649,16607cb9-cc46-4811-98b2-a8b057072e8a,3
1ae0bfc2-d4c2-4931-a4be-33a21af84e3c,fce25efb-bf76-4c90-9669-c23d2c4cc2d2,ea285315-43ab-41e9-ae84-18c5f9ff81df,27
d54570fd-0f87-4428-8970-4e6a5ed64656,e5fbcf99-769e-487e-a012-f81ecb0c67da,866c070c-60f9-444d-b83e-a6c368b924a1,141
597d95cc-bd2b-46fd-b0f7-fceb1687024a,b57d2b9c-f52d-4ff8-b7b2-ae869874424b,41b251a1-6281-4278-96a8-6c235eef5cbe,43
0164a053-356d-4a76-be13-686b5841877c,6d8facf9-8bc1-44a7-89e6-7ac78769c6a2,f73d8acc-f63c-46e8-8658-aa06e0da132b,13
39b9742d-dbef-4435-a86f-a4bbded5a223,686f465f-205d-4f05-9ef2-472a21cae5b9,bc8873f1-ad87-468e-986f-1f28cc86308c,36
c00b6471-efbc-4688-92d5-bbb0df92cf5c,79ca8856-8698-4434-900e-4fdd805a426f,8548797f-c072-449b-a802-a514512d441a,187
d656ad44-ae2b-49dd-8ca9-86881244e55b,f5167ef0-f0fe-444b-b13d-75ff4a6facc3,a67d3773-d0e4-422d-997c-76727394f085,38
20795cd1-f9ff-424a-8ba2-3ac7ba0be9fb,f8b9326b-8df9-4186-87cd-cf46e8ae9994,bbb871fc-3a8b-4c3b-aad8-cd1a56cd1802,19
44b39cc3-e4d4-43ba-bfa6-65bcb07d0525,70ae35b0-9b49-4eca-a96e-d8f196ae118e,86cb01d1-1aea-46d2-84f8-a236fea4fe31,187
9c781536-0302-42f3-8a61-4e967fd37e39,4a8b5082-e48b-4d2d-a505-e83f97f8828e,555a66e0-c177-4924-ad7e-5670ee634918,15
3a37d0d7-762d-4157-a0e2-491381e1d159,ddcbd927-59d4-4445-abab-3f8f3bac20b9,eac32f24-e546-450b-999b-56ca5351f9ab,26
7326493b-9924-4710-b536-cf46f29cc96b,984642a1-3363-4c79-8d80-5489d29cc65e,04f33ca3-0fc6-41cf-91cc-adc6d02912ca,32
ce273991-0b4a-4c40-a185-ae120419cb78,d6921ac7-4cb6-4138-8b92-384bab91ee70,cf76c3e8-78e8-4c91-8be9-43fd81af56f2,29
1e6197e2-a966-4bbf-a150-0610a8c5ab9f,0dd44279-7b70-4879-a52c-eb059f49ac21,59621013-1c1d-45fe-816a-6fa9e672e2d6,41
1f4cd814-267e-4873-8a22-26cfcbdc28d1,4aa54d4f-10ff-4f61-a621-845a9d0d5760,d0a42ec8-8266-4b51-9203-7844d254682d,4
18b7cb89-a586-4763-b38f-b74badc9e90b,f653b435-1cf7-4f12-a65d-ea50b4eef83a,8337ea6c-fef6-4543-993a-f35765fd312c,3
abf3cfaa-67a1-4a64-a99c-da2f81128738,a7574176-465d-47b5-9107-836b10534c63,c999c4f9-2296-43b1-ad4c-10d6293ffbad,32
e66b70f6-96b3-43cd-9cfc-b6f178dfa6a5,412a13fc-9f78-4b21-8b92-705b10fe5058,b8dd0d95-de77-40bd-892a-62832ea28410,261
964efccd-329b-4469-b929-073767aeb5bd,5233f245-0a98-47cd-9cd3-8cb95902b2e0,13b7059d-ed82-4a02-b157-c8d225d8c157,2
bb3864ea-dd96-453c-93a3-2ec7827807a0,69e36ef5-f68d-4a16-a4ac-8f172cfc1fb2,f8789996-2961-4384-be31-19453d50865c,5
57392baa-f686-4276-950e-c8b9aa41fe11,06fb6b39-fa56-4e38-aaaf-efc8bdae9882,8e74c7c1-a673-4996-94c3-7c5b4e647d60,49
13cbcf20-58be-4e67-9fcb-7aeab17adb69,54fcbce3-51f1-43e2-88bb-a8a0419e1068,48345065-97cd-4c8b-a131-a9b34ab96a83,20
d838c7a7-7a69-4dda-9fe7-78ff987a7f2e,b7d9a266-22ee-4d9d-912c-1f95c7171c52,f1aff85c-4c29-475f-b7e7-a7b581e6c4c7,3
720d7693-a0bd-4ff3-a266-f3f2c81bd7ac,1bcb26b1-5c6c-45d4-bf16-1b597000141c,9f15a55d-d63f-4d3c-be34-b4f8fb4747f7,10
02323b13-cbf0-4570-b2b2-619e868b55fe,bc91338d-261a-4bfe-b75a-c22737e7bcaf,4daad71d-eb0b-41d5-9ddf-45ede035a524,121
34a390a6-2ce1-4f91-8bef-29f499ed7c10,fc76636a-3598-4b20-b1ed-a8b6a43558c6,046b0f52-ffd3-4326-b89e-72ba96b0bdc8,50
0957c0d4-3a94-4dfb-96eb-6b61e26571ff,c41197d8-68ed-42da-9a2f-c275b732614f,99a6406f-160d-4d38-9bca-856d29ce2f7f,40
92343c3f-661f-4bbd-aebc-af767587b8b1,9a1f35c3-12cd-4661-945a-6382e9493ef4,6a9e7726-ea67-4501-8662-b1a66646708a,9
bef281d4-6f3c-4de9-b986-9f21b0e43dce,f87bbbe3-00a7-4e81-84eb-fa5a3c163a07,fd7b3d2d-0792-4803-9526-8e278be89713,49
d787037b-e20e-4459-8379-2f7cca992010,90f70702-4989-4ef3-90e4-40f78d0ccdb9,0d60359b-3d11-4434-b9f9-7b9e95f87fa6,270
17ce48c4-4373-43d8-b15b-9984626a9ac6,83354244-fa56-4ff9-9293-3f7a8ecdcb89,bbea28a3-5b20-469b-a7a2-a8d877e0e328,37
19b82ee0-6b32-4b2e-80ad-29b0157498c3,d5f74f0a-c2da-44e5-a99f-be45ea380f3d,f570d7dd-8b22-406a-a7fd-9adcbeba08f6,30
a07828d6-9a86-443a-a4c3-2f5c6a0b3029,1c3f5be8-9a66-4ee5-a2ce-4e68cce3843c,529bcb6b-6ee5-4417-8cd7-ba87f4084aee,36
de51f3dc-33cc-4cea-acf5-006d796fe1e2,03a5cdd7-08f7-4d18-82de-7dd080c1fd6d,f9e56f2b-91e9-4456-a99c-338154185055,11
3b2cc172-dd76-4ce1-ae1b-ac37822cb053,417305d8-33ed-4675-bb25-05f6ea861c29,aa53621d-974a-448d-b632-8e933a7d479c,41
8084091f-9184-4efa-a2cd-f052571cfced,9b06b52a-fe3d-42a4-b13c-a80a004f19ff,f6f2ddf3-3515-4777-b6e5-15f0d79d9ec6,1
d414497a-6f2c-41d2-bc7e-dd74b1ba2241,f007551a-c85f-4521-a1df-965283ff51dc,de2e5094-01e0-4998-9d65-d97eae16ed65,76
e27e537c-6a8c-43b0-a596-541b6ae76740,7d84bf24-2c62-4694-9f8d-4edf2f537f27,3927998e-ce04-4d58-9949-521674d6aaf1,83
799c8a4d-59d4-4a78-ac35-db2d2a3f61e0,6d5b7b28-a1be-4191-9f5b-dc138715269f,a02cdac7-8489-4800-a4f9-61097892d4fa,18
10e20073-eab2-4a55-aae2-da7d7452033a,2138cf7e-feb1-4b32-a884-afd9d456dae4,13faa4a2-519f-4223-884e-a4053ecde909,449
982cc541-7d9c-4987-94c9-793a6e989424,aac43def-fbfa-4ebb-940d-c0dbd521291c,2b23eab5-95ca-4f0a-8294-253bffba0fea,10
fcd019a1-a50c-497c-b902-8ff5ddf2dbac,fdcc3190-8bb9-46f8-b3f8-da7b99b628a7,0f1f5fe2-82f1-49a1-9145-7e17ca54408f,177
dbf61631-5e52-41d0-82eb-b273948092a4,518873ee-4b64-42e3-8e8f-ce744efbc213,e85d9dc2-aa70-45b4-ba69-60e0b062bfe6,4
f678fc17-12d9-4561-b7ff-e860d6d4d394,afaffd32-6ea5-4a05-bd15-d0068bcd6964,bcbd7aa4-34ae-462c-943d-1452f32a48c9,48
d0e934ce-617c-4ecf-bf69-77da562651f4,81e4a3cd-7410-41fc-8afc-b6640f1ef339,dbe189d3-f913-4740-9eb7-ba38a9224287,2
f8d90061-22e4-495a-9cf5-7c0ffe8d450c,ea3083af-63e5-4656-8985-7b71357c4f51,1b1fc056-97d3-4f99-aa0a-1f3a53443fc8,2
e43cfdac-8700-4004-bb99-c6074b871a4a,85ced3c2-ad62-4584-a8cf-cb148a2d0130,315fb100-6ed2-4519-9e0d-72a436e8f426,361
6085b1c1-8cb6-493a-a5ff-6c9ec15dd553,5f926772-62e5-4f3f-8e46-9efd66e2f252,1b63fce6-9eeb-4346-9a41-e236b71175a5,184
980d4295-6a0d-4f2a-9f74-60f0210c81a6,2e3f655e-641e-43e4-af71-4d9c156a0556,eb06371f-69a4-407e-bf3d-78e3a5fdf8e7,29
1b73948e-f352-41e6-a28d-901d46365126,db4a91c9-ca62-419a-8c9a-58fee12eb4c0,96189655-3bac-4b01-a177-d8b77d060a42,46
9dcf9edc-b3f8-4444-9bae-e0cc8193963a,c597e5b4-3821-4ab5-8c90-4a70041a260a,2e225da5-16d1-4c86-95c2-6119f94ccc09,198
9ae948bc-b2b5-44f8-b24c-9bfc750b75b0,00a0314c-aa13-4855-82bf-2a1d5bef458f,3eb1ad2e-a241-4366-8c8a-222a6bb0d76f,3
46a1f87d-c205-4c11-aa48-3e5bc9e32d16,4f4de89f-7050-4f78-b3a0-5b2f9974941c,8330938e-03c0-46eb-8f4f-8ab13617bbf5,34
7e850e46-f4f0-4d14-adb3-5507424d92f1,38d145d4-57f7-4b4e-8786-4f505801a927,f6a5fab7-9dd7-4cb1-8a9e-ec3662318931,84
5c69cfd4-c076-4be4-b1f7-df4491b08175,7a1bfec6-b3c7-43f2-b05c-8c6de372ed8a,ac186a1e-81c2-40d4-bf32-ed43ea99322c,20
ea1b4496-6f1f-4c8f-b165-d8207d93e5aa,49399b2b-46f7-4ef0-a17f-878a8c848b49,87505603-8d65-4d1c-8eec-f3f5882858fc,49
305e13e9-3298-425d-8d1b-a43569ec2314,b65e07e2-3166-4f42-b85d-1fdcb8b9eede,cfab2403-c5f8-4ba2-8f61-60660bafa3f0,26
b9c6d7d0-72b8-4916-a90b-0f59137ae94b,019193bb-be8b-4386-95ab-4b761ae8aa57,6fa72ff3-02df-4220-8c8f-517157dd1e07,48
9a214aa6-7627-4b92-9ebf-66b1411c6740,5190fdf8-fd20-46b4-a75b-398d59811a07,354eff8c-3aa3-4a24-a4d1-bf2d9418df21,5
3b7aba6c-13d5-4e37-955a-011825a1169b,247a95da-4d17-4eab-839d-7707c11fdb4c,687efa70-cc9b-4b4c-9e25-be0018b73dbf,32
4ca3a6bd-5289-42bd-a707-efcdd2fb6d86,2077576e-4fe4-42a5-9141-12f1a86619bb,317df896-d35a-44d9-b7bc-817445548d2a,348
9229597a-86c9-4853-9c40-b356f56d8dd3,e2aa98a1-6e4b-4a34-8c6b-7c04ee0e51d7,1f554718-6d80-4a12-89ac-d413a68ab9cb,319
4056e09c-2337-4140-b403-94b8c1f58dae,a6c30570-9e20-4182-bfb9-7447bdc46509,b5c50e6c-f9c9-49a1-9327-0bf3df97b1db,22
6489074c-e927-4857-a530-7f61ce9fa3fa,4d7805fc-49f8-4a8f-b607-c32a5b3ef845,52cfb36c-2309-47f9-a6a9-19877168a43d,36
465f2886-ec42-4266-80e3-b09215861995,ae911b74-d068-42d2-91f5-588846403128,fa011371-8c2d-4a41-9837-1a1d32c95245,40
4123e97f-a4ad-40a8-9ffd-b77244730c88,8289fd6a-d52e-4f02-8bb4-10975132f220,feb0ff00-11be-457a-8e79-ccd92237395f,109
864b3284-c888-45f8-b910-07c559e14143,9d11fe25-b270-4418-a9bc-3c6be49b531f,284f3998-5f4e-4f2f-8fd4-53d7482b42d2,29
244d29f7-b36b-4165-99a9-ef92f62f1350,ee65a3ef-c9dd-4525-9f03-792ccd9352c2,ba6fb686-12ca-48ba-bb4b-03f82d3c42c2,180
d285f931-0a3e-4b8d-945c-a389903fb874,bd8a8919-d037-44b5-b235-1ca96f93f279,3094651c-1969-4df3-b589-5e7f0a41bddc,338
074239f3-602d-4d8e-9a56-99a3467fd0e0,63506d22-baca-4f33-9940-bc7125d8317a,2cd96e00-82a6-4ca4-a080-df45c0e02541,22
30b19ae8-3f95-40ab-9ff6-2b5d3cc5fa7b,eb1b881c-abcd-4c11-87b1-3c695d825837,6d332c68-1de3-4bdd-a2cf-be2ece090f8d,40
5c4bface-d73f-46b1-b76e-945f81d51f1c,b2b7e028-00c4-4a26-9b7d-27a5777ccb8a,17435752-c3f0-4b93-88ee-2e139c9524e6,24
c16d34ae-5370-453d-961a-4ea22487ac93,8d4529b8-26a0-4c45-8127-0fddb5c5e299,301927a6-3c79-4aea-b388-49339116c719,2
6721b863-1199-4ef9-82fc-c19ba7a36fb5,8043dbfb-6e75-4a2b-bb70-957da5ece41f,72d9ae2d-6a1e-471c-9620-b3e38186b0a4,3
95764982-aeb1-4ee6-b3a4-ab1dfd518f60,295b25dd-4760-4092-9193-d982b9a1a5df,48a85f8d-1abb-4931-a625-184cfe7b7a10,46
eaacc3aa-b4d8-4cac-bf36-a527fb1df274,934243ec-336b-4887-9d49-274afa162467,899fa094-554f-44af-930c-6ef947862d8d,50
23894ab7-bc12-4eb8-97d0-48db514cc630,47ffbf74-6574-4247-92ba-6b6507d9492a,e1a657ee-2de7-430a-91eb-37ffc9c764ef,4
8490afba-18c8-435e-a937-84f15e3d754c,bb879c25-af06-4437-8aef-fa9d731e9b63,7c76e8aa-addd-450c-8c27-345c67612b1b,52
7c1d9256-5775-4e21-bda5-02f496e45654,5445f908-c9d1-4f99-b51b-5608b1b11308,6954da52-2782-4131-9693-496baff66f75,148
5c7d5578-b775-44dc-b183-97526db3f1ed,8a694bbb-dd60-4151-86f7-91e14a39ba25,31ad1552-9af6-4c1b-97e8-61ab962fee58,156
f100a784-4a37-4c00-a550-5ddec9a899df,185c27e9-0e02-449c-9980-be79e56198a7,9a579fb2-d121-4773-b6d0-b7c0396f41d9,28
9ef5e46c-9d60-41d7-984b-74b0a8a19ec9,3308f00f-62c9-444a-9e94-3cc78e625192,234c9ee3-d05f-497a-82aa-21e4d3d0f298,36
edda94db-e3b6-4693-8cff-20bc28e40452,4df8b441-4d18-4f44-8a7b-4c0880da215e,af702aa1-f424-4d0f-a4b6-10681ef8b0ae,1
34174dff-3063-45af-9164-e2a5b05bce61,365712ab-0b5b-4573-8d7e-ab8bb78c157c,5b8e94a0-c557-4bff-8fa0-8f551b2ac856,49
cf89f822-39e8-4a3a-b60e-97bf93ad82ef,7fca78fb-d514-4f29-a65c-6d3ab136364a,fcddac12-fc23-4db7-a942-b655101de405,15
041d521d-ed5d-4222-af64-417814c3f8d0,e0e3c6c5-db3c-4902-afca-8ffad3f6dfb8,c147d2be-4a46-475c-a48b-9110312ae22b,8
a88edbcc-4d19-450e-bb19-01cf1081d4dd,c23467d4-3489-4d37-aa8f-18aaa5efc6f5,f1c4424d-25cf-4bb0-98a2-fd0384108f14,37
efd979de-cbac-4a5c-94cf-6761552438f4,2dbe291c-34f5-4f77-b7a7-4d7dec935184,1e548994-0fc9-4360-8b9d-3fe6acf5bbe2,54
56555aab-c9d4-4c53-ac3f-38d0911dc9c9,c521db5a-782e-4801-a8f1-034840baeed7,c8c024f2-10c7-4389-9053-6737fe1dd057,90
f7c24488-77dd-491d-86fb-ccfa8737b017,9173a9f9-52f2-41c0-bd2c-8c9c837ecb76,a802313e-71d3-42bb-a499-5b65c70f1154,36
c7e8f962-850c-48ea-81ad-ae1624598719,a48f0968-e216-4d1f-90fa-22afe74d390e,852eebea-1646-4131-b77b-3088ca56940d,110
3281d3a6-c5a7-4466-acb2-d730fc3eda70,e0929777-10c8-4b21-9888-96d77b29c9dd,3af60fdd-55bd-444a-a8f1-99b3f9b518c3,130
8aaeed41-3b88-431a-8343-3909ea4ac518,9487f33f-7ab5-4c97-a156-aa8f9d56e9b6,21906cd1-821a-4efc-8e37-bf2c984260da,4
15ff0d21-368f-4381-8978-6b5b8bdfabd6,efdeec95-a0d4-4f04-824c-38b9515749d9,1fc4a853-8f7d-46a2-b289-10dcdc92db3a,88
36e1df8f-d9d1-46d1-a3f0-532a75bf870d,4f944b04-a1d0-452e-a612-0dfb78953937,eec707e4-5657-4a44-80d2-d189c7fb5093,81
201ffd21-6d2e-41bf-8b71-449d414533e9,0abe1b1d-4204-4b06-8697-6e3c63345918,43b36632-4f1b-4538-b594-d4bbc29bf677,1
0c5ad3c8-6bb4-456b-b283-1ed30f21c69f,b1c5916f-6a67-499f-a3ee-2370eb857994,f083983a-8483-4e3e-ae8e-d44304b6217b,27
f03a7ace-2c99-4731-af62-95137ad7feb3,4c04d71d-afaf-4458-9cb2-858547f6a3df,67ea1ac3-29cc-4b61-9b62-13095b74d2db,4
af381992-3e14-4f90-b1a9-68c9987dd42c,1e7e6479-a006-4322-8824-6b14a7c14f25,a49b9de6-cb07-4624-bc15-78cfb3b6e89e,0
be16b86f-029d-41b7-8998-bc9a17df1c35,ea04bc65-6e93-46ed-8574-c7a38828dca2,667fe17f-671c-42b7-9fa4-3c7fa0a4244a,110
e49c5854-3b34-43c5-b52b-9b173e8f89ea,fbd8d99e-0737-44bd-a7a5-586d2251d295,c5913f56-a295-4daf-b798-90bef6299ea2,44
69295626-1f98-49d3-9ea5-43d9eab2bffe,adce3d8a-57d8-47fa-bacb-94fda9f523f9,d715a1e7-416b-4074-85d2-1029ac131b63,84
af63fb7c-7b84-4470-94e3-7ac25b452976,a4401356-091a-4903-baf0-0a939165c98a,0c83f3f2-ed4b-4eb5-b78c-523999bcd74d,166
1d89a304-b384-4daf-80ac-feaae9b5f703,0402225f-eea1-45cb-b985-2a887da8ee3e,7a5f703a-8d89-472a-979c-5c17f9c30a59,26
aa051aba-0320-4eb2-9bdd-48a3945e0a0c,3bcd0bd5-900a-4075-ab92-1a99f7bfa10a,7aa625e0-f78c-4a45-a8ba-b1380b681251,5
18fa9e04-8cd7-4d07-b8b1-78b028f45cd1,04080d39-9610-4977-8c63-d52b06bbe7c9,e7f5dca5-4499-41e6-8802-c9de59830c7e,85
d0bc7bc1-cf37-43f0-8a3d-77d17240f2a1,b563ffd1-8a28-4591-975f-3de827ff2cc4,ae71eeb1-a7f1-40f6-86f9-89d81cfc94aa,30
0fe6109d-b321-4f7f-81ee-fbf339700d17,58359d99-9db7-498d-a16f-f7e803da4603,139cfc35-8596-45a9-883b-d9d8515ff332,10
bcd74b53-693a-4fd3-a2cd-fc7ab41c12f9,93eb4066-1624-4435-81cc-07c528baad9a,92a4d0b6-f6da-4663-99e7-20916009c5f7,3
3cd29986-1e0f-4423-ae99-bf4cdf89836b,64b43829-6adc-4673-badf-9b619d0fac25,57f8fdcd-692d-4720-8192-d42e8eec1617,5
0d6d4679-c83d-4575-ae6e-09bdd84bb92f,0ff971a4-e766-42d7-8945-688401f7f9aa,9d4de51f-f8df-41a0-95b9-aebeef43c8e3,310
b89427c4-12bd-4019-8090-1c76bf642962,5e6d8859-3b65-4883-985d-5054e7629372,3440b4e2-1d2c-42c9-82a1-2def83bacf93,82
b1709178-0ee3-4165-86cf-43b9bfc2317a,bb0f702e-863c-481b-a71f-ff1b938f398b,c3e0e4da-a16e-4964-bb6f-a7f646d7bb87,31
72fbe9a0-7f9c-45c2-86de-32eda2a397b6,1a38578d-21e3-471d-88c3-a9f71a51ce5b,90a3626b-aac9-4a1c-aeed-631977064d5e,18
34dfa6cd-59ae-4a5e-8e9d-07495f05d47b,088fca33-66e9-44d2-a76f-b25d0c04558e,f36c42ed-5965-4bd8-9dd8-22be49b03c99,49
aa240828-4251-4a5d-b6a8-65815756bf9e,c6689ca6-943f-4d63-b9b5-0facd406f3f3,0431b5ed-c315-4844-bb76-450fd53bf75b,13
20ce421d-5b5a-41b4-a35b-589b2f6f0921,4c7fea28-238b-40de-afec-e54c4571e797,3e7ecabd-833d-4a3e-bcf3-b828c6861961,6
ccea2eb0-7ca8-4dca-abab-39d4a7d62d50,0aeff8ac-339b-4db3-9eeb-097328527636,0c4f48d1-bb17-4cf6-ad3c-0de34413af2a,11
a0279924-3f91-4f9d-b52d-07d6982d39c0,55296348-a5f9-42b0-ad5d-3bc22ff1b44d,6a31e0b9-7ef0-4d41-9072-ca5efb1d33ec,33
4745e7ea-80bd-4acb-9ac8-f33f855e9715,7cd78c6a-af03-4cfe-98b1-96e2da8d6f36,bbdbaf19-0f23-4401-a945-32938eefafe7,23
e96a50ea-46ca-4631-b525-1e3c8c130c98,1889f383-5018-4c4f-a8e1-6d0b71439f5c,1cc9a4c8-ac31-44a6-abde-b8cefef3d3d5,175
e442f337-7272-4fb0-bc5f-5c1166c4450b,b431f6b8-e13a-4994-92aa-9df7e925009c,e7b97dd4-1aa9-4796-b1a9-fd11a18f8c21,83
6d607b5c-a296-4f2c-b082-ec2f43463a39,61a1bb43-1579-4c03-a549-b249319644d1,052598b9-c17c-4f3c-910d-3335865d4150,134
9011cc33-afae-4125-b361-b0aed190400d,197bc7a6-2598-445c-ba9e-561b86c1930c,eaad743b-0309-416b-b66b-28df7b572d35,124
0a220275-67c8-4d9b-8a8a-46a6bcb1f54b,95398246-401e-4709-b2e1-f4be0504e33f,88c0f960-d306-428e-b08e-2996bbe63cf8,5
8f8b73a5-0ee6-42ed-8285-5d1b0fd0e0ac,fb2be368-9b4e-47ff-b693-2044b226f5a3,f6ed16e4-6da3-4388-a985-60746f1652d5,56
81b3197b-6c20-4b75-9abe-991835a0e6db,5fdd98e7-0042-4e3e-a54b-6568e46b0322,1ad9caa3-514b-47fa-b1a0-1832389f3c48,97
0d49ad64-11b7-43e2-9162-aff5791f3c24,94bce2bd-d519-44c2-ab6d-ddb7d6d836ed,90a3626b-aac9-4a1c-aeed-631977064d5e,407
307ac740-cfab-4539-81bb-8cf636c973e8,07b83eea-3a7b-4986-a3d6-7bcc49d8d6a3,e088cca7-6436-4e9b-9a11-bbd1c5a72c10,76
b1518aa0-3cdc-4304-9dd3-35e86850c80f,e657b777-229d-49d5-9528-73ffdcf05d97,d7bb55bd-5562-48e3-b425-0bcbaf9e036e,3
edbf3163-9047-4b9a-8285-deeaa563caa3,f693b565-e0bc-4d97-ada8-37245dce8121,a582d16e-6471-47c7-acdd-2df0a3ca8cc9,39
8ccc90fe-ea09-4b46-8778-22d26610541a,53c3d93d-edec-4f53-bf12-99e6e22b1487,963b7f10-e6d7-43bf-a955-42498cd09b4d,49
046e1b19-ef06-4f16-a22c-566f2d9951e4,7dbdc337-0265-48b9-a604-f32f2a3b5541,37dd09c2-4633-45f8-a912-72d2d32969e4,125
415669a4-cb93-473f-9dfd-a9e78c37429d,29e452fb-f330-4902-86f0-8650aad1de75,c7ddfb2c-800e-446b-94ec-10b481706a7a,47
b26b50f7-e1ba-4021-b44f-46c169e430c1,ec2f43f4-65a5-45f1-aa90-d6177fc2659f,4f1715e6-f95d-4b3e-9504-c74a2114b92d,227
5848ef9b-c804-4d9f-a4d7-808930eea22d,797c4dd7-704e-408c-ae9b-b84c414a45a5,77d49fd5-dc37-4728-8e07-3dd817f2e9d6,184
4fbb1e7e-d622-4864-92f1-62f715e9ecad,31f3190d-07dd-4110-8404-3a874802c95d,2ca21f62-ee59-49ab-b814-5afc3acf9abc,29
a7c0fcef-45c5-46de-bcb9-c2c2657bd16b,0bf74a7d-c707-4a3a-ad56-6cacd09295a1,bb7666ed-336f-4217-a6fb-c4ab100320b4,2
5d93ffbb-1770-41a8-8491-4566b600426e,84cbfce4-3189-411d-ad86-1485f7d2495b,90161e29-8819-4faf-9e9f-9e903488a01a,108
55abaf79-9cb2-403b-97ba-a2d7fb0f1f27,f9d80ab8-075e-4eac-8e1e-610981da9dcc,1f989747-8ab6-49d9-aa03-7a752fd4ec11,86
0f8f2f1e-01a5-4314-87bf-9dc816120c97,dd8fbe15-95fe-49d7-95d3-880be0a0c5a9,98b793ab-a100-4f24-9b07-e2940f6fe5ed,2
e943ea92-7527-403d-80cb-9d035781d4b2,993820ec-889d-4d70-af77-49355d55ffe0,d7ae5bfc-24b9-4e80-a882-5f5d10337620,490
fbc5510b-538d-482b-8754-857e12f5d849,f99f3ca7-64d5-49e8-b0a7-0a6d0d020924,3c8410a3-9b79-4389-8246-30c895c10437,14
7232448f-c0cb-4567-befa-569fb453ddc8,a82bfbad-1a69-45f2-9e8f-d7cf8cdf9e0d,d3ae88eb-bacc-43a7-9939-9ab50c199b4c,29
63f2f70d-6867-4487-bbc1-3d42de5b4f26,03eab94e-b3e6-47bd-926c-521678154e4f,789496a6-666c-45ff-8fa5-82c9ad48f67a,284
f32a6b8d-55cb-4d21-ab89-74bab689fab8,ac4625fa-58b5-4103-a542-67cc478ec0ce,079d19b8-e393-48d8-8b1a-cd22224c7502,343
1e6c8ece-c9b4-475a-86ce-ad0090219512,a3b62290-467b-4ae4-a3a4-8205c0e95702,e7c67a62-90b2-4d3d-b31f-a5225ca73338,43
8657963a-929e-4247-8019-dffaabbf3f46,2db01270-c5ad-403d-9039-5f87eb5bbe27,0adb00cd-367a-47ad-aae9-12e333f4013d,5
a21af039-c7e6-4401-8b3d-964b56e89388,03c1df13-abe2-4d79-9c8c-af1c407b232c,14430c8e-dc32-4dc6-886a-4f938838238a,40
2b5c7d3c-c4ae-4368-a2ec-8aed7aab8caf,83ae13fa-6897-42bd-9a99-7d2f768d5957,c170d25c-80fd-43cc-b8a2-3bf240c7f5bf,2
3bb6a650-e152-4674-9bd8-331020187972,b5ba5ffb-b0d1-4738-a888-7f6e7556881b,789496a6-666c-45ff-8fa5-82c9ad48f67a,3
98925a73-976b-495f-8ad5-792f671321f6,1e0d0618-9934-4fd6-a44b-01669902ab75,56aba0ba-a329-4395-a6b6-9c20da4eeb49,3
33b4d771-dd6b-45ff-a035-3687728303ae,33f03905-8436-4148-8fd3-12ca8886d011,ea3b8170-57ba-455b-bdd4-599cdd73d1c5,3
a4cfe6d5-e78e-4bf2-8fa7-7cb10b902c96,15023685-ef3a-46ed-81c7-ee7e60ef31d8,6f53c6c2-1eb6-43e8-b1c8-9a46ce28244b,4
22547923-6e4b-4058-902b-366a71f8db96,5b5ecf3e-90ce-44d4-bb2d-5e59f8cbe557,ff3f7dda-9b42-4f60-9530-9ad22163b89b,324
41dcce63-2ba2-4301-b124-118359d7762f,2e07e239-e991-4b16-8e42-93ae5121b0d0,8c38f2bc-c8e0-4396-810c-54fdf5c69be6,50
d3db1256-34a6-47f6-a046-4d7711e550b8,7836ca11-aede-4ba6-a5e1-5708c2fc9854,4581829b-071f-4da7-b808-ed4c5fdd3fea,1
0c980231-5e61-49f2-9138-f51714cebd57,0839f2e6-207e-4bbf-8573-432af9151efc,e8a923d4-8ae3-4c51-a764-7373e7f41cb7,25
ac1743e9-c710-45e4-8b62-f1d93b537983,4bdcd8d5-978f-4bc2-947a-a13da8ffebde,31cdbf23-c5c3-4e88-82c3-e1ba0e25bb01,18
d18c78f3-4228-483e-9ac3-e59d9cb64b16,aef42505-0481-45e2-87b1-2063e6a7a628,b0a14a21-f4ba-4a4c-a484-31292561cf16,24
8d85dca7-6b4f-4054-99a3-8c24063f0333,9d9172b1-b96c-414a-bef6-491db340089b,dfb44754-b01c-47ed-a676-4b08ba2e4806,5
b39c4b59-aae4-40f1-9811-5cfd8c53753f,aa6e1494-1f7d-497f-a7aa-64a00b74c7c6,a9f2d637-6e0b-4c3c-889f-2edade7e1b61,28
960c3f9e-3ff9-48a7-a5fe-36df1d104307,f533f219-03f1-4dee-ae2d-b3450c125999,764d960b-9524-43f1-9013-8872581c44f5,28
fc9742ff-6156-4e0d-9262-e461d06cc819,266cc671-8e29-43ae-a97b-f22817a0c2c9,b0c1727e-b04f-4826-b65f-71cb74102884,42
ad4999d5-5824-4cca-8c85-9c21f6ae49c3,f4b6f306-e713-4381-9b7c-923a162f3921,7c57d740-44cb-4a3d-9e13-9d220464cc45,5
2e1cc8bb-98a1-469f-b0f3-bfc916d60476,e297e00b-bf5a-43a8-8d37-ddebe5e7fffb,2989ebc3-689f-4e9d-8493-08885b25684b,187
02e4f8d7-602d-44fb-9a7c-1f48571c92be,8d4529b8-26a0-4c45-8127-0fddb5c5e299,66607f35-b45a-4abb-afb3-d6db9bbb87a5,169
49d609c5-01e9-4cfe-aad6-3a44139e7a93,83840c6a-b92b-4bba-a256-ada4c3261fc2,6ea2a096-850e-40ed-8710-cdd29efa4ded,45
de605966-76c2-4256-9597-f374a8e7f467,47ffbf74-6574-4247-92ba-6b6507d9492a,c96b19c0-eca6-40e3-8663-eb56d51e069f,17
e447e475-e31e-4e8c-9311-6ba97a6f5bb5,4999fda4-23d3-4687-aded-3fbaff23861c,def62d1c-ddc4-4941-be75-e32ad749d680,9
36ae38d4-4a4e-41b7-9b63-829e8f98a682,44006993-e0ec-448f-8e53-64ff01f207f5,fd3ea438-295e-4b6f-9b9e-7eef7e714e45,42
a85d54ba-708c-4139-820f-fc1302f4d6db,adadb79e-427e-48a6-b70e-57c1bcd16988,16b5cad7-d7ef-49d4-95db-2ceebbb08638,154
0a4bacad-6f68-4eea-a4b8-d07abd40294f,0fa6aca7-7646-45ba-ba94-99199923e09a,4662cec1-c7eb-41f2-9ff9-fd936d3458c7,40
fae02baf-6fd4-419f-9495-6236f59eec92,88cf8f3c-a14b-47c0-b9a6-bd2ed97b56d3,ec2c8b86-ed78-4daa-b1af-e28d09281d68,80
d648d43a-27bc-4c4f-8fe9-fae44acfaf84,23bf3854-d6a1-4e38-910d-a261814c37f8,abb3f285-9878-4dab-9725-3fd457410bf5,14
d810d01b-5df9-487d-b2d0-eee2dc696fb9,f24cd96b-492b-4ac6-89f4-0e37918d57cb,147e2c11-fb7d-46ef-8fac-15b02df8a16a,5
c088a2b5-75c5-4fce-8ed5-a8b9dcdaf014,8a1ecf7e-dfdc-4476-8a22-5cb54c58d5d2,6d0205c0-cc69-4bd6-96d1-f6e98617c2fa,5
cf0eff64-6edc-4ff3-93d9-bf8187a8984e,b8f2f7c9-ff28-4381-aa8f-70f1e3f72af5,da109bd1-7ffd-411b-bb4a-1bc2254c8cfe,37
e4d01511-3fa3-44bd-a2d9-7ceaa0efc0f9,faef3e61-ab0d-4512-b0cc-ee52705353c0,4f06a00f-21ac-4a72-9a44-056e39b23e98,448
77393b91-1c6d-4d0f-ad2d-16d603a71ffa,27cbd012-9cca-4d30-8a75-5fe0771a490d,9d119ce4-de4f-4b53-9da7-5af7c73e682e,3
114c073c-9808-48b0-b368-62142846b9f3,c21183fa-9232-4e37-9fb8-7f38bae38a28,f95f20cd-0f1b-4389-8400-5eeb45c240c9,3
b579e2ce-9d3b-4c68-9aab-5c4fc4eaee07,674062ff-423f-4fff-b847-2438cbd6ab2c,efe5f194-7a32-4d33-892d-70fc69ee662f,14
ffdab6fd-6bc5-44de-b3ff-a030276ba8f3,e74c4c73-4136-4d82-b7c5-2c1fa7741c4b,7dbf264b-c1be-47d8-8eec-238c78065ffb,16
13f360e7-a014-4627-aee6-2c46db02d78c,a51a0ac8-c891-435e-8bf0-3204727f668a,9c1559f6-02cb-4666-b7a1-fab0e1dfb8ad,48
1fb55a2e-e719-451a-b8bf-c1bfffb6685d,f2b97bcc-fb80-4a7e-a672-e6c37637d8a0,ce3e5748-5b91-402d-a0ee-3f6f8894001f,121
1a9be170-788a-4d9b-9a90-b3b22458790b,1474da98-f8a3-48b4-82e2-31e1adaa1833,99463ede-2dc6-499b-977b-485653fa755e,3
4b276a1e-4ef1-48b0-a25d-98440c0f2a15,df4043f3-ca4e-4495-b070-b7380fa38355,108f9311-24a7-45f6-be53-3132008cb422,9
be1f57e6-96c1-4c24-918c-a0b3cbe56280,fd760a0f-57ae-4446-9fd7-f5240d7f78d0,79ea6a5d-d8bb-40d8-a821-3b18ece55894,1
3f13a729-ad62-437d-a9f4-b9e6dca875dd,241f8e1c-19ec-4bbe-b95f-82b4a758b8b3,76ade27d-42e2-44b1-b460-3cd8b9cb2cd0,94
d1ff59a0-5a9d-4922-9b87-e5df2972d3bb,418cca67-10b8-4ca2-9098-ccf7a27e3014,62efb620-5e73-4450-bcfa-a969441518bd,66
0729d1bb-9765-40e6-b20b-6fb51bc1fb46,eaeab03e-4ef3-4585-ae99-08ade9d0fc48,744179ff-a29e-4e34-a314-682f17d7b374,6
c6b039cd-ebc1-49e2-9d67-cea81c03eef9,71b52766-1400-4cbb-b9e8-3b418230553e,417eee61-e4c9-462b-ab8b-bb76f587ed80,4
8b499b2b-c49e-4ee0-a3b3-f163f55c1d5b,f32c2263-0ea4-4ed9-8c1f-25d0b669fc37,257933d4-2622-4320-bb58-d0f4d3b65503,49
a405a3e0-9255-4b99-89e9-55a7a0d31aaf,d991800c-1c05-4e1c-a7b6-6d3b072016cd,a98fe08c-2bc5-46b1-ac26-7ee4769adb25,49
5a2bc4f6-52e1-4f24-8fb3-61d7fcb681c0,a6b4b498-3c0a-4b70-b91c-a422fb1e9784,8e33676a-efba-48e2-9160-8b48875a0df4,499
c0095331-49dd-4e43-ab46-cd70b5af7c75,9cdc3b46-332e-4cbf-a8b1-24fd657fcc28,2ef24294-5211-48dd-a26d-6b15cf32379f,2
065acb8e-591b-4651-862d-d9dc65033716,f0ecea9e-2285-40fe-b090-7fedcf0539c5,45ed137f-5a79-47fc-86d1-4524484d2a4d,72
639d14e5-a0e9-4a4b-a764-c93068769c29,17a07ad4-18fc-4d19-9ca8-af6ae7218e94,d715a1e7-416b-4074-85d2-1029ac131b63,25
7081dd2b-87d6-4a44-bd14-7784192e28f0,8f846e1b-9941-43ab-bfed-60d81e470825,65b34ace-8a03-4690-a342-0226b213483f,4
b8fe90fe-890d-4bfa-8834-ab1b64199ccd,62143228-2823-4e00-b479-c2725d888509,079d19b8-e393-48d8-8b1a-cd22224c7502,7
79f57a9b-4232-4a7c-96e6-bd8f2e44dadb,f432e5bf-c831-4361-8985-bf2e03bec10a,794f1d35-544a-4eb9-8f3d-c702f683369a,3
4ac462e3-02f7-4904-be0b-30a1e51cec10,ebcbd4d4-d689-469d-8b10-814a575e68ab,20374317-caa5-42ec-a00e-a42d2e1881a7,35
7b98d8b3-f132-4a48-89ed-2c0f51851859,f64314b8-23e0-46cd-8459-c578fb695c3d,91c39694-ee7e-488a-a0c6-964a73b00a1f,56
eb32e0bb-380a-4131-95d1-a91484aaeec3,a7ab8979-aa41-4239-bfa1-4fda3a9f43a0,bd55ccac-2b5e-4136-b8b9-c0116cdb30f3,3
bedb1f78-3f2d-4ed4-bdd9-f56339c6dd28,40b497c0-586e-4a27-b646-d5e952274d22,2dc8c3e7-7596-4146-9d5c-ba3fd912fe58,85
0fc6796d-7995-481c-89a1-655bdb4ecb78,4110f609-ecf2-4dc9-af2e-e84cce67bbfd,af4c2ed8-702e-4384-bf84-3a6240aa0f08,1
8912a5fb-50d6-475f-a3f1-e1638ce35973,559db2e0-975c-4965-a3fe-78b5db065ffb,682a115c-289c-4d96-beb2-3d8b1e69587f,2
82ae117a-b266-4e85-bca8-014c74a5fb79,7ee7b9c6-3283-4634-b4b8-df3903468470,c5401ebf-0e20-410f-999c-d454fe66cfd3,4
47245050-ce58-4f03-b8dd-95b29ac53fbb,36b57368-494b-4408-b9bd-39b090288822,f7fc9d30-e5fd-464b-b525-93cdbe4d13a3,420
d71f82d6-bc99-4c51-8d2f-55481f47b69c,41297f06-eafd-45de-82c2-3e224ea492fa,44c8a71b-39f0-416d-ae9c-fcbc62c30a87,1
6738587d-f458-48a8-8034-538c3e930dc2,f2588393-854b-4627-87ce-f3a620387381,2b307326-d0be-4e21-8e09-b423e094bfee,45
74b3075e-93ff-4144-9f1c-e40e3a289371,aa31954f-03ac-4b35-9cc6-77620e57928b,e1c0c934-9969-46ae-9554-31111642a232,44
6eff8c0a-907b-4b16-98bf-9b7e27906261,68ef040d-175d-4625-a288-088bcbb5d51c,4298a8fe-2e00-4a61-9171-f5b2a2dee8a2,5
094b49ca-6643-445a-b12f-dea71a86e0d5,37b4af10-64a6-4bad-9ed7-52de9a128ff3,8960032a-0cba-4d02-9120-3bbe0be3b9fa,36
302e0e2b-d83d-495d-a3a3-28c5e10a56be,567606ff-dad7-46be-a272-3bce74307326,c486d4af-ea98-478f-9e59-e7a279298036,28
db443896-f6d9-4cd6-afb2-dbb7e8a94f0d,02c83625-53e3-4840-87e2-0f5423b6ce96,2497e5f3-3973-4a3f-9b72-f9699ab313c3,49
fa94841a-50f9-4189-9c2a-02c23459ebc5,1aa344d7-6a21-4ed4-bcca-c1655df11438,1fa154b2-a703-4674-98db-12b4e82afa20,4
c194c17f-a7e4-44c7-b3aa-ae4a700daaf4,9b319045-757c-44c0-940e-bcef1b34c427,2520c554-d3d8-477a-9efa-f194b84d7d1a,3
40946270-50c9-4bad-9c85-aa35a942366a,073c058a-01d8-4079-bdcb-04e4c9d5ffd2,142f844e-17db-4bc2-8004-a45352576efc,3
2772cf63-cdab-4e51-ba26-c6bb4ccbdf75,f9c613ad-9932-45f7-b328-2efb1241b3fb,0d9c68d1-80c0-4aa7-b2b7-6c05635f357d,64
b9e87fe1-e570-4a48-9028-d44a847235d4,adce3d8a-57d8-47fa-bacb-94fda9f523f9,f9f8d102-f2b0-4ad6-ac4a-3bdc71767cc8,494
ee09e5a5-f057-428f-b77f-99edd56b2413,c07c1819-5d8e-4a82-a374-d4087066f311,948fa953-d9e4-4c4a-88e6-1a2e12878ff8,95
f05dee33-479c-4d23-8ead-e1e2a8598667,652546c5-2a14-4e52-ba9a-920b9e76e7b3,231ed881-d046-4548-991e-c8824b004c6f,18
4e163376-91aa-4d68-822e-0339dd72d804,df14c5b5-40bc-4de5-a1a4-c85b486a8678,c62f2407-3f76-4fb4-b38f-bb32281c16ed,2
4831cbe4-3fb3-45e3-aaeb-350db257ab50,6df72370-473c-4c6e-be06-9fbf42936393,7037acb3-e0a5-4dba-975b-aa0d24c515f2,2
ed24b74f-8941-44f0-b504-5c058e6b02e3,34e4d3a7-8039-47ae-be27-c020f34302d8,c96b19c0-eca6-40e3-8663-eb56d51e069f,2
ff95d3db-f017-47cf-808a-f359a4a7daf1,627dab56-8ef2-45ae-a178-8636b8758c1a,f083983a-8483-4e3e-ae8e-d44304b6217b,55
a44d3360-464c-4867-a94e-b88873e17345,dc146672-ea5c-41ea-83ee-82ece7a30a31,45ed137f-5a79-47fc-86d1-4524484d2a4d,9
f647f29d-b42a-474f-b907-05479c2d2f93,8e206c77-cc5d-4c29-b45b-5300ffb1560a,0f05d3e2-3e79-453b-bdc4-f70b8266303e,1
4c8243b9-6012-4a43-95bb-01d4f636b8fb,392d0d26-25b6-4970-a043-65b6cd0dcfc5,3d179e92-b829-4061-b2b1-7b77ddeb94d9,199
8ad05b30-85aa-4530-8c4c-275779e34a00,7c17b7f1-af7d-4264-9385-af56883b2f4e,b617ca9d-169c-4029-b93e-88de2ab6d250,35
6d9cdf29-2266-43ca-af3f-972c39de105c,7a667dad-21e4-4f8a-92b1-20ef9cbfc0bd,5516d73c-d659-4da9-8e74-836b66b2002b,30
cbfff9d4-d59f-4dbb-9dd0-1b4edc761933,4534cab0-5dec-42f8-aad2-c2545b5ad841,31d29569-1a97-4d5a-b95d-cb91530163d5,13
e676af47-34f9-4ac7-a4ec-771dbd32f562,cd1f117b-5bce-433d-adae-901e21086745,e6237525-8e41-41f6-a9fe-a35ad9155684,5
5e12b650-f2f8-406b-954f-8f3a1f165496,e74c4c73-4136-4d82-b7c5-2c1fa7741c4b,48a85f8d-1abb-4931-a625-184cfe7b7a10,2
894d6214-acc3-47b1-9ca1-3d5945642446,b93fc924-8717-4a7b-98b3-96ff977b1d44,602073e9-324b-44b8-a13b-d4a3221c4077,5
bd87cab3-19ba-46c1-9429-069253b1575a,2d618318-7e8e-48e4-b68a-f8b10a97d69f,c2631a90-0fa0-4f4e-899d-a40c5e80a8b3,193
76d65955-91aa-4f35-b4a2-239d8856f4d4,849edaf7-9f27-4923-868f-703292badfd5,b5f99c79-3bee-4bce-b857-1537d014cd14,186
7d7aabe7-d4cd-4c7b-8e2a-9fd76f1863bd,65fa0391-9f85-4249-8b78-25a36c109742,fe32e0b5-6be2-4b39-84c8-6d72456c7602,4
d47ff16e-be9c-448c-81df-d45237d0b77a,431b9163-94c2-495b-b3d3-6e2c007ec658,f000b813-83ae-4cad-b1d8-705414f18e9e,361
82c3d286-5511-4808-ae27-d12cd3662833,909a3a95-9322-4404-9c96-9c1bfa6dea15,4ae1b16d-6f01-44f1-b60b-906a0306b4ae,37
1ecd36fc-1669-4fc9-ad74-027688ae8f2e,701b067c-2c9c-4c25-bf7b-a8987d191ade,3f58b2eb-4930-41ca-9c77-eee4232208d2,15
af74eb63-9762-47d6-8bc8-8d08285ec54a,d3d17ec4-dda3-4d85-9fc4-caf83f13fc56,ef45a80c-65e6-4a2f-93ef-3645b2a7bdfe,131
8590fa38-81c5-4eb1-aa21-3f27457a3ea0,8a1ecf7e-dfdc-4476-8a22-5cb54c58d5d2,c64f7669-3f37-4a4c-84d2-57642e608985,468
42a2a5d2-e69f-4567-8100-5c5b27e5bd44,53df3865-bf73-477f-946e-40a1014973cb,d18c564a-3173-42a9-8ae9-12dc03b56647,48
1ee7f06b-0807-439f-9fab-bbe004fdde5d,706771e8-a870-4f4d-b058-074223f2c596,7154c5d3-78f0-487b-8462-b22df471e9bc,16
03e01012-f926-4477-af0c-92747cdbacd4,68fb39a9-5cee-4454-b657-1e130c6eef21,c68d3b42-249f-4038-92f9-15b101dde216,260
e47925eb-96fd-4b1a-91ca-7836aa6b70e3,d8b3f0f0-b489-4ec9-b36c-66ce4dbfbebc,602073e9-324b-44b8-a13b-d4a3221c4077,2
adc0f044-5b8a-4cdf-a552-97458e323ba5,c9a7303e-9859-49c1-82fa-1ff3e7a43ce0,a7cc9f83-293d-49f4-8abe-b7392da0935c,1
768dfeb7-9695-454e-b7b1-273f82b325d1,127ac8c6-bd44-45be-b46c-8c7a7c0760c4,4215c068-9ff1-4a41-8b90-dc7d365a59bf,4
af229f6f-c403-4f7a-9485-bb5e609eb27a,6190155f-03a0-44cc-a740-ae0a314b2522,a4698ae2-abbd-4d29-88d8-9ec1011c0721,173
2de28ce4-df56-4efe-b1d0-4e402bc4a73d,29375b56-4343-4591-a589-15a5482bbbe7,3d0b7e03-aa35-4b43-82da-8b86e11cfe9b,3
a8e361fa-a225-44fa-a2ac-3cdcd24ec138,8a694bbb-dd60-4151-86f7-91e14a39ba25,4ed5ad99-615c-453e-ba5a-9ba3ebff7e2d,320
783f1a1e-6f80-4f06-910b-9dc77e8a6e25,85a61529-6545-487f-9c9d-c66b13d9f7e8,51973e6b-d530-4eb0-b0a2-e4b8007bfbef,3
70875401-4ae2-4840-955f-0413bae22847,582e5313-cbdd-4563-8b95-8ac6a067311f,fbdd6e4e-81b4-40e9-8798-983c740e8ee1,213
2da82428-715f-46de-892d-28093d4404c4,b413956d-bb2c-4384-8f1a-a97c518bb973,b2742eeb-9b88-493a-81ce-e8a91135ed36,4
cbe4dafc-aa01-45f9-98ae-a0878ff2adcb,fcb21255-abb4-48d7-9717-1335616c85ea,295b1aa4-6d47-40f0-be8c-9fb52e08e999,13
c7b2aa97-76e1-48d7-81b5-6c789c228141,7210f2a8-8880-42e8-95f2-ac0e41d388d8,1b63fce6-9eeb-4346-9a41-e236b71175a5,4
8aac2560-a26e-4531-a7b0-a9ee13f2764a,39fdd022-6625-4401-9eaa-c8455305ac20,cd886667-5a09-4a73-b517-d1e0b4b70b8b,23
f7c2ec82-4e30-4d22-85a3-c6666c554523,47ffbf74-6574-4247-92ba-6b6507d9492a,a89a0479-df7f-4058-b0c3-b5b0ec42f11c,123
af8e8f5c-c10d-450b-8f72-c255bbe35d63,c6f070ca-51ff-4556-827c-8ecba23e2e84,a42cb63d-ac52-4afe-8fb3-cbd429e085d5,19
45302bc4-0ae2-4a55-9ce3-aa07e520882b,9583557f-dc53-49c2-9cec-8e64434a2443,a2b91301-9b8a-4547-b78f-2b50e3a3da0b,33
6ab3a160-cd3d-4de3-aa85-53a3bc78bf96,13414c80-6c54-4b95-8a5a-77d4830fd8d6,70f00ffc-6de1-4293-9514-bc32be7f2121,149
2aad8f03-18ee-44a7-9acb-ed5c775ad959,1321e9f3-ef79-4350-91eb-e765eb5aa53a,8a038d49-0c84-4f29-86d5-d348a912beff,244
8cb04272-c930-48b5-a9fe-479710505060,5d9b7735-1bc2-4be5-a1e4-1d41ebabbbff,0c8d7abf-8399-459a-b33e-b8fc6c6d1cc1,23
2e69ece2-ec69-4848-a9ef-bc38a4556077,02056057-45db-4377-9016-626ae91fb1a5,4e3e113a-7b1e-47fe-b12c-c49003b56f62,181
0ecc504d-4d8f-43e8-8dfb-9e93b0bbfde4,17a9847e-bdae-4a02-8170-8f3eb8b0a71f,fa3eeee6-f7cf-444f-b352-7036d153b4d7,25
ad52d5c9-d4be-491e-81aa-000f27472bea,80ddbc62-3e7d-4a29-8432-f1863cae35dc,c700d93e-1514-41b7-9aef-bfeaae221f3d,40
dfcdef91-74b8-40cf-9a1b-d396991d4f60,a569df6a-6de1-49a3-bb93-d8debb40271c,30162dcf-662c-4691-92dd-3301a1dca411,27
0c9b751a-1828-44a6-8014-b5eb93c4520c,dcfd70e3-343d-4075-a9fc-81bb916e2d8f,4ae1b16d-6f01-44f1-b60b-906a0306b4ae,439
cf5f8719-d11b-45b9-9662-74f5ac4f698e,cf8843a1-76e5-4102-a6e8-51a3e0453ff8,a269b624-3404-451e-984b-cd79cd43fa15,480
390b589c-40e5-403e-8bb1-fccc22b99026,2b299d8e-3822-426e-9a2e-07f58c1b85cd,d5110a5b-61a2-42a9-9199-60fe16b4668b,2
b297c9b8-b43c-44b7-9ed9-965c2d6729a5,43a89719-5b5e-421f-9434-3396a5eb90a7,8707e492-5e6c-4b6b-b73c-4a27a7f166b6,31
0d6bb081-18c5-431c-9d31-8b529da6e975,51b242f1-27dc-4f39-9aec-a35beb6bc357,58167b56-5aca-4ed1-9d18-16b20ae9ef19,498
8370d38f-8783-4943-9b5d-ad32ecf696ec,c065f273-cf44-4a62-9a87-4a1578df6b40,0b2afe69-80f2-429a-a129-2f20a794f89b,56
e38dee96-a150-4f64-bd52-82ac06507455,b8db42f1-dd36-4591-89ce-f21c7932f72d,cf0fba19-905a-4130-a684-ee88e89840ad,24
fde900c7-ea14-4d7d-96fc-0756a350b3e3,6cbc7000-e878-4894-aeea-120608d7ac9b,b06060bc-15dd-4392-ba72-793c6540a2f0,33
cb12cdb2-9c36-4bb8-982f-03c034b2edd5,a60a1bec-7b35-4d1b-91e8-19c1a4139468,a3a0d97e-0a14-4d77-ba9b-1b6b5f376c53,15
188fae9a-5adb-41d6-9927-c01e80b4042c,1df1d19d-626d-4d09-8631-ac0a0c090ef9,1c843e79-4240-432d-a51c-0d4207f9ed98,1
fcd0b218-1fd2-4a1c-8006-4a3c2cbddf4c,28896b18-2004-49d3-a63b-06e567854485,fb76a4df-6e25-4294-91ce-20684430234b,4
1bc1ced2-90c9-4da0-9210-23d5e994f973,0afb8b00-76d7-43c8-b85e-c8d77b8f5edc,03162b1b-4b37-4639-916f-4020f8956193,17
198addc6-9c13-4241-a975-a538a1448193,8d69e0c7-6f9a-4d6e-9474-265afe9eedcd,7f3bb568-e80c-4fec-a603-1eb15bf915a5,166
7a70dd09-45ae-4a95-83b7-ef17b519615a,7a916f9a-f6ff-4db1-9bca-f234c57590f8,af57d8c1-9303-4773-ba9a-4fc92ef548cc,26
762a9796-5300-40b0-bb2a-b021732c2a78,4972bdd8-162f-432f-84d1-be742a0f877d,495a010e-2aea-4e79-97b0-2fdb4bfc6870,48
9e9e021d-0556-443f-9337-94d6bd13ecc0,12c0071a-9b96-49ed-beb9-a2ad4b7e80c8,2644037e-2b4e-4987-9d76-8ba0a85171b6,105
3fd4c148-cb5b-43e4-a7d7-5261d559c8ef,4ca5c5c6-2e92-4ad5-8532-dd96c2982f19,3f2a08f5-f642-4778-b680-2a5c591b766e,152
aeecefb0-d550-46e7-86f0-25ad3eff5fed,fa4cabc7-3dda-4c00-a5ed-be0a984e51a9,f3b7563a-eaf3-4eae-bc51-580de7f50aad,4
20b90b39-5e87-498c-91b0-dd37645e3cbd,14d67665-93b0-4c1c-ab19-90dd6afdafa7,18bc5666-b46b-4e28-8297-ee1b5765cae4,12
d02df4f3-dc4e-4b11-85d9-db62e2f61476,47599068-e5b0-4fdd-afa4-52f85620d722,13c3c4e0-d51c-4c3c-adac-adc3c07d7e28,267
b4fce833-1817-4656-b1ab-92f30d20409b,108cc9d0-d445-4ad7-a237-c38ef4409142,633a2bae-36c9-4fb6-9280-d425c754f1ba,19
900480ca-6e12-4340-a733-4ccbda08e3f3,03c981b5-9473-4173-b192-09ae39c68898,e7fc13c9-b088-4a07-aa96-02409120d15c,37
ebda4e05-bf77-467d-9200-ee846e3d6698,94bce2bd-d519-44c2-ab6d-ddb7d6d836ed,432c045f-69d5-4f4c-9b50-9123a27d1de6,140
064ddbdf-8071-4012-b763-7c2034ec5a07,173f0e1a-e009-4fe4-9667-1693582bf3af,1eb1bd87-7085-46db-999c-0067b9ae8a94,35
9e2c36ba-6302-4bad-b1e8-e1a5dd0a4db1,6641a6a1-724f-477e-bb7c-2444ae5ca2cc,1b48c462-1934-4460-af8f-80f216da7dd3,4
fd85b0e8-fce6-4bc3-9611-20e28cdbe215,538177c8-e11e-4a9c-be84-73716bca9be4,891377e2-b460-4cbb-b53e-00014ac88510,66
4f2b450f-c73a-426f-b87c-4ac536a77172,29582153-6b66-4a87-9e87-9e34e20d055c,03485697-677c-4817-a22d-90c95359d2ca,48
7c3da60a-1071-4ea9-848b-91a4d825f5ff,1e532958-2781-4a73-bb27-08f15e3146f6,33777752-2a55-4ac7-a7e6-73ecaf90b9ac,1
7ee36cc2-bfa5-4ef7-a2b1-ab38e7d73440,718e535c-1afe-48bc-807d-69bab29f8b12,8c4dab55-5ccf-4ce5-9dc7-8251d49244f1,369
a408543e-85e6-4cf6-a00d-5ac99ad251f4,1febde4c-518c-49de-9dda-e28c1ebc2e9e,0b6096ef-6c76-40e2-affb-a500dd1e9dc3,49
44ef5d21-c486-4b85-94fa-7b84b3600a75,107ba286-cccb-45bf-b393-27c54069411f,2e225da5-16d1-4c86-95c2-6119f94ccc09,40
3c863b0b-1caf-417a-86e0-fa02c1ad591d,dd0fdfa1-30b1-420b-b7e6-dbf10dc2d9e2,a317edb0-a63b-437d-a169-5bc1477c1b46,48
0e366450-1338-4e02-a651-791391cbd435,94511608-f029-4367-aeb7-66e4a4d111f5,ebff7c1e-e794-4135-b5a4-73054e3d219a,37
072198e1-8354-4b88-bb1d-642d29f5d0ed,d995031c-03ac-4373-a73b-c094af737cf8,f4099c46-c4dc-4e4d-85a8-5dd8abf75a76,5
c5e36456-2a51-433b-82d6-a76c8858cabf,ce9476a6-6f3f-4ee1-ba21-2b21d6d471eb,92eb6076-89d1-49ca-ac12-13f315e6efb4,31
10b1a68e-a0e2-466d-b359-9b947afa5737,81e4a3cd-7410-41fc-8afc-b6640f1ef339,2e5ef055-199c-4e38-919a-f7386dc43b91,47
4bff23ed-f3eb-47aa-9977-686529c16393,641cd977-2566-42f8-af23-79fe7ecbdbb9,e831564d-5bca-4f92-b46d-003f08f757a9,42
7d59e467-f183-4010-8f75-738d7d4a22d8,3acef1b2-461c-4169-a178-0428a65e1e48,e68997bb-fa2b-4ae1-be1c-0cbf6214cd0b,159
8c3b172e-e150-42b5-88f7-c5838b7fd940,0c2af70e-8334-4c70-8273-1213914d6fd0,275f6028-191d-42d6-a56a-890bb95fa8c3,24
0f05ce73-f6ba-4481-b7d9-9accbf8d9142,bace6133-1d51-4fe0-a1da-3ab1e7022356,22aeca29-ec05-498a-8f92-a0af2cce2b27,433
1bd76629-c8b1-4c5b-a438-33232e59f2ab,78eae404-77b8-49f7-ae9d-ec82a37f79c8,0adb00cd-367a-47ad-aae9-12e333f4013d,76
a366e8c6-88ab-43f4-8def-779b4ff0e477,40bb7d73-bc6d-4eb1-a384-e3038b1873e0,f3dedaa2-f856-4cc5-a081-303b068d5243,18
0162af34-1e60-4e06-a66d-e479188016a5,156313c3-d73a-41c2-a8cc-306fa712d3d7,4dd267dd-2a37-4270-a914-bf62edfa5461,46
7a436261-ec2f-4cdd-b365-d9cf1e92dcaf,136f0f1c-5b13-4b23-a7ca-f26e9764e43e,0b2afe69-80f2-429a-a129-2f20a794f89b,14
6d0bff9a-0475-42b5-8b8f-bdfb263b04d0,24ed575c-f8dd-44a2-89ea-60df7253cb26,fbfbb5d9-db42-434d-9456-339b5213b666,23
8c6d8c0b-b11e-4183-ad28-2570d177eee1,a222532b-e2ec-4315-b1f3-0b7879cd0510,360da3a5-6c77-4c7f-afa7-4ce430975e89,26
d5cca79a-d99a-4a4b-9f2b-61f5142f69c4,909a3a95-9322-4404-9c96-9c1bfa6dea15,141c6fc7-f5bf-4604-ae81-9c5e21bb04dc,44
3ed659ee-d9d2-43fa-9c3c-bedbc3ec3fe7,6a2a685b-dfd1-4ef0-9ece-54f242ac1a18,6027a737-c916-43bc-b48a-9229711317df,175
c43fceb1-a536-44b4-9658-5f3857f41287,f88b7a6a-013a-4933-9c86-ce2804a5712d,c0208c39-1e4c-4088-91bb-e12a1f8b2b5f,261
0136d32b-cc63-42e3-abbc-e47c01377d4e,ea1f90a0-9e97-4a2c-9204-4840b15e560c,c68837ea-2a69-497e-8c10-7534ca3c9ea9,78
65363490-44e3-4096-804d-8407be6eab64,de02a38f-b1c0-4485-a779-4016e4336b5e,615aebbd-e009-4a94-a7fe-ccf32f6d5119,2
f3125cc7-20d3-47bf-885d-045dd5a95e9f,6af744f4-428b-4e68-a8df-f8f3d692f24d,f791c1e8-2afb-4c26-96b1-1f1af3caf4f0,23
208b6b6b-1023-45c4-841b-cd698917400a,c2ce66bd-1cea-4715-9a5a-db1ea704cf4c,cf5323d5-20fc-4bc3-8b93-dc666ad9e303,4
631767f9-e0b3-47f2-aab9-fab8455497c6,04648d44-c5bf-49c3-8c59-f6fb6b541a10,a2c5b738-1fd9-4e54-9ac7-2f5daeda222c,40
4a7ec2f1-565a-4abd-a315-c21ac8fc48da,e4ad647b-e938-45bc-95ea-43d2987ae1f0,a269b624-3404-451e-984b-cd79cd43fa15,3
2ca80950-adb0-4e67-8f2a-8fc0ed90eff1,1398c101-9df4-466d-89f0-8d08a287ce95,8e225667-9e78-4f82-91b5-5869f818fe7c,33
c626045e-0afd-409b-b00f-07394cbc4900,091acc0b-e0d9-4c13-9444-c19c23bfecb7,3d85d6b5-c84b-4a3c-8759-e93c939c1548,13
1c3e4f56-caf2-4602-b517-390c774b6ece,3350ea78-3160-446a-b2bc-6dba85b374a7,9d38e4c6-b83a-41f9-baa1-207248d375db,206
533a4a65-bc88-438e-a4ad-af3dcf69ed8c,1c5410cb-9e8c-4671-8733-ca3906d26496,3b3e2ecb-ee58-483f-a33e-8d0b16b2da7b,41
52af4e19-4e5c-4422-b4dc-34b984747c1f,cebf5b21-91d4-4022-9339-0da0c1aac43f,d43d2f64-192a-4fd2-8b3d-7b89c3e55e95,7
a8bac517-db59-4748-9b41-e11051fd1d02,c07a6871-22a2-47db-9262-5c0cad4f1c26,26c31a6f-8480-4d4a-b521-5de6bfa7e784,24
d7efa9f6-2642-483a-8dfe-6154dec3e3b5,cffcb63e-b567-419d-9284-84028bf7e88d,667fe17f-671c-42b7-9fa4-3c7fa0a4244a,36
bcce335e-2d35-4728-b1d2-a030e689bff8,c6e1d1d2-111f-436f-83d4-17690249129e,1323ca65-6680-4901-9f94-ad70df65c2c9,315
3f2aee38-0b03-4b43-990d-c30e871a4276,799f4944-5048-46f8-bec3-8cc7110f9249,2a940a32-a633-47ec-855d-02aeff797596,34
c6983d8c-3cbf-45c7-9d3d-94a36202ad96,a96a6655-c6eb-4dca-a82b-f02c16e39eec,f14c529f-cf0b-46df-8912-d07243a4489a,188
73116449-d7a3-44c0-9013-eeb17952b010,1e7c0086-53fb-4c53-b1a7-e4d73c0b1fdb,6b790594-aab9-4178-8a65-437db84bb16e,131
21a7034e-9cea-4923-9822-9b66c1417e01,a9cae624-d022-4674-9eec-905cb08bae96,0a6961dd-a4f7-419b-89c8-749808cea962,90
4af959cc-0f6b-47fd-b1fe-1e92e28f26d8,b60a1d1d-bf78-48aa-a596-ce62f8f9440d,97355678-9c27-4416-92a3-dfb2eb51ed98,2
a3806dcc-784a-4d68-b2a4-36b2a40e89d9,dfcf77b3-81e5-48e2-86a6-669ca5c669b8,0bd1fd4d-b03c-4da4-b656-da8853c6bdea,5
36facc2d-561c-4a94-aed8-a8a75c6d9134,9df1ebd3-5620-4db9-9ea7-f12b39ae369d,f6f9f360-56ba-48a8-b9c0-1d1fac6ba5f8,1
0270a4d3-6db0-4dbd-8efb-0d10ce819170,bc372dbb-1761-4e81-96c2-a0b2f40ebe6d,86cb01d1-1aea-46d2-84f8-a236fea4fe31,4
4daa5560-83be-4c5a-aefa-07756e320cd6,9b06b52a-fe3d-42a4-b13c-a80a004f19ff,108f9311-24a7-45f6-be53-3132008cb422,2
0d2ff9a0-c244-488a-b23d-043c74982e8b,cbb9426d-1f54-4135-9824-be63430231b7,0e529944-770c-4a9f-ae02-6c803d166875,148
2b9a0ab8-cf43-49a8-ac44-e0018d3b24ae,52ab88cb-72be-42e5-a8b5-ff5772bcf2a4,7b030188-020a-4b8a-87ab-4f254715a703,14
cb0a3e93-db11-4f72-a1ed-0c9170da55eb,03f6a58a-7a1c-4920-bdb1-edb0c7bde6ed,3d382829-14f5-46e1-9796-a2e9d4c12e2d,2
8fe8205a-1fcd-4cd6-a808-f9d2b0537463,84665f38-b109-47ea-adcc-f6d7cdccf4ae,9c1559f6-02cb-4666-b7a1-fab0e1dfb8ad,136
c87e3417-df48-4b16-b0e2-188dc194840b,7342e6c7-cbd3-4ea6-a6fa-760332d31629,f14565d2-6304-46a5-87fd-57f38dd8fd80,8
467e075e-91d0-4a79-9e7e-ab177cbee78c,0c06ae4c-9021-4d4c-98b2-f37c1a36f22a,c6c8132f-87e0-418c-9776-17c59600a6ad,383
58ffdc72-4b13-4b6e-bc23-9cbcb9a82dcd,d143963a-6f2b-4a6a-8c5f-a7e81671886e,c004b3d9-e15f-4042-8f60-251c32a0533b,5
59e63716-818c-4b63-affb-23042fd1535e,d74383f6-43af-46b0-a353-e1a8fb82ab50,327972dd-5bb3-4a13-8c44-15aafe42d9c5,47
2b663678-761d-4890-bed4-95d855591fc0,855ca680-4b30-4646-8258-4aa07c6fca92,71eb4600-4878-460f-a2bd-34a58046461e,23
5a2cba82-0ac8-4cd4-acdd-e1d8d1390795,767be41d-f178-41fa-8fb8-e8cf916b8882,4dec8580-e25e-4f0d-acba-a86c261b5006,117
3272b561-dfbd-4678-bac5-c49e17079952,c045f365-8233-41f6-b8e5-bd071e962b6d,4fcc4ec0-bc0a-4b06-a676-4d03bd97608b,28
80ddf055-5844-46cc-95a0-25b119501f9c,b4c62bdf-24f4-4b20-8821-050e4ead29c8,9062e9a1-3a1e-420a-9b3d-c71eb2b17268,18
e3e200ee-a371-47c9-b966-821dd099e28f,faef3e61-ab0d-4512-b0cc-ee52705353c0,2d1d14b5-8f58-4360-ab24-6430d7f4211d,168
69f4cdc8-c6c3-4644-ae6d-dcfd2c034267,adce3d8a-57d8-47fa-bacb-94fda9f523f9,6ec0c949-c3ba-428d-9c60-208214021521,144
1434771a-e58d-4bce-b375-6562dcd2f8d2,47599068-e5b0-4fdd-afa4-52f85620d722,ddd2a0d4-7b76-472f-b4ec-08cdddd447da,450
04fbd618-89c4-417b-9470-5e341ac81cc9,b798c5ca-4f20-4848-bf2b-666dda8fd887,495af895-90ea-4833-9fc2-510174cc60db,95
498b138e-7475-4930-935b-93a77c777ce4,b01dfbed-7ea7-4337-8d98-1b5b196eec55,7e2311b2-a3c6-4bfd-ad94-33d9ac94c0ef,1
c25c98a0-41a5-4813-b3ca-ab1309b5cc81,b7f2903a-d14c-46ae-8d59-8436f88279b7,176fbdee-698f-4b18-9ded-57e82dd6bf22,168
01accae9-ce89-477a-8305-cccb94165a51,28659976-c1c3-4254-90dc-ba9adbdeac20,48af493f-a4bc-40cb-98d8-d218dae0d465,29
1b21e9ff-7949-48c1-ab65-7e8bff06debd,e17799c6-6ab6-4fce-9830-69772d934e94,0a14380f-2746-47b7-b5c9-7aff9aabe595,200
b73072e9-61e0-4ea7-9c9e-95dcfe11d784,51d0d4b9-2230-4cf9-9201-5b6ea595bd3e,efe5f194-7a32-4d33-892d-70fc69ee662f,280
0342d051-d97a-405d-abd4-88b8c6f4613f,85e556e6-2a09-4118-9d9f-97d47baab779,6a317e17-2783-4381-b8cf-56b280122ea8,131
a2085f2c-e7c6-4124-86c7-7e11a72d19c7,0dd44279-7b70-4879-a52c-eb059f49ac21,5a7407b1-fcf7-40c4-8d26-4191f38eae1d,3
739c707a-fb96-4898-8531-9c8476c53e36,18cd10f9-3187-4c50-a8a2-6b4cc4270075,652fa2cb-d23f-425e-9756-89c62db07be3,281
70975a0d-c24e-471b-a3d0-1312ad88f3f8,f242057b-3471-4b64-b24d-d100b939f8ac,c933af6d-8cd2-4328-8965-8dbea5f9164e,150
18ac8337-6bbd-4765-a29a-8d33f52761d3,22ae0f05-60e4-4713-b516-6af354d81dc0,56aaeffe-a7d5-4fbc-b09d-03e955f86568,43
56eadb52-3477-48fa-882c-115bf1032e05,525f52ea-f6be-4e42-8972-a51de84c1558,700bb569-f8ce-4423-9e41-6da3a3cf2bc4,4
4f9a1679-68f3-4877-8cfa-2928571ed0b0,a9561b9b-0204-433d-899f-b5d5f7be84a5,e15ac558-3603-46ce-a615-9a1a92052665,5
1a590bbe-4b35-4b7c-9b07-e67fee13faee,91702dcb-3f83-4c44-b716-299f0a29fdee,97995d54-4f57-4e22-9920-73b9f34c50e0,231
8589f323-a35b-4fad-b1fb-7ef8fa2484e0,4d1e0021-c07b-451a-b188-d49b63a1586f,9912d851-f77b-4c0a-af87-d58ce3bde99a,5
f47d84d3-432e-4e12-8955-83382cd58c39,f17a97d5-9a75-460c-9ef9-8776625ede51,e6b62cab-84c9-48a3-bbc7-2c0afb0bf6e8,39
6d0f5b0e-d4fc-4cc7-bc86-c2ef6fa23604,68fa4c98-3793-4ceb-81dd-3362416be9e9,89655bd6-a6a0-4b12-b0a2-df9a3c396505,184
f012ad67-0c39-4498-8a65-97dd686b4bab,714cc4a1-bfcb-4fa4-82d8-7f79c56d9e27,be37c013-6266-4c21-a39e-656962fb178b,16
c489d586-fd4e-4db6-a890-701743c7e998,44bd2c39-0e9f-4000-81ca-a9c3cc9db52f,028bcdcc-a2d7-4213-9082-b392ff7f88f2,5
85307c7a-a25c-41d1-a668-56fed282e999,8973dcbf-5ac5-434c-8ad8-1eeba8133fa6,107d5d97-f8ad-4557-a0cb-f666cc3a7281,9
a027cae4-c6e1-4e5f-bd6e-dec53329d391,190687b4-a451-4081-a124-6a2a3c1e17b4,6a8be6af-f586-4cb3-bb39-4c9516cae6c5,354
8af79b40-7af6-4455-8c70-c6fe50bd79a5,e8fa08b7-eea9-4b5a-b97f-83d919289041,0783582c-de02-433c-84d1-4d55addd8aae,23
fdb27996-38db-44cd-87a5-64fb9d03fcf1,823dca61-419b-48e5-8790-bd9d492e9320,b2faff76-66b2-4a74-ae2b-c4851bf07737,4
e0c5171a-6b65-4ba9-8d12-d17f30e9279c,53c3d93d-edec-4f53-bf12-99e6e22b1487,b5483d0c-51b8-484a-a28a-a85bbb7dda4a,12
9ab218ad-0cc3-461f-b8c3-e3f1aa77f80b,c78c40c2-a6aa-47f5-8db5-645aa552549f,ab113cd2-e839-48f1-b8dd-5c4b0ab7d47c,76
2bd571c4-0da0-4d29-bee9-a9e4a2b9f7ee,b19248eb-4f13-49be-a86b-e739bd6d9eee,67c7583e-008e-4d37-8814-bb46a9120461,34
789ce2e5-7c6a-40a7-9a8b-d4ed05fe6d8d,cad2c5f3-ec6c-4b9c-a6aa-adad40343086,4c2253ef-ddfe-48d3-b119-af268b91cd67,186
61902717-6024-4af3-8d88-608f884e63c2,f73ce760-2f34-40a7-8c89-679102832624,d327677b-aadf-4f11-8d56-bab3ab3ef17b,248
3d941b81-9bdb-46f7-92ad-d674927131ef,dd4f99f1-8647-4afd-985b-3c8a7b0c7c36,24caa145-8af5-44eb-b364-6c75cbe82444,25
91aaa4c2-d9a5-4e0b-bd77-4f9cd477211f,efc0e048-a931-4f7c-82c2-ea61f6e8a8f0,c27d64bc-fbfc-4c8c-815c-d0b34e48e6fb,5
6cb7e156-b9e1-40c3-8b17-2e4f81c1bdec,22f849bb-c05e-46fb-9fbf-2d0cf009759c,199a8f1c-3305-40c9-94a1-72ed8899d453,50
964f9783-4709-4c69-a619-c5774ad1504d,b9019207-243c-445f-b93d-82d8a17f6f5a,fdf87095-31de-42b4-87c6-b16dde338717,25
71d1136b-1203-43c7-943a-64fff5101891,525f52ea-f6be-4e42-8972-a51de84c1558,c9185ffa-8b25-462c-bc73-059917614033,29
6fffe4c3-42d3-4ad9-ad98-e22bb6fb5a8c,28b89a3a-bd9b-4e2e-8af5-0844abe90bd1,3d179e92-b829-4061-b2b1-7b77ddeb94d9,150
41092953-f9ee-42dd-994e-12654cec0f55,e95d6c68-e089-4d25-bd58-f36f32f24058,8e6c21e1-a753-44fd-b1df-5b7c85dedbe4,36
256faa46-8015-4577-a701-100ed142ab37,7b7ddba0-5bb2-4952-a5d0-157d6743521e,8972b641-f80c-4c8c-810d-0f6c78dbd4d7,177
1cfa8793-b016-45ed-aa88-2674fbe37e90,391f9ee9-6915-4f0f-9790-21bb47f86bc7,a03eaa6f-080d-43b0-ad30-7f04acdec92b,103
02229f37-00b1-453e-ade7-a62c2d508cc0,ce7c1f21-4a0e-4977-8d71-0bcd82229569,9e062b2d-0b29-4771-b578-9db1da393ae8,21
eae8640f-6311-427e-a3ca-08641e8fed46,63b42e9b-8297-44ea-88d0-e067e4003030,0f03b342-cd9c-4ad9-bea9-4f3755385e38,4
aa4ffa01-30b6-4a0c-95f6-ebbe13862ad6,5aff1003-f49d-4b8f-9113-7b7bf068dd30,a3a0d97e-0a14-4d77-ba9b-1b6b5f376c53,480
7aeb150f-e235-4c05-805c-fce7857a4673,033cea79-655d-4f4f-b627-d16e020423a2,cdbf98be-b251-4a19-b052-3133f11853c0,8
87728188-da51-4a7c-9698-1a5139718edc,203acac9-179d-4953-baeb-e3926cecd1d7,0b71e3e2-85c6-4399-87c5-0cd9ac101e7a,43
f0e8c57b-ef45-4b4e-8471-c1fbe46732b0,7ee7b9c6-3283-4634-b4b8-df3903468470,e51af1a6-f4d0-4c49-add5-450036ccffd1,79
854d9504-baf2-4346-a0b3-36f28bc81dda,fa9f6c98-94e8-4e2d-8b6a-765658e314bb,8d584bcc-dbaf-421d-a64f-9984875412ba,488
dc37c6cd-037e-434c-9d10-9b4b403badbf,23989f4b-5c97-4e86-b02d-fb6f926551cb,0e3429e3-880a-4a1f-b092-8538753deffe,3
f74a3c3e-52a3-4f35-ae68-1fe742e3170c,58f80712-3cf4-41b8-9898-b209f15f2546,2644037e-2b4e-4987-9d76-8ba0a85171b6,33
d33ac2b8-c60c-4153-a78a-a3082104c3bf,50761e90-bf4d-4f4c-8564-1ee3a0e87c16,7664e6f5-d264-433d-9bf3-248e1e8617ed,8
4c19987e-7f7d-4398-8a8d-ca84a6f2e52d,20133f47-915f-4fca-a4ca-643dcf320866,211d12c2-4e00-4b89-aede-75e428402748,31
54e1b7c5-7872-4ca0-8312-9d950df6f4d8,5525fce4-9f89-4c77-8691-e71ed9092d7d,390d7b08-3d6e-4eca-a5f8-aec6a3ab0716,200
474eb67f-a48a-46c3-8915-e77efab44cdf,2264b248-c4d8-4071-8e7d-36281dc2b33b,2ac19d8b-0910-4f07-ad5f-7c5425649149,38
85bd11c2-6428-419e-93fc-d1ef4817648b,92d635d9-d35a-48b0-83ca-04ca44227dc2,6b4e2abf-d73c-42af-8c96-f23455a941d2,24
d81e9930-677e-421c-87aa-db08694588fe,044a2667-711c-4951-b3ef-d5ab2fab4451,9e254577-a5c0-48b7-9c28-4cf88bd70acd,43
f49e92e5-534d-4c59-aec3-c3da788e3c31,8b65b0b8-09da-4519-b404-c81cb34fb27b,382c73f7-c5c6-46f2-991f-d53b5caf7325,4
a906f13f-498e-4656-be30-b52bdc50e048,a7c3c437-c543-4f3d-8ee7-46e1594479c7,0188fc82-d4fb-478a-a861-1fe3efb0b5df,190
eb7886dd-56e6-437e-879d-e2ff54b8b594,8feddcde-8dcc-4637-9b1b-147038c77c6a,f7acba64-9442-472f-b769-3980b230ea73,5
3547286e-54d6-45e8-a786-6e83211e153d,878f481c-6d52-468f-b869-c0f1afa7b24f,b9b63e37-4c78-4788-9e1a-c66f38798c90,4
5312f233-c221-4fa8-baaa-c067a987a224,955cfb8b-ae89-4d94-bdc8-81b92b997cf3,02f5221f-a9dd-479e-888c-a75a21ef4958,16
1a0849f9-b06c-4340-b9bf-2942e2fe8459,f4dd6c24-b864-49ef-80ae-697265105e02,1c440607-9324-49f4-aab4-34d6077bca4e,168
37db22de-051e-4ef2-b0c5-fca152114b01,9c980b8d-b9c3-4a38-8b93-6b78154fdda3,9437e3c3-bb9c-42e0-bdba-144c8056b807,31
96ecbcf3-bf6d-4fdb-9699-292919d7646a,95384e88-6866-485f-94cd-92a9245bd871,96f79689-f6a9-4e61-9ba6-ce8af7826565,5
3df34cee-e4b0-418a-a28a-9e2d356d37bb,71e75ac2-31e9-4bb4-8e11-dd6d45802b85,b46665a8-bf10-4fa9-9914-b2a8d44a3577,17
71527e94-05ea-43c0-ad6f-f20ed0231537,e826fa1a-537e-44d1-9706-044bce02ac5f,61f0f34b-0c78-4f11-a0c9-064d0a3eb1f9,19
eb12cf54-7e5a-4875-af18-9274d1bc6cfc,7c611188-8bea-4afd-8bdc-eab44aec7403,738e82da-59cb-4cb2-b753-6b0dda8d8b71,33
baea598c-178a-427b-be0a-2f2652a7ee54,93c35bc6-04cb-4ebc-aa51-12994a5c527c,f814b379-e8e4-471c-b4b7-0a9e335ed09b,36
963e744f-8b24-491b-ac45-cb1781d9ca2a,94130e9e-932d-4815-b473-080c007a730a,2de55814-addb-42b2-992f-f86950c26e3c,29
58d5e119-8a18-4ed7-9662-1b463772a963,7ca53a95-382f-4b73-b8de-4bb3f1f0fed9,bbdb7178-2dee-40f2-8947-68b20bb34c20,16
a0bc9f30-bfa8-40b5-956c-113244056510,4e172f4a-4218-40c9-8e81-5426ac1b8dcd,ccdc49eb-e1c4-4559-9406-33d0d6b3c57c,43
2e2a2279-0204-49c2-9f57-40058fe1e753,be36c314-1862-45cb-8e46-76a2ebc0af35,825fc5f1-5792-4b03-bd97-e16d39f5c50c,87
c3fe0e15-8fb6-47ba-84ca-23091428503e,269e96cd-c0ae-4513-8356-c941f1b79a72,304bdd4d-6508-4fba-8dbd-a6c595372b36,5
4a7be7ae-2bb9-4189-866f-e847d5e0fca8,4534cab0-5dec-42f8-aad2-c2545b5ad841,c63d7db4-5a82-4c82-a0e0-9e2636030a14,17
f86664b4-913c-4a79-bdda-b4e594ca4fda,3e359054-3f47-41ac-ab7f-00d186c04c3d,ef337cdf-abbd-4520-9e5b-f2db521d2269,139
d9f9ecdf-e95f-4c35-89b0-ad7f3913be2f,2973ea69-5a7a-466e-b6b6-e583e71c5213,a69c070b-254e-407a-a44b-7090d3ef4226,2
c8295ccc-1b72-436f-a3ad-2c76f4ad012a,3480f5b2-e08c-4603-9f1f-8717b40b8db7,f7cdb066-a97e-4662-8d3d-406dabc0006c,51
4f63aad0-9903-42b7-92a4-bbcbcca69a2c,7690362e-1e65-4ac3-9f2d-3ab7ad525da5,e3d37bfa-aa5e-416d-9735-819f7b2ba066,118
4cdb4e42-cffa-4974-9244-42dbaa7a287f,ced96ad5-35ed-463a-9e46-daae20316050,3e97a7a0-53a5-45c7-8b11-3435303fc7c9,39
ebee65dc-b236-4601-ad31-e7495e693d0b,08f0e1a4-b6d7-4e30-a3cd-228dd85c6272,ec97be27-0f13-4664-94a6-3299f3961a2d,151
34346b61-9e36-401b-8c20-1d3bd9679d7a,e54113ee-861b-4653-954f-b41a8045958a,c6ed7ad9-b8d9-4370-bb2d-9ca1465f2499,34
ebb1c1dd-f9b7-449a-8680-83c90ff87764,afdd94c4-112c-40cd-b65c-1aa3aaa81efe,cbaa1c9b-dc56-4f84-b841-7c9bf5b6df0b,137
c194b96d-be4d-44f1-b4d7-3c45c23153a1,9c63547f-db8c-4f72-aee6-b51683a6847c,2efc81bb-8835-45de-a471-b8b238466010,39
4ac045f6-0ad8-400c-8263-851da4308a62,7fca78fb-d514-4f29-a65c-6d3ab136364a,e9cfb788-17ef-4e35-baee-97148a973e7b,48
11a00fb7-11a8-4db6-89d0-8a933d236f95,6aaf8999-85dd-42ac-bd2a-85e2cebbe474,86457853-79e5-4cfb-b60a-3b89e7db4ccd,19
4d75109d-ad02-4fb8-a8f8-6a0a8c95e720,3516ee9f-a39e-46e0-a47e-624a8314083f,f2eeca96-f4ba-4517-9667-8c90df6b7314,41
57f60be6-ed83-4ed3-b5e1-e8bc03fe99cd,a7e9f785-dd67-407f-ac32-4c4e60aa975d,12c27c96-3caf-455b-a85b-e45568549b32,4
44ef662e-6ac9-4d60-bce7-aa8b014cc4ea,b75322bb-dab3-4c41-bbc1-c9819304621f,63afde27-3515-41ae-bdc7-e4696cee2100,3
1bfa501a-2571-4844-acfa-4d1226160153,809dfda6-1eb6-4d11-a9c8-25663b492f4d,57375544-2cb3-4020-be62-335c47a5862c,5
52fa7f16-e98a-48cc-ba84-267e17ea846a,43c0f390-3ee6-40a0-bdc8-630d60d807cd,6806f650-363b-472b-8d73-acefb3ae4378,45
cfdc4807-c99d-4a53-be2a-f1f1a2651ceb,2205c5e3-418a-426e-935b-ed89ffc8d51e,7aa625e0-f78c-4a45-a8ba-b1380b681251,27
8e784887-2c7e-4f35-88c9-54fb32cd61db,ac7a3d61-1fe5-4b82-8226-780291254a41,91f03000-757a-4504-9ae5-aab9d567f348,45
133267b8-1b9e-4f78-bba2-5360a92e5045,e4b14503-89b3-472c-8d56-db40e6cf02fa,11786394-90e9-4713-8313-33aa3d1ebf35,86
1ec03955-3bcf-4798-8e35-b8528fc3a0d5,300bcc7f-4dc6-409c-9254-e9dd8992ba49,09a4dd4a-312b-48e9-a288-18d95a4055d3,486
64eedba0-5834-41e9-b900-88f4a6bf1c74,0eff1bd5-4058-4386-98f2-e89545c7dc11,c20772a6-5a3d-45c7-abb7-7d45390a6f7e,1
fddf7c7a-7be5-4e19-b1c0-ab1c0072817a,f8caa388-7069-4214-8d23-3e7170ecd942,7c7a11ca-250c-4381-a7ee-793c99228a5e,5
cbcd62f6-66ba-4175-8933-597f4a146e25,5eb82801-94dc-41f0-9d32-0492bcedfd41,62f79865-53aa-4e1d-becf-48cee44d7886,191
261202dc-699f-49be-86c8-c188ec8f73c3,073c058a-01d8-4079-bdcb-04e4c9d5ffd2,1791b55e-ccec-4288-a5db-ed320afaab43,4
f5894d72-71da-4e83-bb38-47a9c4c8b857,83b19c18-6793-4a6e-9df9-6f749e0d06c8,d3d75e06-f646-4d61-9a3f-13185098d38a,45
530fab75-7057-4c72-bfc9-abe853395b22,cf6ad105-32dc-4773-9bd0-ae7b59c4b268,2fc3739b-b896-4e59-8917-c84a5f41ea52,7
1828b4de-8000-4b1a-be11-1bbb9e520d87,95f9979b-bc8f-4810-a2a7-ddfbcf4f5fec,942c437e-6de8-4211-bfd1-a89a0afba546,1
f71d7254-96d7-4517-bb2b-b5f0f583526e,37a4416f-ea59-4cd9-aa78-21ff6876ee04,4bd8b2a3-87b8-4257-8824-afd9eda9cee8,4
fd60c4da-4dc2-4689-99ac-1aa73b740164,8a94c4bb-0e0a-4bbd-88ac-acee2e93ab29,ed1f6c28-5d0f-4d9b-87f0-d3d2390d1c3b,34
28b35c04-e52f-4a6b-912f-50a353729208,4c1f2cc9-b526-4270-987f-a6b72e30d765,e8788b2f-5765-45b2-bb06-94bd489961d6,412
c841f7aa-e4e9-4145-ac47-93156b5f455c,dd86464f-7813-48b6-bb8f-a4205936ab15,99c6ecd0-f0cb-4002-ae24-4ffdf7595c88,50
b9f672c6-197b-480b-81a0-a338a502b06a,334c468f-77aa-48a3-b033-7aa5b6ea032b,231ed881-d046-4548-991e-c8824b004c6f,1
c11302dc-11ee-4a19-930d-a48a338ff73e,35410750-a666-42a8-a7fd-c723731e07c8,d573e10b-68fd-401d-8567-58de80dbdcaa,1
4cfb9c11-22a6-48d1-ba1e-84071d8c0d0c,7291a202-7ba2-49f8-a603-2ca242255055,f3ba55b3-ab96-4fb9-80a7-1535cd739bf3,5
b9831584-0d85-417f-b2ec-7fcd115f31a9,93eb4066-1624-4435-81cc-07c528baad9a,bf0d4c00-2ec3-4863-a93a-db6c9e1ec0c5,25
406736d1-f7cf-45e6-9edb-a91344f08da3,8f504322-e0b6-400a-80a3-05efca64d56a,d5fd69ba-e48d-4d18-b47a-b457496d2356,15
9c84c88c-1eff-4b58-89ca-a0cd554dcb29,73297482-20f6-4f4c-8605-91c0355364eb,f826c6f0-cfba-4fcd-bc4d-feb85931c2fc,7
530d74d0-cd83-41a4-b8b6-d3a3cab62e11,431b9163-94c2-495b-b3d3-6e2c007ec658,d535a383-2ffb-4b95-8da3-962896d648eb,9
b90c8a7c-ea4c-4808-9eff-990c64abff48,76e6e754-aa7b-49f4-a32a-4de606045df7,0eb4cb6e-9116-4dbe-9703-72ad68674aee,6
6f6c906f-d7a6-4786-9030-2ee2f3b71147,c799d6ae-be58-451e-805b-aebc499c8964,5a0af57d-7aad-411d-91a2-583fed236fc3,30
fb2a5f4c-6cd1-41a8-aa83-84abc3ec5e3b,b2cebf84-a3b4-4c5c-8c34-979c5ac9dd00,1aac2c0f-7a06-4afd-a38d-da194f1ee302,2
89d2b2dd-03d7-4c17-b070-905a10d1ed2d,977a4e8d-7a3b-48ea-bdfb-062575e5f6af,bb337b87-c5c8-4459-a47c-3f3cd962a753,2
ee3428f7-d8a2-40b0-a301-ef43002d3d55,6574a560-34b5-4bea-96dd-410f178bc098,7a5c30e3-7dfe-4bfd-bf5e-dc69dfaf1e84,4
268a3090-a2a5-40d2-bc0a-0dd822ef13d8,406779a2-df48-4681-8dc7-8c5a4e7977b8,b6346949-3aa0-4405-92e4-0aed769bb291,467
47238354-cc7b-4481-b7b0-fc8c73daedcd,cc59ae34-81e7-4054-bd64-663e3ff35a31,784f16f8-ef1f-435e-b135-06391b4cfdcb,47
7c4be8b4-22bf-49f5-b0e3-154a5a271874,735df14f-dbb0-4c7a-9cc7-f4fbffa19c79,b90367e5-17dd-4417-9da9-e94955f0f87d,109
b7b5afaf-8fe4-43a2-bf3f-e9b0912c41bb,e7d6c635-6b92-4f18-8136-fb4709ce06d4,f628e9dc-0cea-4d1f-88be-433b9ee43a97,23
7fd99088-fda9-4cb7-b6f4-ad4fca029ad3,0af22a2b-441a-40bf-b9c9-01acc6462f96,9e331e30-72d1-4e58-9e6f-7c652848f776,16
920516a9-a844-4037-8880-c49f80426553,248eb7e3-5813-4ce5-b7c0-6bc297da8318,be2c2017-1817-4295-8f51-f725dea83efc,471
d8004f93-8fea-4831-9ecc-403046200640,c1df9346-bfd6-4c06-9007-0383532b04c2,81e6c842-3db1-4ed9-b989-498b7bd8bed7,1
cfb5fdda-b84c-403e-a1d0-aa16ad15e58e,c250b38b-b583-4ae7-be84-87453e4639d5,7c1b5511-9e6f-4f91-9bb1-91b5bd0dd562,3
cbab7bbb-9177-4e62-bedd-d3184be8c333,f9f5c9c6-615a-4e5d-949e-2955c7ba275e,98c4ae6b-2e67-4e5f-89f5-cf8d527e3a03,1
13b33644-c8e5-4965-a4ca-584df259646d,1ec51941-e8a3-44ad-9526-e802181f68a3,2b000b49-710f-4f86-a425-e934f4768080,17
fc5ec491-da4f-4e3b-b0f0-b50f5b3116f5,ce54f785-19cb-4f73-8959-207b1258ceea,a9389efb-9fa6-4ff8-ad25-414b58fa7c4e,8
3141cbcf-25ce-4b14-8495-ad0bc1ebdd3a,3a0875f2-0592-4f3a-b663-2560085a6bfe,bfc0fdb1-a158-416e-b594-0dd61d006087,3
794849e3-609e-4959-b8fe-90aa79c3ca94,e9a255a8-84a4-4665-a1bd-8cb615fb0cd4,7baf853b-cbbb-4617-92dc-fa68fc2669c3,43
15a0be55-d5a7-403d-9345-005f75da2b78,3e350485-febf-4c0c-827f-f92e80430810,6d685729-3ccb-40fa-9ed6-3a0de5db224d,377
58a69495-4982-48b4-b498-ef8643df4b16,44945ed9-a900-46ee-88f0-00d37e39d1ee,4f1715e6-f95d-4b3e-9504-c74a2114b92d,27
8143be9a-65db-4500-a2b3-fcbe3c86e15d,b82b3411-611e-40f1-9456-9f86035c01ec,fd79526a-e06e-4702-aaa4-a895180d90dd,5
6e6fd36f-8f24-44c9-b711-737b24e3461b,d3d17ec4-dda3-4d85-9fc4-caf83f13fc56,3a8f9637-9c50-4d07-9e29-23e05c766544,19
a0b14fae-cd5d-4fb0-b757-ea038972761f,33a03fc1-bfe7-471e-9881-3eb30d4d25a7,efa4952b-125f-493a-94f3-c04eee0b436e,5
2880cf24-9b79-474d-81b3-d75a63e303e9,f979f329-b561-49f4-8f0f-fc77ffbd2349,04f04fec-ad3f-45e3-bf19-6ebeead81d92,2
42ea3bdc-5984-43f5-9903-3e2ddb4a9657,3ceb19e5-60fd-4c69-a828-fde7dae92f64,c19925bd-1e55-47e1-8390-b0a0a104d314,293
068f464e-6b2e-4cef-a3b0-130693851af6,cfb045e4-1d27-492c-98d8-8cfe8fdbf915,a90c6e70-3e29-4c35-aa51-7e1edf00500d,26
23590b8f-d4ab-4090-96e7-ce1263fdbcef,893ec12f-565c-481f-bea2-27621460651e,33fd0a21-8c87-4f0a-b141-b22961206343,69
bfc155a8-6468-4cf6-a0b3-41574c1a54c0,db30717c-601d-4d90-ae1d-90fa7ce34ebe,92eb6076-89d1-49ca-ac12-13f315e6efb4,461
e024f56a-1aa7-471c-a3eb-596863c3b5ce,76dc07cf-0fb5-490c-ac2d-80cd2f797a78,15052877-a564-40d3-9f65-74bd6fba0852,461
9e364933-5ed1-44d7-b0d6-fc421cc5a2a8,ec3d06b5-5f65-4797-8092-21630c1ac118,d56522f0-3326-4da3-9ae6-9c731cfe89ac,44
7a528612-aaf4-4488-a4aa-2c642c5d6428,69bdf22e-6163-436e-b135-ccd31cb7e7cf,4e265b38-d5d6-425d-a562-39c7287393c5,4
d4d40323-26b0-42bf-a13e-6d6438a1cf36,295b25dd-4760-4092-9193-d982b9a1a5df,ccaffb3b-a630-494e-b7f8-bee8368ad685,303
85bb84d2-7e4c-4ee0-bff0-319375b24c8d,9829d72e-3558-45f5-aa96-a889c85257ef,b3893831-5ce5-4b68-a8de-3d3b31fa44bd,10
955cf929-65c1-4701-89a5-6a440c7f7161,914cc0a2-388c-4af7-9c37-c3243347c320,594d3cbc-758a-42a6-9744-c8ecc2ea87c8,1
d4545fc2-c611-4538-a077-140a331d1ff1,f8c11edf-dc16-4f02-bad7-70f977c30c9e,f2ead218-3cbf-490b-926c-f829b42212fb,365
6c872185-a1e2-4d6f-8958-165618fd3465,d46cc4f3-1c03-46b3-b45c-b9856b23cf3f,d22b29b2-78bf-4fc1-9096-6a24d6390d3d,11
d86d449c-e602-41e5-8ea5-2b35cbbfdd20,0e97040e-b1df-4fb2-bb63-8a9471698417,342b3473-9cc9-4d9c-be14-89d6d153cdef,5
90d24514-8b01-4890-9c7b-9bdda0567338,0dd44279-7b70-4879-a52c-eb059f49ac21,1c617b45-357c-4d49-9a0e-e0879104613c,13
98daea00-5db3-412a-99d9-903f61166bcb,309edc75-2caa-4d67-b3bb-b9319f0bd98e,46a49baf-5b20-4d44-b0e8-2a35694a135c,4
1872b98c-435c-4008-911a-7f59c37e78d2,cb37a1e9-977b-466f-a129-386d272155fa,eab6c606-33b1-45e9-93ef-3a91391e67d3,24
f7bd357e-dfc5-452f-97be-b53987eaf8c2,cadd8749-bb2f-49fa-9472-62d01c458f3f,a0eb3db2-41d5-49fa-a7e4-4700d35d1de2,3
4c8cd0d5-8029-402f-a2b0-60ced0c80f90,177b36c2-fdf7-4bde-81f0-dca5161ec2b1,db9efd41-2e14-479a-aeb3-6c0eb3080ab8,1
100f5e09-fca2-4764-9ef3-d67dbb088c54,8289fd6a-d52e-4f02-8bb4-10975132f220,dfd8e35e-3429-4eb9-b46c-6f73eb0de540,49
6553ba36-e8b8-4af0-b4d8-166a8427f75d,c21450d8-f7ea-47b4-9102-8c1e69cff866,64e30a42-8855-4550-93c5-dc2a95601ec5,42
2e06bfb5-e234-4c5f-988f-04c04804bfbc,3d8cde27-8382-45fa-a5fd-df27431d027e,156844a2-bd61-4d1e-bf94-c35442622bdf,2
ae1f18b2-7647-48da-9bff-4052a9402285,ea70eda1-472a-4686-9f9b-ebb3e13d7c50,7176ab22-1f79-4981-a383-683f27d54055,27
0cc1e4d9-464f-446c-88b6-6de5a9a995f1,0c8bca7e-bb46-45d3-968d-1116bea8414d,300d7d3f-6c0a-447b-afcd-40b8577f37d5,10
665c0465-4c42-4492-927c-d4155512e7b2,3991e1fe-1583-4012-a628-adad8bdc0877,4869cdf4-d179-4116-871c-2e9d9cae0235,11
9b41ade2-0e85-4d0d-98d4-5b06df2f6819,2d5435b0-c5a1-43f4-832a-194bf5962744,3e23ad4a-0696-45aa-8139-880e7725db29,192
4408ddc2-6031-4440-91e5-5f7b2f4cb28a,a65581e7-6c01-4acb-963d-43e176e87fdf,9981f409-0bb8-4491-a625-c774fa08b3c6,32
f9d69522-4074-4405-bacc-1e800a751e4a,5c5fc1ae-0c8e-4d96-a391-a00d84037fdb,e5a0383b-d228-47c1-9b80-9f21d3c2a980,5
1cef7d6f-74d8-48ed-b21e-a4e858ed8ba4,43c0f390-3ee6-40a0-bdc8-630d60d807cd,45ed137f-5a79-47fc-86d1-4524484d2a4d,4
ac1a2093-c6e0-4948-9508-b649e6d6ca7e,b38c160e-f50f-4b01-b7b2-8015a6034c9f,6a419cc6-a84b-40ff-aabf-00d29474eb7f,1
4017483c-c45f-4d09-8d11-c8054b79fc02,e9844cc0-14fb-4ae8-a6f2-a3e2f6063b10,272a8fb2-642f-42e3-b89c-62d6d524402a,306
1a7aaa67-7771-45f5-b2f4-4b51f4267758,8b21b2f8-3f1d-47e2-8400-f9ff6234df9f,b3a2a757-cd79-41c3-bf8c-6fc299f6a90e,170
12db9d58-128b-41de-b12a-3901a020c90e,14e24c16-8531-487d-b978-dd644a7c022f,c147d2be-4a46-475c-a48b-9110312ae22b,42
95a050d3-37b9-4955-9870-c5c2eadf14c6,a542e16e-2f80-4b3d-bde1-e4e1ed41bed1,31cdbf23-c5c3-4e88-82c3-e1ba0e25bb01,14
155d72ec-3c6f-4350-b665-346cc1f3ecf7,0dad9f97-9f77-4728-957d-486582849aff,861207e7-de87-465d-98f4-8d749acdfc75,10
c9e0d936-73ed-4e3f-991d-12e37130fa46,c20880f0-41ad-49fb-9320-702ff2843c3c,e85d9dc2-aa70-45b4-ba69-60e0b062bfe6,59
8d9c63e8-bca1-49f0-a2c0-fd1d7a99690b,fbe3781f-ee7e-4101-ad60-8b8fbaec899a,1fd5eaa3-d3c0-41da-8333-ad0ba06425d3,38
5dd45219-74bf-4c84-8a85-8cd06f2a8f0d,2f8f1f6b-f2d8-40a3-a002-9765a779ae1c,be3bb422-05f0-428a-85b5-63cacf74197e,5
e63cb0bd-8f48-42b1-9b7b-faf96fa682ae,99cf8d96-5a86-453c-a004-83b5aa5a9a66,0a3f90ff-788b-4623-a2c1-7523dfbb467b,3
d3db227a-ad72-4bc1-a2cc-84e200c838f3,340a9479-d21d-4f78-b586-c7dc570499a7,7215862f-5e82-4fa8-af2a-ce25f195ed75,117
cb5ac0a5-ad2c-4d6f-8b24-143c823bad00,de02a38f-b1c0-4485-a779-4016e4336b5e,37960680-c328-40ce-910d-75f50f0dee30,48
d94cb807-4a33-4937-ae34-df758d157b6b,5db66f74-1804-4c89-b82d-c4bd809ed205,2a487328-b132-4f71-9577-56d114881440,107
d3d71f80-9a12-4d19-a0be-4ad1ecf7a6e3,18b61f57-10e0-458d-8ecc-b044e9648f47,3b168ba1-ff8f-45b4-accf-a5683115a5c0,387
a58eef0f-ba5a-475e-a7e1-fbc51743e7e3,02b49420-ae6e-43e6-9288-62e9249657c4,58eeaf73-c05d-4389-b9fe-3e58385dbf01,99
92f909a5-6ae9-4514-a0aa-80b7ca72cd39,b4f7f8dd-ef63-4a22-92df-04100cdf42f6,ae705fed-3d2f-4698-8c56-8e3b3d8d22fd,106
8f54fdb9-31f3-475a-9329-197e8a95acc4,f1494a70-8bb9-44b8-9576-3fde7277c1f2,e0dead1d-38fb-431d-9e24-212bd763b481,278
aa39b510-d68d-475d-aa8b-bbba02f5aa20,eaa1efcf-daf1-4cb1-a090-2452535b6aca,e40d1c1d-e682-4440-ad83-ab32dcbdbdc1,5
2bf9ab01-13d5-44d1-97d5-0cad1539eb05,588bafd0-8823-4ca2-b131-c5ecc54c07f3,9ad84e13-2acb-4a69-b369-c164373ade54,8
582aa4f5-3688-4063-a745-2957b1f0f9ba,47ce9045-a75b-4346-ab01-19e87fc0cd4e,a28148bc-a8bd-425d-8a4f-96aaae665c02,5
f64d605d-5ac1-4f1c-b48f-ae78797d0c3a,726bd091-0787-4807-ae5b-96e3fd084d7b,4aef4438-8fc9-4303-bfdb-497dad3cd92d,136
6f190b48-39d6-4496-adc7-978b56ff90ba,b821e3cc-d38f-4d34-a9c1-bd56c19e446c,a0eb3db2-41d5-49fa-a7e4-4700d35d1de2,44
f84410fb-c6ef-4f26-a726-0c10ea3f5fca,046aa02a-50b2-4104-8e23-c437a77ae312,184d8987-bc20-46f9-b361-ec8e0f7cc8df,5
efc49b53-a465-4e14-96f2-388776e7682b,47392fce-81af-4879-af22-07b042e10201,4939bb68-e3d1-4969-93a0-77ef67f7e227,40
4ffefe80-2c41-419d-a232-019c7ce7b65c,b0f70a88-7749-4482-be79-4ae42cbacc14,63c1f97c-937f-4b51-94f8-8528b1d5b85e,34
df7996f6-1eed-4c59-a8f9-4bb728aae30b,cf710f36-8956-4a3a-8223-4a9bbbbfb1eb,c6c8132f-87e0-418c-9776-17c59600a6ad,41
51ac0c69-cfa2-4244-baf0-3ffbc9b69b46,a3ac41eb-66ff-474a-96d8-2420a18876c5,ad9922fe-aa1f-4895-89c4-e8c5e0470283,5
1b77356e-e1ca-4eee-9e64-5b173217de2d,e490aff5-1c22-4aac-84ad-0dc5edc6c7fe,52c94a33-633f-472a-abbe-5a9b95cb2a83,48
41db2c33-4883-4ed3-a464-64410f99dbd0,8d155bd3-8277-47c8-bb1b-e14525854fe8,ca8b3567-a7b1-4d85-b5d1-283514a7023f,162
3ad40efc-0cd9-49d4-a10f-e6c1ee032437,5eda4046-feda-4f35-bd77-ebb12877d1e4,f9c79cf8-b542-41a7-9ee4-4c4fe13b5f65,20
4c5060df-f53f-4987-a40e-ae2d368e7534,07a822ef-d785-496e-985e-84b72295ce02,68df34ac-90d4-46c2-9e05-fe708ac65f41,95
187575e6-5dcb-4961-bfe6-f1cde29772c3,f3535270-f8ef-4468-aae6-0f30b098badf,73ef62f9-013b-491e-94db-fd90bfa9dff9,148
7df28b7f-905e-487f-8262-0bff132700c9,2e504699-b931-4b87-9c1f-dcfbccc13fbd,43b36632-4f1b-4538-b594-d4bbc29bf677,14
65e7e582-3e57-4619-8408-b5ccb36bc9f7,06489085-b81b-4cc8-ad90-408fa2983ceb,1fba6d27-adb3-48fa-97c9-ec5a83855ab6,19
ef720d31-4f40-4983-9d95-6e89c65e8fc3,4a9c5550-4df0-410b-ac75-467401ada9bc,c4f20c87-9f3d-478e-ad0d-a953f4fad537,80
3f9c603f-ffcb-43c9-96a1-1223e5e6cc61,c515c28a-1faa-448f-a6d8-cf3fc920a155,d311af32-c922-4156-af12-a9ec62a8b114,44
4275c408-17fd-4fbe-818c-29982a2e0d63,2dd81318-ef03-4899-bf9a-0b8e01c109d2,bdc3b504-6f20-43bb-bbdf-cf7573e317ce,18
e59671d1-79e6-4bca-9c98-8b878bad22af,12243d48-4d46-4061-9e14-e758bf04645c,584dd923-49a7-46a2-b301-bb4739d1125b,30
e67d26c6-961b-4a80-84d1-4672d25fa46d,e888ef0e-fd60-4284-86e7-f75898efa41a,3c02d6f5-bcac-4228-965c-44745a6650a8,1
13036a6f-fe56-48c7-bd02-af4fc469dc68,7d0981f2-a946-4b1e-83fd-f9fe178761d8,60924ce1-287c-4861-ad45-c3d400e07221,5
947533d9-4431-4bbd-a4a1-c52814ed53c5,73dd69e1-d6da-4e40-8b59-b674d9c9984b,5df17a21-fec0-43ed-812c-3ee98d24073c,18
98aaec93-daa8-4717-9c0c-90aff65b2bad,2ee2c6a8-e1df-4ae7-984a-08915450c053,158b49c3-6037-4ffa-a2ff-21f8d5d5b710,5
4064f582-e822-406f-b199-397058ee8899,b2a38373-50bb-4861-bf6f-f58d4a5b6645,51973e6b-d530-4eb0-b0a2-e4b8007bfbef,106
69759e59-d7d5-45a7-8ac2-d44e08731d3e,be58fbe6-dee6-4f1b-ad6d-bdf3b5cdf1e9,17102f17-0f9e-4baf-be6e-78a762026233,58
2780a45a-e7e8-4e5e-9646-299898fa9547,627dab56-8ef2-45ae-a178-8636b8758c1a,cf55bba0-87f9-46b1-a0cb-d3c40ba34b4a,135
b05e648a-28ec-447e-a7b0-73bbd383eb67,d5a4ee6f-a4eb-413f-8b14-62ace1b7a3a7,1a0a9575-5d9b-4aa2-912f-5d8bd2ede6b3,42
3177e1b7-c009-4ec6-bab5-332a6b0fb26a,9b87beb8-6648-45e1-81f4-4926f1f67064,5d1116e9-0c58-4b3a-82b4-bdc0c34ac191,24
d5a081ff-221d-49a2-9db5-b648b3923b24,8eca9894-71a8-426d-8122-993f2df7ed2d,e264bcc3-2095-424d-a139-7ad874a1e909,30
144ac7d3-9f21-44cc-aca1-34367af30db1,d48f19da-dfa5-4f9f-a009-cbf7f99b6515,1a0a9575-5d9b-4aa2-912f-5d8bd2ede6b3,177
b67a12f2-6a58-4c5e-854b-ad587bc55761,09434974-3f25-43b8-abb6-7ae6827d6e23,254716ef-0e41-4b36-a810-a17cf265076a,25
928bd88c-0862-4827-b71d-f5e48dfee4a1,5a12b449-0e48-4772-beb9-325ef148bf9a,6e2eecbe-4673-4c40-86cf-d3d688b778bf,200
37853b97-b173-45fd-8032-908bce4bb65b,dbde332b-9580-42bd-95a1-3bf3c56a836c,f462d239-0da8-4595-babc-cd334baf2148,164
91f3855d-9811-4d4f-8d5a-f2e4eaf4dba3,84540509-cec6-4f50-b65f-2adaf8804e3b,af26b1d2-1b0f-468b-b87c-39f9db729557,16
0ec4fc47-b067-49b7-b22e-0032e06f0bce,7836ca11-aede-4ba6-a5e1-5708c2fc9854,4caad860-4dab-4d3e-bca6-779dbe375aae,2
f3d672a2-88f8-4d09-ab65-ce7bf7e03b13,55810eaa-1b80-414e-bf97-76372fd4465f,8bb9ca76-143a-41b6-9a2a-bc69c413dd27,364
c2993ce2-360b-42c0-b3ab-4611373ba2df,1231bcd7-f14e-4102-a850-63131380e36c,3f1148c1-8d33-4b2a-b473-000d8486407d,8
3cc1c1ae-fac7-4c8b-9814-ba7540536e30,3124f6c5-e1da-4481-b891-dd053a84adf3,f65889a0-d1df-4638-950a-cad506967886,10
7b9f33c5-f200-48a8-91c5-b55a1f66e409,27cbd012-9cca-4d30-8a75-5fe0771a490d,5bbd4a32-ebea-408f-a374-c1f53fcb07e8,47
de98f907-0b2e-4f48-bc21-4e58a520784f,27045c9e-f685-4e38-aff2-655f7f967813,64d8a158-9b0a-400c-b641-8f8043029be0,5
4e4df34a-8896-4933-bed7-2fbce9416d2c,214c7edb-1fb2-4787-97b3-8183dd29b6ef,8bec7ce0-9f5a-4076-8739-12111f51eded,54
60b6d103-fc42-4bff-9491-e933f6eac9dc,690de2a3-0f5e-4844-94ea-ce4b7b26de10,b0fd1880-2435-44c9-b680-ea3877fd32ec,184
c78bb7b7-083e-4a04-bfff-4cf4245235d5,37fdb732-b8b0-4515-85e6-61b446c5a235,a60d3b64-ccf8-4893-b769-7d1219650e20,13
740acf53-20d9-4123-850a-c7ab45c97468,0212d711-d60c-4fab-875d-c41baedde959,b7509fc5-b979-4dd7-bdd1-af390ba38148,32
c5abb2ad-3c07-4b99-bf91-273b48a02e32,644a2b5f-4ef0-4967-8a75-dae02c844e13,38a356a3-cf53-4b14-a358-326b8838feac,3
ffe6467d-9110-4450-ac14-853ae07d72f2,083ce24e-c3d8-4962-9505-fe22c03b4103,4880472f-b11a-4dd3-9d34-934cab0039b7,20
ff721408-efe5-4870-8f9f-d33a4807d474,34637ccb-1341-41e5-ae40-ac998f7d3962,f4f7d011-e49b-4b2c-933e-5d3ab90865d6,15
87f48c91-e241-4346-b191-a807ee6b960b,5d0c70fa-04a9-4420-9439-62dce8841136,8c62806c-10a2-42f0-b3c7-94e0d6a57687,23
6fa34fd0-6a6a-4db7-91ea-e1a8a7846736,18f3c5c4-8df8-4524-8648-50f50cabf04e,46682b05-6cfd-4163-83aa-54a60842b4bf,65
eb0f8776-248a-410b-a322-6f4ff2fe198a,c603ac50-9106-46b1-a648-c539b924b171,eb25734a-d543-47a9-822c-6240dcbd50a0,135
b6b886df-6aa5-4ac3-8a4a-7a31b4af81f4,2439fa55-d077-48f6-b0bb-1c8924a2da86,4e265b38-d5d6-425d-a562-39c7287393c5,34
a4749e4b-77a0-4655-a02a-0028bf3f9596,e604a709-1aaa-4e76-9372-b465a204c9d3,77d06129-cb98-41aa-ab58-ad06a555ec5f,163
88aa3f51-3d02-4bbf-ae63-e5b3e4bb1126,eb06870d-a590-4709-9482-7334b0ab21c2,53d45f2d-34a4-4501-b267-8f56b45cdeca,139
a8d47947-8038-4477-9cf0-aa18f7fab791,35fd3fe6-1d83-4a47-8cfa-b835a13a16c7,6436c3c4-cb05-4d56-acc2-1b46c2f02671,420
72772654-b2cd-469d-bd69-2430db7c75b7,daecb29c-bea7-4af6-9c83-b93b4c5cf79e,711c0d26-7810-45c2-9e8e-f65e5a7da3e7,31
d25861b9-90db-4854-8329-2dc14287e456,bc5cc9ae-ed4d-400f-8106-77f4c6de88f0,90a3626b-aac9-4a1c-aeed-631977064d5e,101
a0ce03b7-71bd-42d1-ab55-24060148c00d,11b1fa8f-f917-4060-8109-d18ef11c7db3,62f79865-53aa-4e1d-becf-48cee44d7886,25
339476c6-2285-4eb9-910c-1a937858a585,915e8cd8-2cb0-4f04-a715-19bb3778eeee,ccdc49eb-e1c4-4559-9406-33d0d6b3c57c,58
13a267eb-4018-4f36-a70e-f141d8b6ea96,42a710dc-4117-4941-ba5b-557d1c87d439,7a503423-577b-4db7-86a6-a4986e9c4189,50
2128d188-e157-4142-95dc-6f064ff17bfc,95594eef-fae8-43e2-a3be-1455401a7cad,3ed91043-d630-472b-8d4a-dc3e2ffa8bda,19
e53fa7a5-a098-40f6-8cb7-23ba2fa29957,b756e78b-b046-44ce-9e45-d9bd5bb1bd37,7b699bd0-0e17-4c17-9619-806137494e2d,381
895a6127-8a4c-48ca-ac9e-3570dcaef3b7,c7d492a0-cb72-444d-8ed1-8da966eba3ea,4e78d6a8-3e8e-4031-9392-e1fcdbdd588c,126
05b8951c-a094-4f9a-9a9f-8ddaa070776a,c3773863-270d-4887-821a-afd8f3494d72,342b3473-9cc9-4d9c-be14-89d6d153cdef,67
76c4dbc7-27f2-45d6-ad6a-6e63047b6a9d,47ce9045-a75b-4346-ab01-19e87fc0cd4e,2424f544-3c37-46af-88e1-ba823c57d17f,6
6f1124e6-3b11-42cf-a26c-df241645c5cc,876e5741-626f-489f-85d1-55c82a7b9874,aa30ae56-f436-47a6-9038-4f5583c3b24c,162
5d74d5f8-d148-4ffb-9df4-0fa9166b7e3e,6ead60f0-bb1b-4270-a01a-1036df257cc0,9a04a7b3-2a22-499e-b991-60a7defef430,5
75f03e99-b906-4ec1-899e-b9dbafd35f1c,3b91f15d-2c4f-43f6-a5ea-d7d36dffeeab,9ad23c0b-93dd-47f5-abdd-a58f16969566,20
173269d8-f1e9-460f-8633-569d4f50f76c,8b6ad8ff-99bb-4820-b3aa-ea3a7617d0c3,b7cfdce5-7426-4e44-b518-144ab0981476,16
b889391c-b4fa-466e-9c7b-ab2f302996c4,e1b5dbab-6972-420e-89c5-903cbe01b4f1,1c617b45-357c-4d49-9a0e-e0879104613c,5
8766bfa4-464f-40ac-b9be-2fb99c30d009,7b283f78-9e89-4d01-b3b0-adb106327977,bf5b6087-440e-485f-8b9a-80f3bdbaa9c5,12
67aa1c4f-141b-4db9-91c0-7cf2df0d5b5a,92477077-6527-43ca-88f0-a53eafdb2327,d6ed3536-ffbd-488b-8f42-7854b0a24b67,24
251d5ea6-9852-40cb-aee9-b3314168e1c8,f96db485-7542-4c39-a7c7-7616f6acbe38,5cbf0220-604a-40f3-a837-04bb667b748e,2
57b4d8fc-cff3-4062-aa78-8e07ea951ae0,11c46835-4491-4014-a56e-e6021acf97f4,5515bda8-05e9-44a7-951d-eb12c6917f09,38
312c6a54-f9f7-4612-acb8-de2f1fca7158,f7e9a13c-d7cb-4f84-b614-d7643910fe7d,edd38bf7-9cba-4e7b-8299-3fdaa32fd861,3
4c0a2784-816f-432f-b5ee-4e5e3c81485e,6c277505-3889-415a-8860-6905968c8463,2ae4aae1-ed9a-40f4-864b-6e65fe80779a,38
471ea56b-8fef-4745-889d-2ed68a4685ed,955cfb8b-ae89-4d94-bdc8-81b92b997cf3,efcb5501-cd8c-4591-aebf-d94fdf494ead,2
37f5c62a-45f4-4750-87dc-20f317801bf2,12f5287c-3981-448a-8d9c-ee917e3d0f2e,c1bec7d9-fd04-44a0-b18d-d8ee04e2aff4,45
0813641b-9f92-46ad-b763-7d618cb9d9bc,57df414b-947d-45e7-aa9f-1fde6ddad70b,676e0678-e123-4152-860e-c5df336f5885,36
e026b0a1-1935-4beb-b9a7-d7619a22b98c,8c5385d2-0fde-4956-b1a1-233e1ceea5dc,22e53a95-14fd-4607-8e29-9c214fd3c6ac,89
9e3c3059-8159-4ab3-b9b6-13984c12cd81,6419bc26-a0e9-4194-8bc4-9943a6d1b772,53870832-411d-44c0-9432-48c1bad1d6a3,12
653972e9-32bc-4501-9a27-d645e4fe493f,20ee6d4a-15b0-4910-9b12-98b3f9cdec5e,2cd96e00-82a6-4ca4-a080-df45c0e02541,10
8ae12032-e216-44be-87a0-b51857055a79,04080d39-9610-4977-8c63-d52b06bbe7c9,63c1f97c-937f-4b51-94f8-8528b1d5b85e,158
fc6ec0b5-9104-412f-8a2a-1455864b0488,93718a2d-8b4f-409e-ac71-93c76ab5870e,3392399c-aa83-4bb4-b729-f5a9f021cf70,26
fee36400-1bf8-4329-9dfe-2553e660cd5c,71b52766-1400-4cbb-b9e8-3b418230553e,246ddbc2-6ded-4560-8315-bffc295ed5de,2
2dea4c25-99a4-4851-b4da-a9051ae9b611,46a19a1a-5a0a-4787-862a-fcc91ff85a28,5fb6fc3e-cd7c-4f28-94bb-f5366ae4cc39,32
8bbde074-d60f-491d-9b96-584102707df2,271e2421-1976-4d11-b333-d621005713c1,fdec3d7b-6f43-42a1-9628-e47e96bf5608,149
e92c6a6d-3686-46d0-8783-ff8b410991c5,b7f20e2f-49fb-4330-8a53-08b2aa39e604,0bcb7335-5e29-45f2-81e7-b54fffb12702,55
2726857d-3141-43eb-9f14-a53dc8ea1f4d,849edaf7-9f27-4923-868f-703292badfd5,662cca6d-0dee-49ee-86db-d29b5e7b55fc,4
7eb154e2-6307-4865-a44f-00e7b5c496d3,322b7fdc-8408-4319-b60f-c63efbc903fe,ce29cb63-e18c-47ce-a0b1-35736432d199,42
f743a1f8-3948-44ea-932d-734243753af3,b8e12745-a9a7-41df-b583-391cbc5ac2d2,4a157d8a-146e-4bb5-9ef7-15fc037fb8fc,4
eb8a976e-4262-4a69-87de-dedd7fcf36db,61d4eaa7-194a-437f-a43c-6f03209342dc,09192722-df4c-43b5-a902-9efdcdae24da,124
f9b93c55-a078-43e2-a426-339972a11060,1bf7cf51-f5d4-4e79-8652-8c4dd5de3ff0,ad2d7c30-796d-449c-a909-f66d7afaa0cc,34
45a6e67b-7552-48b4-9a4d-6f6d23ffef3b,d6c14305-1da0-4287-9a65-47a5e42d8b3d,e3eaa1ba-7076-48e6-8dbc-2b8a8b91676e,2
aad6ec1b-6bf8-48f2-a008-6e568eb32628,fac6eb43-3fcc-489f-bcc2-52ed8ab0e19a,367d81ac-3761-4b8c-a22a-9484d89d1db8,68
2c91bf84-bbe5-4a32-9cb4-8ba5aa461aec,45b8f583-c0d1-46d6-b0d5-978b9b9e4205,34cc6c51-982e-40cd-816e-c3754c18c50f,4
9310aa4c-5cb4-4875-b5f3-d367c4c38dbd,3a55e843-fa30-4bfe-8123-2073d0182da2,643d2e5f-46f0-4bd0-910f-2ea0bfda2990,2
bb4f9bc1-0ba0-4a91-8c90-e3f242a62fff,7d06098c-cadf-4b19-91fc-00a824cc1aa2,722e39c0-bfc2-4082-8d5c-9db6fa73e0d4,132
15f6d1a4-99e5-4afc-8194-9c7a16f4c69b,9d141ddb-1093-4efb-a4f3-fb8a24dc422d,0c68b072-73d6-4570-94fb-b7fc84327895,5
ed65c351-7d16-4ec2-807d-55e2e81c9301,849edaf7-9f27-4923-868f-703292badfd5,2531465c-f6c3-4b68-a0a3-7888d95234e1,4
c81a88b1-30cc-4fcf-a1ce-a283c791aa36,b487ea6c-7407-4330-9c91-4c439e7c7878,0d468bf0-83e2-4146-9b3e-10c0b27169e4,28
85ef3927-a1be-4cc9-9289-218d253f469a,3043a2d8-f25a-47d8-b265-4017d6d54eb1,26d15620-dcb2-44d1-9c98-e28d43ab97dd,16
e1adcb16-96f0-4307-aeef-3d7c8df270b4,27adac7d-5917-4d22-876c-6ad4d98144f6,df4eded4-3043-4e18-a733-1113c2665691,27
1ea0a4bc-db48-45e5-9ee4-8526210da1d6,5d929eb7-12e6-4d9f-98ec-34b20de40335,6b21b3da-81cb-460c-8b4f-950d06adf450,4
ba0c34a6-080f-44e3-b423-63ea263a6042,78e42bb5-39d6-4dba-90b7-5675c45ccb15,42d80101-383a-4d17-ae15-3bb889cc323e,3
a9bbb3c0-bca7-4183-b4f0-9d8839a08e55,c77056c0-7140-45d1-a41c-7b60bfd52ba9,2dfb67fd-1773-4768-8a04-276d21698f29,1
7b05b82a-7d84-40ab-bda0-cf9da6bd76c7,8e8210cc-98e1-466e-bde1-9ff0e24c061c,5e9c176d-d091-4248-8098-1abf97fc0a0b,2
77f87e6f-6ebc-4fff-bf7a-5d49db29dc84,17a07ad4-18fc-4d19-9ca8-af6ae7218e94,a2acc172-526f-460d-aff3-3d5d10069795,26
7b526de7-11e2-4b55-a315-20f6fd508b5f,80522fcc-ec75-42f1-bcb8-755bea1cda37,df4eded4-3043-4e18-a733-1113c2665691,40
0eb44931-9507-45ce-84ea-248786a5e44c,265442ee-87e0-4dfb-972b-8cf4add36260,97404474-ac85-4a92-9b60-e70546522880,439
d39dedb5-7526-4730-8039-93e51d5f4e19,be386e69-3bdb-4caa-9828-36d664ca042a,5ef55a4a-c790-4f14-ace1-710b9b18d6ff,172
3942d21e-c593-40ae-9079-8e4da66d02bd,f7e9a13c-d7cb-4f84-b614-d7643910fe7d,92df8aed-efe1-4a44-9603-92f3140c7154,32
78238c28-1975-4f9a-83b3-c789762505fc,3f770d2c-3f26-4310-9465-e606b8b8d322,8d149c1e-7e95-4ca2-bb9d-6908d09afebf,5
0c39a7b2-7733-4a21-9dcd-e00ca9a4a4a5,6904e3e5-ae16-4b10-8243-d6683486888f,98f90eef-e847-4773-af9d-1907a23dcfd4,30
ae948b74-5507-4345-b24b-ef0c0d721f67,5e8e1c0b-a42a-4b93-831f-7cdf4752eb13,a8ea2c87-3281-4c10-8a5a-50cd8751f4b5,3
0cbc6034-9a76-4873-ad8c-64079d9d5787,2973ea69-5a7a-466e-b6b6-e583e71c5213,c1cf4b72-106e-4dd1-9adc-21f7fcc81930,69
029307b6-d993-4cfe-8a15-07d5072b0835,13ddb9c1-b22c-4220-afe2-63265342a689,c5775da2-2171-437d-bade-21d95dda31af,186
c7cae8e4-f85d-46ba-87fa-0e85a4ab3234,c6d594db-ec47-4e2b-a89a-3fca382244f7,9e062b2d-0b29-4771-b578-9db1da393ae8,47
18bce8f8-f265-4e57-b2f4-1d3a8aa04301,1116c336-e016-411b-9669-2ef8402b5e4b,e264bcc3-2095-424d-a139-7ad874a1e909,155
22aff99d-ee18-44fa-83ad-8b7fe81451a8,e0929777-10c8-4b21-9888-96d77b29c9dd,a873c135-74c5-4781-a05f-82b8115a4855,15
aa625ee5-1420-4cbc-8c89-e8c09d8f9c9e,b4ae9324-1ebe-417e-9e04-2cea7a7c1ac3,310228cf-1d3f-407d-bf67-4d0779220f7a,158
4d9d3257-a582-462d-83ad-66355743a412,9537b941-06e0-4822-86bc-afc123684792,5c14b351-aee8-420d-a059-63d060fe3d7f,48
7a3256da-73fb-4d2e-b781-1a6f0cf41647,17a07ad4-18fc-4d19-9ca8-af6ae7218e94,5c26c0dd-ff74-4447-9745-10472e52a303,14
d54ed2c3-c981-4c59-94e6-36fdced09eaf,20db6861-a79a-458f-97e4-7ebdfd463c84,942c437e-6de8-4211-bfd1-a89a0afba546,41
a062dc71-6240-414c-ab3c-768174308c55,b6fb750e-1af4-4798-b08f-3d381511d260,6b5e496f-ed2f-42fa-b13c-ca47f3573912,4
51f99cd7-ca47-4775-a4fe-4df82b3c840f,7ca53a95-382f-4b73-b8de-4bb3f1f0fed9,8fb2694b-4803-44f9-bfc0-54f28dd21161,147
30282ec6-90a4-486d-8a5b-a44319ee9887,6fe59dec-060d-4a67-9704-b85d611ea0e3,38a74224-3bc8-409e-9cb1-10017a1133f1,2
ded2a105-c071-4928-b394-ebac2bca3332,8289fd6a-d52e-4f02-8bb4-10975132f220,88df1e85-2560-433a-9738-34ad4dfafd8c,25
545286fe-1953-4009-a67a-677791d7f33b,2aa7a387-a1ea-48ab-a601-c499da0dbecb,9dfc2cc6-504b-4e07-84c6-0b6e28e72956,1
fc22e0c6-4c65-4d51-b0fa-ffecbfd86a0f,a33a6cb9-1fbc-48e2-86ee-bff8fdbef3c2,467132fb-ce57-44f1-9c11-5e273c2180ff,348
bd59060e-aad1-4e34-a139-dc84d83117cd,76ac7fa5-3859-4167-b12e-e5f91adc6f41,4f363799-f700-402a-ab38-80f3b7e689f4,256
dcf6e865-45e1-4f25-bc33-807c53c66f13,8fc25275-b846-4961-98d0-3f0d648f2f44,33ede5ea-14d5-4893-8a46-3469e627b23a,34
b238b3de-5f1c-4231-ac83-6437c5ec5956,f2b90371-1689-44ad-a36a-67bdf4eec14a,8c38f2bc-c8e0-4396-810c-54fdf5c69be6,4
c545cab9-93e6-4493-bdc1-0e85b43f36f9,4c6f93cd-c010-4e89-8b61-939303573cf0,153ff685-e6c0-417a-b9e0-a4407697f922,3
969de23c-8b69-4e9a-b478-f3a27cafa4ad,a17919a8-4c98-4641-a35c-d3891f7e43aa,9edfd529-1fbf-4db9-b3d1-c0132a7d20b4,3
a4a32dd4-0247-48cc-80d1-78f55c086868,aef42505-0481-45e2-87b1-2063e6a7a628,397dc7b4-1423-4826-9357-f81021cedc21,72
ae437681-429b-4edf-a6e1-43c4d801b2f7,639c6d44-ee57-4d07-b339-e36668d8ef47,fb97781d-62de-4cfc-879d-3af33920cf8e,45
b712c973-41b1-4724-82d4-0ca930ce136f,99fbce96-97dc-4201-8b73-ba651e7b9bd1,fafdd286-939b-47ed-8f05-2ba87f02300c,37
0db780fe-9430-4878-8e08-6ad170cf07e1,e9a255a8-84a4-4665-a1bd-8cb615fb0cd4,41eea279-b6f7-498f-a108-a9c478165ff4,163
d6eb7498-8819-4e3f-9e40-76c98cc0538f,6573a5ab-19c4-472a-a239-805239315f67,14654206-40fa-47e6-b251-a78211aa99b3,150
2b40fef4-24ba-4adc-aff9-943aa2c37f9f,074ea416-94a2-4ccb-b636-1185820f5d8a,a7873e29-f786-4c38-b0ad-338e6abc8229,2
b9316e35-5714-4d1f-8b6c-89949b727397,0275fc5e-f801-437d-8b71-77126193759e,fd1ae0a6-9d1a-4de5-8a5f-b0adcfabac35,35
1a7b956d-ac0f-4fc4-8135-85e302fa3298,1948ea56-c0ea-4b1b-bac1-2fb0125b14e0,d1e195a7-8296-4ca1-a064-ed8da89135aa,156
bc0e4345-ca70-42dd-b562-bfe8f079c212,6f2f2293-a5d0-493d-b207-eff83ff003cf,b6cad0f6-54d2-44d4-89f0-a1e5446887d0,1
4f3f3ddb-66c1-458c-8360-87ae74f0340b,d74c2bdf-f088-4989-a924-bb5e5905f8a6,f0f60f9f-3e95-4727-9039-bc71298cfdf0,3
1b265843-f398-4533-89dc-19c19ce690ff,11826307-4ef1-436c-8e6d-6ad68778b34e,dfaad653-3329-48c3-ab56-5a455c8077c1,11
84e5ef12-9450-4995-ae1c-46dbb4dbb86e,19661f67-86f2-4bb6-b35c-46ccbf2f765f,3b380feb-08a2-4d3e-a8c5-3b938aac9dac,78
26e3044c-45e6-472c-9ec5-3b2d827fe7b4,0b639047-241d-4958-8789-b2c824d846e8,317df896-d35a-44d9-b7bc-817445548d2a,24
81df6e10-1af2-4172-8593-d06cf698adba,f0aec297-12ab-4aee-90af-90b022a87782,cf6d0683-ec6e-4296-9eb9-f2ad973b3378,3
6c8d90c9-bec4-407c-bc60-2c9719a1d9b1,1da74464-a4c7-444b-a471-c3bab2dac8ff,cb2ee156-035b-47a1-a184-cab5c87bddef,1
3253aea8-ff30-434a-a623-22fbe41f988d,2e0a1a58-c1cf-4f60-9661-b486822397ad,34a9337b-b7f2-49c6-be3d-bf9cc9e5fd1f,2
6c9572b1-f85d-4cc0-867e-18dfe1301b3e,06604ba0-7c13-44d6-9d9c-b7c534caae13,cb72f9e1-5f5f-4b9d-862d-e9190d607ef1,1
cce4f8b9-02e0-4e0e-be26-749c858a6eaa,51db9c63-ad68-4ce0-b8e1-0cdf715d41e3,93e3c57d-79f1-46a7-bca6-ddc4e436cf9b,221
89040130-4d73-4856-aba8-99bc9f7d774a,6c94d08d-d294-46c6-9b1d-68e41b35a446,1bafad52-e9bb-4028-a27c-6bc00eaa05a6,1
7fb8b643-307c-43ef-9dac-136b4e365df6,d4c7f5a0-10fd-446b-9222-b8ca1e0bbf0c,dd9192b5-68c2-48f6-86c4-6d909482db0f,4
23ca3ee3-b69b-4618-9d52-a5fd447d5c48,39dde0af-b783-48d3-8115-7f2956a7be52,95778638-4013-4d65-872b-47b605e667b7,46
5a20e481-1edb-420b-9b11-886755587f4b,ea0eb894-ef75-4622-a84a-6d79f64745d4,d7b28beb-ae5e-4c6a-9b71-5e9e159ae57c,23
421cc018-e1e1-4144-bcc6-1e8e1280a274,95c898d4-ca61-44fb-9edc-ef02dc9d4af5,cd1dfcea-3cb6-4e10-a59b-0efbac3ba840,260
f4037a40-041d-4afb-9287-eda166e9ccb3,a2c8e0ea-6ee4-4b57-9788-0508964c765c,9c82f538-3611-4790-bbec-ee2f7272021d,5
60c8c3a9-b7de-426e-a5a9-8a913cc6914d,62143228-2823-4e00-b479-c2725d888509,ca9c493d-4cab-4dfb-919b-f3db3262aeb0,7
f74a8179-96d1-4fa7-b8cf-9acecc3b982c,a60a6338-5d58-46b8-a65e-b97d425c4208,c78b8288-845c-4406-a606-8d83612cbe5e,12
4ed29e24-a2f8-4a7f-842f-145a743d18da,5262cfa0-9e35-46e0-b35c-1eb44ee3a60e,ff3f7dda-9b42-4f60-9530-9ad22163b89b,133
99c14f26-558c-4142-9d6d-3d27bb371375,d4c7f5a0-10fd-446b-9222-b8ca1e0bbf0c,e2b8d979-6ab8-41c8-ae7b-6e65ddc9a9f4,1
985d7102-09e6-48c8-b909-0c5b529fb294,ec9fe9f6-6ea7-4b71-9c67-757a73850159,390ecd40-56fc-4841-ad56-ab5873ece01f,10
8e961454-f77d-4795-8d28-ca321033a0b5,9b691dae-ba8e-433a-bc99-87dd518e5194,9f338dbe-99e9-4026-94bd-099374e9760f,4
148b8e20-24b2-49f7-97b5-ec0a811bc689,13eb14c3-d744-47b9-a6ea-13b6ba8f0483,5b545293-ca47-4170-bef7-e8232211d0ef,169
24c33bd2-e19d-4d73-afdc-9d977df47220,143f009a-530e-4688-b437-f0be86b7b0d5,412b6d2c-ba17-4c1f-8b20-1c1a6515099e,50
6d4eacb1-b90e-4389-95ad-d393ff5678f1,7bf79433-b687-4d89-9884-ac0d5ca39142,f7bca63d-56bd-461a-a6e8-1df5e4098e56,433
b54ae41d-dce0-46d3-b85e-5fa325d1c5fd,6baca994-56ad-446d-ae3c-d6376c286b12,a784b213-8389-46c8-9c95-d43714fafc67,5
c575ae7b-313e-4158-88bb-c6f521483c83,de7e8fe2-bee2-4187-89fd-426424baffac,6e61983b-354c-46b0-8109-bc7e5d594c04,3
c7187add-f644-4096-85a9-05cd458e6f16,492f256d-65da-4355-bcfd-176f89061347,754b74f4-a0bf-408c-92c4-b39f30c0939e,32
d8e9f77d-965d-4c08-acac-2b20b91cf45b,f135cc63-263a-45f2-a315-a1b90ab2d320,a1eb8479-4ca1-475e-b95f-efef31609b62,3
fa3baca4-8955-4b69-91af-b3f6775e99bb,fc0e417d-f7a2-47cb-a1b3-8a82b9a64032,f8659e76-207b-4ad0-8861-7c48df8824fd,263
a90f753d-179e-49bd-8884-6b397aeb8b7d,2ef5df14-a660-4405-99fc-bec4953c3f52,9c417d3e-32f0-4a66-8284-c931284fae18,172
68411a67-d53e-4d31-8ee2-8437405a01da,be9d4012-75bf-4320-a537-f4aa0f0684e8,31666226-94b1-4bd7-be55-1100340abd97,35
2845bf37-eb9f-478d-9e88-c54e6059382a,cc59ae34-81e7-4054-bd64-663e3ff35a31,62b1c1cc-cd8b-4409-a08b-ecc2764a77f6,5
af640590-e245-4ca6-abfe-de51ecd8d8b3,9cd47f3b-ed51-4947-ba37-40dfa16b97c7,2419a320-f6b9-4c9f-aea2-b053315e4ddc,30
c0fc249f-80f6-4207-9806-a83eb1dc2c62,f8b89b94-cfe8-4be1-9097-7f1b800709c6,6f1f8574-6174-4696-8747-16355797e473,4
9d9172b9-66f2-47e8-9612-0a8967559da5,8b63b37d-d19b-489b-8a6a-4515ae5dc70c,dba1dd70-7eca-4f97-b3b3-b0388d5f2125,2
3c5824dd-a9e8-4447-a490-0365da489560,0361d5b8-11de-40a1-932a-77c0290d4355,6d4293e6-8a11-46a6-a57f-caca0a7f965e,197
2afcf43b-2d1f-4ebd-ab52-df4d22898a00,89f3616c-9561-44a9-91e7-626114638918,d997157d-a131-4727-8eb6-10e5eeec0ea8,47
c6856e93-9e6f-4727-8494-eb9f8f569822,41bc7d97-0a84-4f16-8e9b-dde51bd9011c,7f09b76c-4091-480d-a0ee-097421ce55ae,39
de9d207d-84b2-42d4-a7ea-fe8e30eb8efd,c2502ffb-3c7d-4756-9e73-f7f11e826e6c,1e0b42b9-32ef-4358-8c20-496cd422ad31,5
0f4c848d-c66b-4c96-a062-4a4f10296a41,e9ae6dd0-61cd-4ee2-a04f-0b3adf407388,462c4674-e1d4-4ff4-8a3c-fe3d8113dc6d,2
54517fca-1e91-4ec1-a8a0-24070e6419b4,550a6862-cb35-404a-af06-a371aaaafa87,95a0252e-6049-419a-8b2c-dafa6ff461e3,109
8e8e47ba-3d79-4046-872e-1bc5d9b79c5e,a2d48df1-5e86-4a58-8804-560dd1f47dd4,ac961d6b-10a5-437a-a3ee-ce596c2f2e22,172
2c204ed4-2b18-4eb7-8436-910676f336c5,fd63bc58-25c6-4e43-9b16-3bdb77880c54,7a051570-3ba3-4df1-ab1b-c371a125c450,192
72bb872a-1331-4cb3-8e65-869db8cf6357,7973ec6a-8762-4714-84e0-8bad9ae7c7f8,def62d1c-ddc4-4941-be75-e32ad749d680,24
3828e7e8-d9f0-4a9a-8638-5dca6f423c24,9173a9f9-52f2-41c0-bd2c-8c9c837ecb76,1315d1fb-fb69-4156-a721-715523c9738f,5
a0a596b0-968d-44ed-a5ca-6850196408b4,8bc85f53-a3e7-446e-90d2-06c14347ad4c,6bebd819-25a4-4fd1-a086-7798c5768e38,41
9b171519-5520-45e5-a018-06b27c5ffd28,eb35fee9-12c6-4bf4-8091-fd56388ee4f8,dfa62319-fad1-464a-a80f-ec780670f913,8
85d45e83-5307-4116-89c4-1cecc28dcbbc,7c99d7be-20e7-44df-a1bc-f825bdbb2a7e,550cde98-d7e1-4c97-b477-827f08ce6cac,30
82ae3f22-b81f-4f3c-aa66-e09360158b05,71e90c01-aa17-4cb3-820a-18edbce1b44a,9bacd6a0-035b-42bd-b718-89a21afad722,8
aaa1b9de-80fc-44f1-8d67-adec89dece8f,f3166000-a5df-47c6-9151-77f7adea5090,b9d87053-f14f-4621-b818-3dc6204a8a53,163
688cd804-df03-4a93-b64e-7c447215ebcd,3eaff9b6-0287-4aa1-99fa-f7efeb5702dd,399d3fbb-00b3-443e-8596-fa06fe4669ae,3
88024724-7c3f-471d-9ea9-01f2b829f6ab,9d11fe25-b270-4418-a9bc-3c6be49b531f,2912f639-2a6c-4a47-9217-18966352ec95,5
411035d1-dc21-4b22-8640-9baf3b6f23b8,852e9e6e-1617-467d-9cdf-83efafb04a50,84683a94-b904-4b79-8f2c-e2d81968e0d2,9
382fd3b5-b8db-4428-beea-2baa443983ae,a23f9e7b-4361-4e37-b26f-77f4d5870bc6,c5d9e2bf-ed00-4c91-8a0c-a5ea214c295d,16
7c3e9693-def8-47ef-a57b-290ee020b776,5136c46d-688a-45af-89c4-e2a250a794ba,222bfcfa-db19-45ff-9f02-1e6b74decc4b,185
ab3a0a2d-acaf-4adc-aa5d-353fabb7c977,5ab9c8a8-2206-4341-a3d1-91f986d9b6c7,5a754f5f-f6e4-4f4f-b16a-2d4ec0466643,44
e7596035-85c8-4d67-97f6-1c435017cbaa,efb8cc4d-e1ce-44c3-bf24-89ef62982b39,c58a9389-401c-4857-8cd7-ea541cd41222,24
7e85a2e6-7ccd-4b16-a303-e15c63c860d3,d806324d-e749-4859-925b-1793c921765d,87178a24-bdd8-4947-8533-a2e37b876366,4
b12e28e3-020e-492c-94ce-71fd50c27f63,b0cee83e-d596-4d66-8411-e96422653580,68ceb948-4dd0-4263-a918-a3cb69d42e9c,2
a80addb3-889c-4c88-8482-24255b9a737d,063cfc06-3267-471a-87d8-75e9869c0d77,c7a97566-e4a7-407d-a44c-722c5c005b07,94
17d56699-6527-477a-a7d2-4536e61a669a,380ce2cb-0c63-4057-820c-b4dd1c690099,8b58f2d7-b929-4c05-a9a0-97907b345570,44
dd8c955a-9e0b-404a-9617-1645091686c2,cd2621f1-cf70-4275-9200-b3a6847922bc,60c2bab4-25d3-49fe-a4e7-38bba3a6055a,42
11bd4e6f-9fcc-4193-bad4-b82c7fdd3714,9fcdd347-5633-477f-a592-a2735f3579b7,2d47821b-0456-41ba-90d2-069d7dd8694f,5
5bd7d746-4276-4757-8352-fc6037781587,6baca994-56ad-446d-ae3c-d6376c286b12,3f7369e1-b30b-4947-86f7-6384de67bfeb,4
2b5f116c-51f8-45bb-b4e5-1d71ff77fabc,80e9a649-b583-4413-b0d9-fd0771693752,d9ecb3d1-7cf6-4628-8dd9-4fe7724c88f8,32
a161e629-7c02-4a96-a223-8a0c94ce5e5d,b20f1a45-9e64-4323-8f5c-ffb909064996,71ac1fd0-7ff1-4e2a-a336-1a252001986a,166
0655e927-3bf2-43ee-b6f5-276bd3d9c7d8,fa3de5c9-3563-415f-be3f-0e195ee6e792,9ff2c161-1d2d-4d69-a6c1-b76960e97e74,38
d8213e35-4577-4d1c-896f-722b9bf43c9b,13e976e1-2772-4abd-b2b9-25a656487b52,6ffa4eb4-0419-451b-9671-badd07b80ee1,98
9c3d4b1a-1fcb-4344-89b7-783e1db62f01,2128e7ea-3a1d-4a64-bf79-8e2db292fd87,7efb88c1-93bf-4ef9-9442-468f063ee602,217
f4b3ba72-ef5f-4533-9dab-946d5d365163,788a36d2-9fc4-4da1-9348-b4e77e80292e,f9ecc867-cbcd-40ed-b85f-d8471b40b3be,5
07f72095-613e-4b28-a73f-e4914df561be,b2cebf84-a3b4-4c5c-8c34-979c5ac9dd00,954ba2f6-4cdf-495a-baec-223702b40694,14
552a5252-369e-4a0e-8dcc-aed4d95b17a5,190687b4-a451-4081-a124-6a2a3c1e17b4,87178a24-bdd8-4947-8533-a2e37b876366,198
f08696a3-0625-4eb9-9f39-0fcae6fbee99,dc5b1718-2215-4dc5-b843-3813963ac3ac,0791b6d2-f9e9-4369-82b9-ff6b4382c5d4,9
1a98d5e5-45c6-44af-82f3-809a6f066ce2,dc798cea-0149-4d05-90cb-60f75b7bc66f,da97f5e0-417c-4982-8935-20f24197fac1,196
b0bbfac8-3751-40b9-a58f-d58787289756,77d89067-ff2d-4d59-86ff-3f5376093b0e,49f3d007-5dda-494e-92eb-18d369b89a98,1
5ca0bbf1-dc5c-44dd-a4f1-bc270ba99ebd,fb9bea75-aef1-49e5-bc30-642c5a02a487,0ba94068-6a4c-4315-9867-ecd01ef3426c,100
0c54726a-16a3-41e1-af67-a20000f647f8,8337f829-a8d9-4141-abab-36b079f49bfd,fb76a4df-6e25-4294-91ce-20684430234b,6
02c1e103-2051-4af1-98e7-a6d4e5791325,9b0f9d87-f705-460f-9b58-ab4d665c1fb5,61f2d30c-ef78-4806-9896-717b6ad3b060,184
b497d04d-c437-4177-8e6a-9e8f1f1c87bb,4e10c09f-e5a5-41e4-8619-9b67d9135a90,00e3005a-0a31-430a-bae3-9e2ae865586a,12
31183d9e-d716-4466-a67c-81db3b2a5d91,b3e2c47c-24ad-452e-8972-4456b8d6df6b,87ebd493-734f-4e6a-ab1e-6f185a44d5dc,10
0e3af6d6-cc64-493c-9032-09f0a77f0dfe,1ebd345a-d0bc-44cf-8e95-0a194f829547,4298a8fe-2e00-4a61-9171-f5b2a2dee8a2,1
4ba9e701-06af-4a3e-b09a-87b4d9e812ff,5dacb696-d997-4c88-831a-d2897742f21e,771ae780-e76c-4cbe-ab98-15e482ecbba5,40
22bf12cf-f7b2-4551-a959-f06ce20abd12,b215078d-6b46-43f6-8a25-8ad6e12b602b,ce28caa5-4e2c-48b1-a939-76bf849ee1dc,106
8de361d1-50f8-4dcb-a1a2-16e56c5751b5,091acc0b-e0d9-4c13-9444-c19c23bfecb7,764d960b-9524-43f1-9013-8872581c44f5,28
759e67b2-43d2-4da8-9d0f-702c9726b476,7e1eae23-fc7c-434a-a77d-beee690f4d55,800a663b-1c0e-4500-aa45-2b446a2d7b5e,80
f4d76eb3-ff70-4a3e-970a-664945f05e2c,3a393ec1-19ad-4755-b4f0-ba53b7737547,942c437e-6de8-4211-bfd1-a89a0afba546,48
8aa7f8d8-1ecb-4a99-9dab-b77b9cccc005,6f0306b2-204b-4c2a-9a07-5e0461696f16,f68d5dce-4534-4f40-8676-f32db48d18bf,242
05245e00-880c-41a4-956f-52289435664f,38098b0e-a20f-4b2c-bd0a-3f0a055dc5db,b577af95-c678-465d-b6f4-c0d432ddab6f,43
76e4699c-21c0-4f3f-942f-22e50e48b110,307c2ee0-74e3-4993-b56b-040eb25dba43,5409a0d2-f3e5-4e5f-b87f-259769145f08,391
3d676485-1027-4566-b705-7c961a94254c,15039e55-cded-43de-bf6c-e491f030df71,214ee22e-e798-4863-b7f6-6d4d34c2d2a1,26
9d31a829-9206-4c02-a89b-011fb601b850,dd182ccd-7366-4543-9515-9f183e491b80,f94a7612-7eb9-4d0d-b756-f58304f3a2be,2
7fe89bce-0398-4043-b22a-d1a8a8c6c399,f3645ba0-d58a-4f47-b529-322a10c893d5,37814c8b-869d-4554-ba76-70b41374ed7e,28
bfbda4ed-0eef-4049-8550-a071f9b0cc14,83354244-fa56-4ff9-9293-3f7a8ecdcb89,0bc6b474-f4c6-48b9-b415-2273ede76458,4
469b0903-15a3-42c6-b991-fb8593b22279,43045f65-514b-4491-8048-5a2303516bff,cb24c4db-3be1-471f-91bb-e114d6eeb8ca,25
0f194cab-d37e-466d-ac82-1205d98a8aaa,f67a632f-9b46-424e-9065-5377b7c0c04a,1a377772-fe02-45a1-8580-e34ea59d10b6,8
af33004b-b6a8-47fb-abd4-1c7a7c57ce20,0212d711-d60c-4fab-875d-c41baedde959,c935a422-33cd-4f87-aa40-a628b611a0ca,85
9f1c9baf-f4da-4071-8e01-4dee125a29e1,bcb89ef5-8230-4b52-9610-315476da8f94,5d4b35f9-4be7-43cf-8a5f-fe2e2cb3ba1b,31
49ca7094-cada-4ccb-96ef-9096aec2af72,ea70eda1-472a-4686-9f9b-ebb3e13d7c50,d48dc441-216f-404c-85d0-9df8d2d5629c,106
13e442be-b077-4de4-b23f-2ac02ab9e451,a3c8a128-7d59-4464-83e3-1a0e5170f4a5,04bfcb45-e1e6-45cc-b654-a14560872049,15
2f995dc7-bd0a-4037-a74c-0a8f74d55e99,4d7805fc-49f8-4a8f-b607-c32a5b3ef845,3b3e2ecb-ee58-483f-a33e-8d0b16b2da7b,4
603c1e8e-f31a-4fec-976d-729f568e9a8c,1ab96a0f-8b25-4e06-b41e-6cf1e290a5e7,5b2bd01b-086c-4899-bce3-ccaec9e31eb9,37
49c9c1d6-bd82-48a9-8671-41a6d13ee3cf,e6a9c017-6d89-4113-8fd6-b855050b6f79,c1fd88db-ff3e-47c7-8266-bcbf852793ad,3
0ad14de0-3e04-4481-a2fd-9086547d0ad8,176278d2-8726-4a69-8ddc-fc905e123dfb,15197a90-64fe-43d6-8217-99915a5c2f30,178
2f3371e8-6569-4cf1-a010-73e477f6dc18,0fa182f5-00a2-43fd-9786-3fc8029f515d,a1ee298b-d457-4570-831d-73edb974a298,47
100e0202-f5a1-452a-a522-cd9abf9783f3,5e4e5d34-d09a-43a0-b4b6-7015438a60bf,abb3f285-9878-4dab-9725-3fd457410bf5,9
249bec21-8037-4928-a680-0c4debf55d47,d23f49e3-7f68-45d5-bc00-3c16e445e90c,d0a42ec8-8266-4b51-9203-7844d254682d,8
d771dc4f-03c4-42ee-9053-a456e3e7010f,477a6b8e-b932-46a2-97cf-6507d413efbf,e0445b35-de26-47fc-a099-3c8e49732b41,178
da3241ab-ea34-4ed6-90e0-9780cba0e93a,aac37bd5-09df-4731-8762-b80160387794,110a1dd5-3ead-4da3-8bea-facf83f0cde4,41
3e9f1061-6c88-40bf-8686-498071ffea3b,34630ff1-902a-48fb-a438-ab5ab537bfb5,78bb3f4d-6295-41e5-973d-cdbcd71a1ae0,4
ccab760c-0ac1-4c82-8b1f-6f7ef694f9c7,79489248-148f-4b60-892c-1e72887e171d,b204f0ae-cd59-49ab-8504-4c44fe05c444,170
728b1bbf-2efd-4018-a598-6a8ee85fba0a,9a4c12ac-623a-45a2-a4c8-f7b534990d77,fa011371-8c2d-4a41-9837-1a1d32c95245,101
5af5d825-204c-46c2-9884-db1a9c2d4a59,608197b5-1c51-4c36-a50b-6d858e5590e5,12c27c96-3caf-455b-a85b-e45568549b32,406
e00f6d47-2f35-4363-bea9-33c21bca4028,cbe53d63-cc62-412a-9a68-d584b34d5205,a0141908-3aef-4045-9bd3-036a9dab2a31,4
ba061003-2851-485e-9efa-987f9d8003ac,6a8e5f79-2af5-46e8-af33-7217c82962de,fa8f2990-78af-4ce1-a4bd-00a972d972a6,4
e5a68f7b-1470-4b13-bdf5-4ef975a83c35,e33c1df0-3835-43d5-8239-e26d30fb39f6,1cc9a4c8-ac31-44a6-abde-b8cefef3d3d5,45
15c69b02-a62b-42e9-bb61-c19e98b45f59,c0f991dc-c7c5-4d3c-93ba-15e156362069,24d01492-95a6-4e1e-986b-8763a9c42d67,1
d2f0cbae-d45d-439b-8699-e42b78cefa44,53765ca8-1fc7-4bfa-b6ff-69a674e418db,32c61068-43af-451f-b50d-7ccafe0233ff,22
ce6baebd-90b8-4350-8d7e-614f999a897f,8274ac6b-5064-4289-9b54-f2c6fbc338ab,ec2c8b86-ed78-4daa-b1af-e28d09281d68,75
91d2b02d-eb10-441b-8566-19f1f56f6bfd,707d1bd5-b2a1-4ba9-ac5c-966a25a532f5,d9588865-e0dd-4342-b55e-5053d162887a,41
53243637-1d35-48ea-8f7b-29e624018547,12a10480-77a4-47f0-8c47-87acb888c0b3,f76eecc2-ef38-4c26-8c63-06f901110d36,16
2b2c70d2-72a5-41c1-a437-075157658d7b,75c77ba9-1ef4-433f-b274-681d0bc3c696,94b2bb0e-b2e9-4e29-b2e3-3f49f9c2c805,23
df0e2e3c-bc85-404e-8f24-88e7a5650dbf,eab95ac6-124d-4379-ac4d-3adf1ed8cb7f,3f55d10a-ab78-48c5-bb24-79c3a0453a30,1
388c8699-50ae-41e3-a622-376007cf13e6,4d9374b3-d61c-4ddf-9831-37c59a03536e,453c31ca-89c4-45fb-933b-630a64081fd1,5
3c29f024-b9a8-4ae0-8ee4-9d80eefd6270,7f765101-9acd-4818-88cc-101aefd290fa,5b57093d-e089-4dd9-aebb-684528a548ed,13
8c4eaded-33b7-4a5f-a41c-82d457c152ca,e63bb9af-3099-47f0-905a-26b8fbaaa5ac,f6f2ddf3-3515-4777-b6e5-15f0d79d9ec6,11
b907f7de-12ea-4464-b6a4-5eb9e32f7106,979e1eff-eb04-44e7-a15e-e7d200746763,7b35a4de-690e-4f11-87c5-3958debd14a4,29
0f0190dc-3a49-4fbb-be62-b13e0413bb5f,4741fc89-535d-432c-9333-ea587a455e1b,03fe05c6-771f-449f-8303-3dc8670653cd,39
e7c5341a-038a-4a13-8ba1-83d53d1cfd36,b464f924-e37c-4649-b39d-7084672a0f04,edef3610-2cdf-4b9d-ab69-c6e51c06e418,500
d87620fc-aa22-4855-a305-4c6579c748b0,eaa1efcf-daf1-4cb1-a090-2452535b6aca,96699184-627b-4c14-880d-baecefb7c4aa,45
76f7d8f8-2981-4562-8c06-412e41b3af8d,767be41d-f178-41fa-8fb8-e8cf916b8882,d0c8a72b-923d-4d49-afc6-492825211531,3
eeff9668-c5f2-45b6-95ad-75289c91dc23,c77abb19-383f-4224-9f49-34d16e40ea3b,939e6cc2-9869-40e2-a8c2-5167dae12dbb,50
28adc7c9-356b-4ca4-9b13-f4a0c5d7aaec,7dd9c44b-eb35-4ab6-95f2-6d30cb59d608,c5ab4d81-70eb-4b42-ae4a-d7c28947d56a,4
dd894035-eb04-46f9-8cb8-03136610c1e3,61c8b253-3785-4b0d-84c0-22079f9efe96,8dd521a3-e009-4b9b-be7f-e50558685088,2
38bb3e01-052d-4287-a125-93715cfab6d5,89f3616c-9561-44a9-91e7-626114638918,51bcf177-68e7-4381-969d-7a3fe998fd61,31
c9e3666a-69c9-4cc1-b4bc-70a5e494ce98,20c3ae8d-78fa-4618-935f-459bac38636f,07829d35-9080-4890-9756-55a921533473,47
0a5b6053-6d0e-4d26-899e-2a1d38ccd286,eb01e135-261d-4d09-a53a-12bf70c7e7ef,1a3d0293-66f9-483b-890f-91235ff39c41,161
53eef312-a3c2-4811-b5b7-dff5cf551e55,751e4404-2e33-4103-91bb-03475e2b0be9,917e3882-9cea-4494-a71c-60a8869d9bfb,5
2842b7d4-d09f-4d41-b256-347f1b62d072,ea97310d-6482-4775-8d21-1e8ccdcbfaac,03beee12-779a-4396-a1a3-ad80397b9ef4,29
c92ed72f-b1f3-4c12-b057-6bc6503a736f,35410750-a666-42a8-a7fd-c723731e07c8,d62f0878-da78-49e3-b418-3ae36c1d7334,3
c3533c2a-3000-4cc2-af99-6244929d75b2,82b7d519-7af9-4bea-af48-d9d4d2f4a8e7,93339cad-183a-4292-a9c5-6d640ff627c3,2
9c1825c8-534b-480e-a496-cc7e0412ab21,5c423113-7980-4b1b-9e29-34d03fc613e1,4cc74654-8772-49b4-a4ca-ed2b3395d5e9,12
f3f57e2b-eff9-445c-bd94-7ffb436e8555,96c60c68-4614-413e-8776-c43824cef527,1bf8758c-6c90-49a9-857d-fa6ba4588bd9,165
7bcb9d44-32b4-4670-b97f-65d82446228b,bace6133-1d51-4fe0-a1da-3ab1e7022356,d707de68-f1dd-4c9d-8561-b82ae39537fb,2
2070fc6d-b348-4e36-a9b7-7ac720a33f16,43af39fb-8023-40ea-9343-a1d46ef270f6,ae1bb896-0829-41c4-af7b-5a14bfef6a26,136
0cf7bfed-a8e3-4dca-8c3b-8ee52470fddd,c8e542f9-02f9-4ee9-b3ee-7473220897ff,cdeb6747-99ca-4212-9700-e0ec87928fd0,4
9e76164e-a6b8-4875-aa5c-054c8c81056a,a5b11d33-4f8a-4944-bf0b-ce785e84315a,e9cfb788-17ef-4e35-baee-97148a973e7b,49
4ac5b5c2-4c82-48e9-9e21-42c35427c47a,ad90fe3b-3be7-4037-aed9-38c0f0c0fe53,1b63fce6-9eeb-4346-9a41-e236b71175a5,1
c7b4fe59-f754-4f1c-a318-cd03f140061a,38d145d4-57f7-4b4e-8786-4f505801a927,5b9be778-4856-4efd-b0bc-f015dc336527,7
800480bd-057c-45b7-9f5b-b227e9902e9b,070accf4-b922-407b-bedc-50a35d7b1d53,e516ec2e-63a0-4f35-b42a-8dfe4c5d5ff8,133
4232bcca-c450-4345-a696-05accf29611b,e2f73021-b8c7-4f67-ad63-edd947951a36,eda376c0-ed5b-4fae-9ec3-09060764f2a7,45
0b054d2f-6fba-4bbe-8848-a97f60a8198a,afdd3641-ec4f-49eb-8055-a23dd8aa32f9,01a55c93-9fdc-4fb3-a871-9f7963e31d61,59
82dbde5e-ca04-4777-9782-c7896479d697,faef3e61-ab0d-4512-b0cc-ee52705353c0,ce5a1222-f175-4224-81b6-fbccf7303cd2,270
d7d6b6b2-8a49-4435-9093-43b970b19b36,f4938e00-21da-4349-bd3a-44cce2c847a7,009c3f71-7a83-44e6-bf1c-daa497412b69,32
147b63ac-55c8-4d7f-93fe-e83446365340,ea7c2bd5-3e2d-4f78-bf39-360341009d56,0cee833e-42e2-47bd-8e52-001ca7dd696f,31
e64fb5bf-0ab0-40af-99e0-70d4f841ac24,efc0e048-a931-4f7c-82c2-ea61f6e8a8f0,ab38c408-239c-4683-800e-709533e01e5a,34
1af86604-dbc8-4066-a505-be27c55d6066,40ac914e-90a6-459f-bab1-62c81c2eab39,e04de1a3-2180-4f90-b73b-e7c4d8e57fee,43
0789500b-e38e-4892-a217-0244710003f7,830ee780-2832-4372-b271-4bbe8885a7b5,b617ca9d-169c-4029-b93e-88de2ab6d250,265
905a03cf-2edc-469c-b3d0-3cdfc6ecb1c5,8d25d103-c7ad-419b-9ffe-c15b7f194887,0164f5da-159c-4055-a962-2341f7b1aced,5
45509cd2-f569-4257-9669-fa127dfe2fc3,7c281710-f6ad-48f7-af6a-4c5261fb0ae6,f3b7563a-eaf3-4eae-bc51-580de7f50aad,209
58426d37-7778-4291-a9e2-e897189f4a7b,dbfea004-b203-42af-a1aa-de189a1a4711,67462f6d-d89b-4cef-9920-032f7a07d5c7,10
d58972b2-ac0b-4756-8b8a-a4e525aac2db,cd134faf-d80d-488d-a9de-6e23b55064ba,6a9fe780-7243-4cee-bd45-36d444cc38bc,5
45202367-a267-4eae-90f7-9c10e43b264c,6bc63c3e-c4b8-417c-9640-af256631a677,35c5ced0-5d0f-4662-9732-b56a165a90a1,35
a9c1e5b4-6a92-416e-aa9d-214e8cb77e5b,1d3ac958-d286-46e5-99c0-69b85f795658,3af9644e-5d11-41ea-95cf-b45ab6faf74e,50
15e38b90-af6b-47ee-b640-f1c588e2188e,3d0db2f6-d491-4aee-9233-628caa25cd6a,643d2e5f-46f0-4bd0-910f-2ea0bfda2990,131
f28c186a-ad5b-4bac-8665-b0952c4b2085,3472f529-6efe-4a13-81d8-55812c2f2e2c,2d034287-c2d7-4928-bd12-3b3a55830375,263
a1933c9c-3c36-4b05-a8ce-ae19a1fab006,c683c389-a9c1-422d-8c39-83bafb74c33c,fdded4f8-77a0-4bdb-960e-601fb8a2d633,5
c78d1daa-9f25-459d-b3e4-28f92fd22e32,307c2ee0-74e3-4993-b56b-040eb25dba43,79e4c14c-3613-4081-8f19-459d6c9d46c2,109
c72d7a76-a8aa-46c6-b418-45e2064add19,ec9fe9f6-6ea7-4b71-9c67-757a73850159,db59a54e-a975-4b92-8580-47187c2d2e35,21
5df2fe0e-39c9-4d5a-981b-850fe97f7296,e3aa5e42-f7aa-4f4f-91d6-b81faf960e6c,13c3c4e0-d51c-4c3c-adac-adc3c07d7e28,20
f50c461a-ef85-4acb-b1ab-bf7a2d58239e,582e5313-cbdd-4563-8b95-8ac6a067311f,77585e96-feac-487d-95f8-7ebc0f206c30,356
f2e3c71c-9bb4-4b7e-acd5-87174ca21a88,ad325437-f34a-44c3-b2e2-f0e7dad5caf5,966e2de7-574a-40c8-bf1a-9e43e324cd85,311
be521bef-87fa-4c24-8e1f-3c2864edb541,b8db42f1-dd36-4591-89ce-f21c7932f72d,a3651c7f-e2b7-4e68-a742-bc5d9d02b282,3
2ca4809a-4fdd-4914-a427-e844d8f9e8b6,d278cdb1-020a-4557-b456-3cd809dd3ef7,a48a3d4a-bef2-4822-8146-97f84481ef93,5
286d4818-f37f-48c8-b398-07e3e53bcc41,bb5b2943-0c5b-401f-80e0-bd79c67d55be,3db4d44d-5f42-4476-9556-f99c8001946c,122
67c3550f-20ab-4c00-a590-c951a04b9ac0,1b0ca1c1-fc9e-43b3-80ab-73e00d0c5eef,f93005dc-d41c-4140-8b1c-c62f542e5c86,43
d6d63c6f-cbed-455f-a4e0-bef637bf6214,38c26336-5f87-442c-baa5-abe836811d2b,2b4cd3b1-2a81-466b-903a-8a7bbd67d828,56
44998f83-4869-42dc-9b46-15fe3e6ca6fb,8896c14d-103c-4aed-913a-331f63333631,30ec3402-2216-44ce-854c-7eae05a8ea3d,63
81ea1092-4369-499b-8ab2-39a0064b673a,d8d57af5-c58e-4acc-b8ad-aaa46c42c068,e7151590-a01f-4cae-9bfc-23a1467bbc02,4
07b718cb-af04-4847-a401-abdb208fb69f,c4d3b724-356e-4ff3-9bc9-9e7322e19e61,00d92efa-f36c-4b51-8a07-6bd098c940cb,293
afa8482a-ad6b-4c5d-81d5-091444426911,c3773863-270d-4887-821a-afd8f3494d72,05d8a44d-4c71-41a7-bed8-047682a2aaed,50
f9ed0b83-f5fc-446a-aae7-d9cfa9956e78,57c1e91c-c684-4ebd-8a65-0ed94003a484,31f910b5-8224-4b28-86a8-da0756846c40,4
f6fb8f22-8dc3-4e1d-a657-15b85530df44,a655b389-e3e7-4871-a73d-279b62e84e3b,f3367240-d544-46e1-b2e9-37cf45b8a70c,39
fd65dff4-6b68-4a19-b305-c011e0682b14,04138815-2200-443d-9eeb-2514b1d480e1,79fd1dce-caeb-4c96-b68a-0bf5961516f7,94
b31635bd-a953-4fc2-a74b-081495eeb582,68edbb94-c161-41f9-bb53-beda39dc4180,1e7f3221-3f85-4c3c-a19c-cc93af55a6e2,62
53dad0ed-498f-41a9-a72f-786cd2914f17,a0330bd7-ba96-4b9c-a471-f1edd874bfd6,7368102a-30a3-4092-a4b4-85e0d5943e8d,171
a176808f-7b14-4c89-b72e-68630d32c2fe,3d020970-976a-4318-8399-2118668f6c18,14332121-faae-4751-b81c-2b2e3970151d,40
9fdf2481-28eb-4cc6-9ef1-0fc1f24b4f29,e355fa53-083a-4d6b-91e8-d1eaa9d25d3e,514059c9-77aa-4278-9487-08eb46fb7c69,143
165dba89-7c15-4167-b780-2e52e8f1c0a4,6a80c6e8-3fe3-4641-ab37-5016ca899bd9,22e53a95-14fd-4607-8e29-9c214fd3c6ac,50
53e04bad-124f-4fc4-96c0-36e24a437552,0e0d4e6d-4c57-468f-b545-e5e4106ce924,b0fd1880-2435-44c9-b680-ea3877fd32ec,13
f2a3c7f1-33a3-4fd2-9bcc-6ea01d16d2fb,f2bcdd38-21ac-4059-93ac-a435d8a4bab8,551d5344-fcb8-4e30-b032-c61e91954db0,26
0a044017-921b-466f-aec7-2aa77785b15f,6c277505-3889-415a-8860-6905968c8463,ce9447ae-b716-4fd0-8f58-bdd7b5b9efef,25
cfe47ab1-33dc-4577-9957-659206c4d811,69ec5638-9c39-43c6-9d6d-cf36b183348e,d11850f6-9a44-477d-b25a-d97150e5a130,143
30668bd3-f131-48d0-8f2d-d275225ce124,518126f7-8495-4212-8fa6-7800c3882e20,48af4115-bc5b-435d-bed2-85661cb10912,3
a1cb43b8-3153-4ed6-bf14-d2015915f731,b209f71e-9e05-4695-84a2-3a93f50b2754,31b1f7e0-31b4-4429-ba30-e630198545ed,34
adb5d22f-0ea7-4def-b4cd-4e77ac94285e,9a3b0927-ce93-4597-b7f0-c26d95823015,31666226-94b1-4bd7-be55-1100340abd97,4
7cc27bf6-40be-43d3-9dd0-6b3c791c5e48,df14c5b5-40bc-4de5-a1a4-c85b486a8678,0d454786-205f-4ed6-8d73-0cf2fbf07aa4,3
99f64e13-7270-4be6-9350-7c8741a9edcb,5af3ea3b-a08f-4e0d-a500-1019dc84f88c,c004b3d9-e15f-4042-8f60-251c32a0533b,3
762d9445-67da-4f6e-97d2-75d56690d2ba,f64314b8-23e0-46cd-8459-c578fb695c3d,ee176a11-9a3e-4ad1-87c5-136b53d4f513,403
b58874b7-8dbe-495a-a3b0-3a06ec07bce3,4e219b6c-c59b-4bed-9611-4be0f262df2f,5ca36346-863d-4a08-b64b-073af2da491f,110
f89f0a2c-734e-4f29-823f-1bd61440fcf3,307c2ee0-74e3-4993-b56b-040eb25dba43,1daf4a93-e5e2-4d9c-bb86-a0a1ad85f3aa,480
437db3b7-6910-454e-8a17-fd9ffa70b515,c4c439cb-84c9-40ee-85dd-74c93f200b56,4c7d012f-c0a9-4f8f-9368-50718f150531,28
27c2125d-c502-47e4-98ac-c4654f9ff476,760717e0-d2d2-4c32-810c-4a3af5fb6004,564b199c-9412-43de-854b-200e890f580b,3
4f673ee1-eb24-41c9-9620-166c74c1ebc8,c60aff20-c301-496e-a9e5-32a4408a0118,49080f33-26e0-408a-b24b-0afda54b8453,12
45555ec0-bb47-4df6-918a-253fd7968439,f657caa3-a15e-44a0-901a-2f3977eef75d,6e3f599a-364e-43f1-bc13-58a9d7475634,19
ed6696de-fdae-4fc1-be4b-79c1bf058f3d,c15d1a9e-96a2-4198-a7d0-3ce5805d63e5,ad9acebb-bfee-45f8-848b-e7acab1825fe,3
016742d3-9585-46b5-85f1-0ac361e161d4,b7f20e2f-49fb-4330-8a53-08b2aa39e604,6ccd3082-02e4-4d28-b821-69673b96c67c,3
a94dcd4d-723b-44d0-9ff3-55f6cf5f69d3,60d8f127-5c32-4bbf-a9b0-73d68f2a7bbb,67ea1ac3-29cc-4b61-9b62-13095b74d2db,1
770473e9-f09f-4553-8789-e41b9c49ddf6,e1ffd5b9-2c9a-4a09-af13-b69fe4a908e0,890e6edb-93fd-4fd4-af04-6590d24482bb,32
25b370ef-d4db-492d-8064-232b3ec1d634,1462499a-dcbc-49fb-87dc-2907d2aa4fff,8607de64-0240-4bb7-902f-05c29525fcc0,126
4a62c1e1-a55c-4c47-8972-7492fcc10d4f,9cdc3b46-332e-4cbf-a8b1-24fd657fcc28,ce28caa5-4e2c-48b1-a939-76bf849ee1dc,2
48310b69-79b2-41a3-8351-4c00485dba68,620d5d27-0fd1-443b-9054-c03f8fa522fd,a9355c0d-4336-4ce3-ae01-49bd79e4ee93,35
ac71ea4a-b6c6-476c-857d-af3deb32752a,d84ff426-2b80-450e-b7f4-0c9a09d933a1,70ea743e-e20f-46a2-ab31-d139c1f943ae,106
07c179f4-cd24-43ba-9e6f-6e1afb19a172,b17f1db8-66dc-4ab6-a527-747272f365a4,7aa114ca-b1ab-4e6b-8e72-a13060d2ae95,173
21df3787-3386-47ab-9e00-566818d73d45,2dd81318-ef03-4899-bf9a-0b8e01c109d2,c0821fad-efb9-479e-99b3-05a3ccf7b00b,9
220657b6-a794-4acd-8e96-c2b27d64630d,27300c2f-e488-401c-b405-8c46b3c6d2c1,d487fda4-77f2-44f3-9ffa-0bff6cc0de91,4
4e830036-e9d3-4938-b8ed-52427a2bde9f,15023685-ef3a-46ed-81c7-ee7e60ef31d8,44797d0b-9a4a-4f81-8d41-e548747d9097,47
3de6ced5-1d7f-443a-96dc-de41f28015f7,3db24050-e921-4f65-834f-6ac3cbbca5d5,4b6de30b-ba2f-4da8-8fae-e5e849371315,26
91b35385-40c7-4ac8-87f7-f5b5cc3d452f,5c423113-7980-4b1b-9e29-34d03fc613e1,d535a383-2ffb-4b95-8da3-962896d648eb,4
376517a8-5aaf-4656-bd07-c02a5da26128,adc8419e-c83b-453c-9d30-8bd45172c3f1,784f16f8-ef1f-435e-b135-06391b4cfdcb,43
d71a2b20-8a0e-47fd-b357-9c3fce3f0fee,edfd85d1-71b9-45b7-927a-18aeb6599281,6c86d51a-7453-42a1-8a9f-bc2069b1accc,14
f70a79ab-447a-4251-af99-4a141f6d23d0,aa36eaf2-f1b1-47b1-8f39-85d076ec18a6,06e70feb-89f5-4c3f-bd83-0d8b11650193,17
4f819e85-85ec-4b96-8008-8806acd65dca,021113d5-9a68-40bd-812e-3c8eb475e010,2b23eab5-95ca-4f0a-8294-253bffba0fea,47
e487a445-8e81-4a63-a953-35070f1234c0,2b889fa9-152e-4d98-b093-1b6896b7b372,63477aa4-d0d0-46b2-b0c2-4d2ddfe4097d,30
451b5cf6-4bf9-413d-8bba-97241393a998,1d896f36-e6e9-499f-b06d-b5ccff8505fe,827986f7-41eb-42f0-9ef8-02dd99bf6d52,1
ead5d36b-0213-4ace-8a33-fc5ebf91a125,afaffd32-6ea5-4a05-bd15-d0068bcd6964,cb087aa4-d7ba-43aa-9b78-53924ab230a5,41
29797cae-1413-4f52-bd32-683814631c7d,5ff8f685-5dd6-42a5-9d5e-7c43b4058039,108f9311-24a7-45f6-be53-3132008cb422,24
10ab6db5-ca63-44ca-bca5-6c42aa39a549,5d03de77-2d0f-414d-87f1-ee939383b8b4,15e5e552-25c8-4a6f-8afe-d3044dc114d3,40
2899fb27-6667-427a-b89d-4f795ccf7b2f,90ee7aa5-e4b0-48c8-b807-2d8e1a79c7f5,a9aa4259-2bb5-495f-8e8c-4b496c7f784c,2
0cf5b17c-0b3a-4784-9558-ce9e87adbcd7,8b67aef0-3961-4bab-820f-a8699c346d20,31d29569-1a97-4d5a-b95d-cb91530163d5,2
0eae953d-1079-4504-b422-409fc953182b,143341f3-0e84-4f77-a383-86bac90f9650,dc7e0cd2-1839-41fa-b892-6bc597056d7e,264
7c10ae2b-3125-483c-aa65-925d1d8022c6,aedd9e6d-8b87-4dae-9397-0a4f46ecd948,a061efab-0b6e-4aac-a7b6-45e22f007c15,3
06b31fd0-6e0f-420f-a4cb-15d56273ddd3,5aa71c56-4053-4f8d-bbc5-47d11d404b6d,99113658-0fec-4a73-ab42-52066cf07c6d,46
214cd512-bf3f-4891-a823-5218c01c903f,04006ea6-0352-412c-8058-d8ebefbb3acc,b07e1923-986b-4ef5-9e35-465b2d015d05,14
456cc626-c379-49af-bc29-d00f5fa5d26d,fa3de5c9-3563-415f-be3f-0e195ee6e792,052e2f0f-9fc4-4630-bfb8-85ea0b7693aa,21
5dd05f15-a002-40d3-874b-7158b454e050,47d701fc-3ef2-4621-9e68-816d00f31c63,f74870c2-0e4e-4175-9ca9-54b34a375ff1,94
67f94879-d25e-4080-8986-4efcb886ba80,8a245e78-1217-4228-9cc0-8bf5f85bd011,15c13a66-043e-4082-acc1-74d5ab2f11a9,14
97c3c925-4c0d-4831-a8ca-f083df1b376a,27045c9e-f685-4e38-aff2-655f7f967813,0c457154-b416-48ad-a61f-2adcb81172ca,4
95d041b8-2654-451a-a731-ac85cc0c8071,e912c309-4dac-449c-9415-49a3d721f7b6,a269b624-3404-451e-984b-cd79cd43fa15,50
c2ecf5a0-e7cc-4ad9-bb28-9a588816a2eb,1fe51114-36b5-441e-ac19-8a19f33406e4,87ebd493-734f-4e6a-ab1e-6f185a44d5dc,35
5bf4cc0d-de93-4d23-8ab0-2d026ec7a115,3f442791-62f3-4649-a9c5-b014540e6b0a,7f09b76c-4091-480d-a0ee-097421ce55ae,21
fef292fa-d0b0-4783-964a-81b86cb56dcc,7563645a-9b8f-4116-8207-b3f81b912873,2daa76e8-80c0-419c-ab93-ae1cbc01d3ec,40
3f688b05-23d9-4e25-86f3-98ee772e728a,f0e0ef31-edae-4f6b-9688-242f39cc271f,5409a0d2-f3e5-4e5f-b87f-259769145f08,4
068893c6-d17c-47ad-b524-5464cf7f8491,b24bc481-e315-45e6-8478-eed13f36776d,e134dd66-84f6-465a-a68c-67d98788dc4e,110
98fdd67e-54fd-4040-91a5-fb39f95707c1,128f2428-a56a-4dea-9162-c50905dba118,6d166e82-c05c-4e76-8dd7-bbd678cb04d1,14
3f4eaca6-88c6-426d-9e6e-9e86ac5b6486,d7b951a5-4c95-400d-9cfc-0f12a4f4d9d5,52c94a33-633f-472a-abbe-5a9b95cb2a83,42
a1f0561f-c9b9-4de4-973b-d569ec858b08,9a66ff7f-bf2d-4e8d-817e-b174e2cae156,6a9fe780-7243-4cee-bd45-36d444cc38bc,5
e2a9812a-42b8-4016-a8a9-ab7ae7e1ecd2,95197ce8-3e2a-4792-af2b-51f793327fe2,1900a02f-cabe-4a37-b3f9-b50ddd634587,2
e8cd7ee3-da2f-4be0-980b-eaea0cbcff5d,6a2f9d3e-1523-4252-a876-f8db3e63f2d7,4a2b2c42-c551-4dac-ae03-3bb5c36ce916,3
a0405d5a-53b5-49c9-aab6-1a1da36a389a,956e8005-eb1c-44eb-8ba9-1fbb1104c01f,3995b986-f245-41d0-8713-bed4fa5fff3c,15
34cde106-6c73-4878-9b5a-8b0e5e2437d0,602d3443-7e52-47f2-9a87-fff85a4e70e7,63c4db1b-8db5-42f2-85e7-f59f448fc608,1
cbbd6424-98db-4da4-bfe8-2c299e014e7a,26986b6b-a46b-427c-bfd6-7184b8f99eb7,1c7b7732-dc47-47f9-b3cd-c90b5cfbb1cb,3
375eea85-a377-4085-b70d-7bc113fed8ff,d46cc4f3-1c03-46b3-b45c-b9856b23cf3f,7daf52a4-2f0e-4013-be13-f6088ae8a652,38
76962ae7-c5a0-429a-a705-9403c4d16a26,c238189f-67db-4592-a9c1-3e55585d05d8,2b82b818-2f87-4517-928d-f30a9ef8ba3c,2
48ee0b11-7fd0-4ade-a3ea-1873caef3abe,f4ce4994-be4d-479c-af55-d408ae803639,daf731e3-2f86-4679-a741-07ffdba3aade,48
82e7a1c7-e9cb-4464-bac3-c0a7a86d82fc,003a5a70-c6b8-488b-a7a6-f14001c02f1e,58167b56-5aca-4ed1-9d18-16b20ae9ef19,25
33db0df8-a66d-4f07-8399-8cbd491ff784,5d03cbd2-7c35-455a-a93c-8de9e0337f24,03f3d2fc-96c9-4d15-8b55-96361bff6475,4
8fc93384-4083-47b2-aac7-8ce5f400ede0,441225f6-7074-42ce-b21a-82f6b7146965,1bcc7434-3277-4c85-8748-568ce402da4e,35
ef9fe814-07cb-4bf8-a28f-d3e0f277d184,c9754ece-c845-4d90-8557-51cf59b2e50b,1d6d6c23-17b7-4edb-9343-b5abc17fc9af,27
b6e1f54e-f5a9-4f59-8431-49e54dd9bdaf,aaea204b-8b70-4524-bf97-3db7139765ff,220bf784-3dc8-4fb7-a92a-11340716af51,33
7c1d76fb-cb4f-4cfa-b54a-0f2a82b31f6c,bec83c46-1dec-4642-9599-80754d8d6e2c,c00e0a19-df21-4685-bdbe-b352058555a4,5
6e76b928-4498-489e-b986-f4a99f98b914,a6edb75f-2ea8-4bb2-a986-493b04b93514,f9323d16-5bb1-44ed-87f5-5410b90b448d,48
33314b5d-99c2-4d89-98bd-b2f9398d02a6,bd0a9f16-4aeb-4df2-8212-b4170b230f7c,5de126ab-fc3b-46be-b090-aa49de5b2fa7,113
2ac3a2b8-2a2f-4d79-9f40-60e81673d472,2892cd12-1579-420d-a7b3-35d7f6e90761,e7c776d7-ea89-4534-808b-4b01b8416d92,2
1282f7d6-d523-454f-b47c-cc220b4d9d5a,f40dd4a0-2816-4d17-802d-6943dfd37d05,cce6bef3-3f13-4ea1-9a5d-52b1cf7f2aad,15
281ce680-fa19-4e4a-b632-fdad95280263,474d1808-577b-49cb-b37e-412cff8f6ebc,46a49baf-5b20-4d44-b0e8-2a35694a135c,37
f90ef0fd-58b5-49c9-ba1f-12ff35187ea4,14da35de-7f78-42f8-9b45-fec202ce0a58,ccaffb3b-a630-494e-b7f8-bee8368ad685,341
4afebd98-b51e-4d1f-b5d7-f0a2e151b342,6e3eec18-64cd-4e69-9f7b-ae6385fe07eb,576625ed-cbe0-4d0d-95f1-bfa3a79f0100,47
caeb97fe-0d98-483c-99ab-c643b89a09df,4db7c75b-6d78-4136-af4f-b46bc3fa99ac,4b6de30b-ba2f-4da8-8fae-e5e849371315,24
288845bb-449b-4850-baf0-db18050f12b3,3e2257a8-0af7-4da2-b885-cabc6ef82f60,07b63b52-25a3-4671-a770-a594804631b4,5
f4d036b9-91e5-4a6a-a3af-a42df9712fae,0e0d4e6d-4c57-468f-b545-e5e4106ce924,9d1e783f-0677-41a8-88bb-9239749d775c,3
47cb957b-e0d0-44e1-99d1-6b6e48fe3979,1c3f5be8-9a66-4ee5-a2ce-4e68cce3843c,14ba3f4f-1351-4517-9e94-b71066a3dbc8,42
c06e51cf-7050-4c73-b87b-b3916c87d877,2077576e-4fe4-42a5-9141-12f1a86619bb,d64bb110-5399-48ba-b32a-afc4b78aef35,396
e41cbeaa-b07f-4331-a01d-becc752872c5,bcb78ccd-adc3-4cfc-8a83-824f9ebec704,cfc9b6da-3566-4dd5-9df3-e10b7c54b6fc,5
db435838-7fe7-42ac-ba9a-3e58d29c2923,176278d2-8726-4a69-8ddc-fc905e123dfb,bcbd7aa4-34ae-462c-943d-1452f32a48c9,1
d94aaec7-4357-401d-959a-283cb5e86f71,0361d5b8-11de-40a1-932a-77c0290d4355,f86a5271-2153-4d81-88de-f9ab9a508f02,30
40714178-ed4a-4baf-b859-1b1373afa079,34f662b2-a7f2-4f66-b61f-32835e83c76e,dfddceb4-76ed-463c-af35-3a3617c687c0,186
024dfebb-086f-49cd-9649-f3518873acae,6409ff9c-2582-488a-a789-96633cc46e66,d997157d-a131-4727-8eb6-10e5eeec0ea8,114
a929ebc8-293d-4262-8f2d-ed46434c1beb,ce0f2b41-98aa-4b7e-bae1-bd973c887888,da735f49-637b-460a-90be-e1194f56d85b,200
29960c9a-a934-4381-9762-bf355634d32b,90ee7aa5-e4b0-48c8-b807-2d8e1a79c7f5,9d91b1a3-c078-4da6-a9ad-9c4bc3ffbb25,3
da840499-8ed5-46f3-ac7f-7fcff5f3994b,67762aac-b283-4298-b4fd-52c8ffccd239,f3514c73-db4c-4117-9825-f8f5ce5fedde,35
098cfbdb-a347-40aa-9142-0a08aba262df,78677ac4-fe76-4cb9-8576-050b7acd4027,ab38c408-239c-4683-800e-709533e01e5a,20
0dcd8517-fcbb-4ed7-bc65-21a772133777,4f66b284-682a-46f7-af8b-eb70e5c8c9d7,a4701fde-6000-44a7-9314-6c19928282f8,4
63cc9b7c-65b8-4a96-83a9-49111ca287e9,b4682d63-9608-47ab-8011-e75fa1263831,9b95aeed-331d-44c0-bb19-6a01502cdf17,16
be73c42c-36d6-411e-ab0f-79011c7976c9,cd24d714-b3c8-4ab5-87eb-03a69f999a94,c57aa19e-c400-4e9b-8cdd-24669203080a,44
e42da2a4-dd5e-40da-9ebb-b3a51ca44d92,6e807bbe-995e-44ad-b4f8-c06fb49e1ec5,4fbd069e-1ec5-4f62-b08c-80d383c1b277,1
c6809fc8-d9b5-4c7c-8423-b63bec111d2e,a75b0ddc-1fd8-45dc-b242-75cad944b4e1,825fc5f1-5792-4b03-bd97-e16d39f5c50c,157
eea86e08-849e-4e0c-ac0a-9481f6b5f1c7,1f8b256e-4f1f-47a8-94d6-96d6bc068627,4daad71d-eb0b-41d5-9ddf-45ede035a524,45
11ae0e1a-8317-42c4-8162-29730ce5db41,1e7c0086-53fb-4c53-b1a7-e4d73c0b1fdb,45725119-e519-4faa-82bb-754c23320b2d,40
3c226caf-f17c-465d-9221-8d86f66a5624,2d4c47fa-aed9-4f70-8c9a-d16a1088cafb,d8b261b1-568c-4e28-b9d2-6acfb0dfe4a2,5
89430f0a-2f69-4e83-abb1-2c2eee4f3c08,31f210df-5e54-4435-b3ae-47b5662c78c4,183dbbd0-24d7-498c-9d8e-9f13acd9130b,138
77312ee9-660d-4143-8366-d05c88692570,a11326e6-f8b1-4da1-b4df-a5d57bee42ca,4e246eac-8bae-49ba-9b37-165145c1df01,40
f1287a46-eb60-4277-912d-e64b6949635c,c03c8f6d-7329-4f36-a6ed-2e1c4b39e8e4,c64f7669-3f37-4a4c-84d2-57642e608985,5
c2ab3799-d6a3-4486-923b-8b3cf5c34bab,1ea77310-024c-4b48-89ed-6a35c4d70e2d,ce57ea9d-aeca-40a5-a949-8c77ff6c81cb,78
43f0b313-171e-43fc-8fcf-4b68066cfcb9,9833053f-375d-4f8e-b9a6-b85d97d84374,88df1e85-2560-433a-9738-34ad4dfafd8c,134
a502f453-3ca6-4051-8ad8-cc12fa9206a4,1e1fd89a-5de0-4c70-a2af-c2d1f56ebe8a,6d089e57-0ad6-46e9-afc1-a9b2f2c86664,91
944f8d69-fa49-4867-9061-e0959125f73b,10801272-4635-4a97-9780-4c6b5e036fd2,4662cec1-c7eb-41f2-9ff9-fd936d3458c7,3
64e76bcf-7adb-451b-87af-a87d25583023,7c99d7be-20e7-44df-a1bc-f825bdbb2a7e,91f03000-757a-4504-9ae5-aab9d567f348,3
077b91d1-696b-481d-8f9d-0375cc5a8fd2,e23bc383-1dca-4091-9636-f4c0d6c26733,96d29691-0388-4be2-8528-51d12c733be4,234
4f4b3134-705c-478b-8b6a-19612f81af62,5f6d676b-5f20-48bc-bdd5-1f1c216c03cb,a91bb823-6d00-4823-a11e-315166d5d2e3,12
97170fc0-a160-4bb6-8372-a4fbc9169caf,818c17e5-f74f-44cc-bc80-e0496209f1c7,83bf3bb1-1dde-4709-ae88-978f5ff013ad,35
5b53e644-3328-4aa8-8855-60525fef4f52,cecb89b7-db8a-4823-ad86-6e530bacc63e,90e4bc46-e2be-43e7-a338-b089316a6e3a,1
d16c6d74-0bb0-49fa-a8e2-87e7a23e4725,292b019f-42cd-44e5-a3f8-cefdbd7437d8,c247b149-2001-4f94-ac8e-2cc50e1b3516,2
ec615dcc-c1ec-42a4-9100-44b1416a4281,634a6676-e6ec-4dc8-983e-58839a83ee29,b3434645-da30-4851-9c50-5e11dbd79728,218
56835edc-c430-451c-af0c-b46dddb0ae7a,3ec4a9dc-25e6-4510-9a1e-9272cfdf5421,b0365549-ec07-4060-aed6-be6f27a4ff64,7
f569aaa2-02e6-4f32-ae25-e608b0c28a7c,d3e6ee86-42b1-4887-b132-7cf55dea90f7,5eeb338c-58f4-4082-9f8b-5e5c6be3e9d5,1
79bed119-9cbc-4fea-8954-d841a3a50a01,471d778f-674a-4e64-abe0-7d25f18ec7e1,6a977762-6b0c-47eb-a08c-918989eaa6a9,51
d61ef6bd-868e-4e2e-8954-7e33a59572a7,304670f7-67ee-40c3-aae4-18ace9e3589d,60867ead-4cf3-4d2c-bffd-ccf64be77dc4,11
0b9c5533-b932-45bd-a397-2ee56d2ccf81,18f3c5c4-8df8-4524-8648-50f50cabf04e,34402f1d-9a42-4381-90b5-28e7615bff68,434
b1c0c64e-3ac3-4f1a-ae3c-e9dcd2af56b5,72bda9aa-3058-4e59-917b-2ed4567cdfdf,e955edf7-f134-434a-94fe-53dd3b31052e,3
6f4def15-2f4d-4984-bd3a-f1fa54da6ad1,f42c80fe-e964-4789-b4e0-5721c6e70f9a,b06060bc-15dd-4392-ba72-793c6540a2f0,469
1b617d28-1fb7-483e-8575-e66892624bd0,b0f062be-bbb2-40d4-ab18-8d044b0b74cb,0ff9ad30-2487-4560-870e-e61909d03a4d,1
d320af53-cf3f-44c4-8c13-eabca26b82a3,b6339fe3-7f78-47e2-9083-9b175831d960,f44b4788-6a56-4410-b320-7b5d8d64f2d8,185
919ebdea-093f-46ff-8032-622c2d2737c9,20016384-6f9a-4304-904c-77405ddfbfde,38fa6464-e8a1-4a0e-9bc3-50de7ee72dd3,8
9c9068a1-0938-490a-8300-f406ad2714b0,3c574376-3dd6-4d86-b9a0-80b05a07af7c,494e1387-8e65-40d7-a73c-a5ddc342fe1b,111
854fbf79-345e-44a6-ab3b-825c5b128d27,8da86748-36ef-43eb-b0a9-cf758c490c22,3b6e7b56-efbf-4f0f-a646-9230ff9e113f,220
7cab552b-a0ac-4d88-a174-4054cc1d3ebd,c2ee82c3-2714-471e-a076-ada6667190ea,2e3d60d6-f306-41e1-be0b-83ff48a8f3e1,2
76b3ee94-9762-44b8-adf9-244002784810,f6d85ede-5214-4ab6-8cd2-a18d03d0ae84,529bcb6b-6ee5-4417-8cd7-ba87f4084aee,196
16ce9310-9efa-4872-b3f9-b5db2fcda5e2,4a8b5082-e48b-4d2d-a505-e83f97f8828e,49080f33-26e0-408a-b24b-0afda54b8453,3
e9b45af1-b20a-4614-9307-22fbdd8a22c6,23736cf8-6365-454a-b1fe-d0eaeb15a965,b36f12f3-cc38-46c4-89f7-1b325d79bb6b,46
5b35e98e-9b12-4883-b973-676bcf163f62,e9e886b8-3c62-4014-a56b-af0bf9bf68c5,04f04fec-ad3f-45e3-bf19-6ebeead81d92,23
8e791210-862f-4a18-bb5f-af0b1f3ecb69,7c99d7be-20e7-44df-a1bc-f825bdbb2a7e,a1376bea-2fcd-462f-93ba-14bef3bb7a85,168
e31ec11c-07af-4018-8d3b-5d991bd95a78,1a42fd9f-a51d-4534-b7d0-9a17e519cabc,3c93a937-384a-4865-8b93-cedcb67673c1,166
f17cc94e-579c-4ef8-bdcf-7e7dbdddfe20,7db2b7bc-d924-4864-9c45-cf7762e72b91,0dce412f-2372-4648-94b7-c2d2080915e6,38
616649e4-b152-4621-85d1-9ea75a9e7063,1f6529e4-8123-4d36-829c-d446180201c1,f2d5c6a3-e38c-4095-9964-21f877f7bbdf,171
225b4b2e-1799-4f74-b6f8-909f33f22974,edfd85d1-71b9-45b7-927a-18aeb6599281,a2b91301-9b8a-4547-b78f-2b50e3a3da0b,89
f353cb06-c183-49a7-a2fc-6757ad858788,99e6ee9d-cc27-43d9-a0b3-097ca2dc4c0d,21d34180-61a8-41f3-8793-6de549c3708e,145
8bded501-3f09-49c3-ac20-08c74df32f48,a36bebea-6a68-47b2-ae58-004fbacbfef6,340cac47-81ea-4257-bf05-865785aca04a,9
842a519e-8647-43d8-ac91-937fb15ba7fd,d9861923-f079-444d-b45d-2fc66d70bed4,76c87c66-10da-405b-9e24-637af0d137c9,9
4495c659-9c36-4bc2-92bf-8a96a258a338,13d9e213-e331-4618-9f99-8faaad7fb57d,d10025d0-e8c4-443d-b1af-a16d9d057f8a,15
ab08ceaa-624e-4dde-a4f6-5e4873f67c6c,2cfd0c3b-4f0d-476e-9c62-61909d92355a,d3830fa2-ce60-4a20-8cf0-d4f3255e7d3d,178
07e51ea0-5aab-48d3-9b69-da4459ccfbc1,1b726636-2288-4557-a221-9d8bfb718b0c,8b024429-8cc5-44f5-b042-593308f04f99,4
42b44e1d-e5d9-4b75-abc4-7047635b7757,ea70eda1-472a-4686-9f9b-ebb3e13d7c50,4a73c918-5ab7-4bcd-b2a9-8953fd942ed9,27
ca5c5e24-899d-4df2-8d9c-0fd57e2a542d,b2e1d0c3-6372-40b2-80ca-a9c98c51ee2e,e64d5394-6649-4d76-a057-b524129ec462,244
f06ce485-0818-498b-bc54-4a5f90b52779,3e359054-3f47-41ac-ab7f-00d186c04c3d,3e49c73f-acb2-4e27-8fc3-e4006907a402,2
ca149e72-b37d-4c87-96a5-a7ef1b2610d5,43b45b30-e93d-418e-a951-b6fe97f3f5d7,4d56afe9-baab-4a80-b46f-ac8924ca6c8b,2
4e7555b1-bbc0-47e5-b5da-0d58b8997b01,083ce24e-c3d8-4962-9505-fe22c03b4103,dcf727db-53df-4b2b-a18a-06a747e159c2,8
957d5b32-fe39-490a-bc80-20bfef4b4d96,e4ad647b-e938-45bc-95ea-43d2987ae1f0,d6d3ac27-f87a-4e9b-9d84-c0d1aa385b0b,4
b409e4cb-53fd-416c-a5c9-f5807d09d9b2,13c6a372-d936-4f85-a2c3-0dbbad763455,7c4f6406-6f57-4237-bafc-07fcf4b84dfd,21
d33e5e23-1d4f-4405-bade-d8812cc16689,c4361fac-7389-4400-b0db-046f774e3891,5f172df0-81ad-469c-99cc-e2da8fbd4f53,169
f6bfe9ff-97c4-48b5-871e-0235f3d2bd35,3da6a6a3-8c40-4f7a-a2ee-cf70d469bd9b,a258a932-8136-410e-8965-76797e91f245,3
8f096ea2-094f-4863-9ac2-2b18d39250af,7d0981f2-a946-4b1e-83fd-f9fe178761d8,02d2e5af-839d-4b15-9b65-27f4e006dbae,12
230d405a-d056-4df8-b1e7-45c5359ab65d,ebb126d4-2902-408a-aff3-34a21c4f2109,9ad23c0b-93dd-47f5-abdd-a58f16969566,44
732cf7e5-d93c-40e6-85e4-26b4e9959957,589363ad-8ddd-4cc2-8a2c-9d5025acc27c,c7d725d8-491a-4cf1-8156-114c9298b77c,37
91ad04e9-0a28-4d4d-8446-6917f22bf575,58f22ca8-691b-4c3f-9c5c-0a83c423d097,539b4c64-472d-45df-b2ec-0bb10f20a816,41
b578ba0b-6346-448d-ba9e-655888fda429,53c3d93d-edec-4f53-bf12-99e6e22b1487,0ae9b388-0646-4cb9-ab10-a78fe03d3743,46
78fba84f-daab-4b66-aae7-8fe03fce3c95,5408c3dd-0400-4d1f-b41b-126eb082ecdb,a7db3415-8778-42e6-adb5-60929db57e10,9
be15bfcc-71fc-484d-98cf-628a2e4b9a51,d4c7f5a0-10fd-446b-9222-b8ca1e0bbf0c,1c617b45-357c-4d49-9a0e-e0879104613c,39
8560240f-39d0-42cf-9884-fed4de39f04c,0e2fc13c-248c-4696-b4d7-d9d5da483747,dc89f01f-defd-4697-9516-630ee29399f2,2
71f91ebe-1a66-48da-b9d1-f606c42d571c,e3a404f3-cd98-49f2-b5b8-e80e0daa2db5,129b8a8f-ff65-4a24-ad2c-9027b93c455e,123
a0360984-c3be-427f-a209-481648dbb816,f6a47e3b-d841-4152-b6c3-48d1645a5501,e165d628-63dc-4436-8dd8-bbaae88292b3,27
1f21f315-cf1a-4e48-a4f6-2b9ac5754eee,299e4486-041a-463e-a9d7-9892a5f0cc6c,e3a21d1d-6fcc-40bd-b8cc-4477ca01dfb5,30
2e138caf-83c6-4da3-a31c-d170b91c6823,a1228e50-a4f7-4305-8f52-97d26db2b486,dad214cf-8b71-4196-881e-74c5af77e065,30
095c5869-e7b7-40b3-ac6b-0302f2fef54d,3dd539d5-d95d-4a08-9d5a-2a4b34c476e9,3e97a7a0-53a5-45c7-8b11-3435303fc7c9,1
bb764093-59c3-4047-8f6c-225fd09e87ed,f96db485-7542-4c39-a7c7-7616f6acbe38,86219d9f-8361-43e9-a1f6-936999d21262,27
123532d1-37aa-4180-ab98-b2327889b012,5aed1b43-e08e-4864-a5ce-87f52cba24d7,b138fa6f-819c-49d6-8d0f-4757e88af214,1
29e2da14-e6f8-4df7-882f-e02437add430,b821e3cc-d38f-4d34-a9c1-bd56c19e446c,97355678-9c27-4416-92a3-dfb2eb51ed98,25
f07bdf6d-59c4-4867-89eb-54618338b654,c58f8c53-3325-4c6e-b007-883ae323394c,6efd78b0-6d03-4821-b009-6cecc73994fe,1
f3d6fd5e-246c-433b-adba-f0eb5d5f665d,bf6b98ad-f2f4-486b-a643-38a6885879ea,e0dead1d-38fb-431d-9e24-212bd763b481,113
cbbc5c0e-5013-40b9-a2eb-eee68aad2b19,dd2560bf-9d13-4d7f-9182-ab6e6f6fc7c3,427577d1-1a93-4cd8-ab4a-453ab801fb37,38
861e33cb-4f4f-4c59-b518-7e23704a4edc,24304f60-8223-43b2-94f9-b1bfab318e55,d66db460-775b-4198-806e-b35d9b1cb62e,6
ae085a38-1af8-449e-8dfa-172d3f3b91b6,187082ff-d026-4291-b601-3799541c67c2,aaec49da-eae4-492f-ba4c-1e6f31290d32,12
508d2c49-c689-47b7-a12c-2ba762395335,a2c8e0ea-6ee4-4b57-9788-0508964c765c,04828078-eced-463e-896a-d23bb3b7b0b0,50
7e8e4301-ae41-4a39-b235-26eb00e46b96,b6e1f5e4-ecf3-4e4c-bc7e-8874693ad4cc,019c2507-8a90-4288-b648-923e78a39d60,17
85ee9fdb-0f4a-4671-a09c-855e514646d2,2057822c-2322-4098-9aea-fb5ccd65d625,4c3ef11e-f241-4bb5-b117-86f2aba69a7d,89
5a3cd34e-bbcb-463f-bc46-0977d0c6762a,9ac321bd-2f6a-49ce-a327-5228e751ae2e,3e94c0d6-41c2-46c1-88b1-b9b393e6f484,174
be4c4986-c315-42b7-9d6b-c106c76489a6,5790bd63-47b0-494c-9f6f-53ee0db1fc06,dfa62319-fad1-464a-a80f-ec780670f913,9
0f3e06dc-b328-4b7c-9e5c-df90b0dfc6e8,89cf12ac-7416-47c9-9c16-92460a7b524a,1c268783-2e14-4b89-ae23-f4f15d18825e,81
67bb94e7-767d-4452-bd38-4127f4806289,1943a78e-b23e-4c12-ab18-6e45e81c5378,f790a4b1-64c0-413e-b991-864fa329ae07,45
165b8047-fe1e-4351-a5a0-89e25b2e248c,22de14b4-8527-48f8-8a66-02ee13f2a966,8565fd57-bf75-4b3b-81ce-79082b635d4b,27
681593c3-4a54-47b2-9a0f-43bd8b47f211,ef477341-be17-42f3-b811-6daff37bf24a,9edfd529-1fbf-4db9-b3d1-c0132a7d20b4,14
4ad8f377-229d-4a77-90fa-4043733191be,96c9112c-10d6-4dfa-b238-0d5aa60f76be,e180b7b3-924a-4115-b114-f861647cdfea,45
f728ea34-58b5-48ae-9d9f-ca9199dac738,c63b7945-89ea-4f7b-9079-39e61d56e51a,db9efd41-2e14-479a-aeb3-6c0eb3080ab8,239
be72bf50-a102-4d11-a073-b39ddffd3153,ced96ad5-35ed-463a-9e46-daae20316050,c63d7db4-5a82-4c82-a0e0-9e2636030a14,21
4a688e80-7eed-484e-9043-338be0610273,bd27decb-1452-4c4c-bcc8-e74b1744c2ed,ad9922fe-aa1f-4895-89c4-e8c5e0470283,67
59594c97-3592-4653-82fc-c176a61f4acf,70ddd26e-d1c7-4690-9534-f14f13cae9a7,d9ecb3d1-7cf6-4628-8dd9-4fe7724c88f8,207
c71a4fc0-38aa-4772-a428-1f9041becc13,de977257-b7b3-4bef-a73a-69ff258d1e04,51cffa2d-6dae-44df-b5ad-cd9f6f8447d8,16
5e97b77b-c9e6-4d74-8816-bebf767326b6,168ad496-e9e1-496e-a226-927bdd58de07,f4c4d81a-6bf5-4c6a-91a6-ff09e0aa4db5,25
e38cf663-9ab8-45de-af57-f39f05dd770f,aab8c9e2-406a-494f-adac-9c17cdfc6b55,730077cf-604b-4896-976a-8614ba613a9d,16
a62cf140-8f88-4539-87ef-a9e4bd7d6042,9fba6434-fd09-4f48-9477-32986b6e913a,0efa6991-56d4-4bc8-ba4b-7efcdd5508b8,3
1e874a42-efa4-4c4d-b966-d19820faef1f,dea21641-5e57-4dcd-88c9-fdd44222696e,30dc93ce-354c-4edc-b493-ab81503949d0,175
90f7e1aa-b778-40ef-85e2-c6e0821a021c,54a6a1d0-3013-4219-a077-c21ec09fd5e6,6477de25-1e71-4646-9258-605cea0c4262,33
2c355c6c-f98e-49f5-bfea-81b6e9a8dca2,463a3d61-3fdc-4461-9131-8fe82b7821e9,5d2426d3-89fa-4b5e-aff7-2cbfe04fd4c0,1
14568de7-1f72-4a26-be07-8a33e7fe3083,651a54a7-3ec6-453c-9c19-b73e4d806090,ef337cdf-abbd-4520-9e5b-f2db521d2269,32
07435b6d-017c-441d-821b-fa4034df4aef,be6a76b4-7911-495f-8286-37771749df0d,5c83ce6b-dfbf-4c35-80fe-c15ee6929aba,4
848d5dab-b2fe-4b49-bd7d-8eb6aa0d3557,a8d5052b-e27e-44e2-9e1a-8e611131d695,266d0e5a-d369-41a3-b8d7-79417aaaa761,55
cf807178-70f2-47c3-95e8-894c8731c7f0,fb8147a8-3067-4a51-a53b-241d1a486f07,4a73c918-5ab7-4bcd-b2a9-8953fd942ed9,5
d2e92148-aa15-4d0b-9d0b-1dd57d826144,dd4f99f1-8647-4afd-985b-3c8a7b0c7c36,8c3b1f75-df2d-45a3-ac91-927f46a71c64,9
f1433e3f-2eb4-4e46-a933-6a14d9732b3f,e57948a9-ce98-44e2-be94-2a21f1c8b486,4662cec1-c7eb-41f2-9ff9-fd936d3458c7,6
fc2450d3-5d06-4428-a2ed-945cf0e0257a,7814121a-c922-47a5-a1a5-211e26c99cf6,a98fe08c-2bc5-46b1-ac26-7ee4769adb25,5
cdc61cd3-3a15-4811-9ddc-c3336db8ece5,2460fbb8-fbc0-4617-af30-73a50f098c68,1db0430f-8135-4f79-8209-5dbb2026a5e4,184
1e0d01f7-944a-441e-99ae-dd3becdf9c20,04006ea6-0352-412c-8058-d8ebefbb3acc,b0a733f2-93b5-43aa-88b4-0fd0a2ceb76f,9
29779c17-36a7-4ddd-aab0-cfe7965b9c51,7cd78c6a-af03-4cfe-98b1-96e2da8d6f36,a822b74d-4a7b-42b3-b4a9-6cfdc811e49e,1
d7014cb0-8974-4eee-8ea0-44c8e27e829f,eb5497bd-5b90-449a-8046-74f9a6b17b15,470b6b01-4f1c-43df-8aaf-aef54c2b9486,30
8426414b-60e4-4541-b7a1-ad3351474d6e,4df8b441-4d18-4f44-8a7b-4c0880da215e,a7873e29-f786-4c38-b0ad-338e6abc8229,46
595375a3-37b7-447e-88fe-d29fa57481a2,c3d24fb8-7c11-4fba-a8db-1c087c2d20ee,d50f6ad7-142a-47fd-af55-addfd609b49b,385
70f2631c-2582-402b-b925-a5ed1eb77685,e2ec50a1-e136-4150-9ac1-4e848315ca41,81fde144-2291-420a-8ef0-a71464d4e39e,2
0b5ac1c7-1a94-4da9-8779-358e00186a22,9d9172b1-b96c-414a-bef6-491db340089b,f6da013e-52b7-4ec6-87b6-9a2ccb994e28,3
004b9958-5e26-4af6-926d-f727b322e355,92d635d9-d35a-48b0-83ca-04ca44227dc2,fc8b8498-16ad-4b0c-a87b-fcd2a7cbe4d8,19
534bf79f-eb1b-4e07-994c-f7ba6e26739a,3080e6ab-77cb-41eb-8e69-024ca61c4403,ee1d07c4-4c5a-4cb7-a67e-1abe228fe321,289
201a48ae-e64a-427c-9fe8-543953d9afaf,8f1bce71-6757-4bed-85ce-eb7877c0eb99,85637e02-3693-40e0-b902-1e19924893ee,483
03fb1394-d554-48b6-8092-bccf343ebe9e,a5584861-6d8b-4c5f-a149-f879783348fc,6eada0e0-6fd8-401e-bf91-6fc4182d1a35,4
3852345e-02ef-4db6-ae09-353a72ddf505,5aa71c56-4053-4f8d-bbc5-47d11d404b6d,abedbfb4-c5df-4b12-960a-207d11cb4ef0,31
4a0b2e11-5556-4440-895f-a3b6668127b0,0a9f1a09-090e-4528-8f19-6692ebbc538e,5830e218-20da-4e60-9c15-9330728b12df,7
1fadba3b-7742-419d-a690-0d59406341e5,22cdaa25-e6d7-41dc-88c8-52d4cbab3272,b8dd0d95-de77-40bd-892a-62832ea28410,13
9d84548e-a807-42b3-a9b9-6f11a304e12c,da460e89-bdeb-4981-8f75-c5d418a9a010,4ea76314-a886-400a-8227-a2795a699536,20
5be7ee33-cd4e-4b86-adb6-29ff91607e48,ad88448b-1f23-4235-b62c-d4bb14f108a9,a061cc84-fd1f-45c2-96e7-85d6e7c98dcb,5
3106deeb-280f-4433-80d9-69d2c0cfa8aa,7c281710-f6ad-48f7-af6a-4c5261fb0ae6,63477aa4-d0d0-46b2-b0c2-4d2ddfe4097d,176
bd946635-6544-458e-be36-d1ed3cca0dbf,942bbe74-0f88-4cd4-a143-92da07a4aea8,410941d2-3d16-4efe-b448-206a4fe34e08,42
48a2f962-2a09-4882-910c-8b79d43993be,d5453a0d-6f36-4d57-aaab-1c58be703776,d8e8d4b2-a341-4405-8c72-a89099aa2ad3,285
229bd104-61ca-40d9-9902-44a4df61b468,510f3f3c-feb5-4041-9d8a-4456a292b8f4,6ffa4eb4-0419-451b-9671-badd07b80ee1,67
25c5f0b6-21fc-4c3b-a7ca-8900841a3f70,a58fa46a-e936-42d0-913f-cc669a4568c4,592bb700-1ed9-4da0-81b5-6c9bf3a35729,3
971d9063-a52b-430b-9bf0-fd85524abfd1,ed6290cc-df37-418c-af0d-0c0b1dec9bc5,f6a5fab7-9dd7-4cb1-8a9e-ec3662318931,2
d59175fc-0241-4c5a-b120-02448a7583fb,5808e586-432e-40de-a6cb-2bb1ea126e7a,d239ac80-a7bc-4139-b8f7-fd1edd34bc6c,3
bf1bb17c-e778-4fd4-a3c6-971d0761f7db,a7256986-49ea-4a79-b938-d062cf4e6be3,d7bb55bd-5562-48e3-b425-0bcbaf9e036e,5
cd3b5828-302c-49e4-8add-ae1dc6799484,6e807bbe-995e-44ad-b4f8-c06fb49e1ec5,f2bb7004-e383-4ed2-9f09-a3dd4d164033,6
b4cd6248-3e19-4da1-885c-847c52dffbcc,c113bd81-52bf-4f47-98a9-e2b2db114ff9,968adfb9-9897-4f9d-ad1e-12a11a955993,44
221cd381-fe94-48bb-8b70-1eb25016c2a1,3a77c65a-d404-4855-9f37-2a688c47d663,022ad140-d88b-42f7-aa5b-bf2ea061ea31,208
00eaf6a4-b04a-46d5-8eae-d8c352ccda16,42241da9-712a-4361-aaaf-ee62f5333207,b9d87053-f14f-4621-b818-3dc6204a8a53,13
83490d7f-e366-4012-8b02-5567e6e552f4,509ee636-c283-4463-b325-7e557890cdc1,95765f71-70fe-44a8-9b25-5297b43708b4,2
3580cb19-77f4-4696-8108-51c00bcd0e07,6debd6ae-c700-4e88-97ca-47612a70e1ea,899fa094-554f-44af-930c-6ef947862d8d,12
757e4a69-79d4-4b02-9ea8-e08fa713114f,aeaa3af5-b5a7-45b6-ae1d-cbe776381712,cb69912d-00a7-4235-af53-f518a5e6597e,37
22f911c3-0d20-4d5b-87a3-505780ec9c2c,35d813fd-0de1-4935-abf0-a2b7beb33790,9700f4c4-0463-4919-af91-f8c7152583f5,160
aed6ebd6-07c1-4e6e-b01f-b8c25d4ba5c4,158db175-4391-471e-8125-6503ed393851,76cc9627-3362-429f-94d6-d2a692f20586,81
cf88470a-79a1-4606-a197-1ca2be5af5ed,156313c3-d73a-41c2-a8cc-306fa712d3d7,2428f5f5-3453-4232-93cb-a313561e505b,183
4e21e9a3-719d-406a-bd98-d52fb248b03c,0212d711-d60c-4fab-875d-c41baedde959,f7fc9d30-e5fd-464b-b525-93cdbe4d13a3,43
5351da54-e96c-4f99-9f05-2f2e4f8480cd,95e0b34c-fe5b-41ab-b3a9-32b567378f4b,ddca87e0-170e-47b5-b1f8-62445cdef65e,30
cffe2603-22eb-42c4-9cb9-60415695f08d,5d59d780-2c43-4724-9b5d-5f8e764f92ef,64661da7-25a0-4609-91de-1473713e2fac,141
a75a9e21-9a7c-4a8a-9afc-3c6ebaa471b2,69500018-a7be-4cfb-8940-d53693696a2b,648b7e82-f79c-414d-a098-721594a1288c,1
3939fc27-c033-4c1e-b292-0c7a6fd6bdd6,e23bc383-1dca-4091-9636-f4c0d6c26733,32521fbb-6ea6-446a-9a8d-47c92739b95c,372
61ae875d-c0d2-49fe-9d67-b1815fa15cdd,b4526384-7ecc-4dba-be06-59bad2f14274,6468a9b1-e5ab-47b8-bab5-73a457fad63c,42
6b58db60-3637-44ab-a24e-109768d08019,9086a0dd-1e59-4994-898a-b09ec185061c,6ed155e8-2dcd-4e34-abd9-295cf5d323dc,26
dcf6db18-b6b9-4b70-bad9-d7fad74c23d1,8eff8a6a-f6aa-4e51-b145-8672461daacf,10b48caf-fb77-4fcc-9f2a-d0e2a8f84362,96
d824a1f9-76f9-4278-a5f2-77c070a0e129,83354244-fa56-4ff9-9293-3f7a8ecdcb89,b3ed8232-d6af-4b60-9bdf-6d4782cf5420,50
e8e7447b-3944-4746-a035-15efa4152a58,be36c314-1862-45cb-8e46-76a2ebc0af35,9ec1d6c8-ae1a-4fe8-a188-6017f22d15cc,39
dbc86ec5-b77d-4ba1-95f8-1bf137616a33,0361d5b8-11de-40a1-932a-77c0290d4355,667fe17f-671c-42b7-9fa4-3c7fa0a4244a,37
20727548-7eec-405c-af4e-54144597b4c0,ae74d90a-2e22-4a23-a56b-f105c05a1a87,dfa62319-fad1-464a-a80f-ec780670f913,173
eef4250c-5953-48b4-908a-fc26d1540b4f,64b43829-6adc-4673-badf-9b619d0fac25,f0c378a9-c379-461a-a3da-b670c31664e7,37
e9ec85ea-8fe9-4861-8ec8-f22ed20a01ce,38c26336-5f87-442c-baa5-abe836811d2b,1b3e3627-eb71-4e61-b606-2ca0905cefbd,38
d5adbf09-fb93-4fc4-a414-b69180e855a5,bf53ebb2-05c3-4a77-a84a-4373b3e06d1b,f338285b-fdf4-4a15-a900-2968c1c0f49b,33
5828651c-7985-4bdf-8220-057dbe876a35,1cd3f005-728e-4bee-a319-d1c4d7d879ab,f3c7b260-6118-4c2c-a272-471310849a93,1
901ab1d8-8f9c-4963-83be-036ff4c37dbb,5369e1d9-9651-4bc4-8a10-79c99b68df96,2129fae5-8ee2-4877-818f-17e7c22667b2,4
77084b2b-f1e4-4263-b2ab-1d3977d30b01,a87b532c-3f2d-4688-8210-afa6ccf5f834,558133af-a183-40f5-a7f3-c5e388f6e2e9,5
6d3e1471-66a1-4be0-85e8-67227f226f37,a383a520-d4ff-41d9-b4db-a7af43a212a9,350e0f6d-d0f5-4bbc-b491-7687da9d1ed7,38
0ddd2335-dd7b-46ac-bfb5-205d13d42a52,17a9847e-bdae-4a02-8170-8f3eb8b0a71f,4cd1413e-6da9-465a-8a85-6324c04e9069,3
44a3fb47-97a8-400b-8bee-fe4876708bf4,2fdeb025-4444-4d5a-8942-9df605070096,aa54245c-5a12-4071-9a99-5fa70f046e5a,195
18320212-1295-456e-bf7c-db9c72edab18,a1ee750e-fcf6-4450-971b-1f86fb7e1931,399d3fbb-00b3-443e-8596-fa06fe4669ae,152
a1bd52b9-4f40-4923-9fc5-5b6712e90154,0aa35ba3-3205-427f-bc4f-ea9cb5c4fc91,34402f1d-9a42-4381-90b5-28e7615bff68,123
d94d114d-6711-43d3-ab86-153c0e6f91dc,44b88e67-9007-4dcd-8ea9-00c5fcdc7f53,4316584c-e015-4443-9ea4-23429516d73d,162
3ef456ef-9f95-4c49-bf69-7595033fc28c,83322b78-0c0e-4334-930f-fd9b9e96de15,3fa834a5-6fca-49a9-a725-34a0d5b9b47a,11
38e68d45-e789-4aac-be9c-e4bcc24bb067,d31958cd-eade-4fea-8e90-9bfc9f2bf62a,e7c776d7-ea89-4534-808b-4b01b8416d92,20
a4c8be99-f906-4a28-a744-cf335b7d177f,2506942c-ba9e-4c81-85d0-fb3c8435b168,6c37f958-70fb-42b4-8d69-c352829b2504,255
5c6f2752-f52d-4803-96d4-29d368c5184f,8b4dd5f4-bb3b-4676-8106-67fc0c5eceff,741ac976-02f8-4104-a69f-517fab33b6e8,38
32b97cdb-08e6-441c-9b9d-f715fe0704cd,0d615c35-34fe-418b-9a64-489e91e598c1,03d3543e-2753-47a3-a813-64b37299f5f7,3
a084e831-1d6e-4492-99bf-d498e9d97053,39b3baae-c780-44b4-a87a-94498838f394,c764a3dd-b5e5-4bce-beae-5287fbb8890f,50
f6b1e97f-10c4-4cd0-8373-475fd4e2512d,07046b9e-1aa9-425d-a4a6-f8364742050b,3e3cf347-f141-4a6e-aab9-9a53c4975373,21
74611c73-03a3-4d9d-aebc-b1b4af252d7e,ae3d35bb-ab57-4bec-9373-46c67e4e2584,e24e2d65-bfcc-48f0-ba65-f05ef53e21f7,191
7e498dfe-8462-4baf-b507-0dc431a91f36,203acac9-179d-4953-baeb-e3926cecd1d7,0aafb89f-2d70-446b-8f17-d3c6f932df8e,14
aec7262a-258b-45b6-a35b-11208ffeacc3,4df8b441-4d18-4f44-8a7b-4c0880da215e,c6d53c4a-a7fa-4e7c-8e45-05723cdec6b1,46
fd6b5573-8b32-479e-b5b0-2f01605cbf75,1ec51941-e8a3-44ad-9526-e802181f68a3,67179cb2-fdf0-47b0-92e1-7f51f8f846ec,4
52d72572-79f0-4a87-bede-8e7d492b5662,2d68ac09-fce5-492c-bb62-9d329efcf646,b766cc09-1d2f-462d-9fee-caf10fd88ed3,5
eca443e4-f341-4c3d-b2a4-3619f3ee07ff,2c4db0d4-a680-4e4f-aea2-7d6ed5d77fb7,b4bf3ac0-fe76-48fa-a73e-2c574fe1cc12,21
d2947d43-6977-4781-8219-919628ea8336,a03e0ef8-d20d-48f6-9145-ac969d91b61c,028a0e98-fdb7-40b8-b7e4-b587a2598b44,1
9b9393e8-3a7c-46a4-b4ee-2dbbe6228b2b,6d07275e-de13-446f-ac7a-965ec471fdc3,b583bb4a-dd0c-4326-82cf-e1ff7f97e291,3
f2fcd913-37e6-4a4f-957b-6f43e0798c98,4c26ddcc-b14c-4634-99c7-5dbed64f5db5,3a516783-ea3f-4def-b987-4c3f0f850052,12
6f90c6a3-0645-4419-9490-f0318934c391,84f427ee-29f7-4f42-83ab-b870d3bccdf3,837155f3-5e00-40e4-b355-42d7bd267c7e,7
bd9cc48d-31d2-403b-a9f1-ce77b88be668,4d355a51-93dd-4304-a862-4c046a961426,cc4023cf-0ef8-4922-aa80-2f7fe0d3028e,5
0e0c01a4-c7c0-4369-a33f-7bc90bc10651,dc8754a3-8783-4752-a02a-07b03f438d33,397e5ffa-6ea4-4a86-afeb-df0d36708ea2,12
b5cdeae2-8851-4f18-934d-8b652880b22a,7bbc84a4-0bcf-45c5-a7af-7abc7ebf9ad5,d39cf33f-40d2-4f45-9f9f-e9dc766f114e,3
3df68d87-62e4-4445-906f-d27de35bc76f,76e6e754-aa7b-49f4-a32a-4de606045df7,b138fa6f-819c-49d6-8d0f-4757e88af214,41
fae56ac2-0e5a-4806-ad85-8545fa48c630,80a39253-e8c9-4ee4-b1c7-5d64f2befd19,6ec7670e-882a-4398-8f7e-2daa69ff9aca,23
2ad6a89e-9662-4188-90a3-60393758dd3a,15407add-2a12-40d3-88b3-160a5ebc1d15,878bad90-4583-4d48-a895-07afa9c565c7,130
58a6d8ae-995e-4f25-9ba2-796c2e470313,e84ad42a-8ee4-4790-aa38-9b8e63f9e18f,18cac0a7-877a-47e2-bfbf-e07e6850775f,30
1c6448d9-0ac8-4506-b46a-670b1be1d14e,d19fe85e-b36d-4503-b7b6-51dbfab3fbf3,f40b1401-c030-45b7-a026-e2b8cd99cbe0,38
b19669f9-7c61-44f0-af46-1776fd6457d7,72e11cfe-4b32-4c7c-adb5-f03f1b95a723,0e7c74c1-7017-4fd1-a4dc-28e6a3209f0e,235
0e79d2b1-a77b-49e7-be69-327a3530e6fe,f3c4eb50-f908-4405-bc36-47fa6ba60217,70f00ffc-6de1-4293-9514-bc32be7f2121,73
cc6e9584-7bd6-46cc-9f02-0e279167f718,a83b9932-610f-45f1-a9b6-0f71cf18105e,ef493491-46f2-44af-be0f-da228d347dc9,4
8d6fe4ae-9e7e-485b-8d3d-62587297b326,a96430de-c8f2-41f0-aeaf-ed58be625efa,34492273-3e0a-48dc-a73f-7732c29582c9,1
43416255-6d07-4d53-8608-051cab79a93a,9acb3b1c-7db4-454d-93aa-c6a8d6d94a3a,d6bb4281-f074-408a-bb3e-fd553f7685fc,27
944395c9-1161-46e6-a6fa-2cdc552b0136,1321e9f3-ef79-4350-91eb-e765eb5aa53a,784f16f8-ef1f-435e-b135-06391b4cfdcb,473
1dccca50-cb8f-49fa-b888-793a2c08f538,955cfb8b-ae89-4d94-bdc8-81b92b997cf3,11547d6e-683e-4130-b268-7098c8ad3e38,2
d091b5d4-ecef-499c-98b6-9e3e48fe0186,a1c38ff3-d208-4b94-876f-fb5e372d8fde,70190917-bcd4-4fef-8229-a8fbf2295d3b,20
ecc54032-186b-4078-98cf-b1fd8ea1e529,b4b4a025-857f-4451-ad01-87dc817e517f,5a9f8a82-52cb-4207-a933-10073db831e6,42
8ef46653-3aff-411c-8945-16ab739b8804,3664cfb7-9b40-408b-af7c-31e81bc4973e,0adb00cd-367a-47ad-aae9-12e333f4013d,100
ac0014a9-0f58-4453-9b44-f4e06fb8d3fc,b8518550-ad92-4d7a-b871-3a0df86a0654,0b6096ef-6c76-40e2-affb-a500dd1e9dc3,8
57ef57ed-000e-4ef0-9a97-ccc9048464df,b681d554-477e-45bd-9a0c-2c2bef1a985d,50c6be7e-a32f-4f15-989c-0fee087e80af,4
19ea907c-f811-4aff-9576-72a212161563,5d9b7735-1bc2-4be5-a1e4-1d41ebabbbff,5bd04367-5432-4ac2-81bd-322fb7ed6620,5
429078bb-43fe-4d97-9f41-f5b5097660fb,1ea77310-024c-4b48-89ed-6a35c4d70e2d,158b49c3-6037-4ffa-a2ff-21f8d5d5b710,5
448bf61c-5ae0-4168-8112-710c78fa0c13,bdb4c442-4104-47f0-9c4d-849e6f33c640,0c6e15c7-d43b-4bae-aef8-66afa7131f52,46
f248fcdd-0613-4ba3-ab50-a1ef43ce21d0,11826307-4ef1-436c-8e6d-6ad68778b34e,0c03fdfa-9f2e-4d4b-af4d-a243581190c0,40
47a9f097-c01c-4e42-8159-8ef5c8b01b27,27adac7d-5917-4d22-876c-6ad4d98144f6,5e365e2a-7093-4731-9dd7-2345e557a522,43
ed2e6f41-83a6-42cd-a9ba-2d548a9d259e,9bd92af8-d815-4177-886a-c6491d193f35,8d1ddbac-2385-4bc5-892a-6ed4440d2e1e,1
b6fe3c65-9699-45eb-8dae-14d3aa8aec89,8554f91e-f366-4fce-92c4-97558647785c,138ab704-4e27-4241-8dfa-8babf81aace4,5
9c1d286a-16cd-4ca5-8985-4a854bcdbc33,3de3fa43-44fc-4e5c-a3bf-a7663af5a0b3,fbf172e7-610d-4917-a06b-f2420552088e,23
8a475b20-894b-4c63-ac51-5f7eda000f5c,ec4d459a-db6d-4754-a280-cbe4708a09af,70783466-0926-45d2-86aa-19dd8d9a3f7a,35
76ad837b-146f-44d6-b1c4-0d4221bf794d,61adf9e1-4cca-4961-8256-f8a32fe97e34,147e2c11-fb7d-46ef-8fac-15b02df8a16a,412
a7e12ff3-f297-448b-99d1-fe9462b0da4f,ad11d957-fc41-4085-b726-df4f7a77fb67,447fd601-68f6-4d5f-ab2a-d00646bca489,44
e9f370e0-efb2-4809-a926-92e3832e8e98,bc8bd506-5ce6-4185-a75e-23cbeed35ca6,bb9b684f-cce0-4640-9619-65508393b651,58
5af39453-ebb2-4a13-abe5-78b89fdc139d,97e97501-336b-4283-94f2-f14cd33c9d60,da825a62-0d73-4941-85c6-ecbbc4909bee,265
2873f695-3d4b-4a18-85db-8e1c1261b782,bb632755-18a9-4e59-9703-c0a4919d67b0,daafa332-9ad9-4fdc-86b2-7257b78037ce,32
c5cabcbb-ddf4-4a6f-9085-38f5be0cfa8d,c774e60b-c219-41d9-86f8-ddba40e2b068,792de7a0-16da-4e13-b792-8226388131d1,19
f20d4f1d-9bc0-4500-8964-a9e75c742be1,4ff1724b-b4e0-412c-87aa-9cacc4919ce8,58d015fb-eaca-4235-afe5-076d2d5f9db1,15
55923232-9b08-4066-ad0a-9a70275a9686,a7d39365-2796-4ce0-8257-7d439ee6fa32,1b7b81bc-602b-4cc6-b0c5-56f7df567d84,42
22c77bc0-bc4f-4477-a5db-34ac73e2220a,3ea4950f-3d70-4694-88bc-88118742ee66,97943a93-e97d-4e9d-ac94-3bd24aedcf85,41
89891786-7553-4b2e-82fd-ae1b7f445c76,651a54a7-3ec6-453c-9c19-b73e4d806090,04fe2359-3210-4a7b-aa7e-0b3f1500872a,174
502d29c8-9a75-40ab-8898-e596d6ee4cac,d19fe85e-b36d-4503-b7b6-51dbfab3fbf3,17e8577a-1d5e-4077-8a94-01ad641df198,10
c8af6d39-e9cc-4938-b3de-45d8daca3997,3664cfb7-9b40-408b-af7c-31e81bc4973e,2757801d-018e-4198-8dce-8569c3134473,32
a8e3c35c-cfb9-4e02-a814-5a1d2a032ea1,7703921f-3dc9-4ecb-8b81-62bb6bdc0dc5,a43da244-cba7-4d0f-a558-27575cb4984c,471
85c1fca2-2267-48f0-a5b8-fbd4283c5270,94828808-e35d-4427-9674-cfbf7087e2ec,d9729537-4d4d-4359-9fe1-1485eb5fef71,2
f43f2636-0c28-4537-bd51-f860186466a9,ee337c60-4e15-4d97-96b7-65594c6db1c1,d0235b7b-1b18-44fd-b0ae-371e731bbefc,1
7109b890-d53d-4f57-8969-a40615b463fb,61a1bb43-1579-4c03-a549-b249319644d1,7ad230bd-8c37-47d8-98c4-d95fd81dd306,21
6c72cc36-ecdf-46d3-8634-da8b95d8cd04,7ad829c5-5792-43c3-9cdc-3850595ac7f5,7bef749a-96d6-48de-8386-a85708beb64c,2
4b97385f-2cb9-45b4-af76-d46d4a2e7068,9e14f887-3c5b-4824-9ad3-b7b4c57e1318,6416d37a-d98b-4124-9f47-8450fa7e7799,316
a7c872ff-38ab-4319-9652-c9971cad67f2,35fd3fe6-1d83-4a47-8cfa-b835a13a16c7,fd00c541-0b89-48bd-bb05-2f0228c6c1ff,236
bf72f3d7-2027-411f-8433-41183da9957f,16317929-4610-48e8-82ef-4f20352d5120,5ab01272-3e22-4411-af04-324f317f4326,224
55e2ebca-771d-470a-9da0-6491ef13460d,c141aa51-eac6-44f3-bec2-a11d49451edb,88e4b9b9-2988-4546-b615-0e5861bb5b76,22
377f659a-9b0f-4def-971f-5f512254f308,57cf7353-13a7-47f3-b209-c6b9d9bc9646,3a3c6d51-1d7c-40d2-a11f-b0c6c43ecddf,33
ffbf2f83-cfeb-4c46-bf05-e3458bb5d97f,863372a1-83ac-47e8-bf99-a5a54ba3fe21,2428f5f5-3453-4232-93cb-a313561e505b,191
df4f7897-ab83-46a5-8212-18adf6435149,52252166-fe8b-4c68-9a05-cbec3a06ed18,04ddbe42-8aac-481a-93d6-5e90d9de3427,58
83d2eb18-b542-4b69-89f9-eb4ead45293d,ec3d06b5-5f65-4797-8092-21630c1ac118,db38e3ec-52d0-49c1-b1f9-159721e96c8a,166
86c28887-ba80-44f2-8b98-04558bd3ab17,99c301b3-d3cd-4b60-8def-ff689befa171,27a2d4ab-06bc-4e6e-a608-e662be242d5c,92
04e0d053-679b-42d2-bbad-72e87661c1e0,486d17fe-11b7-4570-a687-86952cff2421,88ebc1a3-cc63-4194-a5fc-af7a4a1d5bbc,5
54b024da-f0d3-45fa-9f5e-73ac74ca45b3,8b811672-35d0-412e-b578-febefcc360bf,62b87ed1-d913-46cf-abe6-1ab57c8b1084,4
f5ad9446-8083-482b-a6fe-31ebac6dc81f,36d85809-49f1-4d6c-94f3-274ec88e2c28,d18c564a-3173-42a9-8ae9-12dc03b56647,190
294ef2be-f4e9-476a-b164-fffc21dfa964,e2daf14e-6cf6-4205-bdca-a15241cebfc2,e3ece22a-696a-4ff0-ae9b-7a46cc2c4844,3
7f8fe9d0-b483-4470-baee-262d7df4c67c,be771273-1348-4383-aafd-45db10db8b8d,1c843e79-4240-432d-a51c-0d4207f9ed98,30
88e855f7-fac8-4dbe-9c03-4deaebe295bc,e86af483-8261-409b-a6fa-84e31d1dfb0b,fde5410d-8052-4337-934b-a5bf0b4c5b46,9
01e4119e-ade3-4e34-b110-5f3aea27386d,893ec12f-565c-481f-bea2-27621460651e,df177396-236d-4d2c-973f-cfdf0998ef43,23
3ddb585c-1a90-4934-8e95-a1860824ea96,c9d6c0ee-6fb6-46bd-b859-7b8e11104a6b,e2caf144-32a6-4952-a12f-3d28b1db2ad1,152
60c2f6a4-df45-4c9e-9ed6-ceaafbd45b06,5b8ea6ab-9024-4df7-a4ac-7376c6e19c81,5533b8ad-d0f2-44e1-8856-8261d0f9f220,13
663bb14f-3c7f-46c4-bd64-a073f29fbcf6,8c53bfdb-addf-482e-b835-55964bdcb41a,13c3c4e0-d51c-4c3c-adac-adc3c07d7e28,32
02f180c6-534f-4c76-8cd0-24a39c45ef7d,b04b8865-66bf-4753-9544-21d4621842ef,6435ba16-d8cc-4220-a052-94d7a4f80ccc,2
6d46ccb6-5de2-4731-beaf-75adf073f146,e777ad5a-7f4c-4a73-a62d-567fafe82403,211d12c2-4e00-4b89-aede-75e428402748,42
cf588566-e5d8-4621-b976-5b06d7dec5da,74b9897a-89b4-417d-913b-17dfb09ab8d2,20bdd9e6-26a5-4612-bb78-5b55bfb9fdee,97
6351f46f-2210-4c46-9aad-a8bf3db70e12,7b62c8af-7aaa-4c77-8b63-b73a7b322098,c1cf4b72-106e-4dd1-9adc-21f7fcc81930,266
5f2ff95e-898d-4c2b-bacd-b009c87fa83b,d63ed6ae-dd94-4ca6-874e-04f94db1afc5,7ff2ebb5-f0d8-4dc7-ae20-b60ee1f60193,66
f90b4d5c-49be-4092-be73-3477537d3dd6,2d55f5fb-732c-4efd-871c-9400f0070802,2d034287-c2d7-4928-bd12-3b3a55830375,21
11ad22e1-4913-4720-b3d5-99ff25be1dec,a4401356-091a-4903-baf0-0a939165c98a,ae707bf1-1fd2-44b5-ab2d-4a1a4ebd6601,46
32f3843f-4bb2-4bd6-8787-aeb5ffca54d2,8bb10d37-2ca1-4b75-b146-be835ec8e6d3,7eea1074-7e58-4dec-9cf9-61efc75eb8fa,113
7c729df9-5e33-49e7-accc-3fff155ade1c,bec83c46-1dec-4642-9599-80754d8d6e2c,82b887c9-d671-4c4e-937f-b995a08e440f,2
fb62fc67-8be6-4533-89f1-31093f6ae208,c9a062f3-28fb-4cea-9da3-d37bc832adcb,f187786b-534f-4991-a0eb-55a068b5fcb7,47
a32a1196-f053-48ed-836f-a9d492ede8cc,9829d72e-3558-45f5-aa96-a889c85257ef,21f38d28-a9ed-4af3-b7c3-fb60215a5adc,1
09b42c0c-31f0-4bf5-8166-d813f71b95cd,f8e42796-f74e-4024-a618-b84b550cf0f5,3907b625-830f-4524-b843-a12b1fbe44d5,287
b4b69437-ac9d-4011-bc48-72b113663742,033812ad-25b0-4dff-b0d4-6be59486fb39,7f3bb568-e80c-4fec-a603-1eb15bf915a5,421
ef9ea40a-3af7-4427-baac-cd6960e42dcf,dcca7fa1-13a5-4c7c-85cc-c5d130a94e82,90161e29-8819-4faf-9e9f-9e903488a01a,12
5e4dcf72-b094-403b-adea-90419c4fcf18,a4aae5be-06cf-46ad-8aa8-c1495e565792,d5bfbb72-92dd-43a3-ac2f-83f2cccf5e67,18
2f09003d-3de2-4271-82e9-4cca88ec4aef,37b34243-ad8c-4f48-a749-48c928ed7b51,7ef15014-8b5f-48a0-ac68-97dd5c31a04f,95
f1f78dbc-2454-4cb1-87aa-2691cabe1960,b4f3caef-3b96-4d82-8670-20fdbce3af88,af5a50a9-424d-4630-91be-67c8ed5777a4,15
9fcbd531-e0fe-4121-89a9-719b28502c16,d357a3bb-a6bd-4844-96ce-155a4bff149d,8fc05a7e-8363-488b-8b50-d9b4739af84f,50
2ca4fcbc-8f01-4f36-ac6d-b2f118742ac4,042d2142-120e-4863-a5c3-1a93aadbd841,91c8bad0-b38f-45d3-b2d5-1f9e44b058a9,16
792d3c16-87f5-4861-ad1a-a702dd2dc46b,6419bc26-a0e9-4194-8bc4-9943a6d1b772,bd55ccac-2b5e-4136-b8b9-c0116cdb30f3,8
b894c084-c377-48e0-9683-0049c0b5aa71,6f4dd9a5-6ab5-4b20-acf6-fa2b8a7759ad,3ce1c02a-f288-4a1e-88a9-9a373238c88e,13
86ae2970-f062-4d8e-9576-80be747c3f91,cea74b3e-2d32-4a21-81fc-5b7a06a57432,22e53a95-14fd-4607-8e29-9c214fd3c6ac,3
d3452134-d091-4f10-a1c5-2bc6fb39c170,5c423113-7980-4b1b-9e29-34d03fc613e1,fd30e562-85d0-4911-b243-653db390d7e9,19
e1fbc151-ed7b-4aca-83a3-4a58cf6a7eba,ef3cc2c5-fe81-42ee-a1d8-d11e0aa08470,0c79f4cd-1678-4c36-9c96-0323767e15ae,2
f54f4b03-22b7-484c-946a-58717861796e,b1c5916f-6a67-499f-a3ee-2370eb857994,66442ee9-0b5b-40a7-a12c-895aa89c06f4,26
85f229ac-7e06-4476-a310-73fa42fa6aff,88cf86b7-5866-4dab-a3da-b8e2db6e788d,ce7569af-31df-4548-b713-c6c7ac3155c7,75
7f756d22-6519-4590-a54e-f4f5d765ab19,e23c930b-6b65-42e9-a63e-5358c20ce0ac,f0762da0-89b6-417d-b634-a8754f564213,2
4715e825-6780-4fba-ae9a-1dc71e247a1a,63ffafb6-d10d-4516-9764-ea32a4a69b22,0f1f5fe2-82f1-49a1-9145-7e17ca54408f,75
39dfcfc3-7d90-41c4-acd3-c13c148de5da,da89e528-0fc8-424c-8685-e7d1a6238fde,c3d845b1-d5b5-4fbd-8230-ed164f4497db,173
d0e5e652-9d0e-42b3-8c21-213b8ce156ec,976230f1-aef7-4c01-b3f9-633f4082900f,76d86111-4bf2-4139-bba2-63e231ed0f33,42
e81018c0-b854-4e02-9e42-efb8277eca91,1bc9559d-ccf5-4e37-b6f0-7e19d509f340,9c1559f6-02cb-4666-b7a1-fab0e1dfb8ad,37
9921459e-c9ee-43ca-addc-dbb0112bd80e,30904163-f8bb-404a-b03f-a9db88f60a05,8667c4b4-9789-4c0a-a907-3176b7aa3d24,13
3a3516c3-e63e-42f9-b0c4-66e7bd9873ff,56934829-0816-43da-b143-ff880f799279,c5a411bf-1512-451c-95c3-006f0cba9f8c,2
fb380ee1-047d-47e9-8ccc-cf058185894b,1919a1f4-bfc9-48e3-a0fc-6be519d3f1ff,54b81a15-8ef0-466c-8e21-5cc6b8d5b59e,5
4e0337fe-7ce0-4b45-b4f1-8761e82e7a8f,2e2ea7e8-2f1d-4c28-925f-4b1b6ea26a5f,276d9793-b75d-4a09-acf5-acb22b396e3a,53
ae03978f-4b3c-4d42-b792-52025b02374a,62bee158-254a-4d79-b0c6-a946d22aadec,c0821fad-efb9-479e-99b3-05a3ccf7b00b,188
e3ea2eda-7754-47f1-9d61-d94a300bb6f5,cbc8755a-f330-4676-9b5c-766e79cccb64,33eac900-597c-4af1-b5f7-a258fec4bd5d,32
2fc50f17-a044-419b-9699-16de271aedce,a395fcfc-35a7-4c8a-ad48-0f05c9bf27d9,e9f1698f-2dc6-4479-9480-e7b1c5f2fc3c,49
8a2e20fc-5611-4eda-99f4-8708c3439de5,fc57d74b-fd1e-4185-ad34-426c1206557b,ef45a80c-65e6-4a2f-93ef-3645b2a7bdfe,3
efe40ece-fac3-420c-a924-4fb9db0dcad2,813b89d9-9914-45cd-9aca-f84910afa12e,6b47aca0-fe58-4402-91fc-c2b58cbad1fa,84
d48d86d8-cb5e-4c0d-88e3-02b772e69203,0460f09a-032b-48b5-a481-8014c0624bd8,fae4044e-870b-48b8-b4d9-e34d196ffa88,30
da7b28c6-7c04-436c-8584-445452d3355f,2d35d679-1b5f-451e-bd75-dd0f2ebfe9b0,ca8b3567-a7b1-4d85-b5d1-283514a7023f,220
5786011c-d8c4-4adb-8d88-f2313482c267,1e82d898-d4b5-4de5-8be2-c97a4dae0029,827986f7-41eb-42f0-9ef8-02dd99bf6d52,111
16e3f4e1-3cca-4ccb-8e63-2067551ca458,36c62c4a-1d65-40bf-901a-21173a2000df,8548797f-c072-449b-a802-a514512d441a,4
71f5dc24-39de-4ec3-8bc3-ef65d493ee0d,2fdeb025-4444-4d5a-8942-9df605070096,7c1312c7-d327-428d-9893-2b842d919fc0,12
22f03e34-b13b-4771-89d5-3fbdbc463881,0eaaca15-edd7-4df5-8907-b926c0a57449,72b75044-a540-4ed9-bb62-7619021daec0,14
3f865366-6db9-4e37-855d-7ca8f341078a,e1db76fa-7438-4cc9-9db8-f5b57e83f71e,bf0d4c00-2ec3-4863-a93a-db6c9e1ec0c5,1
db9bfa0d-8f64-484c-a68d-15faae8eb0a8,d60633b7-8c07-4525-8bb9-024261b9f095,760d7710-00bf-4876-a42d-a407c8359adb,5
856442e2-c61a-496d-84b4-039bb149491b,dbfea004-b203-42af-a1aa-de189a1a4711,4939bb68-e3d1-4969-93a0-77ef67f7e227,11
30976069-bff9-4093-85cb-5cd61ee72505,5c278563-d26b-4571-bdde-41c1c4e74324,310558a8-3e77-4619-9356-7b3590bcf3bd,139
30ca9727-d372-4349-bee6-78d9792a1033,52f3097b-ade4-4a98-b36a-dc90fee8d88f,0c336350-426a-438e-9b73-668a54b27da7,131
80b926db-14bd-4fcc-a32b-e3f2a8a76056,a7e08e69-d416-4ec8-866d-af4e8152a554,1397430e-5382-4b14-8b14-3654f4fc0829,9
67dafe62-656b-4462-a855-ff0e088a533e,8917280e-291a-44ad-8572-be1134931710,e02c251d-20fd-41d3-b905-7e107e77dc8c,34
b038c1df-750a-42f2-b46e-e5ba69e668a1,a307d94b-8632-4d19-91fb-569f74f879f9,fd25a4ad-77a9-418f-96b1-b4cb47ef1b47,40
91abfae3-f2ee-4856-a197-29c81293e393,47eb4bbe-1699-4001-be6f-5b4e1e93610a,abdbd559-e22d-4fc9-a3a2-36375a6112b9,5
dc86819d-0207-4364-955f-ac4ded2d1019,f54b513f-50e6-4a60-b1bf-8edb4457fdd1,3f8bebd9-6b66-4294-86f2-23f5b6c3a032,5
c82fcd92-3fa2-4e26-bb06-c670495857fd,3c0066c5-1f25-457c-9e6d-f8dd9631b3de,9bf2f81b-e252-40a3-8d6e-7cd75af3dea8,35
bde4826c-b4f9-485a-b5b0-9182c608e90e,63d90d57-591e-43b9-8af0-885e8b68a0af,66f9eec5-932e-40f4-bbe0-4ff532423ddb,266
1884586d-48cf-408d-ae35-d1d5db360540,11a8061f-ea70-4d24-813b-ddb2d4a190b3,7d8fe401-0fd5-4e10-a605-637794f26473,24
19612bc7-b984-4757-945e-798415ee1097,81c8b3dd-c36f-432b-bc04-1175932790dd,d44ac040-27dc-4d56-9c16-555b3406acf0,3
81b12941-feef-427d-bcd9-39e29e7968d9,3ceb19e5-60fd-4c69-a828-fde7dae92f64,fa558c27-fe3f-4af9-8212-edd96bc21802,493
389a4d7b-9cc1-4d33-aa69-63006b6a44c1,03290da4-96aa-4c30-99ac-71b690117df5,13f28270-ebfb-476e-b951-7ea6ebd304df,3
730c99bd-ff65-4989-94b5-b244a525e3d1,c8e542f9-02f9-4ee9-b3ee-7473220897ff,eac32f24-e546-450b-999b-56ca5351f9ab,5
4d7b45b4-2a4d-44b6-92ad-ee82880907c7,3dae6d27-83e8-4b19-ad6c-899448b4e2ba,a2423ede-c023-4364-9681-373a344934f5,25
fbc00234-4f70-4ce6-ae29-c7b05837da01,c752870a-497f-48af-b49e-eebaf796614a,cc600b48-e5f6-4007-808b-f6403b31e9e0,159
4b36478d-6302-461d-9b9f-67bde0a9c266,06fb6b39-fa56-4e38-aaaf-efc8bdae9882,242a4f1b-36cf-4b07-9839-e221a7998d34,4
960a386e-33a1-42d0-a3cc-630f1bc85e04,18760917-d1d5-4025-9af6-250c4d624469,53f56693-77f2-407c-a29d-94adca5dda63,2
a40f2a73-b491-40cb-a489-261561226260,85a61529-6545-487f-9c9d-c66b13d9f7e8,6f6fda41-d03e-4252-bae2-20d8c4a044bf,4
b7f38417-f97f-4644-8a87-327e52c196ea,4c6f93cd-c010-4e89-8b61-939303573cf0,81e884bf-2404-4158-b2c6-29bd575b8a1c,1
6e5136ca-6eea-4adc-b661-bfc210cd9bf9,fc1fc378-b85e-4135-8392-724380c1f56f,c9cc5015-e65a-419a-8e5b-a22c9768f2ad,24
60ecc2a0-8b7a-4469-bceb-52fb2300c49a,c65dea30-b5a7-489c-9040-f0411c8c5bcf,99463ede-2dc6-499b-977b-485653fa755e,33
fba6696f-a938-4e3f-bbd9-e9e0bcf75ba2,64503ed9-baa3-4d94-8236-452d083863fb,5347a8ed-83f1-4c7c-aae1-e7557782b3ff,46
0706d42b-d699-43f2-bf63-37e48f548e3e,2faaf474-d107-4e79-9710-9c16ae3a5571,08db7936-f276-4fa8-b6db-7a61b37d1935,2
6056f9c3-73bc-4b7d-927e-99ba83129a74,b0ba5ab5-74a5-4e51-abdb-f2d346d49267,2b307326-d0be-4e21-8e09-b423e094bfee,6
2f9c4066-6b13-4abc-9c8c-63bd13d95fac,5d59d780-2c43-4724-9b5d-5f8e764f92ef,4b0cd438-98d7-4b8b-b982-3ad8c2355ec4,8
7b063b67-ef66-45f7-9379-e70f7bddc77a,7cc71442-6cda-4cc4-9283-7909301940fb,a1979a4d-8260-46e0-baf5-95f6f83ee21b,46
cb942c47-a992-4e70-a68d-768ea9a7f9a6,d4cddf8e-1f30-428a-b979-101912ea7451,6b4e2abf-d73c-42af-8c96-f23455a941d2,1
aef40175-c946-4fab-b684-2f7b73d4f1dd,017cd0a3-7041-4b83-93f0-8f100833b1fe,c567855c-832d-44d7-838c-0d109b78f7d5,2
c215b7c8-abb0-4b53-831a-2e5542a1304c,a9175810-d890-4541-b5b1-f9f220433cf9,9c3417e7-4c4f-4d76-a2fd-cc82f5106a28,39
9babd2ce-e81b-4007-b42b-e5a2e3290bf7,8f1bce71-6757-4bed-85ce-eb7877c0eb99,8578b18b-c9b2-4fc8-aadb-9381c4d9ce5c,103
e90880fe-1f93-4490-aaee-31c34bb9be43,82851d27-0f01-476f-a463-e3b48e0aa831,03485697-677c-4817-a22d-90c95359d2ca,28
c72260e5-a2ed-4ad8-9345-ba56182682d4,2f6df603-f902-47b7-bf04-5b1d1340287e,9a593653-3ada-4c82-b6ac-3adee576cd47,208
a7dc9fb6-6975-4391-9c53-fe58c500be60,df0aaeea-3cd6-404d-b206-bfe224b98a6c,6cf8e575-6fcd-49a0-89fd-aabb0ad30988,7
f751e937-53e9-4cf0-b1a6-f692c261fee0,1c29b254-72ab-4900-8cd8-76ca6b04d933,9e94fa20-386d-4530-aedc-213b903d2605,41
b38fd66c-d53c-4816-b885-1ca20a863d5b,10f5b449-2db2-4f5d-a2f0-28fd380f8185,506e6eeb-3206-42f7-8bea-585588dccccd,3
1930a223-944b-42c8-91ca-01381b57d956,5b89a054-1c96-4881-9b5b-b8daa3632229,25ef75f0-903c-4b95-9af8-ac5436b19b9a,22
6eb75f26-fcc1-4b33-a97f-99cf91431498,ac6be0bb-f339-48f5-8c8a-bf4b80cf04c8,f9300fa5-eb19-4e28-9bab-e5c35b58039d,1
d2f209e5-dce3-4fd7-8dd1-312c69b4975d,042c0c29-b16d-4dcf-9e90-2aac161c8d86,5429e844-6c43-4a16-8d4a-39e82788a2d9,167
2f2f7010-80dd-4962-9929-38134c53cda0,ff47d270-77fe-4cd1-9050-282e7ef223fc,64775ece-29dc-4a8c-9135-afedf987bcbe,382
7ee3f6e7-85ae-4b98-940c-a41802c72f00,1a0985f9-6c26-46a5-a4aa-5dfb76c3bab6,73b3c064-c8a6-4abb-8a1d-9b700b087639,4
765b07c9-c357-4660-9f90-7b1b34144978,1b1a7ce8-aa22-4281-8076-9c63658ba28d,ec3e8a7c-0b38-41a8-91a2-0956ecb9c9fb,44
7bd13724-fde9-499d-bdf0-aedb74007b3c,e732017e-ef7a-4ad7-9c26-172906ca18a1,35fd8d0d-c305-4eec-9cdf-c23a57db14a5,39
3113a92e-230f-495c-9507-1436fff4e576,4fee5465-d644-4d8c-b1c4-abfedcff4061,dfa8c183-ca47-4577-b95b-6e665ab516e5,1
087c08a5-a408-42af-9a81-99bb61edf1d7,55fdb81c-87ee-4dab-b468-3fc491d418c6,ad9347dc-ceac-4444-a2f9-278b822e1a84,25
c43a3c5f-fc14-498e-aba1-fa4c1f0717f7,77d89067-ff2d-4d59-86ff-3f5376093b0e,b1bfd543-28f6-433b-a418-9f095b869e1d,3
39ed5d5c-dcd0-403a-8dd8-2fceb48c889d,214c7edb-1fb2-4787-97b3-8183dd29b6ef,664906d4-f4f8-44c5-b4e1-f9821eb22cd8,482
65268689-8cfc-4e4e-9397-7757d9de4447,b2e1d0c3-6372-40b2-80ca-a9c98c51ee2e,13c69648-1184-4dfe-89a4-013735abdccf,261
07b73f9d-8c24-4ff7-a722-1ba885709dce,93eb4066-1624-4435-81cc-07c528baad9a,c686c33d-89b7-4f0b-93a2-57f8fb26e6d3,4
ce5b22aa-0382-4a37-bb0f-6468503abd86,307c2ee0-74e3-4993-b56b-040eb25dba43,4b870443-1497-4a5a-b8ff-fa35599ca8d2,338
67b7a85d-29ed-42c4-9ab6-2e65683de8ca,915b0e53-282d-4e95-a6b4-b12ef8e3966e,0c336350-426a-438e-9b73-668a54b27da7,27
f4a3ed31-8601-4fc6-912d-e87f71880db0,5262cfa0-9e35-46e0-b35c-1eb44ee3a60e,363f8d16-0eeb-40f5-80c3-7cf18633fc7c,59
2dc7577d-7b49-413b-b5a3-bc1ee00ad6eb,4c1f5dc5-1ebf-4177-96fc-506b391b0771,56c0958c-4749-42c6-9f87-b077b9b52432,154
b393956b-8aff-480c-9835-9d7a4352349f,badb2391-c241-4b31-800b-26f02388597f,78d291fd-2b0e-430c-b473-a48e60cc9458,20
c68211bd-592f-4254-bd8b-8b457d09c32f,b19248eb-4f13-49be-a86b-e739bd6d9eee,b46665a8-bf10-4fa9-9914-b2a8d44a3577,17
16958f24-0274-495d-ad8e-9c81926d4c2f,d2a54580-f6f5-4bb3-a06e-ba0f877a7be9,246b34e2-5d51-475e-a756-cbfc7970935a,52
b44e11f3-0c30-4219-860c-42d7ae2eecb5,5f54df15-0a71-4be5-990d-f1fccc8536c9,e165d628-63dc-4436-8dd8-bbaae88292b3,174
d6d0673c-00f6-46e1-bf83-33b5c29cb723,bd8b8ec2-b0bc-487c-b8c8-64ae6581d5e9,d3d45a5f-683f-4d12-922b-7c7251074d75,13
3d8b2605-8ee9-4aff-9616-07415051da68,58faa78e-ddbb-44b4-af1b-e9565cb72bcf,a06b004e-c5d1-43d2-a187-e7bf15fe8c86,7
4ee8db0f-b8de-4130-884c-9c1e068588bc,186fa26d-6bb3-4a4d-badc-ede544e7ed52,8bf8b0d2-953f-47ad-a17a-790bffa2636d,2
e501ca25-d6d2-4f7d-9250-c074479692b5,f2d68e83-340b-4f5d-b786-a498ebe8b08b,c20772a6-5a3d-45c7-abb7-7d45390a6f7e,142
85d42696-93e6-460f-83fd-84aff751daa5,f9a623a2-882b-4739-9554-a0df0d01bba5,e4fd3b6c-1f7f-4b57-98ac-538cb6f58513,180
e61bf61a-ba44-4e17-a6b5-a919137dbc28,247204e5-2369-441a-aa03-907d1a96646e,177ebfd2-7c96-450f-b0aa-bfd6f058b03a,456
08fead51-9bbf-463d-a472-7c263ac77a69,a7574176-465d-47b5-9107-836b10534c63,27fa2d36-0f0f-4fb6-bfe1-315e5d89ccd1,128
03046912-2e7d-4e27-ae8f-c17107278fd8,fa3de5c9-3563-415f-be3f-0e195ee6e792,56407871-89a0-485f-8063-9db425407fec,112
1ebf5f28-ed5f-4421-93e1-e9034052daed,384d7ee3-24bf-4870-8641-87df04eb3cfb,4e265b38-d5d6-425d-a562-39c7287393c5,16
a9c448c7-7334-47e5-89cc-7d461afd2c21,35410750-a666-42a8-a7fd-c723731e07c8,27ec38c6-e9f7-4e83-a387-91aeb45cf30f,96
83ca4976-4368-476d-b728-e03efcfa4fbc,487bff8a-a7c9-45b5-b0cf-1fb76ec271ce,3a5218db-5241-45c8-8534-6d7ff682fa42,32
1b2a03c6-389f-488e-8a60-a14926a5c4de,b79485d9-ef5f-4dd8-a1dd-070f1fae6729,79028186-aa2c-4369-aa4c-4f622cab12a7,1
c7366ccd-11df-415c-b1c3-8c8509b6d73f,788a36d2-9fc4-4da1-9348-b4e77e80292e,077c3281-2685-439e-89bd-e1f5ad160d7f,94
003b037c-c1ef-4335-8d23-24783d5b92f5,2d563fef-5d1b-4d9f-8828-61299c85297d,2ef24294-5211-48dd-a26d-6b15cf32379f,1
6fbe63db-b0fc-4b91-bddb-8cb98a4c9396,60880ee3-cc79-4719-b8e7-56269ce5ac6b,36c54736-8416-4a1a-b45e-545619d40392,1
e93230c7-055b-4718-a4e2-33fc7b44a5bf,0306f944-18a5-48e5-b0f4-a5f90f747bcb,a89e50c2-447e-4e96-be14-609c13746d53,5
159b81ba-f7eb-47a9-ad73-17a8fc2beba6,1df1d19d-626d-4d09-8631-ac0a0c090ef9,8259f13a-77d2-4243-bca7-c728db704e6c,15
0255507f-d9b3-4c6a-bad7-7a73d6944957,a1ee750e-fcf6-4450-971b-1f86fb7e1931,c559e1fd-6738-48f9-923d-b7b78be8a807,7
b544a08e-8b47-433c-ac68-8c3512e1e0af,51335a7e-463c-4317-917e-1508d17d387e,9ef37f7a-0023-457a-a1bf-4b0eab4b14c0,155
b63e9596-4a58-4056-86fe-87e117b06672,990b1c69-6081-49a2-8927-42c8bdb8edff,19a63f2a-1904-4039-81f3-bccfdb2be252,245
edbd1334-69ec-45f7-b474-6dc8dc801c7b,25cb7ce6-7972-464f-8037-1baa1c66bb2a,38a356a3-cf53-4b14-a358-326b8838feac,5
bf1c56e6-9e79-4843-a69c-40fc58a09b3f,68fa4c98-3793-4ceb-81dd-3362416be9e9,bc2c0df5-439e-43ad-985a-fc7bd8dfa57c,29
da84712b-01bc-485e-8eae-4dc4e713b66a,7494f841-d5a4-4728-8058-157dab81854d,390d178b-f3a2-4569-8558-43e0c09ba6c0,19
ec9ca1f8-2ec0-4ded-b35f-7f09cc86dc64,bb2628df-4ac4-4811-903d-6bcc3e23526c,d9c3a576-6ceb-472a-8913-7b61947fa850,38
ea14c0c2-b34a-424f-974b-08ed6198454b,d68c4936-4e55-4927-8e89-2f8d4deb29dd,c6ab4dfb-a6df-4334-b2b3-2585e31fd353,2
10194d3d-221d-4c87-9872-5e175da11299,86f8aa18-7685-4973-a953-22126c5e10d0,ea3f08f9-27a1-46eb-a215-fef7d06d3056,2
322cea91-eb04-431f-adda-26a766adb492,070accf4-b922-407b-bedc-50a35d7b1d53,58d015fb-eaca-4235-afe5-076d2d5f9db1,21
30cc5bea-574d-4ddc-a262-25c86afd80af,8274ac6b-5064-4289-9b54-f2c6fbc338ab,cc381e4c-3bf9-4fe0-bc7e-842c75cea8a1,221
32f415f4-04d0-4a61-a1e4-85eb05d32247,3fe75950-9020-4160-8a1c-fc0339730f9f,1e548994-0fc9-4360-8b9d-3fe6acf5bbe2,1
b4a50091-2c80-49bf-afa7-c988b938199b,c47ce073-5b3a-48e3-be0b-880e76275d18,a21dab29-ff10-4d1e-9859-cb4668680995,46
3fb7e628-8b2d-4b77-85cd-a9103dfb153d,522456b5-141c-4eea-95d9-dc3f714be4c8,8050e625-f53b-42e6-b1a4-08e804fa7d29,29
cb011907-9d4f-4645-8bed-5f1338cfa195,f560570b-286a-4696-a24f-434d95949c49,2fb041b5-522c-4eb2-94b2-bdb7ad7aa9a1,119
175b0361-34d5-47fc-9ea2-6f2e2231acea,8d25d103-c7ad-419b-9ffe-c15b7f194887,62da1c1c-b504-4d69-adde-2b0b04670e92,43
18e1f369-4998-4829-be81-175fa4b3295a,65fa0391-9f85-4249-8b78-25a36c109742,1de9eb83-2ef8-49cd-abe7-3bcff2650275,4
02a77f45-402e-497e-b982-03c1b01251c1,ed71d389-52ca-45ef-aeac-9c651e447ac3,828d64ee-b0eb-493d-90ae-b659337ce0fe,3
50d3845f-58df-49a0-84a9-9365db9fed44,e9c4ebfe-09d5-4032-a7ae-f7edb0436062,b5f99c79-3bee-4bce-b857-1537d014cd14,4
33935a10-5137-405a-8f48-9dd887609d95,bae2e8e6-6856-43e9-a42c-4172d9b4dc94,0ed02366-0a7f-4d4b-b150-b9af3f2aa944,5
2645f7ed-9900-4667-8b20-97db56614320,8ed1d506-d86c-484d-a663-12e0d1a1627c,3a5218db-5241-45c8-8534-6d7ff682fa42,142
92dd1473-3ec5-46e7-91be-1b679348df7f,9c7ac5c7-8db1-46db-92cf-80bd8fd5b72d,b7375051-efa8-4397-8a7c-b3ff10734b6e,1
1f0634eb-48ec-4111-8233-db053ed29802,6106734e-2ddb-4feb-88e4-c12236f0d18a,b007527a-e476-4f3e-857d-e58be3440b54,156
30620b68-c6a2-4402-91a1-3aa28bf1ff5f,988fda81-7873-4a50-bea9-5a6fbf2096fd,1a791c3c-492d-4075-8dd7-6ef3349145d8,38
f629a4a2-5685-4982-bdcd-3c82da552402,5ab95feb-6262-4aef-a9c2-df5fa908b9b8,fbb4f9da-9cfb-43bf-9378-5fe49777eb9f,232
e17ba7a1-ea5e-4128-9de9-1ca407d3b689,40716e1f-93b4-48dc-8b14-b6f5bc459a37,7123928c-b182-4fea-89f5-faca6f703a06,37
962251b7-35b6-454b-a943-e0a26e37c1f6,c7e56c7b-5db4-4702-b03d-8841479b71a4,855ce23d-d4e5-4049-9f31-d1bc84b70efb,5
59d90349-dd2d-48a9-839c-76f078d1036d,4c0c47b0-dcdb-4d21-b548-81f7db083245,f91064e6-0311-438d-b145-9613c11bb60a,4
c57901af-80ee-4e40-96e4-eb3f902126bb,dbc01940-58e4-4daa-b0bc-a992b8574724,17b92636-371d-4a1d-a881-f55ee532ea44,39
fe4c422b-57ea-4377-9409-5b1d4d5a43ea,1321e9f3-ef79-4350-91eb-e765eb5aa53a,b11cc901-3037-4e36-8808-ac119794747a,250
d49ef122-c8d4-4ede-9fc9-c962713624a8,f6bf3bac-892c-4420-99e7-cb34a37edddf,3d69bfa0-d118-4048-8697-faefc57c8583,4
0ae735c1-6ad3-48bf-a672-98d770707479,f55bf24d-a667-4f76-8611-cb5c411c11b2,52469528-ee03-482d-9c62-0f722375bb68,1
32b39bcc-ddb5-4997-bfdb-dbb3f7bcbae0,307c2ee0-74e3-4993-b56b-040eb25dba43,c25f0107-1091-4d5b-8ffd-5ea2ddc22716,421
39286cd8-6284-43ed-bd06-2d7ec943d6e2,e7159da2-f383-4354-9f39-cd2fe79d827d,f25785ab-0b64-4530-bdff-715f0a518a10,50
059c5617-a59c-44df-aa13-1669ff024c92,6dea17eb-256d-4833-a8e4-da664c090d64,16f60bb2-7d92-4664-be56-602d0234cf2e,7
45ad8c06-bad4-456b-9e5c-c34f4330a436,5369e1d9-9651-4bc4-8a10-79c99b68df96,3d08be55-9094-4e4c-9d4b-92f914d4cf9f,2
c3f0961b-d9cd-4abc-a11f-b6c780e2f502,1474da98-f8a3-48b4-82e2-31e1adaa1833,d7b6e38a-e3b8-4d39-ada9-d60bd1c9db58,4
31a9f395-c222-471b-b513-edb83f7806d0,19338ad5-181c-4c7f-b722-a3cecf725f3f,a352bb41-ec19-41a6-a0a4-48329524ea97,76
51440e2f-f795-4ff6-b559-4a4c3f4049aa,6a77d12d-0b85-4006-9270-d9780cdc585f,b8463ad7-67de-4db4-aa96-5c57de954c64,292
d0a16af6-801e-4e18-a0f4-e7636371eebc,9502a45f-e42c-4f68-b2cf-ee8b30dc5270,d3ad1cc9-f6a0-4d5f-80fe-0a4086342eeb,9
a9134882-e9ff-42d0-adc4-a949a28646b8,10f5b449-2db2-4f5d-a2f0-28fd380f8185,4ea76314-a886-400a-8227-a2795a699536,16
7b71d0f8-7a85-49a0-ae8b-e2807c06502d,aac320c0-1423-4fe4-8772-27b12100c31f,d3830fa2-ce60-4a20-8cf0-d4f3255e7d3d,4
d57c098f-55c5-450b-80e1-e2e02d63cdf9,8e011ad6-8396-48b9-b0f9-a26d808902c1,b4644f1f-d6be-4768-86c4-719aef581f33,33
624c2d4c-b09e-4aeb-a9a7-2f8258fd6ea7,83899bce-54e5-49e4-b6b4-eb9c500bb3ae,4d69350e-cd85-4f1e-ac15-5e9f5ad75171,3
d967548e-4931-47f3-ae2e-0fa230e192f9,255bfe6a-9edf-4d6d-b695-b159d9af0dda,bae742b2-bb62-47ff-a412-bf19d86c0899,19
ab35474d-0b85-4674-af89-4a2c272db419,50761e90-bf4d-4f4c-8564-1ee3a0e87c16,e07a21a9-964d-4abd-9ef9-2b6d27ded717,24
a41dec2e-3973-44b4-af6b-99f798849fd3,bf74ebdf-315d-4adb-82ea-ab43bd58da7b,d345c010-1741-450c-bf95-a6a8067879b7,5
2e304807-6497-4607-8188-3a31fc377912,2ee2c6a8-e1df-4ae7-984a-08915450c053,198fc6d2-bead-45d0-9488-c7ec66386d3b,38
3842c97c-4261-4cee-be7f-0cc4f6d20471,fd760a0f-57ae-4446-9fd7-f5240d7f78d0,d78ad7a7-e157-4922-8fb6-8f83e798cb09,27
fa14374a-2424-4575-9d4a-8872353ddfc9,738b5460-4943-465d-b53d-24fe53dd53b4,ad0184ea-8dc5-49a5-a557-4aa03eafa0d2,251
55d9411d-bf6c-4638-8d61-fb760097975f,ebe5bcaa-975e-4da0-baed-4c55efe0ded1,98818ae1-ab39-4c68-8f65-cf68a1cd4881,2
15d6e64f-dee4-4cb5-8d2b-9675b29aa0f4,e6989cb7-faaa-4a12-a2df-30687eaea34c,bde64196-e0b7-4d1b-9ca0-ac4fbd524dda,42
d36c63d0-7e87-4ed4-a1cf-ccbb9ce648a1,26d22fcd-b221-4d4f-b012-899853d7b658,0d5df5a3-7392-40fb-99d6-1965640f5cc6,31
a8be15c4-4392-4239-8490-4d4bccf5fa48,f36e4199-1a45-4e00-8304-a51bb5524e0b,d4b99987-1e24-49e4-b077-d886868e84fe,99
81d3fee6-fc47-46ce-a051-38157d82209c,b308c1a1-c944-4191-98eb-6855cca7c187,17b92636-371d-4a1d-a881-f55ee532ea44,451
640a5c7c-d98b-4bcd-9030-ab31c1eb8b46,f8522d34-4208-4298-99be-818aaf5ed82b,fcddac12-fc23-4db7-a942-b655101de405,170
12c4e3c4-6e77-4901-bfd8-7afca2b58f87,d63ed6ae-dd94-4ca6-874e-04f94db1afc5,b0800218-da21-4a2a-836b-494c99bfe2de,231
d3700529-f76f-42f7-9ab1-3bc433b7a4d3,686f465f-205d-4f05-9ef2-472a21cae5b9,bb337b87-c5c8-4459-a47c-3f3cd962a753,168
5fb8e950-1b7c-4343-b077-22fa442f33bc,f033a7f2-4e4f-4f1e-ab93-6d06fbf9d40b,e60cb43a-637a-4826-947c-a6ec0fda0a19,17
cfffb054-49e9-4d81-97c6-2b489d56fce2,841bc0e4-0370-436e-9d44-48d18bf4caae,438a0125-e450-4b4f-8124-e83f8e0c4c0c,330
16a2af15-ffb7-4fe5-bf5d-b0399de54bfa,0f9ac081-3ee3-48d1-bc91-dcc01e20b70c,b577af95-c678-465d-b6f4-c0d432ddab6f,268
29f70699-6549-46c0-a2e9-14a5f386f45e,f2870480-97f9-44b7-a45b-df2c2ae826ea,f3514c73-db4c-4117-9825-f8f5ce5fedde,41
8c536b56-691d-4ec4-8605-1757ff8fe3a7,76ac7fa5-3859-4167-b12e-e5f91adc6f41,7fff7445-14f6-4873-89d4-03df2ced7359,206
93542a8d-eb12-4783-a43e-80d44f0eb173,4edcdf3f-0a05-40d9-81d4-7d58c6b82c02,5cde4c87-38b9-40e6-a61f-de00d1c02bc0,2
27c9f818-a2e0-48e9-a3da-55768a32642e,380ce2cb-0c63-4057-820c-b4dd1c690099,4cbbf165-ee50-42b3-ad1e-0664796f7ea4,8
73fb8569-8c48-4631-a463-f417826f20f2,7130a5e4-2bc7-4683-9c97-2928ef535c96,2856fd09-f503-4b8a-b8a8-61b6dbc286cd,2
f554f8e8-e40a-4ff6-abd9-caf09100d183,8ff102c9-95c4-456d-a75d-c73ca20bc1e8,f58a1b8b-442a-4a06-a09f-36e13e4ced40,197
47ed4859-0720-45cc-a167-369bbbe51820,3186ce13-98c4-4565-af79-df2d414535ac,c046d85d-1c62-4282-b0e2-834b12292c3d,25
63b9ccfc-e489-4c4a-abdd-5c7ada675db7,3fbe8728-ffff-40cd-ae49-5ca30dddb547,119b889b-6147-4faf-bd5a-f223dffb047a,75
c875dcf4-dff4-43b4-b021-3982fef456be,ad325437-f34a-44c3-b2e2-f0e7dad5caf5,2eb54ca7-a386-43ea-8700-452e89dae977,116
aa9506e0-5d27-4992-b406-8dd68008b878,5ec750c8-04b9-4d9d-8900-e4a23b98f455,6c029400-55f5-4acf-a4cb-10186f5c04ae,9
0caf6d2c-3eb2-469a-9bea-0b31d425b747,0eaaca15-edd7-4df5-8907-b926c0a57449,315973ea-5eb4-44f3-9248-83f4a6cf2f01,2
6ba35dd8-3f8f-4e6b-a100-6af05bb23aa6,7ad79063-3420-48d2-9da6-e4c905ca964c,ee4d122e-8369-4114-aaa4-99bc3d9109a1,481
9e7abf99-0edb-4d2f-a56e-86f74ae14951,dda1a13b-ad77-43a0-855c-707ca299d7d7,65dde087-0144-4f72-96d0-7efa752c11e8,39
9bafae27-d378-4dcf-a8de-45faf822f12b,a4401356-091a-4903-baf0-0a939165c98a,c5d9e2bf-ed00-4c91-8a0c-a5ea214c295d,41
b8d1b3a2-8e5a-40c9-b99b-f666a20c34c9,c940790b-06ca-40e6-9595-28361fc965f8,94b2bb0e-b2e9-4e29-b2e3-3f49f9c2c805,7
454ee573-2033-41ed-9551-fbdf7e6e304d,4ded3158-38dc-4e8f-bc72-2bf23d6a73e6,cf76c3e8-78e8-4c91-8be9-43fd81af56f2,31
c942c669-b53c-42e1-ac23-fb8c8fa4cad4,51a12442-36af-4b7d-9ce1-18c161ad2a3b,42c0afe5-fffd-472a-9b0e-940939206854,4
24e877e7-8b81-4556-aeef-aa1a9705d4df,a96a6655-c6eb-4dca-a82b-f02c16e39eec,68b119f2-af0c-488e-93d9-3f54674367cc,31
5904af36-7966-4988-beb2-8262d39a45fb,46e7b0e7-ca89-4411-82ce-00a6353f9c33,c89556ff-7f4e-4ed4-9d4d-f06d01b0b114,50
ae549876-96a0-48ee-99e2-77abc2e4c726,b8eaaef8-dd9c-4f68-9592-94bd9a691c40,11e577df-9b1c-4d85-b09f-b9b907d9f9c0,119
fe25e370-f6f5-4c07-9672-ef6d69e032f8,43b45b30-e93d-418e-a951-b6fe97f3f5d7,6544e4c5-26ae-4ab4-8653-7c632e96bcbb,33
5850f1f2-ffa0-4a16-a353-e278f3be6410,e84ad42a-8ee4-4790-aa38-9b8e63f9e18f,2eff5312-c08f-4266-80c1-b3ee69632800,47
5aa8b905-e002-49dd-8eb7-d3fbd301b0e1,5068386d-f2a4-49f1-8d75-a29f5a62f3f9,61496a46-4ae8-42f7-ab45-742fa64dd1e8,44
a8029938-63dd-4dc5-9c04-d38f3029d331,70ddd26e-d1c7-4690-9534-f14f13cae9a7,d7b6e38a-e3b8-4d39-ada9-d60bd1c9db58,334
fc20eb94-8bee-49af-8ef3-a82bac047f07,a00256ff-803b-484d-92ba-6cc34c022064,4ed5ad99-615c-453e-ba5a-9ba3ebff7e2d,5
c47304d6-a1b5-45dc-af1f-b2ff365b7d1e,c07eb276-2393-45b8-b3b0-62e637fbf9a6,c85ae092-44c4-45f5-b5a8-0503b6aab312,35
f83c2f84-7192-48ad-b063-0bb9290b4e41,63f95a85-c36d-45d8-af06-3d99a93efa8c,67f101b8-a253-44fa-8f5a-1b7440d3428d,31
3365c256-6538-46bb-bd00-f3b16cf5efe8,5c5fc1ae-0c8e-4d96-a391-a00d84037fdb,e34fc809-765d-4e46-9628-e1235f559b35,49
45c842b2-00bb-44b5-bfb7-1f3584b9b563,ef6efe3a-ea61-45f3-a1a8-2adf00ac564d,301927a6-3c79-4aea-b388-49339116c719,2
2445ef92-ef40-4645-ac1f-677bf637b2aa,855ca680-4b30-4646-8258-4aa07c6fca92,306103df-cefa-4864-b989-3b65a6435077,40
256565b9-d60e-4295-882c-f48b993a6e06,9c0e534c-6675-49af-a9a5-1182fe8ea01d,281c35cc-12dd-4120-8a76-4f3d564f53d0,35
b68aabb1-3a8c-426e-adf6-b059b428f5d0,e78da612-7a56-476a-ae16-2fe41f426dbd,9d9f5193-833b-428a-be60-e5e776adbf64,147
8e2c5b19-1cdf-4377-9009-476796f61037,e86af483-8261-409b-a6fa-84e31d1dfb0b,f628e9dc-0cea-4d1f-88be-433b9ee43a97,26
8010f29a-77d0-4b49-8e59-caf1dac381c1,1e2378bc-2ad0-4fd3-affa-a10d7420f00b,d1407792-af8e-49a0-a39d-2b08c11bc841,2
1095f608-0cd0-47b5-9bd4-4952e5bc374d,9ede7cde-7f04-44e2-a017-f347ab2b71b3,b90810d5-6f20-44d9-a23e-f61e39f3ef44,35
d5d83e9b-776d-4e06-857c-c58a11ea57e4,b580cc90-15f3-4129-805e-fbc4abd9af51,07d2d7c1-17ae-4523-a642-d42cfedfea02,1
c52e83b0-0f97-46af-a24d-c7f818bda61c,abbfc5ce-cf0c-4508-afde-501d39f744ca,e15ac558-3603-46ce-a615-9a1a92052665,44
4185c257-a069-4913-a59e-c8dc52d92d58,ec7ec270-72f9-4004-98ff-82435eccf97f,0726b9cf-71be-4a9a-868c-8bf28ca72fef,112
93d73e06-5078-433b-bc9f-6906d3a45c92,f55894db-2762-48ef-89d7-8d31ab5e9e3a,d99caae2-97e4-4791-84a8-a76bf1c3e3ef,3
cfada903-4d08-43c5-9eed-77a722acdd60,e645ebb2-35ca-44b1-9091-001e25a1b443,46f00b8c-f355-4b85-a2ba-b659fd3e0c96,158
50cd8fed-a115-4fb1-bad3-e8572ef42d7a,bf96d9fb-1cb4-41f5-a255-ef264ccbdbcf,eaad743b-0309-416b-b66b-28df7b572d35,230
651133ac-5e65-4ffd-a139-8a64668f73cf,8538e7a0-fb01-4be8-b967-5e468c41b87e,88568c20-91aa-4e93-861a-6fb5e358625f,2
1e1aba89-cdb5-455f-acfe-f305a4dc3e6e,b4b425e2-5a28-4fd8-8d2d-d08f1b77970c,bb9cef6b-1c0c-48d8-a85a-4fbd246b509b,438
9cf659ff-4bf6-4278-8309-40c6929717af,c774e60b-c219-41d9-86f8-ddba40e2b068,7fb892ab-0a9c-444e-9e96-c6bd55b85a7c,25
37c6cca0-4e63-48a8-abab-92de413173d1,fd59b8e0-6ff4-4963-94e5-c111ae91e868,8cddb494-dc26-463e-a4d3-795f41186e2b,302
8e590dac-d7c2-4c9f-b035-ab87f88a577e,b2d5188e-29f9-45b9-be69-7e2875ed4527,3f439369-1b31-427d-81c3-0aa205cbb0f8,56
d7771a95-3a6f-4969-b40f-5470bc3453bd,d93b5180-d1e7-40a4-949e-12e08d845773,6939ab1c-6982-4e8e-adf4-7dbd8b4cd900,47
503f2eba-0f6e-4c08-ad92-71b736769e35,2940aceb-2687-428c-a135-f6ed58f6c744,9e8c76a3-d590-4791-a55a-8f2facbf938c,39
5eaa8368-781c-4acd-a557-3fceb57641c6,60b4d52d-a16b-4baf-87ba-10c3bd4b9e9e,67c7583e-008e-4d37-8814-bb46a9120461,171
76923d8a-975e-45ad-9431-6e899943da37,627dab56-8ef2-45ae-a178-8636b8758c1a,c733716d-622d-453c-b3c4-69ac9e8782bc,21
d79da076-8d70-4724-bebf-e1711863c387,a725bce8-7713-4dd7-9424-a659fff5acf2,928bcce8-322d-4027-a231-1b70a5a1522b,1
706c8796-9f8a-46d7-81c2-f944ea752239,5fc0e445-17e6-4982-8a45-d3ff2bb3a259,2e9c3310-692a-4cfb-9e02-d869de4b00c0,5
f52dafe5-2a97-4a59-b6a9-f93f03ed466f,5ee6a687-974a-4b6b-a3e4-6a5b7b7af0dc,30dc93ce-354c-4edc-b493-ab81503949d0,29
bae87735-f582-4ef6-b738-ea4a235c6f2b,67751693-d093-4105-a453-b890df47c56b,828d64ee-b0eb-493d-90ae-b659337ce0fe,3
d4dc3562-2be6-46db-90d9-0eeaf488d549,2fc5841d-3cc6-4301-b31a-018a718cc7d7,558df8b2-1779-4bde-908e-10f92e86b566,105
bf3f64ed-f176-4b1f-8a33-c1719197fc08,3846d010-1a7d-483a-9345-66d8081aa04c,41766eaf-b7e6-4854-a222-cf79024b4f8f,463
e979d1ac-d05f-496b-a90d-7893358473d1,ce61e2b5-2280-4ea4-9e18-75044ec2217d,0e640a2b-9cd8-4e76-a013-806c6da93134,40
76ba3062-13d2-4e2f-9d96-50e237b97f81,16d1edbf-e5a5-4f2a-a558-688a4b801437,db2abe6f-37ff-4188-92a6-4e08ffa3874f,364
9193986c-534f-413a-8f98-64e9158f39a4,fc9a2b7c-ab80-4593-971e-c278b34df4ab,8f543fff-35c7-41df-ae81-3cc46683edee,78
1229578f-7307-4646-bcad-f795f72200a2,021811ea-b74f-40d9-9bac-21bd5b6656c1,3b56c969-f534-4f4f-9cb2-be0f9cc95ce5,27
e7dfbcf8-4b54-4bfb-947a-60e779094c6e,ebad56b2-80a8-4010-99fc-6656c8ac1b50,514059c9-77aa-4278-9487-08eb46fb7c69,200
0ccff925-bdaa-44e1-9e75-821525ad571a,57f2e145-51d6-4b3b-870b-605ce2f9a09c,8b18c72a-5905-4790-8521-2a2a2b2d7ea8,97
0e773735-0f08-4797-a1d8-dc4aad819063,d8b1e302-f482-4b3b-b44b-0a9742c3fea4,298d1099-dffd-4b3f-8b5d-06fa5bf28e63,74
653477f6-c874-48e5-ad9a-85ceb5756e45,cfde3edf-01ee-4eed-9b1c-8637e777b406,97e53efd-5d88-407b-890e-5d68c6ce2d9e,25
cc986877-39b8-4e6d-ba45-cd2051ab58fc,43a89719-5b5e-421f-9434-3396a5eb90a7,d3daa616-c493-4101-9f0b-f088639c9861,1
ad28709a-3bcd-4786-9abd-9291f6526a99,b7cfcba2-43f1-4d2d-951d-a63cba3e5139,4d3fe389-a249-48a3-9b21-dbb555088437,334
02b5175e-8469-42ea-9c58-1db8b021ed0d,322b7fdc-8408-4319-b60f-c63efbc903fe,ff9dcce1-ddca-42de-ae69-829fb73eca52,1
3275d192-12a5-48da-a39e-ea13304bcdfc,02d61f5d-d6cb-4f1b-a746-d49ed471c896,c3d845b1-d5b5-4fbd-8230-ed164f4497db,69
dad8f03f-5a8c-4594-8733-119d2401153b,0aa35ba3-3205-427f-bc4f-ea9cb5c4fc91,9e99f424-eb57-49e6-b34e-627681ca3d69,2
5d5185ca-664f-444d-b4f6-99f2dc1e42f7,2e07e239-e991-4b16-8e42-93ae5121b0d0,685066dc-1f9b-485d-8ede-e9e555f4b5d2,26
f68b7e9f-7d26-44aa-808b-d3987c75f52b,ce04b22c-48ae-4b59-bb39-122972c180b8,0e7e0a61-f78d-43c5-9001-2d01a1e09438,9
9feda361-701a-40af-9587-54e89b8474f1,506012c4-69a9-441c-a851-0f6b6e6e429d,2bb9e58f-ddde-4d0e-a87b-5789edde2986,18
118810a4-21b9-4a25-9ce7-27dc6c978ffc,04109e31-9784-4a03-8b9a-162d6f7b243c,153920ff-1086-49af-954e-e5838cd7a972,257
3128afd0-cc1e-4755-aeaa-0c6ee1ffe715,a2a86463-70b7-40e9-bb07-671c6616d9eb,5759ff48-1f36-4b25-9a52-12441cab4b8f,4
61d28ecc-3984-4da9-8d5c-b99cfe961c42,8a80e0c9-ce8c-45fc-8a38-768183358188,a7bba89d-edde-4f2a-87c2-1132d1a274cf,1
3099b3ce-a17e-4158-8529-c57713a3edcc,48d5e7ee-2e70-47cc-9688-14fc3ee4c78f,a9389efb-9fa6-4ff8-ad25-414b58fa7c4e,3
ed199655-4977-4035-9aea-27e0579b083e,a98e9c05-dcbd-4e69-8d10-994f580152c5,9edfd529-1fbf-4db9-b3d1-c0132a7d20b4,5
5f9273ad-a5b5-464e-afc9-fc4453213125,32e9703c-d67f-4769-83eb-1c9570dfe2b7,56c82a8c-292e-487c-894f-990147d76a95,3
70ac8cc3-1897-4682-b92b-3fd4a8cfec52,68ef040d-175d-4625-a288-088bcbb5d51c,f2aa796b-d249-4e83-8d50-0520cebc6baf,9
065d8c63-5a47-4d12-a3c2-27b36b502cc0,c99a0a2a-6d9f-4e9a-be32-ee187fdcfcef,af78199d-5b47-4d8f-87d1-d16d4f8f8dc0,174
ae468fc7-ec8e-4483-8c73-668974ee6710,55ebd0cb-d164-4d8b-bd85-8a6eaa9f023e,21780ba5-6cc2-47d7-acd2-8b91af54d95d,37
916b414f-5d62-4c2d-bb75-9bdbde112c40,61806f69-ea12-44eb-8c83-a3e5a256abc8,98bd8543-afd0-456e-9494-09be949a2665,1
6b3d9213-e3ea-421e-b5de-fa3bb878a86d,20e4a75e-d698-433a-9a25-032288333547,8c5efcb4-0218-4f51-b978-0ef260b0a8ec,1
de2b390b-1cc3-4bfd-aaff-27ae5f04c0ca,b5f3f7cb-2fcc-403a-be88-e67a3b47cd0e,00736fd7-f0ff-42ee-999a-6ca5e46768df,174
0fd20fa6-3729-4915-a5f8-d3598e740614,c4faeee1-5bf7-44b8-821f-0051c402c929,2382f55c-e8ff-4db3-8a38-742968f05578,5
d7b956ef-3f2c-4782-8903-3cf876461f94,deb3c39d-4e77-4e05-b587-d8008979b8fe,44c8a71b-39f0-416d-ae9c-fcbc62c30a87,2
49b958de-cdeb-43c2-9488-f097c0aca272,ea64dc64-7b4c-41f9-bfde-433c6459e0ee,4ba74091-f656-4c75-bbf5-7569cd3d15cd,29
069f4a51-8aaa-4a52-aceb-072ccf6ac6aa,62748a1e-3c4f-4360-906a-fd32a5294249,dd741a8a-ca14-41e3-a780-a2404948db3d,44
9d868b20-f49c-40c3-8c7f-a5fd769b27fb,20c3ae8d-78fa-4618-935f-459bac38636f,1ad9caa3-514b-47fa-b1a0-1832389f3c48,6
dbc681b1-7182-4182-b3fa-3a6aecc5383d,636cee58-d510-4ae2-84d7-57ba6c2f3c53,5f540f88-ca1e-4cf4-a83f-592feabe9296,152
078753eb-f804-46b3-97df-4ac4bcc257a6,8201293e-dbcd-438e-a673-a171541428de,4e821a49-6c1d-4155-a10a-bdc9b00e06f4,97
97190b10-7f2a-416f-b994-7bd8c48a7c1c,f6046cbe-7f55-441d-b53b-6079230c3956,3a416e7e-1da1-4c9a-810c-0711220831a8,31
f77af830-8309-4204-8fe4-0bb5b1d36f80,cb37a1e9-977b-466f-a129-386d272155fa,8f9b0928-04a8-4022-b325-7adfb3183c35,23
0322d58c-23dc-4137-957b-9a283571acd1,bc01c47b-f433-459c-9a1f-7aa32fadddff,bfca5c83-9832-4733-a18e-0b315eee59e5,14
e2b31083-6800-4854-97c6-9871c79c0d2e,deb3c39d-4e77-4e05-b587-d8008979b8fe,00bb56da-0c99-434c-95b9-14b89b0e56c2,7
67c1e397-b67e-43f6-9b70-6f90e8fad153,7e2ff4f4-ae34-44ab-b13b-22d12e5db9ab,69fadb56-d958-492e-96ea-35fd19795d6c,14
6ca3bbed-4914-4d2e-a60d-188fca536a0c,63f95a85-c36d-45d8-af06-3d99a93efa8c,2fb041b5-522c-4eb2-94b2-bdb7ad7aa9a1,67
56d484ab-75e0-455d-9850-8977902cc70e,c3773863-270d-4887-821a-afd8f3494d72,e20b4c82-bc5d-4773-9b2b-dedf1ab8af24,1
a1160196-73ce-46b3-89e8-ff5f07627a79,080c37be-e383-4fa5-9bf3-a9f22468ea28,724d1e33-052a-406b-8b41-966a12d5b999,148
7fbcfa45-97fb-414d-9f21-fcff4048ec7b,57f86665-de89-4bdf-aec8-4d1dc69a770c,c96d1aa4-de02-44b1-86e1-84e7df7d73e8,113
40efe521-d252-47f0-a805-3bb5ab533731,3ccf40aa-cca5-4fc2-bac9-a0dafb131d6f,1936af4d-b47a-4c79-8a14-3b93637f0ca1,18
88b88703-72ef-4cd2-8b94-bb3a9a815d14,d85260ac-8e12-4e39-aba0-89399e3cd7dc,f1aff85c-4c29-475f-b7e7-a7b581e6c4c7,19
0ef35752-c834-424d-9bd1-8c8cd61d44da,60880ee3-cc79-4719-b8e7-56269ce5ac6b,2912f639-2a6c-4a47-9217-18966352ec95,4
91c6a92f-d45a-4f0e-a794-5e7bcacbbf60,2366a6ec-114f-4968-8118-9d9bb06dd05c,9d95ad7f-923a-4405-8e79-54ec3c84ad02,9
e4a263d1-7618-43cf-a7f5-275811ee51d7,b56c8b73-9c4b-47bd-bfbd-e64787fb1504,cc600b48-e5f6-4007-808b-f6403b31e9e0,29
c950c906-2896-422b-90a3-23dad0d5c57b,37fdb732-b8b0-4515-85e6-61b446c5a235,ad9acebb-bfee-45f8-848b-e7acab1825fe,193
dd3c3fa8-22df-4c3f-a624-209eff5e0208,550e9a94-2b79-4aa4-94bd-87dc1ae53064,118005a1-5527-42bc-99ae-48fab1f24d40,157
9a7e4d3b-ba83-4f54-8c4c-df7cfba933e2,853d0db4-0726-4951-ae78-fb5008a9bae1,23588abf-5077-4bdb-853f-bce5e1e81885,365
ac9d0337-1adb-4ee3-8812-37d66b99bb36,b55acb1a-cd74-4b0d-a38d-9a635ca2e0b8,b7993412-b082-4ae2-acc1-3b36574f8b64,19
d33dd47d-676c-4f83-93be-88bd38f2e387,1ccf3005-2eee-4775-b77f-03c324d73567,9b6e62e1-fa5f-4120-a589-aff9140b2b19,5
f9cc25ce-7d4c-417f-b015-ef491e053dd7,4e138542-7ef3-484c-a717-39c309037a58,688d7d24-b0a3-4d03-bb93-8dff72ac36ec,2
58f3fd35-42aa-4720-b33c-bb13a08659c1,3080e6ab-77cb-41eb-8e69-024ca61c4403,108479a4-cb76-48ed-b74e-f7360a335919,172
86a4ccca-502f-41cb-aa98-180feeba7b66,61db0a31-3ee3-43bd-8b05-239b3a603007,e85d9dc2-aa70-45b4-ba69-60e0b062bfe6,1
e51f44f4-7bd1-44d3-99bd-2188c3bf69f5,873c19be-9fa2-40dd-9572-2c10131dc94e,10b005f2-7a71-45b7-88d4-863897b88024,2
1e388755-179c-497a-87a9-b3239b585383,68d15ae2-5b79-48ef-89b1-d212d47da2d6,92c0b8e7-0c29-459b-94a0-e4747e584977,350
896e3035-e70c-44e7-b47d-71f90c7a9a62,b076e798-24e7-4fee-a781-53df6ae69344,23d6be9f-b27f-4854-a504-7c7c5c2ceb8a,37
2a89622c-d87f-423c-8ff0-1456468b37f4,5291ef56-d40c-4add-9ac3-1a7c872205f4,91ee7168-beb7-4df5-9e17-95bf468b41a2,186
170ebb83-c259-49cb-a03f-9d27548250ce,48ca8b0f-18f0-4830-af15-b01a3cdd89eb,2daa76e8-80c0-419c-ab93-ae1cbc01d3ec,4
86b04185-2d85-423c-a64e-dd8ea22af340,b9e186b6-284e-488a-83b8-0d0febbde1fb,9186aa03-9223-4e51-bcf5-f82f300ed088,96
6e7bb9ba-9eb0-44a0-a6cf-9e6d2811ae45,4a657948-3455-4ef0-b610-1a5beb29b5fc,266d0e5a-d369-41a3-b8d7-79417aaaa761,42
f8445a2c-4f04-45b4-bb04-4c806838f892,767cad7f-ec50-437d-8b53-49885155d3cb,cdeb6747-99ca-4212-9700-e0ec87928fd0,200
366d790e-0f56-4bea-9bc2-0ac9bcf535be,7a1bfec6-b3c7-43f2-b05c-8c6de372ed8a,d16e8bf8-7b32-45b5-85d1-d72c8d64d331,2
dcf1285c-7959-4d59-afc9-9758bf77a3fb,49e0b703-03fe-4de6-845f-6a17a5bc098d,9aae9f98-b1e6-49f4-8f01-eb09ebca6903,500
3513fcec-7543-4427-9b69-3f5bd9697dee,3a8a8860-c159-4c3c-84b7-d99ceb57d67f,1e60843b-c4ac-4d30-b1bb-2cb894163647,28
a118f3d7-0a02-4286-9aed-c557ce22cdd5,0063548e-eab7-497c-bcd2-ec6531672894,f90b1274-dea8-4769-8626-2c1b0973327e,2
98e0d77b-a9ea-4887-88cd-b23c619a934d,e732017e-ef7a-4ad7-9c26-172906ca18a1,7b345129-fd5a-45d4-aa9b-971f61b6f4f8,5
475a5001-7770-4366-9a2e-334be6db3455,cf5368ef-066a-463b-ace6-cd095aa2d9ca,58499f0a-89d5-4c93-af50-094b060e4c95,446
2149fbd7-f7ea-44a6-96cf-0051e2fe561d,3fa4d431-ff16-4ccf-a9bf-4d4994539804,d1bc0755-2883-4c8e-ad12-6abe31564350,2
dea487c3-7456-493f-af06-3322abb24632,acd0e933-c612-4668-b4c9-456bba7c15b9,58850a6c-eb51-4357-824b-40e20da78bb0,232
321ac423-402e-40d0-bae5-8b337fffb377,c2a8e828-9b32-4e92-ad90-d7f543c59540,e7c67a62-90b2-4d3d-b31f-a5225ca73338,5
498bfe5c-d22e-44c5-92ea-aa13ba6576f3,1d21466f-1472-4047-9f08-9377cd4cff55,af59d42b-e811-4ea1-8e0f-f2a5e3cbb133,48
d19e280b-2508-4b6e-a95a-6746fc0b56b0,24a9dcdb-fbe6-4bdc-b3bd-4b760c3bc5f5,3392399c-aa83-4bb4-b729-f5a9f021cf70,5
6556e18b-fe42-451f-9e20-04a3b7e9a9a1,b9e186b6-284e-488a-83b8-0d0febbde1fb,3c02f22f-2d7e-4aaa-95d3-7b624cec1668,92
28936a45-8c8b-4426-82fb-9f4593119116,5d6e6610-38c9-414d-8dea-becb8d13eb0f,42fc17a4-46a7-42de-8618-8a34494641c8,3
d1ef36fd-baf9-4ade-b3f5-45d2de9e2cbc,fd1da336-eee6-41b9-a93d-6c47ee7e9264,7b4f6f09-199d-4646-a5bb-6beb8629482c,406
2faf242b-7b9d-4e66-8b02-ec3d20adeb43,d8d6e22c-8251-40a7-bb67-c05d5d9e5445,787fc8fa-7e41-4b43-b9b2-43fea040f4b1,214
07da6b3a-27b6-4378-b91d-0169da361cae,84b68050-f626-47d3-9cf8-647ce670213f,6097f738-f2ad-44bd-bdc4-a5a847ed3758,1
4b5e34cb-1985-40dd-be31-9893f1712797,37a83f53-d27a-438c-9e4f-59eeb6743891,e7c67a62-90b2-4d3d-b31f-a5225ca73338,59
d5e99f8c-f10c-4131-aaaf-291115cca905,f9d80ab8-075e-4eac-8e1e-610981da9dcc,4b8cdab9-6f5f-4a8e-8e8a-1e2f9455650c,5
b41a30ef-3a8d-4eba-83b9-0d499e6e63a9,472d21ac-3e5f-4983-9bf2-557bd4280942,71e42f8b-c331-4a3a-9ceb-293bec12a99b,96
8b251d61-1be0-4ef4-9206-cc13f93bfb3a,63b42e9b-8297-44ea-88d0-e067e4003030,2fc3739b-b896-4e59-8917-c84a5f41ea52,195
d56dd003-eb46-4af8-9324-bedec965a76b,f8caa388-7069-4214-8d23-3e7170ecd942,52bde5e1-735e-497e-b984-58d658aa1590,15
c43451b0-0a2e-46b2-94f8-f85bb869d659,fbe3781f-ee7e-4101-ad60-8b8fbaec899a,9d508bce-68fe-464d-aa92-04785789c5eb,2
36f6fab0-ee7d-414b-8682-75b83e01860d,74cd4c46-3156-435d-af41-24bcd061e3e0,a418c16e-f55d-439f-9dd2-41d88978c614,287
bfbf550b-c6f6-4f49-a6fa-d72a19daf2b2,c23467d4-3489-4d37-aa8f-18aaa5efc6f5,0dfda253-588a-4413-ad53-3876fadff12b,3
44bc53e0-1c2d-411e-8cd0-c09d3c594b57,bf04b5fe-bb87-4b79-a3f3-282e931aeb54,b766cc09-1d2f-462d-9fee-caf10fd88ed3,5
0e29d5d2-bd18-4843-a37d-6ba5dd725c8c,9fcdd347-5633-477f-a592-a2735f3579b7,8c6a40f8-b379-4d4e-bb51-37a54b924a90,46
f0d1cb58-4016-4c30-9e5b-098d77b7262f,62b56189-82eb-48c8-9a08-e51cc306f624,cba9d2dd-9bdc-49ae-95a2-84400a1ad45d,11
4e6636cc-886b-472e-8a93-84df127f0741,d6e02abf-a15c-468a-8f9a-76e66a0ee02a,f6ed16e4-6da3-4388-a985-60746f1652d5,36
b373d27b-df9e-458b-b1d6-ff62d0416b62,c3f1a576-9a3b-4497-a3ee-13bfdfb19565,5104413c-ecf2-4978-b039-fbfa1a2b7976,70
feee1d05-a234-425d-8e38-0724bd15e72b,01c188f5-6fb4-4e22-b722-6a31a6829c14,864ca48b-b846-40c3-b7b7-291acdfe348f,49
fd25c288-4fed-42f7-a272-37068985fe4d,a45cdfa3-f17d-458d-afab-f22bd3fb19e5,ccaa53a8-ba19-4ab0-b394-053ce6da3f58,57
4864b76b-5aa0-45ca-85ab-2c7fa87426e1,5a771db9-40e1-4f4b-856d-38431d475e41,fc576eb8-7cac-45c2-8753-f4dbff52125a,15
d0f000e0-ca75-462a-9fa2-c85c73ab1d69,49f3e3ea-56c7-472d-bd21-a7b2ff08dfc5,35d8b160-1621-4536-ab0f-8c6948ed135b,23
134494f9-23e2-4962-a240-025da40ac370,efc1f5fa-288c-42d5-a21d-66dd6ae045ff,7acaa6ae-1796-4bee-b903-f8141125a7ff,3
172de341-bb65-4519-807a-580168a15a77,efdf34ee-4d77-4839-88cf-deec2a3c526c,3124ef0e-1deb-4e6d-89c7-ed1d0ca5f275,1
f38fe231-fb27-4161-abe4-4a3b7768bf85,c3773863-270d-4887-821a-afd8f3494d72,e39abb35-4036-419d-bf98-b76750c19891,37
cce8437c-61ea-4aa0-a838-89e949d6044c,e0b19c5e-596c-4676-a6b1-6b9f2f5828fd,655e7be4-a291-46c7-a2f9-bb767de7dc64,333
44e95a82-a04d-40b4-9de3-cbde9e4886ca,3c0066c5-1f25-457c-9e6d-f8dd9631b3de,a55d4c9b-2b08-458b-a2d4-437c16bd9a07,10
4b73d801-bef5-44d7-8362-dcb48d0b7a17,257dafb6-329f-4cc3-826e-9f1a41fa43d5,da12528f-4c9e-43e6-95e5-587ae9678cf8,5
f94ebb6a-7411-4132-8f44-9670572ddabe,1f6aa8df-50f1-4ad3-9e56-e50b82127988,7ae1197c-52e1-481a-8618-31e77676f5d2,16
c447fa80-8ad2-44e3-b998-1b642e58d808,57f86665-de89-4bdf-aec8-4d1dc69a770c,e8b01285-a244-4b4a-99fc-a4f34f936850,190
5e384448-f110-4bbf-98a8-92fb54064772,3afb67ab-7cbe-452b-b086-a4a85a64dd9c,a09f477a-7645-41de-95c4-c965e502f99a,2
0dc0225e-830f-4e97-ae7e-53fc61a685c1,a23f9e7b-4361-4e37-b26f-77f4d5870bc6,9f338dbe-99e9-4026-94bd-099374e9760f,1
730f8de2-50ed-4dc9-8a48-245bcaf2ad19,44cf8e90-7a1f-4a31-9ca1-ed09798bd892,471b8daa-c413-4ef2-8e6c-917662468ff9,155
3bac1fbe-30da-476f-b139-28809b25a7d7,20133f47-915f-4fca-a4ca-643dcf320866,747b7098-3e0f-4ede-a43e-da04c622cd0e,43
03282830-147d-4416-9c6e-2d84df6953e3,754e89f6-28b7-4d09-9427-17461c06b331,c09e324f-7ee9-4a2b-b69c-8fdf341fa3e7,14
d7002bb8-4417-41d8-8ff1-5124bc90a66b,ea0a024d-7c9f-4835-9d4a-0c8f69fdea71,034fb057-7f67-40d5-9a26-978feb6d4135,22
afe2091e-b7b7-4d67-9c8f-18bf30a05409,11c1358b-2341-4550-8f6a-05815d0424d4,8b831574-13b1-4c1e-bdda-04584ce3cfbf,44
b6974f89-7fb5-4984-b3bc-e611cbe45b6c,3a8a8860-c159-4c3c-84b7-d99ceb57d67f,ad9922fe-aa1f-4895-89c4-e8c5e0470283,44
6a148913-7a87-4bed-bdda-f823204b171b,42eac55f-c5fd-418a-a618-c262b58659cd,506e6eeb-3206-42f7-8bea-585588dccccd,75
3798464e-db3f-48c5-90b6-4c68174a2e83,c6fef054-061f-4461-b7fe-9c5ea4b4a8e5,b11c5ea1-a716-4067-ac95-748d131f8a95,17
b44a2086-8a8d-4208-b4b4-f79271bef6c8,fc1fc378-b85e-4135-8392-724380c1f56f,817c9fec-adc8-4226-89c6-4f9820f6c047,181
19901759-7c72-4bf0-8b7e-415c60c4184b,6ed4a5b7-2541-41b5-ba20-ab7a1f0221a8,1bafad52-e9bb-4028-a27c-6bc00eaa05a6,20
48fd52b1-243d-4dc9-bc75-dd2e48a3e03f,f8522d34-4208-4298-99be-818aaf5ed82b,a766522b-5268-4ba4-94cb-6e83071b9ef9,3
a14a6439-7bae-4492-bf9d-961e5aea7fb9,a917d1dd-1e9f-4533-8cdc-0e78dd6ac2e6,2fa361d3-afe5-4737-86e4-869f1988f9a5,11
0d0267a5-507e-42aa-87ba-f1c5895b10a7,709dd904-9c4a-4796-a439-7e3d98bc4b8c,ccdb8188-ac5b-43f9-9d10-376aa00eda5c,12
6be0e91f-084d-497a-8fbe-fb5832a4d5d9,551165c0-7621-4689-8ce6-78cd1f19d0df,354eff8c-3aa3-4a24-a4d1-bf2d9418df21,5
21fbc1bf-0299-4b03-b806-051a246b91d1,11826307-4ef1-436c-8e6d-6ad68778b34e,8e225667-9e78-4f82-91b5-5869f818fe7c,20
40530a5e-3a0c-4912-88d2-75959c19c69d,f4b489bd-2b84-4d68-b927-50e4a4e44d98,9aa77a03-b45b-41ca-8b04-2be5af3c4627,9
e6571b43-6525-416d-a4ab-71612601d327,51b242f1-27dc-4f39-9aec-a35beb6bc357,c95c887f-50df-4c0a-98fb-3fa8b7cac722,107
1f21a950-a050-4a35-8b7a-82d34622b2a3,6d769692-a7d7-4856-9a20-81be6e769cab,b116fec4-8438-48f6-863f-b118a91a93bc,143
a00e0704-6c72-45c0-b7f5-a3cefac7a268,b0b6e4c1-0a86-402b-b400-1ad929e7062e,6fa72ff3-02df-4220-8c8f-517157dd1e07,3
e336904a-eb7e-48a3-80fd-b5d9cf58c89e,388e7c48-0027-4b3f-8310-06f6b2d4ee54,df127fc1-4a29-474a-a128-e62997c9b3af,3
d5851e5d-f578-49d9-a8a7-905bdca8aa52,187082ff-d026-4291-b601-3799541c67c2,62b3905a-4356-47c3-b057-f408be871a21,3
5eb3c6cc-a837-4c85-a10b-93db14be7f71,83899bce-54e5-49e4-b6b4-eb9c500bb3ae,a223dc39-7344-429b-a810-25530ee99148,23
216c429d-60ba-4199-8273-f6c3f51a073f,17858e57-e52b-426e-b32d-2fc78092b625,60dac1d4-71cf-4e15-92cc-e188586b80d3,8
bc1fc922-9f23-4e6c-8366-a6d643a00377,aee79180-19b9-482b-a0f9-f8160a2db391,da735f49-637b-460a-90be-e1194f56d85b,19
f07bb548-ad45-4f1e-85c6-629a480975d0,e8cdff53-a51b-4cdc-a450-72037034183e,37dd09c2-4633-45f8-a912-72d2d32969e4,293
5fd8287d-e807-47a9-b58a-f362379094bc,95c898d4-ca61-44fb-9edc-ef02dc9d4af5,580a5b95-116f-4b7b-aba6-9525f6df92ea,66
cf1be057-ca94-4ce3-a3c4-ad0dc029cbb6,8faa1808-6161-49fd-80b7-6b2c12c716c0,51fde40a-ce3a-4ff7-940f-1b3f73948758,41
cf335b28-e351-40b3-a14d-4e9232f6656b,675d0864-0960-4cfd-adb3-727c1c64d2c2,9186aa03-9223-4e51-bcf5-f82f300ed088,4
2faf59f5-4d32-456b-a9a5-3ad94dad221a,909a3a95-9322-4404-9c96-9c1bfa6dea15,0746f916-0cd4-499d-bd78-84da3c6b09a6,3
0506e928-5814-4e31-ad31-5cffd855df4a,9499f2f7-21e2-42ff-8668-0ea192f496bd,32353013-f057-4290-9753-3ba71a8cc848,8
6c7b6ed7-cf49-4aea-8890-dc856355b504,555d5473-a4c9-4fc5-b9ec-bf574d69e2f1,085bcf8d-b8f3-4b8d-8869-64dd75e611c1,321
0cd003f8-0bb6-42ed-a350-1501b0885946,0cd1cbc7-2a75-4216-b45b-d5a538e2826d,a0be263c-1107-4c6f-be6d-d16de8073691,2
cd055c0a-ba4d-41af-aa66-bb34f80b0ad0,8a2332ef-756e-4ceb-b00d-80985a69a4ff,d707de68-f1dd-4c9d-8561-b82ae39537fb,143
2b4761a6-5496-4be2-9c07-bd16fe739d34,be4384de-6a6c-4756-9dae-fff989fed40c,13663db1-1928-41e2-ac89-aa5a69ba32f4,29
a4fd9273-2905-4614-b5a0-61ec2df64097,68b3b837-1f8b-428e-913d-fd00cdca9681,2803ae38-3608-416d-b308-a1b0c56d5869,5
0ad2982d-e351-4161-b5c4-72c5eec9af43,a1ece328-c911-43be-8d8c-de37d97d8ee5,2791c26e-b0af-4a24-98db-e23881bf79c7,24
9e30048a-180d-44f0-9e0e-d20bd34322cf,3dd04225-934f-4ba9-8281-9295d5d8fc8a,002a8062-f23b-44cf-88ab-6f957f824725,50
0ccc1ec3-2b8b-4d0c-8022-2e3510013376,8ca0541f-0691-478e-a2c8-d18bdaed162e,d3d45a5f-683f-4d12-922b-7c7251074d75,4
24edd736-0c24-45d9-adb1-1af7b6e68725,3c346f61-4b65-4e2c-99e2-da4eaf2dd2e4,044f2912-d8e0-4c76-ab1b-e37d044899c0,25
d8a63b1c-16c4-448f-9112-1f6cc0bc987a,1a28a075-9f80-4a4e-bf1f-a836cc4094a8,a4a81e81-5455-4461-9df5-454ea7a28e55,442
d0e59d69-0904-48be-aa5f-78ae96ed3c1b,ef642bde-fd23-4ea9-94d4-53373c423c9c,6602b6b3-5034-4e0a-a40e-72aca888a0f9,34
1f958e22-1177-4605-b58c-f5e1925dd338,cf494691-8cfa-4f1a-bf1b-7ba217db1b12,93119547-86e0-44d9-835f-f73b923b22e8,5
b921add5-fb33-4705-b22f-98499b22ab53,3acef1b2-461c-4169-a178-0428a65e1e48,f3c25a1c-479b-42c7-92f9-afe323336685,91
209fec30-f22e-45c0-a74f-065258e06aec,ee337c60-4e15-4d97-96b7-65594c6db1c1,156dcae3-f848-47c5-996a-1ddcede0e365,9
c23391b8-a3d6-493b-b2e5-703a25285bb9,60364408-8d6f-467b-946b-5cb5eec2ae16,c5ed4ed4-237d-4235-98b1-dc1d6fff2b69,48
570465c5-0ada-402c-9842-17f533660100,b63e9677-3ed5-45ca-966f-d08adcb00abd,c62f2407-3f76-4fb4-b38f-bb32281c16ed,2
5f9aea42-fb54-4d45-bc01-0d8f71199b07,569ae604-417a-424f-b49a-4797b6406184,fb4b5c73-a659-430f-a7b0-5444a0cc7533,4
de6277f9-8075-4008-bab7-7e7c0e4f090a,3ea4950f-3d70-4694-88bc-88118742ee66,2ec70e96-f60c-4038-bb28-5f73a300f235,18
81a02e9d-74cf-4df9-ac73-23ce1ba19004,b798c5ca-4f20-4848-bf2b-666dda8fd887,77b7130d-4697-4ac1-99b1-df98371a4841,390
fd60b901-2bca-4574-b95c-9266bb774615,fcb2baea-7065-400f-8503-f63bb7d9e941,51bcf177-68e7-4381-969d-7a3fe998fd61,27
7e70557c-4c87-493a-b4c3-7957cb6171f9,61a1bb43-1579-4c03-a549-b249319644d1,6fa9a7dc-b1c3-4671-aa91-87a2f7407e98,10
a684fb09-a742-484c-864b-7fe63e737e68,04086483-35a7-4a73-a387-1671e7af1ca9,f1a1fb4b-c67e-4cb0-b2a2-4e5b64026642,48
8db036e5-89cd-424e-bb35-8015979b75d2,49348971-8e7c-4fdd-ad8c-503e620a12f1,07b20dfb-ed6a-4c31-abdc-c3dce80bb608,115
f4a9fd11-43c9-4538-8fcf-4ecbb0a7b65d,1419c2e1-2493-4b00-a6da-4011b08797c9,5bc9a8cb-b1c6-4cca-85ed-3a448a5ddf26,46
79afdcda-b0ea-44eb-95fd-147eb66bab05,8069026b-ecdf-4c91-b4e5-6656c79b67de,11538f81-daa1-4499-b96e-bb0288063038,4
5e696920-c98b-4346-96a2-f4d452f01d1a,20e4a75e-d698-433a-9a25-032288333547,254716ef-0e41-4b36-a810-a17cf265076a,3
b88bf6a2-4ac1-48e7-9c56-201b3fe8afb1,2c284d3e-e422-4ac0-89b9-28117a17c023,18e858cc-891d-47cd-879b-c8711ab8b44d,177
ea0b1410-7d42-46b7-8852-b7761dbdde1f,cd7bd659-6879-4cc8-a7d4-9e82d6e3a28c,66b308b0-5792-41b7-beb8-5ad466f8ad2c,5
00f05fe8-38ee-4a1e-8521-5edf6a691517,2742c025-fcd0-4c09-9f64-9e57690f1ff5,5bd04367-5432-4ac2-81bd-322fb7ed6620,1
50e9aa0d-0b47-4a1a-97f8-8c0447946706,19f54960-33fe-4a5d-b128-ee4c646773e9,0bc6572f-3bee-4ab6-84cb-4889fea4f555,19
d0d1fe6e-8b65-427f-83bd-278411c27238,b0cee83e-d596-4d66-8411-e96422653580,66083c3f-3e3f-4c9d-a478-8172211c7983,4
79c69a1a-9302-4933-9e5f-15a9dd4669e5,623eb5a0-e5e0-4d71-a8b7-54416a1c55ea,a833106f-1275-4ca1-a37e-7e89bff2889c,2
2b95a589-04bf-4b3c-8193-a239a93bb052,7e37b581-9524-4361-bd68-50430c525535,52bde5e1-735e-497e-b984-58d658aa1590,2
333b6c37-ee82-42c7-9593-ec25f4e69039,91702dcb-3f83-4c44-b716-299f0a29fdee,572a999c-bc28-4afc-932d-e2da6f002030,359
7661afaf-33a1-415c-ada9-d84a398863f7,c9c91b6b-3800-4a1a-9294-5108230f65f3,c1b6e88e-74f7-4871-8fe0-e102345fd4c7,111
255539fe-c06e-4c47-a4b3-e496aa819030,1205140b-ad12-4233-85e1-4c79d648812a,03a0083e-24ac-4355-9bba-2258c805ac31,122
aa942719-d6a4-41a9-b546-900d114abf17,3247cbed-cac1-4067-b6d5-c5d55ac5732f,fb76a4df-6e25-4294-91ce-20684430234b,3
0c350b44-1a17-42b2-8904-e0b4035837bf,35b77918-1415-40c1-b151-d3a364698ff4,5626616f-d134-4fec-aba5-4eaa5e7f9bc5,32
00b4caf2-fa9d-458f-91d8-9e466b95f597,0848cb33-b0cc-4d50-99c1-9dcd1ace9383,9ef37f7a-0023-457a-a1bf-4b0eab4b14c0,3
92058e11-af77-4265-9c0d-03aeed1d46be,6601c6b9-0e95-4c53-ac5c-94a213e7f5ea,c5180601-9acb-4910-9377-2773092c0e55,25
27492697-7b40-42b0-a04f-c7a15e427fa4,03390f39-df96-41d6-9725-1a050efeeb87,c5ed4ed4-237d-4235-98b1-dc1d6fff2b69,45
f3b28b38-8470-4d8b-8057-f25e92fb13b9,45c8cec4-8ef4-40e3-a121-2560ec6f2580,e9d7b269-714e-477e-8d2a-b402be7d5bd3,43
a69a8d7d-803b-4109-804b-942143e55d30,deb964d8-eca0-46cd-a41a-a1acdf9fae0f,a6dc9e55-7019-448e-8056-2d5968efa82d,1
b44df6d4-12fd-4670-a71b-b9325077d270,16d1edbf-e5a5-4f2a-a558-688a4b801437,7efb88c1-93bf-4ef9-9442-468f063ee602,311
f518ddd6-44fa-455a-84f2-1e222c8c55d8,1943a78e-b23e-4c12-ab18-6e45e81c5378,02d2e5af-839d-4b15-9b65-27f4e006dbae,6
26808046-bbc3-445b-9234-00df3838c74a,3124f6c5-e1da-4481-b891-dd053a84adf3,bae742b2-bb62-47ff-a412-bf19d86c0899,2
44b850da-b265-479b-8c51-3d356cfd5c4f,be0b1bf8-9912-4c0c-bc5d-563fb70930d2,2ef24294-5211-48dd-a26d-6b15cf32379f,3
45f4dca1-656c-4a97-8e48-513d50393a9d,003ac545-4493-4773-a476-8a9f6fe68c2a,735a7f30-b819-492a-8416-0a7302cb9a73,16
5e8fe118-47e0-43ba-8fe3-86e36ce282a6,6d5b7b28-a1be-4191-9f5b-dc138715269f,ddb44dc3-fb2d-4305-b6b1-94dd9127ba62,3
90557ddb-e7f3-48b1-82ac-ea730865896a,e071acbb-a01e-4c31-9636-5c2e1fe20619,2ab131b0-2e6f-4baf-8def-0ad5cdbeaba5,179
a3ca5519-51b4-4a6a-89f4-0a2a473c2515,707d1bd5-b2a1-4ba9-ac5c-966a25a532f5,87a9be3c-6a6c-4bb4-acf0-48090a9b8161,43
a92e76f8-ddca-4a77-b8e9-eee78adbe370,40731072-d076-4bd9-9571-0cd86996c449,390ecd40-56fc-4841-ad56-ab5873ece01f,3
e5a78521-94e6-4678-927f-405cd348a767,bc56f476-9662-45c0-acd3-71afa2f5b7ba,4316584c-e015-4443-9ea4-23429516d73d,23
232d0259-39a0-4fa4-838c-946b37406fce,4cfa6288-e685-44cf-8999-5f59113b3956,66b308b0-5792-41b7-beb8-5ad466f8ad2c,9
6ec17cf3-099a-43c4-8067-a5dac961f11b,8b4a1ddf-ad0b-40a3-b5c8-81732c1bea4b,30a05931-8a00-4d8c-a57f-fb6c59158f13,12
166c0d17-4575-480a-9f5b-d08caf8c7070,73a169fd-dc3c-4910-9709-03e029179a9a,d46c7921-a7e7-46b6-9f87-6431961a0f63,1
ec8dc326-6969-469d-aa4a-79832af55dc4,fd10d653-1938-4776-96fe-48b311ee9522,69e8ad83-883b-452f-b01a-0e81cbc7ec11,22
cf2f90d0-2a41-4a43-97f8-a55d7c90922e,424edfc1-9d19-4d39-b34a-03b519ad302c,8e2298ff-115a-460f-ac00-647317707972,123
96aff45f-3e16-4e1c-a757-fd4dd073ebb6,82aae633-ab2d-423b-b50b-f246b704dc50,2b76d33a-fef5-4428-85db-16790d9a1c53,40
8e595fc9-0c18-4e1f-9914-3a1027c1d406,b3e2cfd1-b80f-4b73-a392-62409c56a5d9,b9b1233c-940b-443b-a257-ddec16d745d5,3
c1b248f4-828e-4742-9f02-b0e60f31ec37,1ebd345a-d0bc-44cf-8e95-0a194f829547,fbb4f9da-9cfb-43bf-9378-5fe49777eb9f,1
e5742253-3d15-49d3-af3c-493b77aa7986,7a1bfec6-b3c7-43f2-b05c-8c6de372ed8a,08306fee-a2d1-44a3-bfb3-37f81bbbeab1,44
27f66b92-ec30-4ec1-a03a-2f932c225d12,7ee6c355-00eb-4c62-84bf-a520b5360c67,6cb03ddb-ccb4-4bea-b4ec-6ef99140aef4,50
e13ac7b2-d001-4b64-ac0e-1c8ac98557ca,8bc85f53-a3e7-446e-90d2-06c14347ad4c,f9e56f2b-91e9-4456-a99c-338154185055,47
72bcdabe-7cc6-4cc1-9147-6975d1433faf,53591529-d1ec-42cf-8c16-158c0c20acc2,d0bf40fe-231b-42b9-8034-805beb5e8649,37
40d8b781-158c-4f64-ab6c-b3420ce67c9d,4c6f93cd-c010-4e89-8b61-939303573cf0,c4ba725c-a8df-402e-b70a-725129a67a2c,98
8a52ace3-52fd-42f4-8620-c7a659390437,ab758c61-1673-4b5e-a884-ed3eab9e4b9f,199961b0-6796-4600-82d4-ee2e08f93b0c,26
a0103b65-9b23-46e8-9664-5e3b859d36eb,b195d165-0c03-4017-941b-3254d6630707,5c26c0dd-ff74-4447-9745-10472e52a303,53
fcfebf3d-a838-48eb-888d-31b15a70dbca,30dfc45e-bd02-43e7-a5e8-53b5b1b9370f,df0b4ea1-404e-4d17-98f0-8f8e22006988,36
00354d4a-cbc7-4de5-8c5e-7c7bb527cc3d,1be76cfb-d464-48b7-812d-3b5e050c32b0,8fa5e63a-baaf-4667-b798-214cd099d78e,1
4692707e-8a9f-43e0-bc23-e0037d8800b3,53ae1a5e-27b0-40db-a8ef-43c644b0bc37,ac837f20-2dfb-4257-9fd9-216f920fe72f,48
43b11500-2806-4650-8b72-5ddc052b5813,4d355a51-93dd-4304-a862-4c046a961426,1df60882-531a-4948-bece-1382f579c21f,5
ea1de462-f2f2-46bf-bbd0-6adce7a1c44e,151c66cd-6561-426f-a6e3-4cb436ed87f6,a483a69c-c264-4141-b501-65f50fdf7994,1
84888b70-ee96-493a-983f-3440ebb33836,693e2a79-7b4c-4459-9048-019596fd0a09,146d3067-d590-4c37-aba8-7b04a1eaeb8c,5
ec4ad68c-f4c6-42d5-96f9-7fcf5c3f5cc2,d3f3f74d-a286-404b-ad3f-a559d06b0337,2e970b11-246b-472a-bab9-277f74dd7af6,2
566f61c0-0ddc-4489-adc4-e84f2d116010,8335ba54-4fda-48ff-b6a6-b1a961b48853,61496a46-4ae8-42f7-ab45-742fa64dd1e8,21
59a1806d-421b-462f-8922-23c9b6859945,d9343b29-7734-4c03-b0f7-77d599f7ca01,62ed3f11-d835-4c8b-9f8f-73e508b00e00,5
cad1490c-fc3d-41ff-97b2-75a1c25bfffd,a1228e50-a4f7-4305-8f52-97d26db2b486,c3649824-32cf-4152-95ab-50bc73f92a5e,7
212d7264-371e-4cdc-8d0c-7fe46aa7150a,972d0c6a-9a3d-4a3a-8111-70a312d8c25d,9d38e4c6-b83a-41f9-baa1-207248d375db,138
e058d823-46e7-45b5-b5e7-b8addc3bbd0b,589363ad-8ddd-4cc2-8a2c-9d5025acc27c,67673f53-4256-443f-b40e-ead0e69fd97d,4
7d2ecb00-e78f-41b1-bc0d-8139b077c8f2,0ec9a947-a6e3-4ef3-ae9e-f79895885f99,b06060bc-15dd-4392-ba72-793c6540a2f0,125
3ec7bdb3-0ac3-40ac-be39-10b203591cb5,042905ee-c595-4e20-a555-f97631af2acd,ff9dcce1-ddca-42de-ae69-829fb73eca52,2
38512a10-b08d-4f30-9424-5e4cf63da41e,d12f92ad-e75a-45c3-a480-0cc613e52615,295e5607-5e5b-4454-8c22-6bde7e3de70b,4
0c2e0fb1-a13c-478c-a724-6b1f390e2a8b,53f225e3-fcce-4de0-b820-9166199e9d6f,51973e6b-d530-4eb0-b0a2-e4b8007bfbef,229
8a8aba63-1068-4bc5-b75c-da8d64856380,62981f9f-015f-46fd-adc7-19dd7cb24b54,7664e6f5-d264-433d-9bf3-248e1e8617ed,5
114eca6d-85f3-45f3-a5f8-797f2cf883db,2105ea06-3512-40e3-afbf-974c83361a7c,0149dea4-f987-42ff-8e4a-f862c2ef5dfa,26
568ece84-fbef-4960-9543-baae7dc6feb1,da89e528-0fc8-424c-8685-e7d1a6238fde,30dc0213-e383-4b6e-bcad-1074ffcd027e,35
faf00449-36e9-4120-be95-b0a109ea962b,5b9ed259-8b41-4f3f-8e86-56688d447df7,ae498043-40ef-4288-ad7c-b31c702feeec,43
c3241905-f63a-4f3e-b9de-5e2dfff1df67,cd10b01f-5067-43b9-bdf3-dedc1281edd9,189fb7c2-bf85-48cc-88ac-8d33574e7257,47
d15bdeef-2dd4-40b9-91c1-bf1c54e8d5a4,2d1a2499-5b11-4cc7-a10a-d88a5f324194,9994f0db-eb1d-4b21-a486-2774059d4b54,11
0df09c1b-f3ff-4187-b7d9-c961d6878f28,4941d5c6-5606-4db8-b5dd-7edce6b3177f,eab6c606-33b1-45e9-93ef-3a91391e67d3,39
e3d88ce2-4c41-4df0-81de-69e9c6ac1a18,1da74464-a4c7-444b-a471-c3bab2dac8ff,695abe07-d0ea-4c49-b455-933c67a67152,22
d90f8b97-00e5-44b8-b158-bc10105a7f17,38d145d4-57f7-4b4e-8786-4f505801a927,85bbb5ec-d6ba-46ed-bcf4-b1c6cf03c46c,39
36694fd5-4e45-48c2-991a-6dcc378ebe23,e739ab2f-e23c-406f-bb4c-fa7f01012aa5,7154c5d3-78f0-487b-8462-b22df471e9bc,110
4911cb4b-06fe-4c55-abae-c631b1f88995,ce04b22c-48ae-4b59-bb39-122972c180b8,30989a3a-0026-45cd-b1db-fef17d7c72dd,1
a7016a76-e5bc-4c08-9a4c-fe3f6cb2d6b1,c9a062f3-28fb-4cea-9da3-d37bc832adcb,107d5d97-f8ad-4557-a0cb-f666cc3a7281,12
6af1897b-9507-4556-85eb-ca22289240cf,c8eb0f5b-d46c-4e8a-b38a-2ef16b701bcf,5fb6fc3e-cd7c-4f28-94bb-f5366ae4cc39,4
54d43560-4e6b-4ef6-840b-93e0a95a9e74,f83a822d-ef27-44f3-92f0-2810c173b035,11547d6e-683e-4130-b268-7098c8ad3e38,243
4945f796-7fe2-4f27-b828-39d1c9a95cc0,689c21ef-113b-48a4-9594-eec2a5a4f0b3,58d80817-d585-4a19-ab0a-908035a7dbef,10
4b130b31-7077-4308-a4d0-8f0e526090d0,49c30418-246c-435f-bcbe-93f49ef01a9d,5ec47499-bcba-49a3-a72d-908bb340fbf6,3
a4280ab4-ca94-4cb7-8d88-9e0a1bb87b87,721de7d3-f438-4780-879a-0f24cb0915f7,c5401ebf-0e20-410f-999c-d454fe66cfd3,5
01025fe2-48c2-4d11-a9f9-db43db030a2b,d7c7a997-0e59-46c3-9aaa-250cd659f781,a68116e3-57ed-4472-8a6e-7a79a76f0cf2,3
fa21c6f2-ec48-4bd4-a233-c16b7042345a,d95fc132-2af8-4012-a1f0-0715ec65a990,d5110a5b-61a2-42a9-9199-60fe16b4668b,408
1c5a79de-7bd6-4b53-bbb1-f03ef532e296,3bfa9cb0-62d6-42e4-9404-a89fb94aa747,e7fd23fa-b876-4fe1-b18a-6fd4c7461f41,155
3bf06310-1531-4ec2-997d-aaba8152002b,4a66bc05-e0cd-4da7-a891-5854ef6793de,53e137cd-91b5-4a92-b67f-bbd24d2c1f88,262
8d47ec43-27b8-48e5-b399-7db7ef809231,f979f329-b561-49f4-8f0f-fc77ffbd2349,4e382a90-5ad8-4f33-a8a2-f801006f696e,4
323588c2-0535-43b5-9347-3b582ad90e63,f693b565-e0bc-4d97-ada8-37245dce8121,6935d85e-28b5-459c-9376-746b4f15be8a,11
5a5d9f42-16dc-40e5-ba7e-7937ea484347,5c5fc1ae-0c8e-4d96-a391-a00d84037fdb,c1414cce-41c4-4e7c-9493-b373a764e07d,2
a1da3962-ccdb-4182-8465-16592e1e6002,3dae6d27-83e8-4b19-ad6c-899448b4e2ba,158b49c3-6037-4ffa-a2ff-21f8d5d5b710,41
b78529c5-b261-41f7-b585-ec24f408a036,e6960aaa-c865-4e49-b8fb-85b6fb58af88,f026e29c-aa5d-4ed8-90cf-414b8325de48,21
c41cf4ed-d244-4222-bf04-b883a5c3fe0b,5668e3a7-c523-4be9-bff3-de6c95778b48,6cb0af80-1660-4e54-8756-e5b3cefc416c,1
ad19cffc-0ccf-4237-9e19-fd0e3e98a8a8,b0807633-c7f5-4833-9897-e27a31104cf8,04f33ca3-0fc6-41cf-91cc-adc6d02912ca,5
2e3143c0-3fad-4c90-a255-a108e87275b6,0df29d3b-8f0f-4ba6-af62-755398091827,bee100d1-a750-4658-9b8d-4479b5fbfb5e,91
ff0879b9-ff8c-4c8c-8168-70bff1dd9e0a,9f54008f-d3a1-4e2c-8404-c4c328a6a6ad,c3c03ae7-c49f-49eb-8246-c29a1d0ec179,106
6a8744f0-5e79-406c-bca9-795eaf916c4e,7029d611-43bb-4cec-a5f4-f1bb6ec6cb88,2ad1b37a-4584-43c4-aa9f-6367739ec86b,4
45d9b2a7-3a7b-464a-934e-b9f15c1f1446,0c8fdaf3-9849-4b1b-bfb9-4bff46aa69e1,bf4c8a07-8009-4b2a-b611-f75eb5bb82bb,35
5f9867e2-1c2e-4ff5-854c-739e4bbcccc2,7d68cc1b-09a8-49b8-a8d4-cd1cd115e92a,1397430e-5382-4b14-8b14-3654f4fc0829,187
67ec3c5c-4ae3-4d0f-843a-0733258ebbc6,6b7b8fdf-f724-4873-bbcf-40a6fdf63ebb,2dc9fcfa-946f-4691-8ebf-6c92b5ca2eee,2
98de826a-1ebd-4973-9ce8-e95098083be6,d7af46b3-5e25-4aae-97e3-b6ace03c4047,1c559612-a9de-4e58-894e-85e42be25cd4,198
8faabed0-ed46-4af0-a860-b20e1513989c,6b28b79e-5766-4d81-9a7c-ffd75277f9a9,ad0184ea-8dc5-49a5-a557-4aa03eafa0d2,78
c0361891-28f5-4076-86d7-af4e5a1052c6,7972c38c-89ae-4cbc-b599-a3eaa205f91b,c64f230d-f3af-4671-9164-68ef3a0154da,77
7e2a2969-1206-48a8-8ea3-b215e428ccc0,bb86e937-e5b8-41ef-ae5d-03db69890a0d,db91053f-d109-4696-96b4-b7295c134083,1
bd562449-5530-46d6-ab25-485ab642eb5d,5ec750c8-04b9-4d9d-8900-e4a23b98f455,d4fb782d-72f4-4036-ac6b-e2d734adbfa0,41
72ea94dd-971b-4ea7-bc22-02b3f1d4b3fb,239bd3a3-c3e0-4d3d-b387-5ae09677b8d8,f7e795cf-c52b-41e5-ace3-aff16ffadb4c,47
c02d75c2-8dcc-481e-9e53-0a151e1cfac9,cec1c7bb-539f-4848-a472-fae2800b4971,0514af41-7e5c-4845-96e3-13a2118ce905,5
8dac2a1b-0bbf-4ee7-8358-15e3e23edd57,2c4db0d4-a680-4e4f-aea2-7d6ed5d77fb7,6416d37a-d98b-4124-9f47-8450fa7e7799,5
22778322-5369-4cd2-8361-732352cf5cc7,f0e0ef31-edae-4f6b-9688-242f39cc271f,0c451277-f78f-4a31-80fa-0a9d514bbdaf,60
b16d2da2-af65-4b54-ba5f-585424231d6b,43c0f390-3ee6-40a0-bdc8-630d60d807cd,f790a4b1-64c0-413e-b991-864fa329ae07,5
0d501f4a-3d30-4b2d-851d-6a7bd9f6eaf5,a745162e-a6ef-4245-8fbb-2ee18a69cc80,6a9e7726-ea67-4501-8662-b1a66646708a,25
3bdc97e9-c2dc-4017-975a-333e8ea705c1,0902e4f5-996d-481a-bea0-0b35519292ce,2a672e67-62c1-4e90-b447-0b4061e6553d,136
a0c5ba24-38ee-4d7f-aa0d-fa412e303a29,c7d492a0-cb72-444d-8ed1-8da966eba3ea,82e41b29-1317-403f-bf6f-26ed94fe5070,40
7e6401cf-ae22-43e6-a809-7982e54ccf05,36130e52-9e44-476c-bb62-e13579c18ef6,43871847-5f8d-4de9-b1f4-fb9815a5d8ef,257
55bd5aea-ca50-4029-9591-7399fa065920,46e10c50-4362-4979-931c-0ae739349dba,d98bac33-9dd9-4cda-8a30-321ff9795eef,280
bf578a10-3c74-445a-ad57-e68ebfc29669,acad649d-e82f-4fa0-a440-1e24a79b1445,a5605cf7-ce19-403a-8fa7-d5f5a5bd6b58,3
3a2b9c20-42a7-40be-93dd-aeea128edadf,c20234b5-0e3f-4796-9011-585e1e300761,9e8c76a3-d590-4791-a55a-8f2facbf938c,2
e529f789-ea4b-49e5-a2aa-3a7dfe4b0ce7,e184ce0e-7f42-4efb-bf57-7b223222eb25,34492273-3e0a-48dc-a73f-7732c29582c9,26
9a82e241-67e6-4bdb-8850-0519708690d2,eaa7c966-deca-48b9-a8fb-03590ea9a5af,bcfffe6a-63e7-4111-9809-972832f52dbd,11
d0b46c75-5f2d-47f9-9316-a39d23c96fab,df0aaeea-3cd6-404d-b206-bfe224b98a6c,7267c9bf-b309-4966-a658-276da775eac6,21
a611f42e-19c2-48c6-9e9b-1ea0e4b66299,7b26c1d4-6404-466f-9e32-e2918fcbe5c2,14332121-faae-4751-b81c-2b2e3970151d,23
dc112501-65dd-45f9-9265-26c13e9de5e7,d85f52fd-c833-4fa0-81a3-6b5853e2625f,6b4e2abf-d73c-42af-8c96-f23455a941d2,172
18a7d32e-8e79-4b7b-a41e-91d844d13b1e,fcc91394-9890-4e3e-8864-3be877f37e2c,50ed2f4b-3f33-4baa-b180-1d154cc11183,23
670c35cf-19a6-4d61-a138-ad117ac864cb,713a9fa1-b96d-4eee-abe2-f37109a3ec22,59fc8094-f9ed-48b9-a632-ed8d199027dc,231
784306df-c85c-4916-9d1d-abe07c6dc818,5fdd98e7-0042-4e3e-a54b-6568e46b0322,9290e025-2a54-4edc-af45-f41676e8cf81,494
d7ade297-1d88-482b-ab01-01a3d45bb5e6,272e4c3b-4c87-4e24-8604-6583f25b3533,e24e2d65-bfcc-48f0-ba65-f05ef53e21f7,66
a0f7fc4e-52db-4cea-9cec-453fa1d7c356,0770aa09-c838-443e-ba66-8124a06fe415,09a4dd4a-312b-48e9-a288-18d95a4055d3,1
18cbc258-d301-46d4-a99d-24090e707d8c,49642aa5-32cc-4c64-a10d-032114082d14,12f034d8-56fe-47e6-ae39-4ccdb5f0fd48,56
3b9bad7f-e6f8-44eb-a145-a2d0e8a039c5,984855dc-6299-453a-bede-8f558d9bff82,266106fe-a0ca-4dbc-9759-c9f445d9f8ac,45
c555d94b-372d-4b9a-9283-c5e23b720c3a,be3f8be2-0634-4cac-80a5-5ceb265d5a70,d58221e1-929d-4daf-aee6-fba9e1bfc7c1,25
2c8f45eb-8251-4cfe-8a22-7faf5152dcb7,3a42702e-ff76-43dc-9fac-d67db1532a53,245278fb-cef4-4f10-b92a-3e62e3c0e44b,1
e0d80350-fa3b-4b33-a44e-ca06ff45badb,e5fbcf99-769e-487e-a012-f81ecb0c67da,26b2025c-90c9-4211-bfb8-479cf10f154b,122
06dcdf28-a62b-4746-83d0-c58afe4219ee,6baca994-56ad-446d-ae3c-d6376c286b12,b408624a-7f3e-4362-9e59-8c442da75ae1,41
ecfd5666-6bf7-404b-9efe-a5ba899d3045,2c8f4878-4a84-499a-a763-2d3e760df46d,eb50286e-81d2-4651-a510-50755a32faa0,45
6ed87092-91ce-4efd-903b-ce1cd1d4ec51,5125e233-4084-4c19-b8bb-205347bd02b3,a802313e-71d3-42bb-a499-5b65c70f1154,104
f9f46c87-12ca-4c8f-887b-ef162fe4712f,996b6747-86e7-479d-8f2d-12c0e88b837c,e7b97dd4-1aa9-4796-b1a9-fd11a18f8c21,2
568784ff-a29b-4c3c-8887-6e14661b3a56,1231bcd7-f14e-4102-a850-63131380e36c,63e8aed0-7cf4-4acf-8113-050ea81bf628,167
0b10986e-b84f-4fde-91f8-d9b165d1e545,e3ee9e0f-18a0-4641-a5ee-00e4ea636ae5,08149630-6362-4ccf-8a0e-2c8b67360c12,4
a62da681-ae15-4d74-b3a6-3acb50c0380c,602af706-796a-40b2-b6ac-ca422e7e4b3d,2f3f232a-9ffc-45a6-ba80-2d6fe709586a,29
1f8d9e22-a66e-464a-92bc-18a389d0accb,23736cf8-6365-454a-b1fe-d0eaeb15a965,4229a053-b3cd-443e-91d0-89565d00baaa,8
ae0dae15-75e0-48e7-ae28-4f1315570adf,34dfea87-c1f2-4b3c-9407-22e98c6b49f1,e64d5394-6649-4d76-a057-b524129ec462,10
52db0529-f338-4803-ba2c-fd8578b42acc,6b7b8fdf-f724-4873-bbcf-40a6fdf63ebb,6ba2458f-91db-4f21-95db-a7f69acb34f2,35
5e25a6f5-be48-4903-ac89-c0d62bb81f74,f9c165f7-11d0-4f46-8b4b-70bd361a1c66,f94a7612-7eb9-4d0d-b756-f58304f3a2be,40
554264d4-1bff-4153-80e0-1049d6720c44,e9844cc0-14fb-4ae8-a6f2-a3e2f6063b10,d573e10b-68fd-401d-8567-58de80dbdcaa,24
13f028fb-3116-4b68-9165-e6e2acee3b3c,cc845766-0f2a-4f1d-a9be-6c9bf990d33d,fad4e5b6-59dc-4d78-94b1-d465cfd066b1,115
834b1f9d-0651-42a4-baaa-60cffb61f37e,6a64743c-4459-47b4-9b2e-73e7fbd4a963,295e5607-5e5b-4454-8c22-6bde7e3de70b,16
c7a46402-9bf4-4178-8cbe-c322184bccac,7e1eae23-fc7c-434a-a77d-beee690f4d55,d17fe852-2e22-460c-8495-43084a7ce64c,1
964ad231-d3b3-4acd-9ebb-2449e0224e1f,0640d339-4f86-45e8-8198-8511b32e9565,d2fd911b-62c1-46b1-ad6e-8884f9e1d515,27
8d3fe334-b952-4d1c-904a-4de1b43741ad,b4ae9324-1ebe-417e-9e04-2cea7a7c1ac3,18cf10aa-423f-4fd6-b530-8456d4980e84,166
cb607fdc-0eaf-4819-8f38-68e2c2539838,3c0066c5-1f25-457c-9e6d-f8dd9631b3de,432c045f-69d5-4f4c-9b50-9123a27d1de6,103
2c8cfdc4-00a2-4a07-8e1c-cfdfb5f22b54,883a4107-bd56-4b8f-a967-292f5cc66d5b,e2caf144-32a6-4952-a12f-3d28b1db2ad1,190
d18936c6-206a-48cd-abcd-3ce89c18d141,0906ffaf-d961-4e92-9958-f84a4683501d,4b6de30b-ba2f-4da8-8fae-e5e849371315,5
25c4a76e-ee29-472e-a888-6f9bbb520177,933fd2c5-a535-4dc2-b1c5-96b5e7a1362b,bce339f0-a25a-4601-86cc-6227c89400ea,45
7276bd82-41c3-4d0d-8340-27c8264e0879,6ed4a5b7-2541-41b5-ba20-ab7a1f0221a8,3c02f22f-2d7e-4aaa-95d3-7b624cec1668,43
08425e89-e755-4d23-af2f-cfa2a3f466ca,5f2d86c1-44ac-4af8-b510-b583b65979bb,0e25eda0-ab9f-4313-a057-83e98b3e0bdf,4
38c3c566-2f94-426b-bd37-84f89e7accde,b31a8edd-8a9e-41e0-9acc-af8f5de72a47,a978fa0d-4b6b-4105-af8d-4f71d0453b58,4
7ae5f0d3-39bc-414b-8fa6-f77d64d8e94a,4ca5c5c6-2e92-4ad5-8532-dd96c2982f19,14654206-40fa-47e6-b251-a78211aa99b3,39
3e7dced0-54bc-4fe9-9d40-66e47380c390,28d0c422-8882-4144-ac5b-ea3db0d13545,8f543fff-35c7-41df-ae81-3cc46683edee,2
10bce10e-093e-4ddf-8ff7-42e47820b638,7f6f5b09-d3d6-4fcb-add3-55220a422d9a,63ed8014-23f2-4ca6-bef3-18b6ea35c55e,12
40630cbe-1543-49cf-a1c2-2983d234c23c,be386e69-3bdb-4caa-9828-36d664ca042a,6547a0bf-1bd8-4f2e-9aee-426f3262037d,69
c90e21d6-5958-4730-ae0a-e870ce788325,3516ee9f-a39e-46e0-a47e-624a8314083f,f9c79cf8-b542-41a7-9ee4-4c4fe13b5f65,2
30db05c4-27c7-42b2-bc46-2301bbcb6877,f6789a34-c317-4dea-9bfd-8434d65ae2ec,0b42e3c6-563b-4886-a132-55d320b47713,28
84989f54-fa48-4c48-af32-92873e9e7ada,de9a0f99-0337-4696-a380-1f93a51f5ff4,970ffc97-7725-4581-ae51-3237a87ee998,29
47e0132a-1ac5-4acd-8be6-1dbe13cff26a,e77c49e8-7617-40eb-8792-dd9769533157,b35a78c8-664a-4f09-b62a-03897539ccdf,5
573991b0-5912-4501-80e4-55b3c6307afa,03455261-611f-44c2-89fc-1f7b0f63732c,6c8575e9-89d8-457d-b540-ee58e1356166,3
7dee6ad5-394f-4ca9-943b-863a6fa59121,ce74ab2f-dcfd-474b-92fd-c5590ad91739,283a98cd-16a7-49f4-971f-4d0eb9f8eb01,327
4d3b0f15-66fa-490c-bd3a-b4cfe3dd712f,63c1473c-712f-4cf1-8ba8-dbdbfbe092b2,a45549c5-06c9-4709-bcf9-1842c98a07a5,4
2a12a369-45cf-4441-a583-1f7be1aa087d,9982f7ed-4c3d-45ca-8749-bd429c52d22f,cf6d0683-ec6e-4296-9eb9-f2ad973b3378,41
0d069870-5c82-4518-b564-1c28879e2710,d150df94-4d57-4129-a992-282b593734f3,558133af-a183-40f5-a7f3-c5e388f6e2e9,3
dafa8832-9065-4fde-934f-1f9a952bb2de,1388c229-2e09-4df8-931a-0e2f8bb23a1a,8b711c7a-c187-4d3d-a0b9-5822a8035e01,152
6a312107-53cc-4da6-8711-d5fb143713ec,eca9fa1e-d9ca-4a20-aad0-859b810fae76,c0570857-ce07-4b5a-ba73-980666766e30,5
c732f839-d04a-41ae-a674-dee70cf37236,9083b879-aa96-4c26-a814-45444fa62776,85972c84-71b4-48df-bf92-e170a5c7727a,42
09b7af33-00ab-4d62-914c-258b7f035cec,eaa7c966-deca-48b9-a8fb-03590ea9a5af,783e2c8b-7dd3-459c-9a05-bac4e04ebb14,64
609fb300-7e61-4d35-ba16-ae2da8def78b,14e24c16-8531-487d-b978-dd644a7c022f,bd55ccac-2b5e-4136-b8b9-c0116cdb30f3,4
56f3b76d-354e-412a-b643-788ca1a74b06,c8ebd984-314b-4946-ac86-5e709e1a5b4f,77775bf0-a147-4a59-8ee8-33fb8f672468,42
cce73a23-07c2-412a-816f-a1db99231a3e,1afec1e7-27f4-41dc-9826-fd87f8f740ac,256cde8d-f06c-4419-8da8-d0d8eb5f7db4,1
ec39e645-ebab-4d90-9962-783fff7799ed,44ed801d-cd77-4584-86cf-2ccf2dea5234,21780ba5-6cc2-47d7-acd2-8b91af54d95d,28
3e53004b-cbd9-4d11-add1-5b27c944514b,d24d9004-23a9-4b9f-94b2-f629d31466ee,7e49e7b5-093f-45b8-878b-a77c59ccf8c6,15
17c3ce8b-f1a9-441c-a8f8-e0037c352b4a,8f818d95-62d7-4d7d-bf8d-d806cd02813e,4a17a76d-3835-485e-bd1e-556e74457ecf,22
a46181d2-c634-419d-ac51-591f59582457,5d03cbd2-7c35-455a-a93c-8de9e0337f24,6e7c1ca2-9038-4465-92c7-e148d8068c95,1
3255a6ff-01df-4859-8c50-3498b179aecf,5c3caa97-24ff-4138-b2dd-654cbbb6ce51,96cecc27-673a-4d5b-aea2-95cb5e7144a3,141
8a39e6df-7580-4780-879e-65f69029a59f,555d5473-a4c9-4fc5-b9ec-bf574d69e2f1,d8e03504-0299-4138-a322-9e3773bb4528,262
52d15595-e21e-4e65-8401-28d15da6236c,83362b94-c94f-4115-aa03-58c4e6249adc,a69ddfca-85a2-4940-8ad3-541ecfd7ccb9,9
a81a5ce8-148d-48e0-a8b8-cee02732ca06,95183a0f-07f6-4964-87cd-83abb1c1743e,1e60843b-c4ac-4d30-b1bb-2cb894163647,4
3aa3fc9d-2359-497b-b070-bd40973e0b13,28089fef-8dac-4a50-ac5c-9c8165d9a98c,7102ad75-fe46-4493-b03c-3614340e52ee,3
4121fa57-478d-4596-90a6-7eca12230c5c,fb506e85-bd53-463e-90c0-9e4b69e38f38,1cef7a4c-b32e-4402-9dea-d3babc9c22e9,41
ee566cbe-8abf-4c1c-b3c0-28faeb07bf42,636cee58-d510-4ae2-84d7-57ba6c2f3c53,25430351-175c-44ae-9d26-e859bda50c09,31
dd4b06bd-45bf-48e0-84b4-998f1b78b52a,1acfd20e-3dbd-4f9b-a904-4eef397e92d2,134058b2-53b4-4834-8a3d-92eae7861ce1,14
f4e17778-fed9-43ae-b344-dfa63e7de3cd,6b7b7690-c042-4c0f-b554-ec8d3f286486,50e8eee1-bed5-4233-a59a-de6404923a5d,468
38d67ec0-22cd-4d79-bc46-c7a95839a351,cc794b4d-f65b-4db4-944b-b2c06a45bf1c,6370b157-a47e-4f56-836d-6fd85132719a,38
2e892c59-b265-400f-b76f-800cfb91e28b,d2d8a7ee-04ba-4f8c-80fb-9485c2f89a52,24c377b7-8926-4942-995e-96dddd71e117,15
61c34e02-a6bc-4e26-b277-626e523edbac,3ba5ec26-8f6a-4184-8e32-a7212a3bee4f,ec79f78b-0b6c-4bed-9d84-f7985bcd12f0,197
440c5c9b-0c65-4709-86a9-2573cc1c77e3,a5b11d33-4f8a-4944-bf0b-ce785e84315a,5cde4c87-38b9-40e6-a61f-de00d1c02bc0,2
5af21cad-103b-415a-842b-de8cbf2f956f,32a29295-a1f6-4d34-92b0-a6f801dae5d7,7eea1074-7e58-4dec-9cf9-61efc75eb8fa,401
71db45c7-9a54-489b-87a3-da0e1f499bb1,63de8b4f-b102-4c39-ba71-03e2165af143,153ff685-e6c0-417a-b9e0-a4407697f922,3
1d33365d-a1f1-4337-89f7-01f02d0997b7,2f1a2c25-7b93-4dd5-9bb2-5f61767448dc,48af493f-a4bc-40cb-98d8-d218dae0d465,45
c6d158f9-e5f6-4016-b5ef-5f03250da897,359749aa-fb14-4264-a459-c58ba11f6430,0fb43434-9220-4a08-946e-059f69d6a30c,27
df5017e9-5e2c-47a2-946a-5dc83b0913ac,2dd111b0-3829-45ce-8d86-ff09f1afa173,8bf8b0d2-953f-47ad-a17a-790bffa2636d,1
07955cc0-1350-463a-b617-bac8d8a10d8a,07549a7c-1a67-47ec-80ba-500bc8ccb0ad,5b2bd01b-086c-4899-bce3-ccaec9e31eb9,157
9f58becd-32dd-40a1-aac5-8920949409bf,0765a87d-2452-455d-8aad-4619e6bc50a4,ab8d16d4-28dd-456b-95b5-72f3c0e36e0d,2
604a00bf-3387-4a78-800b-a3f289a5a252,398daa91-4696-4617-8229-cb0b178f0a18,28a9f70f-354e-4148-b045-ee1374c3fd29,50
d52c0728-b882-42f8-b9f5-82a3c1100b47,88767c95-94f4-46bb-a46b-5be48674d1af,6d29b73a-b152-4993-a586-cd7a507bf9f6,18
68212eee-136b-4826-bd94-eaabc7b30221,ea33db2c-8b38-4357-9e44-5ef46afcdf74,95c96a1b-e5da-461a-bbdc-eaa0c79c2c8d,31
d8744155-cee8-4560-99d1-0a657e9d95fe,e4b14503-89b3-472c-8d56-db40e6cf02fa,b6f7fdf3-28d3-41da-a8a3-45ec8bc53764,1
00a7a985-0934-44f2-8a99-89f88bc9282e,d0c59df4-b29a-4355-b3c2-4d09d9b03a18,5b2bd01b-086c-4899-bce3-ccaec9e31eb9,42
dfca3f80-c5dd-41a7-b4a7-54f0c841c5f4,7bf79433-b687-4d89-9884-ac0d5ca39142,427577d1-1a93-4cd8-ab4a-453ab801fb37,353
f099f875-f64c-46da-98a2-3d5eea2d92a8,fac6eb43-3fcc-489f-bcc2-52ed8ab0e19a,ee348c0f-1adb-4e3f-b1e7-f2bd5758f9e7,129
33c2feb4-e34e-483c-be4e-98d884f06ddc,7084f703-48a2-4d77-9fa7-a1d1b99e9fb8,bc7cfd8b-dd58-40a4-8063-5df8780fc136,5
2fe6aeb6-2e9c-480f-8c1e-290c3892838e,0bffd0fc-89f8-41c1-8cd0-6d1580c2f011,30401978-056a-4c86-8ab9-39cfc12b875b,5
65261b8d-231e-45b7-8d1d-609495b4a63b,5d42420c-3b66-4b65-8706-cf9658a7d534,37dd09c2-4633-45f8-a912-72d2d32969e4,15
1adb1fb9-29e3-4e0a-8b5f-5781fe7cd2a2,a34993eb-9436-4029-9047-37f5d3223d54,89e4afa7-df27-401b-99d0-70a9691e8d0d,22
5b363ea2-ec9c-4352-9808-87f7fba81395,4741fc89-535d-432c-9333-ea587a455e1b,f32111b9-ea02-4e29-9991-979af30645ac,124
2926de62-2c13-41dc-b92d-4b4f435002bc,c31b0cb0-b685-41aa-afab-898cf6ae0b0d,0c8d7abf-8399-459a-b33e-b8fc6c6d1cc1,42
7e1dd3c6-a626-4c37-9f96-47e00cb977e6,eba4e631-7dce-48be-af44-873d3612d555,b49f7cae-3ac0-405c-b8a2-086b1a26acc4,35
f01ec709-4744-4c8e-b63e-4e48413ad511,4fa609bb-13e9-4ac4-a687-8115ccb7bd8c,2aaed5e7-b011-4e63-baa4-8c0ddac9038c,49
d4d04e68-a68f-492e-85fd-afaa4100fa29,5d6e6610-38c9-414d-8dea-becb8d13eb0f,09db5c36-a28f-497b-a72f-3562f10a3f66,40
82a6ead3-d25c-4d89-aa9b-36547e1bb9d9,f2d68e83-340b-4f5d-b786-a498ebe8b08b,3160a7f3-ba64-4b0e-af63-db519be41f4b,50
834f081e-cf44-40de-82b4-794d071d82e2,9bd541fa-f616-4053-90be-37967d3aacd0,6fba6f99-d3a9-4790-b3ce-657b5bb2c337,29
e264cc19-7e81-4bc3-be22-05cad452a398,a307d94b-8632-4d19-91fb-569f74f879f9,f55d3d39-93a3-498e-9ac8-321e5f30924f,30
1703e0cf-c2ac-41a5-bb8c-5c92ab6a3947,3d020970-976a-4318-8399-2118668f6c18,127e4357-ef6c-4dcb-bdb9-46019ec2d648,46
0a7b3ee8-c764-416c-8050-0768957ddc72,bf1aa03a-e955-4474-b7d3-fcc4aaf81360,631aa240-a13c-44b3-a4e9-e21a9da54ed0,34
34fafcff-5a83-44fc-ac16-75f09b1dc37d,985b1c36-7e62-45d3-8ddb-fab8c10c60a9,c5d9e2bf-ed00-4c91-8a0c-a5ea214c295d,28
ac253d66-edb2-4a75-a0ac-e52740aa3669,fee98dc9-8e6b-4952-9a83-07158005438a,2407553e-99de-4322-9aba-2515c83afa5e,9
27b6cbcd-99d8-4cef-8fbe-9ac27622b279,fb5b6290-ca66-47d8-a706-3165d5333a51,3c6ca219-c617-404f-9efa-761e468178fc,3
62e976e0-87d3-4cab-948e-77004379a126,1a4ac1b6-34a9-4c38-9eb3-f3d83cf7d3f7,fc576eb8-7cac-45c2-8753-f4dbff52125a,135
8f8ccf84-8842-4330-ba5b-9b26b31d71e8,fd7f00c6-84aa-46e6-b727-b0513fbaf109,d1bc0755-2883-4c8e-ad12-6abe31564350,3
7423ed04-8f45-4afc-b9e7-c288c51abda4,36d85809-49f1-4d6c-94f3-274ec88e2c28,33a64507-1794-4c07-9a29-5e6ac5b6cd42,436
15ed29fb-1f01-4d51-bf81-bca153100ce8,7ef2cb4e-8a7c-4d6a-a204-5ef6bd73a609,861207e7-de87-465d-98f4-8d749acdfc75,118
ceecef2c-45bf-4c99-a06c-252e9cdde8d2,e4e7df3b-2c84-4f2e-a000-5c63d741d906,3f2675bb-24ad-411b-95e8-d69ce5129f3b,44
95a6ed35-3b24-40aa-9e12-5cd14cae60d6,bdc96096-d57b-4866-bea9-c7507ec445ed,440eae49-8631-465c-b622-df0a236d2354,59
6fb0fb6d-f9bc-4dbe-9ab4-ff6df1474002,1b9ae7a4-f8c2-4876-80e8-732abcebd454,f99d4b52-5c4c-42f7-b000-264064e92c78,6
ffaa6a5e-470a-4400-9561-92e130f73745,fa309a9b-f25f-44d5-a726-05be37c92a09,d40be2d7-7b91-4131-836a-c12ed44af1bb,25
61820dd5-32bf-4668-aa1f-76469c9b8f03,5c38bc06-386e-498f-8eac-2e6708a7742c,41ccd0bd-9b02-4bea-8edf-7f416437e3ea,198
639292e5-84bf-404c-a2e9-bcc9f4f65a7a,33d68ba9-b2b9-4a46-8696-5fa926770e5e,2c0d00e4-7d26-4cea-ad1c-ba373eb73a2e,141
5a0f026f-94eb-4c8f-90ba-db0a3e5b743d,ef46dfd0-12bf-4c57-90be-b3a01a16d436,3a884d11-7265-4c91-9e72-53d164785069,4
1ed727e8-3602-4947-97c3-27df1ab245c9,e77f3428-9dcc-4659-8bc9-336042b92a50,890e6edb-93fd-4fd4-af04-6590d24482bb,25
698e2405-c9c0-48a8-a3cb-669c4c9e819c,88458da5-3d9a-40f6-a972-3c7e4d457be4,9c6aa7b8-ad96-47b1-a5fc-78a913a6469c,36
d8be0377-b537-4433-baa7-e4b36c378413,55693ca2-48b1-4d69-99cd-066adc780a23,41b13799-6757-4d21-944f-254f238588f2,97
b0f467c1-e023-47eb-ba02-9761d378f240,9a681b8e-e0fe-4fbe-a251-26fb238d9e45,f7b3506f-c3dd-4081-a4d0-82b53f95691b,108
e7923dc5-c7c2-4496-9f8a-967ccccd8e81,8069026b-ecdf-4c91-b4e5-6656c79b67de,878c1d8b-0dbc-4f54-82d8-49bd8339e6f7,5
a5ba0362-5b82-4fdc-94a1-69a4805d8efc,09b86b6f-cb80-43e6-888a-f61de17ce1ce,1e0b42b9-32ef-4358-8c20-496cd422ad31,75
1ed00114-707d-442e-82d6-2587c03f139a,f12537e5-44a4-4afc-aa9c-a96505dc601b,7e932486-c9fd-4641-9fcf-efe633cb538b,73
2023e665-f7bd-44c6-b105-5136dc835716,c29d8d9e-22e6-47ca-a128-4665ef35e812,e3591483-0e6a-4b43-801a-297fdcb0c24d,94
04bcf694-5ddf-4b94-9d39-af99df03af9f,eca199f2-028a-4cd4-be89-39b01b974561,c764a3dd-b5e5-4bce-beae-5287fbb8890f,169
12b7aa79-9b02-45d0-81bf-cc027cb74a20,a3e97bc5-eb70-4c2a-a960-ffb4ba256170,eb0e647e-5526-4cc6-aa5e-028099c55239,3
0b56bb3c-b73f-4b11-b968-0149e9b17d67,5d9b7735-1bc2-4be5-a1e4-1d41ebabbbff,20e954ff-f929-4f6f-b212-1397b25c68cc,5
81cd4f67-c635-4edc-bc57-d77401294339,4fefbd1a-2b93-49ed-a994-0b34dc00deef,107d5d97-f8ad-4557-a0cb-f666cc3a7281,1
62880b49-298c-4528-9b38-594bad9cbcf3,d93b5180-d1e7-40a4-949e-12e08d845773,bc0bd6e5-5062-4309-9cff-dd90d62568ae,3
8ce80eee-3a16-4405-863d-ab7663532c67,cba521c1-f193-456f-bcb0-f6428ef4416c,f4010d18-2c8b-4c6a-a893-90941515d04b,45
b6886016-e073-41f8-9d27-66be87bea620,0e0d4e6d-4c57-468f-b545-e5e4106ce924,6806f650-363b-472b-8d73-acefb3ae4378,50
d3f23dfc-2b9d-4a0a-927d-b6fa1812e180,db5c5a0c-64ab-4bf5-91b4-737aa8dc1b52,e75c5edd-e079-4cbb-889c-684050473a62,19
c5119519-d85b-462d-9029-2cfc9d915cb0,62748a1e-3c4f-4360-906a-fd32a5294249,f04490e4-a6b1-4643-8b02-8dc1b91b9e3e,5
d548420a-1e43-4c19-a33f-d58ed9941101,99bcb069-aa53-49d7-a89a-4ae57d864d76,379c12ce-53d8-4fd5-a4fc-715ee0a17f9d,25
47ab4a5d-d31b-47df-a8f9-ec5707b74b56,d92cef0a-4d08-4f94-a2c2-4ca67c31eace,22e7495d-820b-4d8f-a50b-0678414f42b2,32
b2ec4ccd-2cda-46c9-90cf-fd0c49b4e433,6823c7b6-a966-46d9-b7a0-6ab50ac399dd,496ba73e-de65-47c2-b6df-9b8e64c8f007,34
f70cae0a-1aa9-452e-bc75-8d8490d4bf74,d9941688-4e7b-4675-bb91-80767468b9d3,b6435937-462a-4bc1-8745-dc05f30109da,1
3e6fb227-150e-4f31-bfff-797d7f168dfc,acd0e933-c612-4668-b4c9-456bba7c15b9,e180b7b3-924a-4115-b114-f861647cdfea,88
6ab73a2c-8c38-4d15-96b1-3f2b88e927e6,0640d339-4f86-45e8-8198-8511b32e9565,56f0b86f-acb0-4e37-9893-9fef5cc08c31,9
aab880d2-19e8-42a9-87cd-7b9a1013dd0b,3942a6ce-23a7-4632-ae74-91eff393c8c2,ce29cb63-e18c-47ce-a0b1-35736432d199,47
7e5c24d0-f9c7-41b5-a6e8-ba170d3c355c,e3fa3215-05e4-4eb2-b0fe-132bb550745e,aeab6951-0fa6-465f-bae9-b84ef8461006,3
0f531725-0b36-49fc-bf6e-df02ce2d8264,547f1506-375f-4335-ae16-5b1957fbeb72,d181ba68-2417-4ee9-a663-14c8b40563e5,4
429637b8-3eae-4268-9495-d3f8aff4d5ba,38c26336-5f87-442c-baa5-abe836811d2b,6332a397-6f08-4284-8329-46dde397d9fe,105
140928f8-72dc-4685-88b1-d890145696ee,1da74464-a4c7-444b-a471-c3bab2dac8ff,e0b6ca5f-a299-484f-b514-d2df3614c76c,26
a179d9e3-739e-4065-9db5-522f79d68c0c,b75322bb-dab3-4c41-bbc1-c9819304621f,35d8b160-1621-4536-ab0f-8c6948ed135b,68
4c428699-bd24-4e3f-be3f-698e866c5960,107ba286-cccb-45bf-b393-27c54069411f,38fa6464-e8a1-4a0e-9bc3-50de7ee72dd3,4
5b51f8b3-3083-4cfe-ba53-6599fdce9d62,717893ef-034b-4d77-b1e7-2a6fb738701c,2b287967-3023-43ac-9dad-6f6e979374ce,4
c1a54e06-f7bd-437c-8281-53402b5f9a7d,f653b435-1cf7-4f12-a65d-ea50b4eef83a,32c61068-43af-451f-b50d-7ccafe0233ff,60
8f95957e-e275-4fdd-b0cb-0c3e4901d24d,800e4e4b-c0bf-42a6-b09e-f5202a4b5f3a,5409a0d2-f3e5-4e5f-b87f-259769145f08,42
74a91e50-8c6d-46cb-bb7a-ada95f5b4e4f,de087763-c5f2-4473-8841-93a931370c67,ed45adad-c1a1-489b-af81-e6a7994a776c,145
b59af6a7-da96-4096-aaa7-ae4cd52120ed,463a3d61-3fdc-4461-9131-8fe82b7821e9,0e223621-9be0-4560-8cf4-e443104ec096,54
67b7d1ec-1ec9-4f5a-9c3a-66129604d854,08faad54-16cb-43f5-844d-20fbc0bf031e,426f26ec-3203-4d7b-a688-3240783d2b80,123
a66e238e-93c7-44ca-8c3c-eb47da97b1f8,8cdd4bc1-b6ff-4be4-847b-36f408be6f5c,cdeb6747-99ca-4212-9700-e0ec87928fd0,181
4d0f26ab-a1fd-4dba-9533-88094fcaf3ad,6a77d12d-0b85-4006-9270-d9780cdc585f,cbbd9855-863b-4475-bb64-c325d3485b08,150
400e1439-a71f-4aaf-b039-0127bfb91b0f,c7c95af3-2017-453b-bffc-e9f613708074,696065fb-9c0a-4183-8291-d10165413f63,197
ff9da111-9e31-4586-970c-aaa90b7672cc,23bd3d77-4c07-416c-bb63-f82f548afc43,abb3f285-9878-4dab-9725-3fd457410bf5,20
3fe4fc05-bd7e-4458-8b50-7d825ea9d04c,8b61cb3f-6c4d-4218-8c42-6749f990536d,6a830dec-736e-4946-9a7d-897aebd87152,172
cb047caa-d9f5-4954-ab41-f657f218a1a2,3308f00f-62c9-444a-9e94-3cc78e625192,bc35ae3a-1896-4222-9be5-a09c485f050d,13
62ecb5b7-e9d1-49d0-a0a9-898e29718843,09f53baf-2e35-43e2-ae6c-91731c64d641,f790a4b1-64c0-413e-b991-864fa329ae07,16
315eb773-d5ff-497f-87e1-0d9ed2b4befb,0cdb01b1-720e-4cbc-a873-1c600547e266,7b35a4de-690e-4f11-87c5-3958debd14a4,2
7a968cab-2f2c-4feb-b8e8-1dba706522e9,ebff6f39-1db8-46cc-baed-b497048bd8bc,b0800218-da21-4a2a-836b-494c99bfe2de,5
48d316da-e2e2-4b29-875b-56eaf7b15e9a,8b65b0b8-09da-4519-b404-c81cb34fb27b,343abf54-800c-4537-9b15-64ea70a4991b,168
c48ec866-c4d4-43c8-a201-2a43d22e447b,1919a1f4-bfc9-48e3-a0fc-6be519d3f1ff,0164f5da-159c-4055-a962-2341f7b1aced,156
4fc5d09c-212d-442b-a713-4a5324573164,80522fcc-ec75-42f1-bcb8-755bea1cda37,b4bf3ac0-fe76-48fa-a73e-2c574fe1cc12,2
86ca6850-adb1-4bea-a98b-2a5aadb457a4,2c01732f-10c0-4186-a643-8a6cbf4d6315,a7f85449-fd5b-4035-ae45-c021de65559f,5
cd94b6d9-f307-4a69-b108-c3e3de1e02a2,27164d14-c5a3-4b8b-b04e-ecca0dc942e4,9a920eb3-421e-4863-bc56-b75916270662,31
abf86d9e-8c4e-47bc-a5ed-ff04ca046d4c,d848f07a-d763-4fe7-8cf7-00e1ceab11d8,70190917-bcd4-4fef-8229-a8fbf2295d3b,4
efcb6d46-547e-4aa1-86d3-365658f48769,00639853-3073-40e3-b6f4-9a6d44e637f8,ab5ce881-973f-4721-bf6f-a964c66e3e2d,5
aa9a0cfa-6c7d-4c1e-a4a3-65711ab3e0a2,733992f0-adc6-428d-badc-68448480d701,61f0f34b-0c78-4f11-a0c9-064d0a3eb1f9,3
a9896959-77a0-4a46-bc42-83522978340e,202b4e85-39ef-469d-bff5-8519ab132178,d3830fa2-ce60-4a20-8cf0-d4f3255e7d3d,2
8e47f2f6-dee8-4420-849e-714bb5ac0264,49399b2b-46f7-4ef0-a17f-878a8c848b49,373707e5-742a-459f-a953-3fbcd3a2f3a2,35
e07ce821-e668-43ab-b2cb-e3a91cb2d63f,95f9979b-bc8f-4810-a2a7-ddfbcf4f5fec,45355454-ece2-47b6-9234-5fcaad8f6ddd,181
3b44d4cc-26e3-4acb-a723-40161061c172,47eb4bbe-1699-4001-be6f-5b4e1e93610a,a6fe2143-59a0-443b-9a9b-942355d6d91b,46
1a18b64a-4142-4ffa-aed5-05ad7ca74449,1035b36e-c517-4d4e-93a6-ce0d760e93f9,5b540e46-7d49-4303-b583-7eabf61fe751,48
f6a19ea5-6647-43ed-bf77-212c1e5141ce,1c610427-f10c-4273-a071-3ce7de8298be,e955edf7-f134-434a-94fe-53dd3b31052e,126
311fa7e7-a5ea-4d44-9098-af88124a9d57,6a04719e-74cf-4f58-a7ac-6a8e9698ec40,3392399c-aa83-4bb4-b729-f5a9f021cf70,3
2024d688-1ea6-4dee-bc35-6b556214d6e1,cf112975-3243-42aa-a24b-3e157cae8d01,8fe7f574-aab6-42bc-b6b0-560604e6a123,5
e637bfb1-3f53-42e6-ace6-bb34a94b743b,be72fada-fd0a-4604-a716-01ac6f0550b4,f083983a-8483-4e3e-ae8e-d44304b6217b,38
c5c5d72c-251f-4236-a3ae-cf8b9dbcfe95,411c24cf-eb08-41bd-a2ae-a0b123c75d1a,6d089e57-0ad6-46e9-afc1-a9b2f2c86664,4
401fdc82-5b70-4c1f-9343-42f309da47b0,28beddca-6789-44e2-8fbc-6a3338cb0445,c6fdd795-87dd-4ea5-a739-c81f27296dd4,310
5ea368c9-c943-4d80-8620-b7426d1632f4,61db0a31-3ee3-43bd-8b05-239b3a603007,555a66e0-c177-4924-ad7e-5670ee634918,29
bc6ffa23-987f-4e86-9b6b-77a64dcd77ad,636cee58-d510-4ae2-84d7-57ba6c2f3c53,d45db7e1-d799-4cc4-97d4-45c15d7716a7,34
e323b4c2-36c7-4cbc-8ac9-ddde7b26c2a2,2ef35133-ba66-430c-8ba9-8deabb5edcd4,e3a436fc-df2c-4590-8825-f02e18c3a2f5,102
4063bbcb-6e00-463f-b4a0-faac5c147ec5,19fbb90d-c957-4446-8c38-f8758641c7a2,8efbd554-0a6f-4c0c-8fbc-8a245d0c2aae,129
c055a7e5-38c6-442f-8f90-f4d891bdc83c,27fda62a-b2b0-4c96-b2e1-88f02f75e4f2,a3312324-8dc1-4185-b3b6-3bf9b590fe10,1
24918401-aab1-46d1-b8df-fd48422baded,fd760a0f-57ae-4446-9fd7-f5240d7f78d0,33e18791-2c4c-4cf3-9fef-434cc9d9fa7b,2
bbc3045f-96b2-4b36-8aad-6f6099e30bbd,fdef56ce-9397-49c1-9901-b3c47af661f5,fa75eb66-77a8-4538-bb01-9a31a028ce13,5
7866c012-9dfb-4b5f-9862-ee9fb56e0c0d,c5c0a26c-a140-4927-9938-e1636804a385,f4c0209b-6cf7-4e6a-9224-4ccf762b0ced,36
ff9a943e-7ded-4f0b-b332-a4fec548ed01,501d56c1-6fff-4ee4-8d32-21ab118c2daf,b83e196b-30e4-453c-9c10-44044d6ca897,17
42b70f54-9311-4b85-aa37-35b962a71aba,22dd2ad5-8375-4d11-906e-f1b4f78a5beb,0e9d307d-1b78-4123-b206-90296a63a77c,30
f5afc4c1-c14c-4723-9678-2283b41f13e7,4b3c6853-9c0d-4745-84df-c3c1086f3c2d,a998adcc-6bc6-409c-b944-b0ad18c44307,14
a76e7d60-8dfd-4a7d-a8b0-7cfd6adeb83c,f7ae766f-20d4-4465-a769-2217f13573be,01872030-a5e9-4588-a879-2000461c6042,7
0d19698e-33ed-41ce-ba2c-4fb34014c755,318a3c9a-dd31-41d4-aadc-a2aba2201375,25787198-f8c8-4635-a8ca-d5390f04ba23,4
de8853a6-c6f1-426d-8281-deda2eeceb2c,431150d3-5619-4864-9e0d-a26ffa3b23a9,2ce650cc-8574-484f-8bf4-176080df9774,3
63b8a16c-65a1-45ff-b5e7-353de6d3de10,f4d53143-2f62-42c3-a39c-12b5f40e37aa,b5dbc00c-0d4f-4581-9f2b-eee0e40eb99e,40
36e578b2-4fa3-4f72-9acc-775ea5f99e74,7bfe4396-c10a-4774-a4d5-42ff0d0c44a2,c5d9e2bf-ed00-4c91-8a0c-a5ea214c295d,3
7af6035e-32f0-45f8-82b3-82fb50adbd33,b0b6e4c1-0a86-402b-b400-1ad929e7062e,8fb2694b-4803-44f9-bfc0-54f28dd21161,21
fed05bd9-1b89-4a30-885c-4649fa7f8bb1,b31ab162-a85b-4470-bd5f-f4816e43e1fe,1315d1fb-fb69-4156-a721-715523c9738f,92
0374afc3-58b6-4436-a74e-0fbd280b72a2,4c7fea28-238b-40de-afec-e54c4571e797,f69d6e74-4375-4697-b88f-9a1ebd7fec0b,6
c015b32b-daf1-4d35-b489-946a33ed5780,43b6e9d6-4396-49fe-be26-684a4a93d0a6,9cddcb4c-b2b2-4504-8e37-72509b4a64c7,3
b6635b5e-f099-45d2-ba64-049cb8199ead,c309b73f-5cc3-4ff8-babd-a4042ad56ab4,b3055df3-fc4c-429b-b7a1-94e2f5e1ad4f,5
cfb26e0a-6c8d-4a63-afb6-4c9c1b76e48d,2da85129-4815-45f8-9ace-1cbfdde8b3eb,93c59373-282f-47f4-9fda-d622264f913c,20
6c547731-f1cc-4751-9838-d14035340567,3cda88cc-9654-441e-b4d7-a4a8ec0d116f,dac20b00-f492-45d6-8771-6ec499de012b,53
2814ef34-a0cf-4ef9-8997-38f9613fb67e,2fae6b14-5cf2-43a6-a987-1e2862a6542c,6e094545-2b1d-4142-a27e-7899ed140556,25
18cd4433-1ebc-4365-a9ee-a71a54e19856,64092eb4-3990-42ba-9583-a83de18ae4aa,70bbf3c6-993a-4bff-93c7-a970a35e573d,42
64068300-7ce5-42bc-a232-59f84b089757,0ba3332d-e0dd-4c70-a12d-5400dad5207e,028f5307-8dc0-467c-a728-44d905dd6e13,5
a9fbaaf7-dcbc-4efa-b686-4510ac887db1,0f941cb7-baba-4ace-b9df-908df04f0969,53fb580f-37a2-4762-8085-8ab713ddcd76,4
58ed7ddc-0858-47d2-a6de-268d01ac1014,88767c95-94f4-46bb-a46b-5be48674d1af,67e1cc47-98ea-4bd7-8bdd-39fee329ffcc,21
bda61979-961a-40dc-99b8-978caaff7811,12b40c40-8c2b-45f1-bc49-8cdab04579ec,266c205b-863a-4290-8e72-3048d9cc2892,116
c2c3ba2d-4ffd-4451-9525-e3d82fdb3a62,34637ccb-1341-41e5-ae40-ac998f7d3962,b9df0960-54bb-47d4-a05d-19ea07d4bd36,3
e5cc533b-52d6-4a2f-bd22-dffd90c2db0c,72e11cfe-4b32-4c7c-adb5-f03f1b95a723,ac7071a2-9ce5-4817-ab82-a0206d6c65ba,369
14017a97-716c-41a1-ba10-f3d6c72fbe6d,31a75823-83ba-4665-8945-79d6648336cf,80dcba71-bc2a-453a-a389-8d740aad0d62,26
46962b92-d94a-4941-a0b7-2f950ff1188d,2705ede8-5953-4ec9-a3d8-85635ac5b879,b1728fdb-1d69-4a58-91bf-932c1c83ff84,5
d532e766-0f11-4b81-a716-0d1717fe9c1c,6cc42ad4-fb12-49c0-ba9c-2b519e2a0878,f406da38-5d5d-4a89-90ed-41d4863f193b,27
a06b3ad5-a400-4c1c-81a9-2ddec63e0992,b788203f-a551-4322-8a71-bb3f825b45dd,6172786d-aa91-43d6-bd19-8f2c9f0f6f61,449
35347d22-bd32-44a5-80f4-a75764ec414d,3a55e843-fa30-4bfe-8123-2073d0182da2,96cf845f-020e-47de-9507-986c299b2bc5,13
8c3ca995-c369-40b6-b5ef-1c59ea42ee18,9c6fd4f2-ec75-4884-9432-49ef4b141831,e7fc13c9-b088-4a07-aa96-02409120d15c,26
d3e5cf8b-42d9-4c68-bdaa-6fc6d4375f0e,e5e60f7b-f0cb-43f7-80ed-2da891cf5c48,daafa332-9ad9-4fdc-86b2-7257b78037ce,3
6c3403e4-2675-476c-bfcc-3d19cd9b3bb6,1919a1f4-bfc9-48e3-a0fc-6be519d3f1ff,27a2d4ab-06bc-4e6e-a608-e662be242d5c,1
f9cae3b8-32fb-46e9-b723-d2269e1ad2e9,80e79e45-bb2c-4fae-9488-33289397634f,153920ff-1086-49af-954e-e5838cd7a972,301
1bd4b5d7-66b4-4298-a1cc-95566bce9b47,def44c24-a719-4dd5-ac58-17db420bd183,c5cde191-a694-417a-86c0-d6d74a3899f3,34
2a04c7da-70b1-4922-9250-d485df751e12,f89fa533-9869-4b9b-a61d-2d912c4fc25f,22735ae2-35fe-475a-a380-1abc5dd05623,4
577c3fee-4774-45b1-a033-68b3d7600adb,3e54a943-3380-44f3-8398-e29355a183d4,9d508bce-68fe-464d-aa92-04785789c5eb,38
15796724-2ddc-40f9-9b07-3664ddb81e3d,88c23fee-b4d6-4a53-a979-5fa83fc4eeed,8ca0b5f1-2040-4281-91dc-98d37901b3d6,2
cd486a3f-6ae2-450b-b232-88509349fb9d,c60fce18-f995-4031-9b99-fabde3ac4bc5,d3830fa2-ce60-4a20-8cf0-d4f3255e7d3d,37
56b6a52b-cb3b-43a0-a729-e0411972c5a5,58faa78e-ddbb-44b4-af1b-e9565cb72bcf,48dc4570-b593-4bb5-8608-83e110f2426d,3
a0cea28f-04b7-4ef2-b316-e6228b55d1bf,e196238c-6a91-4014-ba2b-d8130459814b,db36488e-6b02-4b74-b6d1-ef5b5898ef39,4
573ec683-1f69-4cf9-b279-8e9110af494f,47bf3c1f-6c24-4a40-b411-80f76d83f42d,01872030-a5e9-4588-a879-2000461c6042,2
cfb65878-ac85-41ae-aca4-0f644174ae8e,65fa0391-9f85-4249-8b78-25a36c109742,6a10cbf5-a160-4212-81df-b42a2ecd9e00,44
980c322c-42e9-4ef0-b52f-336805ab6c1e,979e1eff-eb04-44e7-a15e-e7d200746763,6b790594-aab9-4178-8a65-437db84bb16e,14
686618e6-4090-474e-82aa-08c9e1b482a2,c03c8f6d-7329-4f36-a6ed-2e1c4b39e8e4,9f5beaa9-a0ee-4b27-a8fc-7454e9216bc6,30
d36e1b33-2519-4f90-be78-b551dd5c1ea6,69bdf22e-6163-436e-b135-ccd31cb7e7cf,177ebfd2-7c96-450f-b0aa-bfd6f058b03a,4
f8304cf5-597f-4c12-a5ea-5564a4c6dd72,08105604-6869-4d02-8d76-fd4f10fb3168,31f910b5-8224-4b28-86a8-da0756846c40,11
76a52260-722a-4a74-a5f1-204efbc177ff,9128f460-9cf5-4ffb-a1a7-1eef896d33ce,6be86793-9140-4c8e-b444-404320cbf998,34
aee32d2c-969d-42df-9462-16ae1a96b564,985b1c36-7e62-45d3-8ddb-fab8c10c60a9,51fde40a-ce3a-4ff7-940f-1b3f73948758,27
e235ea82-394c-411b-9f6a-0afe18d1f4e0,a84dc6c6-1f34-4809-9b8d-269dca3d19a3,053317b3-3889-4e74-8aa1-de889673c049,236
27f051f9-2742-4db2-acdb-f68ea701a851,aab8c9e2-406a-494f-adac-9c17cdfc6b55,718d0930-b70e-4ba5-a85a-721b3f795f94,7
321f281a-a994-4725-94ed-c3305867a386,b2cebf84-a3b4-4c5c-8c34-979c5ac9dd00,fd79526a-e06e-4702-aaa4-a895180d90dd,36
af292cf2-cea3-4dbc-a40f-d4d09ea7427d,1c9b8220-7c14-42c9-9a84-ae0034dd5ea7,6fc12658-0b7d-4fd3-bc00-6c1d2894fdc4,38
94715b6d-ea89-4f58-99ef-d01edc490fb2,47a05010-5b14-4176-b437-c6d21218d744,6a830dec-736e-4946-9a7d-897aebd87152,32
717e7926-f3e1-4955-bd01-ec2a54437907,c8ebd984-314b-4946-ac86-5e709e1a5b4f,394d81a7-4910-468b-8aed-0e4030872af2,2
29e3b487-7050-4ca4-bc27-6ebe865fb6cd,72e11cfe-4b32-4c7c-adb5-f03f1b95a723,42eae1e7-c918-41de-b651-c40a94731b8f,347
f69d3528-1fb7-4977-a7bb-57725d016695,61a8367c-df6c-4954-937e-7893fdec38f7,cd696f83-d30e-4f0e-aaf9-5c7280849fe0,5
0e1e319a-22e4-4b1d-8f77-1ff31fe2fe9a,bcbec3c8-a5c0-4be8-82c0-a38e8abd2c3a,3907b625-830f-4524-b843-a12b1fbe44d5,48
d0b5a67f-0816-4f53-ad39-aba23f883826,17605e02-d32c-40f3-be19-2ad8e1a0348d,fc491e4c-60b8-4b20-9554-ce7a155b9d77,454
f7ac66d0-b465-47f4-bb6c-c52a06c83435,6d916df5-ef52-407f-a823-934e4739fa20,0783582c-de02-433c-84d1-4d55addd8aae,121
8fecfa4d-6e8f-4050-bbf1-94bfc253fa25,8f727934-e165-4e2c-aaf5-d7bd933f52c2,0f1f5fe2-82f1-49a1-9145-7e17ca54408f,20
5d10f66b-f17b-4ba4-b3db-7e7b177d73f9,5aa71c56-4053-4f8d-bbc5-47d11d404b6d,fabe77fa-fb0c-40f8-936e-c9609433255e,55
524a44b7-15aa-4c98-ba06-e5035f623c5a,ce61e2b5-2280-4ea4-9e18-75044ec2217d,7ef44617-f7e4-44d8-8806-f45879168349,13
60d1d2df-c4f2-4e7f-9064-774842f8b4f6,36885624-528f-41ae-b64a-e10e59507fb0,6321610a-8bec-4559-8856-f027247fc1f6,11
d97a3f29-c142-4e85-b71f-d9971436b34c,6b057ccb-6785-482a-bc23-f9fc0fa92ce9,4801732f-c45a-4697-a9a8-20bccfb28380,46
6f720ba1-599f-410e-83f8-3609401283ff,69500018-a7be-4cfb-8940-d53693696a2b,76ff9da3-61c0-4a96-805c-d93388545654,5
b217389e-55d2-45bf-93b9-876d2e70f24c,d749f3c9-bc52-4b90-ada9-c1894ab4e4a8,81e6c842-3db1-4ed9-b989-498b7bd8bed7,3
2279b78e-42db-40cf-bb37-3858c47ddac1,f242057b-3471-4b64-b24d-d100b939f8ac,6a36a5b9-a169-4703-8d74-a411fac322b8,47
9126997b-ed37-47a1-9795-cfbf7d967a90,b4f2b098-c6c3-4f3a-a7aa-d8e642cfa462,2dc8c3e7-7596-4146-9d5c-ba3fd912fe58,13
11d85af7-0e44-48e6-a64a-f3fd6071f132,eb06870d-a590-4709-9482-7334b0ab21c2,3f03cb91-2868-4dd1-8dfa-eaf1bda46ff5,21
94b08372-9fe4-46aa-968d-d52891fb1aea,6d916df5-ef52-407f-a823-934e4739fa20,ae932b1f-1c19-468b-9267-7f628ae09b9f,32
e8b61b0e-82f4-418d-8bcb-f21e89e4b5f3,36b8213f-9ad1-408b-bed4-c233bc0104ff,dfa8c183-ca47-4577-b95b-6e665ab516e5,70
d56cb8cb-d420-4ad9-8f7e-14f4fa624f63,a7e9f785-dd67-407f-ac32-4c4e60aa975d,7215862f-5e82-4fa8-af2a-ce25f195ed75,5
97d68e4d-d276-4cca-8289-c242a5b434b4,cc4b89b6-4193-490b-bedd-4321697f538a,57a28516-b4ff-47c3-94c4-842d734cdca6,4
b440a3c9-886d-4af2-b69a-f0236de10d89,fd10d653-1938-4776-96fe-48b311ee9522,2fb041b5-522c-4eb2-94b2-bdb7ad7aa9a1,21
b30bdf84-531f-4516-ba1d-21fe43bb726e,21d31963-e6db-407f-b5b1-51bedede5e07,a7cd29a7-e6eb-42a4-8a0b-1b371c0b1c8d,8
17271716-a156-4e0f-af84-b4b9313ad392,5d6e6610-38c9-414d-8dea-becb8d13eb0f,b4126b2b-0d16-4378-8eb1-856922a0f179,21
399f0e27-9992-4535-9dbf-f12b9cbdbf31,156313c3-d73a-41c2-a8cc-306fa712d3d7,566ecdd9-efff-43f3-9bf6-4c62aaa93dbb,41
0497846a-b667-4d58-8751-8dbb3f193321,a60a6338-5d58-46b8-a65e-b97d425c4208,e8ff8e86-ed00-4bc8-ad09-5c7f1e14d76a,33
a5c82914-f20e-42bc-8311-44d8d1618415,033812ad-25b0-4dff-b0d4-6be59486fb39,8970f249-5a51-452e-9086-97112e65a6a2,373
1aff6cfb-61fa-431d-bbc4-b241902d0c8a,68ef040d-175d-4625-a288-088bcbb5d51c,cce6bef3-3f13-4ea1-9a5d-52b1cf7f2aad,12
a1067fb3-e13e-4d3a-bb3e-6147e0b6114c,a35e4e58-5cd9-4829-b6e5-3c29c80ef3b0,9b10b01f-da80-4c33-907c-df2d3d42037a,37
b9163a9c-2dc7-4470-92d8-1c7112d4c311,def44c24-a719-4dd5-ac58-17db420bd183,4083b498-9344-426e-aae5-b328a8a895cf,42
47fa361d-f4bc-49a8-9d70-28bcc511ab52,659fe537-2746-409a-bd16-435c55ab9a5a,37dd09c2-4633-45f8-a912-72d2d32969e4,389
8801b9cb-f418-4fea-ad37-0c937830f06c,dbcc04c7-d34e-455e-91fd-33eb5d38b5ea,591c498a-2f63-4664-963b-adaea0023944,11
d154cfab-536a-4b81-a43c-2471989be519,59e46ec0-058f-43d8-a68f-85aff946a39f,5d1d4840-09a9-4eb3-8c4c-44a2cf7bcc96,3
e68bf8d3-676e-47ff-80db-9551ba209abc,672d1f41-2a51-4583-a6bd-fba67832df8e,25ce1611-bb3b-4087-b5ab-7075422be234,59
c19ff66c-12ae-48fd-a762-ee109be1e314,730a8906-26be-4278-8e9a-529145f3fdb5,aa955e2e-3af4-45ed-b33c-caae45f2e0ce,176
1e0115c9-e168-4189-940d-71aab9361a63,6fc5fe13-3b92-4f16-95bb-8c906fa24343,ea285315-43ab-41e9-ae84-18c5f9ff81df,20
7cd9cec9-72c7-4f1c-8bf6-8e6c10fe83fe,d4ff6f1c-e66f-4762-a4c3-bfbdcef186b6,3f2948d8-628f-4734-8e9d-a88a5bc57089,252
84e7f39e-7117-4721-bdf6-2edfb27133d6,067212c7-229d-45bb-a5bf-f7a5e4253b5c,f1c4424d-25cf-4bb0-98a2-fd0384108f14,1
516d0db8-9cf7-4eab-b2ca-ac3929357a75,9c7ac5c7-8db1-46db-92cf-80bd8fd5b72d,e73f6411-7964-4cee-bbe9-d5a0912d97b3,4
2a27bbe0-1f90-46ee-8391-816ee9f3b5bd,5a9b0c71-a8ba-4012-982b-eac6556abfb9,7dff792a-c79b-474a-9fa8-a081d8b7deed,252
11a9ee8a-f413-4056-8a39-317f463686d8,6998d535-370f-495a-8659-b8e614e02adc,108d184e-f84b-451b-a632-1303ba5ba0e8,471
ab842b3c-c736-4612-8674-304f260703ff,b2951373-7036-43c0-9fa7-5b6e0ac6cacd,24a46fdc-4794-43a5-b345-e51bcda6d76a,1
b5b8a077-0b51-44d8-b2f1-6b7c51a8e409,5a12b449-0e48-4772-beb9-325ef148bf9a,90b55f4a-4d3c-4e85-8c6b-17d589a29679,28
6a8e5c7b-74ec-4881-a96f-877fbf796f7f,e2fba8de-c792-444f-86c4-1616859e9b27,0d625f71-f7a1-4555-9cd7-d6134da11227,28
3eaedb55-1362-4c72-9fcf-072cb4388c49,41297f06-eafd-45de-82c2-3e224ea492fa,ee74f86a-ca96-46ed-bf6e-e03873fa3b2e,27
9c883001-540d-437e-bb4e-a196541639e7,d76b0f70-af5a-4855-aafc-00f858f2caaf,531e7987-ae89-4a7f-9394-a0a54baa8c2e,1
fd65d7fa-b659-4cbb-b2dc-978662d06af6,96c60c68-4614-413e-8776-c43824cef527,5fca100a-410e-4993-9c22-056a08f4a6a3,48
1cdeab63-fa7b-4c04-a414-e5a7301df30b,ed5cc5cb-5f27-4a23-bbb8-92c3b9c3e16e,ad2d7c30-796d-449c-a909-f66d7afaa0cc,11
eff77a25-377f-4f43-b693-4bfdf58e1a1a,406779a2-df48-4681-8dc7-8c5a4e7977b8,7f09b76c-4091-480d-a0ee-097421ce55ae,368
2d3e8faf-3b0d-4348-b23f-744ec34454c7,53443bca-8508-4fc2-bcf5-9f06cd168503,f440bdd6-a034-4b94-a970-daf193ffc54d,3
61a5cc7c-f065-4919-ae1b-fe0c58e5b077,853fd341-d2d2-4f41-99fb-b16f1c5ece54,009c3f71-7a83-44e6-bf1c-daa497412b69,29
fdfb1b39-7cd8-47a1-8d82-8ea4b387b146,26098d56-8399-4c1b-8917-8a7ad032b2ea,18cac0a7-877a-47e2-bfbf-e07e6850775f,10
5566b670-c7de-430a-b336-11f98bb41c86,2d1a2499-5b11-4cc7-a10a-d88a5f324194,cb685510-f1d6-4cb0-8da2-c7e1921c866c,2
ce3c7be5-4dce-474e-802c-fa0363340c54,63426a74-249c-4c60-af0c-9ed44d6c7191,b3893831-5ce5-4b68-a8de-3d3b31fa44bd,347
abe56495-5c7b-4dea-b27f-30b3e087b87b,d7a13ee9-39dd-42a2-a498-d81e848de917,c34c2e08-8c88-4da1-a7b9-75acda6d3782,5
4cb09a92-090d-4b0d-89b4-79d3cfac831c,526f67cf-9460-4be0-af2a-ba0684ecd5c2,91c39694-ee7e-488a-a0c6-964a73b00a1f,32
b53b440d-b4a1-45bc-a46a-72e95f96a0a3,ab352b35-5f84-4d5e-8da8-bf735e5d9a85,39f58017-9c1b-47ff-9d3b-10db4623f506,24
877dac53-3294-4fd3-b7f5-e20eaaf53a52,90290edd-0ded-4954-ac9d-a46a18cb1a21,719bdd26-55e3-4f31-8e53-9e1a9bb9793b,3
5589500a-f98a-4e13-bbb6-1d134b7b2ef5,3f770d2c-3f26-4310-9465-e606b8b8d322,506e4ad7-7202-40d5-9b03-76f94a260c6b,58
9b12c320-bd69-4cc1-aea9-e4c5e46ad9c5,c53a5a66-8981-480d-a8f8-82778397de8e,57536b5b-745f-46ad-991e-dc3f92aa442d,2
da583a4d-87ca-40db-bf91-55ea66b22a76,5b5ecf3e-90ce-44d4-bb2d-5e59f8cbe557,9a702767-dd07-419b-9a2d-f60c9c779fce,4
fbf48fda-600f-44b1-84dc-f26c97c06ad8,4e8c377f-a728-4acc-95fb-ff05f3a9018f,b358d6a6-ca4e-4625-926c-ccac2805ef1a,24
e95f325f-5219-4d89-b681-8c8bb4397c4a,9d336009-0a2e-4748-ae26-fe752b7059d5,e7c67a62-90b2-4d3d-b31f-a5225ca73338,2
dd2050b7-7127-432d-a20f-f73f47f905b6,d957a49d-1c27-4168-baf9-603bdabfa7d4,7ad83004-2eb3-42e7-9ab5-aed7096136ca,3
2a7c5ccd-1678-4d3a-896b-0037bfb4b2c0,f154e144-ae00-466c-b8fb-222fc1e26560,a9b25a07-aa08-4533-8cbc-ad0111476b60,95
4a5a8859-e6ab-4184-8a7a-99dc6f343aad,a8d799f9-ae95-4db7-a2de-1876ef77f7a6,81064761-73ef-4d9b-9919-14e1c99069ca,49
71702c01-84db-4c6c-b8ea-eda04699ec52,d278cdb1-020a-4557-b456-3cd809dd3ef7,63c1f97c-937f-4b51-94f8-8528b1d5b85e,116
da210495-97ef-4f73-8961-a9a3c00aaad7,1231bcd7-f14e-4102-a850-63131380e36c,4a157d8a-146e-4bb5-9ef7-15fc037fb8fc,45
e0460138-3f51-438c-b978-5f98dae39bc9,cf4bd033-eab7-41c2-a372-6a927f0e0041,1daf4a93-e5e2-4d9c-bb86-a0a1ad85f3aa,3
738bb6fe-4fbf-41e3-b837-c4cfe3803077,99e6ee9d-cc27-43d9-a0b3-097ca2dc4c0d,92df8aed-efe1-4a44-9603-92f3140c7154,191
f66d8dda-4169-4671-affb-65dfaf28f6d4,7814121a-c922-47a5-a1a5-211e26c99cf6,6a9fe780-7243-4cee-bd45-36d444cc38bc,3
a6531890-a5ba-4682-864b-e7273ef0571c,e944f701-462f-46ff-9187-af5cecba2eb1,1e721f93-c3c1-47c0-8338-60b791dcca89,3
816d1dd4-7815-4820-813d-01659d29ab3e,d7b951a5-4c95-400d-9cfc-0f12a4f4d9d5,0a9e0702-b508-4c17-815b-2f538f8b1828,4
54819c20-c8fa-43bd-9b6c-150bbd97eb98,e5f6f9bc-0cf8-42fc-8747-cf6aaac97080,3d382829-14f5-46e1-9796-a2e9d4c12e2d,89
c576c9f0-e2b3-4cf7-868a-b435f6518478,bba52011-eb5c-4016-a83e-105533064d31,a978fa0d-4b6b-4105-af8d-4f71d0453b58,140
ccae1d36-3903-42bb-8a39-de7382296e35,3dec8c30-cd10-4825-94c8-7ef2f17b5d38,d4b85339-8886-4a2a-8c6c-d051ac95a1fa,2
129f3960-3b55-4bb7-ab62-bad3b9b5263d,2366a6ec-114f-4968-8118-9d9bb06dd05c,84683a94-b904-4b79-8f2c-e2d81968e0d2,38
ec45d11c-177d-4592-8cb4-a7b1f229c6ce,7226d0d3-3550-482a-b039-16bb272f3ac8,db55ffb2-efe1-4c73-998c-60815f3bbb37,28
a29fad3e-927a-4fed-9938-3590caa378eb,8ead11d5-bcdf-4ae5-a572-8e26f1d61e51,20374317-caa5-42ec-a00e-a42d2e1881a7,19
9849c2e5-4c8f-4a9a-85ca-6faa0a97752a,45b8f583-c0d1-46d6-b0d5-978b9b9e4205,cdc8cc0b-f6b4-460f-a74a-505888f53463,40
8fa46ec1-3508-400a-a989-3cd48a688c5d,8eca9894-71a8-426d-8122-993f2df7ed2d,92c0b8e7-0c29-459b-94a0-e4747e584977,48
e5175e28-59f8-4029-a51e-5d2ea7ebec7b,a5f589ab-a4e3-4fae-99ef-643196f7fc50,6a9fe780-7243-4cee-bd45-36d444cc38bc,165
c0732341-2c5d-4d3b-ba5a-489e97e62f4b,b6e1f5e4-ecf3-4e4c-bc7e-8874693ad4cc,1d26c74c-3c58-47a4-b729-ce451a6c0829,85
8b545ae8-f9bf-448b-a062-453f136f189a,1772efb2-a2c8-4027-85ab-114fa49fd366,495af895-90ea-4833-9fc2-510174cc60db,1
f476a922-09e6-4c3d-9bcf-0dcf233ac25f,4c04d71d-afaf-4458-9cb2-858547f6a3df,4e246eac-8bae-49ba-9b37-165145c1df01,154
2a3928b3-3725-4b4c-8804-bd90970410ba,81e4a3cd-7410-41fc-8afc-b6640f1ef339,ec45cbdd-b17b-46b4-8e9f-14119f3b17a6,175
4b722142-8176-4031-a541-5ad4bcbc004d,63b42e9b-8297-44ea-88d0-e067e4003030,184d8987-bc20-46f9-b361-ec8e0f7cc8df,44
266454a9-2f5d-4ea3-b737-a365d29b2bd0,d244bdc6-728a-435d-a429-7a22841cf53f,4999684b-c00a-4c61-beb5-9e5e57b14c33,158
e199bd0d-24e7-4887-9fa9-3acb2b7ad215,5c38bc06-386e-498f-8eac-2e6708a7742c,c538ba7a-7b4f-48d5-8126-7bea8407bb90,2
a4400d3f-b8b6-46b7-b4cf-284ddb4977bb,401ef2c0-885b-4adc-9c1b-70689cb2013a,141d7e41-d770-4096-b434-721965469d76,28
50fa23d1-6e8d-4a20-bfdd-fbc3c92c053b,2b14b806-0edc-4ca6-9b6b-138e0ac8cb9a,ee0d76f5-d846-4e3f-a3d2-374e28412387,254
7597064d-d207-4641-9b2d-882b35c7c57f,7473cd26-3cdb-4442-8ccd-d599a68a5fe6,326db2e6-1716-4844-88e0-1043d4daeb37,5
ff736476-145c-4c75-8421-402a489cf9fb,33fdad76-30b6-4003-8356-ceb6a83c7fee,45b5d7d6-52ea-4249-aac8-66bb5b2372f9,108
371598d7-eecb-4d4f-9492-95632386fcdf,0fb58bdf-570c-45d3-b948-1bdca29e0e4b,731b1789-51f9-47d7-9d42-769e855b5754,44
90762159-b0e2-44f8-9d8c-5ab5449195c3,98e0ea6b-5669-4467-8924-43f674e3e275,85388bfe-309c-4807-8931-a2b3e0e1dd8e,4
0ae5946a-9d38-4e2a-ac37-b2671cd76363,13eb14c3-d744-47b9-a6ea-13b6ba8f0483,5d5c1097-0170-4367-bc9b-24851514f116,27
4de9110d-8e4f-4940-b856-3f1bc9b24447,3a1ed570-38a7-4cee-bf39-2b7c4409f7a1,8dc05544-aac5-4349-a954-ec2a4f818574,1
83b0eb66-c26f-4427-b57b-52f7228eec7a,8b01cd9b-1ac8-4ceb-a200-aa58aec65e54,87505603-8d65-4d1c-8eec-f3f5882858fc,447
d8a11fb8-f101-4c7a-98b2-7555cacb819d,e46b7d6c-b2fa-4e81-a88a-20719f6196ef,153ff685-e6c0-417a-b9e0-a4407697f922,36
9c11afca-6dee-479f-b37e-4a25906cb240,d8b1e302-f482-4b3b-b44b-0a9742c3fea4,ec510d7a-29ae-4c9f-b97b-744abbf3e1e5,1
e8910445-f6b4-402b-8961-bd2e0b83f672,0841d75e-d73d-4147-934c-ea2d1906c353,0aa0dd89-2710-425a-ad24-042f700b1236,18
f07ff4f2-c361-4cec-aa2d-0a00c96001ed,83d93606-8ce2-4fba-9d4b-12c575c4e94c,687efa70-cc9b-4b4c-9e25-be0018b73dbf,33
e5297a08-aa18-4ea4-8ef9-c27f4d84ba4a,a725bce8-7713-4dd7-9424-a659fff5acf2,ca5ad341-989d-466b-935c-308632705ebf,32
f080d4df-4551-44ec-8385-c4db5b627022,508ed76b-366b-4ea3-be6d-21e51e547cc3,119b889b-6147-4faf-bd5a-f223dffb047a,1
cc7bc539-fc4f-433c-9c62-91c0ed3993f7,7789b724-f6ed-4e2b-ada4-13d38dbb3880,dd9f2da9-7e47-4cd5-848a-ebf89d97a542,4
6ab3b38c-1baa-401d-980e-fe13562d1d42,057ed2a8-2826-472b-b266-768223fa2983,5a7888f7-567e-4db2-9144-f59c8bfb4939,17
67392088-e07b-4a50-88a2-376e0540858a,f27a1b5b-020d-491b-baa2-63f95f9b2f4c,6af79f72-7ae5-4c38-9abd-cf36a7d02e68,56
02bcbe22-4be6-408e-bdee-9dc13e3398ce,c53a5a66-8981-480d-a8f8-82778397de8e,005b6cee-d836-4520-9e8a-79f176024978,13
bbfaf9ee-2a97-4c42-948f-497a94a3b298,f12780e0-c00e-4d75-b020-8155232a4a2c,9e48a486-04fc-4a00-90d0-24e74e5994ff,35
6b6873c1-89d3-43b7-acef-7fc98095373a,042c0c29-b16d-4dcf-9e90-2aac161c8d86,320528e5-6478-47b9-893e-3748c287dd46,3
1f92dcd6-dae4-447d-8d83-1d3e9503a069,13d17158-273a-4063-898d-ec84cd2adb56,cf2f019e-a8dc-4164-a71d-0177cd4fded9,5
c05f64e1-b9da-4195-a7cd-f73605c97334,e23c930b-6b65-42e9-a63e-5358c20ce0ac,257933d4-2622-4320-bb58-d0f4d3b65503,34
9833605c-0848-46d4-bb86-4ec7ee3ab17e,8f89d693-52e7-4188-a25c-c6807a39d3b9,709befe3-467c-4e66-a8ec-15bed0ca55f0,194
eb2aa9e7-6f34-485f-b38c-b9718ef083e3,dabdb082-e17e-4e47-aa7f-34b1fa467846,1fba6d27-adb3-48fa-97c9-ec5a83855ab6,1
9b0709a0-5972-4afb-bb0d-3742998d0a20,e3ebfa07-3fb5-4a1b-bd6e-30aaa13fe958,210eb145-8dfc-4fa8-8671-1b48b4a4fb9d,1
52b16725-6fdb-49ba-8513-6e049bd6fea0,f71b59af-d1c0-42ec-8721-df26f2c3db96,e725e53e-8023-4aa2-99cd-6607858a45b9,12
009f7eab-7829-4f32-9c02-0062384a1c54,628bc248-e763-42bd-895e-8972aa9dbec6,13234994-55e8-4585-9c52-d9ed474eb2f9,3
56edb51a-01d9-4354-b09a-81456284632e,f0abba24-05de-4be5-8c23-ae245564397a,7fae7feb-db71-4755-bd88-0e430c2f6ebc,5
5c60d796-1b2b-433e-934f-e3cf11628726,26816345-e6fb-49ee-bd42-d48a4609fd27,c9421525-667b-49e9-aadf-5d511d1dff26,14
fa8c44f1-5735-4b27-bdce-01b7c84fffa6,384d7ee3-24bf-4870-8641-87df04eb3cfb,d7bb55bd-5562-48e3-b425-0bcbaf9e036e,21
ab3681c9-1760-4f64-9a89-e122088b6ca3,66eb82ae-1bc9-4fb7-bf08-fef1891d0991,ab67654e-d2f2-4ea9-8123-ab967861fe56,389
d746fdfb-dbc2-4c39-af32-c0c0563d6444,f2d3e31a-c7aa-49a7-bca5-e5361627435c,8defb2d9-ff71-4844-a336-a972ef7eb652,1
dbd0f6c1-df4b-4bea-9260-eb1168852d70,114a4af9-67b2-4e2d-8330-47118c685741,9b6e62e1-fa5f-4120-a589-aff9140b2b19,1
2da33d86-2e31-46e4-8228-3406d6e61581,22dd2ad5-8375-4d11-906e-f1b4f78a5beb,17f72865-3d30-495c-9f93-04921e0d41ef,18
6398cbed-2a74-40e4-a2db-e5bb120c1544,75a4ad29-3d6a-484d-a8b1-00da05192353,bddfff27-8aa6-4da1-976f-6aa06fa9a2c4,77
55d80c7b-fb97-4740-be08-8de97b543123,4e138542-7ef3-484c-a717-39c309037a58,0bf7e50d-44ca-47de-9de3-0c72e834b66a,10
779216a1-c921-4904-b76a-006b9b6a7e9d,6edcc6f6-437b-4b76-acaf-971ecc281691,6ed559ff-3884-4e6a-8512-158eab1243b4,6
1453900e-5a3c-47f0-ba88-85f50cf4e4ff,3bfa9cb0-62d6-42e4-9404-a89fb94aa747,f62fefe7-cc6a-439d-abd1-4ad2baeea304,4
c079b12d-ec72-40e9-9705-3c9f1519a9cc,01a2988e-0252-4b4e-b0b6-a26a4a29b394,26cb1ea6-527e-4d7d-a59f-c785040d12d0,108
0ad94964-a2f3-41d5-bddd-318d8ea1b89d,7cc86053-a3f4-4511-8f18-de7f116fbf38,2c03eac5-367d-45b2-b8df-ec309a7cd0fc,4
ad3106ec-0e76-4ce6-ba73-2d07588b29f9,6fe76ce0-a168-484f-aba9-6029cf97054c,4c7d012f-c0a9-4f8f-9368-50718f150531,49
04192a33-e210-4a93-9140-77c5249734e9,af04fc94-6173-439c-9c34-62356f3e02a9,6cf8e575-6fcd-49a0-89fd-aabb0ad30988,418
8d2b7d2b-c3f7-44bb-a180-42cbc525011a,f6789a34-c317-4dea-9bfd-8434d65ae2ec,b489bb85-6799-4232-b098-0f11713cb393,46
6171efb1-d200-484f-9025-3fe70267b482,5d929eb7-12e6-4d9f-98ec-34b20de40335,e3fa629c-1b74-4561-ab04-c76ed0eb8431,4
9b80b0ea-6b36-4766-9f64-3cf941ba7928,23bbfbb0-4a93-489e-8d83-6578076d6825,bcc59450-9c89-4aef-9bf7-e53e3978a8a6,26
2667e5d2-430e-47f4-bf26-c498b629e96d,88c23fee-b4d6-4a53-a979-5fa83fc4eeed,74cb2b41-8846-4e14-8def-d1e265f32232,35
4daca4e7-3e5d-4398-8eff-e284eeea2764,0e97040e-b1df-4fb2-bb63-8a9471698417,22dc6923-2aec-436b-b4f7-0840bd222360,3
eff96dc8-e3a8-4df4-811e-7a5e672a9e16,44795aa0-481d-4018-bc06-c1f676d769f9,06f925f9-180b-47ed-a22c-625ea9feecb6,34
cfd92052-f3d2-47e2-bbc7-03697171ec77,7cc71442-6cda-4cc4-9283-7909301940fb,88fcac6f-f863-4290-99b9-48e4c0ec190d,19
8dfe2c0a-00b3-41be-929f-4909038f91e6,ffebfa87-b300-467a-948e-3a590d5c7225,1cde3fde-2018-484d-a089-b0cb2dc59854,33
2e8f2545-bdf2-4f70-842d-0d37e83305e0,81c8b3dd-c36f-432b-bc04-1175932790dd,6370b157-a47e-4f56-836d-6fd85132719a,3
fe3e9efe-36d8-4298-b3e6-618bc905c662,5ece9669-3308-44c5-a46b-a72b888b532f,a4698ae2-abbd-4d29-88d8-9ec1011c0721,29
553d5664-258b-42df-873b-19031f8b4b77,f9c165f7-11d0-4f46-8b4b-70bd361a1c66,9d4b3175-d945-4c5a-ad1b-6036a3f50448,1
b63295c2-5aa3-4804-bdee-48b294b909b5,5c219f2f-8343-4e66-87fe-09d22e835e5c,30b6cf73-9cf4-4d8e-bd19-91213358b882,50
d2712e9a-985e-4db7-b3a2-59afc619ce65,5068386d-f2a4-49f1-8d75-a29f5a62f3f9,64de9a55-8aef-4e71-b2bc-a92821da01d3,4
4bdd1a46-6faf-4e21-99b0-bab4e6451c1a,dadc37a9-3b74-4a97-a9e7-8688ddcfc115,402dd692-41a4-429d-a3c2-c2b6dfe2e1d2,2
77521315-1c2d-4db2-8616-a6d17c0e7285,3c574376-3dd6-4d86-b9a0-80b05a07af7c,787fc8fa-7e41-4b43-b9b2-43fea040f4b1,342
e8013081-9308-4e12-a274-f2ad9dfd7109,ed4530df-9f05-4c4f-9b27-77ce68b4121d,fbfbb5d9-db42-434d-9456-339b5213b666,261
a6d3992a-680a-4f8a-8012-6f44304ad7d2,c7b45640-7804-4fc8-83d7-fc589ad49259,b49c7a2d-ccd8-4c1f-9b99-bcc95ffa789b,354
2be748f3-4ff4-4c67-ae23-5c52f99c0a17,013199bd-c3af-4946-9a89-057adbef010d,49f3d007-5dda-494e-92eb-18d369b89a98,84
9d489cc1-1643-4e7d-bdb9-51dbc6f58c5f,9f030f2c-9eff-435f-a2dd-d8db20338afc,267fd6f6-cd85-42ff-bc17-a2576d264ada,18
916def1c-8795-4a0f-8855-3e519119cc9a,bfb44e37-0f00-4259-a0f5-13f66962ef7e,ee4d122e-8369-4114-aaa4-99bc3d9109a1,47
4365c1c1-5e8b-4c28-85a1-6a571a9cefd2,117d51f3-20a7-43c0-8fa0-895b3f83b7c7,5809ad52-4233-4a10-b23a-ac6de17ca3f2,28
8fb0a664-390c-4db7-99f6-30f6fb118880,a7c3c437-c543-4f3d-8ee7-46e1594479c7,394d81a7-4910-468b-8aed-0e4030872af2,2
aea439cf-e82b-4316-a502-16294cb6736d,fd96e933-6283-4aa9-9e1d-b2fccd52cc03,6938c525-7376-4936-9ce0-6b68c60f3683,50
596a49af-468f-4d04-a9ec-28e967d6a340,8e10fa07-99b0-4f0e-ae3e-98a333ead09e,954ba2f6-4cdf-495a-baec-223702b40694,248
0a333507-6112-46a3-b6ca-183254289303,acc5612e-5204-41c3-a10d-c4cbd618f547,09bf8a81-7e6e-47d8-bc2f-b99903cd1a53,389
254bb5d3-6bf6-4f1e-806f-24266380cd02,f49d3da9-a3ef-4c1c-b663-668f9e42eb1c,77af8175-19e8-42aa-bb69-3cfc0ef55482,25
5c46010c-29c4-4bd0-89f3-81408f30efdd,de7e8fe2-bee2-4187-89fd-426424baffac,c53ba084-872e-4690-939c-e27d4c30079e,2
257359cd-7ce4-4fa6-b6b6-0ef0293a792b,b31a8edd-8a9e-41e0-9acc-af8f5de72a47,c8c024f2-10c7-4389-9053-6737fe1dd057,2
5621b575-4401-4aa9-9b2a-a8299685339c,e0e3c6c5-db3c-4902-afca-8ffad3f6dfb8,7082d62c-6f45-4875-a769-54d7fd6e0420,1
feeb746a-9a11-490c-a8a3-48fcfc2cd2da,01038f52-2567-4065-9434-90ed764739be,8e225667-9e78-4f82-91b5-5869f818fe7c,5
2c199d39-8021-46ac-8b85-f80751223aec,9d90bbaf-c65f-4a98-83a0-d95f4b6c7bcb,37960680-c328-40ce-910d-75f50f0dee30,23
3ae2362a-8535-43ca-a13a-06bf1443df61,c14ccb98-dbce-42f7-b303-e61d6c29e73c,24ce569f-4c0e-451e-8b85-135d97f1e3cb,3
2881b07c-cc37-41c4-9225-b779c52dbfc6,650d3967-c220-4ea3-b147-4cc8f393eb9b,6172786d-aa91-43d6-bd19-8f2c9f0f6f61,24
b7660679-d63c-4a1b-b3e5-844e172b329a,254040b2-66ee-4064-a8bd-95abc514a45e,b1728fdb-1d69-4a58-91bf-932c1c83ff84,94
b8405d30-28e2-416f-abc2-830933b3ed87,86efe33a-90c0-4cb1-9ddc-71710fd05c84,001cb359-0b17-4bb0-8701-719f244dac85,42
e49fda03-bce7-4c3f-b783-7d12a60a1795,a154155f-5e77-4e14-81c2-909d0112c649,d638e233-566a-42f8-8f42-27c88fde40e4,1
9f1595f7-905e-4691-82d3-7742ec1851dd,83ba9b60-23da-4d3a-be14-a2440169d73a,246ddbc2-6ded-4560-8315-bffc295ed5de,190
d9b1976d-fa3c-4abd-931d-194f61588606,8d5fe02a-db34-4b13-957f-39222b952755,028f5307-8dc0-467c-a728-44d905dd6e13,2
73440bc6-f614-485a-a50a-2141ed529081,c1822c56-cd6f-4c1d-88d6-b6a31a74814d,82fee116-da79-488e-8b79-f4aabcb74b4f,421
c0ff7b24-39c2-495b-936f-dd736ded853a,4cf8c975-89ce-445c-a200-e96dfeba0508,bc7522fa-97ec-4f7d-9a36-90e12140257b,12
928b9c3c-3b0d-441c-a385-9199a2c8548c,b086a67f-ef75-44da-9660-72367bc32dc1,326db2e6-1716-4844-88e0-1043d4daeb37,209
f82e6a00-4408-4430-873b-bbc4ea1ee4f7,980ffbba-9f0f-47ba-9236-b66c347eed73,51c8abb0-057c-4b58-a05a-71fe7aea0785,4
12ffa7d4-eebd-4ca6-ac77-58a91dffea8e,b0807633-c7f5-4833-9897-e27a31104cf8,08bdebc6-27a2-4256-b19b-7fa1a045e03f,8
3d7f938f-4365-4a56-8063-5feac48a7c8a,3229d9a4-6573-41b4-8c47-0bfe3d8c483e,1d2b14c1-9d8a-45b6-9aad-a56c500a2495,5
6e0f6ca6-048f-44f9-8933-b763ebb05c8c,c3f1a576-9a3b-4497-a3ee-13bfdfb19565,ccdc49eb-e1c4-4559-9406-33d0d6b3c57c,3
07e82340-df5a-462d-8365-b9ab0fa443f6,94697f52-dbce-4da5-a026-07fc63981b1d,7b261899-fb87-4916-a4d1-2805a02d942f,32
23def488-5010-4581-94fd-042f5402afff,675d0864-0960-4cfd-adb3-727c1c64d2c2,dd9f2da9-7e47-4cd5-848a-ebf89d97a542,3
921eaae1-3056-4dc8-be21-507ea651ae5e,e74c4c73-4136-4d82-b7c5-2c1fa7741c4b,a89a0479-df7f-4058-b0c3-b5b0ec42f11c,2
201df7da-25d5-47ec-ac1f-55f281a47257,20e79c65-4c92-44fd-ae29-c5d712f82407,ccaffb3b-a630-494e-b7f8-bee8368ad685,118
f5cc079e-cc04-40e9-98b6-d0d034767db1,488c0821-2ed1-4491-9cfc-f91c77c74061,b3364a9d-e26e-46b3-a86e-9f08c1e42125,141
8f158890-f80b-4ab2-9cd4-647c109c1121,f4d53143-2f62-42c3-a39c-12b5f40e37aa,4083b498-9344-426e-aae5-b328a8a895cf,22
8593ec76-4a4e-4d0d-b8b1-6db7766fa151,624d2fac-f5bc-4d18-a8de-1d386230dc0e,dddca138-c91a-4a94-a7dd-52a039b39376,34
4c612c60-6625-44a7-9228-4d64617f43b8,d8bdde58-025c-4039-a9e5-7162fb1533a9,a7dc881a-df1e-47b6-840b-d747e3e6f14e,2
73fa89fc-030a-4ffa-be9e-2e14de5ae43c,800e4e4b-c0bf-42a6-b09e-f5202a4b5f3a,c7300e45-bfcb-45a5-8471-8359235d389b,40
ef206175-0ea9-443c-9718-789dd6d469fe,9e35a540-5e83-4837-a79b-c37279258dfe,b89537bc-a38d-4b03-afdb-f2553be94aa7,102
cba640b6-9dc3-46dd-8bd1-9968c13a7f5f,a9fbcfde-90cd-418c-b681-7d9cfea2d979,8f9b0928-04a8-4022-b325-7adfb3183c35,141
3200435c-199d-41b2-9916-0c9e99bf6f63,b4f84bfd-53fd-430a-acc2-9a2408a1c88d,9b767ca9-6d01-4d98-b912-d71954d38c73,49
078f187b-42b2-4f8a-a832-81cbeddb2513,1948ea56-c0ea-4b1b-bac1-2fb0125b14e0,025eaa15-2f1c-488d-b1c9-f0ac6cb2d5e7,8
6fb59737-2cd4-4545-9717-4c5803099923,e3fa3215-05e4-4eb2-b0fe-132bb550745e,2a3cea4c-4053-4448-b86a-d5cdbbf6ef2c,1
3e6e2c43-6526-4330-af94-66ab38efc9bd,6c9d8cb2-3f24-45dd-9c90-c3b28419ee2b,43838257-67d9-4975-be2e-7afb0e72dda4,75
65bdc9b9-90f4-4fc1-8e11-3ead61d2f62b,4df8b441-4d18-4f44-8a7b-4c0880da215e,8ad1a4d2-4877-4be0-8989-294780f7b791,48
f50147b9-2856-4f7f-8407-7b79e6e53ad0,cbb051e7-835e-4f9a-9f84-b41bcf3b8cdc,4aa9057b-1ba7-464a-a5ac-cb2c5725b910,1
8a71da5a-0d7c-4424-8f6f-9fbca36d35d2,7e8dc523-7147-4fa0-9d9e-44c189deb282,e8342e83-71b7-48c4-a019-54bc548dc429,178
dd61e1d6-32a8-4ed2-a060-9bfaa43b7c24,4999fda4-23d3-4687-aded-3fbaff23861c,bddfff27-8aa6-4da1-976f-6aa06fa9a2c4,4
98467d69-aa59-4e95-9fe5-951d086da04f,100c256c-2991-4c20-885d-bb466deb9bc7,30dc0213-e383-4b6e-bcad-1074ffcd027e,48
9484ed2d-6ba0-4204-a013-ab7a115c062e,f99ef5bd-4fd9-45ec-b525-e5852839b013,bd832c75-aa33-4bd2-8492-87b01f4ae630,3
ff7ad2e6-f29e-4b41-8903-5236b0584685,c7f1ff7a-1c10-4f1c-839b-7d92e5ce5ebe,4b4953f4-fea4-4c4a-bc9e-adb87ab18ab4,42
bde133b4-e738-41ac-9382-5c49404f2376,f54b513f-50e6-4a60-b1bf-8edb4457fdd1,b0fd1880-2435-44c9-b680-ea3877fd32ec,36
74257318-3c6e-4e9a-aeaf-89678433c7e7,60c99958-9881-41a5-8173-5df2b54d72d8,b7c35c0d-f3a6-442b-b655-ef4421f5567b,21
5300f226-5245-424e-a5e7-c575797bbc42,6b1ee10c-3df2-4f49-bda5-94e58b212025,942c437e-6de8-4211-bfd1-a89a0afba546,1
7dcce7a8-484b-48ea-a551-64f901e412a4,7b7ddba0-5bb2-4952-a5d0-157d6743521e,b49f7cae-3ac0-405c-b8a2-086b1a26acc4,110
80354ca5-308c-4dfb-9670-27d230960711,bee94ba9-2bdc-428a-851b-ce6e2f73240a,4083b498-9344-426e-aae5-b328a8a895cf,1
31bab8cb-c3bb-42c8-9398-a49f3bc160b0,21ccb578-d438-4648-81fc-827432951188,3b380feb-08a2-4d3e-a8c5-3b938aac9dac,24
4f7b7b5f-4ab8-4607-b8a9-3f3e7bb546d1,aaad4a38-68f6-4107-a29e-480ecc009e59,07d2d7c1-17ae-4523-a642-d42cfedfea02,4
7eb9f237-e7cc-4940-bbf2-d0bcefdc5f9e,688f29ae-b8b2-4827-8a95-9edb6b57772e,e5d824ee-0ddd-4867-84cc-ed3048eed3e3,16
2b0dac4f-44f1-421a-a99c-6d2c80e27f47,6ce0ce03-c2d9-4135-9794-ef617068125c,2cd96e00-82a6-4ca4-a080-df45c0e02541,22
e93afd27-9bd6-451c-98da-72f6e578545a,6641a6a1-724f-477e-bb7c-2444ae5ca2cc,51d998e5-b956-4699-8f81-2bb9bb5f62a0,22
dea46f6f-a863-4689-be93-05d0d0d119de,58628369-87b1-4afd-b8d6-0b3f03823c3c,611f038c-cc9b-412b-ad80-8dfccee4fd8d,3
fd71351f-7048-4f02-975d-9bcfa4c6ffd5,c3a7a36c-9d21-4254-af91-ee624c0463ab,d3c6fcec-2e4f-49f3-8511-79dd5dea21fa,308
2be9f709-a360-47a7-bdde-db1654fb9f4a,c3773863-270d-4887-821a-afd8f3494d72,0b2afe69-80f2-429a-a129-2f20a794f89b,25
25aa95ef-1640-4b17-9672-dd17d8b94dbd,834e59f3-79f6-4c1d-8de3-09445633446b,f7acba64-9442-472f-b769-3980b230ea73,4
8cbf8543-24d1-4af1-9e64-f77655425473,1ba19898-20ff-4e5a-b5bb-9bc80df2d6e8,ad2b6236-c758-42be-a78f-16b406afdc5c,299
98def566-5a04-441f-83bd-24349618059b,e61d3874-efab-4dc0-bd26-92a2c57b18df,821355e0-533b-4115-a262-784bedefdbbe,32
7acc01e3-fed1-4efd-8202-4511439e2366,2da85129-4815-45f8-9ace-1cbfdde8b3eb,0cfb0b45-9c5a-41fc-b98d-bebaad11d82c,35
9c342ca2-7358-4058-bbd9-4fdeecf0f5cf,b0b6e4c1-0a86-402b-b400-1ad929e7062e,af4100ff-85d4-4fbc-8061-350573194c8b,41
66cd9ea4-3cf4-45b7-94eb-d5a9d7c8062b,e23bc383-1dca-4091-9636-f4c0d6c26733,a02cdac7-8489-4800-a4f9-61097892d4fa,278
49be3025-3416-4b3a-887b-430b616cb5fa,daad41ab-da1f-4865-bc7b-1b480611c5f3,d35538ac-633d-4350-bd8c-cca41402dfdb,2
aefee91f-2bd2-4ee1-97bf-b94c6d595760,ed640c04-d96e-4236-9f7f-577c6c57ed02,e40d1c1d-e682-4440-ad83-ab32dcbdbdc1,42
7a7c0871-d3e7-429b-a3a8-6fd73f2411f6,f3b489de-dd55-4565-98e7-c5bd720773e7,a6d0097b-83d9-419c-b263-e2333695bfc3,5
58ba93ea-617e-4da5-97fb-8eee1992259c,4af4516e-a596-43c8-9e85-8cc6804402f6,da97f5e0-417c-4982-8935-20f24197fac1,36
e975c824-7cdd-4358-9a43-37a00d4fe9ab,0906ffaf-d961-4e92-9958-f84a4683501d,4a19498c-7cff-45fe-be16-652aa71eb25e,38
4f47ca05-970f-4eb7-a7c4-3830dda65040,71b52766-1400-4cbb-b9e8-3b418230553e,5ad41c7a-871f-43fb-9a25-0b78cea44ea7,133
b91bd3c2-3962-4538-aab8-3c3391c74c30,e24c3862-a5da-472d-86ce-125ccafca1b5,ce16faff-3d0a-44d8-82f8-2a40426d9a13,94
099abbf9-6cfb-40c2-91ce-4a7e120b8dbd,1c3390f6-9f39-486a-aaf1-669192124826,5df17a21-fec0-43ed-812c-3ee98d24073c,46
0be6abf3-1114-40aa-b87c-59adc938e07b,bf53ebb2-05c3-4a77-a84a-4373b3e06d1b,2d2aa446-bcc3-4125-b3cf-8e584dee6de7,111
bb5caf90-1553-4ae6-ba07-45a4b8a1044d,3fe873d6-9d5a-4bf9-8129-158c13aef716,8ca0b5f1-2040-4281-91dc-98d37901b3d6,25
0216911d-e655-4052-99eb-5d24f59ea152,73a39388-2b16-4a7e-8427-5e64b9719d8f,7e8e1f94-554d-4bed-94b5-6661c2bf5f9c,1
6ccf9774-3d69-413c-abd2-138dc39adf9b,d45c2058-7aa4-4afd-a267-742c26f0a3a5,fc491e4c-60b8-4b20-9554-ce7a155b9d77,12
cc9c9318-0a82-48bf-93ad-8e9c3205d378,e542fb72-0d50-4fe0-806e-6d443d17ae14,dfb44754-b01c-47ed-a676-4b08ba2e4806,140
3541a0ef-15b4-4a8a-a230-8d5a7bd74fc4,ca8449b7-4f67-4355-b7af-8cb220008605,ccdc49eb-e1c4-4559-9406-33d0d6b3c57c,4
46a2db59-e175-4d20-ba0d-35f6c1fda1bf,d3191f04-7453-4ceb-abc1-41c6596bbbac,e3d37bfa-aa5e-416d-9735-819f7b2ba066,2
8ceeabe1-bcae-4449-8605-f2650985b1fd,7cf5bd99-87f9-4bb9-88a7-41ad85a65b28,ef45a80c-65e6-4a2f-93ef-3645b2a7bdfe,152
a619d225-dc95-4800-a6c5-f2a343de0bc0,082741a6-dde4-4224-a9e3-61c4f3f99a84,e6237525-8e41-41f6-a9fe-a35ad9155684,328
c5055769-f32b-4496-9cab-bab63116dbd8,879ccd2b-10d7-4621-adba-228db35b7f2a,e39f4fd1-0591-4d60-8dca-bb8d44188d2d,30
1cb3cbcc-e2b5-40d1-92d2-65d74ac3532c,16969643-bf6f-4850-9a68-3b4b7a2530d2,a7510a28-2d2f-45ab-a52c-2ef423aaf9d1,34
87b331b5-f5ce-4e68-a5f6-f1aecaf927a9,a7e9f785-dd67-407f-ac32-4c4e60aa975d,2acb49ec-e20b-44bd-adf9-0985f8893075,47
76b69f3d-23f7-4b9f-83e5-79bf0ded3e72,d64aa672-112d-48f9-8f4c-3c805dd82501,fdded4f8-77a0-4bdb-960e-601fb8a2d633,1
8a5d3069-4f98-46b5-84ed-d414ad09f0d8,7d0981f2-a946-4b1e-83fd-f9fe178761d8,c2f39c0a-df16-4e87-9ce3-e22a1ebb3b45,3
e26e84eb-c826-4223-979b-36100fc39fc8,f693b565-e0bc-4d97-ada8-37245dce8121,5cdb30fb-1981-47c2-91e1-309b48709d1f,187
1575be77-7bb4-4127-aaf0-722dd8291948,de6e2b4e-a213-4249-ba90-74995864815a,7871535e-d2fb-454d-9599-c0972cb579d6,81
071cfb0f-c24b-4ff5-b7f7-94ccc6d6ec7c,ef60339c-450e-475c-ba18-4f8acc793706,63afde27-3515-41ae-bdc7-e4696cee2100,26
0b9d2164-baae-48bb-ad60-4a2e802803dd,2e4e3838-e59d-4b43-a902-fcaf1a7fc366,315fb100-6ed2-4519-9e0d-72a436e8f426,144
f9c4db27-27b8-4a67-95c9-b580f514f100,24304f60-8223-43b2-94f9-b1bfab318e55,7069d2b4-db51-427d-bc14-c3e5f497dcff,128
7b0258a7-6890-466c-a1bd-6ab2063a3364,032bf6b7-79fa-41ee-83a2-a9dff060ef88,2ac92c6b-1586-4581-a426-9b613eb887bc,22
80b1049f-5dd1-49eb-8f52-705af64335cd,88c23fee-b4d6-4a53-a979-5fa83fc4eeed,363c0c45-7543-4c17-bd31-ba9064317749,75
c5298f50-007a-4b06-a2a3-a2579837a658,de087763-c5f2-4473-8841-93a931370c67,97b5672e-d2e8-4200-a542-0d2622a461d3,5
a7dae041-c4bf-4e20-9b71-406726adb7e8,6080e1d4-38dd-4d00-b2b9-7de98626573f,cedbba00-3204-434a-9206-23fe357d6083,240
33f37629-f16d-480d-b17f-02359fbf923a,3fe75950-9020-4160-8a1c-fc0339730f9f,33810dcc-7e11-47bd-90d7-b35c08b26896,51
5a7f1bd0-7e69-4aba-aa1a-cc9800f98a69,c85cb1c1-22e6-42fd-8919-afb0da23470e,f940dd80-f72b-4572-a9f4-dcc5044e131a,95
bc93a1df-c7c3-4be7-ac9a-fcd124f759ea,8cdd4bc1-b6ff-4be4-847b-36f408be6f5c,6b002090-1e0b-417d-bedd-5360370ecd72,92
5217f14a-643c-407f-b917-61bc5c7e4310,f0abba24-05de-4be5-8c23-ae245564397a,82e41b29-1317-403f-bf6f-26ed94fe5070,160
4d56b1e2-bd7e-41b7-aaaf-838c2c48195a,6d07275e-de13-446f-ac7a-965ec471fdc3,d001242b-9833-4121-9dcf-71388dc0daf1,23
9fd66614-4341-4c0a-870d-715b6a79b52d,ce9476a6-6f3f-4ee1-ba21-2b21d6d471eb,074f0d57-4734-44c0-a0af-325bb63fe08d,5
c448278f-812c-40b8-b5a5-9a9af5e25eb5,e204591d-ccae-4083-af40-b7858aad6da1,9e331e30-72d1-4e58-9e6f-7c652848f776,39
4a774f96-dd59-49af-a226-3f103c853eaa,09c36639-9116-4130-894d-0ba66e2505cc,cc24014c-2dba-4a14-af8f-9eaaa3eef2b1,137
638f03df-d716-4c3d-97b8-3649e0550f95,6a77d12d-0b85-4006-9270-d9780cdc585f,72ee6bc2-20bb-4750-a775-88933a749258,42
0de10c25-bbe0-4edc-b612-d81d8a7ea062,5b46ede1-0137-484f-9a62-96b9d0204a0f,523c0ae5-a2f7-4d55-b13a-e3ed9275f0f2,16
cef2f28b-e288-489a-8bd4-27e6c4bc53ae,f9768600-7d0c-4968-8a6d-336b8c39dae5,31d97866-26aa-4d3d-b7fe-a6a672960bfb,407
db2d7ef7-2a12-4de4-bfa9-d0ffb1b4b19d,d74383f6-43af-46b0-a353-e1a8fb82ab50,0e223621-9be0-4560-8cf4-e443104ec096,16
981a76ee-4634-4bae-878d-94d2b6697389,5bd38aab-97a5-4c76-b30b-df57bc64ea72,00e3005a-0a31-430a-bae3-9e2ae865586a,147
7df22677-b9aa-4ee6-85f0-0580872e7555,e3035b9d-8e42-4ae1-bc2b-3c21ca3a8bac,e1de8ccb-467b-449d-a68f-4b9099f7f015,45
5e908ab1-ef7a-4a35-bcf8-fd20a92c2e64,11fcaa23-e1e9-4d4e-9550-3e2d191b6765,da6204c8-685a-4319-98bf-38a10b55b1c3,92
cc88112c-2859-4532-a8e9-674144584ba5,4b463a53-f3c4-4841-b1b3-4ab10ca289af,8a4d0a5b-e7f8-4c3a-9c53-138266a24a49,4
0a0664f0-39b6-46f2-b275-41fe03f1c35e,624d2fac-f5bc-4d18-a8de-1d386230dc0e,784f16f8-ef1f-435e-b135-06391b4cfdcb,23
1d5c3873-6df8-4e9b-8773-0104784c11e0,510f3f3c-feb5-4041-9d8a-4456a292b8f4,32353013-f057-4290-9753-3ba71a8cc848,169
2ba60355-80a2-4acb-90a5-4bafd6927382,2b14b806-0edc-4ca6-9b6b-138e0ac8cb9a,5301eff8-56ef-4a5f-93fb-4694747e9113,320
9c6ae8cc-ac10-4ff8-b96e-c04f34881571,f9d80ab8-075e-4eac-8e1e-610981da9dcc,99a6406f-160d-4d38-9bca-856d29ce2f7f,107
b051070f-0997-4682-bd7a-4d10fc46b11a,376aeb9b-7810-4608-b0bc-afc8a8783db3,2efad48c-7662-4ab0-8585-5a1a8aeb7672,42
3e685365-8648-4bd0-9848-93042336dc7f,fd10d653-1938-4776-96fe-48b311ee9522,2bb9e58f-ddde-4d0e-a87b-5789edde2986,18
c2c0555b-f1fa-4f60-a565-cfcf38abc010,81e42067-6d9a-457a-b729-0799ce9681d4,b5843807-5f97-489f-8993-111183d694f7,88
1fc2860e-1bd2-49ea-ad0a-faebf8190e54,41bbec59-e9df-433f-8752-b287bf0a0bba,48d8f8a4-ee81-45c2-bcbd-be00f58e71d0,2
b65f89fb-98b9-4c15-abcf-dd847fe9c595,c43af36c-4bb4-4651-9b89-ff37aaa10b8a,bddfff27-8aa6-4da1-976f-6aa06fa9a2c4,4
e7b0d020-0abc-4a84-a5e3-cba3199ccd07,13c6a372-d936-4f85-a2c3-0dbbad763455,1bbbe47e-97bf-4ffc-b407-ab7902970872,94
0e8c3127-4354-445b-a449-6c043c227e51,2fba5840-f835-46c7-bc36-736f7e3e9072,bcc59450-9c89-4aef-9bf7-e53e3978a8a6,50
81cc9f55-cf73-485a-9255-df1d60e0f65d,d558b013-818c-49e4-91df-8573477f6e95,f04a311d-0999-47a4-b6ca-0cff31693320,138
4baa23bf-d9a6-4d04-8dd9-f9211e1812d8,a08e87ed-b822-4996-964b-624e60f3563e,e26b39db-43e1-4380-b51b-4769a8976a9f,34
835be1bc-8a87-4407-a0b3-333be95067b2,7e73b00e-6eca-40c8-bbb0-0b5718ce4b49,394a421c-f8a1-4876-898e-ef3a8be11bbc,483
aa49c274-931d-48e2-9ba4-3ad1a8ed6306,95594eef-fae8-43e2-a3be-1455401a7cad,5c4a417f-16eb-42bb-802c-9e72728242fd,155
c266c33c-6c4e-4149-b870-419882539987,7709846b-13a2-4a57-b029-ae1aff55b127,e0c9212d-aee8-4bf3-9577-f45c2ba6964f,29
fdc84c3d-fe30-4aaf-b94b-50060396ac11,bc2ff85d-cabc-4d96-8466-e3e792c3930e,77585e96-feac-487d-95f8-7ebc0f206c30,2
a33b0eb0-7ade-43a7-a824-9254e8605840,34f300eb-f781-4ee3-aa09-f354cffef06e,70fa9037-3578-4ef7-8d7c-356c893df242,18
d402788f-6bc1-4729-acdc-59c5aedc1570,320e12c8-83bb-4d8e-9ef6-fd5deb7f737d,00ee9c82-856b-4d56-b4f6-abf2e10922f6,2
3d3b44bd-be40-4da1-87b9-c62e8f81c800,09c36639-9116-4130-894d-0ba66e2505cc,88d13806-96c0-4501-8308-ef1c18a07d3a,181
89b0fb0e-3c26-4f1e-b3f1-33bd64008ecf,d48096ee-5e18-4f12-b167-b44f81de311e,283a98cd-16a7-49f4-971f-4d0eb9f8eb01,6
5fab80a6-02f8-4d38-90b5-862894b5ff86,f54b513f-50e6-4a60-b1bf-8edb4457fdd1,cf7e1f50-2c94-4646-98fb-d8034437a7c4,44
6166063f-3434-4693-bc96-79ec413ae0e9,97043e4b-2029-42e3-ad29-a20edcf2eb2b,2f7a44c8-30e0-46cb-ab84-451477844647,1
bc7060a6-b606-4167-89ee-e53ccce91fec,27fda62a-b2b0-4c96-b2e1-88f02f75e4f2,5c83ce6b-dfbf-4c35-80fe-c15ee6929aba,33
0283f3e8-317f-430e-bed1-fc77dc115bd2,3f6fca1e-02be-4e62-8f70-7cbee1e5cdc0,d40be2d7-7b91-4131-836a-c12ed44af1bb,8
36221e4e-2b4d-4588-a256-5f4da0ea24be,7e76e7c6-9d1e-4d44-84f0-329d33a4844c,15680fab-08fe-480c-93b4-5efd43ac0d6b,36
7517ba53-0671-41fd-a9f1-26c81d15bfa6,12243d48-4d46-4061-9e14-e758bf04645c,e399752a-5617-4532-89ad-6535a8e0d7fd,3
f30cab8e-6399-496c-8b93-77d1433f5f74,824b39da-6436-4516-ac88-b07085483c18,00bb56da-0c99-434c-95b9-14b89b0e56c2,44
40803aed-7610-4ad5-84fd-7ef745fe2378,dea21641-5e57-4dcd-88c9-fdd44222696e,33ede5ea-14d5-4893-8a46-3469e627b23a,42
c13be4a1-b3fc-46ba-89c4-bb8b86dee040,2aa7a387-a1ea-48ab-a601-c499da0dbecb,eecb4bd2-5883-4a78-9b90-7b3c5ecc839a,2
6960cabc-d5ee-4077-9ad0-1521f7c8486f,0dfd11a9-2b4a-4219-9a4e-cd184edacf8b,6235513a-d3f8-44db-acc2-751c6e12cb18,1
5ae1307e-076e-4d59-b9ac-dfdba846297a,4999fda4-23d3-4687-aded-3fbaff23861c,24f5ab1f-2bde-487c-99cb-bdfac40282bb,161
ce7aa4a4-c8a1-4ba2-b3a8-006b56bd8fb2,90cec2ea-354b-4cd0-993e-e1469f7fa6c2,e276dcbd-f52b-437c-8e20-afecb1a4a99a,48
419871b0-a2e7-46f9-a804-8c53191f78f1,b25b1377-898d-45c4-9718-e63b5cd7d64c,2ed648d7-b395-4e83-8aea-88adfb46a399,20
4be044e1-450b-4a53-848f-79ff37fb7a75,d8d0a7ec-299f-4f78-98d8-c74c2405baef,aa39c243-80a4-409e-999e-7614759263ec,246
5a36ed13-a4b0-4130-9dd1-693073f873dc,7292dff4-6195-45f7-9309-4a50118c24ab,c3011250-96cc-4aaf-85ca-c38d4facfb8e,98
1f20eade-e7dc-4882-ac25-1fccd5a92f66,87986870-9339-47e9-a414-27d0bf6ce8d5,fd291bc3-16e0-46d4-b359-346c0ed2438d,41
57ec5118-10ce-4ee1-b997-541b5283273e,ec55fa18-76f4-404a-bd90-e1ad1b2166df,19e413ac-89e8-4243-96dd-bcda00aa1d4b,5
fc48ec00-7202-48d7-98c3-396217d8839b,d681d078-44b6-419f-b95f-3712b5fe8fdf,031b6dc5-1441-4e8c-87e8-a58c228e1656,18
bdc9104a-df82-4366-8c42-3806362dad21,4f7d4526-6455-4ced-921b-c09ca1480a1b,8ef7d5dd-3b97-4a27-abb7-9bfdf42048e4,4
36ce2629-58a6-4610-bf67-f19ee9e1fe17,a3ac41eb-66ff-474a-96d8-2420a18876c5,5f84fc23-0932-44af-bba7-a6fd8f926a73,17
293930ae-9f1e-4467-8c16-e36587985c4d,a52c6c28-fc8d-4038-8601-93dc9b130b0a,63979a4a-df4b-4c21-8237-70f5811d1969,105
fbd58414-c3cb-4c9c-a3c3-51680676a1eb,a01a83cd-1c48-4b77-abf7-6a976c5d9578,4cecaad8-e8f8-4954-9e28-5d457a8b2fff,92
c9193966-5c7c-4e17-9b53-d63bc348714c,113e3831-9378-447f-ad63-863fb868f52d,231ed881-d046-4548-991e-c8824b004c6f,12
a8b2f964-495c-42e2-9b9d-48e3b7b63e67,b9a610d7-9cd4-4d02-8509-a9b529f3580d,71b65f68-d2a7-4588-a28b-9175d8f55c85,11
603072b1-7ec3-42a6-be21-deeef343c3ef,1b161955-244c-4d66-97e4-62200218892a,53d8ccc5-41f4-4509-8a45-5a463758d188,42
1dc30b0e-602d-4db5-bc66-f68e8f3ee40b,b0ca5248-0e69-4dbb-a3d1-cc538dde7cd3,30eb1d75-03c4-466d-bc94-128658cea0a3,25
e9032299-d954-426c-b869-2bd7c5a1b05c,7f7205e2-386e-4744-9f65-468463abb690,6119e4cc-e5bc-4c52-95ec-41970b7222e9,36
6c591cdd-4a8b-467d-bbf6-2ea3aba31e72,90eb0f60-af15-492d-89f9-66c52f1987ef,7800b9eb-a4bb-490e-98af-49623d9ca15f,49
ed20e3d9-7949-4020-bf95-b8b8643caf92,7c279d80-fbfa-4ab0-9148-1528739ac5fe,23930b38-1fb7-482e-9ada-bd8e35df0ae5,1
72f84a1a-7bb7-4b12-8edd-cbc2f81573f4,359749aa-fb14-4264-a459-c58ba11f6430,9edfd529-1fbf-4db9-b3d1-c0132a7d20b4,148
ddbfda71-7826-46fb-bfa1-76df8e3ceebd,214c7edb-1fb2-4787-97b3-8183dd29b6ef,04331a05-0922-49e1-a837-c34831228423,79
0211ffde-550b-4aa3-b00a-c4d6e25f3aa1,e4ad647b-e938-45bc-95ea-43d2987ae1f0,9981f409-0bb8-4491-a625-c774fa08b3c6,61
908ba9c6-8c74-4f29-9c58-d6ea3eb14dbe,9cd47f3b-ed51-4947-ba37-40dfa16b97c7,77bd9ce3-2efa-4409-a705-d83e366f241e,70
3b609675-44de-4a38-9353-a03cea945880,ead6207d-6904-4107-8867-9afbf94f61ca,48225768-0de2-467e-aaca-e01c6e1fb67a,4
7fa41794-f05c-44df-9fda-22974b50255d,794602e0-0c8c-4891-bc68-09c01c8f436d,e19da33c-97bb-458b-9c69-dfe8a69fe4f1,5
f49ff2cd-67dd-4063-afcf-d6ece41e74f4,de087763-c5f2-4473-8841-93a931370c67,514667de-5b30-40c0-a961-ab25cf399983,4
fdf7b86a-320b-4a8a-92c2-1210b4f1be98,d5f1fcc6-ae39-4bf9-a553-f5d1323b5235,685f8d9b-a287-42e6-9bc3-8b4e8b78128e,30
563f9ea7-5c3a-48e1-b0c5-df59ff012b6d,0a680cb1-0a03-4ff2-9ef1-b9342a3de1d5,397dc7b4-1423-4826-9357-f81021cedc21,442
bcd58c9d-5913-43dc-b5cf-993a7fd2d803,f18654a2-fb2d-45e4-b415-960a203a1351,2644037e-2b4e-4987-9d76-8ba0a85171b6,4
60cc90ff-795d-47a8-91c9-91ecbadb72df,c955ef84-159a-4f33-aa19-aa4168859714,5d1a9940-ff06-4a3d-a3ac-9e412ad94961,24
e35b2065-6110-42a9-8d38-98177382adcb,96762481-7be5-46ce-b415-c5ec768ab83a,96cf845f-020e-47de-9507-986c299b2bc5,8
d9d2b844-5dac-4f5e-830a-57680a86bc1f,9406a035-4577-4bbc-a6b3-dd7f0d6b56d5,f6ebd7c3-6ae5-4f47-930d-5ef201714ee5,2
27e033c3-51a7-4a2b-977e-cd78ff31680c,92b53739-bdb2-477d-aeec-4232c3cf7a1c,5fc0a8ab-ffa5-443a-a04e-6b2ed55bc8b6,35
8b8306f6-9be6-4b3d-8710-bcb99b243190,d8d2ea8e-8799-4e1f-b16a-4cdf8b32ee57,423c280e-f779-4085-9cdc-8ea9ad8f7aa6,264
69e8f845-74a9-47c3-8112-a2412af140b7,3846d010-1a7d-483a-9345-66d8081aa04c,31cdbf23-c5c3-4e88-82c3-e1ba0e25bb01,221
703cd673-8378-4f0b-856e-9116f33f1b8b,71ba9010-afe9-475e-b380-f632515c93fc,3baf9018-ec68-43ed-a279-212f338faa9f,5
349dbd77-4b5d-4e11-b006-85816c38cda9,350d78d9-6e2a-4c80-89b7-4c96f711d74f,89a41316-2a03-4050-9a91-f84768865df6,50
898192e3-3cf2-4659-a6fb-c7726b812675,38de5022-5192-410d-a5e9-69a899048b69,f7efd74a-8898-4a64-9167-6cbc3ad4e52c,4
3706bd0a-23c0-4113-8b7d-43f6713d184b,6674fca7-1975-4dcc-ae1f-bad7d4481dc5,c45ab564-431a-4082-a89f-e3dc037d415a,1
9ec2ecf0-291a-4611-a312-335a8d04e7a9,c03c8f6d-7329-4f36-a6ed-2e1c4b39e8e4,37dd09c2-4633-45f8-a912-72d2d32969e4,44
b4466d03-6919-444e-89ff-fe5ea2d16642,cebf5b21-91d4-4022-9339-0da0c1aac43f,0f862f0c-9048-48cb-83f9-76944018c1fa,177
0a4bbbd5-9c37-435a-a646-a566ea5a646d,767be41d-f178-41fa-8fb8-e8cf916b8882,9e572c58-7c03-4d54-bed6-02d9f5b96eb6,37
be856c44-955a-4c82-8a83-e2481b92f4fc,8d69e0c7-6f9a-4d6e-9474-265afe9eedcd,db29eff9-d375-4b76-8efd-063a308cd924,434
779f1771-01eb-4ebc-a607-fc1d04df5028,f40c700d-7acd-41e1-bb9e-b74c91123ade,9bca7ef3-f4e2-4761-80cf-010c5afdc0ab,4
e58925d1-e116-4d30-a650-1e52f5d9af76,5ce4440d-b196-4dbd-be4f-e90ecb327c8b,4229a053-b3cd-443e-91d0-89565d00baaa,47
3f2bdc30-4266-4e5c-a089-835ec15c07b9,491a3c1c-bd66-425a-aa6b-d396d66a1003,2e1f6c51-20de-48d5-83bd-899e9578543d,106
0dd347de-24ac-45ab-9426-59541c84f7d9,d5fd96ce-eda1-4aa8-a128-d4a0e74f0dfc,32e1ca1d-fdbc-4c4e-922d-538414996e8e,19
acce3c3c-96e9-439b-8529-d3360abda135,1b726636-2288-4557-a221-9d8bfb718b0c,04e3942d-02cb-43a7-81db-942eccb15355,5
31d2e50e-1af6-46be-9308-e28bc836318e,1c3f5be8-9a66-4ee5-a2ce-4e68cce3843c,53d8ccc5-41f4-4509-8a45-5a463758d188,85
eed5a639-988f-4038-b68c-f8ad89b1444e,769b15a3-4d85-4351-aa29-4a898d5e6d87,f9699014-f2ae-4bd3-8191-30b73d61e903,42
b8fffab4-b02c-4aef-b0ca-2623a3ce066f,3664cfb7-9b40-408b-af7c-31e81bc4973e,097f2901-c255-48cb-a88e-786819f2a724,29
34e544e1-6fbf-418f-96d3-749ab90e2b30,1c0688a8-2cf5-4aa8-ac6b-b756a8be8728,6ba2458f-91db-4f21-95db-a7f69acb34f2,495
22872f68-7bdf-43f9-a510-fad05cc5012b,3fa4d431-ff16-4ccf-a9bf-4d4994539804,2ed0be65-e9ce-4f4d-ad0a-77b267a653f6,162
21eeb7a9-702e-468b-a20d-536c94cb0bcd,f81d9827-753a-43c5-a504-d3fb0fba4496,92ac4e01-a137-4c4c-8338-a8cf9ecf87fb,43
0c885137-307d-4cf4-b088-9cefa4b86030,21ccb578-d438-4648-81fc-827432951188,f392362d-1e9a-43a0-8646-3077b52b3b89,3
7f5bb14a-5326-4a78-a8b8-a9333f286cb7,7703921f-3dc9-4ecb-8b81-62bb6bdc0dc5,726ff380-568b-40ac-9128-16db12548b89,174
b0c6b025-1492-4722-83f4-d5d205962365,60cf7e87-8d8a-4166-968b-ee3f2c4b36f6,55625723-aaa1-44a6-ab36-50b34b3ea3eb,23
5a9a0317-7b28-483d-8fba-32c7d45796ad,4e616352-d235-4bc0-9d09-2627ff4c4dd4,5ed22ea5-42c7-4759-8172-2cbad511d33d,12
33f472cc-fdd8-4c93-995e-3886ccfbc0a8,457efa49-41ca-4633-b359-614729251053,66c8215c-1f7e-4d27-b870-5ea136158f6c,41
be697fdf-1dab-4642-9bd4-101f6823d71a,be1dedd2-7f10-49ea-b5f3-197c662ed0a3,1a77b4c6-c531-41d6-a032-6d8c7466821b,32
00f59f55-a43e-40ba-870d-cbad20907c1e,824b39da-6436-4516-ac88-b07085483c18,360da3a5-6c77-4c7f-afa7-4ce430975e89,41
ac67916a-3f1a-4777-96bd-6b8ed484aedb,982fe8cf-4d5a-4fd6-a4aa-98a32a5f4b68,faf572f2-cf32-4cfd-a97d-ca7e4054ab78,2
9042477c-e594-472f-97fc-1a005e511e26,9f5b49f9-664b-4b0c-9eda-ea720bf1336c,25f64f40-3d1e-49ad-b44a-2b2e5fce304d,313
21792e90-1f72-491d-a083-8866de63334b,a34993eb-9436-4029-9047-37f5d3223d54,2419a320-f6b9-4c9f-aea2-b053315e4ddc,2
aede3380-fce2-459d-9327-11de3aa194aa,83b19c18-6793-4a6e-9df9-6f749e0d06c8,075878fa-9ece-4c0a-b0df-7e84691e923a,34
be847d42-995e-43c3-8a11-87d222aeb945,5ab9c8a8-2206-4341-a3d1-91f986d9b6c7,704d079a-78fc-419a-ae08-4837b5b9bb6b,15
63113314-ccb2-4bcf-8665-6f595962fed6,81e42067-6d9a-457a-b729-0799ce9681d4,47d548a3-903a-4c3f-bac3-061d443859d4,199
7717b27e-fcfc-4e1d-89f2-454686b49c0f,1b872d77-8de5-491a-9f2a-67462892f1ab,81fde144-2291-420a-8ef0-a71464d4e39e,406
67ed0614-2036-4cac-b2bc-d788a7c441bd,e78da612-7a56-476a-ae16-2fe41f426dbd,495af895-90ea-4833-9fc2-510174cc60db,1
d6670e70-9439-49a4-a37d-a4c877a07063,864d30b8-935d-4302-a463-d794bb4a42d8,ff85eae7-c36c-4caa-81b6-c14a49652df8,2
62e2d071-79f5-4ab1-8785-838221ecab80,4e156fdb-a749-4a23-bd54-cc04f75b62cb,70190917-bcd4-4fef-8229-a8fbf2295d3b,8
dd515f9f-fe20-4e7d-85c8-1391f31cb8b1,67762aac-b283-4298-b4fd-52c8ffccd239,8e33676a-efba-48e2-9160-8b48875a0df4,43
77220890-8af5-4ed1-9284-59a3bb9f1bf0,a772f1c0-68f8-454a-bdde-5bb768de9436,0a3fb3ef-af20-4c61-9154-a04822429225,42
8dd3e38f-7888-4596-977b-f6e5e8949a29,01e4e582-7c82-4182-805a-2ca074973eb3,c7300e45-bfcb-45a5-8471-8359235d389b,174
201fcb80-a2d1-4396-baa0-2c56813422c3,501d56c1-6fff-4ee4-8d32-21ab118c2daf,1c843e79-4240-432d-a51c-0d4207f9ed98,3
527f73ce-60ef-435c-8d4d-85adf17224ca,6f2aa93a-4888-4553-a4b9-0e3872d843b0,6ed155e8-2dcd-4e34-abd9-295cf5d323dc,11
aade16f3-b4c0-4e56-aca9-8d50606c4d94,7eea3970-29df-4d5a-b7bf-3a490a6d2248,c264f01d-ec1b-42cc-9e26-3b42112c026e,73
b20dccfb-a294-4bd2-8d75-1f4b3b8b0a02,df5dd23b-3411-47fb-beb9-2e89b2cb6f6c,c0218aab-acd9-43f4-9f48-e4fdaa433d6d,6
84a4f0a6-e727-4379-aac4-0180b4b8c47f,c683c389-a9c1-422d-8c39-83bafb74c33c,95679f45-b369-4811-8cc5-8d385614218e,3
02c094d1-c590-42cc-b960-da285bd882ee,3c346f61-4b65-4e2c-99e2-da4eaf2dd2e4,63ed8014-23f2-4ca6-bef3-18b6ea35c55e,104
3fcd49f9-59ec-461d-a2db-fe29f3081137,9b4ed322-3f81-4782-8594-f71cd921543f,49ecc798-020c-408f-a3d7-6990f4a8174b,4
9a4be143-8685-4030-89f4-fa51733811e5,90ee7aa5-e4b0-48c8-b807-2d8e1a79c7f5,82e41b29-1317-403f-bf6f-26ed94fe5070,176
0ff30c37-f4e2-40f4-8c4d-a30b770015ae,3846d010-1a7d-483a-9345-66d8081aa04c,41405019-5ed9-4ec0-acfe-9a1d064aeb5d,400
3d571bfe-286e-4694-9886-d06bdfe2b01d,4e0abf8b-0669-4188-9d6a-ef3780a86d68,2ac92c6b-1586-4581-a426-9b613eb887bc,25
801affb6-58f0-477f-8e38-fee5593b6677,e92480d9-7502-4bce-bc8f-ca91b452507d,6cdefd77-a08f-442e-918d-190f4e28a321,31
b694af86-db5e-4edb-b6b1-140048535077,ed728e79-ebe0-4ca1-ac78-e0964861b71d,2569b814-4b72-47d4-99d8-796f9987f47d,4
a8c5ce40-26b2-4132-8ee8-47e7502f955d,ade5e088-c9ae-482f-88f3-d33ee233d66b,c56dc3fd-9426-445b-a3e9-bd1aaf95d425,5
007de7a0-7029-4178-9b7d-403c0189ac9f,27cbd012-9cca-4d30-8a75-5fe0771a490d,8734e241-2f64-490c-b07b-2db86f6a83cd,3
b28343d1-f6e1-4359-897e-7449a45d4606,18f3c5c4-8df8-4524-8648-50f50cabf04e,523c0ae5-a2f7-4d55-b13a-e3ed9275f0f2,354
cd292072-b68f-4887-be8c-6835d913663c,0f78c366-ff8b-46c2-9588-f037534927b6,1206d854-edc0-48fc-a912-6e6e5140e26e,129
071191c9-e9e0-45da-81b7-495b66c1df64,2fa85b1d-d7a2-4b9f-8f95-87b001dde103,336e142f-26f4-40f7-bd61-2b14e88cf869,10
eee463ad-cbbb-48cd-b11b-a030c5a74f60,ec9db07f-74e4-4a07-9ca0-75215149cb27,b87611db-afcb-46cc-82f3-4ec5c37e38d6,192
d8ae7519-6914-4bba-8d7c-5bb26a0ceecf,8cf9863f-7695-4610-9da4-0da1a43cf0f1,243c63fb-11c3-4b5c-a511-f4e9d45fb095,35
b05ba5f9-afd5-41e5-860b-91b43efc39da,09b30e41-e559-4a35-bc34-4ffbb281fe0b,39e312ef-7295-4393-a774-bd150dc6aaae,227
556ae9ed-375c-47a9-a70e-936b8ac1199a,659fe537-2746-409a-bd16-435c55ab9a5a,9b59dbee-cd4a-4e06-9571-7f7738057eee,104
f9d89b8b-7bb2-4aad-9d6c-950137b5bc9b,d604f5f1-7696-47de-b9b6-c6dd57df855d,494e1387-8e65-40d7-a73c-a5ddc342fe1b,8
fd225490-e7cf-433e-bbd0-31012f66ba6c,64f2f675-f410-4c88-b213-2cb3afefbf83,8bb03b1a-69d3-4a4f-b40b-c886c7cc9dd2,48
1fc0a1ba-fbbd-4a79-bb9a-c510bea2271a,94d08143-7766-4c9b-8364-3e2075bb3dd1,8954f683-457c-4c21-bc15-819b40f59678,1
86cf5cc9-0bf9-4b89-b325-51e7e690d108,d52a6f69-922c-487f-aff2-727f0c79312d,71e42f8b-c331-4a3a-9ceb-293bec12a99b,2
6c877e56-87cb-40be-810c-bef92ec93dd1,4972bdd8-162f-432f-84d1-be742a0f877d,97f2f36f-b046-42d6-86f0-a7a9ebabf5df,48
45a695cb-ee65-4916-ae9f-bc7dc7ff516e,aaffc415-d34a-4320-984d-ccc24665e38e,b6434282-f68e-4aae-b143-318aa5b0d41b,23
13f87c84-060f-4dd5-b20a-0d61da64295f,28c6a674-d474-4cc3-afe2-125bd41bec27,390ecd40-56fc-4841-ad56-ab5873ece01f,3
7ed3a4f6-1939-45fe-8956-d8a94054fcb4,c6fef054-061f-4461-b7fe-9c5ea4b4a8e5,3b6e7b56-efbf-4f0f-a646-9230ff9e113f,2
334967f3-7ae2-49b5-8e68-c7b10f6f50c0,d8aa9ffe-d5fd-46c8-8c78-8d9f433c2a6b,2d034287-c2d7-4928-bd12-3b3a55830375,10
990dd0af-c394-474e-a76c-970125b25b99,aac1391c-3e09-4809-b4c0-c7c13c32b804,676140ef-21f8-4d03-b2c8-ffc0f0a60d5f,45
8d184dac-9f15-4e8a-a4af-0c30b77731a0,c7c95af3-2017-453b-bffc-e9f613708074,ab38c408-239c-4683-800e-709533e01e5a,260
d3d9f8b1-5041-4327-939c-b6d8ed0db87f,a38f1ca4-be08-4e21-89e1-c8dcf0738c0f,35e32e5e-d3d0-4752-b4c6-5d9c19586078,359
3bdd7b0f-e810-40c5-8f7a-deea7bc6924f,d78f6ade-68bf-4741-9388-424e6259e547,76b8cade-2572-45ea-8b53-440ace18522c,13
15cb3160-0cd1-4856-aa66-68e93bc511f3,e383782a-444d-4464-8b86-5f3f49ec0127,0aa0dd89-2710-425a-ad24-042f700b1236,95
0e132c0d-fdc4-4bb0-847f-de59a515619d,96083938-6671-49ab-9693-c50a72c971de,bbb871fc-3a8b-4c3b-aad8-cd1a56cd1802,37
20508921-1928-4195-8322-8dd6e86fc05c,fb506e85-bd53-463e-90c0-9e4b69e38f38,29f1756b-70f7-41ad-8d49-ce5d51164945,4
9121c43e-147d-482b-88cb-2d2d66a324fd,62981f9f-015f-46fd-adc7-19dd7cb24b54,341f8b88-7cf1-4603-88bc-e75e28a3de06,3
3e2bdecf-8637-48c7-8de1-f8d50947c5c7,dd182ccd-7366-4543-9515-9f183e491b80,2d614cf9-ca9f-4cb6-b10d-9f0a79fe3dd8,68
fb00b1c9-1792-4138-9c03-09eeb8e1b0e2,fa74a1c0-5bb6-46e1-9ea4-ebba044665e5,cca21f09-eb03-4984-96e8-853dc15d9cb5,48
9b9b5ae9-d66c-4e8c-bada-dadc7a34d300,db4a91c9-ca62-419a-8c9a-58fee12eb4c0,a5605cf7-ce19-403a-8fa7-d5f5a5bd6b58,13
326d271d-46d8-4def-9baf-f57d1cdedce4,d3757b84-1e90-44ba-aef4-432decbbca2b,141c6fc7-f5bf-4604-ae81-9c5e21bb04dc,7
024ff353-aacb-4526-a14a-11dac6013386,9d899066-f618-4a1d-80c8-cc4f5d82410b,f7b3506f-c3dd-4081-a4d0-82b53f95691b,43
7dd2d685-e8a6-4f39-aa9a-136d44202256,6fafd664-44d2-4482-9492-b619a355dbce,9378b067-f94d-473b-925f-13228f822134,35
036c4709-d4e9-4768-869b-da8edfd1a2ea,fa3de5c9-3563-415f-be3f-0e195ee6e792,14ee951b-b7a0-4944-986f-6d10dcc0f950,178
cd3e0f5a-46e6-44f7-bcf4-9f7bfbe8b8c2,197bc7a6-2598-445c-ba9e-561b86c1930c,db55ffb2-efe1-4c73-998c-60815f3bbb37,1
d33dd9dd-a69d-442a-aa9f-6dda81bebbb1,763b624c-7c9b-4d1b-b2d1-fc973df89a9a,e36d34fd-c1e6-4a18-9f1b-d9519e55db4f,18
de24237f-9988-458c-85a9-e92e4700421d,47d701fc-3ef2-4621-9e68-816d00f31c63,5070f3a6-dca3-433d-ad72-86af51bef0a7,14
56570917-9113-40ca-ba08-1585c5fde720,bdb4c442-4104-47f0-9c4d-849e6f33c640,fd7b3d2d-0792-4803-9526-8e278be89713,27
cd7372b6-22b7-48da-8348-8af4e6a3bd99,f89e40f6-5448-4b87-9661-f2258047638f,0502ca20-e56e-44d7-8037-ab74b4cbc780,43
77efccf2-dcc5-4c14-8cfb-b52aae83a934,78d80295-a45d-4648-9923-0cb83aebfc80,8d2a0ea2-640a-4aba-8aeb-073d5b0d6a3e,352
e6d1b923-3f07-4cd8-9758-8256a7d0da64,5f54df15-0a71-4be5-990d-f1fccc8536c9,03db8ba9-fbde-4116-8d8a-385f29276101,183
677503fb-2190-4d96-ac69-fb13028db187,d39515c7-7487-4a8d-b61a-df905f233f95,9ba8eaef-75cc-46c5-983d-60bb6d890f06,32
8298768f-7c8a-4210-af11-8e34a969a262,28811d98-173b-4381-a5ee-68d772d2e266,779feb04-5e81-497f-b2f8-d3621cb47cf7,220
7223e35b-4a61-4387-8bd4-722dfa16ec0b,28659976-c1c3-4254-90dc-ba9adbdeac20,ee87f636-18c8-4e42-b92f-3b8592d4013f,25
377e6961-28de-4f81-b647-5ae86018cf33,e5f6f9bc-0cf8-42fc-8747-cf6aaac97080,3c6e2767-0db8-49b2-8638-2c172292315b,28
acb346db-1c2b-4f88-8110-bb6905c0cdaf,7d86e97f-f680-4a33-9338-9d685fc7fae8,dd79f8ec-eedc-4104-8a3b-a50b1fa86d6d,164
00c1d7e3-40a4-4b1f-bc98-e410c799983a,4eebcc58-59d1-4b90-bf20-041c47b635ff,243c63fb-11c3-4b5c-a511-f4e9d45fb095,5
9e78a279-b1b2-4fd6-ac4b-f2b022777d0e,e739ab2f-e23c-406f-bb4c-fa7f01012aa5,005b6cee-d836-4520-9e8a-79f176024978,73
966b3ed8-cd6f-4761-8bac-630c2e681ba0,14d75b5c-bd87-4bef-b7d2-51f30c288686,28b485b5-6f1d-43ef-ba70-73bcfef56e75,21
d8bb70ef-a4aa-42bf-97a1-1f42db073a6f,71ea5cd7-cd8d-401e-b724-86534fe3b98b,06f925f9-180b-47ed-a22c-625ea9feecb6,17
4ee37558-eab0-4e56-915e-b99ccae3d48c,8b96470c-ab82-4eb1-98e6-16140cdf2cc1,984bb460-225d-4d8c-9d1a-aa15e0acf471,14
bf14ba92-af75-4718-8f9d-f3b3eef9d454,ab352b35-5f84-4d5e-8da8-bf735e5d9a85,5e4e24cf-dff7-4565-8bf9-8f758c5602dc,6
0246d6a8-b5a2-41f7-8649-d50751f6f8aa,03c6b785-8746-40e6-bec2-6f3f7d6ac4b0,147fd1fa-1131-40f6-9a69-39c444c44190,99
2f95df4c-7a25-4dd8-a203-c30260a551aa,925bf269-85ff-48e2-aa6c-3ee51e087669,1e7f3221-3f85-4c3c-a19c-cc93af55a6e2,2
26f7923c-0f37-4acb-9d5b-ee5a92735397,853d0db4-0726-4951-ae78-fb5008a9bae1,f4c0209b-6cf7-4e6a-9224-4ccf762b0ced,24
518ab126-53f4-42ac-9050-4e2ae6c4215f,1b064033-297e-469e-85ef-6616506062ad,f628e9dc-0cea-4d1f-88be-433b9ee43a97,40
ec79adf1-0a3c-4530-983c-e5dfed354465,9a887b36-f68e-4664-abb5-3d1a0cb11c2d,13663db1-1928-41e2-ac89-aa5a69ba32f4,43
79b77a1d-ce9e-45cb-ba69-fe9cde2543f1,7e8ee864-96cb-4d7b-88af-d7cb11dd0160,53d8ccc5-41f4-4509-8a45-5a463758d188,2
afe628cc-0307-4354-8db4-227016285053,86efe33a-90c0-4cb1-9ddc-71710fd05c84,3860a64c-c906-4b3d-a537-06f74fb1c9b6,27
ef823cd7-1ad7-4432-979b-447f65426e9a,4e3e36c2-a21b-4dc6-bce8-584e71625efb,567f6062-8d8a-4bd9-940b-19569d6a89c9,3
b456cb4f-4dba-4511-aa80-98a8c9c47cf8,8a1ecf7e-dfdc-4476-8a22-5cb54c58d5d2,dc2f1ace-9a87-4b6a-91fc-8bd334a8ffeb,306
ebb7f86c-0f64-4586-8588-155420f294ac,9912d397-2372-43d0-8bdc-c33c841f2598,bae742b2-bb62-47ff-a412-bf19d86c0899,478
1eca21ab-e0a5-48a8-98df-c29d811cf93a,ce53ba78-0699-43f7-aacd-b7c559e077ab,aa30ae56-f436-47a6-9038-4f5583c3b24c,2
2764041f-9d36-481d-8d25-97ddf20ad5df,866dd687-775c-4004-85cc-c2b4f46f044d,19b63cb1-cef0-41e1-a935-5463c8820f3d,2
5192dc93-dbb5-457b-8aaf-a3e9e15627a6,ea15a354-f6f1-4324-9dd7-dda17352cee8,0d625f71-f7a1-4555-9cd7-d6134da11227,169
7e9347b9-eca3-4dc6-9022-1b3e4aaf6714,1ace8c07-d45b-441c-bbae-d88dd7b32e8d,1bc94a0a-a3e6-4d86-becd-527b38b19acf,149
216beb5c-14ea-4f9b-bc62-531c43c2558a,c94c0ecf-99b9-40aa-9aa2-1f5fd429e35f,2a5d50fa-b26a-47f7-852c-92bfbe412564,2
9f503e86-ba80-4ef6-b44a-756fbdf9689e,7709846b-13a2-4a57-b029-ae1aff55b127,1bf1db54-215a-4d17-80a9-e699c2c0c5ae,4
9973cfb5-24e7-4b93-91be-490a10259021,ce54f785-19cb-4f73-8959-207b1258ceea,643231ec-0273-49d9-ab31-b14218aa96a8,157
90dd92fb-ddd5-4d46-8b7d-61753659e5e2,033cea79-655d-4f4f-b627-d16e020423a2,c4926fe5-43a7-4b9f-9fc0-4c406e6784b4,23
ffa5e29b-02d5-48a1-a08a-c726166a246d,1be76cfb-d464-48b7-812d-3b5e050c32b0,e937c7a7-2d2f-472b-8a74-18e193fbd122,163
11eae90d-1abf-42ef-8d85-d0ea3ed37bf0,b945ef4c-f658-4b09-98cd-32484e8eda35,d487fda4-77f2-44f3-9ffa-0bff6cc0de91,33
b33a9033-362c-4c64-84c9-05cac5d9e738,0ec2838b-4294-44fb-9425-a1dd208d09bd,0bc6572f-3bee-4ab6-84cb-4889fea4f555,48
1f08334f-827d-401d-8bfb-050817750685,534afed8-8642-4a3d-83ca-c5882d4d1fd4,fcddac12-fc23-4db7-a942-b655101de405,13
2f8f748c-d3eb-48ca-8dd3-d98758f89e06,5b6f66ed-bb44-4584-ad8f-7384df2a3105,5f3600e2-a53b-4b99-ac6b-13b203fe9a22,167
6cf0bef0-1857-4962-96dc-071df4421974,3cc5577e-57ff-4c61-85fb-ca4ae042c808,36c54736-8416-4a1a-b45e-545619d40392,31
ae02e26c-40ba-4ee4-8411-81d3b3d84bd3,eaa1e7e0-3653-4d5d-978b-e9c984ecc827,7eea1074-7e58-4dec-9cf9-61efc75eb8fa,51
56fd67f4-56d8-430e-9ee1-65315e038835,cf5368ef-066a-463b-ace6-cd095aa2d9ca,cfab2403-c5f8-4ba2-8f61-60660bafa3f0,367
1dea8516-94eb-4fd0-8418-11bd04f894fb,77344cd2-a6fd-40b5-ba08-2458dda9565a,38de7f3b-50ad-4791-977a-3d63e4435ef8,14
19b1f037-99f5-4674-930a-7c52fb96beb9,9eb912e3-cd79-4d6d-b2ba-17869bee7cdb,aa53621d-974a-448d-b632-8e933a7d479c,12
c347f74a-20fc-424e-92ef-1f474d90a7f5,a7c3c437-c543-4f3d-8ee7-46e1594479c7,b72fbe44-af47-40f0-b252-7dd63ab7c25f,2
83d7f6fc-ee8a-42ba-b602-ce0e6f0ac119,ed728e79-ebe0-4ca1-ac78-e0964861b71d,10b005f2-7a71-45b7-88d4-863897b88024,5
3219dd42-7075-4857-b523-50f82d037cee,9717ad8e-1d35-431d-b28b-2b665146fd86,20398c33-9c6a-408e-84f6-b2da28981299,33
d9c04611-35ca-4df7-82c2-cb09e92a3111,f04efdc0-6e23-48f8-8e45-43dc409d3c43,8d9b93f7-5081-457a-b3f6-f2dce411b311,145
be7c8b3e-38e1-4409-99bb-d5c22505f924,28beddca-6789-44e2-8fbc-6a3338cb0445,fbfbb5d9-db42-434d-9456-339b5213b666,423
b1a66ed7-4d4f-4dd3-9554-0d2ff969d747,4842a80a-5b31-4b01-b76e-bc73bd646db8,e1de8ccb-467b-449d-a68f-4b9099f7f015,2
f4fed4c5-eaf9-4d62-9bc0-482ac21b34b3,836bd80f-f76c-41a9-b7ad-9ad25a1ea839,367d81ac-3761-4b8c-a22a-9484d89d1db8,17
b22c8def-c10a-41ae-b238-2bae02e86b92,aecd08a4-f7f4-4b47-9d42-f5d1b3defa33,127e4357-ef6c-4dcb-bdb9-46019ec2d648,38
341219e9-5b99-4d87-8ac2-e1b11f4353ff,8e3c9e9c-54e4-4fb3-9e5b-c1e721dd0dac,d14e5734-d467-4410-969b-44d513c75f90,4
dd6173e0-669a-476c-a487-148305a69260,3b40975a-5e45-4254-a6e1-07271de38327,825fc5f1-5792-4b03-bd97-e16d39f5c50c,78
5f4ea642-0717-434e-993f-b6aad900fb90,b779b170-6873-4a8e-b7c1-8e49b4a7be1e,48a85f8d-1abb-4931-a625-184cfe7b7a10,2
094dfaad-19e4-482c-84b3-a19f8039b1d7,6a2ddb0a-3987-4432-bba4-8abea4577d24,27034029-1cfe-4b7f-a45c-b3f8a34f9209,38
a0da41b3-76a4-4789-9dd7-58a867e6ebe7,ea6c3d30-14fd-44bb-ab32-eb5ddeff1857,85b45cea-c69a-4934-aecf-8f612e2bfc43,26
123ea79f-1d28-463e-9312-8d690a620c6e,0bffd0fc-89f8-41c1-8cd0-6d1580c2f011,905f31c2-3d93-4514-8d86-7d78a2abf9c3,5
1a67de55-507c-4e02-a256-8345f53ffe29,34580a04-52a5-4bfa-8e19-e1ab46806cd3,3f2948d8-628f-4734-8e9d-a88a5bc57089,252
6cc7a9cc-bb68-4396-8943-a7b4420e9320,3c4f2d2e-03ff-4fb6-8274-0281e8a91bcd,90ccda1f-0239-447b-86d6-4c4dfdd55008,4
b6eb5cb6-42d0-43ee-a4ae-30302cda7770,fd39ff0c-36ae-462c-80c0-0590d1e74c6d,57ff3381-fb9d-49ea-85c0-435f7de589a9,34
679637d5-617a-4281-88aa-5f95617fb9cc,f64a987a-9083-467d-89be-bb6cc7238fe3,66607f35-b45a-4abb-afb3-d6db9bbb87a5,138
3b042ec5-9aa2-47e2-a027-2cb804fd1f16,8a8cb805-650c-45d7-83dd-50e3f091b734,e632d8cb-e647-4758-a0f6-e22790d91e85,14
dfa065c8-11bc-4fb7-9232-11d01c7e38b6,5a386015-4e5c-4521-b002-597ab0834baf,b609d05a-cc85-4caa-a253-a286e8baf8ec,38
c562e418-d537-4f17-8111-e92cac3bdea4,34abdd03-8a0f-4e23-81b2-545e240756db,aa2b8399-41e7-4498-a4a9-1056dbc36ecd,48
1c4e4e64-3b14-4f7b-a51b-9f94378f55fd,f037c7bc-5e3a-45e3-9326-bbb53d62c30b,bad4da66-7060-4f09-b69d-4535427933ad,183
edfd190e-e179-49c9-a9db-9479391608e5,b56c8b73-9c4b-47bd-bfbd-e64787fb1504,1c5d8032-6ac7-4824-816f-e16078e2182b,26
fe98a2bc-797e-4137-9dea-69a0d4aed74e,8ef59733-bd42-4bb2-9633-9d76709a0b71,3a98101a-f2db-4103-bb91-09c3697a88ef,423
05725ccd-fb3b-4ba1-ae0d-6894e6c3e7f5,59e46ec0-058f-43d8-a68f-85aff946a39f,58499f0a-89d5-4c93-af50-094b060e4c95,18
72e16450-df29-4626-97db-d3c6d3367e5e,c3cc573a-b6d6-4451-8cee-27640afff60d,584f9cad-7fef-4d53-a16d-0069704a964c,42
c1350d52-ab96-4df3-b17e-5cb1f558814f,80ddbc62-3e7d-4a29-8432-f1863cae35dc,a8d21ee0-a12e-4a5e-9b2c-efe93709b7b9,132
6485a7bc-88dd-4a49-9f7c-8edfad63e761,94828808-e35d-4427-9674-cfbf7087e2ec,a0a9bc24-0597-44c6-9817-df459ea3815d,46
7293b22e-4e31-4123-9598-08dd658ad733,e65403a6-bdf0-4926-b2b9-2c1c9f293eb4,67e1cc47-98ea-4bd7-8bdd-39fee329ffcc,55
4ad588a4-1da5-4489-8346-1f9184fe0f2c,7f7c1923-7df7-4419-82d1-2e3630b69c05,5d1a9940-ff06-4a3d-a3ac-9e412ad94961,113
b8b2bf37-5246-4a03-8253-1f0be3670fc9,b8c39f84-bc82-4593-a4df-8c217ffdef76,b90810d5-6f20-44d9-a23e-f61e39f3ef44,2
e004f919-d25e-4d04-8959-c236116f5a4d,3247cbed-cac1-4067-b6d5-c5d55ac5732f,079ec641-0bcf-4ec0-9869-96e501905264,45
27c5745f-855f-4f59-8afd-4c6be257fc0f,6b09e280-3faf-43e0-9823-f340f22b9ec0,99bee5d0-f443-4352-9ad5-f6a22b3cd472,36
1cd49e8b-7943-4405-ad17-b091896a838a,25707c09-bade-4e54-94c1-b91969596e75,6332a397-6f08-4284-8329-46dde397d9fe,2
d0f0053f-bb82-462d-965e-4c9f3e842304,154f758b-4186-47e7-bd81-a6a9f3a72bf0,c5cde191-a694-417a-86c0-d6d74a3899f3,16
202e1c9e-a126-4889-9b16-9e8fbf17974c,4487ec4e-538c-4406-82ac-8e08889ecab6,633a2bae-36c9-4fb6-9280-d425c754f1ba,50
54b10925-7f8b-466a-989f-8357136dc1ea,5a08edbd-8618-46ec-8f9b-0f18e182b386,9291d7f9-7ce6-459d-b47c-b8be049d1470,91
de59657f-fd85-4264-88a7-879f43b174a8,864d30b8-935d-4302-a463-d794bb4a42d8,7639d1f9-8028-447a-b06b-40c93d63ca64,5
94af411d-2d7e-47cc-97aa-bf09b2e36d65,471d778f-674a-4e64-abe0-7d25f18ec7e1,38de7f3b-50ad-4791-977a-3d63e4435ef8,1
fd9a224f-37a9-42bd-88e4-50093cf6ab75,320e12c8-83bb-4d8e-9ef6-fd5deb7f737d,a4a81e81-5455-4461-9df5-454ea7a28e55,34
065b0695-1767-4c7b-8dd5-019cf8ab9084,6a77d12d-0b85-4006-9270-d9780cdc585f,9b754e99-46fb-4fd6-b884-d313e3608373,306
8b1da882-9233-4644-8f89-90e3ea3e6bcb,df6efe94-e5d8-47f2-aa90-f30433db5132,10ecb331-e2b6-4bff-a2b7-4b2abe869c00,5
7334914f-cdd1-4d7d-aca0-59c147e12b4d,11ae5570-123e-4b0a-a4d4-4e7aba8cffc7,155b6521-b536-4300-9907-59d75c0473f4,39
48276122-f5b8-4f2f-ab4c-3dddace1b9ce,90300a9e-67e3-4560-a9f9-dbf4381d659c,19dac6e6-c288-4486-83a4-1ad6ed7cdd0a,3
de45af5a-0e78-444e-8d48-afeed73fbf1a,7349b2f7-7d34-4159-bf2b-db9af1689309,04698d62-6e3e-4d58-9227-656dd36a16f9,73
07c1df23-da53-4726-94de-491eb389214a,77e27de9-74a8-4792-b35d-850f86713d4b,82c43089-e3b9-4871-9cc6-97ebbd777a81,37
ae257886-8aa6-4bd2-8ca8-c36a1a89aa3e,07549a7c-1a67-47ec-80ba-500bc8ccb0ad,0a5606ef-fd9a-40eb-959d-b86d40b5b290,199
e9256576-bab3-4942-b435-178783f26a76,a0ed056b-0919-4898-9ebe-492ab77eeef5,df3d705b-002e-41d5-a0a2-61fd6836e564,92
86a1a161-05bd-4009-8d11-a2b3b3a396ea,2c8df40f-fc17-4a73-876c-9fa553dd5b1b,dc89f01f-defd-4697-9516-630ee29399f2,34
1f8f3304-d104-4bff-9b1b-4db019e02eb0,1ebd345a-d0bc-44cf-8e95-0a194f829547,a69f76c9-2ec9-4dd4-b99c-00830a745981,10
3f1a793e-44ca-4956-bb0e-71b4880a9b5d,c455270c-9b78-463d-abe9-29159861763d,8cc48699-3ade-4979-a1c9-d85ca414bff3,4
a1cd11ed-90ac-4124-9aff-0a4b4d281b82,5079a2b1-2330-4476-b950-ec1004be0b9c,84c74832-081c-4aad-98d8-d2f0baab99da,426
15f478c1-3257-4a23-a24c-af89eab3a5fb,14e614f6-4751-493c-8a9d-f2d795ee24d8,517c25e7-ebac-48be-9889-3981b02eacf3,4
8812b059-771b-45f9-abc1-6adae340e4cb,9651f56c-4319-4f88-ac4f-20fc1f312dfe,b5c50e6c-f9c9-49a1-9327-0bf3df97b1db,22
ae358536-49b9-4a35-9889-095ab9ec5a74,45b8f583-c0d1-46d6-b0d5-978b9b9e4205,764d960b-9524-43f1-9013-8872581c44f5,86
a3e5f013-a2ef-4be7-95f3-81fab9773267,d2c5e5bd-6385-41b7-b843-034acca5df53,da80d37d-f061-49d4-a8f7-8b5356c8cf31,183
da8d59c5-938d-442f-9b33-6b5fd30d3663,49659360-019c-4016-8e3f-e87b7da50d30,b8dd0d95-de77-40bd-892a-62832ea28410,3
4dece05e-faa4-4fe0-97a5-3e4f910a07df,e0a51858-7b7a-4faa-b978-07395c732069,9d95ad7f-923a-4405-8e79-54ec3c84ad02,27
7e3bae00-a5ee-418e-900b-012dab007449,1462499a-dcbc-49fb-87dc-2907d2aa4fff,13cf61c5-de73-4d91-bf42-85cd1a381906,73
a67604a0-6a46-4d84-bacb-11078f2ac232,3d8cde27-8382-45fa-a5fd-df27431d027e,f664c295-adc8-42c6-bedf-f90b568ac6bb,16
26bebaf7-9dbc-406b-9f12-ef1ed5f70e43,c77abb19-383f-4224-9f49-34d16e40ea3b,d3d45a5f-683f-4d12-922b-7c7251074d75,1
82f789e7-359a-4f9a-b50e-bfd2444e71d2,acef9e70-15c0-41b5-a9f1-0701f34a7956,a8c4cc07-cc4b-443b-abee-8e9b02f5da96,3
ff808b74-86bb-409f-b107-bb17b99883be,b7979ebc-2d12-4f80-90b2-06a66be14fc1,6115a43c-e1db-4e57-899e-17a6868c0ef9,1
303303a4-54b3-4795-92dd-5e9a57032bd9,c0458232-7cb1-4193-ad52-1b89f40a5bf2,d707de68-f1dd-4c9d-8561-b82ae39537fb,9
ca979796-91a8-425b-9edb-54ff0ef30b64,81e42067-6d9a-457a-b729-0799ce9681d4,3e7ecabd-833d-4a3e-bcf3-b828c6861961,3
f306ad6f-1d8a-4bfa-b8eb-9cb6758b82fa,00a8f5e2-b79b-476d-8aeb-55411ea1a5c6,0988f252-bc23-4e1f-b646-34841e3cfc72,4
84ca4ae1-4dc5-4d5c-9879-0ad7e37be678,b8792ffb-54a4-47c0-abdf-d64c11e97af8,4f1715e6-f95d-4b3e-9504-c74a2114b92d,3
3d635794-3298-4220-ba5c-38c8c01c14d0,42a710dc-4117-4941-ba5b-557d1c87d439,dd9801fa-ea1b-4b36-9321-c0854c34bfaa,19
1a8e958f-7ef5-49ff-b9a9-bda67fcdb252,5c219f2f-8343-4e66-87fe-09d22e835e5c,03023fd0-a335-48c1-b036-67e4bbbb3021,22
3751d6cc-f463-4830-86fe-aab07cab5a05,f0116f27-7f96-43a7-b3ae-61cb40800b14,a2dc3ed7-d543-4661-be7f-5046425e4d24,470
16c2d40c-06e3-49df-9bbd-7c9563d8e148,d0c59df4-b29a-4355-b3c2-4d09d9b03a18,29fabc86-6700-42f0-ab3a-ce98af64d89f,109
cdb4ec50-85a6-4f6a-b0d7-b39a962f156f,0b0746bd-97d9-4251-bb6b-b65af740bb0b,274c6996-0c06-4edc-8ad9-3c3174775872,4
de047e01-b933-43f1-939d-a4803368578c,2f6f6e04-c6fb-4e55-b2d7-5836b2557715,4229a053-b3cd-443e-91d0-89565d00baaa,3
ad983c13-47ee-4665-9d7b-5f87f8108a1d,c7891209-0e9f-4f47-a233-836e563774d3,82e41b29-1317-403f-bf6f-26ed94fe5070,122
38951daa-00a5-4570-8a30-51aa8000101a,275f69a4-df5b-4970-9745-7d55e13de54b,090c082d-4f7f-458c-85b9-480cf268135a,5
f1143de5-e9d9-4e21-bb69-31e0ecd913db,97e97501-336b-4283-94f2-f14cd33c9d60,700bb569-f8ce-4423-9e41-6da3a3cf2bc4,19
950f0a52-778c-498e-980e-7c20333f391f,54876c57-ad34-441c-84e7-dbe23dc7c71d,c554a597-275f-4170-9c8d-306e8b2edc7f,190
0e5705e7-6fb5-4218-9114-5d3c592b45c0,c2482291-bc35-4e34-a4bc-26bd2e063db8,fb4481b2-0076-4438-b822-2b534f15b7ca,2
bf9144f5-9e45-4992-900c-bdbc4cb6efb3,cf8409f6-6c54-4d9d-b9ee-261b29a60206,d11850f6-9a44-477d-b25a-d97150e5a130,4
dd8e2004-f4ec-4154-b332-158de55b923e,8f2ad5d3-4fc6-401d-b2a9-fcd494c206d6,58617589-451e-4517-8094-c7bbe326b57e,74
10509166-749b-444c-b778-2566dab82bc5,99872ce4-74ea-4ca2-a984-8185609c0a09,48650d9a-98e7-42b7-9bad-6214f00ae394,49
39a3f1d7-eacc-4249-9f32-b687db5f47ef,177b36c2-fdf7-4bde-81f0-dca5161ec2b1,cf4002f9-2ecd-4d59-af19-1e0b4297935b,3
c9471704-1f20-4e50-a137-15ab1342b2b2,3257c9f2-a71d-4cd1-9ebf-1c9f191f6d8e,6c7d1b6f-fad9-4f99-8724-2b51a007486c,2
8599ca98-4a60-4827-ab19-ba5676309578,d4da3b0f-cec2-4c8e-aff5-25dee5ece983,2e169466-1af0-418c-bf5f-967e4de937f2,129
8e522de8-2c65-4125-93b5-6a1a1b14256c,60cf5bf9-0f24-4609-8746-f45f85a5c015,a89639de-9cb2-4ba5-828f-5610f04e06a3,3
759d4ca0-c339-490d-bc30-697e1025b43e,13a6fe35-9f23-451d-b369-b5803527fd51,787431a7-8a15-4b87-b0e5-acfab4b2f481,5
204fa5a3-2492-4ac8-a456-98a3be85d230,5b1065fe-f5a7-4ec9-9ada-9a709f7e592f,b009bd16-240f-49ae-b9bb-a960f7d49534,1
e77f7e56-9c7b-4faa-89d4-4e10ba9aba40,4e156fdb-a749-4a23-bd54-cc04f75b62cb,000c1cfe-5405-4a5a-8480-02692d28cf46,6
9e752bb5-0f8f-4905-8d51-f4699077a307,384e8d93-199d-4754-8080-db834e105651,9d508bce-68fe-464d-aa92-04785789c5eb,32
69c05c8e-daf2-46ba-a8d9-faa84fe81705,00d2fe78-1233-4aa5-aab9-3d4f1d1cc05c,66b308b0-5792-41b7-beb8-5ad466f8ad2c,4
182441f8-f5e9-4ddc-a933-cf8625e8de8e,4b52c7e9-da9c-4962-88b0-9414dd77b794,8defb2d9-ff71-4844-a336-a972ef7eb652,5
556b8b57-5938-435a-8715-73e86a3fe8ff,a7712fb3-2397-4fa3-87ae-9b3d93e940a9,c8de327a-3216-4d6e-86c1-9b57c65aeb5f,1
302af2c3-388b-42f1-989c-3acb6dcd5909,a7b9aa41-6ff7-4f21-9907-f445f71184e4,64b38d4a-4362-4b2c-9ba5-6cc87f46161f,29
36d27497-1343-41f8-ba30-cc8a74d11620,4e138542-7ef3-484c-a717-39c309037a58,ef0c0965-dc1f-4eb7-8862-ae7e76ef3b58,149
991b8caa-d0c6-4fe4-9a4a-2754f7d1b041,1401787e-fe22-4244-9342-a01ef47cf17f,89a995e6-36ef-4c85-a27d-17024b82b0a0,115
bfe19e6b-5dff-4483-b17c-b6b02c5e2f46,ab6c5021-d7c2-4e9c-ad7d-936d0558ae1b,9a2ff183-9d96-4b7a-b399-1d41e1b5dea2,28
63713068-bc3a-4688-b68f-288aada548a5,71ba9010-afe9-475e-b380-f632515c93fc,3dc65fb7-4a18-4986-8273-0e96894e5393,3
7fd00c71-aa93-42a7-9dec-3e659c4a6bc1,71ea46de-a002-48b5-9426-5d4022e03029,c19925bd-1e55-47e1-8390-b0a0a104d314,23
e360dbf7-6ce7-480f-9af8-1c7a07294672,e9b7474d-fc74-4fbc-9c1a-a2d7fd86bffb,709befe3-467c-4e66-a8ec-15bed0ca55f0,5
420a7b53-c35e-4500-ae9d-eb0d655d6b05,8b63b37d-d19b-489b-8a6a-4515ae5dc70c,d9ecb3d1-7cf6-4628-8dd9-4fe7724c88f8,84
f6d50aba-1ea9-4065-b78a-5dac8dc426c8,ae57083b-e792-4b41-91d6-7114ad59545c,1f4c4130-e2b9-4a76-ac6d-b6345f0c6b53,3
9de0f3f5-94bd-4420-be28-af4a5d8994e2,d8c5b2e8-bd98-4761-9097-4d39054dde76,84a62239-621d-4a50-942c-36228b6e2a1a,20
5d6be36e-ae95-40e3-92ad-88d734692aa1,1366d9c4-0a72-4c6f-9bdd-a86b13827398,e0ae8ef5-9adf-4461-adf8-31636a31619a,44
31d030a1-b75a-4aa5-95fa-4f0a4e209684,aa2f3980-22a7-46a6-825e-509da55b29cd,a7cd29a7-e6eb-42a4-8a0b-1b371c0b1c8d,102
d548cecf-c2e8-489c-8d2b-d1f240918697,5525fce4-9f89-4c77-8691-e71ed9092d7d,3160a7f3-ba64-4b0e-af63-db519be41f4b,16
dc6677b1-afba-4b71-b5fd-ecec2e7e9034,020a8026-fd38-4795-951d-fbb26602a733,6ef3b233-317b-4316-aca5-5bebccf29926,34
ef0eb7e3-3f90-446f-b380-bb9078335f91,2366a6ec-114f-4968-8118-9d9bb06dd05c,60a0d527-8ac0-428a-a3ca-080dc968cc74,35
290eabda-73d6-4526-b83a-01b89cb887d0,5d102c7e-beaa-4e97-a2fe-0cdf77782f7c,88ebc1a3-cc63-4194-a5fc-af7a4a1d5bbc,20
95c81886-9918-467f-accd-9a7f82154ec4,0460f09a-032b-48b5-a481-8014c0624bd8,ce16faff-3d0a-44d8-82f8-2a40426d9a13,38
9787cce3-f360-439b-9bc6-ba04a6c9e44a,4170531b-ed9e-46e5-8488-7c20f05af15b,8874fcd5-c399-4a29-a8d4-ce3e3d5b278d,4
01eb9fbc-23da-44ae-8a12-5a5ee1ce8668,03be8e0c-da93-45d2-9fa8-64813d78b387,5d4b35f9-4be7-43cf-8a5f-fe2e2cb3ba1b,15
8068ed3f-6e2d-4f36-88c3-4773ab625b5e,cecb89b7-db8a-4823-ad86-6e530bacc63e,1005cec0-82b7-4d9d-ab87-34e121946392,29
6e4a2b96-ea54-49ad-a978-b2c7542bf963,3f6fca1e-02be-4e62-8f70-7cbee1e5cdc0,676e0678-e123-4152-860e-c5df336f5885,5
da100789-98fa-4e59-a09b-69d7a7c857df,fbd98549-44ee-4949-8d5b-a882ad636d50,eb8e8711-e757-43a5-86f3-70bec457c146,44
cad79453-d649-4346-8dc8-ef2e9377b08b,6a64743c-4459-47b4-9b2e-73e7fbd4a963,bc35ae3a-1896-4222-9be5-a09c485f050d,105
572da919-6564-4f8c-a0ed-2f2edbd6fbe2,d143963a-6f2b-4a6a-8c5f-a7e81671886e,df6165ce-b3c0-459f-b7e5-30988653302e,2
9509310d-5d17-48aa-9439-c0bd44d40115,c6fef054-061f-4461-b7fe-9c5ea4b4a8e5,b1dd89f7-f957-49e6-9128-7f82e680a58a,26
f50d4752-859c-4647-aa0e-ad90cca4618b,3c6750c9-c0ce-49bc-9b30-4861587d22d0,8727a54d-cc9e-492c-bc31-0aaaddd64d48,16
4f728903-9dfd-40fd-b5f6-fb35a9344182,cfc08d19-3c41-4610-a37c-f2304731c961,a3cd6f28-6ecf-4016-a130-fdc9fabef930,48
9600cff5-09ae-4e93-9b93-4aea8152b33e,d45add8f-dcf6-4062-a2f9-510d54083345,0e3429e3-880a-4a1f-b092-8538753deffe,22
f17815da-22ab-48f6-9e47-59dd29270b76,021811ea-b74f-40d9-9bac-21bd5b6656c1,2064b500-d0b0-4cda-a924-e4e4caf50449,26
ef375be1-3f30-4d26-9eec-50d82394691e,1f1ff418-6469-40d6-9c59-a28f6aa88ea7,726ff380-568b-40ac-9128-16db12548b89,29
018295cb-8050-4773-b7bc-a69891f3752e,388e7c48-0027-4b3f-8310-06f6b2d4ee54,ef739725-baae-44d8-909e-f6ca46ac205b,34
f85e37eb-3bea-4d23-b553-1c53ff3fe285,2f6a03b6-0ff4-47cc-b9b5-8e132d6710a9,51aee9e3-5cc9-48ef-9765-03ae67461ca7,23
c9ac01c6-02f3-4296-b61d-5ae85c7f7cce,ca4cc4f6-f59a-4774-88a6-050edd6faf87,5ecdcaf0-4c2b-4794-ac45-abca59235c46,5
7920631e-06bc-494a-8dfb-0edf1220c1b9,b21ca0a9-b9c5-491e-ba42-0c79161f87ca,d8c914e8-f1bf-4b22-80e1-9e1b2674bbad,100
c6133f46-ba3a-4adb-a857-471ff27d5320,88cf86b7-5866-4dab-a3da-b8e2db6e788d,a0ee29ab-5e6a-4322-8b2c-42ab8f4aad4c,34
f72984ad-8c07-47db-84c8-9d92a82ef34c,2156e701-b0c7-40ce-bdde-ad1f78848749,89d84e2d-07af-4794-8c26-947da47bf581,5
fc433b07-928c-4a6b-b6f9-8683e498a824,509ee636-c283-4463-b325-7e557890cdc1,7fb892ab-0a9c-444e-9e96-c6bd55b85a7c,4
7cb8a44f-589b-4301-b8e2-f50b989b72da,e9a255a8-84a4-4665-a1bd-8cb615fb0cd4,f68618be-671a-4c31-9e1d-3762396cff4b,74
78f7572a-6e61-4e59-af51-a85085ce69d4,1d21466f-1472-4047-9f08-9377cd4cff55,38de7f3b-50ad-4791-977a-3d63e4435ef8,33
1ac7e697-246b-4e37-b2f7-12f3bc65bcce,017cd0a3-7041-4b83-93f0-8f100833b1fe,e7b0fdc8-c753-454d-8547-732aed3bdd87,153
e26f8141-ad01-4ac6-ad39-a2e333845a57,518126f7-8495-4212-8fa6-7800c3882e20,a7bf5426-0e38-4f38-9947-82a05d7e1284,42
5bd285f3-6617-4915-bdee-85ecdb108d3d,b798c5ca-4f20-4848-bf2b-666dda8fd887,fda0b076-9647-48ba-aed6-02b883134704,403
a5d25fd8-8606-4bdf-865b-d850478c7f85,c0d4b329-c2c4-4772-a670-54c84c0c8ece,c1cc1f50-38dd-4b9a-a78a-2cb28ae6da4b,34
29f9e80f-9f0d-4b2a-a0f1-af537367c08b,76c71474-6ac2-49cd-bb80-b35ccddc6687,71c9c5c5-fda9-4ba4-8083-f7d38b2dc864,2
7555c081-59ce-45ca-a9bc-7fca1e59d4c4,f7c22ac8-24b3-4740-841d-34ca68c0d215,46fd711e-1a92-4696-a519-1f84e0433f2c,47
9518008b-8b1b-431d-ba3f-64b62cbc3951,ea5b3a16-6f96-419e-954d-c448fd502602,9ef8e37b-05d8-48b2-a37f-4d2d4eec4958,8
d7ef3a2e-1cac-492e-b970-8c98ea6d04f4,48b8da4d-34b7-4787-ab5f-cb7f30b6fff7,d0517581-cf9f-43c9-8341-f8bb5e132d9c,24
1bfa9f5a-61e0-49e4-96c3-6873c98f9792,4a4953a3-b8d5-458d-a4ae-cee9a94ade83,d84e5e42-c2b1-41b9-96c9-71cff9aa235a,498
5bd8040d-2277-4d19-b79d-d83f7a719902,e5e60f7b-f0cb-43f7-80ed-2da891cf5c48,dc2855a8-6ce5-4157-9575-dcb75d772220,4
1395704c-23b1-4986-99aa-9d4535f4198c,8bc85f53-a3e7-446e-90d2-06c14347ad4c,c645401d-3281-4d42-97ec-e5e3d01743d6,9
d515280f-492f-4a39-8598-3206c6c5e1fd,d8d57af5-c58e-4acc-b8ad-aaa46c42c068,90161e29-8819-4faf-9e9f-9e903488a01a,5
942c1011-926e-4715-999b-f10ffe207aad,682f3380-d615-4544-81de-a370b5ebceac,fc576eb8-7cac-45c2-8753-f4dbff52125a,1
63f14635-7903-4a5f-8f19-edbd6e118756,06fb6b39-fa56-4e38-aaaf-efc8bdae9882,ef337cdf-abbd-4520-9e5b-f2db521d2269,1
fb3cc913-06be-453a-97a7-2f7f579baea6,13d9e213-e331-4618-9f99-8faaad7fb57d,cafd74f8-e7fc-4d8a-be51-947cbfce01b2,2
74df9e32-c7a3-4e37-b9d0-e18e47229577,fb32ce07-7f5a-433e-8462-d04529f208b2,da4b693b-ca8e-4710-8f71-f1250970a44d,205
5bd9f69a-ea4d-4d28-9e8c-b7f95ec3fec8,1c3f5be8-9a66-4ee5-a2ce-4e68cce3843c,cafd74f8-e7fc-4d8a-be51-947cbfce01b2,3
2dffd427-74d8-4cf2-8abe-cc12760a74c4,7c99d7be-20e7-44df-a1bc-f825bdbb2a7e,0bea9faf-2101-4cc0-986e-4b246df376b2,171
efec999c-ca27-4e6a-addf-44de2b88ea7d,e9f74723-d88b-4a1b-bbf3-6bca28631f93,5347a8ed-83f1-4c7c-aae1-e7557782b3ff,4
b8627485-71a5-4b6d-bde5-1d069a868ac3,6a2a8563-b1d3-48a5-9085-162f697d1022,f790a4b1-64c0-413e-b991-864fa329ae07,3
8441cd5b-04e0-4658-ba04-dac30ddc02b9,c641278c-4b0c-44a2-8d1e-84cc55b3e7f4,c34822d8-3949-4272-90c7-18fd9cc356f0,4
c81349df-282d-482d-b272-ad0666dd904c,834d8b27-373c-4c73-8cff-f981de155782,bd0097f1-2533-474e-aadc-9f5109fdd1f8,37
f9cbd7a6-a167-4599-a3c7-13d73df51bba,7742f51d-9111-4479-ab9d-080f9ab159a5,44b69734-a442-466d-b40d-2e85bb1b3716,2
613b639f-b1de-40ce-9c22-17a4472214f8,af833e45-7f1a-462a-971b-229c853ff2a1,ce9447ae-b716-4fd0-8f58-bdd7b5b9efef,36
1b76f333-d1fe-4bea-b34c-f4f1387b27b3,16969643-bf6f-4850-9a68-3b4b7a2530d2,96f79689-f6a9-4e61-9ba6-ce8af7826565,18
8ba4a8bc-7fe7-4d7b-b0d6-0ece21a2c71e,8534a278-6ce8-4298-b86d-8fd382edd810,1e0b42b9-32ef-4358-8c20-496cd422ad31,3
46cf103a-5782-451d-841e-645d3e474b4a,c77056c0-7140-45d1-a41c-7b60bfd52ba9,652fa2cb-d23f-425e-9756-89c62db07be3,62
a1cec1fa-fee8-427d-bae3-bbfe1836da7e,dd4f99f1-8647-4afd-985b-3c8a7b0c7c36,b331a875-f961-4e3b-8459-c33b0cdb0a1c,25
16e29aeb-a63f-41c5-9be2-ddf5819e5048,34397ea1-90ed-4d1c-91a9-2b1633c44bc7,633a2bae-36c9-4fb6-9280-d425c754f1ba,24
4adbf458-fbc2-469b-ba02-9cf89f719412,ccf1666f-157a-46cf-812d-cf49193aab53,2abcb112-2e1c-4daf-b7ec-2d09880048f4,65
33516d73-ca0f-44a2-9d62-e78339e20c99,b25b1377-898d-45c4-9718-e63b5cd7d64c,38dcb920-4532-4274-85bf-1363151223a9,40
630c5fa1-b3c5-451f-b2f4-8ebfab5b9e9d,1b872d77-8de5-491a-9f2a-67462892f1ab,8ca5bcaf-750a-45c1-b6f8-bb99746830dc,271
26c6ad00-c94a-4c8e-90d1-e42d2fc2cf5e,dec1a5c6-d7a5-4963-9a06-f507171881f8,98541771-b8ca-4723-8116-49a42cc06901,3
88663aba-bcf6-4731-a359-2c657fe96154,02c83625-53e3-4840-87e2-0f5423b6ce96,cb2ee156-035b-47a1-a184-cab5c87bddef,3
f477a54b-37bf-4cb6-aa75-2ec6a20e8ef6,3cf0ef9a-3bbd-4657-acb3-1f11cf4c5955,8a8a60fc-0a75-424b-9a32-100cc45efd1e,19
160c5e6f-9f67-484e-bb99-01e19ad9a86b,f8ddda76-aac3-41f3-afac-5fd44250f2ac,11f64b4a-6b04-4298-9f5a-37005ac44235,167
ce2a5860-a453-417c-b44b-b67865d05b72,13a6fe35-9f23-451d-b369-b5803527fd51,2de55814-addb-42b2-992f-f86950c26e3c,3
52bc4160-b48b-4d9b-b75b-cb1d30ddc14c,424d8ccd-4744-4bc0-adc2-c4f1fd36c13f,539b4c64-472d-45df-b2ec-0bb10f20a816,10
c2d7f5e4-7c93-4d81-8740-d76730b953c3,afdd3641-ec4f-49eb-8055-a23dd8aa32f9,0222483d-9931-4609-8afd-6f886e3d1312,88
2468eaea-ff29-4adb-8882-fda837922845,1f4a9f43-91d6-4672-83b9-33717e0c9316,7fc5be05-739a-4653-a930-9e21f912f174,43
5f944723-367e-4685-9fa7-742ef7a93442,a8715e20-6381-4336-849d-57eab78f2490,0bfe5eae-3b3b-47d5-aa46-22aa2e74014a,412
fb17fc92-f6f5-4363-8e50-2fad31e464be,c09c8e20-05ba-46c1-863d-e779fb4a3d4d,5b84bda2-8ec6-4aa4-b666-f5ce403cb051,4
a8e24a4a-1059-4ed2-83aa-6c6764795d4d,f17a97d5-9a75-460c-9ef9-8776625ede51,f9e9e400-929a-4f72-afe7-f92a8c2f511b,197
78e842dc-c878-4bca-acd2-df0f99ca45a2,65032af2-f435-4a7a-b358-4bf8163a5d8a,0abce014-e257-472e-a2da-b0fa7776ee0b,3
ec59dc42-b827-41ce-9a6e-30fa9c6dc4ee,e0d516ef-e660-4430-8e69-d7ea432c99f6,3c4e5120-6b39-4f26-b917-ffd925945626,233
94ae9386-03a4-4722-a55f-ddfd780fedf9,1a9715ec-6728-43c8-94c6-0e8b1b9fa519,8b18c72a-5905-4790-8521-2a2a2b2d7ea8,79
e2bf597a-cc1a-4c0b-81b0-517e937ef5ed,509ee636-c283-4463-b325-7e557890cdc1,2eafc497-61bb-4e5e-8a7d-76807229bf66,11
7de547a8-6693-42c9-8e95-573c22640e47,3cda88cc-9654-441e-b4d7-a4a8ec0d116f,ef725551-de15-471b-8362-2d7f3df26c8a,26
8a9843f3-04e6-4224-9c51-2ed188442171,3c81e6c3-a3f7-4308-8dd6-e62005faf887,f532e0a3-5a6c-45a5-b99c-c2635baf0407,27
209f4692-f877-4f9e-90ba-1776f3d26968,93c35bc6-04cb-4ebc-aa51-12994a5c527c,42d80101-383a-4d17-ae15-3bb889cc323e,2
23ce218e-66f1-4acd-b3de-9463f5282a40,8665e536-c085-43f8-827f-6a31b676d826,c5a411bf-1512-451c-95c3-006f0cba9f8c,23
cb272d8b-c86f-4f6f-a90a-fb93d51a72b3,5dbdfd74-7098-49db-ba61-ad762fb8196f,42eae1e7-c918-41de-b651-c40a94731b8f,30
85d8e87d-7f6e-44ac-a0c4-0621eb0dd40f,85b89fbc-31c2-4dbb-a350-b391fb7e6e37,2625172b-ad1a-41f3-8c13-54c47a27e55e,326
ce9db033-c13a-4aae-a2fb-172f67a5e6da,86147bfd-ca58-4e8e-be96-a4e87abb5542,82342ac0-6c77-4ce6-a351-c3f14a7748e9,10
6f7d0624-11d3-4425-9bef-db62e5d77d87,8a175f62-5ad1-4d67-ab05-af82c17a38d8,96a094a3-e3b1-4d26-8b0d-258a9abda589,43
9fff13de-fa9e-44d4-8ec9-c17d61a8499e,b086a67f-ef75-44da-9660-72367bc32dc1,bdc677ed-319f-4f39-8e2d-adad25f54956,488
87b734a0-fedf-4a08-b788-c6582aa2a89b,f653b435-1cf7-4f12-a65d-ea50b4eef83a,a56cdd1d-4ce9-4dad-ab69-4544c3225450,11
23f29b6a-1303-4be5-9c1d-716b8c4e3acc,34e4d3a7-8039-47ae-be27-c020f34302d8,467132fb-ce57-44f1-9c11-5e273c2180ff,17
d56bfcf4-34d9-4e60-a918-9134bc54969b,0fb58bdf-570c-45d3-b948-1bdca29e0e4b,85bbb5ec-d6ba-46ed-bcf4-b1c6cf03c46c,401
9b0197b6-a800-403e-91de-ede1189af112,e9f74723-d88b-4a1b-bbf3-6bca28631f93,52469528-ee03-482d-9c62-0f722375bb68,12
64f8fe7b-7b49-4c8d-ad64-008ef431e407,b0cee83e-d596-4d66-8411-e96422653580,56c0958c-4749-42c6-9f87-b077b9b52432,2
593d67c7-0c4c-4368-ad4d-8647976ad1cd,dae443bd-d3cf-4eb6-a30f-72d9a28aefe7,307be7fe-6cd4-4f49-95c8-016ca340c364,102
48de925c-2e0c-4e18-99dd-b88ddb12c1df,5dacbf8f-7145-4728-8c56-68cae17900e4,4e3f6820-2efe-49f6-b3cd-8e9eeda460b1,5
f79bce14-694c-47f0-8bd3-c698cc69a00e,19661f67-86f2-4bb6-b35c-46ccbf2f765f,bfcd1bce-abf5-4b8a-9085-6c86090cdcbb,5
b2c97494-9d60-400d-9c95-6fbbd1662940,05c82fde-2804-4e0c-bed0-cb720ba93686,da735f49-637b-460a-90be-e1194f56d85b,3
91707950-a9c7-4b7a-b14f-aa6d1ae8775b,7c99d7be-20e7-44df-a1bc-f825bdbb2a7e,67eb58e3-fc7b-42bf-bcea-8c1fac3a1140,65
b0c1daad-5ac7-402f-8b7a-8be73a19c104,f3db1f03-34f9-45f8-bbde-62ec36a1a2ba,2383f74c-0fd9-4486-a7d0-4664dc834dfe,56
e72699dc-ba74-4414-adb4-1d21604a6965,83ec35f5-c772-4b73-b5ca-5d7fc96988ac,2d7467d8-9d93-45cf-8142-31ca7a10f18c,20
fb02fdd7-5965-4034-b92b-699aa702ece2,def295dc-34e8-4644-b795-586c1c80d234,86ffa46b-fd34-483f-9819-27415d7a67df,5
1fce6014-2a53-4dab-8a86-3b7a32cbed62,1df1d19d-626d-4d09-8631-ac0a0c090ef9,bcfffe6a-63e7-4111-9809-972832f52dbd,40
e5045cf1-fc94-4996-92a8-0242e85d59b5,385edcf2-9583-449a-82a4-024d74ea156d,4d645f23-e59b-4cc4-8f6b-5f5a504011d7,273
bc4a2e8e-3653-42c9-a542-a919c2872690,64f2f675-f410-4c88-b213-2cb3afefbf83,b274faa9-c5a4-4dc3-a928-8cdbcbe6cec3,30
66bef03b-2db8-4da6-a4bb-1bed61540dc3,89cf12ac-7416-47c9-9c16-92460a7b524a,6c859cfd-fc19-4d23-a4ea-b95b06eed575,41
554c3e4c-01a2-43ae-834e-68a61fd271be,be4384de-6a6c-4756-9dae-fff989fed40c,09a1bb81-3cd6-4934-9f29-d0371403120f,2
8206078a-4c38-4e50-bf7c-bcde3c2fa5e9,45abfea1-f111-45e8-990c-d9ff215fc3f4,f40b1401-c030-45b7-a026-e2b8cd99cbe0,3
44c58134-0752-46fa-ab11-a0bc23df8bd6,690de2a3-0f5e-4844-94ea-ce4b7b26de10,394d81a7-4910-468b-8aed-0e4030872af2,3
9c545d4a-75a7-47af-8618-a39fe8092390,88458da5-3d9a-40f6-a972-3c7e4d457be4,3b942012-0773-46ac-82b2-2c7aeda70dc5,15
7a624ace-4e64-43cb-93a9-44501eb50df9,7d8afc5b-8c5d-4807-b474-574f465e9dad,b27e81b7-79a9-44d6-ba28-6997cf58f51d,27
732eb55f-a853-42c5-a7e2-2a45a047fcfa,ca268535-1157-4b2c-9bae-f63ff366583f,03c32322-1631-42b5-a99a-477f72a8bd23,147
d565753c-c0f9-4de9-96ee-9e722559bfd4,7d2de3dc-3694-4cfe-aee7-13e26cf0481b,cc350843-7dec-44e5-b869-db84a9da1510,16
a4ea664f-eff4-471c-bea4-b3d67e7f8bd7,4a4953a3-b8d5-458d-a4ae-cee9a94ade83,51a9d804-0d1f-40fe-b4f3-488623cec688,208
fbd95fbe-c51f-4b9a-8999-a220c79bb35f,6ed4a5b7-2541-41b5-ba20-ab7a1f0221a8,f95f20cd-0f1b-4389-8400-5eeb45c240c9,41
991e7716-7e9c-47d1-b484-7192f0592175,eaa1e7e0-3653-4d5d-978b-e9c984ecc827,9aae9f98-b1e6-49f4-8f01-eb09ebca6903,2
e434f054-ea89-4a0c-8518-d8974fa80a7a,c6689ca6-943f-4d63-b9b5-0facd406f3f3,363f8d16-0eeb-40f5-80c3-7cf18633fc7c,22
96411645-340d-4fe5-b905-4c17160d9d17,5668e3a7-c523-4be9-bff3-de6c95778b48,67486912-9ef9-4051-bbaa-401dd8f751dd,28
e85e1f19-9bdb-44d2-a8dc-7ba8edfcfa2a,af01fc9e-c777-44cd-8924-259ec96c8505,e39f4fd1-0591-4d60-8dca-bb8d44188d2d,198
952e313f-7c46-4210-b6c8-6fabb261127d,6ad4cc81-0a34-4cfd-a0d9-5982204fb77e,8e33676a-efba-48e2-9160-8b48875a0df4,93
6928f4a1-f64b-4808-ba18-cd0abb6d97f5,10a437e2-3bc6-4594-8b6a-fc66d9bcd8dc,5f846a00-e545-48ea-ad19-1445022f1ae2,46
52ca2576-25f7-4bf7-8135-e15081794170,c2e5ff5d-be96-46ff-896a-f3f2a474d814,3f58b2eb-4930-41ca-9c77-eee4232208d2,16
1956562c-b25b-4ba0-94ef-0fb740187fe8,3d020970-976a-4318-8399-2118668f6c18,58932d01-6977-4ecb-b150-25586c255f0d,3
5bcaa895-6e39-4e59-b44a-32baf4e7fec1,e7f7f0f9-3d39-4357-ab9d-eec38cb1da4a,9def7c74-c6e0-4320-80b5-810a5ce45c14,2
3e14166c-8884-4a8a-be89-064b51d5e958,7d4be02b-cd03-400f-8385-bc9edc873999,e5a0057e-fc6a-4073-b8e8-320ee1c9c6f1,18
52f703b3-ead6-4093-8009-f6721ef74550,d8341e3b-cc40-431c-802f-7e2139d4e56c,f3c7b260-6118-4c2c-a272-471310849a93,12
ad8e804e-bf4f-48a8-9aa9-2f5d6273ce63,ec82d6ab-4824-4719-ac25-6f6374e281fc,f16b3a1e-b7b1-4338-8b50-c77fb8186ca3,107
652b6158-674c-4b55-bd99-74651bdd1eb4,49f3e3ea-56c7-472d-bd21-a7b2ff08dfc5,13c3c4e0-d51c-4c3c-adac-adc3c07d7e28,40
4c21edaf-ada7-450c-9564-2bcbca89d890,3bcd0bd5-900a-4075-ab92-1a99f7bfa10a,2dc9fcfa-946f-4691-8ebf-6c92b5ca2eee,5
4287f9ab-2710-4876-b63c-2f2513bbebd9,726bd091-0787-4807-ae5b-96e3fd084d7b,2382f55c-e8ff-4db3-8a38-742968f05578,15
15b8b670-01ed-4b8b-9c03-6c104ebdb682,aedd9e6d-8b87-4dae-9397-0a4f46ecd948,a32e593a-21fd-4225-8021-3bdccd4726c5,5
e7e1d7f3-b82a-484e-826e-bd2fdad4b61a,be9d4012-75bf-4320-a537-f4aa0f0684e8,3a138ad4-0486-4de0-bd7e-a24377e99f36,183
429d1b5b-14ae-452a-a976-2f6ba48aeb56,d4c7f5a0-10fd-446b-9222-b8ca1e0bbf0c,5dac11de-9da9-4cd7-8fe4-dff16d366309,136
9bc2a614-ab72-4330-8a31-92b76d183f3b,cdabc779-9751-447f-a12a-f3d73015d59a,33eaa76d-43bc-43b5-beed-68425472edec,29
44277111-ac50-4793-80d1-b3faabce7079,14fe5cbf-74bf-4f38-8ee4-420b94a4bbee,3e7ecabd-833d-4a3e-bcf3-b828c6861961,43
812ffff6-bb98-4027-8d66-bdd41bf071b6,75710816-169a-4ab2-a57f-fe08932ea2a6,f0811a54-9ce9-4ac0-8436-2671275e7ada,30
31e92142-2716-4ff2-b5e5-7795193cfae9,d93b5180-d1e7-40a4-949e-12e08d845773,5b540e46-7d49-4303-b583-7eabf61fe751,2
f5205afd-6db2-42c1-9579-58214efae05a,0bf435aa-68b8-4e6f-a6c4-d3bf44d7f2aa,1936af4d-b47a-4c79-8a14-3b93637f0ca1,25
c46057fc-41a5-47f0-85da-0a50c970a2a1,8fc25275-b846-4961-98d0-3f0d648f2f44,77bffc76-6004-49d4-8b37-f24513e712c7,192
42e594b0-334c-4632-bb52-24412abd276b,efc6ebcd-74b1-4bac-84c9-b4eefc728f26,d9f9a77d-e864-427d-a040-0bd1842721e7,12
45a3b965-c1c8-423c-86eb-c0301750bcff,f02c0453-d205-4cce-b4e4-8e9419189ab4,8985282b-00e5-4120-adae-f987aee38e82,186
818112cd-6291-45a0-a189-e6ed3c5e42fe,c03c8f6d-7329-4f36-a6ed-2e1c4b39e8e4,eab6c606-33b1-45e9-93ef-3a91391e67d3,36
39a0621d-d1fc-4864-a3a0-18c992bd5ed2,be3e3fc6-cf3f-4b47-ab03-8ed155f1fb2d,36faf613-cde8-4fa2-80a4-dc3bcb0815da,25
26c8f6c3-a162-4079-bffe-506d1aab9169,7972c38c-89ae-4cbc-b599-a3eaa205f91b,99f575d1-2acd-4180-82de-70b5ca44f1b6,4
77b11114-52c4-49f5-a514-85a54b101f8a,d2b8bb1c-8ad0-4089-a26b-37314d697ba5,263445e1-f5d3-4e1c-8f42-65c2c97eacd7,5
0c62680e-c917-444a-968a-270a96fdf9c0,a395fcfc-35a7-4c8a-ad48-0f05c9bf27d9,b36d981f-9917-4b6b-829f-38efe428109d,182
058d343e-4387-4298-b09c-cb0be3549f03,c6689ca6-943f-4d63-b9b5-0facd406f3f3,688d7d24-b0a3-4d03-bb93-8dff72ac36ec,36
e3060bea-25fd-4772-bb59-3236c4c36d44,8d4529b8-26a0-4c45-8127-0fddb5c5e299,7719a020-6bb0-46b6-a7ab-dabbc398f399,3
042c2311-9b7b-4b23-9416-d4ea67790dbc,19661f67-86f2-4bb6-b35c-46ccbf2f765f,38a74756-efd2-4f89-aae7-fb174f7ae9ae,157
73cc2814-2100-4650-95f7-d37886e097ac,2105ea06-3512-40e3-afbf-974c83361a7c,20374317-caa5-42ec-a00e-a42d2e1881a7,24
c7753872-f3ca-41db-adf0-a89f35044b78,4451dbbf-a537-43ad-b605-0bc5701d3840,1bafad52-e9bb-4028-a27c-6bc00eaa05a6,24
f4647e91-c6d9-4e00-baec-c4930e15fa6f,5079a2b1-2330-4476-b950-ec1004be0b9c,0f1f5fe2-82f1-49a1-9145-7e17ca54408f,289
742d240e-177d-49c2-8ac0-8345609d8986,4242efbe-6ae8-405f-852b-63300d26bbec,6422bad9-1361-43ae-b1f0-6d3587fcdaf4,49
373a167d-9a85-46d3-9ee2-996159bbe3b2,9b68cc0b-51d3-4a09-bb79-04e600690eb8,e34fc809-765d-4e46-9628-e1235f559b35,88
c428fbf7-89b0-46dd-93a7-6c11aeaae270,c9f20f79-aa38-46f7-b401-92bb09fd5294,6d4a93b7-9ef7-4e47-a2b3-5f1443b7224e,16
41064a03-4863-4dbe-b341-b2002360b835,8b65b0b8-09da-4519-b404-c81cb34fb27b,687eaeef-367c-478a-ab2f-5f08f86f9e36,126
ad3f0c7f-4333-4471-b681-b4cb7688a4ab,d848f07a-d763-4fe7-8cf7-00e1ceab11d8,1881fc84-7de8-4bbc-a3a5-1312060576b9,25
ad51cd92-e453-4226-bc05-4eab8f94640a,f40aa658-9584-47d6-97c1-e2add4cdab88,98bd8543-afd0-456e-9494-09be949a2665,23
4512c5df-e6d9-459f-871c-de9770729c15,6049cd0d-1b24-4394-a233-25b7e9e2f5a2,6d5932a7-34f5-431f-8b1e-a8ccdef40bd4,9
d62c7c39-b6bf-4295-aaf2-9683a19d252b,cf0053ec-0017-45e0-8800-8ecac44f3169,98c4ae6b-2e67-4e5f-89f5-cf8d527e3a03,25
4ef48d9d-9d32-4740-a368-f135ec8ea714,61db0a31-3ee3-43bd-8b05-239b3a603007,41eea279-b6f7-498f-a108-a9c478165ff4,163
70d022c8-bac1-41b7-94f5-29e52e4d9417,9651f56c-4319-4f88-ac4f-20fc1f312dfe,0bfe5eae-3b3b-47d5-aa46-22aa2e74014a,33
0acc8051-9e12-4cee-838d-daeca6fd6249,b063f7e6-250e-46ca-9511-9b735fbc5d83,d771b841-892b-4fe0-80c2-b17fa521f889,2
d3693350-f1c8-45a2-98fa-fe6c264fb6b6,08d9ecfb-88ce-4c85-bf63-94ac1aac4d83,ce51cbff-1556-457b-9b33-210d0d6b0235,49
62eb5a13-bb76-4456-8546-10ce72354e08,944265b0-1270-4a67-b369-ae039f216ba5,2fde1297-ea61-447f-94e7-4bbd7078de00,4
0d7b0787-7f76-4f0e-8cf8-549585dba1d1,7d06098c-cadf-4b19-91fc-00a824cc1aa2,d49ab6d5-091f-4fef-8193-a8a5ce06bc3b,273
33f1e82f-92e7-4c04-b84f-dc945f929182,a2bdbcc8-4f8d-4317-8c00-d8ccbbeb3193,60867ead-4cf3-4d2c-bffd-ccf64be77dc4,3
50e99aa3-2d49-4063-9671-1f1f68525a87,e6a064a3-da63-4871-b262-37c2f3819b5b,91b63bcd-8a8f-4f86-b038-a0402d3a9234,16
f00385b6-4493-424d-89ac-ea1b56c2066d,27adac7d-5917-4d22-876c-6ad4d98144f6,6935d85e-28b5-459c-9376-746b4f15be8a,161
3fb39ec5-1687-4c55-ab4c-eed3dcf49b0c,28c6a674-d474-4cc3-afe2-125bd41bec27,9cc8f2af-bf02-4cda-8b99-0a222fc3cadc,5
63fea96c-3725-46b8-abb4-c10c28fded21,e944f701-462f-46ff-9187-af5cecba2eb1,a2a3f53a-3664-4a6d-8230-6875a7c23da4,3
a22da060-ddad-4fe0-a96a-5114d9e442a3,4e214ba6-4c13-4562-a7c8-1795988df0c0,98b57ab1-9e0c-46f7-8a5b-4b550a1ed6fa,3
fefa4120-4c77-42ff-919a-950e37488975,b60a1d1d-bf78-48aa-a596-ce62f8f9440d,6932224e-3678-427f-83bb-091495401b72,23
ffcd3e77-edd7-4403-876a-b2e68a44668c,6049cd0d-1b24-4394-a233-25b7e9e2f5a2,49c564fc-18db-450b-8448-a99457835740,15
71c1210e-29c4-43ce-b369-b8db9b1d9c06,ea0a024d-7c9f-4835-9d4a-0c8f69fdea71,6eada0e0-6fd8-401e-bf91-6fc4182d1a35,79
b731b4f3-34d3-4bab-960b-a54e4a8c9ee0,61c8b253-3785-4b0d-84c0-22079f9efe96,ed4c3459-8b8f-4c43-995f-e6c1b03c562a,49
68253a71-2966-46d8-b146-57550220fb51,2f1a2c25-7b93-4dd5-9bb2-5f61767448dc,a20dce65-9abc-4d45-859a-28a3060c89ca,5
d6524eba-8096-4742-9e97-01b70b891e73,f657caa3-a15e-44a0-901a-2f3977eef75d,b96b9594-eef3-4fc5-a308-d81b0cbfb598,10
2900d74b-149e-412e-8f21-7e44ffa3641d,a32e5596-cd8a-4b46-8e66-dc906eb015eb,976eaac8-4344-42b2-b84d-b66890c81b05,146
9fdd0ade-9d3b-47d6-a124-248e9f105aea,8b4a1ddf-ad0b-40a3-b5c8-81732c1bea4b,842076fb-e603-4f8c-b4d7-ea5f7c23f056,2
edbae69b-d538-4568-b20d-4d47d1cfbb38,90c17639-227e-495f-8df2-b7aefcd0c770,4dd267dd-2a37-4270-a914-bf62edfa5461,5
4140f424-b5cf-49a9-aaf0-4a9c925dc082,28a6e857-7e65-4144-936d-3141780f40ef,76588821-e912-4ffc-aead-a4cc4bef073a,45
f4dac48f-a5be-4670-a599-95908d8e202c,2e55df5c-e539-4bdf-b0f3-8b98c5003cd2,e3bbb0a9-d5d7-4305-8a89-611d4f4b0ab0,25
efbbec74-cced-43a5-8746-ddcc3629c623,11786a84-ba7e-40aa-80b7-38fb74e0decd,d8b261b1-568c-4e28-b9d2-6acfb0dfe4a2,1
ceb9c8e1-0453-43ae-9344-1e8aa7df3b50,41cef550-96a2-42ab-b15a-9a59f52ee599,bd07948a-2fdf-4701-9b2c-b96c22539b47,44
5b6317f3-cef2-4bba-ad0f-243ff42a47bf,9d24bd48-b1b0-46b8-b0bc-36b80b143264,8ceabc8b-7722-4da6-981f-a9c2144f1de4,20
d855233a-e2bb-43fa-bbbc-582c4df403cc,06a10feb-a250-4c97-a310-b6f16b75b1dc,73e1e2d1-548a-4d12-9b9d-99332b67d705,22
166d055e-7c77-46f1-8fa1-78ccc92c7563,3a42702e-ff76-43dc-9fac-d67db1532a53,86457853-79e5-4cfb-b60a-3b89e7db4ccd,19
cbb4aec0-7a9a-4be0-a8a2-1864ec7090cb,84665f38-b109-47ea-adcc-f6d7cdccf4ae,76cc9627-3362-429f-94d6-d2a692f20586,2
4e8a3b0e-a5f5-4608-98f3-8988a7251c63,40735ed3-da46-4e43-9cd6-b31f17f80fe0,028f5307-8dc0-467c-a728-44d905dd6e13,13
6c84e09a-50e4-4c59-9408-aacc2a3d298d,493ee07b-2b40-4fa7-a235-c2239dd192b5,918ef4ed-82a7-468e-a685-bfbcdc559a00,30
6b175662-b338-4ed0-86f4-1f4cbaff2d67,220eeeed-9cb9-4124-9a27-677712c46040,69af7103-9f1f-4409-948b-b7e7463426f9,2
075ef6bc-5f39-476d-af5f-807e438ba91a,3709cbf2-f612-417e-b09e-d26c64cbe012,0398aa0d-763c-41a2-8107-420adc3d5194,1
2c567f95-926f-4708-a594-8718142e13c5,41cef550-96a2-42ab-b15a-9a59f52ee599,ce29cb63-e18c-47ce-a0b1-35736432d199,4
52d95e43-3fa9-4660-9155-ac4b889ea3d4,edc538a7-73aa-4a3c-b3e1-e732dbc82782,2497e5f3-3973-4a3f-9b72-f9699ab313c3,94
1121504e-730c-460f-a8d9-cb745fdda676,b0ba5ab5-74a5-4e51-abdb-f2d346d49267,6477de25-1e71-4646-9258-605cea0c4262,3
461ea889-1942-49ee-8f8a-7ce2aa59d674,8e206c77-cc5d-4c29-b45b-5300ffb1560a,d5c90365-4275-4afd-9a57-6a5d7ed5b526,1
22d3c784-b8fc-4e3f-84e0-c74c6bd5d8b5,7c611188-8bea-4afd-8bdc-eab44aec7403,eddca071-60a1-4d1b-9189-65799c36e0a1,47
657d1d61-cb5a-455d-93b9-f033bbd46ac1,9e35a540-5e83-4837-a79b-c37279258dfe,a43da244-cba7-4d0f-a558-27575cb4984c,1
55c63ae6-c217-4ccd-a00d-7d3d9fbaf2db,4acc4bcf-51ca-4db6-a9cd-e1d2dab15330,002a8062-f23b-44cf-88ab-6f957f824725,5
b9b05f34-e17f-4b0a-b701-eadb6cfb6360,f878a43f-c8be-45dc-a1c0-6066f902c75c,de2e5094-01e0-4998-9d65-d97eae16ed65,36
d34ae205-cdb1-4519-8fe2-4126fd3d1e00,c78c40c2-a6aa-47f5-8db5-645aa552549f,c5913f56-a295-4daf-b798-90bef6299ea2,3
94d07d6e-1fc4-429d-aef7-21e17093ac08,e84ad42a-8ee4-4790-aa38-9b8e63f9e18f,ca8b3567-a7b1-4d85-b5d1-283514a7023f,13
650ef3cb-fdb6-4872-ab7e-446f83c500d7,d45d21bd-4b5e-4209-a0d4-65df15e24396,b6e79a76-a82e-4fec-8e60-eebe98e26055,8
45e3a3e9-febf-4858-ad90-d64aebd960d5,05bdecb2-8b05-4bac-a145-e2ee9a2e3a0f,fcd702ae-cbe2-445c-86c8-9d24500ccb11,55
d366edd6-9074-4853-8784-d6b04932c0ce,af081d74-ba7f-4866-a222-741d74219e5c,54b81a15-8ef0-466c-8e21-5cc6b8d5b59e,43
8161665d-5dc8-4fde-bafc-8fcae471487b,914cc0a2-388c-4af7-9c37-c3243347c320,25df6fd8-b870-4c8b-9974-f56a0f8bb066,2
5383610b-5552-4ee5-917e-0257fd0c0c89,8cdd4bc1-b6ff-4be4-847b-36f408be6f5c,9daaf0ec-4bab-4bfd-a9b9-44a496fe2dfd,98
33ca6953-570a-49bb-ac2f-39c5170c37bd,0713bacf-955f-4118-924f-f77761f15f45,800a663b-1c0e-4500-aa45-2b446a2d7b5e,32
fc023e2d-8088-4c5e-ba8b-b5699333067f,97043e4b-2029-42e3-ad29-a20edcf2eb2b,0d0c38a0-188a-4459-b164-33a7eddbf8aa,1
5b5bb393-3acd-40c1-9ee8-1ab4e9ed96dc,b54d1cd0-809b-4e13-9cb3-1b3850ffc7db,00805bd8-3f48-474c-aa10-1ab5857570f3,93
3611673e-9b28-47dc-bdb9-4de2b55fee88,f3b489de-dd55-4565-98e7-c5bd720773e7,e10ebc60-01b2-4082-9942-04f12805d5f7,69
de1a45b1-af6b-44c2-b6b1-f1446ef44a9c,7ad79063-3420-48d2-9da6-e4c905ca964c,f9d8ec39-87f9-4b47-9af6-dacdbec9ff62,332
1321452c-e429-4d51-9a7e-f1032c6f6526,2e0a1a58-c1cf-4f60-9661-b486822397ad,0820ed5b-5e3a-4eb9-be08-bbb8dffb9531,1
8de4004d-7ee4-4b50-a0d2-2d5f249af523,aa4ad776-33f5-4aec-9f8d-8a0668140b2d,d40be2d7-7b91-4131-836a-c12ed44af1bb,3
e1e04f18-c43d-4fec-9aee-75abf27c3bec,d70e2fab-8d9e-41b2-8471-72aece4eec4d,e780358e-9435-4414-b68f-1b888fcfe3f7,5
70f7dec4-fa4b-4835-aa89-1925ee95776b,bf04b5fe-bb87-4b79-a3f3-282e931aeb54,c468a623-3097-4073-99fc-d24a01cd2255,3
104491af-eff7-411b-91c6-be375bce3ed6,9831fe52-6548-450b-abc8-3044918245b9,5dedb103-58ca-41dd-9fb0-6ada8933ba87,22
16de1f4b-0c59-4f4c-8dab-07c120bd8d96,5795e2a3-9867-45df-9e1f-d3e982cdc5e1,c998d275-0425-4390-b0f8-37eef7063808,148
a04ab01a-c94e-4f77-85cf-fe1eb6ce9495,a82f28fc-dfdf-49f9-ad5e-8a152247d3bf,7ae1197c-52e1-481a-8618-31e77676f5d2,36
379fd7b1-f433-41cb-b834-2a52017e1fc8,8c4057a3-f576-4795-8bcd-01080b166071,8f9b0928-04a8-4022-b325-7adfb3183c35,2
8968e74b-841d-4d9d-86b1-6f2791041d8e,5c219f2f-8343-4e66-87fe-09d22e835e5c,5ecdcaf0-4c2b-4794-ac45-abca59235c46,73
89024915-0a3b-4b37-81e1-af2cc04af7e0,600d391e-9247-4d18-b8dc-8a006d9c9307,f1e127fd-b525-4e24-b0da-d2573f3aa6dc,76
167df1f7-1f74-45d3-8e86-1979935a2f90,d65f5709-55e7-4f2e-a79c-d6ff72403ac1,3bab2945-42f6-49a2-8626-425e12152952,49
53dc2dbf-cf26-433a-9b01-9de01be7cb0b,92bbb5c9-da5f-465b-820e-bed18a4f317d,fb4b5c73-a659-430f-a7b0-5444a0cc7533,25
8f46d93d-d485-4758-89c9-81507b91a781,980ffbba-9f0f-47ba-9236-b66c347eed73,ab38c408-239c-4683-800e-709533e01e5a,35
a7aea97b-e4fc-4518-969b-3b2fe778689e,636cee58-d510-4ae2-84d7-57ba6c2f3c53,c53ba084-872e-4690-939c-e27d4c30079e,18
68dfdedc-874a-4fb3-9236-194a0ab2abb6,e843744f-5dda-4fe2-b339-03be1212d870,8dc05544-aac5-4349-a954-ec2a4f818574,413
f678c8f6-c58c-4f16-8fba-3fb43d9ef639,c2d5dfc0-2f4a-487f-87c8-6243c2b03b7d,928bcce8-322d-4027-a231-1b70a5a1522b,35
e829dc54-09d9-43fd-9d00-b1a4271e6146,e69b7a0f-710f-4656-96eb-655e035a9cff,fcdaea03-1389-4fcf-b2c4-5d686c428911,6
bfa30843-3631-4f74-b8db-9077996fa10c,5f99fe17-7fbb-4d0f-92e3-623cb606e581,233b331e-410f-46d7-a251-b901fdb386b7,119
a3967608-2ee5-4053-8ca8-9fbff277450e,5aa71c56-4053-4f8d-bbc5-47d11d404b6d,57e6d59e-ef17-459a-bafb-4e4dd6f71c65,3
b33010ff-eeea-42b1-a769-e2b7bde9ef68,f0f4bfa4-f266-4f94-89d5-e26d1546dd04,d7de5ebe-7bb2-4ce7-accf-f92a64a34c87,134
2aac040a-84d3-4425-a40d-4bbc7298a1e9,539df879-a722-42f6-a6e3-b65eb1dcf3e3,86aeeec0-7e0a-48d0-8929-850d7b3b5843,200
c953b6ae-4de4-4614-b635-8c6ccb4d6794,bb6dd2ff-41ae-4a82-bf10-a09902d1d220,f9e9e400-929a-4f72-afe7-f92a8c2f511b,18
8118f9dd-f8c4-438a-81a5-196a8755bee1,f88d5394-2f83-4869-b37d-2dd21490f788,ea231296-06dd-4d7a-b873-f2ee6795e3f0,32
c0936d06-ff2d-4586-accd-808e72d38392,c1deec37-5607-4330-b6e0-d17bbad07462,e49a403d-5970-4c83-980b-eb59a4d3c67c,121
3475ee5a-da39-4bd9-834d-4f36f77e346a,578b13a4-42d5-47f0-901f-264e40ab190e,47495f44-4264-456c-8b4d-02c839610044,1
fdd5b795-ff8e-4234-9747-5215d24eb20b,d037d10e-7e14-429b-aa85-2769d522b170,a7510a28-2d2f-45ab-a52c-2ef423aaf9d1,37
19ebf606-ebf4-49e8-b04c-034cae46d432,8dde7ef1-75e5-4ee6-9fab-7a368698df71,e71afe05-75b7-4148-892f-4f6762ac4143,44
ddc21b3d-4f7c-4619-b0a4-d95c3c9443c6,ea97310d-6482-4775-8d21-1e8ccdcbfaac,b1f207c0-c75a-4d6f-8223-947a2b93c1dd,16
10c9bf24-3f60-4d46-b480-e8a8be605307,76ccc110-0e7c-4db0-82cb-cb32aa4ed548,685983f6-a527-4ae0-b11c-54acf26a7d10,2
0d5d7933-64a5-432f-a50f-bebac1f7a62a,8396ac69-7489-4c89-abca-0e9d2a1ce21b,cfa5be61-48e0-48aa-8c0b-b9871e24f5cf,43
0d80ae88-42d4-4c75-8f3b-460f6891f7f4,cf2a160c-97f3-4195-85a1-89515a12f67f,eeaddd21-331d-43ac-9bd6-ae60f9498c0a,168
d0b84184-6ffe-4712-8cdc-857ee6db39b6,88585678-18b1-44e1-b81b-4f9877314619,28460b34-ee48-4bc3-afc7-1c226bfa4ba3,133
c31813b9-ad15-49c3-b017-77b917c74cdf,029bd7e2-7b38-4122-bd16-61c35f68c33a,a519aa38-577d-4714-9bd6-98b92fed8678,22
96a55bfb-fb01-4c2a-ac08-c74317ea8454,c250b38b-b583-4ae7-be84-87453e4639d5,6e2eecbe-4673-4c40-86cf-d3d688b778bf,166
5f2c5567-2a2b-47e5-b4b7-65528215c926,6f4dd9a5-6ab5-4b20-acf6-fa2b8a7759ad,0d625f71-f7a1-4555-9cd7-d6134da11227,42
c158eeff-64f1-40b0-a18b-3ca1bb92e651,4eebcc58-59d1-4b90-bf20-041c47b635ff,9c9c469b-a627-4639-8eed-64e4ab5b9bf7,5
a32c20ca-86ff-4f10-a3ea-b96ddfcc1727,5c3caa97-24ff-4138-b2dd-654cbbb6ce51,b35a78c8-664a-4f09-b62a-03897539ccdf,21
d99fbe1a-5072-4667-a056-c2aeb6859104,9f5b49f9-664b-4b0c-9eda-ea720bf1336c,ef9fb3ab-c56a-492d-9970-87e0974043e2,293
1dd7f913-d948-4947-bc73-c7cb46f4c8b4,247204e5-2369-441a-aa03-907d1a96646e,95a64686-a042-4e06-a1d6-46ce249a7f64,395
712f3150-0f00-4670-a913-326bde3e567e,44adee35-a502-4a74-905d-711d5a2dc87b,b0800218-da21-4a2a-836b-494c99bfe2de,39
f34dd660-9ec4-4404-af36-29a87a02263d,bc354a2e-85f1-4b25-b0ed-04dd192b2d95,ba6fb686-12ca-48ba-bb4b-03f82d3c42c2,31
2cc10991-6fb9-4985-946e-a9ca7f52eb47,c14ccb98-dbce-42f7-b303-e61d6c29e73c,c8a4f1ee-ab52-4d86-91ab-969ce00d73c4,41
d0e10f3a-6adf-40a0-85da-81eec640e6a9,0949a0bb-0e01-454d-8325-095bb595e301,75ce3a32-9ab8-4e05-91ca-d04bdb6cf8d7,20
7ff545bf-d865-4dae-83c7-5d3c954d1037,8d59cd0b-4479-4e21-9a69-a25afb881499,11547d6e-683e-4130-b268-7098c8ad3e38,455
832d4fe7-1f50-4f7b-86dd-2f747285cca6,d681d078-44b6-419f-b95f-3712b5fe8fdf,b1bfd543-28f6-433b-a418-9f095b869e1d,1
4b048c48-d948-4c25-940e-426cabe0527f,3bcf6152-7356-422b-9989-f9d894f5841b,9b610696-995b-406c-94d4-7d2386133c5b,134
4f0dafbe-8e6d-4381-b990-a729641e94e9,3db05f27-779d-4cca-9ac1-bb17ebb5e36d,2d70428c-612d-493b-b0b6-f5a58d227f7c,30
46d1bc59-87c9-4218-82a6-859e9820a204,be0b1bf8-9912-4c0c-bc5d-563fb70930d2,51c8abb0-057c-4b58-a05a-71fe7aea0785,5
abb1886f-a0b0-430a-b6b0-eba3cf4c028a,58d9f058-e297-4a42-a76d-2a86e24170c2,074f0d57-4734-44c0-a0af-325bb63fe08d,481
baf20a4f-ffbc-4dd5-915b-3defa4abe532,4fe7ef6c-68d1-4085-8b6d-8eb00caddfca,ff181535-ad50-44fc-a220-63bf029ee63e,2
397e4f28-035e-49a3-b605-b0d243fc98b3,3d5c4a18-65ef-4807-8d97-7b437330c3a9,ff6963b8-b636-46a6-9b98-2fd65f47bfcd,1
d9dcf810-eb4d-4f39-b301-678102dbfe99,e7159da2-f383-4354-9f39-cd2fe79d827d,d78ad7a7-e157-4922-8fb6-8f83e798cb09,11
80df8acc-4ea5-43f5-b8e8-ffea4fe1148e,a96430de-c8f2-41f0-aeaf-ed58be625efa,ed87fc4d-81c9-4354-b4b7-49bfb540f16a,190
f22725f4-545c-46fb-bfca-770d311c0d55,34630ff1-902a-48fb-a438-ab5ab537bfb5,108f9311-24a7-45f6-be53-3132008cb422,3
77f3085a-3486-426d-8180-6aa7e654c155,070d0824-2fd2-4086-87da-e64abdd6cc54,156dcae3-f848-47c5-996a-1ddcede0e365,173
3dc4e0e9-88cc-4e3b-b828-021a45ae0fa6,8cf9863f-7695-4610-9da4-0da1a43cf0f1,766688c4-fec9-4fbe-add5-a4dcb640b9e6,2
ea375a02-d82b-4e6a-8150-98021f1afd88,8ae5d072-bb28-4568-9208-eff33d907a67,d39cf33f-40d2-4f45-9f9f-e9dc766f114e,26
aad5e71c-6115-47ee-94f4-71007bf4da3f,be0b1bf8-9912-4c0c-bc5d-563fb70930d2,43ef37d9-b2b9-48ba-963f-40183b0221fa,158
ae5eb6dc-c243-4f56-88db-821bbdb27b36,53c3d93d-edec-4f53-bf12-99e6e22b1487,e1f54732-b8cc-45fa-b1ce-d6f08f61b118,17
399a8f5f-80af-4f67-ba42-20b0996e1d65,1205140b-ad12-4233-85e1-4c79d648812a,29eb0309-fee4-464a-95d0-7f40a5794c45,25
1213d223-fd09-4977-b9a1-0ce7c64e3bbd,1220833d-0ffe-4226-adbb-85e50718fb95,7fb27a5c-fd89-44b1-83bd-ee894e1a61e3,7
12d6979b-3460-4051-9efb-8862183171f9,b74f8188-3b50-47e9-894f-a83b98377a72,91ee7168-beb7-4df5-9e17-95bf468b41a2,36
d772160f-21b8-45c0-a193-54a1e96abd86,f864befc-52be-4057-807c-bb3b6631b4fb,082cc9ef-c482-4ad5-a6c4-deb1fc6ff279,15
304ad751-d710-454e-8219-4253b2649e31,a45482d4-d850-4fe9-8ac4-bed33467429c,c97f75fc-51e2-4282-9649-77d883270d1f,50
401ec46a-cab9-403b-afb9-354ab90aa49f,5d8c87ae-75d2-427d-b162-523b1876d542,70f00ffc-6de1-4293-9514-bc32be7f2121,25
963579c0-ad71-46bc-baf6-a36cf897a145,c0d54c78-2f2e-463a-aa04-a01f9cd73df9,01a55c93-9fdc-4fb3-a871-9f7963e31d61,2
49183048-b312-4478-af0d-d277fbb275c1,b8746cee-545d-4981-a494-918376306581,097f2901-c255-48cb-a88e-786819f2a724,4
673de92d-3d6b-43c9-9734-340d82ebc4ea,6641a6a1-724f-477e-bb7c-2444ae5ca2cc,4869cdf4-d179-4116-871c-2e9d9cae0235,16
a2596397-dc07-4adb-b41e-2b86fcded760,31f3190d-07dd-4110-8404-3a874802c95d,a71a2edb-2db9-46b1-9a13-fb1861bbf3d6,128
0ab83771-3157-4db1-8bd8-4d385989e2e0,c6fef054-061f-4461-b7fe-9c5ea4b4a8e5,6ffa4eb4-0419-451b-9671-badd07b80ee1,24
f53e0c00-6475-475b-a0ee-9c16076609ab,86f8aa18-7685-4973-a953-22126c5e10d0,5e75c9f7-1e66-481a-a570-dbb450cbec40,397
78f5d87a-26c7-446e-864d-962172f426d0,a45482d4-d850-4fe9-8ac4-bed33467429c,b3893831-5ce5-4b68-a8de-3d3b31fa44bd,128
00d45692-a499-4e63-a111-c701540ea569,d494409d-75f1-41f5-a9c4-ef42d1ae5827,f8008782-0a95-4211-a42d-9370f68fd32a,36
3606039c-5761-4026-b74c-fd90ce5ddc8f,40ddb827-2161-49ba-80fa-7c77f64f767f,7719a020-6bb0-46b6-a7ab-dabbc398f399,5
0cfb4b0e-a0e4-438e-af9b-dcf032d838f3,aae8518c-ae0c-47ae-96e0-4f6ffdb3ef5b,d3d88679-4923-4568-80af-4b80948a5739,49
49c1a524-b23a-4349-a03d-d559bbb683a8,5e6d8859-3b65-4883-985d-5054e7629372,4a521616-bfa7-4987-9584-76d422daf3a1,43
c4562fdd-3daa-457e-9d40-4b1e941e3d44,830ee780-2832-4372-b271-4bbe8885a7b5,b331a875-f961-4e3b-8459-c33b0cdb0a1c,176
2ab08cab-b571-441a-a43f-fe996ac9645f,a51a0ac8-c891-435e-8bf0-3204727f668a,2d58c87b-7390-42cb-a839-24b20bf909f0,1
c663f258-7b02-44f6-b2b2-9f7516636179,10130ae8-ab3a-4ab4-bd82-aec12bc7d648,2ada30be-b255-4cab-b787-56704bc8bda9,11
63b1ce96-64ad-4e23-a73c-611bf00daa0d,94130e9e-932d-4815-b473-080c007a730a,64b38f19-1a5e-4917-9065-5a0359009aa0,32
303cdd20-ba96-43ed-b47f-6db6157393be,853d0db4-0726-4951-ae78-fb5008a9bae1,a871d8fc-9acc-40f9-8359-9a25588baaab,23
4f9c847f-669a-497a-98f1-6bc7f281a859,88c23fee-b4d6-4a53-a979-5fa83fc4eeed,9d4b3175-d945-4c5a-ad1b-6036a3f50448,13
54b13e81-0b2d-44da-8b8e-d0d8406a9715,aedd9e6d-8b87-4dae-9397-0a4f46ecd948,be37c013-6266-4c21-a39e-656962fb178b,182
5085e409-4aad-4882-9bb1-c0b5e34830ec,1e1fd89a-5de0-4c70-a2af-c2d1f56ebe8a,d58221e1-929d-4daf-aee6-fba9e1bfc7c1,2
c91170fb-404f-448b-90dc-23caa7fb04ac,2c4db0d4-a680-4e4f-aea2-7d6ed5d77fb7,21ef73c6-5746-4be6-930a-3817caed69e8,1
76a607c6-533a-43f1-8334-fcf5b5b67b86,ed3b0748-1192-4802-a1ef-0644795ac5f4,4bcd9d8d-a1fb-422a-852b-3a8d5ead650b,14
99ab9e51-b3ad-456c-8d27-98fbce3dab87,8856fd9c-94a4-47bb-a91d-564ee00aecaa,5516d73c-d659-4da9-8e74-836b66b2002b,169
68df2af8-a03e-4d0a-821f-c9acbf60edb8,f63558c6-d215-4b9a-966d-42cc0872a225,8a912c1b-5a17-4516-9286-4857f33c2a0e,4
ccc7e3f9-ed46-4649-a613-37566446e8e5,fec60ed8-991a-4796-b632-757d789c9f99,65f92dc5-a4da-4aae-b8e1-1360cfc13391,76
74f11cac-39dd-44ab-bb32-bf7f6140e7e7,32b7c285-a4d3-49ec-aba4-cded64a7953d,4a157d8a-146e-4bb5-9ef7-15fc037fb8fc,68
10b82455-8296-4519-97db-cd2109e77b01,2b0f371a-1f29-4b3b-9633-1546eeb0687f,9e8c76a3-d590-4791-a55a-8f2facbf938c,21
c605c909-279b-4e50-b8ef-8149836c7c33,bb2ce6a7-cdb0-4915-9c80-c4ffae82e744,83cd7fe9-31a7-45f3-845f-2d58efd91a6e,6
b293388f-8df2-4336-898a-a2d39734aba0,bb1ff48d-0e26-4b02-a458-53d68943534f,692fe443-a1b3-464f-ada8-707a8992ca81,39
eb211192-6ec7-489e-8eba-210198f4a74b,f89fa533-9869-4b9b-a61d-2d912c4fc25f,30e5775f-8370-49d4-8bab-fbd65ad000d9,32
554f3d41-3f4d-4190-b631-ac5647a8faaf,8c7acc69-1fc7-4a6b-9438-007c1ea4aff7,b0365549-ec07-4060-aed6-be6f27a4ff64,155
ed5cd313-a8e2-4308-8b8a-c9316b2c3414,c0d4b329-c2c4-4772-a670-54c84c0c8ece,ccdc49eb-e1c4-4559-9406-33d0d6b3c57c,5
1a605896-d0de-416c-aa7d-9a1c90ed03bb,2f6a03b6-0ff4-47cc-b9b5-8e132d6710a9,4f1715e6-f95d-4b3e-9504-c74a2114b92d,161
142166c5-a920-4f13-862f-3545a4f3e52e,1c7fb21d-9d8d-40c7-9632-3a18af8cdbf3,f440bdd6-a034-4b94-a970-daf193ffc54d,1
8e534d76-62f0-40c3-92b6-c1f7cbd646a8,0eaaca15-edd7-4df5-8907-b926c0a57449,d5fd69ba-e48d-4d18-b47a-b457496d2356,14
9c91874a-c54a-4662-badc-54d51fa63b63,d6921ac7-4cb6-4138-8b92-384bab91ee70,cdeb6747-99ca-4212-9700-e0ec87928fd0,3
348494a2-c096-4390-ac65-d0e51a3c269b,c045f365-8233-41f6-b8e5-bd071e962b6d,ab82b913-2a9f-43de-9f65-3c50564ce0e5,142
18cfc286-b793-424c-b566-3c32dadb5254,985b1c36-7e62-45d3-8ddb-fab8c10c60a9,85c2f727-d2a8-40b8-8425-82514304ca1d,33
a5570a13-1690-405f-a8ed-26b8bae4b104,6a64743c-4459-47b4-9b2e-73e7fbd4a963,b6f36781-7621-4cfd-912b-f108c9f530eb,21
61f49d68-967a-424c-80a5-f90cde4d304a,a655b389-e3e7-4871-a73d-279b62e84e3b,f021224e-5787-4da1-9019-4ceb6afaacc2,94
43a6a863-004d-4861-982a-88e06a3a51e8,a1d32d0a-abc6-4c29-9066-138a1ac096fc,bfca5c83-9832-4733-a18e-0b315eee59e5,38
7a5aee47-225c-4173-b4f1-a065fead5d01,3cc2ea4f-e9bd-4586-9679-68fe81a3b1d1,5a7773ad-f7de-4716-a8fa-416c771ececa,140
65c381b2-c7e2-4fa6-9746-5352c11c08ba,ad11d957-fc41-4085-b726-df4f7a77fb67,68b93296-70af-4f0d-a602-303ffb5555b5,116
4691098c-7182-4b29-8163-6381385a70ca,f24cd96b-492b-4ac6-89f4-0e37918d57cb,92eb6076-89d1-49ca-ac12-13f315e6efb4,41
f2740f04-9811-4977-8897-9972b062f482,4c5765a2-06dc-4b62-8ad2-2ace98ef2a67,2ada30be-b255-4cab-b787-56704bc8bda9,3
d475bdae-0243-45f2-a1a0-a76a6445bf66,760717e0-d2d2-4c32-810c-4a3af5fb6004,2dbea808-f175-492f-8bd3-430fa7a7e3ec,44
2ba1be01-ab4f-4e1a-896a-87102123d485,20ee6d4a-15b0-4910-9b12-98b3f9cdec5e,7b030188-020a-4b8a-87ab-4f254715a703,141
501b6523-efd3-45e6-8905-64fd1721eeaf,514bb26e-0102-4066-9c41-bb0fa06e528e,044d3f83-a13b-4e1c-b14d-974d2452cb11,18
d8717574-60b7-450a-93d6-4fe00b0770c5,984642a1-3363-4c79-8d80-5489d29cc65e,f7b3506f-c3dd-4081-a4d0-82b53f95691b,23
41780b19-e769-4db6-a899-2e6aa687ed4d,34580a04-52a5-4bfa-8e19-e1ab46806cd3,4e382a90-5ad8-4f33-a8a2-f801006f696e,83
24e30c11-996c-44fa-bd7c-07e6266c3058,6419bc26-a0e9-4194-8bc4-9943a6d1b772,877528cd-f51a-4090-bbb9-7a7ec1c86825,45
cb1a9dbc-7c81-4525-919f-453e8a7d056e,65f90442-f70e-4748-9e74-ccccd6d634ee,1035e073-c176-4a7b-9858-1379136d67f3,18
43303c25-0413-4877-8d81-3a1973f3d6ae,fbab990e-beee-4118-a370-0a765dcb2ab9,07d2d7c1-17ae-4523-a642-d42cfedfea02,30
a60eda36-6787-48e7-9124-9aeea17fad96,c49a2e4d-5dd0-4e7d-95b4-27bcae084f45,1423a07f-9269-4ea7-8095-6d9b8a1db681,9
8a9f58dc-7e4f-44ba-b5d1-c1f6be130d76,4e172f4a-4218-40c9-8e81-5426ac1b8dcd,c9b57a11-efe8-459f-b3ad-af9dcf8e8cc1,177
90144511-d8f9-44e7-bb41-9e2bb0a4fd55,49328912-f744-4929-b790-07fd2c5179ac,ccdb8188-ac5b-43f9-9d10-376aa00eda5c,37
c772f1a5-bf63-4857-91c6-8776533fc189,e57948a9-ce98-44e2-be94-2a21f1c8b486,fdec3d7b-6f43-42a1-9628-e47e96bf5608,24
342e996d-1b52-4fdc-9bb9-b54345f571b1,a4aae5be-06cf-46ad-8aa8-c1495e565792,5d1a9940-ff06-4a3d-a3ac-9e412ad94961,129
aade9313-26f5-4223-9e9c-c2da5c54951e,32745756-0872-42dd-944a-ab89c8f275a6,343abf54-800c-4537-9b15-64ea70a4991b,75
8fadc645-a08c-4ed0-8931-e31bd0f086c7,49f75936-8f6a-46f5-a72f-1b028b93fc1a,192ddd47-c622-44b6-9a56-d1ccff98ccf2,3
3b8eef5d-538c-41f0-97c9-396f04dc7d66,2b572faf-47ff-4406-9eac-26627b9ed18f,6f48edb6-d01e-4946-b4ae-ee09bbbdcd8a,86
55067056-7bda-410f-9896-9316ce2767ad,8597770f-c9c4-48f0-a7fa-237433b8fd2d,0bcb7335-5e29-45f2-81e7-b54fffb12702,19
f560b87e-f9cd-469b-b331-2dc2246130b7,9406a035-4577-4bbc-a6b3-dd7f0d6b56d5,56c0958c-4749-42c6-9f87-b077b9b52432,187
2c4cb789-035d-4120-8ad9-b82d62e89900,6b28b79e-5766-4d81-9a7c-ffd75277f9a9,107d5d97-f8ad-4557-a0cb-f666cc3a7281,46
dfd2cd3c-c117-4fea-a90e-c12a73dde1d1,078636cc-01eb-453b-8a74-298766f64498,5d5c1097-0170-4367-bc9b-24851514f116,29
2d609b23-beef-4262-8600-99ebb009ab41,f0b89a86-b15b-421b-bd5e-e56f6560b193,d98eb628-2c95-4ab6-95cd-78011016297c,3
fc83d8c7-d0f7-4a69-afe2-1e8549fb7b27,6a80c6e8-3fe3-4641-ab37-5016ca899bd9,23026a5b-14f5-401c-a897-45283048adef,4
ba50f8e1-ae2d-4ef2-a521-db8614e21e38,538177c8-e11e-4a9c-be84-73716bca9be4,ad0184ea-8dc5-49a5-a557-4aa03eafa0d2,20
e7f1a80d-d514-465e-ab09-e0767e38603c,5bb1325c-dae5-49c5-add8-3f802bfff2f2,20374317-caa5-42ec-a00e-a42d2e1881a7,7
0e413786-b515-47e8-afb3-d31d3643f501,336547a1-fc5d-431f-b277-2023dcf51b22,feb0ff00-11be-457a-8e79-ccd92237395f,34
2f50be48-c399-48d8-b433-b5f9f871a185,af9873eb-0653-41e4-84f1-b2d52b3b754d,5ffa32ff-6a0c-43c9-8e2d-d7426dfc9a91,35
594fc95d-d2d1-418a-9934-952179147cf6,d60633b7-8c07-4525-8bb9-024261b9f095,3ceeb678-42c6-40e1-9152-53a188ce1b91,5
10b115f1-d222-49e6-bac5-7dc9215b20f0,046a7a08-33f1-4384-a2e8-5840b5061238,ca38c511-ccb9-4fab-b59f-853f7842b8fb,29
bb669494-daaf-46a4-94a9-b5544a345a44,9086a0dd-1e59-4994-898a-b09ec185061c,53f56693-77f2-407c-a29d-94adca5dda63,3
4240ad8b-b634-4676-aae6-9362896133cb,99fbce96-97dc-4201-8b73-ba651e7b9bd1,da7f02b3-ccc7-4c5f-85c3-454cefb10d42,41
7e7d268f-9203-42d2-a1f3-af98c92b9f19,80bf965b-ec74-4754-a799-1463474aff8e,73b0c916-5cb3-44c9-82c2-bea966dde42b,41
9144b61d-6952-4258-abc3-ba0ba35770a8,721de7d3-f438-4780-879a-0f24cb0915f7,d93e9e2d-eebd-4bac-905e-c72065df74a7,44
d1b4608c-aee3-4cae-88ae-f9c198db0653,4fca14be-b879-4105-ad10-e5b200e43d96,726ff380-568b-40ac-9128-16db12548b89,2
e757fee3-b654-486b-aa57-ca89f40e44e8,ddb87d7d-262a-4aa5-a8c7-e6ab4ded9823,03c32322-1631-42b5-a99a-477f72a8bd23,19
8be0cb89-add5-4da5-a849-16defe405c90,fc57d74b-fd1e-4185-ad34-426c1206557b,6119e4cc-e5bc-4c52-95ec-41970b7222e9,2
d10bdb9f-304d-49f3-90ed-d0493f425882,915b0e53-282d-4e95-a6b4-b12ef8e3966e,76ade27d-42e2-44b1-b460-3cd8b9cb2cd0,4
bfda6b33-03f6-409e-9a68-6b9d87c83d84,0b650aed-cc32-4546-8bcf-2db465c5b524,5d1a9940-ff06-4a3d-a3ac-9e412ad94961,33
f44faceb-30bb-405d-8d70-87e0e1b4208d,8a6f181a-817f-47f6-a251-1236bbed0a37,254d7488-aad2-4c4c-9117-fbe68db57718,78
297ba1f1-bda8-497f-bde0-55f740e788de,a98a7dec-5f91-4443-8223-9ba8c45b7edf,34bcfb04-f1f7-44a6-aa55-64934b1d728d,499
bb29d7f8-b6c6-44d5-bb3b-d33403f1a847,5c8a7bac-47d3-4fd8-b954-7a01ea56c78d,4ae7fd47-7a87-45b3-a85a-097dc518a316,11
2295138b-43d7-4056-855c-76001c598b1f,9917b1e5-ddcf-4dd3-8c3a-c8d8b225c262,e725e53e-8023-4aa2-99cd-6607858a45b9,481
dd47ab00-4ee4-4a1e-b5c8-041ad4e704b9,ca4cc4f6-f59a-4774-88a6-050edd6faf87,8b711c7a-c187-4d3d-a0b9-5822a8035e01,13
da19fe40-506e-4bff-8824-a1aa8700431c,833483db-7dec-4e20-b787-78cdafa30353,300d7d3f-6c0a-447b-afcd-40b8577f37d5,44
3b7e2dfe-c457-4ae9-af7a-ff7571176a76,e3035b9d-8e42-4ae1-bc2b-3c21ca3a8bac,5f540f88-ca1e-4cf4-a83f-592feabe9296,5
6ab740cf-15b4-432f-aa03-dc9548bf0877,ef63c212-578c-488c-8f2f-ef0737625906,3e90b632-04b0-4a15-9577-21b22bd1cf59,29
2c56228b-acdf-493b-88ce-85173018b004,fc0a8b71-3cd9-4d3b-93ad-6eae3c909134,bb49e430-9bdc-4210-bea6-ad2712e1c1d9,1
908a7fa0-f620-40e7-a8f8-64df30a69140,e542fb72-0d50-4fe0-806e-6d443d17ae14,a89a0479-df7f-4058-b0c3-b5b0ec42f11c,12
64e8b656-c296-4051-b125-1a6a826c4bc3,0c06ae4c-9021-4d4c-98b2-f37c1a36f22a,47a39b9c-9305-463c-9775-8aa0860a2736,412
700ea79b-b05d-4f3d-be35-a5693a0a527a,9e28150d-6845-4b1c-b884-57232c90f0c5,3094651c-1969-4df3-b589-5e7f0a41bddc,13
154240b8-8bae-4d6c-a89a-95613763a956,20133f47-915f-4fca-a4ca-643dcf320866,6ecadb8b-0630-44a5-9c9c-f68d2902e272,45
c4539bad-0457-4864-a09f-377a2d84f332,8187fa2a-2d19-4a37-b7b5-9707f3f95ff8,3c93a937-384a-4865-8b93-cedcb67673c1,3
db7ddcee-a5ab-47c7-a399-d6e766f4c51e,91a87cf2-be79-42d7-92d6-8d3d74efd8e2,7f26518b-3b82-4648-8941-b4dffdeb5121,11
8c54afd9-594e-43a3-9f0c-d48f37b36eae,f517832f-69a9-4299-9d1d-3c3a439a1f2b,2555f0df-60d9-48ed-ae24-19604d72d67c,1
2e110dac-5e2e-47a4-8e62-fdd15eaedf5b,26d22fcd-b221-4d4f-b012-899853d7b658,81a1382c-40ae-4026-8c49-ee385d9e1953,97
84e1ea01-172f-402a-af1b-dc321f6c232c,c85cb1c1-22e6-42fd-8919-afb0da23470e,ab9de7af-d8bf-4795-afda-17c4176c69fd,310
bbcaca89-f931-47e0-893e-df1423f79046,7336d58b-9d02-4bc4-9ac7-79ea99a4841a,2efad48c-7662-4ab0-8585-5a1a8aeb7672,44
0ad0cc11-2344-48a2-b2c3-138e7d1c99fd,16d1edbf-e5a5-4f2a-a558-688a4b801437,397dc7b4-1423-4826-9357-f81021cedc21,287
aab1460d-9b76-42e9-9fee-837426aca78d,143f009a-530e-4688-b437-f0be86b7b0d5,1eaf0510-ccf8-4943-a949-64749ccd8870,4
7334e473-9a97-48aa-b68e-bc736c2f4afd,9ff23dcd-0472-4d0b-a4e7-afac3271e761,0bc85699-9005-4dc1-9d4b-e3e87288048c,35
9cefd7ca-a544-4e79-af74-bf795a95ddc1,1d896f36-e6e9-499f-b06d-b5ccff8505fe,49c564fc-18db-450b-8448-a99457835740,116
5fe13a9c-04d5-4a3b-9795-614002cceb14,1ebb5b38-3bf5-431e-b961-eae17f6af749,e134dd66-84f6-465a-a68c-67d98788dc4e,22
a22be35d-e087-469a-8e96-87f5941798ca,709dd904-9c4a-4796-a439-7e3d98bc4b8c,eb25734a-d543-47a9-822c-6240dcbd50a0,137
66b858fe-2fb6-4c43-9e82-37f1da63615f,a7d39365-2796-4ce0-8257-7d439ee6fa32,120df34d-f358-430c-93fb-b5afd644e935,14
1afa3923-2016-42eb-8fee-01e92747439a,3440248b-9973-4b4b-b2af-efed524ab752,09bf8a81-7e6e-47d8-bc2f-b99903cd1a53,102
79fff9e9-178f-4f8b-b46e-bfecdd3474f5,edfd85d1-71b9-45b7-927a-18aeb6599281,158e0d01-82a4-421c-8380-22ddee8faf0e,4
7e16d405-42dc-4cd7-b0f8-5c14dcd70002,cecb89b7-db8a-4823-ad86-6e530bacc63e,0d8b9a82-e430-47ba-a26d-f09021a304d5,172
a85f3620-7a83-4fe2-9b92-6ffb3d3ad4b3,8303c898-59fd-474a-a1df-dc2a9d8346be,b36d981f-9917-4b6b-829f-38efe428109d,1
755e6b7e-5b18-489a-822a-cf08211e67b5,3ec9233b-1cba-4ce6-b0e4-8e01ac810e11,a418c16e-f55d-439f-9dd2-41d88978c614,50
306e01de-78a4-42e7-81e4-1cb1ecf1b24a,a512190d-4aff-48c6-8bd4-61ba162d7b0e,8337ea6c-fef6-4543-993a-f35765fd312c,4
1b7652f9-805b-4c9f-9d75-c51d0c27bfbf,fac1a600-8393-455a-ad94-1ba348fb1817,363f8d16-0eeb-40f5-80c3-7cf18633fc7c,38
bbcab0fe-3e4e-47cb-9f6b-70aed123ecdb,0667f1c7-5ca2-40b0-ad2b-f85361149dcf,e79606d1-9a06-4d34-8137-7bf1d03161b6,31
7e1d0136-5264-43e1-9892-2a8606913a88,5ce4440d-b196-4dbd-be4f-e90ecb327c8b,689b977d-9509-413d-886d-b76948adbad2,99
281c18f8-b869-4449-8d10-6cff7d78e52b,053d77c3-c2c2-4199-ac25-829b9c2c3023,b0f50388-c01c-4b84-bdcc-1c4b3e0b88ec,1
6c949c25-65a2-459f-ae75-a0e4bb8de5d7,efc0e048-a931-4f7c-82c2-ea61f6e8a8f0,67179cb2-fdf0-47b0-92e1-7f51f8f846ec,35
9598b2a1-3d62-4727-a3d4-6a6a9678cf5d,a6736f5f-d06c-435d-980d-59bf4e49c0a5,9a342b1f-28ce-4e8e-8056-5c7f47413f34,22
c5fd0129-3c85-4759-9430-a85ce4876d88,adab07e7-7cc0-4426-b357-34345afa264e,1223276c-714f-46c0-90b4-95dde2a894c5,3
7716ed33-6d69-441a-bfc0-0d565f2c249f,9ac321bd-2f6a-49ce-a327-5228e751ae2e,2723218d-ecc4-4da7-bab9-62700c70ad28,266
2a49e613-1dd8-43f3-aa1f-ac0bf0fca733,bd425227-ed29-495f-b661-e74b6e63ffbe,b151c121-b05a-4d9c-976a-c8cfa6c08c5d,191
490992f8-1c00-4d89-aad0-3167ca1d8481,ec9fe9f6-6ea7-4b71-9c67-757a73850159,687eaeef-367c-478a-ab2f-5f08f86f9e36,3
cb5d1f89-be68-482f-aa5c-4ce8acb1f81b,0d4060cc-9915-495e-8182-4d0af66f716c,21ef73c6-5746-4be6-930a-3817caed69e8,24
02b2b2d0-0d5e-47d9-8c2b-9f1aa00ce82d,d0e0184c-0372-4522-b968-debaacf86957,46a20578-067c-4f8d-ba90-07049aab3519,49
864e9928-87a4-4bab-85b0-55809985e2a6,477fc627-23da-46e0-8d45-659505dfaff9,c0208c39-1e4c-4088-91bb-e12a1f8b2b5f,486
8f723f11-ff47-4586-9467-38eae1e152b5,bf34f21e-c315-4607-b5f8-0d4f774a74fd,fecb8e5a-15f6-4db5-ba45-5d069de36e81,1
8a1f7b61-c895-44fb-8bb0-1ba5ad0ac319,8b7719ac-7958-4983-85d4-518b8167064b,88bce907-497d-47e2-97fd-2250ad68f211,50
87551d10-a27a-448e-a2c9-b2698022fa31,7d5c0a94-6d71-4c20-aeae-8f1f393eae6c,f0fda7f5-be7a-465d-885f-84646b92b7c1,16
8a77ea2c-e8b9-45b4-937c-0f03f3b10cfb,4c26ddcc-b14c-4634-99c7-5dbed64f5db5,fd00c541-0b89-48bd-bb05-2f0228c6c1ff,64
ececb1fb-f0bd-4246-b2e9-1507f443a1aa,091acc0b-e0d9-4c13-9444-c19c23bfecb7,5db504ad-a8c7-4512-ab74-957de2ef7e33,113
84ccbc16-eee8-458e-b1f2-57c97f5c9cf5,c0c408b8-3816-45ce-a1a6-60f81eab2b4a,99d4b9a3-10f8-4df9-86e9-e78a9c6badf7,5
205985ac-c685-4825-b52f-9f2dfc51882b,fa4cabc7-3dda-4c00-a5ed-be0a984e51a9,bd832c75-aa33-4bd2-8492-87b01f4ae630,5
da44e437-f4b4-424a-86d0-c51585e927a4,48660fa3-e683-42f3-90cc-27ab45f08a30,dddca138-c91a-4a94-a7dd-52a039b39376,42
7576a847-10e4-427a-8752-66285abb729c,3e7259b2-7516-4886-ab2c-a27bdd14c3af,fd79526a-e06e-4702-aaa4-a895180d90dd,116
13287dfc-f6d3-4c8c-9ded-a3e8edc8d7a4,df007ddf-048f-42c9-a0aa-eff7e8552a7f,5367c749-3cf5-4a75-a706-c6615a71b30b,3
54eeafeb-8706-4120-80a2-5d263afe84fd,2405da29-b257-4091-80fa-146b8ef106f1,90a3626b-aac9-4a1c-aeed-631977064d5e,183
ec7c02c9-989d-4860-8bb0-d63f0a232809,82aae633-ab2d-423b-b50b-f246b704dc50,0222483d-9931-4609-8afd-6f886e3d1312,23
4ccf3499-7bbc-4268-949b-67d9839ffd8c,e18d2971-4418-49ce-b508-f2f9b1005115,d5c41cb7-f663-4958-bbba-179dcb30af4d,24
168d9bac-699f-4d5d-872f-0785d1775626,b82b3411-611e-40f1-9456-9f86035c01ec,3cd854ca-8368-40d6-aab4-1d0f7f1d22ea,1
7e563cb3-a407-4928-987f-3fa78d1ec474,8b4dd5f4-bb3b-4676-8106-67fc0c5eceff,ba034191-1c77-4418-a3cc-4ef06095b0d1,2
0d7da610-fe9b-4616-aab3-b19a46c1cdf7,1bb48170-008a-4f1c-b72b-f24a0c6ce090,03c32322-1631-42b5-a99a-477f72a8bd23,38
8891524e-216a-4167-a330-d1b132830581,55693ca2-48b1-4d69-99cd-066adc780a23,8a027390-0b04-4795-a759-b7db546dd155,5
312055c2-528f-47ca-bfdd-a961f6756825,d0e5908a-57ae-404b-bc81-dd58255f7ad3,17971a01-7ce7-4755-b1ce-fea224bd9286,25
a9b63aeb-a50f-4bc1-932e-bae7bb1497b7,f70fcb09-fc28-4f8f-9ffd-aa602fe6739a,5e68808d-82d3-4154-b728-e1594a58de6d,21
ff45fca4-5935-4dce-bd90-bd531699d063,d991800c-1c05-4e1c-a7b6-6d3b072016cd,f985407b-6546-4d02-af09-74b5e1ff4e92,22
6e2d1e25-b873-4020-91ae-2be96cdaac3e,236c62eb-cc43-45c4-be84-27c982ea08a2,9b767ca9-6d01-4d98-b912-d71954d38c73,63
cf12d5df-9318-45dc-8263-f4efdd4b0dcd,5e7d5bf8-cbf6-428f-abe1-287d14648098,1572ac0a-3f2d-4e75-a328-01d106e278f4,44
65929a58-920e-47e1-ac1e-3d7b688b63f7,641cd977-2566-42f8-af23-79fe7ecbdbb9,8e4dec54-ce09-4235-adc5-34cb07543c4f,206
3efc2d09-a306-4cfe-a070-08f9882a34ed,dd0184ac-2977-44a4-86d5-ead14337ae04,95a0252e-6049-419a-8b2c-dafa6ff461e3,4
058fa434-dcae-4273-960f-00790f52fc6e,86ebea5f-d589-4169-a80f-a56fa4583d7a,4a92e98d-d01f-4fe1-b645-0adb9c467ef0,5
6912ef3f-9fc8-4291-83b3-85ad0bda0cc6,551ec890-d333-49fd-8167-b676e2d64b7a,9062e9a1-3a1e-420a-9b3d-c71eb2b17268,27
2aa738a0-ea2e-4134-93e0-ec63dc9cef91,33f03905-8436-4148-8fd3-12ca8886d011,59fc8094-f9ed-48b9-a632-ed8d199027dc,35
c7c7fd5b-f181-4ee9-815a-94a62cae7fca,0645237d-aa0d-4c04-97f5-5de5558c0dbc,dccef716-e1a4-4bff-a429-f7ee076ef68d,3
91e9ee58-0c85-4f58-88b5-763a91862f41,81e4a3cd-7410-41fc-8afc-b6640f1ef339,025eaa15-2f1c-488d-b1c9-f0ac6cb2d5e7,49
3379737b-e642-4569-ba5c-c274b3ce722b,1294e5d3-ac5a-483c-b1c9-508951cbd82c,a4de1982-d061-4f9c-b3cb-03c1e1c70417,10
b7bba7d6-812b-46d4-a8c1-c3814f5db65e,ffebfa87-b300-467a-948e-3a590d5c7225,272a8fb2-642f-42e3-b89c-62d6d524402a,40
2ef7d210-0dc0-42c1-b6d4-61ff627f20c4,be8b7221-640f-4ed7-b86b-92f9245cf428,05cf930b-52d9-4e05-aa34-28e806b34f61,1
27fcc39c-182b-4d72-b866-11aac6a18a1b,8fa3975a-b51b-4b19-be98-3c88846cb849,50aa3db9-1648-44be-b367-fde4f29bd73b,69
fdb5db2f-cfae-4dc0-8917-a33905ffbb0f,0536262d-a088-4bbf-9e58-685ecca7a1b3,3b4f6505-7a59-44ce-9ef5-3eb756fe16cd,15
c8e2ee35-892b-4c7f-896f-29305250ca5c,1e50d237-7143-4cbc-aa28-226c88a32d6f,30dc93ce-354c-4edc-b493-ab81503949d0,5
bd9d0010-8b23-4360-8882-f9495fb02e2c,4451dbbf-a537-43ad-b605-0bc5701d3840,96cf845f-020e-47de-9507-986c299b2bc5,5
4ba46d26-5c6a-4128-96d0-631ec2f4edd4,696ed979-7397-42a8-9d1b-54c19085a908,84a62239-621d-4a50-942c-36228b6e2a1a,8
dc7831a8-1886-436c-a9e7-e1482937232d,4fd27d86-86ec-4b23-a6cf-7b13b7015006,23588abf-5077-4bdb-853f-bce5e1e81885,5
e7e3627b-3315-4eb6-9a6e-3cb17f7dd6c1,627dab56-8ef2-45ae-a178-8636b8758c1a,d8c51c53-2d15-4543-bba5-a316091bea37,49
7030add2-449b-4958-bfe8-c3eb5bdd13be,c641278c-4b0c-44a2-8d1e-84cc55b3e7f4,6d88713c-841e-499c-af88-9e91418023f3,5
7f705cca-42be-4ea5-828e-5f76f987107c,5d9874b3-a4a0-4ea6-8ca9-6382d96f8b14,6a36a5b9-a169-4703-8d74-a411fac322b8,154
f576e4cc-8ba3-4dcf-ae26-ec990b20a178,4c9f2e52-deac-4d0f-8d17-a5bb1f05fca5,63e5b6b4-007b-4625-a5c3-df1c2c7134e3,64
f32de3e2-aab7-4b44-bf08-f0b8efd89075,c07a6871-22a2-47db-9262-5c0cad4f1c26,d18c564a-3173-42a9-8ae9-12dc03b56647,108
81a0a686-0997-4fd8-bdf5-3e27e6910837,658e0eaa-e540-4a20-966d-6603c0a1d546,35f73467-183f-48cf-a2b5-49dcc76effaa,140
e44ab950-e5b1-490c-8788-925efb8bb4b8,100c256c-2991-4c20-885d-bb466deb9bc7,6932224e-3678-427f-83bb-091495401b72,29
b54ff6f1-0e20-46f3-9b70-8294725ed429,994184b9-aafc-4900-8a28-b59b1f55db1f,b9dc4117-166d-462e-9a12-ba629464f6fa,115
98f89a97-d1de-43e1-af48-6b99823d2f50,d2d8a7ee-04ba-4f8c-80fb-9485c2f89a52,1f2b1571-dcec-4ff5-9194-a3efc436595c,20
a20e3d76-dfd5-4d40-81ab-56e96d116251,af9873eb-0653-41e4-84f1-b2d52b3b754d,66bcfd4f-05ed-4291-bebe-5c978d95491f,49
04aade85-6ecd-4334-aabc-7da898ed5c7b,471d778f-674a-4e64-abe0-7d25f18ec7e1,b489bb85-6799-4232-b098-0f11713cb393,17
ae236b50-0cf9-401d-8638-104eb37a7702,3a62bd47-2370-4694-b440-bdfcf99f4efc,a3f8c9c6-f466-4417-bd0e-abc3bbeccd29,463
c58e1603-7484-4570-9f84-05ff770b5c19,c287dabd-27f3-45cd-9a6d-f03e4578fb27,01872030-a5e9-4588-a879-2000461c6042,35
bd34aa2b-794b-4ffe-82f2-8f73eec37289,511414bb-4a3d-4477-94b3-58c3bda1885f,b0905f40-1f55-49af-aa95-dd61bf3286de,29
0ddb8a91-b190-4ef7-99ce-145f0e025814,5d9874b3-a4a0-4ea6-8ca9-6382d96f8b14,176fbdee-698f-4b18-9ded-57e82dd6bf22,37
aafbfe26-a977-40a6-90b5-30a6f0415ce9,85f395e4-eab9-41be-b4d0-9f884cc15143,581223cd-4aa6-4dd6-8270-74a45345852d,3
cded02b5-c3c4-4fd8-99b7-41c54df86d95,a21af45a-e0a6-4d32-817f-92eff063db48,3baf9018-ec68-43ed-a279-212f338faa9f,156
9a24a504-522b-4892-a99f-459bd15ec87c,1c54d873-67c3-433a-9874-ca3a546e8858,695c5fba-702d-4965-a055-be1d37222abf,3
e9692acf-4113-41c9-a66f-6733fd2a3c0d,01778bfd-a428-418d-90f3-fcce3a2bdf8a,65b8a971-67c1-45df-acd8-4556425f9664,62
4115a181-d748-472a-8733-1f9c1585e5eb,00a0314c-aa13-4855-82bf-2a1d5bef458f,23c22031-4e41-4aa2-b56d-7c99492991bf,14
0d53581b-2175-471c-a911-efc5793c14b2,6a77b5e1-9fee-4527-a112-ed6205452276,6b5e496f-ed2f-42fa-b13c-ca47f3573912,344
55b7ac11-cbde-486b-affb-1c96a97e3702,a00256ff-803b-484d-92ba-6cc34c022064,1a0192bd-5160-443c-92c3-86a8eafe0137,37
19554eb7-abb4-452a-b706-9f45b8af29cd,083c5a8c-4c6a-42a2-89af-ac8c5fae94eb,360fe15b-e64b-466d-a73a-9f050e2b3cb8,1
6598b2cb-f5d1-45bd-8d8f-9820fcd72cb4,d85260ac-8e12-4e39-aba0-89399e3cd7dc,05f6e791-c309-47ea-9038-83b96dee4e48,5
bd5e00ed-ac98-4bc1-9835-36980497e433,b090e531-1b7c-4b42-8e88-5d43aed376c6,a55ec62d-8dc3-46f0-9bca-775753c21e8b,7
041a9693-c61d-49bc-a2e3-ec8b0bcfaa83,4424242e-e8f2-463c-a72d-971bfb258713,2daa76e8-80c0-419c-ab93-ae1cbc01d3ec,104
a3a5b863-4364-49d5-87dd-4082acc0a464,334c468f-77aa-48a3-b033-7aa5b6ea032b,feb0ff00-11be-457a-8e79-ccd92237395f,97
9cfdc168-58b7-4c50-a572-adffed74205b,7d2623f9-dba4-42fa-903b-053ed8f87013,861207e7-de87-465d-98f4-8d749acdfc75,148
eff4fd9e-0d60-473b-a743-53543f45bde8,18b61f57-10e0-458d-8ecc-b044e9648f47,f62fefe7-cc6a-439d-abd1-4ad2baeea304,449
424cf900-25b7-4e46-9ebc-095b505d9e3f,d995287a-2dda-4243-a4d7-98ba55b23ab9,9ef8e37b-05d8-48b2-a37f-4d2d4eec4958,24
d28b85f0-c327-42ce-805a-5f6b5725da5c,14da35de-7f78-42f8-9b45-fec202ce0a58,a8d21ee0-a12e-4a5e-9b2c-efe93709b7b9,309
56787ab6-4dc9-4bd4-b7b8-d369ed892b18,80e79e45-bb2c-4fae-9488-33289397634f,0128ca50-9268-4c4b-9d5b-d6cd82a3141d,159
f86dfeaf-2cc2-4fbe-ac6b-f3ca446c35b2,74c48861-5c94-42b0-9eb7-fb3fa7a7b7dc,86badef3-6fa6-46af-a438-5dc37cb23b12,2
353918f0-fbab-4281-b4f1-cecb7d9110fb,c9a062f3-28fb-4cea-9da3-d37bc832adcb,13c2153c-8eac-4ed9-8940-b17b68278e91,46
b1d629b6-0f78-4a2a-9329-6ef4c654fd8f,d85260ac-8e12-4e39-aba0-89399e3cd7dc,295b1aa4-6d47-40f0-be8c-9fb52e08e999,4
f6c0bf24-8166-4291-96a5-814e60561c7f,b34f953c-36a5-43ef-9536-da8582445ae0,e3a21d1d-6fcc-40bd-b8cc-4477ca01dfb5,120
1fad1ae9-c5f8-4ba3-85a8-4295b3b06a46,8597770f-c9c4-48f0-a7fa-237433b8fd2d,dc2855a8-6ce5-4157-9575-dcb75d772220,5
8dc61d42-5bd6-4bbf-8c80-276bd55fe53b,eb319eaa-c759-49d4-9137-65bfe9310513,5dedb103-58ca-41dd-9fb0-6ada8933ba87,19
33689d1a-b583-499f-8f73-84c22f5d7472,a76d52d7-46f1-4d4f-82a7-9de4bd764130,4a17a76d-3835-485e-bd1e-556e74457ecf,29
5679d796-6d31-4eca-978b-4a7fb481b029,50c2a659-74cf-465b-9563-96c4dbd539f4,2ada30be-b255-4cab-b787-56704bc8bda9,19
f13b9ca4-9581-4505-aec2-d66e7bd728db,8b96470c-ab82-4eb1-98e6-16140cdf2cc1,6468a9b1-e5ab-47b8-bab5-73a457fad63c,37
6d265e55-4714-4d5e-8a9f-10df1ab94cd4,d4dacc53-549e-4982-ad74-b3f48a334f94,de080944-57b5-4a4b-b5da-1886e4002ff3,3
dc44575f-cce9-490d-a82a-5183e838129a,9ff23dcd-0472-4d0b-a4e7-afac3271e761,10b005f2-7a71-45b7-88d4-863897b88024,42
c4ffac90-2c3d-48dc-a765-289f4733b1bf,51db9c63-ad68-4ce0-b8e1-0cdf715d41e3,75e5ad69-1f28-4caf-a1b3-c563f651e026,231
bad1bb69-3e9f-4c26-88f9-9a33eebb3539,beff22bf-baf7-4513-824c-cdf35a71a136,ff989462-31fb-4bc0-8250-f43eeaeb1e63,9
96ed7be9-1fb9-43f2-9f5a-e81d93646b7d,5fc5db79-c1f1-4aaf-be75-2360d780b24a,929a239f-6a1e-42ed-93cc-c6c19da239ae,7
724feed5-535c-49e8-bc97-8ad3e531fdf7,5e7d5bf8-cbf6-428f-abe1-287d14648098,aae01a53-70e7-4fc8-b3c1-c55ec11e5047,11
43d0c9d6-60a4-4a33-bf5e-f068711958d8,97c99315-b0ce-4f05-aee1-1c9292878d2c,84a62239-621d-4a50-942c-36228b6e2a1a,40
a99b12e7-8a88-44f3-9c44-beb4bf9f8cbb,4cfa6288-e685-44cf-8999-5f59113b3956,1c1b6f52-84ba-4bc5-bfe7-bbf451857606,42
712d277a-cf26-4af6-b9d8-67208a40eb40,f70fcb09-fc28-4f8f-9ffd-aa602fe6739a,0c68b072-73d6-4570-94fb-b7fc84327895,1
2158b02a-92b9-4715-bba8-396b475201c0,aa21b024-21db-4b97-a04a-ff4b4f3f1f69,d62f0878-da78-49e3-b418-3ae36c1d7334,215
49fc4ba0-94f1-4612-9c32-b6b0499c1505,f0abba24-05de-4be5-8c23-ae245564397a,878bad90-4583-4d48-a895-07afa9c565c7,54
342952bb-ba4f-4a65-94d7-b2a81ab0932a,f864befc-52be-4057-807c-bb3b6631b4fb,1c5d8032-6ac7-4824-816f-e16078e2182b,140
9df923ed-65d4-4740-b6d2-35faa6593c03,984dda6b-ef38-496a-b048-7041d8e355f6,c8ef45e6-6820-41fe-9747-8b203db17f3e,11
cbca9927-0f08-4f66-aa7f-f789ac5e664c,5808e586-432e-40de-a6cb-2bb1ea126e7a,079d19b8-e393-48d8-8b1a-cd22224c7502,2
4fa4bfac-f91b-43fa-a588-0817c4ebc278,80522fcc-ec75-42f1-bcb8-755bea1cda37,239a5c5a-23a0-45e1-894f-00df1d77527d,34
39159423-6976-402a-865d-e0b11ecf7f4b,d7d8692d-d5c0-4fc7-9223-dd812441fea4,5b49d1bd-508e-4b0a-994f-fe3b7486250f,8
50fa3a57-1002-47ed-b1d5-bf9b3a2a8c3b,6f0306b2-204b-4c2a-9a07-5e0461696f16,74f5d648-45c6-4bf1-be3f-7a6cd318bb79,388
a9c7b201-5e76-41bf-8404-e9abce39f0c2,15407add-2a12-40d3-88b3-160a5ebc1d15,e793648c-ba0d-4c93-8ea1-6096524311b3,476
31c5921d-abce-4d92-acee-4346c766e113,824b39da-6436-4516-ac88-b07085483c18,46f395a3-3d10-4436-b787-bc4a36c1d406,46
cb4914dd-6c68-4169-964c-c9919b3122b3,ebb126d4-2902-408a-aff3-34a21c4f2109,46fd4df5-afe9-4526-ab59-218a3f6da63a,15
4dea15e7-042b-40ac-ba09-7162f9c259f5,20a162a0-8e7d-48c1-af99-1df3fcc7adef,af997e94-4c87-48a5-83f1-08151e661571,241
26fa3432-5095-46d7-b63b-f88c8534cec4,ba15dd3e-5bb1-4ddb-8850-2ce72de2a3dd,7a3e13d3-7d6f-419a-b3a9-43ab4bead11d,104
f953f50a-6c82-4316-891e-1866378ac699,88767c95-94f4-46bb-a46b-5be48674d1af,9c304332-e303-4d3a-a754-20da5d84ad17,3
51a61b76-ca20-44e0-a29c-738814a62544,74c48861-5c94-42b0-9eb7-fb3fa7a7b7dc,222f973b-a2b9-4e56-952e-adccb39023b5,22
cd150b31-6152-47f4-a610-d9095463b648,bff2b029-e9bb-407f-8d67-b00b2efc7a9c,f565998d-e7e2-4e20-8d2c-3699dc4f9a2e,190
f5ec3389-aa08-4d0c-bb5b-c8cd23b2a2f9,582e5313-cbdd-4563-8b95-8ac6a067311f,766688c4-fec9-4fbe-add5-a4dcb640b9e6,390
6eecbcb1-7abe-43e7-93c1-8c8cd17b500c,150a03eb-e887-4cc2-982d-57db5eb05541,eae8f876-f9a4-4c7d-a674-f43847a220d7,2
572d10f2-377a-445c-bc16-853896a2a27e,8372fbd4-fcc4-4470-92c9-be38f3fc8a80,31d29569-1a97-4d5a-b95d-cb91530163d5,13
1886acd8-b3eb-46d3-97f5-9c5fe6a92ddc,9487f33f-7ab5-4c97-a156-aa8f9d56e9b6,d8c914e8-f1bf-4b22-80e1-9e1b2674bbad,33
0c0eda67-3c28-44f4-944a-65fdb853427b,6574a560-34b5-4bea-96dd-410f178bc098,d2e1376e-34dc-4db4-a7cb-268625a49fc5,15
8223d05f-e250-4fdd-8d28-cef1bdb69611,3664cfb7-9b40-408b-af7c-31e81bc4973e,7a56cfe1-fb0a-4e2a-96e4-1f42d39a72de,10
8247ded5-cef6-4d78-a80f-eb67a5707031,5463b414-93b0-4f7c-aa00-5aceeae2c13a,0c6e15c7-d43b-4bae-aef8-66afa7131f52,184
aa1fc8cf-d11a-44e3-bd5a-fcaf6a5155ff,853fd341-d2d2-4f41-99fb-b16f1c5ece54,b6c05dfe-e824-4b45-8372-5777ea7da5f9,4
e93741e9-6de2-4001-92ed-01358e84fb41,636cee58-d510-4ae2-84d7-57ba6c2f3c53,c935a422-33cd-4f87-aa40-a628b611a0ca,1
9a26ca9d-3274-48b7-8d86-754155dda303,63212b0c-de5d-4cfc-80f0-3d46482823d9,aa6f13af-a292-442a-b190-b5f45223e28f,90
1f2a4188-efec-4f3a-ae34-746720ae97a6,3fbe8728-ffff-40cd-ae49-5ca30dddb547,f2eeca96-f4ba-4517-9667-8c90df6b7314,417
045b4b20-3c60-478b-80f3-c0de7d9ce722,df38198c-039b-49aa-927a-1079f9d837ce,edae4fcb-2d6c-4b0e-bf1f-436588f6cf9f,2
1972ad71-557d-4bb8-8431-2c517f36e8a2,ad4d6728-5a7d-45f3-8742-5ba66a770fae,1adabac8-e706-4bd8-ae74-d7a4bec1d4dd,30
c7f64d3c-ef59-4d0b-96d1-a10987ef6a36,ac57357e-b45d-404a-a9dc-b8c62d3ac0fe,246b34e2-5d51-475e-a756-cbfc7970935a,150
ce8ce73c-97a7-4446-9ba4-baea11c3db44,fdcc3190-8bb9-46f8-b3f8-da7b99b628a7,041424e3-611b-47c4-98c3-13ffe4421ff4,42
3ff828c9-0714-4889-9690-327b124f8128,d5fea30e-f2be-455a-ac2a-23406477e35a,f628e9dc-0cea-4d1f-88be-433b9ee43a97,33
a2dd0fdb-b346-423d-9d80-7f435dfa6ba2,9d61ec0c-e318-4f84-ad7a-d4092fc17bcf,fbfbb5d9-db42-434d-9456-339b5213b666,148
836884a4-5bca-4c9c-be10-6a081d6713b3,323c68ed-e394-4d98-b4d2-8fdae4216721,866c070c-60f9-444d-b83e-a6c368b924a1,80
3a68b0fb-79a9-46cd-8f78-5a555ff93bd7,cfb3d45d-70ea-4a44-ab18-0d98d03f02b9,2042bb42-02f0-4773-89fb-63e096083f05,165
913ae5fe-3142-4bd7-9694-fe9e4e5eda42,a15bca1b-5d92-4024-b44d-688047c8e833,58d1f51c-87a0-4d7c-b7f5-962727d56ec4,221
474ac9b4-301a-4240-87e5-16d9a7632064,e6960aaa-c865-4e49-b8fb-85b6fb58af88,66083c3f-3e3f-4c9d-a478-8172211c7983,49
c2ff510b-789d-4073-9014-b91912edf4ef,ce53ba78-0699-43f7-aacd-b7c559e077ab,da6dd3d7-8539-4b32-a4fa-34af6bfd9a6b,4
b96ff773-496a-488f-b680-c6182240dc92,d93b5180-d1e7-40a4-949e-12e08d845773,730077cf-604b-4896-976a-8614ba613a9d,5
f15d6568-6d66-4f5d-907c-45ce44119a95,6782b2e5-c829-45e5-adfb-cbbf7d4b9f1d,18cac0a7-877a-47e2-bfbf-e07e6850775f,39
90ecbb27-2b33-4b1a-912f-227516b2f23c,867bde93-e417-472e-9822-73fdf2721af3,ff989462-31fb-4bc0-8250-f43eeaeb1e63,58
751bccfd-01cd-4eca-b733-2c1b0ec84995,861cc2ad-32da-4ab6-a04f-8374f8738d70,1df60882-531a-4948-bece-1382f579c21f,3
a9d5792c-dfbd-4a7d-abf0-323151c59c1b,8f89d693-52e7-4188-a25c-c6807a39d3b9,98f97680-d02f-466d-a6b5-b59f15de853c,188
1a92314b-b34e-4c99-b780-d8fbf8c22827,b7d9a266-22ee-4d9d-912c-1f95c7171c52,fec86ba4-b4ff-43b5-a92a-bdf992095932,26
f71e3912-aae3-4c52-bcc4-53ec01de9868,7d0981f2-a946-4b1e-83fd-f9fe178761d8,55625723-aaa1-44a6-ab36-50b34b3ea3eb,142
94873355-25c5-48d0-a9c0-8fb6a74fab90,7a2d9c4d-2278-4637-9428-8331d26ccb65,231dbf43-03ae-4f9d-8e23-24b42120253f,11
fa1bb617-21db-46b5-a7c4-0a902b6aea6f,c774e60b-c219-41d9-86f8-ddba40e2b068,652fa2cb-d23f-425e-9756-89c62db07be3,66
3b9b76fc-36df-4f97-b1c4-89bb1d676d91,d84ff426-2b80-450e-b7f4-0c9a09d933a1,c20772a6-5a3d-45c7-abb7-7d45390a6f7e,237
e7a0e780-be17-4520-8412-fed997390ee5,797c4dd7-704e-408c-ae9b-b84c414a45a5,d40be2d7-7b91-4131-836a-c12ed44af1bb,132
d24ee262-087f-4b4f-be4a-d2b402d98a58,bce2fae4-5d53-4973-bd97-555dbf9b5235,6997f3f9-a049-4d39-89f9-6e0d9b2e6544,30
0feb0b91-7f83-4f74-ab6b-9f1653b60932,2712bc98-5e94-465c-ad6c-52e924d7f781,412b6d2c-ba17-4c1f-8b20-1c1a6515099e,2
66048a13-a00b-4f15-8ba7-7b72c53a5d25,555d5473-a4c9-4fc5-b9ec-bf574d69e2f1,b9b63e37-4c78-4788-9e1a-c66f38798c90,218
8138d84d-699e-424b-a556-0b85db38f97e,7eea3970-29df-4d5a-b7bf-3a490a6d2248,93339cad-183a-4292-a9c5-6d640ff627c3,207
a1a66bb8-a7a0-49f6-bbe4-24e87676a9ab,b0f70a88-7749-4482-be79-4ae42cbacc14,ae971ab8-406a-4944-8ccf-1230ec8c510a,6
77b54592-9d42-47c0-980b-8b6f2fc6051f,53654e2c-3b6a-4166-b049-2738f01bb3eb,787431a7-8a15-4b87-b0e5-acfab4b2f481,39
272f080f-0b6f-4010-9608-3078c64c996d,3480f5b2-e08c-4603-9f1f-8717b40b8db7,95765f71-70fe-44a8-9b25-5297b43708b4,25
3ccf0691-ff67-40fb-87e7-cce6d6a42ebb,ed3b0748-1192-4802-a1ef-0644795ac5f4,daf731e3-2f86-4679-a741-07ffdba3aade,18
462a29b3-4f62-4a63-9b30-20fcf437fbdc,f64314b8-23e0-46cd-8459-c578fb695c3d,4737dd8a-3944-4277-9fd4-f3cd5df1b278,203
0680e251-8439-492a-9b26-fc8d28b9d8eb,2ee2c6a8-e1df-4ae7-984a-08915450c053,f3400080-4938-4bcc-82d9-01ccd6498aed,10
6f9d0422-5cbf-4d82-9bef-796a1e455d8e,69500018-a7be-4cfb-8940-d53693696a2b,ad9347dc-ceac-4444-a2f9-278b822e1a84,16
9cc09874-6462-4e36-bb50-06c5cb5ac4e5,6c7dfd45-c5df-49cb-96df-699ccfee88a2,ee176a11-9a3e-4ad1-87c5-136b53d4f513,46
889e72a8-124b-4af4-9a64-29a59231b1b0,585fe711-79ac-4afa-b372-d80c44e1ed1e,202d354f-7759-44e3-a4b5-fcc9f43b817b,182
8ac5c259-46d4-43ac-9a9d-b488f6e350c4,6b09e280-3faf-43e0-9823-f340f22b9ec0,f91064e6-0311-438d-b145-9613c11bb60a,23
4daae99c-e8a2-474c-85c4-7cebbe59b1bd,190687b4-a451-4081-a124-6a2a3c1e17b4,97c69050-8b48-478e-ae91-1e72371598c4,461
0b4deaba-de4a-4928-98fb-703922428f45,72e11cfe-4b32-4c7c-adb5-f03f1b95a723,89de9a2b-afa8-4a31-89e2-984a43921054,449
10ef39a6-814a-4742-b570-99d30ffdbc66,3b3503f1-ace2-4cca-9098-da2658c9c249,1b23f823-e279-4d73-8f02-fedc6e73d46c,113
a10da412-4e6c-4365-a452-b164712e14c4,bac8a316-fba0-4fa6-9ade-9cf02398e5ac,103fec81-4fa1-4b26-bdde-b8b12646c930,297
e5dc8e4c-30b7-468e-b8d7-a39ac04264cc,2366a6ec-114f-4968-8118-9d9bb06dd05c,e51af1a6-f4d0-4c49-add5-450036ccffd1,91
ba30c062-816a-4834-9e4a-b7863391ebe4,a8ccecb9-972d-4146-a450-51c5e670871c,620044bd-687d-4c91-9190-42f55d94894c,10
73795f3a-1a81-4247-b062-3e4b7f53cd61,984dda6b-ef38-496a-b048-7041d8e355f6,262fe8ba-c934-4555-be19-e0c61c10e78a,162
00f01c3e-1080-460d-9dc8-0f1499a0ba30,16d1edbf-e5a5-4f2a-a558-688a4b801437,7c9ebf67-a46b-42d1-bd19-d54734df7fd9,64
44cb46ce-63fa-48b1-9d7e-3f31c1fc098d,bc3d4dd8-bcfe-4aa2-9a5a-07ddfc869302,523cd30f-9314-4da4-889e-621ecc15578b,21
ff108c73-cc78-4b7e-a5ef-681f6ed2578a,fb259ee7-d33f-44a5-bd4c-32326677f007,231ed881-d046-4548-991e-c8824b004c6f,187
302afad3-9bae-4a29-804d-ef0a6e8bd7fd,c006d261-03e4-48f8-a724-821a95e7ba8f,0d9c68d1-80c0-4aa7-b2b7-6c05635f357d,5
a42a4e2e-14a9-48d1-9dca-6fc6c16cb77e,f7fc2a9a-decc-4e60-a655-ab2c12ed1277,72ddbdfd-4dfe-4411-93c3-1f63afa84713,278
d8183c88-9c62-4377-9cea-437fedad932a,1db3bbc7-3006-4ebb-ac4e-ac41d4f435bb,3c02f22f-2d7e-4aaa-95d3-7b624cec1668,65
d8360edb-ce27-4170-97b8-803619872517,256d56f0-4e7e-46ae-83a1-b630c981a101,5b8e94a0-c557-4bff-8fa0-8f551b2ac856,181
50ff72b1-dad7-427d-8caa-19d60b63dc5a,cb267c88-e402-42e2-b1c1-3ba94e17b0c2,30989a3a-0026-45cd-b1db-fef17d7c72dd,3
cac999d8-72ae-44ff-a97b-b70449e176bb,9548a826-5fc7-46a2-94ea-824b115ef66c,49080f33-26e0-408a-b24b-0afda54b8453,4
5ca3aa9f-68de-4a85-8371-22587dbec404,b2f7573e-db11-4881-9e78-d682621d0ca2,9558cf10-5812-41e7-a1a6-0c41c441464f,40
f3b09872-91e3-4fd2-90da-3170ad5cd75b,b2c14ae1-77ae-483a-9282-ecb783526d6a,1702839b-a072-42e7-ad35-babcf03e8b82,111
53e545fa-fa47-41e9-8990-59a7afca25b2,80a4dc6b-bca6-416f-8710-27b306660a48,feb0ff00-11be-457a-8e79-ccd92237395f,108
d4b1fd2e-e58c-4757-8bc4-bc63a46a380b,779b6187-b96e-4cbb-a043-46c4ad50e84a,15052877-a564-40d3-9f65-74bd6fba0852,3
eca38f9c-b733-4736-b4b5-5289ece2bd61,bdba9896-5847-410e-8e9e-3b01947b5d1e,10db30fe-4a5b-4e13-8971-ab8b4584abfb,9
65f2f8a8-2e85-4792-beb4-0d0431fd0db5,f6060205-4bd8-418a-8c91-86af7c59762b,ea285315-43ab-41e9-ae84-18c5f9ff81df,15
c2da015f-4e58-45e7-a0a5-f0aece93c8ca,d75da300-93e7-4701-a139-77cab2f0aab3,75e5ad69-1f28-4caf-a1b3-c563f651e026,28
1baea975-a010-4124-a325-84899a4c0fb5,3dae6d27-83e8-4b19-ad6c-899448b4e2ba,f7165e09-211d-4507-aa97-af7d1a03614b,3
3e13fba3-e0ae-418d-9b81-9e154e683382,28384211-2589-4816-8d2a-ddc2bb15d745,9c55cbce-8108-408f-b648-d3e5319ca8a7,36
24359f5b-55dc-4d43-b229-ebfd1709f854,4242efbe-6ae8-405f-852b-63300d26bbec,bcdd5e9f-87ae-4f17-84bc-5436bccfa166,5
12db2803-4fe8-43fe-8218-56677d880a97,3b91f15d-2c4f-43f6-a5ea-d7d36dffeeab,f79e2669-5fd6-4b1f-a0d6-596baea57f7c,32
20ad4591-4ac0-47d9-af04-583d2fd7c064,c99a0a2a-6d9f-4e9a-be32-ee187fdcfcef,ba034191-1c77-4418-a3cc-4ef06095b0d1,3
6cd7aced-84b0-4891-8cc5-3236d40eca20,1035b36e-c517-4d4e-93a6-ce0d760e93f9,e5a0057e-fc6a-4073-b8e8-320ee1c9c6f1,14
27f334c4-4964-46da-8887-27814459d04c,3a8a8860-c159-4c3c-84b7-d99ceb57d67f,63afde27-3515-41ae-bdc7-e4696cee2100,50
bda8c6fe-5d5a-4a16-aab6-108c517dca1f,97ff4bbd-baea-46c8-b6fd-620da1d45ec4,df5cfdd7-4548-44c5-b3f1-17621a36e6b4,12
6a3150a1-c5ab-4757-abc8-48451cb4c3b1,d6e580d6-58a8-4842-bf1f-473b374ffac1,88e8a716-2f42-471d-a240-ee0113bfb493,38
e42fb0db-8c5e-4a2b-8784-e27db997e0dd,40347fbd-bb1a-4605-8e4f-4efa20728376,98f90eef-e847-4773-af9d-1907a23dcfd4,48
7ad6ac8b-7b4f-424b-bb17-8e6b37323f96,c9a636c3-2d20-47bb-8b44-89b9e75b1f72,a26800b9-fca5-4779-9d29-9b459f3c4eed,22
c759e389-0a8a-4c5e-9748-445d5ec212dd,a36bebea-6a68-47b2-ae58-004fbacbfef6,d0517581-cf9f-43c9-8341-f8bb5e132d9c,33
18a90bdb-931b-4b98-aa35-7c41ec3088d6,41436960-0720-4d99-9bd3-4efe81460540,1f2d6e04-8228-40ea-be7b-e3a0ba67337f,340
bbe14f1e-2af6-4ca9-81b9-11678219d006,c045f365-8233-41f6-b8e5-bd071e962b6d,7f365750-bf5e-4c56-9627-016a271da4ae,15
09279485-3446-46c4-abfc-6bc3eac5c754,f0e51fcc-03a1-4013-930d-b38a5ce13f46,75bdb5a3-1d12-4844-a7f6-b0c04164a441,11
b6344bdb-d95c-495e-aacf-ee00fea72de0,733763a0-4d55-4b4e-9469-b0b21de26f69,98541771-b8ca-4723-8116-49a42cc06901,18
e3ced492-14c7-4160-a402-2fbe0ea6e66f,c002ffb1-6991-4bd5-b452-fed9a5a860ec,6e6573d5-a1bb-4967-b6c6-632acd3c2727,72
aafadbba-9965-4f6f-8dc1-2ffa4183f9fd,194415e7-cbc3-4303-90d0-bab7c703aa2c,c54e1a2e-1e61-4e6a-8481-44def1471131,17
b4242177-dd6c-427f-99cd-e00fa9a17434,ae57083b-e792-4b41-91d6-7114ad59545c,5507ecaf-2811-40ac-94e3-d34a4c3eedd6,2
9234f4d7-b9c6-4768-8cd6-8bcdfcbc14e9,ef007c08-280f-4f73-97ac-53e24c09d916,212bc453-0b9f-4c19-8b88-4d440a634798,3
66f56861-6833-4a27-830d-06dbce3e8c96,89395011-8b02-4669-a6e6-b7adab0b142c,98541771-b8ca-4723-8116-49a42cc06901,5
6c41c917-44f4-4d59-93c4-b3737c5b1698,e9fdd1c3-98e5-46ff-ba03-d43a14d43c42,199961b0-6796-4600-82d4-ee2e08f93b0c,230
3f2d3609-6e74-45fb-ae8b-7b0b53f28bbf,f8053aa2-dd63-4d75-af0d-e612293d0151,ee87f56b-2388-448a-bb3f-31360826957c,28
09717309-073e-4f5c-a0d6-982846411dc3,080f76ad-1900-42d7-876e-744fec1c3959,b6119359-a9e5-4c6f-859d-f97c90e1e321,431
dcf0653f-1fa9-4757-aacf-ec783133e75c,815c2158-e491-414c-af30-99e5fd93f2fc,5a9f8a82-52cb-4207-a933-10073db831e6,30
db53ef3f-97c1-465e-bd24-795eef384885,fd97b9cf-ad05-4355-a382-38b944e7b495,b408624a-7f3e-4362-9e59-8c442da75ae1,41
fab1c7fc-1744-48b4-bc76-eec77f1fae9d,d5da58e0-09a2-4f27-a8d9-7430d1d6834c,298c769e-067b-4281-a608-10fb49b0018b,17
29c6eb88-1684-401d-a5ae-288ca615e606,a47e0b7b-8b2d-4e76-a8a9-e62d5f76f684,1572ac0a-3f2d-4e75-a328-01d106e278f4,49
556762dc-6ee5-4e50-a35e-00422cdd95cc,f166a728-1546-40ef-99bc-85213f405407,e2f26f74-f508-4fd5-96c1-26a0a22838da,4
0d7d492e-217c-4a04-b891-f6c0c630f3c2,754a9c9b-7d5c-46c0-8ab4-b22a6b8ea5be,17b27a48-5cbd-4e9f-98cf-8b30eb537765,5
4a76231a-c70c-40b3-b1b1-6b05f04fd962,83d93606-8ce2-4fba-9d4b-12c575c4e94c,92eb6076-89d1-49ca-ac12-13f315e6efb4,28
0b6b66b8-59f8-40e4-8e17-0e782e10bb3c,34580a04-52a5-4bfa-8e19-e1ab46806cd3,0f87e5d7-4a43-4266-acb2-362b1c7e4596,333
d64edbea-5bb3-48d0-939f-86bc1032ada4,4999fda4-23d3-4687-aded-3fbaff23861c,db29eff9-d375-4b76-8efd-063a308cd924,101
93b00357-8c3f-43f9-9c44-5b176feabfdf,11a25266-f657-4826-99ac-1394a8c5f7dd,575f21ec-346b-4a59-8ba9-2e494af4807f,3
76f3da3c-931f-4b9c-918b-75987104049f,7dd9c44b-eb35-4ab6-95f2-6d30cb59d608,b009bd16-240f-49ae-b9bb-a960f7d49534,184
eca09589-ac4e-4917-8940-e7a8f75a4262,97e97501-336b-4283-94f2-f14cd33c9d60,8704a5db-2b4a-4d9f-8d10-5096bd07c09e,36
a4484568-16a6-40ec-8338-75ab5a44f753,09b86b6f-cb80-43e6-888a-f61de17ce1ce,b331a875-f961-4e3b-8459-c33b0cdb0a1c,34
096f7d61-39a5-408d-9604-62f679e92696,acd0e933-c612-4668-b4c9-456bba7c15b9,9b59dbee-cd4a-4e06-9571-7f7738057eee,248
685a9d4d-2a00-465f-852b-6d8a437c263c,37a3b01f-5dd7-4c1e-8828-0f71960ff3b8,b364171c-080e-4e16-9219-e70b5cdb03d9,3
7b5cf6c2-b49b-4820-ae2b-0495fbb49868,17a9847e-bdae-4a02-8170-8f3eb8b0a71f,0c03fdfa-9f2e-4d4b-af4d-a243581190c0,4
c8e88747-8944-4de2-9010-40ae21d09167,efb8cc4d-e1ce-44c3-bf24-89ef62982b39,51e8b62a-c324-48f6-9d73-6cc95d6c3693,67
3e1113e1-0d8b-4fa3-91d9-691bdb7072ae,1772efb2-a2c8-4027-85ab-114fa49fd366,97b5672e-d2e8-4200-a542-0d2622a461d3,2
a4feec9c-1c8a-4836-af7f-d8216ca412ac,65f90442-f70e-4748-9e74-ccccd6d634ee,d874cd6b-f175-4027-bf9b-d625172a47e2,36
b512890c-5ebd-41d8-a758-359d5a8f8da5,7473cd26-3cdb-4442-8ccd-d599a68a5fe6,76cf31a3-14e8-45f9-a753-097f145df174,123
7e421371-ff1d-453c-8330-a8e7bd638259,634443a5-c4ee-47e0-8718-41e611eaca31,25de0d43-58f5-4cad-a1d7-5165620391e2,46
09c79d29-8d84-4a69-895c-8ed334d3871a,003f2881-3ee5-48e2-bfef-c4e529fe5258,ee877057-8b98-4a46-8a94-21cf84b9fa5d,4
a8961154-0628-471b-9577-8b527c02d3ff,dd6135a8-1a1a-4d63-bcae-a19ed6f76175,8050e625-f53b-42e6-b1a4-08e804fa7d29,60
8990cd07-6af8-449f-b7bb-5c1a38d42ed1,0f677fed-f2b9-44d3-9733-f4e3eb0f9d6f,360fe15b-e64b-466d-a73a-9f050e2b3cb8,36
d98ca402-3d7e-4c17-bf10-bd03c886fd5a,d6c14305-1da0-4287-9a65-47a5e42d8b3d,7ef44617-f7e4-44d8-8806-f45879168349,52
9af1c67a-5b38-4d80-8738-c707095f06ac,48dc934f-d45a-4590-a516-a1bd47c041a0,d64bb110-5399-48ba-b32a-afc4b78aef35,25
3b632f45-d43d-43c4-85a6-ddd6fb7117c8,8a80e0c9-ce8c-45fc-8a38-768183358188,375ba30e-f2fd-427e-9d7e-531caf91c86e,14
4f7a4977-25f6-4c0b-beb2-13ba5290b40f,abe188e9-83d0-423f-b203-ce6fa523e989,5f172df0-81ad-469c-99cc-e2da8fbd4f53,187
e489ec0e-c401-4125-b3c6-a9bfc3225efe,6ee3d7c5-8b3b-4618-9b2e-76d1825eae6d,0d29def3-48d7-4430-a328-b82f3e2a2f50,2
6d204fec-820e-4f90-b995-b43f399efd4d,eca1345a-3637-4f04-a97e-2f8454ea08a1,687d82b7-1a1f-479e-896b-057a8b19d8f0,3
9fbe98f9-3b3e-4f55-a514-016ef522c892,e77c49e8-7617-40eb-8792-dd9769533157,ecf84184-11f4-4424-a4fb-b2805c721486,45
fac15483-552b-4ee7-b56b-a61dfaa5d33e,e0929777-10c8-4b21-9888-96d77b29c9dd,4a92e98d-d01f-4fe1-b645-0adb9c467ef0,11
0c7a25eb-9c80-4197-846c-857870fd07f5,198e61d0-ce41-41e2-ae18-07a50d339b72,ca61afc6-ba5d-4beb-8b9b-d48b83c72ad8,44
9cf09c2d-3029-48b9-b5d9-f1a1e69e364b,e3035b9d-8e42-4ae1-bc2b-3c21ca3a8bac,0d454786-205f-4ed6-8d73-0cf2fbf07aa4,112
3fa7a9c3-eeac-4f06-b648-c627e891f86f,8ff102c9-95c4-456d-a75d-c73ca20bc1e8,6954da52-2782-4131-9693-496baff66f75,268
a2be21cd-d622-4892-9708-d236f16cdb07,071d2afc-8513-4806-9ec3-bcaa00645e00,9c82f538-3611-4790-bbec-ee2f7272021d,164
6ba7c347-2429-4490-a622-94719aa05f70,4edf162f-bbce-4c8b-bf05-130acd018156,f790a4b1-64c0-413e-b991-864fa329ae07,2
4e737398-97c2-4efd-8ba3-755a794d9838,0e43754e-849c-4244-995f-6caaad6f7358,f8659e76-207b-4ad0-8861-7c48df8824fd,18
b8c09044-bdcb-438e-a7d5-67903323121a,595920be-40fd-43e7-a6d6-6d7499ae95de,f801a811-e2a7-458d-bed1-b0ece7019012,3
369147cc-d884-422d-8e23-6be8b64e795a,b879727b-a48c-4bf0-9212-3d24bf95289f,8a058ae0-34b0-4171-aa9a-2c52b786a73d,131
f0801cbe-6a46-44a4-919e-df6422a937c5,ac53779e-56d5-44c3-bba4-7e448c279b4b,be51cb3a-0bda-4609-afe9-620ad44eae40,6
d6123e98-d991-4915-b75b-112a1155c2e9,e8436069-e91c-4bd2-97d5-15bd4613034c,1043f353-5461-4f7e-bac6-f198a4cda39b,34
fc800de6-aad5-4d95-a6a5-cb96fc7a40e9,eb1b881c-abcd-4c11-87b1-3c695d825837,d8e03504-0299-4138-a322-9e3773bb4528,3
fad820e2-c6ed-49b7-899c-470a5d1e70b4,51a12442-36af-4b7d-9ce1-18c161ad2a3b,ae8e5926-ca33-42e5-997f-546d83adddb4,12
3c6f6d6d-2995-4ebd-a11b-f6e4adc088bb,9595116b-d2d8-4dab-ac19-c64cc5443072,97c69050-8b48-478e-ae91-1e72371598c4,2
49205379-6e1f-46c8-bb84-b9ce40811422,f974fc92-6efe-49e6-bac4-927ffff6efc4,20e954ff-f929-4f6f-b212-1397b25c68cc,113
49744653-592e-4d54-ab8c-ef820d03becc,3da6a6a3-8c40-4f7a-a2ee-cf70d469bd9b,820798bd-3256-47e5-bf5d-8255c3150580,2
2c338afa-a136-4b0f-ac25-e6910593905e,c4b572df-5bb9-42be-b3a9-3a8550fa5d40,90161e29-8819-4faf-9e9f-9e903488a01a,32
c11d6593-2d52-4f14-a8d7-1a45bba59079,7fca78fb-d514-4f29-a65c-6d3ab136364a,7eb40c84-d550-4c06-b68a-cfeab79db56e,30
f6276829-63e0-4082-9e83-6a754a8affe5,3dd04225-934f-4ba9-8281-9295d5d8fc8a,cf6d0683-ec6e-4296-9eb9-f2ad973b3378,4
76fe83f2-f10a-4c39-a578-9ecf082ca489,ecba1d2c-ec68-40a6-9202-2199d8931f14,141d7e41-d770-4096-b434-721965469d76,109
1472e084-bb0f-4255-a3ac-e90848635e34,3247cbed-cac1-4067-b6d5-c5d55ac5732f,70783466-0926-45d2-86aa-19dd8d9a3f7a,43
22cd2565-4aeb-41b1-a68b-4c7b3be033ec,cf5368ef-066a-463b-ace6-cd095aa2d9ca,115c88bd-7951-4d6c-8a72-5b7fb4dbd4aa,482
1aa59dae-8557-44bd-9340-2ffaacc53914,4110f609-ecf2-4dc9-af2e-e84cce67bbfd,8c6aac5b-7bec-4be8-9ef4-1cee1a39ae9a,1
4e9adf34-182b-463c-812a-dd5790a92d52,f42c80fe-e964-4789-b4e0-5721c6e70f9a,6544e4c5-26ae-4ab4-8653-7c632e96bcbb,271
2056f07b-ab50-4861-9b33-b807536814f3,9c8a4211-e035-44ae-b73e-085f5fff3302,ee0d76f5-d846-4e3f-a3d2-374e28412387,9
fba33888-98d5-4f08-b5f4-6005571f9923,164e736f-9963-4c35-97f7-e08825379ca6,8fdc6225-0585-4667-9368-2d959ebc3dce,27
11e3cfea-2029-4c0d-82a7-3440202b9352,9c6212c7-1cb1-4044-8e9f-bac031359a8e,f4c0209b-6cf7-4e6a-9224-4ccf762b0ced,25
c366e672-6785-4b29-bf4d-6a6f2e2017b1,d5b475d0-e3e9-4a2c-ac3e-2287ccf00264,05cb0136-782c-4250-a49c-cd70137b4ff4,4
e31608ae-52a7-4ce9-8eb3-54187b854cf9,751e4404-2e33-4103-91bb-03475e2b0be9,daafa332-9ad9-4fdc-86b2-7257b78037ce,16
48d72f39-7712-423f-9871-0fd33f35d300,80e79e45-bb2c-4fae-9488-33289397634f,615e874a-99f0-48cb-980e-32309db0da1a,54
752a70ad-03af-483c-8012-be6b2220096f,c4a24b7b-f2a2-408b-8fff-574ead713aaa,1dcfe22e-3718-40d7-a199-74dbe8d2a82a,4
7a2ebc24-cee5-4194-b01e-c73a14855545,a9f464f8-adb4-4ba2-bb80-4e03c13f8622,abb3c1f0-faa3-455a-b4fc-55c74e7d9c82,4
5760a013-c18e-407e-869e-a57aa37d5f9d,cf4bd033-eab7-41c2-a372-6a927f0e0041,1bc94a0a-a3e6-4d86-becd-527b38b19acf,4
24f654de-ba69-444c-b379-dbcdc98bed22,73dbc43a-c75b-49d2-8b9c-f5575b40487f,49bc9030-b10a-47fa-900a-a8161d88379d,49
1639160f-4d75-46ca-8e1e-0021207cae06,265e834e-1fd4-4258-b08a-00eff3091552,506135ec-0bf0-498e-814d-a2c1665c0761,45
677d48e7-d574-4ff8-ae7d-f12604d0efa8,37e89459-7f0c-45f3-9d17-f6e8f10e6ee5,78bb3f4d-6295-41e5-973d-cdbcd71a1ae0,23
2482c35f-91d4-4143-9be7-0516607e3762,0ce8137c-a44d-4d62-a097-bb66561a0bdd,2c03eac5-367d-45b2-b8df-ec309a7cd0fc,4
3ffa476d-2208-4089-b6c5-88cbe26272e0,e9f74723-d88b-4a1b-bbf3-6bca28631f93,b6434282-f68e-4aae-b143-318aa5b0d41b,92
50bb56d7-a5cf-408d-a4cd-da85d31fbcde,a725bce8-7713-4dd7-9424-a659fff5acf2,7ab31c89-8e27-4443-b541-5215d940d940,14
8a67d27c-9b74-4b8f-9ebe-1895d0f9b9e4,3516ee9f-a39e-46e0-a47e-624a8314083f,ec387cb9-ad14-4a04-bf69-3c72d28e8d1a,170
4236bbfa-6dca-4150-a76a-ccee15a573ce,47599068-e5b0-4fdd-afa4-52f85620d722,6935d85e-28b5-459c-9376-746b4f15be8a,455
81490c76-b518-4ce3-9d90-6a4737770423,681cc67f-445c-4a1a-8f3c-e24c1846ec35,ae71eeb1-a7f1-40f6-86f9-89d81cfc94aa,17
a181c88b-2ff0-4a2f-a288-e1b41fbf4e45,984642a1-3363-4c79-8d80-5489d29cc65e,36c54736-8416-4a1a-b45e-545619d40392,107
c183f5f6-91e4-48a0-bd75-19734e73e5ad,c0c408b8-3816-45ce-a1a6-60f81eab2b4a,1b2717d1-c26a-47b4-9317-0c2967beb22f,5
6716de00-cd3b-4052-a39d-3d958a63f19e,0e2b5ed8-f641-4805-bc72-50039107eb69,4801732f-c45a-4697-a9a8-20bccfb28380,15
b1d6f3c6-8e8d-45bd-94c0-e3355731b6fa,a98a7dec-5f91-4443-8223-9ba8c45b7edf,f7165e09-211d-4507-aa97-af7d1a03614b,251
9ebf5c27-af1b-44c5-9cb7-7aee832933b6,33fdad76-30b6-4003-8356-ceb6a83c7fee,80b94e45-15a2-4021-a0b0-0a7cde8766f9,23
8e38d055-ac36-4668-8077-2c983b2eaaa0,b487388f-f66a-410a-beb4-9ef339a39c75,17ed4d9b-aee3-43f1-8a66-0e26a32d95e3,64
52e6fa65-1611-46cc-9503-818916405f50,8fc21498-f74a-41de-b56b-a0bb7a143f55,6cb0af80-1660-4e54-8756-e5b3cefc416c,2
39dad7f7-c127-446b-901b-28b250ed0333,9db3f419-181d-400c-b5ce-56b0cac33400,cf6d0683-ec6e-4296-9eb9-f2ad973b3378,38
d431c6b0-2696-493e-a5c1-763e6d24baf8,d7af9e60-2059-4292-9f7a-9b55cb376f20,494e1387-8e65-40d7-a73c-a5ddc342fe1b,88
40088ec2-cd3b-4d32-8418-5bfd7497c06b,aa7c6d5a-4e41-4093-8619-238f6f021566,5e75c9f7-1e66-481a-a570-dbb450cbec40,23
35ad23c6-8664-4c8d-83ec-547bd1b952eb,5382ab41-18d6-4acd-b487-38d11887f80b,4f2869a4-87ad-4a74-b4a8-f0ddeca2780f,1
0d6c0b17-6555-422c-b00c-bb86e849bcef,37b34243-ad8c-4f48-a749-48c928ed7b51,b78afbed-267c-488f-8b91-143b9b53494c,217
0784f5fb-cc6d-4874-8209-375c20bf48f9,d7af46b3-5e25-4aae-97e3-b6ace03c4047,603841f4-0502-4c62-a3ea-b01baa70b492,36
0b9f92be-4b1a-4818-b1c8-3c1376c0d13d,0c743cfe-9323-45b4-aaae-3cfc2f2d3570,1c559612-a9de-4e58-894e-85e42be25cd4,36
5c2eda2f-1f84-4092-bcc1-24f165893efd,0cd1cbc7-2a75-4216-b45b-d5a538e2826d,ede0817a-c3f8-4bb3-9c89-ae6ae7a2e20f,5
853de8af-2ab4-4bde-833c-042680d538a3,0848cb33-b0cc-4d50-99c1-9dcd1ace9383,f3b8f35d-ac2d-4e01-af44-72864a00084d,4
4c9e60bf-b7b1-4e5c-9ff7-5a101907702a,05f367a9-b65d-4b40-a71f-fa5a05f0887b,00d92efa-f36c-4b51-8a07-6bd098c940cb,457
2d46e4ab-e197-4639-9939-8eef16597d13,c8057fc5-611f-43f2-8022-f5b2c46bc85c,3094b3a0-ff61-41e2-914f-32e24663a672,5
22c9344d-fa2a-4165-ad3d-8169a6967e95,7f957c36-adf8-4b4a-84f0-cd7ba7754930,abfe2bf7-9ec8-4c97-a462-1640b4cb52f2,446
f0eeeb06-9f6b-41da-9094-ed948cd83343,a21af45a-e0a6-4d32-817f-92eff063db48,794e989c-92d9-44db-9791-505cd8ec4899,1
6d791085-1952-4354-9916-7963707317cc,a36bebea-6a68-47b2-ae58-004fbacbfef6,ce85e45a-4489-449a-89aa-a822e49d4484,20
f61fde1a-3b0e-4ecf-bcff-8e1a038ee0ee,b38c160e-f50f-4b01-b7b2-8015a6034c9f,8a8a60fc-0a75-424b-9a32-100cc45efd1e,3
2550353a-c6b6-483e-8179-6d65f3e85307,61f74caf-180d-4a30-a095-b4519a4b8e94,1d965409-f92c-4fc0-9464-f2a42db6efdb,28
f089bf3d-f585-46d8-9f12-8f71536f2cd5,d3e6ee86-42b1-4887-b132-7cf55dea90f7,91f03000-757a-4504-9ae5-aab9d567f348,6
2d581f1d-2899-4a9d-897f-ccf74f575e9a,3b977044-4773-4141-8812-28f8c04328b9,0da0c721-0816-4ec8-a25b-1e7861befa15,5
754fd0b5-eedd-46bb-b9e9-caa2847163de,20c924b1-6977-4fc5-a51f-9de6bd0206c9,48b95444-c145-4565-9897-6d77f57685da,4
f7b37aac-b271-457a-bb92-c772f54e01f2,b93fc924-8717-4a7b-98b3-96ff977b1d44,b2abeb0b-af07-4b96-977f-1e93079451d8,41
bef346ea-bf3f-4173-85b9-41801d7d8780,08c3bd90-0c03-4ba2-852b-5096c503703a,754b74f4-a0bf-408c-92c4-b39f30c0939e,120
3d780b4b-f222-4aea-a4b4-3ed18ed87b53,320e12c8-83bb-4d8e-9ef6-fd5deb7f737d,5c0fd44a-965f-49bc-89a3-11be603d3f9a,4
eb7b0916-2730-4c52-be9f-ac277101b39e,d5da58e0-09a2-4f27-a8d9-7430d1d6834c,81538c54-40d9-4e83-9a12-1d1ceb0ea426,35
ca67e0b2-b751-49a8-8421-f727f94dbc0d,fb14709e-ed0c-4ae6-9552-9de3f8aa2e0b,56d7491e-67a5-4cab-9013-e0595a33d3e5,34
44d1b243-028d-4606-8559-13e405b1145b,2aba98d4-ddc6-4657-bec0-f3b63e7041a7,bf4a4060-4b90-483c-8160-33018bdd8aa0,173
b96b8796-63fa-4a3d-90e0-50018c139014,9e8c4e59-d168-4ea5-8087-8db9a3c10a03,1fa1ed12-94d1-4957-8a91-136e7c15bd90,41
c7c6ec60-05c5-4f95-855f-a29bee567a2d,223ac93a-83d8-4d2c-a72e-610e3b6eb315,80dcba71-bc2a-453a-a389-8d740aad0d62,263
93b5fa38-718b-4b7e-ae49-7937f254ac5b,f84eef66-e8bb-434e-9636-2c4dec0c49ff,b3055df3-fc4c-429b-b7a1-94e2f5e1ad4f,452
ad8000b4-44e1-4042-9f5d-6c143b90089f,1407258c-7576-4151-96d6-00af2f4f686d,ca38c511-ccb9-4fab-b59f-853f7842b8fb,2
9a502bf7-1619-4a63-89b8-659ae00eff67,ead6207d-6904-4107-8867-9afbf94f61ca,458c8af4-250f-457d-80a7-ab8b5b724715,13
8c17e13e-a5fb-4f89-94ef-7f484975654a,ed733fe2-585d-4036-94f1-448fec0145d9,ed61848f-f0d6-4f90-9aa3-db69fa6c0b4e,32
a8710683-28ec-40da-acf9-921dd4f98e40,bc3d4dd8-bcfe-4aa2-9a5a-07ddfc869302,e11d65e7-5bf0-42b2-a47a-5e5eabdcd835,20
7c80fa19-8149-4424-8c74-c8a45fc71840,be386e69-3bdb-4caa-9828-36d664ca042a,610db287-2d72-4a90-86d9-6660ee66606d,9
7614aa38-4bd5-43b7-aa6f-49b65295d0d3,416a5c54-9bc8-4969-bedd-efb04b98acee,cce6bef3-3f13-4ea1-9a5d-52b1cf7f2aad,358
f03c7dd8-dfee-4988-98bd-ae925827681f,35da8d10-8943-4b0f-9255-b04bd2aa4cf6,d997157d-a131-4727-8eb6-10e5eeec0ea8,4
f95ed1b0-9caa-4198-83bf-bf453ec40136,0d4060cc-9915-495e-8182-4d0af66f716c,59f6c3d3-89d9-470a-a70e-ddeb939cd4be,19
af036a95-ea85-44ac-8090-b89ce8d7a711,275f69a4-df5b-4970-9745-7d55e13de54b,332302bf-832c-4368-811a-c3fce85b7ee1,3
aef79425-9af7-4a86-974e-9b06819b3b1b,7f7c1923-7df7-4419-82d1-2e3630b69c05,e7151590-a01f-4cae-9bfc-23a1467bbc02,134
0caa8d42-fc6f-4379-a199-af5bcce80a15,8280192d-aaf3-48d9-ae8f-5ee4fe7e4704,a3651c7f-e2b7-4e68-a742-bc5d9d02b282,37
99dda11f-6d6e-4448-9f17-f75df3973d33,7e8ee864-96cb-4d7b-88af-d7cb11dd0160,3af60fdd-55bd-444a-a8f1-99b3f9b518c3,12
9ceba4c3-62c7-492a-959f-af45082202ca,b55acb1a-cd74-4b0d-a38d-9a635ca2e0b8,8868762d-88c6-4afd-ba44-d823c4109ebf,25
762409d8-ee4f-4180-a98a-69b171c6a4ee,333af089-7ea1-400e-b994-2c919e64c1f8,14430c8e-dc32-4dc6-886a-4f938838238a,5
dc3d174c-6a0b-4679-b516-186b32858d23,1ef54a49-e7ea-46fa-854c-81941418c84b,485669ae-c183-4fa6-848b-461eefd790b8,2
5cc1504e-c98c-47cf-a33a-67cb9be7751f,9f729832-b1e0-44bc-ad15-184b89405074,b7375051-efa8-4397-8a7c-b3ff10734b6e,177
f7f89320-c76c-4283-b280-7dbddd41ed20,80614a51-ee6d-469b-922a-e8e547f7f25c,94e848a2-663e-414e-b320-f0cf8c5cc66c,14
1b0dd8e8-c1ad-40a7-a1d5-ddb4e50ae753,36d85b05-dd6c-4528-9ff8-7ff327232ef1,134058b2-53b4-4834-8a3d-92eae7861ce1,4
efb9eeba-be2c-41af-96e6-9454e0ff239b,304670f7-67ee-40c3-aae4-18ace9e3589d,571e9637-1ddc-4070-a1f5-ddc749b8d921,9
de8c67d0-c59c-4e7f-b2a0-d768d94cd82c,d75f129f-d41b-4730-9d98-5aaba82d4331,8fc05a7e-8363-488b-8b50-d9b4739af84f,33
4ede507e-7aae-45b0-86c6-2e460dd813a6,28659976-c1c3-4254-90dc-ba9adbdeac20,bc45311f-6fec-443c-9102-16e17ee9cc31,3
c828562f-7ec6-432a-ab0c-a1031053c397,df38198c-039b-49aa-927a-1079f9d837ce,1cde3fde-2018-484d-a089-b0cb2dc59854,5
70eb1463-5688-42ec-a6f1-60e08606bb74,3232ee4c-c750-467a-a08b-98e9408a5f90,abb77cf7-75b7-499e-8b0f-733b0276ec8e,87
366cc120-5375-41ee-b21e-6b0af9bd5ecb,f0e6801b-03b3-4e90-a0be-0ff76aba9703,32c61068-43af-451f-b50d-7ccafe0233ff,24
ec1d9465-5e3b-4ecb-a378-bb55b37a5ffe,8f727934-e165-4e2c-aaf5-d7bd933f52c2,bcbd7aa4-34ae-462c-943d-1452f32a48c9,4
d216edbe-51e9-4719-943a-f91e400b1f4d,333af089-7ea1-400e-b994-2c919e64c1f8,2efad48c-7662-4ab0-8585-5a1a8aeb7672,33
dd89b1b9-20ef-4963-b393-673550aafc63,ef3cc2c5-fe81-42ee-a1d8-d11e0aa08470,ca62f9a2-16a4-4d1e-a322-20e2166ad353,113
b7b32219-028f-4b74-bf4f-1406b2fe4065,c515c28a-1faa-448f-a6d8-cf3fc920a155,88568c20-91aa-4e93-861a-6fb5e358625f,16
94534f43-e72f-461e-bde9-1ca44805a107,f4ce4994-be4d-479c-af55-d408ae803639,ec3bc0e9-10aa-4582-ac70-0e984b290e91,24
ed9e9d18-a536-47a9-b78f-c6a606b9d375,46dc65d1-580c-41f8-a371-e83625433136,5533b8ad-d0f2-44e1-8856-8261d0f9f220,69
331e0b41-4ab1-4def-b0c2-1d8ce35edc2b,279d1657-1aaa-4fb7-92b5-01a4d8d90989,67e1cc47-98ea-4bd7-8bdd-39fee329ffcc,87
046e246a-e8c8-496d-8a67-c6666fe940ad,33c594d0-1c9e-4e53-904d-79a57417199b,6935d85e-28b5-459c-9376-746b4f15be8a,481
bf04e8d1-921d-4845-b765-83393cb93fc4,13ddb9c1-b22c-4220-afe2-63265342a689,2ab131b0-2e6f-4baf-8def-0ad5cdbeaba5,8
19789371-3900-4fab-aebb-bf8840dfbec3,92bbb5c9-da5f-465b-820e-bed18a4f317d,59fc8094-f9ed-48b9-a632-ed8d199027dc,1
a916a170-b56d-465b-b1ff-c057c3516019,b52f560f-c32e-481c-bf59-ca8d224a3585,237cc164-f8c4-4bcc-9607-f8db19b1a934,46
0619c601-d79c-4801-ac01-b06b5689e902,3942a6ce-23a7-4632-ae74-91eff393c8c2,2d7467d8-9d93-45cf-8142-31ca7a10f18c,81
7792e3c9-eafc-4edc-802c-7469cba0fee7,dbceeeff-4858-496b-a538-ea57596dcfd6,e4fd3b6c-1f7f-4b57-98ac-538cb6f58513,50
560b618c-7a01-4f83-8fa4-e9ee2d95fee8,318ef348-f53e-4d0e-83e6-6cc9ee0bcedb,b49c7a2d-ccd8-4c1f-9b99-bcc95ffa789b,146
7b9a78c3-654b-4a25-af3b-9fea631e4472,bb86e937-e5b8-41ef-ae5d-03db69890a0d,db9efd41-2e14-479a-aeb3-6c0eb3080ab8,157
c5e70923-6a5d-4ca3-92cd-3cc0e0ba7ef4,58f80712-3cf4-41b8-9898-b209f15f2546,7253bd8f-7b5c-45af-bb6c-560d8ce80692,197
68e69cbc-b0a1-4aa9-aae2-b3cd284625b9,1d23ec1a-33e7-48fa-945d-64d0191a09ff,31b1f7e0-31b4-4429-ba30-e630198545ed,5
52569c65-7df5-469b-954e-d25437a91b12,fee98dc9-8e6b-4952-9a83-07158005438a,bb4203df-2c56-49e6-9f35-c9a08d243d93,33
2982af78-0d30-451b-af34-6f7f68ce5fdd,61e66251-1346-4e44-99fe-3744214666b6,c3649824-32cf-4152-95ab-50bc73f92a5e,3
501b9514-36cf-49a6-8e4a-34fa7be8fe45,eac5e9d7-af21-4f04-8d2b-e264a33ea39f,bbc45913-402c-4b6f-a9fe-310a21edbc55,19
f5cd69fa-1b39-45ba-ba82-81b890bcc38f,7d2de3dc-3694-4cfe-aee7-13e26cf0481b,5ed22ea5-42c7-4759-8172-2cbad511d33d,71
e67375d6-95db-49d8-8ba0-34fcf49fa665,e45d3939-2fb0-40a6-bd05-6ff90a38f358,6a8be6af-f586-4cb3-bb39-4c9516cae6c5,27
b3801c13-71c3-4880-a35b-28169a1e3256,7ca49d95-e82a-4198-ad18-7fff283045bc,74cb2b41-8846-4e14-8def-d1e265f32232,4
ca463852-f988-42a0-8556-4528b648f8f3,1bc2b61e-c6a3-4ea7-99c3-a892c15665a9,f7e6d7f0-9d0b-414c-8212-12fb10d02848,133
695e107e-c313-483b-9951-bfebaaeac799,f67a632f-9b46-424e-9065-5377b7c0c04a,5cdb30fb-1981-47c2-91e1-309b48709d1f,2
86934c35-3e52-451a-9d08-51bbd5e0b202,4979074d-8531-4513-91cb-20957f157984,48a85f8d-1abb-4931-a625-184cfe7b7a10,39
89f7d034-f50f-4981-9eca-38a0836fce61,43e158f7-5ea6-4cc9-a2b7-075f52587f14,e93efff3-5a99-4c80-bb33-fa3ca57519fe,2
9238fc8d-c38b-45cb-8d05-6661c63bd432,ae911b74-d068-42d2-91f5-588846403128,5de126ab-fc3b-46be-b090-aa49de5b2fa7,1
1ba6be1b-e1fc-4967-93a5-a9f3d0dbcb48,0ec1823f-62d3-42aa-9fa4-30435d16f8db,f7efd74a-8898-4a64-9167-6cbc3ad4e52c,82
dd51454a-c2aa-4755-8822-3e77a5372945,e9a255a8-84a4-4665-a1bd-8cb615fb0cd4,7f09b76c-4091-480d-a0ee-097421ce55ae,3
e71b5f28-b772-4512-9fe6-085e7e21ffed,af8d8879-70bc-4c23-ab0b-82fa25ff048e,e2f26f74-f508-4fd5-96c1-26a0a22838da,2
7512ea0b-1db3-45bd-a38a-63f4847e273e,c21183fa-9232-4e37-9fb8-7f38bae38a28,76cf31a3-14e8-45f9-a753-097f145df174,119
c4f7b4d5-fe67-4da1-846a-d33dd09e83c4,63de4032-2e24-4a3d-affc-fc27b15e446a,05a0e094-e060-498d-8b9b-27204e4fda50,352
02fef088-689b-4df9-becc-22defd9a40bc,36b57368-494b-4408-b9bd-39b090288822,103fec81-4fa1-4b26-bdde-b8b12646c930,269
d0d9c5b8-a207-4b96-8f65-1802dd92a7e5,738b5460-4943-465d-b53d-24fe53dd53b4,496ba73e-de65-47c2-b6df-9b8e64c8f007,27
25febdbc-9960-4a65-831c-a727b89e512e,af7c12db-5796-4db8-b369-c20254268923,c6c8132f-87e0-418c-9776-17c59600a6ad,1
4c006408-113d-4d37-8b67-8fcdac735e2d,1343a168-2887-4dad-bb03-9efb4f916ae0,24c377b7-8926-4942-995e-96dddd71e117,244
92a3ce6a-e5e1-4b13-b2ca-8ed47f568a53,d8dd3458-e42d-410e-a112-68cf159eca9e,eb06371f-69a4-407e-bf3d-78e3a5fdf8e7,186
0261f616-e3e7-4fd4-aa60-4b8a6292dbb9,5322145c-c5b5-423b-ab8b-240df35a4b91,e34fc809-765d-4e46-9628-e1235f559b35,1
727d1eda-d80b-49d6-b9ee-b97c70ae7b2c,03ffe275-3865-4651-a3d7-814d1c5f022d,0c336350-426a-438e-9b73-668a54b27da7,337
af37986c-d7cd-4fc0-8f3b-0e14b49921f8,9d24bd48-b1b0-46b8-b0bc-36b80b143264,e186bde7-d3bb-494f-be2d-19e5b879bf94,2
bba817e4-e378-40fb-8ea0-d93e6a264503,4739581a-0751-4171-9ef0-84e61bf355f7,35aafaac-de7f-483b-a8b6-7e7b0984f3be,1
239e5a40-6d2b-414f-863e-c57af0595af3,a4c26f5c-f815-4122-ba10-f4315e42d410,cd8c3062-f5ac-4290-aa04-76d73d757a86,17
3151eca0-5f70-4f70-b024-1d96f263282a,53099bfa-ec1a-4735-abb1-942a3e897a46,66eae83a-9d20-4a7c-89d7-4fd4b6965e62,2
d14ec25b-ef01-422c-9a63-612d233b8fc3,b13d1fcc-d3e0-4a2c-b5bd-c54a292da36b,a802313e-71d3-42bb-a499-5b65c70f1154,2
1c3636c2-8741-4ae9-b3db-713746cff63d,5b89a054-1c96-4881-9b5b-b8daa3632229,676140ef-21f8-4d03-b2c8-ffc0f0a60d5f,33
784deff1-d6dc-4f9b-8de7-8b0a2dd1faf7,c4bf9835-58d4-44d3-9ff6-30064f6f6f28,d98bac33-9dd9-4cda-8a30-321ff9795eef,39
14f46de4-5ffd-41b1-b910-6be9f6743a78,ac53779e-56d5-44c3-bba4-7e448c279b4b,5f3968ca-99f9-4bb4-beca-95279e2bc2be,4
3e2e31d8-9aa3-45dc-9439-7b567a7988b3,c238189f-67db-4592-a9c1-3e55585d05d8,b8d7afed-b738-4e9c-9aa5-3853df8227a7,10
d2377b97-bbe5-4486-b0c6-921925bfbd9f,106ca561-c10f-4216-9a27-1e3e5a1f21af,b577af95-c678-465d-b6f4-c0d432ddab6f,2
91a03296-0435-47e8-8861-faeca0fe6cf8,d995287a-2dda-4243-a4d7-98ba55b23ab9,62b1c1cc-cd8b-4409-a08b-ecc2764a77f6,19
b603802f-a9c0-4c0e-9d71-8a386200506c,52d8cd14-8044-4520-986e-30146164a4e3,2419a320-f6b9-4c9f-aea2-b053315e4ddc,2
5ac79144-df4b-47d9-9ae7-bca7bf990bb3,255bfe6a-9edf-4d6d-b695-b159d9af0dda,cfa5be61-48e0-48aa-8c0b-b9871e24f5cf,109
9f7ff9d6-30de-4a66-abd6-f86e082dfe5f,e604a709-1aaa-4e76-9372-b465a204c9d3,06790297-9fe2-44a7-9e3b-d989faef8cd8,4
6916d237-781f-46b9-9cd5-1b8e28e35ee8,a65581e7-6c01-4acb-963d-43e176e87fdf,71e42f8b-c331-4a3a-9ceb-293bec12a99b,121
ead075da-e9ef-4918-803e-deb2ecb1e4a5,709dd904-9c4a-4796-a439-7e3d98bc4b8c,aa91221f-6a63-4dbb-89a0-b920bedb3f02,5
7c1d3a70-2bf1-4c05-b0b7-38964a5171e2,4451dbbf-a537-43ad-b605-0bc5701d3840,30dc93ce-354c-4edc-b493-ab81503949d0,162
5f76e090-6be0-4ab3-8aab-fb6089d1e0b0,65f90442-f70e-4748-9e74-ccccd6d634ee,0ff9ad30-2487-4560-870e-e61909d03a4d,32
c7e0894e-a9ba-4d10-a3a0-527cb84a687b,7be1aa12-3462-466a-ac85-6d0cedc874ec,6ed35927-acfd-4c1a-9822-9b292626809b,16
0926b490-1965-465b-83c3-b9c8eef760c9,c8eb0f5b-d46c-4e8a-b38a-2ef16b701bcf,d345c010-1741-450c-bf95-a6a8067879b7,2
fe00156b-e439-48e9-97ee-a235ba504bd4,f0e51fcc-03a1-4013-930d-b38a5ce13f46,9a4a9f85-df7c-47e9-8286-d93bf7ac6317,163
a159ae78-f260-424d-8596-1868cd1464c9,52441458-e6dd-436d-a8f0-420fa6cf1b89,44c8d697-357b-410e-aecb-073304f3fc99,23
33d9f043-1e71-48bd-b17f-22b444007109,e7159da2-f383-4354-9f39-cd2fe79d827d,24529015-1b72-4109-90d3-ede6559278c1,75
c838f9fe-38b9-4b3f-bdc5-dcabd1fdf8e6,351fc604-2c18-4022-b9fe-05d7f7461529,b3d60c10-4989-4ec0-92d5-51ae74e07b77,491
4e916763-037d-4342-b830-8aec0cea9cf8,41e758d9-38c6-4a3f-9fab-d570cdcd8ff2,98a75087-98d4-4251-9186-9de5a68a2e38,20
99b437d5-374b-443a-8e0b-7bbd0a6d32c1,0dd44279-7b70-4879-a52c-eb059f49ac21,e15ac558-3603-46ce-a615-9a1a92052665,1
bd138af1-8346-48b5-b5b5-5dcd97facfa9,d4ca301e-f260-44b4-af49-c267938b8b69,4869cdf4-d179-4116-871c-2e9d9cae0235,111
34200f7a-8b4f-48d0-98a6-5c72926a8dec,8337f829-a8d9-4141-abab-36b079f49bfd,38a74756-efd2-4f89-aae7-fb174f7ae9ae,26
70bbe46a-64d9-4ec2-b8fe-f9fdc837e7c7,542c8ce2-d14b-4caa-995e-03c401b8cb3c,93c59373-282f-47f4-9fda-d622264f913c,154
c816933f-8ce8-4752-bd25-4c032e125b20,68b3b837-1f8b-428e-913d-fd00cdca9681,74f5d648-45c6-4bf1-be3f-7a6cd318bb79,3
21185d5f-9a88-4c61-9206-9a5819772cf6,a27f2dbb-1875-48a8-9c5a-b4c108348d6c,56c82a8c-292e-487c-894f-990147d76a95,186
d5becef3-fdfe-4e52-9e0b-b6997f75a66e,cf710f36-8956-4a3a-8223-4a9bbbbfb1eb,e8342e83-71b7-48c4-a019-54bc548dc429,46
c65f4ae9-7928-4ee5-b619-f2a37a5beaa6,abbfc5ce-cf0c-4508-afde-501d39f744ca,470b6b01-4f1c-43df-8aaf-aef54c2b9486,113
8e3288c7-c4b7-4147-840f-9699e74b3eed,2dd35f8e-a727-433b-9b18-71d443309a3f,b3e51bdd-2bbc-4378-9029-54bc48bc8bca,24
837e0876-ca75-4de7-8f76-9c238babb9f8,091acc0b-e0d9-4c13-9444-c19c23bfecb7,2ad7b1d0-92a4-4836-843b-fadbb7d4fcee,12
a3c03d14-a03a-449d-89fb-32f197d015bd,a387b80e-3841-4936-9edd-8e1f676ad9f3,30dc0213-e383-4b6e-bcad-1074ffcd027e,374
9e1c09f3-aaad-48ff-ba6d-4e13cedbac44,693e2a79-7b4c-4459-9048-019596fd0a09,0a5606ef-fd9a-40eb-959d-b86d40b5b290,9
cd8f53da-a68e-46dd-84b8-0bb4fca0f2c3,fdef56ce-9397-49c1-9901-b3c47af661f5,f179f3a4-b035-4299-9753-62bc17e3c8c6,2
959f2f6e-0699-45c5-9335-2619fb4677bd,6e2381b4-9716-4d06-8ca0-ce9039b9f3e4,044d3f83-a13b-4e1c-b14d-974d2452cb11,405
38e1ff44-dcd2-4612-999f-1e9d9ea9886c,fd97b9cf-ad05-4355-a382-38b944e7b495,b4d65aa7-be3b-4829-8052-a629bc185931,37
e39533a2-4360-4059-bdee-7a2a2aff6ad2,395f9452-5798-4fa4-9670-89569d3000c9,2c312319-cc02-4f38-bf01-39ac45960029,36
cf40bfaa-5a35-415c-8fc3-112312e16f18,524431b1-56de-4af4-905e-40c34ad5370c,691cab19-3d8b-415f-9049-41ea69df7e42,5
eb50b065-4de3-4c74-b4bb-e86bb8fc4b12,d037d10e-7e14-429b-aa85-2769d522b170,53d8ccc5-41f4-4509-8a45-5a463758d188,151
efc6227e-9265-4135-8f05-39eb8c6845a1,972f49b0-1f4a-4f58-b0e0-0163dfc67ac3,ac186a1e-81c2-40d4-bf32-ed43ea99322c,6
dbe5bf48-56c5-49ed-ad14-147c7726f725,ec82d6ab-4824-4719-ac25-6f6374e281fc,b68fa332-679e-4720-aabb-414e1944d06a,198
d2eddfa1-0313-461f-a854-02a09e7bbe30,8e011ad6-8396-48b9-b0f9-a26d808902c1,ca61afc6-ba5d-4beb-8b9b-d48b83c72ad8,1
aa4ba819-b0d9-4cd7-9e53-f8cd8f961e70,e80f9c99-ec5d-4e56-be4f-7968b9d5a1d7,abb3c1f0-faa3-455a-b4fc-55c74e7d9c82,35
19af80d6-5aa1-4bb8-8e5c-80dda304fb57,1321e9f3-ef79-4350-91eb-e765eb5aa53a,32edbce8-5527-4a66-af2d-1f2469bef2b9,113
243fde3a-aec8-47c6-a898-97fd5aeaeda7,602ed35c-95c0-4a1a-9643-7f368f3fb097,6ba2458f-91db-4f21-95db-a7f69acb34f2,2
7c2469a1-238e-4526-9829-aa55e1ba0886,e9e0108c-1295-4c99-9fe3-d3c7e8522683,d65c8a50-5580-4a88-8159-36d6a3708949,12
641771c8-f83f-48d4-a8ff-110e6a3ff6cd,775b5e20-007b-46dd-bba1-0bf9c978a83d,48d8f8a4-ee81-45c2-bcbd-be00f58e71d0,5
37a2be21-e16d-4120-92c2-1aa73ed9e1d4,7f765101-9acd-4818-88cc-101aefd290fa,2d4dec12-041e-4e6f-90fb-ccbd38e61ef3,170
652e1dfe-f9b0-40df-8c34-b92c9ba4ace4,5d59d780-2c43-4724-9b5d-5f8e764f92ef,83cd7fe9-31a7-45f3-845f-2d58efd91a6e,21
e5c2575d-d715-4472-aa1e-bcd4ccaffa36,7473cd26-3cdb-4442-8ccd-d599a68a5fe6,d9c1bc1c-7967-4800-a456-53ee882b2c19,20
4298c377-f82b-4196-b83c-35e91f279698,d7b969ee-3297-41fb-abe3-ae8b77adb3ec,3cf17cf0-87e4-4e97-ad41-0b58d2ebd511,91
b00aba14-6cec-47ef-8216-b1a9f89e7cef,6af744f4-428b-4e68-a8df-f8f3d692f24d,eb52eed6-cd9d-421c-9a22-060788e849fc,1
d125c372-88fc-4936-91aa-8c3a62ffb626,20e79c65-4c92-44fd-ae29-c5d712f82407,13114385-d5d2-41a9-802f-cdcec5116392,49
3f7d21a2-8e21-47d8-a08e-92b08463aed0,241f8e1c-19ec-4bbe-b95f-82b4a758b8b3,d780a201-80cf-413f-8f35-7a551028f5f8,493
dbde869f-e946-47c1-843a-4d110c59b1e2,88536db8-14a4-4c5a-b563-5306409b34b6,7fae7feb-db71-4755-bd88-0e430c2f6ebc,199
2abff619-e93f-467b-91e9-973871474924,9d11fe25-b270-4418-a9bc-3c6be49b531f,d49ab6d5-091f-4fef-8193-a8a5ce06bc3b,24
e4991f57-e3c2-4772-a8b6-29595eb0f5d4,9f4e3ee7-6369-46c0-be65-417e62bcccf9,41766eaf-b7e6-4854-a222-cf79024b4f8f,11
6e620cde-862a-452a-a053-7da9b96ab29e,be0071f9-ba00-485b-a692-dcbcd655afc8,681f5623-8bfc-4a03-a720-206a3a2d9775,4
08e98330-7ae3-4702-947b-58ecbf40e23e,3399f9b6-807c-4c57-a13a-aefbc20471d7,d1dae7ee-b6fa-44bf-baf2-a33a9790e18c,138
7716317c-b0c9-43f5-b2b9-7d16c67e143c,52766430-c5a9-45d2-8cb7-aa5ca4fe225c,de080944-57b5-4a4b-b5da-1886e4002ff3,5
92d27a3a-b4de-4ba5-8e96-3c511aad207d,c1f4150c-14cb-46e5-b656-a7b470be1779,91f03000-757a-4504-9ae5-aab9d567f348,43
d02e7df2-63b5-49cd-af4c-fe82cceae4cd,af9873eb-0653-41e4-84f1-b2d52b3b754d,507ac29c-9db6-41e2-9100-c8b68496a429,20
4ccba424-496a-4cc2-ab63-0c7ae42c0333,384d7ee3-24bf-4870-8641-87df04eb3cfb,24d01492-95a6-4e1e-986b-8763a9c42d67,29
87c0a083-16eb-4f82-a8b1-59cd294f4537,ed733fe2-585d-4036-94f1-448fec0145d9,b5c50e6c-f9c9-49a1-9327-0bf3df97b1db,2
97f98310-d973-425c-bea0-25d063c8f1ad,b0f062be-bbb2-40d4-ab18-8d044b0b74cb,c7b5a56d-3cc5-4a47-ab41-916b845270f1,48
0862b752-02f3-4d2b-9f88-78dce9650a43,43977799-1f71-4ced-907d-3a9b2d270932,a2c5b738-1fd9-4e54-9ac7-2f5daeda222c,3
d4c0f761-20c6-4b1b-b1e5-987c822f34e5,fec60ed8-991a-4796-b632-757d789c9f99,595cc2e7-7269-426c-8e33-6a45789fdc47,91
a9ee84f5-925e-4596-a8a5-d8769e558b50,8273f064-bfb3-4cc8-841c-67e7bd3fa50d,8c4dab55-5ccf-4ce5-9dc7-8251d49244f1,2
390ef298-eeda-4c1a-b02f-395fc4e6a423,0c8fdaf3-9849-4b1b-bfb9-4bff46aa69e1,7baf853b-cbbb-4617-92dc-fa68fc2669c3,7
b0ca2eea-527b-4bb4-be66-9f099103594f,f9c165f7-11d0-4f46-8b4b-70bd361a1c66,41eea279-b6f7-498f-a108-a9c478165ff4,39
8c914c16-fdec-49e0-b152-d89a66aa173a,1e7c0086-53fb-4c53-b1a7-e4d73c0b1fdb,91901f91-c94f-4210-88c9-1cd654b1b1be,50
d48b494e-2495-487f-bdf4-85b6167ceb8a,9406a035-4577-4bbc-a6b3-dd7f0d6b56d5,25ef75f0-903c-4b95-9af8-ac5436b19b9a,20
aa7fce9f-158b-4e30-a508-b6a59233f10f,1f1ff418-6469-40d6-9c59-a28f6aa88ea7,b7fa6dc3-d753-40ea-a572-5ff7b584e9dc,2
0df29a1c-1c32-4efc-9348-c36147525bfe,58f80712-3cf4-41b8-9898-b209f15f2546,4ae1b16d-6f01-44f1-b60b-906a0306b4ae,149
cd77f240-3169-4073-a6f0-d536b925cee0,602ed344-1100-431c-ae51-001170ce60ae,5fb6fc3e-cd7c-4f28-94bb-f5366ae4cc39,176
15b0fc67-5003-4fad-aa59-a2eabca77998,3dd60fe1-a3f3-4f1b-940e-5cf7a0b55eb5,c0594aeb-c471-41bc-99b5-aa1f8b57144a,47
3295307b-3a78-4287-a329-27b6dcebe0a1,05b70052-bdf4-4ca9-bddd-0cc235c6fb8c,e3dc07fe-8e6d-4359-984b-6f6fabf0bf29,45
37696eda-4a75-41bb-992e-0ccb47d56237,c20234b5-0e3f-4796-9011-585e1e300761,a352bb41-ec19-41a6-a0a4-48329524ea97,5
d515bb23-2b40-4d61-912b-8962950bae8f,d8bdde58-025c-4039-a9e5-7162fb1533a9,31d97866-26aa-4d3d-b7fe-a6a672960bfb,5
a27debbb-cb64-41fa-86d6-4cb69f31ebdc,f3c4eb50-f908-4405-bc36-47fa6ba60217,22a47220-6596-4faa-bd57-2f087d428fa3,13
83f46bf4-0dbf-4d69-844d-887efea330d0,40d12bda-2fb4-4b9a-b412-64787aa45471,70ff340e-5405-4f37-9160-9bbf33351f51,136
49595a64-0b22-4eb3-9cd2-592fc5f9c4e4,41cef550-96a2-42ab-b15a-9a59f52ee599,141c6fc7-f5bf-4604-ae81-9c5e21bb04dc,14
4f2a7823-a7fc-4fb6-afba-394313e957c3,e1db76fa-7438-4cc9-9db8-f5b57e83f71e,09249d6d-3db3-44e1-8e78-96fde483533b,45
32fc69bc-42f9-4a97-b920-0edae2cd7064,1b9ae7a4-f8c2-4876-80e8-732abcebd454,e9ffe246-ac21-413d-ac95-3998c8faddbc,185
94e99eaa-b589-4e4f-b3ac-bdaf85b2b747,7c046000-6c54-47e6-b754-5581c71bcbbc,404414fc-0abe-4bf4-988c-93d2e70b3343,319
12862873-4c6a-48a4-afbf-bc3c14eb3806,2bf929f4-492f-4db9-b110-ff5e18c0eb5d,3f439369-1b31-427d-81c3-0aa205cbb0f8,187
a0063ab0-6de2-4c90-84b7-8841cbc8151b,7ad79063-3420-48d2-9da6-e4c905ca964c,ebb4e295-a679-473f-8104-86b30f23d84b,160
c2312b64-8778-443f-afde-bda9ae7204d6,cf9361ed-56f2-45bc-8191-87aed1c27fea,4b0b92bb-c618-405d-85ef-8a3e47afd600,1
f474a297-0ec0-4d3b-884f-17b8c25aecb9,891341b3-dcf0-4ca3-89d5-6c98fdfc374a,9b59dbee-cd4a-4e06-9571-7f7738057eee,1
2c0dd98e-55ad-4768-85e5-f75bca2a88b7,587b83c4-9436-4579-aa75-37ea03276707,3f1148c1-8d33-4b2a-b473-000d8486407d,204
c88794bb-f78e-4169-860e-1e7903405ee6,a93e70e2-3117-429e-babf-cf6d51c71242,0845cd2a-9be0-46dd-bd87-63289549f2e8,118
6546ba16-2058-4475-86f2-a69052ee12b4,8b5543d9-c071-4d76-b1f6-ba4c9418ae92,0b71e3e2-85c6-4399-87c5-0cd9ac101e7a,119
8f2db7a3-da85-4be8-a4ba-2cd5c673c9d7,31f3190d-07dd-4110-8404-3a874802c95d,97702434-9a4c-4132-92c0-1c39c503354d,35
8305f24d-022f-4dfe-9453-d69095be8ed1,f12780e0-c00e-4d75-b020-8155232a4a2c,3f8b26b0-94b2-465e-8687-92611eda09dc,49
f3e77edc-6395-4a07-a039-2c04274c1ab5,8289fd6a-d52e-4f02-8bb4-10975132f220,300dca6d-f433-4269-b199-be753b55229d,1
1853e6da-b77d-4907-aa8b-b8a7aebc4703,6cadf581-c0b8-4cb7-b8e6-226a444e1a02,2c16cf83-6887-4889-a382-02f10e824685,4
f5380f4f-5d4e-4d08-8305-bf6aa9d3fbe0,a08e87ed-b822-4996-964b-624e60f3563e,99d6072c-2a4a-44d6-b6e7-df015dc7a6f6,16
31a2d067-b637-43b8-aca3-d4077b4cdbe7,c7c95af3-2017-453b-bffc-e9f613708074,3c91df33-9c9f-4ecf-99fa-f5e8aa62f117,165
9baa114d-0edf-4d61-a685-ccc819ba487f,6d916df5-ef52-407f-a823-934e4739fa20,c918cef8-2dd2-4193-bbf1-88170d9a5dfc,2
81c821f1-df94-49d8-989a-faa4627fbc13,3bd260bc-7e03-49c6-a1a5-19f6ae6f6a49,50ed2f4b-3f33-4baa-b180-1d154cc11183,10
cf376978-b6c0-4342-9a10-f1f049ce4de9,8da86748-36ef-43eb-b0a9-cf758c490c22,b3071991-f813-401d-bf6d-3b85d68ed60c,120
db5a84fb-c01e-44e0-9f45-6162c6c3a0b8,3dd04225-934f-4ba9-8281-9295d5d8fc8a,84683a94-b904-4b79-8f2c-e2d81968e0d2,5
2ae19ab8-9156-4a36-98b8-78f42f4619e8,cc794b4d-f65b-4db4-944b-b2c06a45bf1c,bf2778bf-7afb-4366-b695-b5f6d5fb68d6,19
9f073065-4764-4251-b884-c83a092f48fc,486d17fe-11b7-4570-a687-86952cff2421,56a270ee-63d4-46e7-89e3-f969d65d90fa,19
c2d06ec8-167e-4368-8375-7c19ba05aceb,b3e2cfd1-b80f-4b73-a392-62409c56a5d9,03db8ba9-fbde-4116-8d8a-385f29276101,12
de1665e4-369e-427c-8668-77eee6eb0455,7a77ec2f-c27d-4024-bc07-80ec6ba4d192,1df11ea4-b5d5-4cbe-81fa-7b91e6afdfe4,28
a9213a09-5c52-4c33-848e-c98a1e15b564,b38c160e-f50f-4b01-b7b2-8015a6034c9f,8954f683-457c-4c21-bc15-819b40f59678,25
25ca044d-07a5-4ce6-a3af-5eb1d9c7feb7,15039e55-cded-43de-bf6c-e491f030df71,0eb4cb6e-9116-4dbe-9703-72ad68674aee,27
cac2fccd-eb32-447f-b8d6-c73a4b1e8f82,43a75320-5d96-4acf-ac58-4325500d8ccc,6bebd819-25a4-4fd1-a086-7798c5768e38,145
f038c479-523f-4409-bda2-6d01a2336ef4,e383782a-444d-4464-8b86-5f3f49ec0127,3a106737-5b73-410c-8ee7-ab071404e91c,12
16b22a5d-5a31-45ba-bdc0-5d498ac863fa,bba52011-eb5c-4016-a83e-105533064d31,98f97680-d02f-466d-a6b5-b59f15de853c,108
087bf0c9-72c5-4f29-b008-c314bde08501,aec5d433-11ab-4368-b04a-05c061ac378c,96699184-627b-4c14-880d-baecefb7c4aa,1
075b6216-1853-459a-9efe-7d4f3c25ae89,1ace8c07-d45b-441c-bbae-d88dd7b32e8d,64661da7-25a0-4609-91de-1473713e2fac,12
4091ae5b-9c7f-41dc-ba8a-7929a9c2deff,adadb79e-427e-48a6-b70e-57c1bcd16988,f940dd80-f72b-4572-a9f4-dcc5044e131a,76
51a8b743-643a-4a4f-96eb-270c478c8897,855ca680-4b30-4646-8258-4aa07c6fca92,11bf80f2-6f0e-478f-9b61-4da746fd35fc,13
b702bb1c-9bb3-4d98-b770-f7561114a3bf,f09f50d1-2d7e-4485-9618-e8e0f6c6e70b,ebb65b4f-113e-4682-9bf4-e4477fda39a2,23
9ace6ce5-dae0-463f-8bc7-e42f9e8b38ae,34cb3419-1c3c-401c-a4a0-84c23a02b3d0,e70013a9-9a72-4c70-ad89-459266d6e353,160
086e99ff-66dd-4792-b053-2054555f3637,41bc7d97-0a84-4f16-8e9b-dde51bd9011c,365a7dba-a619-43f0-8908-1a822e664234,125
1cb9f1d3-4f84-4a32-a84c-44be76f2face,9a887b36-f68e-4664-abb5-3d1a0cb11c2d,84448b43-610c-4eeb-aa25-3d71e0a5ad0a,2
01f96c08-7bc2-4480-8555-2f75ebf35a48,c43eb413-ff9c-4a92-b155-92079e5d69f1,025b21f3-6526-4ee7-9b23-d29feefa79b2,171
2baf7027-4f4f-4eb8-b538-9102f1db75c1,f0e6801b-03b3-4e90-a0be-0ff76aba9703,0b71e3e2-85c6-4399-87c5-0cd9ac101e7a,136
58896659-1f44-40ca-9236-3093f3eeed5d,aaea204b-8b70-4524-bf97-3db7139765ff,b8e4d209-226d-4261-9794-ebe56ce4f999,2
3a9341b8-f9ed-40da-86dd-1e30d726f5ba,9eff96f1-29d7-411b-b75e-d3edbcb086f8,6467c53e-7eb0-4bc5-afe9-306512ce6747,304
d5c18dc2-6e53-49b4-a365-6ef8b5112a65,6e025af3-2899-44a9-b12f-84d8815d7d25,18f5ba8c-2618-4928-a69f-066dd0444121,19
94458ace-4800-4121-8938-8bb31e8e60ec,ee5318ea-6a78-4481-843b-f5d4ea395b7b,19673e20-7d1a-48ff-b1aa-5ed39a1c32af,19
99a108ee-e5c4-4fa0-af43-09bc754c6de2,fd760a0f-57ae-4446-9fd7-f5240d7f78d0,1cc035a6-4020-446a-a038-51bff7969e5e,177
4336dbb8-ca85-4e66-ad1c-a5c64018b42a,f07dddde-417d-43eb-9bc4-49c77a63ca50,379f154d-20d2-4377-8626-ba9a76680ee2,79
bf65e96c-8ad5-4483-b8cf-6b7c3faa909f,e5f6f9bc-0cf8-42fc-8747-cf6aaac97080,9a887c5f-5fc2-44b2-bf6c-5d37375fe2b1,5
b59d9a61-74c3-4d14-9506-a43f5704736c,80e402f4-592e-4c2d-88d8-65b9ebff0a4d,79215b7f-c015-4536-8662-ca3bc0b89f94,2
4d9106e7-ac56-492a-8878-8bb380b2cb10,f73ce760-2f34-40a7-8c89-679102832624,43b36632-4f1b-4538-b594-d4bbc29bf677,407
ed387ee8-fe29-4f4e-8b48-a75b15dba7ce,90126e89-1e44-4a73-89e7-20c961f59905,c6d53c4a-a7fa-4e7c-8e45-05723cdec6b1,4
248012cc-6e6f-4976-9a74-526853029131,ce53ba78-0699-43f7-aacd-b7c559e077ab,e3bbb0a9-d5d7-4305-8a89-611d4f4b0ab0,117
7926d959-28fc-44c9-9852-1a7334ee4d42,9292cbd3-5c5d-4f2e-96fa-61b88a76c549,917e3882-9cea-4494-a71c-60a8869d9bfb,386
321e1dc9-6816-4f41-ba7e-ffd391144d3c,adab07e7-7cc0-4426-b357-34345afa264e,225e7bf0-0afb-487b-9b87-48f1cd3e217b,2
cc93d41b-5706-43a1-925c-ecb7283cf554,3e350485-febf-4c0c-827f-f92e80430810,3937a2a0-efa3-44a4-8241-45be75ce1b7d,321
661685dc-90db-427c-a2af-385bf5465a5e,36b8213f-9ad1-408b-bed4-c233bc0104ff,3995b986-f245-41d0-8713-bed4fa5fff3c,238
7111b9e2-ec0b-4f66-bf35-11db5795ed16,3864b4a0-22f1-4b15-b013-adeba4757e07,358b20da-593f-4d4d-999d-d1b5394227ce,500
979bfc1e-a4aa-45f4-88d3-d3d8d90f6086,ae911b74-d068-42d2-91f5-588846403128,44797d0b-9a4a-4f81-8d41-e548747d9097,45
d74a9218-986a-4c2d-9ec1-880535a75702,d9b43c6c-ac45-4ef8-b5e3-d0179b179a32,4934c5ab-fd46-43ac-915d-af3b45afb385,5
e71c1c2d-dc85-47a2-b2c6-ef62fdcfa01e,00a0314c-aa13-4855-82bf-2a1d5bef458f,9a920eb3-421e-4863-bc56-b75916270662,4
b3ff834a-6d6b-48bf-93e1-2e5f21d8c8d5,c9a7303e-9859-49c1-82fa-1ff3e7a43ce0,ee87dd7a-047e-434f-b5cc-0cee85d67f77,88
80a97cf3-7cd3-4588-8306-2601da4836d3,6bd84228-d6a8-4b08-a15f-605682cffe5a,25f3a463-dd38-4173-b1b8-93c49b15d60d,28
a7e292fb-8840-4de0-a7cf-8ef0d616d489,305e0e3f-408c-498e-a813-9b78737864ee,936d350d-837b-4948-83a1-7e04e7692c6c,99
eab559be-dab1-4e3d-b671-f7eee9693f2b,4299760c-9cb3-458f-a10b-a53190c6dad8,48650d9a-98e7-42b7-9bad-6214f00ae394,28
9a4bf542-9f0f-45d5-a39d-f44ba37aea12,514bb26e-0102-4066-9c41-bb0fa06e528e,3a8e60a3-14bd-46be-b86f-f2244c2e0ccb,6
ae6b4675-e67c-45b5-a65a-8884b91c8269,6ae2621a-b064-4c4c-8edd-7b2b8d04663c,76da871f-4e37-4d24-bc44-42ccb1d91458,41
412f7eb3-fcb9-45b3-a062-716954b216a2,2c8df40f-fc17-4a73-876c-9fa553dd5b1b,d2ee8639-39c8-4b9f-9e44-a6dc1fb7f447,46
2b8b249b-c0e9-410d-8bf9-065c70a7de9d,0afb8b00-76d7-43c8-b85e-c8d77b8f5edc,9b59dbee-cd4a-4e06-9571-7f7738057eee,152
061aebb5-a10a-4a11-a9ef-427b2a6e54d5,a5fcab56-db6a-44fd-a63d-889b86435248,06e70feb-89f5-4c3f-bd83-0d8b11650193,5
61422166-43e2-45a7-a6ee-9da852114f59,e7a8b54d-da2d-4f3e-ba1f-7ffa0e720665,6a733c0a-57cd-4f63-a13e-f3e2b045ee33,15
905e8a7c-6a6c-4fce-ae28-1376aa3e4e91,4979074d-8531-4513-91cb-20957f157984,0a023a8e-cb56-4658-8d28-df79a0d2cf33,39
051ae0cb-f8b8-4dd3-950e-310be356f90b,db5c5a0c-64ab-4bf5-91b4-737aa8dc1b52,4bd8b2a3-87b8-4257-8824-afd9eda9cee8,4
71cdfa03-4e31-4dd8-a626-ff4f54dbd042,3d150123-c8fd-4ca0-ae4c-a49af6fcf9e7,0a856799-53cf-4f95-b2cb-b30915f6ce91,15
0ca28883-f782-4bac-a692-f09e4b7f002f,82ccc1e0-c120-4a57-bbf8-815d2a6b852f,9366aa63-ceb6-4dd4-9c97-32382329ba20,78
e1c5fc8a-b35f-46fe-81b0-8c0a65189b50,75a4ad29-3d6a-484d-a8b1-00da05192353,57e6d59e-ef17-459a-bafb-4e4dd6f71c65,53
d112ee82-d867-4f08-92ab-eb40827b849c,e9f74723-d88b-4a1b-bbf3-6bca28631f93,f6151d09-f023-4236-b7c1-9e1dd5de934e,36
20a9f00f-0c35-41c8-981c-e6a8d0952396,467e107a-468f-4e50-b624-72137ae17f2d,202d354f-7759-44e3-a4b5-fcc9f43b817b,9
6b502a35-2795-47ca-918c-aca4526cb13c,ad44cfbb-559f-4c3b-804d-43afb49da6d3,dac20b00-f492-45d6-8771-6ec499de012b,113
b81c59aa-9307-4548-b039-55f5a472f441,90eb0f60-af15-492d-89f9-66c52f1987ef,9dfc2cc6-504b-4e07-84c6-0b6e28e72956,49
7abe918f-851e-4ae5-b7c2-785b7fdf9134,907400b6-a2ba-426d-bb0e-a20ee7939612,ed4d5f01-300f-4ae7-b907-9c40eb420251,198
f715f9b2-1f56-4fc3-be09-2302db462972,859b631f-573b-40fa-b41b-2cd6c9ad5ed5,c53ba084-872e-4690-939c-e27d4c30079e,30
be6cf6d6-7023-44cc-86c0-7f08b2b19003,806c8ff1-3e29-49ae-b007-b5b6be252f47,5f846a00-e545-48ea-ad19-1445022f1ae2,5
09503e71-7137-4921-8e4e-ed6d43409c98,100c256c-2991-4c20-885d-bb466deb9bc7,9ee9c355-202d-4bbf-a001-9c7545a75f66,2
ec7c8759-3e26-4237-9938-2f897822f3cc,aae8518c-ae0c-47ae-96e0-4f6ffdb3ef5b,bd4f4179-55f9-411e-a500-e4253d7526d2,21
6170251f-67c5-487d-a4be-ff7040593642,0a680cb1-0a03-4ff2-9ef1-b9342a3de1d5,bb49e430-9bdc-4210-bea6-ad2712e1c1d9,321
7d71a140-b12c-416b-9adb-f54d2bab126c,bd0aea72-be2e-4429-a689-a847e6ddbfa5,0023e060-8a13-4d69-9983-19900d84e657,39
56b71c86-f76f-4045-b828-2cebf4dfcb92,a60a1bec-7b35-4d1b-91e8-19c1a4139468,6fdafde7-eb25-4b97-9228-436815e682b6,25
5f9b2712-c0a2-4860-8cf9-34e95bcbaeb3,8f1bce71-6757-4bed-85ce-eb7877c0eb99,5301eff8-56ef-4a5f-93fb-4694747e9113,57
61c638aa-0601-44fa-8a77-07dddf12ea16,073c058a-01d8-4079-bdcb-04e4c9d5ffd2,152f36a2-73d7-4e45-b7cd-f9747958da80,116
2a607922-37df-4dd5-bb87-0623adeb5acf,91a87cf2-be79-42d7-92d6-8d3d74efd8e2,da81d8a1-cf12-4abd-82c9-f9106a08c4eb,106
1b0932f7-2bc0-42f4-ae95-08cdbeb8b3b6,714cc4a1-bfcb-4fa4-82d8-7f79c56d9e27,abb3c1f0-faa3-455a-b4fc-55c74e7d9c82,263
ebe6856e-19b1-45d4-be20-b1bc0c8a14df,13e976e1-2772-4abd-b2b9-25a656487b52,2e8399a5-fdda-4432-b61a-8800bd7866f6,26
2ff64c97-c630-4d0e-a76a-832a1984c1ad,893ec12f-565c-481f-bea2-27621460651e,d552ec6b-11bd-4ecd-b284-cd0c5dbc6fb2,4
8c6c30d9-7a2a-4f1f-9333-ceba501a357d,a96a6655-c6eb-4dca-a82b-f02c16e39eec,f3b7563a-eaf3-4eae-bc51-580de7f50aad,46
6a8fa8aa-5dce-404f-990b-038a43a1fe6a,2e07e239-e991-4b16-8e42-93ae5121b0d0,dbc6485b-c2e5-4b7d-a34d-0fc2dc9cfe91,1
a983b2e5-237e-4d78-8413-f0c7832f36f4,5a4ebe6b-2d2f-4a30-9395-a96b7a7604ce,d1568f2c-7916-4d60-87ce-59db3a0a6bda,3
60d83192-d1cd-4bec-a4ff-57c71148da03,2dd111b0-3829-45ce-8d86-ff09f1afa173,245cefac-115d-49d8-be9d-ac0cf0fda4e5,39
cda0cd13-e68f-48f4-a2f5-a89d038573b1,544fd300-2278-4f34-86cb-9222d6f021f6,2e970b11-246b-472a-bab9-277f74dd7af6,14
2090800b-ce15-4eee-9578-03521befe6bd,5f926772-62e5-4f3f-8e46-9efd66e2f252,c035acb4-c1c1-4c48-a972-cb0d0bf92790,6
635d5754-a63b-4068-bc8d-fc0c966c53ef,cc8b171d-efca-4196-888d-614612a8b659,eb52eed6-cd9d-421c-9a22-060788e849fc,38
fa1e19eb-ced9-4355-a576-d227065f89f9,0200c02a-1709-4839-9086-4fbfea44f2f4,410941d2-3d16-4efe-b448-206a4fe34e08,334
f4bafb62-84c0-4fda-ab6d-f11a02e97602,9c6212c7-1cb1-4044-8e9f-bac031359a8e,44c24ba3-1c91-4ebf-90c1-b2cb880677a2,1
5f1074b8-28e9-4aaf-b53c-eed001634811,c8586328-3d58-467d-903e-74d4c8abb5a9,5ab01272-3e22-4411-af04-324f317f4326,5
76424570-627b-4b9f-b015-629e02970dd7,fd1da336-eee6-41b9-a93d-6c47ee7e9264,15205929-b025-4c36-aa6b-c33687efd3c6,426
c1c677ab-8683-450e-8d9b-3dd68b9c23ca,8cf9863f-7695-4610-9da4-0da1a43cf0f1,3a416e7e-1da1-4c9a-810c-0711220831a8,18
71b67339-0f65-4627-bf5c-9253664b3959,d991800c-1c05-4e1c-a7b6-6d3b072016cd,341f8b88-7cf1-4603-88bc-e75e28a3de06,5
abc3441e-66ed-4446-a182-bc60b197262f,9cd47f3b-ed51-4947-ba37-40dfa16b97c7,62efb620-5e73-4450-bcfa-a969441518bd,2
221add1d-4366-4de7-a3ec-a2c3a689ba9e,bf04b5fe-bb87-4b79-a3f3-282e931aeb54,75fc2d3b-adff-4f73-a61f-90f7d85b1bde,4
98db3cf9-bdaa-4a90-981b-f8a72a57b47f,5d03cbd2-7c35-455a-a93c-8de9e0337f24,e3591483-0e6a-4b43-801a-297fdcb0c24d,2
79e7bab8-ae83-4723-8771-1f726a57b998,b8792ffb-54a4-47c0-abdf-d64c11e97af8,04331a05-0922-49e1-a837-c34831228423,16
28d1d04a-9d13-439f-8819-da4c8193a26b,3898ca05-03ea-425a-82f2-574caab49255,d8293367-820c-47ea-be74-2123ca3e9b3a,3
b25237ee-8359-4640-a1e7-8c7639549f6f,0836bc01-0360-463d-a7cb-230f54d15a1c,90161e29-8819-4faf-9e9f-9e903488a01a,38
2a4f2f14-8fa4-4199-9169-5ad3b54d615e,e9e886b8-3c62-4014-a56b-af0bf9bf68c5,6a1d8c3c-f456-4817-b908-7319e0e5ce60,1
60a85bcf-47b6-48a8-8ecb-7fb4d4e64138,2e2ea7e8-2f1d-4c28-925f-4b1b6ea26a5f,a7bba89d-edde-4f2a-87c2-1132d1a274cf,5
16eeb887-c6ed-404e-93e1-433e35df819f,d0e5908a-57ae-404b-bc81-dd58255f7ad3,b1bfd543-28f6-433b-a418-9f095b869e1d,41
e29ac28e-af75-46e6-a931-7092438a2462,9ace9f30-da98-49c8-85d6-6fcc528a2b7c,530285c7-310c-48ae-9c37-3f004c3c294f,1
2ac29978-7a67-4b18-8e3f-7d562c26d30d,11c682e2-be05-4e06-b1b1-4db3a3c94b79,307be7fe-6cd4-4f49-95c8-016ca340c364,2
da31599c-6cb0-4ffc-bc52-d2dc44e90d28,6cc3780e-33b4-435b-b901-385763207c8a,f68d5dce-4534-4f40-8676-f32db48d18bf,1
81fcb0b0-edac-46db-bb21-9e74c56b6179,2a7458ee-d841-4a17-b87b-4887768b5de2,ad2d7c30-796d-449c-a909-f66d7afaa0cc,298
b380cc9b-de0d-4fe2-8dd5-f6c7129705f5,df4043f3-ca4e-4495-b070-b7380fa38355,a7cc9f83-293d-49f4-8abe-b7392da0935c,12
eef47e95-3be1-42f3-85e2-b3aa017424d5,7ee6c355-00eb-4c62-84bf-a520b5360c67,54a55c1f-276c-42d0-b05e-ab3a0c680f20,41
e869d10d-0848-437b-b1b6-0c081a664c8d,90f027fe-3e17-43d0-9d0f-3ac0811fc80e,363c0c45-7543-4c17-bd31-ba9064317749,35
d3049ad0-0572-4c9b-8e1b-5806a15fd16a,ad325437-f34a-44c3-b2e2-f0e7dad5caf5,6435ba16-d8cc-4220-a052-94d7a4f80ccc,70
ef8fbf6a-486a-434b-9108-c0126ab52b8f,096384c3-b455-4d86-b15d-d60c798181d4,1a0a9575-5d9b-4aa2-912f-5d8bd2ede6b3,200
b3675904-4be1-4acf-84ac-19e4c969d9c1,d31958cd-eade-4fea-8e90-9bfc9f2bf62a,9620cf86-55c5-4feb-b9ba-0d67ee1b9862,88
1987060b-45b3-4180-9eb6-711a685eaad4,f804daa1-cc06-4598-b61b-db2fa7662d1c,dfb6f771-2598-4a57-99a7-68642716aaaa,8
a87c969d-66d0-4143-9aa8-9a7c9418103e,526f67cf-9460-4be0-af2a-ba0684ecd5c2,146d3067-d590-4c37-aba8-7b04a1eaeb8c,50
767346ee-06dd-405e-83d7-25ebd12d86d2,f64a987a-9083-467d-89be-bb6cc7238fe3,801168c4-e1c9-430f-86c2-7636bf5e5b6e,21
c9d105e8-d8ae-470f-af8e-c178eb8def96,a4befd9e-ddfc-4ad4-b9c6-eed41346f1e1,44ff839b-32a9-438a-ad05-681ce0012db9,121
84f896cf-f464-44b4-abd8-eaf6a4c0d080,77fff2bd-1ba8-49bc-922f-48eb057dd7d7,cbf9d55e-75d1-438f-967f-c202e031465a,5
63580298-6d2b-46b7-b757-d4b049937e71,d0a9ab0e-479e-44ed-8c9f-93a161586b10,a4698ae2-abbd-4d29-88d8-9ec1011c0721,13
0d7f385a-085f-4570-8a1c-012f557d539b,77e27de9-74a8-4792-b35d-850f86713d4b,e4a6dd2f-b38c-456c-b340-687585096b28,3
38d17710-29f8-488c-bd37-814a13deefb1,0c73e6e8-4f07-4baa-9522-a3d78567d341,bc8873f1-ad87-468e-986f-1f28cc86308c,85
0782513f-a42f-467c-8b80-65d26637b862,0d5ec8d8-1c54-4c8e-b32e-77ff8ff3bfbb,c18d2575-04fa-4333-8c9a-0f625644f098,66
11088545-8626-4126-9dba-b4a5c182ef72,1e532958-2781-4a73-bb27-08f15e3146f6,91936cac-e892-4bac-be23-60a2395f6ce0,11
eddffcc0-f3cc-4156-b7e6-e629a4e7cfd0,edb1d4c4-05d6-4c9e-8453-044a5e032246,e53a1db7-bf84-4752-abea-bb720bdea5e2,3
66d41288-ef1a-4490-9c4b-27b85ce22b08,5a4ebe6b-2d2f-4a30-9395-a96b7a7604ce,95778638-4013-4d65-872b-47b605e667b7,20
a1f7bde1-cb96-4262-810a-df90e068623d,54726a4a-7907-4f8d-b9cb-5a804e9b2908,8664ba00-9670-4b59-a073-f3931371371b,1
36c92197-e328-41cf-a078-8c13af5dd357,b681d554-477e-45bd-9a0c-2c2bef1a985d,9e8c76a3-d590-4791-a55a-8f2facbf938c,2
4a049f1c-e78c-458e-b21a-0991bac3c688,2b9f53ca-af66-4da9-8a24-45712d2b09ea,8e4dec54-ce09-4235-adc5-34cb07543c4f,3
59f1dd27-f744-4572-8ac9-5fa931b3feda,b926270e-40b6-4dcd-a7e2-0405e48fa4ec,c644d0ad-fa51-4a12-ac1e-0b08509e8d12,355
7dbe0a61-17b2-4b26-b03b-90df12fe6452,f3869f8f-51d7-44a9-80c0-6154576cd1c3,d707de68-f1dd-4c9d-8561-b82ae39537fb,4
b1ec53fb-24fe-4270-be3a-b3392e2a78bb,91ef8747-3edb-4af9-9873-c843d2628398,1a5c5c4d-3e42-4ee2-be1d-7e2d04654a3c,77
568f6edb-3d97-4aff-a9bd-987f1d1f4890,ac7fa664-396f-4df7-95c8-300251282b38,6c8575e9-89d8-457d-b540-ee58e1356166,2
69633537-8a12-46c1-a8b7-90aba9a29b86,fffc2dfb-2fb6-4408-a457-cf7d2284f941,da80d37d-f061-49d4-a8f7-8b5356c8cf31,1
4a776fb9-8452-4783-997e-bdbd832cf0c6,8f818d95-62d7-4d7d-bf8d-d806cd02813e,1b8e6a73-bc87-4e61-8f1b-fc58bbd2bfb9,20
2388fdda-3760-4175-8423-15d448e48093,bd0aea72-be2e-4429-a689-a847e6ddbfa5,4316584c-e015-4443-9ea4-23429516d73d,3
6ca41a66-1f9d-4827-afe2-d52e55f0b63b,1c29b254-72ab-4900-8cd8-76ca6b04d933,0afbb832-3a04-4724-a6b5-bf6c631a04f1,29
16806484-b187-4b82-9a19-206dcda56c34,da140d78-8c49-403e-bafe-309874ba0d0d,e725e53e-8023-4aa2-99cd-6607858a45b9,42
f619676a-4f27-439f-8283-a7e3c31f1520,fdef56ce-9397-49c1-9901-b3c47af661f5,9558cf10-5812-41e7-a1a6-0c41c441464f,2
c6261b6a-476f-4e32-b7bc-d5a1779ef305,fec60ed8-991a-4796-b632-757d789c9f99,48a309b6-2433-490f-b76c-f71111cc0ec9,110
47c6a1a9-99bb-4db9-8932-994e0548c610,1401787e-fe22-4244-9342-a01ef47cf17f,5cdb30fb-1981-47c2-91e1-309b48709d1f,1
71601b2e-dbca-499e-998a-27d7ea7fb33d,c7b8f1c6-b99a-455d-8776-2ae513745609,ca61afc6-ba5d-4beb-8b9b-d48b83c72ad8,2
8b19dbed-fccf-468a-beee-ffdfe7e049d5,3ecc4ff8-7366-4f4f-9826-6f47b51e812b,c34822d8-3949-4272-90c7-18fd9cc356f0,154
6a4acbc0-6b1e-4040-b978-b9193596eca7,707d1bd5-b2a1-4ba9-ac5c-966a25a532f5,bb9b684f-cce0-4640-9619-65508393b651,141
ba38f6a1-349e-4190-81d9-b4401a6295e8,33469dc1-089d-44ea-98de-4997de22d797,2d1d14b5-8f58-4360-ab24-6430d7f4211d,241
21f5d461-8894-4290-8eda-6da5a3acbf49,fd4aa6ef-986a-4f69-ac2a-e531d49756ed,08149630-6362-4ccf-8a0e-2c8b67360c12,100
b3fe04f8-4287-4c80-b01f-d67334ceab44,5e6d8859-3b65-4883-985d-5054e7629372,c2771354-64b8-4605-887c-90595ad85c30,7
89fa23df-8004-4b2d-8dfc-40b50dcd3ef6,8d4e1914-0c48-4000-970e-2eb5e55b9f62,906c0d20-628b-4780-96f6-8642a648807a,31
ab064e40-4ce4-44e2-b0c9-b15a26706087,42190632-276d-4a8d-be7d-94fdab596e82,69b0e6c7-5487-4db3-bd73-86fff364505e,45
e4961418-190d-4ac1-afcd-833a5685f0bf,a60a1bec-7b35-4d1b-91e8-19c1a4139468,c06062ca-bb6b-460a-8af3-d018718b715b,4
c688f977-7e88-429c-9ff5-9f6b75f3dd41,b8746cee-545d-4981-a494-918376306581,48345065-97cd-4c8b-a131-a9b34ab96a83,140
9737dcbf-fc1b-48ba-b06f-22a992318736,be1dedd2-7f10-49ea-b5f3-197c662ed0a3,202d354f-7759-44e3-a4b5-fcc9f43b817b,3
a3822a88-a23e-4943-8041-fd39d3f67fd9,b8a035a9-bb81-4145-be9a-3193bf9ea93f,e1f54732-b8cc-45fa-b1ce-d6f08f61b118,18
e220a5af-904f-40e3-b6f2-a37c8f17d704,4d7805fc-49f8-4a8f-b607-c32a5b3ef845,9ab01cff-3e1f-4754-9999-19e14bb87a2c,47
7c4859f4-8223-475a-b68b-5df6691ef0e6,1f8b256e-4f1f-47a8-94d6-96d6bc068627,4c5d4a10-f339-4320-9196-1abff9c0f463,490
98ca514f-e79f-4b1f-a1b0-b90ac884c59a,5fc567cd-de0e-478b-b2d7-961661a631a3,df127fc1-4a29-474a-a128-e62997c9b3af,42
c6288a34-8d69-4431-b73e-e93bf3809b62,2c85ac3f-93d0-4a76-8127-7d6a6d3f0d16,2dbea808-f175-492f-8bd3-430fa7a7e3ec,37
c5a066d6-fb30-4b6e-be36-4cbb798ff5aa,e6d411f8-e97b-49ae-96b0-fb2674a27a1b,9bca7ef3-f4e2-4761-80cf-010c5afdc0ab,13
6b7137dd-67c7-4073-8b9f-5b8c4c3ff4f2,287e90b1-cf28-441f-bd6d-ead3ba696723,a2acc172-526f-460d-aff3-3d5d10069795,1
88aa1610-f8ea-4ce3-bba6-5e02536dd923,03990d1a-c089-4104-9889-ba72f3f994d9,e0e97c17-d68d-42d3-a222-ee02287f606d,3
bcc6faa9-0eef-431e-8fa9-8421daabfd80,5d59d780-2c43-4724-9b5d-5f8e764f92ef,0d8b9a82-e430-47ba-a26d-f09021a304d5,75
e1a375e1-8ef9-4269-a70b-22b64a69b448,9a7e7958-ebdf-4fd8-af5a-004f73d1dedb,0cfb0b45-9c5a-41fc-b98d-bebaad11d82c,19
a1ea6205-c8d1-4cc4-bc51-a2c4fd5c5758,91039ff3-c51c-4207-82d0-f99816547eeb,0783582c-de02-433c-84d1-4d55addd8aae,9
309d8041-fb93-4a36-90ad-d846be378bc8,7dd9c44b-eb35-4ab6-95f2-6d30cb59d608,c8c024f2-10c7-4389-9053-6737fe1dd057,30
55480510-4fb0-44c1-aee7-631c8d31504d,d7d8692d-d5c0-4fc7-9223-dd812441fea4,cd1dfcea-3cb6-4e10-a59b-0efbac3ba840,2
2cf802f5-9166-42e0-ac03-7f4b4d2847c4,122809e5-de9a-4d85-9c5d-8e33079b94d0,15197a90-64fe-43d6-8217-99915a5c2f30,41
886fa056-fcb7-4a3a-b06a-fbc633bfc5c7,9fba6434-fd09-4f48-9477-32986b6e913a,ac837f20-2dfb-4257-9fd9-216f920fe72f,38
67029217-ceb4-429b-86b3-44c239b50beb,876e5741-626f-489f-85d1-55c82a7b9874,d41bc941-c053-4f09-8ec4-f7cc583bea7a,116
1167c9c5-ffcb-44fa-b2ad-1f54274ac74b,2574385f-6c15-4db0-a9fc-7d68bdf601b9,c649e53e-5d5c-43e2-836b-1182fda91d51,37
fdc6e750-0623-4e5d-934c-d9a369bf8298,113e3831-9378-447f-ad63-863fb868f52d,9d4b3175-d945-4c5a-ad1b-6036a3f50448,37
ad9feddf-bd9a-4697-be3c-627912f3b946,75c495f8-a880-4da6-9ff4-773604c3f8dd,f5aafea4-5004-4e4c-911a-b3b606e94266,3
203ecb7d-2d75-4b94-9aa1-027b9989a32e,3350ea78-3160-446a-b2bc-6dba85b374a7,94144ead-2a20-4c2d-b6ef-0f8e892ad884,323
b517b705-6894-4458-9144-eaced657b4d7,33f03905-8436-4148-8fd3-12ca8886d011,2aaed5e7-b011-4e63-baa4-8c0ddac9038c,18
f3467a29-9f20-4a96-816f-cb8cb2ed4275,f4776a5d-625f-4745-98ec-caba478edb47,6847c737-7461-4e56-99b3-f2415e4b98f5,89
3c6741ec-1209-4701-b5cf-74cac0f143e9,3297fe6a-4705-4b09-99c3-f0f5f2aa36c1,071fdbe3-c41b-4ec4-a40f-786192876d91,1
acbabbef-f624-466a-9055-497ec81bd486,d1c697b5-fa68-48aa-9520-822c30db2613,feae53f2-8977-49ca-91a8-4f5851c59bbb,11
8b2f6c70-60f9-4099-9eef-3f7018b99bd4,ac7bbaeb-5253-496d-af50-036d45770ea5,b7375051-efa8-4397-8a7c-b3ff10734b6e,37
93dd3b8e-14b6-49af-ae92-008f9e995efd,4679c04d-95a9-4a4c-9d10-85ed464e6d46,9bca7ef3-f4e2-4761-80cf-010c5afdc0ab,2
6b989c3d-8adc-4427-a95c-7e69efe0f657,e5ea49ea-c920-407b-b56f-26f92eca17ff,dbe189d3-f913-4740-9eb7-ba38a9224287,360
2b4bd24c-a451-4c11-be3e-f2849cb09a5f,a4c4161a-df3f-4af3-b567-dee1c4ac2386,1cde3fde-2018-484d-a089-b0cb2dc59854,2
c395f5a5-4498-42f4-8c36-e92689b86d17,672d1f41-2a51-4583-a6bd-fba67832df8e,f04490e4-a6b1-4643-8b02-8dc1b91b9e3e,20
9fc0b99c-4a24-4d8f-83b4-78bb13335b8c,be57c2a7-b7ab-4fac-ba56-0bec2db17acc,4d645f23-e59b-4cc4-8f6b-5f5a504011d7,8
bb2aff14-2a7b-4b1f-be96-600d074ebe2c,31a474ba-3a0b-4f76-ab45-07645e9ab192,33a29204-bbcd-46b1-a4f7-5faf96ac4919,73
11a9b603-1bf7-450e-bcc6-47c7d05bbdb3,b502622e-d0b3-46f8-ae2b-ddba61a5be55,49bf68be-0a02-4643-899f-feb83293d7e0,275
4c823811-e642-4c7a-816e-c828174fc849,bd425227-ed29-495f-b661-e74b6e63ffbe,d8361473-cfc0-40ab-93d4-6927a0948a5a,7
b2d4b101-9c36-4365-afe6-8762f4859e91,8201293e-dbcd-438e-a673-a171541428de,fc273724-f025-46b7-90b9-dbf6b971ccaa,18
706c6fb9-8a2d-4ea8-9742-d11adde9d688,baec933e-341d-41da-8cdb-01db27fec13c,cf637d87-35d7-4440-90db-2204716915f9,3
d62dc1e2-9562-4cf9-8d39-fe4d413ac0a4,43c0f390-3ee6-40a0-bdc8-630d60d807cd,ad9347dc-ceac-4444-a2f9-278b822e1a84,20
ece86853-598f-4b5f-8225-f16a88a7c176,402b6c8a-505f-4f6f-b8ae-53cc63dbe452,2ddbe53b-6ecc-4e78-b19a-9fea9c13d0b8,19
7897c7e9-e333-4964-b120-73377dc0b951,8d4529b8-26a0-4c45-8127-0fddb5c5e299,88df1e85-2560-433a-9738-34ad4dfafd8c,27
8e7a8e82-c691-42dc-b154-67a1a8d9add2,0fa182f5-00a2-43fd-9786-3fc8029f515d,b0c1727e-b04f-4826-b65f-71cb74102884,191
d09085a9-c844-41fe-9432-958f9e7686bd,cadd8749-bb2f-49fa-9472-62d01c458f3f,9ba8eaef-75cc-46c5-983d-60bb6d890f06,14
bf98fe5c-274c-4b47-9ad0-90234173c026,834e59f3-79f6-4c1d-8de3-09445633446b,814a3379-5368-4be4-b22a-aa15f989a9ed,128
bc875094-3f7e-4f6a-95bb-f8f5b5201c7a,cc01c83a-8d7d-4a88-af84-538732788db0,bae742b2-bb62-47ff-a412-bf19d86c0899,7
612b9f7d-184a-4ac9-ac23-611e81b48645,97c0c715-d2fb-4e46-bbd4-28080a7d7cfe,13b7059d-ed82-4a02-b157-c8d225d8c157,1
619a40b4-4881-4af5-af93-ae66f9a00913,c09c8e20-05ba-46c1-863d-e779fb4a3d4d,2dea139d-034a-4bf3-aa78-ca5d045bae9b,35
c107fc39-a765-4018-880f-2245e88add3e,3f770d2c-3f26-4310-9465-e606b8b8d322,6586ab07-fca9-4426-9487-292ac0cae17c,22
7b9e1b05-24b9-428b-9c61-aafd8600dc97,32fecca1-959f-4d08-b3ee-3cc756c69737,d45d2c3e-717f-4d1f-ba27-2761a5133d30,48
d91443c7-53e4-4229-816e-0f55c1b0e397,ac57357e-b45d-404a-a9dc-b8c62d3ac0fe,b358d6a6-ca4e-4625-926c-ccac2805ef1a,2
782646f7-bb8b-4c1c-9a87-670f4027aa23,e3a404f3-cd98-49f2-b5b8-e80e0daa2db5,ed668e3c-121b-4178-86bd-c7347c3b3a8a,9
986527fe-13b0-48a2-b3da-cc6c2f2a4be5,7814121a-c922-47a5-a1a5-211e26c99cf6,47480702-4742-4dc5-abe4-89b1048f0cf1,333
490b769b-45d3-4699-9bf9-1318fc00445a,a3b62290-467b-4ae4-a3a4-8205c0e95702,2ed6d11b-26aa-4294-a441-25141f9527fc,150
a2f44aaf-1753-45c5-9353-8a4f431c1319,a83f6748-ebf9-418f-80a4-bbe55a44316c,08cb00ce-c227-41e0-a612-f9b6e61d608e,45
05750abd-b5df-49ef-ac37-46dd1f8924a9,bc94d707-6be2-4928-b7ed-d307670095d3,34b5a76f-edb3-471d-ab9e-3b90f33c90cc,0
dccd6799-2a27-4814-86ab-6a0169a13af2,73db9199-2bd7-4580-af39-a30d0fe2e9b9,ca56254c-ebeb-414b-8b61-32ec1b98836d,32
28893315-6834-4b96-977c-577267ba7d3c,5f926772-62e5-4f3f-8e46-9efd66e2f252,bbe3ec5b-f900-4067-8b20-6249b5b699a9,183
c1cee280-4108-49e0-83e8-b7b9418f9965,c6d2e6a7-6732-47e5-8e39-a38714be5e7a,9186aa03-9223-4e51-bcf5-f82f300ed088,18
ce3fbd49-eee5-463e-afc2-6d0a161f185a,f8ddda76-aac3-41f3-afac-5fd44250f2ac,c385bf47-7cec-4023-95e7-f2886ff1ae4b,99
79e38cbf-1df8-4b7c-9593-7a40db7e428f,ad90fe3b-3be7-4037-aed9-38c0f0c0fe53,f58a1b8b-442a-4a06-a09f-36e13e4ced40,1
c727e9fb-41c1-46e6-963a-ba47a874e618,9fd716c6-e690-4ed9-8b73-44ce97a5ad4b,2f5f4d05-fe90-43ee-9c40-3e5c43560656,39
0a422ac1-4969-43f4-b550-314286e3995a,efc6ebcd-74b1-4bac-84c9-b4eefc728f26,878c1d8b-0dbc-4f54-82d8-49bd8339e6f7,60
75542203-3ac8-40e9-a66c-0d6dca082061,2f6a03b6-0ff4-47cc-b9b5-8e132d6710a9,38a74756-efd2-4f89-aae7-fb174f7ae9ae,40
505b619f-84b8-4f91-a6d4-c2453aeda6b5,e4ad647b-e938-45bc-95ea-43d2987ae1f0,a4c5e032-89bb-4d2b-93a7-a7a5661c26da,179
f956d4d8-31f2-43a1-b2c7-3ad2fec58068,35b77918-1415-40c1-b151-d3a364698ff4,14f26557-cd5b-4c50-b7e8-c079eb5f331c,21
c30b5164-bd61-40f6-8f55-9c3de277bc2c,d2f954bf-507a-4289-b183-2810e91d247d,85b45cea-c69a-4934-aecf-8f612e2bfc43,14
802f67e6-c409-4e17-9348-eaa98d2bdb78,0b8bc64b-e29f-439d-9d54-7d34f7511bba,03a94ea8-4383-4012-8e36-c986c4fe6ea1,141
36049a34-ec92-47ee-b09b-cccbb85fc3bb,95d6379e-947e-45a8-ae80-0aea37f77966,6d166e82-c05c-4e76-8dd7-bbd678cb04d1,5
5808a32c-ebd8-4e71-9e61-9f1ba4d7a1d3,0e43754e-849c-4244-995f-6caaad6f7358,074f0d57-4734-44c0-a0af-325bb63fe08d,1
2f5b3122-a420-4f1d-9b1b-99008c84c62b,f2c2c9d5-7ce0-4a3e-bcba-fe0aac13b39e,9269ab3e-80f8-4b77-8b13-69f643ddb0d8,4
ded99c0a-15f2-4184-86f6-cf0858af4c24,113e3831-9378-447f-ad63-863fb868f52d,fc0abd16-3f01-4d29-90c3-19199ddf5fb2,8
e885c766-f036-4828-bdf2-5e30f0492a06,e2c1291b-9e2d-4879-bcc3-984652e8a991,704d079a-78fc-419a-ae08-4837b5b9bb6b,200
dd56397b-3d46-46de-80d2-e30111efcffc,dd4be8bd-2eac-483a-8a78-f4c076aafdbd,495af895-90ea-4833-9fc2-510174cc60db,108
b94296af-2702-4eb8-adee-85c7855188d4,88c23fee-b4d6-4a53-a979-5fa83fc4eeed,d0a42ec8-8266-4b51-9203-7844d254682d,4
ef9ede50-7dc1-4961-84d8-9f7c0f0058af,73297482-20f6-4f4c-8605-91c0355364eb,0bd1371f-b2d8-4872-996d-687a58291535,4
a5193821-b67e-458a-9cd6-59b5fc2e9667,bf34f21e-c315-4607-b5f8-0d4f774a74fd,f3ea642e-9961-4206-ada6-1710310110b6,185
05f77edb-4c6e-40c7-9bb9-c6ede986199a,49399b2b-46f7-4ef0-a17f-878a8c848b49,f5286be9-cfc3-4f19-868e-3834f7c995ef,3
63b44c71-e53e-41f3-b027-f53122af63f0,c1df9346-bfd6-4c06-9007-0383532b04c2,b40d79d3-38f0-41a3-847e-4d5fe5d0fad9,30
ad962f9c-cb0c-49c4-8b6f-24597b2c0616,2732b1a1-d425-4854-b4ed-e5b08174d447,f985407b-6546-4d02-af09-74b5e1ff4e92,1
441a5e79-7c96-4457-b402-949f683182e9,cc01c83a-8d7d-4a88-af84-538732788db0,6321f981-20bb-4e7c-9d23-b590e02a4e31,28
57be6cb7-4f8d-455b-bdcc-c8e0651869f6,04086483-35a7-4a73-a387-1671e7af1ca9,50f038da-e78b-468f-bdf4-0f5dd3567787,69
1f9d5ebc-6fda-4135-854e-5a984c79b8b5,c8ebd984-314b-4946-ac86-5e709e1a5b4f,584dd923-49a7-46a2-b301-bb4739d1125b,1
33377f5e-80ff-4e21-bce3-05a64711c6e4,3846d010-1a7d-483a-9345-66d8081aa04c,0cee833e-42e2-47bd-8e52-001ca7dd696f,189
4f19695d-c59b-4758-8173-fabb307e5fbf,0789f6ed-3b72-42d0-86c3-3674fed9ff9d,bcbd7aa4-34ae-462c-943d-1452f32a48c9,9
ef40f14e-6c69-45a7-a6ca-386ad5b5333f,14bc96b3-1d73-4e2b-8712-a3caa20af938,30ac03b3-b414-46d6-acb6-13b2c8be26a7,40
1d0a3f7c-985a-4893-ab57-29e76dc6d49b,aae7ed08-cda0-47e9-a3b6-ca1a26f55f49,a89639de-9cb2-4ba5-828f-5610f04e06a3,15
c1b88aad-9600-4964-8d15-afa2aa0d2aa4,9e28150d-6845-4b1c-b884-57232c90f0c5,47162de3-7c09-4226-b8a1-93a1c8d74d6f,37
51d9bbfc-ee13-4370-848a-390d9286f1c9,318ef348-f53e-4d0e-83e6-6cc9ee0bcedb,2e45f4cb-57eb-4a98-8f96-e1b28e23e586,53
60a35532-fd8b-4c53-a72e-0ee8b24b2369,d600f8f4-0dc1-414e-9e03-e072c758fc1b,49e6cdc4-3986-49dc-9a98-7ce3814c28e6,380
934e6fbc-5d4f-4002-933c-c6747f3e54c3,c991b621-1340-4e56-a0a9-544426bfb4db,e0bc5bdf-8764-4478-a5c3-ea21976b0c39,132
27875a8e-f430-4ec4-a4eb-ed3a17d8bd75,13c6a372-d936-4f85-a2c3-0dbbad763455,33810dcc-7e11-47bd-90d7-b35c08b26896,3
109ce353-1a08-4ccf-832d-4a6a9b947d1d,59c7ef87-9b7c-4438-be8c-dc2d0c87bc9e,e0242ddc-3b4a-4f6f-aecf-1f27dfd8e81d,179
03b5ff10-c310-4f0d-a003-9393d7c3a879,5b3f9a2a-e28a-4d6c-ba3f-8eac75fa20d5,2a3cea4c-4053-4448-b86a-d5cdbbf6ef2c,18
1f3f6436-8f03-49f2-a6fc-906a8099e004,c991ebbd-71e3-4b16-b6ed-384c20674554,2f363a7a-9498-478a-8dd5-b654705a501c,4
90c3e04a-859c-4649-bd01-7b011b024e74,06a10feb-a250-4c97-a310-b6f16b75b1dc,dd9801fa-ea1b-4b36-9321-c0854c34bfaa,312
2590abd3-874a-4785-bee0-f1c8aec95c23,de6e2b4e-a213-4249-ba90-74995864815a,53d45f2d-34a4-4501-b267-8f56b45cdeca,5
436ee78e-c212-4a78-9305-69c4b99bd31c,2105ea06-3512-40e3-afbf-974c83361a7c,6bebd819-25a4-4fd1-a086-7798c5768e38,8
037a66df-be44-4fc7-8e06-a655dfa5d9ee,ec0c7cc6-87ab-4d73-8594-33d6246d5a52,4662cec1-c7eb-41f2-9ff9-fd936d3458c7,1
8bb3e310-3aea-4ff1-a433-1c20dea08f82,a8715e20-6381-4336-849d-57eab78f2490,343abf54-800c-4537-9b15-64ea70a4991b,195
eb49ebf0-7fb6-45eb-bd98-2f05ffa559f1,f64314b8-23e0-46cd-8459-c578fb695c3d,d8ed67e0-2c4a-4463-a841-cbbfabe3b884,241
7077f109-833f-4a77-8a0c-ab413764155a,db3e20ac-88d2-4610-a79f-ff6dc7fa63c2,c186729c-0779-44a5-8604-c2514a3b1fe7,369
7ae63334-5eee-4a88-aec9-7ff582eae829,40688100-f670-47fa-a9b4-89277291a90f,9b6e62e1-fa5f-4120-a589-aff9140b2b19,2
8ee0cd23-0c9b-4b70-bf02-c201a42d46c4,90c17639-227e-495f-8df2-b7aefcd0c770,ff08bdf2-842e-4b79-b5bc-6854ee7d37a5,43
855b67f5-a4f5-4b68-98ac-250d85d6781d,b580cc90-15f3-4129-805e-fbc4abd9af51,04fe2359-3210-4a7b-aa7e-0b3f1500872a,80
f92a5001-b141-4ee4-823c-5d9ebbbaa7f6,fa4cabc7-3dda-4c00-a5ed-be0a984e51a9,c538ba7a-7b4f-48d5-8126-7bea8407bb90,8
d8cd0a95-e26f-4410-be42-dc52142bf1a8,44d9cf4a-b547-4b1a-944a-599cd7f26443,c315905c-41a6-459e-a844-5b9e82f5ae6b,1
c04c8554-525d-4b1e-a25c-6b0f970e41ee,2bf929f4-492f-4db9-b110-ff5e18c0eb5d,e5a0383b-d228-47c1-9b80-9f21d3c2a980,38
6a51e5c3-c73b-46f6-aca9-c038603d5f15,467e107a-468f-4e50-b624-72137ae17f2d,f7cdb066-a97e-4662-8d3d-406dabc0006c,164
06cabd6c-0535-4574-b70e-c1748ad8e211,106de5fb-6e44-44c0-9d60-aadf34a90a4f,bfe22d27-9c6d-477b-b92b-2e0beea94917,125
5a010590-2102-451a-84e5-9ed7fcb85f92,71e75ac2-31e9-4bb4-8e11-dd6d45802b85,685066dc-1f9b-485d-8ede-e9e555f4b5d2,1
657e4313-9080-4664-8994-83b82507616d,0154b7af-5062-4996-8eea-edc2c78af3b0,a06b004e-c5d1-43d2-a187-e7bf15fe8c86,32
3ad8dbef-e23a-4f56-aa73-37b5f827700e,5c423113-7980-4b1b-9e29-34d03fc613e1,49264bfe-4d22-426e-92c4-f9a6a6b3a703,146
21029cb3-1e03-40da-ab3e-48359b8f6331,f033a7f2-4e4f-4f1e-ab93-6d06fbf9d40b,4215c068-9ff1-4a41-8b90-dc7d365a59bf,5
e55bb60d-939b-4d8e-8d1a-d10b2dac17c4,08d9ecfb-88ce-4c85-bf63-94ac1aac4d83,18e858cc-891d-47cd-879b-c8711ab8b44d,13
2fb8e16b-f0bb-4c9c-8321-5747238dd16f,59c7ef87-9b7c-4438-be8c-dc2d0c87bc9e,ce85e45a-4489-449a-89aa-a822e49d4484,28
4c9953c1-ec2e-45be-97af-9774404cf084,cd24d714-b3c8-4ab5-87eb-03a69f999a94,a0141908-3aef-4045-9bd3-036a9dab2a31,90
1caaa880-f5bc-48c1-b59a-20faa7550c73,09b86b6f-cb80-43e6-888a-f61de17ce1ce,d036132e-e74f-4ab2-982a-ec8d348b26ae,1
de7073dc-7452-4374-b6dd-2c6f86abae73,1c4ac334-a5e4-4592-8d06-f35ec88e8d0c,23e62553-d3b3-49df-a4fa-26bbddab51e1,21
e2edb4ca-da70-44ff-9049-cdbb1edc7bfa,438491a7-2b48-4b74-a563-ad5c19fcb2d0,366da190-6d26-40cf-a4e9-46adf77b9dbf,214
9648e7f8-d79e-4736-95a3-42490b822a6e,4aeea921-4ec4-49df-b6c3-48a5bb404a29,7a93c4a1-ebea-425f-a265-c96ae30bb57d,2
d4756cf1-1369-4e84-b162-82c16491ad2e,53f225e3-fcce-4de0-b820-9166199e9d6f,e941e17a-acf7-4bd3-9f0e-32897b101ee1,309
1993c71f-e0d8-4b4b-a1ff-749338ff68c7,176278d2-8726-4a69-8ddc-fc905e123dfb,bf638449-cc78-4d94-9e1f-60cde519e65d,22
f98f3001-539f-4591-8881-d972c87610f8,d681d078-44b6-419f-b95f-3712b5fe8fdf,ede0817a-c3f8-4bb3-9c89-ae6ae7a2e20f,3
37e49e35-34a1-4da5-b1c2-9446cb5b24c4,d01db715-e995-466e-a5c2-5d047994b657,9290e025-2a54-4edc-af45-f41676e8cf81,12
aebea392-ccc6-467e-b571-56d7fff365e3,4044698d-1ba6-483e-9ed5-7b4fff424f78,0adb00cd-367a-47ad-aae9-12e333f4013d,1
21ae90ee-85b5-4d7e-ba71-a94221594e52,6b5455ce-7200-4c88-9f6a-531eaf262422,70df7a9f-ab26-4362-b136-9be0dee82ddb,38
11d77614-8724-429c-b047-427a752a23d1,c3cc573a-b6d6-4451-8cee-27640afff60d,00592b4c-8c9b-45be-91ae-486f65aa5f54,44
a3170bee-505f-4cb7-b69b-9bb0d6af8ca7,641cd977-2566-42f8-af23-79fe7ecbdbb9,70f00ffc-6de1-4293-9514-bc32be7f2121,168
4eb66ec1-250c-41fe-b5b2-40f4da4f6acc,a82bfbad-1a69-45f2-9e8f-d7cf8cdf9e0d,7986489f-18cf-41a2-a5cd-0c87a602e62b,5
ca3d5ec5-3ef8-458c-b552-942aa8f23a9a,86b20d8b-2f61-45a0-aaa5-539cbeb6500f,ac7071a2-9ce5-4817-ab82-a0206d6c65ba,70
270dc6ed-46a8-41c0-927e-fbc6b81cf2cc,745c45d0-78ab-46e3-9178-32b921da648c,5445fb73-60ee-4f5b-b569-780ca114a175,22
90a66606-16f1-49b3-8bc7-d7b6616645b7,417279e9-3532-47c9-9d97-ae135eb6f0d4,48429add-9ede-4f09-b21b-2edd9a14e265,4
cf05dcde-b716-4102-8067-b3fcb83c06d7,9bc28890-c22e-44e1-8d99-9fe7d8e126dc,082cc9ef-c482-4ad5-a6c4-deb1fc6ff279,35
37f6ba09-e457-445b-8e9d-cfab05c133fb,f96db485-7542-4c39-a7c7-7616f6acbe38,76fab19b-a3d0-454f-bd04-95546413daac,34
0e9c5e9c-49b6-4922-b6c6-ded7d87b799a,7ae73465-2ec3-4d5a-9357-fb5af1285336,67486912-9ef9-4051-bbaa-401dd8f751dd,13
dbbbecd7-c754-4f16-b4f6-fff7a4613873,c799d6ae-be58-451e-805b-aebc499c8964,08a81a88-18a8-4b74-8133-caaf3757242d,65
4a1be9f6-6b81-4500-b539-c21c1ec4febc,9d61ec0c-e318-4f84-ad7a-d4092fc17bcf,586ae18a-24d8-4f7c-a596-11c315a26c65,14
fe70fed2-7911-4d58-a865-9d159e5fcac1,e3f53cf6-eba3-4964-b534-dc3d6355ffd6,b8dd0d95-de77-40bd-892a-62832ea28410,3
29066463-f63c-4144-8072-0aab6a72da5e,a1f78e7c-d3f8-44f9-ba07-9a8becc5f018,56db4d78-8765-425f-a61d-5dfc4b39be43,177
452e53a5-d883-4f52-96f2-59537cc96ecf,0ec9a947-a6e3-4ef3-ae9e-f79895885f99,03324410-0710-42d5-b4ec-c3a714aef8d7,188
e171672a-0c04-4817-b3c1-ce49e9208af3,73db9199-2bd7-4580-af39-a30d0fe2e9b9,7d406a23-4539-490c-aa36-f54de67c81b9,2
279e74c6-416c-4432-a67a-04fb6901a124,eca1345a-3637-4f04-a97e-2f8454ea08a1,c4001e30-b914-42eb-870d-c9496d042f54,2
06875eb9-9e37-4130-adab-0dc1d9cdd02c,bcafaa52-8d30-4459-a613-16a2744671a5,8c38f2bc-c8e0-4396-810c-54fdf5c69be6,4
c41ab363-9abb-4784-a4a5-4f5dd18a8203,a96430de-c8f2-41f0-aeaf-ed58be625efa,5e0ad9e4-100d-47a4-91b1-1d4e76a932d6,19
223ae31c-2237-4426-9f3e-390786bbbc92,762ab25b-aaae-4c51-90f1-c49cc200d605,93119547-86e0-44d9-835f-f73b923b22e8,4
f9248df1-12d4-4545-b4bb-78d7690724eb,80bf965b-ec74-4754-a799-1463474aff8e,d0a9ee49-0f67-411d-9e49-b27e86b26d02,46
3e29cfbc-4d1c-43c2-8939-30255502adfd,f6a401c7-2d78-4e7b-a05b-b81c72b97c65,78f15b93-54e2-412a-8a2c-351994ac6703,14
6630e316-4262-44c9-973b-23f93ad2662e,5d96d3e6-8987-4f8f-ab21-d7cb07ce0e85,fbbd6c85-325a-4d69-a553-d59728e58833,400
948e8eae-5ff6-4330-9a6c-41cfe74e2f61,8757e3b4-4975-496b-8b12-d4c0542bb9ce,1cc9a4c8-ac31-44a6-abde-b8cefef3d3d5,37
f07ccda6-3aa0-4142-a1be-f321a2c4a45f,a4d47756-14d8-4f62-80ae-b86316543b02,f801a811-e2a7-458d-bed1-b0ece7019012,2
82d4959c-1d21-457f-a4cd-63b35eb590ee,fd59b8e0-6ff4-4963-94e5-c111ae91e868,7b05c005-0e32-4689-80f9-b957b94a39f5,417
d496e276-25ba-4159-a377-fd3dca5b7c93,b7c65b3a-7e7a-4b6a-9469-46e8b5895b15,315fb100-6ed2-4519-9e0d-72a436e8f426,37
84ef28eb-50f5-4891-834c-fc6daa822c19,ac7a3d61-1fe5-4b82-8226-780291254a41,dfb44754-b01c-47ed-a676-4b08ba2e4806,29
df469ef2-391a-4f48-b8e2-5a6995f5e104,35d26a8f-a173-4caf-8ab5-81bc6d66b0b2,41766eaf-b7e6-4854-a222-cf79024b4f8f,39
8e870c87-c16a-4ee2-b6fd-5ad773eeef38,0f2bb2cc-cd9d-4d1b-89d9-8a08aaf14149,948fa953-d9e4-4c4a-88e6-1a2e12878ff8,31
3b80988a-8ac6-4d12-bc8b-90a08836bf95,e732017e-ef7a-4ad7-9c26-172906ca18a1,e70013a9-9a72-4c70-ad89-459266d6e353,15
63971c19-aa31-4214-bef7-1b205db67e87,bc8c49b0-88d1-409b-8596-efb1c09a156c,3440b4e2-1d2c-42c9-82a1-2def83bacf93,10
4799b9d2-b328-48a3-a3b2-83294962eed0,45092613-60d4-454f-bfd2-4382d9498096,1a377772-fe02-45a1-8580-e34ea59d10b6,44
ab939e8b-2099-47ca-a0d2-b7eb2ba46c7b,ce9476a6-6f3f-4ee1-ba21-2b21d6d471eb,8991f239-63cc-4ed1-8d69-b11edfee3b92,19
5ea921fd-8aa5-49c6-944d-299158a58311,2fdeb025-4444-4d5a-8942-9df605070096,86457853-79e5-4cfb-b60a-3b89e7db4ccd,34
9426ad2d-d7ef-48f9-b5d9-d66d0f7f89d8,247204e5-2369-441a-aa03-907d1a96646e,103fec81-4fa1-4b26-bdde-b8b12646c930,138
69081f29-aeb2-4032-8b68-016faeeb652a,0f9928f1-7670-4c5c-b8e3-849e3f7c7291,8ebba354-c9df-4703-90c3-3a69c13162b7,1
88e6ffb1-3711-4e55-bb48-1089612dfbc1,fb2be368-9b4e-47ff-b693-2044b226f5a3,63c4db1b-8db5-42f2-85e7-f59f448fc608,33
759d4108-12b5-4ae6-983b-4c707a42281b,a2828ea3-ac57-48be-b9d7-131a1622038a,f04490e4-a6b1-4643-8b02-8dc1b91b9e3e,458
fb86ff6c-9d3b-415f-a507-dc55a1310bcd,e77bd424-30f0-4081-9a05-cc5d53558a9f,b55d314a-db6c-48d2-b830-2a2ab0a93cd0,5
b9ab8af8-36dd-468e-89c4-8143aa77fa7c,62720b2e-7b2e-476e-8047-943123ebe56d,f36c42ed-5965-4bd8-9dd8-22be49b03c99,367
65b4bfc8-42ae-4fe9-b1da-144b7caccbed,10130ae8-ab3a-4ab4-bd82-aec12bc7d648,3e1c8615-6bec-4397-85d4-aa4764fcae10,8
1635a7c6-d713-4699-b843-d292638f28dc,623eb5a0-e5e0-4d71-a8b7-54416a1c55ea,d2e1376e-34dc-4db4-a7cb-268625a49fc5,33
c0864041-56d4-468d-aa8f-f624c58e8bf0,7836ca11-aede-4ba6-a5e1-5708c2fc9854,852eb330-7dd2-4886-8ceb-0ff2ffab6172,48
cc367b8e-b138-46b3-ab55-014671513b63,c60aff20-c301-496e-a9e5-32a4408a0118,74d7b0c2-fb64-4b61-ab4c-afb327438407,6
c567be79-93b4-4e02-94ee-735f0c31b85d,11c33c15-faba-4d8a-a89d-42d1ec1a2939,c269264e-0db8-46db-a590-f0bc16113d65,2
e340d369-3e97-4d47-a623-13c4c3b21a5c,4b319a4a-c48d-4dc0-be3a-e223cc5a16ff,a5fb9972-7f67-47c5-a61f-9c7902179e6a,47
25c1448b-4cdc-493d-a652-65659f3b808f,b31a8edd-8a9e-41e0-9acc-af8f5de72a47,1cef7a4c-b32e-4402-9dea-d3babc9c22e9,48
249186aa-cbeb-44a1-b96d-51583cd68c3b,5d675ad8-19bd-4f3e-95bb-5d59528fffb6,51c8abb0-057c-4b58-a05a-71fe7aea0785,486
0adefab0-089e-4baf-ac36-a7ec70899d33,4a111853-ff1a-4902-a580-55e919075dca,a269b624-3404-451e-984b-cd79cd43fa15,64
200e8eb2-5d8c-4a87-bc50-2f35f72aae5d,47599068-e5b0-4fdd-afa4-52f85620d722,a26800b9-fca5-4779-9d29-9b459f3c4eed,148
e15749fe-0f04-42e4-83b2-22cab2295280,0402225f-eea1-45cb-b985-2a887da8ee3e,54a63eae-e0ab-417b-9ee5-38f56e3c32d8,29
394c1fd2-143b-40d6-8a45-8e4c38e48d39,bf1aa03a-e955-4474-b7d3-fcc4aaf81360,d573e10b-68fd-401d-8567-58de80dbdcaa,4
86f3295c-b1cb-4ce9-ac7a-51634755f513,67fa82b1-5a74-4d58-85a7-1d5f33034460,a6d0097b-83d9-419c-b263-e2333695bfc3,23
93a0c2b6-0dd3-4722-a28c-4f59a3e89ce4,d75f129f-d41b-4730-9d98-5aaba82d4331,3f2675bb-24ad-411b-95e8-d69ce5129f3b,159
c2b43776-9291-471c-9085-59a290021a62,bc56f476-9662-45c0-acd3-71afa2f5b7ba,85aae8c0-74ea-45e1-985d-abde589ba8c0,5
3158179e-e97c-404f-b6b7-6d30412d677b,02b49420-ae6e-43e6-9288-62e9249657c4,b8b1d16a-41fb-44dd-8ed6-c1586714de18,3
0b0507fd-b01a-409a-b1c1-84e655f08f46,b7979ebc-2d12-4f80-90b2-06a66be14fc1,d7df627d-7d70-4571-9c84-b0bc0e1f6995,9
f19af251-03c4-4e05-a342-df8e3e93375c,6a2a8563-b1d3-48a5-9085-162f697d1022,0f03b342-cd9c-4ad9-bea9-4f3755385e38,1
d0c6974f-fa9b-47e2-a0dd-bbd34fd8c038,166f4fff-ba55-4af8-8106-c775cf7a26fb,a2fbbe19-0649-4ebd-8958-1514ee31c1c1,4
ac7e2d17-ca00-41d2-8acc-00b6c9964a9b,1ebb5b38-3bf5-431e-b961-eae17f6af749,daaf96ca-3633-4656-9911-fb0d60e7c70e,84
cd003485-a2a6-4c74-b109-c0f3cc438439,73f7a534-97b2-41d5-926e-b7de2cb393e5,a9aa4259-2bb5-495f-8e8c-4b496c7f784c,76
8ec75e69-92e2-4daf-8965-3279d8d310dc,173f0e1a-e009-4fe4-9667-1693582bf3af,ba73cd79-6eac-40ae-8bc8-2885c5609ec6,1
8d918dca-fa6c-4279-85f6-e127b9b4c3a6,1b726636-2288-4557-a221-9d8bfb718b0c,4bd8b2a3-87b8-4257-8824-afd9eda9cee8,31
eef5b8c2-a520-4a02-9d68-f17d61d66ff2,a367bc2d-c451-425c-a7f1-6813a8e21a7f,739bae5a-e1ba-4602-a2fd-8182cf129e74,45
aa2a9d41-78c6-46ec-93a2-4f0e72ba7aa5,71d9dd24-8968-409c-a5d1-6f3402470956,c567855c-832d-44d7-838c-0d109b78f7d5,112
4173b1db-64c4-4c10-8349-ade3c9a890d0,e0d3920b-83bc-4665-8671-b96f69d321a1,1ec900e0-31ef-4b18-871a-6a58570901bc,160
22ce4571-7f91-4497-8771-57512f597918,1f8b256e-4f1f-47a8-94d6-96d6bc068627,28d6f53c-2cf2-4cfb-94e5-8aecb44c2739,480
a56e4bed-1ccb-4386-8395-f13de02921e7,1c0688a8-2cf5-4aa8-ac6b-b756a8be8728,fd129932-db64-49c6-a085-e1ab8ae74e7f,475
70eec07f-3818-4b9c-acf8-a465f0ab811c,b0ca5248-0e69-4dbb-a3d1-cc538dde7cd3,dda9998b-a682-4e85-91a4-3c80373bcdcb,4
89dbdc4c-d1bc-415e-82fa-66dd06c2dee2,3cc2ea4f-e9bd-4586-9679-68fe81a3b1d1,947a1a72-24aa-49fa-9903-5cfcf07fb13d,38
faf31bf4-c3bf-401a-821b-d66a4c7f8c1a,4248881d-2469-4d36-9efe-5c2b813d75e8,5eaee27c-9ad4-4c36-b4cb-b343e9958398,4
446c31de-954b-4f97-bd0f-06ae8d4d8b5c,623eb5a0-e5e0-4d71-a8b7-54416a1c55ea,f03d6d24-f32d-42ca-aff2-030d2e429432,1
594a58e4-5e6f-4523-9f0a-dee28c1096da,30904163-f8bb-404a-b03f-a9db88f60a05,96cecc27-673a-4d5b-aea2-95cb5e7144a3,5
e053a3c3-0127-4b15-b31e-b181674d8e31,b4526384-7ecc-4dba-be06-59bad2f14274,6b250ef7-ef5b-4ace-9233-30cae537dc14,35
dc003e9b-6ae3-460e-94e9-dc4962aaaedc,1220833d-0ffe-4226-adbb-85e50718fb95,b5d9c913-55a7-4e2c-a91b-b37d80adba26,32
76d6899d-d418-4ed5-ab5b-c7d03bca026f,e4641e56-6c3e-451e-9b80-f82eb2f8c0ee,32fa5f3f-9a09-4caa-a3ab-5aceece7274f,50
4b5eb011-f75f-4c6a-b840-363bb6875c31,dae443bd-d3cf-4eb6-a30f-72d9a28aefe7,5e57943c-698e-488a-a576-919bbcca2c09,222
15b6b437-5d79-4313-b362-7e30b63f76cf,63503a56-a28e-4565-9482-b9e08eb54b16,af390df6-b7cd-4e29-bc59-08daa30bf1e6,178
b1c33a2d-12ca-4b62-a2de-3c31f24c00cb,a5f589ab-a4e3-4fae-99ef-643196f7fc50,4fbd069e-1ec5-4f62-b08c-80d383c1b277,250
98ed6b14-7f48-4378-9792-e9a1f654f73c,5e7d5bf8-cbf6-428f-abe1-287d14648098,59a1dc96-534c-47a5-a1ac-cfd4b318cb0f,4
1b228270-a7cd-44ed-9434-7240d71aefee,b25b1377-898d-45c4-9718-e63b5cd7d64c,94ee3279-f640-4df1-bf14-9346a0fab29d,1
7fa3e8ee-68f5-4626-97ac-000c6d015717,d9be5711-119d-41ca-a62d-fe7c36ee6045,bed1f143-abec-47ad-a5ff-59cc0dbf74d4,7
18b7af6b-0b07-4b46-ba60-6ef6fcfbda8c,2d7a166a-64f6-4d18-b4b5-d2b114c71b4f,696f0823-2c86-4c52-a17e-7d7b46f0e52c,260
e413b35d-6e35-45d9-ad0c-704828d61298,43045f65-514b-4491-8048-5a2303516bff,4f363799-f700-402a-ab38-80f3b7e689f4,2
6574a408-fdcf-41fc-bcb0-890ef1f4d9d6,e54113ee-861b-4653-954f-b41a8045958a,73b09a0f-0930-4bf6-a369-87f0985ce2b4,67
34b6f8c9-f766-4745-bcf0-3cb7996c07b6,86ebea5f-d589-4169-a80f-a56fa4583d7a,d10025d0-e8c4-443d-b1af-a16d9d057f8a,89
2266ee0f-58b7-4813-a44b-a52892eeeca0,70d1c90a-1700-4809-a0c8-a8ee19ccb98c,7f655b78-9ec1-4600-8b02-dd7ced1e973f,20
ed2f5f53-6a45-452d-9ead-944d56ffbd29,f3db1f03-34f9-45f8-bbde-62ec36a1a2ba,5de9a58f-60cc-4b91-b5d2-e383afb59ad6,9
13dc627b-0420-4a13-aefc-5260a8d7be47,9e28150d-6845-4b1c-b884-57232c90f0c5,b7509fc5-b979-4dd7-bdd1-af390ba38148,4
3174e065-9499-4152-8b1b-0b3965f0254e,8bedf839-fbb3-41e2-96e4-b7a6aa7c7177,83a929d1-58e8-49e9-9b4d-053ed358cd4f,79
865dd884-ecaf-4c63-8a3a-6bc24ad62be5,652546c5-2a14-4e52-ba9a-920b9e76e7b3,e68997bb-fa2b-4ae1-be1c-0cbf6214cd0b,6
84568276-d5a3-4aad-8e17-c7089d56e363,906cec77-ced6-4fed-9627-0869f3263023,1bac5300-7053-410c-983a-5ea81c81a85c,4
2d2418bd-2307-466f-afad-c8ef8120ff37,47a05010-5b14-4176-b437-c6d21218d744,76b8cade-2572-45ea-8b53-440ace18522c,2
a05dac5b-21df-49e1-a3f8-8163846c03b2,4679c04d-95a9-4a4c-9d10-85ed464e6d46,c63fc4ba-4447-4c2e-ad73-a37260d6747d,43
49379447-11fa-4090-a600-565c94b8b91d,63de8b4f-b102-4c39-ba71-03e2165af143,329d06af-73bb-4e3d-9016-0b8ed97a1cfa,45
49f752bf-0d5a-46ad-b24e-1858d91059ac,bba52011-eb5c-4016-a83e-105533064d31,5e564b5a-6ad7-4edc-ac4c-a5fdbb409a7d,33
d6400c9e-e2ad-4cdc-a95c-42ebd7fd76d9,965629d2-1dcf-48b6-b51d-7ec369b90102,208443a5-fd1c-4c7d-8f0b-9f13ef71a3ec,113
5490c626-2efc-4665-9268-7c175c709641,81e4a3cd-7410-41fc-8afc-b6640f1ef339,e53a1db7-bf84-4752-abea-bb720bdea5e2,171
27e88848-39fc-41e5-a874-d4911dadccea,4e1c63ac-c458-4afd-aa12-6c582ca65b11,bbfe8e17-3f31-43d3-9ef7-c54bf0ae05db,3
f761e01c-d37b-4315-bb07-40235cd1ce9d,2ee2c6a8-e1df-4ae7-984a-08915450c053,1043f353-5461-4f7e-bac6-f198a4cda39b,40
c5d4c89a-d041-49ae-bc12-af7447546af4,18570063-5003-4d11-8dd4-66d2d6ba61b3,514667de-5b30-40c0-a961-ab25cf399983,21
b654f3fc-81ff-413f-bdd0-b7a839c2e7e8,77702bb1-bfce-4f0a-9c9c-e4370b84da70,5e0ad9e4-100d-47a4-91b1-1d4e76a932d6,82
1b236eb7-9443-410f-87da-d041dbb3e5b2,7ec341b6-2054-4328-9805-f65efd997ced,7208e00c-d875-4538-b8d3-b8ea13797fbc,19
ff20f5f4-fb83-4281-a189-dfb4dcf7d35e,8d447030-e161-4d62-b697-0be64632557c,5e564b5a-6ad7-4edc-ac4c-a5fdbb409a7d,2
abdaa7cc-b29e-4a45-a3ea-1960eb573d7c,76cc0c51-8fa8-4b2c-9f96-486a48d76194,fec63b63-dc23-411f-9f8f-ffd6eff9ea86,20
254ae39e-cdfc-4ff0-864d-52184da4728c,7c17b7f1-af7d-4264-9385-af56883b2f4e,8af0045c-cd45-4f42-9e57-40d4196746d3,13
4e779b2d-8ad0-4b66-be4c-759b1c04aff9,a36f7a71-e118-4386-86ec-fe4adb02ffe4,7ad230bd-8c37-47d8-98c4-d95fd81dd306,16
67a90456-7a8c-4d0b-bfb1-f31907a7b16f,b1e6b056-8b5f-4ee7-83ee-b217ca21edb8,928398d6-686c-4a0b-8e04-258761a320fe,116
a1d7f55c-b091-4b43-bfb8-bfed1f113d2e,f7b43abd-945c-48bd-bc43-bc754e45bffc,c66d4339-3fd0-42a4-a6ed-e94d9aa3232d,7
7eb9b121-b02b-459f-b86f-c68e6e9f9745,a17919a8-4c98-4641-a35c-d3891f7e43aa,e2f26f74-f508-4fd5-96c1-26a0a22838da,31
25f6753d-15f2-4b3e-bcab-73d77eeaf547,e355fa53-083a-4d6b-91e8-d1eaa9d25d3e,3094651c-1969-4df3-b589-5e7f0a41bddc,1
64ec9638-b84d-45e8-bfa6-05ec3f3ed9f6,34428e33-ad22-4d1b-94ee-6721ba49846e,3f7e2cd7-ba3e-4cbb-83d8-46a73a568732,133
e89d61b8-f5dc-4e71-9ced-06de39ad25c8,ececadeb-a860-4479-9095-4b84cb84883c,80f19088-c12c-407b-b500-4ccab64c0062,10
41659402-1933-4304-aab7-5d21c7a24668,db38d4f2-0acf-4193-867b-cb2c96ea4f59,ac186a1e-81c2-40d4-bf32-ed43ea99322c,9
eb8f193c-426c-4f57-9244-9322326fe23d,4679c04d-95a9-4a4c-9d10-85ed464e6d46,ab2a14bd-48a3-4ae9-aa99-52184a4b3db0,124
7bb573bb-f74b-4b15-88e3-8e41ddace43c,20e4a75e-d698-433a-9a25-032288333547,f790a4b1-64c0-413e-b991-864fa329ae07,3
19de7e74-65b6-4415-b33d-7886d86b1177,3deafebb-c0ca-48f6-822c-786fc87a9a6e,b4126b2b-0d16-4378-8eb1-856922a0f179,32
29da8884-fd11-41f1-9d66-de357fcd9cb6,2677ad0e-7b8a-4529-a5b6-24018a03a52c,d842a8ad-ef7d-4376-92f4-bdf9a82b64bd,42
c69a9044-7643-448f-bf18-51dc42acd21b,3da6684f-9a20-4c9c-b3be-38fe24ae4224,996a0785-0109-4b44-9c25-d0024c8b9026,2
28ad4761-a0f3-48cc-a541-221366d22cb7,d2fe12de-19dc-4952-8cfc-d4547e91982f,25de0d43-58f5-4cad-a1d7-5165620391e2,174
81420f35-e25b-4272-93b9-17c54b569a22,7155a084-c01a-4f33-a712-28572f086b60,6d80f31d-e700-43e7-920a-9a136d6d9aae,30
22eb4e60-27a7-4be7-b3b5-6342963f21b0,8e011ad6-8396-48b9-b0f9-a26d808902c1,a69ddfca-85a2-4940-8ad3-541ecfd7ccb9,30
c8cd902d-97b1-4fa0-9857-bf325a65662f,36d85809-49f1-4d6c-94f3-274ec88e2c28,592bb700-1ed9-4da0-81b5-6c9bf3a35729,225
c7bef221-30f2-4390-86f2-a16ced980c60,efb8cc4d-e1ce-44c3-bf24-89ef62982b39,1aca8b87-e73f-41f2-b5e7-09a5ce259bb9,25
79ac367c-8f35-4373-9b59-9244c4d5749a,fc2c79cd-15e7-4c75-903c-0c36f517a3e4,9b59dbee-cd4a-4e06-9571-7f7738057eee,23
027eaa0c-45c2-43db-8e80-63b58b4d9bc7,0e08f3ec-2340-431c-850d-e2e8b45c0232,494e1387-8e65-40d7-a73c-a5ddc342fe1b,45
733cf900-195a-42b5-b603-e4d5dec1ab53,4ad5bbd7-83db-4056-ace9-1f7c6365e7b7,1c268783-2e14-4b89-ae23-f4f15d18825e,2
2c5accad-9916-466e-abc1-0bb53551f439,3a0875f2-0592-4f3a-b663-2560085a6bfe,45ed137f-5a79-47fc-86d1-4524484d2a4d,3
1048a930-1970-45b1-9fd6-ad4ed375e803,ac53779e-56d5-44c3-bba4-7e448c279b4b,44c8a71b-39f0-416d-ae9c-fcbc62c30a87,179
8db6ab94-b06e-421b-bc0b-4888e9a3e586,af9873eb-0653-41e4-84f1-b2d52b3b754d,0e529944-770c-4a9f-ae02-6c803d166875,3
984cda8e-f822-4a0c-83ae-6a597246588e,bf74ebdf-315d-4adb-82ea-ab43bd58da7b,b331a875-f961-4e3b-8459-c33b0cdb0a1c,20
38c2e605-f5d3-4335-9867-898798971a87,3c0066c5-1f25-457c-9e6d-f8dd9631b3de,1bc7c92e-b0f1-46cc-81e2-2305ac71be18,39
01f82c07-e78f-49c0-a9b7-9fcb061c4514,416a5c54-9bc8-4969-bedd-efb04b98acee,f979625e-5a50-4999-9bf5-46d03a94c1ed,48
e6dd5bae-8089-43d3-afb0-9e9feeb73ed1,76c71474-6ac2-49cd-bb80-b35ccddc6687,670e7ce2-fb16-4d5f-b06e-f695cf483f71,109
b23c0b25-fd1b-4fdd-802c-2979412e6291,0a680cb1-0a03-4ff2-9ef1-b9342a3de1d5,89e4afa7-df27-401b-99d0-70a9691e8d0d,10
cd34250e-bfa1-47ef-81d8-eb0903fa34fb,7926cc70-de27-4ee2-8a7f-bd9a75a65202,400ac2fe-a008-4569-9e1a-21cf5b3ebe78,174
17a07c30-8e34-4e57-9a9e-e8c99d0537cc,37dc6db3-4b8b-4ce3-b5a1-9694a0ba8cec,6f487aa2-9932-4a5a-b91b-dd5c24b91d95,183
8e0d9166-4d69-46f0-ab8d-df9f26126143,ef8f75aa-4630-43d4-9470-fa223bc333a3,910d5592-91da-4f53-987f-009858afe359,7
a8151fcb-92c2-44f0-9e2b-5ca30bd1fb0a,2dd07f26-b5da-456e-970e-d5eab94ba93f,98391034-f5eb-4f46-a739-bdf4ca924f63,2
75f8aa6f-08a1-45e2-9cdd-6b0e5052d295,c42a89b4-4d6c-4e69-83b6-b5a72c63f44b,9b95aeed-331d-44c0-bb19-6a01502cdf17,37
b5b92af6-99b6-497d-96a8-8de351ffd84b,1462499a-dcbc-49fb-87dc-2907d2aa4fff,257933d4-2622-4320-bb58-d0f4d3b65503,96
3d34f7b8-8f23-407e-9a4e-a4e079269756,9b1fa48d-9262-4339-8003-1cbda90d7e7b,d5110a5b-61a2-42a9-9199-60fe16b4668b,12
261db303-db39-4bce-afbe-a4b7e29ec25a,15aa86a0-9e99-44ec-a3c4-4d387cac05a6,95f43354-df7d-4a81-af20-b80e35f0cd96,14
2cd4646d-41e4-4325-a32f-eff4477e1a98,9c483bf2-3c39-4a78-917a-fd456cefa575,b372de14-d2c1-4629-be2b-255611d874b9,3
48741ac5-0265-401d-8bcf-2d2769a15a7a,9f80b78e-f868-4eb4-9bc5-32159f2ebd93,73b0c916-5cb3-44c9-82c2-bea966dde42b,5
a689fbfb-7cba-4d35-9d0f-f15a5e09c8ac,821b2ac4-b8c6-4e6f-ae0a-9c44188e584f,b3f3ae79-74b7-4194-a940-0c4aa5134013,26
a1e33dc6-84b1-4847-b580-495fc4afb8e5,d4c7f5a0-10fd-446b-9222-b8ca1e0bbf0c,be2c2017-1817-4295-8f51-f725dea83efc,4
7d026a12-71ea-4c22-9147-a2af4edde5af,4d9374b3-d61c-4ddf-9831-37c59a03536e,4a92e98d-d01f-4fe1-b645-0adb9c467ef0,1
d38185bf-c5a4-4dc3-a82f-9086aabe23ff,1ceaea99-76d8-4f56-8751-98de10eb9f26,a258a932-8136-410e-8965-76797e91f245,26
91afee27-14be-4475-bae1-bdd6ba64a213,23045160-e7be-47f0-a292-06f1eb91289b,483d0a27-75bc-40aa-99b3-cfe2f721463b,43
c93fa495-ac14-49b7-b87c-7fcdd6e87343,d38f5920-2f0f-490f-a630-2754558d32b2,120df34d-f358-430c-93fb-b5afd644e935,5
17b13deb-ec16-4491-9d92-560a29377f77,1994d161-a816-477d-b291-da5351f98194,417a9e66-cad6-4389-a233-6330fbab4e38,103
9fba8f3d-ae9e-4904-a248-efd319f676a6,8fb659c5-f37d-4062-a7b6-935b77a057dd,27b07b18-b7e5-4e04-a9be-1bcfc2930fb1,2
9c751790-1ccf-46ce-ac2c-ef6112d6371f,7fca78fb-d514-4f29-a65c-6d3ab136364a,620bd957-0c7b-49ba-a456-c7b10e0d92e6,28
cfe73f78-e1f5-4e5d-b8b3-72c57798d220,906cec77-ced6-4fed-9627-0869f3263023,ed4c3459-8b8f-4c43-995f-e6c1b03c562a,19
a6a59a9a-ab66-49fe-bc8a-35e3c6479201,8f97fc25-96da-4e11-aa12-57dafee3f407,5e16495f-71b3-4f11-80c2-10c39db72fa1,19
cb94e3eb-b7b4-4801-9080-273e3ff564b8,ca4cc4f6-f59a-4774-88a6-050edd6faf87,a49b9de6-cb07-4624-bc15-78cfb3b6e89e,24
e571dc9b-4c8f-41db-9260-e15621a0aef4,40bb7d73-bc6d-4eb1-a384-e3038b1873e0,3fb3072f-a44b-485c-8061-2a26578387fc,1
64b8061e-3a51-4b37-b4bc-cfa93601e7de,9c78b3f9-146a-422f-a8f7-bd99ce226c15,7284defa-4387-4aa2-ac23-7ac7bced7507,46
ddb5476c-958b-423f-a626-e060f941247b,d3757b84-1e90-44ba-aef4-432decbbca2b,28b485b5-6f1d-43ef-ba70-73bcfef56e75,2
8852992d-0ef0-4107-8228-dba3ca11ec67,984dda6b-ef38-496a-b048-7041d8e355f6,b138fa6f-819c-49d6-8d0f-4757e88af214,1
da1ad9ce-12ec-497e-a0fe-2906295e79b0,f17a97d5-9a75-460c-9ef9-8776625ede51,1d0a1238-cf29-42d6-a0af-ba025be0fed0,9
de9ec50c-8554-4fae-b743-eefdd4b843c4,177b5490-483c-4bfc-a91a-a3c157e8fc67,dc7e0cd2-1839-41fa-b892-6bc597056d7e,2
42152174-affa-4832-9b1b-44c2421731ee,fd10d653-1938-4776-96fe-48b311ee9522,b223ca9c-744e-4c7b-a9f2-7916d8529031,93
74d12e4e-1951-444c-860e-5a15b0a9fd28,fb506e85-bd53-463e-90c0-9e4b69e38f38,b4281c5c-5105-4c1e-8ac7-55bea89faa85,6
6f882683-08e9-4a87-a432-2e558d31981b,4bfdcb5d-c6be-497c-bbf9-8536ba067f93,f9fae88d-1f36-4122-a782-658ce9fcb2e6,18
73a21a5c-fa92-492c-9b31-220d14c553c2,3bcd0bd5-900a-4075-ab92-1a99f7bfa10a,b274faa9-c5a4-4dc3-a928-8cdbcbe6cec3,5
f33177ca-ee7c-4601-9668-f8c583b5d4c2,61a8367c-df6c-4954-937e-7893fdec38f7,f2e94e21-6a27-47b3-8f1f-28b782fe8c78,6
e194c897-6c6c-4489-b542-3402e8a00e93,ec75bbce-cc83-474f-b908-df7322902966,2e9c3310-692a-4cfb-9e02-d869de4b00c0,11
befab74a-ca45-413b-a052-ee30b3ebc1c1,83322b78-0c0e-4334-930f-fd9b9e96de15,e23308ce-9cd4-4a44-831c-d7fa8d123b21,3
f2be1039-4e2b-4e6d-bbb2-d91d182c7f83,90c17639-227e-495f-8df2-b7aefcd0c770,16c75aea-fcc8-4e25-827c-a7447469d279,2
63cdc184-cbd2-46fb-98df-4fc50e8a5f72,143f009a-530e-4688-b437-f0be86b7b0d5,160160ab-9688-403e-aa6c-e8b083824f6a,177
581c7934-91f7-4949-b13d-ba8a8449f067,5dacb696-d997-4c88-831a-d2897742f21e,64775ece-29dc-4a8c-9135-afedf987bcbe,17
e055b406-4c2c-48ee-b669-1085854f6145,c844c0d6-2bde-491a-a28c-8216e529be88,1fd5eaa3-d3c0-41da-8333-ad0ba06425d3,38
476417c8-af35-4df0-98d0-f244157f0a54,6d5b7b28-a1be-4191-9f5b-dc138715269f,d3f43d18-bd3d-4840-9066-1e8caa700a45,28
85c14a70-b74f-45a3-b95a-b22570110081,21ccb578-d438-4648-81fc-827432951188,0783582c-de02-433c-84d1-4d55addd8aae,35
553cd1b1-e75e-45f8-ae87-74943ef1fd4d,b3e2c47c-24ad-452e-8972-4456b8d6df6b,33fd0a21-8c87-4f0a-b141-b22961206343,5
7089efb3-ced1-4b6a-a758-95d64567652e,2c8df40f-fc17-4a73-876c-9fa553dd5b1b,e9c2415c-70e0-4455-aafd-21f654c19046,5
48abe4e5-d768-488c-b56f-7ca1e936b308,43df756e-06eb-49be-8689-8518aa248b16,c2f39c0a-df16-4e87-9ce3-e22a1ebb3b45,3
28d762df-f89a-41fe-8018-6293f629b22d,af18819f-aa6e-4770-aa99-7486f835c262,246b34e2-5d51-475e-a756-cbfc7970935a,139
4f759de4-71a9-46cd-9bc4-c96c86262ab8,af8e0368-6def-4046-b8d4-f8f8ca05ca1f,06e70feb-89f5-4c3f-bd83-0d8b11650193,23
ff08a17c-366e-4993-b8f8-9a862e979d37,477fc627-23da-46e0-8d45-659505dfaff9,73c4854b-826b-4afe-b4de-bf6ef0212003,111
919c761d-695e-4117-bbc6-ecd404419681,2db1e2f9-217f-421c-8491-a6bd2bd2a5e5,448b5082-9cca-4968-afb5-54e45f80a250,126
fe225a83-415b-43ab-a0ed-c0b9cd9e9b60,03c981b5-9473-4173-b192-09ae39c68898,a42013ee-97d6-4c31-b7a2-65791aff8d77,4
5e047be6-72a2-4b38-962b-bc53392f5194,f2d3e31a-c7aa-49a7-bca5-e5361627435c,ac961d6b-10a5-437a-a3ee-ce596c2f2e22,169
9e2a3efd-21a7-40ee-8810-dfdba3abe2bb,f5c2ea5c-6b06-4488-81bb-0ce9b50a59a2,e73f6411-7964-4cee-bbe9-d5a0912d97b3,5
8e662afe-bfd1-4baf-a6ac-ed4068264a43,313f6448-2629-4c75-9aab-6d5aab2d22dd,09e3922e-bc20-491a-bf18-fc794464f366,15
ce397bf5-0777-49e1-a816-53f6ff7a9194,36cd1060-62f7-4767-bb37-3578b9f7dad6,e288bc57-84a8-49eb-af1a-d25f0764c2d8,27
7bb834e6-a319-4de9-8ab7-716bf7ae513d,66f09cdd-91d8-471c-a008-0b3c686b1e63,0431b5ed-c315-4844-bb76-450fd53bf75b,495
db504474-a849-446e-8d81-740882a52dbc,c60aff20-c301-496e-a9e5-32a4408a0118,a09f477a-7645-41de-95c4-c965e502f99a,74
d23b5058-c191-4bd8-a137-a573095b0b85,e6989cb7-faaa-4a12-a2df-30687eaea34c,002a8062-f23b-44cf-88ab-6f957f824725,2
bc338bba-2a09-426a-a87c-3636d8ab89da,a03e0ef8-d20d-48f6-9145-ac969d91b61c,db529d2a-0c62-4b04-8711-d6b57cad0b6f,5
332c773e-8be1-468e-99ba-18744b8bdd71,cdb0ccd8-c36a-4024-aa02-336deacf6bf6,a56cdd1d-4ce9-4dad-ab69-4544c3225450,3
55c3fa28-5131-4bc8-9e07-108093fd4fd7,8cf9863f-7695-4610-9da4-0da1a43cf0f1,d77ed9ca-7899-42cd-b4bf-9141b077f486,170
198cad86-624a-4658-84e1-43b1a2209277,cd8a5494-7db9-42d6-b8a0-853d4f376224,9b06fe78-822b-40f2-bb68-bf3668b21dd6,3
b15e7e96-425b-4ebc-aa83-96e5f27bfebf,5fc0e445-17e6-4982-8a45-d3ff2bb3a259,ab2a14bd-48a3-4ae9-aa99-52184a4b3db0,25
49792d88-99e9-46e8-a550-00c4103c5879,eedca136-67df-4ec4-b5c1-fad4d50c9095,8ea77240-4e7b-4a71-8f05-8f709c0a2aa7,23
9ccda3f7-9206-44d1-a74a-1cec6e6a58c3,8feddcde-8dcc-4637-9b1b-147038c77c6a,016bc58e-972c-4dd7-970f-464126b339f8,22
211555ce-c978-48f0-b05f-a50307b0a19a,1a0985f9-6c26-46a5-a4aa-5dfb76c3bab6,04e3942d-02cb-43a7-81db-942eccb15355,25
831271ce-76f1-47c9-8829-c94ee08bd8bf,23ac72a0-79ac-4fd3-b293-90fe3190fde4,320528e5-6478-47b9-893e-3748c287dd46,5
e7762e6d-d752-4328-b547-19f3bda4e537,1407258c-7576-4151-96d6-00af2f4f686d,a833106f-1275-4ca1-a37e-7e89bff2889c,40
c0245c90-2d3f-4f7c-a4c8-eee1231e9c2d,3d55b8d9-af89-4234-bbb7-9afcab884745,42c0afe5-fffd-472a-9b0e-940939206854,140
b95ac2c1-ed8c-4b4e-8a5d-6a1b76b52dad,7b283f78-9e89-4d01-b3b0-adb106327977,952fd21f-2ff7-43d6-b279-b50ea5d955c9,4
39271b38-df8a-4af5-8ff5-41d9e26d719a,b09d0dd0-b1b4-4ace-a94d-fba13cbaaa95,772e9bc0-6393-4fb4-9be8-c5f1661f12bb,1
7489a6db-b8f1-4ffb-ae4c-4a0121917e1c,35fa33ef-8fc4-4d10-a0db-4adb01ec8973,2791c26e-b0af-4a24-98db-e23881bf79c7,13
f48b3796-9516-4283-bc4d-6058fce974b3,b10f1ddc-e506-43bc-b917-4ecdb0e85d26,5f2ff10e-e48c-49e2-b98a-639fd4ce4a49,33
8e798995-72b9-42e5-afea-762b1b784bad,9499f2f7-21e2-42ff-8668-0ea192f496bd,7615972a-f68f-4f26-8c71-94c54d5c7bec,16
615969d1-bfaf-459c-a9c7-fc3060cc0fd7,984dda6b-ef38-496a-b048-7041d8e355f6,e67becb1-364f-40c0-a6b3-f57b3cf6a24e,9
04b4cd27-be22-4524-952a-b4bb4766e17c,fdf20282-da99-4801-9ca0-3d54e630304a,80f19088-c12c-407b-b500-4ccab64c0062,4
8be61f39-ca8d-4568-ac49-2ea87c4c4d80,017cd0a3-7041-4b83-93f0-8f100833b1fe,800a663b-1c0e-4500-aa45-2b446a2d7b5e,19
c9c29a73-634d-436a-babc-c1f9528eb3fe,54972b28-9a95-48db-9578-557b0bbdbced,4a6ce77a-8d0a-44b3-b2ce-50ce65027ff0,42
d0b8db19-4c1f-4676-9162-44fd434cdb1c,2db1aeb8-1039-473d-b8d5-48e5c56b1168,82b887c9-d671-4c4e-937f-b995a08e440f,12
09d72a28-8f74-4cab-aa73-dd9ee2931845,ce05cc9a-7ef9-44a3-b1db-47d3d10fffae,ca56254c-ebeb-414b-8b61-32ec1b98836d,365
63b9a390-4dcf-4c29-9361-3d945c5c725c,97f80d3c-01f7-464e-af93-2bf725e1a348,2382f55c-e8ff-4db3-8a38-742968f05578,2
a4b7af4d-217c-45f7-a838-21b602d8766f,ad11d957-fc41-4085-b726-df4f7a77fb67,a68116e3-57ed-4472-8a6e-7a79a76f0cf2,20
94437e2a-b836-40a1-ad00-6fb848bf592d,7cc71442-6cda-4cc4-9283-7909301940fb,9ba48536-b7dc-4151-881f-b52ce39e92a2,30
6cc614d5-ba2b-4928-9982-0b36f4b0f18b,2056d9d1-1bbb-4b0a-9212-f258d5f5edaa,a98fe08c-2bc5-46b1-ac26-7ee4769adb25,43
18429d45-22b7-46dd-82d2-395599c59457,c4729644-cd65-4055-b28e-fdc0ae002f41,83c58dae-9b45-4c87-b3fd-225f0f1f7985,46
8391ba81-beb7-4d11-bc19-f16d3c365e85,b479c7fb-be91-4bb9-842f-ef94ae3b62e0,fec86ba4-b4ff-43b5-a92a-bdf992095932,47
09b473ca-36b6-4ce1-8f9d-e30f3349476e,2e2ea7e8-2f1d-4c28-925f-4b1b6ea26a5f,5a331f40-2783-4471-872c-990b99cca877,3
b73a83fb-1272-425d-9dc5-231d8a303cf5,f1bb4ae3-2318-4769-baf9-e8a490adaea4,4cc2bdd3-6bc2-42fb-b7be-82f4aa5e4e19,9
9fdbc894-daf6-4718-9e36-ecbcce543c64,f6d85ede-5214-4ab6-8cd2-a18d03d0ae84,a9346818-3aa3-495f-b702-46ea00422889,3
b5bea5b5-fde6-4e89-8eb8-e90522a57744,02d61f5d-d6cb-4f1b-a746-d49ed471c896,35c5ced0-5d0f-4662-9732-b56a165a90a1,17
96f9e224-8034-4d83-87ad-25414531db7f,d9941688-4e7b-4675-bb91-80767468b9d3,d4e90c3b-7082-4c05-b274-be186fd62709,31
ff81117c-de9a-47ad-916e-899037c4ace7,92c8ebe1-3ea2-4f3f-a72c-04ac11fa6fec,fb4b5c73-a659-430f-a7b0-5444a0cc7533,41
f72c8fc2-889f-4e98-810c-da3d162e40fa,b57d2b9c-f52d-4ff8-b7b2-ae869874424b,00c1116f-eaa1-4488-b421-bfe2bcb6d6a6,2
bcd10b0c-75d6-4263-9e48-f160f235f49a,993820ec-889d-4d70-af77-49355d55ffe0,6a8be6af-f586-4cb3-bb39-4c9516cae6c5,118
8ccface2-e9b1-415e-b0bb-1e33c84f5cf7,b31ec66a-e162-4e61-b6f8-9d66c49a15eb,153920ff-1086-49af-954e-e5838cd7a972,244
be397f4e-a496-42c0-a017-3bb808c41373,cae736d2-3db7-4a3a-9f38-e517a8a25ddb,05f6e791-c309-47ea-9038-83b96dee4e48,16
87ff963d-7621-4a9b-bee9-ac2f9d1aed7d,158db175-4391-471e-8125-6503ed393851,662edd46-0772-496e-90a8-b18c8eb5b9bc,14
49a4af4c-acae-4b3e-87c5-99bd8672ba6b,fc1fc378-b85e-4135-8392-724380c1f56f,bd0097f1-2533-474e-aadc-9f5109fdd1f8,3
112e2215-ffbd-40a4-89dc-1ff620736aa9,cba521c1-f193-456f-bcb0-f6428ef4416c,c1414cce-41c4-4e7c-9493-b373a764e07d,25
f9b597df-4c9b-40e0-92bd-8f34ad46b041,0839f2e6-207e-4bbf-8573-432af9151efc,0bc5aec1-c784-4dfc-aa3b-a44f61e0c037,486
b9b4415c-e56a-4a0c-b83c-e15f7717ea1f,1eb4788a-2bb1-49e0-a730-2d8acde1de48,f99d4b52-5c4c-42f7-b000-264064e92c78,2
c747a6ac-1444-42ca-b5d5-c632c951b8cd,afdd3641-ec4f-49eb-8055-a23dd8aa32f9,1aca8b87-e73f-41f2-b5e7-09a5ce259bb9,97
84a76fe4-1c43-4f56-b2af-e1bad24cb793,b7bcf149-7123-403d-8b89-0e056bf21be4,aec52aa7-17a0-4ad3-8bec-a96d666e53c8,11
8d95f33b-0614-4817-9d71-a5af1d0c0918,c0ccc7a5-7e14-4df3-afcf-d6c8579c4172,eac9585a-dd3d-428e-bb62-0fb903ab6f00,4
0e0dadd5-6111-4b60-b9e5-b8d1ac4b9578,ee11677f-6c88-4f7a-b1c1-7a607269fab9,9ad23c0b-93dd-47f5-abdd-a58f16969566,7
2d8832a0-e6db-48e8-bb6f-894395e8dc21,703045c2-6c28-43ce-9b74-e0cf82c5bc43,06c782d8-d84d-44a9-a663-51bfea65913b,264
4d934f47-ac19-4efb-88d6-e2c24deea719,04ec6476-50fe-40c5-b1af-17c09a770c13,f5286be9-cfc3-4f19-868e-3834f7c995ef,25
ec557372-6b62-41fb-af1b-3fa0d63a14a1,63506d22-baca-4f33-9940-bc7125d8317a,72b75044-a540-4ed9-bb62-7619021daec0,119
636a2ad2-75ec-4ded-9860-7639e8ed044c,981096b9-6c57-4564-8646-1c581a3b2b97,f6bedcdf-da85-4f5c-a787-395be87dea5d,188
2433f780-f936-462d-b402-218e0a0b1ae3,c3aeeb08-f1c9-450b-84a6-73de2f84258d,3b56c969-f534-4f4f-9cb2-be0f9cc95ce5,189
ca3bda41-6808-49e7-8982-44bd327c52a4,22ae0f05-60e4-4713-b516-6af354d81dc0,241678cf-a738-4d08-ade1-6b69d6f278e0,35
ba52fe08-7002-4f87-98b4-36f8328991c2,abe188e9-83d0-423f-b203-ce6fa523e989,4a73c918-5ab7-4bcd-b2a9-8953fd942ed9,1
7b12b3af-2ddc-4e5d-a0f6-8246c053a659,68d15ae2-5b79-48ef-89b1-d212d47da2d6,85cb26f4-3c32-46d1-9bae-435548d82415,478
9742b347-718f-4874-941c-091c47cc0b06,993d7ab7-ac4b-41ab-b823-b8a6c9de0d35,07913ac9-75e5-4512-8e45-c9c18f4bd0a3,136
04463c3a-d012-4ac8-abb9-8beaa64bcc04,750a8c51-d21a-42fc-a885-bf72ec0a88a6,a69c070b-254e-407a-a44b-7090d3ef4226,19
82946b62-bc54-4bf0-b7a0-6157a483c5e2,0eaaca15-edd7-4df5-8907-b926c0a57449,108bff19-2a10-4208-bf9b-3ebe9b9bcd04,31
388c1ede-18b0-44e6-960c-4c6153b5c447,8d69e0c7-6f9a-4d6e-9474-265afe9eedcd,652fa2cb-d23f-425e-9756-89c62db07be3,113
ad2efed4-605d-4d74-9244-e2fe3afac9f9,51baa0aa-a9a2-4d70-ab9c-52a45c8a8171,696065fb-9c0a-4183-8291-d10165413f63,14
cd838649-fdbf-446d-a739-df880b5786de,bf9be4ac-330b-4073-8342-c40f442d4a47,274e2405-6e90-47f9-81b8-9eb5afd86160,36
77c60a8b-f74f-4605-8cc1-54ff4c31a66a,467e107a-468f-4e50-b624-72137ae17f2d,4e78d6a8-3e8e-4031-9392-e1fcdbdd588c,185
45bc402a-80e3-4065-9a99-5b2667cd8250,b52f560f-c32e-481c-bf59-ca8d224a3585,ce85e45a-4489-449a-89aa-a822e49d4484,4
30a60206-cc2e-45fb-99a8-da039897ac0f,0f132f0c-f980-4482-bc42-6c9804fb8da7,e3174110-cdaa-48d7-84e6-576764ae97b8,39
7fb393e0-86d1-4c76-889c-bc8da3b45242,34abdd03-8a0f-4e23-81b2-545e240756db,341f8b88-7cf1-4603-88bc-e75e28a3de06,2
400cecf6-495f-4028-aaa9-d6619211e983,e6ca6e59-dd84-427c-a02c-c22429cec95d,82fee116-da79-488e-8b79-f4aabcb74b4f,106
fcb0283d-c084-46b3-b8ab-612bcec2548d,4b58becf-5ad1-40b8-845a-7093adc09ebe,ab2a14bd-48a3-4ae9-aa99-52184a4b3db0,22
6f51c72c-e494-4ab3-819a-b8da1f19d056,04080d39-9610-4977-8c63-d52b06bbe7c9,e793648c-ba0d-4c93-8ea1-6096524311b3,230
877efb36-42ff-4ddf-b2cc-7edb7900f001,2fdeb025-4444-4d5a-8942-9df605070096,5409a0d2-f3e5-4e5f-b87f-259769145f08,3
7c925698-7ee0-427d-810d-f5e15f510566,24a738f8-e918-45b2-a64d-693580506544,49080f33-26e0-408a-b24b-0afda54b8453,27
dc98166c-ee75-4775-ba7e-5638951c4bb8,5b94ae67-5ec9-433d-9a50-ba65a2c9f04b,4cd1413e-6da9-465a-8a85-6324c04e9069,241
29c7965e-5196-41c0-aedd-bd2159be13d9,b2cc6636-5765-47fe-851f-712b0c82491b,539b4c64-472d-45df-b2ec-0bb10f20a816,42
8e91c950-ddc0-4bae-af4f-defb5edd75d5,567606ff-dad7-46be-a272-3bce74307326,3d382829-14f5-46e1-9796-a2e9d4c12e2d,29
ebdd96bf-a44d-4efc-a060-027a909c5009,70ae35b0-9b49-4eca-a96e-d8f196ae118e,8a912c1b-5a17-4516-9286-4857f33c2a0e,3
ad981905-57cf-43d5-8a1e-c621d4085607,9292cbd3-5c5d-4f2e-96fa-61b88a76c549,1bf8758c-6c90-49a9-857d-fa6ba4588bd9,469
03cd8a68-bdcd-4e27-b758-f4361bfd5959,15023685-ef3a-46ed-81c7-ee7e60ef31d8,3ae5d083-0a86-4b13-bbf7-8663665e5c58,5
d81ad353-4410-4f25-a032-0f13f7727a3c,47599068-e5b0-4fdd-afa4-52f85620d722,d0235b7b-1b18-44fd-b0ae-371e731bbefc,125
02579779-60f2-4e36-9c90-40465e962b55,ab5f6392-2f28-485a-848a-909db7ed5466,02048c53-8476-43c5-b369-96cee6a68d8f,297
c726672a-859f-4d84-81de-c6181fb67411,dd7df9a0-ac7f-4e00-8f7b-7243f88ba854,5eeb338c-58f4-4082-9f8b-5e5c6be3e9d5,2
5f04d82a-efbc-4ed4-b28d-8b59b156b16e,2d1a2499-5b11-4cc7-a10a-d88a5f324194,ebc71ca3-6ab6-4b0f-813a-b49c367048e0,49
45f78719-6930-473a-aba2-7e76a3a9a93a,27663413-b623-4ff1-86a8-dde42a4e7790,1d965409-f92c-4fc0-9464-f2a42db6efdb,34
e61879f5-9c01-43dc-b708-ada7cc55a0e1,3350ea78-3160-446a-b2bc-6dba85b374a7,da4313d5-912c-4d77-bca7-9ba1d2faf685,393
25bc58b9-3922-4fe7-957e-68b630dd072a,95197ce8-3e2a-4792-af2b-51f793327fe2,30971ad7-51da-44e9-9e01-cb3d62ae8a75,1
c41e27ca-0bae-42a4-a876-ca84b4baa7c5,43df756e-06eb-49be-8689-8518aa248b16,6602b6b3-5034-4e0a-a40e-72aca888a0f9,103
9494865c-953d-4ea3-8905-4e862a97ba83,d95fc132-2af8-4012-a1f0-0715ec65a990,c6ed7ad9-b8d9-4370-bb2d-9ca1465f2499,228
9ed5c34f-3e15-48ad-8008-e32488db1ef5,d5b475d0-e3e9-4a2c-ac3e-2287ccf00264,0023e060-8a13-4d69-9983-19900d84e657,38
6597d27a-d661-487d-8d09-33da95078e80,f8caa388-7069-4214-8d23-3e7170ecd942,f09c496b-bb6d-471d-84a2-1a696ed544b2,171
da2a9deb-fbde-4a97-9030-f5bb0d838361,03a5cdd7-08f7-4d18-82de-7dd080c1fd6d,73ef62f9-013b-491e-94db-fd90bfa9dff9,107
5d636355-835c-4cb3-887b-12da9cd2327e,20c3ae8d-78fa-4618-935f-459bac38636f,56d7491e-67a5-4cab-9013-e0595a33d3e5,93
54e343bf-a50a-4a79-ab88-c27aad95a60d,a8a96840-447a-4e90-a6e1-71c829f176ac,82342ac0-6c77-4ce6-a351-c3f14a7748e9,427
84ce2fc5-91fc-4337-b145-ea885037ecc6,bd9aaa16-921b-4d93-8218-16d6815d8e30,2ca21f62-ee59-49ab-b814-5afc3acf9abc,3
2138c5df-9fc2-4ed7-adee-dd93a6eefac4,a91b9a3d-9444-44b7-8c61-e6b393d737d0,245bea77-0fbe-4baf-8a3d-c85e790f8380,393
5c1429a1-91cc-4a04-a904-8b981c717e67,b063f7e6-250e-46ca-9511-9b735fbc5d83,98c4ae6b-2e67-4e5f-89f5-cf8d527e3a03,37
55e3d793-6cac-4c47-b759-2e87d11fb721,3e59f80a-a776-4271-aaff-635e39d60a66,ee576629-a509-455d-970b-1d376289710f,132
ca965ed3-d179-466c-a2cc-0053c3a7942d,92b0ffcd-a084-4259-8744-41c579391601,54a63eae-e0ab-417b-9ee5-38f56e3c32d8,476
857c099f-b7d8-404a-aaec-c68f1d30584a,9b115a48-4b97-43f6-9c5b-b9b7fa958ebe,b0a14a21-f4ba-4a4c-a484-31292561cf16,4
cdb68f62-5e6e-456d-b4ca-a30378922ff9,1e824c31-6361-47ff-9f0c-2247f1f75c9d,f3b7563a-eaf3-4eae-bc51-580de7f50aad,186
1a5f6343-281d-4807-93a8-ec94c0ac41a9,e8fa08b7-eea9-4b5a-b97f-83d919289041,a70429b4-3d51-425c-96e8-ba84a517f437,2
e730ce49-b352-4220-8fc4-6ba2ef3b142c,95e5ddcf-2803-42ef-afad-d58ddc1c90ad,c840bea1-4075-4d13-8a1f-48e5c6d89f7b,130
01272694-d01f-43b4-9edd-966b4eedad05,43130f63-46a6-43e9-b17f-9fe35be5e341,cfdb5b41-8939-476d-bd0a-7edc2213421b,458
90a49f72-c39a-497a-a39a-21c848c98873,28b89a3a-bd9b-4e2e-8af5-0844abe90bd1,94144ead-2a20-4c2d-b6ef-0f8e892ad884,14
0bba091c-555b-4eb8-8ce4-b57fcfb04869,c2245c72-c306-4559-b82d-259561c707c4,c7fd885f-1543-4ab2-b6cd-76402b15a63e,90
381b67ce-aa21-463d-a355-d2b938569a6d,9ede7cde-7f04-44e2-a017-f347ab2b71b3,e24e2d65-bfcc-48f0-ba65-f05ef53e21f7,27
fe6d1766-8bd6-4dc1-a99a-34d4a29e950d,2d640812-5a75-413b-82cb-6d82fa04c3f2,25cb8f2b-1863-45be-87d7-8eda71f119dc,39
ac48b762-40f1-4732-a5a6-90b752cbf4b0,a17919a8-4c98-4641-a35c-d3891f7e43aa,266d0e5a-d369-41a3-b8d7-79417aaaa761,2
9606b978-8ecb-48d8-8a60-3a8eb747e44a,f2b90371-1689-44ad-a36a-67bdf4eec14a,5f4d9589-a929-4d06-ac1a-29bf37a1d117,2
8e102277-82fe-4f82-98d8-f88a66f8df12,98378882-388d-479f-bb7a-c20146fa1162,f41c6456-6346-4e7b-b0c8-809d1ca2663c,5
2173b6ce-1daa-4788-b4be-daffa6af9cca,acbe368b-b136-4d12-bae6-6234a79aa1d4,cd4a7d86-fc0d-4312-9eba-d8322b55b934,1
86916252-e76a-41a0-9e86-80513ce07300,3cc2ea4f-e9bd-4586-9679-68fe81a3b1d1,b716b1dd-fb5d-437a-b1d7-6f3e75e10204,2
0d38840d-1d6b-41b0-b744-6e09faed02b5,9a681b8e-e0fe-4fbe-a251-26fb238d9e45,c96b19c0-eca6-40e3-8663-eb56d51e069f,2
cc0c1ae5-8120-4957-8924-8a61c244fa41,350c9d1e-9889-4383-a66d-93a9151c7575,890e6edb-93fd-4fd4-af04-6590d24482bb,12
9493a24c-fb5c-41eb-a537-699eaf5a09fe,824b39da-6436-4516-ac88-b07085483c18,bd0097f1-2533-474e-aadc-9f5109fdd1f8,186
99eea0c5-d8c8-4724-a95d-0203c3a95de2,551165c0-7621-4689-8ce6-78cd1f19d0df,da825a62-0d73-4941-85c6-ecbbc4909bee,87
b934bdcf-8e06-4282-8ee6-2052649139c1,aac320c0-1423-4fe4-8772-27b12100c31f,979a04d3-838f-4e63-8fdc-e39dcc7241f4,196
e89d37f5-f26e-4961-8d00-9a8f05c4c11b,d244bdc6-728a-435d-a429-7a22841cf53f,6d88713c-841e-499c-af88-9e91418023f3,496
fcb53b77-5ea7-439f-9f6c-2b1235be95ef,63315ed0-f8a1-442c-afe7-7db99a8c8cf7,de2e5094-01e0-4998-9d65-d97eae16ed65,5
b3515849-f4fd-4581-877c-656b16efa5e2,20c3ae8d-78fa-4618-935f-459bac38636f,2d45e29e-7d1c-4a64-b958-756d49bcf51f,67
97e9f481-266e-4ae0-8401-67f7f09c67ff,c867378b-1cc0-4223-a65e-b500a537295f,696065fb-9c0a-4183-8291-d10165413f63,419
f890ed39-8dfb-4835-afcc-2017e68effb0,af4889c5-9f34-454c-be87-7d0333bbe47b,3d7d81e0-3086-4f0a-a77e-258c85b07840,2
f7bc5bb7-a06d-45a1-bfc4-a225b93e4f84,eb06870d-a590-4709-9482-7334b0ab21c2,b6434282-f68e-4aae-b143-318aa5b0d41b,3
017fd36b-13bd-4f85-b5f9-79e4198a3f7b,5b0330e3-3bb0-4ff0-bac1-22ab465018ec,1b398f8e-507c-4487-807c-b4371b5bc46e,1
997615a7-9d65-4222-94d9-2a725264fd68,b1697f58-c2ec-4956-8f9e-57beb5787827,2520c554-d3d8-477a-9efa-f194b84d7d1a,94
bd807f73-7d55-4103-a8e8-0b4262cdac6f,4c1f2cc9-b526-4270-987f-a6b72e30d765,0e7803e1-f034-4d7b-ad4d-27510d6be06b,42
b164e3bb-3657-415b-a0e5-7273bab7377c,c2245c72-c306-4559-b82d-259561c707c4,893f0eb5-d136-4b13-ad29-9c8daaf35c4f,147
90708b91-1611-4c0a-b2f0-8e56ce04b64e,c4b572df-5bb9-42be-b3a9-3a8550fa5d40,9e94fa20-386d-4530-aedc-213b903d2605,3
870d98fd-8e4f-409b-bfc5-08fdfd185a3c,72b29f29-3d1f-4eec-a4f5-4b988e58d5a0,2064b500-d0b0-4cda-a924-e4e4caf50449,67
be50a601-718b-4606-8cf7-b3dd98e3b9f5,318a3c9a-dd31-41d4-aadc-a2aba2201375,76246940-2a51-47c2-b393-676aa5962339,43
288ce26a-2aab-4ed4-a4fa-105458c1f1b4,7a317aac-5fff-45f1-99e7-814d1169d12c,c2771354-64b8-4605-887c-90595ad85c30,106
7f24814c-56ac-47f1-99d9-08fa41358ea6,d1883a94-6405-4405-b868-15d42ce01734,4daad71d-eb0b-41d5-9ddf-45ede035a524,15
8db77293-a24b-40a8-8f0f-d86e2ec4e8f0,fd70a380-c014-459c-bab4-fbd843d66f5f,8b5d8843-20b4-48aa-800e-896a8fb7f4c0,75
9e41c4f2-cc36-43c3-b9b2-892a555c09a3,ce8f46e8-ddf7-4ed9-b0cc-a201ae7783ab,7b5633d0-e72f-44a6-9473-d6b807701bc2,5
1a25aaac-5f29-40da-81b2-8abd269de7b8,ef85f072-b8b8-49a8-92b9-7c60680df1c1,a3a0d97e-0a14-4d77-ba9b-1b6b5f376c53,2
eb88bf86-b3ec-4d7b-ab14-9f95f0cc7b20,f89168c8-d1b4-479d-9381-db240218f73a,0f1f5fe2-82f1-49a1-9145-7e17ca54408f,3
d9854149-41d1-4664-8443-c1291ac8e251,d2af48d5-cad6-4b36-aa64-0b98863380a8,70bbf3c6-993a-4bff-93c7-a970a35e573d,47
0d91648e-7280-477a-aa6a-d45aa95ba27b,6919f4f2-5228-4350-bc01-6617236833d4,890e6edb-93fd-4fd4-af04-6590d24482bb,155
28d47934-2619-4fca-9237-3391a2d778c4,f1e35b96-c944-4da9-8e08-8848d1ca30ed,eb7c0215-e39f-41e7-b80e-3ce149dcd172,1
d6135eea-52d1-4c7f-be2c-1b35b9d50342,bdb4c442-4104-47f0-9c4d-849e6f33c640,5dbefd25-b252-43b8-8211-bf951160fd60,35
bd904d55-1c2f-47f9-89d6-b4285ecc81b0,0649afce-9003-4d0d-8979-3248bd9e0449,2531465c-f6c3-4b68-a0a3-7888d95234e1,245
bb81eb20-26b0-4aaa-bf95-1ccfd1227e27,82b7d519-7af9-4bea-af48-d9d4d2f4a8e7,de1e8f95-7a46-45ac-8596-b205ffb91d31,17
5907215d-c77c-4d93-8b82-ea170c201fed,76e6e754-aa7b-49f4-a32a-4de606045df7,8ae71d66-7804-4398-8b0c-1b319c5048df,13
b6fad4ff-d1d4-43ed-a76c-3fe026c7cd03,d1e84686-a5db-4bc5-8dc3-d2a71597fbf2,96cecc27-673a-4d5b-aea2-95cb5e7144a3,21
00750de9-e445-42bd-87b8-bf4c9135b6be,acef9e70-15c0-41b5-a9f1-0701f34a7956,ff181535-ad50-44fc-a220-63bf029ee63e,70
5a6f10cd-13b9-4117-9642-e91143634087,0b591cf0-3061-4f4e-aedc-015a3d1e5710,6dd13a1b-18c2-4e09-97e0-a61777f0d7ef,19
e188b669-3256-41fb-8dd8-5f61c90840f6,dd182ccd-7366-4543-9515-9f183e491b80,e1de8ccb-467b-449d-a68f-4b9099f7f015,6
f4665af7-f16b-4723-94c1-5de23b4e1e24,f0ecea9e-2285-40fe-b090-7fedcf0539c5,25cb8f2b-1863-45be-87d7-8eda71f119dc,1
23875114-c987-409a-9121-91b4577902ef,7fee86bc-70f8-41b8-b9ca-8eaa18dba241,7c76e8aa-addd-450c-8c27-345c67612b1b,93
631bccd2-015f-49bb-b677-243984a9d35f,8f846e1b-9941-43ab-bfed-60d81e470825,19d541ca-bba7-48cd-888a-1c211e012ac9,110
ea6bd783-aab9-4ab1-8a7e-1d288fbf4b8d,7fca78fb-d514-4f29-a65c-6d3ab136364a,b151c121-b05a-4d9c-976a-c8cfa6c08c5d,28
723803a9-9884-48c9-aef9-994b5cd0ef1c,fea13cf4-20e3-4c55-8fd4-d58e221d4ed0,17300f40-a068-4388-b481-64e203c47fea,43
458bbb30-a04e-4cde-9d08-d86390018de5,8bc85f53-a3e7-446e-90d2-06c14347ad4c,9a593653-3ada-4c82-b6ac-3adee576cd47,137
3a0d9e9f-6ce4-4dc8-bba3-98efd6ad6133,ad15024c-0064-45af-a9c8-bfb71f25c369,b2742eeb-9b88-493a-81ce-e8a91135ed36,29
aa1430c3-ffc0-4b21-a484-9ab50a334262,25f37976-2e05-4937-afc1-e2e80f4272ba,a89e50c2-447e-4e96-be14-609c13746d53,49
36c48e1f-f4d7-4374-a57e-12ece8c780a0,ce04b22c-48ae-4b59-bb39-122972c180b8,8a5c6b92-bfa0-49ba-874a-8d3c803bf8f3,26
e19a68c0-e067-494c-9432-cd77f6a0271f,9f5b49f9-664b-4b0c-9eda-ea720bf1336c,a42cb63d-ac52-4afe-8fb3-cbd429e085d5,286
d7959550-c911-472a-82e1-a5f6105d8d07,8a4a766c-c876-497f-8923-e1969d806cbb,8ab80ea5-4662-419e-bcbb-473e7ef44ee7,481
8265c973-ef54-406a-8861-8c95a08acd87,1683a60a-da96-4821-b405-c26d58f37965,f2d5c6a3-e38c-4095-9964-21f877f7bbdf,19
870642d6-e6fe-4115-8570-3759dd3b3a20,a7d39365-2796-4ce0-8257-7d439ee6fa32,7615972a-f68f-4f26-8c71-94c54d5c7bec,28
d83d4e69-c393-47b3-8598-cda63e33a733,7fca78fb-d514-4f29-a65c-6d3ab136364a,c167484e-def7-430b-92a5-e2fd2eb2b866,111
37897300-1bc6-429c-94e9-72f37cb36b5b,1bc2b61e-c6a3-4ea7-99c3-a892c15665a9,9c3417e7-4c4f-4d76-a2fd-cc82f5106a28,25
ff325091-4b6c-4300-a855-94a244b9114b,6478bc30-d72e-423a-972b-4c22eb0ab9b6,3b942012-0773-46ac-82b2-2c7aeda70dc5,2
69a5c7c0-29b8-47c3-9b55-3465aba36c11,106de5fb-6e44-44c0-9d60-aadf34a90a4f,31679be2-4fe8-448a-81a7-bba3df961f85,151
616c9147-160c-4f95-93f4-9612c99a9153,7a1bfec6-b3c7-43f2-b05c-8c6de372ed8a,c6ed7ad9-b8d9-4370-bb2d-9ca1465f2499,2
1c86ee0d-a018-4016-ae09-5857614af6a8,f40dd4a0-2816-4d17-802d-6943dfd37d05,aaec49da-eae4-492f-ba4c-1e6f31290d32,25
42b20adc-e3d7-48f6-8a63-cfb70bdab7e4,2353297a-63c3-4369-bc8e-97853a38079e,1cde3fde-2018-484d-a089-b0cb2dc59854,1
951b9c0a-d7a7-4e89-b700-cb096c1dc283,c6fef054-061f-4461-b7fe-9c5ea4b4a8e5,8ca5bcaf-750a-45c1-b6f8-bb99746830dc,45
05619951-878b-4821-9f0a-00a52980c38b,f3b489de-dd55-4565-98e7-c5bd720773e7,c64f7669-3f37-4a4c-84d2-57642e608985,21
7c775441-a515-43a1-8172-1d86f2bd56e2,134ad19c-ac6e-4f55-a747-dde84a23666f,225e7bf0-0afb-487b-9b87-48f1cd3e217b,13
e3c08ef9-3a28-4dab-a018-c960cd207f26,3da6a6a3-8c40-4f7a-a2ee-cf70d469bd9b,c96d1aa4-de02-44b1-86e1-84e7df7d73e8,1
d9a81fd4-f88b-47af-b6ac-c6fcac31bb90,dec1a5c6-d7a5-4963-9a06-f507171881f8,20ee8b91-176b-4aa4-a85a-7900257d37ab,2
292b7246-f5cb-447d-a9d2-5ec3c29be07a,655a86ef-a881-451d-be4f-884a76ea96f4,1e5aeb2f-4dd1-4e0e-ab0d-17cadd6a650f,12
e47d2813-a61e-43d4-904d-c881a2c2338f,8916c528-a056-4104-bc92-afed438f2dd6,7bd7b94b-e783-4f01-a997-572984bb042d,2
44588187-d0b2-40f0-b8ae-b2679685d834,5543b952-5ee7-4855-90c9-2ca59ed9557d,9470fa20-2de2-482f-ad51-778c41d878e8,93
8bd0cf6a-548c-40ab-9e20-fce99def2d62,3fbe8728-ffff-40cd-ae49-5ca30dddb547,4a19498c-7cff-45fe-be16-652aa71eb25e,209
bfb96f0b-ee15-4bd6-98e0-e5477226c59c,f3c57663-7627-4b3c-b2ee-300d50adb0d7,67486912-9ef9-4051-bbaa-401dd8f751dd,246
96ab415e-fea4-40e0-9417-aa904074beba,5359f389-0e44-4c71-b072-5521d807d640,70df7a9f-ab26-4362-b136-9be0dee82ddb,181
1bb2c6ad-47c0-4061-ba0c-b677a26ed080,a3d5f503-aa7a-401d-b617-e4b077757989,78d09311-6a5a-4a19-a4bf-c561141685e6,22
e8767765-cb23-49e2-ac9e-f6832db7c8b5,01a2988e-0252-4b4e-b0b6-a26a4a29b394,f200c711-70dc-4a44-9395-b06d45cfce7b,410
5b00731b-4f1a-4f61-b91b-d0ca6b921f68,d9be5711-119d-41ca-a62d-fe7c36ee6045,f462d239-0da8-4595-babc-cd334baf2148,33
da655b3c-5c0a-4697-8abe-6f417460345d,25f37976-2e05-4937-afc1-e2e80f4272ba,994f5ed1-e624-4b42-b566-3134746ca038,188
373f3413-0fc5-4af0-a332-5e43ec458a4a,012f4997-6438-4db3-a64d-8b527c8afe45,85c2f727-d2a8-40b8-8425-82514304ca1d,18
d869c0cf-a9de-48e3-b564-c438ba73e599,58faa78e-ddbb-44b4-af1b-e9565cb72bcf,6ed155e8-2dcd-4e34-abd9-295cf5d323dc,5
6e6ec48b-7368-44da-a654-8dddf0c2c5e1,cf0053ec-0017-45e0-8800-8ecac44f3169,4c7d012f-c0a9-4f8f-9368-50718f150531,8
725f18ae-a99e-4d43-9f3b-0d26e924d58c,73df56ad-da99-4d07-a382-dde6c8f6d464,05fee888-6f2e-4f6d-b1c5-63d34342d3d8,9
b9ef42cf-9b4a-4866-842c-59f67e9726e2,168ad496-e9e1-496e-a226-927bdd58de07,da12528f-4c9e-43e6-95e5-587ae9678cf8,5
de7cb5b5-4f65-4c33-9d56-66157ba7b539,97f80d3c-01f7-464e-af93-2bf725e1a348,8664ba00-9670-4b59-a073-f3931371371b,10
4185c575-0f7d-4b24-b248-90d2f7d2715b,942d19d1-5447-425d-ae91-7500386abea8,19b38d6a-f3ac-4854-b898-5a47a124a6d7,373
8a378bc2-97c5-42d7-9ab4-0de1e3190c51,b79485d9-ef5f-4dd8-a1dd-070f1fae6729,a7510a28-2d2f-45ab-a52c-2ef423aaf9d1,123
19ea08da-634c-4f33-97e6-ba4000db66af,ba672f7e-e928-4de8-80ad-d18612f6facf,505b5a7e-c36f-47b8-ae61-3c1ca986a81b,4
c13bc16a-5db5-434e-b4e6-10ea8ecb314d,a3b62290-467b-4ae4-a3a4-8205c0e95702,971a8caa-e6bc-419d-b692-cec75062715e,117
f22a31d4-169e-48f1-80c0-b49d7bf87f73,86147bfd-ca58-4e8e-be96-a4e87abb5542,7253bd8f-7b5c-45af-bb6c-560d8ce80692,3
cf03da70-ef8a-4b3f-942e-06bb00864a34,10e5def7-ed93-4e3b-8e91-8147f9b62f68,8810a3b1-2b7b-4907-b248-03947a46b271,33
b2f7b861-9771-4a7e-872c-85b4b3040fa5,fcb2baea-7065-400f-8503-f63bb7d9e941,ce16faff-3d0a-44d8-82f8-2a40426d9a13,39
4d923ebc-b4e1-476a-8aff-56d2a3bb1be3,0536262d-a088-4bbf-9e58-685ecca7a1b3,669d56d9-c55a-4924-8802-c43a7dbd62e1,16
2d5d1d3c-79c7-4917-a166-be5766c52ebc,751e4404-2e33-4103-91bb-03475e2b0be9,0afbb832-3a04-4724-a6b5-bf6c631a04f1,111
912a6515-111b-4f80-90f5-189d4983ffd9,150a03eb-e887-4cc2-982d-57db5eb05541,0149dea4-f987-42ff-8e4a-f862c2ef5dfa,138
95a1da9e-825b-47dd-b596-3373bb6c6853,bae2e8e6-6856-43e9-a42c-4172d9b4dc94,e3bbb0a9-d5d7-4305-8a89-611d4f4b0ab0,17
0b42f372-db0c-47b2-8882-3a5fed0a3f31,99bcd202-e642-408c-932a-8ef6d3b2e163,51cffa2d-6dae-44df-b5ad-cd9f6f8447d8,35
216078e0-74f2-40ad-ad44-954a851bed0b,8534a278-6ce8-4298-b86d-8fd382edd810,a0eb3db2-41d5-49fa-a7e4-4700d35d1de2,187
e815a14c-c35a-44d8-85a3-8bb3c808c705,fa4cabc7-3dda-4c00-a5ed-be0a984e51a9,5ac5352e-a790-44a4-97aa-9d42c300b84b,27
d5eac339-de68-4887-ad6e-d4080a7f7bf2,057645ac-18db-49d3-84b2-535f653f4cf7,5a13ecc8-e77d-45bc-814c-32404c7ee3eb,17
9b7cf004-560b-4506-840c-96c5b791fe39,5dc68bd7-dce3-4667-9144-2ced62366e58,51dbdb16-3e93-4c2e-8498-91b7c708c4ca,331
e8c6abff-3133-4f23-a0ae-f9f81bb6a541,8a6f181a-817f-47f6-a251-1236bbed0a37,b11031dd-0f58-4d27-a251-0800ea75da00,25
dd18a499-ca8c-4abf-8501-09f26d518102,bb2ce6a7-cdb0-4915-9c80-c4ffae82e744,df70eba6-c917-42c3-823e-dbc439184237,75
67f22081-9ef6-4d44-ac0d-21fcc7469233,9b87beb8-6648-45e1-81f4-4926f1f67064,2daa76e8-80c0-419c-ab93-ae1cbc01d3ec,3
2aba8cfe-2a68-4066-ac88-bc7ca96f13c5,4863a754-2205-4c4f-8545-27a9312ac227,16c73582-c09b-4d74-bdd5-29473e1e306d,1
ab601452-3b96-4d2c-884f-73d77447056f,c641278c-4b0c-44a2-8d1e-84cc55b3e7f4,9c9c469b-a627-4639-8eed-64e4ab5b9bf7,18
12060953-18a7-41b5-ae6d-e2a584227e0a,ed728e79-ebe0-4ca1-ac78-e0964861b71d,67c319ba-6450-460d-9f40-dbdd5c239db3,24
6ee00bdb-93a4-4d5e-b301-af4e916f2e7e,5845c3d4-9809-4ca7-aa8a-8a07cf9910e2,0e525cf4-68d9-41ea-8f73-1e40cf04a669,168
2cc8f46f-60d7-443b-9c96-5761c790e560,aedd9e6d-8b87-4dae-9397-0a4f46ecd948,150b6aa5-c56d-48e2-91bb-1cbbfb601432,22
1214ee84-3ebb-4ea0-8f63-7e64511f1532,5f09a978-343c-4bdf-8dc2-eefac891258d,4298a8fe-2e00-4a61-9171-f5b2a2dee8a2,21
b6ef9ebc-895e-4f11-b01c-0f32bca5e9d4,e5805130-a7cd-4af1-86c1-c22789de91b7,4bcd9d8d-a1fb-422a-852b-3a8d5ead650b,28
01abc8fa-edb8-4f88-9a2b-fdc47d8fd8af,f0e51fcc-03a1-4013-930d-b38a5ce13f46,b9b63e37-4c78-4788-9e1a-c66f38798c90,307
959cbff9-4abd-41a3-9882-4392fc4ab1a5,5b383478-13e5-443d-92fc-a8d38cb3d390,3f7369e1-b30b-4947-86f7-6384de67bfeb,46
cd7c4cfa-bfdf-4768-a65f-9ba622cc450c,a38f1ca4-be08-4e21-89e1-c8dcf0738c0f,6cdefd77-a08f-442e-918d-190f4e28a321,64
90dc65ca-8150-4ffb-8d7b-4736a9cf9158,5e37b8e2-b591-45ad-8a16-5f681dc81a8f,67f101b8-a253-44fa-8f5a-1b7440d3428d,42
ea6bf894-1ddf-46fe-bfb6-f0dac65df94b,87040357-130a-485a-ab82-779aa776dd56,c83ce887-6fb0-4161-ac78-45606efa6f4f,21
dc262692-ab55-488e-afb4-911c51cad1e7,434c6770-93a4-49e3-b51b-ae05370a1206,46a20578-067c-4f8d-ba90-07049aab3519,2
3b717c21-ee1f-453e-b4aa-aeb40b12557d,6ec803f2-7d93-4773-9123-13d39b221bb6,397dc7b4-1423-4826-9357-f81021cedc21,4
fbb105c1-4e42-472f-8e60-9d323a5b0bcf,a77bf5b8-4678-4ac0-816f-a9274faf78c8,d3375b25-c412-40a2-a51b-7773ab86ff55,1
a4ded952-95cf-42c7-bf77-9fa3784a5274,a473b26d-d256-400f-ab58-8bf7bf5a8ac1,d199dcbe-b5a8-4f67-ae0e-4f8b96e936f7,69
b7f7c207-90cf-444a-a926-bb91afb2ee30,d037d10e-7e14-429b-aa85-2769d522b170,14bb4fab-c0ad-40a1-a8da-d99792a77267,2
1ea68c45-9736-4fdc-bd19-35dd2debe320,a2af7885-5d33-44cd-9b2a-8886aab12049,ab113cd2-e839-48f1-b8dd-5c4b0ab7d47c,7
8d1ee275-66be-489a-ac00-329caab9f983,95cb85a0-cbc1-4d6d-bb1f-008d63134744,8e74c7c1-a673-4996-94c3-7c5b4e647d60,5
f488dfbe-8c9d-4f4b-a21c-46cb911b584a,863a19df-f666-486e-802c-86e9a72913e1,9d38e4c6-b83a-41f9-baa1-207248d375db,25
7cd3597a-ffef-4021-8023-379b795e71fb,13bf1743-7f34-43c8-8291-715fd78b2811,43db7c7b-2a48-4a8d-846b-8e8aa9930fb6,72
5b5a80dc-3037-40a8-90af-14e94976856f,1bc9559d-ccf5-4e37-b6f0-7e19d509f340,a2c5b738-1fd9-4e54-9ac7-2f5daeda222c,116
2b10cf7c-f05d-470f-84e2-10252025d6b2,f549501e-a2b5-4f9b-aaf1-06b8abfa4bbf,30cf1bed-64e0-482d-b341-c7625ca8d6a4,44
a9ff959a-9b75-4488-a46b-f596361d6bb1,4bfdcb5d-c6be-497c-bbf9-8536ba067f93,a395e5aa-611e-4772-8850-3704e6a66e36,1
794fd0d0-1ffc-4f11-8c5f-47953077dd1b,e367fa0f-d1fa-4583-bc36-930cc4076668,5c4a417f-16eb-42bb-802c-9e72728242fd,2
e26b8a28-1b8c-4ff5-9af4-c3c3ef0ea410,ff47d270-77fe-4cd1-9050-282e7ef223fc,8ae71d66-7804-4398-8b0c-1b319c5048df,238
7e8a62ac-892a-4f44-a0fe-3e4435b9e041,8b811672-35d0-412e-b578-febefcc360bf,24bcd75b-dbfe-419d-b97a-8461a5e00b7b,184
e4363962-c68a-4e43-b37b-add23f019184,4b58becf-5ad1-40b8-845a-7093adc09ebe,b4281c5c-5105-4c1e-8ac7-55bea89faa85,5
ca80728f-7b06-410f-b4e6-67d3706e9ec2,bd95c781-fd3a-4b31-a454-6c5c16b4c2df,687efa70-cc9b-4b4c-9e25-be0018b73dbf,39
38b11239-5e1f-45f2-93e5-ffc134348021,672d1f41-2a51-4583-a6bd-fba67832df8e,a08a7b5f-cc61-4c0f-b78e-124b307a5e83,183
4e857b0b-81f1-4c89-9208-51643508ae65,93c35bc6-04cb-4ebc-aa51-12994a5c527c,6f1a5f42-30cb-4ba7-be46-cfee6d40f30c,8
d6d8b124-53e1-4735-9b90-c0bf110405b7,e3ab2d50-e73f-44a5-bcd3-01012db0f12e,e387f33c-889b-4746-9e11-f0edd3678857,31
133c5722-e7ef-43b6-89a0-a22e437a4bd7,3ec9233b-1cba-4ce6-b0e4-8e01ac810e11,a7c2ce61-c986-4197-a950-c6bc975bce9a,26
5c822ea6-37a9-4e0d-9467-562bb91f3837,8f1a5b8b-9ebb-4a62-b4d0-7fa818a6891d,041424e3-611b-47c4-98c3-13ffe4421ff4,26
34058804-d14e-49ca-8309-28e86fecd345,700fc340-a408-4749-8391-ca03cbcdc6c5,fdded4f8-77a0-4bdb-960e-601fb8a2d633,1
8d669b13-4e2d-426a-97de-20c93bd2724c,a48f0968-e216-4d1f-90fa-22afe74d390e,2ce7df72-89c0-42ab-af1f-06029cf54f8d,67
fd21999c-faf7-435e-a201-3295243245ba,d0b0a8ed-f2fd-4b81-967f-0f7166a0802d,3e90b632-04b0-4a15-9577-21b22bd1cf59,1
8efccf9a-ed41-4625-808a-57a52847efc3,4814034a-7c7d-465c-a7f8-28a13d26e746,1a41f33a-13ee-4a19-96f2-dcb7c3f8f5b3,1
7fef5612-b1a3-4474-81e9-c54e85c5dae5,b7241796-f4e4-47f5-b872-020b08be35e4,5b7463cc-e549-4300-b5fa-b1fed45132ca,157
d2a08bfa-9bde-48bf-a614-377fe33f27a6,53e1280f-4508-4e5a-ad57-437efd0bbe83,927229ed-9565-455e-bde1-ddd2a52f1186,18
331326df-473d-45a5-ab89-22875566f25b,acc5612e-5204-41c3-a10d-c4cbd618f547,3b8b1ce6-1ccd-4cb0-aebb-678e745d1354,129
95d9ce78-60cb-4aea-9338-c2e74ac2cdf8,b4ccf65f-8283-424d-b2ea-ab6915e4474e,f9e8ea88-1db4-42bd-9fd4-b35a4c8b70d4,267
8085c410-468b-4894-bf5a-0f9394e3ee63,95e429bf-2c10-4eda-8601-315bcb4b844e,42b9a29e-aa35-4a96-9c27-9bbb72ab0c41,4
4d719c51-e637-43e6-8675-a4999e54dc25,53654e2c-3b6a-4166-b049-2738f01bb3eb,db59a54e-a975-4b92-8580-47187c2d2e35,3
914f8a1e-402b-47f9-a493-f079bd036216,8c907a72-a924-4696-a7be-842e1311cdcd,dcf727db-53df-4b2b-a18a-06a747e159c2,23
7f69be6c-c4dc-49e8-8de6-8af0b0f3761d,01d8fd64-96dc-4db3-ba4e-f78ccdf06af1,0d97363d-b3fe-4a3a-8395-eb1175e85849,17
287b26d5-be45-4959-ba8c-d1ad05c38029,e8da7cfb-c226-406a-bd77-d396267a97c7,a3ead224-aa90-4007-adc3-7623964baea7,4
04558f10-fe91-4821-befe-73619dc1ba64,8bf2e068-a016-4aa6-8e37-1a93733c08cb,5a754f5f-f6e4-4f4f-b16a-2d4ec0466643,18
d21f410e-0daf-4e02-a669-563b33a258d1,b55acb1a-cd74-4b0d-a38d-9a635ca2e0b8,514059c9-77aa-4278-9487-08eb46fb7c69,4
bf4a503c-99d0-479c-a0fe-694ba740738f,a23f9e7b-4361-4e37-b26f-77f4d5870bc6,29eb0309-fee4-464a-95d0-7f40a5794c45,9
8c7925f3-d1e7-485d-9c43-b5fa5983242b,60356463-c3d8-4c38-bc3e-64698720fe8d,7c57d740-44cb-4a3d-9e13-9d220464cc45,36
04583906-5326-4e84-ab63-c558c429b852,b38c160e-f50f-4b01-b7b2-8015a6034c9f,bf0d4c00-2ec3-4863-a93a-db6c9e1ec0c5,29
7002b35b-241a-469e-8893-d1a2e02ffeaf,22ae0f05-60e4-4713-b516-6af354d81dc0,a2423ede-c023-4364-9681-373a344934f5,39
4b2c05c0-dc55-4a09-9f45-c78ef31bac2c,7bd59979-949e-43ca-b96d-6f1be0ca0178,f4c54d42-14d7-44ff-9be9-30c0223b6648,318
0c9c2a07-3817-4116-88f3-30879a505429,0b83d7be-428d-4cf8-b09e-111c259f804c,a0ee29ab-5e6a-4322-8b2c-42ab8f4aad4c,23
e9ef3038-783c-4960-9cea-9cbe52bd923d,fa9f6c98-94e8-4e2d-8b6a-765658e314bb,006d9215-086c-4b14-98e6-fd7a3d490165,479
ec5b3856-1a6b-4065-8512-97bcb4db0576,4a7d58ee-f6f0-4797-a353-2310bfef272d,184d8987-bc20-46f9-b361-ec8e0f7cc8df,163
ae6ba1c5-1bd1-40a0-a638-cd53612b12c5,865e22ad-bb2b-4fcf-8cc8-22d6d320c705,14ba3f35-ab9f-417c-b35c-2733483387b4,4
f543a7d8-c2d6-41c4-aace-550a2321bb75,95594eef-fae8-43e2-a3be-1455401a7cad,6ba2458f-91db-4f21-95db-a7f69acb34f2,39
25deebfd-5191-47f9-a1d1-3e509ab41923,78014d41-6d0e-44db-ace2-3422ad48976e,5b540e46-7d49-4303-b583-7eabf61fe751,4
b0af3e4f-b96e-4a2d-b4e3-827a4f245305,c23467d4-3489-4d37-aa8f-18aaa5efc6f5,08306fee-a2d1-44a3-bfb3-37f81bbbeab1,118
64a4471a-1f88-4a89-ae8f-d3e56f434564,b0f14903-cca7-4c6c-9e1e-4ec52df3302c,5c9ee36f-a5aa-4d20-99ed-9c5e622ca3ca,10
bddceaaf-f06b-4f98-bde1-7c416080038d,8d69e0c7-6f9a-4d6e-9474-265afe9eedcd,59aef4ae-9bf1-4b1c-9af2-29b7cedb4793,486
7e3a91fa-e8ac-4436-89ae-ccb95c5fde79,fa309a9b-f25f-44d5-a726-05be37c92a09,f9e56f2b-91e9-4456-a99c-338154185055,20
da415bef-de6e-4971-905a-103f22c49c34,b31ec66a-e162-4e61-b6f8-9d66c49a15eb,a852e714-c02e-4f54-9971-61f02f0ed7aa,75
22ca279e-bd06-4142-be2f-ab27110e75ce,292b019f-42cd-44e5-a3f8-cefdbd7437d8,f3524261-7f51-4304-9d75-68d16493668b,4
66d8f011-bff4-4ea7-8d34-8a9b6b258381,143341f3-0e84-4f77-a383-86bac90f9650,3a8e60a3-14bd-46be-b86f-f2244c2e0ccb,32
a9c8de02-9235-40aa-802d-45f80e57b2a9,7e3bba49-4b81-40f5-8040-a0b3f72b291d,88ebc1a3-cc63-4194-a5fc-af7a4a1d5bbc,3
527e9c9e-1dce-4868-bea6-5ba57ef0f5ff,c9f20f79-aa38-46f7-b401-92bb09fd5294,42fd334f-8f72-4e9a-bf34-f2b07b4cf5a1,5
3277245c-5b59-4c3b-9435-51ccc4992f27,61ca8fbc-15f3-4770-9ad8-cde92cd1727a,837155f3-5e00-40e4-b355-42d7bd267c7e,69
13a1ddd6-d07f-42bb-964d-8e6ae0c4dd40,4eebcc58-59d1-4b90-bf20-041c47b635ff,9c417d3e-32f0-4a66-8284-c931284fae18,5
822e3aea-a89c-4c42-9f1d-90bfc5cbf6cb,2dd81318-ef03-4899-bf9a-0b8e01c109d2,e186bde7-d3bb-494f-be2d-19e5b879bf94,137
e2bb900e-455c-4500-b5c3-42d6735da7a6,c8fc5e1a-d7d6-49e9-a117-6abc9422518a,b5c50e6c-f9c9-49a1-9327-0bf3df97b1db,21
f99d100c-2ed5-4d50-9eca-b8f9d51ddbf6,af6299b1-e9e5-4037-a87f-fdede6968ffd,67e1cc47-98ea-4bd7-8bdd-39fee329ffcc,35
f3ecdc5e-7eb8-4ea6-857e-b35286614784,b487388f-f66a-410a-beb4-9ef339a39c75,88e4b9b9-2988-4546-b615-0e5861bb5b76,25
c9877228-e005-4906-adf8-005279dd2ef4,03390f39-df96-41d6-9725-1a050efeeb87,48d8f8a4-ee81-45c2-bcbd-be00f58e71d0,49
5ff1cfc0-8137-4709-bee0-eb41ff46380f,70d1c90a-1700-4809-a0c8-a8ee19ccb98c,567f6062-8d8a-4bd9-940b-19569d6a89c9,153
0d4d31ba-d3b9-4435-bd75-5c50240dad09,9f5b49f9-664b-4b0c-9eda-ea720bf1336c,27d2f0ce-966c-4905-b7f7-a587cdf7bacf,294
7bd98052-7328-41c2-b90c-d63590fd31b7,d8aa9ffe-d5fd-46c8-8c78-8d9f433c2a6b,4edb8cd0-b2c3-4874-ba4b-8992319a774c,51
162c914b-ded9-43ba-8446-2c21ebe2166c,0ff50767-0bce-4521-a09c-7e5ff2530954,3995b986-f245-41d0-8713-bed4fa5fff3c,73
b4fd71b8-aeb1-400f-a29a-4c27cda57bf7,8d69e0c7-6f9a-4d6e-9474-265afe9eedcd,a4a81e81-5455-4461-9df5-454ea7a28e55,444
2fa98c8e-24a6-4ba4-af40-3492de6659f6,a6f3b185-cca9-48eb-a643-d7ca221dc7f1,62ed3f11-d835-4c8b-9f8f-73e508b00e00,4
4023f412-e897-43e6-a9f3-52e510376de2,8d59cd0b-4479-4e21-9a69-a25afb881499,23c22031-4e41-4aa2-b56d-7c99492991bf,357
7df83b5d-af95-40c3-bd5e-67762217a055,38f836de-b56b-4b88-97c6-202db9400354,f04eb458-4a0a-40f1-835d-62d4c1cda728,331
db6acbd4-5938-44b9-b569-3f3bbb3f096e,164c3d75-d911-48ae-8405-7722cb4b0f52,0b2afe69-80f2-429a-a129-2f20a794f89b,27
accc3900-daef-484f-bd6d-81829d61aa3d,77e27de9-74a8-4792-b35d-850f86713d4b,b6f400c4-345d-4b04-873d-ad924c1184dc,27
91b92b68-a1c6-4971-81ec-55c788da3690,ac4625fa-58b5-4103-a542-67cc478ec0ce,e9db5ef6-0115-49d1-9e08-7d78fe7b1348,246
ff1baf9f-54f2-454b-aeb3-cffe9e0681bf,2d0b5ec1-3ee2-4d87-92ea-83b20f37ed5b,237cc164-f8c4-4bcc-9607-f8db19b1a934,32
1ca0c24f-c9e8-42a6-8dec-429e0700ef5f,32e9703c-d67f-4769-83eb-1c9570dfe2b7,5e75c9f7-1e66-481a-a570-dbb450cbec40,21
34a6ca9e-357e-4414-8662-e3d115f2282e,a3d5f503-aa7a-401d-b617-e4b077757989,6ae5fd62-1be3-4a91-9fab-a3bd60be3cce,2
2f5bdef7-a9e6-40e4-96d6-346f6d5369d5,ebb126d4-2902-408a-aff3-34a21c4f2109,4229a053-b3cd-443e-91d0-89565d00baaa,42
70b77009-f098-4733-9c52-8c58684f196d,899fea42-beed-47fc-b407-ef5373b75e4b,e4e91501-6b6d-437c-9c9f-82822f74df70,1
3e5e511f-ba52-4619-a38e-f0b6a02bdc76,830ee780-2832-4372-b271-4bbe8885a7b5,67486912-9ef9-4051-bbaa-401dd8f751dd,434
0cc61fec-8eda-4640-a178-453ec4649711,8b5543d9-c071-4d76-b1f6-ba4c9418ae92,852eebea-1646-4131-b77b-3088ca56940d,5
b3347fe0-a547-4aeb-827a-05e1671efc19,082741a6-dde4-4224-a9e3-61c4f3f99a84,b9d87053-f14f-4621-b818-3dc6204a8a53,315
5eff768e-925b-4853-a788-1946c104f8ec,e912c309-4dac-449c-9415-49a3d721f7b6,539b4c64-472d-45df-b2ec-0bb10f20a816,3
22a6c99d-7cb5-40b1-b208-f76685595026,6cede38a-5a50-4418-8989-a9acf7cccfb8,9dda8f90-0c14-47e3-a116-66b46e5cdc42,10
c8ecb82e-63f8-4e23-bbde-c94d67882ca9,e7121775-bab8-4fd1-b4fa-0593dde1c0db,8e4dec54-ce09-4235-adc5-34cb07543c4f,49
0b77210a-cbf2-4337-812e-2aee062a2d64,86fd7dfb-e118-4807-8689-90e6afd90bc2,8f2bd631-c88a-415d-9d7e-6527ee23e403,44
026cccec-9db9-479c-86b7-b40b4a1985ba,03c1df13-abe2-4d79-9c8c-af1c407b232c,0bd1371f-b2d8-4872-996d-687a58291535,49
d6c8d09b-8bd1-4e13-a538-eaae5bbe2999,64ed7002-f81d-4364-a9d0-29d58f3487c2,fc7e79e3-ba9e-4468-b900-0151a8a98756,126
3169d246-16eb-4125-961f-8b8109359df9,6f676825-f360-4b69-acce-268d946a9843,8548797f-c072-449b-a802-a514512d441a,1
829781da-017d-49f6-bcc0-a612831f3f2b,b60452e7-5691-4653-9469-c7862adeb1e2,7ef027be-fd41-4371-8722-885bf1c05244,22
c9128965-5331-4719-aba6-9ffebb06bcfd,742b021c-26c3-4bf2-93ea-c06887aa742f,2aeccaa3-5db0-4395-ade1-0aeb2b7afd4b,32
39780c02-667d-496b-82b7-50f09103e2bf,d48096ee-5e18-4f12-b167-b44f81de311e,852eebea-1646-4131-b77b-3088ca56940d,19
c9507a4e-9172-448e-b262-87e0376736f5,862e4b0f-dd47-476a-b9d9-c0a8c55d4e65,523c0ae5-a2f7-4d55-b13a-e3ed9275f0f2,11
bc7c5f77-b25f-48e6-b072-e91f47b9c70d,4814034a-7c7d-465c-a7f8-28a13d26e746,2f34a17f-1ded-4bff-83c5-5f9fdce70e31,4
c6eda8d5-885d-4aee-86a5-26b7ff46e56a,879ccd2b-10d7-4621-adba-228db35b7f2a,a56cdd1d-4ce9-4dad-ab69-4544c3225450,121
06ae38f7-ae05-4c7b-87ab-1bf0570ddf3a,978ecb0f-6236-44c6-8775-5a6d8153c70d,9c304332-e303-4d3a-a754-20da5d84ad17,18
c3f32aa7-8168-49c1-806d-dc766bd8ad24,23bf3854-d6a1-4e38-910d-a261814c37f8,730b954d-51ac-4c95-95f7-5df639d9abd8,5
1e0b78dd-8d70-4f5e-9423-f9f596e07c15,44e0876e-63dc-4bbd-ae5f-d40a7b591ae6,0349f66d-c81c-449f-ae07-04ec44041128,46
5adb8045-7f48-4182-a743-e329ee87eff1,321ef7b6-156a-4c7c-8513-95017c5a9b5b,ce8b1a8e-da85-4989-a3a1-6badeac86954,33
8d98e48c-8c4b-4960-8d6a-b7f3075a1819,39f0b9ac-a6f2-4a42-9b55-ef451fb59dd1,f3e95e79-2ee2-4067-b45a-a82d956d2a4f,2
1ce47ea1-59e5-44fe-b13f-0204b068037a,e5cdea3a-5ee6-428b-bd20-676d001525d8,b4a9c560-e976-4cf3-974c-5950b753c010,38
5dde2eec-b30a-44b6-8ce0-b7700db5ef8f,da7c53db-4034-45f5-a04c-af9fe912cf36,9cf0a867-9580-4214-bed3-ba6a8d8fcf30,373
78772100-a88a-4c8c-a4d4-78fb1f88cdda,7c99d7be-20e7-44df-a1bc-f825bdbb2a7e,15ee2a3c-d855-45d7-be71-59080d170532,10
82bf211b-c0c8-4b49-bf08-47ade84e21fb,073c058a-01d8-4079-bdcb-04e4c9d5ffd2,c94a8e60-73ea-4409-b1c6-546fd928aaf6,5
88aea915-65c9-48d3-aab6-ab823a9579c2,0b3b074b-4dd8-47d1-ae80-e1f3cdeb2138,dccef716-e1a4-4bff-a429-f7ee076ef68d,134
2f23b19a-bafc-4c1c-875a-883da9c49ba0,03c6b785-8746-40e6-bec2-6f3f7d6ac4b0,a3651c7f-e2b7-4e68-a742-bc5d9d02b282,14
9d854844-13ea-4146-8746-0d5fe86e9635,4be3551b-a3d0-42da-b58f-5a8ebe01247e,f187786b-534f-4991-a0eb-55a068b5fcb7,4
e80f7f36-3f6d-432f-aa38-2ad4f7233043,68d8c664-43af-4d56-bda3-f485565eb580,72c8b594-1190-4b75-9f4b-2988395a0297,33
25afdbe9-2506-4e13-a808-1a73ea3c9225,164e736f-9963-4c35-97f7-e08825379ca6,df77e1c4-ed5d-46be-9a9a-37ccb4f06ddc,27
7d5b85b2-c3f8-4703-9b7e-10f8cdd0fa86,a307d94b-8632-4d19-91fb-569f74f879f9,19673e20-7d1a-48ff-b1aa-5ed39a1c32af,23
9bdad709-9668-411e-897b-5d4dc6a68bd3,43a75320-5d96-4acf-ac58-4325500d8ccc,83c58dae-9b45-4c87-b3fd-225f0f1f7985,73
47403ec5-fb78-4f8b-895f-5fc4107dac9b,63a1cf82-b8c1-410b-81b4-672f635ccdd1,c8ac12f6-cec1-48b1-847b-ee9d210f16ab,197
9c6f8177-1840-470e-a407-d541faab5f48,4863a754-2205-4c4f-8545-27a9312ac227,3f092a79-78fd-4554-bec1-44a8b1c51bcf,5
21704695-8550-4ee2-a98d-f6e5b6412539,98e0a52f-7200-4ddb-8fcd-0665b2853f0c,e2caf144-32a6-4952-a12f-3d28b1db2ad1,1
515e050c-b5b9-4e82-9615-a3413e9b9842,7e0c560b-4f5e-40ed-bcb2-8315d2789df4,bf509225-ac5f-4c28-a326-71488b2f09da,176
a4dc4cfd-26cb-4e61-a6e3-017d7a03dcb1,d957a49d-1c27-4168-baf9-603bdabfa7d4,18531f55-3132-4631-bf09-e55a529d2a97,23
542e815f-d78a-4d10-b2d3-e4b8594289b1,7912b792-ca5b-4e05-bd29-daa0b57a56d3,16aebab6-1010-4ed0-9b74-ff37d91f5601,0
ef7c3c46-ba12-488f-b58b-42df4eb08254,9fd716c6-e690-4ed9-8b73-44ce97a5ad4b,b4d6b5a2-c730-406f-a03e-01477d126d21,3
63b360d1-a8ea-4e70-9ebb-7e6460679732,197bc7a6-2598-445c-ba9e-561b86c1930c,6cc61e6f-12ce-4df4-9da2-dbc7434376cd,3
48cfc427-f0ba-421a-a3db-76b524f66df9,35da8d10-8943-4b0f-9255-b04bd2aa4cf6,dbe189d3-f913-4740-9eb7-ba38a9224287,5
a1a863ed-6a40-4051-9d1e-a8595bf9f570,25c32400-a7e3-46ed-a527-4b8a5f20118f,5ff12560-e929-4581-a115-01f98fcd7184,3
f8b34c7c-9745-4938-860e-600b0364b8eb,776212ab-e245-4e7f-b299-0ea3af3207e2,d74b6175-7ed4-469f-82bc-0358f6628d02,3
b143fc0e-a95d-40a5-b03d-61068b2c46e7,0f941cb7-baba-4ace-b9df-908df04f0969,2acb49ec-e20b-44bd-adf9-0985f8893075,5
38e000e7-a9e1-4c16-8a18-dcff1d534e25,aaad4a38-68f6-4107-a29e-480ecc009e59,bd832c75-aa33-4bd2-8492-87b01f4ae630,8
8f8a88b9-53c7-4e73-88ab-a0dd24a0ef6d,223ac93a-83d8-4d2c-a72e-610e3b6eb315,17c78439-3ed8-4a6e-8e30-1caa0bf4645d,386
46411d16-ad6e-4dbf-baff-a1dfdb041d41,b5b8f0c0-ae97-4b6e-8a28-32b8eb14b4d2,d5fd69ba-e48d-4d18-b47a-b457496d2356,18
8f91fc2c-7e06-40ef-bf5e-591928268059,50c2a659-74cf-465b-9563-96c4dbd539f4,98818ae1-ab39-4c68-8f65-cf68a1cd4881,97
96e7c7ce-086b-4ef5-a5ec-77ad326f614b,b52f560f-c32e-481c-bf59-ca8d224a3585,4ae7fd47-7a87-45b3-a85a-097dc518a316,30
315425b9-4116-496c-b461-21cc25d2b3c8,d644056d-59b0-41f5-ba2a-e8c81fdddf68,91f03000-757a-4504-9ae5-aab9d567f348,61
933488bc-e560-472d-a065-84bc4b8a605b,44006993-e0ec-448f-8e53-64ff01f207f5,f8789996-2961-4384-be31-19453d50865c,62
7523bfa6-8575-452b-be71-84ed4450fa1c,1c54d873-67c3-433a-9874-ca3a546e8858,6b4e2abf-d73c-42af-8c96-f23455a941d2,4
4be0d0d4-427a-4a6b-8e6c-7340c2e0d806,12bcd2ea-0cb5-4939-891b-e724b71bf35a,9dda8f90-0c14-47e3-a116-66b46e5cdc42,111
7191360c-9596-46b8-b00b-098f6df62695,bcb89ef5-8230-4b52-9610-315476da8f94,66083c3f-3e3f-4c9d-a478-8172211c7983,26
ee8a6fa6-39fb-4b27-b828-21e811d0024e,cc4b89b6-4193-490b-bedd-4321697f538a,313372d0-1088-4d89-90ac-1be6792ad951,22
7f07042e-67b4-4038-b385-3bb539958229,fb9bea75-aef1-49e5-bc30-642c5a02a487,51fde40a-ce3a-4ff7-940f-1b3f73948758,263
b49ef7ac-08a8-4b65-bfcc-8c437e96b25e,2d68ac09-fce5-492c-bb62-9d329efcf646,d8a8acca-6374-4a0c-80cf-d65bbdecad37,15
8282b72a-1c7f-4c62-a015-bb84d38b311a,a68905f7-e454-42ec-8bfe-3725be1f0908,a864870c-6db6-425b-8993-835bdea64f44,469
aa3d4942-b81a-425a-ab49-a77429f6a4a7,272e4c3b-4c87-4e24-8604-6583f25b3533,764d960b-9524-43f1-9013-8872581c44f5,7
694b5706-86c9-43eb-87e6-1e53ca0a2587,f154e144-ae00-466c-b8fb-222fc1e26560,2d1d14b5-8f58-4360-ab24-6430d7f4211d,33
099858aa-e4fd-4d96-8ec2-7f580c85a0ef,8fc21498-f74a-41de-b56b-a0bb7a143f55,e9a4a3c9-c345-4ba9-9d1e-4cce4b9eedf7,2
6bef8aae-18d4-4e71-b445-a2c7c016b4b2,c521db5a-782e-4801-a8f1-034840baeed7,72c8b594-1190-4b75-9f4b-2988395a0297,164
f4a4b681-d46c-4a7b-b1b9-93e32eeaae92,7c279d80-fbfa-4ab0-9148-1528739ac5fe,9a702767-dd07-419b-9a2d-f60c9c779fce,186
4c47a520-4bd1-407e-88f2-486c7314924c,6d5b4865-93b2-494b-a0ed-29affbf2b2c2,1b3e3627-eb71-4e61-b606-2ca0905cefbd,443
04e23cbf-ca37-4edf-add8-5a961a82e1f5,522e2129-4e39-48f7-8319-1c39f5818a04,5f3600e2-a53b-4b99-ac6b-13b203fe9a22,191
f908340f-68b7-4abf-9da3-0f0f7de8adc0,5dacb696-d997-4c88-831a-d2897742f21e,7ab31c89-8e27-4443-b541-5215d940d940,11
b3723ff7-c018-451a-8547-469767805f80,36cc19c0-85a1-4d22-bb49-83177c5e77fe,f44b4788-6a56-4410-b320-7b5d8d64f2d8,43
84c78f50-fb97-4cc3-bcee-1c2a34177029,d389d02a-c4e2-462f-abf5-8d3afcd9cf35,e2b8d979-6ab8-41c8-ae7b-6e65ddc9a9f4,2
c91aabda-b2a3-4515-80c7-cf0595267552,bcb89ef5-8230-4b52-9610-315476da8f94,f1c52a2a-de9b-4fee-87b1-b23c93fdf75e,3
1c0fe5db-8cfd-48df-bca6-d72d04f6eef5,28f3a1a4-4210-4268-a66a-ed7a63010104,f89af5cd-eb40-4351-aad1-930a1f6738bb,30
dd8081cf-0779-4497-9526-e8ad68920001,533d4b0d-be63-4179-8551-aa80716993c3,eb47c339-e312-4aa9-953a-451a025dcc24,30
a1091888-4170-4cd9-8ed0-500194b3e080,d389d02a-c4e2-462f-abf5-8d3afcd9cf35,787431a7-8a15-4b87-b0e5-acfab4b2f481,49
207f9829-7d94-42d6-a1b7-b0a05b1e6557,75a5edc7-6ff0-4eb8-92a6-6dbd825eeaad,a1979a4d-8260-46e0-baf5-95f6f83ee21b,169
7aebbe4a-4977-4c92-b3b7-8a7e6be2900d,01038f52-2567-4065-9434-90ed764739be,e9ae83a9-021c-454d-86fb-52a1d732fd5d,3
811ba4f0-2416-4d5d-bd38-b406e5050567,36d16c0c-a0fc-4e3d-972c-cc3f5ab752a5,d4b99987-1e24-49e4-b077-d886868e84fe,9
07e3c64a-1398-4ff2-bbbd-5194c2149cf0,76ccc110-0e7c-4db0-82cb-cb32aa4ed548,7ba04cbb-1399-42fc-9d2f-51a6084c607f,35
c7b9aa91-325c-4d2f-97e8-c113403fd2b8,7d2623f9-dba4-42fa-903b-053ed8f87013,3995b986-f245-41d0-8713-bed4fa5fff3c,45
9c3be0e3-7b47-474b-8c65-0be01fe1d5b6,20016384-6f9a-4304-904c-77405ddfbfde,d181ba68-2417-4ee9-a663-14c8b40563e5,2
19e79d22-d826-4ada-ae66-32bf2212db41,88585678-18b1-44e1-b81b-4f9877314619,7e4113ac-209c-4675-92c1-c47749976416,170
06018a00-0f28-46dc-a39e-0f55cc0ec700,0dd44279-7b70-4879-a52c-eb059f49ac21,f083983a-8483-4e3e-ae8e-d44304b6217b,3
32cf5b2b-f850-4bdb-91b7-712d6c4e49ea,1343a168-2887-4dad-bb03-9efb4f916ae0,341f8b88-7cf1-4603-88bc-e75e28a3de06,155
ecd97dff-779c-4022-be4f-fb593085665e,d8b3f0f0-b489-4ec9-b36c-66ce4dbfbebc,6be86793-9140-4c8e-b444-404320cbf998,1
125799e5-6a62-473d-bf39-eb72b4f0efcf,60880ee3-cc79-4719-b8e7-56269ce5ac6b,ee4d122e-8369-4114-aaa4-99bc3d9109a1,20
24716a95-5f78-4d46-a736-fce6393f73b8,ce74ab2f-dcfd-474b-92fd-c5590ad91739,d2e1376e-34dc-4db4-a7cb-268625a49fc5,239
03f8eb32-665a-4336-a11a-cdf5b64583e2,d5d0b547-3a6c-4e35-96a6-1df13776cda5,be6b1503-c84e-4f70-9045-97c2641dff87,18
ba12b50e-5760-49f7-8eeb-c23cdaac23f9,b506beba-c434-49b7-96fc-8cd7a6ef2e8f,429d73e4-a8dd-4e2a-85c3-3d729049bace,20
35f30a79-dbf0-471c-b568-3a080c352f5b,8a6f181a-817f-47f6-a251-1236bbed0a37,ead161af-5eb2-46a3-9146-2250dfe6aaab,33
953149f5-dcaf-4625-9f18-b3ebcfe60e8d,6d07275e-de13-446f-ac7a-965ec471fdc3,576625ed-cbe0-4d0d-95f1-bfa3a79f0100,2
9da177a7-909b-4108-a170-cb7a2eef30a8,f83ddaca-9403-447e-89e2-8ad2c4c44165,af78199d-5b47-4d8f-87d1-d16d4f8f8dc0,32
20300b12-d830-473f-bed2-ccbebc4f905d,1cc84899-8c45-413e-ae1b-f7fa2e0e220f,ecc7c663-ea3d-4aef-9808-56a850c5b085,1
90c14ece-0f0a-41b3-9721-1e285ad35561,4a50ed1c-885b-4e68-b885-55effd37fd5a,e7b97dd4-1aa9-4796-b1a9-fd11a18f8c21,11
ebccc401-42dd-43e6-9e68-d128cca14f63,7e0c560b-4f5e-40ed-bcb2-8315d2789df4,e39abb35-4036-419d-bf98-b76750c19891,7
99d8f2d9-e01d-41fc-ad62-4ac88d1b6034,f1494a70-8bb9-44b8-9576-3fde7277c1f2,86a80acd-d657-4948-bfb1-5d763a18737c,432
41c3c441-af81-45bf-a9d6-51139634c7ac,c1f4150c-14cb-46e5-b656-a7b470be1779,e10ebc60-01b2-4082-9942-04f12805d5f7,18
8633b94b-cb1f-42d2-8f0e-6a1a2e1bd720,6c94d08d-d294-46c6-9b1d-68e41b35a446,fd9c1644-a929-48e3-9a7d-291194d47982,5
225f5890-ad6f-4a54-a5b2-f4dfd85ffdcc,5ce38a08-e1ef-4f2c-9f5c-ce049aa0cd74,9f1e7c62-83b6-48ec-8103-4b1ae638fd72,120
1905d858-d540-4ade-8a35-127eeaf948bc,1cc84899-8c45-413e-ae1b-f7fa2e0e220f,2743f02a-66cc-4ccd-a0d2-961ef63c2c77,3
378fe04e-3872-4f55-8cd5-6ca1b02732c2,c43eb413-ff9c-4a92-b155-92079e5d69f1,1b7b81bc-602b-4cc6-b0c5-56f7df567d84,38
6f716def-7427-4f99-90e0-cd4883faf65d,c42e8fec-7ce4-44ff-8243-0b532994e481,1949c3b0-3571-4439-a4f9-8bdc763dccd5,108
22a26e27-364d-4988-b58a-178ed392ab54,9f030f2c-9eff-435f-a2dd-d8db20338afc,6ccd3082-02e4-4d28-b821-69673b96c67c,28
d567554f-c402-4596-b7ee-f34d58d30ee8,438491a7-2b48-4b74-a563-ad5c19fcb2d0,3efec404-6329-4247-b44d-dfa611e4667e,281
a46f0cfa-438f-431c-8ba6-0c75cb6fd4a3,6bf49619-c523-49e5-b350-e7802a48fae0,7ce20c04-db69-47c3-9b6f-dd3d58b54e36,110
b1d72b39-836e-4b4c-9507-19656bd3e58a,e4ff96bf-1075-4ec5-aaad-5df9936f495c,b3e51bdd-2bbc-4378-9029-54bc48bc8bca,4
d2e18807-e155-43e9-93b1-1491c87fdc91,8534a278-6ce8-4298-b86d-8fd382edd810,192ddd47-c622-44b6-9a56-d1ccff98ccf2,1
1555d03c-2279-4fde-9db5-e5d1a228171f,f18654a2-fb2d-45e4-b415-960a203a1351,fb4b62b5-6fa3-4140-b1b3-dfddf9397dda,87
f5e34c20-05e3-4482-881f-16bd2afbbea1,fd4aa6ef-986a-4f69-ac2a-e531d49756ed,6d48cb10-8152-46ca-bfe9-a5b51d35f656,183
086c6834-b163-4d27-899e-74cecc0108ef,ce8f46e8-ddf7-4ed9-b0cc-a201ae7783ab,fa3eeee6-f7cf-444f-b352-7036d153b4d7,2
d91bc1b0-5b18-466a-bb02-a5ab13332a02,b2c14ae1-77ae-483a-9282-ecb783526d6a,f6f9f360-56ba-48a8-b9c0-1d1fac6ba5f8,293
1885af2b-d5a2-441d-9dfb-6a5105cdff2a,9cdc3b46-332e-4cbf-a8b1-24fd657fcc28,928bcce8-322d-4027-a231-1b70a5a1522b,3
58bacf0a-34c7-470b-ac2d-693645968fed,18cc9fac-a262-42ed-b066-a08c96628ec5,b749cc22-8a73-4f63-a431-86d91cd4001f,7
ada45c42-ec1f-46f6-8f16-e75e9ed96c97,779b6187-b96e-4cbb-a043-46c4ad50e84a,50742456-76b2-472d-bde7-dab0f73cd47d,46
493021ee-fc8e-4304-bff6-c515e0436004,7b26c1d4-6404-466f-9e32-e2918fcbe5c2,d2d22f38-3ae9-4935-ae5e-e2fcb6dc39ac,4
c8d32123-2a14-49be-b206-131867378237,44efe3e7-9c6a-4d53-8500-8e119dac2803,0cee833e-42e2-47bd-8e52-001ca7dd696f,32
67077718-12e3-47a1-9b85-39beb416fbff,22de14b4-8527-48f8-8a66-02ee13f2a966,17543bd7-7e44-469b-a478-208357a9f000,39
3b6e02c5-2973-4ba9-a4a3-5fdaf5bb138f,7084f703-48a2-4d77-9fa7-a1d1b99e9fb8,b87611db-afcb-46cc-82f3-4ec5c37e38d6,2
88e3d5a2-a625-4c65-85f3-0ab5a20c5d2d,1413909e-dd71-4543-9d7a-25b030c9e8c9,14a625dd-fb8a-435d-bea1-59442ed6a667,17
e3b1a8af-977a-4ae5-90bc-8eb190617c50,e4bea4e7-9071-4cfa-9d14-5480080b1f11,b1dd89f7-f957-49e6-9128-7f82e680a58a,48
f04585d2-30fa-446e-a57f-763396f2983b,e9844cc0-14fb-4ae8-a6f2-a3e2f6063b10,2f1ee3c0-20a3-4763-a99f-d09475148e07,167
1f5e318b-bb50-4465-9013-51fe40a8978a,bf8615c0-deb4-4e64-8a35-7ca0e8b5b37f,6c859cfd-fc19-4d23-a4ea-b95b06eed575,181
40487f8e-d19e-43df-af8b-d5d43131b7a2,ad15024c-0064-45af-a9c8-bfb71f25c369,5993cbb4-034e-4fcf-9395-87687b86e928,12
29a7ce73-09cb-4865-b87e-cc0735e7792e,57fbe367-8e80-4e80-bcd0-6e90299caec2,8fc05a7e-8363-488b-8b50-d9b4739af84f,45
9169db59-bd69-4561-a4e9-1f5204428223,d48096ee-5e18-4f12-b167-b44f81de311e,e0b54637-4d7f-4031-adfa-9306d0096812,27
8c2d0262-d215-4549-bb34-b4bff7f8cc43,f6060205-4bd8-418a-8c91-86af7c59762b,1347897d-23be-46ec-8e44-a8a350cad438,27
28531c1e-2cd7-41b3-833a-9eca692ea745,2b572faf-47ff-4406-9eac-26627b9ed18f,c4f20c87-9f3d-478e-ad0d-a953f4fad537,39
48cf7962-0b80-45e8-a834-df2d2766c153,ac53779e-56d5-44c3-bba4-7e448c279b4b,20374317-caa5-42ec-a00e-a42d2e1881a7,4
169512f3-23b6-4305-abcc-a3f37467357a,7ec341b6-2054-4328-9805-f65efd997ced,6608c37b-6819-4c87-807b-6a36acdffaa1,35
c4d9bef1-ed5a-4315-b8b4-14fdd3001aa9,29375b56-4343-4591-a589-15a5482bbbe7,d16e8bf8-7b32-45b5-85d1-d72c8d64d331,1
0cd78f55-ce89-4590-abd7-d3e707aae9b5,e0d516ef-e660-4430-8e69-d7ea432c99f6,eba75884-cec1-4562-ab1d-8686a591bd22,215
f400804a-dab9-4963-b103-492877b192f2,bc3d4dd8-bcfe-4aa2-9a5a-07ddfc869302,6477de25-1e71-4646-9258-605cea0c4262,3
09c63b2d-a47d-4489-b277-e5a4f82e050b,dd8fbe15-95fe-49d7-95d3-880be0a0c5a9,b6435937-462a-4bc1-8745-dc05f30109da,32
dd2a6f9b-15ce-416b-a8ce-2d37b0f8f8d1,b464f924-e37c-4649-b39d-7084672a0f04,3c7858bf-57b0-4f9f-8bee-fac07c33e541,323
5501c7fc-2cfe-4876-9138-7733d84b66c7,37b4af10-64a6-4bad-9ed7-52de9a128ff3,5f5d7811-5b42-4658-9616-da321f790b87,38
31eec16a-40a4-48ae-b386-004104a59ebb,fd760a0f-57ae-4446-9fd7-f5240d7f78d0,d775dfe3-3bec-44d4-8046-95a897490528,14
34bc60ac-c089-46d9-84ed-5dfd4afe3b9f,376aeb9b-7810-4608-b0bc-afc8a8783db3,6a317e17-2783-4381-b8cf-56b280122ea8,7
60e10dd0-118e-4254-91eb-2ed3a91a4721,3cc5577e-57ff-4c61-85fb-ca4ae042c808,82b953e4-6c46-47dc-8ba7-b8e516fc08ce,47
3455a7e4-a729-46ea-808c-61563f0917cb,47392fce-81af-4879-af22-07b042e10201,7ea76719-c857-4efd-bc55-84c0f1f4682d,36
429a6888-eba3-465a-8a15-78e920d69f13,641590c1-3450-4039-b669-7a86d1ea6808,3a388ca0-b759-42cb-a7ed-64f120123a89,82
eeb3859f-a464-4e78-a3ec-2895cc56ebe6,aeb1bf59-0c61-4618-91c2-cb66ee0405eb,4f06a00f-21ac-4a72-9a44-056e39b23e98,1
608e1a02-af76-4776-b235-0e2fe591f83c,0f27ef62-e4d4-4eef-9ff0-5198cc8e0b60,bfe22d27-9c6d-477b-b92b-2e0beea94917,39
a52de41a-4932-4a24-b310-b25b722f40a7,e3723fa0-66b6-40bb-8ab8-e7c975bf0811,6b24e558-e6be-4f37-aa50-11578018a43d,4
9abcd00d-5086-4130-a381-184906b45a7e,b0f14903-cca7-4c6c-9e1e-4ec52df3302c,42f31c04-806a-43bd-a520-86fc7dfc5e43,13
f0149195-a5ee-4e57-85a7-57c275bbdd95,8973dcbf-5ac5-434c-8ad8-1eeba8133fa6,6436c3c4-cb05-4d56-acc2-1b46c2f02671,50
a97bc837-b054-40e3-8909-b8353fbd6e92,6ad4cc81-0a34-4cfd-a0d9-5982204fb77e,ee4d122e-8369-4114-aaa4-99bc3d9109a1,196
d91d1191-43d7-4681-9ed9-012cbdf23a24,8faa1808-6161-49fd-80b7-6b2c12c716c0,f990d85d-3f41-4a41-9b1f-c9f8552b638d,41
f07f3fb0-28c3-4126-ab5a-53f20e73c23a,984dda6b-ef38-496a-b048-7041d8e355f6,edeba457-b0b7-4ab8-b4dd-927945aea48c,27
0d8e9145-376b-45f6-b038-b1a2d8074bf1,e18d2971-4418-49ce-b508-f2f9b1005115,cfba2f30-6559-472b-8763-bdd8020b74da,50
9b88de28-1be2-46ba-93d3-2b0e703406e3,97c60946-6e78-4b36-8758-59acc0e67941,379c12ce-53d8-4fd5-a4fc-715ee0a17f9d,36
878b0ded-00e0-46b3-8de4-e6f4233fd307,5e7d5bf8-cbf6-428f-abe1-287d14648098,340ab764-1631-4daf-ba2d-ae567865888d,17
312c7373-f415-43e0-9754-f78b5b42b1ef,8fc25275-b846-4961-98d0-3f0d648f2f44,b6706090-65e8-4811-b0d6-a75bae84cc8f,126
1ba69086-51ae-4525-b6e5-a57128d24d8d,c7155620-6237-4c87-8a10-045e3a7204f9,9d9695c6-2e28-48d2-b13a-9fa945844f04,126
37d65051-e291-458b-a54a-5ee26368cd97,3229d9a4-6573-41b4-8c47-0bfe3d8c483e,2bbcfeab-9b38-4cbd-99ba-b71882be801d,22
19f5c01e-9760-4d04-90ad-50002d17128d,873f47a4-5700-4ef0-af0c-833d15606b5d,8bf8b0d2-953f-47ad-a17a-790bffa2636d,18
1faed2ee-1bf6-4032-af1a-796b44419474,61a1bb43-1579-4c03-a549-b249319644d1,30ec3402-2216-44ce-854c-7eae05a8ea3d,15
9be6853c-b029-4cee-86cc-f4e8c366047a,34ae4b91-ef41-4d2d-bd96-9a4459abac6d,96cf845f-020e-47de-9507-986c299b2bc5,24
f39a0143-27be-4610-9a84-1ce5c368d13e,e42ee41a-c945-41c9-afd1-e1511171620d,2fc3739b-b896-4e59-8917-c84a5f41ea52,4
bdbbe38f-472e-4edb-ad08-5e205c841740,f639d84c-ed25-4cac-b97e-c8bba8c21ed1,7efb88c1-93bf-4ef9-9442-468f063ee602,23
cdebda74-5a7a-4686-9b19-caca85131e9e,534afed8-8642-4a3d-83ca-c5882d4d1fd4,cfba2f30-6559-472b-8763-bdd8020b74da,3
8f72ba70-0780-4edb-bc6b-fd7f26d7a70c,fb8147a8-3067-4a51-a53b-241d1a486f07,1b8c5757-6d9b-4ade-adb3-48b2504a832f,27
f14991f2-f30a-489e-9a04-a5648522e89f,e816929a-89ea-4047-9d3c-5d402bcf45e0,1528fc97-7299-4e2a-8e62-a2dc3c2c291a,19
63851e30-a7e9-43d5-90f5-0e333791ee35,8f51555b-a898-4e01-84f5-c07a40475751,706358ac-bec8-4ab4-a803-0fd50ff30b26,1
87dedfb2-25f7-426d-8564-c64de2388377,eaf45a51-9f7e-452f-b2e1-f276d63d2c76,47480702-4742-4dc5-abe4-89b1048f0cf1,83
b84a5426-b98e-417c-b5f2-15f85ae9dd17,4c6d94e0-4c5f-46d3-9979-af5677796b98,4298a8fe-2e00-4a61-9171-f5b2a2dee8a2,47
01271078-153a-48c9-8a8f-235c3cca4f92,802f99df-05a6-4c9d-b5f6-1374d0081056,0eb8752a-495a-4208-bb1b-02269efaf460,41
f050fbff-7ddf-4566-af73-d50030332e5c,b7e71f29-54f5-4add-8990-4543f972ef24,bae742b2-bb62-47ff-a412-bf19d86c0899,410
339f134f-5ae4-4a8b-877c-129eb61db4b7,8de43164-69da-433e-b807-2984d2ab8ba6,c64f230d-f3af-4671-9164-68ef3a0154da,115
c58711b8-4afd-4878-922e-82d4b01d94eb,118ee945-2151-4aca-9b6e-413a0df408d5,d5fd69ba-e48d-4d18-b47a-b457496d2356,175
f30e0429-c923-44ee-8119-ac7c9b1c4360,41bbec59-e9df-433f-8752-b287bf0a0bba,788b0b97-d442-4944-abba-69aa26c1e2d5,34
ccbe5f01-66e7-4426-887a-a9a53ec692bf,7983e9fb-d7a4-482c-8037-5d1b3250dc2c,a871d8fc-9acc-40f9-8359-9a25588baaab,1
1a1695ac-4318-4ba4-a13d-48124dd5f8db,b2b7e028-00c4-4a26-9b7d-27a5777ccb8a,1cc9a4c8-ac31-44a6-abde-b8cefef3d3d5,28
3948ecd7-1fa1-4e13-8819-9ff721c000da,717893ef-034b-4d77-b1e7-2a6fb738701c,e516ec2e-63a0-4f35-b42a-8dfe4c5d5ff8,4
b87e39cc-1867-4bf5-9497-46b25cd45a4d,b798c5ca-4f20-4848-bf2b-666dda8fd887,d0369c7a-cfe6-4142-8db0-29d9607da9d8,249
fed7b4ba-5ed6-4bae-8da7-649901262c9b,d24d9004-23a9-4b9f-94b2-f629d31466ee,e780358e-9435-4414-b68f-1b888fcfe3f7,121
84069a65-499e-418d-b2c0-8c2564352e7e,c268478b-a9c5-4cb7-bb66-e3532b66a92c,9e331e30-72d1-4e58-9e6f-7c652848f776,474
77e32855-88fb-4b07-a9f6-e388e73b656d,6b057ccb-6785-482a-bc23-f9fc0fa92ce9,2d4dec12-041e-4e6f-90fb-ccbd38e61ef3,313
d4f25b0d-6dad-453a-a4e8-a1553800e536,61d0d4a6-1d40-4590-8991-c7265974ab6c,e1b081e7-b33f-434e-8a4e-a2165af8c60e,175
809662a1-d671-4162-b419-b0410a8ff6e4,984855dc-6299-453a-bede-8f558d9bff82,bf5b6087-440e-485f-8b9a-80f3bdbaa9c5,2
f6a9be7d-f270-471b-81ae-68e4404a079a,0aa90202-72d3-4078-a603-df3d8b2f4c2d,427577d1-1a93-4cd8-ab4a-453ab801fb37,113
f694b3d3-288a-4c5e-9dca-a09976b39ef3,d3191f04-7453-4ceb-abc1-41c6596bbbac,6f53c6c2-1eb6-43e8-b1c8-9a46ce28244b,25
7da88c7a-9611-4372-9341-f2ba9e202f46,4dbd6a01-9d64-4a20-b157-76e1b49133cc,133d4b01-0988-40b7-a812-70707a3c8228,177
438fab5f-32a5-4254-af34-6672621d298d,195c1aa4-41ff-4a6d-b331-08c3165bcc43,b358d6a6-ca4e-4625-926c-ccac2805ef1a,7
01abc28f-3ecb-43bb-a44b-1eba65f81b0a,2d995d99-6c30-44dd-8c38-a2a4b207dd39,b3a2a757-cd79-41c3-bf8c-6fc299f6a90e,2
a2e9e731-2459-494f-8916-e7aae2a4e076,be4384de-6a6c-4756-9dae-fff989fed40c,6373d2ae-ccbd-466c-8580-da26ecbd38e0,27
580b916c-3fc1-4fa5-a71c-524edffa062e,1fa338da-506c-49d7-82f3-f698744ce3a1,98b793ab-a100-4f24-9b07-e2940f6fe5ed,42
46ce0513-23c2-4bca-9702-aef81f72b1be,8303c898-59fd-474a-a1df-dc2a9d8346be,ef725551-de15-471b-8362-2d7f3df26c8a,33
8f7001e5-e178-4704-b347-feb424d53a02,760717e0-d2d2-4c32-810c-4a3af5fb6004,9e8c85e3-55a6-4a5a-bf2d-b4e09e002f06,48
70c8d84e-ad11-4593-a8f3-1e440fde4662,11b6eedc-b510-48da-b1f8-9e14654a287b,7639d1f9-8028-447a-b06b-40c93d63ca64,14
67e0acdd-11cb-4958-a64c-ce570a3367c7,902b7119-e3b9-4c82-904a-51283ef482a8,25dcbad9-7d1f-43bb-8fd8-717a27c5e01f,281
4a79a6d3-6367-47bc-82ef-259713ce262f,7be3febf-11ef-41a2-9d4b-006aaa911a6d,04d50e86-ec6b-4b50-80de-610273c8d2f2,2
57211268-2e4e-42c4-93b7-9817ddea6265,7254f932-8824-4933-9ff2-d228d8082b44,6e2543bc-ef32-4e3b-a001-8a0ff4c9b1e2,20
5984515e-4862-4cff-81cf-0d2b0dade7a9,d957a49d-1c27-4168-baf9-603bdabfa7d4,9cbd9be2-a145-4523-b2ee-91759ae68d60,50
b436cbdd-da8b-490c-9791-d24cb082fbec,1f1ff418-6469-40d6-9c59-a28f6aa88ea7,c4001e30-b914-42eb-870d-c9496d042f54,32
bde024c0-c799-45a8-89bf-6cd48a573d27,0cc1c57c-5060-43dc-bc7a-b2714353c7d4,93119547-86e0-44d9-835f-f73b923b22e8,6
9ccdfc05-94e9-4db0-975a-20c2abbba498,e3a404f3-cd98-49f2-b5b8-e80e0daa2db5,7069d2b4-db51-427d-bc14-c3e5f497dcff,118
d9cf056e-1129-4276-adb3-f1fb1c467f14,dd63cc12-35e9-4e9e-aca9-abc975716f44,85ec7576-c7d2-4feb-893c-da835595e493,2
1425025d-100e-412a-ab10-cd8c3167fdbd,efc0e048-a931-4f7c-82c2-ea61f6e8a8f0,19dac6e6-c288-4486-83a4-1ad6ed7cdd0a,1
0165f905-7ec6-4dbf-b060-28f9fa0f3bce,01e4e582-7c82-4182-805a-2ca074973eb3,c9b57a11-efe8-459f-b3ad-af9dcf8e8cc1,5
87b7d534-ca94-48a6-abad-1811daa486b3,a39905bf-b4fb-4c4f-aa4f-4d94e02220aa,62f79865-53aa-4e1d-becf-48cee44d7886,5
e7138c18-2409-4c2f-8a80-165b8a4e59c3,88536db8-14a4-4c5a-b563-5306409b34b6,a864870c-6db6-425b-8993-835bdea64f44,36
7240331b-28d3-4529-acd4-3b6f2436c38d,029bd7e2-7b38-4122-bd16-61c35f68c33a,25f1f08e-d67f-4b43-ae82-a0a4f4b12156,2
034f30e6-9397-493e-85c1-5e4a0cbd2696,b871dd55-6930-419b-a061-8cc5aaf810d9,e3174110-cdaa-48d7-84e6-576764ae97b8,33
9bb31798-51b9-4975-b46b-dab96667ce2c,f81b6e1e-e47f-4010-831c-a51797a4684b,f16b3a1e-b7b1-4338-8b50-c77fb8186ca3,168
8329226b-2b53-4dbe-8c3e-3ce8a7e10b32,d87559c5-ab42-4de0-be10-92a09993e1bc,ebb4e295-a679-473f-8104-86b30f23d84b,37
9b4ac3b6-9604-4346-9e30-9a5768fe4b6c,cdacc4db-8014-4bde-b38f-ce9e24ebe063,e8751fd6-0193-4974-b768-4b711b9a2caa,6
38a52360-0868-4c0f-8eb9-f95b5439ad9f,f77e79a3-ee21-4beb-8141-9e42d55c60c0,7b699bd0-0e17-4c17-9619-806137494e2d,226
92668b4d-b000-4748-9111-7810a918366a,080657b6-6f05-4e72-8122-327c9aaca3e2,d0a981ff-d21b-43c7-bc93-495990dc6db5,7
007d912b-5d46-4b61-97ad-cf391b4b93ac,3c392545-06e3-4c2c-8a2d-c8772433727b,d045a22b-2d8d-4f39-ad71-0e57aab1eba1,1
5318fb8b-6e98-4a93-98dd-72caff3b72a0,c3db608e-116d-4cc2-ac66-f920885ace27,64b38d4a-4362-4b2c-9ba5-6cc87f46161f,26
8f4392c8-20a8-4bab-bbe3-dd03c9ccb2f8,8e056b1c-ed0d-4d41-93c0-b5a58cb52cb8,d8cfa450-7104-4aec-b484-c8522e7a6a55,126
cfec536a-2f99-4af8-b03c-af18fdcfd017,e9fdd1c3-98e5-46ff-ba03-d43a14d43c42,643904b8-59ca-491e-91dd-04149aace19d,492
5733285b-dfb6-45b4-810f-de5a678a005b,d46cc4f3-1c03-46b3-b45c-b9856b23cf3f,fe397cb8-b04c-49b5-bed8-0317d2d17537,4
c66eb0a8-2916-4b25-9d87-612db33c3987,9e02ca2c-41e6-44dd-9890-217abd5bff8d,d0a42ec8-8266-4b51-9203-7844d254682d,49
22b840e9-a5b0-4d28-a3c5-01441a933788,c3f71e00-3ed4-4955-a7f9-054f594d063b,70bbf3c6-993a-4bff-93c7-a970a35e573d,8
5b5d4fc9-9f57-46fc-9862-bb9a41e0e553,6fc5fe13-3b92-4f16-95bb-8c906fa24343,a833106f-1275-4ca1-a37e-7e89bff2889c,8
733fd396-b641-46d2-908d-0abcf55b84d0,121a8b16-714f-4947-8800-d9fcc0abe8c4,5d1116e9-0c58-4b3a-82b4-bdc0c34ac191,50
57389069-a062-453e-be14-88bcad0d9f41,fd96e933-6283-4aa9-9e1d-b2fccd52cc03,71ac1fd0-7ff1-4e2a-a336-1a252001986a,198
7dd0cce6-7b09-4acd-82d1-d34d4a78996c,6d916df5-ef52-407f-a823-934e4739fa20,071fdbe3-c41b-4ec4-a40f-786192876d91,29
173c8213-28d8-4c11-9f89-484973b1924b,4814034a-7c7d-465c-a7f8-28a13d26e746,5e4e24cf-dff7-4565-8bf9-8f758c5602dc,3
39c8d73d-c371-41c9-8aaa-30d04cfd3d98,701b067c-2c9c-4c25-bf7b-a8987d191ade,1eaf0510-ccf8-4943-a949-64749ccd8870,34
6b2c2f7d-547a-48ad-b5e9-6f256eceacfd,4242efbe-6ae8-405f-852b-63300d26bbec,620044bd-687d-4c91-9190-42f55d94894c,34
00e70520-5465-4594-a7ed-fed765054bee,80e402f4-592e-4c2d-88d8-65b9ebff0a4d,643d2e5f-46f0-4bd0-910f-2ea0bfda2990,35
e5b77fba-ad0d-4a92-8f32-63e20e7ffa9f,577b7228-0631-4a59-90be-790a4629909a,e9a4a3c9-c345-4ba9-9d1e-4cce4b9eedf7,305
7ff8774b-3fd3-455d-a0fa-67a7015f064c,64503ed9-baa3-4d94-8236-452d083863fb,46682b05-6cfd-4163-83aa-54a60842b4bf,161
67cf1e61-5099-4f1b-a7aa-b3ebd72d96fd,78f78773-052a-478a-a832-f481cd9cfff0,40a830fc-5d6c-4240-a1ae-9659f6eb6854,7
a34529d0-2cda-4cb0-8905-34b5bbc896b7,bf9be4ac-330b-4073-8342-c40f442d4a47,b696baab-bc91-42dd-b030-29fd060fceb6,48
699be305-44b9-4ba0-b2b8-cc8a53a8648b,03f87ee4-02ea-46f5-a8b3-1ee314d6d37a,9d1e783f-0677-41a8-88bb-9239749d775c,11
b548b33e-1b64-4b57-b13c-c3a061e80f9d,81333b3c-bd50-43fd-8e0a-7ab5447a7b31,23984cbe-6d67-49e6-ba07-edb6f2ab129c,172
949a6422-7461-460a-841a-18c8fbd1d19a,baeb892b-d3a3-445d-81c7-ce451e1db646,9dda8f90-0c14-47e3-a116-66b46e5cdc42,2
ae356de3-a4e7-410e-9c81-6c86e7c0c749,2a8bd326-8c31-41f4-9b56-98cf129e4c64,dc6fa946-3fd0-471f-9765-59b7e30f4dc6,102
4b915b0c-605a-401f-8619-184b88807528,2057822c-2322-4098-9aea-fb5ccd65d625,2ddbe53b-6ecc-4e78-b19a-9fea9c13d0b8,78
baccb9a2-81f1-41a4-837d-a79ba8f6a18f,07549a7c-1a67-47ec-80ba-500bc8ccb0ad,03fe05c6-771f-449f-8303-3dc8670653cd,43
471359f4-154f-47b8-a798-0a442c76f892,d67498d9-f639-44d2-994e-75ea194ea7c5,6051a88b-07a7-4646-b697-db909eb16865,318
933e7c17-0c3e-4e82-ba84-47b7c0664dbd,ee337c60-4e15-4d97-96b7-65594c6db1c1,e2b8d979-6ab8-41c8-ae7b-6e65ddc9a9f4,120
c676a954-1953-474a-a20d-4dab2d8b5c27,1bc9559d-ccf5-4e37-b6f0-7e19d509f340,9dad9069-a345-47c3-b1d3-e576eefc1116,31
a4e087c2-42ce-4ba7-9178-79ed82f9ab91,177b5490-483c-4bfc-a91a-a3c157e8fc67,a48a3d4a-bef2-4822-8146-97f84481ef93,3
09d9f2aa-9f6c-48c9-98fe-84b186ac6211,258927d9-2b8e-4f99-a746-bc1823bde71c,001cb359-0b17-4bb0-8701-719f244dac85,3
ea049115-f08e-483f-8c6d-6ed311c089f8,d3cb8c63-223b-46a7-89e8-6829de612316,2ae4aae1-ed9a-40f4-864b-6e65fe80779a,252
ab2da500-f3ca-4d5e-a288-93b0889e82af,eb01e135-261d-4d09-a53a-12bf70c7e7ef,266d0e5a-d369-41a3-b8d7-79417aaaa761,364
66c17da3-007f-467d-b059-68e1186c4e97,19338ad5-181c-4c7f-b722-a3cecf725f3f,4398959d-41d9-4a63-a7b6-505a96d8eed2,187
dad06a2f-5426-4578-93b5-e54ae5967cc2,3fe75950-9020-4160-8a1c-fc0339730f9f,6e7fff5e-2d3a-4486-935a-febf8aa70fa1,15
80723555-7d78-40ec-bb9c-317b3444271d,4e739825-9447-4eb7-8d6c-0e6ed6cc5a91,df177396-236d-4d2c-973f-cfdf0998ef43,42
314ef1ec-4efe-46be-b8cf-7844e45f2fe3,f174cf70-e026-4759-9292-e30077f14e2a,844284c1-7217-404d-82a5-06105bf320f4,10
02416884-0a66-437e-a3d8-26bc485ee031,8eff8a6a-f6aa-4e51-b145-8672461daacf,a3a75b17-a041-4e72-b59f-bf529800b019,60
592df53f-070c-463a-a3fa-81d493e42439,83354244-fa56-4ff9-9293-3f7a8ecdcb89,58499f0a-89d5-4c93-af50-094b060e4c95,4
f8f89b58-574f-40ce-b1b9-7e1695f38b62,c1822c56-cd6f-4c1d-88d6-b6a31a74814d,dfaad653-3329-48c3-ab56-5a455c8077c1,179
f130f96f-9f91-4a2f-b34a-c70002f9376f,6b749a4a-e8d2-417e-8c79-4bc765e05996,a56cdd1d-4ce9-4dad-ab69-4544c3225450,2
79ca03a0-ec6c-47db-a26f-acac53ecc4ec,417305d8-33ed-4675-bb25-05f6ea861c29,192ddd47-c622-44b6-9a56-d1ccff98ccf2,187
03aef637-70a5-499b-917f-d09666e68d7d,b28d6860-da67-4f99-80ad-53eb7093a8a5,8337ea6c-fef6-4543-993a-f35765fd312c,1
2d8b125b-cd7b-4d3f-ba83-88fac9a77ed0,bab44482-3463-4c22-b4b5-f43584c8b403,fe39573d-a8cb-4c34-bd9f-fc70ab301523,176
21aed8bf-1689-43cc-b91c-688292b0f068,03fb5b33-bbe2-4918-bf1c-2104dddb08f7,a91bb823-6d00-4823-a11e-315166d5d2e3,50
e4f1041e-6645-4a1b-a1b7-98be5143a6eb,9b691dae-ba8e-433a-bc99-87dd518e5194,56b352c0-00bc-4a29-9d7b-75ebc5e1c3b5,1
e31eb3f3-9157-419a-b843-248309903ab2,44795aa0-481d-4018-bc06-c1f676d769f9,a4bfa16e-b961-44e0-9a8c-0fbde3abd2e5,155
113f8840-2eef-4f63-b2d9-277eebb9f149,9f0b9a81-3fee-4143-8daa-bbdd4d992eb2,ce28caa5-4e2c-48b1-a939-76bf849ee1dc,9
1b9a8de1-4ba9-4150-97b3-46b754ef38e6,907f8eb4-af84-4d70-9f17-29d8f190af2a,afc92c9e-6ad4-4cb1-a179-487e875af892,102
bdc68572-ca8c-489f-a35b-dabbfb35d794,a5d5e822-1a3e-424d-9bc9-5733baaf0364,d3bfc23c-af13-4ed0-bf44-dad8255c3433,15
a2b8f9bc-f59c-4376-92d6-0ad2c3f88189,8335ba54-4fda-48ff-b6a6-b1a961b48853,274c6996-0c06-4edc-8ad9-3c3174775872,43
182f7e5b-781b-46b4-8e26-1092c943cb05,36c62c4a-1d65-40bf-901a-21173a2000df,76ab677e-5aa0-4fdc-bc58-2d399510e8e6,10
9fba98aa-5d92-448c-a368-d758f0aaa734,3d3a9878-7cb4-45c0-867a-e65fb500c3ab,f3ea642e-9961-4206-ada6-1710310110b6,60
daeb5885-bfee-488c-9531-5ec78223130f,24ed575c-f8dd-44a2-89ea-60df7253cb26,99d6072c-2a4a-44d6-b6e7-df015dc7a6f6,23
329861a6-1466-4115-b9d7-60b7d1be4e53,8b7719ac-7958-4983-85d4-518b8167064b,a1979a4d-8260-46e0-baf5-95f6f83ee21b,150
1db9600d-4f2c-4583-a208-20a0b5eb3bb3,2f8f1f6b-f2d8-40a3-a002-9765a779ae1c,b1474c61-c546-4cd6-9b29-097c6fad79bf,186
14a9e225-4951-427a-9599-11c7c7c78fd9,75fdc02c-d0bb-4964-86c3-9b3ff7b4bd4e,f0437994-109f-4698-91d3-ba7c92898412,113
f7e05b37-26c9-4c86-af10-ef4a9cc89007,edc538a7-73aa-4a3c-b3e1-e732dbc82782,c4275d6b-f1dc-4cd9-bbf2-936f1661c3bf,23
1fe67a49-67a4-49c6-ae3d-ccff9c9327c1,0d6738a2-6bf1-47fc-8e87-29379734c509,3a3c6d51-1d7c-40d2-a11f-b0c6c43ecddf,273
1d241391-af2e-4e1d-9145-00ef889b05ed,f07dddde-417d-43eb-9bc4-49c77a63ca50,56f21c74-b797-42a9-a751-21781a7f07fb,158
91436456-bc23-4c41-aef2-b106c2f1e7df,bc3d4dd8-bcfe-4aa2-9a5a-07ddfc869302,be37c013-6266-4c21-a39e-656962fb178b,2
d4221268-1e36-4aaf-a7be-177f44c7ad79,1ba19898-20ff-4e5a-b5bb-9bc80df2d6e8,f705429e-e479-46bd-b206-983da492bd44,18
3c1c4c53-1254-4e03-a04a-0739d6d9a60e,309edc75-2caa-4d67-b3bb-b9319f0bd98e,16aebab6-1010-4ed0-9b74-ff37d91f5601,72
14519c80-eb6b-4387-9ba7-5a6723243087,a9175810-d890-4541-b5b1-f9f220433cf9,1347897d-23be-46ec-8e44-a8a350cad438,23
d2c8f292-1d7a-4cab-8173-9c69232577b0,2f6f6e04-c6fb-4e55-b2d7-5836b2557715,05cb0136-782c-4250-a49c-cd70137b4ff4,22
92571798-6f99-40f6-b66b-f19eb4b8b84f,071d2afc-8513-4806-9ec3-bcaa00645e00,5a331f40-2783-4471-872c-990b99cca877,3
9584d48d-c9d0-4f49-a323-8d440a0833a7,0e2fc13c-248c-4696-b4d7-d9d5da483747,7eeefe9f-a8ba-42f7-88c3-4044f24fa16f,1
0e5e8b04-f131-4fd4-936e-59d07cfcf299,bd8b8ec2-b0bc-487c-b8c8-64ae6581d5e9,8fc05a7e-8363-488b-8b50-d9b4739af84f,105
00aa5c5f-a3c0-408f-a94f-4d05c0e0deaf,3898ca05-03ea-425a-82f2-574caab49255,52bde5e1-735e-497e-b984-58d658aa1590,180
9ef299c9-da5b-4b8d-9584-13c79bd5c850,ef3cc2c5-fe81-42ee-a1d8-d11e0aa08470,53b67253-2e33-4768-99c7-64a03b55973b,41
09926cbd-fa83-4405-81fd-2193da2a94aa,f04efdc0-6e23-48f8-8e45-43dc409d3c43,ff08bdf2-842e-4b79-b5bc-6854ee7d37a5,199
2d7afb8f-30e2-4ad6-8b6f-8f0791517377,634f6bfa-3ce0-4071-953a-cfdabe170eb2,dd9801fa-ea1b-4b36-9321-c0854c34bfaa,4
05f46ed3-fdcc-4ccd-b3d4-5dcfdbc6ab8d,1ea77310-024c-4b48-89ed-6a35c4d70e2d,bc0bd6e5-5062-4309-9cff-dd90d62568ae,22
3fa9d2c5-0208-4c8e-8188-74d081d53bab,735df14f-dbb0-4c7a-9cc7-f4fbffa19c79,222bfcfa-db19-45ff-9f02-1e6b74decc4b,201
72703361-05b8-4505-877f-3cd55b65b71d,8f2ad5d3-4fc6-401d-b2a9-fcd494c206d6,76cc9627-3362-429f-94d6-d2a692f20586,8
a4bbb940-f0e4-4530-9ac8-f84ac4187cf1,700fc340-a408-4749-8391-ca03cbcdc6c5,ec9a143a-6009-486f-a224-37c0eb2c5539,9
05156c7e-dabc-4059-a720-b36a5697c956,d0fa9689-1f40-495d-be98-3859276e7c54,4fbd069e-1ec5-4f62-b08c-80d383c1b277,2
127fe5b9-ad92-46ca-bfab-f386a616f1b0,3e7259b2-7516-4886-ab2c-a27bdd14c3af,91ff465f-e5c6-435d-8bf5-88021481c8b2,2
844ba5cb-3c1c-478f-828e-5dbf730b3491,7d8afc5b-8c5d-4807-b474-574f465e9dad,bec4f6c2-8d26-4ae9-ad89-5b60e180f9c4,83
fcf96f7f-7fe8-4962-a6ec-4d7b9caedc72,d85f52fd-c833-4fa0-81a3-6b5853e2625f,0d468bf0-83e2-4146-9b3e-10c0b27169e4,3
da775dd0-fa34-41d5-9e4d-0f2fa655f9c3,1ab96a0f-8b25-4e06-b41e-6cf1e290a5e7,2419a320-f6b9-4c9f-aea2-b053315e4ddc,2
f14b7517-f5f0-4c2e-8d3c-e70fdcd585b5,be57c2a7-b7ab-4fac-ba56-0bec2db17acc,7fff7445-14f6-4873-89d4-03df2ced7359,10
2a0dc88d-3141-4ccc-973a-0a50d10efcb6,7bd59979-949e-43ca-b96d-6f1be0ca0178,9b767ca9-6d01-4d98-b912-d71954d38c73,36
9fef7173-2535-45b7-99b8-00b0bb99be64,5d929eb7-12e6-4d9f-98ec-34b20de40335,be51cb3a-0bda-4609-afe9-620ad44eae40,19
416a48fb-bb0c-4c1f-aab5-c5a6606133ca,214c7edb-1fb2-4787-97b3-8183dd29b6ef,b1af4bc2-d5e4-4622-a2fa-2261cf7a5f29,428
8f5f3031-88f9-440f-a10d-457fab4f13fe,40270cb2-93d7-4848-a42b-fec281fc9b60,2a68aa0b-3d28-4fc1-a6f4-c9b36d3d5cbb,476
462d54d4-2066-40ef-94ce-ddec0caa7b3c,f33c47f8-f829-492d-ac30-0e9aed472477,d842a8ad-ef7d-4376-92f4-bdf9a82b64bd,11
2180a774-f223-4b6c-9843-fed413e89bd2,1321e9f3-ef79-4350-91eb-e765eb5aa53a,c78b8288-845c-4406-a606-8d83612cbe5e,317
d8516183-ff71-463b-a3f7-526b24c11092,f09f50d1-2d7e-4485-9618-e8e0f6c6e70b,c645401d-3281-4d42-97ec-e5e3d01743d6,62
370c28ac-12e0-46ba-906e-c669e533bce4,fb506e85-bd53-463e-90c0-9e4b69e38f38,d93b7647-03f8-4cd3-a2bd-a45c213ecaad,21
709d6f3b-3fc1-412d-9936-5db4f26149c2,ed6290cc-df37-418c-af0d-0c0b1dec9bc5,85b6b80e-5788-4748-b62f-94e78a515b86,4
ec0e25ec-fc7d-46da-a6a5-19d923b88df1,8cdd4bc1-b6ff-4be4-847b-36f408be6f5c,1f554718-6d80-4a12-89ac-d413a68ab9cb,187
e901cbbd-9373-48f1-a48d-6dfabbc6b4fb,eb1c0a6a-9b3a-42c9-bf43-130bea7e157c,46dc4730-220c-4129-984a-22debdbe18ea,4
c8198d6e-a4c9-4036-8214-86e29c856d3c,60b4d52d-a16b-4baf-87ba-10c3bd4b9e9e,4102cfd9-f4a8-4b2c-8269-8ee9226d278b,108
3fe84863-adea-40bd-9760-b9fcd7bad37e,c6fef054-061f-4461-b7fe-9c5ea4b4a8e5,ad039d45-d317-47de-a39c-c128f7366123,17
0872fae9-b36e-4395-9aa8-da506f42e819,c43eb413-ff9c-4a92-b155-92079e5d69f1,d3d82943-295a-4fc3-b266-97d667ae1c2b,12
4bdc1829-f95d-4eb8-8877-9d82b7b4000f,a2c8e0ea-6ee4-4b57-9788-0508964c765c,dfaad653-3329-48c3-ab56-5a455c8077c1,8
5766fd2e-431c-4203-a882-40cfb058075a,d4cddf8e-1f30-428a-b979-101912ea7451,9a2ff183-9d96-4b7a-b399-1d41e1b5dea2,5
b407f666-1a6f-41a7-b8a2-c1448d02254e,aab47c17-cd1d-49af-8d4d-511c9e36d99d,e5e4aaab-d9c3-4ed3-af26-895068226771,8
bdb2bebd-a1b6-4140-8d60-481ab194a81b,fd63bc58-25c6-4e43-9b16-3bdb77880c54,b274faa9-c5a4-4dc3-a928-8cdbcbe6cec3,88
d7818e74-242b-49a2-b1f1-de09dfc618c9,710abb6c-c8db-4964-aaa6-811d9734c6c1,9aa0a729-296d-4cb7-ae70-baea6f2313ba,30
fa45c966-fb3c-46a6-a54d-630c7cfe1dcb,e85132bb-33fd-4d3b-ac3f-e6eb6139097f,2551a9e1-7ede-458a-b7ed-a45e22de6e87,296
704dd012-ff58-4055-bc07-55fef74f8f02,a569df6a-6de1-49a3-bb93-d8debb40271c,b0d246b0-a089-4149-ac97-5a4efe0dd18b,38
16db7431-a544-4713-a755-a2737262af7f,82dd0912-750c-4d31-a996-aa631d7e04f8,ee87dd7a-047e-434f-b5cc-0cee85d67f77,37
bd3a6c93-2879-49b0-bf7d-9581639f3d99,70d49aa4-6c9b-467b-bbee-92087c94cbc4,d1bc0755-2883-4c8e-ad12-6abe31564350,11
2c29e2ed-de27-46e9-b219-6de4787946c0,2205c5e3-418a-426e-935b-ed89ffc8d51e,5a7888f7-567e-4db2-9144-f59c8bfb4939,12
46fec17d-6f41-4225-a63b-c020eb95f6b3,9bd92af8-d815-4177-886a-c6491d193f35,d6acce61-591f-4130-bbc9-209a1d99a56a,126
efcbc591-40b6-4595-a423-167099e8611a,fed5ced6-0a3a-481c-8a48-5fefc784b347,052598b9-c17c-4f3c-910d-3335865d4150,174
5ba6f5b3-fafd-40aa-80a4-be0e29baa7d4,26d22fcd-b221-4d4f-b012-899853d7b658,edee6877-e714-4f4c-9403-f4a1b3535c0b,23
99ca61d9-5518-485d-8ae6-d21ba49ddd0d,8e011ad6-8396-48b9-b0f9-a26d808902c1,a9aa4259-2bb5-495f-8e8c-4b496c7f784c,95
2d800b8d-3381-4e47-ba17-52865fc9bc30,17605e02-d32c-40f3-be19-2ad8e1a0348d,84448b43-610c-4eeb-aa25-3d71e0a5ad0a,13
75322661-150c-4758-8279-8ccf7d315754,c7891209-0e9f-4f47-a233-836e563774d3,30b6cf73-9cf4-4d8e-bd19-91213358b882,363
c02ecfb0-fe54-42c0-9e36-397eff8e41ba,7789b724-f6ed-4e2b-ada4-13d38dbb3880,db536a7b-f587-4322-ac9e-ada0fa6a3298,75
30d6a2ea-d3ed-43b3-912e-a37f73ed522d,5845c3d4-9809-4ca7-aa8a-8a07cf9910e2,327972dd-5bb3-4a13-8c44-15aafe42d9c5,44
eb2f0bac-b907-4b7a-af23-e0e2a1815662,d6a757eb-909e-497a-bc94-0624da1a3f26,000c1cfe-5405-4a5a-8480-02692d28cf46,35
8ff7205f-f6da-4457-9def-3c37bc82f0ca,7b283f78-9e89-4d01-b3b0-adb106327977,d80c301f-1842-4cd9-a8b7-9e6b053924b0,125
6dd1e472-2b67-4dcd-b308-38246a780d0f,e28061fc-6dd3-4f1b-96d2-929d79ec3ddf,8c97e570-af26-4e5e-ad58-472ec71de4d3,472
0c03f43f-b091-4481-8ced-90e0145034a6,853fd341-d2d2-4f41-99fb-b16f1c5ece54,0398aa0d-763c-41a2-8107-420adc3d5194,53
3d3b1d5a-4cf9-4a9c-aad8-3a295cf58272,7d4be02b-cd03-400f-8385-bc9edc873999,905f31c2-3d93-4514-8d86-7d78a2abf9c3,36
caad91a0-bf81-45a7-96c8-c4e01f836586,858a5fdd-8d4f-42b7-8cba-00826ce0e9fa,22972565-c646-4941-9189-66ff32b962af,42
6bb426a5-35fc-4c03-a959-b280f4758ff0,442aa1c2-e5e2-457b-bd24-a9f3e9bd1bea,7fa3fdfd-d378-4271-bc82-ff0a63b0a1d1,4
cf15497b-fefc-438b-8f53-c3ef8d017f8b,60c99958-9881-41a5-8173-5df2b54d72d8,aa678d8e-6b3f-41f1-8d2e-07f010baea8d,43
452133f7-06a0-403d-ba26-8812029c18a0,cbb9426d-1f54-4135-9824-be63430231b7,0bd1fd4d-b03c-4da4-b656-da8853c6bdea,1
58921e02-29d2-413e-ad8b-b86bcf59082a,df4043f3-ca4e-4495-b070-b7380fa38355,2b01cfbb-216e-49c7-9dfb-d2f0c595b7c2,24
e63ebb98-54c8-4d83-8d59-28a19bab969a,8bedf839-fbb3-41e2-96e4-b7a6aa7c7177,eeec33e5-b6c0-4113-b4b3-a9261e092329,453
70b53bcc-c228-4929-b585-cb53c994cdf9,a3ac41eb-66ff-474a-96d8-2420a18876c5,f0c378a9-c379-461a-a3da-b670c31664e7,15
ce5d6d95-20c5-4b78-aa52-ef88b6ba3e0b,5b8ea6ab-9024-4df7-a4ac-7376c6e19c81,d15f1fcc-3fed-46cc-8353-dd64e4e60b41,113
5d955b87-8965-48d8-a4e2-be72ea0acd42,36cc19c0-85a1-4d22-bb49-83177c5e77fe,4a56c0ff-2d2d-4350-aede-3b4338a16d99,27
524b71b6-8b35-4bdb-a5da-7ed5455893c3,c8eb0f5b-d46c-4e8a-b38a-2ef16b701bcf,d62f0878-da78-49e3-b418-3ae36c1d7334,43
042712d1-6144-4459-8b21-65ae0e599958,a82bfbad-1a69-45f2-9e8f-d7cf8cdf9e0d,dfb44754-b01c-47ed-a676-4b08ba2e4806,5
56ed14c5-7a47-418b-8d7f-442ef6d68d91,76dc07cf-0fb5-490c-ac2d-80cd2f797a78,442fdc69-3c96-4bc4-8c1e-f030e06c5aee,79
6a4513a6-a91f-49c2-8098-34a3913ce4ee,2871cdc2-a1d9-4a6d-aa0f-198299a516ff,09a1bb81-3cd6-4934-9f29-d0371403120f,481
503a6ca9-9888-47cd-9192-7f08a57de003,7709846b-13a2-4a57-b029-ae1aff55b127,70fa9037-3578-4ef7-8d7c-356c893df242,2
e5d25cf7-808e-41a2-9a2f-9d0ff8991290,f657caa3-a15e-44a0-901a-2f3977eef75d,1bafad52-e9bb-4028-a27c-6bc00eaa05a6,12
6475da23-4788-4257-b873-ae85366bf0ee,fa3de5c9-3563-415f-be3f-0e195ee6e792,fc8b8498-16ad-4b0c-a87b-fcd2a7cbe4d8,1
a4b62a15-9a06-4e02-85d3-cde0a346e197,409f725b-c2f0-44f5-a526-d8a4bf010116,9dfc2cc6-504b-4e07-84c6-0b6e28e72956,258
d8aed97d-ad38-4e92-a9d4-2c4e3092b5ad,113e3831-9378-447f-ad63-863fb868f52d,295e5607-5e5b-4454-8c22-6bde7e3de70b,22
6b00a7de-ae96-4be2-8f4b-3693a50e70df,f077a06c-c9c1-4744-8870-cd14647e67be,e1c0c934-9969-46ae-9554-31111642a232,165
13a7a0b6-6846-4151-8038-2e69d5501312,32dd78e0-72f4-4133-89c3-f51c27ec4c2a,d5fd69ba-e48d-4d18-b47a-b457496d2356,1
0891906f-8ba9-4721-af01-0769b904fa4a,07f16420-f529-4d78-8deb-45332b39c5c2,64464edd-df5a-43fa-8a28-8f454c8600c4,4
e123a940-153a-4bfd-88fa-1d136a48a4fc,9829d72e-3558-45f5-aa96-a889c85257ef,14a625dd-fb8a-435d-bea1-59442ed6a667,28
9278b4d5-e87b-49ec-889c-475052f0a61f,cf6ad105-32dc-4773-9bd0-ae7b59c4b268,a4c458c0-2a64-44bb-97cf-db0eb0c41373,10
520f2e83-a377-457c-be6a-d383b061b1ba,a387b80e-3841-4936-9edd-8e1f676ad9f3,87bc49a7-4e41-4944-b90b-b05d8a3dddc0,68
0ed86ade-9de6-4f7d-84ee-622f7b097e5e,09c36639-9116-4130-894d-0ba66e2505cc,1f7fd160-2f8c-4154-8c7e-05c6ed779282,36
c2410dce-5b16-434b-b41a-52bd96a6d3b6,e0e3c6c5-db3c-4902-afca-8ffad3f6dfb8,03485697-677c-4817-a22d-90c95359d2ca,150
0f649a2d-4c02-4919-aa9c-0a4a864a406b,f33cbca2-fb46-4291-a7fc-c5d3677cfc93,a8e3bc11-1045-499b-816e-a3f1e1158db5,6
80146de1-d9bf-43a0-a288-4595221bff07,9c6212c7-1cb1-4044-8e9f-bac031359a8e,9a593653-3ada-4c82-b6ac-3adee576cd47,3
bf5b2c52-1ea8-492a-b56b-257bd55e4b27,6474828c-1051-4d23-8fc2-d2f297558876,db36488e-6b02-4b74-b6d1-ef5b5898ef39,181
351ecded-3ec5-479b-92b2-02032eca9638,f3c57663-7627-4b3c-b2ee-300d50adb0d7,a7110bfa-8afc-4a01-b507-13f03ecefda3,128
ed2686c4-86f5-4381-9d6b-abf75717ebc9,b3ec5016-b935-4303-8671-649373b83647,dcf727db-53df-4b2b-a18a-06a747e159c2,17
213dcc9e-c6f7-4774-a849-8f4127002f76,ab758c61-1673-4b5e-a884-ed3eab9e4b9f,300dca6d-f433-4269-b199-be753b55229d,36
1176538e-e8fd-401b-ad5b-8d6e77d72257,c0ccc7a5-7e14-4df3-afcf-d6c8579c4172,66442ee9-0b5b-40a7-a12c-895aa89c06f4,44
db8eb7cf-3975-4f1c-a6d8-41e647a5b441,7cc71442-6cda-4cc4-9283-7909301940fb,caef4f88-bef8-4d44-9d1f-afaf8d5c505c,1
d8c2175e-99f0-4d3e-a50b-5b6ed7566847,7be3febf-11ef-41a2-9d4b-006aaa911a6d,760d7710-00bf-4876-a42d-a407c8359adb,37
b572b584-e7b5-408c-a51b-b1149874bd31,487bff8a-a7c9-45b5-b0cf-1fb76ec271ce,985b2181-f638-46c1-85ff-191d25bfb632,12
20d68801-ce99-4b6e-ac30-0cba63707510,a2a86463-70b7-40e9-bb07-671c6616d9eb,1394ed37-6659-485e-bb6f-66587ebe22bd,1
a2bcfbda-87d8-4f9b-a40d-89d66a9f65d5,2dd111b0-3829-45ce-8d86-ff09f1afa173,76a5cf87-8c68-4dca-970b-7b98595fba47,17
1aafccfc-11eb-4585-ae29-9c435ee740b1,5a9b0c71-a8ba-4012-982b-eac6556abfb9,d80c301f-1842-4cd9-a8b7-9e6b053924b0,205
389cfb85-00d2-4483-b2fa-fd9aa2fa0665,a9561b9b-0204-433d-899f-b5d5f7be84a5,8c995038-77d1-4cc0-bcdc-651ca4d268f6,26
310a2cdf-f405-4773-bc31-54a54c41339c,fcb2baea-7065-400f-8503-f63bb7d9e941,0514af41-7e5c-4845-96e3-13a2118ce905,3
731345af-8e50-4f1e-a713-5e7ce9bd3733,e7d6c635-6b92-4f18-8136-fb4709ce06d4,d4615046-82e8-41fb-b692-11256a732f2f,39
2224f47c-8f58-485b-a00a-b8fafd216331,a75b0ddc-1fd8-45dc-b242-75cad944b4e1,50d605b9-ea6c-4f27-a750-109674e5fbd7,90
d7d9d0d1-60a6-4cdc-a7ba-1eb6f76ba6d0,885e5c58-b508-4a6f-a03c-c006a5e91270,6e9f203b-33a8-4129-9bdd-ec136d059783,5
107d78ff-da4f-46b8-868b-5988d5d570da,7709846b-13a2-4a57-b029-ae1aff55b127,5a7407b1-fcf7-40c4-8d26-4191f38eae1d,15
7b52bfd9-c888-43fb-b2c9-db6871a4f12e,f3db1f03-34f9-45f8-bbde-62ec36a1a2ba,ce9447ae-b716-4fd0-8f58-bdd7b5b9efef,86
75cb37d5-6ea6-4c44-9e2d-cb3289da492f,37b17b02-4e20-48a6-8563-a80a42be2001,30cd3a44-a25d-4069-8844-4211147dc284,22
bd1fee3a-bdb2-4e3c-a804-5971cdbb363c,442aa1c2-e5e2-457b-bd24-a9f3e9bd1bea,1a41f33a-13ee-4a19-96f2-dcb7c3f8f5b3,3
d51c0bda-5f06-4827-8ff5-5879c4e5c21f,1b8a252d-e879-4958-93d1-d92f10cabfe4,0a6961dd-a4f7-419b-89c8-749808cea962,41
81bd0263-6627-49c5-947f-4837514b195c,be6a76b4-7911-495f-8286-37771749df0d,b90810d5-6f20-44d9-a23e-f61e39f3ef44,5
2682603b-0018-47a2-975b-f64f467d5b58,23025903-bab4-46ab-973e-b09560678841,1907f42d-9832-4a78-883c-6e1d2feca3bb,38
26b5aec7-5057-4c94-a972-b137b863c096,64092eb4-3990-42ba-9583-a83de18ae4aa,c4926fe5-43a7-4b9f-9fc0-4c406e6784b4,102
3673dd74-fc08-476b-97f5-7e3a7d9d2551,4044698d-1ba6-483e-9ed5-7b4fff424f78,67ca648f-1f5c-4265-9f5a-d205c80ee4b8,23
e4110c48-e9bc-4dbd-b47a-bbd87d389bfe,ec5cfad1-ee10-4a3f-98b3-6261f79eb5e2,bf927bfa-626e-426b-948d-f0a4ca712360,141
a1046f66-a790-460c-8d47-f5d01030bff0,b4d9905a-07b9-4d06-93c7-b1fa2335b96a,ba21cadf-11ec-4a54-827d-b266507c3340,21
8c9a2e78-dfad-4b96-b54a-10e0348ffad9,4db7c75b-6d78-4136-af4f-b46bc3fa99ac,7c1312c7-d327-428d-9893-2b842d919fc0,1
36b8e611-c7f3-492b-9950-065f18ca3abc,9defe3ec-a851-4a1c-8210-6110905251ce,14332121-faae-4751-b81c-2b2e3970151d,3
01fe498c-0620-47fa-b0ce-6c24f04b8495,19661f67-86f2-4bb6-b35c-46ccbf2f765f,5ecdcaf0-4c2b-4794-ac45-abca59235c46,2
f29d19ab-2e3d-4bd9-8981-873270f43a8f,680949c5-98aa-4466-9b27-652efc5fa95f,1ae007aa-2566-4e26-b858-6746de4cd21e,46
d4e56047-3fb1-4424-9eb7-6e7df623962f,1b8a252d-e879-4958-93d1-d92f10cabfe4,8efbd554-0a6f-4c0c-8fbc-8a245d0c2aae,183
d75fbf90-df02-4dce-a591-544407ebc7b9,2d995d99-6c30-44dd-8c38-a2a4b207dd39,2bb9e58f-ddde-4d0e-a87b-5789edde2986,37
b77f8054-de07-4120-9bcb-74d6fc4ebd35,021113d5-9a68-40bd-812e-3c8eb475e010,2e6190e6-61b0-4bb7-8afe-113801f2d57a,29
51113302-ce55-47f8-9cbc-1f91d971eb15,f88d5394-2f83-4869-b37d-2dd21490f788,2383f74c-0fd9-4486-a7d0-4664dc834dfe,70
a4a21064-f9a3-4284-b7c7-191419ba1eed,57c739d6-80e2-4f77-8046-8f88e6e6fbac,5429679b-0bd3-4a30-aa00-0c44bb50e6c7,5
e9ddd09e-66ee-45f4-8da5-76cf03ff9308,7db2b7bc-d924-4864-9c45-cf7762e72b91,deeea001-288b-4457-bad4-a6140d543847,2
55a525a9-78f4-427a-9af4-78e5ed32f45b,3480f5b2-e08c-4603-9f1f-8717b40b8db7,d771b841-892b-4fe0-80c2-b17fa521f889,46
d2891e4b-56d2-46c5-a460-633132ff2eb2,8b61cb3f-6c4d-4218-8c42-6749f990536d,98d3749e-db89-4f9a-822e-408283296061,3
3686c6d4-7f2f-4fd8-bbac-a61845e1b788,d763963b-b94e-4bf5-8b1a-755b47207093,9c3417e7-4c4f-4d76-a2fd-cc82f5106a28,6
0ae23e20-964e-4e41-b12f-653b97135a8a,55f50ab8-a0b7-4489-abff-ac9182139640,2c595f6b-2f75-467a-aaab-a5f07aa3570f,5
d9fb4594-ad17-4079-9b8b-d57629a3a612,ea5b3a16-6f96-419e-954d-c448fd502602,c935a422-33cd-4f87-aa40-a628b611a0ca,12
59ae82f8-fdeb-4eb8-9e10-b467dabff1bc,7cd78c6a-af03-4cfe-98b1-96e2da8d6f36,9ba8eaef-75cc-46c5-983d-60bb6d890f06,2
e21af46e-6d59-4229-8389-483ba5effc24,c8eb0f5b-d46c-4e8a-b38a-2ef16b701bcf,e39abb35-4036-419d-bf98-b76750c19891,16
c906b3e4-5b48-4182-b66b-75c512ebda8a,c3e1f6a4-37c3-4eda-9271-c10daad36094,301de33d-636e-47c2-b95e-9e81a49788c1,428
51e2f8fa-203a-4c16-9c54-b4926eeb986c,5480094e-e5be-4a04-99dd-85c87fd83b1f,99e34f69-8fb2-423d-b48c-c227f25e848e,4
e7f22b40-91ef-4660-b376-6f23c303587b,97420952-376c-49c5-a123-95a8b4e8b90f,ec3e8a7c-0b38-41a8-91a2-0956ecb9c9fb,177
caad5c1a-9ee6-4fec-b83c-057735943616,3d5c4a18-65ef-4807-8d97-7b437330c3a9,6d4293e6-8a11-46a6-a57f-caca0a7f965e,6
4de36472-02dc-42fe-b83b-d95149d6872a,d7b951a5-4c95-400d-9cfc-0f12a4f4d9d5,7ef44617-f7e4-44d8-8806-f45879168349,5
5bca4486-aeb7-4690-b3d2-25ac8d40b259,50c4b869-ea21-45a9-85c9-2fe50fc7fbad,2efc81bb-8835-45de-a471-b8b238466010,46
2d6bd1e7-69bc-4c42-abc7-a7c7e5329434,03390f39-df96-41d6-9725-1a050efeeb87,13234994-55e8-4585-9c52-d9ed474eb2f9,41
f3560b77-2b69-4b44-847b-22f6c499e407,48c99df0-606c-416a-aa23-38cb6ced3be4,5c83ce6b-dfbf-4c35-80fe-c15ee6929aba,9
d9f2ecd4-b45e-45cf-a5a2-3a1f9355d22f,6474828c-1051-4d23-8fc2-d2f297558876,a258a932-8136-410e-8965-76797e91f245,5
a7e41a48-30cc-4488-805f-4daddb7a6ce3,e7abcfbf-e362-4375-95e6-bfc1ac623212,7b201bbf-b548-46b2-943d-d1edfb1eb49e,1
d6b9dfc2-adc9-43a7-9a65-9e51f08f07f8,126b707e-056c-4e65-8b07-4732dbd09d10,6cdefd77-a08f-442e-918d-190f4e28a321,59
19f7713b-0069-4884-93b3-31bea29509f5,a4c4161a-df3f-4af3-b567-dee1c4ac2386,3134ff94-a090-4187-8f10-5ec7d6e25bec,38
8047eb5a-8bc5-4e60-81f7-b2985921023a,ab758c61-1673-4b5e-a884-ed3eab9e4b9f,9e254577-a5c0-48b7-9c28-4cf88bd70acd,68
d2fb4d1c-33bf-486c-bd99-b9c4112aae22,7ae9e66d-a83a-4840-b344-2bd9de8da8f1,e1652a50-868a-4f96-8397-fdf711bc2f84,31
9a35e95d-d10c-429e-badb-02c2314ead57,c49a2e4d-5dd0-4e7d-95b4-27bcae084f45,ee2183e7-da1f-48d3-a3f7-d7dccd8ad54e,10
2f7b4d9d-fcfe-4698-ab26-fd3682d0aa84,ea5b3a16-6f96-419e-954d-c448fd502602,eac9585a-dd3d-428e-bb62-0fb903ab6f00,106
80e3c52d-0337-40e3-aa9c-acf855682bba,c0aab59a-31fa-433c-b074-30ed7e6f1d37,4ee5993e-689d-4599-917e-a6932c908b0a,267
385b3c57-d57f-4170-9f3f-fa18f461b832,77e27de9-74a8-4792-b35d-850f86713d4b,f6ed16e4-6da3-4388-a985-60746f1652d5,1
9d8d5da9-4c50-4e30-9db1-94e2fac9a2aa,ab8ef85b-d808-462d-a926-8e650247f703,9a96b0f6-0925-479d-8f5e-b4ccd19bf334,5
b8ea033d-57dd-4f5f-a8b1-03c12ada695c,48401fcc-9fbb-469e-b312-cc9ab4b6c045,7b35a4de-690e-4f11-87c5-3958debd14a4,120
026d17f5-40fb-4bcb-b25e-8a4853925300,9a887b36-f68e-4664-abb5-3d1a0cb11c2d,dec60af6-43a6-4bd9-8590-b750e8a4d90e,17
8e21d0f4-e8df-4dc0-bb55-df94081bcf27,7e2ff4f4-ae34-44ab-b13b-22d12e5db9ab,c89556ff-7f4e-4ed4-9d4d-f06d01b0b114,45
32f1c49b-676f-432c-bc6a-2702f722376e,ade5e088-c9ae-482f-88f3-d33ee233d66b,32edbce8-5527-4a66-af2d-1f2469bef2b9,40
50ca912d-62cd-46c0-a262-3da0f669c3db,318a3c9a-dd31-41d4-aadc-a2aba2201375,b77aa70b-dc50-4634-b307-19c1d81f27e6,40
f46c9484-2a03-4c0f-b5d6-b16fa7f191ed,73a39388-2b16-4a7e-8427-5e64b9719d8f,e39653ca-35f4-4689-80f9-ce475e236c2c,4
bf63aa86-e06a-441e-917d-d290e0496452,44d9cf4a-b547-4b1a-944a-599cd7f26443,ba4c7c3e-1402-4fc7-ad25-5046e771c168,31
aaf0be0b-5d93-47a3-bd3a-7d19a9122825,c0d54c78-2f2e-463a-aa04-a01f9cd73df9,e062087d-e847-42b4-a080-56d4ace7add4,4
dad3951c-95cc-4dc0-846a-3cb052814885,3a909f56-0715-4ad0-91c0-3d47af499e24,b609d05a-cc85-4caa-a253-a286e8baf8ec,61
7de707ef-28d8-49b6-a82a-7ea150db6451,de24dda0-21e9-4857-93a1-8279a2054b6b,3f7369e1-b30b-4947-86f7-6384de67bfeb,10
5f2b9bbf-c7dc-4915-8308-055428dcb350,8ae7792a-ee72-4126-9933-9a6cb44f63fe,5206dd03-5e2f-4afe-bf0d-002309e84a00,31
4a0a5b11-346f-430e-bf69-26b2ebf5a0a1,9af54fa9-e612-49ce-9ee1-f2b46152c2a6,25de0d43-58f5-4cad-a1d7-5165620391e2,222
24ae1500-19f1-4d91-9915-da6da20797d7,09f53baf-2e35-43e2-ae6c-91731c64d641,34de1e0d-ce20-474a-a268-ab77def5cdda,5
a562545b-8491-41da-b1b4-2d090ea436a6,af8830d0-9864-40ab-b869-4fb519eb7d3b,4cecaad8-e8f8-4954-9e28-5d457a8b2fff,40
352ef078-8db4-4094-aeae-6a68b273f38a,88585678-18b1-44e1-b81b-4f9877314619,03162b1b-4b37-4639-916f-4020f8956193,2
b3d5c218-23a2-47d6-a674-38c3e65cdcc3,b4f3caef-3b96-4d82-8670-20fdbce3af88,9ef37f7a-0023-457a-a1bf-4b0eab4b14c0,3
48cc2f47-c48d-4c40-ac38-c206941c53ad,a52c6c28-fc8d-4038-8601-93dc9b130b0a,89e9d47b-4c80-42df-a84a-01271599ae07,5
f08b866b-0de5-4c92-84b9-cd2eeee4642c,d9734e97-1936-4088-b64f-4ac361acab8c,a33190e5-b900-4b60-8da1-876d9e3ac432,4
925890f4-26d5-4d79-9f13-95d7e01df76f,fc3d3681-963e-4b1b-a96e-3864aa179d6b,4c02dfe1-7f17-42ff-bf16-757f8d43b295,43
650f59d1-c691-48e9-abb0-f867837ba4f7,55026bbf-ffe0-43cf-970f-bec640db08a3,23588abf-5077-4bdb-853f-bce5e1e81885,21
ef3ea433-a340-4076-91bf-dd6125e7b52b,1a0985f9-6c26-46a5-a4aa-5dfb76c3bab6,a1376bea-2fcd-462f-93ba-14bef3bb7a85,4
c184ba5f-7cc8-4772-93f1-d1926e4ad537,044a2667-711c-4951-b3ef-d5ab2fab4451,57e6d59e-ef17-459a-bafb-4e4dd6f71c65,22
bf07365f-9f76-48bd-b391-5318959e9450,2149fca4-c453-4bce-ae39-0dd2cb0a8658,96f4c76d-2e09-4f5d-8354-4ee617fb2669,2
8f16081d-bb89-4085-b3f5-faa742b11526,5e6d8859-3b65-4883-985d-5054e7629372,0aa0dd89-2710-425a-ad24-042f700b1236,3
e5e1a8a3-b7c6-4ee0-97d0-caa7bfe46d6e,7e8ee864-96cb-4d7b-88af-d7cb11dd0160,c6fae2f5-7281-4c95-a14f-662ac1569436,139
9b63bd66-9248-4000-bf1c-872880cde181,12f5287c-3981-448a-8d9c-ee917e3d0f2e,80dcba71-bc2a-453a-a389-8d740aad0d62,5
d898e85e-5051-4ba4-9047-4c077944a45e,b28d6860-da67-4f99-80ad-53eb7093a8a5,e165d628-63dc-4436-8dd8-bbaae88292b3,60
f446ab8a-dbdb-49d8-89cd-3b8721a7f400,110c06f5-5d76-42d9-b540-201461bc7d24,b372d2c0-8452-434a-9200-bbe518c439b8,31
68a1729b-c112-4a33-aa73-3ec557360b6b,e383782a-444d-4464-8b86-5f3f49ec0127,ed4d5f01-300f-4ae7-b907-9c40eb420251,192
3bf573f9-faae-4882-89b3-3d3ce6f7daef,def295dc-34e8-4644-b795-586c1c80d234,7b699bd0-0e17-4c17-9619-806137494e2d,20
9a159602-d60d-4bdd-b2f6-a83ebff05c2c,28384211-2589-4816-8d2a-ddc2bb15d745,5a7407b1-fcf7-40c4-8d26-4191f38eae1d,46
801022de-cc39-461c-b620-fa1a74acd085,73629be3-cd8a-415f-b1a5-2598625ee11c,38a356a3-cf53-4b14-a358-326b8838feac,20
a1ca3332-e6cb-424f-a80f-9d598aeb6026,6674fca7-1975-4dcc-ae1f-bad7d4481dc5,6b884f9f-660f-4aa8-81f8-b73c1a750ce7,39
8614bc9f-4e75-4e79-8103-cc6c9574dc06,884837ac-6eb8-4208-ba7e-ebcb34c6ab18,5f5d7811-5b42-4658-9616-da321f790b87,38
a18726e7-6700-4a47-8fde-89dece461ee3,a32e5596-cd8a-4b46-8e66-dc906eb015eb,3ce1c02a-f288-4a1e-88a9-9a373238c88e,5
c7846e08-a5e5-40da-8136-eaa636bb2444,e6ca6e59-dd84-427c-a02c-c22429cec95d,248d957c-c299-4f2b-8af3-08aac8de0e26,2
6d8a729c-90fd-4714-9020-1767d7bf0b59,d03258e3-bf5f-42bd-b918-0821754fd646,d0605687-08eb-44b1-9391-8d5cf784b607,3
72ee9f72-e662-4ebf-9c42-4c861e7cda4d,b3d7ae27-fda6-43a1-95a4-c37dc7c2f83d,0b72fe20-a661-42bf-bc17-b37f2f477b32,3
6ca05463-f49f-42a9-bc77-cfca626ab1ee,742b021c-26c3-4bf2-93ea-c06887aa742f,3cffc2ca-d296-4f61-b2ae-6f31e6e94eb0,54
4b13f522-6564-4157-be24-01f4d0f7345e,e23c930b-6b65-42e9-a63e-5358c20ce0ac,141c6fc7-f5bf-4604-ae81-9c5e21bb04dc,1
292bb1ee-40cf-4077-9eb6-8f8535e38372,28b90555-1de7-4cf8-9b2b-1a69de39065f,b4644f1f-d6be-4768-86c4-719aef581f33,4
68c5e843-eff7-48cf-9351-fbc0d142da83,db5c5a0c-64ab-4bf5-91b4-737aa8dc1b52,41eea279-b6f7-498f-a108-a9c478165ff4,10
c0c43e61-3479-448b-8b83-f1204c1ca0fa,99cf8d96-5a86-453c-a004-83b5aa5a9a66,ac25d968-f610-42a9-88ea-b29befacf4c8,37
e73b9a79-85c5-4b14-9358-8238c0240565,52d8cd14-8044-4520-986e-30146164a4e3,27d2f0ce-966c-4905-b7f7-a587cdf7bacf,43
e0aebd2c-47f9-41c3-9af8-eed10d1d6dca,ad15024c-0064-45af-a9c8-bfb71f25c369,bd55ccac-2b5e-4136-b8b9-c0116cdb30f3,32
0efe9f2b-7a1f-40ce-b10d-2601b832f188,df0a43c8-7a6c-49b8-a285-9d117a6ac92f,9186aa03-9223-4e51-bcf5-f82f300ed088,19
5bdbbef9-503c-4d70-9422-f38703c51476,59773ba9-2d9f-401a-a10e-54027636e89f,cb6f0eed-2d4f-4fdb-bc6e-1e516d278929,3
c48876e3-f7b1-463d-be8d-614491942aa3,d70fb019-2de4-43d5-b6ae-35f8b9aeded1,788b0b97-d442-4944-abba-69aa26c1e2d5,21
20a18168-39f4-4a26-b812-fa8f753e33b2,d3cb8c63-223b-46a7-89e8-6829de612316,d0fd3aa4-c398-4c18-8a31-727279d1f10a,181
b065d1fa-b5f2-4e84-ae50-fe2c3f7789e8,128f2428-a56a-4dea-9162-c50905dba118,3f2948d8-628f-4734-8e9d-a88a5bc57089,5
5012617d-c8c2-4316-9501-a1faeb5f84f7,6c7dfd45-c5df-49cb-96df-699ccfee88a2,32cffd96-54d0-4cde-8b20-3829959e8d1d,29
86da0195-3a31-463d-8b8f-f34451669737,f05f075a-ed59-404d-b128-b56dc2546336,245bea77-0fbe-4baf-8a3d-c85e790f8380,47
56919a2b-de20-48bc-a95c-2f163e181444,fce18691-b7f0-4f03-9a17-b3725796f3cb,e308e303-84de-443f-ac13-7776e46887ce,3
f379d57f-5674-436b-bb5b-b092e11f3f80,984dda6b-ef38-496a-b048-7041d8e355f6,6eada0e0-6fd8-401e-bf91-6fc4182d1a35,166
b1586055-48c7-42cf-8cb5-7858f5493258,d8b393c7-2086-47d3-acd7-6565fae139f4,6fc12658-0b7d-4fd3-bc00-6c1d2894fdc4,4
3b140e36-6460-47dd-87d5-382a0b955f07,d48096ee-5e18-4f12-b167-b44f81de311e,458c8af4-250f-457d-80a7-ab8b5b724715,163
f2969262-39a0-4edd-8e3f-d1a74dafefa3,1294e5d3-ac5a-483c-b1c9-508951cbd82c,1d0911aa-8ae2-4afc-90a8-1c523f442c44,14
b8b01c34-b7c4-46f3-8407-fc84aabc489b,028d1e0e-612a-46e9-813b-b50cb846f402,4e1b5aac-3e01-4010-8c1c-a66a1224c3b3,5
af388481-d9d3-4829-a229-bacde314c360,b9a610d7-9cd4-4d02-8509-a9b529f3580d,0ff3a1a9-4c11-4fd0-9d3a-a298d03bba06,26
c8cac76c-c338-406a-92d7-35fa5affef33,f8522d34-4208-4298-99be-818aaf5ed82b,315973ea-5eb4-44f3-9248-83f4a6cf2f01,28
3d1546cd-4090-41ea-8288-9f72fd846f2b,c52b29a8-bf2b-46d1-a6f7-735b551f4639,10b48caf-fb77-4fcc-9f2a-d0e2a8f84362,42
68bef538-81a3-410c-a466-76291f79ac8e,d286c952-bd97-49b8-9937-6af7e0c59d1e,f790a4b1-64c0-413e-b991-864fa329ae07,25
164049ed-a611-4488-a28b-8cdd5210db8f,304670f7-67ee-40c3-aae4-18ace9e3589d,24c377b7-8926-4942-995e-96dddd71e117,4
c71d7ef7-4a67-4113-b72b-85dd68b6fd3a,7fee86bc-70f8-41b8-b9ca-8eaa18dba241,cb685510-f1d6-4cb0-8da2-c7e1921c866c,25
e6cc5af1-e9a7-40b3-b34f-d1c737d60489,dd6135a8-1a1a-4d63-bcae-a19ed6f76175,f9fae88d-1f36-4122-a782-658ce9fcb2e6,5
777645c4-ce70-4c2d-8de3-d49148afafc8,4c7fea28-238b-40de-afec-e54c4571e797,95465eec-dea3-4f77-8f34-b043dfe4d3c5,146
5e40a6c7-dc82-4a3c-a457-8f59f7a5ff95,27164d14-c5a3-4b8b-b04e-ecca0dc942e4,58eeaf73-c05d-4389-b9fe-3e58385dbf01,5
9f93e99a-fe2d-4449-82f3-9264c67b9724,9c6212c7-1cb1-4044-8e9f-bac031359a8e,372388a2-5637-4f5a-a20a-485fe01da6f8,31
89dac1ae-58ca-412d-8fb8-55fbb4ee6357,40716e1f-93b4-48dc-8b14-b6f5bc459a37,a56ffd5a-ce13-4914-b329-4fc5db8783a4,4
c7a9f0b5-9849-435a-b6f5-b932ffeb4739,e1703955-3c14-4a2f-9f4d-bf7b4d07c6bd,1f2d6e04-8228-40ea-be7b-e3a0ba67337f,43
98a9c753-1db2-4426-b3e9-15daf499b582,c6689ca6-943f-4d63-b9b5-0facd406f3f3,e0bc5bdf-8764-4478-a5c3-ea21976b0c39,36
82fa4e37-dae4-4203-b701-c84e68aecdf6,86547126-0599-4571-9de8-3ca3d414e5e5,cf6d0683-ec6e-4296-9eb9-f2ad973b3378,4
5bc25170-baad-4bd6-909c-9790859fb610,7342e6c7-cbd3-4ea6-a6fa-760332d31629,d45d2c3e-717f-4d1f-ba27-2761a5133d30,37
541d47fd-f0df-4e10-b382-54c1ebd0653a,afaffd32-6ea5-4a05-bd15-d0068bcd6964,4ed5ad99-615c-453e-ba5a-9ba3ebff7e2d,3
2b2ecd95-6cb2-41a9-b2ba-f819e9d7338b,172d7780-f780-4a4a-aa54-3d0dbe31ed2b,8345956a-5af1-40c9-bfa6-2e6f6401a0a8,162
6ac4286e-4f68-483e-9fc9-0420f59396cd,84cbfce4-3189-411d-ad86-1485f7d2495b,49f3d007-5dda-494e-92eb-18d369b89a98,189
64d0b402-c837-4efb-885d-f85c7aca854c,46e7b0e7-ca89-4411-82ce-00a6353f9c33,5429679b-0bd3-4a30-aa00-0c44bb50e6c7,20
f37a68cd-ea55-428f-8648-0e16ed1238f0,fa4cabc7-3dda-4c00-a5ed-be0a984e51a9,3a6e0152-d535-4d56-a930-c83fe65218b4,10
9123b009-c413-42d0-a390-3551939806c4,a1cd2d74-24ba-4058-8dca-5bfdf2c8d2a4,2c0d00e4-7d26-4cea-ad1c-ba373eb73a2e,16
ad595639-6968-415f-9f02-8689fa53867c,2e3f655e-641e-43e4-af71-4d9c156a0556,a28148bc-a8bd-425d-8a4f-96aaae665c02,20
a5a934e8-1fcf-45b3-b65a-2c6c775aed9f,080657b6-6f05-4e72-8122-327c9aaca3e2,26ca2fb2-5b0a-41ba-bbe2-4a54b48d962c,4
3fc9bf1d-feb7-47d6-bf23-7d5be685744c,fe880a7f-0fef-4190-9bd4-a0c06dec793b,46682b05-6cfd-4163-83aa-54a60842b4bf,84
898df158-1f2f-4d64-949b-60faa7230963,4451dbbf-a537-43ad-b605-0bc5701d3840,928398d6-686c-4a0b-8e04-258761a320fe,16
505def3b-1562-4caf-95a5-131ba129adf8,8d25d103-c7ad-419b-9ffe-c15b7f194887,dfa8c183-ca47-4577-b95b-6e665ab516e5,42
b096db91-b143-49df-ae7c-b5e2c8f73bcc,4e1c63ac-c458-4afd-aa12-6c582ca65b11,c8ef45e6-6820-41fe-9747-8b203db17f3e,17
9317b969-31fc-4107-9459-5ef3d4595f0e,083c5a8c-4c6a-42a2-89af-ac8c5fae94eb,6b5e496f-ed2f-42fa-b13c-ca47f3573912,53
7ea6a36d-7d54-45a9-8705-c97836084873,89395011-8b02-4669-a6e6-b7adab0b142c,3e23ad4a-0696-45aa-8139-880e7725db29,24
0cfa871a-c080-4dc8-a0aa-fadf945baf48,194e0184-b487-4b8f-8e38-a08061e6d932,3f2675bb-24ad-411b-95e8-d69ce5129f3b,3
3733b21c-9551-4cbe-933c-bd3d67430ae9,f241eca7-cbc7-4c25-938c-18946e11e8d3,dda9998b-a682-4e85-91a4-3c80373bcdcb,1
9b20bff6-b1d9-4458-8180-cfa51d2185b5,441c3d26-e68f-4f27-9238-61782420463d,ffd2a0b6-a342-420c-92a4-c8e96b2a59dd,5
ef8307e3-14b6-42fe-a4ca-5e9c65859651,fea13cf4-20e3-4c55-8fd4-d58e221d4ed0,6932224e-3678-427f-83bb-091495401b72,24
24e4646e-b341-4126-ab57-ead23f46ecf6,1eb4788a-2bb1-49e0-a730-2d8acde1de48,df4eded4-3043-4e18-a733-1113c2665691,43
d82fda0a-e6e6-467e-892f-a7a5752c9ba7,438491a7-2b48-4b74-a563-ad5c19fcb2d0,ce51cbff-1556-457b-9b33-210d0d6b0235,383
246acbce-74e9-462d-a8dd-7a0db139a608,52b3e49c-2da9-47b7-bdf4-7a471986f001,db2abe6f-37ff-4188-92a6-4e08ffa3874f,1
6027a455-d553-42f3-8e07-df137b0c79cc,d24d9004-23a9-4b9f-94b2-f629d31466ee,7bef749a-96d6-48de-8386-a85708beb64c,1
46f79d40-0415-498b-884f-1cb3a9e9cef7,d505bfe1-8c86-415e-b86b-9031d7d20e69,cb942c82-7b0b-482a-afa9-f25554712924,49
7b3bc51e-162c-49fb-af60-c833c699dc61,badb2391-c241-4b31-800b-26f02388597f,c468a623-3097-4073-99fc-d24a01cd2255,5
3099c34d-e646-4652-aeff-b64f6de772b4,d19adaa5-0150-4bd6-89a9-a49cdd227991,133d4b01-0988-40b7-a812-70707a3c8228,108
6791d264-7402-488e-9059-9fac8c7f3e72,40ac914e-90a6-459f-bab1-62c81c2eab39,7871535e-d2fb-454d-9599-c0972cb579d6,200
7301624c-c1ba-4ca1-bf41-14fe145aca5c,55ba9713-b7ec-4faa-ac95-586fa90312fd,d2fd911b-62c1-46b1-ad6e-8884f9e1d515,5
4c322784-ac82-4cd3-9cf7-39487bc642a6,b2ceb6bf-f5e6-46c0-8042-decec4ac9507,6fd9dbfe-0644-4786-86d5-aabe222749e1,210
4d2ccd6a-d461-4d8b-9b9b-a2836d369878,74ed8f38-30db-49ee-98e8-313e89c87e79,0e23239f-b9b6-4e38-a4d4-cf4c601ae07e,2
35b18c0f-36fb-4f26-9f93-9a1dea39a9c9,53df3865-bf73-477f-946e-40a1014973cb,f3524261-7f51-4304-9d75-68d16493668b,36
fb7cafd8-a6a8-468e-9df7-bc586927bd51,d600f8f4-0dc1-414e-9e03-e072c758fc1b,2c0d00e4-7d26-4cea-ad1c-ba373eb73a2e,36
7d4fc4b2-ba44-431c-8001-cce3171954ad,951a2690-42e1-4fa5-9f57-8c98ebc0fc90,73b3c064-c8a6-4abb-8a1d-9b700b087639,308
ca87f179-a102-40f3-a95e-5981951d7639,dca976fa-60b9-424a-96f6-7f5f3b2c3ff7,2c60fcb0-94c2-4144-9445-f2a1a9cb3544,5
f1c25beb-2abb-4e42-a26b-e034f4c98962,6bd84228-d6a8-4b08-a15f-605682cffe5a,9c1559f6-02cb-4666-b7a1-fab0e1dfb8ad,52
a30b76f9-6f64-4d88-9a77-8053287ebe99,aa022e8d-552b-4d34-9c35-ffecf887601c,7a3e35f1-5d17-440b-b492-7749a0a3cb63,127
5c278073-2ad6-4358-a049-6b49bf84018f,391f9ee9-6915-4f0f-9790-21bb47f86bc7,7ce20c04-db69-47c3-9b6f-dd3d58b54e36,82
43e32845-5026-400e-a560-b78439f8b6b2,113e5873-ac81-422e-8236-e27a5f452116,550c8209-9231-4040-80e3-dcd84f050d53,5
30e81145-d223-4abf-87bf-67568d7133a6,982fe8cf-4d5a-4fd6-a4aa-98a32a5f4b68,cb7c9043-50b5-4d40-8c67-2ea93fa53b78,47
788671be-9898-4e23-b744-01a7f512db80,87bf3f0a-720d-4214-9821-86f064456817,fe397cb8-b04c-49b5-bed8-0317d2d17537,35
22daf6c6-3fa5-4a68-978b-9d6eb302e5af,b00d18fe-672a-4cd4-a441-f599d2dff2cf,603841f4-0502-4c62-a3ea-b01baa70b492,4
5900228b-9058-480a-b8b8-8831baf10e3f,5aa71c56-4053-4f8d-bbc5-47d11d404b6d,69d15402-452b-421d-a484-a63d8ede7f17,3
3983b5a9-d2cc-460d-ad3a-634e1c72d1d7,113e5873-ac81-422e-8236-e27a5f452116,5dd665d7-0a41-494c-b990-225dae43436c,19
1bc9c0c7-563d-42f3-9fa3-fd59d9ddadf4,0fa6aca7-7646-45ba-ba94-99199923e09a,5a993502-fafd-4af0-b106-057425c578ea,120
2e6a3313-16ed-4917-85c7-db0314ec8e94,6bd84228-d6a8-4b08-a15f-605682cffe5a,50f429a1-bf4b-48e0-9197-ce51874f0ed2,2
76f1c217-e609-4603-b4e8-8e59632b8cc4,59c7ef87-9b7c-4438-be8c-dc2d0c87bc9e,f814b379-e8e4-471c-b4b7-0a9e335ed09b,40
94d71d8c-18a0-4345-8402-82227e8d9058,9246bee7-82a3-4ccd-85b7-99236cfcceb6,cbf9d55e-75d1-438f-967f-c202e031465a,163
a33e70a1-d220-4ee4-9c51-466f6744fe94,1476f5b4-4d0f-403c-97d8-65ce918bbabe,84448b43-610c-4eeb-aa25-3d71e0a5ad0a,160
fa00b157-0e63-4db5-b338-530151c1d704,f54b513f-50e6-4a60-b1bf-8edb4457fdd1,44797d0b-9a4a-4f81-8d41-e548747d9097,34
136c16be-340f-48d4-888a-b463425d39fb,2da85129-4815-45f8-9ace-1cbfdde8b3eb,f16b3a1e-b7b1-4338-8b50-c77fb8186ca3,33
071fdf70-db62-4af5-b787-9941cc7b86dc,3e40c046-43b1-4d5f-b94b-21099396c07e,a22110a9-8d32-41f4-a251-074719d6c40b,25
8b70b037-fbe4-40e2-99b3-fcc4a6219120,c9c91b6b-3800-4a1a-9294-5108230f65f3,7c1aff45-aec4-4ccc-a5e7-781db18811d5,22
a11a13d8-2ce2-4337-83b6-4ddf8484df41,c7b8f1c6-b99a-455d-8776-2ae513745609,ec2c8b86-ed78-4daa-b1af-e28d09281d68,95
8ac1f684-db1f-497c-8739-2ae2f1c4205c,22cdaa25-e6d7-41dc-88c8-52d4cbab3272,39b41362-69bb-4cac-b669-ae61354839ad,80
2e1302db-c423-4b3e-a194-04665e070b1c,615dda4f-fa70-4f3b-bb54-b96d7628b0cd,7efb88c1-93bf-4ef9-9442-468f063ee602,3
4548f1ff-5898-4271-9229-666407c07182,28c6a674-d474-4cc3-afe2-125bd41bec27,564b199c-9412-43de-854b-200e890f580b,40
a352983b-2834-4c43-b38a-c195f1f1e0c4,47ad3c31-d1d7-4c26-a5f0-9ad9e5f8981c,4b87d5e6-ac55-4240-89dd-7c6581589cfc,148
e4476348-6041-4ad9-aac7-171a9807b531,ae385a5c-fddd-4341-a486-37ff28c9ac5c,0164f5da-159c-4055-a962-2341f7b1aced,4
2cfd3ebe-5c46-4178-9308-b68db943cb0f,b8518550-ad92-4d7a-b871-3a0df86a0654,3c08bc0a-099a-40a6-bf53-6cc875d999a3,111
dbee9623-9ebe-41b4-8cee-40575f5588dc,3ad85bcd-7d2b-469d-b9ed-6ebd864fce08,59594b4f-563b-4a77-8e54-37732bc6d255,36
f4ea61c9-3ea6-43d6-84b5-a8eb53ac8eb0,106de5fb-6e44-44c0-9d60-aadf34a90a4f,4a157d8a-146e-4bb5-9ef7-15fc037fb8fc,35
ed16d50e-aa61-403a-91c2-9d25de5f1b6f,dc5c583f-88de-490a-9577-d5728a34a0e0,d7df627d-7d70-4571-9c84-b0bc0e1f6995,157
64bc31fa-7315-498b-8749-78e55eb0b076,fb259ee7-d33f-44a5-bd4c-32326677f007,56e88d21-0c28-49f3-8f2f-bfaa27ef8f97,8
bbc5e593-cef1-45ab-b8a4-c95a3c3cd42a,416a1160-64bc-42df-aa0b-bf0225885675,b5d9c913-55a7-4e2c-a91b-b37d80adba26,3
86593a8b-fd31-4e7d-9d3b-0fe119d0e45b,c2e5ff5d-be96-46ff-896a-f3f2a474d814,307be7fe-6cd4-4f49-95c8-016ca340c364,54
199104c6-85e8-40d9-81dc-ff5122e0a901,28b89a3a-bd9b-4e2e-8af5-0844abe90bd1,9a342b1f-28ce-4e8e-8056-5c7f47413f34,3
f3f2a937-6011-404e-b58f-0c904df1d4d2,305e0e3f-408c-498e-a813-9b78737864ee,8c07ea21-f9df-423f-80f7-84facc8715ce,22
0e2ae8fa-b1ef-4c58-921a-79ac10c54446,6a2a685b-dfd1-4ef0-9ece-54f242ac1a18,12c27c96-3caf-455b-a85b-e45568549b32,76
2d10c5d9-e31d-42e1-85e3-3e45aff2b5ed,8ceef9c7-4938-48f8-a58c-5c41575818c5,79d59ed4-69bf-450a-bf07-c25e9a2867f3,4
6f9306c0-3758-47ad-8c77-9feec8709b1a,9c6212c7-1cb1-4044-8e9f-bac031359a8e,7ce47abf-bde8-4a5c-8c5b-76551af9f506,49
26894c93-8e44-4580-aa44-371563679223,cfa40f59-36b8-4b44-ac7f-f80a6c4fcd49,d41bc941-c053-4f09-8ec4-f7cc583bea7a,452
555ea567-b332-4f38-911d-69cb6412423a,9717ad8e-1d35-431d-b28b-2b665146fd86,90257946-dbbe-43c8-9312-69fa6f9ccd01,1
c33e8ac3-ed45-4b2f-b8fe-6e70284a33c6,54876c57-ad34-441c-84e7-dbe23dc7c71d,b393d958-f437-4420-828c-58927a03eccf,32
993b932c-4f89-4a59-b187-6bfa51fb1035,57f2e145-51d6-4b3b-870b-605ce2f9a09c,56bb8f50-0ddc-4edd-b032-083fc13fffbb,255
4a4cfefa-bb4b-4f70-965e-da5f8acf2719,a55d62b6-aace-4276-8d07-2f7b1f6fd73d,a1eb8479-4ca1-475e-b95f-efef31609b62,21
e8dbe5ea-06d1-4344-82af-1ac93ba3ab2f,97013f18-d53f-4b89-b3b8-320563e0102b,5b84bda2-8ec6-4aa4-b666-f5ce403cb051,40
f93b033f-6bb6-4d12-8dfe-44bee6676600,5125e233-4084-4c19-b8bb-205347bd02b3,d0d6aa63-0c7f-4ea8-99d3-88430fab10ef,154
d2580227-c390-453a-a529-a24af97fc259,776b890d-250c-40bd-b459-3afca04c5a42,9ad84e13-2acb-4a69-b369-c164373ade54,38
dc6665cf-5406-48f2-8990-e3588b1656b1,eb34008b-eb78-415c-9771-e0539b818cce,44bc8aeb-0647-46e4-91ae-90bcbe4d0cd2,192
9343869b-3ba1-49d2-9f9a-826fcc39599b,8f97fc25-96da-4e11-aa12-57dafee3f407,3d2f476b-0299-4bd3-b7ed-375e308e550b,2
65acfa8a-18e5-4561-b370-a15653496c0d,43af39fb-8023-40ea-9343-a1d46ef270f6,e7fd23fa-b876-4fe1-b18a-6fd4c7461f41,181
e2cb1103-8b5d-4a85-8897-1d8828d17cde,d957a49d-1c27-4168-baf9-603bdabfa7d4,f16b3a1e-b7b1-4338-8b50-c77fb8186ca3,14
f69bd632-ea48-4387-a7fc-3c0887ffc9e8,dbcc04c7-d34e-455e-91fd-33eb5d38b5ea,e831564d-5bca-4f92-b46d-003f08f757a9,5
c26ad8f0-2b0b-4fc6-9c6f-9505bda43dc0,952a2de4-57d3-4eff-9f8d-351ab107112d,13f28270-ebfb-476e-b951-7ea6ebd304df,14
204d12d7-2b22-4c16-a305-54bff7dfe7e7,217aba1b-b956-4665-a0a0-d5a5276f5a74,a6d6237a-a626-451f-ae64-2d5cdec583a0,39
dbca2dae-d55e-445e-b036-f7f732324060,f974fc92-6efe-49e6-bac4-927ffff6efc4,722e39c0-bfc2-4082-8d5c-9db6fa73e0d4,142
17a89c69-e6a8-4a3e-8ec1-18b24fab7062,3d150123-c8fd-4ca0-ae4c-a49af6fcf9e7,56684408-27c2-423b-87de-cc4c5f6b63be,5
79cf9964-88d2-465a-a1aa-9185fce86358,2da9855a-823e-4ff3-8539-29f35ffe7e2e,10c96aea-115e-462c-8081-e593463d2d4f,44
68da4a84-b414-42ca-9bf5-6926c4f9cc40,dec1a5c6-d7a5-4963-9a06-f507171881f8,9ff2c161-1d2d-4d69-a6c1-b76960e97e74,9
b476699f-bad6-4482-9ad4-ddd2d05dc6a5,f81b6e1e-e47f-4010-831c-a51797a4684b,58d80817-d585-4a19-ab0a-908035a7dbef,3
eac41938-0bd5-4762-9750-17b3c6d793ec,01d8fd64-96dc-4db3-ba4e-f78ccdf06af1,fd291bc3-16e0-46d4-b359-346c0ed2438d,1
0d1b0302-523a-4f86-ad90-77e60270108e,40b9acdc-30d3-48e9-a5f5-2c123b706fab,ab011059-2f13-43b1-beaa-3df1b069527b,35
e25cecb3-c13b-45ae-9647-c20b7d0147ab,e347bcb8-e9be-4997-b971-6afb5fc72d25,e7151590-a01f-4cae-9bfc-23a1467bbc02,90
0369e870-67a2-47c0-833b-1326225e1cc8,0aa90202-72d3-4078-a603-df3d8b2f4c2d,6e2543bc-ef32-4e3b-a001-8a0ff4c9b1e2,1
ea7430eb-6817-4c66-974f-02f6e7e4cc55,ae3d35bb-ab57-4bec-9373-46c67e4e2584,df5cfdd7-4548-44c5-b3f1-17621a36e6b4,5
7eed68da-8418-4bbf-a674-8d19d63d878e,cfb3d45d-70ea-4a44-ab18-0d98d03f02b9,edef3610-2cdf-4b9d-ab69-c6e51c06e418,32
07d0df70-6a84-435c-8b99-d20ddd5b35b8,8c5385d2-0fde-4956-b1a1-233e1ceea5dc,a49b9de6-cb07-4624-bc15-78cfb3b6e89e,9
ada31062-42d7-4d7b-b3c9-ab00f0c09f4e,e39870f4-38d9-44f2-9c96-6672905695a9,da10a16a-bfb3-468f-a12c-f457b3070502,33
21b4b45a-8234-4fb5-b686-f115b6a5e553,af081d74-ba7f-4866-a222-741d74219e5c,71eb4600-4878-460f-a2bd-34a58046461e,3
b6ff2c7c-f8ee-4fac-8502-b481d10b6ad5,d8c5b2e8-bd98-4761-9097-4d39054dde76,9470fa20-2de2-482f-ad51-778c41d878e8,2
937bfdaf-58c1-43d2-8410-e56d15f7f265,48ca8b0f-18f0-4830-af15-b01a3cdd89eb,75fe7255-a4b3-45ed-8e14-08351a9b7ca7,28
14062d7f-71ff-4188-88ec-5a7b1d3d423c,75c495f8-a880-4da6-9ff4-773604c3f8dd,7858fb0d-1414-4511-80d6-6fde01910395,22
dcb3b2de-b1da-451e-a4ea-f5090ec4d64e,177b5490-483c-4bfc-a91a-a3c157e8fc67,75200698-73df-4588-be3d-797fed74a9fe,15
4b35724a-180d-45b7-b87f-523c3d2b6165,f154e144-ae00-466c-b8fb-222fc1e26560,cfba2f30-6559-472b-8763-bdd8020b74da,24
ed2e0dfa-71cf-47bc-8c96-65b947b948c5,323c68ed-e394-4d98-b4d2-8fdae4216721,db9efd41-2e14-479a-aeb3-6c0eb3080ab8,46
3ec9304c-c375-4092-9207-9f41b8b5dae8,a77bf5b8-4678-4ac0-816f-a9274faf78c8,c186729c-0779-44a5-8604-c2514a3b1fe7,29
18247608-3f2f-43fc-8e87-6e0e6bdeb947,8917280e-291a-44ad-8572-be1134931710,d3d82943-295a-4fc3-b266-97d667ae1c2b,185
953d785a-8aba-4115-85c5-8cc69d7e035b,f8b9326b-8df9-4186-87cd-cf46e8ae9994,57a28516-b4ff-47c3-94c4-842d734cdca6,287
1e1425d3-b442-4390-8bde-def8dd64b643,518873ee-4b64-42e3-8e8f-ce744efbc213,390ecd40-56fc-4841-ad56-ab5873ece01f,33
417929b8-c405-48dc-9859-b497d2e46cb4,55d32c2a-47a4-4822-a2b1-60010fcd6171,6435ba16-d8cc-4220-a052-94d7a4f80ccc,47
a4a3baa9-625e-48f9-96a5-9869ee759660,b38c160e-f50f-4b01-b7b2-8015a6034c9f,5e57943c-698e-488a-a576-919bbcca2c09,30
d3f1e5fd-a5e7-4a37-853c-e92d720eaf1b,a2d48df1-5e86-4a58-8804-560dd1f47dd4,e998ad46-4e7a-422f-a419-180308f3bd41,170
7ea26a82-64a8-436d-88db-6fcd13571eb1,878f481c-6d52-468f-b869-c0f1afa7b24f,2ad1b37a-4584-43c4-aa9f-6367739ec86b,38
0eb879f7-a910-4d8f-a308-4cec18cd2744,9f455da6-e41c-43b4-97d2-f664304463c4,5e9c176d-d091-4248-8098-1abf97fc0a0b,13
39befe39-d824-4b25-92a9-49d802a88057,d9d4e690-29eb-4fe1-9ed1-4699e70f54e6,f212b7d4-64f0-4fce-bb65-1c5eb14e7f04,193
e54a1519-94fe-4c43-a7aa-f47c514a041e,8335ba54-4fda-48ff-b6a6-b1a961b48853,7deee0fd-9dbe-4460-852a-c75dd1d0c570,31
b9961200-6d8d-45a7-928e-05ffe0c86ea9,dd1a40b1-b882-4706-a4ba-b9271ac64ea1,6a977762-6b0c-47eb-a08c-918989eaa6a9,435
0b6ee738-aa4d-4555-a09c-4b0ed0938567,307c2ee0-74e3-4993-b56b-040eb25dba43,3a3c6d51-1d7c-40d2-a11f-b0c6c43ecddf,309
72cb23a4-b287-4086-ae54-9263a9938fe8,4a66bc05-e0cd-4da7-a891-5854ef6793de,1eb1bd87-7085-46db-999c-0067b9ae8a94,72
798986dc-fd1e-4102-b14c-542d915939fb,cbea5704-c0af-403e-aa61-d2e472a2b200,669d56d9-c55a-4924-8802-c43a7dbd62e1,110
ddafc59c-9b13-438b-b45f-797360504ab9,24142553-dcb6-4259-8131-59584743de67,d9c3a576-6ceb-472a-8913-7b61947fa850,12
3249b985-f001-40f7-8546-a0b10b061d9d,abfcba6f-de49-4ef9-8ba0-cc879dec78d1,4c02dfe1-7f17-42ff-bf16-757f8d43b295,11
ed47c8ba-2085-4f36-b426-29feae1c518a,288ca5c5-e52a-4aaa-b356-efe0b84d2a6f,9d38e4c6-b83a-41f9-baa1-207248d375db,9
3ec84722-95fb-48b9-bd7a-f93e35f0093d,de445458-e2e4-4fa8-b7a6-5146d234f5c6,31cdbf23-c5c3-4e88-82c3-e1ba0e25bb01,472
b78314e1-5489-4592-ae97-411a8231426a,bfb44e37-0f00-4259-a0f5-13f66962ef7e,0d29def3-48d7-4430-a328-b82f3e2a2f50,187
37f828ab-4664-4024-9914-ee64bd7623d2,c9088569-ee97-4cf8-b7be-28807737455a,06078075-4a5e-4a5a-b7bc-63292bbdeac9,36
ddad0aa5-6c48-48b1-a939-866880587323,78c36ee1-4d6d-42cb-ae68-31877ef0da24,212bc453-0b9f-4c19-8b88-4d440a634798,4
7f2e4dfd-ea6d-45b9-96c8-e7239addbed1,68fa4c98-3793-4ceb-81dd-3362416be9e9,ca8b3567-a7b1-4d85-b5d1-283514a7023f,18
80d512fd-ae33-4db5-baa5-76538ba39cdc,ec5cfad1-ee10-4a3f-98b3-6261f79eb5e2,f462d239-0da8-4595-babc-cd334baf2148,36
89e9459b-edc0-46e9-9357-e30555a91180,36f31846-8a01-44f6-a3b6-e9f89b2997b1,77af8175-19e8-42aa-bb69-3cfc0ef55482,1
4646bd79-a473-4e6f-8ad4-a2390ac6b8f4,6c277505-3889-415a-8860-6905968c8463,e2e224bd-36d7-46c6-8857-518de74c7d33,29
54f1bd84-f6a0-4962-84c3-779f227cb28c,bee94ba9-2bdc-428a-851b-ce6e2f73240a,5e05738c-fae5-4307-86f3-824bc369953c,5
acce1bdb-96ca-48c0-8a2f-1ad9d330b5bb,c7e56c7b-5db4-4702-b03d-8841479b71a4,2419a320-f6b9-4c9f-aea2-b053315e4ddc,2
8f732c99-7073-4e98-9185-17f1603964e3,380ce2cb-0c63-4057-820c-b4dd1c690099,13663db1-1928-41e2-ac89-aa5a69ba32f4,173
390c840e-e78f-4833-87e5-2cd633330153,a4e37138-8ff3-473c-b403-3b501e7fbe90,abb3f285-9878-4dab-9725-3fd457410bf5,39
98228a23-a1dd-4080-be39-795cc8ae4cde,292b019f-42cd-44e5-a3f8-cefdbd7437d8,0bd1371f-b2d8-4872-996d-687a58291535,5
de3e764f-e76f-420f-9234-d1852e227487,9d336009-0a2e-4748-ae26-fe752b7059d5,b9759738-5d50-4859-8b00-8b193029a37d,30
dd1f9232-6294-4a51-8eb9-20ae02221b59,797e821f-92bd-41e1-b1c7-aedf877f0067,2a973e8b-ee53-4b8d-8fd9-ffb26b95523c,93
f86538aa-e931-4113-bc32-0c3a5a3e82b8,c9909d5e-9c70-4592-9f22-fd5a0818f1b8,e9a3a766-3219-42b3-a5f1-42666b73dc81,63
ea657f33-2ac3-4200-a800-43eef76febca,3d0db2f6-d491-4aee-9233-628caa25cd6a,0820ed5b-5e3a-4eb9-be08-bbb8dffb9531,158
193d961f-1a97-4e4c-b1e8-638e2ad358d4,a83f6748-ebf9-418f-80a4-bbe55a44316c,7871535e-d2fb-454d-9599-c0972cb579d6,2
ba44b814-1166-45b4-ae33-9e3b495076e8,5efcf841-fdfd-4adc-b27e-fa9a75185c8d,0e7c74c1-7017-4fd1-a4dc-28e6a3209f0e,42
6b0c1055-287c-49fe-b98b-058e6f385cb4,0931c661-ae98-4b53-a1ca-ccd0e7d35717,19e413ac-89e8-4243-96dd-bcda00aa1d4b,6
43a7d384-cce5-418c-bbbe-acffd37c1503,3303320e-a6ca-4c89-854c-5d43adcb79d0,eef50abf-142d-4c0d-a95c-09183620405b,144
9c437756-8546-435a-a544-a1ec480c9bd2,876e5741-626f-489f-85d1-55c82a7b9874,e39abb35-4036-419d-bf98-b76750c19891,85
19ab309b-e4af-4a48-94f6-86c6272a6984,f34c5cd7-d255-4105-b25a-217e58c4e65c,f338285b-fdf4-4a15-a900-2968c1c0f49b,2
b2e11258-29d8-4d31-9e58-1e732b89443b,0cdb01b1-720e-4cbc-a873-1c600547e266,cd886667-5a09-4a73-b517-d1e0b4b70b8b,4
ef187ce4-be05-441d-9ac4-ac5d76c3e287,dbceeeff-4858-496b-a538-ea57596dcfd6,f6ebd7c3-6ae5-4f47-930d-5ef201714ee5,129
2fccdabb-ff46-4917-a9c0-ca4b914491b7,34abdd03-8a0f-4e23-81b2-545e240756db,e5d824ee-0ddd-4867-84cc-ed3048eed3e3,11
f8dc545a-746f-4ed0-acdc-b313504d2c75,624d2fac-f5bc-4d18-a8de-1d386230dc0e,6939ab1c-6982-4e8e-adf4-7dbd8b4cd900,2
d75a3e68-58cc-489d-9230-15355c87b554,24304f60-8223-43b2-94f9-b1bfab318e55,7a60b832-48ca-4edb-840b-99a487eb2b71,111
6ae485d1-5303-422d-b3e0-d3159b0569c9,b52f560f-c32e-481c-bf59-ca8d224a3585,643904b8-59ca-491e-91dd-04149aace19d,2
b6c191f8-c4b0-4b7e-afc0-6af640f88b8c,12b40c40-8c2b-45f1-bc49-8cdab04579ec,bcfc77f8-dc98-4662-969d-fd1a7677d1c8,3
5a84d9d0-0b3e-4590-bb3f-6cfb5ab06632,3fec030f-1137-4799-a315-4228adb36914,b36f12f3-cc38-46c4-89f7-1b325d79bb6b,4
dda21d72-23bb-4e58-92bb-de6db41cdbbf,688f29ae-b8b2-4827-8a95-9edb6b57772e,e8b01285-a244-4b4a-99fc-a4f34f936850,29
a88325b3-4e53-43a9-9511-a246665466da,cf494691-8cfa-4f1a-bf1b-7ba217db1b12,86457853-79e5-4cfb-b60a-3b89e7db4ccd,38
31794923-1722-4509-99cf-aee998aae784,152cce20-a4f1-4c79-8283-db025f26c702,54a55c1f-276c-42d0-b05e-ab3a0c680f20,27
92067232-9722-4ff1-87d2-c6575d57a59b,69e36ef5-f68d-4a16-a4ac-8f172cfc1fb2,74f5d648-45c6-4bf1-be3f-7a6cd318bb79,14
642078d4-6511-40d2-a720-251329a33be9,14bc96b3-1d73-4e2b-8712-a3caa20af938,2bb1a643-3623-4601-bc69-ae62f0b8dfd6,17
6b5326e5-f1d1-4936-9c31-c68855f936ff,88616d7d-6dae-43a9-81d4-2c9ae0529388,85cb26f4-3c32-46d1-9bae-435548d82415,2
beef1bad-bf20-4724-96cc-6d907a083cd8,a21af45a-e0a6-4d32-817f-92eff063db48,b46a9812-e0e0-41a5-b29d-2a22cba087f2,2
11e027c5-4378-4121-9c7b-9e872b64d122,f8b9326b-8df9-4186-87cd-cf46e8ae9994,bb4203df-2c56-49e6-9f35-c9a08d243d93,494
2c73d129-fcd2-4839-9c1e-87c47990fd47,ccf0822c-3ba0-48c1-a36d-e39367e4f277,3f092a79-78fd-4554-bec1-44a8b1c51bcf,2
e2c3e900-a883-4e95-a3f7-4e8872240b52,010fcb54-6081-4170-8389-a17ab8c51bba,7c736486-75d6-48f7-be2b-4e2f784a534f,240
1af8acec-fd32-4db3-8983-8757cad3475b,44e565a3-3db3-4079-858c-d72c51239443,eb25734a-d543-47a9-822c-6240dcbd50a0,3
be8ed367-88ea-4378-a923-5032a7f74365,334c468f-77aa-48a3-b033-7aa5b6ea032b,3e1c8615-6bec-4397-85d4-aa4764fcae10,26
dc1d69b9-e354-42e8-8633-7dfaa3be9824,b55acb1a-cd74-4b0d-a38d-9a635ca2e0b8,d61e97c0-5f3f-4f74-871c-1fd9787601ee,5
346be80e-5500-46e6-948f-5ad5080ac710,99877c66-827d-41a2-962a-e06addde06b6,87178a24-bdd8-4947-8533-a2e37b876366,408
94a7426d-f445-43cf-bad5-a70fb143d8c2,eb35b95d-f621-4b1e-a546-aca52696b891,506e4ad7-7202-40d5-9b03-76f94a260c6b,48
82dced31-f560-42f7-b8a1-14eea96112b4,9bd80a8f-43df-4f5a-b666-dd1c9363999a,2b64b616-d8cf-47fe-8cdf-3198e2bd7433,2
9289c76f-60e4-43c2-83b2-93aae442221d,7973ec6a-8762-4714-84e0-8bad9ae7c7f8,fa2a5792-4acf-4fb1-ae29-98e8495ff409,23
f1eac2c6-1738-43a7-adb5-6826c31fb28a,eb35b95d-f621-4b1e-a546-aca52696b891,262fe8ba-c934-4555-be19-e0c61c10e78a,6
03a8ca56-c376-4ad4-8a97-89ee52c9cc07,f1a3e117-7a9a-48bf-ab14-0a8e6048e823,39fccdf9-e649-4bdd-ba74-e497a189211c,1
733ee858-9403-4370-8844-ada4cdfce4e6,81333b3c-bd50-43fd-8e0a-7ab5447a7b31,64b38f19-1a5e-4917-9065-5a0359009aa0,94
e5a336f1-cd46-40ec-9831-a687bd9460fa,a1c38ff3-d208-4b94-876f-fb5e372d8fde,e20b4c82-bc5d-4773-9b2b-dedf1ab8af24,50
d6b5ec51-d749-43cb-b3ae-8b5b97bcf28e,9c6212c7-1cb1-4044-8e9f-bac031359a8e,40ce2d59-9717-4c71-b25e-0c63f9a81516,3
61126b5f-7c8b-457d-b29b-7c4228d481b5,1f8b256e-4f1f-47a8-94d6-96d6bc068627,417a9e66-cad6-4389-a233-6330fbab4e38,211
8efb4574-b5c3-4f33-9c6e-216fe88c8aef,4a42bda2-a86f-4f83-8107-8386187b3db2,aee9c536-59cc-4e0c-91b1-24cb250760c4,2
39d3ef14-23da-4ed7-9567-2a8992dfa2f7,7d67fd45-3a7d-4be3-8e2c-91f9c66f2e4d,b0a733f2-93b5-43aa-88b4-0fd0a2ceb76f,6
5161e80d-a9f7-450e-9653-1b15ac1427d8,9eb912e3-cd79-4d6d-b2ba-17869bee7cdb,ced37cac-5158-4052-89eb-8ad45be50417,32
72448263-aad5-4440-a5cb-8db7d76b4c55,b3ca87c6-2692-4182-a2eb-0924dfeb70ef,f1c33eb3-6ce5-425f-b03e-b9c839b79bc1,4
0939943b-3498-4ae7-92af-f3fbcfcc238e,7254f932-8824-4933-9ff2-d228d8082b44,95a64686-a042-4e06-a1d6-46ce249a7f64,18
ad99752f-8083-4e98-bd83-adee7a9bfee2,7ae73465-2ec3-4d5a-9357-fb5af1285336,d1407792-af8e-49a0-a39d-2b08c11bc841,3
219634da-7af8-4784-841a-c988ed448de9,ac6be0bb-f339-48f5-8c8a-bf4b80cf04c8,332e71d0-373b-4443-b0d7-9c907e6003dc,87
4e30d783-bce0-48f7-adb6-53892e74013e,71b52766-1400-4cbb-b9e8-3b418230553e,365a7dba-a619-43f0-8908-1a822e664234,180
25c32c3c-9dde-4fac-9d58-e33603e6537a,d278cd29-e9c1-473e-894d-d6c87f00bfe8,4da6810b-ade0-44dd-be8b-8df6eaaa1be8,8
e1ad2edb-42f6-4bce-b80f-a413c93dd33c,ecf227bf-d5b8-418a-ab00-c18806a52cbc,165447bc-4f89-404e-8e89-d7a1889826e3,1
7246c145-19c2-43b5-9a01-f9f8cb43e484,3327a4aa-d66e-45cb-93dd-9e30bec1ec99,f738a795-6e28-432c-8946-592661b987da,5
44c58894-74c3-4b70-8269-bc284a13cf0d,3d5c4a18-65ef-4807-8d97-7b437330c3a9,4ae1b16d-6f01-44f1-b60b-906a0306b4ae,5
e274f6f0-0750-4cfe-ac3c-cc4a3da4797f,27d08eb2-1c28-47fb-a8d1-2e0184d3a344,21b0b80a-6b6f-4079-98f8-3ade293cc686,175
c4be6188-40a7-42b5-ba6a-9eab188b7e08,a367bc2d-c451-425c-a7f1-6813a8e21a7f,f9323d16-5bb1-44ed-87f5-5410b90b448d,14
e470cba0-575a-457d-8190-4e7d33e5cb7b,33f03905-8436-4148-8fd3-12ca8886d011,46c05056-5459-4865-af6e-528cb3209b16,90
06c62d4b-b915-48d9-acf6-5d97d8a83a66,39b3baae-c780-44b4-a87a-94498838f394,a45549c5-06c9-4709-bcf9-1842c98a07a5,26
7a5d84a8-dc38-42d1-95b1-e8352953df53,1e1fd89a-5de0-4c70-a2af-c2d1f56ebe8a,82b887c9-d671-4c4e-937f-b995a08e440f,16
256a613f-69d0-413b-9eea-b5bfac0570d1,b4526384-7ecc-4dba-be06-59bad2f14274,bc7cfd8b-dd58-40a4-8063-5df8780fc136,2
60831111-dfe0-4382-b9ff-3283ba63ae5f,34428e33-ad22-4d1b-94ee-6721ba49846e,e0e636b0-6517-4f20-80bd-ade0ae271315,10
8a523e17-e314-4083-8799-89166c43c4d9,53c5b789-f030-4c55-b100-a6a56a44ccc7,a784b213-8389-46c8-9c95-d43714fafc67,24
81fa7359-a2f8-4ee6-a51b-a2f9c1f8a562,477bcd5d-7ff3-4b1d-9d45-bcc7ef93582f,0c83f3f2-ed4b-4eb5-b78c-523999bcd74d,19
a76efd4c-878d-47da-b277-28cef189b203,2732b1a1-d425-4854-b4ed-e5b08174d447,2a672e67-62c1-4e90-b447-0b4061e6553d,42
c3912d7a-3efd-4f25-8148-5e4ff2d9e751,578b13a4-42d5-47f0-901f-264e40ab190e,3f7e2cd7-ba3e-4cbb-83d8-46a73a568732,192
72ad87ee-887d-48e3-b0c9-c71a1251f47e,5ce38a08-e1ef-4f2c-9f5c-ce049aa0cd74,5c26c0dd-ff74-4447-9745-10472e52a303,29
6022c1c8-931e-4215-bea1-4fe1475068e8,fcb21255-abb4-48d7-9717-1335616c85ea,2e9c3310-692a-4cfb-9e02-d869de4b00c0,101
821232d5-08c5-47ac-b88d-24628aa1a5ba,106de5fb-6e44-44c0-9d60-aadf34a90a4f,133d4b01-0988-40b7-a812-70707a3c8228,37
bba86807-71c4-4beb-929b-5b22cd73e7da,330939c0-8277-4d6c-9030-3c206c03c056,ebc71ca3-6ab6-4b0f-813a-b49c367048e0,34
99fcfdbd-2bdc-41f9-8c86-ab3e5934b617,049bb960-1852-4a7c-833f-85dc20f380f8,7d526841-eeb4-4c6b-8ec6-68f4377231e4,365
2dd0080b-d95f-471e-a695-0017ba6f070f,f2f6e237-95d8-46f2-8c58-ba9bd9a24e97,e308e303-84de-443f-ac13-7776e46887ce,187
a764d797-6b7b-4712-aa28-f6a487e69528,e8d9f6af-cabf-4d5d-bf6f-5de744cd4882,2ef24294-5211-48dd-a26d-6b15cf32379f,45
791e8498-198e-4d6c-9c7a-927fa4544a86,cf2a160c-97f3-4195-85a1-89515a12f67f,bc2c0df5-439e-43ad-985a-fc7bd8dfa57c,302
8b4dd052-6525-4772-86ae-0ff474ccacd0,14ffe337-a6ff-497d-882c-612d3b8d6015,e58f5bce-ebf7-4e7b-9bee-3a9fd5b72417,37
96bfc758-2977-4c78-aacd-0e69677b393d,9ede7cde-7f04-44e2-a017-f347ab2b71b3,61f2d30c-ef78-4806-9896-717b6ad3b060,20
0970c918-0928-476a-877d-9f458eb46a05,d278cd29-e9c1-473e-894d-d6c87f00bfe8,83d9977d-b5ce-48b3-a118-a0fb313b485d,38
39712f7e-54cd-4d4e-9287-5d380dcf88a8,48b8da4d-34b7-4787-ab5f-cb7f30b6fff7,8d257bb9-a44e-417d-9a6c-e51955548c38,106
7c1cc6b2-2ed4-4687-9a17-20cc599bc828,f0e0ef31-edae-4f6b-9688-242f39cc271f,11cf045d-62db-48ee-ac53-ec8ec906bf02,49
792982dd-23c9-4bc3-88cb-3903a0b65b1c,247a95da-4d17-4eab-839d-7707c11fdb4c,9c10ff27-e3ac-4583-9694-6c8352da1b75,2
519442fd-6fd4-4c78-a823-a49b5b400531,5aed1b43-e08e-4864-a5ce-87f52cba24d7,50f429a1-bf4b-48e0-9197-ce51874f0ed2,197
dd3265bd-a073-4b8b-9133-2e0cd5f9133c,b7c65b3a-7e7a-4b6a-9469-46e8b5895b15,82b953e4-6c46-47dc-8ba7-b8e516fc08ce,19
f56c95a5-3dbd-4d99-879b-beb981f596f3,894e7018-87d8-4780-ab52-10be41802c13,b6910236-8bc9-444d-adb3-74138009c651,49
55e4a906-a365-4cfa-bf48-9a95394a8f37,1cd3f005-728e-4bee-a319-d1c4d7d879ab,c4275d6b-f1dc-4cd9-bbf2-936f1661c3bf,130
0c77d247-b080-432e-a456-cdfbb7d39f7b,0902e4f5-996d-481a-bea0-0b35519292ce,db9efd41-2e14-479a-aeb3-6c0eb3080ab8,91
0b1e4094-cbfa-474b-b947-a99ecc4cc4d3,36885624-528f-41ae-b64a-e10e59507fb0,93448b18-5806-40f8-8e77-a5f15cf46d33,299
a94b10ca-8a03-4058-a657-a9a0f45e047c,320e12c8-83bb-4d8e-9ef6-fd5deb7f737d,d4b99987-1e24-49e4-b077-d886868e84fe,3
4d869810-1468-4797-b980-74fec7fc645c,aa7fd5a6-e55b-438b-a949-daf0236e6888,7fff7445-14f6-4873-89d4-03df2ced7359,13
2ec1bb50-ab59-4ef4-86c5-d0a2999dbc9e,0ff971a4-e766-42d7-8945-688401f7f9aa,e67becb1-364f-40c0-a6b3-f57b3cf6a24e,355
cab7736e-e5a9-45f7-93a4-f4ba24b95309,fbab990e-beee-4118-a370-0a765dcb2ab9,ca97df43-f7c6-4e36-9ccc-28b7ece5b115,89
597a34bf-8403-41c7-9de6-08cf3f89c35f,d5aef471-fc05-4ffe-acb3-3c1e5e97c8f3,cb3a1ebb-f863-4586-a039-72ae3754593f,9
2d4919d4-e285-4de1-8237-11e8ec6e3312,90eb0f60-af15-492d-89f9-66c52f1987ef,306103df-cefa-4864-b989-3b65a6435077,40
3f419105-521b-4af9-b62c-8c752f99e191,e9b4fbd9-a989-43ce-ae51-ca4214a480cc,7a60b832-48ca-4edb-840b-99a487eb2b71,13
e1c353e2-f0d2-4d15-a5eb-cf77a4278967,f0e51fcc-03a1-4013-930d-b38a5ce13f46,1310946e-b0f9-400d-94b1-05702f290875,344
2b5b692e-6401-4d15-b2a5-796858850929,4dd4680d-58cd-4159-9df9-26d35d0b1ca3,e3ece22a-696a-4ff0-ae9b-7a46cc2c4844,27
152dab51-d695-4fee-ac69-517fe830c4be,11ae5570-123e-4b0a-a4d4-4e7aba8cffc7,cb24c4db-3be1-471f-91bb-e114d6eeb8ca,13
83e10e35-5100-458f-a732-494f70bd4c95,762ab25b-aaae-4c51-90f1-c49cc200d605,1e7f3221-3f85-4c3c-a19c-cc93af55a6e2,1
9302d014-f9c9-47ab-a51d-3bc017e392a8,be59e7b1-cc47-4b95-a6e8-8e29531850e9,62ed3f11-d835-4c8b-9f8f-73e508b00e00,5
59896545-cadb-425a-8594-181f64e608af,43c0f390-3ee6-40a0-bdc8-630d60d807cd,bdc677ed-319f-4f39-8e2d-adad25f54956,40
8a26da4f-c625-4346-ace3-3d0792bfe28d,c940790b-06ca-40e6-9595-28361fc965f8,f9233e2f-61e7-4e15-ad5b-1a4708145126,1
e21d37e1-4bb6-4787-8d36-992d7f0d7aff,981ece14-fe21-4f93-8306-bc600c2d4cb3,da10a16a-bfb3-468f-a12c-f457b3070502,33
a9f8f72e-0690-46b0-8fe1-cb7b018cf5c3,e071acbb-a01e-4c31-9636-5c2e1fe20619,1f89efe0-f5cf-4c9e-9a5c-b0cccef876a5,30
e4765208-4d70-42b5-a63f-bec3aac4f342,ff81d45d-8f8e-4eb8-a819-0bf5acf0f702,2ca21f62-ee59-49ab-b814-5afc3acf9abc,130
1617e236-939e-44eb-b24b-a1b5357bdecf,b502622e-d0b3-46f8-ae2b-ddba61a5be55,3b4f6505-7a59-44ce-9ef5-3eb756fe16cd,25
74c0450d-a4e2-4183-8021-c67419a18e45,3ad6354e-bb42-4430-8ded-e279d6abe41c,0f683d01-f7d8-4e2f-99d8-0eadc2b5ceb9,2
c66f0815-9fae-428f-8298-ece7b9173561,fe632c02-206f-4433-bc17-d0b652a2137e,7d406a23-4539-490c-aa36-f54de67c81b9,136
14e0d201-3ad6-4da5-9d79-b87cbec8538f,bf6b98ad-f2f4-486b-a643-38a6885879ea,e3a21d1d-6fcc-40bd-b8cc-4477ca01dfb5,69
2c98f57d-9106-4a7d-95b0-afa91c530b3b,a82bfbad-1a69-45f2-9e8f-d7cf8cdf9e0d,74714664-da81-41c3-b6c2-88e972897551,17
dc1268af-dda7-4e9e-94a6-e29053766e91,2fb3e161-bddd-416f-a279-310007f90ed4,b425447c-b6a3-47b8-a642-055fa03c6e2d,137
8140d61f-dd8d-42ce-a345-f484a9aefb6e,2d563fef-5d1b-4d9f-8828-61299c85297d,6b5e496f-ed2f-42fa-b13c-ca47f3573912,1
8e2b0f9a-2be2-493b-88ad-450eec27dc86,0b575a89-8a03-4dee-9c51-877265933580,cfdb5b41-8939-476d-bd0a-7edc2213421b,1
81a08edd-581f-4eb4-96c8-f4993c047393,7b7ddba0-5bb2-4952-a5d0-157d6743521e,d61e97c0-5f3f-4f74-871c-1fd9787601ee,4
b7e57b0a-a0ac-4757-b9b5-ddd5d5b5f808,f46e07f2-d21c-4705-b2a3-22310426b27d,9b06fe78-822b-40f2-bb68-bf3668b21dd6,169
67918025-621c-421e-9e9b-af0cea99f8d1,700fc340-a408-4749-8391-ca03cbcdc6c5,27520d23-ee1d-43a2-b18c-7cc215871760,3
39fa0f3e-25c7-4d39-943a-114cecfa0949,35029f69-f3dd-4c21-9282-2667a6e4a4f4,03023fd0-a335-48c1-b036-67e4bbbb3021,7
ea78384c-18f6-4a13-858c-632130ed3ae3,550a6862-cb35-404a-af06-a371aaaafa87,27fa2d36-0f0f-4fb6-bfe1-315e5d89ccd1,7
b80f7b94-9c8b-493c-889e-71453af64ead,254040b2-66ee-4064-a8bd-95abc514a45e,1043f353-5461-4f7e-bac6-f198a4cda39b,46
5b664849-572c-42fc-99a6-b07a730e55d0,a6c30570-9e20-4182-bfb9-7447bdc46509,4e246eac-8bae-49ba-9b37-165145c1df01,4
747f56cf-1d65-4cdf-9139-594ad4d81b95,df38198c-039b-49aa-927a-1079f9d837ce,0164f5da-159c-4055-a962-2341f7b1aced,44
2a45c6bf-af56-490e-a879-14801ee48945,401ef2c0-885b-4adc-9c1b-70689cb2013a,2c312319-cc02-4f38-bf01-39ac45960029,15
d324d25e-a0e2-4c33-8a19-253a6a976393,f81a1023-c8b2-4bf8-9bed-c521bdea0ed6,dba1dd70-7eca-4f97-b3b3-b0388d5f2125,33
cab77111-d74b-4958-b93e-70a5e0027704,73dd69e1-d6da-4e40-8b59-b674d9c9984b,96982c75-ddd4-4af4-b042-71d9caf26c20,8
80735c52-5dd2-4642-b68d-775901ffe6f7,a64b35d3-cb78-4406-9c29-8854dd29b46a,57766f2c-921f-4c79-93d5-141e626ad83a,14
fbc8f8d1-78c1-40e9-bb89-c87292476a35,f83ddaca-9403-447e-89e2-8ad2c4c44165,d842a8ad-ef7d-4376-92f4-bdf9a82b64bd,1
3c93ba52-cad6-4ae6-bc6a-db8942ce5cc3,d278cd29-e9c1-473e-894d-d6c87f00bfe8,5ca36346-863d-4a08-b64b-073af2da491f,2
b5ee22c0-a02b-449a-9614-a40108e468b9,acbe368b-b136-4d12-bae6-6234a79aa1d4,11e577df-9b1c-4d85-b09f-b9b907d9f9c0,4
044820d9-2d46-4d23-91b4-0c45e9d462f5,c257845b-9e50-4bea-806c-8bc9460f1c56,c1eb8062-a7aa-4a7f-96a5-182b4591b8d0,7
3eef1058-b8b2-4fd0-9bfe-58372fe9942d,b28d6860-da67-4f99-80ad-53eb7093a8a5,fd129932-db64-49c6-a085-e1ab8ae74e7f,60
74b00c8f-7e38-46aa-b849-40a58ce7885c,addeed7a-14ea-4ec3-9bdd-803092ba59b3,63e8aed0-7cf4-4acf-8113-050ea81bf628,33
66388466-2576-443e-81be-f251f9bb78c0,ea1f90a0-9e97-4a2c-9204-4840b15e560c,092b36eb-eef5-47c5-9c9e-95363e8a409b,9
98a66814-999a-4a4d-a079-509994566a7c,52b3e49c-2da9-47b7-bdf4-7a471986f001,91936cac-e892-4bac-be23-60a2395f6ce0,6
9d9bfb07-871c-4bc6-9560-078bfbdbfbe8,44d9cf4a-b547-4b1a-944a-599cd7f26443,5515bda8-05e9-44a7-951d-eb12c6917f09,2
3e93d9c2-d3c0-4719-84d4-89fb1d5bd4aa,13bf1743-7f34-43c8-8291-715fd78b2811,5dbefd25-b252-43b8-8211-bf951160fd60,63
5426cce0-4d70-4320-8b3f-7a7dac732dfa,47eaee33-07e7-4eeb-a324-fc967008a84d,a418c16e-f55d-439f-9dd2-41d88978c614,35
1cc14cc3-d53f-44dc-83a8-c2e96d038b2a,8d155bd3-8277-47c8-bb1b-e14525854fe8,8d98fd87-83ee-450a-a823-582fc2f9dd3e,104
72a705f4-add8-43de-aa04-78ae5f100ff1,57fbe367-8e80-4e80-bcd0-6e90299caec2,2fc3739b-b896-4e59-8917-c84a5f41ea52,35
d6dd9cbc-67fa-4941-84af-6bf23121223b,23377e31-d792-4fe0-879b-7bd1c3015685,c918cef8-2dd2-4193-bbf1-88170d9a5dfc,34
66518cc9-afc4-4e68-92ba-ca0da5194cdb,cddfe8ad-9e8d-436c-bb80-d4de76f63322,d1dae7ee-b6fa-44bf-baf2-a33a9790e18c,5
ddc9f43e-2e59-422b-ac13-77eb3b1d05b5,63b42e9b-8297-44ea-88d0-e067e4003030,a3b0d707-2e4d-496c-abe7-275aaef998ce,5
03133cdc-53e4-4278-aebf-3b7d4ad6ecb5,accda0ce-e851-4d31-831c-f9e1eb9a8c47,6435ba16-d8cc-4220-a052-94d7a4f80ccc,47
43816be4-9272-47d9-9bf5-1f2a5547aad7,d68c4936-4e55-4927-8e89-2f8d4deb29dd,73e1e2d1-548a-4d12-9b9d-99332b67d705,140
70313b2d-f13e-4e02-9ed5-803bd665d906,6b5455ce-7200-4c88-9f6a-531eaf262422,975f133e-b7d9-47a2-93e1-7747b1e638ff,32
6c19a63e-459b-4ef2-b279-58bdf9078b8c,99b57c37-78c2-44ab-b6f1-5bdfc7ba1f53,a3cd6f28-6ecf-4016-a130-fdc9fabef930,443
d9802ccb-2a20-42b4-99e7-c93baa64bd4c,4a3fce93-6f39-48d0-9552-2f24344d6af1,e5a0383b-d228-47c1-9b80-9f21d3c2a980,50
f03373e9-6c97-4b61-8d8b-182052c40f61,7c67161d-43a3-4342-8174-f0eb398b934a,11786394-90e9-4713-8313-33aa3d1ebf35,5
9cbeefdf-8881-4a97-94e6-806ffc15becf,fd39ff0c-36ae-462c-80c0-0590d1e74c6d,652fa2cb-d23f-425e-9756-89c62db07be3,41
b05d175b-e587-4102-bcb6-e4d5e90cee33,bad34410-3fc8-440f-954d-060a83f4636a,ea285315-43ab-41e9-ae84-18c5f9ff81df,23
6d555634-13f6-4457-b8ae-86567a33a5bd,40a396ed-d38f-45b3-9a3d-eccec6c36386,503bc494-8e10-41ff-ba73-8fcc0c012e17,3
48a04485-d99b-40ca-a3c2-3813e50ced7e,e4ad647b-e938-45bc-95ea-43d2987ae1f0,75d4129e-64b5-4ccc-8c20-0bf27f697503,36
a6339a18-e790-4652-9c81-fe3ef3ed9c4c,865e22ad-bb2b-4fcf-8cc8-22d6d320c705,8d149c1e-7e95-4ca2-bb9d-6908d09afebf,137
c6dd514d-f762-4dae-9d1c-bd57062ea785,16d1edbf-e5a5-4f2a-a558-688a4b801437,183b820a-3c29-457b-8d72-14fa7231cce6,219
d531efce-9482-4ae0-ab7e-bb491a097fce,0d5ec8d8-1c54-4c8e-b32e-77ff8ff3bfbb,372077ff-bdd9-432b-95be-f2433f7c9274,204
35ea20b9-13af-48bc-aa69-39369da20dfa,a2759076-7e39-413d-b42d-a33f84c1d3f1,73ef62f9-013b-491e-94db-fd90bfa9dff9,44
f0ae4f20-8c99-4230-9dd0-85d35e14e352,fc19c30d-8eec-41a8-8de7-f4f64de6dcee,bf538d5a-ecf1-4dd5-a95e-a248cbc7c7a6,42
cd3d6106-d231-42a0-ab76-f96b4e2fd6dd,5b46ede1-0137-484f-9a62-96b9d0204a0f,8330938e-03c0-46eb-8f4f-8ab13617bbf5,126
196500ef-6ee4-462d-b6f8-a9ec352b8aa3,1ba19898-20ff-4e5a-b5bb-9bc80df2d6e8,844551ea-4788-4832-aaa1-3c9ecc22cbb7,216
6b217b41-fc1d-4f66-9559-dd6db1885bae,ca268535-1157-4b2c-9bae-f63ff366583f,bbc75669-3e09-48bf-a324-c6755b1df3b1,35
2cf8cb51-997f-41b9-93c6-ebf5c9d085eb,eab95ac6-124d-4379-ac4d-3adf1ed8cb7f,3aa5b098-9257-4912-8839-92b7ded1a915,12
70f7e618-a340-448c-9b46-5d94e1a8b687,d5aef471-fc05-4ffe-acb3-3c1e5e97c8f3,ad2b6236-c758-42be-a78f-16b406afdc5c,16
eb8b2412-de52-498f-a0d6-202568bebb5d,1e2378bc-2ad0-4fd3-affa-a10d7420f00b,7bf3a7a2-276e-408b-872b-39de1342f856,45
abbcf82d-088e-4ce1-8355-b7a55da18819,733992f0-adc6-428d-badc-68448480d701,837155f3-5e00-40e4-b355-42d7bd267c7e,17
cebabdcd-a99b-41b2-ba5c-ed5df62638cd,f6a401c7-2d78-4e7b-a05b-b81c72b97c65,8050e625-f53b-42e6-b1a4-08e804fa7d29,50
4084350d-e003-407d-bba9-6319177297b1,6e2381b4-9716-4d06-8ca0-ce9039b9f3e4,1bc7c92e-b0f1-46cc-81e2-2305ac71be18,368
9bac9cd2-c6a9-4d6d-95d6-6f61cf8bedc8,e7121775-bab8-4fd1-b4fa-0593dde1c0db,8fac61e8-3113-4b2c-8f62-db6ba2177a83,13
cfaefbf7-ef60-4d08-bc54-390cc31f03ac,5dbdfd74-7098-49db-ba61-ad762fb8196f,6ed35927-acfd-4c1a-9822-9b292626809b,1
8220619d-a932-45b3-9dd9-d867138dac7e,8bc85f53-a3e7-446e-90d2-06c14347ad4c,8741f6de-1eb4-4ffb-ba1a-41d02bede47a,105
261c609a-5269-4652-a2e6-1f564319af5d,80ddbc62-3e7d-4a29-8432-f1863cae35dc,9d91b1a3-c078-4da6-a9ad-9c4bc3ffbb25,169
395f345d-ffd5-4ce7-abd4-545ffe8ebbf7,a5b11d33-4f8a-4944-bf0b-ce785e84315a,0b6096ef-6c76-40e2-affb-a500dd1e9dc3,48
7d1455c5-7416-4c83-bcec-6a10de8b8fcf,b4ccf65f-8283-424d-b2ea-ab6915e4474e,19dac6e6-c288-4486-83a4-1ad6ed7cdd0a,465
e4c5c7dc-9416-439a-b8a8-c258b24f03db,7342e6c7-cbd3-4ea6-a6fa-760332d31629,939e6cc2-9869-40e2-a8c2-5167dae12dbb,42
d235fcb2-bb91-49b2-9fb3-a90d4b05b197,ef396ac0-6c00-4efe-a970-cbf0ed319228,f0fda7f5-be7a-465d-885f-84646b92b7c1,41
85571e0d-ac35-49d2-a53f-cbc3a74399a2,f6789a34-c317-4dea-9bfd-8434d65ae2ec,202d354f-7759-44e3-a4b5-fcc9f43b817b,179
2adedd3e-ecab-4ce5-af0e-a2e75103a013,9af3f5dd-0cfc-4273-b80e-09b679aa63fb,6af79f72-7ae5-4c38-9abd-cf36a7d02e68,3
