id,type,status,reference,source_location_id,dest_location_id,created_by,created_at,updated_at
dd1df583-cff7-4e54-83ba-6c3d8ba06db5,delivery,completed,DLV-20260314-0001,2f47750d-b7e3-43a5-bf0a-bd5220405c4d,,00000000-0000-0000-0000-000000000000,2025-05-26 09:01:53,2025-05-26 09:01:53
306e9682-17f4-4d5b-a57f-24e324230f3b,delivery,completed,DLV-20260314-0002,ceb9fc02-5a7c-4f8c-a8bb-cc44c72f82f6,,00000000-0000-0000-0000-000000000000,2025-11-06 09:01:53,2025-11-06 09:01:53
40b1595a-9c94-4a09-90a5-5fe1d421ec82,delivery,completed,DLV-20260314-0003,dadcdd55-34c0-4c07-b7d4-efdc87cd3f54,,00000000-0000-0000-0000-000000000000,2025-11-08 09:01:53,2025-11-08 09:01:53
15a4d79f-1e6f-45d6-95a9-b1b67465bd70,receipt,confirmed,RCP-20260314-0001,,fe2313a6-345c-4698-a823-70cf8dc4fabb,00000000-0000-0000-0000-000000000000,2025-06-08 09:01:53,2025-06-08 09:01:53
499ebe9b-ea2b-4461-9a39-cedef235d705,receipt,completed,RCP-20260314-0002,,ea93f832-860e-42dd-82b2-7b6e8cac36a1,00000000-0000-0000-0000-000000000000,2025-09-16 09:01:53,2025-09-16 09:01:53
a82f28fc-dfdf-49f9-ad5e-8a152247d3bf,receipt,completed,RCP-20260314-0003,,5758ae10-7542-4934-8a5d-35646fb2c1c8,00000000-0000-0000-0000-000000000000,2026-01-30 09:01:53,2026-01-30 09:01:53
e23c930b-6b65-42e9-a63e-5358c20ce0ac,delivery,completed,DLV-20260314-0004,be6ec0e3-ee87-4722-a2dd-b7be6e6e0de4,,00000000-0000-0000-0000-000000000000,2025-11-25 09:01:53,2025-11-25 09:01:53
ae3d35bb-ab57-4bec-9373-46c67e4e2584,delivery,completed,DLV-20260314-0005,f0523488-69c8-4cd9-9fa2-7dadcaa12410,,00000000-0000-0000-0000-000000000000,2025-06-13 09:01:53,2025-06-13 09:01:53
551165c0-7621-4689-8ce6-78cd1f19d0df,delivery,completed,DLV-20260314-0006,e6026063-8e6d-4efa-b584-769b1aee8c22,,00000000-0000-0000-0000-000000000000,2025-10-23 09:01:53,2025-10-23 09:01:53
11fe3446-484a-456c-86ee-a4259e820fbf,adjustment,completed,ADJ-20260314-0001,55e2b9f5-ade2-4df4-99ce-9096c97e628f,,00000000-0000-0000-0000-000000000000,2026-01-02 09:01:53,2026-01-02 09:01:53
1b6390fd-6897-4600-8900-df14bbccad76,transfer,draft,TRF-20260314-0001,297dbd76-cd16-4a30-b644-256616f406eb,df64ce08-782f-4e73-811f-cb1b8e3e4832,00000000-0000-0000-0000-000000000000,2025-09-29 09:01:53,2025-09-29 09:01:53
62ddb293-9446-4670-9582-45aefa9a7f7e,receipt,completed,RCP-20260314-0004,,c83c8321-1786-4ad7-a172-53a5993d1354,00000000-0000-0000-0000-000000000000,2025-03-20 09:01:53,2025-03-20 09:01:53
8fb2badb-7c0b-4a55-96e0-9e197dee1f59,delivery,completed,DLV-20260314-0007,febef844-beb2-4527-857d-b945b775365e,,00000000-0000-0000-0000-000000000000,2025-06-08 09:01:53,2025-06-08 09:01:53
a55d62b6-aace-4276-8d07-2f7b1f6fd73d,transfer,completed,TRF-20260314-0002,ec964784-ebb3-4b2b-a3f8-eb73f0069b44,e5dcb91e-da68-47e5-8756-a0ac73647547,00000000-0000-0000-0000-000000000000,2026-02-04 09:01:53,2026-02-04 09:01:53
b0cee83e-d596-4d66-8411-e96422653580,delivery,completed,DLV-20260314-0008,0a1a60fb-5d04-43b0-9a56-3afb1f437c87,,00000000-0000-0000-0000-000000000000,2025-05-12 09:01:53,2025-05-12 09:01:53
d9b43c6c-ac45-4ef8-b5e3-d0179b179a32,transfer,completed,TRF-20260314-0003,5822d164-dfea-465a-b7a8-d753bebcf799,3c7d3961-7aa1-47cc-9760-9cd327981698,00000000-0000-0000-0000-000000000000,2025-04-30 09:01:53,2025-04-30 09:01:53
f32c2263-0ea4-4ed9-8c1f-25d0b669fc37,transfer,completed,TRF-20260314-0004,d25e4274-314c-4b1b-9528-fa8260c02502,814488c8-f0f1-4995-b936-b4e8e9f00a67,00000000-0000-0000-0000-000000000000,2025-05-08 09:01:53,2025-05-08 09:01:53
bd16c97b-5ff2-489a-982c-1e51a7cc1741,receipt,draft,RCP-20260314-0005,,3bafcbfb-9e28-4747-808c-d610b26c9253,00000000-0000-0000-0000-000000000000,2025-06-17 09:01:53,2025-06-17 09:01:53
b479c7fb-be91-4bb9-842f-ef94ae3b62e0,receipt,completed,RCP-20260314-0006,,01315395-4f84-442a-b5da-accdca87c385,00000000-0000-0000-0000-000000000000,2026-02-15 09:01:53,2026-02-15 09:01:53
0938384b-26d6-435f-b744-ba35aeae2cd7,delivery,draft,DLV-20260314-0009,6116449b-badd-4e89-b8e9-1f06c3f35019,,00000000-0000-0000-0000-000000000000,2025-08-24 09:01:53,2025-08-24 09:01:53
3399f9b6-807c-4c57-a13a-aefbc20471d7,receipt,draft,RCP-20260314-0007,,055ccdbb-8eae-4ef7-a375-2d35c0416420,00000000-0000-0000-0000-000000000000,2025-06-19 09:01:53,2025-06-19 09:01:53
af01fc9e-c777-44cd-8924-259ec96c8505,transfer,completed,TRF-20260314-0005,fe8f9ed0-1018-47c6-9c19-4e1a3d6a976a,dd6a1568-aa9f-4195-973b-7602c14cbd66,00000000-0000-0000-0000-000000000000,2025-03-17 09:01:53,2025-03-17 09:01:53
b7f2903a-d14c-46ae-8d59-8436f88279b7,delivery,confirmed,DLV-20260314-0010,b2a98644-6651-4e04-82d0-902c73d59a1a,,00000000-0000-0000-0000-000000000000,2025-06-15 09:01:53,2025-06-15 09:01:53
91a59ff6-1394-45ed-97ea-160d079af187,delivery,completed,DLV-20260314-0011,321afa7a-e016-46ba-b853-1feaa10fc9f7,,00000000-0000-0000-0000-000000000000,2025-12-14 09:01:53,2025-12-14 09:01:53
97ff4bbd-baea-46c8-b6fd-620da1d45ec4,receipt,completed,RCP-20260314-0008,,c0f08e75-b6b6-439e-85c5-ec4a9b6286dd,00000000-0000-0000-0000-000000000000,2025-10-07 09:01:53,2025-10-07 09:01:53
7ef2cb4e-8a7c-4d6a-a204-5ef6bd73a609,delivery,completed,DLV-20260314-0012,a7192820-cb60-4497-8747-ad16d8d26ce3,,00000000-0000-0000-0000-000000000000,2025-09-23 09:01:53,2025-09-23 09:01:53
b84e968a-3c60-447a-9b4f-8b30423b0257,receipt,completed,RCP-20260314-0009,,f4a03e6d-245b-4a34-93d2-02ffb07f52cc,00000000-0000-0000-0000-000000000000,2025-08-14 09:01:53,2025-08-14 09:01:53
5e063754-b719-45d4-97e3-5e4bc52c35d0,adjustment,draft,ADJ-20260314-0002,edf7c0fe-b917-4245-9086-977749f2bff1,,00000000-0000-0000-0000-000000000000,2025-04-09 09:01:53,2025-04-09 09:01:53
493ee07b-2b40-4fa7-a235-c2239dd192b5,transfer,completed,TRF-20260314-0006,69c2d16c-2e54-4bb6-96c2-6f5f9a917ccd,8135342b-796e-4e88-b8e2-34d891599dcf,00000000-0000-0000-0000-000000000000,2025-07-31 09:01:53,2025-07-31 09:01:53
50e37307-ca90-4a02-913c-277e50b406f7,transfer,completed,TRF-20260314-0007,ec964784-ebb3-4b2b-a3f8-eb73f0069b44,60e5574f-7452-4875-af11-5f5c7396f80b,00000000-0000-0000-0000-000000000000,2026-02-04 09:01:53,2026-02-04 09:01:53
3fbf2cf7-bbfe-4ae2-a715-0fabf754a09b,delivery,draft,DLV-20260314-0013,ebb69626-b4e5-4842-b267-1db13538a51e,,00000000-0000-0000-0000-000000000000,2025-07-03 09:01:53,2025-07-03 09:01:53
24374692-8d71-482d-a09e-de14ad434b7a,delivery,completed,DLV-20260314-0014,4c18d87f-5332-4c59-8539-84b90e371303,,00000000-0000-0000-0000-000000000000,2025-09-16 09:01:53,2025-09-16 09:01:53
78bb0375-8474-462a-aed4-8f2678b31c3f,receipt,completed,RCP-20260314-0010,,9d2d6a99-fee0-4273-b2fe-063ee5a11e32,00000000-0000-0000-0000-000000000000,2025-07-24 09:01:53,2025-07-24 09:01:53
202b4e85-39ef-469d-bff5-8519ab132178,transfer,completed,TRF-20260314-0008,459021cf-a4f0-4237-ae4a-9980b8d58a19,2c6fe23b-df07-44ad-aff5-3adcfcc61481,00000000-0000-0000-0000-000000000000,2026-01-12 09:01:53,2026-01-12 09:01:53
13bf1743-7f34-43c8-8291-715fd78b2811,receipt,completed,RCP-20260314-0011,,b51716f7-a397-4736-818b-3d71a9bd09c3,00000000-0000-0000-0000-000000000000,2025-10-16 09:01:53,2025-10-16 09:01:53
ed9cab8d-da18-428b-9e4d-34833eb64168,adjustment,completed,ADJ-20260314-0003,e0015169-09bd-4c9e-b2a2-e3ea795b70a5,,00000000-0000-0000-0000-000000000000,2025-07-08 09:01:53,2025-07-08 09:01:53
1419c2e1-2493-4b00-a6da-4011b08797c9,receipt,draft,RCP-20260314-0012,,ebeda5fb-e804-421e-a885-c5b723229e84,00000000-0000-0000-0000-000000000000,2025-05-28 09:01:53,2025-05-28 09:01:53
85dcf7c0-bffc-475a-a87f-e1b07f0d0189,receipt,draft,RCP-20260314-0013,,8570f38c-b847-4e31-be39-516e44eb9118,00000000-0000-0000-0000-000000000000,2025-11-15 09:01:53,2025-11-15 09:01:53
d57fc29e-bb32-4afa-b2d2-ec4daa9cc3bd,transfer,draft,TRF-20260314-0009,cadeba22-56aa-4a7a-9747-967ed600f822,d4224d6a-e9d5-47e5-aa74-c7fb837d53ac,00000000-0000-0000-0000-000000000000,2025-03-31 09:01:53,2025-03-31 09:01:53
10202ccf-24a2-4334-a7e0-db9074a425aa,transfer,draft,TRF-20260314-0010,9edc1e4f-2165-47f2-a154-f71f450b3c8a,87acff17-424a-42a3-a2a6-00cdffad6acd,00000000-0000-0000-0000-000000000000,2025-05-30 09:01:53,2025-05-30 09:01:53
55d99a76-e586-453b-a1a0-aa28ff25dae3,transfer,draft,TRF-20260314-0011,64608252-bebd-4885-adeb-4edf44d38ce9,655feece-07ff-435d-8431-c631b1746c4e,00000000-0000-0000-0000-000000000000,2026-02-17 09:01:53,2026-02-17 09:01:53
5d9874b3-a4a0-4ea6-8ca9-6382d96f8b14,receipt,completed,RCP-20260314-0014,,c9c210fe-8f36-41b8-9fc9-20a4c0368c0d,00000000-0000-0000-0000-000000000000,2026-01-12 09:01:53,2026-01-12 09:01:53
1a38578d-21e3-471d-88c3-a9f71a51ce5b,transfer,completed,TRF-20260314-0012,b2f53e3f-c070-4884-89fa-13128e7f530c,bc3c02c1-15b5-4b11-b373-cbd17b3960f6,00000000-0000-0000-0000-000000000000,2026-02-18 09:01:53,2026-02-18 09:01:53
28d0c422-8882-4144-ac5b-ea3db0d13545,receipt,completed,RCP-20260314-0015,,4a1d672d-3338-4a86-9a4c-55443b9a4dd4,00000000-0000-0000-0000-000000000000,2025-11-22 09:01:53,2025-11-22 09:01:53
8abc7fd7-e61c-4af4-a229-e952310c7b6f,receipt,completed,RCP-20260314-0016,,05f22bc8-812d-4f4d-8942-13746980d289,00000000-0000-0000-0000-000000000000,2025-07-28 09:01:53,2025-07-28 09:01:53
2742c025-fcd0-4c09-9f64-9e57690f1ff5,delivery,draft,DLV-20260314-0015,aab851db-89e0-4bdc-8c6d-b270c4ec6aca,,00000000-0000-0000-0000-000000000000,2025-11-04 09:01:53,2025-11-04 09:01:53
50761e90-bf4d-4f4c-8564-1ee3a0e87c16,receipt,completed,RCP-20260314-0017,,f4d617bc-232f-43d7-a670-df43b12808c9,00000000-0000-0000-0000-000000000000,2025-04-23 09:01:53,2025-04-23 09:01:53
487bff8a-a7c9-45b5-b0cf-1fb76ec271ce,transfer,completed,TRF-20260314-0013,7ea53675-3423-4e32-8b99-31f49fdd9dbf,fcbea0ed-eca8-42ad-af54-086c1051785d,00000000-0000-0000-0000-000000000000,2025-08-31 09:01:53,2025-08-31 09:01:53
e439e1a4-92bc-4855-871d-2830f4da923f,receipt,draft,RCP-20260314-0018,,ba457c35-c3b6-4ef3-81c5-e3892e83f1b5,00000000-0000-0000-0000-000000000000,2025-07-07 09:01:53,2025-07-07 09:01:53
4d9c45db-47cb-4979-8f9f-1bae5b7dd76b,delivery,completed,DLV-20260314-0016,b2c67c5f-a139-4d82-9a8d-4a626caf7bac,,00000000-0000-0000-0000-000000000000,2025-06-10 09:01:53,2025-06-10 09:01:53
508ed76b-366b-4ea3-be6d-21e51e547cc3,receipt,draft,RCP-20260314-0019,,984ab6b1-d0bd-4d77-8d01-7a9677faa9b2,00000000-0000-0000-0000-000000000000,2025-08-07 09:01:53,2025-08-07 09:01:53
e0320381-9dae-4c03-b477-d2a0ad5b90f4,delivery,draft,DLV-20260314-0017,eb8d2018-cdf9-48c7-89e9-897f2a6977f7,,00000000-0000-0000-0000-000000000000,2025-11-30 09:01:53,2025-11-30 09:01:53
c455270c-9b78-463d-abe9-29159861763d,delivery,completed,DLV-20260314-0018,94aa7278-f482-4bca-ad99-b555688c6cee,,00000000-0000-0000-0000-000000000000,2025-11-06 09:01:53,2025-11-06 09:01:53
8c467476-628e-4a2c-b7a4-d5b9962f97dc,receipt,draft,RCP-20260314-0020,,0568b6a1-2171-4d9b-9c0c-77ec8e196928,00000000-0000-0000-0000-000000000000,2025-08-07 09:01:53,2025-08-07 09:01:53
fea49a08-fa8e-4403-bbe9-6aa0ceefbd26,transfer,confirmed,TRF-20260314-0014,9c971720-66d1-48ed-967a-b0082786c2b0,07dc62c3-c819-43b8-a1d0-35f8c54f17d1,00000000-0000-0000-0000-000000000000,2025-10-06 09:01:53,2025-10-06 09:01:53
ec5cfad1-ee10-4a3f-98b3-6261f79eb5e2,delivery,completed,DLV-20260314-0019,f1f17a00-8e52-4ef1-8bae-0cc7ae76b461,,00000000-0000-0000-0000-000000000000,2025-09-10 09:01:53,2025-09-10 09:01:53
f8d678ed-a862-4b72-a1e9-4fdaa0f1cd01,delivery,completed,DLV-20260314-0020,3e123743-3dc2-456f-af4d-49f073920cb6,,00000000-0000-0000-0000-000000000000,2026-01-23 09:01:53,2026-01-23 09:01:53
2c1af914-4286-4829-b436-765d339f34ee,delivery,draft,DLV-20260314-0021,4b9d5254-2deb-41c1-84a6-769cab90081c,,00000000-0000-0000-0000-000000000000,2025-06-22 09:01:53,2025-06-22 09:01:53
9a4c12ac-623a-45a2-a4c8-f7b534990d77,transfer,draft,TRF-20260314-0015,375ee7c9-3be7-4715-b025-4bbe6f85c2cf,381aa07c-4e3e-4470-ac07-b57f358837ce,00000000-0000-0000-0000-000000000000,2025-06-24 09:01:53,2025-06-24 09:01:53
b195d165-0c03-4017-941b-3254d6630707,delivery,completed,DLV-20260314-0022,b7c5e893-ba58-4bb2-976d-4c023ffab68c,,00000000-0000-0000-0000-000000000000,2025-05-01 09:01:53,2025-05-01 09:01:53
518873ee-4b64-42e3-8e8f-ce744efbc213,delivery,completed,DLV-20260314-0023,57204549-f3b6-4cc1-82af-8f10417647e8,,00000000-0000-0000-0000-000000000000,2025-05-13 09:01:53,2025-05-13 09:01:53
804561f0-e3a6-4dff-9e69-c4f5f764b59d,delivery,completed,DLV-20260314-0024,c876804d-379b-4ec6-8ac6-fe8c29ca1ddd,,00000000-0000-0000-0000-000000000000,2026-01-18 09:01:53,2026-01-18 09:01:53
bc058908-eaf8-4393-bc8e-489a32d3b8f4,adjustment,completed,ADJ-20260314-0004,a2d873f3-a40c-4c5b-b65d-beef5a8dad72,,00000000-0000-0000-0000-000000000000,2025-09-03 09:01:53,2025-09-03 09:01:53
028d1e0e-612a-46e9-813b-b50cb846f402,receipt,completed,RCP-20260314-0021,,60c0e11f-de7e-4d33-afbc-d97d076c816d,00000000-0000-0000-0000-000000000000,2025-03-23 09:01:53,2025-03-23 09:01:53
dd80a1cb-fc68-487e-a9bd-0e716880e7f2,receipt,completed,RCP-20260314-0022,,b8e3e333-ddfe-4d3c-b8ed-3265167e4331,00000000-0000-0000-0000-000000000000,2025-03-14 09:01:53,2025-03-14 09:01:53
d5967f5a-b9e0-41c1-a101-ca93d4a76201,delivery,completed,DLV-20260314-0025,47289445-c59e-493f-b91a-3ec3bba8b4a9,,00000000-0000-0000-0000-000000000000,2025-06-26 09:01:53,2025-06-26 09:01:53
4e10c09f-e5a5-41e4-8619-9b67d9135a90,adjustment,completed,ADJ-20260314-0005,5107827d-f3d5-4ecc-bacd-a8659e3c803a,,00000000-0000-0000-0000-000000000000,2025-04-12 09:01:53,2025-04-12 09:01:53
e1db76fa-7438-4cc9-9db8-f5b57e83f71e,receipt,completed,RCP-20260314-0023,,00278dd2-e1bf-4502-afdc-343a1159db4a,00000000-0000-0000-0000-000000000000,2025-07-01 09:01:53,2025-07-01 09:01:53
cbba84e5-994d-4a8d-8d57-cc0ba987cdb4,receipt,completed,RCP-20260314-0024,,ea7397b9-b0ea-478d-8ea6-3f9e7bc09b97,00000000-0000-0000-0000-000000000000,2025-11-06 09:01:53,2025-11-06 09:01:53
2a2bfa3a-98f9-4afe-881b-53b0a909652c,delivery,completed,DLV-20260314-0026,f00ece7b-50b9-4d8f-ad5a-12946f131164,,00000000-0000-0000-0000-000000000000,2026-01-29 09:01:53,2026-01-29 09:01:53
84540509-cec6-4f50-b65f-2adaf8804e3b,receipt,completed,RCP-20260314-0025,,8810a479-bc7e-4f5d-b4ce-0861824dea19,00000000-0000-0000-0000-000000000000,2025-12-26 09:01:53,2025-12-26 09:01:53
a42da3a3-40c0-4c54-8d3e-c4697200056d,adjustment,completed,ADJ-20260314-0006,e8516346-e0f3-4cb4-a6dd-99b98363f0a3,,00000000-0000-0000-0000-000000000000,2025-03-20 09:01:53,2025-03-20 09:01:53
4fefbd1a-2b93-49ed-a994-0b34dc00deef,receipt,confirmed,RCP-20260314-0026,,9c2f5d3e-902f-4bba-a758-810260c031e8,00000000-0000-0000-0000-000000000000,2025-04-13 09:01:53,2025-04-13 09:01:53
df14c5b5-40bc-4de5-a1a4-c85b486a8678,delivery,draft,DLV-20260314-0027,1b37a324-3c78-4347-bf8b-e8d4e4290562,,00000000-0000-0000-0000-000000000000,2025-09-21 09:01:53,2025-09-21 09:01:53
8d59cd0b-4479-4e21-9a69-a25afb881499,adjustment,confirmed,ADJ-20260314-0007,6a846981-7a5e-413b-ab7a-8c3491297ef6,,00000000-0000-0000-0000-000000000000,2025-03-21 09:01:53,2025-03-21 09:01:53
3a62bd47-2370-4694-b440-bdfcf99f4efc,adjustment,draft,ADJ-20260314-0008,7e951e95-739c-4e71-88fa-f545d278dbd2,,00000000-0000-0000-0000-000000000000,2025-04-09 09:01:53,2025-04-09 09:01:53
85a61529-6545-487f-9c9d-c66b13d9f7e8,receipt,completed,RCP-20260314-0027,,7fef18b3-93c9-4d46-98a1-eebfbc01447a,00000000-0000-0000-0000-000000000000,2025-09-15 09:01:53,2025-09-15 09:01:53
55810eaa-1b80-414e-bf97-76372fd4465f,adjustment,completed,ADJ-20260314-0009,8a0363b5-404c-41d1-a3ac-73190ed4a661,,00000000-0000-0000-0000-000000000000,2025-06-17 09:01:53,2025-06-17 09:01:53
6cede38a-5a50-4418-8989-a9acf7cccfb8,receipt,completed,RCP-20260314-0028,,a2c0655b-a3c3-4b37-8a5e-fbf2c0901a5e,00000000-0000-0000-0000-000000000000,2025-03-24 09:01:53,2025-03-24 09:01:53
a51a0ac8-c891-435e-8bf0-3204727f668a,receipt,completed,RCP-20260314-0029,,5fc37245-1a67-4a67-a69c-b2d41b48358e,00000000-0000-0000-0000-000000000000,2025-10-29 09:01:53,2025-10-29 09:01:53
c53a5a66-8981-480d-a8f8-82778397de8e,receipt,draft,RCP-20260314-0030,,09a408f7-9eaf-4bbc-82e4-b2461c4ef49a,00000000-0000-0000-0000-000000000000,2025-08-20 09:01:53,2025-08-20 09:01:53
19dfc41b-0680-4da8-ac11-93ad3f81c462,transfer,draft,TRF-20260314-0016,336e7712-875d-4d54-bfd3-1adcbc645398,6a5016f8-2c1e-4e4e-a205-266a2e43bd53,00000000-0000-0000-0000-000000000000,2026-02-01 09:01:53,2026-02-01 09:01:53
0dfd11a9-2b4a-4219-9a4e-cd184edacf8b,transfer,completed,TRF-20260314-0017,38e78c4f-4932-4dd4-ae0e-45b8cab4f505,f0221c4b-abcd-4d26-9aab-5b249951a124,00000000-0000-0000-0000-000000000000,2026-02-18 09:01:53,2026-02-18 09:01:53
e96e51b9-7d16-4d6f-8267-3a63f9baf1dd,receipt,completed,RCP-20260314-0031,,e8c8bb2c-3cc0-4bf5-8956-4a6e788d8bae,00000000-0000-0000-0000-000000000000,2025-04-14 09:01:53,2025-04-14 09:01:53
7c281710-f6ad-48f7-af6a-4c5261fb0ae6,adjustment,confirmed,ADJ-20260314-0010,812c428c-e1e4-4da2-bd42-3e516f33fadd,,00000000-0000-0000-0000-000000000000,2026-03-14 09:01:53,2026-03-14 09:01:53
d8010b10-b0a4-4e8a-b2a8-1e990a5d3863,receipt,draft,RCP-20260314-0032,,6302db19-5b1e-4b12-87ec-669aad96192e,00000000-0000-0000-0000-000000000000,2025-05-11 09:01:53,2025-05-11 09:01:53
aaea204b-8b70-4524-bf97-3db7139765ff,receipt,completed,RCP-20260314-0033,,2437d564-7745-4a16-8a82-5fe6d87ef9b7,00000000-0000-0000-0000-000000000000,2025-12-21 09:01:53,2025-12-21 09:01:53
86547126-0599-4571-9de8-3ca3d414e5e5,receipt,confirmed,RCP-20260314-0034,,ec9ccc7c-51ae-4f0f-a200-85c086a3fbc6,00000000-0000-0000-0000-000000000000,2025-06-01 09:01:53,2025-06-01 09:01:53
c5d3dde5-b4be-4de1-822f-f22713cb9a4b,delivery,completed,DLV-20260314-0028,e60d265b-d491-40a2-8bd3-9e11937f4813,,00000000-0000-0000-0000-000000000000,2026-03-01 09:01:53,2026-03-01 09:01:53
8ceef9c7-4938-48f8-a58c-5c41575818c5,transfer,completed,TRF-20260314-0018,bc182b38-dae8-413b-b209-61ea22ec4a8d,37934246-565f-436d-b440-802b853246df,00000000-0000-0000-0000-000000000000,2026-02-05 09:01:53,2026-02-05 09:01:53
2077576e-4fe4-42a5-9141-12f1a86619bb,adjustment,completed,ADJ-20260314-0011,aab4f81e-97da-48ff-9383-f4f7676838d3,,00000000-0000-0000-0000-000000000000,2025-11-07 09:01:53,2025-11-07 09:01:53
e43309d9-4796-41de-afe1-aca39a80fc42,delivery,draft,DLV-20260314-0029,3fa6ad97-6c64-46e6-9d54-2c3ae8e7843a,,00000000-0000-0000-0000-000000000000,2025-09-23 09:01:53,2025-09-23 09:01:53
f7b43abd-945c-48bd-bc43-bc754e45bffc,transfer,completed,TRF-20260314-0019,2c67e6dc-1b2e-4cb4-8a59-8b531e929951,8719924f-fd81-4f05-94bb-cf1944fae55b,00000000-0000-0000-0000-000000000000,2025-04-16 09:01:53,2025-04-16 09:01:53
e387d957-38d3-4ef3-9a8a-9cc642f25918,transfer,completed,TRF-20260314-0020,e858b588-f41d-4d96-838f-272634bd0855,683f3f2f-00f0-4d98-9bf5-ee1755a36fd6,00000000-0000-0000-0000-000000000000,2025-08-28 09:01:53,2025-08-28 09:01:53
ca98cc3d-fc12-4200-b1a3-2f9e69758aad,receipt,draft,RCP-20260314-0035,,3b7cfa20-9dae-433e-90a4-a8676dc9cd98,00000000-0000-0000-0000-000000000000,2025-09-14 09:01:53,2025-09-14 09:01:53
fa403515-f940-4c89-9564-f1dc4aa95350,delivery,completed,DLV-20260314-0030,cbef56ca-a4e6-4e32-98e7-53b25fed98cf,,00000000-0000-0000-0000-000000000000,2025-08-23 09:01:53,2025-08-23 09:01:53
cc845766-0f2a-4f1d-a9be-6c9bf990d33d,receipt,draft,RCP-20260314-0036,,68c9ad67-ec6c-49c4-9d2a-530d16f4d991,00000000-0000-0000-0000-000000000000,2025-10-22 09:01:53,2025-10-22 09:01:53
e1cf1f00-53e9-49f1-a896-89c89edbcf38,adjustment,draft,ADJ-20260314-0012,fcbea0ed-eca8-42ad-af54-086c1051785d,,00000000-0000-0000-0000-000000000000,2025-12-31 09:01:53,2025-12-31 09:01:53
d61307a2-6772-4d89-9dbc-6ff104813840,adjustment,draft,ADJ-20260314-0013,057c4d77-849f-43c0-b8f9-9b4e81d85c40,,00000000-0000-0000-0000-000000000000,2025-09-22 09:01:53,2025-09-22 09:01:53
dfcf77b3-81e5-48e2-86a6-669ca5c669b8,delivery,confirmed,DLV-20260314-0031,7227abe7-819b-4d2b-bf94-fa46c805c99c,,00000000-0000-0000-0000-000000000000,2025-03-22 09:01:53,2025-03-22 09:01:53
4be3551b-a3d0-42da-b58f-5a8ebe01247e,transfer,confirmed,TRF-20260314-0021,fbbd819a-ecdd-4d05-a13d-509ba0090ab9,8e512c7f-de5d-454c-a3bc-4c2485ab48ac,00000000-0000-0000-0000-000000000000,2026-02-19 09:01:53,2026-02-19 09:01:53
dd294544-97c5-4e37-be9c-a2ad3f734bc1,receipt,confirmed,RCP-20260314-0037,,bcfe149c-86f9-4993-8b8d-85f56d8f213a,00000000-0000-0000-0000-000000000000,2025-05-30 09:01:53,2025-05-30 09:01:53
f804daa1-cc06-4598-b61b-db2fa7662d1c,delivery,completed,DLV-20260314-0032,38903811-cfdf-4b19-84ac-fd3e851246aa,,00000000-0000-0000-0000-000000000000,2026-02-15 09:01:53,2026-02-15 09:01:53
c3db608e-116d-4cc2-ac66-f920885ace27,transfer,confirmed,TRF-20260314-0022,ea93f832-860e-42dd-82b2-7b6e8cac36a1,d10195cd-91d4-4861-b662-5f99c1551629,00000000-0000-0000-0000-000000000000,2026-01-23 09:01:53,2026-01-23 09:01:53
d0b9d9a1-7b3e-40df-8125-0fe17f90fbe9,delivery,completed,DLV-20260314-0033,7b21f41a-b744-4bc0-aa5b-d52c0dc40c3a,,00000000-0000-0000-0000-000000000000,2026-01-25 09:01:53,2026-01-25 09:01:53
e94e476e-ef84-41f0-982f-765281cb3d8e,transfer,draft,TRF-20260314-0023,72496853-ebe6-48b5-945a-bc1ee7099fcd,439ab9ea-61b4-4978-a0b4-a93b2e201148,00000000-0000-0000-0000-000000000000,2026-01-15 09:01:53,2026-01-15 09:01:53
ff207b8b-e211-43de-bff7-8fbcd7735e59,adjustment,completed,ADJ-20260314-0014,1292866c-17fc-4eac-a73a-dc42e47af22f,,00000000-0000-0000-0000-000000000000,2025-07-18 09:01:53,2025-07-18 09:01:53
a42bc8c0-0725-404f-a9cb-1c07330233cb,receipt,draft,RCP-20260314-0038,,d8d0cbb4-ea0e-4d1a-b05b-e813028f5383,00000000-0000-0000-0000-000000000000,2025-03-14 09:01:53,2025-03-14 09:01:53
9086a0dd-1e59-4994-898a-b09ec185061c,delivery,completed,DLV-20260314-0034,6f558729-a1cf-43e8-bd8e-714916ce7827,,00000000-0000-0000-0000-000000000000,2025-07-05 09:01:53,2025-07-05 09:01:53
f4beed60-887f-4537-9940-4c335aa828d9,delivery,completed,DLV-20260314-0035,73ba193d-10c3-4d41-80e5-7d37a87b50b6,,00000000-0000-0000-0000-000000000000,2026-01-03 09:01:53,2026-01-03 09:01:53
e5a607dc-e5e9-4b88-8c15-96da646d0d97,delivery,completed,DLV-20260314-0036,8eeed936-0141-433b-9095-9f8f99a0c6ce,,00000000-0000-0000-0000-000000000000,2025-12-27 09:01:53,2025-12-27 09:01:53
b7241796-f4e4-47f5-b872-020b08be35e4,receipt,completed,RCP-20260314-0039,,231e0f9b-2ca9-4c2d-a4d3-4794d081cc14,00000000-0000-0000-0000-000000000000,2025-03-28 09:01:53,2025-03-28 09:01:53
46dc65d1-580c-41f8-a371-e83625433136,delivery,completed,DLV-20260314-0037,76747365-5b13-42ad-8b53-05dc2de240a5,,00000000-0000-0000-0000-000000000000,2026-03-02 09:01:53,2026-03-02 09:01:53
067212c7-229d-45bb-a5bf-f7a5e4253b5c,delivery,completed,DLV-20260314-0038,d83d96ee-e422-4c8c-ba50-17bbe15c506a,,00000000-0000-0000-0000-000000000000,2025-05-18 09:01:53,2025-05-18 09:01:53
2962b2cb-929e-482c-b9bf-ccd459909e35,adjustment,draft,ADJ-20260314-0015,4d7956bc-d937-4a1f-a880-5f6d172ac68d,,00000000-0000-0000-0000-000000000000,2025-04-08 09:01:53,2025-04-08 09:01:53
fc1fc378-b85e-4135-8392-724380c1f56f,transfer,completed,TRF-20260314-0024,1facfd95-b2f1-4838-8c29-d9093ecc05ef,f4589974-4f17-4799-98a1-5d9c9ec5bc08,00000000-0000-0000-0000-000000000000,2025-04-18 09:01:53,2025-04-18 09:01:53
64545991-19d2-4bb2-a01a-a3d993ddeb69,receipt,completed,RCP-20260314-0040,,1e072c40-5ee7-4544-beb5-919cfc30e976,00000000-0000-0000-0000-000000000000,2026-01-31 09:01:53,2026-01-31 09:01:53
eb06870d-a590-4709-9482-7334b0ab21c2,transfer,draft,TRF-20260314-0025,de40e98b-5689-4328-b555-eff60cb5bf01,cdc3a80e-f87a-4680-ab20-0fb47148349e,00000000-0000-0000-0000-000000000000,2025-07-21 09:01:53,2025-07-21 09:01:53
1a0985f9-6c26-46a5-a4aa-5dfb76c3bab6,delivery,completed,DLV-20260314-0039,fd67b843-c5d4-4082-ad79-c6e9c34eeb6c,,00000000-0000-0000-0000-000000000000,2025-10-30 09:01:53,2025-10-30 09:01:53
80315f1a-25cb-4849-9519-f02628583bfd,receipt,draft,RCP-20260314-0041,,25a42619-2594-4fc5-baf4-1043740b1037,00000000-0000-0000-0000-000000000000,2025-04-29 09:01:53,2025-04-29 09:01:53
151c66cd-6561-426f-a6e3-4cb436ed87f6,receipt,completed,RCP-20260314-0042,,fff3cb62-f62c-4aab-b30a-5749a76909cf,00000000-0000-0000-0000-000000000000,2025-06-25 09:01:53,2025-06-25 09:01:53
c30be002-aebb-43f5-aa92-2146cb90c03b,receipt,draft,RCP-20260314-0043,,9a54c254-72e6-4eee-a901-452ae9c67174,00000000-0000-0000-0000-000000000000,2025-10-28 09:01:53,2025-10-28 09:01:53
685b4ab6-c3c7-4969-9f1f-000bf9cf1313,transfer,completed,TRF-20260314-0026,c55cc4a4-e2cd-44bd-8c46-12322b97d352,e2ef5b2e-51e8-49a9-988c-0eb02b89b7fc,00000000-0000-0000-0000-000000000000,2026-03-06 09:01:53,2026-03-06 09:01:53
20c4f4de-659f-4c48-b8fc-e0aeeb9cac27,delivery,draft,DLV-20260314-0040,705e7ffe-5a79-42f6-b88f-a51f2ec6c01a,,00000000-0000-0000-0000-000000000000,2025-06-17 09:01:53,2025-06-17 09:01:53
dbceeeff-4858-496b-a538-ea57596dcfd6,receipt,completed,RCP-20260314-0044,,8dee1d61-32c1-470b-a279-08a9538e11f5,00000000-0000-0000-0000-000000000000,2025-04-08 09:01:53,2025-04-08 09:01:53
166f6d19-65d7-4fb1-acc9-108966454fd3,receipt,completed,RCP-20260314-0045,,250862e5-7b3b-4f93-a6f1-4663cbcec0e9,00000000-0000-0000-0000-000000000000,2025-12-17 09:01:53,2025-12-17 09:01:53
173f0e1a-e009-4fe4-9667-1693582bf3af,transfer,draft,TRF-20260314-0027,161eeb21-9573-4a81-af01-a83061d0ae56,5f173870-d523-4df4-9232-1bab1b0f8a8a,00000000-0000-0000-0000-000000000000,2025-04-26 09:01:53,2025-04-26 09:01:53
baeb892b-d3a3-445d-81c7-ce451e1db646,delivery,completed,DLV-20260314-0041,f31b4273-038f-4066-83e8-46c701eeb506,,00000000-0000-0000-0000-000000000000,2025-12-15 09:01:53,2025-12-15 09:01:53
7d8afc5b-8c5d-4807-b474-574f465e9dad,receipt,completed,RCP-20260314-0046,,6954fd8a-4791-480f-9379-53254e09b4b2,00000000-0000-0000-0000-000000000000,2025-11-17 09:01:53,2025-11-17 09:01:53
738620ed-75d5-4f6e-9b2f-de3b9bbd067f,receipt,draft,RCP-20260314-0047,,e67f7227-9653-4ce4-828b-ce615acc79c9,00000000-0000-0000-0000-000000000000,2025-05-03 09:01:53,2025-05-03 09:01:53
9a681b8e-e0fe-4fbe-a251-26fb238d9e45,delivery,draft,DLV-20260314-0042,577b6a01-aaca-4a1d-abf8-00f96419e368,,00000000-0000-0000-0000-000000000000,2026-02-06 09:01:53,2026-02-06 09:01:53
a2828ea3-ac57-48be-b9d7-131a1622038a,adjustment,completed,ADJ-20260314-0016,8e73d4f7-502e-4016-ab30-1f95397fbd4b,,00000000-0000-0000-0000-000000000000,2025-11-13 09:01:53,2025-11-13 09:01:53
318a3c9a-dd31-41d4-aadc-a2aba2201375,delivery,completed,DLV-20260314-0043,eade55ef-c827-4de0-a38d-afeb31dad8d4,,00000000-0000-0000-0000-000000000000,2026-01-30 09:01:53,2026-01-30 09:01:53
4b430d56-f1d8-4ef2-9713-fc4df07f0b4f,transfer,completed,TRF-20260314-0028,1248a8cb-c359-46e0-a27c-5964226bdbae,8250231f-c2c1-49de-b281-881273ed81b8,00000000-0000-0000-0000-000000000000,2025-04-06 09:01:53,2025-04-06 09:01:53
07a822ef-d785-496e-985e-84b72295ce02,delivery,completed,DLV-20260314-0044,2d324433-8b52-4aeb-baaf-111409b835b1,,00000000-0000-0000-0000-000000000000,2025-11-14 09:01:53,2025-11-14 09:01:53
68d15ae2-5b79-48ef-89b1-d212d47da2d6,adjustment,confirmed,ADJ-20260314-0017,0e1f4a27-1007-4669-9b3b-449c4a32f4d4,,00000000-0000-0000-0000-000000000000,2025-08-08 09:01:53,2025-08-08 09:01:53
2060d98e-d8e7-4f8a-8c43-f0ea90bf26da,receipt,draft,RCP-20260314-0048,,cb6ede20-67af-4c0a-b8c6-47d3799813aa,00000000-0000-0000-0000-000000000000,2025-04-24 09:01:53,2025-04-24 09:01:53
0912bfe1-28a9-4137-8260-07fa2a9439c8,receipt,completed,RCP-20260314-0049,,050c3c49-209b-403f-8a94-39732a82aa8c,00000000-0000-0000-0000-000000000000,2025-10-08 09:01:53,2025-10-08 09:01:53
f84eef66-e8bb-434e-9636-2c4dec0c49ff,adjustment,draft,ADJ-20260314-0018,02a58a3c-13bb-434c-9265-1cd1b9cab1ab,,00000000-0000-0000-0000-000000000000,2026-01-20 09:01:53,2026-01-20 09:01:53
e831e03e-68b3-49da-92d2-e703f9ce58b8,adjustment,completed,ADJ-20260314-0019,119fd44b-4fce-4f3a-80f9-8d203543d101,,00000000-0000-0000-0000-000000000000,2025-08-20 09:01:53,2025-08-20 09:01:53
4b319a4a-c48d-4dc0-be3a-e223cc5a16ff,receipt,completed,RCP-20260314-0050,,2327c07e-b218-4447-a9f9-f349cad1f895,00000000-0000-0000-0000-000000000000,2025-11-15 09:01:53,2025-11-15 09:01:53
77344cd2-a6fd-40b5-ba08-2458dda9565a,delivery,completed,DLV-20260314-0045,29b7f020-7d7e-4118-9269-32c375479864,,00000000-0000-0000-0000-000000000000,2025-06-21 09:01:53,2025-06-21 09:01:53
e61d3874-efab-4dc0-bd26-92a2c57b18df,delivery,completed,DLV-20260314-0046,654f93dc-e8a2-47fd-919f-0c6ab5bcb156,,00000000-0000-0000-0000-000000000000,2025-06-21 09:01:53,2025-06-21 09:01:53
a247f81c-dbfd-4c95-a7ef-3954a1911996,receipt,completed,RCP-20260314-0051,,53d43c28-a296-4535-b075-ed5ed487e016,00000000-0000-0000-0000-000000000000,2025-10-27 09:01:53,2025-10-27 09:01:53
26986b6b-a46b-427c-bfd6-7184b8f99eb7,receipt,completed,RCP-20260314-0052,,60c0e11f-de7e-4d33-afbc-d97d076c816d,00000000-0000-0000-0000-000000000000,2026-02-28 09:01:53,2026-02-28 09:01:53
550a6862-cb35-404a-af06-a371aaaafa87,delivery,completed,DLV-20260314-0047,b4c98260-1b16-4348-a801-88a4aab5d8c3,,00000000-0000-0000-0000-000000000000,2025-11-22 09:01:53,2025-11-22 09:01:53
858a5fdd-8d4f-42b7-8cba-00826ce0e9fa,delivery,draft,DLV-20260314-0048,202a8ca9-7c9b-4a2e-851b-a26ba0bd9197,,00000000-0000-0000-0000-000000000000,2026-02-10 09:01:53,2026-02-10 09:01:53
c58f8c53-3325-4c6e-b007-883ae323394c,delivery,completed,DLV-20260314-0049,2ae46f57-d3bb-45f9-9ce4-3c2743851718,,00000000-0000-0000-0000-000000000000,2025-08-05 09:01:53,2025-08-05 09:01:53
03f6a58a-7a1c-4920-bdb1-edb0c7bde6ed,transfer,completed,TRF-20260314-0029,4ac3a87f-af96-4009-b4b6-b7b410e38516,408b8f75-dcc6-4900-a52a-649e54d9ad48,00000000-0000-0000-0000-000000000000,2025-11-13 09:01:53,2025-11-13 09:01:53
b95250d4-8fd4-4db2-a433-1990298d2932,transfer,draft,TRF-20260314-0030,95a6e5d0-e7ce-4ffc-92bd-eb375177f424,eadbc048-d86f-43f6-9f5a-43039553e3c2,00000000-0000-0000-0000-000000000000,2025-06-06 09:01:53,2025-06-06 09:01:53
e175e85a-8611-4f9e-9ccc-da6b4f2731f5,transfer,confirmed,TRF-20260314-0031,70596fba-627c-411d-aa97-58079b958558,cc413881-3a5d-4e8d-a6fe-acffbeaac757,00000000-0000-0000-0000-000000000000,2025-04-13 09:01:53,2025-04-13 09:01:53
ec65bd9a-6e61-4eb6-9654-21d429955d1e,adjustment,confirmed,ADJ-20260314-0020,a591a344-a268-49bc-9d5a-8660cab0d7cc,,00000000-0000-0000-0000-000000000000,2025-07-02 09:01:53,2025-07-02 09:01:53
7e0308f9-37af-4ec7-a875-6e1ed7bfeec6,receipt,confirmed,RCP-20260314-0053,,5f01b7dc-2e79-46bd-a09b-d933e94ef3f9,00000000-0000-0000-0000-000000000000,2025-04-13 09:01:53,2025-04-13 09:01:53
d4dacc53-549e-4982-ad74-b3f48a334f94,delivery,draft,DLV-20260314-0050,f645669e-fbcb-4cea-97c8-555d0c4cef8b,,00000000-0000-0000-0000-000000000000,2025-08-27 09:01:53,2025-08-27 09:01:53
1c9b8220-7c14-42c9-9a84-ae0034dd5ea7,transfer,completed,TRF-20260314-0032,56a95c63-9c48-4c20-aa85-338931711129,35b26315-7aaf-4225-9752-113c6ed75384,00000000-0000-0000-0000-000000000000,2026-03-01 09:01:53,2026-03-01 09:01:53
3ee26a71-1f3a-4d5b-820d-efe2720ccf8c,delivery,completed,DLV-20260314-0051,b713d0ee-6127-4078-af96-1c7a767210bb,,00000000-0000-0000-0000-000000000000,2025-11-27 09:01:53,2025-11-27 09:01:53
7d847939-8472-4072-9f66-2061c565dc18,delivery,draft,DLV-20260314-0052,249ad3c5-149a-4ed3-a05b-098e75ad0b75,,00000000-0000-0000-0000-000000000000,2025-12-05 09:01:53,2025-12-05 09:01:53
4856ae18-6661-4b8a-85a1-ca59f1e4dc22,delivery,draft,DLV-20260314-0053,1ff58f4f-3c21-4283-9bad-0152b69b6751,,00000000-0000-0000-0000-000000000000,2026-02-19 09:01:53,2026-02-19 09:01:53
18b38b52-a6ff-4ccf-9b80-53940bdcf571,adjustment,completed,ADJ-20260314-0021,7ff9274c-3171-4ce4-9d6b-cb485b427f95,,00000000-0000-0000-0000-000000000000,2025-09-17 09:01:53,2025-09-17 09:01:53
3ccf40aa-cca5-4fc2-bac9-a0dafb131d6f,transfer,completed,TRF-20260314-0033,75096d39-9337-4b18-87ae-f1b8d93cf90d,c6cd9923-edf7-4ee7-9907-aed199bbc3bf,00000000-0000-0000-0000-000000000000,2025-10-25 09:01:53,2025-10-25 09:01:53
40b9acdc-30d3-48e9-a5f5-2c123b706fab,delivery,completed,DLV-20260314-0054,986b62fc-6d15-42f6-8723-2e85006e0369,,00000000-0000-0000-0000-000000000000,2025-11-23 09:01:53,2025-11-23 09:01:53
d150df94-4d57-4129-a992-282b593734f3,delivery,draft,DLV-20260314-0055,70af87de-e85d-48ec-adde-a391fe0e791c,,00000000-0000-0000-0000-000000000000,2025-12-06 09:01:53,2025-12-06 09:01:53
54ef2efc-0efe-4380-98d4-beb0019ad653,receipt,confirmed,RCP-20260314-0054,,7379c11e-da36-4544-bdea-8ca6823954f3,00000000-0000-0000-0000-000000000000,2025-09-30 09:01:53,2025-09-30 09:01:53
710abb6c-c8db-4964-aaa6-811d9734c6c1,delivery,completed,DLV-20260314-0056,7de95a89-c7fe-4df1-a588-07c1c33b82b2,,00000000-0000-0000-0000-000000000000,2025-07-10 09:01:53,2025-07-10 09:01:53
8b01f141-f146-4550-a4b2-402e26851efe,receipt,completed,RCP-20260314-0055,,dd13448b-9e08-454b-8304-9ff48b3d6313,00000000-0000-0000-0000-000000000000,2025-12-28 09:01:53,2025-12-28 09:01:53
2d640812-5a75-413b-82cb-6d82fa04c3f2,receipt,draft,RCP-20260314-0056,,a7454c93-f3eb-4ef2-9f44-330104bfce11,00000000-0000-0000-0000-000000000000,2025-08-17 09:01:53,2025-08-17 09:01:53
6eecb76c-9a92-41df-86a6-9d4805817dae,delivery,completed,DLV-20260314-0057,d07544d1-7353-49ad-b4b4-9564f49a5583,,00000000-0000-0000-0000-000000000000,2025-04-15 09:01:53,2025-04-15 09:01:53
e0601645-f108-49ed-8f44-77ce48df6396,adjustment,completed,ADJ-20260314-0022,d0e8adf1-1e2f-450d-aa43-64b9b3a91f2d,,00000000-0000-0000-0000-000000000000,2025-08-21 09:01:53,2025-08-21 09:01:53
efdeec95-a0d4-4f04-824c-38b9515749d9,transfer,draft,TRF-20260314-0034,f2e9bb6a-5b99-4b47-a8d5-b993fa7d8c54,c49ad431-2eff-446c-b57d-734c2e681fd7,00000000-0000-0000-0000-000000000000,2025-11-06 09:01:53,2025-11-06 09:01:53
83ba9b60-23da-4d3a-be14-a2440169d73a,receipt,completed,RCP-20260314-0057,,878cc9e4-2f8c-46b3-ad1d-43dabca8bf26,00000000-0000-0000-0000-000000000000,2025-08-19 09:01:53,2025-08-19 09:01:53
b68134f2-aa19-45fa-b2ae-0730e74491ab,transfer,completed,TRF-20260314-0035,30b72206-8a04-4674-a670-e7ede9fc52fb,0e6152df-d301-4c97-87da-36f60ea27f5c,00000000-0000-0000-0000-000000000000,2026-01-27 09:01:53,2026-01-27 09:01:53
afdd94c4-112c-40cd-b65c-1aa3aaa81efe,receipt,completed,RCP-20260314-0058,,693d75d0-d5d0-4f6c-ae67-006d994cc6a6,00000000-0000-0000-0000-000000000000,2025-06-16 09:01:53,2025-06-16 09:01:53
0ddf51be-381d-4ea4-93d1-9c11984d3e68,transfer,completed,TRF-20260314-0036,8845078c-515d-435f-9850-6c1870f366b7,9597320f-220f-45c2-8f71-e4dee439e009,00000000-0000-0000-0000-000000000000,2025-06-06 09:01:53,2025-06-06 09:01:53
f5904850-0866-4232-8c76-4e3653299bc2,delivery,completed,DLV-20260314-0058,85ba69a7-80d4-4de8-8583-93659f03173b,,00000000-0000-0000-0000-000000000000,2025-06-28 09:01:53,2025-06-28 09:01:53
4be9cbe1-53ad-409e-8d26-5b23ea69a230,transfer,completed,TRF-20260314-0037,e93a0cca-b5d9-4bb9-876b-7f19d6eaed29,32dcfbb7-f9c3-4fe9-b20c-e3c34c21cdd1,00000000-0000-0000-0000-000000000000,2026-01-16 09:01:53,2026-01-16 09:01:53
84cbfce4-3189-411d-ad86-1485f7d2495b,adjustment,completed,ADJ-20260314-0023,67088edc-21b1-413c-9e90-f8176bf6a184,,00000000-0000-0000-0000-000000000000,2026-01-19 09:01:53,2026-01-19 09:01:53
efdf34ee-4d77-4839-88cf-deec2a3c526c,transfer,draft,TRF-20260314-0038,cbb0cbec-b9af-4487-9410-a9e35216cc0b,482d3c55-ce04-4bd8-a06f-29dfd952283a,00000000-0000-0000-0000-000000000000,2025-09-05 09:01:53,2025-09-05 09:01:53
623eb5a0-e5e0-4d71-a8b7-54416a1c55ea,receipt,completed,RCP-20260314-0059,,638a691e-fde9-4d0b-9304-f842859261a8,00000000-0000-0000-0000-000000000000,2025-05-22 09:01:53,2025-05-22 09:01:53
f4de4b7e-e6e5-4248-bf52-dba0fe5d2c9c,delivery,draft,DLV-20260314-0059,b8cb1d7f-b42d-4702-a7be-77db10605106,,00000000-0000-0000-0000-000000000000,2025-10-22 09:01:53,2025-10-22 09:01:53
547f1506-375f-4335-ae16-5b1957fbeb72,delivery,draft,DLV-20260314-0060,3c756bd1-0fc1-48a1-9970-a458d2e6c77e,,00000000-0000-0000-0000-000000000000,2025-06-19 09:01:53,2025-06-19 09:01:53
e4ca93df-6119-427e-a2bf-ef90878cb380,receipt,completed,RCP-20260314-0060,,21cf54a3-f093-4a78-8264-ce5cd957a791,00000000-0000-0000-0000-000000000000,2025-05-16 09:01:53,2025-05-16 09:01:53
3d3a9878-7cb4-45c0-867a-e65fb500c3ab,transfer,draft,TRF-20260314-0039,e0a4a202-36ca-4fd2-80a7-d4873dfefd4e,9f16317b-8e1b-4573-bdd2-8bc8efeb4284,00000000-0000-0000-0000-000000000000,2025-07-04 09:01:53,2025-07-04 09:01:53
92a42fee-0f72-4a76-9a5f-f47352f63e60,transfer,completed,TRF-20260314-0040,b80f46b2-a081-49e9-a9d9-05e71d2ac205,30564d77-971e-4f19-aeff-70bbd464c7e5,00000000-0000-0000-0000-000000000000,2025-03-14 09:01:53,2025-03-14 09:01:53
34633ba8-b756-41af-ae5a-b486e2c36575,delivery,completed,DLV-20260314-0061,4ff713b3-e2de-48b8-a745-bdde9faa7926,,00000000-0000-0000-0000-000000000000,2025-03-31 09:01:53,2025-03-31 09:01:53
30b04dec-7596-4aa4-ab2a-e2f5383c843f,transfer,completed,TRF-20260314-0041,1f7fd9ff-0d4f-4d57-83ad-baff899b5ffe,abe00cd3-b715-4315-9f04-21797353dcf4,00000000-0000-0000-0000-000000000000,2025-12-01 09:01:53,2025-12-01 09:01:53
acad649d-e82f-4fa0-a440-1e24a79b1445,delivery,completed,DLV-20260314-0062,c9b14af6-3114-43e4-b0a7-167f49343484,,00000000-0000-0000-0000-000000000000,2026-02-11 09:01:53,2026-02-11 09:01:53
3d020970-976a-4318-8399-2118668f6c18,delivery,completed,DLV-20260314-0063,d7b7527b-c489-4efb-a634-d8ed1817d8f2,,00000000-0000-0000-0000-000000000000,2025-11-20 09:01:53,2025-11-20 09:01:53
55fdb81c-87ee-4dab-b468-3fc491d418c6,delivery,completed,DLV-20260314-0064,86e7dfb4-19e6-4730-af8b-6b94386360ef,,00000000-0000-0000-0000-000000000000,2025-07-15 09:01:53,2025-07-15 09:01:53
cdabc779-9751-447f-a12a-f3d73015d59a,delivery,completed,DLV-20260314-0065,12aa1c11-e502-4629-831d-9bbdef2ba9d0,,00000000-0000-0000-0000-000000000000,2026-02-17 09:01:53,2026-02-17 09:01:53
4fc0e890-d4ac-4032-a564-f2d2919182b1,adjustment,draft,ADJ-20260314-0024,373f9e36-176e-4838-b517-470e8c537dbc,,00000000-0000-0000-0000-000000000000,2025-06-13 09:01:53,2025-06-13 09:01:53
a21af45a-e0a6-4d32-817f-92eff063db48,transfer,completed,TRF-20260314-0042,b49a515e-035e-42e5-bc1f-b526e4a14ed7,29292c5c-5c99-4a48-a602-7698c2ae12a9,00000000-0000-0000-0000-000000000000,2025-05-14 09:01:53,2025-05-14 09:01:53
95183a0f-07f6-4964-87cd-83abb1c1743e,delivery,completed,DLV-20260314-0066,8516a66b-bd5f-4b8e-831b-202796e558e3,,00000000-0000-0000-0000-000000000000,2025-08-08 09:01:53,2025-08-08 09:01:53
36a7c69a-a730-424a-8bd5-df18eb5cc83c,transfer,completed,TRF-20260314-0043,329fdd1e-76fb-4c1f-8307-833cb4d15ee1,6790793b-28d3-4e1e-a875-758f57a52f1e,00000000-0000-0000-0000-000000000000,2026-03-11 09:01:53,2026-03-11 09:01:53
966cdaa5-1873-4581-a2e1-a05ba5ee08d9,receipt,completed,RCP-20260314-0061,,fe3e5586-a086-47eb-9b44-77e46cdd8b2c,00000000-0000-0000-0000-000000000000,2025-07-11 09:01:53,2025-07-11 09:01:53
b5f3b6af-c82b-41e3-b3cd-ccfb993bae05,adjustment,draft,ADJ-20260314-0025,74df8347-c721-468c-9183-0c3a26f9e31d,,00000000-0000-0000-0000-000000000000,2025-09-28 09:01:53,2025-09-28 09:01:53
0789f6ed-3b72-42d0-86c3-3674fed9ff9d,receipt,completed,RCP-20260314-0062,,572b4289-cd6d-464d-93f3-dc03e70fcfe7,00000000-0000-0000-0000-000000000000,2025-09-13 09:01:53,2025-09-13 09:01:53
8b894d9d-f06d-4c4b-9587-c53e63708183,delivery,confirmed,DLV-20260314-0067,89a4d670-640d-44bd-8383-3ddd6aa5a82d,,00000000-0000-0000-0000-000000000000,2025-09-17 09:01:53,2025-09-17 09:01:53
73a169fd-dc3c-4910-9709-03e029179a9a,delivery,completed,DLV-20260314-0068,6d3923de-edd5-41a5-a3b4-2b54ed637369,,00000000-0000-0000-0000-000000000000,2026-01-04 09:01:53,2026-01-04 09:01:53
3dec8c30-cd10-4825-94c8-7ef2f17b5d38,receipt,draft,RCP-20260314-0063,,9bec517e-9e8f-4f7b-a4bd-1e0b0c2583a1,00000000-0000-0000-0000-000000000000,2025-05-27 09:01:53,2025-05-27 09:01:53
e21537bf-14b8-4c19-9459-c3102f8cb881,receipt,completed,RCP-20260314-0064,,8a48a516-7df3-404c-8b35-36130b5db6a5,00000000-0000-0000-0000-000000000000,2026-03-08 09:01:53,2026-03-08 09:01:53
053d77c3-c2c2-4199-ac25-829b9c2c3023,transfer,completed,TRF-20260314-0044,4b60369f-99f4-4656-bfbb-24e5decd43cb,6af39424-44f4-4083-bff4-6afdbb4973e4,00000000-0000-0000-0000-000000000000,2025-11-03 09:01:53,2025-11-03 09:01:53
55d32c2a-47a4-4822-a2b1-60010fcd6171,transfer,draft,TRF-20260314-0045,1c3398b7-49d0-4d59-ac31-daf966958815,49c69b07-416e-411d-8e7a-cdabc78cda94,00000000-0000-0000-0000-000000000000,2026-02-04 09:01:53,2026-02-04 09:01:53
20a162a0-8e7d-48c1-af99-1df3fcc7adef,adjustment,completed,ADJ-20260314-0026,8ef61078-07b1-423f-a17a-4e2d6235bfc1,,00000000-0000-0000-0000-000000000000,2025-07-16 09:01:53,2025-07-16 09:01:53
a4d47756-14d8-4f62-80ae-b86316543b02,delivery,draft,DLV-20260314-0069,a7a57c51-7112-490f-9ce0-647c0c82b34f,,00000000-0000-0000-0000-000000000000,2026-01-05 09:01:53,2026-01-05 09:01:53
5795e2a3-9867-45df-9e1f-d3e982cdc5e1,receipt,completed,RCP-20260314-0065,,46fafb39-b1c7-4249-837d-a28e6d44ab9b,00000000-0000-0000-0000-000000000000,2025-03-30 09:01:53,2025-03-30 09:01:53
a7d39365-2796-4ce0-8257-7d439ee6fa32,delivery,completed,DLV-20260314-0070,e0aacbce-29a3-4c09-94f3-6931d3ec9a41,,00000000-0000-0000-0000-000000000000,2025-12-16 09:01:53,2025-12-16 09:01:53
0275fc5e-f801-437d-8b71-77126193759e,receipt,draft,RCP-20260314-0066,,8134599c-724c-46db-9427-4b2c279e41b6,00000000-0000-0000-0000-000000000000,2025-10-08 09:01:53,2025-10-08 09:01:53
53591529-d1ec-42cf-8c16-158c0c20acc2,receipt,completed,RCP-20260314-0067,,caac34d8-5ae7-4d71-b389-b59cee01dedb,00000000-0000-0000-0000-000000000000,2026-01-22 09:01:53,2026-01-22 09:01:53
2149fca4-c453-4bce-ae39-0dd2cb0a8658,delivery,completed,DLV-20260314-0071,1630ed2e-9d36-46f5-9a10-004d0376cbf9,,00000000-0000-0000-0000-000000000000,2025-11-24 09:01:53,2025-11-24 09:01:53
0645237d-aa0d-4c04-97f5-5de5558c0dbc,delivery,confirmed,DLV-20260314-0072,6600f682-ac4c-4566-8e3e-6ce8cca42b6f,,00000000-0000-0000-0000-000000000000,2025-03-30 09:01:53,2025-03-30 09:01:53
83e05ed9-b763-4079-9da6-5a7ee3dc498c,adjustment,completed,ADJ-20260314-0027,681c9447-2b61-4aa7-af10-52aeb6cc4df0,,00000000-0000-0000-0000-000000000000,2025-05-18 09:01:53,2025-05-18 09:01:53
f28afe33-0b13-46a4-81d1-e29f7c69f12a,receipt,confirmed,RCP-20260314-0068,,e65da04e-9b73-43ae-b8ff-3d799c8db32a,00000000-0000-0000-0000-000000000000,2025-09-10 09:01:53,2025-09-10 09:01:53
aae7ed08-cda0-47e9-a3b6-ca1a26f55f49,delivery,draft,DLV-20260314-0073,b2c67c5f-a139-4d82-9a8d-4a626caf7bac,,00000000-0000-0000-0000-000000000000,2026-01-05 09:01:53,2026-01-05 09:01:53
256d56f0-4e7e-46ae-83a1-b630c981a101,receipt,completed,RCP-20260314-0069,,0f22ffb7-6757-4bee-8243-19596c0df9c9,00000000-0000-0000-0000-000000000000,2025-06-28 09:01:53,2025-06-28 09:01:53
22a5e2af-3a60-4aba-800a-d940671f594d,receipt,completed,RCP-20260314-0070,,ca241e9a-dff2-4f0b-87f5-bdf6e8254e32,00000000-0000-0000-0000-000000000000,2025-09-25 09:01:53,2025-09-25 09:01:53
55ba9713-b7ec-4faa-ac95-586fa90312fd,delivery,draft,DLV-20260314-0074,f7770209-7903-4f9f-91ff-9180ee45913b,,00000000-0000-0000-0000-000000000000,2025-09-01 09:01:53,2025-09-01 09:01:53
eeccc55e-e34e-4036-9371-f05ac86873fc,delivery,completed,DLV-20260314-0075,622aab1c-19b7-4137-ac1b-e50f5c14ad36,,00000000-0000-0000-0000-000000000000,2025-07-01 09:01:53,2025-07-01 09:01:53
48660fa3-e683-42f3-90cc-27ab45f08a30,delivery,draft,DLV-20260314-0076,438c74d8-0c47-4ee2-be48-c295a5e87571,,00000000-0000-0000-0000-000000000000,2025-04-18 09:01:53,2025-04-18 09:01:53
986e9c6f-beb0-42cd-bf67-530267c54a5e,transfer,confirmed,TRF-20260314-0046,c55cc4a4-e2cd-44bd-8c46-12322b97d352,b9372010-bb50-4435-80e7-bab4c0f40b5e,00000000-0000-0000-0000-000000000000,2025-05-05 09:01:53,2025-05-05 09:01:53
3ac7ffed-8bfa-432d-b21a-fee151156415,delivery,draft,DLV-20260314-0077,4e9bef29-79cc-417f-8f15-a9d0bc586808,,00000000-0000-0000-0000-000000000000,2025-09-06 09:01:53,2025-09-06 09:01:53
46627a8c-dd95-4f2f-8158-dc244fea6533,transfer,completed,TRF-20260314-0047,c5272cb5-1403-4c2e-a71b-79d7d926f7b9,487463a0-9746-4d1f-8e63-9bbb15b0c908,00000000-0000-0000-0000-000000000000,2025-06-15 09:01:53,2025-06-15 09:01:53
412a13fc-9f78-4b21-8b92-705b10fe5058,adjustment,completed,ADJ-20260314-0028,bdbb1fda-0850-4513-8b60-feb329ac37d6,,00000000-0000-0000-0000-000000000000,2026-03-14 09:01:53,2026-03-14 09:01:53
3718aae4-6d1a-40cf-a319-6e99169f5abf,transfer,completed,TRF-20260314-0048,4820779f-c03f-48c0-839e-0ca1dbe9ac3f,5115ef1c-7e24-4036-9bb4-404639606740,00000000-0000-0000-0000-000000000000,2025-04-02 09:01:53,2025-04-02 09:01:53
68ca45f7-7526-40e1-b6d3-1414418496f4,delivery,completed,DLV-20260314-0078,273ba920-3bf2-4cd0-b7bf-9234b682be5e,,00000000-0000-0000-0000-000000000000,2025-04-27 09:01:53,2025-04-27 09:01:53
8917280e-291a-44ad-8572-be1134931710,delivery,completed,DLV-20260314-0079,554f92c3-104f-409d-a7a2-51590c78e08a,,00000000-0000-0000-0000-000000000000,2026-01-07 09:01:53,2026-01-07 09:01:53
0ff50767-0bce-4521-a09c-7e5ff2530954,delivery,completed,DLV-20260314-0080,cffc0aa3-74dc-4014-b703-85c43540627a,,00000000-0000-0000-0000-000000000000,2025-10-02 09:01:53,2025-10-02 09:01:53
538177c8-e11e-4a9c-be84-73716bca9be4,receipt,draft,RCP-20260314-0071,,c56694d9-ceb8-448a-ba45-17c8e1fdff2b,00000000-0000-0000-0000-000000000000,2025-08-17 09:01:53,2025-08-17 09:01:53
95c898d4-ca61-44fb-9edc-ef02dc9d4af5,adjustment,draft,ADJ-20260314-0029,3f9486db-5b78-4feb-97ef-5fdba0479cac,,00000000-0000-0000-0000-000000000000,2025-07-05 09:01:53,2025-07-05 09:01:53
f05f075a-ed59-404d-b128-b56dc2546336,transfer,completed,TRF-20260314-0049,ec94ab36-0ab2-4a7e-80f0-243adf3e0a48,650d3fa9-d7b6-407b-bd7e-2409cd9da9a1,00000000-0000-0000-0000-000000000000,2025-12-08 09:01:53,2025-12-08 09:01:53
54876c57-ad34-441c-84e7-dbe23dc7c71d,receipt,draft,RCP-20260314-0072,,3b3ef0b0-a8bc-4f45-9e87-870ff6011203,00000000-0000-0000-0000-000000000000,2025-08-26 09:01:53,2025-08-26 09:01:53
4e730174-edaf-4aa1-9f2a-51a567262655,transfer,confirmed,TRF-20260314-0050,73d2d425-4518-4493-bd4f-9f9d06da5f88,c9b14af6-3114-43e4-b0a7-167f49343484,00000000-0000-0000-0000-000000000000,2025-07-17 09:01:53,2025-07-17 09:01:53
f3840740-7721-48ce-9e47-a51b5d0f4634,delivery,completed,DLV-20260314-0081,56487998-a3a0-46fa-ad40-bd0750c206e4,,00000000-0000-0000-0000-000000000000,2025-12-26 09:01:53,2025-12-26 09:01:53
f2ad7b69-2951-4a4c-a82f-019e76cc91fd,receipt,completed,RCP-20260314-0073,,be80a638-6e5c-46e3-aaa8-3d5220b77670,00000000-0000-0000-0000-000000000000,2026-01-28 09:01:53,2026-01-28 09:01:53
8ee03454-ec38-415c-97a5-cdb9d3e0ed27,transfer,draft,TRF-20260314-0051,a8a9426f-9ec3-475e-961f-4d1034d618c5,708f8413-41f6-4f39-b0c3-0853b37a15c4,00000000-0000-0000-0000-000000000000,2026-01-14 09:01:53,2026-01-14 09:01:53
cc794b4d-f65b-4db4-944b-b2c06a45bf1c,delivery,completed,DLV-20260314-0082,d425acb9-2fd8-472a-8f3c-f620e9c6d0ad,,00000000-0000-0000-0000-000000000000,2025-07-25 09:01:53,2025-07-25 09:01:53
07f16420-f529-4d78-8deb-45332b39c5c2,receipt,completed,RCP-20260314-0074,,17000fae-bea5-4895-9ec0-83e7bbb99a31,00000000-0000-0000-0000-000000000000,2025-05-09 09:01:53,2025-05-09 09:01:53
bc85cd7b-d398-4097-9b25-321c743fbb5c,transfer,completed,TRF-20260314-0052,2327c07e-b218-4447-a9f9-f349cad1f895,4097fdb8-092e-4a23-a38c-ba24be76b4df,00000000-0000-0000-0000-000000000000,2026-01-29 09:01:53,2026-01-29 09:01:53
f174cf70-e026-4759-9292-e30077f14e2a,delivery,confirmed,DLV-20260314-0083,17103ec8-f442-420e-9806-c15fc2ee5a98,,00000000-0000-0000-0000-000000000000,2025-05-10 09:01:53,2025-05-10 09:01:53
9537b941-06e0-4822-86bc-afc123684792,delivery,completed,DLV-20260314-0084,76875cac-492b-4aa8-8aec-bb8ea79404c3,,00000000-0000-0000-0000-000000000000,2025-06-29 09:01:53,2025-06-29 09:01:53
298927bd-a1c9-470b-9dc7-545601dadf64,adjustment,completed,ADJ-20260314-0030,a3c6de0a-363b-4495-bf13-ca79482e585c,,00000000-0000-0000-0000-000000000000,2025-10-19 09:01:53,2025-10-19 09:01:53
71b52766-1400-4cbb-b9e8-3b418230553e,delivery,completed,DLV-20260314-0085,9ec53fa1-a746-4dc7-87a6-3231d69d6659,,00000000-0000-0000-0000-000000000000,2025-08-24 09:01:53,2025-08-24 09:01:53
3deafebb-c0ca-48f6-822c-786fc87a9a6e,receipt,completed,RCP-20260314-0075,,e5ae6f9a-8dc9-4a8d-9cbd-f22c85b38b39,00000000-0000-0000-0000-000000000000,2026-01-24 09:01:53,2026-01-24 09:01:53
71c5b92c-ce54-4868-af47-be0004af3420,receipt,completed,RCP-20260314-0076,,99ae8444-1414-4caa-a8b5-e56b5eaf1fa2,00000000-0000-0000-0000-000000000000,2026-02-08 09:01:53,2026-02-08 09:01:53
b6bdd4bc-510d-400c-bd60-76ea6a1cb886,delivery,completed,DLV-20260314-0086,c9c210fe-8f36-41b8-9fc9-20a4c0368c0d,,00000000-0000-0000-0000-000000000000,2026-02-27 09:01:53,2026-02-27 09:01:53
bc8bd506-5ce6-4185-a75e-23cbeed35ca6,receipt,draft,RCP-20260314-0077,,73e5c44a-bb7f-41e7-adae-24b538c00fac,00000000-0000-0000-0000-000000000000,2025-12-10 09:01:53,2025-12-10 09:01:53
a20fe118-50c7-4bca-8253-ded7f979cc7d,receipt,draft,RCP-20260314-0078,,104a072c-6ec5-4ac5-9276-547abc742fe3,00000000-0000-0000-0000-000000000000,2025-03-27 09:01:53,2025-03-27 09:01:53
c9c91b6b-3800-4a1a-9294-5108230f65f3,delivery,confirmed,DLV-20260314-0087,3157791c-47de-4f53-8860-124c06dca909,,00000000-0000-0000-0000-000000000000,2025-08-31 09:01:53,2025-08-31 09:01:53
909a3a95-9322-4404-9c96-9c1bfa6dea15,delivery,completed,DLV-20260314-0088,f4658670-f362-4d14-9e0b-628d0db2ac7f,,00000000-0000-0000-0000-000000000000,2025-09-08 09:01:53,2025-09-08 09:01:53
0dda8ed3-7d1d-4dd8-b654-dc92af8f0bfb,adjustment,completed,ADJ-20260314-0031,6bec2c0e-ef01-4907-a221-5b12d90bac65,,00000000-0000-0000-0000-000000000000,2025-10-28 09:01:53,2025-10-28 09:01:53
19338ad5-181c-4c7f-b722-a3cecf725f3f,transfer,completed,TRF-20260314-0053,86cfc883-c6f8-4496-93da-00bd4edda6fe,75446a9f-bceb-4134-9fd2-26dd3acac2bd,00000000-0000-0000-0000-000000000000,2025-04-03 09:01:53,2025-04-03 09:01:53
675d0864-0960-4cfd-adb3-727c1c64d2c2,delivery,draft,DLV-20260314-0089,747e0f47-053a-46ac-821c-84edb5ee13c8,,00000000-0000-0000-0000-000000000000,2026-02-03 09:01:53,2026-02-03 09:01:53
1c447c3d-d5d2-4309-8f1e-9dfa49c48d33,delivery,completed,DLV-20260314-0090,22a8c219-6d77-4a32-82a5-af3003e51b34,,00000000-0000-0000-0000-000000000000,2025-05-05 09:01:53,2025-05-05 09:01:53
a8f95f6d-aaa0-45ed-8d9c-313d32229a0c,transfer,confirmed,TRF-20260314-0054,97fc80a3-9c8a-43cd-b975-ee9748a6c15d,1238c163-4644-4b67-8ef5-6ad9a3e3ba5d,00000000-0000-0000-0000-000000000000,2025-08-24 09:01:53,2025-08-24 09:01:53
32fecca1-959f-4d08-b3ee-3cc756c69737,receipt,confirmed,RCP-20260314-0079,,20b1f99b-d35d-4bac-8a47-6a6d2ac76b77,00000000-0000-0000-0000-000000000000,2025-08-19 09:01:53,2025-08-19 09:01:53
b24bc481-e315-45e6-8478-eed13f36776d,adjustment,completed,ADJ-20260314-0032,6a8351ca-4116-4660-8fd6-ac87e02fb72b,,00000000-0000-0000-0000-000000000000,2025-07-21 09:01:53,2025-07-21 09:01:53
aef3b430-d0fe-4fb5-9d63-d13716ee9126,adjustment,completed,ADJ-20260314-0033,a01bf5fd-fc55-47aa-9bb0-fc6017e1f474,,00000000-0000-0000-0000-000000000000,2025-05-20 09:01:53,2025-05-20 09:01:53
7789b724-f6ed-4e2b-ada4-13d38dbb3880,transfer,draft,TRF-20260314-0055,54e563b1-4126-4af6-b354-000609710f6a,75ad1ff2-9a7b-4c6a-b9df-d0acb47217a3,00000000-0000-0000-0000-000000000000,2025-05-06 09:01:53,2025-05-06 09:01:53
c7054ed1-150a-4c0d-8bf6-06829d45b79e,transfer,completed,TRF-20260314-0056,6926019a-d321-487e-a55f-dfa941c459c3,7a09b197-007f-4229-bdb0-ccc4c7e6cb6d,00000000-0000-0000-0000-000000000000,2025-12-04 09:01:53,2025-12-04 09:01:53
03eab94e-b3e6-47bd-926c-521678154e4f,adjustment,draft,ADJ-20260314-0034,8ba1782d-5cde-4611-8e88-5eee3a0dddfe,,00000000-0000-0000-0000-000000000000,2025-09-23 09:01:53,2025-09-23 09:01:53
5b89a054-1c96-4881-9b5b-b8daa3632229,delivery,completed,DLV-20260314-0091,e059b484-f5c8-40b6-bf2f-3c72cbd3904f,,00000000-0000-0000-0000-000000000000,2025-07-11 09:01:53,2025-07-11 09:01:53
5c38bc06-386e-498f-8eac-2e6708a7742c,receipt,draft,RCP-20260314-0080,,0bb326ed-9ce5-40d6-adb1-54f27e33c03e,00000000-0000-0000-0000-000000000000,2025-10-27 09:01:53,2025-10-27 09:01:53
95197ce8-3e2a-4792-af2b-51f793327fe2,receipt,draft,RCP-20260314-0081,,c0f376d8-fee1-406a-ba92-07fc39119fa6,00000000-0000-0000-0000-000000000000,2025-11-05 09:01:53,2025-11-05 09:01:53
c309b73f-5cc3-4ff8-babd-a4042ad56ab4,receipt,completed,RCP-20260314-0082,,449e8c92-22b8-40df-99cc-d9d8da353c9b,00000000-0000-0000-0000-000000000000,2025-10-30 09:01:53,2025-10-30 09:01:53
0ddf9a87-db63-481d-b5ac-66179fdf45a7,delivery,completed,DLV-20260314-0092,f1f5a131-13d7-47d8-9a17-f5481af96cf1,,00000000-0000-0000-0000-000000000000,2025-11-12 09:01:53,2025-11-12 09:01:53
534afed8-8642-4a3d-83ca-c5882d4d1fd4,receipt,completed,RCP-20260314-0083,,8a291e19-89a3-4055-baad-c2de568f28f5,00000000-0000-0000-0000-000000000000,2026-03-07 09:01:53,2026-03-07 09:01:53
d763963b-b94e-4bf5-8b1a-755b47207093,receipt,completed,RCP-20260314-0084,,ccc8b311-ff2c-4b75-a68d-7f90428091e0,00000000-0000-0000-0000-000000000000,2025-08-13 09:01:53,2025-08-13 09:01:53
070accf4-b922-407b-bedc-50a35d7b1d53,transfer,completed,TRF-20260314-0057,1fbdd8df-ab81-4524-af0c-8c11c2b421a9,7b753fbe-e200-41fa-8429-1ec7c6194d5a,00000000-0000-0000-0000-000000000000,2026-01-15 09:01:53,2026-01-15 09:01:53
8b4dd5f4-bb3b-4676-8106-67fc0c5eceff,receipt,draft,RCP-20260314-0085,,51844bac-8243-4c75-8c5d-34d64802fa77,00000000-0000-0000-0000-000000000000,2025-09-18 09:01:53,2025-09-18 09:01:53
46e7b0e7-ca89-4411-82ce-00a6353f9c33,transfer,completed,TRF-20260314-0058,cadeba22-56aa-4a7a-9747-967ed600f822,b893c0a6-d686-4541-a3f4-fa046e36fe7f,00000000-0000-0000-0000-000000000000,2025-05-22 09:01:53,2025-05-22 09:01:53
ad90fe3b-3be7-4037-aed9-38c0f0c0fe53,delivery,draft,DLV-20260314-0093,be80a638-6e5c-46e3-aaa8-3d5220b77670,,00000000-0000-0000-0000-000000000000,2025-07-16 09:01:53,2025-07-16 09:01:53
22ae0f05-60e4-4713-b516-6af354d81dc0,transfer,completed,TRF-20260314-0059,b938c24f-cdd2-48d1-bba6-00663dfc69a0,01b253ff-1b90-455b-bf6a-dfa0d68dc35c,00000000-0000-0000-0000-000000000000,2025-11-11 09:01:53,2025-11-11 09:01:53
5bcca84f-fd6e-435d-9000-169a738b642f,delivery,draft,DLV-20260314-0094,5f173870-d523-4df4-9232-1bab1b0f8a8a,,00000000-0000-0000-0000-000000000000,2025-07-25 09:01:53,2025-07-25 09:01:53
8d472649-6c01-492c-9c02-e869c80e25f4,delivery,draft,DLV-20260314-0095,71e94201-3958-410e-9ca3-1886e612e28e,,00000000-0000-0000-0000-000000000000,2025-03-15 09:01:53,2025-03-15 09:01:53
c045f365-8233-41f6-b8e5-bd071e962b6d,delivery,draft,DLV-20260314-0096,e9f65818-9fbb-427d-a783-95ff7124cbe5,,00000000-0000-0000-0000-000000000000,2025-07-05 09:01:53,2025-07-05 09:01:53
bb86e937-e5b8-41ef-ae5d-03db69890a0d,transfer,completed,TRF-20260314-0060,c503877d-f8ed-4863-a2d3-80beb9d1751a,9dfb5d2b-d190-4495-9509-39bfc1e8f72c,00000000-0000-0000-0000-000000000000,2025-05-16 09:01:53,2025-05-16 09:01:53
54972b28-9a95-48db-9578-557b0bbdbced,delivery,confirmed,DLV-20260314-0097,d994d80f-30fe-4698-b371-2a9089095d50,,00000000-0000-0000-0000-000000000000,2025-12-23 09:01:53,2025-12-23 09:01:53
6b5455ce-7200-4c88-9f6a-531eaf262422,transfer,completed,TRF-20260314-0061,f8a8a456-7aa1-47e0-9272-65859940bbb6,edb80f22-c87d-4226-9607-b508dcbf7d35,00000000-0000-0000-0000-000000000000,2025-05-18 09:01:53,2025-05-18 09:01:53
9a7bd361-e6fd-49ab-a941-85dd84ea194e,receipt,draft,RCP-20260314-0086,,473faae5-04ab-4bdf-9724-e3248c85edc6,00000000-0000-0000-0000-000000000000,2026-01-23 09:01:53,2026-01-23 09:01:53
5adb2f1a-a3ce-474b-a097-f36e05b2df7e,adjustment,completed,ADJ-20260314-0035,35f0b762-1ec4-4df4-b85f-732ad38b5105,,00000000-0000-0000-0000-000000000000,2025-06-25 09:01:53,2025-06-25 09:01:53
b090e531-1b7c-4b42-8e88-5d43aed376c6,transfer,completed,TRF-20260314-0062,7b57c9b6-c9f9-49e0-bffc-cff24f700341,6bcb6b72-c1c7-43b3-9d82-566eec3f8fc8,00000000-0000-0000-0000-000000000000,2025-07-30 09:01:53,2025-07-30 09:01:53
17e5f0ef-1ece-4d6c-83d6-000a9f13afdf,adjustment,completed,ADJ-20260314-0036,9a94d750-088a-4ee1-a1b7-2bcf458e4ad4,,00000000-0000-0000-0000-000000000000,2025-10-05 09:01:53,2025-10-05 09:01:53
ececadeb-a860-4479-9095-4b84cb84883c,delivery,completed,DLV-20260314-0098,e4f690a8-c025-4683-9617-df653ca1e51b,,00000000-0000-0000-0000-000000000000,2025-04-28 09:01:53,2025-04-28 09:01:53
cecb89b7-db8a-4823-ad86-6e530bacc63e,transfer,completed,TRF-20260314-0063,cd290ec7-1fba-4a1b-8a78-2b885df7768b,e9f0da55-63ff-4434-ba4c-a0c7ef1efd2d,00000000-0000-0000-0000-000000000000,2025-06-20 09:01:53,2025-06-20 09:01:53
8643c951-dca2-479b-a39b-0c748f0c7977,delivery,completed,DLV-20260314-0099,32dcfbb7-f9c3-4fe9-b20c-e3c34c21cdd1,,00000000-0000-0000-0000-000000000000,2025-03-16 09:01:53,2025-03-16 09:01:53
c799d6ae-be58-451e-805b-aebc499c8964,delivery,completed,DLV-20260314-0100,8e7831a9-bcf0-4fad-9de6-6b21ec225dca,,00000000-0000-0000-0000-000000000000,2025-05-18 09:01:53,2025-05-18 09:01:53
27300c2f-e488-401c-b405-8c46b3c6d2c1,delivery,completed,DLV-20260314-0101,0be02120-15ea-4874-9724-336ae3d05808,,00000000-0000-0000-0000-000000000000,2025-12-28 09:01:53,2025-12-28 09:01:53
a8b2e734-9836-43ea-b1b8-1f189ee6e05c,receipt,completed,RCP-20260314-0087,,f33b26ac-50f8-45bd-a290-1f4eebbfff8b,00000000-0000-0000-0000-000000000000,2025-09-29 09:01:53,2025-09-29 09:01:53
be36c314-1862-45cb-8e46-76a2ebc0af35,transfer,completed,TRF-20260314-0064,9dbc0d05-88b2-4b88-ac07-9b9b820f24f0,65cd7653-5cc4-4970-9cd6-d31393a7c890,00000000-0000-0000-0000-000000000000,2025-03-19 09:01:53,2025-03-19 09:01:53
76def057-39b1-4815-916f-217e50a894d8,delivery,completed,DLV-20260314-0102,dae07177-238b-437e-9c6b-82633ceee2c0,,00000000-0000-0000-0000-000000000000,2025-06-11 09:01:53,2025-06-11 09:01:53
a64cb9a7-ae61-44c8-a690-8c938d494a6d,delivery,draft,DLV-20260314-0103,2b7e225a-edf2-44e1-8d8b-c979408c6cad,,00000000-0000-0000-0000-000000000000,2025-04-22 09:01:53,2025-04-22 09:01:53
107ba286-cccb-45bf-b393-27c54069411f,delivery,completed,DLV-20260314-0104,63e959f2-3db0-4b97-a212-b7f1230a0459,,00000000-0000-0000-0000-000000000000,2025-11-13 09:01:53,2025-11-13 09:01:53
06a10feb-a250-4c97-a310-b6f16b75b1dc,adjustment,completed,ADJ-20260314-0037,b4c98260-1b16-4348-a801-88a4aab5d8c3,,00000000-0000-0000-0000-000000000000,2025-06-08 09:01:53,2025-06-08 09:01:53
d8f255f8-36ca-45c7-bb10-ef4e634540ba,transfer,draft,TRF-20260314-0065,0444dbe7-8d7d-44d2-9d48-c6a7bb14c91a,2ad5180c-2a60-46f1-8039-8485a47ab7e7,00000000-0000-0000-0000-000000000000,2025-06-17 09:01:53,2025-06-17 09:01:53
d08a3022-7215-4cb1-89f4-585344075175,receipt,draft,RCP-20260314-0088,,374ff3fa-ad1e-4325-9ba6-2ec3eec12f40,00000000-0000-0000-0000-000000000000,2026-03-03 09:01:53,2026-03-03 09:01:53
f2d68e83-340b-4f5d-b786-a498ebe8b08b,receipt,completed,RCP-20260314-0089,,ac3f62dc-ea14-4da8-9930-68f8bcfb0991,00000000-0000-0000-0000-000000000000,2025-03-15 09:01:53,2025-03-15 09:01:53
03a5cdd7-08f7-4d18-82de-7dd080c1fd6d,transfer,completed,TRF-20260314-0066,832b4517-b3ef-4883-867b-ea5e34c4d76a,5b58f162-5283-4fa2-a5c2-68a0c5c741d4,00000000-0000-0000-0000-000000000000,2025-09-24 09:01:53,2025-09-24 09:01:53
109db06f-5e52-4bac-820d-fb598e20cf49,adjustment,confirmed,ADJ-20260314-0038,e57ed89f-70ef-4948-a300-e0e91f8cfe0a,,00000000-0000-0000-0000-000000000000,2025-09-01 09:01:53,2025-09-01 09:01:53
9443a931-59fe-49d4-9d00-48b3d315b923,transfer,completed,TRF-20260314-0067,878cb878-e2d0-4d0c-a074-405b556f6691,3e4c45cf-f873-4b7c-82fb-26a55e637cf6,00000000-0000-0000-0000-000000000000,2025-07-03 09:01:53,2025-07-03 09:01:53
977a4e8d-7a3b-48ea-bdfb-062575e5f6af,delivery,draft,DLV-20260314-0105,e6b71d11-b032-4a1d-8cf9-f2aaa49c16d6,,00000000-0000-0000-0000-000000000000,2026-01-06 09:01:53,2026-01-06 09:01:53
099e8793-3ae6-45c6-960a-5060ffa2009d,delivery,completed,DLV-20260314-0106,ed5aef8a-78e6-41e0-963a-2141613926ac,,00000000-0000-0000-0000-000000000000,2026-01-30 09:01:53,2026-01-30 09:01:53
6dad29d6-3bff-44f6-94ee-fe4c4486034c,transfer,draft,TRF-20260314-0068,6cda4935-b066-4283-a731-775032d8d523,6919e7bf-07ad-4135-b462-e0486bc8363a,00000000-0000-0000-0000-000000000000,2025-08-19 09:01:53,2025-08-19 09:01:53
e88d0a32-0f49-487b-9cce-912cd3b8f7b3,adjustment,completed,ADJ-20260314-0039,ee36fab2-1e91-4dc0-801a-01a88c1dd186,,00000000-0000-0000-0000-000000000000,2026-01-07 09:01:53,2026-01-07 09:01:53
717893ef-034b-4d77-b1e7-2a6fb738701c,delivery,completed,DLV-20260314-0107,dea7c883-4b83-4235-aa0d-10f977296f59,,00000000-0000-0000-0000-000000000000,2026-03-12 09:01:53,2026-03-12 09:01:53
f756961a-b53f-446d-a2b2-9d79326f440d,adjustment,draft,ADJ-20260314-0040,5a054be3-79c9-4f99-b72d-a6353d58c883,,00000000-0000-0000-0000-000000000000,2025-07-13 09:01:53,2025-07-13 09:01:53
bf53ebb2-05c3-4a77-a84a-4373b3e06d1b,delivery,completed,DLV-20260314-0108,efe1f88a-9fba-4ff6-87f8-26e7a9458cf6,,00000000-0000-0000-0000-000000000000,2025-09-15 09:01:53,2025-09-15 09:01:53
a2d48df1-5e86-4a58-8804-560dd1f47dd4,adjustment,completed,ADJ-20260314-0041,4168d667-cef6-41e9-a86f-dc934214aebf,,00000000-0000-0000-0000-000000000000,2025-03-25 09:01:54,2025-03-25 09:01:54
05bdecb2-8b05-4bac-a145-e2ee9a2e3a0f,delivery,completed,DLV-20260314-0109,b575fbb4-7119-4659-ac99-eb59db22d346,,00000000-0000-0000-0000-000000000000,2026-01-06 09:01:54,2026-01-06 09:01:54
f81b6e1e-e47f-4010-831c-a51797a4684b,transfer,completed,TRF-20260314-0069,24542991-1675-4373-bbdc-e673a2474c47,b983728e-b980-407b-86b4-6561f9d8645f,00000000-0000-0000-0000-000000000000,2025-05-25 09:01:54,2025-05-25 09:01:54
a33a6cb9-1fbc-48e2-86ee-bff8fdbef3c2,adjustment,completed,ADJ-20260314-0042,65cd7653-5cc4-4970-9cd6-d31393a7c890,,00000000-0000-0000-0000-000000000000,2025-04-16 09:01:54,2025-04-16 09:01:54
0d3f1548-6295-406f-970e-adec249cab7a,receipt,draft,RCP-20260314-0090,,75872380-4a7a-46b1-b292-909732423fcc,00000000-0000-0000-0000-000000000000,2025-03-29 09:01:54,2025-03-29 09:01:54
cf494691-8cfa-4f1a-bf1b-7ba217db1b12,delivery,completed,DLV-20260314-0110,66505021-4223-4d33-88eb-49aac894ea50,,00000000-0000-0000-0000-000000000000,2025-12-18 09:01:54,2025-12-18 09:01:54
7973ec6a-8762-4714-84e0-8bad9ae7c7f8,delivery,completed,DLV-20260314-0111,443d9293-119a-4c12-aec1-3ec5a2d79ec0,,00000000-0000-0000-0000-000000000000,2026-01-12 09:01:54,2026-01-12 09:01:54
cd88465d-503c-401d-80ed-9bb33c4b301e,receipt,completed,RCP-20260314-0091,,88c4d5b8-557c-4783-b6c9-f209453bc982,00000000-0000-0000-0000-000000000000,2025-11-11 09:01:54,2025-11-11 09:01:54
16d1edbf-e5a5-4f2a-a558-688a4b801437,adjustment,draft,ADJ-20260314-0043,a9b471ea-4391-46a1-b094-9ce61844d42d,,00000000-0000-0000-0000-000000000000,2025-05-29 09:01:54,2025-05-29 09:01:54
b9e186b6-284e-488a-83b8-0d0febbde1fb,transfer,draft,TRF-20260314-0070,3e6ab23a-c8a9-4228-82db-3c419fb31765,22e219db-6b61-416d-a703-1b93c5c47af0,00000000-0000-0000-0000-000000000000,2026-01-28 09:01:54,2026-01-28 09:01:54
fce18691-b7f0-4f03-9a17-b3725796f3cb,transfer,completed,TRF-20260314-0071,60206093-1474-473f-bf2a-b78e21b330ca,def5da4c-4309-4c10-904a-0292372960c3,00000000-0000-0000-0000-000000000000,2025-08-03 09:01:54,2025-08-03 09:01:54
91f4a43d-0525-4e02-8cf1-796af3f7efb0,delivery,draft,DLV-20260314-0112,d181f534-3c30-491a-91ba-2103e4106878,,00000000-0000-0000-0000-000000000000,2025-08-23 09:01:54,2025-08-23 09:01:54
c2245c72-c306-4559-b82d-259561c707c4,adjustment,confirmed,ADJ-20260314-0044,f4589974-4f17-4799-98a1-5d9c9ec5bc08,,00000000-0000-0000-0000-000000000000,2026-03-06 09:01:54,2026-03-06 09:01:54
01c6a606-ce37-4fb1-be9f-a25d7c8ada3a,transfer,completed,TRF-20260314-0072,d8d0cbb4-ea0e-4d1a-b05b-e813028f5383,c8be1539-c28c-4e0e-a669-2d11b739d903,00000000-0000-0000-0000-000000000000,2025-08-09 09:01:54,2025-08-09 09:01:54
c60706bf-c716-4b62-8da1-0ba2db86190a,receipt,completed,RCP-20260314-0092,,22c1eb3d-3d1f-4969-9dfe-2d79c0985260,00000000-0000-0000-0000-000000000000,2025-05-17 09:01:54,2025-05-17 09:01:54
78f78773-052a-478a-a832-f481cd9cfff0,receipt,completed,RCP-20260314-0093,,1adc1430-1bcf-41bf-8b36-3c0c70501918,00000000-0000-0000-0000-000000000000,2025-07-21 09:01:54,2025-07-21 09:01:54
a3d7502b-d640-4cab-b2e1-11ebdf7518ad,delivery,completed,DLV-20260314-0113,e25e8040-1c78-4866-9db3-90069d39c0ae,,00000000-0000-0000-0000-000000000000,2026-01-12 09:01:54,2026-01-12 09:01:54
8ed1d506-d86c-484d-a663-12e0d1a1627c,transfer,completed,TRF-20260314-0073,b7ba428e-b333-436b-a123-d1a0789ce555,68ef13a6-409b-4030-b1ff-ddb3b033437e,00000000-0000-0000-0000-000000000000,2025-04-15 09:01:54,2025-04-15 09:01:54
9fba6434-fd09-4f48-9477-32986b6e913a,delivery,completed,DLV-20260314-0114,de439d7d-c1d2-4f6c-8c4b-6216a4734eda,,00000000-0000-0000-0000-000000000000,2025-08-16 09:01:54,2025-08-16 09:01:54
272e4c3b-4c87-4e24-8604-6583f25b3533,transfer,completed,TRF-20260314-0074,adf8a8ea-edac-4788-b8ad-77d45be1a402,2b0473f5-6108-4809-aeb0-d1d1da50c638,00000000-0000-0000-0000-000000000000,2025-11-26 09:01:54,2025-11-26 09:01:54
10845b41-e402-4633-92c8-b88f95411d93,transfer,completed,TRF-20260314-0075,c83c8321-1786-4ad7-a172-53a5993d1354,414bfc63-10b2-4afc-9e05-5d19e07c45aa,00000000-0000-0000-0000-000000000000,2025-06-17 09:01:54,2025-06-17 09:01:54
33fdad76-30b6-4003-8356-ceb6a83c7fee,delivery,completed,DLV-20260314-0115,6b309477-5eb4-4d17-a205-3c9f840db6cf,,00000000-0000-0000-0000-000000000000,2025-09-29 09:01:54,2025-09-29 09:01:54
44adee35-a502-4a74-905d-711d5a2dc87b,receipt,completed,RCP-20260314-0094,,9d492bc4-17fb-439b-ae2a-ed974d7d8359,00000000-0000-0000-0000-000000000000,2025-12-04 09:01:54,2025-12-04 09:01:54
ba672f7e-e928-4de8-80ad-d18612f6facf,receipt,confirmed,RCP-20260314-0095,,ee7dc91a-8149-4a35-bcdb-d9c5cd820328,00000000-0000-0000-0000-000000000000,2025-11-30 09:01:54,2025-11-30 09:01:54
477a6b8e-b932-46a2-97cf-6507d413efbf,receipt,completed,RCP-20260314-0096,,c55cc4a4-e2cd-44bd-8c46-12322b97d352,00000000-0000-0000-0000-000000000000,2025-05-23 09:01:54,2025-05-23 09:01:54
e84bfeae-3fe0-4641-9cff-46859a516048,receipt,completed,RCP-20260314-0097,,1d7b96dd-54d0-440f-b046-689fbf74f9e0,00000000-0000-0000-0000-000000000000,2025-07-06 09:01:54,2025-07-06 09:01:54
7f7205e2-386e-4744-9f65-468463abb690,receipt,completed,RCP-20260314-0098,,565d4c88-7f7d-45d7-b669-3b8ee598094a,00000000-0000-0000-0000-000000000000,2025-07-16 09:01:54,2025-07-16 09:01:54
3cd9672d-e27a-4713-bfc1-0ceea1392dbb,adjustment,completed,ADJ-20260314-0045,d02ef840-5346-418d-bdd8-431ca09636b5,,00000000-0000-0000-0000-000000000000,2026-02-13 09:01:54,2026-02-13 09:01:54
43b6e9d6-4396-49fe-be26-684a4a93d0a6,delivery,completed,DLV-20260314-0116,e07043d4-1ec8-4f6f-bd99-5e97b0399ea2,,00000000-0000-0000-0000-000000000000,2026-02-21 09:01:54,2026-02-21 09:01:54
292459ea-2c97-477b-9480-51f8c82eeab8,receipt,completed,RCP-20260314-0099,,b428e87c-55a9-4e05-82ad-c4f136dc8633,00000000-0000-0000-0000-000000000000,2025-04-12 09:01:54,2025-04-12 09:01:54
658e0eaa-e540-4a20-966d-6603c0a1d546,receipt,completed,RCP-20260314-0100,,8f91b8e3-f215-4b4d-8e1f-0d523dad8a7d,00000000-0000-0000-0000-000000000000,2025-04-03 09:01:54,2025-04-03 09:01:54
651a54a7-3ec6-453c-9c19-b73e4d806090,delivery,completed,DLV-20260314-0117,a8def99c-85ee-4e18-904c-801d8b5685bb,,00000000-0000-0000-0000-000000000000,2025-09-15 09:01:54,2025-09-15 09:01:54
f55c3164-d2b5-462f-b618-b6e9391114ca,delivery,completed,DLV-20260314-0118,473514a1-cad8-49f3-b47e-b5ed83b8a534,,00000000-0000-0000-0000-000000000000,2025-09-09 09:01:54,2025-09-09 09:01:54
b90e4cd5-5f95-4d7d-8976-2cc129147209,transfer,completed,TRF-20260314-0076,9c0f0a14-eecb-42a1-be2e-68c18a0b87dd,47d05ab9-d69c-4f37-ba55-a819d5b8274a,00000000-0000-0000-0000-000000000000,2025-12-13 09:01:54,2025-12-13 09:01:54
ada5143d-8d4f-4766-ba06-fbaf19492465,delivery,draft,DLV-20260314-0119,bae23b69-839c-4dce-a785-db18366bb43d,,00000000-0000-0000-0000-000000000000,2025-04-26 09:01:54,2025-04-26 09:01:54
12495e25-4041-408d-b82c-99221bb51134,receipt,draft,RCP-20260314-0101,,a8af45b4-d6fd-4a6b-85c7-47889436f493,00000000-0000-0000-0000-000000000000,2025-12-07 09:01:54,2025-12-07 09:01:54
dca976fa-60b9-424a-96f6-7f5f3b2c3ff7,delivery,completed,DLV-20260314-0120,4df34563-d7e0-47a7-95aa-d01fa06863ee,,00000000-0000-0000-0000-000000000000,2025-09-22 09:01:54,2025-09-22 09:01:54
6e025af3-2899-44a9-b12f-84d8815d7d25,transfer,draft,TRF-20260314-0077,e4449fd0-d6ef-4fa0-8f14-6b5cb740c280,491b0895-9587-441d-b307-36fb5b8e18d4,00000000-0000-0000-0000-000000000000,2025-08-20 09:01:54,2025-08-20 09:01:54
057ed2a8-2826-472b-b266-768223fa2983,transfer,confirmed,TRF-20260314-0078,22c1eb3d-3d1f-4969-9dfe-2d79c0985260,1e28c846-b22e-4d8a-b432-ebfa3a528234,00000000-0000-0000-0000-000000000000,2026-01-07 09:01:54,2026-01-07 09:01:54
f9c165f7-11d0-4f46-8b4b-70bd361a1c66,receipt,draft,RCP-20260314-0102,,1b29222d-9d92-4bf8-961f-295e1ed76998,00000000-0000-0000-0000-000000000000,2025-12-14 09:01:54,2025-12-14 09:01:54
17605e02-d32c-40f3-be19-2ad8e1a0348d,adjustment,draft,ADJ-20260314-0046,30acb5aa-3f0a-4cb7-bc01-6f97c9f5e5f9,,00000000-0000-0000-0000-000000000000,2025-06-20 09:01:54,2025-06-20 09:01:54
021811ea-b74f-40d9-9bac-21bd5b6656c1,delivery,draft,DLV-20260314-0121,0468b7f4-5141-4144-9c27-fd3fc24770d3,,00000000-0000-0000-0000-000000000000,2025-09-29 09:01:54,2025-09-29 09:01:54
1d896f36-e6e9-499f-b06d-b5ccff8505fe,delivery,completed,DLV-20260314-0122,ed817c3a-790b-4078-b3d6-ff1d9852b134,,00000000-0000-0000-0000-000000000000,2025-09-18 09:01:54,2025-09-18 09:01:54
d5453a0d-6f36-4d57-aaab-1c58be703776,adjustment,completed,ADJ-20260314-0047,995f51f6-6684-4d1d-bf53-1080134d1da5,,00000000-0000-0000-0000-000000000000,2025-12-13 09:01:54,2025-12-13 09:01:54
020a8026-fd38-4795-951d-fbb26602a733,delivery,completed,DLV-20260314-0123,803194c1-a621-45c8-aa94-c164a0f59559,,00000000-0000-0000-0000-000000000000,2026-02-01 09:01:54,2026-02-01 09:01:54
8bb10d37-2ca1-4b75-b146-be835ec8e6d3,transfer,completed,TRF-20260314-0079,f64e9da1-3828-4d78-a658-07d72f9391f0,6b2e4827-eb03-4504-a7a2-afd786f70c6e,00000000-0000-0000-0000-000000000000,2025-03-23 09:01:54,2025-03-23 09:01:54
0babe6fc-6d26-47dd-8c49-1869969c294e,delivery,completed,DLV-20260314-0124,d0d57a11-a554-4951-8589-7c8560362409,,00000000-0000-0000-0000-000000000000,2025-05-22 09:01:54,2025-05-22 09:01:54
a93e70e2-3117-429e-babf-cf6d51c71242,adjustment,draft,ADJ-20260314-0048,27aaabd7-cbb7-4564-82a7-7718d0281267,,00000000-0000-0000-0000-000000000000,2025-11-01 09:01:54,2025-11-01 09:01:54
9c6fd4f2-ec75-4884-9432-49ef4b141831,transfer,completed,TRF-20260314-0080,9f40b3ab-cc54-4955-aef7-e562461a5742,7b0f63d6-07ba-43da-8072-f55d0bbff497,00000000-0000-0000-0000-000000000000,2026-01-15 09:01:54,2026-01-15 09:01:54
3303320e-a6ca-4c89-854c-5d43adcb79d0,adjustment,confirmed,ADJ-20260314-0049,5fcd3fde-abc6-4e8c-bc32-c77efb22bf8e,,00000000-0000-0000-0000-000000000000,2025-10-11 09:01:54,2025-10-11 09:01:54
d2fe12de-19dc-4952-8cfc-d4547e91982f,adjustment,confirmed,ADJ-20260314-0050,2e4a110a-9422-4b35-b2ba-7b45c6201854,,00000000-0000-0000-0000-000000000000,2025-06-14 09:01:54,2025-06-14 09:01:54
e888ef0e-fd60-4284-86e7-f75898efa41a,receipt,completed,RCP-20260314-0103,,cd9b65d2-eea0-4a19-8a4e-5dd1d5aea40c,00000000-0000-0000-0000-000000000000,2025-12-07 09:01:54,2025-12-07 09:01:54
d34fe8fe-22b3-45c3-9efd-f4261abca9ad,delivery,draft,DLV-20260314-0125,1c25ed55-6bf5-427a-9c53-7d16644a288e,,00000000-0000-0000-0000-000000000000,2025-05-30 09:01:54,2025-05-30 09:01:54
7bfe4396-c10a-4774-a4d5-42ff0d0c44a2,transfer,completed,TRF-20260314-0081,a0de1573-5fbd-4ab5-919c-e95bc68bfa5a,231e0f9b-2ca9-4c2d-a4d3-4794d081cc14,00000000-0000-0000-0000-000000000000,2025-03-29 09:01:54,2025-03-29 09:01:54
cd7bd659-6879-4cc8-a7d4-9e82d6e3a28c,delivery,completed,DLV-20260314-0126,3b7cfa20-9dae-433e-90a4-a8676dc9cd98,,00000000-0000-0000-0000-000000000000,2026-01-23 09:01:54,2026-01-23 09:01:54
78014d41-6d0e-44db-ace2-3422ad48976e,transfer,completed,TRF-20260314-0082,5fd5cab7-796d-4aa2-b31a-8a53dc478c3c,fd15b10b-6fba-4472-9a9e-38c25ff91ad8,00000000-0000-0000-0000-000000000000,2025-12-05 09:01:54,2025-12-05 09:01:54
cc48a939-4653-4a25-b223-f36e2b193522,delivery,confirmed,DLV-20260314-0127,0568b6a1-2171-4d9b-9c0c-77ec8e196928,,00000000-0000-0000-0000-000000000000,2025-07-06 09:01:54,2025-07-06 09:01:54
7d5e11ab-1930-40bd-81e7-424ef1b9b852,transfer,completed,TRF-20260314-0083,df4ff667-a888-437b-81c7-3a6311d2bcff,5d4c2dc3-2491-4c4d-aec3-3af7cf3c9913,00000000-0000-0000-0000-000000000000,2025-09-09 09:01:54,2025-09-09 09:01:54
0b575a89-8a03-4dee-9c51-877265933580,receipt,draft,RCP-20260314-0104,,0e1f4a27-1007-4669-9b3b-449c4a32f4d4,00000000-0000-0000-0000-000000000000,2025-04-27 09:01:54,2025-04-27 09:01:54
012f4997-6438-4db3-a64d-8b527c8afe45,delivery,draft,DLV-20260314-0128,2512ffa8-6fe1-47fe-ad0a-ca2423e0bc73,,00000000-0000-0000-0000-000000000000,2025-12-04 09:01:54,2025-12-04 09:01:54
eaa7c966-deca-48b9-a8fb-03590ea9a5af,delivery,draft,DLV-20260314-0129,02639958-39d1-4312-a827-5bac70ce9596,,00000000-0000-0000-0000-000000000000,2026-03-12 09:01:54,2026-03-12 09:01:54
166f4fff-ba55-4af8-8106-c775cf7a26fb,receipt,completed,RCP-20260314-0105,,349f84cd-4a37-467d-8dbf-dc33db6781fd,00000000-0000-0000-0000-000000000000,2025-12-13 09:01:54,2025-12-13 09:01:54
350c9d1e-9889-4383-a66d-93a9151c7575,receipt,completed,RCP-20260314-0106,,8a04eb2a-19de-44b9-a803-07943e61a2a1,00000000-0000-0000-0000-000000000000,2025-05-01 09:01:54,2025-05-01 09:01:54
b6339fe3-7f78-47e2-9083-9b175831d960,receipt,completed,RCP-20260314-0107,,4386ac67-c14f-47e6-815a-5dd3ba66950e,00000000-0000-0000-0000-000000000000,2025-07-03 09:01:54,2025-07-03 09:01:54
23736cf8-6365-454a-b1fe-d0eaeb15a965,receipt,draft,RCP-20260314-0108,,939655d9-9efb-4de5-a957-8898a2a37ed4,00000000-0000-0000-0000-000000000000,2025-08-19 09:01:54,2025-08-19 09:01:54
c1d2aaef-ea11-47dc-aed9-549d2b3b0302,transfer,completed,TRF-20260314-0084,45085a3c-2429-4fbb-aa47-cd6d06031ce3,e01695c9-e128-4867-a499-1ccb803cbcf7,00000000-0000-0000-0000-000000000000,2025-11-16 09:01:54,2025-11-16 09:01:54
6b7b7690-c042-4c0f-b554-ec8d3f286486,adjustment,draft,ADJ-20260314-0051,5c14a570-7536-4a3c-b0ea-4ade7c0ffbfc,,00000000-0000-0000-0000-000000000000,2025-08-30 09:01:54,2025-08-30 09:01:54
2cfd0c3b-4f0d-476e-9c62-61909d92355a,receipt,completed,RCP-20260314-0109,,2f677d06-d75a-4eaa-929d-381abb4c95fb,00000000-0000-0000-0000-000000000000,2025-07-16 09:01:54,2025-07-16 09:01:54
26a6b33e-78de-433e-b145-13a7a7f47a1a,delivery,completed,DLV-20260314-0130,f7a5bb1b-7008-421f-b64f-4c655c3e3d5b,,00000000-0000-0000-0000-000000000000,2025-12-01 09:01:54,2025-12-01 09:01:54
6f2aa93a-4888-4553-a4b9-0e3872d843b0,receipt,draft,RCP-20260314-0110,,aab851db-89e0-4bdc-8c6d-b270c4ec6aca,00000000-0000-0000-0000-000000000000,2025-08-22 09:01:54,2025-08-22 09:01:54
70597ef2-3ad0-4610-a437-7f00348069c1,receipt,completed,RCP-20260314-0111,,6b6905b1-8753-4294-9c2e-5231ae95eed7,00000000-0000-0000-0000-000000000000,2025-07-10 09:01:54,2025-07-10 09:01:54
c8fc5e1a-d7d6-49e9-a117-6abc9422518a,delivery,completed,DLV-20260314-0131,8810a479-bc7e-4f5d-b4ce-0861824dea19,,00000000-0000-0000-0000-000000000000,2025-10-05 09:01:54,2025-10-05 09:01:54
4ad5bbd7-83db-4056-ace9-1f7c6365e7b7,delivery,completed,DLV-20260314-0132,49f57e49-29a8-4e97-802a-d0b583888219,,00000000-0000-0000-0000-000000000000,2025-10-27 09:01:54,2025-10-27 09:01:54
2cf3ffcf-f1fa-4abc-b010-91bb81c88603,receipt,draft,RCP-20260314-0112,,95b2d208-9746-4329-bc5d-bb85a0bb8c15,00000000-0000-0000-0000-000000000000,2025-05-02 09:01:54,2025-05-02 09:01:54
c2d83138-30b8-4c16-84cd-e3240b1c2511,delivery,draft,DLV-20260314-0133,4296078e-f5a1-4e99-8933-f1efe3547a15,,00000000-0000-0000-0000-000000000000,2025-04-11 09:01:54,2025-04-11 09:01:54
ddcbd927-59d4-4445-abab-3f8f3bac20b9,transfer,completed,TRF-20260314-0085,cace376f-669e-40f3-ba8d-43ce0d361556,fc65c018-97a7-48de-bde7-58bd4b556f3e,00000000-0000-0000-0000-000000000000,2026-02-11 09:01:54,2026-02-11 09:01:54
18b61f57-10e0-458d-8ecc-b044e9648f47,adjustment,completed,ADJ-20260314-0052,6e287ee2-8d4d-442a-9f18-f93a81a97aad,,00000000-0000-0000-0000-000000000000,2025-06-01 09:01:54,2025-06-01 09:01:54
6ad7dc32-fab2-4b1c-b5f0-f572cac6a335,receipt,draft,RCP-20260314-0113,,c2d1124f-5c4c-4957-aee0-d8cef4e04f17,00000000-0000-0000-0000-000000000000,2025-06-22 09:01:54,2025-06-22 09:01:54
bd0aea72-be2e-4429-a689-a847e6ddbfa5,delivery,completed,DLV-20260314-0134,1587c182-3c58-4f45-aadb-f84cca535048,,00000000-0000-0000-0000-000000000000,2025-06-07 09:01:54,2025-06-07 09:01:54
12bcd2ea-0cb5-4939-891b-e724b71bf35a,transfer,completed,TRF-20260314-0086,a1252f4f-1705-4249-8992-16dbe3171305,50aded7c-7bde-457d-bb2a-97d3217930c2,00000000-0000-0000-0000-000000000000,2025-10-12 09:01:54,2025-10-12 09:01:54
cbb051e7-835e-4f9a-9f84-b41bcf3b8cdc,receipt,draft,RCP-20260314-0114,,178114eb-5b53-4a5b-a043-5036fb0f7373,00000000-0000-0000-0000-000000000000,2026-01-13 09:01:54,2026-01-13 09:01:54
57cd39f6-0917-4925-87f8-9809b1c9b300,delivery,draft,DLV-20260314-0135,dc3dbe3c-c2ab-431e-8eb3-8f3b2feef3bf,,00000000-0000-0000-0000-000000000000,2026-02-25 09:01:54,2026-02-25 09:01:54
b464f924-e37c-4649-b39d-7084672a0f04,adjustment,draft,ADJ-20260314-0053,6bb95f95-22c0-4518-af82-1ba5cb192e01,,00000000-0000-0000-0000-000000000000,2026-01-17 09:01:54,2026-01-17 09:01:54
319be0ce-21da-440e-9f01-e50b32543fb7,transfer,completed,TRF-20260314-0087,f4408138-af74-48e1-a0e6-61ff044d7207,77087888-7d77-4885-8a1b-08b5dc9b68c5,00000000-0000-0000-0000-000000000000,2025-08-30 09:01:54,2025-08-30 09:01:54
5322145c-c5b5-423b-ab8b-240df35a4b91,receipt,draft,RCP-20260314-0115,,e60d265b-d491-40a2-8bd3-9e11937f4813,00000000-0000-0000-0000-000000000000,2025-03-25 09:01:54,2025-03-25 09:01:54
b215078d-6b46-43f6-8a25-8ad6e12b602b,adjustment,completed,ADJ-20260314-0054,ce845149-62aa-4d7e-bf3f-f0208d799935,,00000000-0000-0000-0000-000000000000,2025-03-16 09:01:54,2025-03-16 09:01:54
bce2fae4-5d53-4973-bd97-555dbf9b5235,adjustment,completed,ADJ-20260314-0055,2cd3883b-567a-44e0-ba8d-c9982ce4d3f2,,00000000-0000-0000-0000-000000000000,2026-01-30 09:01:54,2026-01-30 09:01:54
351fc604-2c18-4022-b9fe-05d7f7461529,adjustment,completed,ADJ-20260314-0056,3883cceb-ecb7-4f9f-a6a9-d07baed27c01,,00000000-0000-0000-0000-000000000000,2025-10-03 09:01:54,2025-10-03 09:01:54
3dae6d27-83e8-4b19-ad6c-899448b4e2ba,delivery,draft,DLV-20260314-0136,2470928f-1627-4921-b9b0-5dbe4b9a3511,,00000000-0000-0000-0000-000000000000,2026-02-03 09:01:54,2026-02-03 09:01:54
a2a0e435-f138-4ac3-b9ea-2841b63cff75,receipt,draft,RCP-20260314-0116,,c6763b14-bd2b-4116-8317-4a78d911f71e,00000000-0000-0000-0000-000000000000,2025-05-14 09:01:54,2025-05-14 09:01:54
625c23fe-6051-4238-a879-960bfb950240,receipt,completed,RCP-20260314-0117,,ee78f8fe-0fcb-4a58-9b6d-d4bb37b1fb92,00000000-0000-0000-0000-000000000000,2026-02-26 09:01:54,2026-02-26 09:01:54
ea7c2bd5-3e2d-4f78-bf39-360341009d56,receipt,draft,RCP-20260314-0118,,e007d192-c9bc-4ebf-9ada-2e62a2bedb3d,00000000-0000-0000-0000-000000000000,2025-08-01 09:01:54,2025-08-01 09:01:54
7926cc70-de27-4ee2-8a7f-bd9a75a65202,receipt,completed,RCP-20260314-0119,,ed734ff2-aa12-497a-b7a4-747621616392,00000000-0000-0000-0000-000000000000,2025-03-26 09:01:54,2025-03-26 09:01:54
52053ea7-9ecb-40aa-b517-d0636d82cca1,transfer,completed,TRF-20260314-0088,e20fda5c-6994-4e5c-8cac-ec63e4bd7864,f364580c-9c29-480a-a95c-d383a10dfab4,00000000-0000-0000-0000-000000000000,2025-09-13 09:01:54,2025-09-13 09:01:54
b308c1a1-c944-4191-98eb-6855cca7c187,adjustment,completed,ADJ-20260314-0057,326f0c11-aa41-4b35-94db-b0a6a0edb873,,00000000-0000-0000-0000-000000000000,2025-04-09 09:01:54,2025-04-09 09:01:54
68fa4c98-3793-4ceb-81dd-3362416be9e9,transfer,completed,TRF-20260314-0089,addf07a1-4c2a-433d-88d8-30f6aa732ca9,c30054c0-2e56-4ae8-9739-1e51cde656eb,00000000-0000-0000-0000-000000000000,2025-11-28 09:01:54,2025-11-28 09:01:54
003a5a70-c6b8-488b-a7a6-f14001c02f1e,transfer,completed,TRF-20260314-0090,7d56bb11-f443-4e4e-bb11-2df6d32fc6e9,31fc3bbd-bf95-47a8-b567-b50183ad373d,00000000-0000-0000-0000-000000000000,2025-11-20 09:01:54,2025-11-20 09:01:54
83e4781e-266f-4f0a-9c37-d2e153da04c5,adjustment,completed,ADJ-20260314-0058,1f478716-eb5a-4dd2-9402-331a69c6311b,,00000000-0000-0000-0000-000000000000,2025-06-25 09:01:54,2025-06-25 09:01:54
d5fea30e-f2be-455a-ac2a-23406477e35a,delivery,completed,DLV-20260314-0137,33c06ae4-3867-4f5a-907d-819c6001debe,,00000000-0000-0000-0000-000000000000,2025-11-19 09:01:54,2025-11-19 09:01:54
8665e536-c085-43f8-827f-6a31b676d826,receipt,confirmed,RCP-20260314-0120,,6a5016f8-2c1e-4e4e-a205-266a2e43bd53,00000000-0000-0000-0000-000000000000,2025-07-13 09:01:54,2025-07-13 09:01:54
394fe176-7c34-404a-ad38-ad7eaceb11c9,adjustment,draft,ADJ-20260314-0059,29c0b9d0-54da-4093-809d-90788fad9c9c,,00000000-0000-0000-0000-000000000000,2025-06-24 09:01:54,2025-06-24 09:01:54
42241da9-712a-4361-aaaf-ee62f5333207,receipt,draft,RCP-20260314-0121,,dccab7f6-542e-4df0-ae46-e411a7f6dd24,00000000-0000-0000-0000-000000000000,2025-03-27 09:01:54,2025-03-27 09:01:54
74cd4c46-3156-435d-af41-24bcd061e3e0,adjustment,completed,ADJ-20260314-0060,a4c842c0-047d-485e-af8d-821d88c666a9,,00000000-0000-0000-0000-000000000000,2025-10-08 09:01:54,2025-10-08 09:01:54
e2b75667-4c86-421a-923c-92b869ec2593,delivery,completed,DLV-20260314-0138,f768c64e-8e40-4b0d-9d35-3e1ae05c44e3,,00000000-0000-0000-0000-000000000000,2025-05-10 09:01:54,2025-05-10 09:01:54
b15ae057-ab25-4ca6-8351-849707a233e0,adjustment,confirmed,ADJ-20260314-0061,8d324851-ed1a-4715-a983-9a42df58f3e9,,00000000-0000-0000-0000-000000000000,2025-09-01 09:01:54,2025-09-01 09:01:54
fd96e933-6283-4aa9-9e1d-b2fccd52cc03,receipt,completed,RCP-20260314-0122,,3e932942-704d-404b-8010-cc608469bafa,00000000-0000-0000-0000-000000000000,2026-01-23 09:01:54,2026-01-23 09:01:54
6bc63c3e-c4b8-417c-9640-af256631a677,receipt,draft,RCP-20260314-0123,,b25b2f62-da56-44d4-bd14-ea51f8937292,00000000-0000-0000-0000-000000000000,2025-11-08 09:01:54,2025-11-08 09:01:54
2ab3468c-9dd7-430b-9843-cc106ab38082,transfer,completed,TRF-20260314-0091,5d3b650a-4b25-4dda-9cff-3e67cb564be7,b6f9c9eb-4c60-4d7b-a106-f7f97370a5ac,00000000-0000-0000-0000-000000000000,2025-06-02 09:01:54,2025-06-02 09:01:54
d4d648ee-9abd-49c8-aeb7-62367780c4c6,receipt,completed,RCP-20260314-0124,,57204549-f3b6-4cc1-82af-8f10417647e8,00000000-0000-0000-0000-000000000000,2025-09-01 09:01:54,2025-09-01 09:01:54
4022f356-8f30-414b-8af2-a5d09c14f1c7,transfer,completed,TRF-20260314-0092,21081f1e-5e4e-48bc-9d13-d9e876d043fa,54c7e99a-0ddb-40b1-be14-54cca80cfa45,00000000-0000-0000-0000-000000000000,2025-10-10 09:01:54,2025-10-10 09:01:54
d600f8f4-0dc1-414e-9e03-e072c758fc1b,adjustment,completed,ADJ-20260314-0062,1367193a-b59d-4de9-8d15-897e324b2aa3,,00000000-0000-0000-0000-000000000000,2026-01-10 09:01:54,2026-01-10 09:01:54
ce2d237c-6110-4945-9890-0a82a29273c8,delivery,draft,DLV-20260314-0139,27ae1c98-c57f-4f77-a2ff-e3d0d98d28f3,,00000000-0000-0000-0000-000000000000,2025-11-08 09:01:54,2025-11-08 09:01:54
e42edb05-90db-4d5e-befd-f7223af84562,transfer,draft,TRF-20260314-0093,531ecfcd-f6fd-4e7d-bd19-244eabfa6dca,6967793b-2c52-4e00-9631-1f54ee5c1a30,00000000-0000-0000-0000-000000000000,2025-05-16 09:01:54,2025-05-16 09:01:54
ef63c212-578c-488c-8f2f-ef0737625906,delivery,completed,DLV-20260314-0140,8570f38c-b847-4e31-be39-516e44eb9118,,00000000-0000-0000-0000-000000000000,2025-05-07 09:01:54,2025-05-07 09:01:54
671a15f2-b7ce-412c-8cb9-127a709c46dd,transfer,completed,TRF-20260314-0094,e6652f97-7d01-4a85-9af6-ee8150698cc7,e1e9c15d-4426-41dd-97cd-2bdb89102f68,00000000-0000-0000-0000-000000000000,2026-02-24 09:01:54,2026-02-24 09:01:54
1e7e6479-a006-4322-8824-6b14a7c14f25,adjustment,completed,ADJ-20260314-0063,c7a52522-6375-4935-bc00-8492cd69226e,,00000000-0000-0000-0000-000000000000,2025-09-25 09:01:54,2025-09-25 09:01:54
367bdf2a-6b1c-43fc-b2e5-813234b61fd9,delivery,completed,DLV-20260314-0141,48cbfc3e-4b30-42ed-972f-3ec0b5991d5b,,00000000-0000-0000-0000-000000000000,2026-01-06 09:01:54,2026-01-06 09:01:54
c002ffb1-6991-4bd5-b452-fed9a5a860ec,adjustment,completed,ADJ-20260314-0064,b6878f85-f62a-4c20-a30e-a896984036d7,,00000000-0000-0000-0000-000000000000,2025-10-07 09:01:54,2025-10-07 09:01:54
770a16ba-bcf6-4645-919e-b21372ed016d,receipt,completed,RCP-20260314-0125,,74df8347-c721-468c-9183-0c3a26f9e31d,00000000-0000-0000-0000-000000000000,2025-11-10 09:01:54,2025-11-10 09:01:54
c141aa51-eac6-44f3-bec2-a11d49451edb,delivery,draft,DLV-20260314-0142,983ae703-e5d6-4dce-8947-d6b342b0d1df,,00000000-0000-0000-0000-000000000000,2026-02-28 09:01:54,2026-02-28 09:01:54
84b07888-da49-46d7-b6fa-01474abac36e,delivery,completed,DLV-20260314-0143,1afd352f-b20f-42fb-a234-8b6a28508854,,00000000-0000-0000-0000-000000000000,2026-02-12 09:01:54,2026-02-12 09:01:54
ac7a3d61-1fe5-4b82-8226-780291254a41,delivery,completed,DLV-20260314-0144,8b0be116-4fcb-42e0-ae18-dd74183c26fe,,00000000-0000-0000-0000-000000000000,2026-03-06 09:01:54,2026-03-06 09:01:54
fc31030c-f347-4ca0-b427-3bf6562609d8,adjustment,completed,ADJ-20260314-0065,0676cc72-761c-42d2-a85e-308f207499f5,,00000000-0000-0000-0000-000000000000,2025-09-17 09:01:54,2025-09-17 09:01:54
2d35d679-1b5f-451e-bd75-dd0f2ebfe9b0,adjustment,confirmed,ADJ-20260314-0066,827c59a1-4bf3-407a-a873-8d46394d7e4b,,00000000-0000-0000-0000-000000000000,2025-11-07 09:01:54,2025-11-07 09:01:54
df6efe94-e5d8-47f2-aa90-f30433db5132,receipt,completed,RCP-20260314-0126,,6cc884da-200c-4131-9aec-ece6c0657036,00000000-0000-0000-0000-000000000000,2026-03-10 09:01:54,2026-03-10 09:01:54
81898089-5a6e-4d89-9449-cf2b4b6e61c2,receipt,completed,RCP-20260314-0127,,f8482464-d21c-4334-ac3d-735b72370bfe,00000000-0000-0000-0000-000000000000,2025-08-02 09:01:54,2025-08-02 09:01:54
e46b7d6c-b2fa-4e81-a88a-20719f6196ef,delivery,completed,DLV-20260314-0145,ec0e38c9-5502-474b-80b1-6fa19c1b1f04,,00000000-0000-0000-0000-000000000000,2025-09-27 09:01:54,2025-09-27 09:01:54
f3c4eb50-f908-4405-bc36-47fa6ba60217,transfer,completed,TRF-20260314-0095,f0637590-1867-48a5-9793-439f2b46b8c9,cadeba22-56aa-4a7a-9747-967ed600f822,00000000-0000-0000-0000-000000000000,2025-08-24 09:01:54,2025-08-24 09:01:54
38cc576f-d31f-44d4-bd6c-3312740111c5,adjustment,confirmed,ADJ-20260314-0067,d5ebe3ff-840b-4bf2-be0c-66111a7fe116,,00000000-0000-0000-0000-000000000000,2025-12-19 09:01:54,2025-12-19 09:01:54
17a9847e-bdae-4a02-8170-8f3eb8b0a71f,transfer,completed,TRF-20260314-0096,1b15846a-444c-48ae-9dc6-19c576d37012,7bf89ea6-4150-4346-8a30-f6f1e010b9e3,00000000-0000-0000-0000-000000000000,2026-03-10 09:01:54,2026-03-10 09:01:54
20a57014-8422-499f-987f-9b0de0da6c3b,adjustment,confirmed,ADJ-20260314-0068,3aadb0bf-0fb9-439b-913a-657523bf9286,,00000000-0000-0000-0000-000000000000,2025-10-30 09:01:54,2025-10-30 09:01:54
1d23ec1a-33e7-48fa-945d-64d0191a09ff,delivery,draft,DLV-20260314-0146,58036568-7db4-4404-964c-9de887cddd94,,00000000-0000-0000-0000-000000000000,2025-07-10 09:01:54,2025-07-10 09:01:54
fd9e1daf-e7d4-4b8d-9f12-b65445a64033,delivery,draft,DLV-20260314-0147,cc793fd3-1a78-4d17-8212-592407937db1,,00000000-0000-0000-0000-000000000000,2025-09-25 09:01:54,2025-09-25 09:01:54
bc5cc9ae-ed4d-400f-8106-77f4c6de88f0,delivery,draft,DLV-20260314-0148,57eb80d1-5286-4bdd-a24b-503a5f19a317,,00000000-0000-0000-0000-000000000000,2025-06-15 09:01:54,2025-06-15 09:01:54
44006993-e0ec-448f-8e53-64ff01f207f5,adjustment,completed,ADJ-20260314-0069,0fcafae8-c744-4ea4-80a8-ff627244a64b,,00000000-0000-0000-0000-000000000000,2025-05-04 09:01:54,2025-05-04 09:01:54
00d2fe78-1233-4aa5-aab9-3d4f1d1cc05c,delivery,completed,DLV-20260314-0149,ad26f441-1b3e-49cc-98a5-4130d8acc128,,00000000-0000-0000-0000-000000000000,2025-09-29 09:01:54,2025-09-29 09:01:54
4e2e65c7-39c5-4d85-b0d2-4a1437c13ae0,adjustment,completed,ADJ-20260314-0070,6d4d70a3-9d53-4274-bf13-9785bb307982,,00000000-0000-0000-0000-000000000000,2025-07-13 09:01:54,2025-07-13 09:01:54
ce0f2b41-98aa-4b7e-bae1-bd973c887888,receipt,completed,RCP-20260314-0128,,298bb18d-0376-4f42-bc6c-bc2a60474a87,00000000-0000-0000-0000-000000000000,2025-06-10 09:01:54,2025-06-10 09:01:54
113e3831-9378-447f-ad63-863fb868f52d,receipt,draft,RCP-20260314-0129,,1a589eb1-e6c1-4b4a-bc34-b2ab43772469,00000000-0000-0000-0000-000000000000,2025-12-25 09:01:54,2025-12-25 09:01:54
580995ef-d3e4-409f-ae5b-c59be4d34c57,receipt,draft,RCP-20260314-0130,,5e469640-a58b-4c2b-9f92-73a0663e1022,00000000-0000-0000-0000-000000000000,2025-06-18 09:01:54,2025-06-18 09:01:54
4337a105-4819-4e12-9e4c-d161083902e2,receipt,draft,RCP-20260314-0131,,5ef1c768-0346-49b6-b4b5-6b6d8b2e10cc,00000000-0000-0000-0000-000000000000,2025-09-29 09:01:54,2025-09-29 09:01:54
002fc399-fcf7-4221-a690-37a651dcda8d,transfer,completed,TRF-20260314-0097,4dff254e-9d09-4a47-91de-58e89c862f6b,f42bb319-eac7-4b0c-a4a5-dcbaa85749cd,00000000-0000-0000-0000-000000000000,2025-10-16 09:01:54,2025-10-16 09:01:54
942bbe74-0f88-4cd4-a143-92da07a4aea8,receipt,completed,RCP-20260314-0132,,b2ce3995-0efe-498a-b3e8-42eb8efe691f,00000000-0000-0000-0000-000000000000,2025-06-27 09:01:54,2025-06-27 09:01:54
70d1c90a-1700-4809-a0c8-a8ee19ccb98c,receipt,confirmed,RCP-20260314-0133,,8527551d-79f6-4069-80bd-036d47e4d96e,00000000-0000-0000-0000-000000000000,2025-12-18 09:01:54,2025-12-18 09:01:54
abe188e9-83d0-423f-b203-ce6fa523e989,transfer,draft,TRF-20260314-0098,d67fdeed-860b-4438-a28d-e525f89c5718,90b5360d-f997-4c79-8dba-395bb022e8cc,00000000-0000-0000-0000-000000000000,2025-07-19 09:01:54,2025-07-19 09:01:54
847cfbed-124c-473a-aade-2b3b054ef96e,receipt,completed,RCP-20260314-0134,,3fe820ec-1f17-4d08-acb7-d64cf95c5b90,00000000-0000-0000-0000-000000000000,2025-07-27 09:01:54,2025-07-27 09:01:54
1b064033-297e-469e-85ef-6616506062ad,receipt,completed,RCP-20260314-0135,,724ec526-e115-49fe-a867-222e528583b2,00000000-0000-0000-0000-000000000000,2025-06-05 09:01:54,2025-06-05 09:01:54
3ea555ac-d2f3-47df-901a-7fe2b46303b3,delivery,completed,DLV-20260314-0150,0dfd4d4a-1a39-4c55-a44d-d2ab346ad32b,,00000000-0000-0000-0000-000000000000,2026-02-08 09:01:54,2026-02-08 09:01:54
a466d543-71d0-4f8b-b38a-5758815f6711,adjustment,completed,ADJ-20260314-0071,e92c3298-fb5b-4910-996d-4b85804e9083,,00000000-0000-0000-0000-000000000000,2025-08-28 09:01:54,2025-08-28 09:01:54
aa022e8d-552b-4d34-9c35-ffecf887601c,transfer,draft,TRF-20260314-0099,ab93232f-e96a-44be-a3e2-5ab996196802,ce900851-d278-4540-bbcf-ca3f314e96ca,00000000-0000-0000-0000-000000000000,2025-09-20 09:01:54,2025-09-20 09:01:54
ad7c1279-8699-4abb-938d-e1caa24652a3,transfer,completed,TRF-20260314-0100,48991cb8-1c66-4948-a8bd-b42eaa2c43b0,dbe84e8a-540c-417d-b3da-9fe8fe56c89e,00000000-0000-0000-0000-000000000000,2025-12-21 09:01:54,2025-12-21 09:01:54
08c3bd90-0c03-4ba2-852b-5096c503703a,delivery,completed,DLV-20260314-0151,83a47bb2-0753-4bd9-b272-755129eb9f47,,00000000-0000-0000-0000-000000000000,2025-08-14 09:01:54,2025-08-14 09:01:54
5d0c70fa-04a9-4420-9439-62dce8841136,receipt,completed,RCP-20260314-0136,,ee9f6f01-4cd6-4e4a-ac16-98989ff27c09,00000000-0000-0000-0000-000000000000,2025-07-02 09:01:54,2025-07-02 09:01:54
4edcdf3f-0a05-40d9-81d4-7d58c6b82c02,receipt,draft,RCP-20260314-0137,,0596d49a-328e-40a5-8281-8d8b2ef6824d,00000000-0000-0000-0000-000000000000,2025-05-08 09:01:54,2025-05-08 09:01:54
e367fa0f-d1fa-4583-bc36-930cc4076668,delivery,completed,DLV-20260314-0152,e889394b-67c1-4dee-ba07-785190df3888,,00000000-0000-0000-0000-000000000000,2025-09-30 09:01:54,2025-09-30 09:01:54
d46cc4f3-1c03-46b3-b45c-b9856b23cf3f,receipt,completed,RCP-20260314-0138,,5df765b3-1fbd-4cac-9b9c-571049415f8f,00000000-0000-0000-0000-000000000000,2025-07-30 09:01:54,2025-07-30 09:01:54
509444f3-6623-444b-9486-1076a38b4adc,receipt,draft,RCP-20260314-0139,,8a0d2d2d-1033-49a5-a78b-a460986294a6,00000000-0000-0000-0000-000000000000,2026-02-14 09:01:54,2026-02-14 09:01:54
4d7805fc-49f8-4a8f-b607-c32a5b3ef845,receipt,completed,RCP-20260314-0140,,2d92562f-9abc-4a4e-a901-6c7e2b9efc61,00000000-0000-0000-0000-000000000000,2025-05-12 09:01:54,2025-05-12 09:01:54
b4b425e2-5a28-4fd8-8d2d-d08f1b77970c,adjustment,completed,ADJ-20260314-0072,ee1d5f69-7baa-43d5-9394-f0315765d0b5,,00000000-0000-0000-0000-000000000000,2025-04-11 09:01:54,2025-04-11 09:01:54
021113d5-9a68-40bd-812e-3c8eb475e010,delivery,completed,DLV-20260314-0153,a11fee37-666a-4647-8da8-2db2e8712847,,00000000-0000-0000-0000-000000000000,2025-07-02 09:01:54,2025-07-02 09:01:54
95e39249-189f-41f1-90b6-2cf4e055fcad,delivery,completed,DLV-20260314-0154,9c22385e-c21e-4d3f-aade-2b2bf86b3eea,,00000000-0000-0000-0000-000000000000,2025-07-23 09:01:54,2025-07-23 09:01:54
8dde7ef1-75e5-4ee6-9fab-7a368698df71,delivery,draft,DLV-20260314-0155,349eed37-1ed1-4a85-a5d8-8b5b64f4f3ff,,00000000-0000-0000-0000-000000000000,2025-06-16 09:01:54,2025-06-16 09:01:54
1c29b254-72ab-4900-8cd8-76ca6b04d933,delivery,completed,DLV-20260314-0156,4850e32e-974a-4ad1-b549-c61885c080a2,,00000000-0000-0000-0000-000000000000,2025-12-20 09:01:54,2025-12-20 09:01:54
409f725b-c2f0-44f5-a526-d8a4bf010116,adjustment,completed,ADJ-20260314-0073,8354c34f-5496-44ce-a35f-f4081237d417,,00000000-0000-0000-0000-000000000000,2025-11-29 09:01:54,2025-11-29 09:01:54
a6510dfa-936a-4941-bfa3-52a3b18219fc,delivery,completed,DLV-20260314-0157,8444046a-2c5a-47be-bb91-542a82ee4d72,,00000000-0000-0000-0000-000000000000,2025-09-12 09:01:54,2025-09-12 09:01:54
1205140b-ad12-4233-85e1-4c79d648812a,receipt,confirmed,RCP-20260314-0141,,e6026063-8e6d-4efa-b584-769b1aee8c22,00000000-0000-0000-0000-000000000000,2025-10-07 09:01:54,2025-10-07 09:01:54
269e96cd-c0ae-4513-8356-c941f1b79a72,receipt,completed,RCP-20260314-0142,,2b1223c8-c937-4b01-9e9a-c7ce672ffece,00000000-0000-0000-0000-000000000000,2025-08-18 09:01:54,2025-08-18 09:01:54
9e14f887-3c5b-4824-9ad3-b7b4c57e1318,adjustment,completed,ADJ-20260314-0074,3f8dbe3f-c4ab-4001-b5b4-7c343cbcdfe6,,00000000-0000-0000-0000-000000000000,2025-04-10 09:01:54,2025-04-10 09:01:54
2271406b-aaef-4c88-9bc4-d88e6417a1fb,receipt,completed,RCP-20260314-0143,,66add1c0-c92c-4192-93b6-4762c3cef560,00000000-0000-0000-0000-000000000000,2025-04-25 09:01:54,2025-04-25 09:01:54
8d447030-e161-4d62-b697-0be64632557c,receipt,draft,RCP-20260314-0144,,e4dcadc6-a6af-4748-8e37-b0215f4f5823,00000000-0000-0000-0000-000000000000,2025-12-27 09:01:54,2025-12-27 09:01:54
7791f324-c39f-4950-8794-1809205b072f,receipt,draft,RCP-20260314-0145,,be8e4c3c-0be4-42e9-98d6-912189f30bdd,00000000-0000-0000-0000-000000000000,2025-06-01 09:01:54,2025-06-01 09:01:54
855ca680-4b30-4646-8258-4aa07c6fca92,transfer,draft,TRF-20260314-0101,c9b14af6-3114-43e4-b0a7-167f49343484,000e75de-791c-43f9-8826-ba277e204bc5,00000000-0000-0000-0000-000000000000,2025-04-04 09:01:54,2025-04-04 09:01:54
d278cdb1-020a-4557-b456-3cd809dd3ef7,delivery,draft,DLV-20260314-0158,ec964784-ebb3-4b2b-a3f8-eb73f0069b44,,00000000-0000-0000-0000-000000000000,2025-08-14 09:01:54,2025-08-14 09:01:54
5c5fc1ae-0c8e-4d96-a391-a00d84037fdb,delivery,draft,DLV-20260314-0159,d067d1ad-434f-4d29-9901-39382944463d,,00000000-0000-0000-0000-000000000000,2025-10-26 09:01:54,2025-10-26 09:01:54
15aa86a0-9e99-44ec-a3c4-4d387cac05a6,receipt,draft,RCP-20260314-0146,,9b928156-af02-4665-b60b-99a0c84bab0c,00000000-0000-0000-0000-000000000000,2025-03-19 09:01:54,2025-03-19 09:01:54
d6921ac7-4cb6-4138-8b92-384bab91ee70,delivery,draft,DLV-20260314-0160,f589e6be-f6c8-4f9d-b8be-5bd41e5530a3,,00000000-0000-0000-0000-000000000000,2026-01-28 09:01:54,2026-01-28 09:01:54
704e1ec4-2a09-4f36-bf4d-f203e92a3c8a,transfer,completed,TRF-20260314-0102,4af95424-0fc2-41db-b4d1-f8a37d681601,5ab90336-4d4c-41df-bd91-73fcd50ff531,00000000-0000-0000-0000-000000000000,2026-02-12 09:01:54,2026-02-12 09:01:54
3a909f56-0715-4ad0-91c0-3d47af499e24,adjustment,completed,ADJ-20260314-0075,d63af9ac-517a-4031-94f5-0435a47bbd91,,00000000-0000-0000-0000-000000000000,2025-04-13 09:01:54,2025-04-13 09:01:54
62981f9f-015f-46fd-adc7-19dd7cb24b54,delivery,completed,DLV-20260314-0161,fd23a41f-bab0-47c8-847d-d471b0258a6a,,00000000-0000-0000-0000-000000000000,2025-11-08 09:01:54,2025-11-08 09:01:54
f9a0d70d-9212-42c4-9f61-dd5db345e3e1,receipt,completed,RCP-20260314-0147,,cf739b2d-99cc-4ca6-b6f0-a37ad60eb7ba,00000000-0000-0000-0000-000000000000,2025-12-19 09:01:54,2025-12-19 09:01:54
87b9a7d0-6812-4524-8fc2-654d64fc8bca,receipt,completed,RCP-20260314-0148,,810f24a0-a43e-45b4-8240-fd4ea291a715,00000000-0000-0000-0000-000000000000,2025-07-29 09:01:54,2025-07-29 09:01:54
6f8dd15e-bd77-48ab-8dc3-f91435171567,receipt,completed,RCP-20260314-0149,,3d7202aa-4abf-4f5b-89bf-d0ff6a76f7e8,00000000-0000-0000-0000-000000000000,2025-03-22 09:01:54,2025-03-22 09:01:54
28fa0308-4b23-44ba-b7d7-f3199aa659fe,transfer,completed,TRF-20260314-0103,3c1591a4-9143-4638-b55a-caa3eced1909,b6f9c9eb-4c60-4d7b-a106-f7f97370a5ac,00000000-0000-0000-0000-000000000000,2025-04-13 09:01:54,2025-04-13 09:01:54
aac320c0-1423-4fe4-8772-27b12100c31f,receipt,completed,RCP-20260314-0150,,0eb6e3c4-106c-4dd6-a9d3-d1f00eaa7cd5,00000000-0000-0000-0000-000000000000,2025-06-17 09:01:54,2025-06-17 09:01:54
833661ff-0c82-4ad2-98d2-47787dce4a36,delivery,completed,DLV-20260314-0162,aa37c6cc-796e-411a-bd74-cab84eb4d0d0,,00000000-0000-0000-0000-000000000000,2025-06-18 09:01:54,2025-06-18 09:01:54
e4ff96bf-1075-4ec5-aaad-5df9936f495c,delivery,completed,DLV-20260314-0163,846318d3-db79-478c-894e-9a08933d102e,,00000000-0000-0000-0000-000000000000,2025-12-27 09:01:54,2025-12-27 09:01:54
df5dd23b-3411-47fb-beb9-2e89b2cb6f6c,receipt,completed,RCP-20260314-0151,,d834ab8a-18c7-4097-926a-934fdcad2307,00000000-0000-0000-0000-000000000000,2025-08-05 09:01:54,2025-08-05 09:01:54
0f7f3b7a-31ca-4c88-bfec-5179cc5e4f9e,adjustment,completed,ADJ-20260314-0076,000de79b-09f1-4e92-8972-540014b4d91e,,00000000-0000-0000-0000-000000000000,2026-02-05 09:01:54,2026-02-05 09:01:54
23ac72a0-79ac-4fd3-b293-90fe3190fde4,delivery,completed,DLV-20260314-0164,93f353af-6153-4b8f-a9f2-a2b8c49c03b6,,00000000-0000-0000-0000-000000000000,2025-07-03 09:01:54,2025-07-03 09:01:54
0d4060cc-9915-495e-8182-4d0af66f716c,receipt,completed,RCP-20260314-0152,,1b9a99a1-3bae-45d3-a2d7-a57772cab122,00000000-0000-0000-0000-000000000000,2026-01-13 09:01:54,2026-01-13 09:01:54
5f6d676b-5f20-48bc-bdd5-1f1c216c03cb,delivery,completed,DLV-20260314-0165,b745b452-57f2-4959-b49e-c582ba1c74a0,,00000000-0000-0000-0000-000000000000,2025-07-02 09:01:54,2025-07-02 09:01:54
79c12ffa-1993-44f4-861a-c33c4cc635a3,receipt,completed,RCP-20260314-0153,,7e097556-0b87-49b4-b006-9aeb6cf43823,00000000-0000-0000-0000-000000000000,2025-11-02 09:01:54,2025-11-02 09:01:54
bad34410-3fc8-440f-954d-060a83f4636a,transfer,completed,TRF-20260314-0104,e564afae-b581-493e-a95c-ac8c30ceadd1,ec94ab36-0ab2-4a7e-80f0-243adf3e0a48,00000000-0000-0000-0000-000000000000,2025-05-06 09:01:54,2025-05-06 09:01:54
88536db8-14a4-4c5a-b563-5306409b34b6,transfer,completed,TRF-20260314-0105,b6878f85-f62a-4c20-a30e-a896984036d7,3c0caaa1-dbb8-48ee-bdb6-03f09ae29121,00000000-0000-0000-0000-000000000000,2026-02-02 09:01:54,2026-02-02 09:01:54
e3723fa0-66b6-40bb-8ab8-e7c975bf0811,transfer,completed,TRF-20260314-0106,2f15dfbf-dc82-4a52-9b35-2388fec50ac0,5ffadcbe-a4ad-496f-8c2b-b2e757f90d72,00000000-0000-0000-0000-000000000000,2025-04-18 09:01:54,2025-04-18 09:01:54
4451ce1b-97e0-4d82-80b4-bcdc40a7f3ed,delivery,draft,DLV-20260314-0166,b938c24f-cdd2-48d1-bba6-00663dfc69a0,,00000000-0000-0000-0000-000000000000,2025-04-26 09:01:54,2025-04-26 09:01:54
3247cbed-cac1-4067-b6d5-c5d55ac5732f,delivery,completed,DLV-20260314-0167,8e1d2901-71b5-4e5e-82fc-ed171a5e0f8a,,00000000-0000-0000-0000-000000000000,2025-10-15 09:01:54,2025-10-15 09:01:54
9acb3b1c-7db4-454d-93aa-c6a8d6d94a3a,receipt,completed,RCP-20260314-0154,,9db81713-8091-4e77-a983-5049b601c0ca,00000000-0000-0000-0000-000000000000,2025-05-17 09:01:54,2025-05-17 09:01:54
b0d48226-d961-462a-8aed-36a4c093243b,receipt,completed,RCP-20260314-0155,,58b510ca-de2d-41aa-b160-db6844327c0d,00000000-0000-0000-0000-000000000000,2025-07-08 09:01:54,2025-07-08 09:01:54
463a3d61-3fdc-4461-9131-8fe82b7821e9,transfer,completed,TRF-20260314-0107,511e4c65-3f9a-49b6-b722-6edb2b69664e,1d71149f-e7c2-4000-bab4-cb6ce09b5a1c,00000000-0000-0000-0000-000000000000,2025-10-17 09:01:54,2025-10-17 09:01:54
fc19c30d-8eec-41a8-8de7-f4f64de6dcee,transfer,confirmed,TRF-20260314-0108,4f58d837-0cad-42fa-a18f-122c8bd60515,072cec95-5b6a-45d4-a590-f57c83f58e03,00000000-0000-0000-0000-000000000000,2025-10-12 09:01:54,2025-10-12 09:01:54
47de8104-add7-4b98-9b99-c61a9012f51c,adjustment,completed,ADJ-20260314-0077,8a742ea4-5d63-429e-8aa6-d82423141e9f,,00000000-0000-0000-0000-000000000000,2025-09-02 09:01:54,2025-09-02 09:01:54
25f1b73b-2bbd-4b13-8e6d-413ce490d9e1,transfer,confirmed,TRF-20260314-0109,926316ee-48f7-4313-8983-97f29ad4ce1e,d40dc220-12c3-4ec5-ae85-e07347a5f312,00000000-0000-0000-0000-000000000000,2026-02-12 09:01:54,2026-02-12 09:01:54
384e8d93-199d-4754-8080-db834e105651,delivery,draft,DLV-20260314-0168,948eab57-ecb2-4d9f-84c8-227f3957937c,,00000000-0000-0000-0000-000000000000,2025-06-25 09:01:54,2025-06-25 09:01:54
185c27e9-0e02-449c-9980-be79e56198a7,delivery,completed,DLV-20260314-0169,4d4a5976-900c-44ac-a570-88b53e93e404,,00000000-0000-0000-0000-000000000000,2025-12-21 09:01:54,2025-12-21 09:01:54
5a08edbd-8618-46ec-8f9b-0f18e182b386,receipt,completed,RCP-20260314-0156,,35b674fc-aaa6-4b99-b40c-99c2888c5223,00000000-0000-0000-0000-000000000000,2025-05-17 09:01:54,2025-05-17 09:01:54
c597e5b4-3821-4ab5-8c90-4a70041a260a,adjustment,completed,ADJ-20260314-0078,5783b62e-ec8b-4b78-aa60-649fb5b136fc,,00000000-0000-0000-0000-000000000000,2025-08-24 09:01:54,2025-08-24 09:01:54
9d61ec0c-e318-4f84-ad7a-d4092fc17bcf,receipt,completed,RCP-20260314-0157,,88e19432-c986-4a3d-8062-d51814c245df,00000000-0000-0000-0000-000000000000,2025-11-27 09:01:54,2025-11-27 09:01:54
a0695cf6-f148-47f9-98e7-a0296d6a02bc,transfer,completed,TRF-20260314-0110,b9372010-bb50-4435-80e7-bab4c0f40b5e,47a54316-0164-4714-817c-49fe70f2fd24,00000000-0000-0000-0000-000000000000,2025-09-29 09:01:54,2025-09-29 09:01:54
80e365f3-1a40-411a-9c32-d3a87e0bbc23,delivery,completed,DLV-20260314-0170,5c8b7656-088d-47ed-88d8-6fa552ae976c,,00000000-0000-0000-0000-000000000000,2025-10-14 09:01:54,2025-10-14 09:01:54
389f059c-311f-43bb-b5e3-79550ac31768,delivery,confirmed,DLV-20260314-0171,b45d22a7-1eb4-4718-8eb8-6c38ba4aa8e5,,00000000-0000-0000-0000-000000000000,2025-05-31 09:01:54,2025-05-31 09:01:54
8e206c77-cc5d-4c29-b45b-5300ffb1560a,transfer,completed,TRF-20260314-0111,d896ac00-3e9e-470f-90e6-7022198411de,c86d4624-7747-4e3d-835b-cb9ac5df6757,00000000-0000-0000-0000-000000000000,2025-06-21 09:01:54,2025-06-21 09:01:54
69b956b2-ce2b-4987-b888-36b79641e2bc,delivery,completed,DLV-20260314-0172,d7e0ca7d-81ce-4650-86cc-b411e703dbdf,,00000000-0000-0000-0000-000000000000,2025-11-05 09:01:54,2025-11-05 09:01:54
5b2116d4-c7dc-43ac-9b9b-e23e4b34395b,receipt,draft,RCP-20260314-0158,,e0f438f6-5715-447b-8ea9-59cebb779f01,00000000-0000-0000-0000-000000000000,2026-02-22 09:01:54,2026-02-22 09:01:54
9583557f-dc53-49c2-9cec-8e64434a2443,receipt,completed,RCP-20260314-0159,,b8a37826-fc5b-4ea3-adbc-1487fa82a61b,00000000-0000-0000-0000-000000000000,2025-07-28 09:01:54,2025-07-28 09:01:54
ec75bbce-cc83-474f-b908-df7322902966,receipt,completed,RCP-20260314-0160,,6ecb7fa3-f5c1-4607-b620-8e564fb296f0,00000000-0000-0000-0000-000000000000,2025-12-01 09:01:54,2025-12-01 09:01:54
042d2142-120e-4863-a5c3-1a93aadbd841,adjustment,completed,ADJ-20260314-0079,d19a71bc-5260-4d94-9740-4392f170a140,,00000000-0000-0000-0000-000000000000,2025-04-01 09:01:54,2025-04-01 09:01:54
5e8e1c0b-a42a-4b93-831f-7cdf4752eb13,transfer,completed,TRF-20260314-0112,a2c0655b-a3c3-4b37-8a5e-fbf2c0901a5e,90673cce-946e-4509-ac54-c4fd1b369b16,00000000-0000-0000-0000-000000000000,2025-05-21 09:01:54,2025-05-21 09:01:54
72bda9aa-3058-4e59-917b-2ed4567cdfdf,delivery,completed,DLV-20260314-0173,dd36273c-5c28-4f4d-bb31-b914537a4577,,00000000-0000-0000-0000-000000000000,2026-03-06 09:01:54,2026-03-06 09:01:54
ea0a024d-7c9f-4835-9d4a-0c8f69fdea71,transfer,draft,TRF-20260314-0113,107a72c0-279b-4935-ba65-413865317ab4,b8a78d62-34a4-4af8-b977-37e70d957bb0,00000000-0000-0000-0000-000000000000,2026-01-06 09:01:54,2026-01-06 09:01:54
1d07e905-1f8f-4a55-9fc4-ff071966e0f5,transfer,completed,TRF-20260314-0114,2038db19-d4af-43ee-9854-43f0c43108ca,2c75bab5-e3a9-4cd9-825c-4c0a7faf9e67,00000000-0000-0000-0000-000000000000,2025-06-28 09:01:54,2025-06-28 09:01:54
8e8210cc-98e1-466e-bde1-9ff0e24c061c,receipt,completed,RCP-20260314-0161,,0a9120a7-cc07-4f07-8f73-c36f1e19132d,00000000-0000-0000-0000-000000000000,2025-04-30 09:01:54,2025-04-30 09:01:54
cd1f117b-5bce-433d-adae-901e21086745,receipt,confirmed,RCP-20260314-0162,,c66b2843-ee9e-4c1f-8dd0-034faa95b80c,00000000-0000-0000-0000-000000000000,2025-05-26 09:01:54,2025-05-26 09:01:54
fb66f2c0-9501-4817-a8c0-f7d0094ee336,delivery,completed,DLV-20260314-0174,fe2de584-dba2-428f-929f-a057e8878f01,,00000000-0000-0000-0000-000000000000,2025-08-13 09:01:54,2025-08-13 09:01:54
4a9c5550-4df0-410b-ac75-467401ada9bc,delivery,completed,DLV-20260314-0175,f99ba3a9-dd38-4523-990a-668b4cbcd0f8,,00000000-0000-0000-0000-000000000000,2025-04-10 09:01:54,2025-04-10 09:01:54
cc1f0e74-fb39-45ce-8b4d-cad3b97f4f44,receipt,completed,RCP-20260314-0163,,c5ac930c-0883-4c50-ba0b-370e7261949c,00000000-0000-0000-0000-000000000000,2026-01-03 09:01:54,2026-01-03 09:01:54
e17799c6-6ab6-4fce-9830-69772d934e94,transfer,draft,TRF-20260314-0115,0be02120-15ea-4874-9724-336ae3d05808,57dd8ae2-e0fe-4af7-ba7c-93dc22a77b86,00000000-0000-0000-0000-000000000000,2025-07-06 09:01:54,2025-07-06 09:01:54
1294e5d3-ac5a-483c-b1c9-508951cbd82c,receipt,draft,RCP-20260314-0164,,02533714-314c-4bba-bd21-d935f3511f02,00000000-0000-0000-0000-000000000000,2025-09-15 09:01:54,2025-09-15 09:01:54
f8ddda76-aac3-41f3-afac-5fd44250f2ac,receipt,confirmed,RCP-20260314-0165,,94b5e4e4-a398-49c1-a7a2-da6210e0f19f,00000000-0000-0000-0000-000000000000,2025-11-07 09:01:54,2025-11-07 09:01:54
d0c59df4-b29a-4355-b3c2-4d09d9b03a18,delivery,completed,DLV-20260314-0176,9a85da1f-7a63-464d-a280-7034339d46c4,,00000000-0000-0000-0000-000000000000,2025-08-10 09:01:54,2025-08-10 09:01:54
6474828c-1051-4d23-8fc2-d2f297558876,transfer,draft,TRF-20260314-0116,a89ccaaa-6518-48e2-95d2-edb2abb62515,9a85da1f-7a63-464d-a280-7034339d46c4,00000000-0000-0000-0000-000000000000,2026-01-15 09:01:54,2026-01-15 09:01:54
e783fbc1-179a-4603-9edb-63e3ad90d087,transfer,completed,TRF-20260314-0117,5f5de119-2c4c-46ad-88f6-423ae0c38e54,ebd756a4-b34a-4162-8c68-deffe95ddf25,00000000-0000-0000-0000-000000000000,2025-05-09 09:01:54,2025-05-09 09:01:54
47eaee33-07e7-4eeb-a324-fc967008a84d,transfer,completed,TRF-20260314-0118,371cad78-148c-4304-871c-44fab22d2b87,31ab5585-4501-4ffb-985f-9a208188b31f,00000000-0000-0000-0000-000000000000,2026-02-13 09:01:54,2026-02-13 09:01:54
8f504322-e0b6-400a-80a3-05efca64d56a,receipt,completed,RCP-20260314-0166,,f8bce906-9da7-425a-b320-6c3e9521bd6d,00000000-0000-0000-0000-000000000000,2025-05-11 09:01:54,2025-05-11 09:01:54
83ec35f5-c772-4b73-b5ca-5d7fc96988ac,transfer,draft,TRF-20260314-0119,d181f534-3c30-491a-91ba-2103e4106878,e3d52ea7-801b-4c59-9437-bc2ed611b6bf,00000000-0000-0000-0000-000000000000,2025-08-05 09:01:54,2025-08-05 09:01:54
06f947fe-75ac-465d-8528-c15dd9cc9787,receipt,draft,RCP-20260314-0167,,db9e9209-f8f5-46a9-af8c-b0aa827e3e78,00000000-0000-0000-0000-000000000000,2025-06-27 09:01:54,2025-06-27 09:01:54
3a0875f2-0592-4f3a-b663-2560085a6bfe,transfer,completed,TRF-20260314-0120,87d558ba-15a9-42a8-8dfe-b8dcafa95c70,e706b459-9412-4b7a-a966-d61208922fe7,00000000-0000-0000-0000-000000000000,2025-11-06 09:01:54,2025-11-06 09:01:54
36885624-528f-41ae-b64a-e10e59507fb0,adjustment,draft,ADJ-20260314-0080,d674dc38-db64-4604-9b5c-8b1af0edeece,,00000000-0000-0000-0000-000000000000,2025-12-04 09:01:54,2025-12-04 09:01:54
b56c8b73-9c4b-47bd-bfbd-e64787fb1504,delivery,completed,DLV-20260314-0177,874da288-2fae-45f5-a1f2-ac2bf41d40c6,,00000000-0000-0000-0000-000000000000,2025-09-29 09:01:54,2025-09-29 09:01:54
ab1532e2-8ec5-4072-910a-7166455be0c7,receipt,completed,RCP-20260314-0168,,ffdd187a-0636-479d-b9c6-ec93b0dc5138,00000000-0000-0000-0000-000000000000,2026-01-06 09:01:54,2026-01-06 09:01:54
9292cbd3-5c5d-4f2e-96fa-61b88a76c549,adjustment,completed,ADJ-20260314-0081,3c78c686-bd01-4433-bf22-7a94823c83c1,,00000000-0000-0000-0000-000000000000,2026-02-13 09:01:54,2026-02-13 09:01:54
14e614f6-4751-493c-8a9d-f2d795ee24d8,delivery,completed,DLV-20260314-0178,3d972c0d-0795-46cc-b7a3-ec0cac850403,,00000000-0000-0000-0000-000000000000,2025-03-20 09:01:54,2025-03-20 09:01:54
f4b489bd-2b84-4d68-b927-50e4a4e44d98,receipt,completed,RCP-20260314-0169,,048a1e66-6c3b-445b-bcb6-59647f372294,00000000-0000-0000-0000-000000000000,2026-03-08 09:01:54,2026-03-08 09:01:54
def44c24-a719-4dd5-ac58-17db420bd183,delivery,completed,DLV-20260314-0179,ae142f37-29f2-4593-a56d-b8564eb6bb4c,,00000000-0000-0000-0000-000000000000,2025-10-09 09:01:54,2025-10-09 09:01:54
4487ec4e-538c-4406-82ac-8e08889ecab6,receipt,completed,RCP-20260314-0170,,d9ee0329-7a02-4247-9168-ed38bd2253f0,00000000-0000-0000-0000-000000000000,2026-01-10 09:01:54,2026-01-10 09:01:54
5794371c-7088-4f94-9f05-8059c2f39027,receipt,completed,RCP-20260314-0171,,22e219db-6b61-416d-a703-1b93c5c47af0,00000000-0000-0000-0000-000000000000,2025-12-02 09:01:54,2025-12-02 09:01:54
64ed7002-f81d-4364-a9d0-29d58f3487c2,adjustment,draft,ADJ-20260314-0082,d0263060-0950-4011-b6ec-441c02785346,,00000000-0000-0000-0000-000000000000,2025-06-05 09:01:54,2025-06-05 09:01:54
d199350e-efa3-4c48-8c0e-2eb2317ba69b,adjustment,completed,ADJ-20260314-0083,eadaa2d6-7d83-48ef-9ba9-6053a9c2285d,,00000000-0000-0000-0000-000000000000,2025-08-31 09:01:54,2025-08-31 09:01:54
03ffe275-3865-4651-a3d7-814d1c5f022d,adjustment,draft,ADJ-20260314-0084,1fbdd8df-ab81-4524-af0c-8c11c2b421a9,,00000000-0000-0000-0000-000000000000,2025-10-20 09:01:54,2025-10-20 09:01:54
ae911b74-d068-42d2-91f5-588846403128,delivery,completed,DLV-20260314-0180,d994d80f-30fe-4698-b371-2a9089095d50,,00000000-0000-0000-0000-000000000000,2025-11-27 09:01:54,2025-11-27 09:01:54
a0330bd7-ba96-4b9c-a471-f1edd874bfd6,transfer,completed,TRF-20260314-0121,32db526c-a09b-4adf-a363-f4806eb3b8d0,4d68535a-ebf6-4ea5-b0fd-446e70d90ec3,00000000-0000-0000-0000-000000000000,2025-08-04 09:01:54,2025-08-04 09:01:54
879ccd2b-10d7-4621-adba-228db35b7f2a,receipt,draft,RCP-20260314-0172,,ee8ef0ec-76ae-412a-affc-e0aee57f6017,00000000-0000-0000-0000-000000000000,2025-04-29 09:01:54,2025-04-29 09:01:54
06dd7998-aca4-4f21-863c-50053b135d9b,receipt,completed,RCP-20260314-0173,,c6af9406-70b7-4930-ba28-63d919f20649,00000000-0000-0000-0000-000000000000,2025-08-20 09:01:54,2025-08-20 09:01:54
0ec2838b-4294-44fb-9425-a1dd208d09bd,delivery,completed,DLV-20260314-0181,551208fd-1713-44c0-9886-e406c24ece4f,,00000000-0000-0000-0000-000000000000,2025-05-14 09:01:54,2025-05-14 09:01:54
af664341-9179-478f-8f15-effcd4e77610,transfer,confirmed,TRF-20260314-0122,577fe758-0d1c-4706-bee7-7c1e970893d9,949a33b9-c3ab-47c1-9449-725b285e77b9,00000000-0000-0000-0000-000000000000,2025-11-28 09:01:54,2025-11-28 09:01:54
52556086-d37c-4f51-be57-6eff99e9e461,transfer,confirmed,TRF-20260314-0123,b528f2e0-cbfd-450f-a91e-9a0ff9edcfbc,fd38757f-b9c6-492b-891c-59d70c675050,00000000-0000-0000-0000-000000000000,2025-07-07 09:01:54,2025-07-07 09:01:54
e86af483-8261-409b-a6fa-84e31d1dfb0b,receipt,draft,RCP-20260314-0174,,b6d4db6e-852a-41f3-b68a-a06150aebe52,00000000-0000-0000-0000-000000000000,2025-07-25 09:01:54,2025-07-25 09:01:54
df494dd0-ed91-4724-bb5e-5c3c512aacbc,transfer,confirmed,TRF-20260314-0124,7ae4e730-0196-41e3-87e6-cc20044e303e,9a54c254-72e6-4eee-a901-452ae9c67174,00000000-0000-0000-0000-000000000000,2025-12-12 09:01:54,2025-12-12 09:01:54
1e7c0086-53fb-4c53-b1a7-e4d73c0b1fdb,delivery,completed,DLV-20260314-0182,2fa45338-6f3b-4fe7-a350-ff948977908b,,00000000-0000-0000-0000-000000000000,2025-05-02 09:01:54,2025-05-02 09:01:54
e4b14503-89b3-472c-8d56-db40e6cf02fa,transfer,completed,TRF-20260314-0125,7bf89ea6-4150-4346-8a30-f6f1e010b9e3,4586e87f-cfe8-431d-90f1-bb4c9caa4449,00000000-0000-0000-0000-000000000000,2025-12-29 09:01:54,2025-12-29 09:01:54
7459317a-2ecd-4421-9019-56ac096aa97b,delivery,completed,DLV-20260314-0183,1218b0e4-ff7a-40fa-921a-da0ae9c2d721,,00000000-0000-0000-0000-000000000000,2025-10-01 09:01:54,2025-10-01 09:01:54
6eaafe38-7cad-4412-9574-4a7485215db0,delivery,completed,DLV-20260314-0184,67e0a767-e78b-41cb-99a8-fd3ed13e8888,,00000000-0000-0000-0000-000000000000,2025-04-24 09:01:54,2025-04-24 09:01:54
2db1e2f9-217f-421c-8491-a6bd2bd2a5e5,delivery,completed,DLV-20260314-0185,b8917d8a-c55e-4c4f-8a3d-aa15cd9dfd97,,00000000-0000-0000-0000-000000000000,2025-12-11 09:01:54,2025-12-11 09:01:54
10801272-4635-4a97-9780-4c6b5e036fd2,delivery,completed,DLV-20260314-0186,c976fb94-f6a4-4943-9450-b34a019e7885,,00000000-0000-0000-0000-000000000000,2025-03-31 09:01:54,2025-03-31 09:01:54
ce8f46e8-ddf7-4ed9-b0cc-a201ae7783ab,transfer,completed,TRF-20260314-0126,3e4b3282-c5de-449c-a234-f7348ef038ba,4fb59a0e-8740-435a-a708-66fa465933ac,00000000-0000-0000-0000-000000000000,2026-01-06 09:01:54,2026-01-06 09:01:54
680949c5-98aa-4466-9b27-652efc5fa95f,receipt,completed,RCP-20260314-0175,,32d50c4d-c165-4d1b-a755-6859b6c9c992,00000000-0000-0000-0000-000000000000,2025-08-28 09:01:54,2025-08-28 09:01:54
3308f00f-62c9-444a-9e94-3cc78e625192,delivery,draft,DLV-20260314-0187,6f40b096-57ad-4d84-9036-066a1df3e9a7,,00000000-0000-0000-0000-000000000000,2025-05-28 09:01:54,2025-05-28 09:01:54
972d0c6a-9a3d-4a3a-8111-70a312d8c25d,receipt,confirmed,RCP-20260314-0176,,86bd1ffd-9dcc-4fce-9c97-371783b60baf,00000000-0000-0000-0000-000000000000,2025-06-05 09:01:54,2025-06-05 09:01:54
f33cbca2-fb46-4291-a7fc-c5d3677cfc93,transfer,completed,TRF-20260314-0127,270c2394-1f8c-4d1d-b57d-e7531e500828,66673b56-89df-4898-aad2-14adfbef31c0,00000000-0000-0000-0000-000000000000,2025-03-27 09:01:54,2025-03-27 09:01:54
47eb4bbe-1699-4001-be6f-5b4e1e93610a,transfer,completed,TRF-20260314-0128,a9927022-496e-44de-a1c3-9dc50ef6fe95,b3456fa4-cd87-4ed8-92ac-0980544480f8,00000000-0000-0000-0000-000000000000,2025-12-04 09:01:54,2025-12-04 09:01:54
ab352b35-5f84-4d5e-8da8-bf735e5d9a85,transfer,completed,TRF-20260314-0129,eb0f56fb-6f08-4849-9fa9-c4154e3ebec6,1d67aa0e-c22c-4e07-b399-0b3d25104dea,00000000-0000-0000-0000-000000000000,2025-09-03 09:01:54,2025-09-03 09:01:54
1e9a93b2-6dff-436b-a2dd-348455f4ff97,adjustment,completed,ADJ-20260314-0085,b8466595-c5c2-4f4d-840c-f21f68a4db11,,00000000-0000-0000-0000-000000000000,2026-02-25 09:01:54,2026-02-25 09:01:54
01d8fd64-96dc-4db3-ba4e-f78ccdf06af1,receipt,draft,RCP-20260314-0177,,fe7933a6-848d-4f8e-8a4f-cd5159d389da,00000000-0000-0000-0000-000000000000,2026-01-08 09:01:54,2026-01-08 09:01:54
e739ab2f-e23c-406f-bb4c-fa7f01012aa5,delivery,completed,DLV-20260314-0188,4ff81c11-aaba-4a19-9e1e-db4443307087,,00000000-0000-0000-0000-000000000000,2025-12-21 09:01:54,2025-12-21 09:01:54
fd7f00c6-84aa-46e6-b727-b0513fbaf109,transfer,confirmed,TRF-20260314-0130,895d70e4-2fa2-49d3-b7ca-35cc129008d9,8a3e2001-dd55-4190-9cb6-bc97aa7cb4b8,00000000-0000-0000-0000-000000000000,2025-06-14 09:01:54,2025-06-14 09:01:54
edb1d4c4-05d6-4c9e-8453-044a5e032246,delivery,completed,DLV-20260314-0189,b9fb78c5-4945-424c-84cd-458886d7280b,,00000000-0000-0000-0000-000000000000,2026-02-01 09:01:54,2026-02-01 09:01:54
a52a4345-afda-4dd8-86d5-75c502c3c4e6,receipt,completed,RCP-20260314-0178,,02e268fe-2d40-4066-b662-fe60ab750267,00000000-0000-0000-0000-000000000000,2025-05-15 09:01:54,2025-05-15 09:01:54
9eb912e3-cd79-4d6d-b2ba-17869bee7cdb,receipt,draft,RCP-20260314-0179,,ecfc68f0-d1f1-47ff-9635-2c43cbd5e302,00000000-0000-0000-0000-000000000000,2025-03-30 09:01:54,2025-03-30 09:01:54
36130e52-9e44-476c-bb62-e13579c18ef6,adjustment,completed,ADJ-20260314-0086,81b72603-3651-47d0-b077-14dc26bedb55,,00000000-0000-0000-0000-000000000000,2025-06-27 09:01:54,2025-06-27 09:01:54
e2de9853-5db7-419f-9c31-23428e4ab8fe,adjustment,draft,ADJ-20260314-0087,7622f106-e83a-466c-a66c-e50d5b1bd3fd,,00000000-0000-0000-0000-000000000000,2026-02-11 09:01:54,2026-02-11 09:01:54
c0ccc7a5-7e14-4df3-afcf-d6c8579c4172,transfer,completed,TRF-20260314-0131,e37f2479-44ee-4a33-ac7a-92e32e318fce,22b39f5d-b3f4-4db9-8a8b-2412474a9fd4,00000000-0000-0000-0000-000000000000,2025-04-11 09:01:54,2025-04-11 09:01:54
86566c11-c407-4102-a271-9ecbeca404f2,delivery,completed,DLV-20260314-0190,b43d2a3d-299a-4164-9a4b-018a1a27e11b,,00000000-0000-0000-0000-000000000000,2025-03-26 09:01:54,2025-03-26 09:01:54
f1cfe7d6-1de9-43fd-be08-202fa231af53,transfer,draft,TRF-20260314-0132,6959036f-c4e5-4132-bde3-75d82a51e295,757c63fb-e229-4a2b-9b27-deffd9b26d1f,00000000-0000-0000-0000-000000000000,2025-12-06 09:01:54,2025-12-06 09:01:54
6f6d6539-694e-4dfe-afbf-a42685b804b8,delivery,completed,DLV-20260314-0191,6946050f-0569-4aa3-b0e9-1832ae7e560f,,00000000-0000-0000-0000-000000000000,2026-01-30 09:01:54,2026-01-30 09:01:54
083c5a8c-4c6a-42a2-89af-ac8c5fae94eb,transfer,draft,TRF-20260314-0133,dc3dbe3c-c2ab-431e-8eb3-8f3b2feef3bf,de73ebab-b366-4e3f-8d79-e4b71bf6876d,00000000-0000-0000-0000-000000000000,2025-07-04 09:01:54,2025-07-04 09:01:54
18cd10f9-3187-4c50-a8a2-6b4cc4270075,adjustment,draft,ADJ-20260314-0088,3c452aed-0f08-47dc-8a54-d3e9e300f9e2,,00000000-0000-0000-0000-000000000000,2025-06-25 09:01:54,2025-06-25 09:01:54
6fdb238b-0546-4693-a986-48a5774e3d40,adjustment,completed,ADJ-20260314-0089,145d3a01-8f09-497a-b991-20ba1f564a02,,00000000-0000-0000-0000-000000000000,2025-08-08 09:01:54,2025-08-08 09:01:54
0e43754e-849c-4244-995f-6caaad6f7358,transfer,draft,TRF-20260314-0134,dc8c3f6f-e607-41bf-9c62-8bdb9a7f7bf2,58b2ceeb-20dc-429c-b82e-cad921ee5392,00000000-0000-0000-0000-000000000000,2025-12-31 09:01:54,2025-12-31 09:01:54
c34a2157-f26b-4ae9-97cc-57abb4f17234,adjustment,completed,ADJ-20260314-0090,e8b96dcf-06e7-4c7e-bce0-40f548e83200,,00000000-0000-0000-0000-000000000000,2025-04-06 09:01:54,2025-04-06 09:01:54
d8dd3458-e42d-410e-a112-68cf159eca9e,adjustment,draft,ADJ-20260314-0091,a8def99c-85ee-4e18-904c-801d8b5685bb,,00000000-0000-0000-0000-000000000000,2025-09-25 09:01:54,2025-09-25 09:01:54
e6a9c017-6d89-4113-8fd6-b855050b6f79,transfer,draft,TRF-20260314-0135,18f7e8d2-a255-4fba-8541-8d2eade25d0e,7de95a89-c7fe-4df1-a588-07c1c33b82b2,00000000-0000-0000-0000-000000000000,2025-07-10 09:01:54,2025-07-10 09:01:54
db38d4f2-0acf-4193-867b-cb2c96ea4f59,receipt,draft,RCP-20260314-0180,,a3bb136f-a837-4a24-8ecd-6e323178e1d3,00000000-0000-0000-0000-000000000000,2025-09-02 09:01:54,2025-09-02 09:01:54
7dbdc337-0265-48b9-a604-f32f2a3b5541,receipt,completed,RCP-20260314-0181,,1106cbc7-5772-440f-8195-0d5cfb6e29c1,00000000-0000-0000-0000-000000000000,2025-08-02 09:01:54,2025-08-02 09:01:54
62143228-2823-4e00-b479-c2725d888509,delivery,confirmed,DLV-20260314-0192,e88448e5-61c1-4c31-a92b-32d87adaa45d,,00000000-0000-0000-0000-000000000000,2025-11-14 09:01:54,2025-11-14 09:01:54
3dc8496b-dd05-40d8-804e-1bd6e5a950e0,delivery,completed,DLV-20260314-0193,6d4d70a3-9d53-4274-bf13-9785bb307982,,00000000-0000-0000-0000-000000000000,2025-08-29 09:01:54,2025-08-29 09:01:54
6782b2e5-c829-45e5-adfb-cbbf7d4b9f1d,delivery,draft,DLV-20260314-0194,4c52abd6-dda0-48d6-a9e3-b8a66236dec6,,00000000-0000-0000-0000-000000000000,2025-08-14 09:01:54,2025-08-14 09:01:54
dae443bd-d3cf-4eb6-a30f-72d9a28aefe7,adjustment,confirmed,ADJ-20260314-0092,074848d3-296c-458f-bb99-05a1417e2cd4,,00000000-0000-0000-0000-000000000000,2026-01-19 09:01:54,2026-01-19 09:01:54
4c6d94e0-4c5f-46d3-9979-af5677796b98,receipt,draft,RCP-20260314-0182,,5684c0b6-ca62-48ea-bb36-63d7e0690e1f,00000000-0000-0000-0000-000000000000,2025-09-01 09:01:54,2025-09-01 09:01:54
f55894db-2762-48ef-89d7-8d31ab5e9e3a,receipt,draft,RCP-20260314-0183,,92c57f6c-6272-480d-ad34-f357a4b3cdd3,00000000-0000-0000-0000-000000000000,2025-07-25 09:01:54,2025-07-25 09:01:54
247a95da-4d17-4eab-839d-7707c11fdb4c,receipt,completed,RCP-20260314-0184,,a93fbb1d-348c-4850-92bf-f5bab667d2ef,00000000-0000-0000-0000-000000000000,2025-09-12 09:01:54,2025-09-12 09:01:54
c7b8f1c6-b99a-455d-8776-2ae513745609,delivery,confirmed,DLV-20260314-0195,088a06f7-d7db-4f2d-adcf-7c00911daccb,,00000000-0000-0000-0000-000000000000,2025-12-08 09:01:54,2025-12-08 09:01:54
e418fbd9-5ed3-4e56-a5ff-b44c7cd0f955,receipt,completed,RCP-20260314-0185,,9775d713-e3b1-4a08-8898-b8c394b32601,00000000-0000-0000-0000-000000000000,2025-07-26 09:01:54,2025-07-26 09:01:54
9b4ed322-3f81-4782-8594-f71cd921543f,transfer,completed,TRF-20260314-0136,7b4304b2-7973-4915-b2f8-117da2c3ec54,4b9d5254-2deb-41c1-84a6-769cab90081c,00000000-0000-0000-0000-000000000000,2025-10-20 09:01:54,2025-10-20 09:01:54
5a771db9-40e1-4f4b-856d-38431d475e41,transfer,confirmed,TRF-20260314-0137,e9e7f2fa-7589-470d-9b03-63c9b3d401a1,2361d151-494b-4094-ab20-6b0ba692e698,00000000-0000-0000-0000-000000000000,2025-08-10 09:01:54,2025-08-10 09:01:54
57f86665-de89-4bdf-aec8-4d1dc69a770c,adjustment,completed,ADJ-20260314-0093,92b3d04f-fa99-42e0-b73d-02fb0fe419c8,,00000000-0000-0000-0000-000000000000,2025-11-02 09:01:54,2025-11-02 09:01:54
f63558c6-d215-4b9a-966d-42cc0872a225,delivery,completed,DLV-20260314-0196,15d6781a-6a70-4bed-b5f0-c6f0b37de8a5,,00000000-0000-0000-0000-000000000000,2026-01-10 09:01:54,2026-01-10 09:01:54
5b0330e3-3bb0-4ff0-bac1-22ab465018ec,transfer,completed,TRF-20260314-0138,e0aacbce-29a3-4c09-94f3-6931d3ec9a41,892e3991-3e0d-4a69-a54d-1e1f3c4171be,00000000-0000-0000-0000-000000000000,2026-02-03 09:01:54,2026-02-03 09:01:54
d03258e3-bf5f-42bd-b918-0821754fd646,transfer,completed,TRF-20260314-0139,ba9e1625-40e3-46c5-80aa-7278b6101f14,c5272cb5-1403-4c2e-a71b-79d7d926f7b9,00000000-0000-0000-0000-000000000000,2026-02-22 09:01:54,2026-02-22 09:01:54
daff73e0-48e1-443b-9a8b-a20e05dda2af,transfer,draft,TRF-20260314-0140,48d9d00f-f5d9-4d0b-b7c6-ad2c3a8c8dec,0a2c7a35-798f-4b04-a016-fb23cdf940c1,00000000-0000-0000-0000-000000000000,2025-10-22 09:01:54,2025-10-22 09:01:54
733992f0-adc6-428d-badc-68448480d701,receipt,completed,RCP-20260314-0186,,02457ff6-87a4-4c6f-8552-5344d0477313,00000000-0000-0000-0000-000000000000,2025-06-23 09:01:54,2025-06-23 09:01:54
44795aa0-481d-4018-bc06-c1f676d769f9,receipt,completed,RCP-20260314-0187,,994adbb5-3f99-4d0e-b5ce-5e039356bfec,00000000-0000-0000-0000-000000000000,2025-08-09 09:01:54,2025-08-09 09:01:54
7563645a-9b8f-4116-8207-b3f81b912873,receipt,completed,RCP-20260314-0188,,d8d0cbb4-ea0e-4d1a-b05b-e813028f5383,00000000-0000-0000-0000-000000000000,2026-02-14 09:01:54,2026-02-14 09:01:54
8201293e-dbcd-438e-a673-a171541428de,delivery,draft,DLV-20260314-0197,ba52871e-8203-4c21-8114-650a56277b0a,,00000000-0000-0000-0000-000000000000,2025-12-13 09:01:54,2025-12-13 09:01:54
90300a9e-67e3-4560-a9f9-dbf4381d659c,transfer,confirmed,TRF-20260314-0141,cf4201ea-c5f1-4aad-b0a0-45472f107aa9,00b6e5a0-21a8-4db6-bf32-6158c7f9ae05,00000000-0000-0000-0000-000000000000,2025-12-08 09:01:54,2025-12-08 09:01:54
f2f6e237-95d8-46f2-8c58-ba9bd9a24e97,adjustment,draft,ADJ-20260314-0094,034393b0-d708-4f05-adde-8a8ec25df42e,,00000000-0000-0000-0000-000000000000,2025-04-06 09:01:54,2025-04-06 09:01:54
0713bacf-955f-4118-924f-f77761f15f45,receipt,completed,RCP-20260314-0189,,12451262-5aeb-4bbc-82da-1c1f4c36d25d,00000000-0000-0000-0000-000000000000,2025-11-08 09:01:54,2025-11-08 09:01:54
2577e6b2-e3b3-4f24-a8c9-5fa867b3b628,receipt,draft,RCP-20260314-0190,,191707ff-bf9c-4a66-b488-8111147bf18f,00000000-0000-0000-0000-000000000000,2025-05-01 09:01:54,2025-05-01 09:01:54
bfb44e37-0f00-4259-a0f5-13f66962ef7e,transfer,draft,TRF-20260314-0142,3c1591a4-9143-4638-b55a-caa3eced1909,b9456e3c-1f11-41c4-a41e-b0a9f24f825c,00000000-0000-0000-0000-000000000000,2025-08-21 09:01:54,2025-08-21 09:01:54
6f676825-f360-4b69-acce-268d946a9843,delivery,completed,DLV-20260314-0198,e60d265b-d491-40a2-8bd3-9e11937f4813,,00000000-0000-0000-0000-000000000000,2026-01-12 09:01:54,2026-01-12 09:01:54
aa36eaf2-f1b1-47b1-8f39-85d076ec18a6,receipt,completed,RCP-20260314-0191,,fbdddf55-b651-4846-bd94-22ff012f76ac,00000000-0000-0000-0000-000000000000,2025-07-22 09:01:54,2025-07-22 09:01:54
7a3bd104-4dfe-4543-9f2b-574145a5ae6c,transfer,completed,TRF-20260314-0143,b8a78d62-34a4-4af8-b977-37e70d957bb0,0506d20d-8a7d-4149-8362-98e64601096c,00000000-0000-0000-0000-000000000000,2025-11-25 09:01:54,2025-11-25 09:01:54
96ccf2b4-0026-4b16-9d5f-1c6f9796b81b,transfer,completed,TRF-20260314-0144,ab107327-266a-47d6-b2fc-03b65971fcf5,cbb0cbec-b9af-4487-9410-a9e35216cc0b,00000000-0000-0000-0000-000000000000,2025-11-06 09:01:54,2025-11-06 09:01:54
ead6207d-6904-4107-8867-9afbf94f61ca,transfer,draft,TRF-20260314-0145,7c9cde37-8905-46f3-81f6-09b4ec62e585,27507c8c-93e0-42bd-b2be-38acf06bd6e9,00000000-0000-0000-0000-000000000000,2025-11-11 09:01:54,2025-11-11 09:01:54
bb5b2943-0c5b-401f-80e0-bd79c67d55be,receipt,confirmed,RCP-20260314-0192,,313e31ef-8df5-4641-a0a7-9d4d0958ad88,00000000-0000-0000-0000-000000000000,2025-03-27 09:01:54,2025-03-27 09:01:54
1ed40569-5029-48c6-ba6c-ce6b10050d4c,delivery,draft,DLV-20260314-0199,1969ad25-7f59-4d09-9b65-01d7d6625739,,00000000-0000-0000-0000-000000000000,2025-06-15 09:01:54,2025-06-15 09:01:54
6a8e5f79-2af5-46e8-af33-7217c82962de,transfer,completed,TRF-20260314-0146,1779a508-8ba8-4fee-8f06-d4d9b7254a73,2e06c26f-7aa2-4173-86ea-5efe719f3137,00000000-0000-0000-0000-000000000000,2026-02-06 09:01:54,2026-02-06 09:01:54
7e76e7c6-9d1e-4d44-84f0-329d33a4844c,receipt,completed,RCP-20260314-0193,,2c6fe23b-df07-44ad-aff5-3adcfcc61481,00000000-0000-0000-0000-000000000000,2025-05-26 09:01:54,2025-05-26 09:01:54
86b20d8b-2f61-45a0-aaa5-539cbeb6500f,transfer,completed,TRF-20260314-0147,edb80f22-c87d-4226-9607-b508dcbf7d35,b3d735ce-5bda-410c-8478-a26f8dc94f55,00000000-0000-0000-0000-000000000000,2025-12-28 09:01:54,2025-12-28 09:01:54
56eed04e-6742-4611-ac27-f2f555b27741,adjustment,draft,ADJ-20260314-0095,9b9529eb-131d-4b5c-8807-919d5ab559a6,,00000000-0000-0000-0000-000000000000,2026-01-07 09:01:54,2026-01-07 09:01:54
2bc5169d-e7d1-43cf-b3e4-df64fc79c5b6,adjustment,completed,ADJ-20260314-0096,0376ff0e-07bc-4806-a0e5-8cf011e3d98e,,00000000-0000-0000-0000-000000000000,2025-11-05 09:01:54,2025-11-05 09:01:54
4e739825-9447-4eb7-8d6c-0e6ed6cc5a91,delivery,draft,DLV-20260314-0200,6e10fe0b-b01e-4fd2-8e4d-dbcd389b35fe,,00000000-0000-0000-0000-000000000000,2026-02-15 09:01:54,2026-02-15 09:01:54
0aa35ba3-3205-427f-bc4f-ea9cb5c4fc91,receipt,draft,RCP-20260314-0194,,22d7c6ce-691b-4937-aae3-3c9f1d5aa4ef,00000000-0000-0000-0000-000000000000,2025-04-15 09:01:54,2025-04-15 09:01:54
1e50d237-7143-4cbc-aa28-226c88a32d6f,transfer,completed,TRF-20260314-0148,000e75de-791c-43f9-8826-ba277e204bc5,b6f9c9eb-4c60-4d7b-a106-f7f97370a5ac,00000000-0000-0000-0000-000000000000,2025-10-28 09:01:54,2025-10-28 09:01:54
a03e0ef8-d20d-48f6-9145-ac969d91b61c,delivery,draft,DLV-20260314-0201,e7c4892b-9a5e-44ca-a43d-5823332b430d,,00000000-0000-0000-0000-000000000000,2025-12-13 09:01:54,2025-12-13 09:01:54
de4e1cc9-ec72-42b1-b7c8-b84ef47015fd,transfer,completed,TRF-20260314-0149,7e930f19-4457-4324-a8be-a38f19eb59e2,8ac3eedb-f6c2-4857-8a71-513411586cfa,00000000-0000-0000-0000-000000000000,2025-11-08 09:01:54,2025-11-08 09:01:54
df4043f3-ca4e-4495-b070-b7380fa38355,delivery,draft,DLV-20260314-0202,e0015169-09bd-4c9e-b2a2-e3ea795b70a5,,00000000-0000-0000-0000-000000000000,2025-10-30 09:01:54,2025-10-30 09:01:54
c60aff20-c301-496e-a9e5-32a4408a0118,delivery,confirmed,DLV-20260314-0203,9bd23174-4b4a-4c4f-b63f-0be68a9f0f55,,00000000-0000-0000-0000-000000000000,2025-11-12 09:01:54,2025-11-12 09:01:54
5ed0fbcb-ddc3-40ea-b14c-9739b9787cc3,transfer,completed,TRF-20260314-0150,89ff83b3-6d00-412a-a9ec-8d5df8adf809,fc636f51-3337-4516-9a74-cda308edbc3b,00000000-0000-0000-0000-000000000000,2025-07-04 09:01:54,2025-07-04 09:01:54
135bd7d3-5241-43ea-8e71-74bacb5c563b,transfer,completed,TRF-20260314-0151,ecac9afb-ad40-4bf2-92e8-80fc0d5e55fb,66ba1e2e-8b9a-4e6c-8abe-5d2b365935c5,00000000-0000-0000-0000-000000000000,2025-05-19 09:01:54,2025-05-19 09:01:54
adbbce3c-02c7-4bd6-8ef7-15691aaba994,receipt,draft,RCP-20260314-0195,,2c29c4d7-f1a5-4d00-a041-a73aebc53468,00000000-0000-0000-0000-000000000000,2025-08-03 09:01:54,2025-08-03 09:01:54
e9fdd1c3-98e5-46ff-ba03-d43a14d43c42,adjustment,draft,ADJ-20260314-0097,12a03ae5-422e-4532-97c6-652e0ae9d64e,,00000000-0000-0000-0000-000000000000,2025-07-24 09:01:54,2025-07-24 09:01:54
fa74a1c0-5bb6-46e1-9ea4-ebba044665e5,transfer,completed,TRF-20260314-0152,db9e9209-f8f5-46a9-af8c-b0aa827e3e78,bb7202bc-d1e0-41a0-bf97-3ebc6d04a37f,00000000-0000-0000-0000-000000000000,2025-10-22 09:01:54,2025-10-22 09:01:54
0f816147-780c-466c-ae85-784426326be0,adjustment,completed,ADJ-20260314-0098,cc5404fc-ba86-4214-8f05-eb57645e9295,,00000000-0000-0000-0000-000000000000,2025-09-16 09:01:54,2025-09-16 09:01:54
7c357269-0013-4304-9e4a-cc3ff9766eba,adjustment,completed,ADJ-20260314-0099,531ecfcd-f6fd-4e7d-bd19-244eabfa6dca,,00000000-0000-0000-0000-000000000000,2025-05-13 09:01:54,2025-05-13 09:01:54
0d6738a2-6bf1-47fc-8e87-29379734c509,adjustment,completed,ADJ-20260314-0100,d3dd6c5a-60b9-4989-b591-421686623024,,00000000-0000-0000-0000-000000000000,2025-11-22 09:01:54,2025-11-22 09:01:54
af04fc94-6173-439c-9c34-62356f3e02a9,adjustment,draft,ADJ-20260314-0101,2c6d862f-63cb-48c5-8e70-bbba479a6a30,,00000000-0000-0000-0000-000000000000,2026-01-12 09:01:54,2026-01-12 09:01:54
984a3d32-1b7b-4135-82cc-38fe8aa3c836,receipt,completed,RCP-20260314-0196,,8810a479-bc7e-4f5d-b4ce-0861824dea19,00000000-0000-0000-0000-000000000000,2025-11-18 09:01:54,2025-11-18 09:01:54
4741fc89-535d-432c-9333-ea587a455e1b,delivery,draft,DLV-20260314-0204,2e4a110a-9422-4b35-b2ba-7b45c6201854,,00000000-0000-0000-0000-000000000000,2025-08-01 09:01:54,2025-08-01 09:01:54
5a386015-4e5c-4521-b002-597ab0834baf,receipt,draft,RCP-20260314-0197,,4d2a020d-492a-45ec-abc4-8dc8d4874601,00000000-0000-0000-0000-000000000000,2025-09-06 09:01:54,2025-09-06 09:01:54
a9175810-d890-4541-b5b1-f9f220433cf9,delivery,completed,DLV-20260314-0205,92675e0b-088a-4f25-aed0-a634c7ca9f17,,00000000-0000-0000-0000-000000000000,2026-03-12 09:01:54,2026-03-12 09:01:54
c263a910-0be7-4059-9ce7-8b612258cc54,adjustment,completed,ADJ-20260314-0102,b3e8da84-a809-4c48-aa5e-ae619d452aac,,00000000-0000-0000-0000-000000000000,2025-12-10 09:01:54,2025-12-10 09:01:54
0ec1823f-62d3-42aa-9fa4-30435d16f8db,receipt,completed,RCP-20260314-0198,,dd37a687-9ac5-45db-83a3-b78492fb1432,00000000-0000-0000-0000-000000000000,2025-11-02 09:01:54,2025-11-02 09:01:54
e645ebb2-35ca-44b1-9091-001e25a1b443,adjustment,completed,ADJ-20260314-0103,745e6592-820f-43e1-b35e-342f714af77e,,00000000-0000-0000-0000-000000000000,2026-02-01 09:01:54,2026-02-01 09:01:54
2229f61a-06ad-487c-9cfa-95afadd3c080,transfer,completed,TRF-20260314-0153,fc74d9a4-0234-440e-b575-98630ffdaee4,c0f376d8-fee1-406a-ba92-07fc39119fa6,00000000-0000-0000-0000-000000000000,2026-01-02 09:01:54,2026-01-02 09:01:54
e1db7ca7-5a72-4056-90fe-a1a9ee016dcf,transfer,completed,TRF-20260314-0154,8fdb4776-ca6c-441e-a9dc-b080d376c8f8,9a54c254-72e6-4eee-a901-452ae9c67174,00000000-0000-0000-0000-000000000000,2025-05-30 09:01:54,2025-05-30 09:01:54
b1766d60-6c56-43ac-8f04-d2fd35a6116b,delivery,completed,DLV-20260314-0206,aa69224c-ee95-4441-847f-a45190c5ea11,,00000000-0000-0000-0000-000000000000,2025-04-08 09:01:54,2025-04-08 09:01:54
1b726636-2288-4557-a221-9d8bfb718b0c,delivery,draft,DLV-20260314-0207,04365a68-d96a-441f-8ff9-eac129c2005d,,00000000-0000-0000-0000-000000000000,2025-07-28 09:01:54,2025-07-28 09:01:54
10d9cfda-f891-4e73-8c55-9e54f4039378,adjustment,completed,ADJ-20260314-0104,c12f88e9-6ad7-48b5-92cd-53735f85e2e8,,00000000-0000-0000-0000-000000000000,2025-06-03 09:01:54,2025-06-03 09:01:54
5c9f69af-6eb0-4b67-abf3-21213e081958,adjustment,completed,ADJ-20260314-0105,aa288b8f-0eb8-4785-93c6-bb17bf0e4cf7,,00000000-0000-0000-0000-000000000000,2025-08-09 09:01:54,2025-08-09 09:01:54
e93f73b7-baf5-489f-9f49-4e7811bf76ba,transfer,completed,TRF-20260314-0155,a04fe400-c892-4dda-b304-44fad747c35e,bf61db9b-1b48-4c05-9230-af61d77f80a6,00000000-0000-0000-0000-000000000000,2025-06-21 09:01:54,2025-06-21 09:01:54
4e8c377f-a728-4acc-95fb-ff05f3a9018f,transfer,completed,TRF-20260314-0156,0a1a60fb-5d04-43b0-9a56-3afb1f437c87,c8de0daf-f982-4c78-a830-cf3b246b1196,00000000-0000-0000-0000-000000000000,2026-01-09 09:01:54,2026-01-09 09:01:54
f9af1fa6-5bd6-4dd8-9e13-88fcbd6fa3cd,receipt,draft,RCP-20260314-0199,,7dab9647-cc4c-4e35-97d3-2198553f8051,00000000-0000-0000-0000-000000000000,2025-12-17 09:01:54,2025-12-17 09:01:54
47a05010-5b14-4176-b437-c6d21218d744,transfer,completed,TRF-20260314-0157,a97005ea-82ce-4513-90c0-260bc453865f,9db2975a-be12-4be8-a47b-1c24c2e390b8,00000000-0000-0000-0000-000000000000,2025-11-21 09:01:54,2025-11-21 09:01:54
751e4404-2e33-4103-91bb-03475e2b0be9,delivery,draft,DLV-20260314-0208,6a802876-b255-46a7-a719-1c60162a57f6,,00000000-0000-0000-0000-000000000000,2025-09-02 09:01:54,2025-09-02 09:01:54
5e6d8859-3b65-4883-985d-5054e7629372,transfer,draft,TRF-20260314-0158,ea8369b6-019f-440b-a459-c40e03de417f,a650a77a-55b1-469d-ac0e-138a61d51333,00000000-0000-0000-0000-000000000000,2026-02-17 09:01:54,2026-02-17 09:01:54
0215490d-1a3f-43e5-a0a8-acc7336fadd8,receipt,completed,RCP-20260314-0200,,632440f1-1d65-4ab5-935c-4ac4e786fdb8,00000000-0000-0000-0000-000000000000,2025-11-05 09:01:54,2025-11-05 09:01:54
36d85809-49f1-4d6c-94f3-274ec88e2c28,adjustment,completed,ADJ-20260314-0106,837afe3e-0a1f-49d0-a55a-437221f382e4,,00000000-0000-0000-0000-000000000000,2025-08-03 09:01:54,2025-08-03 09:01:54
18cc9fac-a262-42ed-b066-a08c96628ec5,transfer,draft,TRF-20260314-0159,98f13ecb-6cb7-4250-8d54-0d734ed761f8,2e23c6c6-9832-40de-b982-5776007557f6,00000000-0000-0000-0000-000000000000,2025-08-19 09:01:54,2025-08-19 09:01:54
08ba1fe6-b9ed-443e-8e01-626fd5e3ce14,adjustment,draft,ADJ-20260314-0107,b58b5075-c483-4c2a-ac98-fb1f6a4fe716,,00000000-0000-0000-0000-000000000000,2025-12-22 09:01:54,2025-12-22 09:01:54
1ceaea99-76d8-4f56-8751-98de10eb9f26,delivery,completed,DLV-20260314-0209,249712d9-f515-4fd8-93f4-3c2143ed091d,,00000000-0000-0000-0000-000000000000,2025-03-16 09:01:54,2025-03-16 09:01:54
522e2129-4e39-48f7-8319-1c39f5818a04,delivery,completed,DLV-20260314-0210,861d3e87-843e-4c29-9f9a-6afcb3d01af6,,00000000-0000-0000-0000-000000000000,2026-03-12 09:01:54,2026-03-12 09:01:54
08d9ecfb-88ce-4c85-bf63-94ac1aac4d83,receipt,draft,RCP-20260314-0201,,55e783a0-40db-4b20-908a-0052ed735847,00000000-0000-0000-0000-000000000000,2025-07-16 09:01:54,2025-07-16 09:01:54
345b6a56-defc-4e5c-9147-15f804917621,delivery,completed,DLV-20260314-0211,f7c59676-62cb-4c00-819b-1f7421e44faf,,00000000-0000-0000-0000-000000000000,2026-02-18 09:01:54,2026-02-18 09:01:54
e2a7ebce-3a29-483b-910c-f49607aacabd,delivery,completed,DLV-20260314-0212,aa43fff6-18e6-4142-bce9-8debf2fc4c2a,,00000000-0000-0000-0000-000000000000,2025-04-08 09:01:54,2025-04-08 09:01:54
f4b6f306-e713-4381-9b7c-923a162f3921,delivery,completed,DLV-20260314-0213,6f5e1a02-5560-4b10-aedf-bdf56ac3a49c,,00000000-0000-0000-0000-000000000000,2025-11-30 09:01:54,2025-11-30 09:01:54
7fd63801-9ae1-48ce-91ac-d7801db3c7b9,receipt,completed,RCP-20260314-0202,,98759c8e-52a5-44f5-8752-768e8a22ca21,00000000-0000-0000-0000-000000000000,2025-09-10 09:01:54,2025-09-10 09:01:54
c0458232-7cb1-4193-ad52-1b89f40a5bf2,receipt,completed,RCP-20260314-0203,,4ebf25e8-e114-4227-be31-34b4cef5b442,00000000-0000-0000-0000-000000000000,2025-10-30 09:01:54,2025-10-30 09:01:54
51335a7e-463c-4317-917e-1508d17d387e,transfer,completed,TRF-20260314-0160,20854d8f-20a8-45a6-99b5-af497fc04b98,1c088b98-3c40-4ff4-960b-044baf6a6877,00000000-0000-0000-0000-000000000000,2025-05-17 09:01:54,2025-05-17 09:01:54
a655b389-e3e7-4871-a73d-279b62e84e3b,transfer,completed,TRF-20260314-0161,53d43c28-a296-4535-b075-ed5ed487e016,1c1b55cf-6b8b-471c-84ab-661377fc1455,00000000-0000-0000-0000-000000000000,2025-08-18 09:01:54,2025-08-18 09:01:54
7f957c36-adf8-4b4a-84f0-cd7ba7754930,adjustment,completed,ADJ-20260314-0108,68d8906f-6125-4e12-bf81-c66c53472956,,00000000-0000-0000-0000-000000000000,2025-09-30 09:01:54,2025-09-30 09:01:54
d5f1fcc6-ae39-4bf9-a553-f5d1323b5235,receipt,draft,RCP-20260314-0204,,86aefa0a-9f60-4430-8311-eab3322b8888,00000000-0000-0000-0000-000000000000,2025-10-28 09:01:54,2025-10-28 09:01:54
2d563fef-5d1b-4d9f-8828-61299c85297d,delivery,completed,DLV-20260314-0214,094505e2-a145-41bc-a29c-530b0a979d15,,00000000-0000-0000-0000-000000000000,2025-12-10 09:01:54,2025-12-10 09:01:54
713a9fa1-b96d-4eee-abe2-f37109a3ec22,adjustment,completed,ADJ-20260314-0109,1352ad4a-ff1f-4ae2-a6a3-0c293d4e249d,,00000000-0000-0000-0000-000000000000,2025-03-16 09:01:54,2025-03-16 09:01:54
87eb15e2-e4c9-473f-a784-b58bb7d47e3f,receipt,completed,RCP-20260314-0205,,371cad78-148c-4304-871c-44fab22d2b87,00000000-0000-0000-0000-000000000000,2026-02-06 09:01:54,2026-02-06 09:01:54
3ec9233b-1cba-4ce6-b0e4-8e01ac810e11,transfer,completed,TRF-20260314-0162,2c67e6dc-1b2e-4cb4-8a59-8b531e929951,60adde3a-fa22-4030-a23b-e33955d8512c,00000000-0000-0000-0000-000000000000,2025-05-13 09:01:54,2025-05-13 09:01:54
9564644f-1da6-47ff-8ca7-12f294bcf9be,adjustment,draft,ADJ-20260314-0110,569cf9d7-bdbd-4964-b30c-0ef18722e515,,00000000-0000-0000-0000-000000000000,2025-06-07 09:01:54,2025-06-07 09:01:54
0d5ec8d8-1c54-4c8e-b32e-77ff8ff3bfbb,adjustment,completed,ADJ-20260314-0111,958fd410-146e-4d82-a0de-e509c18b3434,,00000000-0000-0000-0000-000000000000,2025-11-19 09:01:54,2025-11-19 09:01:54
350ba48e-507a-48ac-b511-8572a5c4f487,receipt,draft,RCP-20260314-0206,,82dc2d6c-ab90-4bf9-b58f-4f756b4afa56,00000000-0000-0000-0000-000000000000,2026-02-03 09:01:54,2026-02-03 09:01:54
5359f389-0e44-4c71-b072-5521d807d640,transfer,confirmed,TRF-20260314-0163,e742522a-1639-4c56-96a2-8375c989bf06,c92dd1c9-c6cd-4d76-890b-887ec20e498e,00000000-0000-0000-0000-000000000000,2025-11-26 09:01:54,2025-11-26 09:01:54
eb01e135-261d-4d09-a53a-12bf70c7e7ef,adjustment,completed,ADJ-20260314-0112,14e9ca77-41c8-4be7-bc35-f409932ab518,,00000000-0000-0000-0000-000000000000,2025-05-04 09:01:54,2025-05-04 09:01:54
b615cd1d-d918-48bf-83a4-5a9ab479a0ca,receipt,completed,RCP-20260314-0207,,cbe636e6-0b75-43dd-9539-0aa57f686da4,00000000-0000-0000-0000-000000000000,2026-02-16 09:01:54,2026-02-16 09:01:54
c3a7a36c-9d21-4254-af91-ee624c0463ab,adjustment,completed,ADJ-20260314-0113,bb101ef1-2150-4698-ae00-913dfa8ce9cb,,00000000-0000-0000-0000-000000000000,2025-08-05 09:01:54,2025-08-05 09:01:54
690de2a3-0f5e-4844-94ea-ce4b7b26de10,receipt,draft,RCP-20260314-0208,,f2922f11-a25e-48de-ad07-2be097a2ff4a,00000000-0000-0000-0000-000000000000,2026-02-26 09:01:54,2026-02-26 09:01:54
48e345af-0ab7-49e0-9701-6e1e66699bf4,delivery,completed,DLV-20260314-0215,1dbf74d2-4d7e-40a1-b584-4492daf897cb,,00000000-0000-0000-0000-000000000000,2025-11-10 09:01:54,2025-11-10 09:01:54
15ebf3cb-5463-4843-b552-4a69eea51d51,transfer,completed,TRF-20260314-0164,d1538a27-8751-4268-b00e-2bcc379ccffe,e2f11684-a830-4f5f-a088-23cff4ae35e7,00000000-0000-0000-0000-000000000000,2025-08-27 09:01:54,2025-08-27 09:01:54
7ad79063-3420-48d2-9da6-e4c905ca964c,adjustment,draft,ADJ-20260314-0114,e9016777-8b38-4652-a980-35d5819bbccd,,00000000-0000-0000-0000-000000000000,2025-10-03 09:01:54,2025-10-03 09:01:54
eb34008b-eb78-415c-9771-e0539b818cce,receipt,completed,RCP-20260314-0209,,6f33645b-1902-4dcb-af28-f6627e498f3a,00000000-0000-0000-0000-000000000000,2025-06-22 09:01:54,2025-06-22 09:01:54
50c4b869-ea21-45a9-85c9-2fe50fc7fbad,receipt,draft,RCP-20260314-0210,,f178bff7-1eac-459b-a4f7-eca4d8548174,00000000-0000-0000-0000-000000000000,2025-05-13 09:01:54,2025-05-13 09:01:54
20c924b1-6977-4fc5-a51f-9de6bd0206c9,delivery,completed,DLV-20260314-0216,276c5037-e8e2-4477-8dae-a6e94dfcbd86,,00000000-0000-0000-0000-000000000000,2025-12-02 09:01:54,2025-12-02 09:01:54
ad15024c-0064-45af-a9c8-bfb71f25c369,receipt,draft,RCP-20260314-0211,,4aca9cbf-5bd4-4ce9-91b9-7d2982774be5,00000000-0000-0000-0000-000000000000,2025-10-12 09:01:54,2025-10-12 09:01:54
2e0c504c-3491-4839-bad1-fd6a830769fd,adjustment,completed,ADJ-20260314-0115,539dbead-9f5d-4cf4-bbe3-de5f5b03268b,,00000000-0000-0000-0000-000000000000,2025-06-02 09:01:54,2025-06-02 09:01:54
cebf5b21-91d4-4022-9339-0da0c1aac43f,receipt,completed,RCP-20260314-0212,,473514a1-cad8-49f3-b47e-b5ed83b8a534,00000000-0000-0000-0000-000000000000,2025-12-27 09:01:54,2025-12-27 09:01:54
63d90d57-591e-43b9-8af0-885e8b68a0af,adjustment,completed,ADJ-20260314-0116,f0a4c295-f8ca-49d8-86ea-1dd8d5e79ac7,,00000000-0000-0000-0000-000000000000,2025-09-17 09:01:54,2025-09-17 09:01:54
7a77ec2f-c27d-4024-bc07-80ec6ba4d192,transfer,confirmed,TRF-20260314-0165,a3acac42-4da1-4a3e-9932-57f06aee139f,e0015169-09bd-4c9e-b2a2-e3ea795b70a5,00000000-0000-0000-0000-000000000000,2025-09-23 09:01:54,2025-09-23 09:01:54
d63ed6ae-dd94-4ca6-874e-04f94db1afc5,adjustment,draft,ADJ-20260314-0117,0fc676d6-b0ec-41c4-a9bc-7865627bde77,,00000000-0000-0000-0000-000000000000,2025-05-22 09:01:54,2025-05-22 09:01:54
f1e35b96-c944-4da9-8e08-8848d1ca30ed,transfer,completed,TRF-20260314-0166,910d9409-e009-4807-b2ee-f15d508e231e,01315395-4f84-442a-b5da-accdca87c385,00000000-0000-0000-0000-000000000000,2026-01-26 09:01:54,2026-01-26 09:01:54
6f2f2293-a5d0-493d-b207-eff83ff003cf,transfer,completed,TRF-20260314-0167,391ac68c-0f75-4f2b-b543-0a16d7f8fe98,f2e95b6f-5abc-47b0-9af3-2ba7ea6a2f67,00000000-0000-0000-0000-000000000000,2026-02-27 09:01:54,2026-02-27 09:01:54
33c594d0-1c9e-4e53-904d-79a57417199b,adjustment,completed,ADJ-20260314-0118,b745b452-57f2-4959-b49e-c582ba1c74a0,,00000000-0000-0000-0000-000000000000,2025-06-10 09:01:54,2025-06-10 09:01:54
ac25922d-9cbb-42da-9786-b248b8493592,transfer,draft,TRF-20260314-0168,42775b77-75e0-4c36-845e-042b5688a87a,97102f16-33c6-4676-91df-958305dea91d,00000000-0000-0000-0000-000000000000,2025-04-18 09:01:54,2025-04-18 09:01:54
5bd38aab-97a5-4c76-b30b-df57bc64ea72,receipt,confirmed,RCP-20260314-0213,,f8616f9a-24d3-4660-9dc9-17bfc9d1d9f5,00000000-0000-0000-0000-000000000000,2025-04-29 09:01:54,2025-04-29 09:01:54
3124f6c5-e1da-4481-b891-dd053a84adf3,transfer,draft,TRF-20260314-0169,9db81713-8091-4e77-a983-5049b601c0ca,628469a2-f41a-4ff0-829c-95b7ce3219fd,00000000-0000-0000-0000-000000000000,2025-07-06 09:01:54,2025-07-06 09:01:54
3d04a4b1-4308-48e8-884e-42d72cbc647b,delivery,completed,DLV-20260314-0217,0ec59dfb-051c-4a2a-a09c-045267ee4ef0,,00000000-0000-0000-0000-000000000000,2026-03-10 09:01:54,2026-03-10 09:01:54
918099b4-8394-46c3-974c-9fffd203a0ad,receipt,draft,RCP-20260314-0214,,7deeb349-4740-478d-8f50-225dcd9f8b55,00000000-0000-0000-0000-000000000000,2025-12-15 09:01:54,2025-12-15 09:01:54
5f926772-62e5-4f3f-8e46-9efd66e2f252,receipt,draft,RCP-20260314-0215,,8570f38c-b847-4e31-be39-516e44eb9118,00000000-0000-0000-0000-000000000000,2025-06-17 09:01:54,2025-06-17 09:01:54
29e452fb-f330-4902-86f0-8650aad1de75,delivery,confirmed,DLV-20260314-0218,27d92bed-9f08-48f2-8e6b-1a7db35a7348,,00000000-0000-0000-0000-000000000000,2025-11-15 09:01:54,2025-11-15 09:01:54
32c35ae5-b93e-45bf-9c6d-c9d61b23d78f,transfer,draft,TRF-20260314-0170,f03ab6a2-fe5f-4d7e-8fab-7499e7da228b,8ffd984e-cf3e-4349-924a-8a08a577c9de,00000000-0000-0000-0000-000000000000,2025-05-08 09:01:54,2025-05-08 09:01:54
2a07bd2e-bf41-408c-9f59-753d14a3ff95,delivery,confirmed,DLV-20260314-0219,d177a017-ca1b-449a-a7e8-6b0f92ef8f34,,00000000-0000-0000-0000-000000000000,2025-05-02 09:01:54,2025-05-02 09:01:54
bace6133-1d51-4fe0-a1da-3ab1e7022356,adjustment,completed,ADJ-20260314-0119,19132b48-d2dd-4a7b-9b8a-f8145e513fef,,00000000-0000-0000-0000-000000000000,2025-11-19 09:01:54,2025-11-19 09:01:54
363a25df-bd57-4da0-b039-c6d8ad55d391,receipt,draft,RCP-20260314-0216,,01e7fadf-553b-421d-a3b2-7a3dfea42cec,00000000-0000-0000-0000-000000000000,2025-04-18 09:01:54,2025-04-18 09:01:54
7d84bf24-2c62-4694-9f8d-4edf2f537f27,adjustment,completed,ADJ-20260314-0120,27cb6b3e-7818-485b-947b-bc1f2280f1f2,,00000000-0000-0000-0000-000000000000,2025-08-27 09:01:54,2025-08-27 09:01:54
df38198c-039b-49aa-927a-1079f9d837ce,receipt,draft,RCP-20260314-0217,,81f5ff52-282a-4d66-b273-a17a319de615,00000000-0000-0000-0000-000000000000,2025-08-25 09:01:54,2025-08-25 09:01:54
781cc94e-57b9-4256-a14f-a6f17f9ce192,receipt,draft,RCP-20260314-0218,,8a48a516-7df3-404c-8b35-36130b5db6a5,00000000-0000-0000-0000-000000000000,2025-05-05 09:01:54,2025-05-05 09:01:54
f9a623a2-882b-4739-9554-a0df0d01bba5,delivery,completed,DLV-20260314-0220,436ce19e-56bb-442d-88d3-49d46429ef16,,00000000-0000-0000-0000-000000000000,2026-02-04 09:01:54,2026-02-04 09:01:54
299e4486-041a-463e-a9d7-9892a5f0cc6c,delivery,completed,DLV-20260314-0221,32653c3c-b124-4059-ab4a-8ffdc26193cd,,00000000-0000-0000-0000-000000000000,2025-11-26 09:01:54,2025-11-26 09:01:54
9083b879-aa96-4c26-a814-45444fa62776,delivery,completed,DLV-20260314-0222,ee50c07b-8922-4183-b856-e2f8b612c09d,,00000000-0000-0000-0000-000000000000,2025-07-19 09:01:54,2025-07-19 09:01:54
083ce24e-c3d8-4962-9505-fe22c03b4103,delivery,draft,DLV-20260314-0223,1a34ed10-1233-4704-9e18-adec856c59c3,,00000000-0000-0000-0000-000000000000,2025-05-24 09:01:54,2025-05-24 09:01:54
f657caa3-a15e-44a0-901a-2f3977eef75d,delivery,draft,DLV-20260314-0224,e384ae5f-e85b-463d-af4b-bf957d9a503d,,00000000-0000-0000-0000-000000000000,2025-04-18 09:01:54,2025-04-18 09:01:54
6b573813-c01a-4781-be89-808a75ee4824,transfer,draft,TRF-20260314-0171,01b253ff-1b90-455b-bf6a-dfa0d68dc35c,107a72c0-279b-4935-ba65-413865317ab4,00000000-0000-0000-0000-000000000000,2026-01-20 09:01:54,2026-01-20 09:01:54
0dad9f97-9f77-4728-957d-486582849aff,receipt,completed,RCP-20260314-0219,,56f249f9-3bed-4e3b-a972-91ebd15278d8,00000000-0000-0000-0000-000000000000,2025-08-28 09:01:54,2025-08-28 09:01:54
08b5e214-c3e0-48bf-b364-e2cf721a2268,receipt,completed,RCP-20260314-0220,,9b5786a6-68d2-4f4b-8fbf-3fd28f221d2a,00000000-0000-0000-0000-000000000000,2025-11-05 09:01:54,2025-11-05 09:01:54
993820ec-889d-4d70-af77-49355d55ffe0,adjustment,draft,ADJ-20260314-0121,e7ab8b10-c075-4f96-a60c-a9c9553f81ab,,00000000-0000-0000-0000-000000000000,2025-11-19 09:01:54,2025-11-19 09:01:54
0cf1b0cc-a7e8-48d6-97aa-bc939bb8097d,transfer,completed,TRF-20260314-0172,f313c043-e094-4f3d-b277-01b63b04b76a,dfbb4091-670f-4e45-9fb0-01e63fd37af5,00000000-0000-0000-0000-000000000000,2025-12-11 09:01:54,2025-12-11 09:01:54
e8f8f830-c70f-4647-ab59-c3d50a2071fb,transfer,completed,TRF-20260314-0173,6f5c4c37-b87b-4218-808b-6d871797aa1e,831f53b4-1db0-4959-afca-72c179a9e556,00000000-0000-0000-0000-000000000000,2025-08-13 09:01:54,2025-08-13 09:01:54
965629d2-1dcf-48b6-b51d-7ec369b90102,delivery,completed,DLV-20260314-0225,90699c3a-9ee7-4eac-b909-a0fb6d5a39a6,,00000000-0000-0000-0000-000000000000,2025-12-21 09:01:54,2025-12-21 09:01:54
f09f50d1-2d7e-4485-9618-e8e0f6c6e70b,receipt,confirmed,RCP-20260314-0221,,cc5404fc-ba86-4214-8f05-eb57645e9295,00000000-0000-0000-0000-000000000000,2025-04-27 09:01:54,2025-04-27 09:01:54
c43eb413-ff9c-4a92-b155-92079e5d69f1,delivery,draft,DLV-20260314-0226,fb737d42-5d60-4b09-9c39-3378b561246c,,00000000-0000-0000-0000-000000000000,2025-04-08 09:01:54,2025-04-08 09:01:54
b2d5188e-29f9-45b9-be69-7e2875ed4527,delivery,completed,DLV-20260314-0227,a11fee37-666a-4647-8da8-2db2e8712847,,00000000-0000-0000-0000-000000000000,2025-06-18 09:01:54,2025-06-18 09:01:54
7ea00d61-ad21-4a2c-a346-5093b32a9a75,delivery,confirmed,DLV-20260314-0228,9f532dde-4c1c-4ec8-a3e7-a9680a3ad182,,00000000-0000-0000-0000-000000000000,2026-02-19 09:01:54,2026-02-19 09:01:54
3ff574aa-9592-4a42-a35d-24aed01913a9,transfer,completed,TRF-20260314-0174,4035ac55-5ded-43b0-a772-cd714e4e1980,218cd162-88e2-49f7-a205-c4c2bb50954b,00000000-0000-0000-0000-000000000000,2025-10-09 09:01:54,2025-10-09 09:01:54
6a2ddb0a-3987-4432-bba4-8abea4577d24,receipt,completed,RCP-20260314-0222,,78d0e0f5-bb8a-4ed7-9cad-d057fd8a5a79,00000000-0000-0000-0000-000000000000,2025-10-03 09:01:54,2025-10-03 09:01:54
80a4dc6b-bca6-416f-8710-27b306660a48,receipt,confirmed,RCP-20260314-0223,,fc65c018-97a7-48de-bde7-58bd4b556f3e,00000000-0000-0000-0000-000000000000,2026-02-07 09:01:54,2026-02-07 09:01:54
8cdd4bc1-b6ff-4be4-847b-36f408be6f5c,adjustment,draft,ADJ-20260314-0122,9aae6983-23db-4d66-b728-b450a5056591,,00000000-0000-0000-0000-000000000000,2025-10-13 09:01:54,2025-10-13 09:01:54
ef3cc2c5-fe81-42ee-a1d8-d11e0aa08470,receipt,completed,RCP-20260314-0224,,1352edc4-6c4f-4762-b885-f811b4848676,00000000-0000-0000-0000-000000000000,2025-06-04 09:01:54,2025-06-04 09:01:54
fa4cabc7-3dda-4c00-a5ed-be0a984e51a9,delivery,completed,DLV-20260314-0229,2b9dacd8-db8f-4f5e-b36c-a43f8b6bb5b4,,00000000-0000-0000-0000-000000000000,2025-07-15 09:01:54,2025-07-15 09:01:54
f89168c8-d1b4-479d-9381-db240218f73a,receipt,completed,RCP-20260314-0225,,081d32b7-12bd-4603-b5e0-b508fdfa0bd9,00000000-0000-0000-0000-000000000000,2025-04-12 09:01:54,2025-04-12 09:01:54
a6c30570-9e20-4182-bfb9-7447bdc46509,transfer,completed,TRF-20260314-0175,d33b0a21-8c0f-43d1-a997-c7a49e44d5d1,0f11a380-e6c3-400a-a0f3-4041eb8a0d05,00000000-0000-0000-0000-000000000000,2026-01-01 09:01:54,2026-01-01 09:01:54
f9c296ea-5681-4047-aed8-7860b8fd676a,transfer,completed,TRF-20260314-0176,1352ad4a-ff1f-4ae2-a6a3-0c293d4e249d,66c23884-fb51-44ab-ac13-209393d18e93,00000000-0000-0000-0000-000000000000,2026-02-23 09:01:54,2026-02-23 09:01:54
ab7a88c4-fd19-4760-bd67-f3104cd7e25b,transfer,completed,TRF-20260314-0177,c267fb05-44bf-4c66-8a14-810cad0746f4,23fcea65-b1a7-4b34-b046-c08db6cff82b,00000000-0000-0000-0000-000000000000,2026-01-28 09:01:54,2026-01-28 09:01:54
27b1e93f-baf7-4bf6-b694-bb4c834ba957,adjustment,completed,ADJ-20260314-0123,2ed07184-ea62-4dff-b187-ee19f6b7649e,,00000000-0000-0000-0000-000000000000,2025-06-25 09:01:54,2025-06-25 09:01:54
48c99df0-606c-416a-aa23-38cb6ced3be4,receipt,completed,RCP-20260314-0226,,00547107-4010-4491-ab15-32754120de23,00000000-0000-0000-0000-000000000000,2025-06-21 09:01:54,2025-06-21 09:01:54
8b21b2f8-3f1d-47e2-8400-f9ff6234df9f,receipt,completed,RCP-20260314-0227,,d9ee0329-7a02-4247-9168-ed38bd2253f0,00000000-0000-0000-0000-000000000000,2025-04-11 09:01:54,2025-04-11 09:01:54
95a6f5b4-3d5a-49be-ae33-4b51b1d4926a,receipt,completed,RCP-20260314-0228,,d35e2698-bdba-45ff-9e29-1e22e6018884,00000000-0000-0000-0000-000000000000,2026-01-07 09:01:54,2026-01-07 09:01:54
c287dabd-27f3-45cd-9a6d-f03e4578fb27,adjustment,completed,ADJ-20260314-0124,4d2a020d-492a-45ec-abc4-8dc8d4874601,,00000000-0000-0000-0000-000000000000,2025-12-04 09:01:54,2025-12-04 09:01:54
f88d5394-2f83-4869-b37d-2dd21490f788,delivery,completed,DLV-20260314-0230,56749b05-bf11-461c-829c-467838854a2b,,00000000-0000-0000-0000-000000000000,2025-08-16 09:01:54,2025-08-16 09:01:54
88e91e0b-dda8-47b6-bfd4-001f1b75c4fe,transfer,confirmed,TRF-20260314-0178,5cc6a0f4-960d-48ef-b180-f1ef697991b2,6f09593b-cb03-4ec3-91d0-815e10783fb6,00000000-0000-0000-0000-000000000000,2025-06-20 09:01:54,2025-06-20 09:01:54
b5fc1e5f-9760-41fe-93d1-9e9c92a40531,receipt,draft,RCP-20260314-0229,,e526f1de-461d-4191-b1b1-e16b826245b9,00000000-0000-0000-0000-000000000000,2025-05-06 09:01:54,2025-05-06 09:01:54
84444ca5-65d1-4d37-b112-9e9eccdb557f,adjustment,completed,ADJ-20260314-0125,780abf4b-2919-4c09-b8dd-440f523e7644,,00000000-0000-0000-0000-000000000000,2026-01-31 09:01:54,2026-01-31 09:01:54
9c7ac5c7-8db1-46db-92cf-80bd8fd5b72d,delivery,completed,DLV-20260314-0231,93dc88bd-d6a1-4979-b589-364c362085d0,,00000000-0000-0000-0000-000000000000,2025-07-17 09:01:54,2025-07-17 09:01:54
7d86c1a3-005a-4078-b194-27ff63f6f545,transfer,draft,TRF-20260314-0179,4d5f3b65-993d-41bb-8e7a-4f15980da9ed,4c7c01ed-6e2b-4533-aa77-8a0155aa8e1e,00000000-0000-0000-0000-000000000000,2025-08-11 09:01:54,2025-08-11 09:01:54
4b58becf-5ad1-40b8-845a-7093adc09ebe,transfer,completed,TRF-20260314-0180,ddefffbf-827e-4026-94d2-0a29a24029b9,73e5c44a-bb7f-41e7-adae-24b538c00fac,00000000-0000-0000-0000-000000000000,2025-12-11 09:01:54,2025-12-11 09:01:54
1afec1e7-27f4-41dc-9826-fd87f8f740ac,transfer,draft,TRF-20260314-0181,6ecb7fa3-f5c1-4607-b620-8e564fb296f0,26040756-1fdf-453a-9709-b2351dba7cc8,00000000-0000-0000-0000-000000000000,2025-12-09 09:01:54,2025-12-09 09:01:54
2732b1a1-d425-4854-b4ed-e5b08174d447,transfer,completed,TRF-20260314-0182,66bd9790-19b5-4259-a045-519b200cd431,ab107327-266a-47d6-b2fc-03b65971fcf5,00000000-0000-0000-0000-000000000000,2025-05-28 09:01:54,2025-05-28 09:01:54
861cc2ad-32da-4ab6-a04f-8374f8738d70,delivery,completed,DLV-20260314-0232,8ff95025-400c-4a8e-8de2-de7ddb2b6b77,,00000000-0000-0000-0000-000000000000,2025-06-14 09:01:54,2025-06-14 09:01:54
b945ef4c-f658-4b09-98cd-32484e8eda35,transfer,completed,TRF-20260314-0183,9323ef4a-0411-4d30-b189-29877eacfc4f,9d5edf6d-816d-4d80-bc28-788d6088b400,00000000-0000-0000-0000-000000000000,2025-09-25 09:01:54,2025-09-25 09:01:54
696ed979-7397-42a8-9d1b-54c19085a908,delivery,completed,DLV-20260314-0233,e42f51fb-1d4c-4c71-8556-cafd00a2728d,,00000000-0000-0000-0000-000000000000,2025-08-27 09:01:54,2025-08-27 09:01:54
1bb48170-008a-4f1c-b72b-f24a0c6ce090,receipt,completed,RCP-20260314-0230,,2c54d8d9-ff33-4805-bfbe-7a1e9d8f6ecb,00000000-0000-0000-0000-000000000000,2025-03-17 09:01:54,2025-03-17 09:01:54
84f427ee-29f7-4f42-83ab-b870d3bccdf3,transfer,draft,TRF-20260314-0184,9242af25-77cc-4d37-aaaa-6caf64a15638,88c0e3a2-935d-4f36-82ba-53c89a6d3635,00000000-0000-0000-0000-000000000000,2025-09-10 09:01:54,2025-09-10 09:01:54
4d1e0021-c07b-451a-b188-d49b63a1586f,delivery,completed,DLV-20260314-0234,25a42619-2594-4fc5-baf4-1043740b1037,,00000000-0000-0000-0000-000000000000,2025-05-11 09:01:54,2025-05-11 09:01:54
9831fe52-6548-450b-abc8-3044918245b9,delivery,draft,DLV-20260314-0235,d4ad251f-4bb5-4796-8049-1baf5c409971,,00000000-0000-0000-0000-000000000000,2025-09-04 09:01:54,2025-09-04 09:01:54
b771e482-942d-42a7-958e-9b22b482dd2d,receipt,draft,RCP-20260314-0231,,240e4ffa-9db4-4804-a346-824c7b6b8225,00000000-0000-0000-0000-000000000000,2025-06-25 09:01:54,2025-06-25 09:01:54
c9d6c0ee-6fb6-46bd-b859-7b8e11104a6b,transfer,completed,TRF-20260314-0185,3da42bcf-baa0-423b-92ea-135e02f9a940,050075ec-54a7-4115-86d8-e4401a0cf134,00000000-0000-0000-0000-000000000000,2025-03-30 09:01:54,2025-03-30 09:01:54
d9fe2a13-4d8f-44a2-951f-ab1d4a2e467c,receipt,completed,RCP-20260314-0232,,aa360443-d1d6-4421-826a-2d2c4ac06d27,00000000-0000-0000-0000-000000000000,2025-06-11 09:01:54,2025-06-11 09:01:54
af833e45-7f1a-462a-971b-229c853ff2a1,receipt,completed,RCP-20260314-0233,,5c22aee4-c9e5-4190-8ecc-328980c9118e,00000000-0000-0000-0000-000000000000,2025-09-06 09:01:54,2025-09-06 09:01:54
b788203f-a551-4322-8a71-bb3f825b45dd,adjustment,completed,ADJ-20260314-0126,c400deee-0718-4cbf-a152-ad85ae6ac2b6,,00000000-0000-0000-0000-000000000000,2025-05-08 09:01:54,2025-05-08 09:01:54
078636cc-01eb-453b-8a74-298766f64498,delivery,draft,DLV-20260314-0236,1a099211-e5ae-4291-86e9-d49baa3b91df,,00000000-0000-0000-0000-000000000000,2025-03-14 09:01:54,2025-03-14 09:01:54
5ab95feb-6262-4aef-a9c2-df5fa908b9b8,adjustment,draft,ADJ-20260314-0127,58a8bc47-3427-47ea-81bf-652da8970f65,,00000000-0000-0000-0000-000000000000,2026-02-20 09:01:54,2026-02-20 09:01:54
f789b3dc-2f72-4d4a-8609-532e08c45b04,delivery,confirmed,DLV-20260314-0237,5bedef65-d8a7-424f-ab18-a23a2a546863,,00000000-0000-0000-0000-000000000000,2025-06-16 09:01:54,2025-06-16 09:01:54
d70e2fab-8d9e-41b2-8471-72aece4eec4d,delivery,completed,DLV-20260314-0238,a34ccab9-22fc-4fbc-bce6-6e88e3e46e07,,00000000-0000-0000-0000-000000000000,2025-10-01 09:01:54,2025-10-01 09:01:54
d45c2058-7aa4-4afd-a267-742c26f0a3a5,receipt,completed,RCP-20260314-0234,,048a1e66-6c3b-445b-bcb6-59647f372294,00000000-0000-0000-0000-000000000000,2025-03-23 09:01:54,2025-03-23 09:01:54
b07d15c4-c175-46f5-80b3-f6b808216181,transfer,completed,TRF-20260314-0186,20b1f99b-d35d-4bac-8a47-6a6d2ac76b77,ea6bc833-d6d4-4a5e-8470-1e0e00008150,00000000-0000-0000-0000-000000000000,2025-06-01 09:01:54,2025-06-01 09:01:54
3e7259b2-7516-4886-ab2c-a27bdd14c3af,delivery,completed,DLV-20260314-0239,59190d3a-eade-4fbc-8e9b-c80ec45491f8,,00000000-0000-0000-0000-000000000000,2025-11-09 09:01:54,2025-11-09 09:01:54
6b12cf68-66c3-4aab-9b8e-04892430d722,delivery,confirmed,DLV-20260314-0240,3500b1ab-4499-4fc3-91f4-8e75ccf2a61c,,00000000-0000-0000-0000-000000000000,2025-10-27 09:01:54,2025-10-27 09:01:54
a97291b5-6922-4bd8-bb3a-89bd3a60a862,receipt,draft,RCP-20260314-0235,,7ed72e38-b0af-4bc0-a203-9b6fdbe6a913,00000000-0000-0000-0000-000000000000,2025-08-15 09:01:54,2025-08-15 09:01:54
438e44d3-41e4-4976-b24d-83f6cf756f94,transfer,confirmed,TRF-20260314-0187,7def8bf1-154c-454f-83fe-743223ebc321,a3b9a454-f46e-4b97-922c-8fb3c6313be0,00000000-0000-0000-0000-000000000000,2025-12-25 09:01:54,2025-12-25 09:01:54
502547c2-fde9-4e0a-99fd-e1a6a52992f5,delivery,draft,DLV-20260314-0241,35dd8f61-8a7a-42e7-8121-f56c9b175056,,00000000-0000-0000-0000-000000000000,2026-01-12 09:01:54,2026-01-12 09:01:54
ddb87d7d-262a-4aa5-a8c7-e6ab4ded9823,delivery,draft,DLV-20260314-0242,297b9554-827f-4f11-aad4-c2d73da1db1f,,00000000-0000-0000-0000-000000000000,2026-01-06 09:01:54,2026-01-06 09:01:54
2439fa55-d077-48f6-b0bb-1c8924a2da86,receipt,completed,RCP-20260314-0236,,53662f98-4c7e-4e7a-92c8-8dbd29eb900d,00000000-0000-0000-0000-000000000000,2025-12-23 09:01:54,2025-12-23 09:01:54
28b5772f-5947-4cbb-be28-9b039f5b34c7,delivery,completed,DLV-20260314-0243,89f50c50-18e3-44bf-9b1e-18537c7b40c0,,00000000-0000-0000-0000-000000000000,2026-03-10 09:01:54,2026-03-10 09:01:54
ebe9d03d-c9cf-4266-863a-de26cdfab3d9,receipt,draft,RCP-20260314-0237,,6e9c13fa-b1c8-428c-bee5-64b6a80227dc,00000000-0000-0000-0000-000000000000,2025-06-08 09:01:54,2025-06-08 09:01:54
e8cdff53-a51b-4cdc-a450-72037034183e,adjustment,draft,ADJ-20260314-0128,5be5949b-a98c-4b1f-a96e-2d7b42a5a15b,,00000000-0000-0000-0000-000000000000,2025-10-12 09:01:54,2025-10-12 09:01:54
53099bfa-ec1a-4735-abb1-942a3e897a46,transfer,completed,TRF-20260314-0188,724754d2-b6f6-4c08-8bae-81cf8af237b3,a1bbfed6-a6f0-4860-be7c-5aba632884a7,00000000-0000-0000-0000-000000000000,2025-05-05 09:01:54,2025-05-05 09:01:54
1fca687a-0063-43e1-b2c3-d0d712857d70,transfer,draft,TRF-20260314-0189,2ec6a423-d285-4243-93ad-f0fe30159e25,63ff74a0-6e44-418a-994b-2ebd2ce01bed,00000000-0000-0000-0000-000000000000,2025-07-29 09:01:54,2025-07-29 09:01:54
327e02e2-822e-4b82-9275-322450f23cca,delivery,completed,DLV-20260314-0244,bbd20b72-22c5-4b43-917d-e8efde9b58f0,,00000000-0000-0000-0000-000000000000,2025-12-12 09:01:54,2025-12-12 09:01:54
b0ba5ab5-74a5-4e51-abdb-f2d346d49267,delivery,draft,DLV-20260314-0245,85ba69a7-80d4-4de8-8583-93659f03173b,,00000000-0000-0000-0000-000000000000,2026-01-02 09:01:54,2026-01-02 09:01:54
9d141ddb-1093-4efb-a4f3-fb8a24dc422d,transfer,completed,TRF-20260314-0190,7ac66f76-46ba-4237-8d99-63b87f6e2e51,ec9ccc7c-51ae-4f0f-a200-85c086a3fbc6,00000000-0000-0000-0000-000000000000,2026-01-21 09:01:54,2026-01-21 09:01:54
1a4664c0-158b-4d16-a694-5b1113c8c0a5,receipt,draft,RCP-20260314-0238,,e3fe5afc-d189-4a27-8111-bb61276cfa9c,00000000-0000-0000-0000-000000000000,2025-03-24 09:01:54,2025-03-24 09:01:54
8318b245-ba88-4910-87f7-69d76458749d,receipt,completed,RCP-20260314-0239,,7348ea68-0486-45e6-8fe0-e84420ddbbba,00000000-0000-0000-0000-000000000000,2025-04-23 09:01:54,2025-04-23 09:01:54
467d0679-53c8-4ff3-907a-6b9b20764745,adjustment,completed,ADJ-20260314-0129,049567be-eb62-495a-b81c-b01ab7a8749a,,00000000-0000-0000-0000-000000000000,2025-05-08 09:01:54,2025-05-08 09:01:54
faee1f5f-f4c5-4daa-a729-96ac68cd7025,receipt,completed,RCP-20260314-0240,,d0a277f2-bb1c-4bd5-b5c5-e3ae754770bd,00000000-0000-0000-0000-000000000000,2025-08-29 09:01:54,2025-08-29 09:01:54
f8c11edf-dc16-4f02-bad7-70f977c30c9e,adjustment,draft,ADJ-20260314-0130,29c829e5-95e6-46e3-8829-39de32c1dc12,,00000000-0000-0000-0000-000000000000,2025-05-01 09:01:54,2025-05-01 09:01:54
62cf3a27-4d24-4b9d-9ba6-a26403006fd7,transfer,draft,TRF-20260314-0191,bc182b38-dae8-413b-b209-61ea22ec4a8d,d8d0cbb4-ea0e-4d1a-b05b-e813028f5383,00000000-0000-0000-0000-000000000000,2025-10-28 09:01:54,2025-10-28 09:01:54
f6a47e3b-d841-4152-b6c3-48d1645a5501,transfer,confirmed,TRF-20260314-0192,5675d51c-06f5-4912-85af-cb76a8e0ba22,08a04a93-7605-4ae5-bfcd-e44a85f013e2,00000000-0000-0000-0000-000000000000,2025-04-25 09:01:54,2025-04-25 09:01:54
78d80295-a45d-4648-9923-0cb83aebfc80,adjustment,draft,ADJ-20260314-0131,46a8d8b4-de30-4e77-bddd-8e58c3fa81b2,,00000000-0000-0000-0000-000000000000,2025-12-26 09:01:54,2025-12-26 09:01:54
6c9d8cb2-3f24-45dd-9c90-c3b28419ee2b,receipt,completed,RCP-20260314-0241,,12451262-5aeb-4bbc-82da-1c1f4c36d25d,00000000-0000-0000-0000-000000000000,2026-01-17 09:01:54,2026-01-17 09:01:54
fb32ce07-7f5a-433e-8462-d04529f208b2,adjustment,draft,ADJ-20260314-0132,ca90e9e8-783b-465b-bb2e-294c3e0f2866,,00000000-0000-0000-0000-000000000000,2025-12-09 09:01:54,2025-12-09 09:01:54
64092eb4-3990-42ba-9583-a83de18ae4aa,transfer,completed,TRF-20260314-0193,1f06b225-b86f-4b28-84d5-7e62d69a0e7f,2f07e8e1-4560-483f-94c7-7b60e75949b3,00000000-0000-0000-0000-000000000000,2025-08-12 09:01:54,2025-08-12 09:01:54
fc3d3681-963e-4b1b-a96e-3864aa179d6b,receipt,completed,RCP-20260314-0242,,f3875a2e-b696-4b72-9ad9-5a45895fc83b,00000000-0000-0000-0000-000000000000,2025-09-12 09:01:54,2025-09-12 09:01:54
9717ad8e-1d35-431d-b28b-2b665146fd86,transfer,completed,TRF-20260314-0194,6e6bc2a4-4bd2-43fa-a2a4-045bc8191e17,e8cac080-db4e-4a3e-8dd7-051592a24355,00000000-0000-0000-0000-000000000000,2025-09-19 09:01:54,2025-09-19 09:01:54
e604a709-1aaa-4e76-9372-b465a204c9d3,delivery,completed,DLV-20260314-0246,0d4f3396-0c06-4d57-884c-b3cabad9ec22,,00000000-0000-0000-0000-000000000000,2025-10-21 09:01:54,2025-10-21 09:01:54
340a9479-d21d-4f78-b586-c7dc570499a7,transfer,completed,TRF-20260314-0195,24738a11-0b2c-416a-99ad-8905353ad7dd,306e2012-d89a-4bc5-8a8b-d9b7136fdb2c,00000000-0000-0000-0000-000000000000,2025-07-24 09:01:54,2025-07-24 09:01:54
16969643-bf6f-4850-9a68-3b4b7a2530d2,receipt,confirmed,RCP-20260314-0243,,4fb59a0e-8740-435a-a708-66fa465933ac,00000000-0000-0000-0000-000000000000,2025-07-24 09:01:54,2025-07-24 09:01:54
b5ba5ffb-b0d1-4738-a888-7f6e7556881b,transfer,confirmed,TRF-20260314-0196,56e89ce4-b652-4b6a-8486-418604d23017,8d958b29-2cdc-47a8-8961-84598f53981e,00000000-0000-0000-0000-000000000000,2025-08-29 09:01:54,2025-08-29 09:01:54
88cf8f3c-a14b-47c0-b9a6-bd2ed97b56d3,delivery,completed,DLV-20260314-0247,7db0e659-0d47-456a-b2bc-09b8c25da0fa,,00000000-0000-0000-0000-000000000000,2025-11-19 09:01:54,2025-11-19 09:01:54
91d823ee-0e10-4d5b-8eca-8cd1350b8ec0,adjustment,draft,ADJ-20260314-0133,f954830b-4fd5-425d-bc54-8bc59d6e04d7,,00000000-0000-0000-0000-000000000000,2025-07-22 09:01:54,2025-07-22 09:01:54
32dd78e0-72f4-4133-89c3-f51c27ec4c2a,delivery,draft,DLV-20260314-0248,2428afd7-1b5e-4590-b2bd-e8b66c9fd8b1,,00000000-0000-0000-0000-000000000000,2026-01-31 09:01:54,2026-01-31 09:01:54
d7b951a5-4c95-400d-9cfc-0f12a4f4d9d5,delivery,completed,DLV-20260314-0249,e395e18d-3130-44b3-beec-51da4e315c2e,,00000000-0000-0000-0000-000000000000,2025-07-28 09:01:54,2025-07-28 09:01:54
368a9095-7cd0-4d28-9fca-dfe613d2052a,receipt,completed,RCP-20260314-0244,,f45d19ce-648d-46ff-a7d4-d6f06c724dce,00000000-0000-0000-0000-000000000000,2025-03-14 09:01:54,2025-03-14 09:01:54
fb506e85-bd53-463e-90c0-9e4b69e38f38,transfer,draft,TRF-20260314-0197,b7464ea0-f261-483a-b3be-c68cbb21a6ec,12c2d8ab-c7ec-4620-9b7a-2b28b7de7a49,00000000-0000-0000-0000-000000000000,2026-02-16 09:01:54,2026-02-16 09:01:54
ef01baa2-b164-4a20-97dc-a049b0046002,adjustment,completed,ADJ-20260314-0134,e685cc53-8c3b-44fc-9960-37bcbcd13e21,,00000000-0000-0000-0000-000000000000,2025-04-05 09:01:54,2025-04-05 09:01:54
48b8da4d-34b7-4787-ab5f-cb7f30b6fff7,adjustment,draft,ADJ-20260314-0135,04e2923b-4711-41f8-a1b3-c404b9c211b3,,00000000-0000-0000-0000-000000000000,2025-11-05 09:01:54,2025-11-05 09:01:54
f4776a5d-625f-4745-98ec-caba478edb47,adjustment,completed,ADJ-20260314-0136,3efa238e-bece-42fc-ac39-b754c10ae9ed,,00000000-0000-0000-0000-000000000000,2025-12-27 09:01:54,2025-12-27 09:01:54
02056057-45db-4377-9016-626ae91fb1a5,receipt,completed,RCP-20260314-0245,,c66b2843-ee9e-4c1f-8dd0-034faa95b80c,00000000-0000-0000-0000-000000000000,2025-06-18 09:01:54,2025-06-18 09:01:54
1900fc05-01b1-4629-835e-c521c2f17312,adjustment,completed,ADJ-20260314-0137,be80a638-6e5c-46e3-aaa8-3d5220b77670,,00000000-0000-0000-0000-000000000000,2025-07-19 09:01:54,2025-07-19 09:01:54
7a01951c-fcd9-4f51-80f9-39e31881ca50,adjustment,completed,ADJ-20260314-0138,d788878d-6319-4016-97ab-59904fb1ee37,,00000000-0000-0000-0000-000000000000,2026-02-23 09:01:54,2026-02-23 09:01:54
e7d6c635-6b92-4f18-8136-fb4709ce06d4,transfer,draft,TRF-20260314-0198,c2ec046a-c741-4057-9ed7-3c5651d34eee,bc40ada9-9822-49f3-998f-e27ac7e811e2,00000000-0000-0000-0000-000000000000,2025-08-01 09:01:54,2025-08-01 09:01:54
ec9fe9f6-6ea7-4b71-9c67-757a73850159,transfer,completed,TRF-20260314-0199,970c725e-df17-4df9-87b7-f3756a88a2ba,c0c6cc5c-c43e-4f84-9c3b-db17d0f147ae,00000000-0000-0000-0000-000000000000,2025-04-21 09:01:54,2025-04-21 09:01:54
202f931f-f055-476e-8779-4db5460aaa7f,transfer,completed,TRF-20260314-0200,74473008-ad23-4c34-af99-711911f429b6,af688579-cd2b-4c1f-bd9f-e49ed330479d,00000000-0000-0000-0000-000000000000,2025-10-31 09:01:54,2025-10-31 09:01:54
0f3a7182-45af-4019-b51a-3524d93ad219,delivery,confirmed,DLV-20260314-0250,2f07e8e1-4560-483f-94c7-7b60e75949b3,,00000000-0000-0000-0000-000000000000,2026-01-24 09:01:54,2026-01-24 09:01:54
4a657948-3455-4ef0-b610-1a5beb29b5fc,transfer,confirmed,TRF-20260314-0201,ac5c3d80-d02c-4d3b-9c46-7cc1aa8f6daf,abd42b40-e29e-4346-9bc7-9ce7381c1382,00000000-0000-0000-0000-000000000000,2025-09-13 09:01:54,2025-09-13 09:01:54
5aff1003-f49d-4b8f-9113-7b7bf068dd30,adjustment,confirmed,ADJ-20260314-0139,d6da4d99-c3a2-4829-9371-2a1269d7530e,,00000000-0000-0000-0000-000000000000,2025-03-24 09:01:54,2025-03-24 09:01:54
9f80b78e-f868-4eb4-9bc5-32159f2ebd93,delivery,completed,DLV-20260314-0251,5aaf3b72-6214-4785-b6be-7a722b9d1d8b,,00000000-0000-0000-0000-000000000000,2026-01-29 09:01:54,2026-01-29 09:01:54
d761d01e-d5db-4b38-9c57-72086c3c91d6,receipt,completed,RCP-20260314-0246,,1628fd0a-e93f-42e6-9c18-f185d191d6dd,00000000-0000-0000-0000-000000000000,2025-07-29 09:01:54,2025-07-29 09:01:54
9cda2f17-2a2d-4254-af90-358e5b6e9a89,delivery,completed,DLV-20260314-0252,7db0e659-0d47-456a-b2bc-09b8c25da0fa,,00000000-0000-0000-0000-000000000000,2025-05-25 09:01:54,2025-05-25 09:01:54
6f30d18c-cf1e-4669-a8d9-c8f267cebcc8,transfer,completed,TRF-20260314-0202,15f5aaaa-f9c2-4256-b533-ef4f92066812,5ae59def-e8be-4abe-bb57-916f24703b01,00000000-0000-0000-0000-000000000000,2025-05-05 09:01:54,2025-05-05 09:01:54
6baca994-56ad-446d-ae3c-d6376c286b12,receipt,draft,RCP-20260314-0247,,39e91b20-e48d-4bbc-af63-2da3067cdb3d,00000000-0000-0000-0000-000000000000,2026-03-03 09:01:54,2026-03-03 09:01:54
05d455a6-5cf0-4393-8830-0ebf0cbe040c,delivery,completed,DLV-20260314-0253,d1fece02-3793-442a-a762-99996a1b2760,,00000000-0000-0000-0000-000000000000,2025-07-08 09:01:54,2025-07-08 09:01:54
6cbc7000-e878-4894-aeea-120608d7ac9b,delivery,completed,DLV-20260314-0254,de263198-37ab-4042-8ed3-c1491e4a50a4,,00000000-0000-0000-0000-000000000000,2025-03-16 09:01:54,2025-03-16 09:01:54
cbbf45a7-a071-4ac9-92bf-16194d62eb5d,adjustment,draft,ADJ-20260314-0140,64bf3940-5de2-4c65-a552-b8395159d19f,,00000000-0000-0000-0000-000000000000,2025-07-01 09:01:54,2025-07-01 09:01:54
c63b7945-89ea-4f7b-9079-39e61d56e51a,adjustment,completed,ADJ-20260314-0141,3c7d3961-7aa1-47cc-9760-9cd327981698,,00000000-0000-0000-0000-000000000000,2025-05-31 09:01:54,2025-05-31 09:01:54
d5d0b547-3a6c-4e35-96a6-1df13776cda5,receipt,completed,RCP-20260314-0248,,93dc88bd-d6a1-4979-b589-364c362085d0,00000000-0000-0000-0000-000000000000,2025-03-21 09:01:54,2025-03-21 09:01:54
ecba1d2c-ec68-40a6-9202-2199d8931f14,receipt,completed,RCP-20260314-0249,,f5e12ea7-e129-438a-bafa-0235ea7bbfbd,00000000-0000-0000-0000-000000000000,2025-10-22 09:01:54,2025-10-22 09:01:54
ed733fe2-585d-4036-94f1-448fec0145d9,delivery,completed,DLV-20260314-0255,02dbbc72-566d-4d22-964d-07f4c0417297,,00000000-0000-0000-0000-000000000000,2025-03-22 09:01:54,2025-03-22 09:01:54
3257c9f2-a71d-4cd1-9ebf-1c9f191f6d8e,receipt,completed,RCP-20260314-0250,,a26d0969-39e4-419b-a9a2-39ea22b320d0,00000000-0000-0000-0000-000000000000,2025-04-27 09:01:54,2025-04-27 09:01:54
2d995d99-6c30-44dd-8c38-a2a4b207dd39,receipt,draft,RCP-20260314-0251,,cd60a009-5427-42d6-8af7-969bdade8141,00000000-0000-0000-0000-000000000000,2025-05-03 09:01:54,2025-05-03 09:01:54
d252dd07-221f-40a6-83ae-6caecaad160c,receipt,completed,RCP-20260314-0252,,c3f39d9d-c081-4827-8ea9-8f3a3614a54e,00000000-0000-0000-0000-000000000000,2026-01-28 09:01:54,2026-01-28 09:01:54
ef007c08-280f-4f73-97ac-53e24c09d916,transfer,completed,TRF-20260314-0203,aba768b0-e223-4939-b2bc-96c2b97925b4,b660f3aa-4719-4404-a877-b35c1654b97b,00000000-0000-0000-0000-000000000000,2026-01-31 09:01:54,2026-01-31 09:01:54
b19c7ee4-c74e-4118-8c4f-a8a21dbc09f1,transfer,completed,TRF-20260314-0204,4dbbbb6d-54c2-4421-94d3-86d09c632216,39e5f700-ecab-41ec-a869-ff3162350eb0,00000000-0000-0000-0000-000000000000,2026-01-21 09:01:54,2026-01-21 09:01:54
15023685-ef3a-46ed-81c7-ee7e60ef31d8,receipt,draft,RCP-20260314-0253,,42f19cfd-ab52-47da-bd1e-36618242f374,00000000-0000-0000-0000-000000000000,2025-10-28 09:01:54,2025-10-28 09:01:54
41297f06-eafd-45de-82c2-3e224ea492fa,delivery,completed,DLV-20260314-0256,fd67b843-c5d4-4082-ad79-c6e9c34eeb6c,,00000000-0000-0000-0000-000000000000,2026-03-05 09:01:54,2026-03-05 09:01:54
3e350485-febf-4c0c-827f-f92e80430810,adjustment,completed,ADJ-20260314-0142,5916645d-0737-42cb-9733-5fb739ed7f31,,00000000-0000-0000-0000-000000000000,2025-08-22 09:01:54,2025-08-22 09:01:54
0b591cf0-3061-4f4e-aedc-015a3d1e5710,delivery,completed,DLV-20260314-0257,a6a1715d-73b6-4479-9b28-d6f1d1060dbb,,00000000-0000-0000-0000-000000000000,2025-07-15 09:01:54,2025-07-15 09:01:54
714cc4a1-bfcb-4fa4-82d8-7f79c56d9e27,adjustment,completed,ADJ-20260314-0143,43f9f8de-31e6-403c-aeaf-6a09b43a57ac,,00000000-0000-0000-0000-000000000000,2025-05-31 09:01:54,2025-05-31 09:01:54
6d1a7473-4731-476d-af97-5419b2e14f03,delivery,completed,DLV-20260314-0258,cc1de77c-0da6-4b7c-a98e-3c354a600851,,00000000-0000-0000-0000-000000000000,2025-11-28 09:01:54,2025-11-28 09:01:54
9bc7817b-1a1a-4dae-858b-ecf3f2c65f49,transfer,completed,TRF-20260314-0205,25ca9b70-ce99-4fc8-9e9a-649bf93e1eb9,124a8cd6-f737-4292-aa07-9fa819681309,00000000-0000-0000-0000-000000000000,2025-03-23 09:01:54,2025-03-23 09:01:54
d8846260-8b20-4af1-ba3c-df2b058f1f7c,receipt,completed,RCP-20260314-0254,,1367193a-b59d-4de9-8d15-897e324b2aa3,00000000-0000-0000-0000-000000000000,2025-10-15 09:01:54,2025-10-15 09:01:54
74b9897a-89b4-417d-913b-17dfb09ab8d2,receipt,completed,RCP-20260314-0255,,a4463ea3-cee6-4ab9-aa7e-24233207aae6,00000000-0000-0000-0000-000000000000,2025-09-01 09:01:54,2025-09-01 09:01:54
b1697f58-c2ec-4956-8f9e-57beb5787827,delivery,completed,DLV-20260314-0259,e70253e6-4655-474c-97ad-0f98df108237,,00000000-0000-0000-0000-000000000000,2025-11-19 09:01:54,2025-11-19 09:01:54
4b12f4b2-2f86-4d05-a808-5db95d74491b,adjustment,completed,ADJ-20260314-0144,922f8440-af88-464b-9197-cd9a549b75e0,,00000000-0000-0000-0000-000000000000,2025-04-02 09:01:54,2025-04-02 09:01:54
779b6187-b96e-4cbb-a043-46c4ad50e84a,delivery,completed,DLV-20260314-0260,9f40b3ab-cc54-4955-aef7-e562461a5742,,00000000-0000-0000-0000-000000000000,2025-06-14 09:01:54,2025-06-14 09:01:54
3e59f80a-a776-4271-aaff-635e39d60a66,receipt,completed,RCP-20260314-0256,,1c600cc8-352e-421e-a25c-ad373a8dd546,00000000-0000-0000-0000-000000000000,2026-03-13 09:01:54,2026-03-13 09:01:54
c0484507-05b6-4d91-8d13-ebb6284d462e,receipt,completed,RCP-20260314-0257,,54e563b1-4126-4af6-b354-000609710f6a,00000000-0000-0000-0000-000000000000,2025-05-26 09:01:54,2025-05-26 09:01:54
e45d3939-2fb0-40a6-bd05-6ff90a38f358,transfer,completed,TRF-20260314-0206,ba9ae8cd-5b61-49d8-b42e-0914567e94be,647ab6dc-3924-4a68-8b3a-52af0b5fc7a0,00000000-0000-0000-0000-000000000000,2026-03-06 09:01:54,2026-03-06 09:01:54
06fb6b39-fa56-4e38-aaaf-efc8bdae9882,delivery,completed,DLV-20260314-0261,063a317a-d13a-4996-959e-1299edacc249,,00000000-0000-0000-0000-000000000000,2025-11-28 09:01:54,2025-11-28 09:01:54
1cd3f005-728e-4bee-a319-d1c4d7d879ab,delivery,completed,DLV-20260314-0262,ae11016f-c85a-4a39-bb87-f53c9dd14cb5,,00000000-0000-0000-0000-000000000000,2025-11-16 09:01:54,2025-11-16 09:01:54
d143963a-6f2b-4a6a-8c5f-a7e81671886e,transfer,completed,TRF-20260314-0207,e5679a1e-5508-481d-8d6b-1b5807427e4c,b079b0f2-ab58-4585-b7b1-a4264d698345,00000000-0000-0000-0000-000000000000,2025-06-30 09:01:54,2025-06-30 09:01:54
3fbe8728-ffff-40cd-ae49-5ca30dddb547,adjustment,completed,ADJ-20260314-0145,6713e7cc-6a73-4493-bee1-f41f4dec2a22,,00000000-0000-0000-0000-000000000000,2026-03-07 09:01:54,2026-03-07 09:01:54
1c3390f6-9f39-486a-aaf1-669192124826,receipt,draft,RCP-20260314-0258,,4ef05fb7-6328-426b-b041-63d2387891e9,00000000-0000-0000-0000-000000000000,2025-04-24 09:01:54,2025-04-24 09:01:54
3e2257a8-0af7-4da2-b885-cabc6ef82f60,transfer,completed,TRF-20260314-0208,8285e40f-40d2-485d-bb0e-ce6b3d8f5bb9,01a8a2cf-2fa2-4e25-b6dc-7d4f618975f2,00000000-0000-0000-0000-000000000000,2025-10-06 09:01:54,2025-10-06 09:01:54
6478bc30-d72e-423a-972b-4c22eb0ab9b6,transfer,completed,TRF-20260314-0209,9a85da1f-7a63-464d-a280-7034339d46c4,493aea29-89db-4846-a96e-2806cd6f21ea,00000000-0000-0000-0000-000000000000,2025-08-31 09:01:54,2025-08-31 09:01:54
5b72caff-14b9-4ea7-b7e3-3361821945ca,delivery,completed,DLV-20260314-0263,0ea3cf6d-058d-47b7-bd82-bfe972513ca7,,00000000-0000-0000-0000-000000000000,2026-02-27 09:01:54,2026-02-27 09:01:54
c42e8fec-7ce4-44ff-8243-0b532994e481,receipt,draft,RCP-20260314-0259,,6ce65115-c46f-48f2-8da2-cb6c17b75b23,00000000-0000-0000-0000-000000000000,2025-05-18 09:01:54,2025-05-18 09:01:54
24c843b0-57eb-454b-a416-27fd49788225,transfer,completed,TRF-20260314-0210,e60d265b-d491-40a2-8bd3-9e11937f4813,92779d77-fe4d-455f-9489-d149aa0d38ce,00000000-0000-0000-0000-000000000000,2025-11-02 09:01:54,2025-11-02 09:01:54
4b4c73fd-fe55-4cdb-94f4-b29082123ac7,adjustment,completed,ADJ-20260314-0146,710748b1-c6f5-48ea-87ce-0fd4d63cf6fa,,00000000-0000-0000-0000-000000000000,2025-10-30 09:01:54,2025-10-30 09:01:54
8a1b091e-632c-45b5-a105-7f0b29375b1b,transfer,completed,TRF-20260314-0211,dd6a1568-aa9f-4195-973b-7602c14cbd66,bd89b30d-f3c3-4110-a018-c00fba0911ae,00000000-0000-0000-0000-000000000000,2025-12-26 09:01:54,2025-12-26 09:01:54
f549501e-a2b5-4f9b-aaf1-06b8abfa4bbf,receipt,completed,RCP-20260314-0260,,e98da201-1c32-4909-8794-8d08e7a404fb,00000000-0000-0000-0000-000000000000,2025-04-07 09:01:54,2025-04-07 09:01:54
ec55fa18-76f4-404a-bd90-e1ad1b2166df,receipt,completed,RCP-20260314-0261,,9af14e46-bae1-49b7-bb8b-6cc5e9d87478,00000000-0000-0000-0000-000000000000,2025-05-04 09:01:54,2025-05-04 09:01:54
634f6bfa-3ce0-4071-953a-cfdabe170eb2,receipt,completed,RCP-20260314-0262,,63e959f2-3db0-4b97-a212-b7f1230a0459,00000000-0000-0000-0000-000000000000,2025-06-23 09:01:54,2025-06-23 09:01:54
6049cd0d-1b24-4394-a233-25b7e9e2f5a2,receipt,completed,RCP-20260314-0263,,8f6a243c-b3fe-404e-a83c-02fe98e9a0bd,00000000-0000-0000-0000-000000000000,2025-12-25 09:01:54,2025-12-25 09:01:54
d9941688-4e7b-4675-bb91-80767468b9d3,transfer,completed,TRF-20260314-0212,e659c181-7dae-427d-b4de-7f995229357f,0374d4fa-0f30-4096-8e83-57cb35afabda,00000000-0000-0000-0000-000000000000,2025-10-23 09:01:54,2025-10-23 09:01:54
b55acb1a-cd74-4b0d-a38d-9a635ca2e0b8,delivery,completed,DLV-20260314-0264,41a859a2-dc96-4229-8f7f-5ad34f5c4486,,00000000-0000-0000-0000-000000000000,2025-12-03 09:01:54,2025-12-03 09:01:54
ab5f6392-2f28-485a-848a-909db7ed5466,adjustment,completed,ADJ-20260314-0147,eba8e778-95d4-4380-8246-307e754f27f4,,00000000-0000-0000-0000-000000000000,2025-06-04 09:01:54,2025-06-04 09:01:54
0e0d4e6d-4c57-468f-b545-e5e4106ce924,delivery,draft,DLV-20260314-0265,b4c98260-1b16-4348-a801-88a4aab5d8c3,,00000000-0000-0000-0000-000000000000,2025-08-31 09:01:54,2025-08-31 09:01:54
f1a3e117-7a9a-48bf-ab14-0a8e6048e823,receipt,completed,RCP-20260314-0264,,891f9a90-fc2b-442f-8df7-11e299643ac1,00000000-0000-0000-0000-000000000000,2025-09-27 09:01:54,2025-09-27 09:01:54
9f4e3ee7-6369-46c0-be65-417e62bcccf9,receipt,completed,RCP-20260314-0265,,420ad8b9-d8ae-4068-b46b-da8c682a0ac5,00000000-0000-0000-0000-000000000000,2025-12-29 09:01:54,2025-12-29 09:01:54
1c2ef43f-b7c3-4da4-8114-0534042c2321,receipt,completed,RCP-20260314-0266,,e7ccaed3-298a-41f7-876b-b81e49d35b6d,00000000-0000-0000-0000-000000000000,2025-11-08 09:01:54,2025-11-08 09:01:54
6919f4f2-5228-4350-bc01-6617236833d4,receipt,completed,RCP-20260314-0267,,846318d3-db79-478c-894e-9a08933d102e,00000000-0000-0000-0000-000000000000,2025-07-10 09:01:54,2025-07-10 09:01:54
5ec34352-b6de-41be-b677-9d2088e3a9f6,transfer,completed,TRF-20260314-0213,7e96eda3-a62c-45ed-a8d0-c13cb50b1940,8afbbc34-324e-47b2-a571-03d2d28b3312,00000000-0000-0000-0000-000000000000,2025-12-05 09:01:54,2025-12-05 09:01:54
beb041b9-3ad7-4aa5-9963-d277a5bf6bd7,adjustment,completed,ADJ-20260314-0148,4d8d7f3a-0fdc-4574-9a2d-59e8b38b6415,,00000000-0000-0000-0000-000000000000,2025-05-16 09:01:54,2025-05-16 09:01:54
5db66f74-1804-4c89-b82d-c4bd809ed205,transfer,completed,TRF-20260314-0214,fccc00cb-d97a-47c7-8da0-b58bf31a70f1,b47fe3aa-fd6b-450b-86d5-4d0d707ba3d7,00000000-0000-0000-0000-000000000000,2025-06-30 09:01:54,2025-06-30 09:01:54
ae74d90a-2e22-4a23-a56b-f105c05a1a87,delivery,draft,DLV-20260314-0266,6ce65115-c46f-48f2-8da2-cb6c17b75b23,,00000000-0000-0000-0000-000000000000,2025-09-04 09:01:54,2025-09-04 09:01:54
76c71474-6ac2-49cd-bb80-b35ccddc6687,delivery,completed,DLV-20260314-0267,29d4bd86-2c05-4efd-828b-1b22900647c6,,00000000-0000-0000-0000-000000000000,2025-05-14 09:01:54,2025-05-14 09:01:54
f974fc92-6efe-49e6-bac4-927ffff6efc4,adjustment,draft,ADJ-20260314-0149,b7ba428e-b333-436b-a123-d1a0789ce555,,00000000-0000-0000-0000-000000000000,2026-01-06 09:01:54,2026-01-06 09:01:54
58eeb2f7-1d38-4212-9f0f-658629862e12,transfer,draft,TRF-20260314-0215,ee8ef0ec-76ae-412a-affc-e0aee57f6017,1384abd2-8ee9-454e-875e-93a15704679e,00000000-0000-0000-0000-000000000000,2025-05-27 09:01:54,2025-05-27 09:01:54
d748f05d-80e7-4930-8ec1-70b7f571525f,receipt,completed,RCP-20260314-0268,,59ebc521-79e6-4cd3-802f-040a889592e0,00000000-0000-0000-0000-000000000000,2025-05-20 09:01:54,2025-05-20 09:01:54
e3ab2d50-e73f-44a5-bcd3-01012db0f12e,receipt,draft,RCP-20260314-0269,,14ba53f2-cce2-4e7e-acc3-590d89aa9a56,00000000-0000-0000-0000-000000000000,2025-11-25 09:01:54,2025-11-25 09:01:54
b413956d-bb2c-4384-8f1a-a97c518bb973,receipt,draft,RCP-20260314-0270,,bd20ef45-4515-4f28-9084-4e30adbd95c0,00000000-0000-0000-0000-000000000000,2025-06-20 09:01:54,2025-06-20 09:01:54
b5f3f7cb-2fcc-403a-be88-e67a3b47cd0e,delivery,completed,DLV-20260314-0268,72d2e090-802b-4b8f-a236-a301574fd1e2,,00000000-0000-0000-0000-000000000000,2025-06-29 09:01:54,2025-06-29 09:01:54
324ba4a7-85bf-4ca3-8473-448c63bd73ae,delivery,completed,DLV-20260314-0269,64a42d87-6e26-490d-91fd-d6837bb338b6,,00000000-0000-0000-0000-000000000000,2025-12-11 09:01:54,2025-12-11 09:01:54
55ebd0cb-d164-4d8b-bd85-8a6eaa9f023e,delivery,completed,DLV-20260314-0270,ce19f5f7-5b48-4d7c-bb71-95b6f9dfe6c2,,00000000-0000-0000-0000-000000000000,2025-11-22 09:01:54,2025-11-22 09:01:54
4b463a53-f3c4-4841-b1b3-4ab10ca289af,receipt,draft,RCP-20260314-0271,,0e650cae-25e3-405a-8029-fd16f102a761,00000000-0000-0000-0000-000000000000,2025-03-21 09:01:54,2025-03-21 09:01:54
3e97fde2-e203-4b5b-822d-996053285063,adjustment,confirmed,ADJ-20260314-0150,c9cc81b3-0b62-4cc4-b4f3-2f9a196ef901,,00000000-0000-0000-0000-000000000000,2025-10-19 09:01:54,2025-10-19 09:01:54
337bfb90-a44a-4d3e-83e6-deb8472b1982,transfer,completed,TRF-20260314-0216,07c74d58-12c9-4c8e-8f29-69178515b4b8,09b75712-ded6-4ca9-ac9a-b1ff0c0d36bc,00000000-0000-0000-0000-000000000000,2025-11-09 09:01:54,2025-11-09 09:01:54
044a2667-711c-4951-b3ef-d5ab2fab4451,transfer,draft,TRF-20260314-0217,3ae60453-e9c7-4b42-b213-4a0779b7b736,77087888-7d77-4885-8a1b-08b5dc9b68c5,00000000-0000-0000-0000-000000000000,2025-12-18 09:01:54,2025-12-18 09:01:54
12a10480-77a4-47f0-8c47-87acb888c0b3,delivery,completed,DLV-20260314-0271,f6b59891-1bce-4f77-b110-90222f99fd98,,00000000-0000-0000-0000-000000000000,2025-08-26 09:01:54,2025-08-26 09:01:54
cd24d714-b3c8-4ab5-87eb-03a69f999a94,transfer,confirmed,TRF-20260314-0218,2f95ddfb-9f3e-4481-874d-d0f1df19ec7d,9bec517e-9e8f-4f7b-a4bd-1e0b0c2583a1,00000000-0000-0000-0000-000000000000,2025-04-21 09:01:54,2025-04-21 09:01:54
f46e07f2-d21c-4705-b2a3-22310426b27d,transfer,completed,TRF-20260314-0219,28febd84-68af-4bdb-9c81-cad6b1bfc36c,7b7dcc78-2686-43d6-9a1c-efc4ca07d504,00000000-0000-0000-0000-000000000000,2025-07-25 09:01:54,2025-07-25 09:01:54
69d995d2-f2b7-451f-8554-8aeab191b5db,adjustment,draft,ADJ-20260314-0151,68bc263f-80b1-4d8a-bfd0-8216c64f3cd5,,00000000-0000-0000-0000-000000000000,2025-03-25 09:01:54,2025-03-25 09:01:54
5ece9669-3308-44c5-a46b-a72b888b532f,adjustment,confirmed,ADJ-20260314-0152,fbc931c9-1ffb-4bf0-9b33-4071f1789953,,00000000-0000-0000-0000-000000000000,2025-03-26 09:01:54,2025-03-26 09:01:54
01038f52-2567-4065-9434-90ed764739be,receipt,draft,RCP-20260314-0272,,2d324433-8b52-4aeb-baaf-111409b835b1,00000000-0000-0000-0000-000000000000,2025-08-31 09:01:54,2025-08-31 09:01:54
3259bcf6-73cb-486b-ab97-0ba5ac7f58da,delivery,confirmed,DLV-20260314-0272,021a4a43-a68c-4e48-9f00-a1fc32936369,,00000000-0000-0000-0000-000000000000,2025-09-17 09:01:54,2025-09-17 09:01:54
bb2628df-4ac4-4811-903d-6bcc3e23526c,receipt,completed,RCP-20260314-0273,,b6cb2ae9-6992-49fa-a17b-ea817ce5f0a1,00000000-0000-0000-0000-000000000000,2025-07-14 09:01:54,2025-07-14 09:01:54
b2e1d0c3-6372-40b2-80ca-a9c98c51ee2e,adjustment,completed,ADJ-20260314-0153,2688c5f5-1de7-466a-af18-251228678b8f,,00000000-0000-0000-0000-000000000000,2025-09-09 09:01:54,2025-09-09 09:01:54
8f2ad5d3-4fc6-401d-b2a9-fcd494c206d6,delivery,completed,DLV-20260314-0273,d2d1320b-8f16-4660-bd07-46d27f620476,,00000000-0000-0000-0000-000000000000,2025-07-08 09:01:54,2025-07-08 09:01:54
d2d7c8da-5e31-470b-a618-b32bdeb2fce5,receipt,confirmed,RCP-20260314-0274,,fae0e36d-5e8e-47a8-b5ca-0f747b32ee59,00000000-0000-0000-0000-000000000000,2025-06-03 09:01:54,2025-06-03 09:01:54
b31ab162-a85b-4470-bd5f-f4816e43e1fe,delivery,completed,DLV-20260314-0274,5ed6c220-71a4-4f05-b40c-823ec252ef1b,,00000000-0000-0000-0000-000000000000,2025-04-10 09:01:54,2025-04-10 09:01:54
2d1a2499-5b11-4cc7-a10a-d88a5f324194,transfer,completed,TRF-20260314-0220,4b7e4fb8-7f9d-4030-9b6a-1a91a0319dcd,6cb258b4-c6a2-4ded-9541-396937632bbb,00000000-0000-0000-0000-000000000000,2026-01-01 09:01:54,2026-01-01 09:01:54
3af8d667-1f13-4fe8-83c3-2940460891e7,receipt,completed,RCP-20260314-0275,,d0a277f2-bb1c-4bd5-b5c5-e3ae754770bd,00000000-0000-0000-0000-000000000000,2026-01-19 09:01:54,2026-01-19 09:01:54
80522fcc-ec75-42f1-bcb8-755bea1cda37,transfer,completed,TRF-20260314-0221,994adbb5-3f99-4d0e-b5ce-5e039356bfec,cba8b702-9557-472f-832f-87f09b86034c,00000000-0000-0000-0000-000000000000,2025-12-26 09:01:54,2025-12-26 09:01:54
f17a97d5-9a75-460c-9ef9-8776625ede51,delivery,completed,DLV-20260314-0275,a9a6a186-e4cd-41ff-93e9-c5cc48172c77,,00000000-0000-0000-0000-000000000000,2025-06-26 09:01:54,2025-06-26 09:01:54
36d416ec-bd4a-41ef-a84e-28d224615b34,delivery,draft,DLV-20260314-0276,531ecfcd-f6fd-4e7d-bd19-244eabfa6dca,,00000000-0000-0000-0000-000000000000,2025-12-17 09:01:54,2025-12-17 09:01:54
eca1345a-3637-4f04-a97e-2f8454ea08a1,receipt,completed,RCP-20260314-0276,,b660f3aa-4719-4404-a877-b35c1654b97b,00000000-0000-0000-0000-000000000000,2026-01-19 09:01:54,2026-01-19 09:01:54
35fa33ef-8fc4-4d10-a0db-4adb01ec8973,transfer,completed,TRF-20260314-0222,af227270-8713-49bd-baff-9728cbc3e03f,968a94c9-af33-4260-8aaf-b6a44921be33,00000000-0000-0000-0000-000000000000,2025-04-11 09:01:54,2025-04-11 09:01:54
3a8a8860-c159-4c3c-84b7-d99ceb57d67f,receipt,completed,RCP-20260314-0277,,1238c163-4644-4b67-8ef5-6ad9a3e3ba5d,00000000-0000-0000-0000-000000000000,2025-07-30 09:01:54,2025-07-30 09:01:54
4dadbad2-77a5-497f-b4bc-2e3ab5003f9b,receipt,completed,RCP-20260314-0278,,e74ebc3e-fbd0-4d47-a9ed-f08da9bc8cba,00000000-0000-0000-0000-000000000000,2026-03-12 09:01:54,2026-03-12 09:01:54
e23bc383-1dca-4091-9636-f4c0d6c26733,adjustment,draft,ADJ-20260314-0154,40b7329b-4b6d-4d96-8d07-47a7710bb89c,,00000000-0000-0000-0000-000000000000,2025-07-14 09:01:54,2025-07-14 09:01:54
3480f5b2-e08c-4603-9f1f-8717b40b8db7,receipt,draft,RCP-20260314-0279,,16ccd619-dbd5-4bfa-b612-f50d8813fe38,00000000-0000-0000-0000-000000000000,2025-07-23 09:01:54,2025-07-23 09:01:54
c21183fa-9232-4e37-9fb8-7f38bae38a28,transfer,completed,TRF-20260314-0223,9c22385e-c21e-4d3f-aade-2b2bf86b3eea,3724e957-d32b-43dd-9821-4e4e3a239a32,00000000-0000-0000-0000-000000000000,2026-02-11 09:01:54,2026-02-11 09:01:54
d9734e97-1936-4088-b64f-4ac361acab8c,delivery,completed,DLV-20260314-0277,f6601f65-c85e-4402-84fe-1f9e03dcf75e,,00000000-0000-0000-0000-000000000000,2025-09-11 09:01:54,2025-09-11 09:01:54
e0b8cab8-375c-4516-902d-55eee59fa1ac,adjustment,draft,ADJ-20260314-0155,d075e78a-37f3-4fb4-afe3-75c124a8ddb3,,00000000-0000-0000-0000-000000000000,2025-05-29 09:01:54,2025-05-29 09:01:54
4b3c6853-9c0d-4745-84df-c3c1086f3c2d,transfer,completed,TRF-20260314-0224,191e39bb-c72e-44a4-a765-e56f8cf09b05,971e066f-6ff9-4291-9ace-93207ef4b78a,00000000-0000-0000-0000-000000000000,2025-09-27 09:01:54,2025-09-27 09:01:54
e28061fc-6dd3-4f1b-96d2-929d79ec3ddf,adjustment,confirmed,ADJ-20260314-0156,9491277c-162a-488b-86d9-1402293b549e,,00000000-0000-0000-0000-000000000000,2025-08-03 09:01:54,2025-08-03 09:01:54
33a03fc1-bfe7-471e-9881-3eb30d4d25a7,delivery,completed,DLV-20260314-0278,7d65d9c3-5289-431d-ba82-2ebf7cf9a78d,,00000000-0000-0000-0000-000000000000,2025-09-28 09:01:54,2025-09-28 09:01:54
1ace8c07-d45b-441c-bbae-d88dd7b32e8d,delivery,completed,DLV-20260314-0279,d838c131-0c9d-4fc0-82b6-7f79e3153cfe,,00000000-0000-0000-0000-000000000000,2025-05-14 09:01:54,2025-05-14 09:01:54
86ebea5f-d589-4169-a80f-a56fa4583d7a,transfer,completed,TRF-20260314-0225,6767b425-4efa-4829-b70e-57fc667d4be1,40b7329b-4b6d-4d96-8d07-47a7710bb89c,00000000-0000-0000-0000-000000000000,2025-07-23 09:01:54,2025-07-23 09:01:54
8aecf1a2-5169-4dfd-9e8b-adbe97126cab,transfer,confirmed,TRF-20260314-0226,a75a8193-eaf5-4f35-94fa-d18bee038a06,c68a44fd-8a18-4832-ace5-d84f09057c5f,00000000-0000-0000-0000-000000000000,2026-02-03 09:01:54,2026-02-03 09:01:54
99b57c37-78c2-44ab-b6f1-5bdfc7ba1f53,adjustment,completed,ADJ-20260314-0157,8a8221f3-6682-4c60-a993-affaf5dded28,,00000000-0000-0000-0000-000000000000,2025-06-20 09:01:54,2025-06-20 09:01:54
c09a0cc7-d8cc-46b8-a577-b85077be718e,transfer,completed,TRF-20260314-0227,799d8838-3fa7-4df8-85dc-e72e6e66ac8e,deef0161-3972-4c8b-9c0e-f122f6d31feb,00000000-0000-0000-0000-000000000000,2025-03-24 09:01:54,2025-03-24 09:01:54
87986870-9339-47e9-a414-27d0bf6ce8d5,transfer,completed,TRF-20260314-0228,37d81ac9-567f-4092-a421-1b86f3d35e32,000de79b-09f1-4e92-8972-540014b4d91e,00000000-0000-0000-0000-000000000000,2025-05-15 09:01:54,2025-05-15 09:01:54
86444ddb-0362-4aab-b6a6-c2aefd27e284,transfer,completed,TRF-20260314-0229,387454d3-06f5-4b0c-be85-eebd24d993c3,9730de5c-140f-4220-8149-e6fc7778884b,00000000-0000-0000-0000-000000000000,2025-04-27 09:01:54,2025-04-27 09:01:54
474d1808-577b-49cb-b37e-412cff8f6ebc,transfer,completed,TRF-20260314-0230,523b0e5f-6bb8-4452-b9b6-53bb26392152,92b3d04f-fa99-42e0-b73d-02fb0fe419c8,00000000-0000-0000-0000-000000000000,2025-11-21 09:01:54,2025-11-21 09:01:54
359749aa-fb14-4264-a459-c58ba11f6430,transfer,completed,TRF-20260314-0231,d869982a-ab87-4fd0-b0b9-cec3f73ae0a3,1bb07379-67fb-4310-8637-92f29edeb467,00000000-0000-0000-0000-000000000000,2025-04-10 09:01:54,2025-04-10 09:01:54
a4b1dc8c-feb6-4058-a66b-3bc4a8952ef9,adjustment,confirmed,ADJ-20260314-0158,b23954a8-6af0-453b-9469-1da0a78e1eda,,00000000-0000-0000-0000-000000000000,2025-04-15 09:01:54,2025-04-15 09:01:54
4979074d-8531-4513-91cb-20957f157984,delivery,completed,DLV-20260314-0280,a8400d80-d0a7-4ed4-913f-4303fc710aa2,,00000000-0000-0000-0000-000000000000,2025-07-07 09:01:54,2025-07-07 09:01:54
08105604-6869-4d02-8d76-fd4f10fb3168,delivery,completed,DLV-20260314-0281,d91386c5-fa35-4796-bfe5-9b29cceb8fe3,,00000000-0000-0000-0000-000000000000,2026-01-30 09:01:54,2026-01-30 09:01:54
0f677fed-f2b9-44d3-9733-f4e3eb0f9d6f,delivery,draft,DLV-20260314-0282,64c16236-f285-4037-b600-dd3980207220,,00000000-0000-0000-0000-000000000000,2025-03-24 09:01:54,2025-03-24 09:01:54
9af54fa9-e612-49ce-9ee1-f2b46152c2a6,adjustment,completed,ADJ-20260314-0159,9ab4f91c-0a7c-4749-996b-f15191a73b9b,,00000000-0000-0000-0000-000000000000,2026-01-19 09:01:54,2026-01-19 09:01:54
83d8d33a-7fd8-4112-9b77-d4248506093b,adjustment,confirmed,ADJ-20260314-0160,caae7034-7615-4090-9c1c-eb25f0b12e8f,,00000000-0000-0000-0000-000000000000,2026-02-16 09:01:54,2026-02-16 09:01:54
b28d6860-da67-4f99-80ad-53eb7093a8a5,transfer,completed,TRF-20260314-0232,fae0e36d-5e8e-47a8-b5ca-0f747b32ee59,d38e9361-6674-438c-830c-f35b3f1434eb,00000000-0000-0000-0000-000000000000,2025-11-16 09:01:54,2025-11-16 09:01:54
321ef7b6-156a-4c7c-8513-95017c5a9b5b,transfer,completed,TRF-20260314-0233,925bc9ce-b262-41d6-842b-b15e2ed3ce15,4d68535a-ebf6-4ea5-b0fd-446e70d90ec3,00000000-0000-0000-0000-000000000000,2025-04-23 09:01:54,2025-04-23 09:01:54
d74c2bdf-f088-4989-a924-bb5e5905f8a6,receipt,completed,RCP-20260314-0280,,f959c8be-496c-470b-b0e3-8a60344c6a9c,00000000-0000-0000-0000-000000000000,2026-01-25 09:01:54,2026-01-25 09:01:54
2574385f-6c15-4db0-a9fc-7d68bdf601b9,delivery,completed,DLV-20260314-0283,f4c39eff-7b43-4a6a-8ed2-002000a94c46,,00000000-0000-0000-0000-000000000000,2026-02-10 09:01:54,2026-02-10 09:01:54
e4dbe942-5000-4a77-9c54-28b3a9daa9c7,adjustment,completed,ADJ-20260314-0161,bf9f06e1-9e71-44df-8038-0941ea8a9214,,00000000-0000-0000-0000-000000000000,2025-08-21 09:01:54,2025-08-21 09:01:54
acadec40-4f83-4e54-a846-756e3e73a6f4,delivery,draft,DLV-20260314-0284,42ae37d8-226a-4acd-97b8-4b57f2980ee9,,00000000-0000-0000-0000-000000000000,2025-08-25 09:01:54,2025-08-25 09:01:54
fab17c9c-215e-48e0-80da-2f4125b472cd,receipt,confirmed,RCP-20260314-0281,,831f53b4-1db0-4959-afca-72c179a9e556,00000000-0000-0000-0000-000000000000,2025-05-24 09:01:54,2025-05-24 09:01:54
e2c1291b-9e2d-4879-bcc3-984652e8a991,receipt,draft,RCP-20260314-0282,,c0fb5a69-0c86-4924-8c37-6e4986659e17,00000000-0000-0000-0000-000000000000,2026-02-27 09:01:54,2026-02-27 09:01:54
9a887b36-f68e-4664-abb5-3d1a0cb11c2d,transfer,draft,TRF-20260314-0234,034393b0-d708-4f05-adde-8a8ec25df42e,89f10584-ed6d-48ef-9211-bd74ce27e169,00000000-0000-0000-0000-000000000000,2025-06-09 09:01:54,2025-06-09 09:01:54
c7891209-0e9f-4f47-a233-836e563774d3,adjustment,completed,ADJ-20260314-0162,edb14da6-412f-4914-86ac-05facd1a411f,,00000000-0000-0000-0000-000000000000,2025-09-19 09:01:54,2025-09-19 09:01:54
49e0b703-03fe-4de6-845f-6a17a5bc098d,adjustment,confirmed,ADJ-20260314-0163,4b9f7b0c-13d4-4e2e-a93f-0bb3dea99bbf,,00000000-0000-0000-0000-000000000000,2026-02-10 09:01:54,2026-02-10 09:01:54
66eb82ae-1bc9-4fb7-bf08-fef1891d0991,adjustment,completed,ADJ-20260314-0164,03758ee6-4c04-4202-9487-138e76227c33,,00000000-0000-0000-0000-000000000000,2025-06-17 09:01:54,2025-06-17 09:01:54
c955ef84-159a-4f33-aa19-aa4168859714,transfer,completed,TRF-20260314-0235,a11fee37-666a-4647-8da8-2db2e8712847,90bb6cec-f251-454d-b3fa-83c417b57079,00000000-0000-0000-0000-000000000000,2025-08-25 09:01:54,2025-08-25 09:01:54
47ad3c31-d1d7-4c26-a5f0-9ad9e5f8981c,receipt,completed,RCP-20260314-0283,,f81c7cd7-6444-4210-94b5-cd596aafb0ab,00000000-0000-0000-0000-000000000000,2026-01-09 09:01:54,2026-01-09 09:01:54
86147bfd-ca58-4e8e-be96-a4e87abb5542,delivery,completed,DLV-20260314-0285,10f0c1a2-b81a-433d-8233-7fdc72a59f7c,,00000000-0000-0000-0000-000000000000,2025-08-07 09:01:54,2025-08-07 09:01:54
533b3b58-324e-4ea1-8f4f-3d1d0938fdc6,adjustment,completed,ADJ-20260314-0165,0d0e5979-d70a-41ac-b28b-4a0d9297244f,,00000000-0000-0000-0000-000000000000,2026-03-13 09:01:54,2026-03-13 09:01:54
776212ab-e245-4e7f-b299-0ea3af3207e2,transfer,completed,TRF-20260314-0236,c3780ad5-f844-4577-8a91-312b9345dbcc,342099aa-afe2-4d51-aa8e-d1403197eaa1,00000000-0000-0000-0000-000000000000,2025-07-03 09:01:54,2025-07-03 09:01:54
951a2690-42e1-4fa5-9f57-8c98ebc0fc90,adjustment,draft,ADJ-20260314-0166,e9f0da55-63ff-4434-ba4c-a0c7ef1efd2d,,00000000-0000-0000-0000-000000000000,2026-01-14 09:01:54,2026-01-14 09:01:54
401ef2c0-885b-4adc-9c1b-70689cb2013a,delivery,confirmed,DLV-20260314-0286,8a829fa0-9102-4657-8257-3ed956f1d983,,00000000-0000-0000-0000-000000000000,2025-07-01 09:01:54,2025-07-01 09:01:54
cddfe8ad-9e8d-436c-bb80-d4de76f63322,receipt,confirmed,RCP-20260314-0284,,caac34d8-5ae7-4d71-b389-b59cee01dedb,00000000-0000-0000-0000-000000000000,2025-04-21 09:01:54,2025-04-21 09:01:54
22cdaa25-e6d7-41dc-88c8-52d4cbab3272,delivery,completed,DLV-20260314-0287,36a9e013-3657-4a8d-b469-4faea1c4babc,,00000000-0000-0000-0000-000000000000,2025-04-11 09:01:54,2025-04-11 09:01:54
f64a987a-9083-467d-89be-bb6cc7238fe3,delivery,draft,DLV-20260314-0288,cc0ae2cc-fa7a-4e37-a240-3ad3cf189672,,00000000-0000-0000-0000-000000000000,2026-03-05 09:01:54,2026-03-05 09:01:54
a1ece328-c911-43be-8d8c-de37d97d8ee5,transfer,draft,TRF-20260314-0237,cb0639e4-685a-46e1-a689-156dcefa8ee8,2b82c364-0ce2-44ae-8bf6-e22704b72022,00000000-0000-0000-0000-000000000000,2025-08-28 09:01:54,2025-08-28 09:01:54
669cc8a2-7e19-4046-a505-e4c979d677c8,transfer,confirmed,TRF-20260314-0238,143693f2-ce19-43af-9133-3c23e957ec31,d1e63f86-b79e-48c8-b25e-44505c7974c9,00000000-0000-0000-0000-000000000000,2025-09-12 09:01:54,2025-09-12 09:01:54
a32e5596-cd8a-4b46-8e66-dc906eb015eb,receipt,completed,RCP-20260314-0285,,ffe07e75-84a6-447e-b5d8-55a1cf30155e,00000000-0000-0000-0000-000000000000,2025-12-17 09:01:54,2025-12-17 09:01:54
1401787e-fe22-4244-9342-a01ef47cf17f,delivery,draft,DLV-20260314-0289,1969ad25-7f59-4d09-9b65-01d7d6625739,,00000000-0000-0000-0000-000000000000,2025-06-16 09:01:54,2025-06-16 09:01:54
79ca8856-8698-4434-900e-4fdd805a426f,transfer,completed,TRF-20260314-0239,306e2012-d89a-4bc5-8a8b-d9b7136fdb2c,c0f08e75-b6b6-439e-85c5-ec4a9b6286dd,00000000-0000-0000-0000-000000000000,2025-06-16 09:01:54,2025-06-16 09:01:54
25cb7ce6-7972-464f-8037-1baa1c66bb2a,receipt,confirmed,RCP-20260314-0286,,cd9b65d2-eea0-4a19-8a4e-5dd1d5aea40c,00000000-0000-0000-0000-000000000000,2025-07-24 09:01:54,2025-07-24 09:01:54
fb14709e-ed0c-4ae6-9552-9de3f8aa2e0b,delivery,completed,DLV-20260314-0290,9f3d2e22-f065-4fb7-9d0f-d00145051b0b,,00000000-0000-0000-0000-000000000000,2025-09-21 09:01:54,2025-09-21 09:01:54
539df879-a722-42f6-a6e3-b65eb1dcf3e3,delivery,draft,DLV-20260314-0291,7568f536-6974-4fa0-bd85-96af28a40034,,00000000-0000-0000-0000-000000000000,2025-05-17 09:01:54,2025-05-17 09:01:54
a033b905-f849-45e2-b5a8-309a157e853c,delivery,draft,DLV-20260314-0292,381c2c60-aee0-41be-988d-9a4d7600b6cc,,00000000-0000-0000-0000-000000000000,2026-02-10 09:01:54,2026-02-10 09:01:54
260e0a3b-a4c9-497a-91dd-ff7d7d6f20dc,receipt,completed,RCP-20260314-0287,,9042d8d9-7cb1-4b4e-868a-c4b544e28887,00000000-0000-0000-0000-000000000000,2025-04-19 09:01:54,2025-04-19 09:01:54
634c6757-7c41-4581-9fb6-8950e9dcd62c,delivery,completed,DLV-20260314-0293,6c8b4324-d8ed-4f15-9e97-ba73530d79f2,,00000000-0000-0000-0000-000000000000,2026-02-17 09:01:54,2026-02-17 09:01:54
c0aab59a-31fa-433c-b074-30ed7e6f1d37,adjustment,completed,ADJ-20260314-0167,2d90f5ab-00e3-49ab-afe1-d82b85fdb550,,00000000-0000-0000-0000-000000000000,2026-01-02 09:01:54,2026-01-02 09:01:54
6601c6b9-0e95-4c53-ac5c-94a213e7f5ea,receipt,completed,RCP-20260314-0288,,38b15350-2b32-4819-bf8c-979c390bfd71,00000000-0000-0000-0000-000000000000,2025-12-19 09:01:54,2025-12-19 09:01:54
63f95a85-c36d-45d8-af06-3d99a93efa8c,receipt,confirmed,RCP-20260314-0289,,ff8f1cfe-6fde-48dc-8830-3e58d2321771,00000000-0000-0000-0000-000000000000,2025-04-15 09:01:54,2025-04-15 09:01:54
7d39d163-6c85-44bf-a784-99ba1c09da55,transfer,completed,TRF-20260314-0240,a8774037-6062-4d2e-888d-a98367d39456,8e99f2dd-6a08-4e73-b61a-da0c2f1794e3,00000000-0000-0000-0000-000000000000,2025-09-03 09:01:54,2025-09-03 09:01:54
3d6ccda4-526c-4afa-b174-fbc3fcf0d17d,receipt,draft,RCP-20260314-0290,,7851bbec-ec1d-4f8f-883c-9371417c7d23,00000000-0000-0000-0000-000000000000,2026-02-17 09:01:54,2026-02-17 09:01:54
eb9ff808-dc7e-4653-9211-e8b0ef3024f3,receipt,draft,RCP-20260314-0291,,a5d9e202-5a0c-4548-90c4-d311b567fce8,00000000-0000-0000-0000-000000000000,2025-10-30 09:01:54,2025-10-30 09:01:54
8f1bce71-6757-4bed-85ce-eb7877c0eb99,adjustment,completed,ADJ-20260314-0168,3c78c686-bd01-4433-bf22-7a94823c83c1,,00000000-0000-0000-0000-000000000000,2026-02-11 09:01:54,2026-02-11 09:01:54
c774e60b-c219-41d9-86f8-ddba40e2b068,transfer,completed,TRF-20260314-0241,5287be7f-d745-49af-86ac-59b225bab191,16103e57-84ab-4b3f-8999-36ccc21e5cd2,00000000-0000-0000-0000-000000000000,2026-03-03 09:01:54,2026-03-03 09:01:54
b3e2c47c-24ad-452e-8972-4456b8d6df6b,transfer,completed,TRF-20260314-0242,4324643a-8ced-4622-8214-ef5fdf408c45,e36dfdcd-279f-4cba-96ec-9c9753fc4700,00000000-0000-0000-0000-000000000000,2025-06-15 09:01:54,2025-06-15 09:01:54
c8d5841b-e852-46ec-8042-c4aa689d74ea,adjustment,completed,ADJ-20260314-0169,eb09f3b8-7013-4b34-afe8-4bf3180f08e0,,00000000-0000-0000-0000-000000000000,2025-04-29 09:01:54,2025-04-29 09:01:54
01e4e582-7c82-4182-805a-2ca074973eb3,transfer,confirmed,TRF-20260314-0243,cdffaf3b-7084-41e0-b010-b2e0939311e3,968a94c9-af33-4260-8aaf-b6a44921be33,00000000-0000-0000-0000-000000000000,2026-02-09 09:01:54,2026-02-09 09:01:54
6a77d12d-0b85-4006-9270-d9780cdc585f,adjustment,draft,ADJ-20260314-0170,de263198-37ab-4042-8ed3-c1491e4a50a4,,00000000-0000-0000-0000-000000000000,2025-10-15 09:01:54,2025-10-15 09:01:54
a5b92028-4cbd-4de5-8ed6-76717c1621cc,delivery,completed,DLV-20260314-0294,b660f3aa-4719-4404-a877-b35c1654b97b,,00000000-0000-0000-0000-000000000000,2025-08-31 09:01:54,2025-08-31 09:01:54
e11a1cdc-05db-431f-ac61-d49fd1dc9cbd,transfer,completed,TRF-20260314-0244,63bd4ca9-c961-4697-bf5a-b4838a79cbf3,f0ab3416-3cf6-45a3-bb34-c31d47fa536e,00000000-0000-0000-0000-000000000000,2025-07-07 09:01:54,2025-07-07 09:01:54
809dfda6-1eb6-4d11-a9c8-25663b492f4d,delivery,completed,DLV-20260314-0295,20926e62-2daa-4d5f-8f03-c68619df901c,,00000000-0000-0000-0000-000000000000,2025-05-17 09:01:54,2025-05-17 09:01:54
c4d3b724-356e-4ff3-9bc9-9e7322e19e61,adjustment,draft,ADJ-20260314-0171,befb3212-1e94-4b8c-84ed-6075a2b8c12a,,00000000-0000-0000-0000-000000000000,2025-11-22 09:01:54,2025-11-22 09:01:54
0212d711-d60c-4fab-875d-c41baedde959,receipt,draft,RCP-20260314-0292,,0c38c790-8ced-47ed-85c5-e22f4f6d1c63,00000000-0000-0000-0000-000000000000,2025-09-29 09:01:54,2025-09-29 09:01:54
287e90b1-cf28-441f-bd6d-ead3ba696723,receipt,draft,RCP-20260314-0293,,35eaf4f8-65d1-4153-ba96-525fdeb110c3,00000000-0000-0000-0000-000000000000,2025-09-08 09:01:54,2025-09-08 09:01:54
2f861b65-28d6-4281-ae37-09cbc51bbe58,transfer,confirmed,TRF-20260314-0245,8c6734cc-f2dc-4904-b78a-8a47fc151f9d,9a85da1f-7a63-464d-a280-7034339d46c4,00000000-0000-0000-0000-000000000000,2025-11-28 09:01:54,2025-11-28 09:01:54
ed71d389-52ca-45ef-aeac-9c651e447ac3,receipt,completed,RCP-20260314-0294,,ef077f5b-df70-4f43-ad0c-f81e8b2bd256,00000000-0000-0000-0000-000000000000,2025-11-27 09:01:54,2025-11-27 09:01:54
466672ac-6984-4fea-9eb1-4b574bdea3c1,adjustment,completed,ADJ-20260314-0172,d1cd5954-f096-43bb-a4e4-2434aaf1120a,,00000000-0000-0000-0000-000000000000,2025-06-02 09:01:54,2025-06-02 09:01:54
6e592708-e9bb-43e9-afd0-e4287850793c,delivery,completed,DLV-20260314-0296,74f7dc30-1a28-4247-93f4-15601584d666,,00000000-0000-0000-0000-000000000000,2025-09-30 09:01:54,2025-09-30 09:01:54
59dbb156-058e-4f5d-bc7e-25b77ebd4517,delivery,draft,DLV-20260314-0297,099e0f2f-9839-47cd-ae52-20e2d277b235,,00000000-0000-0000-0000-000000000000,2025-09-03 09:01:54,2025-09-03 09:01:54
82aae633-ab2d-423b-b50b-f246b704dc50,receipt,completed,RCP-20260314-0295,,a34ccab9-22fc-4fbc-bce6-6e88e3e46e07,00000000-0000-0000-0000-000000000000,2025-12-02 09:01:54,2025-12-02 09:01:54
6998d535-370f-495a-8659-b8e614e02adc,adjustment,completed,ADJ-20260314-0173,d8d0cbb4-ea0e-4d1a-b05b-e813028f5383,,00000000-0000-0000-0000-000000000000,2026-02-05 09:01:54,2026-02-05 09:01:54
53f225e3-fcce-4de0-b820-9166199e9d6f,adjustment,completed,ADJ-20260314-0174,e8bc0a7e-7666-4892-abaa-267c546f2f24,,00000000-0000-0000-0000-000000000000,2025-06-13 09:01:54,2025-06-13 09:01:54
813b89d9-9914-45cd-9aca-f84910afa12e,delivery,completed,DLV-20260314-0298,ce1a2b6f-3376-4af4-9c41-70a290d23291,,00000000-0000-0000-0000-000000000000,2026-02-19 09:01:54,2026-02-19 09:01:54
853fd341-d2d2-4f41-99fb-b16f1c5ece54,transfer,completed,TRF-20260314-0246,9dce942b-43ea-46b3-bd93-cd0010a4c5cf,ffebb10c-51ba-430c-b221-211c0c07fa82,00000000-0000-0000-0000-000000000000,2025-08-26 09:01:54,2025-08-26 09:01:54
bbc3d3f4-eb7f-4360-8267-ebd7f9d4ee1f,delivery,completed,DLV-20260314-0299,83e8203f-b4d7-47b5-b171-3beadee91067,,00000000-0000-0000-0000-000000000000,2025-12-19 09:01:54,2025-12-19 09:01:54
cf2a160c-97f3-4195-85a1-89515a12f67f,adjustment,completed,ADJ-20260314-0175,831f53b4-1db0-4959-afca-72c179a9e556,,00000000-0000-0000-0000-000000000000,2026-02-04 09:01:54,2026-02-04 09:01:54
3c392545-06e3-4c2c-8a2d-c8772433727b,delivery,completed,DLV-20260314-0300,bde6155d-43bf-4439-b8ee-d97048e9731a,,00000000-0000-0000-0000-000000000000,2025-03-24 09:01:54,2025-03-24 09:01:54
3ba5ec26-8f6a-4184-8e32-a7212a3bee4f,delivery,completed,DLV-20260314-0301,da14fe50-d230-418a-8bc5-ca66ecd4b7c0,,00000000-0000-0000-0000-000000000000,2025-05-11 09:01:54,2025-05-11 09:01:54
e18d2971-4418-49ce-b508-f2f9b1005115,transfer,confirmed,TRF-20260314-0247,a5fa9e62-0afd-4a33-aa2a-c131578d6f4d,22eb2c96-d82b-46b2-a891-435c8412c8ba,00000000-0000-0000-0000-000000000000,2025-07-17 09:01:54,2025-07-17 09:01:54
a772f1c0-68f8-454a-bdde-5bb768de9436,receipt,completed,RCP-20260314-0296,,799d8838-3fa7-4df8-85dc-e72e6e66ac8e,00000000-0000-0000-0000-000000000000,2025-05-06 09:01:54,2025-05-06 09:01:54
303fda57-e2b6-4a6a-819d-5ad3024e14c8,transfer,confirmed,TRF-20260314-0248,a7192820-cb60-4497-8747-ad16d8d26ce3,f68757d5-8038-4bbd-9da1-97cf9d1261c6,00000000-0000-0000-0000-000000000000,2025-12-28 09:01:54,2025-12-28 09:01:54
2e0a1a58-c1cf-4f60-9661-b486822397ad,receipt,completed,RCP-20260314-0297,,98473256-4463-45f2-9d4e-855bd7edeefe,00000000-0000-0000-0000-000000000000,2026-02-25 09:01:54,2026-02-25 09:01:54
d8b1e302-f482-4b3b-b44b-0a9742c3fea4,delivery,completed,DLV-20260314-0302,948c7b99-e2c5-48be-b026-1727bcadd573,,00000000-0000-0000-0000-000000000000,2026-03-14 09:01:54,2026-03-14 09:01:54
dbde332b-9580-42bd-95a1-3bf3c56a836c,delivery,draft,DLV-20260314-0303,22df9ad4-5152-4803-99b3-dcfe813df0ce,,00000000-0000-0000-0000-000000000000,2025-09-07 09:01:54,2025-09-07 09:01:54
57df414b-947d-45e7-aa9f-1fde6ddad70b,receipt,confirmed,RCP-20260314-0298,,0743b78a-f4e0-45b4-b853-65501d63ea59,00000000-0000-0000-0000-000000000000,2025-06-04 09:01:54,2025-06-04 09:01:54
511414bb-4a3d-4477-94b3-58c3bda1885f,delivery,completed,DLV-20260314-0304,8aa61b26-5200-40c8-b67a-fb9a545905f7,,00000000-0000-0000-0000-000000000000,2026-01-23 09:01:54,2026-01-23 09:01:54
af8e0368-6def-4046-b8d4-f8f8ca05ca1f,receipt,completed,RCP-20260314-0299,,6bd1b58e-7c5f-40fe-9244-2250206466ca,00000000-0000-0000-0000-000000000000,2025-07-10 09:01:54,2025-07-10 09:01:54
86d81a60-dbf6-45f6-ac82-ec80bb1bc700,delivery,completed,DLV-20260314-0305,7b7dcc78-2686-43d6-9a1c-efc4ca07d504,,00000000-0000-0000-0000-000000000000,2025-12-14 09:01:54,2025-12-14 09:01:54
659517c5-ceda-49b3-a318-07b7ab17a933,delivery,completed,DLV-20260314-0306,38c1d270-c366-4758-b9c6-79def18f8884,,00000000-0000-0000-0000-000000000000,2025-09-09 09:01:54,2025-09-09 09:01:54
b798c5ca-4f20-4848-bf2b-666dda8fd887,adjustment,completed,ADJ-20260314-0176,b893c0a6-d686-4541-a3f4-fa046e36fe7f,,00000000-0000-0000-0000-000000000000,2025-06-22 09:01:54,2025-06-22 09:01:54
38c26336-5f87-442c-baa5-abe836811d2b,receipt,draft,RCP-20260314-0300,,d20fd737-d365-4b4b-b9ee-4475905acce4,00000000-0000-0000-0000-000000000000,2025-10-14 09:01:54,2025-10-14 09:01:54
3f4a30db-0b71-4930-a61f-09efe1b7f403,transfer,confirmed,TRF-20260314-0249,8b6550e6-b98f-4d55-ab5f-c3982c8c7073,5e469640-a58b-4c2b-9f92-73a0663e1022,00000000-0000-0000-0000-000000000000,2025-10-25 09:01:54,2025-10-25 09:01:54
7d1804c8-defa-45ef-a3ab-644895f3c463,transfer,draft,TRF-20260314-0250,e99d6597-8afc-485d-b573-4c1191e32a0e,a206ed90-eda0-49ac-b3ad-9be7b7d95bde,00000000-0000-0000-0000-000000000000,2026-02-22 09:01:54,2026-02-22 09:01:54
f432e5bf-c831-4361-8985-bf2e03bec10a,delivery,completed,DLV-20260314-0307,696e84d9-043a-499e-871c-e322aba07c7c,,00000000-0000-0000-0000-000000000000,2025-11-07 09:01:54,2025-11-07 09:01:54
6f7d1cb6-4a04-4f14-975d-7c925ceb7f25,receipt,completed,RCP-20260314-0301,,db7b0359-3d67-44c5-af73-66ba3fcba300,00000000-0000-0000-0000-000000000000,2025-06-13 09:01:54,2025-06-13 09:01:54
89a929f3-9c37-4f7f-abf0-7f3199b97c08,receipt,draft,RCP-20260314-0302,,9242af25-77cc-4d37-aaaa-6caf64a15638,00000000-0000-0000-0000-000000000000,2025-07-06 09:01:54,2025-07-06 09:01:54
cf9361ed-56f2-45bc-8191-87aed1c27fea,transfer,completed,TRF-20260314-0251,90bb6cec-f251-454d-b3fa-83c417b57079,eb841f65-a5e2-431e-920d-388ae4df6ad2,00000000-0000-0000-0000-000000000000,2025-08-09 09:01:54,2025-08-09 09:01:54
121a8b16-714f-4947-8800-d9fcc0abe8c4,transfer,completed,TRF-20260314-0252,e0a4a202-36ca-4fd2-80a7-d4873dfefd4e,a75aede9-e52a-4a9c-bb85-fce85c5e9c95,00000000-0000-0000-0000-000000000000,2025-09-20 09:01:54,2025-09-20 09:01:54
97c0c715-d2fb-4e46-bbd4-28080a7d7cfe,delivery,completed,DLV-20260314-0308,6f3ad628-328d-4014-9577-f17d3b154173,,00000000-0000-0000-0000-000000000000,2025-04-18 09:01:54,2025-04-18 09:01:54
71e5cc73-e4e3-4ad4-8c24-ee4a06702d78,adjustment,draft,ADJ-20260314-0177,487463a0-9746-4d1f-8e63-9bbb15b0c908,,00000000-0000-0000-0000-000000000000,2025-05-09 09:01:54,2025-05-09 09:01:54
e110c345-8c47-4a90-8762-bf19edf376d5,delivery,completed,DLV-20260314-0309,93dc88bd-d6a1-4979-b589-364c362085d0,,00000000-0000-0000-0000-000000000000,2025-04-29 09:01:54,2025-04-29 09:01:54
d74383f6-43af-46b0-a353-e1a8fb82ab50,delivery,confirmed,DLV-20260314-0310,cea31b90-e419-4c29-87f2-0e38d27ed940,,00000000-0000-0000-0000-000000000000,2025-08-22 09:01:54,2025-08-22 09:01:54
20234b12-9187-43f1-b04c-18ff3b25c76c,adjustment,completed,ADJ-20260314-0178,09a408f7-9eaf-4bbc-82e4-b2461c4ef49a,,00000000-0000-0000-0000-000000000000,2025-10-20 09:01:54,2025-10-20 09:01:54
73629be3-cd8a-415f-b1a5-2598625ee11c,receipt,completed,RCP-20260314-0303,,1c5127df-04b5-4850-8b24-2cab941aeeb5,00000000-0000-0000-0000-000000000000,2026-01-19 09:01:54,2026-01-19 09:01:54
10c58866-8c94-4bb5-8d97-cdbf9a39d540,receipt,completed,RCP-20260314-0304,,f478e4e7-ce98-4c43-9b06-0423d30a08d9,00000000-0000-0000-0000-000000000000,2025-10-03 09:01:54,2025-10-03 09:01:54
53765ca8-1fc7-4bfa-b6ff-69a674e418db,delivery,draft,DLV-20260314-0311,60adde3a-fa22-4030-a23b-e33955d8512c,,00000000-0000-0000-0000-000000000000,2025-11-20 09:01:54,2025-11-20 09:01:54
3d0db2f6-d491-4aee-9233-628caa25cd6a,receipt,completed,RCP-20260314-0305,,068e76cc-7b0a-4571-a921-ff8156601437,00000000-0000-0000-0000-000000000000,2025-07-06 09:01:54,2025-07-06 09:01:54
e22ca185-5616-492d-8177-d9cf6b9018cd,delivery,completed,DLV-20260314-0312,64314cf3-aa46-4777-8322-1d461372a013,,00000000-0000-0000-0000-000000000000,2025-10-06 09:01:54,2025-10-06 09:01:54
7a811e2f-48ef-4b3e-ba87-65940cee9eab,receipt,confirmed,RCP-20260314-0306,,b01ce41f-7c7e-47a7-9b47-af91f6550254,00000000-0000-0000-0000-000000000000,2026-02-18 09:01:54,2026-02-18 09:01:54
eb35b95d-f621-4b1e-a546-aca52696b891,delivery,completed,DLV-20260314-0313,dadcdd55-34c0-4c07-b7d4-efdc87cd3f54,,00000000-0000-0000-0000-000000000000,2026-01-03 09:01:54,2026-01-03 09:01:54
0902e4f5-996d-481a-bea0-0b35519292ce,adjustment,confirmed,ADJ-20260314-0179,250862e5-7b3b-4f93-a6f1-4663cbcec0e9,,00000000-0000-0000-0000-000000000000,2026-02-16 09:01:54,2026-02-16 09:01:54
e6ca6e59-dd84-427c-a02c-c22429cec95d,receipt,confirmed,RCP-20260314-0307,,e68ef4a5-6d87-456b-83fa-18c58f9cf0fd,00000000-0000-0000-0000-000000000000,2025-12-09 09:01:54,2025-12-09 09:01:54
61ddc91b-ed35-4ece-ad17-acf9b448671b,delivery,completed,DLV-20260314-0314,8eef35cf-d272-4661-88f8-3d85968f970b,,00000000-0000-0000-0000-000000000000,2025-09-08 09:01:54,2025-09-08 09:01:54
d9ce1dc1-8616-41ff-a971-ae17476803ff,receipt,draft,RCP-20260314-0308,,90460231-b396-4f71-b43f-616be66da9b4,00000000-0000-0000-0000-000000000000,2025-06-10 09:01:54,2025-06-10 09:01:54
86efe33a-90c0-4cb1-9ddc-71710fd05c84,transfer,draft,TRF-20260314-0253,8948a14b-c825-48cf-967d-51ca6ce97a81,ae8849dd-29e4-4865-ade4-dde4e9e0971c,00000000-0000-0000-0000-000000000000,2025-07-08 09:01:54,2025-07-08 09:01:54
15223c45-3269-485d-84c9-3aa4941bf497,transfer,draft,TRF-20260314-0254,e64ae43b-5777-4499-b0f6-dc7b4a0a128c,e2d08e3d-c2e9-43b5-a620-c980a5bfcba8,00000000-0000-0000-0000-000000000000,2025-12-23 09:01:54,2025-12-23 09:01:54
a87b532c-3f2d-4688-8210-afa6ccf5f834,transfer,completed,TRF-20260314-0255,0694b2e3-a5ae-4bd4-a238-6c6bf330f1e2,387454d3-06f5-4b0c-be85-eebd24d993c3,00000000-0000-0000-0000-000000000000,2025-09-04 09:01:54,2025-09-04 09:01:54
e542fb72-0d50-4fe0-806e-6d443d17ae14,receipt,completed,RCP-20260314-0309,,a2bdbcbc-a5d8-4b2c-a9dc-4db43f496e7b,00000000-0000-0000-0000-000000000000,2025-12-16 09:01:54,2025-12-16 09:01:54
89bd9a06-e949-4827-907a-c6611e517657,delivery,draft,DLV-20260314-0315,1dd596df-01ba-419c-86f4-404a411e607d,,00000000-0000-0000-0000-000000000000,2025-11-17 09:01:54,2025-11-17 09:01:54
a93d77c8-fb7d-4a9a-925c-26ad72e33f6c,receipt,completed,RCP-20260314-0310,,0a9120a7-cc07-4f07-8f73-c36f1e19132d,00000000-0000-0000-0000-000000000000,2026-01-30 09:01:54,2026-01-30 09:01:54
304670f7-67ee-40c3-aae4-18ace9e3589d,transfer,draft,TRF-20260314-0256,cd4f940c-5358-4286-ab95-2ad0529cb836,742c4055-0f73-43f7-b05a-d05513885ca9,00000000-0000-0000-0000-000000000000,2026-01-18 09:01:54,2026-01-18 09:01:54
832ee914-3a5c-4833-9d4f-29e9b638d2a8,delivery,completed,DLV-20260314-0316,747e0f47-053a-46ac-821c-84edb5ee13c8,,00000000-0000-0000-0000-000000000000,2026-01-18 09:01:54,2026-01-18 09:01:54
aec5d433-11ab-4368-b04a-05c061ac378c,delivery,completed,DLV-20260314-0317,d7561507-9c89-4f87-81a2-49ca27fce28c,,00000000-0000-0000-0000-000000000000,2025-04-07 09:01:54,2025-04-07 09:01:54
97013f18-d53f-4b89-b3b8-320563e0102b,delivery,completed,DLV-20260314-0318,898da1ec-d89f-4b65-a940-c42b6eaa2ecb,,00000000-0000-0000-0000-000000000000,2025-12-14 09:01:54,2025-12-14 09:01:54
721b916f-1506-487d-8c5f-183fa5970ba2,receipt,draft,RCP-20260314-0311,,d699dae6-a22e-4342-9c7f-b195be3740b1,00000000-0000-0000-0000-000000000000,2025-10-28 09:01:54,2025-10-28 09:01:54
da7f153f-fe78-4f09-a417-255437a9f634,receipt,completed,RCP-20260314-0312,,6c30f308-7611-4a31-970a-53123745fbd4,00000000-0000-0000-0000-000000000000,2025-05-07 09:01:54,2025-05-07 09:01:54
2138cf7e-feb1-4b32-a884-afd9d456dae4,adjustment,draft,ADJ-20260314-0180,2452ac75-c294-4610-9557-8d087c6893d8,,00000000-0000-0000-0000-000000000000,2025-03-30 09:01:54,2025-03-30 09:01:54
45abfea1-f111-45e8-990c-d9ff215fc3f4,delivery,draft,DLV-20260314-0319,55c43fd6-d30b-4674-8762-3ce0679260dc,,00000000-0000-0000-0000-000000000000,2025-11-29 09:01:54,2025-11-29 09:01:54
ac184cb3-6159-433b-8f9a-b8cd3b185418,receipt,draft,RCP-20260314-0313,,ea0fb04e-89be-4e6c-b0fe-5651c67840c2,00000000-0000-0000-0000-000000000000,2025-07-08 09:01:54,2025-07-08 09:01:54
223ac93a-83d8-4d2c-a72e-610e3b6eb315,adjustment,draft,ADJ-20260314-0181,a7192820-cb60-4497-8747-ad16d8d26ce3,,00000000-0000-0000-0000-000000000000,2025-04-23 09:01:54,2025-04-23 09:01:54
c23467d4-3489-4d37-aa8f-18aaa5efc6f5,transfer,draft,TRF-20260314-0257,b8dcd992-e9f0-4b66-9ab4-8bcc7e71fb51,aa5bbb43-bdc9-41d2-b3a9-71a58e08f919,00000000-0000-0000-0000-000000000000,2026-01-01 09:01:54,2026-01-01 09:01:54
2e300140-4393-4b58-b3d4-fbfce90950d4,delivery,confirmed,DLV-20260314-0320,24659f44-b9b4-4044-a031-173a0c0a0259,,00000000-0000-0000-0000-000000000000,2025-04-29 09:01:54,2025-04-29 09:01:54
f99ef5bd-4fd9-45ec-b525-e5852839b013,transfer,completed,TRF-20260314-0258,14865eda-d2c1-43f7-9fb2-7194e72dea1f,9b08de58-a62f-4bcf-9807-565a5162190d,00000000-0000-0000-0000-000000000000,2025-09-12 09:01:54,2025-09-12 09:01:54
ea0eb894-ef75-4622-a84a-6d79f64745d4,receipt,confirmed,RCP-20260314-0314,,5fa3e836-f244-41d2-8a17-2d4096676d6f,00000000-0000-0000-0000-000000000000,2025-04-13 09:01:54,2025-04-13 09:01:54
e7706f99-1f62-451b-9374-52dbe3d2b1cc,transfer,draft,TRF-20260314-0259,3013b560-a80b-432a-8e56-9d2c2725bbad,ecac9afb-ad40-4bf2-92e8-80fc0d5e55fb,00000000-0000-0000-0000-000000000000,2025-08-19 09:01:54,2025-08-19 09:01:54
a2af7885-5d33-44cd-9b2a-8886aab12049,receipt,draft,RCP-20260314-0315,,7ed72e38-b0af-4bc0-a203-9b6fdbe6a913,00000000-0000-0000-0000-000000000000,2025-05-22 09:01:54,2025-05-22 09:01:54
8f28c83c-ef11-4874-8b23-77d2fd56f8c2,adjustment,completed,ADJ-20260314-0182,fb737d42-5d60-4b09-9c39-3378b561246c,,00000000-0000-0000-0000-000000000000,2026-01-27 09:01:54,2026-01-27 09:01:54
2faaf474-d107-4e79-9710-9c16ae3a5571,receipt,completed,RCP-20260314-0316,,cc0ae2cc-fa7a-4e37-a240-3ad3cf189672,00000000-0000-0000-0000-000000000000,2025-08-28 09:01:54,2025-08-28 09:01:54
8335ba54-4fda-48ff-b6a6-b1a961b48853,delivery,completed,DLV-20260314-0321,09682fe1-2df5-4a1a-8475-e14d9dac1da6,,00000000-0000-0000-0000-000000000000,2025-05-13 09:01:54,2025-05-13 09:01:54
4a42bda2-a86f-4f83-8107-8386187b3db2,receipt,completed,RCP-20260314-0317,,f8b88fc0-d34a-4dfa-a2e9-71cd3d9a7968,00000000-0000-0000-0000-000000000000,2025-05-21 09:01:54,2025-05-21 09:01:54
fbdcd962-8421-4859-977d-7e2586532ca9,delivery,completed,DLV-20260314-0322,c732f64e-7717-49f5-9e3b-7ce4901ebfa7,,00000000-0000-0000-0000-000000000000,2025-10-29 09:01:54,2025-10-29 09:01:54
8e3c9e9c-54e4-4fb3-9e5b-c1e721dd0dac,delivery,draft,DLV-20260314-0323,18f30ae3-0a08-42ca-b163-abeff04985ee,,00000000-0000-0000-0000-000000000000,2026-02-06 09:01:54,2026-02-06 09:01:54
ea33db2c-8b38-4357-9e44-5ef46afcdf74,delivery,draft,DLV-20260314-0324,482d3c55-ce04-4bd8-a06f-29dfd952283a,,00000000-0000-0000-0000-000000000000,2025-11-05 09:01:54,2025-11-05 09:01:54
4ae1ecf1-24ac-460a-ac81-f65f2693eef1,delivery,draft,DLV-20260314-0325,52f350fc-e174-4a0b-b98b-67778a491c36,,00000000-0000-0000-0000-000000000000,2026-03-11 09:01:54,2026-03-11 09:01:54
7d8001b1-ab0b-4760-abcb-8e1721f5b286,receipt,draft,RCP-20260314-0318,,577b6a01-aaca-4a1d-abf8-00f96419e368,00000000-0000-0000-0000-000000000000,2026-01-22 09:01:54,2026-01-22 09:01:54
53654e2c-3b6a-4166-b049-2738f01bb3eb,receipt,completed,RCP-20260314-0319,,4c7b29d0-333c-4ebb-bcbf-fcd8fb256ed2,00000000-0000-0000-0000-000000000000,2026-01-27 09:01:54,2026-01-27 09:01:54
89cf12ac-7416-47c9-9c16-92460a7b524a,receipt,completed,RCP-20260314-0320,,3ccce08f-c8af-49e1-b6f9-3a2ca9ec6f44,00000000-0000-0000-0000-000000000000,2025-11-28 09:01:54,2025-11-28 09:01:54
920bb2b1-2a25-42d8-a188-eefd47ed5fae,receipt,draft,RCP-20260314-0321,,9c0c03a5-f6c0-422f-a0fe-63937ebd91d7,00000000-0000-0000-0000-000000000000,2025-05-08 09:01:54,2025-05-08 09:01:54
279d1657-1aaa-4fb7-92b5-01a4d8d90989,receipt,completed,RCP-20260314-0322,,94f6eca3-1107-47bc-9369-bb3fd10a7e4d,00000000-0000-0000-0000-000000000000,2026-02-20 09:01:54,2026-02-20 09:01:54
b8792ffb-54a4-47c0-abdf-d64c11e97af8,transfer,completed,TRF-20260314-0260,6a5dd982-cd3d-415d-9d89-89c9a7431f4a,e9da2696-5ad7-4fb6-bfa6-72ad47f8d655,00000000-0000-0000-0000-000000000000,2025-04-01 09:01:54,2025-04-01 09:01:54
457efa49-41ca-4633-b359-614729251053,delivery,completed,DLV-20260314-0326,4048110a-5b56-4c6d-95bb-31938340ddd4,,00000000-0000-0000-0000-000000000000,2025-06-25 09:01:54,2025-06-25 09:01:54
797c4dd7-704e-408c-ae9b-b84c414a45a5,delivery,confirmed,DLV-20260314-0327,6b7f0345-39ec-4ed1-9c45-7d5ee171c701,,00000000-0000-0000-0000-000000000000,2025-07-16 09:01:54,2025-07-16 09:01:54
2fca6f4d-78eb-4816-8a49-13fbd5f127eb,receipt,completed,RCP-20260314-0323,,94abc1d9-520c-4df0-9bca-1696cc6a8692,00000000-0000-0000-0000-000000000000,2025-04-29 09:01:54,2025-04-29 09:01:54
bc56f476-9662-45c0-acd3-71afa2f5b7ba,receipt,completed,RCP-20260314-0324,,9f9c75a6-0a3b-46e9-ac5a-f86daca6f204,00000000-0000-0000-0000-000000000000,2025-03-19 09:01:54,2025-03-19 09:01:54
13c6a372-d936-4f85-a2c3-0dbbad763455,receipt,completed,RCP-20260314-0325,,a4c65cda-f039-46f6-9c5a-f2900195079c,00000000-0000-0000-0000-000000000000,2026-02-27 09:01:54,2026-02-27 09:01:54
2d618318-7e8e-48e4-b68a-f8b10a97d69f,transfer,completed,TRF-20260314-0261,0f43894c-137c-411f-923a-5a8ccbaa1cbf,526b24b6-71cb-406c-ade3-25204ef765ad,00000000-0000-0000-0000-000000000000,2025-04-03 09:01:54,2025-04-03 09:01:54
0aa90202-72d3-4078-a603-df3d8b2f4c2d,delivery,completed,DLV-20260314-0328,25ba2f06-c2a6-42c8-90a4-68ac2eab1053,,00000000-0000-0000-0000-000000000000,2026-02-03 09:01:54,2026-02-03 09:01:54
f0a0da38-6ede-44d9-8c88-fe7a10c2872e,delivery,completed,DLV-20260314-0329,3e0dcf4c-040a-478e-9456-ede4f7408971,,00000000-0000-0000-0000-000000000000,2025-12-22 09:01:54,2025-12-22 09:01:54
de7e8fe2-bee2-4187-89fd-426424baffac,transfer,completed,TRF-20260314-0262,d3dd6c5a-60b9-4989-b591-421686623024,63e959f2-3db0-4b97-a212-b7f1230a0459,00000000-0000-0000-0000-000000000000,2026-01-16 09:01:54,2026-01-16 09:01:54
2c284d3e-e422-4ac0-89b9-28117a17c023,receipt,draft,RCP-20260314-0326,,18abe173-f104-4a67-9884-0ecef7c6cf14,00000000-0000-0000-0000-000000000000,2025-09-03 09:01:54,2025-09-03 09:01:54
3043a2d8-f25a-47d8-b265-4017d6d54eb1,transfer,confirmed,TRF-20260314-0263,abe00cd3-b715-4315-9f04-21797353dcf4,96132d3e-0ef4-407e-adc3-f2222b28b9c1,00000000-0000-0000-0000-000000000000,2026-03-03 09:01:54,2026-03-03 09:01:54
da140d78-8c49-403e-bafe-309874ba0d0d,transfer,completed,TRF-20260314-0264,9bec517e-9e8f-4f7b-a4bd-1e0b0c2583a1,fb13d1b2-0f36-43ef-8d5f-25f0138a2a17,00000000-0000-0000-0000-000000000000,2025-11-29 09:01:54,2025-11-29 09:01:54
aff92765-6611-4310-9021-9de23b3c3365,delivery,draft,DLV-20260314-0330,469ce69b-cb09-4629-ab27-764b94005fea,,00000000-0000-0000-0000-000000000000,2025-05-09 09:01:54,2025-05-09 09:01:54
0e575e0f-14fc-4dd7-8469-31576eef163a,delivery,draft,DLV-20260314-0331,3c5929e6-f7d3-4806-9e0a-bbd00c292207,,00000000-0000-0000-0000-000000000000,2025-08-27 09:01:54,2025-08-27 09:01:54
e3fa3215-05e4-4eb2-b0fe-132bb550745e,delivery,completed,DLV-20260314-0332,dae07177-238b-437e-9c6b-82633ceee2c0,,00000000-0000-0000-0000-000000000000,2025-04-20 09:01:54,2025-04-20 09:01:54
350d78d9-6e2a-4c80-89b7-4c96f711d74f,transfer,confirmed,TRF-20260314-0265,0b630191-5f05-4656-aa62-907ed073644e,14e9ca77-41c8-4be7-bc35-f409932ab518,00000000-0000-0000-0000-000000000000,2026-01-01 09:01:54,2026-01-01 09:01:54
641cd977-2566-42f8-af23-79fe7ecbdbb9,adjustment,confirmed,ADJ-20260314-0183,895d70e4-2fa2-49d3-b7ca-35cc129008d9,,00000000-0000-0000-0000-000000000000,2025-06-23 09:01:54,2025-06-23 09:01:54
802f99df-05a6-4c9d-b5f6-1374d0081056,transfer,completed,TRF-20260314-0266,438c74d8-0c47-4ee2-be48-c295a5e87571,8e73d4f7-502e-4016-ab30-1f95397fbd4b,00000000-0000-0000-0000-000000000000,2025-10-29 09:01:54,2025-10-29 09:01:54
2f6df603-f902-47b7-bf04-5b1d1340287e,adjustment,confirmed,ADJ-20260314-0184,1839ac6c-e836-4582-8cb6-ed73fc1e2ce8,,00000000-0000-0000-0000-000000000000,2025-10-04 09:01:54,2025-10-04 09:01:54
61d3c775-a4c5-450e-92b6-21947170fd66,delivery,completed,DLV-20260314-0333,3d86d621-2574-4abe-b330-9e86023a93fa,,00000000-0000-0000-0000-000000000000,2025-07-15 09:01:54,2025-07-15 09:01:54
3f6fca1e-02be-4e62-8f70-7cbee1e5cdc0,transfer,completed,TRF-20260314-0267,0fc676d6-b0ec-41c4-a9bc-7865627bde77,ec40a5bb-e41b-4247-83e8-5cbbb66bb0dd,00000000-0000-0000-0000-000000000000,2025-11-05 09:01:54,2025-11-05 09:01:54
be0b1bf8-9912-4c0c-bc5d-563fb70930d2,transfer,draft,TRF-20260314-0268,4f58d837-0cad-42fa-a18f-122c8bd60515,4cc8268f-8e37-4eda-bcda-51661328124b,00000000-0000-0000-0000-000000000000,2026-03-11 09:01:54,2026-03-11 09:01:54
bc01c47b-f433-459c-9a1f-7aa32fadddff,transfer,completed,TRF-20260314-0269,95a14bfc-4847-41ef-aaee-7e4feacbc00e,7da5f72c-3abe-4a47-b67a-73d18d9dc657,00000000-0000-0000-0000-000000000000,2025-10-19 09:01:54,2025-10-19 09:01:54
dffa63c6-f969-4295-a852-3e70d76b8b1c,transfer,completed,TRF-20260314-0270,1118d2a3-4250-4719-a708-ad008b20ebfa,8c956f74-85df-445c-b070-e203c3e426dc,00000000-0000-0000-0000-000000000000,2025-12-25 09:01:54,2025-12-25 09:01:54
8786a120-bb87-4a87-9181-588085022dc3,transfer,completed,TRF-20260314-0271,cf996d9c-b9bc-4382-821c-2b3fee0af035,3edda5f8-741c-4430-a941-d803fc8a1973,00000000-0000-0000-0000-000000000000,2025-08-10 09:01:54,2025-08-10 09:01:54
adadb79e-427e-48a6-b70e-57c1bcd16988,delivery,completed,DLV-20260314-0334,3c7f246a-4d2d-430d-817a-54de86cda1fa,,00000000-0000-0000-0000-000000000000,2025-06-14 09:01:54,2025-06-14 09:01:54
79fb09f7-9c8c-499d-b8dd-9a3e1159d57d,adjustment,confirmed,ADJ-20260314-0185,1292866c-17fc-4eac-a73a-dc42e47af22f,,00000000-0000-0000-0000-000000000000,2025-07-29 09:01:54,2025-07-29 09:01:54
9502a45f-e42c-4f68-b2cf-ee8b30dc5270,receipt,completed,RCP-20260314-0327,,2fb3a220-7d3a-490c-a99d-cd018eede76d,00000000-0000-0000-0000-000000000000,2025-06-04 09:01:54,2025-06-04 09:01:54
d558b013-818c-49e4-91df-8573477f6e95,delivery,draft,DLV-20260314-0335,4d7968cb-6d59-4010-a5f2-63037716ec82,,00000000-0000-0000-0000-000000000000,2025-05-08 09:01:54,2025-05-08 09:01:54
8c7bf03b-fbcc-41ef-80c2-5fd6096260a4,receipt,confirmed,RCP-20260314-0328,,df4ff667-a888-437b-81c7-3a6311d2bcff,00000000-0000-0000-0000-000000000000,2026-02-25 09:01:54,2026-02-25 09:01:54
3cc5577e-57ff-4c61-85fb-ca4ae042c808,receipt,completed,RCP-20260314-0329,,ee228249-4da4-42cd-83ae-41c3c393bae9,00000000-0000-0000-0000-000000000000,2025-05-25 09:01:54,2025-05-25 09:01:54
e837dd5a-1104-4242-b0cc-396ab9318fcc,transfer,completed,TRF-20260314-0272,8beb0dec-fc3b-401c-a10e-140f48b24450,36322eca-811a-4362-9c63-b6a5d9a3ab16,00000000-0000-0000-0000-000000000000,2025-04-13 09:01:54,2025-04-13 09:01:54
972f49b0-1f4a-4f58-b0e0-0163dfc67ac3,receipt,completed,RCP-20260314-0330,,a65d8ad5-a959-40b2-8ff0-833cde4c0d5e,00000000-0000-0000-0000-000000000000,2025-09-24 09:01:54,2025-09-24 09:01:54
32745756-0872-42dd-944a-ab89c8f275a6,transfer,completed,TRF-20260314-0273,df39d6db-7fb6-4812-855e-78b9ee9e629f,aa6a0f60-601c-45fd-bdcc-bda969e76bfc,00000000-0000-0000-0000-000000000000,2025-05-19 09:01:54,2025-05-19 09:01:54
a87adbad-8a9a-408c-a439-102e1e5934e5,receipt,completed,RCP-20260314-0331,,9c0f0a14-eecb-42a1-be2e-68c18a0b87dd,00000000-0000-0000-0000-000000000000,2025-06-19 09:01:54,2025-06-19 09:01:54
c82bc8fd-d8ff-4e90-9cf2-af4ee7ad9ffc,transfer,completed,TRF-20260314-0274,9e3bf3bb-94fd-4f59-9047-21debd066da2,373a000d-c33f-4047-b305-ee2e9c44d159,00000000-0000-0000-0000-000000000000,2025-07-15 09:01:54,2025-07-15 09:01:54
4df8b441-4d18-4f44-8a7b-4c0880da215e,delivery,completed,DLV-20260314-0336,235b8943-d1ee-4edd-98b3-5a5b8be4b184,,00000000-0000-0000-0000-000000000000,2025-12-13 09:01:54,2025-12-13 09:01:54
c752870a-497f-48af-b49e-eebaf796614a,adjustment,draft,ADJ-20260314-0186,84d35795-907f-4709-8486-21c09296b6fc,,00000000-0000-0000-0000-000000000000,2025-08-03 09:01:54,2025-08-03 09:01:54
45092613-60d4-454f-bfd2-4382d9498096,transfer,confirmed,TRF-20260314-0275,cb8b1360-f58b-4729-8aa8-51b41b2b1f53,75e4c30f-c0ed-4c41-828e-a25120d90736,00000000-0000-0000-0000-000000000000,2025-08-28 09:01:54,2025-08-28 09:01:54
04080d39-9610-4977-8c63-d52b06bbe7c9,adjustment,draft,ADJ-20260314-0187,050ca2f8-005a-4c30-ab4a-e32fd1467446,,00000000-0000-0000-0000-000000000000,2025-09-14 09:01:54,2025-09-14 09:01:54
4a26c5c2-0d9d-47c5-a462-d404d78d37bb,receipt,completed,RCP-20260314-0332,,2437d564-7745-4a16-8a82-5fe6d87ef9b7,00000000-0000-0000-0000-000000000000,2025-05-22 09:01:54,2025-05-22 09:01:54
7ee6c355-00eb-4c62-84bf-a520b5360c67,receipt,confirmed,RCP-20260314-0333,,60adde3a-fa22-4030-a23b-e33955d8512c,00000000-0000-0000-0000-000000000000,2025-09-24 09:01:54,2025-09-24 09:01:54
1b9ae7a4-f8c2-4876-80e8-732abcebd454,delivery,completed,DLV-20260314-0337,994adbb5-3f99-4d0e-b5ce-5e039356bfec,,00000000-0000-0000-0000-000000000000,2025-05-19 09:01:54,2025-05-19 09:01:54
1321e9f3-ef79-4350-91eb-e765eb5aa53a,adjustment,confirmed,ADJ-20260314-0188,7503d707-caff-42ab-b586-7a240a9aac19,,00000000-0000-0000-0000-000000000000,2025-03-26 09:01:54,2025-03-26 09:01:54
5ec5817c-cc48-471c-b353-db474232dbd6,receipt,draft,RCP-20260314-0334,,43a6f895-c727-465f-989c-b2fed50f609d,00000000-0000-0000-0000-000000000000,2026-01-06 09:01:54,2026-01-06 09:01:54
25f37976-2e05-4937-afc1-e2e80f4272ba,delivery,draft,DLV-20260314-0338,1352edc4-6c4f-4762-b885-f811b4848676,,00000000-0000-0000-0000-000000000000,2026-02-11 09:01:54,2026-02-11 09:01:54
bc2ff85d-cabc-4d96-8466-e3e792c3930e,receipt,completed,RCP-20260314-0335,,2d92562f-9abc-4a4e-a901-6c7e2b9efc61,00000000-0000-0000-0000-000000000000,2026-02-19 09:01:54,2026-02-19 09:01:54
2f1a2c25-7b93-4dd5-9bb2-5f61767448dc,delivery,completed,DLV-20260314-0339,714a4687-7858-4f67-91ae-e865a3bb19dd,,00000000-0000-0000-0000-000000000000,2025-04-07 09:01:54,2025-04-07 09:01:54
bd27decb-1452-4c4c-bcc8-e74b1744c2ed,delivery,completed,DLV-20260314-0340,75404ceb-5150-4960-92f8-40d5549b3ef2,,00000000-0000-0000-0000-000000000000,2025-12-23 09:01:54,2025-12-23 09:01:54
ac9bde64-4487-426b-9fe1-dd89195ef1f6,delivery,completed,DLV-20260314-0341,ce19f5f7-5b48-4d7c-bb71-95b6f9dfe6c2,,00000000-0000-0000-0000-000000000000,2026-02-26 09:01:54,2026-02-26 09:01:54
abbfc5ce-cf0c-4508-afde-501d39f744ca,receipt,completed,RCP-20260314-0336,,6c5ab486-0c89-4996-b034-a45794a01521,00000000-0000-0000-0000-000000000000,2025-12-01 09:01:54,2025-12-01 09:01:54
a84dc6c6-1f34-4809-9b8d-269dca3d19a3,adjustment,draft,ADJ-20260314-0189,48bc5add-b278-48f9-9f58-0a49e9108fa7,,00000000-0000-0000-0000-000000000000,2025-12-15 09:01:54,2025-12-15 09:01:54
3c4f2d2e-03ff-4fb6-8274-0281e8a91bcd,receipt,completed,RCP-20260314-0337,,7564710e-0e7b-4633-9a76-367262fb6f7c,00000000-0000-0000-0000-000000000000,2026-03-09 09:01:54,2026-03-09 09:01:54
9c55664b-f849-4b0f-b8ce-87f3d7ff35a3,receipt,completed,RCP-20260314-0338,,123ad57d-fcec-4ffa-beb0-9960f0fca1c8,00000000-0000-0000-0000-000000000000,2025-12-12 09:01:54,2025-12-12 09:01:54
8d5fe02a-db34-4b13-957f-39222b952755,delivery,confirmed,DLV-20260314-0342,f10380e4-7101-4c7a-940f-bd09eae78d33,,00000000-0000-0000-0000-000000000000,2025-03-31 09:01:54,2025-03-31 09:01:54
08e4dc49-57af-4cf5-8b30-40b506210c53,delivery,confirmed,DLV-20260314-0343,ff0b886f-415f-47c1-904a-4c4b9bb13631,,00000000-0000-0000-0000-000000000000,2025-04-03 09:01:54,2025-04-03 09:01:54
1bd1fbd8-4506-4d66-a829-90b6be985bd5,delivery,draft,DLV-20260314-0344,1566a856-efa5-40c3-8279-09e06b6f9087,,00000000-0000-0000-0000-000000000000,2026-01-07 09:01:54,2026-01-07 09:01:54
57cf7353-13a7-47f3-b209-c6b9d9bc9646,receipt,completed,RCP-20260314-0339,,9ab4f91c-0a7c-4749-996b-f15191a73b9b,00000000-0000-0000-0000-000000000000,2025-09-01 09:01:54,2025-09-01 09:01:54
f706098d-5bec-4141-9d72-7ffed48dc7ce,delivery,draft,DLV-20260314-0345,98f13ecb-6cb7-4250-8d54-0d734ed761f8,,00000000-0000-0000-0000-000000000000,2026-03-08 09:01:54,2026-03-08 09:01:54
906cec77-ced6-4fed-9627-0869f3263023,delivery,completed,DLV-20260314-0346,f993d89a-f170-4561-91c4-1bf56377f655,,00000000-0000-0000-0000-000000000000,2026-01-27 09:01:54,2026-01-27 09:01:54
86286cef-88d6-4cd7-b5b8-7e6e23113367,delivery,confirmed,DLV-20260314-0347,154ffd40-c31c-463b-89fb-55c80b0dfcd0,,00000000-0000-0000-0000-000000000000,2025-04-05 09:01:54,2025-04-05 09:01:54
169e8f1c-7321-4b04-801a-f95ed4e3e4a4,receipt,completed,RCP-20260314-0340,,648869ec-34f3-460e-8824-d540b3c699fe,00000000-0000-0000-0000-000000000000,2025-04-15 09:01:54,2025-04-15 09:01:54
78c36ee1-4d6d-42cb-ae68-31877ef0da24,receipt,completed,RCP-20260314-0341,,1df33b8f-3408-4225-9653-66a5ed9f9af7,00000000-0000-0000-0000-000000000000,2025-04-10 09:01:54,2025-04-10 09:01:54
2aa7a387-a1ea-48ab-a601-c499da0dbecb,transfer,completed,TRF-20260314-0276,466cf4af-83b6-4f93-9209-5c99603f89a6,fc435784-75bc-464a-8a75-b0c26d5ec01c,00000000-0000-0000-0000-000000000000,2026-01-21 09:01:54,2026-01-21 09:01:54
72b29f29-3d1f-4eec-a4f5-4b988e58d5a0,receipt,completed,RCP-20260314-0342,,4e28ea45-6247-4162-ac43-d4453d8deae4,00000000-0000-0000-0000-000000000000,2026-02-18 09:01:54,2026-02-18 09:01:54
441225f6-7074-42ce-b21a-82f6b7146965,delivery,completed,DLV-20260314-0348,9ec53fa1-a746-4dc7-87a6-3231d69d6659,,00000000-0000-0000-0000-000000000000,2025-04-29 09:01:54,2025-04-29 09:01:54
c172d60f-daeb-4f30-b822-30a91cb81cd1,delivery,completed,DLV-20260314-0349,2a7ecd6d-a9b3-44c6-9f98-240cced1e5db,,00000000-0000-0000-0000-000000000000,2025-10-12 09:01:54,2025-10-12 09:01:54
a82bfbad-1a69-45f2-9e8f-d7cf8cdf9e0d,delivery,completed,DLV-20260314-0350,3097787f-aee6-4961-b594-f0f6a126a4b1,,00000000-0000-0000-0000-000000000000,2025-04-14 09:01:54,2025-04-14 09:01:54
420614b4-d36c-415a-a5d7-537519fccd62,delivery,confirmed,DLV-20260314-0351,5020279c-325c-4635-a61f-f41b70cfc613,,00000000-0000-0000-0000-000000000000,2025-05-19 09:01:54,2025-05-19 09:01:54
a83f6748-ebf9-418f-80a4-bbe55a44316c,receipt,completed,RCP-20260314-0343,,e6493e1d-06da-4fea-a05a-98d8fb4d27dd,00000000-0000-0000-0000-000000000000,2025-05-08 09:01:54,2025-05-08 09:01:54
f9f5c9c6-615a-4e5d-949e-2955c7ba275e,delivery,draft,DLV-20260314-0352,2286bff1-3800-415a-b429-e75138266d98,,00000000-0000-0000-0000-000000000000,2025-09-07 09:01:54,2025-09-07 09:01:54
d1c697b5-fa68-48aa-9520-822c30db2613,delivery,completed,DLV-20260314-0353,ef898630-3a7f-43f8-b458-62030bed1643,,00000000-0000-0000-0000-000000000000,2026-01-15 09:01:54,2026-01-15 09:01:54
b01bd944-a342-4413-a35f-1ab86bef4c3e,delivery,draft,DLV-20260314-0354,5f5de119-2c4c-46ad-88f6-423ae0c38e54,,00000000-0000-0000-0000-000000000000,2025-07-06 09:01:54,2025-07-06 09:01:54
cad2c5f3-ec6c-4b9c-a6aa-adad40343086,delivery,draft,DLV-20260314-0355,e0015169-09bd-4c9e-b2a2-e3ea795b70a5,,00000000-0000-0000-0000-000000000000,2025-09-04 09:01:54,2025-09-04 09:01:54
a4e37138-8ff3-473c-b403-3b501e7fbe90,delivery,draft,DLV-20260314-0356,a577179b-8d53-431b-9336-689c61fd3fee,,00000000-0000-0000-0000-000000000000,2025-11-12 09:01:54,2025-11-12 09:01:54
bb2ce6a7-cdb0-4915-9c80-c4ffae82e744,delivery,draft,DLV-20260314-0357,ace7d4e0-d6ec-4822-8d55-70c6194ce26d,,00000000-0000-0000-0000-000000000000,2025-12-26 09:01:54,2025-12-26 09:01:54
23045160-e7be-47f0-a292-06f1eb91289b,receipt,completed,RCP-20260314-0344,,157ddccd-bfc6-4678-a8f3-cb6b3475328b,00000000-0000-0000-0000-000000000000,2025-12-27 09:01:54,2025-12-27 09:01:54
caa71cbf-c631-488c-97a0-db0e59124d71,receipt,completed,RCP-20260314-0345,,45527982-1536-42cf-8a5a-0b644b2e2887,00000000-0000-0000-0000-000000000000,2025-12-03 09:01:54,2025-12-03 09:01:54
f64314b8-23e0-46cd-8459-c578fb695c3d,adjustment,draft,ADJ-20260314-0190,7ea53675-3423-4e32-8b99-31f49fdd9dbf,,00000000-0000-0000-0000-000000000000,2026-02-13 09:01:54,2026-02-13 09:01:54
cffcb63e-b567-419d-9284-84028bf7e88d,delivery,completed,DLV-20260314-0358,2d3105c8-073f-42f2-ba59-65ef77f0dd5d,,00000000-0000-0000-0000-000000000000,2025-11-26 09:01:54,2025-11-26 09:01:54
4f944b04-a1d0-452e-a612-0dfb78953937,receipt,completed,RCP-20260314-0346,,1341206e-3616-4cd5-af75-cb1d54b6a355,00000000-0000-0000-0000-000000000000,2026-01-11 09:01:54,2026-01-11 09:01:54
0afb8b00-76d7-43c8-b85e-c8d77b8f5edc,delivery,completed,DLV-20260314-0359,3cbe2840-3197-443f-89d5-61c3472574c4,,00000000-0000-0000-0000-000000000000,2026-02-05 09:01:54,2026-02-05 09:01:54
4aeea921-4ec4-49df-b6c3-48a5bb404a29,delivery,confirmed,DLV-20260314-0360,81555d91-a6c3-4bf7-989c-2099b54b88da,,00000000-0000-0000-0000-000000000000,2025-07-07 09:01:54,2025-07-07 09:01:54
20e4a75e-d698-433a-9a25-032288333547,delivery,completed,DLV-20260314-0361,18d8befc-9e7e-40de-b53d-e03e13ef6d25,,00000000-0000-0000-0000-000000000000,2025-06-03 09:01:54,2025-06-03 09:01:54
26a097d7-2cdf-4a38-9a48-7cc6e2126ead,delivery,draft,DLV-20260314-0362,374ff3fa-ad1e-4325-9ba6-2ec3eec12f40,,00000000-0000-0000-0000-000000000000,2025-11-27 09:01:54,2025-11-27 09:01:54
9d291934-5192-4f70-890c-30ed43fba6f6,transfer,completed,TRF-20260314-0277,b79fd445-014c-427f-be38-a73f2f27cf60,72d2e090-802b-4b8f-a236-a301574fd1e2,00000000-0000-0000-0000-000000000000,2025-07-28 09:01:54,2025-07-28 09:01:54
af6299b1-e9e5-4037-a87f-fdede6968ffd,delivery,draft,DLV-20260314-0363,62a41834-d066-4fa6-9dc5-2f84889d8cb2,,00000000-0000-0000-0000-000000000000,2025-09-24 09:01:54,2025-09-24 09:01:54
2973ea69-5a7a-466e-b6b6-e583e71c5213,transfer,completed,TRF-20260314-0278,7bc38b40-58df-4b08-8715-79ecdd31dfca,449e8c92-22b8-40df-99cc-d9d8da353c9b,00000000-0000-0000-0000-000000000000,2025-07-07 09:01:54,2025-07-07 09:01:54
bff2b029-e9bb-407f-8d67-b00b2efc7a9c,adjustment,completed,ADJ-20260314-0191,5352aede-a331-4b39-8d08-a2cbaa762647,,00000000-0000-0000-0000-000000000000,2025-05-19 09:01:54,2025-05-19 09:01:54
fab8688b-5c5a-4a97-beef-ff1e0e538c38,adjustment,completed,ADJ-20260314-0192,7a428cfd-9c31-4346-a624-f04376c5494b,,00000000-0000-0000-0000-000000000000,2025-05-02 09:01:54,2025-05-02 09:01:54
be08643f-0eb1-4756-a07d-bf7ce3fd299c,delivery,draft,DLV-20260314-0364,4200d1c0-fa99-40df-962c-100496a1caab,,00000000-0000-0000-0000-000000000000,2025-11-13 09:01:54,2025-11-13 09:01:54
1f6529e4-8123-4d36-829c-d446180201c1,receipt,completed,RCP-20260314-0347,,039372c1-1ec6-41b6-bd09-aa46d083d5e3,00000000-0000-0000-0000-000000000000,2025-05-25 09:01:54,2025-05-25 09:01:54
44cf8e90-7a1f-4a31-9ca1-ed09798bd892,adjustment,completed,ADJ-20260314-0193,29ca81bb-485f-4c85-99c6-ab7004e27231,,00000000-0000-0000-0000-000000000000,2025-07-14 09:01:54,2025-07-14 09:01:54
26d22fcd-b221-4d4f-b012-899853d7b658,receipt,draft,RCP-20260314-0348,,81321ffb-b0fa-4088-9dfd-8068fbaad251,00000000-0000-0000-0000-000000000000,2025-06-14 09:01:54,2025-06-14 09:01:54
69ec5638-9c39-43c6-9d6d-cf36b183348e,delivery,draft,DLV-20260314-0365,5f01b7dc-2e79-46bd-a09b-d933e94ef3f9,,00000000-0000-0000-0000-000000000000,2025-11-25 09:01:54,2025-11-25 09:01:54
3477f6c5-fd2a-4115-b452-443e634d5700,delivery,completed,DLV-20260314-0366,ff843367-e156-4742-b9c5-8350edd863cc,,00000000-0000-0000-0000-000000000000,2025-03-22 09:01:54,2025-03-22 09:01:54
eca199f2-028a-4cd4-be89-39b01b974561,receipt,completed,RCP-20260314-0349,,3efa238e-bece-42fc-ac39-b754c10ae9ed,00000000-0000-0000-0000-000000000000,2026-01-18 09:01:54,2026-01-18 09:01:54
046d859d-d702-44a1-aa34-8e66caca0ab5,transfer,completed,TRF-20260314-0279,457ccde4-a980-47c5-8393-8f94ef8e4dcc,1facfd95-b2f1-4838-8c29-d9093ecc05ef,00000000-0000-0000-0000-000000000000,2025-10-22 09:01:54,2025-10-22 09:01:54
f108afad-7204-4489-bb29-70fb73c03c82,adjustment,completed,ADJ-20260314-0194,ec0e38c9-5502-474b-80b1-6fa19c1b1f04,,00000000-0000-0000-0000-000000000000,2026-02-01 09:01:54,2026-02-01 09:01:54
5d03de77-2d0f-414d-87f1-ee939383b8b4,delivery,completed,DLV-20260314-0367,f4d617bc-232f-43d7-a670-df43b12808c9,,00000000-0000-0000-0000-000000000000,2025-07-07 09:01:54,2025-07-07 09:01:54
6080e1d4-38dd-4d00-b2b9-7de98626573f,adjustment,completed,ADJ-20260314-0195,988a96b3-09e9-4105-9fcb-97c290de9fcd,,00000000-0000-0000-0000-000000000000,2026-01-15 09:01:54,2026-01-15 09:01:54
1c1f50b8-2401-4ac4-8fec-5766d4780085,transfer,completed,TRF-20260314-0280,d7143c46-0019-4433-a200-28e3123faff6,1b9d5b99-6af4-4cc8-a44d-a4d0bdf1bc5a,00000000-0000-0000-0000-000000000000,2025-12-17 09:01:54,2025-12-17 09:01:54
52441458-e6dd-436d-a8f0-420fa6cf1b89,receipt,completed,RCP-20260314-0350,,6a465a2c-76da-4998-87ca-fea86e40ec7d,00000000-0000-0000-0000-000000000000,2025-03-23 09:01:54,2025-03-23 09:01:54
4534cab0-5dec-42f8-aad2-c2545b5ad841,receipt,completed,RCP-20260314-0351,,824b71ee-8dcf-4f0a-856f-527fe6a0cd96,00000000-0000-0000-0000-000000000000,2025-10-12 09:01:54,2025-10-12 09:01:54
0bc9b44d-7425-4586-97de-f93bdcfa105c,transfer,confirmed,TRF-20260314-0281,b6f9c9eb-4c60-4d7b-a106-f7f97370a5ac,8c9edb8f-da13-4e0b-841c-a3bb1c9d0931,00000000-0000-0000-0000-000000000000,2025-06-20 09:01:54,2025-06-20 09:01:54
82ccc1e0-c120-4a57-bbf8-815d2a6b852f,adjustment,draft,ADJ-20260314-0196,b79fd445-014c-427f-be38-a73f2f27cf60,,00000000-0000-0000-0000-000000000000,2025-09-22 09:01:54,2025-09-22 09:01:54
862e4b0f-dd47-476a-b9d9-c0a8c55d4e65,receipt,completed,RCP-20260314-0352,,593d8a79-1da6-463c-83ad-d45723dcc9c8,00000000-0000-0000-0000-000000000000,2025-03-16 09:01:54,2025-03-16 09:01:54
06489085-b81b-4cc8-ad90-408fa2983ceb,transfer,completed,TRF-20260314-0282,ed992bfd-ee36-4d4c-9ed9-0505c477adbe,6af39424-44f4-4083-bff4-6afdbb4973e4,00000000-0000-0000-0000-000000000000,2025-07-26 09:01:54,2025-07-26 09:01:54
89a7e7eb-8e92-44ea-bf8c-5682fc534a47,adjustment,draft,ADJ-20260314-0197,3e0dcf4c-040a-478e-9456-ede4f7408971,,00000000-0000-0000-0000-000000000000,2025-09-19 09:01:54,2025-09-19 09:01:54
40bb7d73-bc6d-4eb1-a384-e3038b1873e0,delivery,completed,DLV-20260314-0368,24659f44-b9b4-4044-a031-173a0c0a0259,,00000000-0000-0000-0000-000000000000,2025-04-19 09:01:54,2025-04-19 09:01:54
f864befc-52be-4057-807c-bb3b6631b4fb,receipt,draft,RCP-20260314-0353,,660fe773-cc71-4a78-8cf3-cb4aeb7254ff,00000000-0000-0000-0000-000000000000,2025-09-25 09:01:54,2025-09-25 09:01:54
2e618606-7cb3-4c3f-8860-4ce8aaf7b632,delivery,completed,DLV-20260314-0369,4e2154d3-c345-4307-8b26-0f41bf48f31f,,00000000-0000-0000-0000-000000000000,2025-04-08 09:01:54,2025-04-08 09:01:54
2d5435b0-c5a1-43f4-832a-194bf5962744,transfer,completed,TRF-20260314-0283,0d407180-3d13-4042-98fc-4d09375a1e58,e9ee4f25-fa2e-4771-a57d-4d3d72895d7b,00000000-0000-0000-0000-000000000000,2025-06-09 09:01:54,2025-06-09 09:01:54
925bf269-85ff-48e2-aa6c-3ee51e087669,transfer,completed,TRF-20260314-0284,99ed9dbc-286d-4601-9f1f-ce720b3518c7,3c0caaa1-dbb8-48ee-bdb6-03f09ae29121,00000000-0000-0000-0000-000000000000,2025-10-09 09:01:54,2025-10-09 09:01:54
f9d80ab8-075e-4eac-8e1e-610981da9dcc,transfer,draft,TRF-20260314-0285,d9cdaef1-8a75-4d0a-8d43-4848523ed448,fd67b843-c5d4-4082-ad79-c6e9c34eeb6c,00000000-0000-0000-0000-000000000000,2025-10-22 09:01:54,2025-10-22 09:01:54
efb8cc4d-e1ce-44c3-bf24-89ef62982b39,transfer,draft,TRF-20260314-0286,ff90ac7c-e3d5-4dff-af9a-ced6bd3142ce,c51707c1-5ce3-4685-90ea-4ecf5244bb6d,00000000-0000-0000-0000-000000000000,2025-11-22 09:01:54,2025-11-22 09:01:54
d4cddf8e-1f30-428a-b979-101912ea7451,transfer,draft,TRF-20260314-0287,afd16934-f92d-4574-bc86-ddd078a47541,c503877d-f8ed-4863-a2d3-80beb9d1751a,00000000-0000-0000-0000-000000000000,2025-10-28 09:01:54,2025-10-28 09:01:54
24db7bbd-eac3-4589-8872-6c21d45201b7,adjustment,completed,ADJ-20260314-0198,16d3a37a-120b-4db4-a335-7c20c2b29abf,,00000000-0000-0000-0000-000000000000,2026-01-16 09:01:54,2026-01-16 09:01:54
82851d27-0f01-476f-a463-e3b48e0aa831,delivery,completed,DLV-20260314-0370,a22c0915-b655-4489-be4e-797c548c1ccc,,00000000-0000-0000-0000-000000000000,2025-06-29 09:01:54,2025-06-29 09:01:54
b75322bb-dab3-4c41-bbc1-c9819304621f,delivery,completed,DLV-20260314-0371,71072a7f-96bd-4772-9952-eee25483f4bf,,00000000-0000-0000-0000-000000000000,2025-06-19 09:01:54,2025-06-19 09:01:54
8d7a4cc4-2af5-4fef-bdb2-f990752ce353,delivery,completed,DLV-20260314-0372,b2c7951a-dd34-4cef-8a59-10aaa15450ac,,00000000-0000-0000-0000-000000000000,2025-03-29 09:01:54,2025-03-29 09:01:54
2dd07f26-b5da-456e-970e-d5eab94ba93f,receipt,completed,RCP-20260314-0354,,638a691e-fde9-4d0b-9304-f842859261a8,00000000-0000-0000-0000-000000000000,2025-08-06 09:01:54,2025-08-06 09:01:54
8b7719ac-7958-4983-85d4-518b8167064b,delivery,completed,DLV-20260314-0373,18f30ae3-0a08-42ca-b163-abeff04985ee,,00000000-0000-0000-0000-000000000000,2026-03-07 09:01:54,2026-03-07 09:01:54
1b0ca1c1-fc9e-43b3-80ab-73e00d0c5eef,delivery,completed,DLV-20260314-0374,5acbe827-ff4d-4ed3-a194-6c02b3062e96,,00000000-0000-0000-0000-000000000000,2025-06-03 09:01:54,2025-06-03 09:01:54
b3e2199d-c293-45a3-9d64-94cb10a3151d,delivery,draft,DLV-20260314-0375,13ee5de1-c9cd-43ad-ad81-092b313a4a66,,00000000-0000-0000-0000-000000000000,2026-02-06 09:01:54,2026-02-06 09:01:54
fcc91394-9890-4e3e-8864-3be877f37e2c,delivery,completed,DLV-20260314-0376,0bbb16d1-f646-4217-a8a5-26ddccaf6071,,00000000-0000-0000-0000-000000000000,2025-04-04 09:01:54,2025-04-04 09:01:54
4ed64ea8-1c7a-4b16-9552-dcf9a22f8848,delivery,draft,DLV-20260314-0377,f23c006a-4df4-4a59-9e27-b2a6881d81e7,,00000000-0000-0000-0000-000000000000,2025-10-23 09:01:54,2025-10-23 09:01:54
24142553-dcb6-4259-8131-59584743de67,delivery,draft,DLV-20260314-0378,f64e9da1-3828-4d78-a658-07d72f9391f0,,00000000-0000-0000-0000-000000000000,2025-05-04 09:01:54,2025-05-04 09:01:54
cbe042db-4ee2-4074-9c82-4d6bd4c83488,delivery,draft,DLV-20260314-0379,32097233-7f42-4b79-b2c5-3175f2f42f4c,,00000000-0000-0000-0000-000000000000,2025-05-06 09:01:54,2025-05-06 09:01:54
87273d60-5161-4693-a41e-b5a914022340,transfer,confirmed,TRF-20260314-0288,8fc971b5-dc1c-4cbe-9906-e045f6aabb8b,a4eb0477-1c73-4371-8f2d-cf8bc346ea1c,00000000-0000-0000-0000-000000000000,2025-09-12 09:01:54,2025-09-12 09:01:54
27164d14-c5a3-4b8b-b04e-ecca0dc942e4,receipt,confirmed,RCP-20260314-0355,,c6db03bb-4d49-4531-aac1-e7d7d5e5c63c,00000000-0000-0000-0000-000000000000,2026-02-16 09:01:54,2026-02-16 09:01:54
c06f541e-0399-4af9-a634-78040af5bd47,delivery,confirmed,DLV-20260314-0380,d7561507-9c89-4f87-81a2-49ca27fce28c,,00000000-0000-0000-0000-000000000000,2025-04-25 09:01:54,2025-04-25 09:01:54
6df72370-473c-4c6e-be06-9fbf42936393,receipt,completed,RCP-20260314-0356,,145f398a-c36c-49a9-8bf8-a146a7a8cd8b,00000000-0000-0000-0000-000000000000,2025-07-30 09:01:54,2025-07-30 09:01:54
fed4daae-4ceb-4ad8-9865-daffcec8d88d,delivery,completed,DLV-20260314-0381,1c8f2606-3de0-4ae5-be15-7bacb472a400,,00000000-0000-0000-0000-000000000000,2025-10-06 09:01:54,2025-10-06 09:01:54
834890c7-f58e-4ed1-a7a5-4edab0d96ce1,receipt,draft,RCP-20260314-0357,,dda86ea3-defe-4a3b-b674-494dcd23e13e,00000000-0000-0000-0000-000000000000,2025-11-27 09:01:54,2025-11-27 09:01:54
a1cd2d74-24ba-4058-8dca-5bfdf2c8d2a4,transfer,draft,TRF-20260314-0289,742db649-7bee-4f65-bf74-2525739429e1,60f30b9c-59e2-42dd-89b3-09d637504425,00000000-0000-0000-0000-000000000000,2025-06-12 09:01:54,2025-06-12 09:01:54
c96f2e4a-34a3-4c68-8bb2-7581d91a6700,adjustment,draft,ADJ-20260314-0199,b38d5719-406c-4aee-b1c0-33f48409ff5d,,00000000-0000-0000-0000-000000000000,2025-06-15 09:01:54,2025-06-15 09:01:54
3ec4a9dc-25e6-4510-9a1e-9272cfdf5421,delivery,completed,DLV-20260314-0382,33d3e94d-09a0-47fd-9df0-764cdc0ff520,,00000000-0000-0000-0000-000000000000,2025-07-09 09:01:54,2025-07-09 09:01:54
f6f7a309-b671-476a-92d2-63f76aa5a012,receipt,confirmed,RCP-20260314-0358,,418b844f-52d1-4e66-914c-d314e769cbe9,00000000-0000-0000-0000-000000000000,2025-06-16 09:01:54,2025-06-16 09:01:54
32b7c285-a4d3-49ec-aba4-cded64a7953d,delivery,completed,DLV-20260314-0383,6d541d3e-35f7-48c6-9f78-fd325df97fc2,,00000000-0000-0000-0000-000000000000,2025-06-17 09:01:54,2025-06-17 09:01:54
f033a7f2-4e4f-4f1e-ab93-6d06fbf9d40b,delivery,draft,DLV-20260314-0384,9df52a64-98e1-41c0-94c4-05fd401fe683,,00000000-0000-0000-0000-000000000000,2025-05-03 09:01:54,2025-05-03 09:01:54
60f60871-d1da-4bf5-8ed4-3b99c6eba4ee,delivery,completed,DLV-20260314-0385,349f84cd-4a37-467d-8dbf-dc33db6781fd,,00000000-0000-0000-0000-000000000000,2025-09-21 09:01:54,2025-09-21 09:01:54
03390f39-df96-41d6-9725-1a050efeeb87,transfer,draft,TRF-20260314-0290,4fb5d591-a57d-42b9-9164-2782676be2ac,175bfab5-8739-4cac-8c27-7c4aa3f1b6f0,00000000-0000-0000-0000-000000000000,2025-03-23 09:01:54,2025-03-23 09:01:54
2c85ac3f-93d0-4a76-8127-7d6a6d3f0d16,transfer,completed,TRF-20260314-0291,e4b94c99-72f3-48b9-b060-c79aaa60ade7,41694354-b48e-43af-84c0-837a3858d121,00000000-0000-0000-0000-000000000000,2026-02-06 09:01:54,2026-02-06 09:01:54
7c046000-6c54-47e6-b754-5581c71bcbbc,adjustment,completed,ADJ-20260314-0200,e98da201-1c32-4909-8794-8d08e7a404fb,,00000000-0000-0000-0000-000000000000,2025-05-10 09:01:54,2025-05-10 09:01:54
e7f7f0f9-3d39-4357-ab9d-eec38cb1da4a,delivery,completed,DLV-20260314-0386,f8482464-d21c-4334-ac3d-735b72370bfe,,00000000-0000-0000-0000-000000000000,2025-09-27 09:01:54,2025-09-27 09:01:54
40b497c0-586e-4a27-b646-d5e952274d22,adjustment,completed,ADJ-20260314-0201,4674a69b-401e-4334-b4eb-925c6cb1ea62,,00000000-0000-0000-0000-000000000000,2026-02-26 09:01:54,2026-02-26 09:01:54
a23f9e7b-4361-4e37-b26f-77f4d5870bc6,delivery,completed,DLV-20260314-0387,ef8be70d-b21a-4aa9-b2dc-3c99e043be8b,,00000000-0000-0000-0000-000000000000,2025-07-03 09:01:54,2025-07-03 09:01:54
9bc6c657-75c0-48f5-907b-02758a6eca21,transfer,completed,TRF-20260314-0292,a26d10cb-9a30-4487-90b8-828c7b438ac3,e71f18b4-d018-436a-849e-7a612e593b1a,00000000-0000-0000-0000-000000000000,2025-10-09 09:01:54,2025-10-09 09:01:54
78a1aa19-963f-418d-a989-bdfcd2bc7a64,adjustment,draft,ADJ-20260314-0202,b2a98644-6651-4e04-82d0-902c73d59a1a,,00000000-0000-0000-0000-000000000000,2025-04-19 09:01:54,2025-04-19 09:01:54
71e90c01-aa17-4cb3-820a-18edbce1b44a,transfer,draft,TRF-20260314-0293,ced1b79b-c054-441d-ab85-cd2d127f833e,21c08ebe-c6f9-4e35-9eb0-78a96fab98ee,00000000-0000-0000-0000-000000000000,2026-02-11 09:01:54,2026-02-11 09:01:54
cdacc4db-8014-4bde-b38f-ce9e24ebe063,transfer,completed,TRF-20260314-0294,39c792ac-0bae-43be-a852-b3c7b6d22690,a6503bb1-a69c-41b2-8727-c2385ecc34df,00000000-0000-0000-0000-000000000000,2025-11-20 09:01:54,2025-11-20 09:01:54
2ec7ce41-f430-45a2-b33e-1549b9891aec,receipt,confirmed,RCP-20260314-0359,,a6b7398b-5cdf-4211-adac-0a6f7b7a9e3e,00000000-0000-0000-0000-000000000000,2025-11-05 09:01:54,2025-11-05 09:01:54
7a916f9a-f6ff-4db1-9bca-f234c57590f8,adjustment,draft,ADJ-20260314-0203,948eab57-ecb2-4d9f-84c8-227f3957937c,,00000000-0000-0000-0000-000000000000,2025-11-16 09:01:54,2025-11-16 09:01:54
907f8eb4-af84-4d70-9f17-29d8f190af2a,receipt,completed,RCP-20260314-0360,,bb2172bc-3046-4fb8-bed5-ab3b16f795ec,00000000-0000-0000-0000-000000000000,2025-07-13 09:01:54,2025-07-13 09:01:54
ce8bc828-136a-401f-8000-227710abe9d2,receipt,draft,RCP-20260314-0361,,d5ba8a18-b9f4-471c-9e39-0d4d0e9c145b,00000000-0000-0000-0000-000000000000,2025-07-05 09:01:54,2025-07-05 09:01:54
95adb80b-3fa4-4aa7-adfe-fd1d9a15b8ea,transfer,completed,TRF-20260314-0295,c46989a1-cd1e-4b72-8c74-798ce8aafd08,c503877d-f8ed-4863-a2d3-80beb9d1751a,00000000-0000-0000-0000-000000000000,2025-11-24 09:01:54,2025-11-24 09:01:54
2e38597a-75f1-46f9-96ca-b61454ad54ca,delivery,draft,DLV-20260314-0388,f334ffea-a120-4c96-a970-caa02627bae6,,00000000-0000-0000-0000-000000000000,2025-11-18 09:01:54,2025-11-18 09:01:54
c0d4b329-c2c4-4772-a670-54c84c0c8ece,delivery,draft,DLV-20260314-0389,c7a128e8-b49f-4634-b668-c5e0ccf87e84,,00000000-0000-0000-0000-000000000000,2026-01-14 09:01:54,2026-01-14 09:01:54
859770b8-7992-4147-91cc-36c30cdcea8f,delivery,completed,DLV-20260314-0390,746294eb-4fc5-4a6a-8168-821c08db21d8,,00000000-0000-0000-0000-000000000000,2025-06-21 09:01:54,2025-06-21 09:01:54
91a87cf2-be79-42d7-92d6-8d3d74efd8e2,delivery,draft,DLV-20260314-0391,157ddccd-bfc6-4678-a8f3-cb6b3475328b,,00000000-0000-0000-0000-000000000000,2025-07-01 09:01:54,2025-07-01 09:01:54
9b0f9d87-f705-460f-9b58-ab4d665c1fb5,receipt,draft,RCP-20260314-0362,,3cc7ad2b-c9e6-47ef-85b8-12cef4560a7d,00000000-0000-0000-0000-000000000000,2025-07-22 09:01:54,2025-07-22 09:01:54
c603ac50-9106-46b1-a648-c539b924b171,receipt,completed,RCP-20260314-0363,,a463d2c0-1c7a-474d-ac39-8f171ab98df8,00000000-0000-0000-0000-000000000000,2025-04-26 09:01:54,2025-04-26 09:01:54
2c8f4878-4a84-499a-a763-2d3e760df46d,delivery,completed,DLV-20260314-0392,4d3ebd17-d7e7-42fc-9b1e-08224e1e0ac9,,00000000-0000-0000-0000-000000000000,2025-03-15 09:01:54,2025-03-15 09:01:54
d8d57af5-c58e-4acc-b8ad-aaa46c42c068,transfer,draft,TRF-20260314-0296,30d5f8a8-6c39-40e6-9ed9-befdf12ede19,e8d77dd6-172b-4c24-918c-26ba6d10fa1c,00000000-0000-0000-0000-000000000000,2025-05-06 09:01:54,2025-05-06 09:01:54
a85b8bd2-af2b-44cc-b770-214d6405b7e9,receipt,completed,RCP-20260314-0364,,6e9c13fa-b1c8-428c-bee5-64b6a80227dc,00000000-0000-0000-0000-000000000000,2026-02-07 09:01:54,2026-02-07 09:01:54
1fa338da-506c-49d7-82f3-f698744ce3a1,delivery,completed,DLV-20260314-0393,79b5aed3-a84a-4085-977a-83f0a4e8cc40,,00000000-0000-0000-0000-000000000000,2025-05-20 09:01:54,2025-05-20 09:01:54
032bf6b7-79fa-41ee-83a2-a9dff060ef88,delivery,completed,DLV-20260314-0394,4a1d672d-3338-4a86-9a4c-55443b9a4dd4,,00000000-0000-0000-0000-000000000000,2025-05-20 09:01:54,2025-05-20 09:01:54
b17f1db8-66dc-4ab6-a527-747272f365a4,receipt,completed,RCP-20260314-0365,,1954aa72-9a2e-4b6a-9401-d0b6a8046ccb,00000000-0000-0000-0000-000000000000,2026-03-11 09:01:54,2026-03-11 09:01:54
c4acf4a6-131c-44af-b989-bae692ee932b,receipt,draft,RCP-20260314-0366,,5ba6616a-3455-48dc-9c2f-595111286427,00000000-0000-0000-0000-000000000000,2025-12-08 09:01:54,2025-12-08 09:01:54
e204591d-ccae-4083-af40-b7858aad6da1,transfer,completed,TRF-20260314-0297,51d2718e-8753-44a5-bc7c-9174d24925df,fc54688e-6e3a-41f8-b14f-c9a625be532b,00000000-0000-0000-0000-000000000000,2025-04-14 09:01:54,2025-04-14 09:01:54
d0c8317a-f139-4502-89c0-11104eb25528,adjustment,completed,ADJ-20260314-0204,dc3dbe3c-c2ab-431e-8eb3-8f3b2feef3bf,,00000000-0000-0000-0000-000000000000,2025-05-24 09:01:54,2025-05-24 09:01:54
0d615c35-34fe-418b-9a64-489e91e598c1,receipt,confirmed,RCP-20260314-0367,,9efafcf1-f64d-414c-a89a-6df8ef1bb869,00000000-0000-0000-0000-000000000000,2025-09-02 09:01:54,2025-09-02 09:01:54
e57948a9-ce98-44e2-be94-2a21f1c8b486,receipt,completed,RCP-20260314-0368,,e1af5d88-a2c6-480a-b1d8-3b6ffafce169,00000000-0000-0000-0000-000000000000,2025-12-08 09:01:54,2025-12-08 09:01:54
c2ee82c3-2714-471e-a076-ada6667190ea,receipt,draft,RCP-20260314-0369,,963ad754-2133-48ac-8dfb-724b808af96a,00000000-0000-0000-0000-000000000000,2025-08-19 09:01:54,2025-08-19 09:01:54
b7773a14-778b-4599-b800-1277a356ff2b,receipt,completed,RCP-20260314-0370,,526b24b6-71cb-406c-ade3-25204ef765ad,00000000-0000-0000-0000-000000000000,2025-12-10 09:01:54,2025-12-10 09:01:54
a5d5e822-1a3e-424d-9bc9-5733baaf0364,delivery,completed,DLV-20260314-0395,fc432fd9-fb8d-4f4e-a2c4-4cb1a5c73d62,,00000000-0000-0000-0000-000000000000,2025-05-16 09:01:54,2025-05-16 09:01:54
6ead60f0-bb1b-4270-a01a-1036df257cc0,transfer,completed,TRF-20260314-0298,1a26d193-58a0-4ecc-9021-21fb8a0d1eed,ef36e748-4002-4435-988b-b27c2998fdd9,00000000-0000-0000-0000-000000000000,2025-08-22 09:01:54,2025-08-22 09:01:54
8b4a1ddf-ad0b-40a3-b5c8-81732c1bea4b,receipt,draft,RCP-20260314-0371,,4fb59a0e-8740-435a-a708-66fa465933ac,00000000-0000-0000-0000-000000000000,2025-04-29 09:01:54,2025-04-29 09:01:54
6f95b95a-d9c7-4b53-928d-a5a53e5b2816,transfer,confirmed,TRF-20260314-0299,a4219910-9cff-4694-9316-84a1b6536e84,b3061431-e0b2-498f-bef6-8ee1a52a6d43,00000000-0000-0000-0000-000000000000,2025-07-26 09:01:54,2025-07-26 09:01:54
2a7458ee-d841-4a17-b87b-4887768b5de2,adjustment,completed,ADJ-20260314-0205,a3f80b6e-90f3-4391-a6cf-7bbcb19106a4,,00000000-0000-0000-0000-000000000000,2025-11-27 09:01:54,2025-11-27 09:01:54
97c99315-b0ce-4f05-aee1-1c9292878d2c,receipt,completed,RCP-20260314-0372,,69638249-c88f-49e5-a46e-e96c77a6fee1,00000000-0000-0000-0000-000000000000,2025-07-30 09:01:54,2025-07-30 09:01:54
11786a84-ba7e-40aa-80b7-38fb74e0decd,delivery,draft,DLV-20260314-0396,0b82767f-0e6b-4054-8146-59c8c55d92fd,,00000000-0000-0000-0000-000000000000,2025-09-14 09:01:54,2025-09-14 09:01:54
d8b2a8d4-0e89-4b62-bea0-7d890f17d41c,transfer,draft,TRF-20260314-0300,933aaf4e-fe01-40b6-a31d-4cb3d84f1010,ae69c083-62dc-4cea-8ea2-f7b9e22cf8c0,00000000-0000-0000-0000-000000000000,2026-01-21 09:01:54,2026-01-21 09:01:54
dc5c583f-88de-490a-9577-d5728a34a0e0,adjustment,confirmed,ADJ-20260314-0206,d0d620e6-11f9-4a25-aaac-6467fae1354c,,00000000-0000-0000-0000-000000000000,2025-03-21 09:01:54,2025-03-21 09:01:54
f6a401c7-2d78-4e7b-a05b-b81c72b97c65,transfer,confirmed,TRF-20260314-0301,ae75fd9e-f242-446f-8074-22af5baa0362,b8a78d62-34a4-4af8-b977-37e70d957bb0,00000000-0000-0000-0000-000000000000,2025-07-27 09:01:54,2025-07-27 09:01:54
a8a948db-588b-4705-9595-6a17d3e22025,delivery,completed,DLV-20260314-0397,74021a98-b020-4894-9c10-40f0107937a1,,00000000-0000-0000-0000-000000000000,2025-04-03 09:01:54,2025-04-03 09:01:54
e98154a0-1a4d-4f6b-a7ec-263a5a5a7cba,adjustment,draft,ADJ-20260314-0207,0c72d695-923c-44e2-b78b-ad75f31755f8,,00000000-0000-0000-0000-000000000000,2025-07-28 09:01:54,2025-07-28 09:01:54
0cccb17a-7e3f-46a8-8fb1-5344049cb468,transfer,completed,TRF-20260314-0302,bae23b69-839c-4dce-a785-db18366bb43d,f9579cbd-6ed2-4ef2-bbf6-81f5af08582b,00000000-0000-0000-0000-000000000000,2025-09-15 09:01:54,2025-09-15 09:01:54
979e1eff-eb04-44e7-a15e-e7d200746763,transfer,completed,TRF-20260314-0303,b87be7d9-2352-4f55-87e5-600d6565dbbb,b8812941-f330-422e-b5bf-875fab95c8bc,00000000-0000-0000-0000-000000000000,2025-09-09 09:01:54,2025-09-09 09:01:54
706771e8-a870-4f4d-b058-074223f2c596,receipt,confirmed,RCP-20260314-0373,,457d325b-0ea8-4fbf-abc2-a6723dd097e2,00000000-0000-0000-0000-000000000000,2025-09-02 09:01:54,2025-09-02 09:01:54
5d8c87ae-75d2-427d-b162-523b1876d542,transfer,draft,TRF-20260314-0304,47ca33bb-f4e6-4d09-83e4-ea729be01f30,09a408f7-9eaf-4bbc-82e4-b2461c4ef49a,00000000-0000-0000-0000-000000000000,2026-02-10 09:01:54,2026-02-10 09:01:54
416a1160-64bc-42df-aa0b-bf0225885675,receipt,draft,RCP-20260314-0374,,9ecb1777-c78a-4f3f-9cb9-ed2c16dd43a3,00000000-0000-0000-0000-000000000000,2025-12-11 09:01:54,2025-12-11 09:01:54
0b639047-241d-4958-8789-b2c824d846e8,delivery,completed,DLV-20260314-0398,fb45f615-327e-4039-b10e-095918df3d78,,00000000-0000-0000-0000-000000000000,2025-11-19 09:01:54,2025-11-19 09:01:54
6e2381b4-9716-4d06-8ca0-ce9039b9f3e4,adjustment,completed,ADJ-20260314-0208,baada7d4-4dfc-466b-a9a2-2a8940125e80,,00000000-0000-0000-0000-000000000000,2026-02-16 09:01:54,2026-02-16 09:01:54
dd1871d3-7889-41e5-b504-20639309b462,adjustment,completed,ADJ-20260314-0209,d1ebb722-ac2f-4b9b-be3c-acfacf189855,,00000000-0000-0000-0000-000000000000,2025-12-12 09:01:54,2025-12-12 09:01:54
e1434f38-551e-4ce6-973a-df61610e73f0,receipt,confirmed,RCP-20260314-0375,,0568b6a1-2171-4d9b-9c0c-77ec8e196928,00000000-0000-0000-0000-000000000000,2025-04-13 09:01:54,2025-04-13 09:01:54
0f2bb2cc-cd9d-4d1b-89d9-8a08aaf14149,transfer,completed,TRF-20260314-0305,9fbc7a21-1d29-440d-a575-eff27557150b,bc00e5d9-cb32-42aa-87bf-359f5fc70816,00000000-0000-0000-0000-000000000000,2026-02-21 09:01:54,2026-02-21 09:01:54
292b019f-42cd-44e5-a3f8-cefdbd7437d8,delivery,confirmed,DLV-20260314-0399,dab5c641-ce7c-4fb8-b50d-347d43b414b2,,00000000-0000-0000-0000-000000000000,2026-01-13 09:01:54,2026-01-13 09:01:54
1b8a252d-e879-4958-93d1-d92f10cabfe4,receipt,completed,RCP-20260314-0376,,a57ecfa1-c144-4c52-97e9-7ad84ec0afc5,00000000-0000-0000-0000-000000000000,2025-10-10 09:01:54,2025-10-10 09:01:54
64855865-6b6c-4ae0-9604-c69f6df77221,receipt,completed,RCP-20260314-0377,,d8ebe20a-3176-4e6e-8918-8a9b5525a53a,00000000-0000-0000-0000-000000000000,2025-03-26 09:01:54,2025-03-26 09:01:54
6f544698-e103-4af8-996b-b62261a6735e,adjustment,completed,ADJ-20260314-0210,671fa881-0f0f-4807-ab9d-b43660b88774,,00000000-0000-0000-0000-000000000000,2025-11-22 09:01:54,2025-11-22 09:01:54
f999aa0e-c607-42a6-8b7f-19076ba08b55,delivery,completed,DLV-20260314-0400,0dd26a3d-befe-4db1-9341-8cbe210f06a4,,00000000-0000-0000-0000-000000000000,2025-11-30 09:01:54,2025-11-30 09:01:54
c9f20f79-aa38-46f7-b401-92bb09fd5294,delivery,completed,DLV-20260314-0401,8c956f74-85df-445c-b070-e203c3e426dc,,00000000-0000-0000-0000-000000000000,2026-02-03 09:01:54,2026-02-03 09:01:54
4f979598-ea30-4588-b38b-af6e85c9cb2f,transfer,completed,TRF-20260314-0306,ab3501f9-9d53-41c5-8e82-881d6821c932,4a4a9317-f196-49a9-991e-9622a46e3cb7,00000000-0000-0000-0000-000000000000,2025-07-10 09:01:54,2025-07-10 09:01:54
cae736d2-3db7-4a3a-9f38-e517a8a25ddb,transfer,confirmed,TRF-20260314-0307,cbe02e87-a4c1-4b42-ae0b-40eaff008a31,b3584f10-52af-4340-9aea-ae7c2251cbc4,00000000-0000-0000-0000-000000000000,2026-01-22 09:01:54,2026-01-22 09:01:54
e6a064a3-da63-4871-b262-37c2f3819b5b,transfer,completed,TRF-20260314-0308,e45694c6-903a-483e-884c-07e585afd88c,063813ec-a2a0-4388-813e-f7aa97f45806,00000000-0000-0000-0000-000000000000,2025-06-17 09:01:54,2025-06-17 09:01:54
91702dcb-3f83-4c44-b716-299f0a29fdee,adjustment,completed,ADJ-20260314-0211,88e19432-c986-4a3d-8062-d51814c245df,,00000000-0000-0000-0000-000000000000,2025-08-17 09:01:54,2025-08-17 09:01:54
e3a404f3-cd98-49f2-b5b8-e80e0daa2db5,receipt,completed,RCP-20260314-0378,,8cbe06a1-6929-4c94-9c52-06c83ad902d4,00000000-0000-0000-0000-000000000000,2025-12-05 09:01:54,2025-12-05 09:01:54
6dea17eb-256d-4833-a8e4-da664c090d64,transfer,completed,TRF-20260314-0309,4dff254e-9d09-4a47-91de-58e89c862f6b,7de69e33-a2c4-494b-87c3-3b3443479279,00000000-0000-0000-0000-000000000000,2025-04-26 09:01:54,2025-04-26 09:01:54
1e824c31-6361-47ff-9f0c-2247f1f75c9d,receipt,completed,RCP-20260314-0379,,ebb882be-8225-41d0-92d7-829344840857,00000000-0000-0000-0000-000000000000,2025-07-19 09:01:54,2025-07-19 09:01:54
9e79c845-edc1-4062-9175-5b57787d13f8,receipt,draft,RCP-20260314-0380,,384ce4d1-704a-4c04-a1aa-34f1327dcc77,00000000-0000-0000-0000-000000000000,2025-05-14 09:01:54,2025-05-14 09:01:54
5f237a46-9ea9-48fe-96cc-c5989d47ec48,transfer,completed,TRF-20260314-0310,4857d964-8f81-4f7a-a221-bce6914b19a3,f8482464-d21c-4334-ac3d-735b72370bfe,00000000-0000-0000-0000-000000000000,2025-05-03 09:01:54,2025-05-03 09:01:54
0bbfd07e-a9d2-4cc6-84d0-0d5620dd9c5e,receipt,completed,RCP-20260314-0381,,208cb8dc-3654-48ab-a186-dafa03b2075f,00000000-0000-0000-0000-000000000000,2026-02-03 09:01:54,2026-02-03 09:01:54
c2d5dfc0-2f4a-487f-87c8-6243c2b03b7d,receipt,draft,RCP-20260314-0382,,e4449fd0-d6ef-4fa0-8f14-6b5cb740c280,00000000-0000-0000-0000-000000000000,2025-09-24 09:01:54,2025-09-24 09:01:54
729487bd-8a9e-4838-a2ed-2858210d0a17,delivery,completed,DLV-20260314-0402,f77c7a8f-50b4-4a55-8615-da3fdcd9dd6d,,00000000-0000-0000-0000-000000000000,2025-06-01 09:01:54,2025-06-01 09:01:54
915b0e53-282d-4e95-a6b4-b12ef8e3966e,receipt,completed,RCP-20260314-0383,,12c47087-bf18-47f9-ac37-a7a9ab491b89,00000000-0000-0000-0000-000000000000,2025-06-14 09:01:54,2025-06-14 09:01:54
7291a202-7ba2-49f8-a603-2ca242255055,receipt,completed,RCP-20260314-0384,,b9e94e9e-c25c-4390-b84c-6962a8e458e6,00000000-0000-0000-0000-000000000000,2026-02-07 09:01:54,2026-02-07 09:01:54
e02f2b3d-826b-4c65-ba44-ab5d2d72c4f6,delivery,completed,DLV-20260314-0403,125313af-939d-4819-a271-512b4212d885,,00000000-0000-0000-0000-000000000000,2025-07-05 09:01:54,2025-07-05 09:01:54
d1883a94-6405-4405-b868-15d42ce01734,transfer,completed,TRF-20260314-0311,862c9bfe-6a0b-4356-86af-3178df62d6d7,64314cf3-aa46-4777-8322-1d461372a013,00000000-0000-0000-0000-000000000000,2025-06-01 09:01:54,2025-06-01 09:01:54
d604f5f1-7696-47de-b9b6-c6dd57df855d,delivery,draft,DLV-20260314-0404,67e0a767-e78b-41cb-99a8-fd3ed13e8888,,00000000-0000-0000-0000-000000000000,2025-07-17 09:01:54,2025-07-17 09:01:54
45940532-68ac-49fb-a8fb-f8de4faf14ed,delivery,completed,DLV-20260314-0405,f9193d44-a953-4a76-b961-d121503d7579,,00000000-0000-0000-0000-000000000000,2025-06-05 09:01:54,2025-06-05 09:01:54
8b96470c-ab82-4eb1-98e6-16140cdf2cc1,receipt,completed,RCP-20260314-0385,,28e50135-913b-4760-8da0-05fe9f8095f8,00000000-0000-0000-0000-000000000000,2026-02-23 09:01:54,2026-02-23 09:01:54
0ee02e10-c03c-40e0-80aa-2dae374444d3,receipt,completed,RCP-20260314-0386,,d42c80de-a2af-4ade-8d4e-7ed884fcd933,00000000-0000-0000-0000-000000000000,2025-04-27 09:01:54,2025-04-27 09:01:54
ee07ab26-735b-4594-87b2-b6ced36b8e68,delivery,draft,DLV-20260314-0406,37ce97d1-58a6-498b-97da-277e4c564157,,00000000-0000-0000-0000-000000000000,2025-12-29 09:01:54,2025-12-29 09:01:54
98205194-8357-4667-96f9-10325fd837ee,transfer,completed,TRF-20260314-0312,bf6f3718-4831-478f-aace-19b06d0fe07f,0bf4f22b-8d02-4a38-af94-d6b6badafb79,00000000-0000-0000-0000-000000000000,2025-03-21 09:01:54,2025-03-21 09:01:54
4242efbe-6ae8-405f-852b-63300d26bbec,delivery,completed,DLV-20260314-0407,ee7dc91a-8149-4a35-bcdb-d9c5cd820328,,00000000-0000-0000-0000-000000000000,2025-12-11 09:01:54,2025-12-11 09:01:54
c4361fac-7389-4400-b0db-046f774e3891,delivery,draft,DLV-20260314-0408,6bb95f95-22c0-4518-af82-1ba5cb192e01,,00000000-0000-0000-0000-000000000000,2026-02-13 09:01:54,2026-02-13 09:01:54
b65e07e2-3166-4f42-b85d-1fdcb8b9eede,transfer,completed,TRF-20260314-0313,5f126aee-4902-4d6f-9521-0ca91aa11c33,577fe758-0d1c-4706-bee7-7c1e970893d9,00000000-0000-0000-0000-000000000000,2026-02-02 09:01:54,2026-02-02 09:01:54
2f6a03b6-0ff4-47cc-b9b5-8e132d6710a9,receipt,completed,RCP-20260314-0387,,1709aca3-3ee1-451e-9e6d-cb4b8f98b362,00000000-0000-0000-0000-000000000000,2026-01-27 09:01:54,2026-01-27 09:01:54
f1d05454-c9dd-4115-b73e-24386141fb1b,receipt,completed,RCP-20260314-0388,,7d309f52-1622-4afa-9a40-4229cf7994cd,00000000-0000-0000-0000-000000000000,2025-06-08 09:01:54,2025-06-08 09:01:54
97b643cc-4fbb-4ebb-a6aa-98bd7c567c28,adjustment,completed,ADJ-20260314-0212,5dbb08f9-4761-4f62-b2a2-18a6d764ce2e,,00000000-0000-0000-0000-000000000000,2025-11-19 09:01:54,2025-11-19 09:01:54
bb27878d-ed66-4544-af92-79127c9c071f,receipt,draft,RCP-20260314-0389,,0babc91f-aba6-4903-aa9a-5714f486bf45,00000000-0000-0000-0000-000000000000,2025-12-31 09:01:54,2025-12-31 09:01:54
28b89a3a-bd9b-4e2e-8af5-0844abe90bd1,delivery,draft,DLV-20260314-0409,9b87e478-ba3c-439c-a37a-409511b9f88a,,00000000-0000-0000-0000-000000000000,2025-11-05 09:01:54,2025-11-05 09:01:54
73f7a534-97b2-41d5-926e-b7de2cb393e5,transfer,completed,TRF-20260314-0314,165c6653-e2ba-498f-820c-77216320e76a,387bab3f-d198-4952-96b5-0144cc818088,00000000-0000-0000-0000-000000000000,2026-01-20 09:01:54,2026-01-20 09:01:54
20ee6d4a-15b0-4910-9b12-98b3f9cdec5e,transfer,confirmed,TRF-20260314-0315,09a408f7-9eaf-4bbc-82e4-b2461c4ef49a,724754d2-b6f6-4c08-8bae-81cf8af237b3,00000000-0000-0000-0000-000000000000,2026-01-22 09:01:54,2026-01-22 09:01:54
431b9163-94c2-495b-b3d3-6e2c007ec658,adjustment,draft,ADJ-20260314-0213,4e971a41-7db7-41ca-8c18-f69a02cebb2c,,00000000-0000-0000-0000-000000000000,2025-12-02 09:01:54,2025-12-02 09:01:54
28984bb4-f41b-4e40-a8fc-d4f265caa8fb,adjustment,draft,ADJ-20260314-0214,b9e94e9e-c25c-4390-b84c-6962a8e458e6,,00000000-0000-0000-0000-000000000000,2025-07-14 09:01:54,2025-07-14 09:01:54
f2213686-6917-48a5-a92b-8d5aa71ee530,delivery,draft,DLV-20260314-0410,8869f492-b017-4c95-8fad-4b65a9ceca6c,,00000000-0000-0000-0000-000000000000,2025-06-23 09:01:54,2025-06-23 09:01:54
68b28a61-a5d9-4492-a093-b002418895b3,transfer,completed,TRF-20260314-0316,8e512c7f-de5d-454c-a3bc-4c2485ab48ac,332f5bc1-a015-4e89-a43a-24128d6088b8,00000000-0000-0000-0000-000000000000,2025-05-14 09:01:54,2025-05-14 09:01:54
5408c3dd-0400-4d1f-b41b-126eb082ecdb,transfer,draft,TRF-20260314-0317,ed42339b-d015-418a-9112-30c22a936c1f,45efbc55-72e8-4f79-b826-b15dc7f75cf8,00000000-0000-0000-0000-000000000000,2026-01-03 09:01:54,2026-01-03 09:01:54
1388c229-2e09-4df8-931a-0e2f8bb23a1a,receipt,completed,RCP-20260314-0390,,b1afb255-9128-495a-8df2-249d0c92fa83,00000000-0000-0000-0000-000000000000,2025-07-03 09:01:54,2025-07-03 09:01:54
4a66bc05-e0cd-4da7-a891-5854ef6793de,adjustment,completed,ADJ-20260314-0215,2022439a-4b25-482f-b40f-8065984b79f8,,00000000-0000-0000-0000-000000000000,2026-03-05 09:01:54,2026-03-05 09:01:54
aef42505-0481-45e2-87b1-2063e6a7a628,receipt,confirmed,RCP-20260314-0391,,01c54b68-fdd2-4089-ab5e-b45a13ba73e3,00000000-0000-0000-0000-000000000000,2025-07-04 09:01:54,2025-07-04 09:01:54
790e29cf-7a2e-4d92-ad1e-1c5bea32f793,transfer,completed,TRF-20260314-0318,b2a98644-6651-4e04-82d0-902c73d59a1a,819342a4-4e99-4386-adbe-40c82ae8a97b,00000000-0000-0000-0000-000000000000,2025-06-11 09:01:54,2025-06-11 09:01:54
65f90442-f70e-4748-9e74-ccccd6d634ee,delivery,completed,DLV-20260314-0411,7292789f-f6fc-4ccb-8a43-70715ea2b871,,00000000-0000-0000-0000-000000000000,2026-01-12 09:01:54,2026-01-12 09:01:54
7be3febf-11ef-41a2-9d4b-006aaa911a6d,receipt,draft,RCP-20260314-0392,,85551486-9b10-479e-a3b6-2ed1a4562f7c,00000000-0000-0000-0000-000000000000,2025-10-09 09:01:54,2025-10-09 09:01:54
f4b0c9b4-ac9b-40b5-bc74-33f5ec71ca72,receipt,completed,RCP-20260314-0393,,f0ab3416-3cf6-45a3-bb34-c31d47fa536e,00000000-0000-0000-0000-000000000000,2025-05-27 09:01:54,2025-05-27 09:01:54
416a5c54-9bc8-4969-bedd-efb04b98acee,adjustment,confirmed,ADJ-20260314-0216,63e8fc15-c7a2-43d0-9f43-bf9630bd96d1,,00000000-0000-0000-0000-000000000000,2025-04-19 09:01:54,2025-04-19 09:01:54
1e671b8d-f302-45da-b981-a8d668df59da,adjustment,completed,ADJ-20260314-0217,e293420c-9ed0-4f9c-986d-e4cd07f8d8d2,,00000000-0000-0000-0000-000000000000,2025-08-22 09:01:54,2025-08-22 09:01:54
06604ba0-7c13-44d6-9d9c-b7c534caae13,receipt,draft,RCP-20260314-0394,,c9cbec1b-206e-49c0-9eeb-2f50877d5948,00000000-0000-0000-0000-000000000000,2025-06-10 09:01:54,2025-06-10 09:01:54
ebd088a7-b92a-4e9e-a2f6-893e894f859f,receipt,completed,RCP-20260314-0395,,9f3d2e22-f065-4fb7-9d0f-d00145051b0b,00000000-0000-0000-0000-000000000000,2025-09-14 09:01:54,2025-09-14 09:01:54
fe1e0414-5f99-40dc-8bde-dd26fbaeb298,transfer,draft,TRF-20260314-0319,61b957bb-f966-417e-a5c5-44b4d3dbaa3d,e5ae6f9a-8dc9-4a8d-9cbd-f22c85b38b39,00000000-0000-0000-0000-000000000000,2025-06-02 09:01:54,2025-06-02 09:01:54
991bd293-47c5-4d7d-8c2d-f6584cff9072,adjustment,draft,ADJ-20260314-0218,7797d1ad-37e4-4c88-a900-6d31fa727927,,00000000-0000-0000-0000-000000000000,2025-11-20 09:01:54,2025-11-20 09:01:54
02097692-15f6-40aa-b2c8-787817422d65,delivery,completed,DLV-20260314-0412,35eaf4f8-65d1-4153-ba96-525fdeb110c3,,00000000-0000-0000-0000-000000000000,2025-07-28 09:01:54,2025-07-28 09:01:54
ffcc5f15-3b69-472a-b416-248849b681e6,receipt,completed,RCP-20260314-0396,,5812f973-c8af-470e-87d3-77307fa0ea3b,00000000-0000-0000-0000-000000000000,2025-10-20 09:01:54,2025-10-20 09:01:54
68fb39a9-5cee-4454-b657-1e130c6eef21,adjustment,completed,ADJ-20260314-0219,8b0be116-4fcb-42e0-ae18-dd74183c26fe,,00000000-0000-0000-0000-000000000000,2026-01-03 09:01:54,2026-01-03 09:01:54
7bf79433-b687-4d89-9884-ac0d5ca39142,adjustment,draft,ADJ-20260314-0220,4d5f3b65-993d-41bb-8e7a-4f15980da9ed,,00000000-0000-0000-0000-000000000000,2025-09-28 09:01:54,2025-09-28 09:01:54
c653ad04-6c24-4a26-a156-8189996fd82c,delivery,completed,DLV-20260314-0413,9e954941-aa63-45c3-97a4-ab6ee75442a2,,00000000-0000-0000-0000-000000000000,2025-04-16 09:01:54,2025-04-16 09:01:54
53e86876-d06f-44aa-9086-baff5121d62b,transfer,completed,TRF-20260314-0320,4752a43f-a77f-45b5-9db4-13254645a68d,fbc931c9-1ffb-4bf0-9b33-4071f1789953,00000000-0000-0000-0000-000000000000,2025-12-04 09:01:54,2025-12-04 09:01:54
5df5b962-71f5-4d36-8a25-eeb902a9e258,delivery,draft,DLV-20260314-0414,9cd889b7-1e5d-43ab-a3dc-94f1416efa74,,00000000-0000-0000-0000-000000000000,2025-07-11 09:01:54,2025-07-11 09:01:54
7c222295-734c-4168-bf2c-cfc18ada5cea,adjustment,confirmed,ADJ-20260314-0221,ac9de94e-397f-4bf4-8a6a-72039ffecbcd,,00000000-0000-0000-0000-000000000000,2025-12-04 09:01:54,2025-12-04 09:01:54
8feddcde-8dcc-4637-9b1b-147038c77c6a,receipt,draft,RCP-20260314-0397,,9225af5a-3be7-471e-a228-80254f1609a5,00000000-0000-0000-0000-000000000000,2026-01-26 09:01:54,2026-01-26 09:01:54
b879727b-a48c-4bf0-9212-3d24bf95289f,transfer,completed,TRF-20260314-0321,542a960d-3487-406d-b6dd-ada608089898,201bba31-c9f9-460b-8c05-8a5b9d76845b,00000000-0000-0000-0000-000000000000,2025-11-02 09:01:54,2025-11-02 09:01:54
8ca0541f-0691-478e-a2c8-d18bdaed162e,delivery,completed,DLV-20260314-0415,ceb9fc02-5a7c-4f8c-a8bb-cc44c72f82f6,,00000000-0000-0000-0000-000000000000,2025-11-03 09:01:54,2025-11-03 09:01:54
34170e78-c5e1-476f-af8e-1409a05fb06a,transfer,completed,TRF-20260314-0322,13a00bff-734d-4c8d-8e26-4a0f8e3f0e71,8afa42d1-71c2-4820-89eb-442eb0087d92,00000000-0000-0000-0000-000000000000,2025-07-26 09:01:54,2025-07-26 09:01:54
56dd7577-dd44-46d5-b16e-590ac0cc9ed5,delivery,completed,DLV-20260314-0416,ea08550e-2f56-45c1-b9e8-597d31cd62cf,,00000000-0000-0000-0000-000000000000,2025-05-25 09:01:54,2025-05-25 09:01:54
984642a1-3363-4c79-8d80-5489d29cc65e,transfer,confirmed,TRF-20260314-0323,f0390c75-e97d-408c-89e9-989f3912b4e9,40b7329b-4b6d-4d96-8d07-47a7710bb89c,00000000-0000-0000-0000-000000000000,2025-08-08 09:01:54,2025-08-08 09:01:54
c8e542f9-02f9-4ee9-b3ee-7473220897ff,receipt,completed,RCP-20260314-0398,,a09713ed-6f3f-4c36-89cb-ff823a5f958f,00000000-0000-0000-0000-000000000000,2026-03-05 09:01:54,2026-03-05 09:01:54
ebe5bcaa-975e-4da0-baed-4c55efe0ded1,transfer,completed,TRF-20260314-0324,89a45ea3-684e-4cf3-8609-99a73f82a3b8,977df8a5-c7bc-47ed-97b9-5e2fc4510005,00000000-0000-0000-0000-000000000000,2026-02-15 09:01:54,2026-02-15 09:01:54
a8ccecb9-972d-4146-a450-51c5e670871c,delivery,draft,DLV-20260314-0417,613b5a52-5af2-4c6a-92f3-d33209cb32b8,,00000000-0000-0000-0000-000000000000,2025-09-01 09:01:54,2025-09-01 09:01:54
26ca849f-3cde-407c-abb3-ea2e4b509dc3,receipt,draft,RCP-20260314-0399,,e70fb8e5-3c2d-4152-98fb-568c6fec8cf4,00000000-0000-0000-0000-000000000000,2025-04-10 09:01:54,2025-04-10 09:01:54
29582153-6b66-4a87-9e87-9e34e20d055c,transfer,completed,TRF-20260314-0325,632f3049-f48a-4721-a916-bba40c0017af,0b424d84-a826-4edf-a397-6529860da5fd,00000000-0000-0000-0000-000000000000,2025-08-08 09:01:54,2025-08-08 09:01:54
4451dbbf-a537-43ad-b605-0bc5701d3840,delivery,completed,DLV-20260314-0418,88fc889f-29d9-4ca2-92fb-808317c71897,,00000000-0000-0000-0000-000000000000,2025-05-27 09:01:54,2025-05-27 09:01:54
5a204cbc-3536-418e-8076-6665654f1e06,adjustment,confirmed,ADJ-20260314-0222,2ba03ba3-da4f-4a75-8b1a-62a829fe9a11,,00000000-0000-0000-0000-000000000000,2025-10-12 09:01:54,2025-10-12 09:01:54
06d3220b-b68b-4a82-8a28-665075f9c8f9,delivery,draft,DLV-20260314-0419,a3acac42-4da1-4a3e-9932-57f06aee139f,,00000000-0000-0000-0000-000000000000,2025-04-21 09:01:54,2025-04-21 09:01:54
859b631f-573b-40fa-b41b-2cd6c9ad5ed5,delivery,confirmed,DLV-20260314-0420,44ce0ebd-2094-4ae3-953f-97bf68efb80b,,00000000-0000-0000-0000-000000000000,2026-02-25 09:01:54,2026-02-25 09:01:54
f71b59af-d1c0-42ec-8721-df26f2c3db96,transfer,completed,TRF-20260314-0326,231e0f9b-2ca9-4c2d-a4d3-4794d081cc14,62d23e9f-5c22-4e45-976c-a1aa43a7f5f0,00000000-0000-0000-0000-000000000000,2025-09-29 09:01:54,2025-09-29 09:01:54
f24d6ea7-594b-43f7-a54b-58429a8778a1,delivery,completed,DLV-20260314-0421,a8def99c-85ee-4e18-904c-801d8b5685bb,,00000000-0000-0000-0000-000000000000,2025-05-16 09:01:54,2025-05-16 09:01:54
266cc671-8e29-43ae-a97b-f22817a0c2c9,delivery,completed,DLV-20260314-0422,f8bc3258-01cd-4997-8ccb-438786923164,,00000000-0000-0000-0000-000000000000,2026-02-06 09:01:54,2026-02-06 09:01:54
92605bf8-94c6-45b6-bce8-ed63ac6c6708,delivery,completed,DLV-20260314-0423,2ea378e8-6800-4f22-9456-efafde8650d9,,00000000-0000-0000-0000-000000000000,2025-03-31 09:01:54,2025-03-31 09:01:54
a1c38ff3-d208-4b94-876f-fb5e372d8fde,receipt,completed,RCP-20260314-0400,,a3c6de0a-363b-4495-bf13-ca79482e585c,00000000-0000-0000-0000-000000000000,2025-12-25 09:01:54,2025-12-25 09:01:54
7e8dc523-7147-4fa0-9d9e-44c189deb282,transfer,completed,TRF-20260314-0327,5faa085c-9a12-4ce0-b437-16b6ceeca3a3,8b297a62-1f8d-4c72-8c7f-4b4c08c4a6de,00000000-0000-0000-0000-000000000000,2025-05-16 09:01:54,2025-05-16 09:01:54
6704fbc2-7f11-493b-bac7-99799c68a309,receipt,completed,RCP-20260314-0401,,6b709f15-219f-4071-9c1e-7a603b2dd268,00000000-0000-0000-0000-000000000000,2026-03-05 09:01:54,2026-03-05 09:01:54
ab8ef85b-d808-462d-a926-8e650247f703,transfer,confirmed,TRF-20260314-0328,8052e8cd-b871-4e05-ab3f-1605ee83b902,20e080c9-16e0-439b-b118-7f644c9ad6a6,00000000-0000-0000-0000-000000000000,2025-09-23 09:01:54,2025-09-23 09:01:54
49399b2b-46f7-4ef0-a17f-878a8c848b49,delivery,draft,DLV-20260314-0424,ed440853-c7a9-46a5-a9a0-a194dfc2f98d,,00000000-0000-0000-0000-000000000000,2026-03-02 09:01:54,2026-03-02 09:01:54
41bbec59-e9df-433f-8752-b287bf0a0bba,receipt,completed,RCP-20260314-0402,,6e8517f6-2b68-41f1-8987-1a617aed4153,00000000-0000-0000-0000-000000000000,2025-04-30 09:01:54,2025-04-30 09:01:54
254040b2-66ee-4064-a8bd-95abc514a45e,delivery,confirmed,DLV-20260314-0425,1a4ec28a-a63e-4229-98f3-5351f172c41c,,00000000-0000-0000-0000-000000000000,2025-08-05 09:01:54,2025-08-05 09:01:54
bd7afd4a-65dd-4868-8a36-5a6cef853563,delivery,confirmed,DLV-20260314-0426,ca9f6358-e4f9-408a-ac51-db859eefb25b,,00000000-0000-0000-0000-000000000000,2025-06-02 09:01:54,2025-06-02 09:01:54
b798a974-cfee-44a5-a155-e4826d96b06c,transfer,completed,TRF-20260314-0329,3b11db52-cf00-4c06-a4f6-d005602179c7,f0858b85-b79b-4362-b694-f5ab96df0f0a,00000000-0000-0000-0000-000000000000,2025-09-10 09:01:54,2025-09-10 09:01:54
f4dd6c24-b864-49ef-80ae-697265105e02,receipt,completed,RCP-20260314-0403,,96841a40-7aa9-4361-a22e-3e2e96b812de,00000000-0000-0000-0000-000000000000,2025-08-23 09:01:54,2025-08-23 09:01:54
ce04b22c-48ae-4b59-bb39-122972c180b8,receipt,completed,RCP-20260314-0404,,99ce4390-0398-4ab5-91a8-fbaf795276bf,00000000-0000-0000-0000-000000000000,2025-05-18 09:01:54,2025-05-18 09:01:54
d5fd96ce-eda1-4aa8-a128-d4a0e74f0dfc,receipt,completed,RCP-20260314-0405,,aa59accf-3b4e-4df5-a31d-386c82c030f5,00000000-0000-0000-0000-000000000000,2025-07-12 09:01:54,2025-07-12 09:01:54
6a2f9d3e-1523-4252-a876-f8db3e63f2d7,transfer,completed,TRF-20260314-0330,aabc2821-e6ac-499f-afbc-6ca627d886a3,57eb80d1-5286-4bdd-a24b-503a5f19a317,00000000-0000-0000-0000-000000000000,2026-01-09 09:01:54,2026-01-09 09:01:54
1f8b256e-4f1f-47a8-94d6-96d6bc068627,adjustment,completed,ADJ-20260314-0223,1dad3fa6-4fc6-4a08-81cd-27bd5fea4566,,00000000-0000-0000-0000-000000000000,2025-11-11 09:01:54,2025-11-11 09:01:54
04121377-d590-4f1a-8b28-77662b241f95,delivery,draft,DLV-20260314-0427,6a5b8c11-33e9-4fcc-838d-c67d7dbdffc5,,00000000-0000-0000-0000-000000000000,2025-07-18 09:01:54,2025-07-18 09:01:54
6aaf8999-85dd-42ac-bd2a-85e2cebbe474,receipt,completed,RCP-20260314-0406,,d0889d51-3879-4bb2-92d3-c5a7076e6e5e,00000000-0000-0000-0000-000000000000,2025-03-23 09:01:54,2025-03-23 09:01:54
b63e9677-3ed5-45ca-966f-d08adcb00abd,receipt,completed,RCP-20260314-0407,,537d3877-9152-428b-bf4c-fb74f221b7ed,00000000-0000-0000-0000-000000000000,2026-02-07 09:01:54,2026-02-07 09:01:54
b21ca0a9-b9c5-491e-ba42-0c79161f87ca,transfer,completed,TRF-20260314-0331,05d12862-27a9-4ae5-b60a-74543e67fc6d,da8a5c9d-cffe-4e72-a557-8701248d8504,00000000-0000-0000-0000-000000000000,2025-12-19 09:01:54,2025-12-19 09:01:54
c8d37d7b-35b9-4a06-ac6b-1ac809005dc3,transfer,completed,TRF-20260314-0332,2b3749d6-658d-4e6e-898a-e0935fc3dff1,9a85b3b1-40f2-486f-a3e0-9600b1bc7fcf,00000000-0000-0000-0000-000000000000,2025-11-10 09:01:54,2025-11-10 09:01:54
6debd6ae-c700-4e88-97ca-47612a70e1ea,adjustment,completed,ADJ-20260314-0224,cdd464f0-ffa5-4fa9-baef-961e540dbb08,,00000000-0000-0000-0000-000000000000,2025-09-14 09:01:54,2025-09-14 09:01:54
556ca892-9b4c-48a1-b865-0709c10b49e0,adjustment,completed,ADJ-20260314-0225,1adc1430-1bcf-41bf-8b36-3c0c70501918,,00000000-0000-0000-0000-000000000000,2025-05-21 09:01:54,2025-05-21 09:01:54
7e1eae23-fc7c-434a-a77d-beee690f4d55,receipt,confirmed,RCP-20260314-0408,,ef36e748-4002-4435-988b-b27c2998fdd9,00000000-0000-0000-0000-000000000000,2025-10-10 09:01:54,2025-10-10 09:01:54
5d2db06c-6871-4172-b4db-4980e9010ce2,transfer,completed,TRF-20260314-0333,a650a77a-55b1-469d-ac0e-138a61d51333,d4ad251f-4bb5-4796-8049-1baf5c409971,00000000-0000-0000-0000-000000000000,2025-04-17 09:01:54,2025-04-17 09:01:54
7a680de3-118e-4bc0-ac1e-e79ed952e116,transfer,draft,TRF-20260314-0334,2bb0aefa-5eba-4880-a35f-5aa843cc274f,fb2e5d21-3123-468b-a714-83fd19b563b8,00000000-0000-0000-0000-000000000000,2026-02-23 09:01:54,2026-02-23 09:01:54
6d3d054e-0139-4a22-a2a1-8dd9fd6de77c,delivery,completed,DLV-20260314-0428,449e8c92-22b8-40df-99cc-d9d8da353c9b,,00000000-0000-0000-0000-000000000000,2025-07-16 09:01:54,2025-07-16 09:01:54
19ab9f9b-013b-42e8-9767-436b7fe15592,adjustment,completed,ADJ-20260314-0226,0376ff0e-07bc-4806-a0e5-8cf011e3d98e,,00000000-0000-0000-0000-000000000000,2026-03-03 09:01:54,2026-03-03 09:01:54
98e0ea6b-5669-4467-8924-43f674e3e275,delivery,confirmed,DLV-20260314-0429,91dd6045-2a2c-4c90-841b-d3c891fe8312,,00000000-0000-0000-0000-000000000000,2025-07-10 09:01:54,2025-07-10 09:01:54
4e88fd5d-86b4-40af-91e0-9651565329b2,delivery,completed,DLV-20260314-0430,65471e2b-a7c1-4037-b22b-1f35bd2d369c,,00000000-0000-0000-0000-000000000000,2026-02-15 09:01:54,2026-02-15 09:01:54
5d6e6610-38c9-414d-8dea-becb8d13eb0f,receipt,confirmed,RCP-20260314-0409,,4edb45ea-054c-4ee7-acf9-7e5973bb1dec,00000000-0000-0000-0000-000000000000,2025-11-05 09:01:54,2025-11-05 09:01:54
59773ba9-2d9f-401a-a10e-54027636e89f,transfer,draft,TRF-20260314-0335,4850e32e-974a-4ad1-b549-c61885c080a2,ec6cc6c5-7c2d-406d-8a69-07d882ad3fd9,00000000-0000-0000-0000-000000000000,2025-11-29 09:01:54,2025-11-29 09:01:54
4d446a40-d868-4b09-b466-c39f1ecc287f,delivery,completed,DLV-20260314-0431,984ab6b1-d0bd-4d77-8d01-7a9677faa9b2,,00000000-0000-0000-0000-000000000000,2025-05-08 09:01:54,2025-05-08 09:01:54
f4597739-9c0f-4ca5-b033-506b407e430e,delivery,completed,DLV-20260314-0432,1106cbc7-5772-440f-8195-0d5cfb6e29c1,,00000000-0000-0000-0000-000000000000,2025-12-30 09:01:54,2025-12-30 09:01:54
f07dddde-417d-43eb-9bc4-49c77a63ca50,receipt,completed,RCP-20260314-0410,,6bd1b58e-7c5f-40fe-9244-2250206466ca,00000000-0000-0000-0000-000000000000,2026-02-16 09:01:54,2026-02-16 09:01:54
47bf3c1f-6c24-4a40-b411-80f76d83f42d,receipt,completed,RCP-20260314-0411,,64a42d87-6e26-490d-91fd-d6837bb338b6,00000000-0000-0000-0000-000000000000,2025-11-12 09:01:54,2025-11-12 09:01:54
0fb58bdf-570c-45d3-b948-1bdca29e0e4b,adjustment,completed,ADJ-20260314-0227,67eeb033-2fb8-46f0-8c8c-a7f9282f092a,,00000000-0000-0000-0000-000000000000,2025-11-27 09:01:54,2025-11-27 09:01:54
58fcf5fd-df18-4d94-a3a3-f0c248b5b51d,delivery,completed,DLV-20260314-0433,6e2b004d-1adf-4e74-a8c6-2c6dfa2b28ab,,00000000-0000-0000-0000-000000000000,2025-08-12 09:01:54,2025-08-12 09:01:54
3e402c44-6277-43cc-8053-9e9d26c7d45a,delivery,confirmed,DLV-20260314-0434,742c4055-0f73-43f7-b05a-d05513885ca9,,00000000-0000-0000-0000-000000000000,2025-04-16 09:01:54,2025-04-16 09:01:54
602ed35c-95c0-4a1a-9643-7f368f3fb097,delivery,completed,DLV-20260314-0435,71de5b16-6cbe-4cba-85d5-b586721bc9b2,,00000000-0000-0000-0000-000000000000,2025-03-16 09:01:54,2025-03-16 09:01:54
d7af9e60-2059-4292-9f7a-9b55cb376f20,delivery,completed,DLV-20260314-0436,24bcd7ac-67dc-46ba-8239-d0abaf165216,,00000000-0000-0000-0000-000000000000,2025-11-22 09:01:54,2025-11-22 09:01:54
5ce4440d-b196-4dbd-be4f-e90ecb327c8b,delivery,completed,DLV-20260314-0437,ada62e5b-3a6a-45a0-9bee-de1c7abcfb7f,,00000000-0000-0000-0000-000000000000,2025-12-25 09:01:54,2025-12-25 09:01:54
d67498d9-f639-44d2-994e-75ea194ea7c5,adjustment,completed,ADJ-20260314-0228,5cacd6ed-6a68-47c5-8c9c-51e7c755c692,,00000000-0000-0000-0000-000000000000,2025-09-04 09:01:54,2025-09-04 09:01:54
f70fcb09-fc28-4f8f-9ffd-aa602fe6739a,receipt,draft,RCP-20260314-0412,,9a8403eb-4612-429c-a4d0-d227d84902e1,00000000-0000-0000-0000-000000000000,2025-08-25 09:01:54,2025-08-25 09:01:54
0e070d72-ebbf-465d-8428-d61f4dc12477,receipt,completed,RCP-20260314-0413,,b3c99387-b924-49c8-b5dd-218678dc59b8,00000000-0000-0000-0000-000000000000,2025-10-13 09:01:54,2025-10-13 09:01:54
7ee7b9c6-3283-4634-b4b8-df3903468470,delivery,completed,DLV-20260314-0438,fcd24456-4b25-45f4-831c-708863e67488,,00000000-0000-0000-0000-000000000000,2026-01-17 09:01:54,2026-01-17 09:01:54
80e79e45-bb2c-4fae-9488-33289397634f,adjustment,completed,ADJ-20260314-0229,d4224d6a-e9d5-47e5-aa74-c7fb837d53ac,,00000000-0000-0000-0000-000000000000,2026-01-28 09:01:54,2026-01-28 09:01:54
fd97b9cf-ad05-4355-a382-38b944e7b495,receipt,draft,RCP-20260314-0414,,00d42639-6a45-46c3-89bf-538389100e00,00000000-0000-0000-0000-000000000000,2025-10-22 09:01:54,2025-10-22 09:01:54
a387b80e-3841-4936-9edd-8e1f676ad9f3,adjustment,completed,ADJ-20260314-0230,b1a1de91-d953-4467-95fa-0acca3afb753,,00000000-0000-0000-0000-000000000000,2025-05-25 09:01:54,2025-05-25 09:01:54
6352da2d-a8ba-4bc9-9041-d1a75395d4f9,transfer,completed,TRF-20260314-0336,7fef18b3-93c9-4d46-98a1-eebfbc01447a,64170370-6804-4f9b-9ac3-b17d7a7b7227,00000000-0000-0000-0000-000000000000,2026-01-26 09:01:54,2026-01-26 09:01:54
e8fa08b7-eea9-4b5a-b97f-83d919289041,receipt,completed,RCP-20260314-0415,,6124089a-f6a7-4244-88f7-238fdc6c0e79,00000000-0000-0000-0000-000000000000,2025-12-29 09:01:54,2025-12-29 09:01:54
effda7c2-33c7-4a2d-8c82-c980c0680e1b,delivery,draft,DLV-20260314-0439,d9862ab5-0353-414c-ac7b-7ea319cbdd66,,00000000-0000-0000-0000-000000000000,2025-08-17 09:01:54,2025-08-17 09:01:54
d01db715-e995-466e-a5c2-5d047994b657,delivery,draft,DLV-20260314-0440,740acdf8-0847-471e-a19a-5e65654e200e,,00000000-0000-0000-0000-000000000000,2025-11-20 09:01:54,2025-11-20 09:01:54
29436ed2-29a4-4550-b251-787afb572c4c,delivery,completed,DLV-20260314-0441,14ada3cd-8ad9-4d85-8cae-c1a5cbfdefbe,,00000000-0000-0000-0000-000000000000,2025-12-16 09:01:54,2025-12-16 09:01:54
11c33c15-faba-4d8a-a89d-42d1ec1a2939,delivery,draft,DLV-20260314-0442,2a78e708-44bd-4c6f-bb79-a613f28466fc,,00000000-0000-0000-0000-000000000000,2026-01-17 09:01:54,2026-01-17 09:01:54
8f51555b-a898-4e01-84f5-c07a40475751,delivery,confirmed,DLV-20260314-0443,8914bd95-32a7-4ebe-98ec-a2c69213f31f,,00000000-0000-0000-0000-000000000000,2025-09-10 09:01:54,2025-09-10 09:01:54
4c370460-a224-4ad3-9817-f1875f82f961,adjustment,confirmed,ADJ-20260314-0231,20c28982-3ba1-4fb6-99c7-7e60d030f27c,,00000000-0000-0000-0000-000000000000,2026-02-12 09:01:54,2026-02-12 09:01:54
6523c55a-08de-4441-af03-ad14012a3795,delivery,completed,DLV-20260314-0444,178114eb-5b53-4a5b-a043-5036fb0f7373,,00000000-0000-0000-0000-000000000000,2026-02-03 09:01:54,2026-02-03 09:01:54
876e5741-626f-489f-85d1-55c82a7b9874,adjustment,draft,ADJ-20260314-0232,100cea3a-55fb-4579-b079-a0d60a3b0faa,,00000000-0000-0000-0000-000000000000,2025-06-07 09:01:54,2025-06-07 09:01:54
92b37094-5150-4e68-a4d7-8e7b4f7257be,delivery,completed,DLV-20260314-0445,629cd058-a376-4fe7-8648-23be038079f9,,00000000-0000-0000-0000-000000000000,2025-03-27 09:01:54,2025-03-27 09:01:54
e1b64c4a-ee62-4b8c-82bb-e125ab3d274e,receipt,completed,RCP-20260314-0416,,2fb3a220-7d3a-490c-a99d-cd018eede76d,00000000-0000-0000-0000-000000000000,2025-11-13 09:01:54,2025-11-13 09:01:54
a77bf5b8-4678-4ac0-816f-a9274faf78c8,receipt,completed,RCP-20260314-0417,,dba70a8a-e9a5-434f-b4b8-f4f8895ed789,00000000-0000-0000-0000-000000000000,2026-03-05 09:01:54,2026-03-05 09:01:54
1919a1f4-bfc9-48e3-a0fc-6be519d3f1ff,delivery,completed,DLV-20260314-0446,394cc068-a3a9-4798-bdae-fc8611f967f2,,00000000-0000-0000-0000-000000000000,2025-05-15 09:01:54,2025-05-15 09:01:54
aee75028-b092-4b1b-95ac-dbffcb0517de,transfer,completed,TRF-20260314-0337,36322eca-811a-4362-9c63-b6a5d9a3ab16,8135342b-796e-4e88-b8e2-34d891599dcf,00000000-0000-0000-0000-000000000000,2025-10-14 09:01:54,2025-10-14 09:01:54
11c46835-4491-4014-a56e-e6021acf97f4,delivery,confirmed,DLV-20260314-0447,1f06b225-b86f-4b28-84d5-7e62d69a0e7f,,00000000-0000-0000-0000-000000000000,2026-01-27 09:01:54,2026-01-27 09:01:54
8274ac6b-5064-4289-9b54-f2c6fbc338ab,adjustment,draft,ADJ-20260314-0233,1277180d-1ec2-4d42-885d-520975a6d5bd,,00000000-0000-0000-0000-000000000000,2025-05-11 09:01:54,2025-05-11 09:01:54
79489248-148f-4b60-892c-1e72887e171d,adjustment,draft,ADJ-20260314-0234,ef1982bb-99f2-4f37-b682-e7f07b984fff,,00000000-0000-0000-0000-000000000000,2025-07-12 09:01:54,2025-07-12 09:01:54
ca7b53ec-16dc-4b6c-91c1-f49e1a854e64,delivery,completed,DLV-20260314-0448,f474e0c5-eeb8-4804-818f-700977459335,,00000000-0000-0000-0000-000000000000,2025-12-29 09:01:54,2025-12-29 09:01:54
36dcb90a-45e9-4e4e-9d5f-18454d6383f3,delivery,draft,DLV-20260314-0449,79793fd8-f022-4405-aa84-2ef3984e750c,,00000000-0000-0000-0000-000000000000,2025-04-20 09:01:54,2025-04-20 09:01:54
31a75823-83ba-4665-8945-79d6648336cf,delivery,completed,DLV-20260314-0450,b3061431-e0b2-498f-bef6-8ee1a52a6d43,,00000000-0000-0000-0000-000000000000,2025-12-26 09:01:54,2025-12-26 09:01:54
60b292cd-e078-4480-9969-78cd96771ea5,delivery,draft,DLV-20260314-0451,25a42619-2594-4fc5-baf4-1043740b1037,,00000000-0000-0000-0000-000000000000,2025-12-28 09:01:54,2025-12-28 09:01:54
60c99958-9881-41a5-8173-5df2b54d72d8,transfer,completed,TRF-20260314-0338,dc3dbe3c-c2ab-431e-8eb3-8f3b2feef3bf,8948a14b-c825-48cf-967d-51ca6ce97a81,00000000-0000-0000-0000-000000000000,2025-11-01 09:01:54,2025-11-01 09:01:54
f12537e5-44a4-4afc-aa9c-a96505dc601b,adjustment,completed,ADJ-20260314-0235,a597cef2-db27-4c3a-b7dc-41871072812f,,00000000-0000-0000-0000-000000000000,2025-03-21 09:01:54,2025-03-21 09:01:54
0b145cb8-dae3-4832-8bb7-701fe50c0df7,adjustment,completed,ADJ-20260314-0236,45527982-1536-42cf-8a5a-0b644b2e2887,,00000000-0000-0000-0000-000000000000,2025-11-19 09:01:54,2025-11-19 09:01:54
d2b8bb1c-8ad0-4089-a26b-37314d697ba5,transfer,completed,TRF-20260314-0339,3f308441-2a33-46af-ab7f-bd324506fcd3,25a2ee16-5eb2-4e18-aedd-fe2b00752d9e,00000000-0000-0000-0000-000000000000,2025-12-12 09:01:54,2025-12-12 09:01:54
1bb22480-65f1-4184-83cd-4acc9d40fef7,transfer,completed,TRF-20260314-0340,b9cea03f-d6f8-453d-a078-5cc274863ed5,6f269458-67eb-4765-833d-89f27038a98d,00000000-0000-0000-0000-000000000000,2025-07-15 09:01:54,2025-07-15 09:01:54
a4387077-2347-48f5-8774-683ac833d3b1,transfer,completed,TRF-20260314-0341,9f16317b-8e1b-4573-bdd2-8bc8efeb4284,d6d3708c-ae7f-4e5d-b0ff-1d9d273dfbe0,00000000-0000-0000-0000-000000000000,2025-11-11 09:01:54,2025-11-11 09:01:54
40731072-d076-4bd9-9571-0cd86996c449,delivery,draft,DLV-20260314-0452,ee1d5f69-7baa-43d5-9394-f0315765d0b5,,00000000-0000-0000-0000-000000000000,2025-09-03 09:01:54,2025-09-03 09:01:54
8597770f-c9c4-48f0-a7fa-237433b8fd2d,delivery,confirmed,DLV-20260314-0453,cf739b2d-99cc-4ca6-b6f0-a37ad60eb7ba,,00000000-0000-0000-0000-000000000000,2025-07-28 09:01:54,2025-07-28 09:01:54
e33c1df0-3835-43d5-8239-e26d30fb39f6,receipt,completed,RCP-20260314-0418,,73b84fa9-8081-4972-8695-a56e58a740b7,00000000-0000-0000-0000-000000000000,2025-08-12 09:01:54,2025-08-12 09:01:54
8ef59733-bd42-4bb2-9633-9d76709a0b71,adjustment,completed,ADJ-20260314-0237,00278dd2-e1bf-4502-afdc-343a1159db4a,,00000000-0000-0000-0000-000000000000,2025-04-30 09:01:54,2025-04-30 09:01:54
a4aae5be-06cf-46ad-8aa8-c1495e565792,transfer,completed,TRF-20260314-0342,e40d0d37-5239-44a7-85e1-a0fffed3d616,36322eca-811a-4362-9c63-b6a5d9a3ab16,00000000-0000-0000-0000-000000000000,2025-10-12 09:01:54,2025-10-12 09:01:54
76a46170-173f-4055-a1da-45859cc8e20a,transfer,completed,TRF-20260314-0343,3fc8d96e-a39f-452b-a04b-1de3e997af00,59ebc521-79e6-4cd3-802f-040a889592e0,00000000-0000-0000-0000-000000000000,2026-01-02 09:01:54,2026-01-02 09:01:54
a96a6655-c6eb-4dca-a82b-f02c16e39eec,delivery,confirmed,DLV-20260314-0454,5675d51c-06f5-4912-85af-cb76a8e0ba22,,00000000-0000-0000-0000-000000000000,2025-11-20 09:01:54,2025-11-20 09:01:54
2d427f35-9643-42c3-9c83-3bf3946364fd,transfer,completed,TRF-20260314-0344,fc76839c-8091-4cd9-a0b9-672d651c85c9,1779a508-8ba8-4fee-8f06-d4d9b7254a73,00000000-0000-0000-0000-000000000000,2025-08-20 09:01:54,2025-08-20 09:01:54
78eae404-77b8-49f7-ae9d-ec82a37f79c8,delivery,draft,DLV-20260314-0455,2c54d8d9-ff33-4805-bfbe-7a1e9d8f6ecb,,00000000-0000-0000-0000-000000000000,2025-12-21 09:01:54,2025-12-21 09:01:54
4a67507c-5d7e-4e1b-a09d-11659324ade0,delivery,completed,DLV-20260314-0456,17b95dfb-e038-45f0-a442-13264f5c3612,,00000000-0000-0000-0000-000000000000,2025-05-15 09:01:54,2025-05-15 09:01:54
dd182ccd-7366-4543-9515-9f183e491b80,receipt,completed,RCP-20260314-0419,,9a3278b7-a4ee-4ffc-82c0-82022573ee65,00000000-0000-0000-0000-000000000000,2025-08-02 09:01:54,2025-08-02 09:01:54
a1c8bafe-729f-4eec-bb1a-4a2737f513df,transfer,completed,TRF-20260314-0345,bb73ab4e-53f8-42cc-a92f-03fe83c0465c,c8be1539-c28c-4e0e-a669-2d11b739d903,00000000-0000-0000-0000-000000000000,2025-07-30 09:01:54,2025-07-30 09:01:54
806c8ff1-3e29-49ae-b007-b5b6be252f47,delivery,completed,DLV-20260314-0457,7ac66f76-46ba-4237-8d99-63b87f6e2e51,,00000000-0000-0000-0000-000000000000,2025-06-14 09:01:54,2025-06-14 09:01:54
11a8061f-ea70-4d24-813b-ddb2d4a190b3,delivery,completed,DLV-20260314-0458,7961ea36-e5fa-42fc-a4a7-1e027e8424d1,,00000000-0000-0000-0000-000000000000,2025-04-24 09:01:54,2025-04-24 09:01:54
bd8a8919-d037-44b5-b235-1ca96f93f279,adjustment,completed,ADJ-20260314-0238,77cb1870-5a0f-4056-9c73-e66f6363f869,,00000000-0000-0000-0000-000000000000,2025-07-21 09:01:54,2025-07-21 09:01:54
9350ccef-96e0-44f0-9bc6-a4f2ccdc2a4c,adjustment,completed,ADJ-20260314-0239,e395e18d-3130-44b3-beec-51da4e315c2e,,00000000-0000-0000-0000-000000000000,2025-09-27 09:01:54,2025-09-27 09:01:54
0765a87d-2452-455d-8aad-4619e6bc50a4,delivery,draft,DLV-20260314-0459,31c71054-076a-428d-abd0-1ae0026b225c,,00000000-0000-0000-0000-000000000000,2025-06-09 09:01:54,2025-06-09 09:01:54
f47b6b38-be7d-4b92-8fdf-98555560370c,transfer,completed,TRF-20260314-0346,d89e2ccf-21ce-43a3-9ed9-a65622af5731,df79138a-8997-4e71-adb6-5d1c1b1829af,00000000-0000-0000-0000-000000000000,2025-10-24 09:01:54,2025-10-24 09:01:54
38d488c8-16ab-45b1-82ca-3afe31e13d11,delivery,draft,DLV-20260314-0460,a22c0915-b655-4489-be4e-797c548c1ccc,,00000000-0000-0000-0000-000000000000,2025-05-12 09:01:54,2025-05-12 09:01:54
73a39388-2b16-4a7e-8427-5e64b9719d8f,delivery,confirmed,DLV-20260314-0461,1a589eb1-e6c1-4b4a-bc34-b2ab43772469,,00000000-0000-0000-0000-000000000000,2025-11-01 09:01:54,2025-11-01 09:01:54
1af903cd-85f8-43c0-b5f1-d69f6c1f8c1e,delivery,draft,DLV-20260314-0462,eb89a62e-bc55-4f1d-893b-91028881d150,,00000000-0000-0000-0000-000000000000,2025-05-12 09:01:54,2025-05-12 09:01:54
dbcc04c7-d34e-455e-91fd-33eb5d38b5ea,receipt,draft,RCP-20260314-0420,,a260f9fb-8cef-42b4-97f7-7b21835b2845,00000000-0000-0000-0000-000000000000,2025-08-20 09:01:54,2025-08-20 09:01:54
ff81d45d-8f8e-4eb8-a819-0bf5acf0f702,delivery,completed,DLV-20260314-0463,7ff0575e-a02d-4d57-a22e-050443622cd9,,00000000-0000-0000-0000-000000000000,2026-01-10 09:01:54,2026-01-10 09:01:54
39900ee5-72ed-402c-92d8-965a9bb2ac92,transfer,draft,TRF-20260314-0347,3c7f246a-4d2d-430d-817a-54de86cda1fa,e9f0da55-63ff-4434-ba4c-a0c7ef1efd2d,00000000-0000-0000-0000-000000000000,2025-06-11 09:01:54,2025-06-11 09:01:54
63cc5c10-b735-4c9c-967f-da908357197a,adjustment,confirmed,ADJ-20260314-0240,0d0e5979-d70a-41ac-b28b-4a0d9297244f,,00000000-0000-0000-0000-000000000000,2025-11-29 09:01:54,2025-11-29 09:01:54
da89e528-0fc8-424c-8685-e7d1a6238fde,transfer,completed,TRF-20260314-0348,b3ecfdf5-6ae9-42c8-99b4-bd6b93f43ee6,96841a40-7aa9-4361-a22e-3e2e96b812de,00000000-0000-0000-0000-000000000000,2025-12-21 09:01:54,2025-12-21 09:01:54
d3d0ca94-c0a8-445b-b4d3-240ad57514e6,delivery,completed,DLV-20260314-0464,d1538a27-8751-4268-b00e-2bcc379ccffe,,00000000-0000-0000-0000-000000000000,2025-08-29 09:01:54,2025-08-29 09:01:54
8cf9863f-7695-4610-9da4-0da1a43cf0f1,transfer,completed,TRF-20260314-0349,79d9b135-5a04-4f2a-b11d-524c1390ec30,fca03b58-9d76-40ed-8299-752c7788aa5f,00000000-0000-0000-0000-000000000000,2025-05-11 09:01:54,2025-05-11 09:01:54
b8e12745-a9a7-41df-b583-391cbc5ac2d2,delivery,confirmed,DLV-20260314-0465,a391d916-fa87-4e43-b511-53398724528e,,00000000-0000-0000-0000-000000000000,2025-11-26 09:01:54,2025-11-26 09:01:54
aff8ee09-4dbc-4695-8141-54cc05fc4ab3,adjustment,draft,ADJ-20260314-0241,0942ad46-b8c7-4c38-ae6b-1dfca4ee6d89,,00000000-0000-0000-0000-000000000000,2026-02-24 09:01:54,2026-02-24 09:01:54
bf1aa03a-e955-4474-b7d3-fcc4aaf81360,receipt,completed,RCP-20260314-0421,,c0f265ce-f135-4429-a89a-a0b825ab0e79,00000000-0000-0000-0000-000000000000,2026-01-17 09:01:54,2026-01-17 09:01:54
44802763-fb5f-435a-9457-6ac13cf7da15,transfer,completed,TRF-20260314-0350,9a85b3b1-40f2-486f-a3e0-9600b1bc7fcf,72e403ab-ccbd-4e1d-9947-0c3cc33bd473,00000000-0000-0000-0000-000000000000,2026-01-17 09:01:54,2026-01-17 09:01:54
52252166-fe8b-4c68-9a05-cbec3a06ed18,transfer,draft,TRF-20260314-0351,bf39731d-0cde-4989-a77d-5bcaa95671c6,8cf2fc67-94d8-48bc-bafa-c9b766415880,00000000-0000-0000-0000-000000000000,2025-05-02 09:01:54,2025-05-02 09:01:54
cf8409f6-6c54-4d9d-b9ee-261b29a60206,receipt,draft,RCP-20260314-0422,,ffcb3e6d-8f2b-4799-9c29-85f1502f497b,00000000-0000-0000-0000-000000000000,2026-02-19 09:01:54,2026-02-19 09:01:54
1116fad5-1842-4b29-9b4b-08b7e00062f9,transfer,draft,TRF-20260314-0352,cdffaf3b-7084-41e0-b010-b2e0939311e3,0d6336b0-67c7-48c9-a960-0afe8ad993f8,00000000-0000-0000-0000-000000000000,2025-03-17 09:01:54,2025-03-17 09:01:54
47713653-6c87-4cef-8b4f-0bd271ca276e,transfer,completed,TRF-20260314-0353,5380cb5c-1790-4d06-a0b7-35e0d447bed1,60b0e90d-2c88-474f-b76b-628790f73979,00000000-0000-0000-0000-000000000000,2025-07-26 09:01:54,2025-07-26 09:01:54
c0c75dcf-fe14-4f76-b544-e8761d2a8432,adjustment,draft,ADJ-20260314-0242,032737ba-10fc-4e6b-8066-6b30ead54239,,00000000-0000-0000-0000-000000000000,2025-12-14 09:01:54,2025-12-14 09:01:54
aa21b024-21db-4b97-a04a-ff4b4f3f1f69,adjustment,completed,ADJ-20260314-0243,a97005ea-82ce-4513-90c0-260bc453865f,,00000000-0000-0000-0000-000000000000,2025-10-20 09:01:54,2025-10-20 09:01:54
aeb1bf59-0c61-4618-91c2-cb66ee0405eb,delivery,draft,DLV-20260314-0466,ba3cfac4-6945-4def-814f-6cb43ed9937d,,00000000-0000-0000-0000-000000000000,2025-06-08 09:01:54,2025-06-08 09:01:54
92d7264c-880c-4c37-b5e0-d1520a2f3f4a,receipt,draft,RCP-20260314-0423,,57a1aa30-d2e8-44a5-ab20-d64cb73d3efa,00000000-0000-0000-0000-000000000000,2025-08-22 09:01:54,2025-08-22 09:01:54
1ea77310-024c-4b48-89ed-6a35c4d70e2d,receipt,completed,RCP-20260314-0424,,cbf47f93-fc93-4a91-8bec-2a5db74eccb5,00000000-0000-0000-0000-000000000000,2025-10-05 09:01:54,2025-10-05 09:01:54
11731839-b03e-4c7c-b9c0-9103827497a7,transfer,draft,TRF-20260314-0354,7337f3a3-4409-4320-827b-c371c65c1610,76a2584d-e30a-4e99-9bfa-e67b1663dcaa,00000000-0000-0000-0000-000000000000,2026-02-25 09:01:54,2026-02-25 09:01:54
a7256986-49ea-4a79-b938-d062cf4e6be3,receipt,confirmed,RCP-20260314-0425,,3e932942-704d-404b-8010-cc608469bafa,00000000-0000-0000-0000-000000000000,2025-07-31 09:01:54,2025-07-31 09:01:54
7912b792-ca5b-4e05-bd29-daa0b57a56d3,adjustment,completed,ADJ-20260314-0244,b3ecfdf5-6ae9-42c8-99b4-bd6b93f43ee6,,00000000-0000-0000-0000-000000000000,2025-06-20 09:01:54,2025-06-20 09:01:54
8856fd9c-94a4-47bb-a91d-564ee00aecaa,transfer,completed,TRF-20260314-0355,bec6e4f1-a9e7-4a90-af99-b447b15599bd,7f9ace47-96c7-49df-b85e-e0c742851908,00000000-0000-0000-0000-000000000000,2026-03-10 09:01:54,2026-03-10 09:01:54
1407258c-7576-4151-96d6-00af2f4f686d,delivery,completed,DLV-20260314-0467,fcb325b1-fbdc-4edc-b554-b30887718a86,,00000000-0000-0000-0000-000000000000,2026-02-01 09:01:54,2026-02-01 09:01:54
c3d24fb8-7c11-4fba-a8db-1c087c2d20ee,adjustment,completed,ADJ-20260314-0245,1a140615-c039-4b9e-adc0-9a83e5dbd678,,00000000-0000-0000-0000-000000000000,2025-11-15 09:01:54,2025-11-15 09:01:54
95d6379e-947e-45a8-ae80-0aea37f77966,receipt,completed,RCP-20260314-0426,,fb608c45-9982-4ecd-98fd-c1d270720989,00000000-0000-0000-0000-000000000000,2025-04-11 09:01:54,2025-04-11 09:01:54
ffda6834-fab2-4405-b29f-769de57ff073,transfer,draft,TRF-20260314-0356,a01bf5fd-fc55-47aa-9bb0-fc6017e1f474,f8bce906-9da7-425a-b320-6c3e9521bd6d,00000000-0000-0000-0000-000000000000,2026-01-05 09:01:54,2026-01-05 09:01:54
6fe59dec-060d-4a67-9704-b85d611ea0e3,receipt,completed,RCP-20260314-0427,,7415bb56-ae3e-4d4a-a94f-a85542111160,00000000-0000-0000-0000-000000000000,2025-12-04 09:01:54,2025-12-04 09:01:54
44d9cf4a-b547-4b1a-944a-599cd7f26443,receipt,completed,RCP-20260314-0428,,9fa963e5-a120-4a50-a456-fb992a25bba7,00000000-0000-0000-0000-000000000000,2025-04-03 09:01:54,2025-04-03 09:01:54
a8d799f9-ae95-4db7-a2de-1876ef77f7a6,receipt,completed,RCP-20260314-0429,,e280715b-ee04-4601-8bcf-f9022ac22450,00000000-0000-0000-0000-000000000000,2025-10-06 09:01:54,2025-10-06 09:01:54
67b6bf30-e68d-4505-bff7-e729d4a939ff,delivery,completed,DLV-20260314-0468,69638249-c88f-49e5-a46e-e96c77a6fee1,,00000000-0000-0000-0000-000000000000,2025-05-11 09:01:54,2025-05-11 09:01:54
fd1da336-eee6-41b9-a93d-6c47ee7e9264,adjustment,completed,ADJ-20260314-0246,e564afae-b581-493e-a95c-ac8c30ceadd1,,00000000-0000-0000-0000-000000000000,2026-01-24 09:01:54,2026-01-24 09:01:54
8043dbfb-6e75-4a2b-bb70-957da5ece41f,receipt,draft,RCP-20260314-0430,,2f07e8e1-4560-483f-94c7-7b60e75949b3,00000000-0000-0000-0000-000000000000,2026-02-15 09:01:54,2026-02-15 09:01:54
c086ce54-a1b5-47a5-820e-b74316d9b963,transfer,completed,TRF-20260314-0357,2ec118c0-ea96-462a-ab3b-4aa9c414d330,4f08a1d4-caa0-4941-9bf1-f0d661e9ba90,00000000-0000-0000-0000-000000000000,2025-11-21 09:01:54,2025-11-21 09:01:54
56c2ccbd-8276-4ba3-b7a9-b531394ce69f,delivery,completed,DLV-20260314-0469,fa82835c-813e-4569-b522-c0770433179d,,00000000-0000-0000-0000-000000000000,2025-04-25 09:01:54,2025-04-25 09:01:54
b0dba93a-493d-442d-b323-903caccd8e37,transfer,draft,TRF-20260314-0358,eadaa2d6-7d83-48ef-9ba9-6053a9c2285d,08637440-e63a-4bd1-a8f6-8ed2861c14ab,00000000-0000-0000-0000-000000000000,2025-08-23 09:01:54,2025-08-23 09:01:54
4bbf5f9c-fef1-4f8f-a324-1de9eb1b818b,adjustment,completed,ADJ-20260314-0247,671fa881-0f0f-4807-ab9d-b43660b88774,,00000000-0000-0000-0000-000000000000,2025-06-15 09:01:54,2025-06-15 09:01:54
1f537129-3558-480a-b8b4-d0a4136f8595,adjustment,completed,ADJ-20260314-0248,9dbc0d05-88b2-4b88-ac07-9b9b820f24f0,,00000000-0000-0000-0000-000000000000,2025-06-26 09:01:54,2025-06-26 09:01:54
b57d2b9c-f52d-4ff8-b7b2-ae869874424b,transfer,confirmed,TRF-20260314-0359,f36aa899-4fa3-4559-81a5-33309ebfd33e,32e59507-1591-4d96-8d78-1176bfef0a6b,00000000-0000-0000-0000-000000000000,2025-12-27 09:01:54,2025-12-27 09:01:54
31c1b0e6-1526-4f1b-ac7c-b1f145c4a780,receipt,draft,RCP-20260314-0431,,7da5f72c-3abe-4a47-b67a-73d18d9dc657,00000000-0000-0000-0000-000000000000,2025-08-13 09:01:54,2025-08-13 09:01:54
5d96d3e6-8987-4f8f-ab21-d7cb07ce0e85,adjustment,completed,ADJ-20260314-0249,9f8c9996-0ef1-4709-84c9-95be06e3e375,,00000000-0000-0000-0000-000000000000,2025-03-22 09:01:54,2025-03-22 09:01:54
745c45d0-78ab-46e3-9178-32b921da648c,delivery,completed,DLV-20260314-0470,75ad1ff2-9a7b-4c6a-b9df-d0acb47217a3,,00000000-0000-0000-0000-000000000000,2026-02-06 09:01:54,2026-02-06 09:01:54
fc9a2b7c-ab80-4593-971e-c278b34df4ab,delivery,completed,DLV-20260314-0471,44d1e9c5-e0cc-4629-93e5-e337c72325c9,,00000000-0000-0000-0000-000000000000,2025-07-10 09:01:54,2025-07-10 09:01:54
2ca4f66e-a3f2-4195-ba9d-61d7fc9dd125,transfer,draft,TRF-20260314-0360,5aeda019-fce4-4986-a496-5055c57e1503,5210e3ed-5166-46a8-8125-a7d06fedc102,00000000-0000-0000-0000-000000000000,2025-09-04 09:01:54,2025-09-04 09:01:54
190687b4-a451-4081-a124-6a2a3c1e17b4,adjustment,completed,ADJ-20260314-0250,da6496b7-3d4d-41f5-ba9c-3c8579de1a0c,,00000000-0000-0000-0000-000000000000,2025-07-28 09:01:54,2025-07-28 09:01:54
f7c22ac8-24b3-4740-841d-34ca68c0d215,transfer,draft,TRF-20260314-0361,fe0644d5-fc62-4b82-9f79-fd698e28e34a,d2a18107-10ec-4879-9a6b-19356072dccc,00000000-0000-0000-0000-000000000000,2025-10-27 09:01:54,2025-10-27 09:01:54
40688100-f670-47fa-a9b4-89277291a90f,adjustment,completed,ADJ-20260314-0251,a43e70f5-db94-4eca-ad62-51262f0b7790,,00000000-0000-0000-0000-000000000000,2025-06-28 09:01:54,2025-06-28 09:01:54
82333c61-aaf3-4586-91e8-f91b920749d7,receipt,completed,RCP-20260314-0432,,2270d8fa-10bc-4479-98ed-1c83db65bc2e,00000000-0000-0000-0000-000000000000,2025-07-19 09:01:54,2025-07-19 09:01:54
9f544c0b-ffde-49c8-9ac2-3596092985e3,delivery,completed,DLV-20260314-0472,a8400d80-d0a7-4ed4-913f-4303fc710aa2,,00000000-0000-0000-0000-000000000000,2025-10-20 09:01:54,2025-10-20 09:01:54
8ae7792a-ee72-4126-9933-9a6cb44f63fe,delivery,confirmed,DLV-20260314-0473,afb383fe-39c8-436b-8070-226c741b64e9,,00000000-0000-0000-0000-000000000000,2025-04-20 09:01:54,2025-04-20 09:01:54
c4a24b7b-f2a2-408b-8fff-574ead713aaa,transfer,completed,TRF-20260314-0362,190e2d84-506e-4204-8e4e-9980bc69a6f7,d01410ae-07e5-4096-8902-d7c087e72d30,00000000-0000-0000-0000-000000000000,2025-04-28 09:01:54,2025-04-28 09:01:54
e2db5b00-ea28-45c7-8b6c-75edc6c07bbc,receipt,draft,RCP-20260314-0433,,12df85dd-13c8-4be0-bee7-d11c354e6d5d,00000000-0000-0000-0000-000000000000,2025-10-10 09:01:54,2025-10-10 09:01:54
7ad829c5-5792-43c3-9cdc-3850595ac7f5,delivery,completed,DLV-20260314-0474,96841a40-7aa9-4361-a22e-3e2e96b812de,,00000000-0000-0000-0000-000000000000,2025-05-21 09:01:54,2025-05-21 09:01:54
edbb5307-66a0-406e-9580-32013a0bfda0,receipt,confirmed,RCP-20260314-0434,,4f15eb3a-a1ea-426e-9bdf-05e5b0b1457e,00000000-0000-0000-0000-000000000000,2025-04-01 09:01:54,2025-04-01 09:01:54
61d0d4a6-1d40-4590-8991-c7265974ab6c,receipt,completed,RCP-20260314-0435,,981287ac-2197-4dde-84b0-38f2b707eb6a,00000000-0000-0000-0000-000000000000,2026-01-04 09:01:54,2026-01-04 09:01:54
64503ed9-baa3-4d94-8236-452d083863fb,transfer,completed,TRF-20260314-0363,a6127835-b5b7-43c5-bdc6-1dd37b5a41bd,c976fb94-f6a4-4943-9450-b34a019e7885,00000000-0000-0000-0000-000000000000,2026-03-09 09:01:54,2026-03-09 09:01:54
864d30b8-935d-4302-a463-d794bb4a42d8,transfer,confirmed,TRF-20260314-0364,a577179b-8d53-431b-9336-689c61fd3fee,9f592c65-1009-47ca-b22c-42b412aeb657,00000000-0000-0000-0000-000000000000,2025-03-15 09:01:54,2025-03-15 09:01:54
ccc2ad14-0df5-4740-8f2e-bd65594111ea,receipt,completed,RCP-20260314-0436,,66a6f57d-d1f2-4cae-8b7e-2fd31bbd4c7b,00000000-0000-0000-0000-000000000000,2026-01-27 09:01:54,2026-01-27 09:01:54
2ce84824-e241-4cf4-b89d-35b7b74360fb,transfer,completed,TRF-20260314-0365,35b674fc-aaa6-4b99-b40c-99c2888c5223,2aa64f2a-a822-45cc-8674-b41f9d8e8540,00000000-0000-0000-0000-000000000000,2025-06-03 09:01:54,2025-06-03 09:01:54
d2f954bf-507a-4289-b183-2810e91d247d,delivery,draft,DLV-20260314-0475,bec6e4f1-a9e7-4a90-af99-b447b15599bd,,00000000-0000-0000-0000-000000000000,2025-11-06 09:01:54,2025-11-06 09:01:54
a6b4b498-3c0a-4b70-b91c-a422fb1e9784,adjustment,draft,ADJ-20260314-0252,b8c8a5c3-5089-4083-8af6-d32a04f1c88f,,00000000-0000-0000-0000-000000000000,2025-08-22 09:01:54,2025-08-22 09:01:54
59d56ef3-e89e-4447-861d-52377bef4d6a,receipt,completed,RCP-20260314-0437,,fc20c41b-c5bc-4f86-a952-540d6ae8a347,00000000-0000-0000-0000-000000000000,2025-06-22 09:01:54,2025-06-22 09:01:54
44b504ed-4c62-4765-a45c-04ce88fc56a8,adjustment,completed,ADJ-20260314-0253,0dd26a3d-befe-4db1-9341-8cbe210f06a4,,00000000-0000-0000-0000-000000000000,2025-10-21 09:01:54,2025-10-21 09:01:54
60364408-8d6f-467b-946b-5cb5eec2ae16,transfer,draft,TRF-20260314-0366,473d3db6-f4d4-47c2-af3a-d837e3391f4f,072bd1ed-e747-497d-acd0-981ebf3e8d9f,00000000-0000-0000-0000-000000000000,2025-09-28 09:01:54,2025-09-28 09:01:54
df088583-46b6-480c-b78e-84efdf6196b3,transfer,completed,TRF-20260314-0367,db7b0359-3d67-44c5-af73-66ba3fcba300,91418d79-01e2-453f-a2ae-45b03657be3e,00000000-0000-0000-0000-000000000000,2025-07-08 09:01:54,2025-07-08 09:01:54
a3f8e83b-1467-42bd-aa79-bf572bbb36f1,transfer,draft,TRF-20260314-0368,9c61c0bb-a702-40ee-be3d-f3b1d571a6cb,513866d3-ff42-4e7a-b865-c2c91d0bf074,00000000-0000-0000-0000-000000000000,2025-09-17 09:01:54,2025-09-17 09:01:54
5b9ed259-8b41-4f3f-8e86-56688d447df7,receipt,completed,RCP-20260314-0438,,59db5370-9c42-4169-9791-22f66e08a3d8,00000000-0000-0000-0000-000000000000,2025-09-05 09:01:54,2025-09-05 09:01:54
01388def-7bf7-419f-9432-0497d729d48f,adjustment,completed,ADJ-20260314-0254,342b54ce-d77d-404f-b45c-948929f79119,,00000000-0000-0000-0000-000000000000,2025-10-30 09:01:54,2025-10-30 09:01:54
83225fd2-98e3-4df2-bd25-0d2294ee3650,transfer,draft,TRF-20260314-0369,69f2656d-85b5-4370-990f-c0d70717df30,7e097556-0b87-49b4-b006-9aeb6cf43823,00000000-0000-0000-0000-000000000000,2025-03-20 09:01:54,2025-03-20 09:01:54
7bbc84a4-0bcf-45c5-a7af-7abc7ebf9ad5,delivery,completed,DLV-20260314-0476,208cb8dc-3654-48ab-a186-dafa03b2075f,,00000000-0000-0000-0000-000000000000,2026-03-02 09:01:54,2026-03-02 09:01:54
63503a56-a28e-4565-9482-b9e08eb54b16,transfer,completed,TRF-20260314-0370,2361d151-494b-4094-ab20-6b0ba692e698,bcf745b8-7123-497a-bc43-c1341bb4e792,00000000-0000-0000-0000-000000000000,2025-10-24 09:01:54,2025-10-24 09:01:54
d38f5920-2f0f-490f-a630-2754558d32b2,transfer,completed,TRF-20260314-0371,3edafeec-ac7f-429f-8d8b-9c8ac0992e8f,948db9b1-51d2-4047-b1b7-9017b517c57e,00000000-0000-0000-0000-000000000000,2026-02-02 09:01:54,2026-02-02 09:01:54
194415e7-cbc3-4303-90d0-bab7c703aa2c,delivery,completed,DLV-20260314-0477,7437211e-c342-4242-85f1-680d92b02a3f,,00000000-0000-0000-0000-000000000000,2026-02-09 09:01:54,2026-02-09 09:01:54
83f499e6-a7f9-442d-b915-df89a35b48e5,transfer,completed,TRF-20260314-0372,78522a2d-46b8-47b1-9714-01a8ff100dd0,d321f48d-1db3-46fd-a33d-d4f2360d6e0d,00000000-0000-0000-0000-000000000000,2026-01-17 09:01:54,2026-01-17 09:01:54
3472f529-6efe-4a13-81d8-55812c2f2e2c,adjustment,completed,ADJ-20260314-0255,2e88aba6-e42f-416c-83c5-40169d7f647b,,00000000-0000-0000-0000-000000000000,2025-06-24 09:01:54,2025-06-24 09:01:54
43a89719-5b5e-421f-9434-3396a5eb90a7,receipt,draft,RCP-20260314-0439,,45527982-1536-42cf-8a5a-0b644b2e2887,00000000-0000-0000-0000-000000000000,2025-09-05 09:01:54,2025-09-05 09:01:54
43130f63-46a6-43e9-b17f-9fe35be5e341,adjustment,completed,ADJ-20260314-0256,8b0be116-4fcb-42e0-ae18-dd74183c26fe,,00000000-0000-0000-0000-000000000000,2025-08-31 09:01:54,2025-08-31 09:01:54
203acac9-179d-4953-baeb-e3926cecd1d7,delivery,draft,DLV-20260314-0478,2814abf4-0680-4f4c-ab41-7397d750d6a1,,00000000-0000-0000-0000-000000000000,2025-05-19 09:01:54,2025-05-19 09:01:54
3229d9a4-6573-41b4-8c47-0bfe3d8c483e,receipt,completed,RCP-20260314-0440,,bf5b8333-a94f-45b4-9c36-01bc55de81eb,00000000-0000-0000-0000-000000000000,2025-08-06 09:01:54,2025-08-06 09:01:54
0f9928f1-7670-4c5c-b8e3-849e3f7c7291,transfer,draft,TRF-20260314-0373,724ec526-e115-49fe-a867-222e528583b2,5fcd3fde-abc6-4e8c-bc32-c77efb22bf8e,00000000-0000-0000-0000-000000000000,2025-12-23 09:01:54,2025-12-23 09:01:54
756222e2-d87b-40d4-b5cd-9e07cced558d,delivery,completed,DLV-20260314-0479,e247bb8e-63ad-4cb6-9a72-597fd94717e9,,00000000-0000-0000-0000-000000000000,2026-02-24 09:01:54,2026-02-24 09:01:54
b1c5916f-6a67-499f-a3ee-2370eb857994,receipt,completed,RCP-20260314-0441,,c0fac86d-70aa-43b0-84fe-5d0f2ac20a79,00000000-0000-0000-0000-000000000000,2025-11-27 09:01:54,2025-11-27 09:01:54
573660d3-0b80-453a-8afc-0810e4f3ced3,transfer,completed,TRF-20260314-0374,1c189664-62ae-4076-88bb-f428a00d82a5,4f4a083e-ca42-4d07-b47d-5b9c88a8b7ba,00000000-0000-0000-0000-000000000000,2025-08-26 09:01:54,2025-08-26 09:01:54
9f5b49f9-664b-4b0c-9eda-ea720bf1336c,adjustment,completed,ADJ-20260314-0257,649f569e-bba3-465e-801e-981d2cf747a5,,00000000-0000-0000-0000-000000000000,2026-02-17 09:01:54,2026-02-17 09:01:54
4befb23f-151e-4689-886d-f2022beff39b,receipt,completed,RCP-20260314-0442,,b199acfa-bf68-4474-8457-e79e2c107b4c,00000000-0000-0000-0000-000000000000,2026-01-05 09:01:54,2026-01-05 09:01:54
8c53bfdb-addf-482e-b835-55964bdcb41a,receipt,confirmed,RCP-20260314-0443,,81979c1e-c9a0-48ce-b770-efd446be7cac,00000000-0000-0000-0000-000000000000,2025-09-23 09:01:54,2025-09-23 09:01:54
915e8cd8-2cb0-4f04-a715-19bb3778eeee,delivery,completed,DLV-20260314-0480,8dee1d61-32c1-470b-a279-08a9538e11f5,,00000000-0000-0000-0000-000000000000,2025-05-25 09:01:54,2025-05-25 09:01:54
863a19df-f666-486e-802c-86e9a72913e1,transfer,completed,TRF-20260314-0375,7dab9647-cc4c-4e35-97d3-2198553f8051,f81c7cd7-6444-4210-94b5-cd596aafb0ab,00000000-0000-0000-0000-000000000000,2026-02-24 09:01:54,2026-02-24 09:01:54
adab07e7-7cc0-4426-b357-34345afa264e,transfer,draft,TRF-20260314-0376,6bd1b58e-7c5f-40fe-9244-2250206466ca,13a214cd-4bfc-42ea-88d7-d945461da0c6,00000000-0000-0000-0000-000000000000,2026-02-14 09:01:54,2026-02-14 09:01:54
445af1ed-e106-4bfe-9259-0a8d6a4c15d5,transfer,completed,TRF-20260314-0377,9265f13e-0d71-4c42-baa9-8071521ca039,5b3564d6-bc08-422d-a249-a0680d85b77d,00000000-0000-0000-0000-000000000000,2025-08-12 09:01:54,2025-08-12 09:01:54
e8de65d8-f4ae-41e8-aa66-53c0e4f41416,receipt,completed,RCP-20260314-0444,,d33b0a21-8c0f-43d1-a997-c7a49e44d5d1,00000000-0000-0000-0000-000000000000,2025-06-24 09:01:54,2025-06-24 09:01:54
c805c3aa-f2a8-4088-9787-46f5eac6632b,receipt,draft,RCP-20260314-0445,,f1a19474-61ba-45f9-94a5-2917f2a0a3b7,00000000-0000-0000-0000-000000000000,2026-01-29 09:01:54,2026-01-29 09:01:54
b886d707-2a1a-4f72-9737-14e6ef967b30,transfer,completed,TRF-20260314-0378,f41c38a2-0667-492e-92fb-6b4a8223af3e,c4e56d41-4344-4ec0-b7d8-4e9d1d8e00a6,00000000-0000-0000-0000-000000000000,2025-07-10 09:01:54,2025-07-10 09:01:54
0d32ac55-a542-4599-be6a-ade1ef878377,adjustment,completed,ADJ-20260314-0258,c5ab7af8-2636-4ce9-8c04-0dc57d95a16e,,00000000-0000-0000-0000-000000000000,2025-11-26 09:01:54,2025-11-26 09:01:54
1bc2b61e-c6a3-4ea7-99c3-a892c15665a9,transfer,confirmed,TRF-20260314-0379,b09b23f1-d6de-479a-a095-0224914d2c6d,175bfab5-8739-4cac-8c27-7c4aa3f1b6f0,00000000-0000-0000-0000-000000000000,2026-01-24 09:01:54,2026-01-24 09:01:54
a7e08e69-d416-4ec8-866d-af4e8152a554,transfer,draft,TRF-20260314-0380,3a144465-269d-4d87-b57c-ec1b5ebf989d,6c621ed4-66a9-44dc-99ba-0ae96a8e2d30,00000000-0000-0000-0000-000000000000,2025-10-06 09:01:54,2025-10-06 09:01:54
c41197d8-68ed-42da-9a2f-c275b732614f,adjustment,completed,ADJ-20260314-0259,888e744c-55cd-4ca2-9986-ccb88af5467a,,00000000-0000-0000-0000-000000000000,2026-03-10 09:01:54,2026-03-10 09:01:54
40270cb2-93d7-4848-a42b-fec281fc9b60,adjustment,completed,ADJ-20260314-0260,28247ed2-292f-421d-8159-c6674543bfbc,,00000000-0000-0000-0000-000000000000,2025-10-31 09:01:54,2025-10-31 09:01:54
4842a80a-5b31-4b01-b76e-bc73bd646db8,transfer,completed,TRF-20260314-0381,8afa42d1-71c2-4820-89eb-442eb0087d92,2c89a972-9e7c-4442-a61c-076edc33b7eb,00000000-0000-0000-0000-000000000000,2025-12-29 09:01:54,2025-12-29 09:01:54
37e89459-7f0c-45f3-9d17-f6e8f10e6ee5,receipt,draft,RCP-20260314-0446,,1646e481-e6b0-4062-b1eb-d270a52962a4,00000000-0000-0000-0000-000000000000,2025-11-22 09:01:54,2025-11-22 09:01:54
693e2a79-7b4c-4459-9048-019596fd0a09,receipt,draft,RCP-20260314-0447,,f8a8a456-7aa1-47e0-9272-65859940bbb6,00000000-0000-0000-0000-000000000000,2025-10-24 09:01:54,2025-10-24 09:01:54
3251babe-3266-4ef4-975c-5810a343ac21,delivery,confirmed,DLV-20260314-0481,18abe173-f104-4a67-9884-0ecef7c6cf14,,00000000-0000-0000-0000-000000000000,2025-09-04 09:01:54,2025-09-04 09:01:54
3709cbf2-f612-417e-b09e-d26c64cbe012,delivery,draft,DLV-20260314-0482,4e2154d3-c345-4307-8b26-0f41bf48f31f,,00000000-0000-0000-0000-000000000000,2025-12-14 09:01:54,2025-12-14 09:01:54
a7574176-465d-47b5-9107-836b10534c63,receipt,completed,RCP-20260314-0448,,c395ebce-8902-457f-9638-5610187c8e6b,00000000-0000-0000-0000-000000000000,2025-12-10 09:01:54,2025-12-10 09:01:54
1035b36e-c517-4d4e-93a6-ce0d760e93f9,receipt,confirmed,RCP-20260314-0449,,831f53b4-1db0-4959-afca-72c179a9e556,00000000-0000-0000-0000-000000000000,2025-09-07 09:01:54,2025-09-07 09:01:54
baea6a0f-764d-42e7-8a5d-13c55d941c91,transfer,draft,TRF-20260314-0382,edd1c3e1-fd0f-4c87-9e00-62ae8a4ce0ab,e27b9e9a-918f-4d50-9f62-55d110cd7388,00000000-0000-0000-0000-000000000000,2026-01-23 09:01:54,2026-01-23 09:01:54
c6fef054-061f-4461-b7fe-9c5ea4b4a8e5,transfer,completed,TRF-20260314-0383,7a60994d-0bdc-46e3-aafc-5607a1a5179b,f7a5bb1b-7008-421f-b64f-4c655c3e3d5b,00000000-0000-0000-0000-000000000000,2025-08-01 09:01:54,2025-08-01 09:01:54
b0ca5248-0e69-4dbb-a3d1-cc538dde7cd3,receipt,completed,RCP-20260314-0450,,c6db03bb-4d49-4531-aac1-e7d7d5e5c63c,00000000-0000-0000-0000-000000000000,2026-01-31 09:01:54,2026-01-31 09:01:54
2f8f1f6b-f2d8-40a3-a002-9765a779ae1c,transfer,draft,TRF-20260314-0384,16d3a37a-120b-4db4-a335-7c20c2b29abf,361a9bd5-8958-49da-ac41-ebf816c54c62,00000000-0000-0000-0000-000000000000,2025-12-22 09:01:54,2025-12-22 09:01:54
bb1082aa-d1a1-4323-a169-9c5a9a10b20b,receipt,draft,RCP-20260314-0451,,f8f86b9e-db85-4400-abca-6ebf7811b49a,00000000-0000-0000-0000-000000000000,2025-12-02 09:01:54,2025-12-02 09:01:54
4c6f93cd-c010-4e89-8b61-939303573cf0,transfer,completed,TRF-20260314-0385,0d7b143b-89f7-4b57-ac95-a28867fb3c2c,aa6a0f60-601c-45fd-bdcc-bda969e76bfc,00000000-0000-0000-0000-000000000000,2025-08-28 09:01:54,2025-08-28 09:01:54
67762aac-b283-4298-b4fd-52c8ffccd239,receipt,confirmed,RCP-20260314-0452,,9632287c-68ca-43f2-824e-5cb0d4c39087,00000000-0000-0000-0000-000000000000,2025-10-28 09:01:54,2025-10-28 09:01:54
4eebcc58-59d1-4b90-bf20-041c47b635ff,delivery,completed,DLV-20260314-0483,1df33b8f-3408-4225-9653-66a5ed9f9af7,,00000000-0000-0000-0000-000000000000,2025-07-07 09:01:54,2025-07-07 09:01:54
3fe75950-9020-4160-8a1c-fc0339730f9f,delivery,confirmed,DLV-20260314-0484,d6dad22e-e52f-416a-b250-3d69d3f6de1b,,00000000-0000-0000-0000-000000000000,2025-03-20 09:01:54,2025-03-20 09:01:54
5a4ebe6b-2d2f-4a30-9395-a96b7a7604ce,transfer,draft,TRF-20260314-0386,b27a4d03-04a3-4d5a-b1be-58d7324e99bd,92779d77-fe4d-455f-9489-d149aa0d38ce,00000000-0000-0000-0000-000000000000,2025-04-04 09:01:54,2025-04-04 09:01:54
fd30961e-35a0-4366-9387-99ba718922c4,transfer,completed,TRF-20260314-0387,45efbc55-72e8-4f79-b826-b15dc7f75cf8,be84867b-fb09-442e-810b-cc52b072cf29,00000000-0000-0000-0000-000000000000,2025-04-14 09:01:54,2025-04-14 09:01:54
4db7c75b-6d78-4136-af4f-b46bc3fa99ac,delivery,draft,DLV-20260314-0485,9a26c865-3fad-4fdd-b0e1-1e8d6b1e65d7,,00000000-0000-0000-0000-000000000000,2025-09-22 09:01:54,2025-09-22 09:01:54
e77f3428-9dcc-4659-8bc9-336042b92a50,transfer,draft,TRF-20260314-0388,f3bd9cde-07f9-42f3-beba-fca6f27136d8,0aa089b1-147b-41d5-9203-45ab7ee9b6c7,00000000-0000-0000-0000-000000000000,2025-07-31 09:01:54,2025-07-31 09:01:54
122809e5-de9a-4d85-9c5d-8e33079b94d0,transfer,completed,TRF-20260314-0389,f5fe32db-e4d6-4f85-9fbe-e1f84d178d1c,381c2c60-aee0-41be-988d-9a4d7600b6cc,00000000-0000-0000-0000-000000000000,2025-08-07 09:01:54,2025-08-07 09:01:54
28d79b08-dddd-4efb-9083-2c8a9e92b4b4,delivery,completed,DLV-20260314-0486,190e2d84-506e-4204-8e4e-9980bc69a6f7,,00000000-0000-0000-0000-000000000000,2025-07-06 09:01:54,2025-07-06 09:01:54
8f5868aa-7914-417a-b6b4-052b0ef627c2,receipt,completed,RCP-20260314-0453,,44254e63-ac99-45fd-b64b-40cef5c046c6,00000000-0000-0000-0000-000000000000,2025-10-21 09:01:54,2025-10-21 09:01:54
ce05cc9a-7ef9-44a3-b1db-47d3d10fffae,adjustment,completed,ADJ-20260314-0261,4c18d87f-5332-4c59-8539-84b90e371303,,00000000-0000-0000-0000-000000000000,2025-09-16 09:01:54,2025-09-16 09:01:54
cdf12598-1e0b-471d-b3e9-4e31168db5b4,transfer,completed,TRF-20260314-0390,1c300220-5a25-4151-b79d-67fe4c601c57,7fa23294-02a5-4d1f-9938-951b3f9d32a8,00000000-0000-0000-0000-000000000000,2026-02-26 09:01:54,2026-02-26 09:01:54
d991800c-1c05-4e1c-a7b6-6d3b072016cd,receipt,confirmed,RCP-20260314-0454,,7637cdce-6793-4eca-809d-cc9fca856e70,00000000-0000-0000-0000-000000000000,2025-05-13 09:01:54,2025-05-13 09:01:54
118ee945-2151-4aca-9b6e-413a0df408d5,receipt,completed,RCP-20260314-0455,,c887f33b-97f6-4cb0-a534-7b098e37abff,00000000-0000-0000-0000-000000000000,2025-06-01 09:01:54,2025-06-01 09:01:54
ed8ea31e-2440-4d9e-8aa2-b390e111d07d,receipt,completed,RCP-20260314-0456,,2569b7d8-d22a-455f-bbd5-5bc3a8b0b1ac,00000000-0000-0000-0000-000000000000,2025-10-15 09:01:54,2025-10-15 09:01:54
ad2a47e6-3818-4139-a475-d77ad2773833,delivery,completed,DLV-20260314-0487,c7ecafa8-0c26-4252-bbb0-eb193a2ba2b6,,00000000-0000-0000-0000-000000000000,2025-12-05 09:01:54,2025-12-05 09:01:54
ace0ee49-5af5-47a0-877d-e76612728d0e,delivery,completed,DLV-20260314-0488,e280715b-ee04-4601-8bcf-f9022ac22450,,00000000-0000-0000-0000-000000000000,2025-03-20 09:01:54,2025-03-20 09:01:54
ef6efe3a-ea61-45f3-a1a8-2adf00ac564d,receipt,confirmed,RCP-20260314-0457,,c6b44099-82a9-4f18-981b-5327436a95ae,00000000-0000-0000-0000-000000000000,2025-06-23 09:01:54,2025-06-23 09:01:54
a39905bf-b4fb-4c4f-aa4f-4d94e02220aa,transfer,completed,TRF-20260314-0391,1ae13bbc-78aa-44cd-910c-9e34e0133806,50ef4f9b-7699-49d3-859f-ec1a8766e114,00000000-0000-0000-0000-000000000000,2025-11-14 09:01:54,2025-11-14 09:01:54
8eecffbd-6d25-4f3b-a917-046c6f15cc39,transfer,completed,TRF-20260314-0392,e395e18d-3130-44b3-beec-51da4e315c2e,5c16e2f5-3a76-475c-9d3f-d759762f0d6f,00000000-0000-0000-0000-000000000000,2025-07-16 09:01:54,2025-07-16 09:01:54
0c73e6e8-4f07-4baa-9522-a3d78567d341,transfer,completed,TRF-20260314-0393,57eb80d1-5286-4bdd-a24b-503a5f19a317,c1de81a0-a5de-44eb-b50c-25d9598be1e6,00000000-0000-0000-0000-000000000000,2025-04-11 09:01:54,2025-04-11 09:01:54
884837ac-6eb8-4208-ba7e-ebcb34c6ab18,transfer,completed,TRF-20260314-0394,2327aa7d-26fd-47d4-a9cf-7bb286e90ac9,64170370-6804-4f9b-9ac3-b17d7a7b7227,00000000-0000-0000-0000-000000000000,2025-06-09 09:01:54,2025-06-09 09:01:54
75710816-169a-4ab2-a57f-fe08932ea2a6,transfer,confirmed,TRF-20260314-0395,984e277b-b539-4eb6-91a0-19291016fd5c,e99d6597-8afc-485d-b573-4c1191e32a0e,00000000-0000-0000-0000-000000000000,2025-07-24 09:01:54,2025-07-24 09:01:54
178e304c-436b-4e7a-968d-5c5137188327,transfer,confirmed,TRF-20260314-0396,034393b0-d708-4f05-adde-8a8ec25df42e,ec209537-5381-4bc1-b341-6d69b0c35b3d,00000000-0000-0000-0000-000000000000,2025-07-09 09:01:54,2025-07-09 09:01:54
5ff8f685-5dd6-42a5-9d5e-7c43b4058039,transfer,completed,TRF-20260314-0397,223c2709-2b1d-40f0-897d-8389943edf44,fa366f9d-63e3-4564-a86e-e051563a116c,00000000-0000-0000-0000-000000000000,2026-03-04 09:01:54,2026-03-04 09:01:54
8dbffeb0-7cd1-4f9a-8e4d-252028c60127,adjustment,completed,ADJ-20260314-0262,ed817c3a-790b-4078-b3d6-ff1d9852b134,,00000000-0000-0000-0000-000000000000,2025-12-16 09:01:54,2025-12-16 09:01:54
9914a1ee-92fe-42ad-b9a6-17ebce0f0b0a,receipt,draft,RCP-20260314-0458,,494175a5-5c35-4cba-ab8e-35ad8cd7b731,00000000-0000-0000-0000-000000000000,2026-01-21 09:01:54,2026-01-21 09:01:54
c7b45640-7804-4fc8-83d7-fc589ad49259,adjustment,completed,ADJ-20260314-0263,58a20184-6101-4047-ad10-50a36a44fe13,,00000000-0000-0000-0000-000000000000,2025-12-14 09:01:54,2025-12-14 09:01:54
2a2202ad-c9bb-42ea-91d3-ff465cb010a8,receipt,draft,RCP-20260314-0459,,58927ee7-8c43-46d1-a721-86cce8bc880b,00000000-0000-0000-0000-000000000000,2026-03-09 09:01:54,2026-03-09 09:01:54
58f80712-3cf4-41b8-9898-b209f15f2546,adjustment,draft,ADJ-20260314-0264,ce9e2e20-cc2c-41dd-a07f-8220321d8d3d,,00000000-0000-0000-0000-000000000000,2025-10-15 09:01:54,2025-10-15 09:01:54
0fa182f5-00a2-43fd-9786-3fc8029f515d,transfer,completed,TRF-20260314-0398,d6da4d99-c3a2-4829-9371-2a1269d7530e,10a6a868-bf8b-4150-8565-a86b3a223838,00000000-0000-0000-0000-000000000000,2026-01-28 09:01:54,2026-01-28 09:01:54
7cf5bd99-87f9-4bb9-88a7-41ad85a65b28,adjustment,confirmed,ADJ-20260314-0265,9c3dc0e8-5194-41ca-8e8b-6924624a6923,,00000000-0000-0000-0000-000000000000,2025-09-02 09:01:54,2025-09-02 09:01:54
75a4ad29-3d6a-484d-a8b1-00da05192353,adjustment,completed,ADJ-20260314-0266,2fccdf07-f588-4586-8177-7a5574b1213d,,00000000-0000-0000-0000-000000000000,2025-05-25 09:01:54,2025-05-25 09:01:54
9ee7f0c1-d4e1-4038-98cc-d8edb3b14a52,delivery,draft,DLV-20260314-0489,e9094d7c-96f6-4277-99dc-68964dd540ab,,00000000-0000-0000-0000-000000000000,2025-05-06 09:01:54,2025-05-06 09:01:54
6cc42ad4-fb12-49c0-ba9c-2b519e2a0878,transfer,draft,TRF-20260314-0399,ab573e90-fab2-44bb-afd9-dce6b5a1e49a,405ca396-25f7-4cf0-b014-3a27eaecef3f,00000000-0000-0000-0000-000000000000,2026-02-06 09:01:54,2026-02-06 09:01:54
60356463-c3d8-4c38-bc3e-64698720fe8d,transfer,completed,TRF-20260314-0400,264c5fd5-3dbb-4d6c-b6a1-5c59c52282b5,729b3c96-b90e-4297-bb87-b4bbee9c2ece,00000000-0000-0000-0000-000000000000,2025-11-24 09:01:54,2025-11-24 09:01:54
38098b0e-a20f-4b2c-bd0a-3f0a055dc5db,delivery,completed,DLV-20260314-0490,1033ba75-8fab-4719-8859-a130e00b7c7a,,00000000-0000-0000-0000-000000000000,2025-09-09 09:01:54,2025-09-09 09:01:54
d4ca301e-f260-44b4-af49-c267938b8b69,delivery,completed,DLV-20260314-0491,6a5dd982-cd3d-415d-9d89-89c9a7431f4a,,00000000-0000-0000-0000-000000000000,2025-07-10 09:01:54,2025-07-10 09:01:54
331e19df-cd49-44ff-8d1a-4a62b3c47026,transfer,confirmed,TRF-20260314-0401,7b25127d-9824-4350-be94-95138860bf39,2b9dacd8-db8f-4f5e-b36c-a43f8b6bb5b4,00000000-0000-0000-0000-000000000000,2025-12-18 09:01:54,2025-12-18 09:01:54
e8a35169-ad7b-4199-9b76-499a0f11851e,delivery,completed,DLV-20260314-0492,559dddfb-ce70-4a94-be84-436ec3b8f607,,00000000-0000-0000-0000-000000000000,2025-11-03 09:01:54,2025-11-03 09:01:54
8a94c4bb-0e0a-4bbd-88ac-acee2e93ab29,receipt,completed,RCP-20260314-0460,,276c5037-e8e2-4477-8dae-a6e94dfcbd86,00000000-0000-0000-0000-000000000000,2026-01-18 09:01:54,2026-01-18 09:01:54
41fa8ae8-eb57-49e3-823e-7d5c1beadc1c,receipt,completed,RCP-20260314-0461,,a97005ea-82ce-4513-90c0-260bc453865f,00000000-0000-0000-0000-000000000000,2025-05-09 09:01:54,2025-05-09 09:01:54
f715c462-12d7-40ef-ba52-d3d4f6616278,receipt,draft,RCP-20260314-0462,,191c2017-9ffb-4ca0-8477-ae81514aef5c,00000000-0000-0000-0000-000000000000,2025-06-25 09:01:54,2025-06-25 09:01:54
a89fd0cb-5c82-4b2b-8e66-3f2fc6ba24f4,transfer,draft,TRF-20260314-0402,4811da77-9353-4bfc-bc6f-9069117b760e,a97005ea-82ce-4513-90c0-260bc453865f,00000000-0000-0000-0000-000000000000,2025-08-18 09:01:54,2025-08-18 09:01:54
9499f2f7-21e2-42ff-8668-0ea192f496bd,delivery,completed,DLV-20260314-0493,1b79e8b9-513e-4a63-9fc2-939f841fb5e1,,00000000-0000-0000-0000-000000000000,2026-01-29 09:01:54,2026-01-29 09:01:54
af335e9d-3464-453a-85e9-f72f71f4d15d,transfer,completed,TRF-20260314-0403,1b432a9b-d779-4a72-afd6-e85232f7623f,551208fd-1713-44c0-9886-e406c24ece4f,00000000-0000-0000-0000-000000000000,2026-02-01 09:01:54,2026-02-01 09:01:54
3dd539d5-d95d-4a08-9d5a-2a4b34c476e9,receipt,draft,RCP-20260314-0463,,dbbb1b59-6b37-4712-bd6c-a7f63d226fe5,00000000-0000-0000-0000-000000000000,2025-06-29 09:01:54,2025-06-29 09:01:54
f2f2e901-25bc-4a64-87ba-6fa8e9dbf0d6,adjustment,completed,ADJ-20260314-0267,14e133c5-b1fc-463a-af94-9818d2903b41,,00000000-0000-0000-0000-000000000000,2025-11-09 09:01:54,2025-11-09 09:01:54
5262cfa0-9e35-46e0-b35c-1eb44ee3a60e,delivery,draft,DLV-20260314-0494,ba808a10-6f68-47e2-8c2d-bd85c911247a,,00000000-0000-0000-0000-000000000000,2026-02-13 09:01:54,2026-02-13 09:01:54
1f3ac371-94d6-4884-8752-7c2e11810ef8,receipt,draft,RCP-20260314-0464,,d89e2ccf-21ce-43a3-9ed9-a65622af5731,00000000-0000-0000-0000-000000000000,2026-02-16 09:01:54,2026-02-16 09:01:54
2f8f674f-a903-4470-847c-b91a6db90e80,receipt,completed,RCP-20260314-0465,,398844b0-db7d-4265-ad16-f88f7d6dda8d,00000000-0000-0000-0000-000000000000,2025-06-16 09:01:54,2025-06-16 09:01:54
40a396ed-d38f-45b3-9a3d-eccec6c36386,delivery,draft,DLV-20260314-0495,8045cd0d-5326-4c56-9d00-68ee9376932b,,00000000-0000-0000-0000-000000000000,2026-02-20 09:01:54,2026-02-20 09:01:54
09ef973e-380b-4375-aecc-171da21fb5af,receipt,completed,RCP-20260314-0466,,979c91d9-a519-4d95-a948-b1dbf42858cd,00000000-0000-0000-0000-000000000000,2025-09-28 09:01:54,2025-09-28 09:01:54
de0f0a37-fa51-421b-afb9-c186554f1f8d,delivery,completed,DLV-20260314-0496,cb3e3d6b-7dfd-46a4-ba00-ff4cc43d61a7,,00000000-0000-0000-0000-000000000000,2026-02-10 09:01:54,2026-02-10 09:01:54
05dc206e-8006-4026-b535-f4bfbcd8b13b,adjustment,completed,ADJ-20260314-0268,7efec1ca-b955-44c4-b1cf-d2ab2c2e2672,,00000000-0000-0000-0000-000000000000,2026-01-08 09:01:54,2026-01-08 09:01:54
ac62b987-559a-4b98-9f31-f77069b23729,transfer,completed,TRF-20260314-0404,66f68bef-f411-48d4-ae9f-0c78963accd9,0d0e5979-d70a-41ac-b28b-4a0d9297244f,00000000-0000-0000-0000-000000000000,2025-09-25 09:01:54,2025-09-25 09:01:54
038ddb1c-6813-4d8f-9ddf-0be79ece7ac1,adjustment,draft,ADJ-20260314-0269,18c1205e-bed8-4bc7-9137-6f999b07dd31,,00000000-0000-0000-0000-000000000000,2025-07-13 09:01:54,2025-07-13 09:01:54
f18654a2-fb2d-45e4-b415-960a203a1351,transfer,completed,TRF-20260314-0405,b2746196-5fa4-453e-8f91-cb572dfea6c9,55aa43b9-de50-4e2c-a438-48731681fbf4,00000000-0000-0000-0000-000000000000,2025-08-13 09:01:54,2025-08-13 09:01:54
83a2f0e4-f98c-4f49-9b51-efd66f2134be,delivery,completed,DLV-20260314-0497,9ffb71da-7dc0-4cfd-8f1f-a17425b991eb,,00000000-0000-0000-0000-000000000000,2025-10-22 09:01:54,2025-10-22 09:01:54
437c22bc-6442-4b5d-bacf-65f96ef6cc04,delivery,completed,DLV-20260314-0498,8e3af600-051d-4c1e-bf01-3a3c54089aa8,,00000000-0000-0000-0000-000000000000,2025-06-05 09:01:54,2025-06-05 09:01:54
bb1ff48d-0e26-4b02-a458-53d68943534f,delivery,draft,DLV-20260314-0499,6bdc6cbf-10cd-4e86-ae2d-c437890a1cd6,,00000000-0000-0000-0000-000000000000,2025-11-27 09:01:54,2025-11-27 09:01:54
c99a0a2a-6d9f-4e9a-be32-ee187fdcfcef,receipt,draft,RCP-20260314-0467,,3ed8cc35-ec20-4dda-92e7-7ab1f5e0134a,00000000-0000-0000-0000-000000000000,2025-10-23 09:01:54,2025-10-23 09:01:54
0b0746bd-97d9-4251-bb6b-b65af740bb0b,transfer,draft,TRF-20260314-0406,c7f2123a-c3d3-4289-9502-428057559a04,a591a344-a268-49bc-9d5a-8660cab0d7cc,00000000-0000-0000-0000-000000000000,2025-06-27 09:01:54,2025-06-27 09:01:54
890e77a9-f29f-4b48-b5e9-6fc8c299df5b,delivery,completed,DLV-20260314-0500,1e28c846-b22e-4d8a-b432-ebfa3a528234,,00000000-0000-0000-0000-000000000000,2025-09-27 09:01:54,2025-09-27 09:01:54
d244bdc6-728a-435d-a429-7a22841cf53f,adjustment,completed,ADJ-20260314-0270,a57d7602-f54f-4b2d-bfbb-dc15ef7b0fa9,,00000000-0000-0000-0000-000000000000,2025-06-07 09:01:54,2025-06-07 09:01:54
19661f67-86f2-4bb6-b35c-46ccbf2f765f,transfer,completed,TRF-20260314-0407,6922959f-1336-4b51-a0ad-78e62b6ed469,4f56a23a-3240-458d-a852-16ac99d08946,00000000-0000-0000-0000-000000000000,2025-11-03 09:01:54,2025-11-03 09:01:54
57fbe367-8e80-4e80-bcd0-6e90299caec2,receipt,completed,RCP-20260314-0468,,18eef705-c542-4274-8e1a-74cdc887dff2,00000000-0000-0000-0000-000000000000,2025-05-03 09:01:54,2025-05-03 09:01:54
96762481-7be5-46ce-b415-c5ec768ab83a,receipt,completed,RCP-20260314-0469,,22266110-3e4d-4d57-beb1-dcb07d9d8689,00000000-0000-0000-0000-000000000000,2025-10-08 09:01:54,2025-10-08 09:01:54
f3c57663-7627-4b3c-b2ee-300d50adb0d7,adjustment,draft,ADJ-20260314-0271,d4d511bf-68f6-4947-b012-2dac579a425d,,00000000-0000-0000-0000-000000000000,2025-06-22 09:01:54,2025-06-22 09:01:54
0841d75e-d73d-4147-934c-ea2d1906c353,receipt,draft,RCP-20260314-0470,,35b674fc-aaa6-4b99-b40c-99c2888c5223,00000000-0000-0000-0000-000000000000,2025-10-31 09:01:54,2025-10-31 09:01:54
c6470f78-c9d0-4f64-a80a-7dd440c1979e,receipt,draft,RCP-20260314-0471,,3da42bcf-baa0-423b-92ea-135e02f9a940,00000000-0000-0000-0000-000000000000,2025-10-06 09:01:54,2025-10-06 09:01:54
6b7b8fdf-f724-4873-bbcf-40a6fdf63ebb,transfer,completed,TRF-20260314-0408,da698dc8-ad6a-4f0a-8f1d-7111d8573b4a,e0e4dced-d660-4434-85ac-9a6ce8adaf59,00000000-0000-0000-0000-000000000000,2025-06-12 09:01:54,2025-06-12 09:01:54
8aafa4ab-491d-4c96-b67f-997d05af510c,delivery,draft,DLV-20260314-0501,cd555ba6-e8fe-4a5d-97e5-dbc282c246d0,,00000000-0000-0000-0000-000000000000,2025-03-17 09:01:54,2025-03-17 09:01:54
914cc0a2-388c-4af7-9c37-c3243347c320,receipt,completed,RCP-20260314-0472,,2b7e225a-edf2-44e1-8d8b-c979408c6cad,00000000-0000-0000-0000-000000000000,2026-02-24 09:01:54,2026-02-24 09:01:54
fb8147a8-3067-4a51-a53b-241d1a486f07,delivery,completed,DLV-20260314-0502,3c756bd1-0fc1-48a1-9970-a458d2e6c77e,,00000000-0000-0000-0000-000000000000,2026-02-04 09:01:54,2026-02-04 09:01:54
199775bc-f4f3-4ba2-92e8-0cc0cfc068b1,transfer,draft,TRF-20260314-0409,81b72603-3651-47d0-b077-14dc26bedb55,881fe7ce-0b10-440a-aa34-38830b21ce26,00000000-0000-0000-0000-000000000000,2025-05-10 09:01:54,2025-05-10 09:01:54
27045c9e-f685-4e38-aff2-655f7f967813,transfer,completed,TRF-20260314-0410,e590fd56-2bf4-4580-a808-8f2db2e084f0,5384ed4c-d832-4c11-b477-6ad40903aa34,00000000-0000-0000-0000-000000000000,2025-06-07 09:01:54,2025-06-07 09:01:54
ed178c87-ccb5-4f25-ac97-bc221159ae9f,delivery,confirmed,DLV-20260314-0503,c8627a8c-5b20-4362-9820-5d60638e6c77,,00000000-0000-0000-0000-000000000000,2025-09-21 09:01:54,2025-09-21 09:01:54
c991b621-1340-4e56-a0a9-544426bfb4db,delivery,completed,DLV-20260314-0504,30cf82df-61e6-4dd0-a9e6-e8db3b09b346,,00000000-0000-0000-0000-000000000000,2025-10-29 09:01:54,2025-10-29 09:01:54
9c6212c7-1cb1-4044-8e9f-bac031359a8e,receipt,draft,RCP-20260314-0473,,7d60a744-a25b-40f4-8d08-07019c679093,00000000-0000-0000-0000-000000000000,2025-07-01 09:01:54,2025-07-01 09:01:54
44e565a3-3db3-4079-858c-d72c51239443,delivery,draft,DLV-20260314-0505,880e4b8e-105d-4a21-98e3-4f3629fa2c27,,00000000-0000-0000-0000-000000000000,2025-08-08 09:01:54,2025-08-08 09:01:54
f0e51fcc-03a1-4013-930d-b38a5ce13f46,adjustment,completed,ADJ-20260314-0272,fa02e98e-aebc-4ef1-a5e5-a1d91e3b9b9e,,00000000-0000-0000-0000-000000000000,2025-04-18 09:01:54,2025-04-18 09:01:54
d888eaa4-0cc5-4487-8675-910a1b7fe346,receipt,completed,RCP-20260314-0474,,415e7807-b1f6-468f-9d80-807e0d28310b,00000000-0000-0000-0000-000000000000,2025-12-29 09:01:54,2025-12-29 09:01:54
e95d6c68-e089-4d25-bd58-f36f32f24058,transfer,completed,TRF-20260314-0411,b51716f7-a397-4736-818b-3d71a9bd09c3,d11a08ac-2933-444e-9f63-aa7fe42b09c1,00000000-0000-0000-0000-000000000000,2026-02-22 09:01:54,2026-02-22 09:01:54
402b6c8a-505f-4f6f-b8ae-53cc63dbe452,delivery,completed,DLV-20260314-0506,161eeb21-9573-4a81-af01-a83061d0ae56,,00000000-0000-0000-0000-000000000000,2025-08-02 09:01:54,2025-08-02 09:01:54
4863a754-2205-4c4f-8545-27a9312ac227,delivery,completed,DLV-20260314-0507,5f3fb26e-b3f4-4bfe-a877-275b2e9f676c,,00000000-0000-0000-0000-000000000000,2025-11-15 09:01:54,2025-11-15 09:01:54
644a2b5f-4ef0-4967-8a75-dae02c844e13,receipt,draft,RCP-20260314-0475,,1dbf74d2-4d7e-40a1-b584-4492daf897cb,00000000-0000-0000-0000-000000000000,2026-01-17 09:01:54,2026-01-17 09:01:54
4f7d4526-6455-4ced-921b-c09ca1480a1b,delivery,confirmed,DLV-20260314-0508,f50bcd56-7226-43e0-91b6-1ff24683f81c,,00000000-0000-0000-0000-000000000000,2026-03-06 09:01:54,2026-03-06 09:01:54
52766430-c5a9-45d2-8cb7-aa5ca4fe225c,receipt,completed,RCP-20260314-0476,,486c23cd-e087-41bd-a85c-b07aa7bc1ff1,00000000-0000-0000-0000-000000000000,2025-11-10 09:01:54,2025-11-10 09:01:54
c14ccb98-dbce-42f7-b303-e61d6c29e73c,transfer,completed,TRF-20260314-0412,ed440853-c7a9-46a5-a9a0-a194dfc2f98d,2444c0bc-6e34-45bd-a142-1421001a5f44,00000000-0000-0000-0000-000000000000,2025-08-17 09:01:54,2025-08-17 09:01:54
329fc3fb-0231-4de6-b3c7-081ab60e4c2f,transfer,confirmed,TRF-20260314-0413,900a6634-fd97-418c-b18a-63b5e86d0ba7,bdeabca3-d893-4d7a-b4e4-3cec28aafbab,00000000-0000-0000-0000-000000000000,2025-05-22 09:01:54,2025-05-22 09:01:54
a5fcab56-db6a-44fd-a63d-889b86435248,receipt,completed,RCP-20260314-0477,,31bd1d98-0b27-4eb4-8973-872400b024cf,00000000-0000-0000-0000-000000000000,2025-10-15 09:01:54,2025-10-15 09:01:54
eaa1efcf-daf1-4cb1-a090-2452535b6aca,delivery,draft,DLV-20260314-0509,a81f09f7-6259-4d62-95b0-fb80f561f78d,,00000000-0000-0000-0000-000000000000,2025-07-22 09:01:54,2025-07-22 09:01:54
14d75b5c-bd87-4bef-b7d2-51f30c288686,transfer,completed,TRF-20260314-0414,5b4cb7a3-4e13-4249-bfac-f3bdaca80654,f768c64e-8e40-4b0d-9d35-3e1ae05c44e3,00000000-0000-0000-0000-000000000000,2025-03-27 09:01:54,2025-03-27 09:01:54
09f53baf-2e35-43e2-ae6c-91731c64d641,receipt,completed,RCP-20260314-0478,,6e6bc2a4-4bd2-43fa-a2a4-045bc8191e17,00000000-0000-0000-0000-000000000000,2026-03-01 09:01:54,2026-03-01 09:01:54
0c2af70e-8334-4c70-8273-1213914d6fd0,delivery,completed,DLV-20260314-0510,ba808a10-6f68-47e2-8c2d-bd85c911247a,,00000000-0000-0000-0000-000000000000,2025-06-24 09:01:54,2025-06-24 09:01:54
77c44f5c-e8fd-4c71-916d-063488b2b027,delivery,completed,DLV-20260314-0511,c8765636-943b-4e6d-944c-96584073c9f1,,00000000-0000-0000-0000-000000000000,2026-02-04 09:01:54,2026-02-04 09:01:54
6fb32eb1-184a-4d55-8fec-d85372434214,delivery,completed,DLV-20260314-0512,b0f936e1-13a9-429e-b18b-3c91ff8e9906,,00000000-0000-0000-0000-000000000000,2025-03-15 09:01:54,2025-03-15 09:01:54
4c0c47b0-dcdb-4d21-b548-81f7db083245,receipt,completed,RCP-20260314-0479,,a75aede9-e52a-4a9c-bb85-fce85c5e9c95,00000000-0000-0000-0000-000000000000,2026-03-07 09:01:54,2026-03-07 09:01:54
9ace9f30-da98-49c8-85d6-6fcc528a2b7c,delivery,draft,DLV-20260314-0513,d674dc38-db64-4604-9b5c-8b1af0edeece,,00000000-0000-0000-0000-000000000000,2026-03-10 09:01:54,2026-03-10 09:01:54
af18819f-aa6e-4770-aa99-7486f835c262,receipt,completed,RCP-20260314-0480,,d06114b5-7f94-433b-8ce1-68c78b334c27,00000000-0000-0000-0000-000000000000,2025-09-16 09:01:54,2025-09-16 09:01:54
99bcd202-e642-408c-932a-8ef6d3b2e163,transfer,completed,TRF-20260314-0415,6c621ed4-66a9-44dc-99ba-0ae96a8e2d30,8719924f-fd81-4f05-94bb-cf1944fae55b,00000000-0000-0000-0000-000000000000,2025-10-24 09:01:54,2025-10-24 09:01:54
8a2332ef-756e-4ceb-b00d-80985a69a4ff,delivery,completed,DLV-20260314-0514,d754d5c9-f6e5-42a8-81ad-b241f112164a,,00000000-0000-0000-0000-000000000000,2025-04-25 09:01:54,2025-04-25 09:01:54
63b42e9b-8297-44ea-88d0-e067e4003030,delivery,draft,DLV-20260314-0515,f79d8dd4-cfa5-4d1e-b73b-8b1776035922,,00000000-0000-0000-0000-000000000000,2026-02-20 09:01:54,2026-02-20 09:01:54
ddca5313-f813-4a8c-a51a-be64f142c092,receipt,completed,RCP-20260314-0481,,da396391-707a-48d2-a600-9b494825b05a,00000000-0000-0000-0000-000000000000,2025-04-13 09:01:54,2025-04-13 09:01:54
71e75ac2-31e9-4bb4-8e11-dd6d45802b85,delivery,completed,DLV-20260314-0516,c10189e8-a830-44ca-88ab-2a316c2909b3,,00000000-0000-0000-0000-000000000000,2025-09-09 09:01:54,2025-09-09 09:01:54
54e6d8c1-91ac-4b05-ac4f-b57525904f12,receipt,draft,RCP-20260314-0482,,5c14a570-7536-4a3c-b0ea-4ade7c0ffbfc,00000000-0000-0000-0000-000000000000,2025-11-11 09:01:54,2025-11-11 09:01:54
a512190d-4aff-48c6-8bd4-61ba162d7b0e,delivery,completed,DLV-20260314-0517,270c2394-1f8c-4d1d-b57d-e7531e500828,,00000000-0000-0000-0000-000000000000,2025-08-21 09:01:54,2025-08-21 09:01:54
5382ab41-18d6-4acd-b487-38d11887f80b,transfer,draft,TRF-20260314-0416,0eb6e3c4-106c-4dd6-a9d3-d1f00eaa7cd5,107a72c0-279b-4935-ba65-413865317ab4,00000000-0000-0000-0000-000000000000,2025-06-12 09:01:54,2025-06-12 09:01:54
7292dff4-6195-45f7-9309-4a50118c24ab,adjustment,completed,ADJ-20260314-0273,3973fb1a-f6bf-4c67-b4c4-cb21a6a3193a,,00000000-0000-0000-0000-000000000000,2025-06-03 09:01:54,2025-06-03 09:01:54
1e82d898-d4b5-4de5-8be2-c97a4dae0029,transfer,draft,TRF-20260314-0417,7b24135d-bf8b-4b99-a33b-6a84bbd08018,729fe141-596d-46c3-a3ca-146671647903,00000000-0000-0000-0000-000000000000,2026-02-02 09:01:54,2026-02-02 09:01:54
aedd9e6d-8b87-4dae-9397-0a4f46ecd948,receipt,draft,RCP-20260314-0483,,507736df-caa2-42fc-8cf7-3c88bd4febba,00000000-0000-0000-0000-000000000000,2026-02-18 09:01:54,2026-02-18 09:01:54
1366d9c4-0a72-4c6f-9bdd-a86b13827398,transfer,draft,TRF-20260314-0418,2270d678-13fc-49b0-9232-3ed27b5f4534,298bb18d-0376-4f42-bc6c-bc2a60474a87,00000000-0000-0000-0000-000000000000,2025-05-04 09:01:54,2025-05-04 09:01:54
90ee7aa5-e4b0-48c8-b807-2d8e1a79c7f5,transfer,completed,TRF-20260314-0419,b3ecfdf5-6ae9-42c8-99b4-bd6b93f43ee6,ad9ba2a5-5c8b-42dc-a131-e8bf69b4a6e2,00000000-0000-0000-0000-000000000000,2025-11-23 09:01:54,2025-11-23 09:01:54
a01a83cd-1c48-4b77-abf7-6a976c5d9578,transfer,draft,TRF-20260314-0420,d2bcd21c-6c4f-4c6a-b936-a02ab44e7e9f,fdb7d347-9198-40f5-9520-936a93eecb17,00000000-0000-0000-0000-000000000000,2025-12-05 09:01:54,2025-12-05 09:01:54
679d8dcb-6430-4f75-90b0-d0a51c50dcd6,receipt,completed,RCP-20260314-0484,,1ff58f4f-3c21-4283-9bad-0152b69b6751,00000000-0000-0000-0000-000000000000,2025-08-26 09:01:54,2025-08-26 09:01:54
9f729832-b1e0-44bc-ad15-184b89405074,adjustment,completed,ADJ-20260314-0274,62d23e9f-5c22-4e45-976c-a1aa43a7f5f0,,00000000-0000-0000-0000-000000000000,2026-02-20 09:01:54,2026-02-20 09:01:54
d0e5908a-57ae-404b-bc81-dd58255f7ad3,receipt,draft,RCP-20260314-0485,,9b572a2e-ec3e-4e03-b3ae-291700293e5d,00000000-0000-0000-0000-000000000000,2026-02-24 09:01:54,2026-02-24 09:01:54
73dbc43a-c75b-49d2-8b9c-f5575b40487f,receipt,completed,RCP-20260314-0486,,e61d7f73-912e-4c7f-b3dd-90eeecdcb393,00000000-0000-0000-0000-000000000000,2025-06-22 09:01:54,2025-06-22 09:01:54
f2c2c9d5-7ce0-4a3e-bcba-fe0aac13b39e,delivery,completed,DLV-20260314-0518,b1882732-4e53-405e-ad5c-16052a377f57,,00000000-0000-0000-0000-000000000000,2025-04-15 09:01:54,2025-04-15 09:01:54
79aae249-8ef4-46c7-a7a3-800f7e14f78c,transfer,draft,TRF-20260314-0421,208cb8dc-3654-48ab-a186-dafa03b2075f,90a7a713-3ac5-404b-892e-4817fb2e12c6,00000000-0000-0000-0000-000000000000,2025-07-04 09:01:54,2025-07-04 09:01:54
60b1d4c5-15cb-4209-9b35-bf579c43b1d3,delivery,draft,DLV-20260314-0519,99ed9dbc-286d-4601-9f1f-ce720b3518c7,,00000000-0000-0000-0000-000000000000,2026-01-10 09:01:54,2026-01-10 09:01:54
c0a6b6e1-8e42-4883-bc39-3a029dbc776b,delivery,completed,DLV-20260314-0520,a9366602-3cb3-4698-b13e-1383dae0de50,,00000000-0000-0000-0000-000000000000,2025-10-15 09:01:54,2025-10-15 09:01:54
b387e14f-9470-4018-be32-a513df2e3c73,transfer,confirmed,TRF-20260314-0422,cc55e9ac-4aaa-4dad-8ee4-14dce78bb867,9d5edf6d-816d-4d80-bc28-788d6088b400,00000000-0000-0000-0000-000000000000,2025-12-11 09:01:54,2025-12-11 09:01:54
247204e5-2369-441a-aa03-907d1a96646e,adjustment,confirmed,ADJ-20260314-0275,c55adbed-b44f-40ef-bfbc-a27b9dc78ac1,,00000000-0000-0000-0000-000000000000,2025-04-02 09:01:54,2025-04-02 09:01:54
1b161955-244c-4d66-97e4-62200218892a,transfer,completed,TRF-20260314-0423,6c5ab486-0c89-4996-b034-a45794a01521,7c9cde37-8905-46f3-81f6-09b4ec62e585,00000000-0000-0000-0000-000000000000,2025-09-11 09:01:54,2025-09-11 09:01:54
e1703955-3c14-4a2f-9f4d-bf7b4d07c6bd,transfer,completed,TRF-20260314-0424,ccc8b311-ff2c-4b75-a68d-7f90428091e0,2ed80140-498e-42dd-aa52-dec2f5e7024b,00000000-0000-0000-0000-000000000000,2025-12-20 09:01:54,2025-12-20 09:01:54
28659976-c1c3-4254-90dc-ba9adbdeac20,transfer,completed,TRF-20260314-0425,2d3105c8-073f-42f2-ba59-65ef77f0dd5d,41694354-b48e-43af-84c0-837a3858d121,00000000-0000-0000-0000-000000000000,2025-05-26 09:01:54,2025-05-26 09:01:54
1e9ccb64-1140-459f-95d8-17776488c57d,delivery,confirmed,DLV-20260314-0521,55c6cae0-82dc-493e-baf3-8e642b8b0b28,,00000000-0000-0000-0000-000000000000,2025-05-22 09:01:54,2025-05-22 09:01:54
553306af-d400-40d8-a9e0-43bd9691d73a,delivery,completed,DLV-20260314-0522,a123c50d-a2dd-4aae-901e-cfc6493e7e67,,00000000-0000-0000-0000-000000000000,2025-04-30 09:01:54,2025-04-30 09:01:54
cec1c7bb-539f-4848-a472-fae2800b4971,transfer,completed,TRF-20260314-0426,08b8284c-23cd-4725-8b3b-647f723410f1,b7ba428e-b333-436b-a123-d1a0789ce555,00000000-0000-0000-0000-000000000000,2025-07-23 09:01:54,2025-07-23 09:01:54
3f0784fc-4392-47b5-92ce-5fc209f1445b,delivery,completed,DLV-20260314-0523,947af8ed-9b46-497d-afec-1c718ecd9c33,,00000000-0000-0000-0000-000000000000,2025-12-12 09:01:54,2025-12-12 09:01:54
3c81e6c3-a3f7-4308-8dd6-e62005faf887,receipt,draft,RCP-20260314-0487,,a8522ed5-d515-4975-b7af-49d766460733,00000000-0000-0000-0000-000000000000,2025-08-08 09:01:54,2025-08-08 09:01:54
3d55b8d9-af89-4234-bbb7-9afcab884745,receipt,completed,RCP-20260314-0488,,368840ed-bfba-4ef2-b5e5-533a81323f98,00000000-0000-0000-0000-000000000000,2026-01-08 09:01:54,2026-01-08 09:01:54
8b01cd9b-1ac8-4ceb-a200-aa58aec65e54,adjustment,completed,ADJ-20260314-0276,7f9ace47-96c7-49df-b85e-e0c742851908,,00000000-0000-0000-0000-000000000000,2025-11-19 09:01:54,2025-11-19 09:01:54
d644056d-59b0-41f5-ba2a-e8c81fdddf68,delivery,completed,DLV-20260314-0524,1839ac6c-e836-4582-8cb6-ed73fc1e2ce8,,00000000-0000-0000-0000-000000000000,2026-02-16 09:01:54,2026-02-16 09:01:54
35d813fd-0de1-4935-abf0-a2b7beb33790,receipt,completed,RCP-20260314-0489,,2c35873b-2234-489f-b42b-dce5985ac3c7,00000000-0000-0000-0000-000000000000,2025-06-22 09:01:54,2025-06-22 09:01:54
48bf184c-9a0d-4bc9-8a11-4ba64790fc31,transfer,completed,TRF-20260314-0427,2717ac2d-e064-40ef-8246-ba4d9c6bd429,a2eff903-e741-46e8-8902-c73e9a8897c9,00000000-0000-0000-0000-000000000000,2026-01-28 09:01:54,2026-01-28 09:01:54
0402225f-eea1-45cb-b985-2a887da8ee3e,delivery,completed,DLV-20260314-0525,683fa7f0-66f3-43af-b01d-f419fd666a12,,00000000-0000-0000-0000-000000000000,2025-08-18 09:01:54,2025-08-18 09:01:54
f8522d34-4208-4298-99be-818aaf5ed82b,transfer,completed,TRF-20260314-0428,0dc2f376-8988-4720-8daa-b8ccc4f3cb2f,8c6d83ba-9be2-4f18-aa8a-5430914008cd,00000000-0000-0000-0000-000000000000,2026-03-08 09:01:54,2026-03-08 09:01:54
f242057b-3471-4b64-b24d-d100b939f8ac,transfer,draft,TRF-20260314-0429,4ce6dd4a-a2e7-44f6-9cdd-cfc5ccd07cbc,55e783a0-40db-4b20-908a-0052ed735847,00000000-0000-0000-0000-000000000000,2025-09-28 09:01:54,2025-09-28 09:01:54
69e36ef5-f68d-4a16-a4ac-8f172cfc1fb2,delivery,completed,DLV-20260314-0526,a34ccab9-22fc-4fbc-bce6-6e88e3e46e07,,00000000-0000-0000-0000-000000000000,2025-05-22 09:01:54,2025-05-22 09:01:54
8d69e0c7-6f9a-4d6e-9474-265afe9eedcd,adjustment,confirmed,ADJ-20260314-0277,906c45b3-1a80-4b7a-a5c1-f90febe0d249,,00000000-0000-0000-0000-000000000000,2025-11-18 09:01:54,2025-11-18 09:01:54
96b2476c-c92f-46b4-a716-12223e4d379c,delivery,draft,DLV-20260314-0527,135f85c3-6696-4412-abba-24548d640cae,,00000000-0000-0000-0000-000000000000,2025-03-24 09:01:54,2025-03-24 09:01:54
7993786b-cc00-4777-9235-ae900d3a9311,receipt,completed,RCP-20260314-0490,,b4a77c9b-41f3-44c4-9492-9b3e004ddcf4,00000000-0000-0000-0000-000000000000,2025-06-26 09:01:54,2025-06-26 09:01:54
f22c0279-a21b-4b50-874f-5ac4038488fb,transfer,completed,TRF-20260314-0430,7000b8c7-f817-4274-87f3-ecf7cd4bd561,cffd358f-bd3d-4f7c-8541-6b7fc1a720ce,00000000-0000-0000-0000-000000000000,2025-04-28 09:01:54,2025-04-28 09:01:54
f6789a34-c317-4dea-9bfd-8434d65ae2ec,delivery,completed,DLV-20260314-0528,58b037a1-7d61-458c-b57c-5cc2c14dd783,,00000000-0000-0000-0000-000000000000,2025-03-23 09:01:54,2025-03-23 09:01:54
d5b475d0-e3e9-4a2c-ac3e-2287ccf00264,delivery,completed,DLV-20260314-0529,fd23a41f-bab0-47c8-847d-d471b0258a6a,,00000000-0000-0000-0000-000000000000,2025-08-05 09:01:54,2025-08-05 09:01:54
5190fdf8-fd20-46b4-a75b-398d59811a07,transfer,confirmed,TRF-20260314-0431,7cd4bda7-9e72-4053-96ac-dd14ebf41010,21c7b1cd-e3b5-47e1-9a44-7d1a5b854cae,00000000-0000-0000-0000-000000000000,2025-04-07 09:01:54,2025-04-07 09:01:54
96618482-9275-46b0-91fa-e0c6f3f54e63,receipt,completed,RCP-20260314-0491,,823830e4-10b8-48ff-916c-756472812ffc,00000000-0000-0000-0000-000000000000,2025-08-29 09:01:54,2025-08-29 09:01:54
5aed1b43-e08e-4864-a5ce-87f52cba24d7,delivery,draft,DLV-20260314-0530,47d05ab9-d69c-4f37-ba55-a819d5b8274a,,00000000-0000-0000-0000-000000000000,2025-08-06 09:01:54,2025-08-06 09:01:54
7f2d15d5-e1fb-42fd-9f60-aa36142ab8b8,adjustment,draft,ADJ-20260314-0278,4d042c14-669b-4661-abec-f2a1125ad42c,,00000000-0000-0000-0000-000000000000,2025-03-26 09:01:54,2025-03-26 09:01:54
ee11677f-6c88-4f7a-b1c1-7a607269fab9,receipt,completed,RCP-20260314-0492,,be119260-810f-4cdd-8eea-1413eb322f14,00000000-0000-0000-0000-000000000000,2026-01-11 09:01:54,2026-01-11 09:01:54
8cf5129a-c123-4006-9f7f-8ae03bb3dc3f,transfer,completed,TRF-20260314-0432,1292866c-17fc-4eac-a73a-dc42e47af22f,7aac147e-77be-4619-9145-a29bed2170f6,00000000-0000-0000-0000-000000000000,2025-07-01 09:01:54,2025-07-01 09:01:54
52ad4d6e-8d73-4b54-bc65-809277e8866d,transfer,draft,TRF-20260314-0433,644c3947-077f-4f92-959a-e20dfa6a7a89,1b33a7d0-365b-400a-890a-0ca21a3ceb86,00000000-0000-0000-0000-000000000000,2025-10-26 09:01:54,2025-10-26 09:01:54
de087763-c5f2-4473-8841-93a931370c67,receipt,completed,RCP-20260314-0493,,814488c8-f0f1-4995-b936-b4e8e9f00a67,00000000-0000-0000-0000-000000000000,2025-06-03 09:01:54,2025-06-03 09:01:54
9b68cc0b-51d3-4a09-bb79-04e600690eb8,adjustment,completed,ADJ-20260314-0279,bb2172bc-3046-4fb8-bed5-ab3b16f795ec,,00000000-0000-0000-0000-000000000000,2025-04-21 09:01:54,2025-04-21 09:01:54
cc01c83a-8d7d-4a88-af84-538732788db0,receipt,draft,RCP-20260314-0494,,22fcd768-c2a4-4a2d-b922-afef92dd56dc,00000000-0000-0000-0000-000000000000,2025-08-03 09:01:54,2025-08-03 09:01:54
7f2a2cc4-a02a-446f-a97d-fe7c8ba930ba,transfer,confirmed,TRF-20260314-0434,83e7a632-bd92-4590-8a3c-175fb82ab27d,321afa7a-e016-46ba-b853-1feaa10fc9f7,00000000-0000-0000-0000-000000000000,2025-04-26 09:01:54,2025-04-26 09:01:54
d357a3bb-a6bd-4844-96ce-155a4bff149d,receipt,completed,RCP-20260314-0495,,629cd058-a376-4fe7-8648-23be038079f9,00000000-0000-0000-0000-000000000000,2025-12-20 09:01:54,2025-12-20 09:01:54
41436960-0720-4d99-9bd3-4efe81460540,adjustment,completed,ADJ-20260314-0280,4d9a5ce2-7689-4f9e-bdf6-a8dbe325906e,,00000000-0000-0000-0000-000000000000,2026-02-10 09:01:54,2026-02-10 09:01:54
c1f4150c-14cb-46e5-b656-a7b470be1779,delivery,draft,DLV-20260314-0531,6d9033f7-1d24-4b26-b56a-715d87823432,,00000000-0000-0000-0000-000000000000,2025-06-12 09:01:54,2025-06-12 09:01:54
0eaaca15-edd7-4df5-8907-b926c0a57449,transfer,confirmed,TRF-20260314-0435,22e219db-6b61-416d-a703-1b93c5c47af0,613b973e-1a8e-4794-9880-08a6441cb076,00000000-0000-0000-0000-000000000000,2025-06-02 09:01:54,2025-06-02 09:01:54
59b1ca1c-d5b9-4f63-9b7f-81b72d3bc249,receipt,completed,RCP-20260314-0496,,fcbebb05-1665-4455-9d5d-14eb42fad306,00000000-0000-0000-0000-000000000000,2025-04-27 09:01:54,2025-04-27 09:01:54
11826307-4ef1-436c-8e6d-6ad68778b34e,delivery,confirmed,DLV-20260314-0532,d456d7ec-1b33-475e-8667-0497ab1452de,,00000000-0000-0000-0000-000000000000,2025-11-21 09:01:54,2025-11-21 09:01:54
976230f1-aef7-4c01-b3f9-633f4082900f,delivery,draft,DLV-20260314-0533,48cbfc3e-4b30-42ed-972f-3ec0b5991d5b,,00000000-0000-0000-0000-000000000000,2025-12-01 09:01:54,2025-12-01 09:01:54
91d10b07-53ee-4340-9e3b-72880faee387,receipt,draft,RCP-20260314-0497,,94b484d2-80bb-4688-ad8d-5a71bd44e3f4,00000000-0000-0000-0000-000000000000,2025-11-29 09:01:54,2025-11-29 09:01:54
75fdc02c-d0bb-4964-86c3-9b3ff7b4bd4e,delivery,draft,DLV-20260314-0534,6b77ba93-8959-4b71-a711-7fdfe197a280,,00000000-0000-0000-0000-000000000000,2025-11-19 09:01:54,2025-11-19 09:01:54
8a245e78-1217-4228-9cc0-8bf5f85bd011,delivery,completed,DLV-20260314-0535,1384abd2-8ee9-454e-875e-93a15704679e,,00000000-0000-0000-0000-000000000000,2025-09-22 09:01:54,2025-09-22 09:01:54
bdba9896-5847-410e-8e9e-3b01947b5d1e,transfer,draft,TRF-20260314-0436,a3e1472f-ed16-4b0d-a0ae-e31c8b2c0f4d,55dd78cb-837d-4fe2-9081-6d11013bf7de,00000000-0000-0000-0000-000000000000,2025-04-23 09:01:54,2025-04-23 09:01:54
29375b56-4343-4591-a589-15a5482bbbe7,delivery,draft,DLV-20260314-0536,8df07ba2-3d2f-4e35-88e2-cca0b1d94fe1,,00000000-0000-0000-0000-000000000000,2025-07-16 09:01:54,2025-07-16 09:01:54
d7af46b3-5e25-4aae-97e3-b6ace03c4047,transfer,draft,TRF-20260314-0437,38ccdd71-12d2-4c71-9695-9035f7024127,0334e325-27bb-44d1-bfe5-ee8a21750a39,00000000-0000-0000-0000-000000000000,2025-05-17 09:01:54,2025-05-17 09:01:54
dbfea004-b203-42af-a1aa-de189a1a4711,receipt,completed,RCP-20260314-0498,,1218b0e4-ff7a-40fa-921a-da0ae9c2d721,00000000-0000-0000-0000-000000000000,2025-07-06 09:01:54,2025-07-06 09:01:54
22dd2ad5-8375-4d11-906e-f1b4f78a5beb,transfer,completed,TRF-20260314-0438,ce19f5f7-5b48-4d7c-bb71-95b6f9dfe6c2,32d50c4d-c165-4d1b-a755-6859b6c9c992,00000000-0000-0000-0000-000000000000,2025-09-21 09:01:54,2025-09-21 09:01:54
aecd08a4-f7f4-4b47-9d42-f5d1b3defa33,delivery,completed,DLV-20260314-0537,dbac7d67-f82e-451f-80e4-973751ed95f5,,00000000-0000-0000-0000-000000000000,2026-02-12 09:01:54,2026-02-12 09:01:54
b21493a2-21d8-4724-980f-ef725ba7a81c,transfer,completed,TRF-20260314-0439,a2f43bf7-6ac7-40fd-bbcc-d0b1b7fa5862,9f79a2c9-7c27-4f67-8cd5-c267afcd043b,00000000-0000-0000-0000-000000000000,2025-06-01 09:01:54,2025-06-01 09:01:54
03fb5b33-bbe2-4918-bf1c-2104dddb08f7,transfer,completed,TRF-20260314-0440,98b3dbf2-57b2-4241-9a28-7a8bc6061314,fd5d6090-1928-4bc1-b3ae-97a891a43b36,00000000-0000-0000-0000-000000000000,2025-05-20 09:01:54,2025-05-20 09:01:54
aae8518c-ae0c-47ae-96e0-4f6ffdb3ef5b,delivery,completed,DLV-20260314-0538,baada7d4-4dfc-466b-a9a2-2a8940125e80,,00000000-0000-0000-0000-000000000000,2025-04-22 09:01:54,2025-04-22 09:01:54
00639853-3073-40e3-b6f4-9a6d44e637f8,delivery,completed,DLV-20260314-0539,6f09593b-cb03-4ec3-91d0-815e10783fb6,,00000000-0000-0000-0000-000000000000,2026-01-20 09:01:54,2026-01-20 09:01:54
cba521c1-f193-456f-bcb0-f6428ef4416c,delivery,completed,DLV-20260314-0540,349eed37-1ed1-4a85-a5d8-8b5b64f4f3ff,,00000000-0000-0000-0000-000000000000,2026-01-02 09:01:54,2026-01-02 09:01:54
bab44482-3463-4c22-b4b5-f43584c8b403,receipt,draft,RCP-20260314-0499,,705e7ffe-5a79-42f6-b88f-a51f2ec6c01a,00000000-0000-0000-0000-000000000000,2025-09-11 09:01:54,2025-09-11 09:01:54
ee65a3ef-c9dd-4525-9f03-792ccd9352c2,transfer,draft,TRF-20260314-0441,a2f43bf7-6ac7-40fd-bbcc-d0b1b7fa5862,f0390c75-e97d-408c-89e9-989f3912b4e9,00000000-0000-0000-0000-000000000000,2025-04-17 09:01:54,2025-04-17 09:01:54
2fba5840-f835-46c7-bc36-736f7e3e9072,adjustment,completed,ADJ-20260314-0281,8a5f5cae-59ee-4027-8d5a-d09c4bad620f,,00000000-0000-0000-0000-000000000000,2026-02-08 09:01:54,2026-02-08 09:01:54
9651f56c-4319-4f88-ac4f-20fc1f312dfe,delivery,completed,DLV-20260314-0541,5bd8d390-11e0-4acf-83ce-6f34aac52a58,,00000000-0000-0000-0000-000000000000,2025-11-03 09:01:54,2025-11-03 09:01:54
512882b0-d003-4625-b5a4-9f980613f644,receipt,completed,RCP-20260314-0500,,266b736d-9bc4-4916-95d1-cb388015cfb6,00000000-0000-0000-0000-000000000000,2025-10-15 09:01:54,2025-10-15 09:01:54
b2f7573e-db11-4881-9e78-d682621d0ca2,receipt,completed,RCP-20260314-0501,,4fd14063-544c-4b04-a807-6eafe07e9bfd,00000000-0000-0000-0000-000000000000,2025-10-26 09:01:54,2025-10-26 09:01:54
81333b3c-bd50-43fd-8e0a-7ab5447a7b31,transfer,completed,TRF-20260314-0442,89dfc6cd-4cdb-4fec-a9fc-5e92cf648206,5020279c-325c-4635-a61f-f41b70cfc613,00000000-0000-0000-0000-000000000000,2025-10-05 09:01:54,2025-10-05 09:01:54
e77bd424-30f0-4081-9a05-cc5d53558a9f,delivery,completed,DLV-20260314-0542,ec42ee25-2e4e-430b-9e60-b6cd1947dbc9,,00000000-0000-0000-0000-000000000000,2025-03-19 09:01:54,2025-03-19 09:01:54
176278d2-8726-4a69-8ddc-fc905e123dfb,receipt,confirmed,RCP-20260314-0502,,7b0f5cbb-59dd-4df5-919f-e2b1beb375ea,00000000-0000-0000-0000-000000000000,2025-12-12 09:01:54,2025-12-12 09:01:54
34439bd2-b613-49c4-98da-da780360e6a7,transfer,draft,TRF-20260314-0443,d4847294-6bcf-4e03-94ea-7ff186e384ff,526f6f87-a7f5-4fa8-b644-bb381a88597d,00000000-0000-0000-0000-000000000000,2026-03-01 09:01:54,2026-03-01 09:01:54
20e79c65-4c92-44fd-ae29-c5d712f82407,transfer,completed,TRF-20260314-0444,8547e60f-4b9d-4a64-bfc3-1ce2831030b0,7dab9647-cc4c-4e35-97d3-2198553f8051,00000000-0000-0000-0000-000000000000,2025-07-29 09:01:54,2025-07-29 09:01:54
6c94d08d-d294-46c6-9b1d-68e41b35a446,transfer,completed,TRF-20260314-0445,1c45630d-8ac7-4d11-9482-8c75852bb655,16bb109a-a46f-4da3-a96e-fb439e43ce0d,00000000-0000-0000-0000-000000000000,2025-04-27 09:01:54,2025-04-27 09:01:54
162e8b54-8b77-48af-857f-94339e9b87ce,transfer,confirmed,TRF-20260314-0446,a0a20796-41ca-4acd-9d1c-dbe1068bdf51,28489d58-3997-4d6b-b825-df82210bfabe,00000000-0000-0000-0000-000000000000,2025-08-19 09:01:54,2025-08-19 09:01:54
6d5b7b28-a1be-4191-9f5b-dc138715269f,receipt,completed,RCP-20260314-0503,,e9e7f2fa-7589-470d-9b03-63c9b3d401a1,00000000-0000-0000-0000-000000000000,2025-12-05 09:01:54,2025-12-05 09:01:54
684a0ac5-3fb3-48be-90f2-a6bdd8d4f59a,delivery,draft,DLV-20260314-0543,91dd6045-2a2c-4c90-841b-d3c891fe8312,,00000000-0000-0000-0000-000000000000,2025-07-13 09:01:54,2025-07-13 09:01:54
10e5def7-ed93-4e3b-8e91-8147f9b62f68,delivery,completed,DLV-20260314-0544,5758ae10-7542-4934-8a5d-35646fb2c1c8,,00000000-0000-0000-0000-000000000000,2025-08-27 09:01:54,2025-08-27 09:01:54
f1dba3a1-eea8-4f2a-be09-16a47feb49d4,transfer,draft,TRF-20260314-0447,1f82856b-3f30-48f4-83c0-e2658c932429,30acb5aa-3f0a-4cb7-bc01-6f97c9f5e5f9,00000000-0000-0000-0000-000000000000,2025-10-14 09:01:54,2025-10-14 09:01:54
83455c96-e9cf-4ef2-98ec-7d646fd53198,delivery,completed,DLV-20260314-0545,75e4c30f-c0ed-4c41-828e-a25120d90736,,00000000-0000-0000-0000-000000000000,2025-11-03 09:01:54,2025-11-03 09:01:54
852e9e6e-1617-467d-9cdf-83efafb04a50,delivery,completed,DLV-20260314-0546,732759d6-13a1-4ac2-8c83-9b145d1a862a,,00000000-0000-0000-0000-000000000000,2025-06-01 09:01:54,2025-06-01 09:01:54
bee94ba9-2bdc-428a-851b-ce6e2f73240a,receipt,completed,RCP-20260314-0504,,2444c0bc-6e34-45bd-a142-1421001a5f44,00000000-0000-0000-0000-000000000000,2026-01-20 09:01:54,2026-01-20 09:01:54
df07bb9d-6236-48ef-b16e-8a393b15ecd5,receipt,draft,RCP-20260314-0505,,91c6b772-d789-4efd-ba9f-66579876a602,00000000-0000-0000-0000-000000000000,2025-07-05 09:01:54,2025-07-05 09:01:54
29e81604-326f-4dc8-a434-b522867a9e7a,receipt,completed,RCP-20260314-0506,,7e4726e6-0e56-4127-96db-376900ca12d7,00000000-0000-0000-0000-000000000000,2025-05-22 09:01:54,2025-05-22 09:01:54
b7d9a266-22ee-4d9d-912c-1f95c7171c52,receipt,draft,RCP-20260314-0507,,643dbc1b-a7f8-438c-8498-81d2545a9929,00000000-0000-0000-0000-000000000000,2025-09-12 09:01:54,2025-09-12 09:01:54
8eff8a6a-f6aa-4e51-b145-8672461daacf,transfer,completed,TRF-20260314-0448,a4eb0477-1c73-4371-8f2d-cf8bc346ea1c,2e23c6c6-9832-40de-b982-5776007557f6,00000000-0000-0000-0000-000000000000,2025-07-11 09:01:54,2025-07-11 09:01:54
2405da29-b257-4091-80fa-146b8ef106f1,receipt,draft,RCP-20260314-0508,,1f71c16b-495f-435c-b879-cd4ed285258c,00000000-0000-0000-0000-000000000000,2025-12-25 09:01:54,2025-12-25 09:01:54
b8a035a9-bb81-4145-be9a-3193bf9ea93f,receipt,draft,RCP-20260314-0509,,f3c68f3f-f0e7-474b-b7e1-26c15e6f30c2,00000000-0000-0000-0000-000000000000,2026-02-22 09:01:54,2026-02-22 09:01:54
24a9dcdb-fbe6-4bdc-b3bd-4b760c3bc5f5,receipt,completed,RCP-20260314-0510,,577fe758-0d1c-4706-bee7-7c1e970893d9,00000000-0000-0000-0000-000000000000,2026-03-05 09:01:54,2026-03-05 09:01:54
7a1bfec6-b3c7-43f2-b05c-8c6de372ed8a,transfer,completed,TRF-20260314-0449,055ccdbb-8eae-4ef7-a375-2d35c0416420,a58b56ff-b435-4643-b9c9-3751d2711afd,00000000-0000-0000-0000-000000000000,2025-12-16 09:01:54,2025-12-16 09:01:54
d45d21bd-4b5e-4209-a0d4-65df15e24396,delivery,completed,DLV-20260314-0547,160b192f-aa1d-45d6-b645-2f36f77cc132,,00000000-0000-0000-0000-000000000000,2025-05-31 09:01:54,2025-05-31 09:01:54
2e55df5c-e539-4bdf-b0f3-8b98c5003cd2,transfer,draft,TRF-20260314-0450,3af3d6ae-5150-4152-9d43-38ed27bf2bff,4e71a3c9-ec22-4e89-99c7-54a4137a4c4c,00000000-0000-0000-0000-000000000000,2025-06-09 09:01:54,2025-06-09 09:01:54
40ac914e-90a6-459f-bab1-62c81c2eab39,transfer,completed,TRF-20260314-0451,ba2675dc-d7d0-4455-836c-a159ac7ab01d,6d4d70a3-9d53-4274-bf13-9785bb307982,00000000-0000-0000-0000-000000000000,2025-06-25 09:01:54,2025-06-25 09:01:54
241f8e1c-19ec-4bbe-b95f-82b4a758b8b3,adjustment,completed,ADJ-20260314-0282,436ce19e-56bb-442d-88d3-49d46429ef16,,00000000-0000-0000-0000-000000000000,2025-11-28 09:01:54,2025-11-28 09:01:54
5dd2e759-cd82-452c-9a1c-5528670f79b9,transfer,draft,TRF-20260314-0452,306d7d16-2041-43a9-bea3-2f5427718930,9faa8299-6609-412c-8803-c90ec33550ed,00000000-0000-0000-0000-000000000000,2025-11-02 09:01:54,2025-11-02 09:01:54
d5c8856d-b269-43c5-b8fc-62452ce08ad1,transfer,draft,TRF-20260314-0453,c4ded5c5-3aaa-451f-b37b-cb23b1158b30,54fb178f-658a-4ec7-bed6-04bea33bdd3a,00000000-0000-0000-0000-000000000000,2026-02-16 09:01:54,2026-02-16 09:01:54
b756e78b-b046-44ce-9e45-d9bd5bb1bd37,adjustment,completed,ADJ-20260314-0283,404f8418-78c8-42e6-8925-09ac42dcfe3a,,00000000-0000-0000-0000-000000000000,2026-01-24 09:01:54,2026-01-24 09:01:54
e18f7856-f555-4795-8831-9be3b476bfb0,receipt,completed,RCP-20260314-0511,,bb0bf463-4579-41b5-bd89-3ab957aa8f72,00000000-0000-0000-0000-000000000000,2025-11-01 09:01:54,2025-11-01 09:01:54
fcd0cdc7-5762-4a8a-87f2-46d7c51795d4,receipt,completed,RCP-20260314-0512,,a8fb085c-135a-47d2-9687-69e699916536,00000000-0000-0000-0000-000000000000,2025-12-11 09:01:54,2025-12-11 09:01:54
dec1a5c6-d7a5-4963-9a06-f507171881f8,receipt,confirmed,RCP-20260314-0513,,2ba03ba3-da4f-4a75-8b1a-62a829fe9a11,00000000-0000-0000-0000-000000000000,2025-03-23 09:01:54,2025-03-23 09:01:54
d116c682-9886-4a9c-b93d-684a5b14bd8a,adjustment,draft,ADJ-20260314-0284,af227270-8713-49bd-baff-9728cbc3e03f,,00000000-0000-0000-0000-000000000000,2025-06-15 09:01:54,2025-06-15 09:01:54
9f455da6-e41c-43b4-97d2-f664304463c4,receipt,completed,RCP-20260314-0514,,1ae6ea69-c6c9-4464-9178-23827d394825,00000000-0000-0000-0000-000000000000,2025-11-18 09:01:54,2025-11-18 09:01:54
374c0f50-3f51-4f5c-897b-038ad8ff0b08,transfer,confirmed,TRF-20260314-0454,a540640a-05ed-4e1f-909d-d34c20f2bfce,c7a52522-6375-4935-bc00-8492cd69226e,00000000-0000-0000-0000-000000000000,2025-07-26 09:01:54,2025-07-26 09:01:54
a0ed056b-0919-4898-9ebe-492ab77eeef5,receipt,completed,RCP-20260314-0515,,58927ee7-8c43-46d1-a721-86cce8bc880b,00000000-0000-0000-0000-000000000000,2025-06-14 09:01:54,2025-06-14 09:01:54
f89e40f6-5448-4b87-9661-f2258047638f,delivery,draft,DLV-20260314-0548,4ac3a87f-af96-4009-b4b6-b7b410e38516,,00000000-0000-0000-0000-000000000000,2025-10-12 09:01:54,2025-10-12 09:01:54
03be8e0c-da93-45d2-9fa8-64813d78b387,delivery,draft,DLV-20260314-0549,2f7c755a-8688-474d-9da8-d9a73c8d03a4,,00000000-0000-0000-0000-000000000000,2025-09-14 09:01:54,2025-09-14 09:01:54
376b03c9-0adc-4232-99a2-0b50af594987,adjustment,completed,ADJ-20260314-0285,274e0eab-119b-4965-bd82-8b2b00f11162,,00000000-0000-0000-0000-000000000000,2026-02-24 09:01:54,2026-02-24 09:01:54
017cd0a3-7041-4b83-93f0-8f100833b1fe,transfer,completed,TRF-20260314-0455,6ffe784a-48e5-4a8d-9d9f-8cb567f7cd23,778688b4-16ce-4423-9b1c-642158f4877a,00000000-0000-0000-0000-000000000000,2025-04-21 09:01:54,2025-04-21 09:01:54
60957a61-8d15-4859-b83a-0acce9356357,delivery,completed,DLV-20260314-0550,b27a4d03-04a3-4d5a-b1be-58d7324e99bd,,00000000-0000-0000-0000-000000000000,2025-10-30 09:01:54,2025-10-30 09:01:54
66bc003f-966a-4076-b518-ea0de5b9f22b,receipt,draft,RCP-20260314-0516,,25ba2f06-c2a6-42c8-90a4-68ac2eab1053,00000000-0000-0000-0000-000000000000,2025-09-09 09:01:54,2025-09-09 09:01:54
25885149-0c1d-4c8f-ac13-59627562875c,delivery,completed,DLV-20260314-0551,0596d49a-328e-40a5-8281-8d8b2ef6824d,,00000000-0000-0000-0000-000000000000,2025-11-29 09:01:54,2025-11-29 09:01:54
3da6a6a3-8c40-4f7a-a2ee-cf70d469bd9b,transfer,draft,TRF-20260314-0456,a4eb0477-1c73-4371-8f2d-cf8bc346ea1c,d02ef840-5346-418d-bdd8-431ca09636b5,00000000-0000-0000-0000-000000000000,2025-10-26 09:01:54,2025-10-26 09:01:54
03c981b5-9473-4173-b192-09ae39c68898,transfer,draft,TRF-20260314-0457,87d2225f-5db4-45a3-865f-8db2751e5de9,aa0a8b03-7298-48a2-8b24-58db041f0441,00000000-0000-0000-0000-000000000000,2025-05-31 09:01:54,2025-05-31 09:01:54
5d42420c-3b66-4b65-8706-cf9658a7d534,receipt,draft,RCP-20260314-0517,,f0637590-1867-48a5-9793-439f2b46b8c9,00000000-0000-0000-0000-000000000000,2025-07-07 09:01:54,2025-07-07 09:01:54
d8b393c7-2086-47d3-acd7-6565fae139f4,receipt,draft,RCP-20260314-0518,,f9aaebd6-a4b6-4f99-ad2f-ebafd9ce4a21,00000000-0000-0000-0000-000000000000,2025-10-12 09:01:54,2025-10-12 09:01:54
de9a0f99-0337-4696-a380-1f93a51f5ff4,transfer,completed,TRF-20260314-0458,1969cd73-1977-4d13-b65a-04c111c0bf57,9bec517e-9e8f-4f7b-a4bd-1e0b0c2583a1,00000000-0000-0000-0000-000000000000,2026-03-12 09:01:54,2026-03-12 09:01:54
e92480d9-7502-4bce-bc8f-ca91b452507d,receipt,draft,RCP-20260314-0519,,82c59e8a-a54b-4cba-ae32-5ff2a9f8c6f9,00000000-0000-0000-0000-000000000000,2025-08-21 09:01:54,2025-08-21 09:01:54
95f9979b-bc8f-4810-a2a7-ddfbcf4f5fec,receipt,completed,RCP-20260314-0520,,c5e71d9d-4fe7-42a8-99f2-28728e15c61a,00000000-0000-0000-0000-000000000000,2025-11-28 09:01:54,2025-11-28 09:01:54
4dbd6a01-9d64-4a20-b157-76e1b49133cc,transfer,completed,TRF-20260314-0459,f9bebe33-775a-4a96-a134-bc232d075977,965b68e2-e452-4ff8-a080-505a2d6409f9,00000000-0000-0000-0000-000000000000,2026-01-31 09:01:54,2026-01-31 09:01:54
90f935b7-3958-4837-a90b-a9ba35086e4c,adjustment,draft,ADJ-20260314-0286,b070ba21-8dce-490c-b763-6c8c36fffbb3,,00000000-0000-0000-0000-000000000000,2026-02-21 09:01:54,2026-02-21 09:01:54
eb319eaa-c759-49d4-9137-65bfe9310513,transfer,confirmed,TRF-20260314-0460,b070ba21-8dce-490c-b763-6c8c36fffbb3,e42f51fb-1d4c-4c71-8556-cafd00a2728d,00000000-0000-0000-0000-000000000000,2025-10-15 09:01:54,2025-10-15 09:01:54
c9a062f3-28fb-4cea-9da3-d37bc832adcb,transfer,completed,TRF-20260314-0461,4fb59a0e-8740-435a-a708-66fa465933ac,fa51f812-6a53-4dc9-ace6-e80c3f3bee58,00000000-0000-0000-0000-000000000000,2025-03-14 09:01:54,2025-03-14 09:01:54
be5daa87-ba32-4fbf-b17a-571ff0705279,receipt,completed,RCP-20260314-0521,,88a5b4e7-a242-4da6-a2ca-8f1d13c985eb,00000000-0000-0000-0000-000000000000,2025-03-30 09:01:54,2025-03-30 09:01:54
14ffe337-a6ff-497d-882c-612d3b8d6015,transfer,completed,TRF-20260314-0462,55a8a682-89c3-4cdc-9b3d-25035c637c3e,9321b224-3b9c-4774-b9e4-959590e86508,00000000-0000-0000-0000-000000000000,2025-10-30 09:01:54,2025-10-30 09:01:54
b34797e9-cfbd-4166-91bd-54bab297caf7,transfer,completed,TRF-20260314-0463,b38d5719-406c-4aee-b1c0-33f48409ff5d,85a582b8-6a78-45e5-b298-954ef8af83d2,00000000-0000-0000-0000-000000000000,2025-07-19 09:01:54,2025-07-19 09:01:54
c3e1f6a4-37c3-4eda-9271-c10daad36094,adjustment,completed,ADJ-20260314-0287,b1a1c355-171b-4af2-b688-e4f466d3f0c3,,00000000-0000-0000-0000-000000000000,2025-06-10 09:01:54,2025-06-10 09:01:54
0c65db68-c660-4ba8-9053-edbf11c2f916,receipt,completed,RCP-20260314-0522,,3696ebf5-fb84-4c4f-a73d-786d7e0ce748,00000000-0000-0000-0000-000000000000,2025-12-24 09:01:54,2025-12-24 09:01:54
c940790b-06ca-40e6-9595-28361fc965f8,receipt,completed,RCP-20260314-0523,,edf7c0fe-b917-4245-9086-977749f2bff1,00000000-0000-0000-0000-000000000000,2025-07-21 09:01:54,2025-07-21 09:01:54
83899bce-54e5-49e4-b6b4-eb9c500bb3ae,delivery,confirmed,DLV-20260314-0552,321afa7a-e016-46ba-b853-1feaa10fc9f7,,00000000-0000-0000-0000-000000000000,2025-04-21 09:01:54,2025-04-21 09:01:54
c2b05932-fd9e-4b02-bb26-cb0ee5cf727b,receipt,completed,RCP-20260314-0524,,39e5f700-ecab-41ec-a869-ff3162350eb0,00000000-0000-0000-0000-000000000000,2025-07-17 09:01:54,2025-07-17 09:01:54
c4b07d57-f4da-4d47-94cb-f3cc2e13a720,transfer,draft,TRF-20260314-0464,70472a5a-49f8-4272-8541-1230dca8b079,efdde152-a7a3-4740-bbd3-c03de6185675,00000000-0000-0000-0000-000000000000,2025-08-06 09:01:54,2025-08-06 09:01:54
9c24a32c-1a4f-4f2b-b1c8-038c65d7a625,delivery,completed,DLV-20260314-0553,7b57c9b6-c9f9-49e0-bffc-cff24f700341,,00000000-0000-0000-0000-000000000000,2026-03-04 09:01:54,2026-03-04 09:01:54
2d55f5fb-732c-4efd-871c-9400f0070802,transfer,draft,TRF-20260314-0465,a57bbaa5-c4cd-4c4a-8727-4a44cbdc6472,ca8b139d-e800-47f8-a97a-513bc0131289,00000000-0000-0000-0000-000000000000,2026-02-09 09:01:54,2026-02-09 09:01:54
a4bc9a25-7f31-46d5-aca1-63ac914400ae,receipt,completed,RCP-20260314-0525,,aa360443-d1d6-4421-826a-2d2c4ac06d27,00000000-0000-0000-0000-000000000000,2025-06-24 09:01:54,2025-06-24 09:01:54
a76d52d7-46f1-4d4f-82a7-9de4bd764130,transfer,completed,TRF-20260314-0466,ccc8b311-ff2c-4b75-a68d-7f90428091e0,b9ab169b-e28c-4986-be18-f4d5574c5fa0,00000000-0000-0000-0000-000000000000,2025-08-18 09:01:54,2025-08-18 09:01:54
c683c389-a9c1-422d-8c39-83bafb74c33c,delivery,completed,DLV-20260314-0554,d5b1e8e0-4614-457e-a38f-79cdbf652974,,00000000-0000-0000-0000-000000000000,2025-06-01 09:01:54,2025-06-01 09:01:54
9fd716c6-e690-4ed9-8b73-44ce97a5ad4b,delivery,draft,DLV-20260314-0555,6954fd8a-4791-480f-9379-53254e09b4b2,,00000000-0000-0000-0000-000000000000,2025-10-22 09:01:54,2025-10-22 09:01:54
76e6e754-aa7b-49f4-a32a-4de606045df7,receipt,draft,RCP-20260314-0526,,391ab42d-820f-47a3-a796-4f1a11fd0742,00000000-0000-0000-0000-000000000000,2025-11-22 09:01:54,2025-11-22 09:01:54
4679c04d-95a9-4a4c-9d10-85ed464e6d46,delivery,completed,DLV-20260314-0556,84974358-ff2c-4f93-b00d-178243b06a46,,00000000-0000-0000-0000-000000000000,2025-05-30 09:01:54,2025-05-30 09:01:54
542c8ce2-d14b-4caa-995e-03c401b8cb3c,delivery,completed,DLV-20260314-0557,e18045e9-811a-4d3a-b7ab-d41b09562309,,00000000-0000-0000-0000-000000000000,2026-03-07 09:01:54,2026-03-07 09:01:54
49328912-f744-4929-b790-07fd2c5179ac,delivery,draft,DLV-20260314-0558,e56d368e-1399-4582-8791-d07e1f8f5aef,,00000000-0000-0000-0000-000000000000,2025-04-07 09:01:54,2025-04-07 09:01:54
3ef5d9ec-29ad-4dec-b0bc-cf7e8fc49d14,delivery,draft,DLV-20260314-0559,c65b55a9-990f-44ca-8b6e-931060c65f5f,,00000000-0000-0000-0000-000000000000,2025-05-01 09:01:54,2025-05-01 09:01:54
351b3bb5-2319-4704-94db-6a0d7a50ecd9,delivery,completed,DLV-20260314-0560,93d41d66-13f8-48c9-bc89-8caeacb8e84e,,00000000-0000-0000-0000-000000000000,2025-03-22 09:01:54,2025-03-22 09:01:54
3b977044-4773-4141-8812-28f8c04328b9,delivery,completed,DLV-20260314-0561,b0812e2e-9283-4cef-9988-6da0c8202ffe,,00000000-0000-0000-0000-000000000000,2026-03-11 09:01:54,2026-03-11 09:01:54
8f05c1aa-951b-4874-a3c2-8abd5fdb73eb,receipt,draft,RCP-20260314-0527,,46b4861b-230f-44a8-899b-0f96747fe4ba,00000000-0000-0000-0000-000000000000,2025-11-29 09:01:54,2025-11-29 09:01:54
78bcfc78-5904-4e37-86e5-257748fcb0a2,delivery,draft,DLV-20260314-0562,7e4e93e9-dd84-4ba2-8fa7-f06fb2457dd8,,00000000-0000-0000-0000-000000000000,2026-02-08 09:01:54,2026-02-08 09:01:54
5ca82bae-7a76-43da-8ba5-aece15e5ce50,adjustment,draft,ADJ-20260314-0288,5fb839ea-4314-44ad-9be7-319a9bd82710,,00000000-0000-0000-0000-000000000000,2026-03-07 09:01:54,2026-03-07 09:01:54
eb716a6c-4962-4442-a612-7881af1c31d2,transfer,completed,TRF-20260314-0467,297b9554-827f-4f11-aad4-c2d73da1db1f,9b5786a6-68d2-4f4b-8fbf-3fd28f221d2a,00000000-0000-0000-0000-000000000000,2025-09-09 09:01:54,2025-09-09 09:01:54
f96cbaf4-a598-4132-aa85-ec09db563b0b,delivery,completed,DLV-20260314-0563,87d2225f-5db4-45a3-865f-8db2751e5de9,,00000000-0000-0000-0000-000000000000,2025-04-01 09:01:54,2025-04-01 09:01:54
d3191f04-7453-4ceb-abc1-41c6596bbbac,receipt,completed,RCP-20260314-0528,,cb2faf2d-25c0-40f3-b41c-d14053c028f6,00000000-0000-0000-0000-000000000000,2025-04-01 09:01:54,2025-04-01 09:01:54
4941d5c6-5606-4db8-b5dd-7edce6b3177f,transfer,completed,TRF-20260314-0468,2f026e84-479c-4f58-b544-55819996b46e,f993d89a-f170-4561-91c4-1bf56377f655,00000000-0000-0000-0000-000000000000,2026-01-25 09:01:54,2026-01-25 09:01:54
36d16c0c-a0fc-4e3d-972c-cc3f5ab752a5,transfer,completed,TRF-20260314-0469,3526145f-d99f-4fa8-bd37-5cc528b9360a,c46e2077-4a57-4c9b-a7f1-b94729149961,00000000-0000-0000-0000-000000000000,2025-05-28 09:01:54,2025-05-28 09:01:54
c4faeee1-5bf7-44b8-821f-0051c402c929,receipt,confirmed,RCP-20260314-0529,,a197505a-f013-4e19-b746-ff9d5c183cb4,00000000-0000-0000-0000-000000000000,2026-02-07 09:01:54,2026-02-07 09:01:54
2da9855a-823e-4ff3-8539-29f35ffe7e2e,receipt,draft,RCP-20260314-0530,,c34438cc-428c-48f5-bbf0-458d97d1b602,00000000-0000-0000-0000-000000000000,2025-05-01 09:01:54,2025-05-01 09:01:54
abc2581d-53be-452f-b366-039581286fae,transfer,completed,TRF-20260314-0470,1b79e8b9-513e-4a63-9fc2-939f841fb5e1,1c5574d9-3695-40ae-9f60-bd9440251eff,00000000-0000-0000-0000-000000000000,2025-05-25 09:01:54,2025-05-25 09:01:54
2fdeb025-4444-4d5a-8942-9df605070096,delivery,completed,DLV-20260314-0564,dbc25f58-0f4e-4475-80f6-7a09bface654,,00000000-0000-0000-0000-000000000000,2025-06-07 09:01:54,2025-06-07 09:01:54
a051c9d7-e222-4c1d-a06d-f099d7d0a88c,delivery,completed,DLV-20260314-0565,75096d39-9337-4b18-87ae-f1b8d93cf90d,,00000000-0000-0000-0000-000000000000,2025-03-28 09:01:54,2025-03-28 09:01:54
fd10d653-1938-4776-96fe-48b311ee9522,receipt,completed,RCP-20260314-0531,,4769da2d-10d1-4a67-97b0-1283a30bdf58,00000000-0000-0000-0000-000000000000,2026-01-13 09:01:54,2026-01-13 09:01:54
af8830d0-9864-40ab-b869-4fb519eb7d3b,delivery,completed,DLV-20260314-0566,ff8f1cfe-6fde-48dc-8830-3e58d2321771,,00000000-0000-0000-0000-000000000000,2025-10-27 09:01:54,2025-10-27 09:01:54
18760917-d1d5-4025-9af6-250c4d624469,transfer,completed,TRF-20260314-0471,3e9ce6e2-672a-4d63-8084-c0c4d3b01763,48ff8bd8-a41a-4b26-927c-a5d99542a778,00000000-0000-0000-0000-000000000000,2025-08-13 09:01:54,2025-08-13 09:01:54
0a65bd06-d795-4e46-82c8-1cf2109f7039,receipt,draft,RCP-20260314-0532,,8ab66013-1fdd-4f0c-a2d7-f0992b2d033c,00000000-0000-0000-0000-000000000000,2025-08-06 09:01:54,2025-08-06 09:01:54
f2bcdd38-21ac-4059-93ac-a435d8a4bab8,receipt,completed,RCP-20260314-0533,,de40e98b-5689-4328-b555-eff60cb5bf01,00000000-0000-0000-0000-000000000000,2025-11-17 09:01:54,2025-11-17 09:01:54
80e402f4-592e-4c2d-88d8-65b9ebff0a4d,receipt,completed,RCP-20260314-0534,,8d0510dd-05f7-4053-8db7-e673a81e542d,00000000-0000-0000-0000-000000000000,2025-12-05 09:01:54,2025-12-05 09:01:54
e9c85773-f683-40b0-87a0-610b84b7a699,receipt,completed,RCP-20260314-0535,,90b35d60-c247-4350-bdc0-38bbc251b1b3,00000000-0000-0000-0000-000000000000,2025-06-08 09:01:54,2025-06-08 09:01:54
333af089-7ea1-400e-b994-2c919e64c1f8,receipt,completed,RCP-20260314-0536,,5ff197a4-12d8-49fc-9d3d-bb3c0d0ba133,00000000-0000-0000-0000-000000000000,2025-05-09 09:01:54,2025-05-09 09:01:54
c4729644-cd65-4055-b28e-fdc0ae002f41,transfer,confirmed,TRF-20260314-0472,acab8db9-7b79-49dd-a24c-473c5ee1768e,bbc58e5a-4836-461e-aaac-f9df3fe474c4,00000000-0000-0000-0000-000000000000,2025-07-07 09:01:54,2025-07-07 09:01:54
37b17b02-4e20-48a6-8563-a80a42be2001,delivery,draft,DLV-20260314-0567,f5908d4a-9860-4135-bc4e-7e5dc06cf21a,,00000000-0000-0000-0000-000000000000,2026-01-02 09:01:54,2026-01-02 09:01:54
87c47f82-c6b1-4c4e-9a34-19d891971f4b,transfer,completed,TRF-20260314-0473,e5ae6f9a-8dc9-4a8d-9cbd-f22c85b38b39,bb90713a-b734-4354-a468-dd15c74ccd46,00000000-0000-0000-0000-000000000000,2025-09-04 09:01:54,2025-09-04 09:01:54
151acb9a-2bce-4f22-9b33-422b65e71154,receipt,completed,RCP-20260314-0537,,2eca2cca-e0b2-40f2-9175-da3129f601c8,00000000-0000-0000-0000-000000000000,2025-05-31 09:01:54,2025-05-31 09:01:54
9132b333-dfcf-4701-a8e5-5acb8e964561,transfer,completed,TRF-20260314-0474,8bbaf34c-5349-4bff-bdbb-8ba4f69012f1,d2ca548f-4b22-4d23-871f-db2ece5bd582,00000000-0000-0000-0000-000000000000,2025-04-21 09:01:54,2025-04-21 09:01:54
f0aec297-12ab-4aee-90af-90b022a87782,delivery,completed,DLV-20260314-0568,1ae6ea69-c6c9-4464-9178-23827d394825,,00000000-0000-0000-0000-000000000000,2026-03-05 09:01:54,2026-03-05 09:01:54
28896b18-2004-49d3-a63b-06e567854485,receipt,completed,RCP-20260314-0538,,8a04eb2a-19de-44b9-a803-07943e61a2a1,00000000-0000-0000-0000-000000000000,2025-05-17 09:01:54,2025-05-17 09:01:54
5eb82801-94dc-41f0-9d32-0492bcedfd41,receipt,completed,RCP-20260314-0539,,e29041ac-b3af-4953-ac83-3f2791a3c444,00000000-0000-0000-0000-000000000000,2025-05-28 09:01:54,2025-05-28 09:01:54
bcb78ccd-adc3-4cfc-8a83-824f9ebec704,delivery,completed,DLV-20260314-0569,1cf899c8-9687-4fe5-b722-3ca6a3bd3d02,,00000000-0000-0000-0000-000000000000,2025-12-20 09:01:54,2025-12-20 09:01:54
d348ae99-4c6e-46dd-a25e-fc513d8d13a2,receipt,completed,RCP-20260314-0540,,38b522e4-9221-4242-aa42-dd1fcc4076b3,00000000-0000-0000-0000-000000000000,2025-11-14 09:01:54,2025-11-14 09:01:54
5c305738-7b4c-47d7-ab58-b0f3183d30d0,delivery,completed,DLV-20260314-0570,2f34d634-af46-4c17-941b-fa7c9ee65517,,00000000-0000-0000-0000-000000000000,2025-08-11 09:01:54,2025-08-11 09:01:54
ed5a0fd6-f1af-4b1f-bffd-54f00981c689,delivery,draft,DLV-20260314-0571,c3780ad5-f844-4577-8a91-312b9345dbcc,,00000000-0000-0000-0000-000000000000,2025-11-21 09:01:54,2025-11-21 09:01:54
7a667dad-21e4-4f8a-92b1-20ef9cbfc0bd,delivery,draft,DLV-20260314-0572,2dd41aaf-94e1-4990-8ec8-005f57418b9a,,00000000-0000-0000-0000-000000000000,2025-11-20 09:01:54,2025-11-20 09:01:54
be4adcbf-f315-4bfc-998d-9c1a06a2a5b0,receipt,completed,RCP-20260314-0541,,d01410ae-07e5-4096-8902-d7c087e72d30,00000000-0000-0000-0000-000000000000,2025-04-27 09:01:54,2025-04-27 09:01:54
e2aa98a1-6e4b-4a34-8c6b-7c04ee0e51d7,adjustment,completed,ADJ-20260314-0289,681c9447-2b61-4aa7-af10-52aeb6cc4df0,,00000000-0000-0000-0000-000000000000,2025-08-30 09:01:54,2025-08-30 09:01:54
9b06b52a-fe3d-42a4-b13c-a80a004f19ff,transfer,completed,TRF-20260314-0475,eeb29cf5-0800-4eea-85ee-478668049573,adfa15f3-4074-4aef-a56f-759cc0640038,00000000-0000-0000-0000-000000000000,2025-05-29 09:01:54,2025-05-29 09:01:54
85e32147-4bfa-4aba-a606-db6acb62c163,transfer,confirmed,TRF-20260314-0476,a6127835-b5b7-43c5-bdc6-1dd37b5a41bd,9edc1e4f-2165-47f2-a154-f71f450b3c8a,00000000-0000-0000-0000-000000000000,2025-11-13 09:01:54,2025-11-13 09:01:54
18f3c5c4-8df8-4524-8648-50f50cabf04e,adjustment,draft,ADJ-20260314-0290,7328926a-8b78-4eb5-b87c-e42edbdbe5e4,,00000000-0000-0000-0000-000000000000,2025-10-07 09:01:54,2025-10-07 09:01:54
eed08ca4-1eb4-4c35-a9b8-3c768264c6a4,delivery,draft,DLV-20260314-0573,375ee7c9-3be7-4715-b025-4bbe6f85c2cf,,00000000-0000-0000-0000-000000000000,2026-02-17 09:01:54,2026-02-17 09:01:54
14d67665-93b0-4c1c-ab19-90dd6afdafa7,transfer,completed,TRF-20260314-0477,2bcb6de5-7482-41fd-81ea-98d878024ee6,b578b3a7-d0c9-44b3-ab8b-31b66c836bfb,00000000-0000-0000-0000-000000000000,2025-07-02 09:01:54,2025-07-02 09:01:54
68ef040d-175d-4625-a288-088bcbb5d51c,delivery,completed,DLV-20260314-0574,8c6463c4-e23b-44ab-a5ab-9bcb31296e7c,,00000000-0000-0000-0000-000000000000,2025-08-27 09:01:54,2025-08-27 09:01:54
3a393ec1-19ad-4755-b4f0-ba53b7737547,adjustment,draft,ADJ-20260314-0291,6a5f1b77-3dc4-4a69-b844-29767d17272d,,00000000-0000-0000-0000-000000000000,2025-08-16 09:01:54,2025-08-16 09:01:54
899fea42-beed-47fc-b407-ef5373b75e4b,transfer,completed,TRF-20260314-0478,a464622a-31f5-4f10-bac3-f562fdaf532f,9a27a047-3adc-40fb-bd28-4121c821b53c,00000000-0000-0000-0000-000000000000,2025-11-28 09:01:54,2025-11-28 09:01:54
716904b8-9423-4a0e-a8be-736595c8ac45,receipt,completed,RCP-20260314-0542,,2a92bfd3-2b44-4165-9770-7536d92bea6f,00000000-0000-0000-0000-000000000000,2025-07-18 09:01:54,2025-07-18 09:01:54
77f4d58e-34e6-41e7-9e79-59e85842cb8a,delivery,completed,DLV-20260314-0575,70858d65-676d-43f6-9cde-d384f9b577e4,,00000000-0000-0000-0000-000000000000,2025-07-02 09:01:54,2025-07-02 09:01:54
93c35bc6-04cb-4ebc-aa51-12994a5c527c,transfer,completed,TRF-20260314-0479,e70253e6-4655-474c-97ad-0f98df108237,9599a667-ad80-4832-a1b0-e939bee66949,00000000-0000-0000-0000-000000000000,2025-10-04 09:01:54,2025-10-04 09:01:54
2d8b65a7-e07a-4c3a-ad7b-12f78e5123d0,receipt,completed,RCP-20260314-0543,,96600637-db3f-4772-b431-9e9946224211,00000000-0000-0000-0000-000000000000,2025-04-11 09:01:54,2025-04-11 09:01:54
768bd3a8-663e-41dc-9ec3-19c09549a7c6,receipt,completed,RCP-20260314-0544,,09b75712-ded6-4ca9-ac9a-b1ff0c0d36bc,00000000-0000-0000-0000-000000000000,2026-01-27 09:01:54,2026-01-27 09:01:54
4e616352-d235-4bc0-9d09-2627ff4c4dd4,adjustment,completed,ADJ-20260314-0292,e88448e5-61c1-4c31-a92b-32d87adaa45d,,00000000-0000-0000-0000-000000000000,2026-03-03 09:01:54,2026-03-03 09:01:54
9855fd45-98c4-4f7c-a9c4-75b339c2759a,receipt,draft,RCP-20260314-0545,,4a1d672d-3338-4a86-9a4c-55443b9a4dd4,00000000-0000-0000-0000-000000000000,2025-06-03 09:01:54,2025-06-03 09:01:54
acd04ef5-4b44-459a-bcf6-cf16829406a9,adjustment,draft,ADJ-20260314-0293,648e46b5-1f05-4523-858d-0880c83ed0be,,00000000-0000-0000-0000-000000000000,2025-06-28 09:01:54,2025-06-28 09:01:54
650d3967-c220-4ea3-b147-4cc8f393eb9b,transfer,confirmed,TRF-20260314-0480,6954fd8a-4791-480f-9379-53254e09b4b2,ef898630-3a7f-43f8-b458-62030bed1643,00000000-0000-0000-0000-000000000000,2025-11-24 09:01:54,2025-11-24 09:01:54
ed8e5932-155a-4995-b6c7-5d56357ac5b6,receipt,confirmed,RCP-20260314-0546,,24738a11-0b2c-416a-99ad-8905353ad7dd,00000000-0000-0000-0000-000000000000,2025-05-05 09:01:54,2025-05-05 09:01:54
8e056b1c-ed0d-4d41-93c0-b5a58cb52cb8,delivery,draft,DLV-20260314-0576,660f4417-fa99-4696-a9fb-0d8f8afa130b,,00000000-0000-0000-0000-000000000000,2026-01-10 09:01:54,2026-01-10 09:01:54
80a39253-e8c9-4ee4-b1c7-5d64f2befd19,receipt,draft,RCP-20260314-0547,,4e9bef29-79cc-417f-8f15-a9d0bc586808,00000000-0000-0000-0000-000000000000,2025-09-26 09:01:54,2025-09-26 09:01:54
46377469-1a76-4f26-bc22-f26e5660eb76,transfer,completed,TRF-20260314-0481,c60901d1-5180-4a4c-9a27-029f30571d0a,75b7d22b-44cc-413b-a90d-8f7ea4d01800,00000000-0000-0000-0000-000000000000,2025-03-22 09:01:54,2025-03-22 09:01:54
5b1a2139-7e54-42b5-a53e-ec32c82a3a5d,receipt,completed,RCP-20260314-0548,,729a3145-33b9-499b-9138-941873d267ef,00000000-0000-0000-0000-000000000000,2025-03-29 09:01:54,2025-03-29 09:01:54
1ebb5b38-3bf5-431e-b961-eae17f6af749,delivery,completed,DLV-20260314-0577,5be5949b-a98c-4b1f-a96e-2d7b42a5a15b,,00000000-0000-0000-0000-000000000000,2025-09-05 09:01:54,2025-09-05 09:01:54
b882836b-8b6e-4173-a99f-ca4f897cdd02,receipt,completed,RCP-20260314-0549,,bebae4e1-c949-420b-a9a5-9cf3ff1f659b,00000000-0000-0000-0000-000000000000,2025-10-12 09:01:54,2025-10-12 09:01:54
61f74caf-180d-4a30-a095-b4519a4b8e94,receipt,completed,RCP-20260314-0550,,207d78b1-9873-4e07-b366-1d5ddf387033,00000000-0000-0000-0000-000000000000,2025-04-21 09:01:54,2025-04-21 09:01:54
7a980d18-0b75-4823-b089-355304ed28f2,delivery,completed,DLV-20260314-0578,241ba582-1062-4c71-81ee-629bf68396e8,,00000000-0000-0000-0000-000000000000,2025-06-08 09:01:54,2025-06-08 09:01:54
3af5e383-0a53-4c3e-8697-d5ab713a5648,adjustment,completed,ADJ-20260314-0294,8c6463c4-e23b-44ab-a5ab-9bcb31296e7c,,00000000-0000-0000-0000-000000000000,2025-04-28 09:01:54,2025-04-28 09:01:54
0848cb33-b0cc-4d50-99c1-9dcd1ace9383,delivery,draft,DLV-20260314-0579,877cc27f-e5c2-4310-99f8-045d9bbbb746,,00000000-0000-0000-0000-000000000000,2025-05-28 09:01:54,2025-05-28 09:01:54
14fe5cbf-74bf-4f38-8ee4-420b94a4bbee,receipt,completed,RCP-20260314-0551,,fb946880-dfbf-4c94-a9be-7d6f9bf8cdea,00000000-0000-0000-0000-000000000000,2025-12-06 09:01:54,2025-12-06 09:01:54
1476f5b4-4d0f-403c-97d8-65ce918bbabe,delivery,completed,DLV-20260314-0580,814488c8-f0f1-4995-b936-b4e8e9f00a67,,00000000-0000-0000-0000-000000000000,2025-07-16 09:01:54,2025-07-16 09:01:54
351399aa-1e77-4c17-9f50-40072e00bcb6,receipt,completed,RCP-20260314-0552,,9c46c560-1f37-46db-b381-02a17da66c4c,00000000-0000-0000-0000-000000000000,2025-05-03 09:01:54,2025-05-03 09:01:54
fcb21255-abb4-48d7-9717-1335616c85ea,delivery,confirmed,DLV-20260314-0581,a03bb62f-6a59-41cf-85df-38325ad64ba5,,00000000-0000-0000-0000-000000000000,2025-05-20 09:01:54,2025-05-20 09:01:54
682e5639-1884-4396-bff4-38ac6f4fd3b7,transfer,completed,TRF-20260314-0482,927bc261-5178-4a73-b22d-afb454638cbe,89ff83b3-6d00-412a-a9ec-8d5df8adf809,00000000-0000-0000-0000-000000000000,2025-10-10 09:01:54,2025-10-10 09:01:54
d9b0d303-b113-43e7-b74c-6c5154f06c4f,transfer,draft,TRF-20260314-0483,4f37f5fb-0565-47e7-945f-97652b7053c8,9772e9b7-c510-40b1-9018-3de9e25e9915,00000000-0000-0000-0000-000000000000,2025-03-17 09:01:54,2025-03-17 09:01:54
b34f953c-36a5-43ef-9536-da8582445ae0,transfer,confirmed,TRF-20260314-0484,f17cfede-88c8-421f-b19a-747f62634293,72951bf7-0975-49e7-8cf7-1bbd1e27cf8b,00000000-0000-0000-0000-000000000000,2025-11-27 09:01:54,2025-11-27 09:01:54
cbc8755a-f330-4676-9b5c-766e79cccb64,delivery,completed,DLV-20260314-0582,34361c66-a6e2-437b-ba90-70e8149e1186,,00000000-0000-0000-0000-000000000000,2025-05-28 09:01:54,2025-05-28 09:01:54
e660df20-e16d-4595-b018-faa7042daeca,transfer,completed,TRF-20260314-0485,1da65ec8-3355-441c-9ec4-53a7eed7ba67,839f0403-dcb3-49c8-b720-e4952bd766bd,00000000-0000-0000-0000-000000000000,2025-10-09 09:01:54,2025-10-09 09:01:54
fc2c79cd-15e7-4c75-903c-0c36f517a3e4,transfer,completed,TRF-20260314-0486,5545b716-bc36-4910-afd6-aa8a4fbd850d,3ff1d417-935c-491c-b87e-668cb98ccead,00000000-0000-0000-0000-000000000000,2026-02-19 09:01:54,2026-02-19 09:01:54
5233f245-0a98-47cd-9cd3-8cb95902b2e0,transfer,completed,TRF-20260314-0487,632440f1-1d65-4ab5-935c-4ac4e786fdb8,3cba42d0-ca1c-450c-805d-b9d0454a0e5f,00000000-0000-0000-0000-000000000000,2025-09-20 09:01:54,2025-09-20 09:01:54
81c8b3dd-c36f-432b-bc04-1175932790dd,receipt,completed,RCP-20260314-0553,,bfb3b8c7-8889-45e3-95ce-d4af5f6b8fd4,00000000-0000-0000-0000-000000000000,2026-02-17 09:01:54,2026-02-17 09:01:54
c867378b-1cc0-4223-a65e-b500a537295f,adjustment,draft,ADJ-20260314-0295,a8135514-3ff4-4590-bc43-3d15685d3de7,,00000000-0000-0000-0000-000000000000,2026-02-20 09:01:54,2026-02-20 09:01:54
37a3b01f-5dd7-4c1e-8828-0f71960ff3b8,transfer,draft,TRF-20260314-0488,ac9c1671-add2-40c7-9306-2749e903f793,643dbc1b-a7f8-438c-8498-81d2545a9929,00000000-0000-0000-0000-000000000000,2025-06-25 09:01:54,2025-06-25 09:01:54
117d51f3-20a7-43c0-8fa0-895b3f83b7c7,delivery,draft,DLV-20260314-0583,886d9e7c-4e7b-4d41-b4b1-2dbd5bb2cfb0,,00000000-0000-0000-0000-000000000000,2025-11-18 09:01:54,2025-11-18 09:01:54
cdb0ccd8-c36a-4024-aa02-336deacf6bf6,receipt,draft,RCP-20260314-0554,,fcbea0ed-eca8-42ad-af54-086c1051785d,00000000-0000-0000-0000-000000000000,2025-05-08 09:01:54,2025-05-08 09:01:54
c6689ca6-943f-4d63-b9b5-0facd406f3f3,transfer,draft,TRF-20260314-0489,50127aea-69b1-4365-acea-cfa9b1eb1dd5,8ba1782d-5cde-4611-8e88-5eee3a0dddfe,00000000-0000-0000-0000-000000000000,2025-08-10 09:01:54,2025-08-10 09:01:54
66d3e9b6-5710-404a-ac5f-52f015898054,receipt,confirmed,RCP-20260314-0555,,835185f5-9770-44f0-9163-bbc37ad23c65,00000000-0000-0000-0000-000000000000,2025-06-11 09:01:54,2025-06-11 09:01:54
80614a51-ee6d-469b-922a-e8e547f7f25c,transfer,draft,TRF-20260314-0490,f0a4c295-f8ca-49d8-86ea-1dd8d5e79ac7,5a054be3-79c9-4f99-b72d-a6353d58c883,00000000-0000-0000-0000-000000000000,2025-04-07 09:01:54,2025-04-07 09:01:54
99bcb069-aa53-49d7-a89a-4ae57d864d76,delivery,completed,DLV-20260314-0584,f45d19ce-648d-46ff-a7d4-d6f06c724dce,,00000000-0000-0000-0000-000000000000,2025-11-04 09:01:54,2025-11-04 09:01:54
042c0c29-b16d-4dcf-9e90-2aac161c8d86,delivery,completed,DLV-20260314-0585,d577d11d-a29b-48fe-8615-18b52ed55b91,,00000000-0000-0000-0000-000000000000,2025-09-15 09:01:54,2025-09-15 09:01:54
bb982b26-8a9d-4b97-9a6b-267eb05cfe55,adjustment,draft,ADJ-20260314-0296,7e4fe0be-615d-4cdb-b3ad-10d9f2845b86,,00000000-0000-0000-0000-000000000000,2025-07-04 09:01:54,2025-07-04 09:01:54
77d89067-ff2d-4d59-86ff-3f5376093b0e,receipt,draft,RCP-20260314-0556,,8a5f5cae-59ee-4027-8d5a-d09c4bad620f,00000000-0000-0000-0000-000000000000,2025-11-14 09:01:54,2025-11-14 09:01:54
5068386d-f2a4-49f1-8d75-a29f5a62f3f9,receipt,completed,RCP-20260314-0557,,ba9e1625-40e3-46c5-80aa-7278b6101f14,00000000-0000-0000-0000-000000000000,2025-11-28 09:01:54,2025-11-28 09:01:54
df5030aa-94b6-4e0d-b69e-a043482baf95,receipt,completed,RCP-20260314-0558,,2d43ddb8-683b-4012-98cd-ce896ca9153f,00000000-0000-0000-0000-000000000000,2026-01-21 09:01:54,2026-01-21 09:01:54
1de0ab6f-e352-43a8-af26-b0f533d1bec4,receipt,completed,RCP-20260314-0559,,d3ed8417-1c35-46f3-8a6d-832f5bfd0739,00000000-0000-0000-0000-000000000000,2025-07-15 09:01:54,2025-07-15 09:01:54
52f90eb3-3287-4662-b123-3b1621437ca8,adjustment,completed,ADJ-20260314-0297,f42bb319-eac7-4b0c-a4a5-dcbaa85749cd,,00000000-0000-0000-0000-000000000000,2025-11-11 09:01:54,2025-11-11 09:01:54
0200c02a-1709-4839-9086-4fbfea44f2f4,adjustment,draft,ADJ-20260314-0298,5ba6616a-3455-48dc-9c2f-595111286427,,00000000-0000-0000-0000-000000000000,2025-04-01 09:01:54,2025-04-01 09:01:54
dac69698-7bb6-4297-b393-b8d6b52772be,adjustment,draft,ADJ-20260314-0299,32db526c-a09b-4adf-a363-f4806eb3b8d0,,00000000-0000-0000-0000-000000000000,2025-12-04 09:01:54,2025-12-04 09:01:54
afc4c9d2-f481-43eb-b997-37db810c32c0,delivery,completed,DLV-20260314-0586,1ff58f4f-3c21-4283-9bad-0152b69b6751,,00000000-0000-0000-0000-000000000000,2025-06-23 09:01:54,2025-06-23 09:01:54
411c24cf-eb08-41bd-a2ae-a0b123c75d1a,transfer,draft,TRF-20260314-0491,7b9d5c23-4ee5-4c6b-9b57-2e0d9538e9c7,d921035d-c5bf-48d7-8d3c-6d699ebb11b1,00000000-0000-0000-0000-000000000000,2026-03-14 09:01:54,2026-03-14 09:01:54
5b8ea6ab-9024-4df7-a4ac-7376c6e19c81,delivery,completed,DLV-20260314-0587,10b900ec-d03c-4dc4-802e-bb9069a2a0c2,,00000000-0000-0000-0000-000000000000,2025-12-12 09:01:54,2025-12-12 09:01:54
3be758de-4a24-4f16-840f-549f5b47954c,delivery,confirmed,DLV-20260314-0588,4ce081a1-ffff-4f59-a916-d8204097c900,,00000000-0000-0000-0000-000000000000,2025-08-06 09:01:54,2025-08-06 09:01:54
51b242f1-27dc-4f39-9aec-a35beb6bc357,adjustment,completed,ADJ-20260314-0300,657090c2-c74f-470c-aa8c-5f08f0b4fe57,,00000000-0000-0000-0000-000000000000,2025-06-14 09:01:54,2025-06-14 09:01:54
2de50f19-31bf-49e7-a085-ad334d54b063,receipt,completed,RCP-20260314-0560,,03ee8f51-3f76-4f63-8671-486ab6c89b79,00000000-0000-0000-0000-000000000000,2025-06-01 09:01:54,2025-06-01 09:01:54
7f725299-142e-4df4-a12f-7d2692b25213,receipt,completed,RCP-20260314-0561,,9af5a24a-a135-4017-8a23-66189ee024e8,00000000-0000-0000-0000-000000000000,2025-06-27 09:01:54,2025-06-27 09:01:54
f27a1b5b-020d-491b-baa2-63f95f9b2f4c,receipt,confirmed,RCP-20260314-0562,,a4c842c0-047d-485e-af8d-821d88c666a9,00000000-0000-0000-0000-000000000000,2025-07-19 09:01:54,2025-07-19 09:01:54
823dca61-419b-48e5-8790-bd9d492e9320,delivery,completed,DLV-20260314-0589,fc6cf3ae-d960-4c17-ac46-c6f6716cd369,,00000000-0000-0000-0000-000000000000,2025-12-30 09:01:54,2025-12-30 09:01:54
63ffafb6-d10d-4516-9764-ea32a4a69b22,adjustment,completed,ADJ-20260314-0301,968a94c9-af33-4260-8aaf-b6a44921be33,,00000000-0000-0000-0000-000000000000,2025-11-03 09:01:54,2025-11-03 09:01:54
035adce7-1c7e-4502-b7f8-30426b585dd9,transfer,confirmed,TRF-20260314-0492,0dd26a3d-befe-4db1-9341-8cbe210f06a4,cfe9c98b-6e5c-4c1b-9c2f-6362ba1ecc13,00000000-0000-0000-0000-000000000000,2025-08-24 09:01:54,2025-08-24 09:01:54
2cf5b981-39b9-4fc1-9646-eb38121157fa,receipt,draft,RCP-20260314-0563,,a2cd4137-b0ca-443c-9b0a-5058ee8edd88,00000000-0000-0000-0000-000000000000,2026-03-04 09:01:54,2026-03-04 09:01:54
ec7ec270-72f9-4004-98ff-82435eccf97f,receipt,completed,RCP-20260314-0564,,1af90c5e-97dd-42c3-9373-0cc98dc7873b,00000000-0000-0000-0000-000000000000,2025-08-13 09:01:54,2025-08-13 09:01:54
81342f6b-4270-49a8-b4a1-3d6ef52fc378,delivery,completed,DLV-20260314-0590,3b0f15a4-2fed-4ba6-acc4-304b2e399c96,,00000000-0000-0000-0000-000000000000,2025-08-02 09:01:54,2025-08-02 09:01:54
4428a2d4-4eb0-482e-ae2d-51a251510201,delivery,completed,DLV-20260314-0591,ee65db68-e4d2-400e-835b-02a1026b732c,,00000000-0000-0000-0000-000000000000,2025-04-24 09:01:54,2025-04-24 09:01:54
9e162df9-6a5c-4946-a227-346abe6b8caa,receipt,confirmed,RCP-20260314-0565,,cbb9c353-521e-4954-93c3-fc5fc09f60a1,00000000-0000-0000-0000-000000000000,2025-04-06 09:01:54,2025-04-06 09:01:54
83840c6a-b92b-4bba-a256-ada4c3261fc2,delivery,completed,DLV-20260314-0592,277c3217-bfa8-4f47-9c6e-ba6a04bb0ea4,,00000000-0000-0000-0000-000000000000,2025-03-14 09:01:54,2025-03-14 09:01:54
7703921f-3dc9-4ecb-8b81-62bb6bdc0dc5,adjustment,draft,ADJ-20260314-0302,b0d8bb7f-3d00-45b0-b5c1-05b7e82ac449,,00000000-0000-0000-0000-000000000000,2026-01-19 09:01:54,2026-01-19 09:01:54
442aa1c2-e5e2-457b-bd24-a9f3e9bd1bea,transfer,completed,TRF-20260314-0493,5fc37245-1a67-4a67-a69c-b2d41b48358e,a0fe6c94-229a-4622-aa1a-c7dab456f3ff,00000000-0000-0000-0000-000000000000,2025-11-08 09:01:54,2025-11-08 09:01:54
5f1e78f5-fdf1-41d7-bfbe-f0d9b5905b2d,receipt,completed,RCP-20260314-0566,,ed065a49-1a6b-44df-a9f3-d106f9911b03,00000000-0000-0000-0000-000000000000,2026-03-10 09:01:54,2026-03-10 09:01:54
ec2c4b9f-ed3a-4ffb-908b-92a53f15d1b1,delivery,draft,DLV-20260314-0593,156d48d2-db31-4667-8546-92a5c218940d,,00000000-0000-0000-0000-000000000000,2025-08-16 09:01:54,2025-08-16 09:01:54
fce25efb-bf76-4c90-9669-c23d2c4cc2d2,receipt,draft,RCP-20260314-0567,,2216007a-369e-4841-b56c-a1e0b3b2da2a,00000000-0000-0000-0000-000000000000,2025-10-14 09:01:54,2025-10-14 09:01:54
5031c6f1-bf94-48b9-a5cc-b254870fd8cd,receipt,draft,RCP-20260314-0568,,a04fe400-c892-4dda-b304-44fad747c35e,00000000-0000-0000-0000-000000000000,2025-09-22 09:01:54,2025-09-22 09:01:54
07450b9f-aedf-4851-ad21-1a34d701b384,receipt,completed,RCP-20260314-0569,,54988e6b-7522-43c8-a0d9-91e1eadb7332,00000000-0000-0000-0000-000000000000,2025-03-15 09:01:54,2025-03-15 09:01:54
106de5fb-6e44-44c0-9d60-aadf34a90a4f,receipt,completed,RCP-20260314-0570,,7564710e-0e7b-4633-9a76-367262fb6f7c,00000000-0000-0000-0000-000000000000,2025-03-29 09:01:54,2025-03-29 09:01:54
48a8eec0-de03-4777-82b4-3f22366072dc,delivery,completed,DLV-20260314-0594,9042d8d9-7cb1-4b4e-868a-c4b544e28887,,00000000-0000-0000-0000-000000000000,2025-08-24 09:01:54,2025-08-24 09:01:54
bd9c2c67-8f41-480f-9434-4ec678088cd5,receipt,completed,RCP-20260314-0571,,3517eb0b-fcba-4ee4-92a4-0458aa9786f6,00000000-0000-0000-0000-000000000000,2025-03-20 09:01:54,2025-03-20 09:01:54
d43e898f-7f4d-4aa7-ae6e-258d1cea2c81,receipt,draft,RCP-20260314-0572,,7c0f6823-54b0-4af9-85e5-430e32f96ea3,00000000-0000-0000-0000-000000000000,2025-08-04 09:01:54,2025-08-04 09:01:54
5adde550-1e63-469d-88ad-c0a3729bbc80,receipt,draft,RCP-20260314-0573,,e7c4892b-9a5e-44ca-a43d-5823332b430d,00000000-0000-0000-0000-000000000000,2025-10-25 09:01:54,2025-10-25 09:01:54
f39acfca-4063-43a3-bab6-68e93b7f8d02,receipt,completed,RCP-20260314-0574,,22266110-3e4d-4d57-beb1-dcb07d9d8689,00000000-0000-0000-0000-000000000000,2025-05-25 09:01:54,2025-05-25 09:01:54
0a9f1a09-090e-4528-8f19-6692ebbc538e,transfer,draft,TRF-20260314-0494,f2192461-0b96-458b-8474-2beb5da78048,68f1ae75-1b2d-4668-b466-10c167de14fc,00000000-0000-0000-0000-000000000000,2025-07-01 09:01:54,2025-07-01 09:01:54
686f465f-205d-4f05-9ef2-472a21cae5b9,receipt,completed,RCP-20260314-0575,,cffd358f-bd3d-4f7c-8541-6b7fc1a720ce,00000000-0000-0000-0000-000000000000,2026-03-10 09:01:54,2026-03-10 09:01:54
a5584861-6d8b-4c5f-a149-f879783348fc,transfer,confirmed,TRF-20260314-0495,399d603c-7f35-4af2-83f1-1ee2d241bac9,7636e70d-5115-4ddf-9709-b4712172182a,00000000-0000-0000-0000-000000000000,2025-10-24 09:01:54,2025-10-24 09:01:54
eb20778a-e620-4dfe-b23f-09668a93b0f0,delivery,completed,DLV-20260314-0595,081a2216-69ec-4d28-962b-8b6611ec1698,,00000000-0000-0000-0000-000000000000,2025-10-19 09:01:54,2025-10-19 09:01:54
cd8a5494-7db9-42d6-b8a0-853d4f376224,receipt,draft,RCP-20260314-0576,,5802f6f9-8f34-4a68-9a3c-f25a10331b4a,00000000-0000-0000-0000-000000000000,2026-01-28 09:01:54,2026-01-28 09:01:54
1e532958-2781-4a73-bb27-08f15e3146f6,delivery,completed,DLV-20260314-0596,c5ac930c-0883-4c50-ba0b-370e7261949c,,00000000-0000-0000-0000-000000000000,2025-11-26 09:01:54,2025-11-26 09:01:54
357d0c59-8ea3-4618-8466-ee800cf2937f,delivery,completed,DLV-20260314-0597,c8312d34-d527-485c-8364-6331f1a98261,,00000000-0000-0000-0000-000000000000,2025-09-13 09:01:54,2025-09-13 09:01:54
36d85b05-dd6c-4528-9ff8-7ff327232ef1,receipt,completed,RCP-20260314-0577,,f16102eb-82bc-4f6b-a858-2542a488603c,00000000-0000-0000-0000-000000000000,2025-08-14 09:01:54,2025-08-14 09:01:54
51db9c63-ad68-4ce0-b8e1-0cdf715d41e3,adjustment,draft,ADJ-20260314-0303,235b8943-d1ee-4edd-98b3-5a5b8be4b184,,00000000-0000-0000-0000-000000000000,2025-06-10 09:01:54,2025-06-10 09:01:54
6ee3d7c5-8b3b-4618-9b2e-76d1825eae6d,receipt,draft,RCP-20260314-0578,,87c8121d-3f70-44f3-8cb1-0642368553c2,00000000-0000-0000-0000-000000000000,2025-04-13 09:01:54,2025-04-13 09:01:54
6cc3780e-33b4-435b-b901-385763207c8a,receipt,draft,RCP-20260314-0579,,603eee50-89cd-49c0-ad74-1a74d1fc2f49,00000000-0000-0000-0000-000000000000,2025-12-26 09:01:54,2025-12-26 09:01:54
628bc248-e763-42bd-895e-8972aa9dbec6,delivery,completed,DLV-20260314-0598,79e372f4-4de3-4e6a-873a-e3b86ea6fb9f,,00000000-0000-0000-0000-000000000000,2025-09-10 09:01:54,2025-09-10 09:01:54
a6edb75f-2ea8-4bb2-a986-493b04b93514,adjustment,draft,ADJ-20260314-0304,5df765b3-1fbd-4cac-9b9c-571049415f8f,,00000000-0000-0000-0000-000000000000,2025-07-29 09:01:54,2025-07-29 09:01:54
72e11cfe-4b32-4c7c-adb5-f03f1b95a723,adjustment,draft,ADJ-20260314-0305,01c54b68-fdd2-4089-ab5e-b45a13ba73e3,,00000000-0000-0000-0000-000000000000,2025-11-02 09:01:54,2025-11-02 09:01:54
db5c5a0c-64ab-4bf5-91b4-737aa8dc1b52,delivery,completed,DLV-20260314-0599,e75283b3-1079-48ea-8f95-cfae5bc1a53d,,00000000-0000-0000-0000-000000000000,2025-04-26 09:01:54,2025-04-26 09:01:54
b563ffd1-8a28-4591-975f-3de827ff2cc4,delivery,completed,DLV-20260314-0600,da605843-6b7f-4b41-a9f9-3a7c2a5d35a5,,00000000-0000-0000-0000-000000000000,2025-05-27 09:01:54,2025-05-27 09:01:54
22618c99-33d4-434d-a0dc-36c957b16aca,delivery,completed,DLV-20260314-0601,1f094b8b-973d-4c59-ac47-247835072a2a,,00000000-0000-0000-0000-000000000000,2025-12-08 09:01:54,2025-12-08 09:01:54
3a8d2310-ec22-4611-8915-5e717cb9d1b0,delivery,draft,DLV-20260314-0602,1b15846a-444c-48ae-9dc6-19c576d37012,,00000000-0000-0000-0000-000000000000,2025-06-18 09:01:54,2025-06-18 09:01:54
71ea5cd7-cd8d-401e-b724-86534fe3b98b,delivery,confirmed,DLV-20260314-0603,7ac66f76-46ba-4237-8d99-63b87f6e2e51,,00000000-0000-0000-0000-000000000000,2025-05-15 09:01:54,2025-05-15 09:01:54
17a07ad4-18fc-4d19-9ca8-af6ae7218e94,receipt,completed,RCP-20260314-0580,,7f640da8-4d33-4d98-96c8-d87d9402ce10,00000000-0000-0000-0000-000000000000,2025-10-05 09:01:54,2025-10-05 09:01:54
ae89bac2-e6f7-47a8-9c4e-5fa321461d36,transfer,completed,TRF-20260314-0496,c44e7881-4129-4c4a-818b-1867a98f79c5,bb5674df-832a-4799-9b5d-c7540344ea2e,00000000-0000-0000-0000-000000000000,2026-01-08 09:01:54,2026-01-08 09:01:54
d2e6240e-d7e6-485c-a275-7b349cbdac9a,delivery,completed,DLV-20260314-0604,cd3f3843-4a49-4c28-b717-734cfba05836,,00000000-0000-0000-0000-000000000000,2025-12-05 09:01:54,2025-12-05 09:01:54
8bf2e068-a016-4aa6-8e37-1a93733c08cb,receipt,completed,RCP-20260314-0581,,9963caf8-cf50-4464-9549-4c861a9669fc,00000000-0000-0000-0000-000000000000,2025-09-02 09:01:54,2025-09-02 09:01:54
4e1c63ac-c458-4afd-aa12-6c582ca65b11,transfer,confirmed,TRF-20260314-0497,8863dd2c-4d6e-44db-8445-6910023cfd14,405ca396-25f7-4cf0-b014-3a27eaecef3f,00000000-0000-0000-0000-000000000000,2025-08-05 09:01:54,2025-08-05 09:01:54
5c278563-d26b-4571-bdde-41c1c4e74324,transfer,confirmed,TRF-20260314-0498,a778190a-9146-4330-87c3-6cef67b033ef,07bd3d33-2863-4e92-a67a-834b0598f992,00000000-0000-0000-0000-000000000000,2025-06-09 09:01:54,2025-06-09 09:01:54
ef477341-be17-42f3-b811-6daff37bf24a,delivery,completed,DLV-20260314-0605,5670e8ac-8118-4c34-9e96-e6cdb4f40b26,,00000000-0000-0000-0000-000000000000,2025-07-20 09:01:54,2025-07-20 09:01:54
adce3d8a-57d8-47fa-bacb-94fda9f523f9,adjustment,confirmed,ADJ-20260314-0306,7d7ca67f-1e63-45c6-a6fb-6406151d48e7,,00000000-0000-0000-0000-000000000000,2025-05-12 09:01:54,2025-05-12 09:01:54
3dee7d1e-0f9c-49ca-a84f-b2f76054603a,receipt,confirmed,RCP-20260314-0582,,c0b3a541-d8fb-4903-b989-d8e50143c993,00000000-0000-0000-0000-000000000000,2025-09-11 09:01:54,2025-09-11 09:01:54
355baef6-7ece-42ab-8e5e-055f6e8397b7,delivery,completed,DLV-20260314-0606,a588e1e5-f6de-4f56-84da-23cb97403dbd,,00000000-0000-0000-0000-000000000000,2026-03-01 09:01:54,2026-03-01 09:01:54
d7a13ee9-39dd-42a2-a498-d81e848de917,delivery,completed,DLV-20260314-0607,fe6d51e8-75bf-4e45-a575-7d1e8022ec5a,,00000000-0000-0000-0000-000000000000,2025-11-22 09:01:54,2025-11-22 09:01:54
956e8005-eb1c-44eb-8ba9-1fbb1104c01f,delivery,draft,DLV-20260314-0608,d35e2698-bdba-45ff-9e29-1e22e6018884,,00000000-0000-0000-0000-000000000000,2025-07-15 09:01:54,2025-07-15 09:01:54
2892cd12-1579-420d-a7b3-35d7f6e90761,receipt,completed,RCP-20260314-0583,,6982422a-27b0-4178-8011-fe6c62b922e8,00000000-0000-0000-0000-000000000000,2025-08-13 09:01:54,2025-08-13 09:01:54
0c184d25-a77b-49ec-a93c-307e7c5ef838,receipt,completed,RCP-20260314-0584,,7348ea68-0486-45e6-8fe0-e84420ddbbba,00000000-0000-0000-0000-000000000000,2025-09-08 09:01:54,2025-09-08 09:01:54
d00e6c75-1b52-4dcb-b20d-b64e0e31d22d,transfer,completed,TRF-20260314-0499,d5774a19-f577-4ded-bb11-af5b8318ffaf,29ca81bb-485f-4c85-99c6-ab7004e27231,00000000-0000-0000-0000-000000000000,2025-12-19 09:01:54,2025-12-19 09:01:54
f4938e00-21da-4349-bd3a-44cce2c847a7,receipt,confirmed,RCP-20260314-0585,,523b0e5f-6bb8-4452-b9b6-53bb26392152,00000000-0000-0000-0000-000000000000,2025-06-01 09:01:54,2025-06-01 09:01:54
c7f1ff7a-1c10-4f1c-839b-7d92e5ce5ebe,receipt,draft,RCP-20260314-0586,,342cd579-6e13-4d5f-b33e-682dde351b91,00000000-0000-0000-0000-000000000000,2026-02-13 09:01:54,2026-02-13 09:01:54
49642aa5-32cc-4c64-a10d-032114082d14,adjustment,draft,ADJ-20260314-0307,9632287c-68ca-43f2-824e-5cb0d4c39087,,00000000-0000-0000-0000-000000000000,2026-02-27 09:01:54,2026-02-27 09:01:54
150a03eb-e887-4cc2-982d-57db5eb05541,delivery,draft,DLV-20260314-0609,71a77d3f-df6a-4ca4-aa4f-55a1927266a6,,00000000-0000-0000-0000-000000000000,2025-08-20 09:01:54,2025-08-20 09:01:54
50c2a659-74cf-465b-9563-96c4dbd539f4,receipt,completed,RCP-20260314-0587,,f11fa850-6f79-41cf-a810-0c97d4f6e70d,00000000-0000-0000-0000-000000000000,2025-05-16 09:01:54,2025-05-16 09:01:54
565737f3-ccb8-4f1a-b2e6-2b48b1044284,receipt,confirmed,RCP-20260314-0588,,62cf7de9-93c7-43a2-951f-12b4a364efb6,00000000-0000-0000-0000-000000000000,2025-04-01 09:01:54,2025-04-01 09:01:54
6d6c56bd-55bb-449b-9345-dae535d4d9b0,receipt,completed,RCP-20260314-0589,,1e26e415-d34f-4b7e-bb1a-e6caa26e6610,00000000-0000-0000-0000-000000000000,2025-07-11 09:01:54,2025-07-11 09:01:54
9a1f35c3-12cd-4661-945a-6382e9493ef4,receipt,draft,RCP-20260314-0590,,5a054be3-79c9-4f99-b72d-a6353d58c883,00000000-0000-0000-0000-000000000000,2026-02-02 09:01:54,2026-02-02 09:01:54
2fa85b1d-d7a2-4b9f-8f95-87b001dde103,transfer,completed,TRF-20260314-0500,c77e59ac-f9ff-45b3-af80-8fd32d3d89ee,c1e1c53d-26f1-4a69-ab9b-0018a728e70c,00000000-0000-0000-0000-000000000000,2026-03-05 09:01:54,2026-03-05 09:01:54
9319d4e1-0dfd-479a-8ce0-c697f4019000,adjustment,completed,ADJ-20260314-0308,cd555ba6-e8fe-4a5d-97e5-dbc282c246d0,,00000000-0000-0000-0000-000000000000,2025-11-30 09:01:54,2025-11-30 09:01:54
49f3e3ea-56c7-472d-bd21-a7b2ff08dfc5,receipt,completed,RCP-20260314-0591,,aea9dcd0-871b-4cb8-bc7a-50d20707561a,00000000-0000-0000-0000-000000000000,2025-06-25 09:01:54,2025-06-25 09:01:54
68f76a66-98d0-4dd9-a828-a980e371ad58,receipt,completed,RCP-20260314-0592,,375ee7c9-3be7-4715-b025-4bbe6f85c2cf,00000000-0000-0000-0000-000000000000,2025-09-08 09:01:54,2025-09-08 09:01:54
1889f383-5018-4c4f-a8e1-6d0b71439f5c,receipt,completed,RCP-20260314-0593,,b43d2a3d-299a-4164-9a4b-018a1a27e11b,00000000-0000-0000-0000-000000000000,2025-08-11 09:01:54,2025-08-11 09:01:54
00a0314c-aa13-4855-82bf-2a1d5bef458f,transfer,draft,TRF-20260314-0501,1c1b55cf-6b8b-471c-84ab-661377fc1455,bcfeb031-d56e-431a-8a5c-d80daa1d2d88,00000000-0000-0000-0000-000000000000,2025-08-01 09:01:54,2025-08-01 09:01:54
150d610a-7afb-42f4-b051-aa25dc8c494d,delivery,confirmed,DLV-20260314-0610,e3e45884-971d-4ded-94f1-76f255a0c0b1,,00000000-0000-0000-0000-000000000000,2025-05-02 09:01:54,2025-05-02 09:01:54
334c468f-77aa-48a3-b033-7aa5b6ea032b,transfer,draft,TRF-20260314-0502,5710472d-1bbe-4bcb-b690-3ba9d656277f,398844b0-db7d-4265-ad16-f88f7d6dda8d,00000000-0000-0000-0000-000000000000,2025-05-31 09:01:54,2025-05-31 09:01:54
12c0071a-9b96-49ed-beb9-a2ad4b7e80c8,transfer,completed,TRF-20260314-0503,11b49519-3ff7-4230-9ecb-8aa56a5bbf23,22eb2c96-d82b-46b2-a891-435c8412c8ba,00000000-0000-0000-0000-000000000000,2025-09-11 09:01:54,2025-09-11 09:01:54
896e3bc4-d88e-4871-b695-8276061bac12,receipt,completed,RCP-20260314-0594,,f31945ab-06b2-41bb-8dde-67b2a64b4e42,00000000-0000-0000-0000-000000000000,2025-12-23 09:01:54,2025-12-23 09:01:54
b09d0dd0-b1b4-4ace-a94d-fba13cbaaa95,transfer,draft,TRF-20260314-0504,f0b13f4e-18c3-4947-b170-6c7d7bbc211e,1f82856b-3f30-48f4-83c0-e2658c932429,00000000-0000-0000-0000-000000000000,2025-11-22 09:01:54,2025-11-22 09:01:54
bc94d707-6be2-4928-b7ed-d307670095d3,adjustment,completed,ADJ-20260314-0309,6f6a19e5-c26f-4751-baec-cbac66d5aebe,,00000000-0000-0000-0000-000000000000,2025-11-16 09:01:54,2025-11-16 09:01:54
8289fd6a-d52e-4f02-8bb4-10975132f220,transfer,completed,TRF-20260314-0505,bb2172bc-3046-4fb8-bed5-ab3b16f795ec,eddca2e9-b027-4021-a8d0-83f9ebeab658,00000000-0000-0000-0000-000000000000,2025-11-06 09:01:54,2025-11-06 09:01:54
a5b11d33-4f8a-4944-bf0b-ce785e84315a,transfer,draft,TRF-20260314-0506,a973428b-ced2-4834-8ad3-0eb61f5c43ea,01712eb6-1dbb-4fd8-a9ac-6a33be2718a1,00000000-0000-0000-0000-000000000000,2025-06-20 09:01:54,2025-06-20 09:01:54
b8f7f6e7-2c5a-4370-944f-08059dcdec4b,receipt,completed,RCP-20260314-0595,,d25e4274-314c-4b1b-9528-fa8260c02502,00000000-0000-0000-0000-000000000000,2025-11-25 09:01:54,2025-11-25 09:01:54
a9cae624-d022-4674-9eec-905cb08bae96,transfer,completed,TRF-20260314-0507,9f3d2e22-f065-4fb7-9d0f-d00145051b0b,ae142f37-29f2-4593-a56d-b8564eb6bb4c,00000000-0000-0000-0000-000000000000,2025-08-26 09:01:54,2025-08-26 09:01:54
c85cb1c1-22e6-42fd-8919-afb0da23470e,adjustment,completed,ADJ-20260314-0310,16547f76-f525-4833-bf99-558aee093aa1,,00000000-0000-0000-0000-000000000000,2025-08-29 09:01:54,2025-08-29 09:01:54
aca47bbc-97ff-4864-bb7f-9465509b99dd,receipt,completed,RCP-20260314-0596,,c953b142-3f14-4258-ad1d-43d22c4b7dfa,00000000-0000-0000-0000-000000000000,2026-03-14 09:01:54,2026-03-14 09:01:54
1580732f-c42f-4dde-b1c1-009cfbbcd8a6,delivery,draft,DLV-20260314-0611,b7e6c610-1d07-4fd0-9beb-edb66a1cf055,,00000000-0000-0000-0000-000000000000,2025-05-21 09:01:54,2025-05-21 09:01:54
1ebd345a-d0bc-44cf-8e95-0a194f829547,receipt,draft,RCP-20260314-0597,,7ef49413-1496-4a51-8780-6f4fd4a4abfb,00000000-0000-0000-0000-000000000000,2025-03-30 09:01:54,2025-03-30 09:01:54
126b707e-056c-4e65-8b07-4732dbd09d10,receipt,draft,RCP-20260314-0598,,b3234c56-424a-4e7b-9eec-7ca683c687a4,00000000-0000-0000-0000-000000000000,2025-04-06 09:01:54,2025-04-06 09:01:54
830ee780-2832-4372-b271-4bbe8885a7b5,adjustment,completed,ADJ-20260314-0311,ee7dc91a-8149-4a35-bcdb-d9c5cd820328,,00000000-0000-0000-0000-000000000000,2025-04-07 09:01:54,2025-04-07 09:01:54
0dad1e5b-b33e-4c46-9564-d59e02e756a7,delivery,completed,DLV-20260314-0612,f993d89a-f170-4561-91c4-1bf56377f655,,00000000-0000-0000-0000-000000000000,2025-11-28 09:01:54,2025-11-28 09:01:54
04109e31-9784-4a03-8b9a-162d6f7b243c,adjustment,completed,ADJ-20260314-0312,4f64e467-4339-4ea3-b18e-fecc6c65c58e,,00000000-0000-0000-0000-000000000000,2025-11-12 09:01:54,2025-11-12 09:01:54
9f38ec9e-13b9-4374-b838-9cbb7a14b1c4,receipt,completed,RCP-20260314-0599,,f2146dc7-bd6e-4323-900c-4462742b1d3d,00000000-0000-0000-0000-000000000000,2025-09-11 09:01:54,2025-09-11 09:01:54
df007ddf-048f-42c9-a0aa-eff7e8552a7f,delivery,draft,DLV-20260314-0613,66f68bef-f411-48d4-ae9f-0c78963accd9,,00000000-0000-0000-0000-000000000000,2025-10-24 09:01:54,2025-10-24 09:01:54
ef8f75aa-4630-43d4-9470-fa223bc333a3,receipt,draft,RCP-20260314-0600,,29e8ea0d-d568-46a8-b74e-a7522d2a52cb,00000000-0000-0000-0000-000000000000,2025-06-29 09:01:54,2025-06-29 09:01:54
9fcdd347-5633-477f-a592-a2735f3579b7,delivery,draft,DLV-20260314-0614,05ddf262-dce1-407d-baf0-39d6c540abb5,,00000000-0000-0000-0000-000000000000,2025-10-16 09:01:54,2025-10-16 09:01:54
320e12c8-83bb-4d8e-9ef6-fd5deb7f737d,receipt,draft,RCP-20260314-0601,,83335d08-e98f-4331-926d-96994924df77,00000000-0000-0000-0000-000000000000,2025-06-24 09:01:54,2025-06-24 09:01:54
5cb359b9-4d56-4ba2-b1ce-24dda08d1a4c,delivery,completed,DLV-20260314-0615,b6a1963a-5ea8-4db9-8752-21ac0b474ee8,,00000000-0000-0000-0000-000000000000,2025-07-21 09:01:54,2025-07-21 09:01:54
0758fda6-5322-4cdb-a104-391ac219f8ad,receipt,completed,RCP-20260314-0602,,78d0e0f5-bb8a-4ed7-9cad-d057fd8a5a79,00000000-0000-0000-0000-000000000000,2025-11-01 09:01:54,2025-11-01 09:01:54
51cd8e2c-fbed-479c-aa22-cffb3d45e65c,transfer,draft,TRF-20260314-0508,b53f5cce-92d5-407e-8668-a214b158c70a,c0fac86d-70aa-43b0-84fe-5d0f2ac20a79,00000000-0000-0000-0000-000000000000,2025-05-20 09:01:54,2025-05-20 09:01:54
4ed72980-bd20-4772-939e-835d3d17bc93,receipt,draft,RCP-20260314-0603,,4696df2d-2bd7-4403-b178-8f82f1c4f2c0,00000000-0000-0000-0000-000000000000,2025-09-05 09:01:54,2025-09-05 09:01:54
99472154-c0b7-432e-9580-279f0a84b3cd,delivery,completed,DLV-20260314-0616,c0fb5a69-0c86-4924-8c37-6e4986659e17,,00000000-0000-0000-0000-000000000000,2025-03-28 09:01:54,2025-03-28 09:01:54
c9754ece-c845-4d90-8557-51cf59b2e50b,receipt,completed,RCP-20260314-0604,,bb0bf463-4579-41b5-bd89-3ab957aa8f72,00000000-0000-0000-0000-000000000000,2025-06-22 09:01:54,2025-06-22 09:01:54
4c9cf969-7b03-43b3-978e-9b11cea4b447,receipt,completed,RCP-20260314-0605,,4f992d5b-37d2-4a5a-95e0-0a138a0fa597,00000000-0000-0000-0000-000000000000,2025-09-04 09:01:54,2025-09-04 09:01:54
19f54960-33fe-4a5d-b128-ee4c646773e9,delivery,completed,DLV-20260314-0617,cd8ff77b-1958-4349-9a55-013539089624,,00000000-0000-0000-0000-000000000000,2025-05-26 09:01:54,2025-05-26 09:01:54
d639d12a-1161-4364-ad1c-75417f4b582d,delivery,draft,DLV-20260314-0618,d577d11d-a29b-48fe-8615-18b52ed55b91,,00000000-0000-0000-0000-000000000000,2026-03-03 09:01:54,2026-03-03 09:01:54
fa9f6c98-94e8-4e2d-8b6a-765658e314bb,adjustment,draft,ADJ-20260314-0313,ab3501f9-9d53-41c5-8e82-881d6821c932,,00000000-0000-0000-0000-000000000000,2025-12-28 09:01:54,2025-12-28 09:01:54
9a7e7958-ebdf-4fd8-af5a-004f73d1dedb,delivery,completed,DLV-20260314-0619,bf9f06e1-9e71-44df-8038-0941ea8a9214,,00000000-0000-0000-0000-000000000000,2025-12-11 09:01:54,2025-12-11 09:01:54
8ae5d072-bb28-4568-9208-eff33d907a67,delivery,confirmed,DLV-20260314-0620,fb20143d-01bd-43de-9c5d-3dec86dcac3d,,00000000-0000-0000-0000-000000000000,2025-10-05 09:01:54,2025-10-05 09:01:54
5b46ede1-0137-484f-9a62-96b9d0204a0f,transfer,completed,TRF-20260314-0509,f7770209-7903-4f9f-91ff-9180ee45913b,4b11aa51-1e36-4f72-96cd-0d321c0a1e6c,00000000-0000-0000-0000-000000000000,2025-08-06 09:01:54,2025-08-06 09:01:54
b6fb750e-1af4-4798-b08f-3d381511d260,transfer,completed,TRF-20260314-0510,59190d3a-eade-4fbc-8e9b-c80ec45491f8,6913aebb-1e37-4ca0-9abd-9ee0a2129b72,00000000-0000-0000-0000-000000000000,2025-06-25 09:01:54,2025-06-25 09:01:54
9d11fe25-b270-4418-a9bc-3c6be49b531f,receipt,draft,RCP-20260314-0606,,72951bf7-0975-49e7-8cf7-1bbd1e27cf8b,00000000-0000-0000-0000-000000000000,2026-03-03 09:01:54,2026-03-03 09:01:54
34cb3419-1c3c-401c-a4a0-84c23a02b3d0,delivery,completed,DLV-20260314-0621,7e96eda3-a62c-45ed-a8d0-c13cb50b1940,,00000000-0000-0000-0000-000000000000,2025-04-17 09:01:54,2025-04-17 09:01:54
647b8d1b-90c3-4cf2-8e2e-e13065b14ff5,adjustment,completed,ADJ-20260314-0314,ab6fef4c-abd3-45de-8bb0-e8dc1f2867b0,,00000000-0000-0000-0000-000000000000,2025-04-12 09:01:54,2025-04-12 09:01:54
4739581a-0751-4171-9ef0-84e61bf355f7,receipt,completed,RCP-20260314-0607,,11e2a324-9ee1-4dd1-be73-454dfb9742e0,00000000-0000-0000-0000-000000000000,2025-06-14 09:01:54,2025-06-14 09:01:54
a6effb44-ab28-4bdb-a470-0dc390b46866,transfer,completed,TRF-20260314-0511,1274ad4d-8fd2-479d-8654-bd4522288449,b92cd65d-e43f-4d2b-b614-5b426cf5faf3,00000000-0000-0000-0000-000000000000,2026-01-14 09:01:54,2026-01-14 09:01:54
272c9a6a-9a13-4d52-9826-eb1d38c009b1,transfer,completed,TRF-20260314-0512,5c8b7656-088d-47ed-88d8-6fa552ae976c,e3058042-c3d2-45e8-a6a4-94de7a60b865,00000000-0000-0000-0000-000000000000,2025-07-05 09:01:54,2025-07-05 09:01:54
4cf8c975-89ce-445c-a200-e96dfeba0508,transfer,draft,TRF-20260314-0513,977df8a5-c7bc-47ed-97b9-5e2fc4510005,29e73509-852b-42b7-a8bf-d7a6e49349d6,00000000-0000-0000-0000-000000000000,2025-06-05 09:01:54,2025-06-05 09:01:54
97f80d3c-01f7-464e-af93-2bf725e1a348,delivery,draft,DLV-20260314-0622,42f19cfd-ab52-47da-bd1e-36618242f374,,00000000-0000-0000-0000-000000000000,2026-02-05 09:01:54,2026-02-05 09:01:54
72066890-9534-4894-bdf4-610f9d61f6f8,delivery,completed,DLV-20260314-0623,75c32648-cce9-4d56-8d6a-395fc6673b65,,00000000-0000-0000-0000-000000000000,2025-05-29 09:01:54,2025-05-29 09:01:54
1c3f5be8-9a66-4ee5-a2ce-4e68cce3843c,receipt,completed,RCP-20260314-0608,,f67b24c8-0df1-48f5-849d-1f0abbeafaca,00000000-0000-0000-0000-000000000000,2025-10-22 09:01:54,2025-10-22 09:01:54
61db0a31-3ee3-43bd-8b05-239b3a603007,delivery,completed,DLV-20260314-0624,6f6a19e5-c26f-4751-baec-cbac66d5aebe,,00000000-0000-0000-0000-000000000000,2025-04-05 09:01:54,2025-04-05 09:01:54
b8518550-ad92-4d7a-b871-3a0df86a0654,delivery,completed,DLV-20260314-0625,0aad04e1-ac76-4dc5-bacd-976cfb198e0e,,00000000-0000-0000-0000-000000000000,2025-05-24 09:01:54,2025-05-24 09:01:54
534e5148-d43e-492b-8e0a-8c29d33be8fc,delivery,confirmed,DLV-20260314-0626,baece1dd-402b-4aa8-8370-9fb6d6b87fb3,,00000000-0000-0000-0000-000000000000,2026-02-15 09:01:54,2026-02-15 09:01:54
8b701274-b1e2-4d0d-9b05-f1b4b0d5f16b,transfer,completed,TRF-20260314-0514,8fa17072-bdf1-4bb3-8b63-eb1098df9e28,e8bff7c9-974a-472e-bc6c-949bbd65ecaa,00000000-0000-0000-0000-000000000000,2025-06-28 09:01:54,2025-06-28 09:01:54
c49a2e4d-5dd0-4e7d-95b4-27bcae084f45,receipt,draft,RCP-20260314-0609,,1734f788-fd05-4fae-8810-d7aa7bb21b3f,00000000-0000-0000-0000-000000000000,2026-01-26 09:01:54,2026-01-26 09:01:54
f7ae766f-20d4-4465-a769-2217f13573be,transfer,draft,TRF-20260314-0515,7bc38b40-58df-4b08-8715-79ecdd31dfca,14ada3cd-8ad9-4d85-8cae-c1a5cbfdefbe,00000000-0000-0000-0000-000000000000,2025-06-17 09:01:54,2025-06-17 09:01:54
deb3c39d-4e77-4e05-b587-d8008979b8fe,delivery,completed,DLV-20260314-0627,37b3f569-5082-4741-acaa-510df9240e84,,00000000-0000-0000-0000-000000000000,2025-04-10 09:01:54,2025-04-10 09:01:54
addeed7a-14ea-4ec3-9bdd-803092ba59b3,receipt,confirmed,RCP-20260314-0610,,565d4c88-7f7d-45d7-b669-3b8ee598094a,00000000-0000-0000-0000-000000000000,2025-05-20 09:01:54,2025-05-20 09:01:54
77fff2bd-1ba8-49bc-922f-48eb057dd7d7,delivery,completed,DLV-20260314-0628,d35558d9-d9c7-49ae-b05d-69de06fa44e4,,00000000-0000-0000-0000-000000000000,2026-03-01 09:01:54,2026-03-01 09:01:54
7db2b7bc-d924-4864-9c45-cf7762e72b91,delivery,completed,DLV-20260314-0629,eaf6e3a0-c754-4c37-b617-cd4908b23221,,00000000-0000-0000-0000-000000000000,2025-07-27 09:01:54,2025-07-27 09:01:54
ade5e088-c9ae-482f-88f3-d33ee233d66b,receipt,draft,RCP-20260314-0611,,a5a896d7-d293-48ef-9ec1-d6287d409fdd,00000000-0000-0000-0000-000000000000,2025-06-24 09:01:54,2025-06-24 09:01:54
b2cebf84-a3b4-4c5c-8c34-979c5ac9dd00,transfer,draft,TRF-20260314-0516,b0d8bb7f-3d00-45b0-b5c1-05b7e82ac449,0b82767f-0e6b-4054-8146-59c8c55d92fd,00000000-0000-0000-0000-000000000000,2025-11-10 09:01:54,2025-11-10 09:01:54
28c6a674-d474-4cc3-afe2-125bd41bec27,delivery,completed,DLV-20260314-0630,59ebc521-79e6-4cd3-802f-040a889592e0,,00000000-0000-0000-0000-000000000000,2026-01-29 09:01:54,2026-01-29 09:01:54
14d6df36-1459-4415-b6d5-ad0c1a9d922a,transfer,completed,TRF-20260314-0517,1f094b8b-973d-4c59-ac47-247835072a2a,5670daed-b19c-4265-967f-a7f6b77581a1,00000000-0000-0000-0000-000000000000,2025-06-26 09:01:54,2025-06-26 09:01:54
9128f460-9cf5-4ffb-a1a7-1eef896d33ce,delivery,completed,DLV-20260314-0631,b474619d-ed06-44f0-9f3e-0add5b1efc57,,00000000-0000-0000-0000-000000000000,2025-11-30 09:01:54,2025-11-30 09:01:54
ea7fb83f-ee63-466c-a949-a967ec49badd,transfer,completed,TRF-20260314-0518,b6f2e56a-c6ae-460f-ad33-e335b77c1e40,9321b224-3b9c-4774-b9e4-959590e86508,00000000-0000-0000-0000-000000000000,2025-03-22 09:01:54,2025-03-22 09:01:54
adc8419e-c83b-453c-9d30-8bd45172c3f1,transfer,draft,TRF-20260314-0519,2c54d8d9-ff33-4805-bfbe-7a1e9d8f6ecb,ef0a1874-1f39-4135-8e7c-b58e70a1bfa3,00000000-0000-0000-0000-000000000000,2025-04-16 09:01:54,2025-04-16 09:01:54
f102925c-1ea5-40b6-8447-f63f9a5ba365,delivery,draft,DLV-20260314-0632,b36bf14d-aa1e-4f28-82f3-50ad84bfb543,,00000000-0000-0000-0000-000000000000,2026-03-14 09:01:54,2026-03-14 09:01:54
04086483-35a7-4a73-a387-1671e7af1ca9,transfer,completed,TRF-20260314-0520,cbe636e6-0b75-43dd-9539-0aa57f686da4,b9372010-bb50-4435-80e7-bab4c0f40b5e,00000000-0000-0000-0000-000000000000,2025-10-13 09:01:54,2025-10-13 09:01:54
33312ddb-c9f2-46b8-80ce-511a8fb990bd,delivery,completed,DLV-20260314-0633,fb946880-dfbf-4c94-a9be-7d6f9bf8cdea,,00000000-0000-0000-0000-000000000000,2025-11-28 09:01:54,2025-11-28 09:01:54
76cc0c51-8fa8-4b2c-9f96-486a48d76194,transfer,confirmed,TRF-20260314-0521,f4408138-af74-48e1-a0e6-61ff044d7207,ac10ade1-d46d-44fc-bded-36f127fbd7ca,00000000-0000-0000-0000-000000000000,2025-12-26 09:01:54,2025-12-26 09:01:54
92a2d388-e04c-4507-a604-b4a162710a2e,adjustment,confirmed,ADJ-20260314-0315,0d317534-6ebc-4396-af6b-5adf91bdf6f4,,00000000-0000-0000-0000-000000000000,2025-05-05 09:01:54,2025-05-05 09:01:54
ed6290cc-df37-418c-af0d-0c0b1dec9bc5,transfer,completed,TRF-20260314-0522,78522a2d-46b8-47b1-9714-01a8ff100dd0,2c2e8583-2d9d-4ea5-b782-2da2bb0b6733,00000000-0000-0000-0000-000000000000,2025-11-30 09:01:54,2025-11-30 09:01:54
f12780e0-c00e-4d75-b020-8155232a4a2c,delivery,completed,DLV-20260314-0634,d33b0a21-8c0f-43d1-a997-c7a49e44d5d1,,00000000-0000-0000-0000-000000000000,2025-09-25 09:01:54,2025-09-25 09:01:54
a6d923df-3b5a-431b-9775-02ccd60e0ddf,receipt,completed,RCP-20260314-0612,,d1061d3b-f043-493c-b04a-66e0764acd7c,00000000-0000-0000-0000-000000000000,2025-07-28 09:01:54,2025-07-28 09:01:54
8c4057a3-f576-4795-8bcd-01080b166071,receipt,completed,RCP-20260314-0613,,b578b3a7-d0c9-44b3-ab8b-31b66c836bfb,00000000-0000-0000-0000-000000000000,2026-03-12 09:01:54,2026-03-12 09:01:54
fbd98549-44ee-4949-8d5b-a882ad636d50,delivery,confirmed,DLV-20260314-0635,ab728a87-6b34-47bf-b20b-b534fd84a774,,00000000-0000-0000-0000-000000000000,2025-03-23 09:01:54,2025-03-23 09:01:54
c07eb276-2393-45b8-b3b0-62e637fbf9a6,delivery,completed,DLV-20260314-0636,2717ac2d-e064-40ef-8246-ba4d9c6bd429,,00000000-0000-0000-0000-000000000000,2025-06-26 09:01:54,2025-06-26 09:01:54
b209f71e-9e05-4695-84a2-3a93f50b2754,receipt,completed,RCP-20260314-0614,,6d541d3e-35f7-48c6-9f78-fd325df97fc2,00000000-0000-0000-0000-000000000000,2025-11-04 09:01:54,2025-11-04 09:01:54
701b067c-2c9c-4c25-bf7b-a8987d191ade,receipt,draft,RCP-20260314-0615,,878cb878-e2d0-4d0c-a074-405b556f6691,00000000-0000-0000-0000-000000000000,2026-01-08 09:01:54,2026-01-08 09:01:54
6e6a4c13-86bd-4788-8bdb-aade70af03e3,adjustment,draft,ADJ-20260314-0316,16d3a37a-120b-4db4-a335-7c20c2b29abf,,00000000-0000-0000-0000-000000000000,2025-04-07 09:01:54,2025-04-07 09:01:54
514da6c2-2e0e-43c5-967c-8d399d9ecc8c,adjustment,completed,ADJ-20260314-0317,03336179-9749-4394-8e54-97091ce53b05,,00000000-0000-0000-0000-000000000000,2025-09-11 09:01:54,2025-09-11 09:01:54
7b26c1d4-6404-466f-9e32-e2918fcbe5c2,receipt,confirmed,RCP-20260314-0616,,f381d68d-4e55-4252-a619-5a303fbaff7b,00000000-0000-0000-0000-000000000000,2025-05-20 09:01:54,2025-05-20 09:01:54
5e4e5d34-d09a-43a0-b4b6-7015438a60bf,transfer,completed,TRF-20260314-0523,d8f30ce3-2164-4ae8-b5ad-2719092333ed,22c36239-f588-431b-aab5-7b13ce8acdde,00000000-0000-0000-0000-000000000000,2026-01-05 09:01:54,2026-01-05 09:01:54
a83b9932-610f-45f1-a9b6-0f71cf18105e,delivery,draft,DLV-20260314-0637,161eeb21-9573-4a81-af01-a83061d0ae56,,00000000-0000-0000-0000-000000000000,2025-06-16 09:01:54,2025-06-16 09:01:54
7410ddeb-a8cb-47b8-bdf2-e590a032f8fa,delivery,completed,DLV-20260314-0638,39e91b20-e48d-4bbc-af63-2da3067cdb3d,,00000000-0000-0000-0000-000000000000,2025-06-16 09:01:54,2025-06-16 09:01:54
ed728e79-ebe0-4ca1-ac78-e0964861b71d,delivery,draft,DLV-20260314-0639,ad9ba2a5-5c8b-42dc-a131-e8bf69b4a6e2,,00000000-0000-0000-0000-000000000000,2026-01-19 09:01:54,2026-01-19 09:01:54
b31a8edd-8a9e-41e0-9acc-af8f5de72a47,receipt,completed,RCP-20260314-0617,,27963a0e-2e6b-45aa-9829-1274ed8cb482,00000000-0000-0000-0000-000000000000,2025-08-11 09:01:54,2025-08-11 09:01:54
380ce2cb-0c63-4057-820c-b4dd1c690099,transfer,completed,TRF-20260314-0524,c5a09f0c-aada-467c-a1c9-263bdf193b86,fc156b90-4b60-46db-a9ae-6e2a78c658d0,00000000-0000-0000-0000-000000000000,2025-12-10 09:01:54,2025-12-10 09:01:54
10cb3096-0da3-4d0d-9484-51139a1835c9,receipt,draft,RCP-20260314-0618,,d788878d-6319-4016-97ab-59904fb1ee37,00000000-0000-0000-0000-000000000000,2026-02-15 09:01:54,2026-02-15 09:01:54
9d336009-0a2e-4748-ae26-fe752b7059d5,delivery,draft,DLV-20260314-0640,4a1d672d-3338-4a86-9a4c-55443b9a4dd4,,00000000-0000-0000-0000-000000000000,2025-12-12 09:01:54,2025-12-12 09:01:54
05c82fde-2804-4e0c-bed0-cb720ba93686,receipt,confirmed,RCP-20260314-0619,,f7d3b8b1-f1fe-4e51-8d42-12506e16a6c5,00000000-0000-0000-0000-000000000000,2026-02-20 09:01:54,2026-02-20 09:01:54
a47e0b7b-8b2d-4e76-a8a9-e62d5f76f684,transfer,completed,TRF-20260314-0525,b58b5075-c483-4c2a-ac98-fb1f6a4fe716,4d2a020d-492a-45ec-abc4-8dc8d4874601,00000000-0000-0000-0000-000000000000,2025-03-16 09:01:54,2025-03-16 09:01:54
0e08f3ec-2340-431c-850d-e2e8b45c0232,receipt,completed,RCP-20260314-0620,,94728f2e-15b8-4ea5-bb71-30766150f700,00000000-0000-0000-0000-000000000000,2025-09-19 09:01:54,2025-09-19 09:01:54
127ac8c6-bd44-45be-b46c-8c7a7c0760c4,transfer,completed,TRF-20260314-0526,be119260-810f-4cdd-8eea-1413eb322f14,8a6702d3-2058-4b5b-9b0d-c72a4af02761,00000000-0000-0000-0000-000000000000,2025-04-03 09:01:54,2025-04-03 09:01:54
5fd559d8-9a6d-4349-822d-405bf339f472,delivery,draft,DLV-20260314-0641,d83d96ee-e422-4c8c-ba50-17bbe15c506a,,00000000-0000-0000-0000-000000000000,2025-08-29 09:01:54,2025-08-29 09:01:54
15b06864-9b14-42c6-a82a-056a3839dfbe,delivery,draft,DLV-20260314-0642,bab0c490-fba4-4dbc-be1e-e3bb2b54a9df,,00000000-0000-0000-0000-000000000000,2025-06-03 09:01:54,2025-06-03 09:01:54
67fa82b1-5a74-4d58-85a7-1d5f33034460,transfer,completed,TRF-20260314-0527,44a43e01-b090-4dd0-aaaf-3505c79d8390,c659dcad-dfd0-40cf-9511-f93c126542a9,00000000-0000-0000-0000-000000000000,2025-03-27 09:01:54,2025-03-27 09:01:54
3acef1b2-461c-4169-a178-0428a65e1e48,adjustment,draft,ADJ-20260314-0318,9a27a047-3adc-40fb-bd28-4121c821b53c,,00000000-0000-0000-0000-000000000000,2025-04-24 09:01:54,2025-04-24 09:01:54
4e214ba6-4c13-4562-a7c8-1795988df0c0,delivery,completed,DLV-20260314-0643,4af2885f-cbd7-476d-92a2-56e13ced2557,,00000000-0000-0000-0000-000000000000,2025-08-13 09:01:54,2025-08-13 09:01:54
de005613-5746-4cd5-a414-32eb633f6461,delivery,completed,DLV-20260314-0644,7b0f63d6-07ba-43da-8072-f55d0bbff497,,00000000-0000-0000-0000-000000000000,2025-08-30 09:01:54,2025-08-30 09:01:54
f81d9827-753a-43c5-a504-d3fb0fba4496,receipt,completed,RCP-20260314-0621,,65af0143-74e0-45ad-b6ee-7f7d626a526d,00000000-0000-0000-0000-000000000000,2025-06-16 09:01:54,2025-06-16 09:01:54
79935cce-a151-4b53-9ead-e0a9c8083af7,delivery,draft,DLV-20260314-0645,7a428cfd-9c31-4346-a624-f04376c5494b,,00000000-0000-0000-0000-000000000000,2025-12-08 09:01:54,2025-12-08 09:01:54
95004fba-b83a-4394-b48e-90ed33c4438a,adjustment,completed,ADJ-20260314-0319,44ddfba3-84e2-4b22-8fd4-6e9e3f175ad3,,00000000-0000-0000-0000-000000000000,2025-05-09 09:01:54,2025-05-09 09:01:54
bba52011-eb5c-4016-a83e-105533064d31,receipt,draft,RCP-20260314-0622,,e531da97-0821-439c-926c-47cbc113a1b9,00000000-0000-0000-0000-000000000000,2025-03-22 09:01:54,2025-03-22 09:01:54
550e9a94-2b79-4aa4-94bd-87dc1ae53064,receipt,completed,RCP-20260314-0623,,6d4d70a3-9d53-4274-bf13-9785bb307982,00000000-0000-0000-0000-000000000000,2025-09-09 09:01:54,2025-09-09 09:01:54
acc5612e-5204-41c3-a10d-c4cbd618f547,adjustment,confirmed,ADJ-20260314-0320,c1c2f8f7-6ca5-4e9f-8f79-c5b855c1e2ec,,00000000-0000-0000-0000-000000000000,2026-02-27 09:01:54,2026-02-27 09:01:54
55693ca2-48b1-4d69-99cd-066adc780a23,delivery,confirmed,DLV-20260314-0646,1e072c40-5ee7-4544-beb5-919cfc30e976,,00000000-0000-0000-0000-000000000000,2026-01-01 09:01:54,2026-01-01 09:01:54
942ed914-75a2-4650-97de-e2ff0c7a8713,receipt,completed,RCP-20260314-0624,,1cc03ade-cdd7-4177-9ed9-f95931173463,00000000-0000-0000-0000-000000000000,2025-11-02 09:01:54,2025-11-02 09:01:54
87cd7caf-db24-40ef-97eb-e5aa039f40e2,adjustment,draft,ADJ-20260314-0321,30b72206-8a04-4674-a670-e7ede9fc52fb,,00000000-0000-0000-0000-000000000000,2025-08-10 09:01:54,2025-08-10 09:01:54
078efaf1-f76a-429b-bd4c-454223c13347,receipt,completed,RCP-20260314-0625,,970c725e-df17-4df9-87b7-f3756a88a2ba,00000000-0000-0000-0000-000000000000,2025-11-15 09:01:54,2025-11-15 09:01:54
3eaff9b6-0287-4aa1-99fa-f7efeb5702dd,transfer,draft,TRF-20260314-0528,d921035d-c5bf-48d7-8d3c-6d699ebb11b1,12685485-3034-49d1-83c8-ead381e68bb5,00000000-0000-0000-0000-000000000000,2025-07-18 09:01:54,2025-07-18 09:01:54
18571b8a-5f68-4b03-8891-ba4a8216ac7f,delivery,completed,DLV-20260314-0647,469ce69b-cb09-4629-ab27-764b94005fea,,00000000-0000-0000-0000-000000000000,2026-01-05 09:01:54,2026-01-05 09:01:54
31f3190d-07dd-4110-8404-3a874802c95d,transfer,draft,TRF-20260314-0529,6af39424-44f4-4083-bff4-6afdbb4973e4,1646e481-e6b0-4062-b1eb-d270a52962a4,00000000-0000-0000-0000-000000000000,2025-12-11 09:01:54,2025-12-11 09:01:54
13e976e1-2772-4abd-b2b9-25a656487b52,delivery,completed,DLV-20260314-0648,bc1a5e2f-9b36-4221-a6bc-6a9203c141bf,,00000000-0000-0000-0000-000000000000,2025-04-28 09:01:54,2025-04-28 09:01:54
a8a96840-447a-4e90-a6e1-71c829f176ac,adjustment,draft,ADJ-20260314-0322,b8adb4fa-b511-4e0c-b5a7-b385403241ae,,00000000-0000-0000-0000-000000000000,2025-09-03 09:01:54,2025-09-03 09:01:54
681cc67f-445c-4a1a-8f3c-e24c1846ec35,delivery,completed,DLV-20260314-0649,f7d3b8b1-f1fe-4e51-8d42-12506e16a6c5,,00000000-0000-0000-0000-000000000000,2025-06-05 09:01:54,2025-06-05 09:01:54
efa5bba5-f8dd-44b4-aff1-58fb116dcb4f,delivery,draft,DLV-20260314-0650,01c54b68-fdd2-4089-ab5e-b45a13ba73e3,,00000000-0000-0000-0000-000000000000,2026-01-15 09:01:54,2026-01-15 09:01:54
77c3708c-c1eb-47c3-ae13-b0f4ba75ba35,receipt,completed,RCP-20260314-0626,,d292d25f-4341-4de3-a982-5e65e2d4765e,00000000-0000-0000-0000-000000000000,2026-01-15 09:01:54,2026-01-15 09:01:54
f5167ef0-f0fe-444b-b13d-75ff4a6facc3,receipt,completed,RCP-20260314-0627,,b7a7f3f8-e67d-4892-ab23-96468c9baac1,00000000-0000-0000-0000-000000000000,2026-03-12 09:01:54,2026-03-12 09:01:54
a00256ff-803b-484d-92ba-6cc34c022064,delivery,completed,DLV-20260314-0651,9648e8d5-65f2-49bc-ac84-1ada62c941c6,,00000000-0000-0000-0000-000000000000,2025-10-31 09:01:54,2025-10-31 09:01:54
9a100c5a-6fa1-45f6-8535-4006174b3998,adjustment,completed,ADJ-20260314-0323,4b5564f2-f782-4525-925b-e4c6f36bfe86,,00000000-0000-0000-0000-000000000000,2025-04-23 09:01:54,2025-04-23 09:01:54
20c3ae8d-78fa-4618-935f-459bac38636f,transfer,completed,TRF-20260314-0530,449e8c92-22b8-40df-99cc-d9d8da353c9b,8ab66013-1fdd-4f0c-a2d7-f0992b2d033c,00000000-0000-0000-0000-000000000000,2025-12-19 09:01:54,2025-12-19 09:01:54
0b650aed-cc32-4546-8bcf-2db465c5b524,receipt,completed,RCP-20260314-0628,,3dbad54f-e82a-4df7-afe1-59097ea7351e,00000000-0000-0000-0000-000000000000,2025-04-15 09:01:54,2025-04-15 09:01:54
eca9fa1e-d9ca-4a20-aad0-859b810fae76,delivery,completed,DLV-20260314-0652,744cc6fe-4cd5-4626-ae30-d92a62456bfb,,00000000-0000-0000-0000-000000000000,2025-07-28 09:01:54,2025-07-28 09:01:54
58851ce0-7004-4088-8d53-f914dfca1be8,receipt,draft,RCP-20260314-0629,,9a85da1f-7a63-464d-a280-7034339d46c4,00000000-0000-0000-0000-000000000000,2025-11-25 09:01:54,2025-11-25 09:01:54
944265b0-1270-4a67-b369-ae039f216ba5,transfer,draft,TRF-20260314-0531,ab107327-266a-47d6-b2fc-03b65971fcf5,f4cd8a83-e554-4850-9da5-fb4f7b400fb1,00000000-0000-0000-0000-000000000000,2025-07-11 09:01:54,2025-07-11 09:01:54
bc354a2e-85f1-4b25-b0ed-04dd192b2d95,transfer,draft,TRF-20260314-0532,f64e9da1-3828-4d78-a658-07d72f9391f0,f42bb319-eac7-4b0c-a4a5-dcbaa85749cd,00000000-0000-0000-0000-000000000000,2025-11-07 09:01:54,2025-11-07 09:01:54
a4c26f5c-f815-4122-ba10-f4315e42d410,delivery,draft,DLV-20260314-0653,f2c4b2ed-46ce-4e53-882c-be548ae37eac,,00000000-0000-0000-0000-000000000000,2025-03-28 09:01:54,2025-03-28 09:01:54
177b36c2-fdf7-4bde-81f0-dca5161ec2b1,transfer,completed,TRF-20260314-0533,b3456fa4-cd87-4ed8-92ac-0980544480f8,b5981e6c-9895-4090-aa78-6e5e969cf4ff,00000000-0000-0000-0000-000000000000,2025-07-10 09:01:54,2025-07-10 09:01:54
6aab4851-2f74-43b3-816c-36bd95a373e9,transfer,confirmed,TRF-20260314-0534,35e78239-e90d-426a-9ded-d5bf7117cfeb,f5908d4a-9860-4135-bc4e-7e5dc06cf21a,00000000-0000-0000-0000-000000000000,2026-02-13 09:01:54,2026-02-13 09:01:54
5dbdfd74-7098-49db-ba61-ad762fb8196f,delivery,completed,DLV-20260314-0654,ef1d4bd3-ff48-4226-89d1-cc5be00c17e8,,00000000-0000-0000-0000-000000000000,2026-01-14 09:01:54,2026-01-14 09:01:54
2d68ac09-fce5-492c-bb62-9d329efcf646,receipt,confirmed,RCP-20260314-0630,,60c0e11f-de7e-4d33-afbc-d97d076c816d,00000000-0000-0000-0000-000000000000,2026-02-03 09:01:54,2026-02-03 09:01:54
b2b7e028-00c4-4a26-9b7d-27a5777ccb8a,delivery,completed,DLV-20260314-0655,b1732b1d-a443-4a8b-a819-5d87e3476384,,00000000-0000-0000-0000-000000000000,2025-05-19 09:01:54,2025-05-19 09:01:54
d3cb8c63-223b-46a7-89e8-6829de612316,adjustment,completed,ADJ-20260314-0324,07df229b-d276-4c05-baf1-24066b8066a7,,00000000-0000-0000-0000-000000000000,2025-07-25 09:01:54,2025-07-25 09:01:54
143341f3-0e84-4f77-a383-86bac90f9650,adjustment,completed,ADJ-20260314-0325,daacf636-aa16-427d-98f2-b0be0297116b,,00000000-0000-0000-0000-000000000000,2025-12-28 09:01:54,2025-12-28 09:01:54
3864b4a0-22f1-4b15-b013-adeba4757e07,adjustment,confirmed,ADJ-20260314-0326,0d4f3396-0c06-4d57-884c-b3cabad9ec22,,00000000-0000-0000-0000-000000000000,2025-09-13 09:01:54,2025-09-13 09:01:54
3c0066c5-1f25-457c-9e6d-f8dd9631b3de,receipt,confirmed,RCP-20260314-0631,,5352aede-a331-4b39-8d08-a2cbaa762647,00000000-0000-0000-0000-000000000000,2026-01-11 09:01:54,2026-01-11 09:01:54
13eb14c3-d744-47b9-a6ea-13b6ba8f0483,receipt,completed,RCP-20260314-0632,,b8043243-a789-4024-bfa5-bcb725a5e387,00000000-0000-0000-0000-000000000000,2025-03-24 09:01:54,2025-03-24 09:01:54
53443bca-8508-4fc2-bcf5-9f06cd168503,receipt,draft,RCP-20260314-0633,,fd4e822c-7581-40d6-9983-2826324d37de,00000000-0000-0000-0000-000000000000,2025-07-09 09:01:54,2025-07-09 09:01:54
03ef37b8-4524-441a-b7c0-7d45bb6f7ca3,delivery,completed,DLV-20260314-0656,5d3b650a-4b25-4dda-9cff-3e67cb564be7,,00000000-0000-0000-0000-000000000000,2025-06-16 09:01:54,2025-06-16 09:01:54
f0ecea9e-2285-40fe-b090-7fedcf0539c5,receipt,draft,RCP-20260314-0634,,e0a4a202-36ca-4fd2-80a7-d4873dfefd4e,00000000-0000-0000-0000-000000000000,2025-09-28 09:01:54,2025-09-28 09:01:54
893ec12f-565c-481f-bea2-27621460651e,receipt,draft,RCP-20260314-0635,,d9230171-bcc6-46e7-bc14-9368729ef3fe,00000000-0000-0000-0000-000000000000,2026-02-06 09:01:54,2026-02-06 09:01:54
d4c7f5a0-10fd-446b-9222-b8ca1e0bbf0c,receipt,completed,RCP-20260314-0636,,8b6de9d4-be03-4822-b22a-6d4d49d2596c,00000000-0000-0000-0000-000000000000,2025-06-02 09:01:54,2025-06-02 09:01:54
2fae6b14-5cf2-43a6-a987-1e2862a6542c,receipt,completed,RCP-20260314-0637,,38ccdd71-12d2-4c71-9695-9035f7024127,00000000-0000-0000-0000-000000000000,2025-12-14 09:01:54,2025-12-14 09:01:54
4fee5465-d644-4d8c-b1c4-abfedcff4061,delivery,draft,DLV-20260314-0657,5ed9b004-4f29-47a2-9f04-8d5b69974c20,,00000000-0000-0000-0000-000000000000,2025-09-11 09:01:54,2025-09-11 09:01:54
9bc28890-c22e-44e1-8d99-9fe7d8e126dc,receipt,draft,RCP-20260314-0638,,24c94f7c-e883-474b-b6a6-be74fab1bbb6,00000000-0000-0000-0000-000000000000,2025-10-15 09:01:54,2025-10-15 09:01:54
0460f09a-032b-48b5-a481-8014c0624bd8,delivery,draft,DLV-20260314-0658,1a26d193-58a0-4ecc-9021-21fb8a0d1eed,,00000000-0000-0000-0000-000000000000,2025-10-26 09:01:54,2025-10-26 09:01:54
d4a84690-77b8-428b-a109-49e1ab4ecc63,receipt,completed,RCP-20260314-0639,,adb537e8-bbaa-4ba0-83e2-642786e811b5,00000000-0000-0000-0000-000000000000,2025-10-18 09:01:54,2025-10-18 09:01:54
6b749a4a-e8d2-417e-8c79-4bc765e05996,delivery,draft,DLV-20260314-0659,5a34d86f-487f-4364-a7f0-bb9785f72e38,,00000000-0000-0000-0000-000000000000,2026-02-20 09:01:54,2026-02-20 09:01:54
687ab111-2872-466d-a7d0-6b595c9b6698,transfer,confirmed,TRF-20260314-0535,88c85da8-73b3-4704-a425-ef618f5f647a,097292a1-12f1-417b-95d3-055bb2e51acc,00000000-0000-0000-0000-000000000000,2025-07-24 09:01:54,2025-07-24 09:01:54
2fc9356a-8ba6-44bd-83cc-0a428bc741e5,receipt,draft,RCP-20260314-0640,,1ae6ea69-c6c9-4464-9178-23827d394825,00000000-0000-0000-0000-000000000000,2025-11-13 09:01:54,2025-11-13 09:01:54
da408b67-9534-49f4-9375-3b1d6cd0f86e,delivery,completed,DLV-20260314-0660,f06a028c-f7c2-4c84-99c9-378b9ae1238d,,00000000-0000-0000-0000-000000000000,2026-02-22 09:01:54,2026-02-22 09:01:54
fbe196d8-a728-4033-a3f9-455d05f4e283,delivery,completed,DLV-20260314-0661,2b9dacd8-db8f-4f5e-b36c-a43f8b6bb5b4,,00000000-0000-0000-0000-000000000000,2025-11-16 09:01:54,2025-11-16 09:01:54
e3ebfa07-3fb5-4a1b-bd6e-30aaa13fe958,transfer,completed,TRF-20260314-0536,3d7202aa-4abf-4f5b-89bf-d0ff6a76f7e8,9b08de58-a62f-4bcf-9807-565a5162190d,00000000-0000-0000-0000-000000000000,2025-05-24 09:01:54,2025-05-24 09:01:54
2676628a-4f3a-433f-aea8-deff84a1ba00,adjustment,draft,ADJ-20260314-0327,a2ec37a9-ba16-41b5-bef2-08e43b3b82f2,,00000000-0000-0000-0000-000000000000,2025-12-20 09:01:54,2025-12-20 09:01:54
ccf1666f-157a-46cf-812d-cf49193aab53,adjustment,confirmed,ADJ-20260314-0328,418b844f-52d1-4e66-914c-d314e769cbe9,,00000000-0000-0000-0000-000000000000,2025-12-11 09:01:54,2025-12-11 09:01:54
3e40c046-43b1-4d5f-b94b-21099396c07e,transfer,completed,TRF-20260314-0537,6a37356b-8c82-4214-9e5e-13c8aa806838,554f92c3-104f-409d-a7a2-51590c78e08a,00000000-0000-0000-0000-000000000000,2025-12-27 09:01:54,2025-12-27 09:01:54
cadd8749-bb2f-49fa-9472-62d01c458f3f,delivery,completed,DLV-20260314-0662,c4c5d0a1-1b7f-47ba-9be6-0bda26e07ff3,,00000000-0000-0000-0000-000000000000,2025-12-05 09:01:54,2025-12-05 09:01:54
d9343b29-7734-4c03-b0f7-77d599f7ca01,transfer,confirmed,TRF-20260314-0538,e526f1de-461d-4191-b1b1-e16b826245b9,afb383fe-39c8-436b-8070-226c741b64e9,00000000-0000-0000-0000-000000000000,2025-07-14 09:01:54,2025-07-14 09:01:54
ca160ff4-7ec9-476b-94c5-849fd16abc1d,transfer,completed,TRF-20260314-0539,f7df2dc1-8629-464c-a24c-8feabb8e0978,644c3947-077f-4f92-959a-e20dfa6a7a89,00000000-0000-0000-0000-000000000000,2025-08-10 09:01:54,2025-08-10 09:01:54
827aa7a2-6b53-4d11-bdf8-56926dcb6222,receipt,completed,RCP-20260314-0641,,9772e9b7-c510-40b1-9018-3de9e25e9915,00000000-0000-0000-0000-000000000000,2025-08-28 09:01:54,2025-08-28 09:01:54
bb6dd2ff-41ae-4a82-bf10-a09902d1d220,transfer,completed,TRF-20260314-0540,387bab3f-d198-4952-96b5-0144cc818088,958fd410-146e-4d82-a0de-e509c18b3434,00000000-0000-0000-0000-000000000000,2025-08-08 09:01:54,2025-08-08 09:01:54
85e556e6-2a09-4118-9d9f-97d47baab779,delivery,completed,DLV-20260314-0663,1587c182-3c58-4f45-aadb-f84cca535048,,00000000-0000-0000-0000-000000000000,2025-12-02 09:01:54,2025-12-02 09:01:54
aab47c17-cd1d-49af-8d4d-511c9e36d99d,receipt,draft,RCP-20260314-0642,,ceb622ce-94cb-4c34-9858-c1d7f5098185,00000000-0000-0000-0000-000000000000,2025-09-09 09:01:54,2025-09-09 09:01:54
22c06bb0-f472-4be3-b9e4-fdbabbdeff2f,transfer,completed,TRF-20260314-0541,948c7b99-e2c5-48be-b026-1727bcadd573,e1ad7d98-cc13-4812-96d2-6f6ffb5f7ded,00000000-0000-0000-0000-000000000000,2026-01-11 09:01:54,2026-01-11 09:01:54
0af22a2b-441a-40bf-b9c9-01acc6462f96,transfer,completed,TRF-20260314-0542,daae7bdd-a705-436b-a211-db260cdd92e4,93958597-46c5-40a9-a39f-d40f3035b29a,00000000-0000-0000-0000-000000000000,2026-01-13 09:01:54,2026-01-13 09:01:54
517b8e1b-503c-4b5c-928a-49cf78056eb4,receipt,completed,RCP-20260314-0643,,fe2313a6-345c-4698-a823-70cf8dc4fabb,00000000-0000-0000-0000-000000000000,2025-09-22 09:01:54,2025-09-22 09:01:54
f54b513f-50e6-4a60-b1bf-8edb4457fdd1,receipt,completed,RCP-20260314-0644,,a65d8ad5-a959-40b2-8ff0-833cde4c0d5e,00000000-0000-0000-0000-000000000000,2025-11-27 09:01:54,2025-11-27 09:01:54
13414c80-6c54-4b95-8a5a-77d4830fd8d6,receipt,draft,RCP-20260314-0645,,10c05a8f-73c9-4dbc-80e4-5b3ae4c172d0,00000000-0000-0000-0000-000000000000,2025-03-31 09:01:54,2025-03-31 09:01:54
1c610427-f10c-4273-a071-3ce7de8298be,receipt,completed,RCP-20260314-0646,,8c33d04e-00cf-4df0-8548-5efb2dfe3109,00000000-0000-0000-0000-000000000000,2025-12-16 09:01:54,2025-12-16 09:01:54
b4d2bf69-30cc-49b8-8740-abe106bbecc8,delivery,completed,DLV-20260314-0664,6af788b5-2a74-4025-a075-3adda6d0d441,,00000000-0000-0000-0000-000000000000,2025-05-24 09:01:54,2025-05-24 09:01:54
d65f5709-55e7-4f2e-a79c-d6ff72403ac1,adjustment,completed,ADJ-20260314-0329,3cbc62bf-06fd-4add-b80f-b4119d69db54,,00000000-0000-0000-0000-000000000000,2025-04-18 09:01:54,2025-04-18 09:01:54
7dc075c4-0d2f-4fba-887d-a60ee8dd9b3d,receipt,draft,RCP-20260314-0647,,7337f3a3-4409-4320-827b-c371c65c1610,00000000-0000-0000-0000-000000000000,2025-12-01 09:01:54,2025-12-01 09:01:54
4e0abf8b-0669-4188-9d6a-ef3780a86d68,receipt,completed,RCP-20260314-0648,,e07043d4-1ec8-4f6f-bd99-5e97b0399ea2,00000000-0000-0000-0000-000000000000,2025-05-15 09:01:54,2025-05-15 09:01:54
0ccfb671-370f-4d63-b0e7-ba455d6a80de,receipt,completed,RCP-20260314-0649,,ec964784-ebb3-4b2b-a3f8-eb73f0069b44,00000000-0000-0000-0000-000000000000,2025-11-08 09:01:54,2025-11-08 09:01:54
477fc627-23da-46e0-8d45-659505dfaff9,adjustment,completed,ADJ-20260314-0330,dbc25f58-0f4e-4475-80f6-7a09bface654,,00000000-0000-0000-0000-000000000000,2025-07-05 09:01:54,2025-07-05 09:01:54
3d7006b9-1528-4dd2-a0cd-ea67d9f9a379,receipt,draft,RCP-20260314-0650,,814488c8-f0f1-4995-b936-b4e8e9f00a67,00000000-0000-0000-0000-000000000000,2025-10-24 09:01:54,2025-10-24 09:01:54
35b7693d-9724-4071-881a-92bf4e328635,transfer,draft,TRF-20260314-0543,2428afd7-1b5e-4590-b2bd-e8b66c9fd8b1,04b84648-32e4-408d-9d15-414e5d2464af,00000000-0000-0000-0000-000000000000,2025-11-21 09:01:54,2025-11-21 09:01:54
288ca5c5-e52a-4aaa-b356-efe0b84d2a6f,transfer,draft,TRF-20260314-0544,8a3e2001-dd55-4190-9cb6-bc97aa7cb4b8,08e59187-2b37-4e5a-b997-e60fc309c9e6,00000000-0000-0000-0000-000000000000,2025-08-19 09:01:54,2025-08-19 09:01:54
029bd7e2-7b38-4122-bd16-61c35f68c33a,transfer,completed,TRF-20260314-0545,5365a4f7-3d3d-4a0a-950d-841d7232df81,7c1a807d-5bd3-4651-930c-8d903ba3f720,00000000-0000-0000-0000-000000000000,2025-09-22 09:01:54,2025-09-22 09:01:54
8d4529b8-26a0-4c45-8127-0fddb5c5e299,transfer,draft,TRF-20260314-0546,60adde3a-fa22-4030-a23b-e33955d8512c,0a1a60fb-5d04-43b0-9a56-3afb1f437c87,00000000-0000-0000-0000-000000000000,2026-02-04 09:01:54,2026-02-04 09:01:54
2f4c428d-357c-4441-85c4-2e39ece88807,delivery,completed,DLV-20260314-0665,435048fa-33c6-4bb4-86d5-194220736d0e,,00000000-0000-0000-0000-000000000000,2026-02-28 09:01:54,2026-02-28 09:01:54
eac92672-153e-4dd5-b0f1-1b216466d053,delivery,completed,DLV-20260314-0666,f178bff7-1eac-459b-a4f7-eca4d8548174,,00000000-0000-0000-0000-000000000000,2025-12-17 09:01:54,2025-12-17 09:01:54
bb879c25-af06-4437-8aef-fa9d731e9b63,delivery,completed,DLV-20260314-0667,71b92677-3c4b-4600-aea4-3c2838f8b220,,00000000-0000-0000-0000-000000000000,2025-06-25 09:01:54,2025-06-25 09:01:54
2b572faf-47ff-4406-9eac-26627b9ed18f,delivery,draft,DLV-20260314-0668,24c94f7c-e883-474b-b6a6-be74fab1bbb6,,00000000-0000-0000-0000-000000000000,2025-03-31 09:01:54,2025-03-31 09:01:54
44ed801d-cd77-4584-86cf-2ccf2dea5234,delivery,completed,DLV-20260314-0669,b23954a8-6af0-453b-9469-1da0a78e1eda,,00000000-0000-0000-0000-000000000000,2025-08-23 09:01:54,2025-08-23 09:01:54
ba4860eb-aae1-44f8-a945-4081faf1d32c,adjustment,completed,ADJ-20260314-0331,44b8e35d-cbe5-4635-85a8-71c1f92f63a0,,00000000-0000-0000-0000-000000000000,2026-02-03 09:01:54,2026-02-03 09:01:54
730a8906-26be-4278-8e9a-529145f3fdb5,adjustment,completed,ADJ-20260314-0332,c6257077-4287-4409-a936-b4963ecda521,,00000000-0000-0000-0000-000000000000,2026-03-10 09:01:54,2026-03-10 09:01:54
e3b28580-b009-4b87-aa1a-f31e4bc4c302,adjustment,completed,ADJ-20260314-0333,b8dcd992-e9f0-4b66-9ab4-8bcc7e71fb51,,00000000-0000-0000-0000-000000000000,2025-03-31 09:01:54,2025-03-31 09:01:54
eac5e9d7-af21-4f04-8d2b-e264a33ea39f,receipt,completed,RCP-20260314-0651,,8d3fcd9d-c16e-4761-92b2-4f3d72a36822,00000000-0000-0000-0000-000000000000,2025-08-24 09:01:54,2025-08-24 09:01:54
477bcd5d-7ff3-4b1d-9d45-bcc7ef93582f,receipt,completed,RCP-20260314-0652,,3ef51ba6-c4b2-4f7c-95f9-eb3d10ca057d,00000000-0000-0000-0000-000000000000,2025-11-18 09:01:54,2025-11-18 09:01:54
441c3d26-e68f-4f27-9238-61782420463d,receipt,completed,RCP-20260314-0653,,d989a748-5fb6-4c0f-a588-41997786cf4a,00000000-0000-0000-0000-000000000000,2026-01-18 09:01:54,2026-01-18 09:01:54
75a5edc7-6ff0-4eb8-92a6-6dbd825eeaad,delivery,completed,DLV-20260314-0670,a7e5306b-90a2-4b24-b5aa-4726e2bf2614,,00000000-0000-0000-0000-000000000000,2025-08-17 09:01:54,2025-08-17 09:01:54
70ddd26e-d1c7-4690-9534-f14f13cae9a7,adjustment,completed,ADJ-20260314-0334,2216007a-369e-4841-b56c-a1e0b3b2da2a,,00000000-0000-0000-0000-000000000000,2025-10-26 09:01:54,2025-10-26 09:01:54
12f099ed-b389-4c30-bb87-b5ae8346dde3,receipt,completed,RCP-20260314-0654,,a577179b-8d53-431b-9336-689c61fd3fee,00000000-0000-0000-0000-000000000000,2025-07-19 09:01:54,2025-07-19 09:01:54
b3d57e3b-e5b7-426e-b69b-01932329e858,delivery,completed,DLV-20260314-0671,9c2f5d3e-902f-4bba-a758-810260c031e8,,00000000-0000-0000-0000-000000000000,2025-09-28 09:01:54,2025-09-28 09:01:54
beff22bf-baf7-4513-824c-cdf35a71a136,delivery,draft,DLV-20260314-0672,660fe773-cc71-4a78-8cf3-cb4aeb7254ff,,00000000-0000-0000-0000-000000000000,2025-05-05 09:01:54,2025-05-05 09:01:54
dcca7fa1-13a5-4c7c-85cc-c5d130a94e82,transfer,completed,TRF-20260314-0547,cbdd4f93-ee09-4468-9ad3-45e2d4854069,837afe3e-0a1f-49d0-a55a-437221f382e4,00000000-0000-0000-0000-000000000000,2025-07-17 09:01:54,2025-07-17 09:01:54
97f85fb9-414e-4f45-aa48-e5672888bf8d,transfer,completed,TRF-20260314-0548,c60901d1-5180-4a4c-9a27-029f30571d0a,9bb4b12d-1d77-4ab6-b6b2-ca98ee057150,00000000-0000-0000-0000-000000000000,2025-07-11 09:01:54,2025-07-11 09:01:54
3da6684f-9a20-4c9c-b3be-38fe24ae4224,transfer,completed,TRF-20260314-0549,e7ead3aa-ae50-4f6f-ab90-8623025dca12,4dbbbb6d-54c2-4421-94d3-86d09c632216,00000000-0000-0000-0000-000000000000,2026-02-12 09:01:54,2026-02-12 09:01:54
9c679e25-893a-4f59-9fb2-9ea28c598aab,delivery,completed,DLV-20260314-0673,60f61b28-fda7-4bd5-8b8f-89a53b7efb5c,,00000000-0000-0000-0000-000000000000,2025-07-26 09:01:54,2025-07-26 09:01:54
010fcb54-6081-4170-8389-a17ab8c51bba,adjustment,completed,ADJ-20260314-0335,fff3cb62-f62c-4aab-b30a-5749a76909cf,,00000000-0000-0000-0000-000000000000,2026-01-31 09:01:54,2026-01-31 09:01:54
ad325437-f34a-44c3-b2e2-f0e7dad5caf5,adjustment,completed,ADJ-20260314-0336,e8d5056c-052b-41b1-8eea-46c9ee9167a6,,00000000-0000-0000-0000-000000000000,2026-02-24 09:01:54,2026-02-24 09:01:54
e5e590d2-180a-40b4-8caf-ef0e2e35a3d7,delivery,draft,DLV-20260314-0674,cc793fd3-1a78-4d17-8212-592407937db1,,00000000-0000-0000-0000-000000000000,2025-11-11 09:01:54,2025-11-11 09:01:54
8b847567-d732-4359-b221-8061881ae781,transfer,completed,TRF-20260314-0550,9087107e-121b-4137-9ecf-5cefe7873892,ed992bfd-ee36-4d4c-9ed9-0505c477adbe,00000000-0000-0000-0000-000000000000,2025-08-07 09:01:54,2025-08-07 09:01:54
9487f33f-7ab5-4c97-a156-aa8f9d56e9b6,receipt,completed,RCP-20260314-0655,,2022439a-4b25-482f-b40f-8065984b79f8,00000000-0000-0000-0000-000000000000,2025-12-09 09:01:54,2025-12-09 09:01:54
8896c14d-103c-4aed-913a-331f63333631,receipt,confirmed,RCP-20260314-0656,,ffebb10c-51ba-430c-b221-211c0c07fa82,00000000-0000-0000-0000-000000000000,2025-05-21 09:01:54,2025-05-21 09:01:54
d6a757eb-909e-497a-bc94-0624da1a3f26,delivery,completed,DLV-20260314-0675,77fd1710-9ba7-4de0-89c9-245974204484,,00000000-0000-0000-0000-000000000000,2026-01-20 09:01:54,2026-01-20 09:01:54
04fd947e-ed90-479b-9ff1-bfa24acc02f9,adjustment,draft,ADJ-20260314-0337,07e0f610-40d7-4bbe-bfd3-2ac02b81b7d5,,00000000-0000-0000-0000-000000000000,2025-09-13 09:01:54,2025-09-13 09:01:54
f8bfc78e-69cd-4f40-b039-89e2e914659c,delivery,confirmed,DLV-20260314-0676,1adc1430-1bcf-41bf-8b36-3c0c70501918,,00000000-0000-0000-0000-000000000000,2025-09-10 09:01:54,2025-09-10 09:01:54
b0807633-c7f5-4833-9897-e27a31104cf8,delivery,draft,DLV-20260314-0677,518ddf9e-6221-4414-a634-a929a090f015,,00000000-0000-0000-0000-000000000000,2025-09-25 09:01:54,2025-09-25 09:01:54
41e758d9-38c6-4a3f-9fab-d570cdcd8ff2,transfer,completed,TRF-20260314-0551,d49ad210-a788-4094-9235-b59b175388e5,4e4a8392-b27e-45bb-84c7-ddd709011ef1,00000000-0000-0000-0000-000000000000,2025-11-30 09:01:54,2025-11-30 09:01:54
65ac7d88-7b12-4795-9a17-186376626b6d,receipt,completed,RCP-20260314-0657,,2794ddaf-cfdd-4836-9fff-20fb88a40108,00000000-0000-0000-0000-000000000000,2026-03-05 09:01:54,2026-03-05 09:01:54
3750fe67-1136-4960-8bf3-83255b5bb3a4,delivery,completed,DLV-20260314-0678,57fb3dfa-2abd-45e3-a6b3-be632d76d176,,00000000-0000-0000-0000-000000000000,2025-06-03 09:01:54,2025-06-03 09:01:54
38d145d4-57f7-4b4e-8786-4f505801a927,receipt,draft,RCP-20260314-0658,,c732f64e-7717-49f5-9e3b-7ce4901ebfa7,00000000-0000-0000-0000-000000000000,2025-11-10 09:01:54,2025-11-10 09:01:54
3aa199ad-c91c-4505-8436-c92304e829c5,transfer,completed,TRF-20260314-0552,14e2f5dc-27a0-4416-93c0-ab2f4dc43aba,0738de28-da4a-45ab-b5ab-8e6314cb3fa8,00000000-0000-0000-0000-000000000000,2025-04-25 09:01:54,2025-04-25 09:01:54
be3e3fc6-cf3f-4b47-ab03-8ed155f1fb2d,delivery,confirmed,DLV-20260314-0679,dda86ea3-defe-4a3b-b674-494dcd23e13e,,00000000-0000-0000-0000-000000000000,2025-10-12 09:01:54,2025-10-12 09:01:54
c3b969e6-7547-4c93-8439-21bfbd29d22b,receipt,completed,RCP-20260314-0659,,a09ea630-df2f-4f32-a165-3eb292ae828d,00000000-0000-0000-0000-000000000000,2025-06-16 09:01:54,2025-06-16 09:01:54
873e3311-61dc-4aa6-952e-17cb65202c27,delivery,draft,DLV-20260314-0680,49ed63f3-247f-4325-acc9-ec0d5e2020ce,,00000000-0000-0000-0000-000000000000,2025-11-14 09:01:54,2025-11-14 09:01:54
dea21641-5e57-4dcd-88c9-fdd44222696e,delivery,completed,DLV-20260314-0681,06b76792-d7c5-4ecd-93ca-3e573829ca3a,,00000000-0000-0000-0000-000000000000,2025-10-17 09:01:54,2025-10-17 09:01:54
17928c88-6e15-4292-a3ac-e85c14fda426,transfer,draft,TRF-20260314-0553,a6c2058a-e7bb-47e2-a10b-de8dd77d89c6,32097233-7f42-4b79-b2c5-3175f2f42f4c,00000000-0000-0000-0000-000000000000,2025-12-15 09:01:54,2025-12-15 09:01:54
0aeff8ac-339b-4db3-9eeb-097328527636,delivery,draft,DLV-20260314-0682,965a24b4-e0df-4e6d-b14e-2dc756013cdf,,00000000-0000-0000-0000-000000000000,2025-08-23 09:01:54,2025-08-23 09:01:54
75044964-764b-4630-8e7e-909a6ac78b3b,receipt,draft,RCP-20260314-0660,,955ba7ad-936f-48d8-9ea1-75d36f526ce8,00000000-0000-0000-0000-000000000000,2025-05-19 09:01:54,2025-05-19 09:01:54
60cf7e87-8d8a-4166-968b-ee3f2c4b36f6,receipt,draft,RCP-20260314-0661,,aa288b8f-0eb8-4785-93c6-bb17bf0e4cf7,00000000-0000-0000-0000-000000000000,2025-10-15 09:01:54,2025-10-15 09:01:54
e7004646-75bf-477e-8ad4-fcd674ccbcb2,transfer,completed,TRF-20260314-0554,26a1c9b1-c501-4bf6-9050-41d557755a0e,648e46b5-1f05-4523-858d-0880c83ed0be,00000000-0000-0000-0000-000000000000,2026-02-08 09:01:54,2026-02-08 09:01:54
18570063-5003-4d11-8dd4-66d2d6ba61b3,receipt,draft,RCP-20260314-0662,,e54b2d69-2d3d-4cb1-ad01-58eac4a000b6,00000000-0000-0000-0000-000000000000,2025-11-11 09:01:54,2025-11-11 09:01:54
661801e5-23ee-412f-891b-8d2498908793,adjustment,completed,ADJ-20260314-0338,764a61b1-b036-4737-8b93-7d9cfa55e59f,,00000000-0000-0000-0000-000000000000,2025-09-22 09:01:54,2025-09-22 09:01:54
11c682e2-be05-4e06-b1b1-4db3a3c94b79,transfer,draft,TRF-20260314-0555,04b84648-32e4-408d-9d15-414e5d2464af,4fa36dda-73d0-49c7-91aa-db33f28661ae,00000000-0000-0000-0000-000000000000,2025-09-23 09:01:54,2025-09-23 09:01:54
b7bcf149-7123-403d-8b89-0e056bf21be4,transfer,completed,TRF-20260314-0556,bac20f4b-0015-440a-a92e-c632aa94b603,b3584f10-52af-4340-9aea-ae7c2251cbc4,00000000-0000-0000-0000-000000000000,2026-01-18 09:01:54,2026-01-18 09:01:54
0f46e934-4906-40db-a8d7-18187614db9d,transfer,completed,TRF-20260314-0557,18abe173-f104-4a67-9884-0ecef7c6cf14,14e19bc3-490d-4fbc-b1d5-08f1f6308979,00000000-0000-0000-0000-000000000000,2025-07-16 09:01:54,2025-07-16 09:01:54
6b057ccb-6785-482a-bc23-f9fc0fa92ce9,adjustment,draft,ADJ-20260314-0339,93900744-f0ab-4fd0-9e9e-46852acfa013,,00000000-0000-0000-0000-000000000000,2025-05-26 09:01:54,2025-05-26 09:01:54
b063f7e6-250e-46ca-9511-9b735fbc5d83,receipt,confirmed,RCP-20260314-0663,,8b6de9d4-be03-4822-b22a-6d4d49d2596c,00000000-0000-0000-0000-000000000000,2025-12-31 09:01:54,2025-12-31 09:01:54
e39870f4-38d9-44f2-9c96-6672905695a9,receipt,completed,RCP-20260314-0664,,0fb34cc1-1820-4b55-b49f-e6b9a80c9e59,00000000-0000-0000-0000-000000000000,2025-08-19 09:01:54,2025-08-19 09:01:54
1d3ac958-d286-46e5-99c0-69b85f795658,receipt,draft,RCP-20260314-0665,,62059d33-0f97-4dd3-bafa-113b22661bea,00000000-0000-0000-0000-000000000000,2025-04-26 09:01:54,2025-04-26 09:01:54
2e859e8e-4c41-4a76-a32b-344439383570,transfer,completed,TRF-20260314-0558,3bafdbee-dfb2-4390-9ada-8eb436d3f48f,3d7202aa-4abf-4f5b-89bf-d0ff6a76f7e8,00000000-0000-0000-0000-000000000000,2026-01-22 09:01:54,2026-01-22 09:01:54
a71ad280-a3c4-44ae-b153-e2aaac2f08d3,receipt,completed,RCP-20260314-0666,,c4c5d0a1-1b7f-47ba-9be6-0bda26e07ff3,00000000-0000-0000-0000-000000000000,2025-08-10 09:01:54,2025-08-10 09:01:54
8fa3975a-b51b-4b19-be98-3c88846cb849,adjustment,draft,ADJ-20260314-0340,b1882732-4e53-405e-ad5c-16052a377f57,,00000000-0000-0000-0000-000000000000,2026-01-16 09:01:54,2026-01-16 09:01:54
46d9322c-6747-4cd9-8847-c4a9e343368b,transfer,confirmed,TRF-20260314-0559,deed378b-7a7b-491e-b79d-5a55cc91f186,0ea14ebf-96a1-4444-ae0d-614851e86f28,00000000-0000-0000-0000-000000000000,2025-06-02 09:01:54,2025-06-02 09:01:54
040717b6-4f72-4f07-98a4-c67d64921ff7,adjustment,completed,ADJ-20260314-0341,2ec118c0-ea96-462a-ab3b-4aa9c414d330,,00000000-0000-0000-0000-000000000000,2025-07-21 09:01:54,2025-07-21 09:01:54
595920be-40fd-43e7-a6d6-6d7499ae95de,delivery,completed,DLV-20260314-0683,85aec269-190a-407d-8018-a4652d6ee755,,00000000-0000-0000-0000-000000000000,2025-04-04 09:01:54,2025-04-04 09:01:54
f9768600-7d0c-4968-8a6d-336b8c39dae5,adjustment,draft,ADJ-20260314-0342,0f85432c-3aaa-447b-b0c8-8a04e1253d68,,00000000-0000-0000-0000-000000000000,2025-05-27 09:01:54,2025-05-27 09:01:54
3a1ed570-38a7-4cee-bf39-2b7c4409f7a1,delivery,completed,DLV-20260314-0684,cea98027-2d30-46a8-a102-14b7e2f9a894,,00000000-0000-0000-0000-000000000000,2026-01-24 09:01:54,2026-01-24 09:01:54
9c27b1f3-4243-4704-a1bb-fa4617a5cb06,transfer,completed,TRF-20260314-0560,78c2d43b-907c-4ce2-9a9d-73bddb4ed49f,6d541d3e-35f7-48c6-9f78-fd325df97fc2,00000000-0000-0000-0000-000000000000,2026-02-08 09:01:54,2026-02-08 09:01:54
cf710f36-8956-4a3a-8223-4a9bbbbfb1eb,receipt,completed,RCP-20260314-0667,,8719ddf7-6b7b-4042-9b34-7e1fc67129f3,00000000-0000-0000-0000-000000000000,2026-02-05 09:01:54,2026-02-05 09:01:54
384d7ee3-24bf-4870-8641-87df04eb3cfb,transfer,completed,TRF-20260314-0561,6541c9da-358b-45fd-a256-43199c5f67f5,51036590-3ac2-4542-847c-95c91b635196,00000000-0000-0000-0000-000000000000,2025-10-23 09:01:54,2025-10-23 09:01:54
df52fa5f-945f-4ff9-9546-ee8dd1a20a69,transfer,draft,TRF-20260314-0562,b4086b01-d1b6-424e-bbf3-7b79a75f0ca1,e5c1393b-bbaf-4ae3-877c-544fc638d2b9,00000000-0000-0000-0000-000000000000,2026-02-26 09:01:54,2026-02-26 09:01:54
3440c3d7-9a54-4a2d-baeb-1d20181439d0,receipt,completed,RCP-20260314-0668,,67eeb033-2fb8-46f0-8c8c-a7f9282f092a,00000000-0000-0000-0000-000000000000,2026-01-24 09:01:54,2026-01-24 09:01:54
63c5672c-84cb-4f1f-a7ee-4d381969b542,transfer,completed,TRF-20260314-0563,518ddf9e-6221-4414-a634-a929a090f015,c3867371-f218-41da-9280-aecd9450b7b5,00000000-0000-0000-0000-000000000000,2025-12-26 09:01:54,2025-12-26 09:01:54
d24d9004-23a9-4b9f-94b2-f629d31466ee,receipt,completed,RCP-20260314-0669,,f4bdf326-03da-498e-8420-862908ba4dfb,00000000-0000-0000-0000-000000000000,2026-03-03 09:01:54,2026-03-03 09:01:54
34428e33-ad22-4d1b-94ee-6721ba49846e,transfer,completed,TRF-20260314-0564,8d09bf75-70a0-4464-9227-70da2ecb7ac3,683f3f2f-00f0-4d98-9bf5-ee1755a36fd6,00000000-0000-0000-0000-000000000000,2025-10-02 09:01:54,2025-10-02 09:01:54
187082ff-d026-4291-b601-3799541c67c2,receipt,draft,RCP-20260314-0670,,4b321b31-0748-48ee-a2ab-68af47483053,00000000-0000-0000-0000-000000000000,2025-10-26 09:01:54,2025-10-26 09:01:54
9ede7cde-7f04-44e2-a017-f347ab2b71b3,transfer,completed,TRF-20260314-0565,713b1407-cf5b-4ec7-87b9-f84806494b30,7b6591f3-6fcc-491d-a041-22d2f79fab39,00000000-0000-0000-0000-000000000000,2025-12-16 09:01:54,2025-12-16 09:01:54
fc0e417d-f7a2-47cb-a1b3-8a82b9a64032,adjustment,completed,ADJ-20260314-0343,7eb95ba9-a8cb-4abd-8f63-de789187dda6,,00000000-0000-0000-0000-000000000000,2025-06-05 09:01:54,2025-06-05 09:01:54
a6f3b185-cca9-48eb-a643-d7ca221dc7f1,receipt,completed,RCP-20260314-0671,,cbe48616-a99d-445a-83ab-140dea0a888a,00000000-0000-0000-0000-000000000000,2026-03-04 09:01:54,2026-03-04 09:01:54
8b6ad8ff-99bb-4820-b3aa-ea3a7617d0c3,transfer,completed,TRF-20260314-0566,b0f3e9ba-5764-44fa-9442-bbbd101371a2,85d41e8b-22cb-4aad-9ccd-0bdae47fd9f9,00000000-0000-0000-0000-000000000000,2025-11-23 09:01:54,2025-11-23 09:01:54
634a6676-e6ec-4dc8-983e-58839a83ee29,adjustment,draft,ADJ-20260314-0344,6e210cd8-384d-4416-a3b8-108a3ff87dc9,,00000000-0000-0000-0000-000000000000,2025-12-07 09:01:54,2025-12-07 09:01:54
a64ce849-fd7f-4fb7-90c7-e4f276d7b4ca,delivery,draft,DLV-20260314-0685,1c1b55cf-6b8b-471c-84ab-661377fc1455,,00000000-0000-0000-0000-000000000000,2025-04-12 09:01:54,2025-04-12 09:01:54
039a5164-6bb0-45b5-ba86-04d787218977,receipt,completed,RCP-20260314-0672,,f4b63cff-7716-4d9c-9734-1a1ef5d76b35,00000000-0000-0000-0000-000000000000,2025-08-09 09:01:54,2025-08-09 09:01:54
91427f87-441a-42cc-9674-961336878b95,adjustment,draft,ADJ-20260314-0345,b5ccfcb5-db2c-4e5a-8948-9d9bb2058f14,,00000000-0000-0000-0000-000000000000,2025-03-30 09:01:54,2025-03-30 09:01:54
a3005f53-645d-4adb-8cab-09afbc57bdfd,adjustment,completed,ADJ-20260314-0346,de263198-37ab-4042-8ed3-c1491e4a50a4,,00000000-0000-0000-0000-000000000000,2025-08-20 09:01:54,2025-08-20 09:01:54
602ed344-1100-431c-ae51-001170ce60ae,delivery,confirmed,DLV-20260314-0686,67ecd84a-cb74-4768-8962-f9740b339f61,,00000000-0000-0000-0000-000000000000,2025-04-03 09:01:54,2025-04-03 09:01:54
d848f07a-d763-4fe7-8cf7-00e1ceab11d8,receipt,completed,RCP-20260314-0673,,749fc5af-7511-4612-b429-8ab5d32134b6,00000000-0000-0000-0000-000000000000,2025-08-13 09:01:54,2025-08-13 09:01:54
4e3e36c2-a21b-4dc6-bce8-584e71625efb,receipt,completed,RCP-20260314-0674,,679bfdbc-3219-4ae9-a42a-dd448e1ca6e7,00000000-0000-0000-0000-000000000000,2025-08-24 09:01:54,2025-08-24 09:01:54
a45f6579-6525-4acf-aca1-bbc202c4b508,delivery,draft,DLV-20260314-0687,83bc05a0-79b9-4423-a8eb-d2b2713a160b,,00000000-0000-0000-0000-000000000000,2025-04-27 09:01:54,2025-04-27 09:01:54
58359d99-9db7-498d-a16f-f7e803da4603,delivery,completed,DLV-20260314-0688,531b6001-37c8-4b06-abf4-a59cf078db36,,00000000-0000-0000-0000-000000000000,2025-04-02 09:01:54,2025-04-02 09:01:54
d85f52fd-c833-4fa0-81a3-6b5853e2625f,receipt,completed,RCP-20260314-0675,,892e3991-3e0d-4a69-a54d-1e1f3c4171be,00000000-0000-0000-0000-000000000000,2025-10-24 09:01:54,2025-10-24 09:01:54
2fb3e161-bddd-416f-a279-310007f90ed4,transfer,confirmed,TRF-20260314-0567,f4191158-611a-4bea-b6d2-ade427102530,d0a26cf8-ca8f-4484-94e9-cf68cc26c45f,00000000-0000-0000-0000-000000000000,2025-10-26 09:01:54,2025-10-26 09:01:54
526f67cf-9460-4be0-af2a-ba0684ecd5c2,transfer,completed,TRF-20260314-0568,921948ea-cc07-4272-8723-9104746f7478,31fc3bbd-bf95-47a8-b567-b50183ad373d,00000000-0000-0000-0000-000000000000,2026-02-07 09:01:54,2026-02-07 09:01:54
a9a0537a-c781-492c-94d8-489084457494,delivery,confirmed,DLV-20260314-0689,d83d96ee-e422-4c8c-ba50-17bbe15c506a,,00000000-0000-0000-0000-000000000000,2025-11-30 09:01:54,2025-11-30 09:01:54
7681e34f-1a59-400a-bf52-248f4999d083,adjustment,completed,ADJ-20260314-0347,cbdd4f93-ee09-4468-9ad3-45e2d4854069,,00000000-0000-0000-0000-000000000000,2025-07-26 09:01:54,2025-07-26 09:01:54
511e3dc2-04f8-4974-a4ec-536f54c5485e,transfer,completed,TRF-20260314-0569,65348b92-15d0-4d88-9c60-22fb60f365a5,f256d9e2-e34e-4f2c-8106-e1f15d4caad0,00000000-0000-0000-0000-000000000000,2026-01-27 09:01:54,2026-01-27 09:01:54
7130a5e4-2bc7-4683-9c97-2928ef535c96,transfer,draft,TRF-20260314-0570,f70cc902-7da3-4e67-b3f5-2a06f1bfe41a,50127aea-69b1-4365-acea-cfa9b1eb1dd5,00000000-0000-0000-0000-000000000000,2025-11-17 09:01:54,2025-11-17 09:01:54
eb5497bd-5b90-449a-8046-74f9a6b17b15,transfer,completed,TRF-20260314-0571,ac9c1671-add2-40c7-9306-2749e903f793,51406a67-84b9-4c41-91dd-984bac1e05cd,00000000-0000-0000-0000-000000000000,2025-08-19 09:01:54,2025-08-19 09:01:54
61409a21-febf-4c3f-8163-2cecf1208301,transfer,draft,TRF-20260314-0572,ac359528-0ab2-4394-b3f5-cfda59285fc9,0cf8d9fd-c012-419b-99e1-16c65d63adc3,00000000-0000-0000-0000-000000000000,2025-06-09 09:01:54,2025-06-09 09:01:54
c65dea30-b5a7-489c-9040-f0411c8c5bcf,receipt,completed,RCP-20260314-0676,,06ac3daa-4b2a-41fd-8137-5323e59455d9,00000000-0000-0000-0000-000000000000,2025-08-11 09:01:54,2025-08-11 09:01:54
d64aa672-112d-48f9-8f4c-3c805dd82501,transfer,draft,TRF-20260314-0573,cb999193-ea9e-4edc-bdcc-33aa412d0715,821ee7ba-db71-42ca-9941-81aa2db7079a,00000000-0000-0000-0000-000000000000,2025-06-05 09:01:54,2025-06-05 09:01:54
75b0f220-f4d8-46e0-9948-2cdd51773aa6,delivery,completed,DLV-20260314-0690,82dc2d6c-ab90-4bf9-b58f-4f756b4afa56,,00000000-0000-0000-0000-000000000000,2025-03-31 09:01:54,2025-03-31 09:01:54
28384211-2589-4816-8d2a-ddc2bb15d745,transfer,confirmed,TRF-20260314-0574,179fa5c6-d79f-4686-89cb-1ea78be8bb95,e29041ac-b3af-4953-ac83-3f2791a3c444,00000000-0000-0000-0000-000000000000,2025-12-26 09:01:54,2025-12-26 09:01:54
0b3b074b-4dd8-47d1-ae80-e1f3cdeb2138,receipt,draft,RCP-20260314-0677,,37a679e7-e65a-48bd-aa2b-894e494ed1fa,00000000-0000-0000-0000-000000000000,2025-05-29 09:01:54,2025-05-29 09:01:54
742b021c-26c3-4bf2-93ea-c06887aa742f,receipt,draft,RCP-20260314-0678,,e6382f61-a86e-4244-b869-5753769a2893,00000000-0000-0000-0000-000000000000,2026-02-23 09:01:54,2026-02-23 09:01:54
8280192d-aaf3-48d9-ae8f-5ee4fe7e4704,delivery,completed,DLV-20260314-0691,a4daa24b-04a2-4bb0-be89-5f7d8c72fc8c,,00000000-0000-0000-0000-000000000000,2025-10-06 09:01:54,2025-10-06 09:01:54
b2a38373-50bb-4861-bf6f-f58d4a5b6645,receipt,completed,RCP-20260314-0679,,9db2975a-be12-4be8-a47b-1c24c2e390b8,00000000-0000-0000-0000-000000000000,2025-05-24 09:01:54,2025-05-24 09:01:54
2133f28e-af47-4aef-983b-4f0304b11969,receipt,completed,RCP-20260314-0680,,8948a14b-c825-48cf-967d-51ca6ce97a81,00000000-0000-0000-0000-000000000000,2025-07-29 09:01:54,2025-07-29 09:01:54
d0fa9689-1f40-495d-be98-3859276e7c54,delivery,completed,DLV-20260314-0692,b7db8d7a-3ac9-4008-b81c-e0bd0d01a71f,,00000000-0000-0000-0000-000000000000,2025-09-29 09:01:54,2025-09-29 09:01:54
d2af48d5-cad6-4b36-aa64-0b98863380a8,transfer,completed,TRF-20260314-0575,a5fa9e62-0afd-4a33-aa2a-c131578d6f4d,cf4f0c42-e997-408d-822e-c25b96efa6b4,00000000-0000-0000-0000-000000000000,2025-11-03 09:01:54,2025-11-03 09:01:54
8d4e1914-0c48-4000-970e-2eb5e55b9f62,receipt,completed,RCP-20260314-0681,,5e1df5fc-5568-4f46-97d9-2981a52e4f92,00000000-0000-0000-0000-000000000000,2026-01-27 09:01:54,2026-01-27 09:01:54
34cd2f5c-f88e-45a3-84f5-a25618748b4e,receipt,completed,RCP-20260314-0682,,4c18d87f-5332-4c59-8539-84b90e371303,00000000-0000-0000-0000-000000000000,2025-07-10 09:01:54,2025-07-10 09:01:54
55a10ffb-35d4-42dc-95f3-2e461a5fdda3,receipt,draft,RCP-20260314-0683,,f4191158-611a-4bea-b6d2-ade427102530,00000000-0000-0000-0000-000000000000,2025-08-02 09:01:54,2025-08-02 09:01:54
ce9476a6-6f3f-4ee1-ba21-2b21d6d471eb,transfer,completed,TRF-20260314-0576,60adde3a-fa22-4030-a23b-e33955d8512c,5b4cb7a3-4e13-4249-bfac-f3bdaca80654,00000000-0000-0000-0000-000000000000,2025-05-29 09:01:54,2025-05-29 09:01:54
990b1c69-6081-49a2-8927-42c8bdb8edff,adjustment,completed,ADJ-20260314-0348,1779a508-8ba8-4fee-8f06-d4d9b7254a73,,00000000-0000-0000-0000-000000000000,2025-05-10 09:01:54,2025-05-10 09:01:54
09abf622-52bd-443e-991f-0bce4ad9ff6b,transfer,confirmed,TRF-20260314-0577,2ed73dec-71f1-473c-9f51-befaae0e9e2f,cb56b56e-d2c4-4ae5-9889-45b9b563fc19,00000000-0000-0000-0000-000000000000,2026-01-02 09:01:54,2026-01-02 09:01:54
c8586328-3d58-467d-903e-74d4c8abb5a9,delivery,completed,DLV-20260314-0693,b0ac7654-c748-4c5f-874c-7d829d9c783d,,00000000-0000-0000-0000-000000000000,2025-05-12 09:01:54,2025-05-12 09:01:54
bf8615c0-deb4-4e64-8a35-7ca0e8b5b37f,adjustment,completed,ADJ-20260314-0349,746c8f15-e085-4734-ab38-25dc537187f5,,00000000-0000-0000-0000-000000000000,2025-10-23 09:01:54,2025-10-23 09:01:54
40ddb827-2161-49ba-80fa-7c77f64f767f,delivery,draft,DLV-20260314-0694,ae142f37-29f2-4593-a56d-b8564eb6bb4c,,00000000-0000-0000-0000-000000000000,2025-07-14 09:01:54,2025-07-14 09:01:54
4b2fcb71-7bdb-4839-8e4b-71d7a1b69ee5,receipt,completed,RCP-20260314-0684,,8bf5251d-274e-44af-8778-9425b9f3f923,00000000-0000-0000-0000-000000000000,2025-08-16 09:01:54,2025-08-16 09:01:54
71ba9010-afe9-475e-b380-f632515c93fc,transfer,completed,TRF-20260314-0578,d5ec3699-0aad-46c3-a9ed-5848bae0c932,1926e17c-465a-41ce-ab59-0717519bd8f0,00000000-0000-0000-0000-000000000000,2026-03-10 09:01:54,2026-03-10 09:01:54
3fd2acca-e473-4fd5-aca2-2a469588598b,transfer,completed,TRF-20260314-0579,4f9e9aa4-5803-4282-8c40-e9a59cd7dae9,e584c9e2-b262-4287-8563-a516bd8db6c1,00000000-0000-0000-0000-000000000000,2025-12-13 09:01:54,2025-12-13 09:01:54
ea70eda1-472a-4686-9f9b-ebb3e13d7c50,delivery,confirmed,DLV-20260314-0695,b2e99f98-cdc4-4b02-979f-d6ecdca0620c,,00000000-0000-0000-0000-000000000000,2025-12-13 09:01:54,2025-12-13 09:01:54
1c54d873-67c3-433a-9874-ca3a546e8858,delivery,completed,DLV-20260314-0696,202a8ca9-7c9b-4a2e-851b-a26ba0bd9197,,00000000-0000-0000-0000-000000000000,2025-06-23 09:01:54,2025-06-23 09:01:54
7ca53a95-382f-4b73-b8de-4bb3f1f0fed9,transfer,completed,TRF-20260314-0580,95c052bd-71fa-4f80-b235-4455b654e477,8c3c7bda-ef7c-4eda-a596-ae11f2a8ec33,00000000-0000-0000-0000-000000000000,2025-07-20 09:01:54,2025-07-20 09:01:54
eb1c0a6a-9b3a-42c9-bf43-130bea7e157c,delivery,draft,DLV-20260314-0697,7e4fe0be-615d-4cdb-b3ad-10d9f2845b86,,00000000-0000-0000-0000-000000000000,2026-01-04 09:01:54,2026-01-04 09:01:54
081c700b-6193-4ab6-bc60-7f6ad98fe6c8,delivery,completed,DLV-20260314-0698,45527982-1536-42cf-8a5a-0b644b2e2887,,00000000-0000-0000-0000-000000000000,2026-01-03 09:01:54,2026-01-03 09:01:54
b3e2cfd1-b80f-4b73-a392-62409c56a5d9,delivery,draft,DLV-20260314-0699,58c1de28-b28a-46fc-a623-8490732c09e0,,00000000-0000-0000-0000-000000000000,2025-08-07 09:01:54,2025-08-07 09:01:54
ad11d957-fc41-4085-b726-df4f7a77fb67,delivery,completed,DLV-20260314-0700,9ab4f91c-0a7c-4749-996b-f15191a73b9b,,00000000-0000-0000-0000-000000000000,2025-09-19 09:01:54,2025-09-19 09:01:54
acef9e70-15c0-41b5-a9f1-0701f34a7956,receipt,draft,RCP-20260314-0685,,5f8fa30e-1e47-4d88-b88a-25e521cc07e4,00000000-0000-0000-0000-000000000000,2025-04-30 09:01:54,2025-04-30 09:01:54
5463b414-93b0-4f7c-aa00-5aceeae2c13a,delivery,confirmed,DLV-20260314-0701,d8676575-5789-40a9-9ef5-a0af641f3f69,,00000000-0000-0000-0000-000000000000,2025-09-30 09:01:54,2025-09-30 09:01:54
1f342281-7e2d-490b-894e-c289d62b6988,delivery,draft,DLV-20260314-0702,b120ee12-dbca-410c-bba3-cb2fd37251e3,,00000000-0000-0000-0000-000000000000,2025-07-03 09:01:54,2025-07-03 09:01:54
afdd3641-ec4f-49eb-8055-a23dd8aa32f9,receipt,completed,RCP-20260314-0686,,7328926a-8b78-4eb5-b87c-e42edbdbe5e4,00000000-0000-0000-0000-000000000000,2025-04-21 09:01:54,2025-04-21 09:01:54
a2c8e0ea-6ee4-4b57-9788-0508964c765c,delivery,completed,DLV-20260314-0703,a2eff903-e741-46e8-8902-c73e9a8897c9,,00000000-0000-0000-0000-000000000000,2025-06-09 09:01:54,2025-06-09 09:01:54
b52f560f-c32e-481c-bf59-ca8d224a3585,delivery,confirmed,DLV-20260314-0704,c1e54fde-16f3-4c1d-9975-3dad08128f62,,00000000-0000-0000-0000-000000000000,2025-04-25 09:01:54,2025-04-25 09:01:54
e5f6f9bc-0cf8-42fc-8747-cf6aaac97080,delivery,confirmed,DLV-20260314-0705,5acbe827-ff4d-4ed3-a194-6c02b3062e96,,00000000-0000-0000-0000-000000000000,2025-08-02 09:01:54,2025-08-02 09:01:54
a3b62290-467b-4ae4-a3a4-8205c0e95702,receipt,completed,RCP-20260314-0687,,28725f18-d04e-4a1c-9d44-768b5c444129,00000000-0000-0000-0000-000000000000,2026-01-16 09:01:54,2026-01-16 09:01:54
09b30e41-e559-4a35-bc34-4ffbb281fe0b,adjustment,completed,ADJ-20260314-0350,79994da2-eab3-4797-bbae-d65ffbfdb0c6,,00000000-0000-0000-0000-000000000000,2025-12-05 09:01:54,2025-12-05 09:01:54
d2e85107-1dec-4cdc-baf9-f01a8e785021,receipt,draft,RCP-20260314-0688,,1734f788-fd05-4fae-8810-d7aa7bb21b3f,00000000-0000-0000-0000-000000000000,2026-01-11 09:01:54,2026-01-11 09:01:54
44b88e67-9007-4dcd-8ea9-00c5fcdc7f53,receipt,confirmed,RCP-20260314-0689,,41badd42-0bbd-413f-8a8d-6c88745d8ec4,00000000-0000-0000-0000-000000000000,2025-06-22 09:01:54,2025-06-22 09:01:54
0906ffaf-d961-4e92-9958-f84a4683501d,receipt,draft,RCP-20260314-0690,,07c74d58-12c9-4c8e-8f29-69178515b4b8,00000000-0000-0000-0000-000000000000,2025-08-07 09:01:54,2025-08-07 09:01:54
db3e20ac-88d2-4610-a79f-ff6dc7fa63c2,adjustment,completed,ADJ-20260314-0351,8ef61078-07b1-423f-a17a-4e2d6235bfc1,,00000000-0000-0000-0000-000000000000,2025-04-13 09:01:54,2025-04-13 09:01:54
ba017508-c7a4-4426-894a-ee51a3f6c11f,receipt,completed,RCP-20260314-0691,,1661b8b2-677b-4a69-94d9-f349dced0f6f,00000000-0000-0000-0000-000000000000,2025-09-22 09:01:54,2025-09-22 09:01:54
f04efdc0-6e23-48f8-8e45-43dc409d3c43,receipt,completed,RCP-20260314-0692,,37ce97d1-58a6-498b-97da-277e4c564157,00000000-0000-0000-0000-000000000000,2025-09-19 09:01:54,2025-09-19 09:01:54
74c48861-5c94-42b0-9eb7-fb3fa7a7b7dc,receipt,completed,RCP-20260314-0693,,74e938ca-367b-42cc-b119-98df90c5e254,00000000-0000-0000-0000-000000000000,2026-02-09 09:01:54,2026-02-09 09:01:54
86bf184a-fd66-4d2b-bfcd-cfc21232428e,receipt,completed,RCP-20260314-0694,,cd3f3843-4a49-4c28-b717-734cfba05836,00000000-0000-0000-0000-000000000000,2025-05-15 09:01:54,2025-05-15 09:01:54
6574a560-34b5-4bea-96dd-410f178bc098,transfer,draft,TRF-20260314-0581,b3456fa4-cd87-4ed8-92ac-0980544480f8,d246e982-4606-4c8b-b463-c4ca56b8e65e,00000000-0000-0000-0000-000000000000,2025-07-14 09:01:54,2025-07-14 09:01:54
355c6dc2-c2ec-4947-a985-45d8c0f7ef9f,receipt,confirmed,RCP-20260314-0695,,e04ff0f0-b73b-4306-a9f0-1046732483a5,00000000-0000-0000-0000-000000000000,2025-06-30 09:01:54,2025-06-30 09:01:54
99f6f393-ae02-463f-a110-d85409ff93c9,transfer,draft,TRF-20260314-0582,d432250b-3a20-445f-bb93-6ef12a6d71cb,50530d6d-7ebe-49b2-8ba6-3b875127b594,00000000-0000-0000-0000-000000000000,2025-09-16 09:01:54,2025-09-16 09:01:54
d92cef0a-4d08-4f94-a2c2-4ca67c31eace,receipt,completed,RCP-20260314-0696,,b687b495-4e85-4310-a8e6-adc62d5b13b7,00000000-0000-0000-0000-000000000000,2025-12-29 09:01:54,2025-12-29 09:01:54
3d5c4a18-65ef-4807-8d97-7b437330c3a9,transfer,completed,TRF-20260314-0583,020e5866-ba75-483e-b5bb-0ed18a6a8c62,744cc6fe-4cd5-4626-ae30-d92a62456bfb,00000000-0000-0000-0000-000000000000,2025-11-30 09:01:54,2025-11-30 09:01:54
4a3fce93-6f39-48d0-9552-2f24344d6af1,transfer,completed,TRF-20260314-0584,ea7397b9-b0ea-478d-8ea6-3f9e7bc09b97,31c71054-076a-428d-abd0-1ae0026b225c,00000000-0000-0000-0000-000000000000,2025-04-08 09:01:54,2025-04-08 09:01:54
3664cfb7-9b40-408b-af7c-31e81bc4973e,delivery,confirmed,DLV-20260314-0706,b4b6eb9c-4ce5-4c10-99f4-ccb925060d26,,00000000-0000-0000-0000-000000000000,2026-02-07 09:01:54,2026-02-07 09:01:54
7081716c-89b0-41cb-ba23-da20254df424,transfer,completed,TRF-20260314-0585,4e1f7f89-4fe6-4cef-90c3-15b0a4773f75,edee3caf-32e6-4862-95d5-472e9e3d1d65,00000000-0000-0000-0000-000000000000,2025-08-10 09:01:54,2025-08-10 09:01:54
5b22dd80-8402-4d87-8ff5-b9900b3ba89a,transfer,completed,TRF-20260314-0586,d4ad251f-4bb5-4796-8049-1baf5c409971,f4658670-f362-4d14-9e0b-628d0db2ac7f,00000000-0000-0000-0000-000000000000,2025-03-19 09:01:54,2025-03-19 09:01:54
ced96ad5-35ed-463a-9e46-daae20316050,receipt,completed,RCP-20260314-0697,,ee336f94-8cb9-4762-8ca4-0db4778c4e5d,00000000-0000-0000-0000-000000000000,2026-02-27 09:01:54,2026-02-27 09:01:54
d60633b7-8c07-4525-8bb9-024261b9f095,transfer,completed,TRF-20260314-0587,430edb16-5b59-4633-ad8d-c0286ee00268,161eeb21-9573-4a81-af01-a83061d0ae56,00000000-0000-0000-0000-000000000000,2025-11-10 09:01:54,2025-11-10 09:01:54
873c19be-9fa2-40dd-9572-2c10131dc94e,transfer,completed,TRF-20260314-0588,3aadb0bf-0fb9-439b-913a-657523bf9286,a2a0333e-cd5f-414e-8d20-ddbe8d3b1542,00000000-0000-0000-0000-000000000000,2025-09-11 09:01:54,2025-09-11 09:01:54
b0f14903-cca7-4c6c-9e1e-4ec52df3302c,receipt,draft,RCP-20260314-0698,,aa2f8635-3752-4039-9a84-ec6782ff89fc,00000000-0000-0000-0000-000000000000,2025-07-26 09:01:54,2025-07-26 09:01:54
6e3eec18-64cd-4e69-9f7b-ae6385fe07eb,delivery,completed,DLV-20260314-0707,8d95f089-2255-4cc2-9775-f3d5efb9b036,,00000000-0000-0000-0000-000000000000,2025-05-31 09:01:54,2025-05-31 09:01:54
42a710dc-4117-4941-ba5b-557d1c87d439,transfer,completed,TRF-20260314-0589,69751e71-d302-41aa-8a23-3144b2010107,d456d7ec-1b33-475e-8667-0497ab1452de,00000000-0000-0000-0000-000000000000,2025-10-24 09:01:54,2025-10-24 09:01:54
54fcbce3-51f1-43e2-88bb-a8a0419e1068,delivery,draft,DLV-20260314-0708,7b25127d-9824-4350-be94-95138860bf39,,00000000-0000-0000-0000-000000000000,2025-05-03 09:01:54,2025-05-03 09:01:54
d93b5180-d1e7-40a4-949e-12e08d845773,delivery,draft,DLV-20260314-0709,ca9f6358-e4f9-408a-ac51-db859eefb25b,,00000000-0000-0000-0000-000000000000,2025-08-15 09:01:54,2025-08-15 09:01:54
5af3ea3b-a08f-4e0d-a500-1019dc84f88c,delivery,draft,DLV-20260314-0710,f03cbcd4-d2ae-4538-a01b-50219590c1b8,,00000000-0000-0000-0000-000000000000,2025-11-27 09:01:54,2025-11-27 09:01:54
2dd81318-ef03-4899-bf9a-0b8e01c109d2,receipt,draft,RCP-20260314-0699,,d5d344f3-4529-42ec-a32a-c5c074f69db9,00000000-0000-0000-0000-000000000000,2025-12-17 09:01:54,2025-12-17 09:01:54
fe195dbc-8d00-44dc-be19-ffb87b7e3cbe,receipt,completed,RCP-20260314-0700,,78d0e0f5-bb8a-4ed7-9cad-d057fd8a5a79,00000000-0000-0000-0000-000000000000,2025-10-09 09:01:54,2025-10-09 09:01:54
71ea46de-a002-48b5-9426-5d4022e03029,receipt,draft,RCP-20260314-0701,,b199acfa-bf68-4474-8457-e79e2c107b4c,00000000-0000-0000-0000-000000000000,2026-02-28 09:01:54,2026-02-28 09:01:54
06565ae2-33c0-4aca-b4de-4b03528c41ad,receipt,completed,RCP-20260314-0702,,9a26c865-3fad-4fdd-b0e1-1e8d6b1e65d7,00000000-0000-0000-0000-000000000000,2025-11-18 09:01:54,2025-11-18 09:01:54
431150d3-5619-4864-9e0d-a26ffa3b23a9,receipt,completed,RCP-20260314-0703,,2cea4d1f-545a-47bd-a78c-048013a1bb8a,00000000-0000-0000-0000-000000000000,2025-11-01 09:01:54,2025-11-01 09:01:54
6b1ee10c-3df2-4f49-bda5-94e58b212025,transfer,draft,TRF-20260314-0590,475d16ce-d1df-473f-8d12-0b7064061eb5,6df56986-3d0c-43ff-b391-1a92f131098b,00000000-0000-0000-0000-000000000000,2025-12-02 09:01:54,2025-12-02 09:01:54
a96430de-c8f2-41f0-aeaf-ed58be625efa,receipt,confirmed,RCP-20260314-0704,,526f6f87-a7f5-4fa8-b644-bb381a88597d,00000000-0000-0000-0000-000000000000,2025-08-14 09:01:54,2025-08-14 09:01:54
f42c80fe-e964-4789-b4e0-5721c6e70f9a,adjustment,completed,ADJ-20260314-0352,251d281e-da94-48f9-b704-d30d30d6b732,,00000000-0000-0000-0000-000000000000,2025-09-10 09:01:54,2025-09-10 09:01:54
e9e0108c-1295-4c99-9fe3-d3c7e8522683,receipt,completed,RCP-20260314-0705,,f4b63cff-7716-4d9c-9734-1a1ef5d76b35,00000000-0000-0000-0000-000000000000,2026-01-13 09:01:54,2026-01-13 09:01:54
44efe3e7-9c6a-4d53-8500-8e119dac2803,receipt,completed,RCP-20260314-0706,,26f005ee-db82-4f21-a0c6-e670f84d8845,00000000-0000-0000-0000-000000000000,2025-06-02 09:01:54,2025-06-02 09:01:54
a292fa1b-5759-48ce-8c90-aadbeae28060,receipt,completed,RCP-20260314-0707,,c6aca11a-0680-4e91-8110-cc0e86316d82,00000000-0000-0000-0000-000000000000,2026-02-24 09:01:54,2026-02-24 09:01:54
aff8305a-70c9-4d6b-8c90-1cf767b7ade5,adjustment,completed,ADJ-20260314-0353,cb8b1360-f58b-4729-8aa8-51b41b2b1f53,,00000000-0000-0000-0000-000000000000,2025-07-13 09:01:54,2025-07-13 09:01:54
935cd2bf-aa89-4e7a-aac4-1683c1ea87a2,adjustment,completed,ADJ-20260314-0354,0a2c7a35-798f-4b04-a016-fb23cdf940c1,,00000000-0000-0000-0000-000000000000,2025-12-26 09:01:54,2025-12-26 09:01:54
27219b37-2332-4be0-997e-2f2727d7efd9,delivery,completed,DLV-20260314-0711,aa5bbb43-bdc9-41d2-b3a9-71a58e08f919,,00000000-0000-0000-0000-000000000000,2026-03-05 09:01:54,2026-03-05 09:01:54
abfcba6f-de49-4ef9-8ba0-cc879dec78d1,transfer,draft,TRF-20260314-0591,099b33d2-f43e-4750-8acf-6b041438924b,6a70ef50-5223-44e0-b675-5de518880bc5,00000000-0000-0000-0000-000000000000,2026-01-08 09:01:54,2026-01-08 09:01:54
897fbd6d-b13f-493b-872c-0e94482cfbc3,receipt,completed,RCP-20260314-0708,,6bf7eee4-6355-428f-a05e-f54f18af1162,00000000-0000-0000-0000-000000000000,2026-01-29 09:01:54,2026-01-29 09:01:54
82b7d519-7af9-4bea-af48-d9d4d2f4a8e7,receipt,completed,RCP-20260314-0709,,f9a59dc2-ec1c-49f7-a611-910a6c68f7c4,00000000-0000-0000-0000-000000000000,2025-12-10 09:01:54,2025-12-10 09:01:54
12a27540-f399-4342-82b6-ec56bf201e51,receipt,draft,RCP-20260314-0710,,c6a99c5f-6e19-43fa-ae8c-c02a53c5123f,00000000-0000-0000-0000-000000000000,2025-06-08 09:01:54,2025-06-08 09:01:54
9f030f2c-9eff-435f-a2dd-d8db20338afc,transfer,completed,TRF-20260314-0592,bc3c02c1-15b5-4b11-b373-cbd17b3960f6,29c829e5-95e6-46e3-8829-39de32c1dc12,00000000-0000-0000-0000-000000000000,2025-05-13 09:01:54,2025-05-13 09:01:54
705cae07-bedf-49c0-b776-dcc486ed620a,transfer,draft,TRF-20260314-0593,ea93f832-860e-42dd-82b2-7b6e8cac36a1,db7b0359-3d67-44c5-af73-66ba3fcba300,00000000-0000-0000-0000-000000000000,2025-08-15 09:01:54,2025-08-15 09:01:54
0949a0bb-0e01-454d-8325-095bb595e301,receipt,draft,RCP-20260314-0711,,b2746196-5fa4-453e-8f91-cb572dfea6c9,00000000-0000-0000-0000-000000000000,2025-07-17 09:01:54,2025-07-17 09:01:54
d286c952-bd97-49b8-9937-6af7e0c59d1e,transfer,completed,TRF-20260314-0594,195b783e-09ad-47f0-89b6-1d39e1ac6a2d,4d4a5976-900c-44ac-a570-88b53e93e404,00000000-0000-0000-0000-000000000000,2025-08-29 09:01:54,2025-08-29 09:01:54
bf96d9fb-1cb4-41f5-a255-ef264ccbdbcf,adjustment,completed,ADJ-20260314-0355,b86a099a-1f3f-44c9-8482-e61bae165b69,,00000000-0000-0000-0000-000000000000,2026-02-16 09:01:54,2026-02-16 09:01:54
ca268535-1157-4b2c-9bae-f63ff366583f,receipt,draft,RCP-20260314-0712,,e6ccee7a-f799-4f59-aad6-0a6725ab9db5,00000000-0000-0000-0000-000000000000,2026-01-27 09:01:54,2026-01-27 09:01:54
544fd300-2278-4f34-86cb-9222d6f021f6,delivery,draft,DLV-20260314-0712,19c052ed-18fc-4086-b2c8-981c909191f0,,00000000-0000-0000-0000-000000000000,2025-11-19 09:01:54,2025-11-19 09:01:54
d381be2a-7f53-4a70-8d9f-364ae8768944,receipt,draft,RCP-20260314-0713,,91d91bb4-6eff-41f2-a723-852b263df2ed,00000000-0000-0000-0000-000000000000,2025-07-25 09:01:54,2025-07-25 09:01:54
f17ed63a-05df-44d8-8e5e-4b1721c788fe,transfer,completed,TRF-20260314-0595,a3c2b95c-3ad9-40fd-b975-0596b8e06caa,f6e0954e-3b97-48a0-9d0b-716f654fcb98,00000000-0000-0000-0000-000000000000,2025-10-12 09:01:54,2025-10-12 09:01:54
95788ae5-add6-47a8-9497-be8565f4179e,transfer,completed,TRF-20260314-0596,43a6f895-c727-465f-989c-b2fed50f609d,aa360443-d1d6-4421-826a-2d2c4ac06d27,00000000-0000-0000-0000-000000000000,2025-10-07 09:01:54,2025-10-07 09:01:54
e74c4c73-4136-4d82-b7c5-2c1fa7741c4b,receipt,draft,RCP-20260314-0714,,9491277c-162a-488b-86d9-1402293b549e,00000000-0000-0000-0000-000000000000,2025-06-29 09:01:54,2025-06-29 09:01:54
ed4530df-9f05-4c4f-9b27-77ce68b4121d,adjustment,completed,ADJ-20260314-0356,bfcc5730-0ab2-4650-9cfa-d1369cefacb3,,00000000-0000-0000-0000-000000000000,2025-10-04 09:01:54,2025-10-04 09:01:54
754a9c9b-7d5c-46c0-8ab4-b22a6b8ea5be,receipt,completed,RCP-20260314-0715,,ee36fab2-1e91-4dc0-801a-01a88c1dd186,00000000-0000-0000-0000-000000000000,2025-04-02 09:01:54,2025-04-02 09:01:54
17bc7882-dc5a-40c4-9009-ae5c03afb13e,receipt,draft,RCP-20260314-0716,,c727a967-02a5-4158-b841-2584a83bf7e7,00000000-0000-0000-0000-000000000000,2025-06-19 09:01:54,2025-06-19 09:01:54
74ed8f38-30db-49ee-98e8-313e89c87e79,delivery,draft,DLV-20260314-0713,2a5f8e19-f159-4eeb-8a4e-937c8799f9f4,,00000000-0000-0000-0000-000000000000,2025-11-30 09:01:54,2025-11-30 09:01:54
8a694bbb-dd60-4151-86f7-91e14a39ba25,adjustment,completed,ADJ-20260314-0357,705e7ffe-5a79-42f6-b88f-a51f2ec6c01a,,00000000-0000-0000-0000-000000000000,2025-03-23 09:01:54,2025-03-23 09:01:54
3eaf7fe0-3c6e-47df-be38-5c3155512f8f,delivery,confirmed,DLV-20260314-0714,805311a8-e76c-49d7-9529-d097e834efb5,,00000000-0000-0000-0000-000000000000,2025-05-11 09:01:54,2025-05-11 09:01:54
58508c57-8c34-41d3-ba52-57799dcbb901,receipt,completed,RCP-20260314-0717,,d33b0a21-8c0f-43d1-a997-c7a49e44d5d1,00000000-0000-0000-0000-000000000000,2025-12-11 09:01:54,2025-12-11 09:01:54
ae9c7340-783a-4576-9799-8ca633105130,adjustment,completed,ADJ-20260314-0358,6231add7-0ad1-4a10-9e90-f6a0049c6549,,00000000-0000-0000-0000-000000000000,2025-09-17 09:01:54,2025-09-17 09:01:54
90c17639-227e-495f-8df2-b7aefcd0c770,receipt,draft,RCP-20260314-0718,,43ee46cb-124c-4f58-8944-4f2499b82f2e,00000000-0000-0000-0000-000000000000,2025-07-26 09:01:54,2025-07-26 09:01:54
e7abcfbf-e362-4375-95e6-bfc1ac623212,transfer,draft,TRF-20260314-0597,264c5fd5-3dbb-4d6c-b6a1-5c59c52282b5,b92cd65d-e43f-4d2b-b614-5b426cf5faf3,00000000-0000-0000-0000-000000000000,2025-06-18 09:01:54,2025-06-18 09:01:54
3c53c2e3-fa9b-49ca-a0da-3a03d64a376b,receipt,completed,RCP-20260314-0719,,22c36239-f588-431b-aab5-7b13ce8acdde,00000000-0000-0000-0000-000000000000,2025-08-14 09:01:54,2025-08-14 09:01:54
81e4a3cd-7410-41fc-8afc-b6640f1ef339,transfer,draft,TRF-20260314-0598,68084dae-a45f-4bd4-80d5-4384749bb323,22fcd768-c2a4-4a2d-b922-afef92dd56dc,00000000-0000-0000-0000-000000000000,2025-11-13 09:01:54,2025-11-13 09:01:54
92c8ebe1-3ea2-4f3f-a72c-04ac11fa6fec,delivery,completed,DLV-20260314-0715,e0aacbce-29a3-4c09-94f3-6931d3ec9a41,,00000000-0000-0000-0000-000000000000,2025-06-16 09:01:54,2025-06-16 09:01:54
8faa1808-6161-49fd-80b7-6b2c12c716c0,transfer,completed,TRF-20260314-0599,d9925e15-16ea-4b5c-a403-afce5055c649,4e4a8392-b27e-45bb-84c7-ddd709011ef1,00000000-0000-0000-0000-000000000000,2025-05-17 09:01:54,2025-05-17 09:01:54
9bd541fa-f616-4053-90be-37967d3aacd0,delivery,completed,DLV-20260314-0716,12738310-24f1-4b05-83a9-4e6f18a62f62,,00000000-0000-0000-0000-000000000000,2025-06-03 09:01:54,2025-06-03 09:01:54
d0afd0ee-1c92-4d4c-8304-e02957c54ea3,receipt,draft,RCP-20260314-0720,,1367193a-b59d-4de9-8d15-897e324b2aa3,00000000-0000-0000-0000-000000000000,2025-05-22 09:01:54,2025-05-22 09:01:54
7c5a5f56-eb00-4ee6-a06d-69744ff4a2db,delivery,completed,DLV-20260314-0717,5ed6c220-71a4-4f05-b40c-823ec252ef1b,,00000000-0000-0000-0000-000000000000,2025-09-11 09:01:54,2025-09-11 09:01:54
2128e7ea-3a1d-4a64-bf79-8e2db292fd87,adjustment,completed,ADJ-20260314-0359,2135fbcd-edd6-4b77-8407-67ae28021239,,00000000-0000-0000-0000-000000000000,2025-05-11 09:01:54,2025-05-11 09:01:54
ab6c5021-d7c2-4e9c-ad7d-936d0558ae1b,delivery,confirmed,DLV-20260314-0718,94728f2e-15b8-4ea5-bb71-30766150f700,,00000000-0000-0000-0000-000000000000,2025-03-14 09:01:54,2025-03-14 09:01:54
046a7a08-33f1-4384-a2e8-5840b5061238,receipt,draft,RCP-20260314-0721,,0df15270-76aa-4ebe-96a2-66fcba02d114,00000000-0000-0000-0000-000000000000,2025-08-23 09:01:54,2025-08-23 09:01:54
585fe711-79ac-4afa-b372-d80c44e1ed1e,adjustment,confirmed,ADJ-20260314-0360,24b9e860-9801-4b53-972c-25e508ba1106,,00000000-0000-0000-0000-000000000000,2025-03-15 09:01:54,2025-03-15 09:01:54
7229fd4d-81c1-4753-9fd9-613fc48e16d7,delivery,completed,DLV-20260314-0719,9b791f56-3f7e-415c-8517-64870f4c9a76,,00000000-0000-0000-0000-000000000000,2025-09-11 09:01:54,2025-09-11 09:01:54
e2075701-b0cb-4d8c-8841-8c1bb88cc935,receipt,completed,RCP-20260314-0722,,0d6336b0-67c7-48c9-a960-0afe8ad993f8,00000000-0000-0000-0000-000000000000,2025-05-22 09:01:54,2025-05-22 09:01:54
a45cdfa3-f17d-458d-afab-f22bd3fb19e5,delivery,confirmed,DLV-20260314-0720,6a32b700-0404-469e-9d3a-424ac69eacb3,,00000000-0000-0000-0000-000000000000,2025-05-15 09:01:54,2025-05-15 09:01:54
57677f17-7028-4d86-b3c1-9a9277646b7a,adjustment,completed,ADJ-20260314-0361,94a586b0-aa54-4ffa-b7b7-196686ed86ec,,00000000-0000-0000-0000-000000000000,2025-07-10 09:01:54,2025-07-10 09:01:54
04ec6476-50fe-40c5-b1af-17c09a770c13,receipt,draft,RCP-20260314-0723,,9fbc7a21-1d29-440d-a575-eff27557150b,00000000-0000-0000-0000-000000000000,2025-04-05 09:01:54,2025-04-05 09:01:54
48b1132a-890a-4457-8d18-40e30afff136,delivery,draft,DLV-20260314-0721,44d1e9c5-e0cc-4629-93e5-e337c72325c9,,00000000-0000-0000-0000-000000000000,2025-03-26 09:01:54,2025-03-26 09:01:54
1b872d77-8de5-491a-9f2a-67462892f1ab,adjustment,completed,ADJ-20260314-0362,da33d10f-6880-41b0-a06d-ac1285084138,,00000000-0000-0000-0000-000000000000,2026-02-26 09:01:54,2026-02-26 09:01:54
36f31846-8a01-44f6-a3b6-e9f89b2997b1,receipt,completed,RCP-20260314-0724,,0ea3cf6d-058d-47b7-bd82-bfe972513ca7,00000000-0000-0000-0000-000000000000,2025-08-07 09:01:54,2025-08-07 09:01:54
6691eec4-73aa-49cb-87ba-53e1654b8df6,receipt,draft,RCP-20260314-0725,,7f3fb1c4-234e-4578-805f-c42258923f09,00000000-0000-0000-0000-000000000000,2026-01-30 09:01:54,2026-01-30 09:01:54
25b1202a-ab41-4377-91ce-5f55d3f4762d,receipt,completed,RCP-20260314-0726,,f76957ab-0027-453a-be5e-233a65f2ecc3,00000000-0000-0000-0000-000000000000,2025-10-20 09:01:54,2025-10-20 09:01:54
af8d8879-70bc-4c23-ab0b-82fa25ff048e,delivery,completed,DLV-20260314-0722,45ac6532-a9e4-48a1-9c82-3034f969d4c8,,00000000-0000-0000-0000-000000000000,2025-12-13 09:01:54,2025-12-13 09:01:54
be3f8be2-0634-4cac-80a5-5ceb265d5a70,delivery,completed,DLV-20260314-0723,d0a277f2-bb1c-4bd5-b5c5-e3ae754770bd,,00000000-0000-0000-0000-000000000000,2025-05-10 09:01:54,2025-05-10 09:01:54
9b1fa48d-9262-4339-8003-1cbda90d7e7b,transfer,completed,TRF-20260314-0600,86cfc883-c6f8-4496-93da-00bd4edda6fe,5d0c9509-67f8-4e0c-a709-92c328b2bc12,00000000-0000-0000-0000-000000000000,2026-02-01 09:01:54,2026-02-01 09:01:54
d995287a-2dda-4243-a4d7-98ba55b23ab9,delivery,completed,DLV-20260314-0724,c876804d-379b-4ec6-8ac6-fe8c29ca1ddd,,00000000-0000-0000-0000-000000000000,2025-12-20 09:01:54,2025-12-20 09:01:54
bcbec3c8-a5c0-4be8-82c0-a38e8abd2c3a,delivery,confirmed,DLV-20260314-0725,f8bc3258-01cd-4997-8ccb-438786923164,,00000000-0000-0000-0000-000000000000,2025-08-14 09:01:54,2025-08-14 09:01:54
1e2378bc-2ad0-4fd3-affa-a10d7420f00b,receipt,completed,RCP-20260314-0727,,c7a9a41a-8e66-4c2a-9456-a3538191ebb7,00000000-0000-0000-0000-000000000000,2026-02-08 09:01:54,2026-02-08 09:01:54
c600499d-d4fd-4322-8712-714515ca92ab,transfer,completed,TRF-20260314-0601,4733f015-a333-4a91-8a99-d440b0377838,2e793883-3d7a-4bd3-a002-3aba1982cc18,00000000-0000-0000-0000-000000000000,2025-03-14 09:01:54,2025-03-14 09:01:54
418cca67-10b8-4ca2-9098-ccf7a27e3014,adjustment,confirmed,ADJ-20260314-0363,8cbe06a1-6929-4c94-9c52-06c83ad902d4,,00000000-0000-0000-0000-000000000000,2025-12-06 09:01:54,2025-12-06 09:01:54
d3e6ee86-42b1-4887-b132-7cf55dea90f7,receipt,completed,RCP-20260314-0728,,09fa320e-66db-4577-aaa3-de74122d5fd6,00000000-0000-0000-0000-000000000000,2025-07-16 09:01:54,2025-07-16 09:01:54
e59d101d-cf9b-4496-b65c-fd991ae70dd5,receipt,draft,RCP-20260314-0729,,fe0cb47b-c9f8-4a16-a430-2f8fa99c3b67,00000000-0000-0000-0000-000000000000,2025-11-03 09:01:54,2025-11-03 09:01:54
05a59c29-5917-4359-b160-d61c320a1ae5,delivery,completed,DLV-20260314-0726,38ccdd71-12d2-4c71-9695-9035f7024127,,00000000-0000-0000-0000-000000000000,2026-02-08 09:01:54,2026-02-08 09:01:54
1d21466f-1472-4047-9f08-9377cd4cff55,transfer,draft,TRF-20260314-0602,5bef6cfa-dafd-4e05-9513-a7473ff22c72,e0015169-09bd-4c9e-b2a2-e3ea795b70a5,00000000-0000-0000-0000-000000000000,2025-09-11 09:01:54,2025-09-11 09:01:54
8177dc25-1094-4d33-844d-47b50b813c8e,delivery,completed,DLV-20260314-0727,3f316927-664b-40df-973a-ceeea8edebf3,,00000000-0000-0000-0000-000000000000,2025-05-17 09:01:54,2025-05-17 09:01:54
677372a0-9b9b-4602-906e-144b6af3758f,adjustment,draft,ADJ-20260314-0364,f9a59dc2-ec1c-49f7-a611-910a6c68f7c4,,00000000-0000-0000-0000-000000000000,2025-12-22 09:01:54,2025-12-22 09:01:54
0361d5b8-11de-40a1-932a-77c0290d4355,delivery,completed,DLV-20260314-0728,e3ec9d43-eae2-4ac2-9f20-e84dbcfbf35c,,00000000-0000-0000-0000-000000000000,2026-01-19 09:01:54,2026-01-19 09:01:54
d0409847-24b8-4c47-b4e4-66f445993b55,receipt,completed,RCP-20260314-0730,,50a11e26-4304-409e-849d-7d6bbd75fa5e,00000000-0000-0000-0000-000000000000,2025-10-23 09:01:54,2025-10-23 09:01:54
feb04ec5-ca51-4e9f-a35b-24c34915f068,delivery,draft,DLV-20260314-0729,c8be1539-c28c-4e0e-a669-2d11b739d903,,00000000-0000-0000-0000-000000000000,2025-05-30 09:01:54,2025-05-30 09:01:54
5b8128bd-0252-4688-b5be-904fed79147c,adjustment,completed,ADJ-20260314-0365,64a61c2e-b003-48d1-8278-1ebdb740d326,,00000000-0000-0000-0000-000000000000,2025-07-14 09:01:54,2025-07-14 09:01:54
3bcd0bd5-900a-4075-ab92-1a99f7bfa10a,transfer,completed,TRF-20260314-0603,032d2372-29d1-4f04-a010-cec1c96b2463,36100327-c756-45fb-8715-29c7dbdd2bbe,00000000-0000-0000-0000-000000000000,2025-11-23 09:01:54,2025-11-23 09:01:54
35fd3fe6-1d83-4a47-8cfa-b835a13a16c7,adjustment,draft,ADJ-20260314-0366,fa3741a3-403a-41d6-a26e-acd76c589c45,,00000000-0000-0000-0000-000000000000,2025-04-26 09:01:54,2025-04-26 09:01:54
2b9f53ca-af66-4da9-8a24-45712d2b09ea,delivery,completed,DLV-20260314-0730,68e09213-f3ce-4a82-8fa4-f52bc6a747e8,,00000000-0000-0000-0000-000000000000,2026-01-19 09:01:54,2026-01-19 09:01:54
d19fe85e-b36d-4503-b7b6-51dbfab3fbf3,delivery,completed,DLV-20260314-0731,a3c6de0a-363b-4495-bf13-ca79482e585c,,00000000-0000-0000-0000-000000000000,2025-08-22 09:01:54,2025-08-22 09:01:54
b8a098e0-0867-44d7-b71e-35fe50b5296f,delivery,completed,DLV-20260314-0732,4ab1855b-49b2-4547-aceb-8bbed6895186,,00000000-0000-0000-0000-000000000000,2025-08-04 09:01:54,2025-08-04 09:01:54
28f3a1a4-4210-4268-a66a-ed7a63010104,receipt,draft,RCP-20260314-0731,,1ff58f4f-3c21-4283-9bad-0152b69b6751,00000000-0000-0000-0000-000000000000,2025-08-21 09:01:54,2025-08-21 09:01:54
197bc7a6-2598-445c-ba9e-561b86c1930c,receipt,draft,RCP-20260314-0732,,0179cc01-6997-48d4-b53e-11de60cb771d,00000000-0000-0000-0000-000000000000,2025-12-19 09:01:54,2025-12-19 09:01:54
8f1a5b8b-9ebb-4a62-b4d0-7fa818a6891d,transfer,completed,TRF-20260314-0604,cbe48616-a99d-445a-83ab-140dea0a888a,f9579cbd-6ed2-4ef2-bbf6-81f5af08582b,00000000-0000-0000-0000-000000000000,2025-04-20 09:01:54,2025-04-20 09:01:54
c0c408b8-3816-45ce-a1a6-60f81eab2b4a,delivery,completed,DLV-20260314-0733,4d4a5976-900c-44ac-a570-88b53e93e404,,00000000-0000-0000-0000-000000000000,2025-08-28 09:01:54,2025-08-28 09:01:54
e490aff5-1c22-4aac-84ad-0dc5edc6c7fe,receipt,completed,RCP-20260314-0733,,e27e2ddf-cc7b-448c-905b-3a0440c4adb3,00000000-0000-0000-0000-000000000000,2025-10-29 09:01:54,2025-10-29 09:01:54
fead04eb-357d-4b37-9bd0-f47433772fb7,transfer,completed,TRF-20260314-0605,8e7183d0-7f06-43fb-a1da-a480f4889b40,ffc3bc43-d961-4bc7-b6c0-b199660fd8f2,00000000-0000-0000-0000-000000000000,2025-06-05 09:01:54,2025-06-05 09:01:54
39218fd1-b0c4-4270-89ba-d1f64f3a9a16,transfer,confirmed,TRF-20260314-0606,1e2edf0a-fb29-4a35-b36f-e2fe808bbb11,977df8a5-c7bc-47ed-97b9-5e2fc4510005,00000000-0000-0000-0000-000000000000,2025-10-25 09:01:54,2025-10-25 09:01:54
c3cc573a-b6d6-4451-8cee-27640afff60d,transfer,completed,TRF-20260314-0607,3e60e46d-d286-48f2-be5c-37c261131297,85c46ce9-5105-4f88-af56-6f0afdd812a1,00000000-0000-0000-0000-000000000000,2025-12-16 09:01:54,2025-12-16 09:01:54
e85132bb-33fd-4d3b-ac3f-e6eb6139097f,adjustment,draft,ADJ-20260314-0367,531fcbe3-d382-4821-a98c-db5c22e3624a,,00000000-0000-0000-0000-000000000000,2026-01-02 09:01:54,2026-01-02 09:01:54
58983a3e-e7dc-4413-a921-7abb082f6877,receipt,completed,RCP-20260314-0734,,ea93f832-860e-42dd-82b2-7b6e8cac36a1,00000000-0000-0000-0000-000000000000,2025-04-23 09:01:54,2025-04-23 09:01:54
d749f3c9-bc52-4b90-ada9-c1894ab4e4a8,delivery,confirmed,DLV-20260314-0734,99eb021a-fba5-4d53-8f20-8558975633a6,,00000000-0000-0000-0000-000000000000,2025-06-19 09:01:54,2025-06-19 09:01:54
1398c101-9df4-466d-89f0-8d08a287ce95,transfer,draft,TRF-20260314-0608,388872ec-69f7-457b-88f9-3a2bc74c066a,1bab43fa-4158-4f24-b7e4-72724154beca,00000000-0000-0000-0000-000000000000,2025-07-13 09:01:54,2025-07-13 09:01:54
a4401356-091a-4903-baf0-0a939165c98a,transfer,completed,TRF-20260314-0609,17a49cf7-3114-4bb6-a841-24df0776fe9c,6e582ca9-ad95-4afe-b6f8-57187659bd8e,00000000-0000-0000-0000-000000000000,2025-11-29 09:01:54,2025-11-29 09:01:54
47fb47f3-e6b6-4380-8770-fe803b964bb1,receipt,draft,RCP-20260314-0735,,62f41ac1-516a-44c7-a9c2-59dd30806091,00000000-0000-0000-0000-000000000000,2026-02-05 09:01:54,2026-02-05 09:01:54
cea74b3e-2d32-4a21-81fc-5b7a06a57432,receipt,completed,RCP-20260314-0736,,01a8a2cf-2fa2-4e25-b6dc-7d4f618975f2,00000000-0000-0000-0000-000000000000,2025-04-13 09:01:54,2025-04-13 09:01:54
b24dd0e4-984b-4cdf-b83a-b98afd28c161,transfer,draft,TRF-20260314-0610,41f10acf-524e-45bb-a2a8-41f11eb82d80,81321ffb-b0fa-4088-9dfd-8068fbaad251,00000000-0000-0000-0000-000000000000,2025-08-14 09:01:54,2025-08-14 09:01:54
90290edd-0ded-4954-ac9d-a46a18cb1a21,delivery,completed,DLV-20260314-0735,06e0c107-20b2-4a7e-97d8-df4e7be7095c,,00000000-0000-0000-0000-000000000000,2026-03-02 09:01:54,2026-03-02 09:01:54
619149c8-b14a-482c-bee6-7dae4119a127,transfer,draft,TRF-20260314-0611,11b49519-3ff7-4230-9ecb-8aa56a5bbf23,43f9f8de-31e6-403c-aeaf-6a09b43a57ac,00000000-0000-0000-0000-000000000000,2025-07-31 09:01:54,2025-07-31 09:01:54
34e4d3a7-8039-47ae-be27-c020f34302d8,receipt,completed,RCP-20260314-0737,,223c2709-2b1d-40f0-897d-8389943edf44,00000000-0000-0000-0000-000000000000,2025-07-27 09:01:54,2025-07-27 09:01:54
bb0f702e-863c-481b-a71f-ff1b938f398b,adjustment,completed,ADJ-20260314-0368,0b724a7f-661b-4b0e-87eb-45e0544bb9b8,,00000000-0000-0000-0000-000000000000,2025-11-07 09:01:54,2025-11-07 09:01:54
4eecc205-ca4d-4de4-9d7f-7fe0fbc1fbe9,delivery,completed,DLV-20260314-0736,32653c3c-b124-4059-ab4a-8ffdc26193cd,,00000000-0000-0000-0000-000000000000,2025-04-26 09:01:54,2025-04-26 09:01:54
b4f84bfd-53fd-430a-acc2-9a2408a1c88d,transfer,draft,TRF-20260314-0612,2327aa7d-26fd-47d4-a9cf-7bb286e90ac9,71072a7f-96bd-4772-9952-eee25483f4bf,00000000-0000-0000-0000-000000000000,2025-05-23 09:01:54,2025-05-23 09:01:54
d0e0184c-0372-4522-b968-debaacf86957,delivery,draft,DLV-20260314-0737,080c72d2-959a-47e8-ad35-03858b783881,,00000000-0000-0000-0000-000000000000,2026-03-04 09:01:54,2026-03-04 09:01:54
15407add-2a12-40d3-88b3-160a5ebc1d15,adjustment,completed,ADJ-20260314-0369,89121bea-c767-4e33-81de-49808ae50039,,00000000-0000-0000-0000-000000000000,2025-11-10 09:01:54,2025-11-10 09:01:54
9173a9f9-52f2-41c0-bd2c-8c9c837ecb76,receipt,draft,RCP-20260314-0738,,7c0f6823-54b0-4af9-85e5-430e32f96ea3,00000000-0000-0000-0000-000000000000,2025-05-04 09:01:54,2025-05-04 09:01:54
36cd1060-62f7-4767-bb37-3578b9f7dad6,receipt,completed,RCP-20260314-0739,,47c485a6-5751-412c-a271-4afc315db78a,00000000-0000-0000-0000-000000000000,2026-01-29 09:01:54,2026-01-29 09:01:54
d1e84686-a5db-4bc5-8dc3-d2a71597fbf2,transfer,completed,TRF-20260314-0613,1f7fd9ff-0d4f-4d57-83ad-baff899b5ffe,86ea8c7c-9be8-4156-ad8c-367536bb4a32,00000000-0000-0000-0000-000000000000,2026-02-01 09:01:54,2026-02-01 09:01:54
8a4a766c-c876-497f-8923-e1969d806cbb,adjustment,completed,ADJ-20260314-0370,0c1e2eda-0230-4319-82f9-5d326aee7928,,00000000-0000-0000-0000-000000000000,2026-02-16 09:01:54,2026-02-16 09:01:54
e5b14966-a620-4644-9505-2c6f0961344b,transfer,confirmed,TRF-20260314-0614,d90a2141-b860-4dfe-af7f-304ea1d43f50,1c45630d-8ac7-4d11-9482-8c75852bb655,00000000-0000-0000-0000-000000000000,2026-03-03 09:01:54,2026-03-03 09:01:54
49348971-8e7c-4fdd-ad8c-503e620a12f1,receipt,completed,RCP-20260314-0740,,51d2718e-8753-44a5-bc7c-9174d24925df,00000000-0000-0000-0000-000000000000,2025-09-28 09:01:54,2025-09-28 09:01:54
5dacb696-d997-4c88-831a-d2897742f21e,delivery,completed,DLV-20260314-0738,9f16317b-8e1b-4573-bdd2-8bc8efeb4284,,00000000-0000-0000-0000-000000000000,2025-09-28 09:01:54,2025-09-28 09:01:54
5df83642-0a7d-4922-b08b-6a51d1c0d2e9,transfer,completed,TRF-20260314-0615,6a846981-7a5e-413b-ab7a-8c3491297ef6,2dfc4bb8-8b72-4cff-8d65-1cd749783cbe,00000000-0000-0000-0000-000000000000,2025-05-28 09:01:54,2025-05-28 09:01:54
6d5b4865-93b2-494b-a0ed-29affbf2b2c2,adjustment,completed,ADJ-20260314-0371,60e5574f-7452-4875-af11-5f5c7396f80b,,00000000-0000-0000-0000-000000000000,2025-04-20 09:01:54,2025-04-20 09:01:54
93fc5189-ca9c-496e-b601-07f6817ddd65,delivery,draft,DLV-20260314-0739,18f89848-e214-48c8-a691-73468250b006,,00000000-0000-0000-0000-000000000000,2025-06-22 09:01:54,2025-06-22 09:01:54
214c7edb-1fb2-4787-97b3-8183dd29b6ef,adjustment,draft,ADJ-20260314-0372,1178a46a-c622-43c1-b536-0306832233e3,,00000000-0000-0000-0000-000000000000,2025-09-07 09:01:54,2025-09-07 09:01:54
07046b9e-1aa9-425d-a4a6-f8364742050b,receipt,confirmed,RCP-20260314-0741,,d1061d3b-f043-493c-b04a-66e0764acd7c,00000000-0000-0000-0000-000000000000,2025-03-27 09:01:54,2025-03-27 09:01:54
eae8b6c1-dae4-4799-9842-a5afd13f3fad,receipt,draft,RCP-20260314-0742,,a2f43bf7-6ac7-40fd-bbcc-d0b1b7fa5862,00000000-0000-0000-0000-000000000000,2025-12-24 09:01:54,2025-12-24 09:01:54
c7d492a0-cb72-444d-8ed1-8da966eba3ea,delivery,draft,DLV-20260314-0740,d0d57a11-a554-4951-8589-7c8560362409,,00000000-0000-0000-0000-000000000000,2025-05-24 09:01:54,2025-05-24 09:01:54
e8f5edd8-088a-4f96-980f-c32a6fc7eb76,delivery,completed,DLV-20260314-0741,5beb4d25-6172-4b59-8d86-1a2db09a9860,,00000000-0000-0000-0000-000000000000,2025-12-09 09:01:54,2025-12-09 09:01:54
2105ea06-3512-40e3-afbf-974c83361a7c,delivery,completed,DLV-20260314-0742,19391953-6d59-452c-8484-464843abba2d,,00000000-0000-0000-0000-000000000000,2025-08-13 09:01:54,2025-08-13 09:01:54
9e35b332-cc6d-4585-af76-4a51efb66c10,receipt,completed,RCP-20260314-0743,,d246e982-4606-4c8b-b463-c4ca56b8e65e,00000000-0000-0000-0000-000000000000,2026-01-13 09:01:54,2026-01-13 09:01:54
a4befd9e-ddfc-4ad4-b9c6-eed41346f1e1,receipt,completed,RCP-20260314-0744,,ffac4742-2b1e-4967-8342-f4fd0d63d359,00000000-0000-0000-0000-000000000000,2026-02-21 09:01:54,2026-02-21 09:01:54
7709846b-13a2-4a57-b029-ae1aff55b127,transfer,completed,TRF-20260314-0616,76d1cd16-889b-43d5-9119-e0ce5452c9d5,4213c86c-1078-4730-b7e9-8405bf4bb172,00000000-0000-0000-0000-000000000000,2025-03-24 09:01:54,2025-03-24 09:01:54
ffebfa87-b300-467a-948e-3a590d5c7225,transfer,confirmed,TRF-20260314-0617,de439d7d-c1d2-4f6c-8c4b-6216a4734eda,6a3fec4d-8687-4813-bdf4-d267a8dd310e,00000000-0000-0000-0000-000000000000,2025-09-09 09:01:54,2025-09-09 09:01:54
55f50ab8-a0b7-4489-abff-ac9182139640,delivery,completed,DLV-20260314-0743,e6382f61-a86e-4244-b869-5753769a2893,,00000000-0000-0000-0000-000000000000,2025-08-07 09:01:54,2025-08-07 09:01:54
b9019207-243c-445f-b93d-82d8a17f6f5a,delivery,completed,DLV-20260314-0744,9b791f56-3f7e-415c-8517-64870f4c9a76,,00000000-0000-0000-0000-000000000000,2025-07-20 09:01:54,2025-07-20 09:01:54
14bc96b3-1d73-4e2b-8712-a3caa20af938,receipt,completed,RCP-20260314-0745,,e4201fc1-7f74-4858-bdd6-bdaaafdc4d4d,00000000-0000-0000-0000-000000000000,2025-11-05 09:01:54,2025-11-05 09:01:54
e5805130-a7cd-4af1-86c1-c22789de91b7,receipt,confirmed,RCP-20260314-0746,,1c088b98-3c40-4ff4-960b-044baf6a6877,00000000-0000-0000-0000-000000000000,2026-01-06 09:01:54,2026-01-06 09:01:54
02b49420-ae6e-43e6-9288-62e9249657c4,delivery,draft,DLV-20260314-0745,fccfdf04-4cd7-40c5-aa80-4605c9080615,,00000000-0000-0000-0000-000000000000,2025-04-27 09:01:54,2025-04-27 09:01:54
b9d8e1f6-2d05-40d5-aa85-2736e8338ffd,receipt,draft,RCP-20260314-0747,,22147e19-26df-4c55-b88d-c298f7bcf253,00000000-0000-0000-0000-000000000000,2025-03-15 09:01:54,2025-03-15 09:01:54
b5431161-771c-4599-b3eb-1005fac68c10,receipt,completed,RCP-20260314-0748,,f6bbf61d-4a74-4353-9865-ae413e6cd2aa,00000000-0000-0000-0000-000000000000,2026-01-23 09:01:54,2026-01-23 09:01:54
1e1fd89a-5de0-4c70-a2af-c2d1f56ebe8a,delivery,completed,DLV-20260314-0746,46b4861b-230f-44a8-899b-0f96747fe4ba,,00000000-0000-0000-0000-000000000000,2025-06-22 09:01:54,2025-06-22 09:01:54
21ccb578-d438-4648-81fc-827432951188,receipt,completed,RCP-20260314-0749,,5822d164-dfea-465a-b7a8-d753bebcf799,00000000-0000-0000-0000-000000000000,2025-06-10 09:01:54,2025-06-10 09:01:54
5125e233-4084-4c19-b8bb-205347bd02b3,transfer,completed,TRF-20260314-0618,53a35ae2-75a9-4f3d-9ba5-d909b00402fa,a8522ed5-d515-4975-b7af-49d766460733,00000000-0000-0000-0000-000000000000,2025-08-04 09:01:54,2025-08-04 09:01:54
795e5dd1-41fc-431d-aba8-b9c8bb13e73b,delivery,completed,DLV-20260314-0747,2c29c4d7-f1a5-4d00-a041-a73aebc53468,,00000000-0000-0000-0000-000000000000,2025-05-03 09:01:54,2025-05-03 09:01:54
ae57083b-e792-4b41-91d6-7114ad59545c,transfer,completed,TRF-20260314-0619,069a9186-c34b-4008-9be7-7ff187e49867,ec9ccc7c-51ae-4f0f-a200-85c086a3fbc6,00000000-0000-0000-0000-000000000000,2025-05-12 09:01:54,2025-05-12 09:01:54
a1d32d0a-abc6-4c29-9066-138a1ac096fc,receipt,draft,RCP-20260314-0750,,649f569e-bba3-465e-801e-981d2cf747a5,00000000-0000-0000-0000-000000000000,2026-01-29 09:01:54,2026-01-29 09:01:54
d681d078-44b6-419f-b95f-3712b5fe8fdf,receipt,draft,RCP-20260314-0751,,adfa15f3-4074-4aef-a56f-759cc0640038,00000000-0000-0000-0000-000000000000,2025-06-24 09:01:54,2025-06-24 09:01:54
163f9076-612c-473f-9995-52a1e0b128de,transfer,completed,TRF-20260314-0620,94a918a5-45f0-4318-8e22-c151a5d7fd55,8eef35cf-d272-4661-88f8-3d85968f970b,00000000-0000-0000-0000-000000000000,2025-05-26 09:01:54,2025-05-26 09:01:54
9329fd1e-b63d-4975-8b60-909dd5e7c938,adjustment,draft,ADJ-20260314-0373,f3bd9cde-07f9-42f3-beba-fca6f27136d8,,00000000-0000-0000-0000-000000000000,2025-12-12 09:01:54,2025-12-12 09:01:54
27d08eb2-1c28-47fb-a8d1-2e0184d3a344,adjustment,completed,ADJ-20260314-0374,7aa19f46-7143-4821-96a2-6ab0bddb36b0,,00000000-0000-0000-0000-000000000000,2026-01-14 09:01:54,2026-01-14 09:01:54
365bc94b-a1b2-4aa7-a9a0-ccc91f56c935,delivery,completed,DLV-20260314-0748,f645669e-fbcb-4cea-97c8-555d0c4cef8b,,00000000-0000-0000-0000-000000000000,2026-01-15 09:01:54,2026-01-15 09:01:54
efab1450-2d2e-49e0-94ea-f2ef3bb057a2,adjustment,completed,ADJ-20260314-0375,77dd7530-8c1c-4d87-a89b-6d34aa6b3186,,00000000-0000-0000-0000-000000000000,2025-12-06 09:01:54,2025-12-06 09:01:54
1343a168-2887-4dad-bb03-9efb4f916ae0,adjustment,confirmed,ADJ-20260314-0376,d0d57a11-a554-4951-8589-7c8560362409,,00000000-0000-0000-0000-000000000000,2025-09-06 09:01:54,2025-09-06 09:01:54
d5e1ab69-72f6-4541-ae28-45e9bdc9f47b,transfer,completed,TRF-20260314-0621,5a3929a6-c332-45c5-a158-b22e7c40dcae,fe2313a6-345c-4698-a823-70cf8dc4fabb,00000000-0000-0000-0000-000000000000,2025-11-08 09:01:54,2025-11-08 09:01:54
21422667-5edf-4fd7-8960-cdb2fe54ca4b,adjustment,draft,ADJ-20260314-0377,cb6ede20-67af-4c0a-b8c6-47d3799813aa,,00000000-0000-0000-0000-000000000000,2025-10-08 09:01:54,2025-10-08 09:01:54
596e66d6-2129-4944-9679-d3c2d7e17828,receipt,draft,RCP-20260314-0752,,9aebbdc5-f0d5-4216-aab4-1cf3cd9c0669,00000000-0000-0000-0000-000000000000,2025-12-07 09:01:54,2025-12-07 09:01:54
d8bdde58-025c-4039-a9e5-7162fb1533a9,delivery,draft,DLV-20260314-0749,3a144465-269d-4d87-b57c-ec1b5ebf989d,,00000000-0000-0000-0000-000000000000,2025-11-04 09:01:54,2025-11-04 09:01:54
891341b3-dcf0-4ca3-89d5-6c98fdfc374a,delivery,draft,DLV-20260314-0750,c9e5ddfb-809d-4d24-a482-5cc72ce99000,,00000000-0000-0000-0000-000000000000,2025-04-26 09:01:54,2025-04-26 09:01:54
258927d9-2b8e-4f99-a746-bc1823bde71c,delivery,completed,DLV-20260314-0751,830d468c-e5fc-4990-b8f0-6a97a90683ae,,00000000-0000-0000-0000-000000000000,2025-10-23 09:01:54,2025-10-23 09:01:54
ecc75d6f-3b14-40e7-83b4-8e198cf07e44,receipt,completed,RCP-20260314-0753,,1df565e6-d8b3-4f4f-a439-b440d4bbde50,00000000-0000-0000-0000-000000000000,2025-07-23 09:01:54,2025-07-23 09:01:54
424d8ccd-4744-4bc0-adc2-c4f1fd36c13f,transfer,completed,TRF-20260314-0622,07bd3d33-2863-4e92-a67a-834b0598f992,28c4a7d1-4546-4efa-9e28-e11e1861d55b,00000000-0000-0000-0000-000000000000,2025-11-07 09:01:54,2025-11-07 09:01:54
0ecef12c-faa8-4170-95dd-92f09378cbe7,receipt,completed,RCP-20260314-0754,,60d62df0-f900-4d5e-9a6c-eea983433b00,00000000-0000-0000-0000-000000000000,2026-01-09 09:01:54,2026-01-09 09:01:54
edfd85d1-71b9-45b7-927a-18aeb6599281,transfer,draft,TRF-20260314-0623,531b6001-37c8-4b06-abf4-a59cf078db36,1740ba4b-9777-4cd1-8f80-37e609014e44,00000000-0000-0000-0000-000000000000,2025-11-03 09:01:54,2025-11-03 09:01:54
de6e2b4e-a213-4249-ba90-74995864815a,transfer,completed,TRF-20260314-0624,95c052bd-71fa-4f80-b235-4455b654e477,f00ece7b-50b9-4d8f-ad5a-12946f131164,00000000-0000-0000-0000-000000000000,2026-01-25 09:01:54,2026-01-25 09:01:54
6fe76ce0-a168-484f-aba9-6029cf97054c,receipt,draft,RCP-20260314-0755,,ca8b139d-e800-47f8-a97a-513bc0131289,00000000-0000-0000-0000-000000000000,2026-02-10 09:01:54,2026-02-10 09:01:54
e6b7dfcd-1c83-474f-8660-3d0b397088ec,delivery,confirmed,DLV-20260314-0752,7c9cde37-8905-46f3-81f6-09b4ec62e585,,00000000-0000-0000-0000-000000000000,2025-08-29 09:01:54,2025-08-29 09:01:54
7473cd26-3cdb-4442-8ccd-d599a68a5fe6,receipt,completed,RCP-20260314-0756,,ea83144a-8016-4fb9-b591-829907b6585d,00000000-0000-0000-0000-000000000000,2025-12-28 09:01:54,2025-12-28 09:01:54
76ad0e94-358f-4d96-85ce-c8db543f2bf5,receipt,draft,RCP-20260314-0757,,3a4d1404-2769-4bf2-b09b-73f0b44873c2,00000000-0000-0000-0000-000000000000,2025-06-20 09:01:54,2025-06-20 09:01:54
8b647285-4856-4f24-8bcd-9c65e2b92b30,delivery,completed,DLV-20260314-0753,d6d3708c-ae7f-4e5d-b0ff-1d9d273dfbe0,,00000000-0000-0000-0000-000000000000,2025-04-18 09:01:54,2025-04-18 09:01:54
769b15a3-4d85-4351-aa29-4a898d5e6d87,receipt,completed,RCP-20260314-0758,,62a41834-d066-4fa6-9dc5-2f84889d8cb2,00000000-0000-0000-0000-000000000000,2025-04-07 09:01:54,2025-04-07 09:01:54
e4641e56-6c3e-451e-9b80-f82eb2f8c0ee,transfer,completed,TRF-20260314-0625,dd6a1568-aa9f-4195-973b-7602c14cbd66,e590fd56-2bf4-4580-a808-8f2db2e084f0,00000000-0000-0000-0000-000000000000,2025-10-01 09:01:54,2025-10-01 09:01:54
fb9bea75-aef1-49e5-bc30-642c5a02a487,adjustment,completed,ADJ-20260314-0378,67088edc-21b1-413c-9e90-f8176bf6a184,,00000000-0000-0000-0000-000000000000,2025-08-26 09:01:54,2025-08-26 09:01:54
65fa0391-9f85-4249-8b78-25a36c109742,delivery,confirmed,DLV-20260314-0754,0dfd4d4a-1a39-4c55-a44d-d2ab346ad32b,,00000000-0000-0000-0000-000000000000,2026-01-08 09:01:54,2026-01-08 09:01:54
7226d0d3-3550-482a-b039-16bb272f3ac8,transfer,completed,TRF-20260314-0626,9cfdd14c-4e23-4c46-ad46-8ad153e4f0e3,18350c53-c4ad-4d57-8131-1eecf2d308e8,00000000-0000-0000-0000-000000000000,2025-12-18 09:01:54,2025-12-18 09:01:54
de8ffbd8-e7c7-41ed-8c9c-09b2f76eb56b,delivery,completed,DLV-20260314-0755,f8bc3258-01cd-4997-8ccb-438786923164,,00000000-0000-0000-0000-000000000000,2026-03-04 09:01:54,2026-03-04 09:01:54
b10f1ddc-e506-43bc-b917-4ecdb0e85d26,transfer,completed,TRF-20260314-0627,4f78cba0-9ec5-4a8c-b787-0fefdd23e6c5,094505e2-a145-41bc-a29c-530b0a979d15,00000000-0000-0000-0000-000000000000,2026-01-04 09:01:54,2026-01-04 09:01:54
5b383478-13e5-443d-92fc-a8d38cb3d390,receipt,completed,RCP-20260314-0759,,76497b9e-72a6-40db-aba6-5123f84285a6,00000000-0000-0000-0000-000000000000,2026-01-08 09:01:54,2026-01-08 09:01:54
c641278c-4b0c-44a2-8d1e-84cc55b3e7f4,delivery,completed,DLV-20260314-0756,03336179-9749-4394-8e54-97091ce53b05,,00000000-0000-0000-0000-000000000000,2025-07-20 09:01:54,2025-07-20 09:01:54
6bd84228-d6a8-4b08-a15f-605682cffe5a,receipt,completed,RCP-20260314-0760,,4ce081a1-ffff-4f59-a916-d8204097c900,00000000-0000-0000-0000-000000000000,2025-11-26 09:01:54,2025-11-26 09:01:54
9840acef-a2cd-42c7-b7fc-12846467e0d1,delivery,completed,DLV-20260314-0757,1a5c10cb-2f81-4372-9e7c-f82eb878e381,,00000000-0000-0000-0000-000000000000,2025-10-02 09:01:54,2025-10-02 09:01:54
ea1f90a0-9e97-4a2c-9204-4840b15e560c,receipt,completed,RCP-20260314-0761,,a7a3e83a-27c6-4c44-a0aa-96ed47120942,00000000-0000-0000-0000-000000000000,2025-11-03 09:01:54,2025-11-03 09:01:54
1ec51941-e8a3-44ad-9526-e802181f68a3,delivery,completed,DLV-20260314-0758,fe51fff3-1692-4bb2-aa0d-a56856b34e31,,00000000-0000-0000-0000-000000000000,2025-10-14 09:01:54,2025-10-14 09:01:54
99fbce96-97dc-4201-8b73-ba651e7b9bd1,delivery,completed,DLV-20260314-0759,b8293dd4-9ad5-4a0a-a663-909d44f2744e,,00000000-0000-0000-0000-000000000000,2025-07-10 09:01:54,2025-07-10 09:01:54
e2d95fbc-9d59-4944-aeed-e836a9ec79d8,delivery,draft,DLV-20260314-0760,10f0c1a2-b81a-433d-8233-7fdc72a59f7c,,00000000-0000-0000-0000-000000000000,2025-09-13 09:01:54,2025-09-13 09:01:54
fa6e8765-ba60-4f9f-b42b-00f737297443,delivery,completed,DLV-20260314-0761,22df9ad4-5152-4803-99b3-dcfe813df0ce,,00000000-0000-0000-0000-000000000000,2025-11-09 09:01:54,2025-11-09 09:01:54
da460e89-bdeb-4981-8f75-c5d418a9a010,delivery,confirmed,DLV-20260314-0762,4ef05fb7-6328-426b-b041-63d2387891e9,,00000000-0000-0000-0000-000000000000,2025-09-01 09:01:54,2025-09-01 09:01:54
39b3baae-c780-44b4-a87a-94498838f394,delivery,completed,DLV-20260314-0763,d699dae6-a22e-4342-9c7f-b195be3740b1,,00000000-0000-0000-0000-000000000000,2025-07-12 09:01:54,2025-07-12 09:01:54
d8d6e22c-8251-40a7-bb67-c05d5d9e5445,adjustment,confirmed,ADJ-20260314-0379,7e08c5e5-e4af-482b-aae0-4026bc3edb3a,,00000000-0000-0000-0000-000000000000,2025-09-04 09:01:54,2025-09-04 09:01:54
e0929777-10c8-4b21-9888-96d77b29c9dd,delivery,completed,DLV-20260314-0764,e2d4a5a0-2220-44c2-8f1e-50b96156dfce,,00000000-0000-0000-0000-000000000000,2025-06-26 09:01:54,2025-06-26 09:01:54
47392fce-81af-4879-af22-07b042e10201,transfer,draft,TRF-20260314-0628,418b844f-52d1-4e66-914c-d314e769cbe9,83335d08-e98f-4331-926d-96994924df77,00000000-0000-0000-0000-000000000000,2026-02-25 09:01:54,2026-02-25 09:01:54
143f009a-530e-4688-b437-f0be86b7b0d5,receipt,completed,RCP-20260314-0762,,7ac66f76-46ba-4237-8d99-63b87f6e2e51,00000000-0000-0000-0000-000000000000,2026-02-24 09:01:54,2026-02-24 09:01:54
c23d97bf-ad51-43f4-86ef-16f463fdcc91,transfer,completed,TRF-20260314-0629,021a4a43-a68c-4e48-9f00-a1fc32936369,5a2819aa-a244-461b-a92b-98f258ab9720,00000000-0000-0000-0000-000000000000,2025-07-18 09:01:54,2025-07-18 09:01:54
63c32489-a4c6-41fb-bd35-99f807ec9ddc,transfer,completed,TRF-20260314-0630,89d52206-f428-4be5-9c34-702c6cd88e92,342cd579-6e13-4d5f-b33e-682dde351b91,00000000-0000-0000-0000-000000000000,2025-11-28 09:01:54,2025-11-28 09:01:54
60721c49-2c69-4798-aa94-8b34296756da,delivery,completed,DLV-20260314-0765,b423d92b-ff85-4b30-8feb-4cabeb428744,,00000000-0000-0000-0000-000000000000,2025-09-11 09:01:54,2025-09-11 09:01:54
47d701fc-3ef2-4621-9e68-816d00f31c63,transfer,completed,TRF-20260314-0631,04cd9eff-eecf-4895-862e-0524ffe7f445,e75283b3-1079-48ea-8f95-cfae5bc1a53d,00000000-0000-0000-0000-000000000000,2025-10-08 09:01:54,2025-10-08 09:01:54
0f366efb-2146-42ec-89f2-3b9286e8e469,adjustment,completed,ADJ-20260314-0380,e0bfb70a-f9d8-4c45-820b-a9509ead80b8,,00000000-0000-0000-0000-000000000000,2025-10-09 09:01:54,2025-10-09 09:01:54
d6b2d6cc-286b-4c43-b193-283396e7d714,receipt,completed,RCP-20260314-0763,,6d541d3e-35f7-48c6-9f78-fd325df97fc2,00000000-0000-0000-0000-000000000000,2025-06-02 09:01:54,2025-06-02 09:01:54
aa4ad776-33f5-4aec-9f8d-8a0668140b2d,transfer,completed,TRF-20260314-0632,fc46863b-33b3-42d6-947c-e503d83dff1f,ae6879d4-157a-42e6-87bf-599bdbbd68e5,00000000-0000-0000-0000-000000000000,2025-11-02 09:01:54,2025-11-02 09:01:54
2e4e3838-e59d-4b43-a902-fcaf1a7fc366,transfer,completed,TRF-20260314-0633,58f08c14-d7f0-4295-8bda-00e92beadb84,072a9cd7-83a7-40f5-91c6-5aa7bc5e155a,00000000-0000-0000-0000-000000000000,2026-03-08 09:01:54,2026-03-08 09:01:54
32733ef2-49c0-4eec-83c7-8b0472f631bb,delivery,completed,DLV-20260314-0766,acd5e527-629e-461e-8501-c9ba9bd4f240,,00000000-0000-0000-0000-000000000000,2025-07-30 09:01:54,2025-07-30 09:01:54
40735ed3-da46-4e43-9cd6-b31f17f80fe0,transfer,draft,TRF-20260314-0634,d8b31cc7-d449-4e83-8068-6696ff22767a,3f316927-664b-40df-973a-ceeea8edebf3,00000000-0000-0000-0000-000000000000,2025-07-31 09:01:54,2025-07-31 09:01:54
c43af36c-4bb4-4651-9b89-ff37aaa10b8a,receipt,draft,RCP-20260314-0764,,87acff17-424a-42a3-a2a6-00cdffad6acd,00000000-0000-0000-0000-000000000000,2025-05-29 09:01:54,2025-05-29 09:01:54
652546c5-2a14-4e52-ba9a-920b9e76e7b3,receipt,completed,RCP-20260314-0765,,189b2ade-e9b1-4549-a329-e6b24220db65,00000000-0000-0000-0000-000000000000,2025-08-16 09:01:54,2025-08-16 09:01:54
14da35de-7f78-42f8-9b45-fec202ce0a58,adjustment,completed,ADJ-20260314-0381,1c6afd6d-8bbc-40fd-9f6b-fa0bbffff84a,,00000000-0000-0000-0000-000000000000,2025-10-19 09:01:54,2025-10-19 09:01:54
be72fada-fd0a-4604-a716-01ac6f0550b4,transfer,completed,TRF-20260314-0635,960aeb98-4487-48cd-8e0e-97a5adbebf35,c7d079c5-dc83-445a-bc0f-60fd91774c1c,00000000-0000-0000-0000-000000000000,2025-06-25 09:01:54,2025-06-25 09:01:54
bbdf4aae-c844-4b06-b766-371c40748be1,adjustment,completed,ADJ-20260314-0382,ada62e5b-3a6a-45a0-9bee-de1c7abcfb7f,,00000000-0000-0000-0000-000000000000,2025-09-17 09:01:54,2025-09-17 09:01:54
bba5924c-6da6-4880-91c3-d2093e7092c1,delivery,draft,DLV-20260314-0767,aba768b0-e223-4939-b2bc-96c2b97925b4,,00000000-0000-0000-0000-000000000000,2025-05-21 09:01:54,2025-05-21 09:01:54
f7fc2a9a-decc-4e60-a655-ab2c12ed1277,adjustment,draft,ADJ-20260314-0383,f11fa850-6f79-41cf-a810-0c97d4f6e70d,,00000000-0000-0000-0000-000000000000,2025-06-28 09:01:54,2025-06-28 09:01:54
de24dda0-21e9-4857-93a1-8279a2054b6b,receipt,draft,RCP-20260314-0766,,4d7956bc-d937-4a1f-a880-5f6d172ac68d,00000000-0000-0000-0000-000000000000,2025-10-10 09:01:54,2025-10-10 09:01:54
9118cc16-863c-44a1-81fe-d32465dff41f,transfer,completed,TRF-20260314-0636,6f40048f-ea88-41a0-a7b3-54bc23bfd626,67191956-d3fc-478e-9a1b-98d41fb95452,00000000-0000-0000-0000-000000000000,2025-11-20 09:01:54,2025-11-20 09:01:54
847f69db-c4ca-4e58-9e71-94aafd60320d,transfer,draft,TRF-20260314-0637,2e2483b8-dcc7-4e4b-8c78-b4c1c2840085,8570f38c-b847-4e31-be39-516e44eb9118,00000000-0000-0000-0000-000000000000,2025-08-24 09:01:54,2025-08-24 09:01:54
f6b5f445-331b-4ad8-b79c-bd6d58f3d01d,adjustment,completed,ADJ-20260314-0384,c56694d9-ceb8-448a-ba45-17c8e1fdff2b,,00000000-0000-0000-0000-000000000000,2025-05-12 09:01:54,2025-05-12 09:01:54
c5c0e859-1b5f-467e-9d3c-b2a760fe2518,delivery,completed,DLV-20260314-0768,e45620c2-12bc-4d41-8add-8021345525ac,,00000000-0000-0000-0000-000000000000,2025-12-22 09:01:54,2025-12-22 09:01:54
1ccf3005-2eee-4775-b77f-03c324d73567,receipt,completed,RCP-20260314-0767,,cdce6f85-40c7-482f-ba46-ec62c9f34a20,00000000-0000-0000-0000-000000000000,2025-04-16 09:01:54,2025-04-16 09:01:54
ea3083af-63e5-4656-8985-7b71357c4f51,transfer,completed,TRF-20260314-0638,51495338-37e9-474f-89b7-dc801da1f97f,c8c0d876-1c25-4933-8e68-c0f681d8abd6,00000000-0000-0000-0000-000000000000,2026-02-25 09:01:54,2026-02-25 09:01:54
60b4d52d-a16b-4baf-87ba-10c3bd4b9e9e,receipt,completed,RCP-20260314-0768,,3f9486db-5b78-4feb-97ef-5fdba0479cac,00000000-0000-0000-0000-000000000000,2025-07-13 09:01:54,2025-07-13 09:01:54
3538e89e-f6a4-4477-ab04-a5682f46d79d,receipt,completed,RCP-20260314-0769,,7ae4e730-0196-41e3-87e6-cc20044e303e,00000000-0000-0000-0000-000000000000,2026-01-29 09:01:54,2026-01-29 09:01:54
2d516ae3-5f27-4ef4-9f4e-50eca8340a57,receipt,completed,RCP-20260314-0770,,cb6ede20-67af-4c0a-b8c6-47d3799813aa,00000000-0000-0000-0000-000000000000,2025-05-14 09:01:54,2025-05-14 09:01:54
9cce6693-381d-44cc-a98e-2e31e342470e,transfer,completed,TRF-20260314-0639,f0c62548-4e84-4f17-b8e8-1fb78c121e8a,9196c43d-097d-4dc0-b62d-055c24df5dd2,00000000-0000-0000-0000-000000000000,2025-08-26 09:01:54,2025-08-26 09:01:54
7349b2f7-7d34-4159-bf2b-db9af1689309,receipt,completed,RCP-20260314-0771,,c2672d44-e8f1-4cff-8ed4-f00afae7273c,00000000-0000-0000-0000-000000000000,2025-07-24 09:01:54,2025-07-24 09:01:54
95e5ddcf-2803-42ef-afad-d58ddc1c90ad,transfer,completed,TRF-20260314-0640,29c0b9d0-54da-4093-809d-90788fad9c9c,a26d10cb-9a30-4487-90b8-828c7b438ac3,00000000-0000-0000-0000-000000000000,2025-09-13 09:01:54,2025-09-13 09:01:54
651d5af5-3dff-4a88-b029-fa6526f8dde7,transfer,completed,TRF-20260314-0641,9a5aaba4-2467-4b38-8609-f087af96b0c2,fc257c42-300c-4514-afb1-922121a2ed81,00000000-0000-0000-0000-000000000000,2025-08-31 09:01:54,2025-08-31 09:01:54
faef3e61-ab0d-4512-b0cc-ee52705353c0,adjustment,completed,ADJ-20260314-0385,8869f492-b017-4c95-8fad-4b65a9ceca6c,,00000000-0000-0000-0000-000000000000,2025-11-29 09:01:54,2025-11-29 09:01:54
df0aaeea-3cd6-404d-b206-bfe224b98a6c,transfer,draft,TRF-20260314-0642,8f70db21-d3ff-4810-ae63-3a85d266015b,83bc05a0-79b9-4423-a8eb-d2b2713a160b,00000000-0000-0000-0000-000000000000,2025-08-07 09:01:54,2025-08-07 09:01:54
4acc4bcf-51ca-4db6-a9cd-e1d2dab15330,receipt,confirmed,RCP-20260314-0772,,e27e2ddf-cc7b-448c-905b-3a0440c4adb3,00000000-0000-0000-0000-000000000000,2025-06-24 09:01:54,2025-06-24 09:01:54
da7c53db-4034-45f5-a04c-af9fe912cf36,adjustment,confirmed,ADJ-20260314-0386,819342a4-4e99-4386-adbe-40c82ae8a97b,,00000000-0000-0000-0000-000000000000,2026-02-03 09:01:54,2026-02-03 09:01:54
6823c7b6-a966-46d9-b7a0-6ab50ac399dd,receipt,completed,RCP-20260314-0773,,2bea4354-4154-4bb9-9081-8ce063251509,00000000-0000-0000-0000-000000000000,2025-03-16 09:01:54,2025-03-16 09:01:54
52d8cd14-8044-4520-986e-30146164a4e3,transfer,completed,TRF-20260314-0643,7a46a1a7-f493-426c-bf87-f01eea593f83,b1443d65-1647-4649-bc50-4bc06b7a7f15,00000000-0000-0000-0000-000000000000,2025-10-05 09:01:54,2025-10-05 09:01:54
ebad56b2-80a8-4010-99fc-6656c8ac1b50,adjustment,completed,ADJ-20260314-0387,f0b13f4e-18c3-4947-b170-6c7d7bbc211e,,00000000-0000-0000-0000-000000000000,2025-06-26 09:01:54,2025-06-26 09:01:54
569ae604-417a-424f-b49a-4797b6406184,delivery,completed,DLV-20260314-0769,d1b30acd-b9ae-475b-b30c-a0ed432926a0,,00000000-0000-0000-0000-000000000000,2025-11-06 09:01:54,2025-11-06 09:01:54
5adbd21d-5eef-4042-bd37-9df22599a652,receipt,completed,RCP-20260314-0774,,2270d8fa-10bc-4479-98ed-1c83db65bc2e,00000000-0000-0000-0000-000000000000,2025-12-14 09:01:54,2025-12-14 09:01:54
2b299d8e-3822-426e-9a2e-07f58c1b85cd,receipt,completed,RCP-20260314-0775,,81321ffb-b0fa-4088-9dfd-8068fbaad251,00000000-0000-0000-0000-000000000000,2026-01-11 09:01:54,2026-01-11 09:01:54
8069026b-ecdf-4c91-b4e5-6656c79b67de,receipt,completed,RCP-20260314-0776,,b967a1fb-255f-4916-9e97-ca568a073648,00000000-0000-0000-0000-000000000000,2025-03-31 09:01:54,2025-03-31 09:01:54
ddffc313-5840-4eaa-8189-7319561baf5c,adjustment,draft,ADJ-20260314-0388,aa5d9b4d-6f81-4a16-bb18-88a19cde4e88,,00000000-0000-0000-0000-000000000000,2025-04-30 09:01:54,2025-04-30 09:01:54
14d7791c-4b16-4173-a033-b599288e0607,transfer,completed,TRF-20260314-0644,419c0f12-2bf7-4f71-8096-9da475b35667,29df2584-83d7-4405-aa8b-ceec6d94751c,00000000-0000-0000-0000-000000000000,2025-07-31 09:01:54,2025-07-31 09:01:54
b779b170-6873-4a8e-b7c1-8e49b4a7be1e,transfer,draft,TRF-20260314-0645,729308aa-b091-4481-af82-b00b97a18d09,a133d7a6-0a92-4607-8920-09f3d01007e6,00000000-0000-0000-0000-000000000000,2025-08-21 09:01:54,2025-08-21 09:01:54
578b13a4-42d5-47f0-901f-264e40ab190e,receipt,confirmed,RCP-20260314-0777,,4820779f-c03f-48c0-839e-0ca1dbe9ac3f,00000000-0000-0000-0000-000000000000,2025-08-04 09:01:54,2025-08-04 09:01:54
7b7ddba0-5bb2-4952-a5d0-157d6743521e,adjustment,completed,ADJ-20260314-0389,53e72a1e-4dab-4e32-81c4-c5ae175e83f7,,00000000-0000-0000-0000-000000000000,2025-08-11 09:01:54,2025-08-11 09:01:54
d8d2ea8e-8799-4e1f-b16a-4cdf8b32ee57,adjustment,completed,ADJ-20260314-0390,93dc88bd-d6a1-4979-b589-364c362085d0,,00000000-0000-0000-0000-000000000000,2025-08-24 09:01:54,2025-08-24 09:01:54
e9e886b8-3c62-4014-a56b-af0bf9bf68c5,receipt,completed,RCP-20260314-0778,,21cf54a3-f093-4a78-8264-ce5cd957a791,00000000-0000-0000-0000-000000000000,2026-01-06 09:01:54,2026-01-06 09:01:54
8e011ad6-8396-48b9-b0f9-a26d808902c1,receipt,draft,RCP-20260314-0779,,69995b30-16b0-4471-838d-58913e6c4655,00000000-0000-0000-0000-000000000000,2026-02-28 09:01:54,2026-02-28 09:01:54
c4bf9835-58d4-44d3-9ff6-30064f6f6f28,delivery,completed,DLV-20260314-0770,1f094b8b-973d-4c59-ac47-247835072a2a,,00000000-0000-0000-0000-000000000000,2025-06-07 09:01:54,2025-06-07 09:01:54
fffc2dfb-2fb6-4408-a457-cf7d2284f941,delivery,confirmed,DLV-20260314-0771,2c67e6dc-1b2e-4cb4-8a59-8b531e929951,,00000000-0000-0000-0000-000000000000,2025-08-08 09:01:54,2025-08-08 09:01:54
04e924a0-26c7-4ef7-931b-41c25e6f257c,delivery,draft,DLV-20260314-0772,b16d9497-2ac9-48a9-b7ef-ebdb5017a41d,,00000000-0000-0000-0000-000000000000,2026-03-05 09:01:54,2026-03-05 09:01:54
6106734e-2ddb-4feb-88e4-c12236f0d18a,receipt,completed,RCP-20260314-0780,,965b68e2-e452-4ff8-a080-505a2d6409f9,00000000-0000-0000-0000-000000000000,2025-12-15 09:01:54,2025-12-15 09:01:54
1a529e4d-25c0-4ba9-aa97-ea9de573a8e7,receipt,draft,RCP-20260314-0781,,c5ddbbb7-fe60-4fd0-b136-9b966fec2f1f,00000000-0000-0000-0000-000000000000,2025-08-02 09:01:54,2025-08-02 09:01:54
1bf7cf51-f5d4-4e79-8652-8c4dd5de3ff0,receipt,completed,RCP-20260314-0782,,b734b766-b00b-4f87-b431-34a1cfeca324,00000000-0000-0000-0000-000000000000,2026-03-09 09:01:54,2026-03-09 09:01:54
367f4817-c195-4418-a5c6-9de031d2100e,delivery,completed,DLV-20260314-0773,a464622a-31f5-4f10-bac3-f562fdaf532f,,00000000-0000-0000-0000-000000000000,2025-07-21 09:01:54,2025-07-21 09:01:54
41bc7d97-0a84-4f16-8e9b-dde51bd9011c,receipt,draft,RCP-20260314-0783,,3f316927-664b-40df-973a-ceeea8edebf3,00000000-0000-0000-0000-000000000000,2025-06-21 09:01:54,2025-06-21 09:01:54
f1cf0507-5110-4a9b-87ab-2259efcf3f1f,adjustment,completed,ADJ-20260314-0391,f7488ad3-56dd-4c9a-808e-844c0f317449,,00000000-0000-0000-0000-000000000000,2025-07-15 09:01:54,2025-07-15 09:01:54
873eca0d-3ff6-4e09-b69e-586dadcd7cc5,transfer,completed,TRF-20260314-0646,f761388e-420f-4ee9-9531-af34e366238c,6a846981-7a5e-413b-ab7a-8c3491297ef6,00000000-0000-0000-0000-000000000000,2025-11-19 09:01:54,2025-11-19 09:01:54
90ad0482-8cb1-40be-82f1-3569bffa28a9,receipt,confirmed,RCP-20260314-0784,,ac10ade1-d46d-44fc-bded-36f127fbd7ca,00000000-0000-0000-0000-000000000000,2025-11-21 09:01:54,2025-11-21 09:01:54
9a3b0927-ce93-4597-b7f0-c26d95823015,delivery,completed,DLV-20260314-0774,1c45630d-8ac7-4d11-9482-8c75852bb655,,00000000-0000-0000-0000-000000000000,2025-10-03 09:01:54,2025-10-03 09:01:54
3a42702e-ff76-43dc-9fac-d67db1532a53,transfer,completed,TRF-20260314-0647,6ff3760f-088c-4202-967b-cebc4fb51438,104a072c-6ec5-4ac5-9276-547abc742fe3,00000000-0000-0000-0000-000000000000,2025-06-09 09:01:54,2025-06-09 09:01:54
47ffbf74-6574-4247-92ba-6b6507d9492a,delivery,confirmed,DLV-20260314-0775,0e7b0477-059a-4ed9-9ba9-3bd9ee9cb6fb,,00000000-0000-0000-0000-000000000000,2025-08-22 09:01:54,2025-08-22 09:01:54
be8607f7-b378-40da-b39a-e5134ae6ee4d,delivery,completed,DLV-20260314-0776,191e39bb-c72e-44a4-a765-e56f8cf09b05,,00000000-0000-0000-0000-000000000000,2025-08-31 09:01:54,2025-08-31 09:01:54
3cb9df0e-0a50-44af-a9b0-5c9261e28eb8,delivery,draft,DLV-20260314-0777,c4e56d41-4344-4ec0-b7d8-4e9d1d8e00a6,,00000000-0000-0000-0000-000000000000,2026-03-11 09:01:54,2026-03-11 09:01:54
2c75fac9-4c0e-4e44-9ef7-aa3d0bdfbab3,adjustment,completed,ADJ-20260314-0392,4674a69b-401e-4334-b4eb-925c6cb1ea62,,00000000-0000-0000-0000-000000000000,2025-11-27 09:01:54,2025-11-27 09:01:54
c6f765c4-73e8-47d5-ab4e-6d9321d68365,receipt,confirmed,RCP-20260314-0785,,1ead912a-16a3-4610-af60-74c6d6883ca5,00000000-0000-0000-0000-000000000000,2026-02-20 09:01:54,2026-02-20 09:01:54
ab1fbb5c-e05c-458f-9ca2-69ae16ab9baf,transfer,completed,TRF-20260314-0648,89dfc6cd-4cdb-4fec-a9fc-5e92cf648206,206afca6-64b5-4bb8-a641-50ac4fdc87f9,00000000-0000-0000-0000-000000000000,2025-08-04 09:01:54,2025-08-04 09:01:54
11ef03ae-fe35-4ed9-9292-a05cd158fac6,receipt,draft,RCP-20260314-0786,,a3bb136f-a837-4a24-8ecd-6e323178e1d3,00000000-0000-0000-0000-000000000000,2025-06-06 09:01:54,2025-06-06 09:01:54
c9909d5e-9c70-4592-9f22-fd5a0818f1b8,receipt,completed,RCP-20260314-0787,,c8c0d876-1c25-4933-8e68-c0f681d8abd6,00000000-0000-0000-0000-000000000000,2025-11-17 09:01:54,2025-11-17 09:01:54
ad44cfbb-559f-4c3b-804d-43afb49da6d3,delivery,completed,DLV-20260314-0778,a5d9e202-5a0c-4548-90c4-d311b567fce8,,00000000-0000-0000-0000-000000000000,2025-07-18 09:01:54,2025-07-18 09:01:54
0abe1b1d-4204-4b06-8697-6e3c63345918,receipt,completed,RCP-20260314-0788,,898da1ec-d89f-4b65-a940-c42b6eaa2ecb,00000000-0000-0000-0000-000000000000,2025-10-28 09:01:54,2025-10-28 09:01:54
172d7780-f780-4a4a-aa54-3d0dbe31ed2b,transfer,completed,TRF-20260314-0649,0be02120-15ea-4874-9724-336ae3d05808,dccab7f6-542e-4df0-ae46-e411a7f6dd24,00000000-0000-0000-0000-000000000000,2026-01-29 09:01:54,2026-01-29 09:01:54
b7e71f29-54f5-4add-8990-4543f972ef24,adjustment,completed,ADJ-20260314-0393,f88260b3-6640-45a4-9c68-f21d4bc0f3f3,,00000000-0000-0000-0000-000000000000,2025-08-23 09:01:54,2025-08-23 09:01:54
225ec216-d632-4b92-8433-cd0875122c0a,delivery,completed,DLV-20260314-0779,125313af-939d-4819-a271-512b4212d885,,00000000-0000-0000-0000-000000000000,2025-08-17 09:01:54,2025-08-17 09:01:54
fea13cf4-20e3-4c55-8fd4-d58e221d4ed0,transfer,completed,TRF-20260314-0650,2470928f-1627-4921-b9b0-5dbe4b9a3511,fb49f74e-e8ca-4f38-bcb2-7ea9bf2e34ff,00000000-0000-0000-0000-000000000000,2025-08-28 09:01:54,2025-08-28 09:01:54
344ea3c9-d212-42fe-880f-285d8e53b12c,transfer,completed,TRF-20260314-0651,aa7b4617-7151-477d-bc56-77bb8ea6cd96,b566ae8b-b0b5-49c6-8366-9c637ce99e2c,00000000-0000-0000-0000-000000000000,2025-08-04 09:01:54,2025-08-04 09:01:54
72bed815-6a12-448b-b313-5e4d8277434e,delivery,draft,DLV-20260314-0780,fc156b90-4b60-46db-a9ae-6e2a78c658d0,,00000000-0000-0000-0000-000000000000,2025-12-20 09:01:54,2025-12-20 09:01:54
636cee58-d510-4ae2-84d7-57ba6c2f3c53,delivery,completed,DLV-20260314-0781,da78196b-9fb2-4da6-bb6a-d2c1487afc21,,00000000-0000-0000-0000-000000000000,2025-09-22 09:01:54,2025-09-22 09:01:54
09b86b6f-cb80-43e6-888a-f61de17ce1ce,delivery,confirmed,DLV-20260314-0782,ebd756a4-b34a-4162-8c68-deffe95ddf25,,00000000-0000-0000-0000-000000000000,2025-10-18 09:01:54,2025-10-18 09:01:54
fba79e56-72a4-4f38-a51b-d93983ea7c7c,delivery,completed,DLV-20260314-0783,22eb2c96-d82b-46b2-a891-435c8412c8ba,,00000000-0000-0000-0000-000000000000,2025-07-03 09:01:54,2025-07-03 09:01:54
45c81181-4d18-4e58-8c6b-562ba486e1a6,receipt,confirmed,RCP-20260314-0789,,f810dc66-7a8f-4a32-9644-0a5d0e779a5a,00000000-0000-0000-0000-000000000000,2025-11-09 09:01:54,2025-11-09 09:01:54
94dc13da-0e17-4da7-b503-8c65fe3fedd0,transfer,completed,TRF-20260314-0652,27ae1c98-c57f-4f77-a2ff-e3d0d98d28f3,8c6d83ba-9be2-4f18-aa8a-5430914008cd,00000000-0000-0000-0000-000000000000,2025-04-24 09:01:54,2025-04-24 09:01:54
1efc9d5a-2925-44c4-ae5c-98ce42e03211,receipt,completed,RCP-20260314-0790,,3fb4c81b-c001-4cc6-801b-14b1065acaf6,00000000-0000-0000-0000-000000000000,2025-09-26 09:01:54,2025-09-26 09:01:54
691bc02b-ff3d-4ef9-a1b2-55eb41ba24d4,adjustment,completed,ADJ-20260314-0394,47d05ab9-d69c-4f37-ba55-a819d5b8274a,,00000000-0000-0000-0000-000000000000,2025-07-18 09:01:54,2025-07-18 09:01:54
67c9ec66-16cd-48c5-b627-6b9d072c5ad8,receipt,completed,RCP-20260314-0791,,b4086b01-d1b6-424e-bbf3-7b79a75f0ca1,00000000-0000-0000-0000-000000000000,2025-03-16 09:01:54,2025-03-16 09:01:54
ccfb5d16-b9f8-4390-a334-1f43084c14bc,adjustment,completed,ADJ-20260314-0395,1e280b64-3e8c-4c98-8f16-8f0f3e2f0956,,00000000-0000-0000-0000-000000000000,2025-11-12 09:01:54,2025-11-12 09:01:54
305e0e3f-408c-498e-a813-9b78737864ee,receipt,completed,RCP-20260314-0792,,2895171f-8cc1-49d6-9c03-c654cb03e888,00000000-0000-0000-0000-000000000000,2025-07-13 09:01:54,2025-07-13 09:01:54
bd0662a1-ea05-4af3-9ffd-be167f64ffe7,delivery,completed,DLV-20260314-0784,e8cac080-db4e-4a3e-8dd7-051592a24355,,00000000-0000-0000-0000-000000000000,2025-07-14 09:01:54,2025-07-14 09:01:54
9406a035-4577-4bbc-a6b3-dd7f0d6b56d5,transfer,completed,TRF-20260314-0653,c6de4edd-f67a-40cc-a4f1-0b14dae3c595,d4ad251f-4bb5-4796-8049-1baf5c409971,00000000-0000-0000-0000-000000000000,2025-04-28 09:01:54,2025-04-28 09:01:54
0475c0d4-9e1f-4020-bd73-78f19288be7f,receipt,completed,RCP-20260314-0793,,14ada3cd-8ad9-4d85-8cae-c1a5cbfdefbe,00000000-0000-0000-0000-000000000000,2025-12-01 09:01:54,2025-12-01 09:01:54
32bad87b-079f-4885-bc2b-23f983dcc069,receipt,completed,RCP-20260314-0794,,00d42639-6a45-46c3-89bf-538389100e00,00000000-0000-0000-0000-000000000000,2025-04-09 09:01:54,2025-04-09 09:01:54
5ee6a687-974a-4b6b-a3e4-6a5b7b7af0dc,receipt,completed,RCP-20260314-0795,,fdaa6c41-23e6-4770-975e-e8e5ea6094e2,00000000-0000-0000-0000-000000000000,2025-07-08 09:01:54,2025-07-08 09:01:54
28089fef-8dac-4a50-ac5c-9c8165d9a98c,delivery,draft,DLV-20260314-0785,2f205daa-6bda-4787-9d51-bb4ff568c703,,00000000-0000-0000-0000-000000000000,2026-01-31 09:01:54,2026-01-31 09:01:54
ac113497-dc8e-4e56-b6cd-f87a93befd9f,transfer,completed,TRF-20260314-0654,6bbad7ef-7c79-4d5e-8864-d49b9949b6d6,0791e311-2c83-4477-9413-3caf378ed253,00000000-0000-0000-0000-000000000000,2026-03-12 09:01:54,2026-03-12 09:01:54
fe632c02-206f-4433-bc17-d0b652a2137e,receipt,draft,RCP-20260314-0796,,f433ca0e-0518-4b9e-be04-a461d49fe36a,00000000-0000-0000-0000-000000000000,2026-02-27 09:01:54,2026-02-27 09:01:54
3d8cde27-8382-45fa-a5fd-df27431d027e,delivery,completed,DLV-20260314-0786,ad26f441-1b3e-49cc-98a5-4130d8acc128,,00000000-0000-0000-0000-000000000000,2025-06-27 09:01:54,2025-06-27 09:01:54
92b0ffcd-a084-4259-8744-41c579391601,adjustment,completed,ADJ-20260314-0396,63d57ea0-e986-43e6-93f8-cde86d10174d,,00000000-0000-0000-0000-000000000000,2026-02-11 09:01:54,2026-02-11 09:01:54
c1c44339-fd7f-4d94-894e-6b606270b1e3,transfer,draft,TRF-20260314-0655,5beeb329-ecd1-4ef5-8929-9ce74aa7a5fc,6abd2096-f5b2-4d47-b813-ce5ebd3f2520,00000000-0000-0000-0000-000000000000,2025-06-09 09:01:54,2025-06-09 09:01:54
5b9ee0e1-f852-4680-803e-c74f9fdd35c5,delivery,confirmed,DLV-20260314-0787,cf127765-1676-4a26-bca9-e6077a205dd3,,00000000-0000-0000-0000-000000000000,2026-01-04 09:01:54,2026-01-04 09:01:54
dcfd70e3-343d-4075-a9fc-81bb916e2d8f,adjustment,completed,ADJ-20260314-0397,4f4a083e-ca42-4d07-b47d-5b9c88a8b7ba,,00000000-0000-0000-0000-000000000000,2025-08-01 09:01:54,2025-08-01 09:01:54
e4eb08df-fc4a-40d8-8197-9cb8bc81fcce,transfer,draft,TRF-20260314-0656,7b20372c-a3c1-41fe-b426-6b49e83275cc,1bab43fa-4158-4f24-b7e4-72724154beca,00000000-0000-0000-0000-000000000000,2025-10-23 09:01:54,2025-10-23 09:01:54
8757e3b4-4975-496b-8b12-d4c0542bb9ce,transfer,completed,TRF-20260314-0657,11b89678-58b4-47c3-a111-16c00e7ae693,4e2154d3-c345-4307-8b26-0f41bf48f31f,00000000-0000-0000-0000-000000000000,2025-07-13 09:01:54,2025-07-13 09:01:54
296ee8ba-8a23-47c4-a287-905d9d2729fa,transfer,confirmed,TRF-20260314-0658,1033ba75-8fab-4719-8859-a130e00b7c7a,4674a69b-401e-4334-b4eb-925c6cb1ea62,00000000-0000-0000-0000-000000000000,2025-05-07 09:01:54,2025-05-07 09:01:54
2e504699-b931-4b87-9c1f-dcfbccc13fbd,transfer,draft,TRF-20260314-0659,7b57c9b6-c9f9-49e0-bffc-cff24f700341,dc8c3f6f-e607-41bf-9c62-8bdb9a7f7bf2,00000000-0000-0000-0000-000000000000,2025-04-03 09:01:54,2025-04-03 09:01:54
de977257-b7b3-4bef-a73a-69ff258d1e04,transfer,completed,TRF-20260314-0660,7d7ca67f-1e63-45c6-a6fb-6406151d48e7,b23954a8-6af0-453b-9469-1da0a78e1eda,00000000-0000-0000-0000-000000000000,2026-02-15 09:01:54,2026-02-15 09:01:54
2677ad0e-7b8a-4529-a5b6-24018a03a52c,delivery,draft,DLV-20260314-0788,951887eb-6b4b-44c4-9612-cdd5d77701a5,,00000000-0000-0000-0000-000000000000,2025-07-16 09:01:54,2025-07-16 09:01:54
c006d261-03e4-48f8-a724-821a95e7ba8f,delivery,draft,DLV-20260314-0789,4dbbbb6d-54c2-4421-94d3-86d09c632216,,00000000-0000-0000-0000-000000000000,2025-03-17 09:01:54,2025-03-17 09:01:54
a745162e-a6ef-4245-8fbb-2ee18a69cc80,receipt,completed,RCP-20260314-0797,,e1f6e78b-afda-41a7-8b9d-fa92b81864d1,00000000-0000-0000-0000-000000000000,2025-04-16 09:01:54,2025-04-16 09:01:54
91a0d81a-0dbf-4093-aa86-e937fd0130ac,adjustment,completed,ADJ-20260314-0398,9a4a9e50-0881-4958-8708-9d3ae63a56aa,,00000000-0000-0000-0000-000000000000,2026-01-17 09:01:54,2026-01-17 09:01:54
4b55473e-e2b1-41e9-9555-81f8ec8d49d8,receipt,completed,RCP-20260314-0798,,15c750f6-8b1b-4f81-a6ad-d0e7d16cf94a,00000000-0000-0000-0000-000000000000,2025-11-08 09:01:54,2025-11-08 09:01:54
6c7dfd45-c5df-49cb-96df-699ccfee88a2,delivery,completed,DLV-20260314-0790,e45620c2-12bc-4d41-8add-8021345525ac,,00000000-0000-0000-0000-000000000000,2025-05-09 09:01:54,2025-05-09 09:01:54
9962d8bc-63f8-47d9-b5fd-00ac4d8d5d36,adjustment,completed,ADJ-20260314-0399,86f9deb7-b614-492d-930e-db96ae28337b,,00000000-0000-0000-0000-000000000000,2025-07-27 09:01:54,2025-07-27 09:01:54
07cc1bc6-71fc-434d-afd2-580de31adc6d,adjustment,completed,ADJ-20260314-0400,6abd2096-f5b2-4d47-b813-ce5ebd3f2520,,00000000-0000-0000-0000-000000000000,2026-02-02 09:01:54,2026-02-02 09:01:54
b2ceb6bf-f5e6-46c0-8042-decec4ac9507,adjustment,confirmed,ADJ-20260314-0401,1b33a7d0-365b-400a-890a-0ca21a3ceb86,,00000000-0000-0000-0000-000000000000,2025-11-18 09:01:54,2025-11-18 09:01:54
134ad19c-ac6e-4f55-a747-dde84a23666f,delivery,draft,DLV-20260314-0791,01c54b68-fdd2-4089-ab5e-b45a13ba73e3,,00000000-0000-0000-0000-000000000000,2026-01-18 09:01:54,2026-01-18 09:01:54
ad7824ef-4d1d-4850-a0dd-9109c1874731,adjustment,draft,ADJ-20260314-0402,ad1fdda6-31db-4d72-9f74-61cd598104c0,,00000000-0000-0000-0000-000000000000,2025-11-12 09:01:54,2025-11-12 09:01:54
c1df9346-bfd6-4c06-9007-0383532b04c2,delivery,draft,DLV-20260314-0792,76747365-5b13-42ad-8b53-05dc2de240a5,,00000000-0000-0000-0000-000000000000,2025-06-13 09:01:54,2025-06-13 09:01:54
48dc934f-d45a-4590-a516-a1bd47c041a0,receipt,completed,RCP-20260314-0799,,c7e3ebf6-5d1f-4ec5-bc16-123d72e2cc88,00000000-0000-0000-0000-000000000000,2025-07-03 09:01:54,2025-07-03 09:01:54
c0422c4d-7161-4036-ba62-26be501f8e11,delivery,draft,DLV-20260314-0793,c887f33b-97f6-4cb0-a534-7b098e37abff,,00000000-0000-0000-0000-000000000000,2025-07-28 09:01:54,2025-07-28 09:01:54
2800554d-feab-40f9-8be4-5dd309c28833,receipt,draft,RCP-20260314-0800,,7e4fe0be-615d-4cdb-b3ad-10d9f2845b86,00000000-0000-0000-0000-000000000000,2025-10-03 09:01:54,2025-10-03 09:01:54
ff124e67-a77f-48b7-a064-0c33bb02bc9b,delivery,completed,DLV-20260314-0794,b412353b-4ed6-41b9-a798-344b2e122da9,,00000000-0000-0000-0000-000000000000,2025-03-14 09:01:54,2025-03-14 09:01:54
4757996a-6736-473f-8070-e1465d5ebf2d,receipt,completed,RCP-20260314-0801,,4fb5d591-a57d-42b9-9164-2782676be2ac,00000000-0000-0000-0000-000000000000,2025-07-31 09:01:54,2025-07-31 09:01:54
3bfa9cb0-62d6-42e4-9404-a89fb94aa747,receipt,completed,RCP-20260314-0802,,6c30f308-7611-4a31-970a-53123745fbd4,00000000-0000-0000-0000-000000000000,2025-10-29 09:01:54,2025-10-29 09:01:54
ccf0822c-3ba0-48c1-a36d-e39367e4f277,delivery,completed,DLV-20260314-0795,0f22ffb7-6757-4bee-8243-19596c0df9c9,,00000000-0000-0000-0000-000000000000,2025-10-30 09:01:54,2025-10-30 09:01:54
b821e3cc-d38f-4d34-a9c1-bd56c19e446c,receipt,completed,RCP-20260314-0803,,1661b8b2-677b-4a69-94d9-f349dced0f6f,00000000-0000-0000-0000-000000000000,2025-05-29 09:01:54,2025-05-29 09:01:54
bc3d4dd8-bcfe-4aa2-9a5a-07ddfc869302,transfer,completed,TRF-20260314-0661,85ca94b1-0008-40b0-9fc5-7b7bd5e394d7,6116449b-badd-4e89-b8e9-1f06c3f35019,00000000-0000-0000-0000-000000000000,2026-03-06 09:01:54,2026-03-06 09:01:54
2705ede8-5953-4ec9-a3d8-85635ac5b879,delivery,completed,DLV-20260314-0796,daacf636-aa16-427d-98f2-b0be0297116b,,00000000-0000-0000-0000-000000000000,2025-06-27 09:01:54,2025-06-27 09:01:54
6993b3b9-67f5-4484-8cbe-559b0fd1e76c,delivery,draft,DLV-20260314-0797,fcbea0ed-eca8-42ad-af54-086c1051785d,,00000000-0000-0000-0000-000000000000,2025-12-10 09:01:54,2025-12-10 09:01:54
9d8717c5-91ec-44f2-8f39-314ee3dd769d,receipt,completed,RCP-20260314-0804,,70c1863f-a126-40a5-bf5f-e23794600bcf,00000000-0000-0000-0000-000000000000,2025-06-24 09:01:54,2025-06-24 09:01:54
0ffd0d59-a91a-4bf9-96ac-7c290e947135,receipt,completed,RCP-20260314-0805,,a30a9525-d6f4-4369-a35e-c9a01e9e1579,00000000-0000-0000-0000-000000000000,2025-04-27 09:01:54,2025-04-27 09:01:54
caf4a667-8e37-4f7c-8ae1-618b046ada71,receipt,completed,RCP-20260314-0806,,f67b24c8-0df1-48f5-849d-1f0abbeafaca,00000000-0000-0000-0000-000000000000,2025-11-24 09:01:54,2025-11-24 09:01:54
3b7620cf-d63d-44a7-b3ab-e096b9801cce,transfer,completed,TRF-20260314-0662,4c7b29d0-333c-4ebb-bcbf-fcd8fb256ed2,79a9ecce-d0d0-405c-a5bb-e506fe50cbd3,00000000-0000-0000-0000-000000000000,2025-06-28 09:01:54,2025-06-28 09:01:54
6419bc26-a0e9-4194-8bc4-9943a6d1b772,delivery,completed,DLV-20260314-0798,123ad57d-fcec-4ffa-beb0-9960f0fca1c8,,00000000-0000-0000-0000-000000000000,2025-07-03 09:01:54,2025-07-03 09:01:54
d3757b84-1e90-44ba-aef4-432decbbca2b,receipt,draft,RCP-20260314-0807,,2370d5c8-0e20-46e5-9818-82a6f31c49d4,00000000-0000-0000-0000-000000000000,2026-03-08 09:01:54,2026-03-08 09:01:54
8f66d5b9-6505-487d-bce8-cd0252f827bd,delivery,completed,DLV-20260314-0799,d20fd737-d365-4b4b-b9ee-4475905acce4,,00000000-0000-0000-0000-000000000000,2025-11-08 09:01:54,2025-11-08 09:01:54
33469dc1-089d-44ea-98de-4997de22d797,adjustment,completed,ADJ-20260314-0403,449e8c92-22b8-40df-99cc-d9d8da353c9b,,00000000-0000-0000-0000-000000000000,2026-03-01 09:01:54,2026-03-01 09:01:54
58419f0f-7b1d-4d9b-afa1-8c88ef82ea95,adjustment,completed,ADJ-20260314-0404,30d1d491-9466-4af9-b0f9-ef3d6e3e9dd1,,00000000-0000-0000-0000-000000000000,2025-06-26 09:01:54,2025-06-26 09:01:54
f8053aa2-dd63-4d75-af0d-e612293d0151,receipt,completed,RCP-20260314-0808,,2b1223c8-c937-4b01-9e9a-c7ce672ffece,00000000-0000-0000-0000-000000000000,2026-03-01 09:01:54,2026-03-01 09:01:54
f67a632f-9b46-424e-9065-5377b7c0c04a,receipt,completed,RCP-20260314-0809,,1c088b98-3c40-4ff4-960b-044baf6a6877,00000000-0000-0000-0000-000000000000,2025-07-01 09:01:54,2025-07-01 09:01:54
754e89f6-28b7-4d09-9427-17461c06b331,delivery,completed,DLV-20260314-0800,b4ec5cf5-3226-4d14-8098-c2b5beaccbbe,,00000000-0000-0000-0000-000000000000,2025-08-19 09:01:54,2025-08-19 09:01:54
04bb1593-9870-4401-b2e0-45883f262921,receipt,completed,RCP-20260314-0810,,671ba649-c3bc-4a4c-beb0-5f4f88994b52,00000000-0000-0000-0000-000000000000,2025-11-30 09:01:54,2025-11-30 09:01:54
fcb55298-dd9c-451a-9216-185a6732d90f,delivery,completed,DLV-20260314-0801,f771e8ad-eeae-4f5a-8841-a71af755526f,,00000000-0000-0000-0000-000000000000,2025-12-01 09:01:54,2025-12-01 09:01:54
a48f0968-e216-4d1f-90fa-22afe74d390e,transfer,completed,TRF-20260314-0663,f6479581-c91a-44d1-a76f-55ca18eb2113,26e3cd4c-fc91-4726-9822-3eb4b6707604,00000000-0000-0000-0000-000000000000,2025-11-08 09:01:54,2025-11-08 09:01:54
f241eca7-cbc7-4c25-938c-18946e11e8d3,receipt,completed,RCP-20260314-0811,,c28c1e8e-6fc1-47b8-b1da-6b2fd8613b69,00000000-0000-0000-0000-000000000000,2026-02-21 09:01:54,2026-02-21 09:01:54
d4698610-494f-4c87-8fa4-e7fc3a576906,transfer,completed,TRF-20260314-0664,5f01b7dc-2e79-46bd-a09b-d933e94ef3f9,cd1b346c-f4af-4f7b-9981-277f1f2c7da4,00000000-0000-0000-0000-000000000000,2025-07-07 09:01:54,2025-07-07 09:01:54
34f300eb-f781-4ee3-aa09-f354cffef06e,receipt,completed,RCP-20260314-0812,,4b11aa51-1e36-4f72-96cd-0d321c0a1e6c,00000000-0000-0000-0000-000000000000,2026-02-25 09:01:54,2026-02-25 09:01:54
6b8fb760-00d8-49d7-8ace-77cf87cf57dc,delivery,draft,DLV-20260314-0802,1a34ed10-1233-4704-9e18-adec856c59c3,,00000000-0000-0000-0000-000000000000,2025-11-28 09:01:54,2025-11-28 09:01:54
551ec890-d333-49fd-8167-b676e2d64b7a,transfer,draft,TRF-20260314-0665,1e28c846-b22e-4d8a-b432-ebfa3a528234,afd16934-f92d-4574-bc86-ddd078a47541,00000000-0000-0000-0000-000000000000,2026-03-08 09:01:54,2026-03-08 09:01:54
2ef35133-ba66-430c-8ba9-8deabb5edcd4,transfer,confirmed,TRF-20260314-0666,4e98b753-5dfd-4e95-8c50-6cc61b43258a,a3bb136f-a837-4a24-8ecd-6e323178e1d3,00000000-0000-0000-0000-000000000000,2025-09-14 09:01:54,2025-09-14 09:01:54
8b858bdf-98b1-4467-a595-138b2fb0a5df,transfer,confirmed,TRF-20260314-0667,abaf3250-e7c0-4a8e-a871-2c083c891648,e3e45884-971d-4ded-94f1-76f255a0c0b1,00000000-0000-0000-0000-000000000000,2025-12-10 09:01:54,2025-12-10 09:01:54
af7c12db-5796-4db8-b369-c20254268923,delivery,draft,DLV-20260314-0803,8285e40f-40d2-485d-bb0e-ce6b3d8f5bb9,,00000000-0000-0000-0000-000000000000,2025-12-18 09:01:54,2025-12-18 09:01:54
48d5e7ee-2e70-47cc-9688-14fc3ee4c78f,delivery,completed,DLV-20260314-0804,4811da77-9353-4bfc-bc6f-9069117b760e,,00000000-0000-0000-0000-000000000000,2025-11-25 09:01:54,2025-11-25 09:01:54
7742ecf2-10ed-48cf-885d-c9bbc31b1a7f,delivery,draft,DLV-20260314-0805,ec026422-0386-4da1-bdc2-fcd0973ce03a,,00000000-0000-0000-0000-000000000000,2026-01-30 09:01:54,2026-01-30 09:01:54
eb0fa47d-479a-4521-b97f-72ae1f4c92e3,adjustment,completed,ADJ-20260314-0405,cb4ccddb-923a-438c-aed5-4eaab8a45964,,00000000-0000-0000-0000-000000000000,2026-02-17 09:01:54,2026-02-17 09:01:54
e4e7df3b-2c84-4f2e-a000-5c63d741d906,transfer,draft,TRF-20260314-0668,b566ae8b-b0b5-49c6-8366-9c637ce99e2c,6b2e4827-eb03-4504-a7a2-afd786f70c6e,00000000-0000-0000-0000-000000000000,2025-04-20 09:01:54,2025-04-20 09:01:54
d45add8f-dcf6-4062-a2f9-510d54083345,receipt,draft,RCP-20260314-0813,,6231add7-0ad1-4a10-9e90-f6a0049c6549,00000000-0000-0000-0000-000000000000,2026-01-13 09:01:54,2026-01-13 09:01:54
82dd0912-750c-4d31-a996-aa631d7e04f8,receipt,draft,RCP-20260314-0814,,4f969b64-7aea-48b0-911a-62e0483e8168,00000000-0000-0000-0000-000000000000,2025-08-21 09:01:54,2025-08-21 09:01:54
1fe51114-36b5-441e-ac19-8a19f33406e4,delivery,confirmed,DLV-20260314-0806,a6cf7598-66b9-477d-bade-da73e85d6a62,,00000000-0000-0000-0000-000000000000,2025-11-21 09:01:54,2025-11-21 09:01:54
9879015b-fd72-4296-b7a1-cfde5bc247ef,receipt,completed,RCP-20260314-0815,,0ea3cf6d-058d-47b7-bd82-bfe972513ca7,00000000-0000-0000-0000-000000000000,2025-10-01 09:01:54,2025-10-01 09:01:54
e2f73021-b8c7-4f67-ad63-edd947951a36,delivery,completed,DLV-20260314-0807,5438eb33-4d9b-4045-b05b-978c20e3d6bc,,00000000-0000-0000-0000-000000000000,2025-05-02 09:01:54,2025-05-02 09:01:54
22b1da8a-2cac-421b-883f-1d765f4126c3,delivery,completed,DLV-20260314-0808,2c35873b-2234-489f-b42b-dce5985ac3c7,,00000000-0000-0000-0000-000000000000,2025-11-13 09:01:54,2025-11-13 09:01:54
4a4953a3-b8d5-458d-a4ae-cee9a94ade83,adjustment,confirmed,ADJ-20260314-0406,05cc0001-5d4b-4973-b588-6edb6ec02093,,00000000-0000-0000-0000-000000000000,2025-03-17 09:01:54,2025-03-17 09:01:54
0632e115-22bc-426c-a492-71a88b47be04,transfer,completed,TRF-20260314-0669,35b8f7f3-102e-4cff-b6b9-66d2c09529a4,208cb8dc-3654-48ab-a186-dafa03b2075f,00000000-0000-0000-0000-000000000000,2025-09-21 09:01:54,2025-09-21 09:01:54
4c1f2cc9-b526-4270-987f-a6b72e30d765,adjustment,completed,ADJ-20260314-0407,9f3d2e22-f065-4fb7-9d0f-d00145051b0b,,00000000-0000-0000-0000-000000000000,2025-11-04 09:01:54,2025-11-04 09:01:54
d993fcc4-758f-4594-a9eb-2d242b9385c6,delivery,confirmed,DLV-20260314-0809,1dbf74d2-4d7e-40a1-b584-4492daf897cb,,00000000-0000-0000-0000-000000000000,2025-05-23 09:01:54,2025-05-23 09:01:54
9d24bd48-b1b0-46b8-b0bc-36b80b143264,delivery,completed,DLV-20260314-0810,3bafdbee-dfb2-4390-9ada-8eb436d3f48f,,00000000-0000-0000-0000-000000000000,2025-06-04 09:01:54,2025-06-04 09:01:54
b6593db7-4abb-45d9-88ff-87879f5b53a5,transfer,draft,TRF-20260314-0670,0f85432c-3aaa-447b-b0c8-8a04e1253d68,381c2c60-aee0-41be-988d-9a4d7600b6cc,00000000-0000-0000-0000-000000000000,2025-11-09 09:01:54,2025-11-09 09:01:54
255bfe6a-9edf-4d6d-b695-b159d9af0dda,transfer,draft,TRF-20260314-0671,d8df34c3-6a8c-4761-9ee2-31bbc9cfaa2f,6ff3760f-088c-4202-967b-cebc4fb51438,00000000-0000-0000-0000-000000000000,2025-12-25 09:01:54,2025-12-25 09:01:54
4170531b-ed9e-46e5-8488-7c20f05af15b,transfer,completed,TRF-20260314-0672,ee020121-01a7-471f-a74b-9e7d79d66c16,297dbd76-cd16-4a30-b644-256616f406eb,00000000-0000-0000-0000-000000000000,2025-11-06 09:01:54,2025-11-06 09:01:54
a7ab8979-aa41-4239-bfa1-4fda3a9f43a0,receipt,draft,RCP-20260314-0816,,07c74d58-12c9-4c8e-8f29-69178515b4b8,00000000-0000-0000-0000-000000000000,2025-09-20 09:01:54,2025-09-20 09:01:54
0c8bca7e-bb46-45d3-968d-1116bea8414d,delivery,draft,DLV-20260314-0811,00d42639-6a45-46c3-89bf-538389100e00,,00000000-0000-0000-0000-000000000000,2025-07-09 09:01:54,2025-07-09 09:01:54
225ef2fd-0d44-4556-b46c-2ac2d8bd21d8,receipt,completed,RCP-20260314-0817,,a23091dc-e9f5-4b7b-8fd7-4b4aacf554af,00000000-0000-0000-0000-000000000000,2025-06-01 09:01:54,2025-06-01 09:01:54
deb964d8-eca0-46cd-a41a-a1acdf9fae0f,transfer,completed,TRF-20260314-0673,0c72d695-923c-44e2-b78b-ad75f31755f8,a99eb074-d899-465c-9f04-cde5b79ed56f,00000000-0000-0000-0000-000000000000,2026-03-09 09:01:54,2026-03-09 09:01:54
a725bce8-7713-4dd7-9424-a659fff5acf2,receipt,completed,RCP-20260314-0818,,892e3991-3e0d-4a69-a54d-1e1f3c4171be,00000000-0000-0000-0000-000000000000,2026-02-01 09:01:54,2026-02-01 09:01:54
5e37b8e2-b591-45ad-8a16-5f681dc81a8f,receipt,completed,RCP-20260314-0819,,fa51f812-6a53-4dc9-ace6-e80c3f3bee58,00000000-0000-0000-0000-000000000000,2025-11-04 09:01:54,2025-11-04 09:01:54
e4bea4e7-9071-4cfa-9d14-5480080b1f11,delivery,completed,DLV-20260314-0812,98473256-4463-45f2-9d4e-855bd7edeefe,,00000000-0000-0000-0000-000000000000,2026-01-04 09:01:54,2026-01-04 09:01:54
ca3cb44c-eee9-4bc2-aaa0-87253603d83e,receipt,completed,RCP-20260314-0820,,fa76bfab-8390-4e6e-8711-efb07846203c,00000000-0000-0000-0000-000000000000,2025-11-30 09:01:54,2025-11-30 09:01:54
b8f2f7c9-ff28-4381-aa8f-70f1e3f72af5,delivery,draft,DLV-20260314-0813,f7249fa7-fe87-4280-a3d5-355f34d5d7cf,,00000000-0000-0000-0000-000000000000,2025-07-07 09:01:54,2025-07-07 09:01:54
ca879ee0-ac1e-44a7-bb08-eace927df682,adjustment,completed,ADJ-20260314-0408,9c0f0a14-eecb-42a1-be2e-68c18a0b87dd,,00000000-0000-0000-0000-000000000000,2025-03-29 09:01:54,2025-03-29 09:01:54
01e75eb8-0e1b-4100-b8ed-2e52a0df05a0,receipt,completed,RCP-20260314-0821,,a7a57c51-7112-490f-9ce0-647c0c82b34f,00000000-0000-0000-0000-000000000000,2025-12-01 09:01:54,2025-12-01 09:01:54
4d9374b3-d61c-4ddf-9831-37c59a03536e,transfer,completed,TRF-20260314-0674,494175a5-5c35-4cba-ab8e-35ad8cd7b731,9f8c9996-0ef1-4709-84c9-95be06e3e375,00000000-0000-0000-0000-000000000000,2025-07-29 09:01:54,2025-07-29 09:01:54
ac0b8909-3ec5-4dba-90f8-c2c434a57a54,adjustment,completed,ADJ-20260314-0409,1ff58f4f-3c21-4283-9bad-0152b69b6751,,00000000-0000-0000-0000-000000000000,2025-08-24 09:01:54,2025-08-24 09:01:54
8d155bd3-8277-47c8-bb1b-e14525854fe8,delivery,draft,DLV-20260314-0814,a1d02e66-361f-4d35-80aa-a649c9634995,,00000000-0000-0000-0000-000000000000,2025-03-20 09:01:54,2025-03-20 09:01:54
3ea4950f-3d70-4694-88bc-88118742ee66,receipt,draft,RCP-20260314-0822,,083298a0-6a54-432d-90c6-7a16f3a43370,00000000-0000-0000-0000-000000000000,2025-12-22 09:01:54,2025-12-22 09:01:54
ce74ab2f-dcfd-474b-92fd-c5590ad91739,adjustment,draft,ADJ-20260314-0410,b01960a9-9a94-4d60-940c-1a45866708c4,,00000000-0000-0000-0000-000000000000,2025-06-10 09:01:54,2025-06-10 09:01:54
a1240a41-326a-4b44-ad96-32727f58e7a8,receipt,completed,RCP-20260314-0823,,1118d2a3-4250-4719-a708-ad008b20ebfa,00000000-0000-0000-0000-000000000000,2025-03-16 09:01:54,2025-03-16 09:01:54
68b3b837-1f8b-428e-913d-fd00cdca9681,transfer,completed,TRF-20260314-0675,75631800-20c3-49cb-8981-d8b894fbe629,427eddd0-8a88-4c8d-b4d1-4869bc9011c6,00000000-0000-0000-0000-000000000000,2025-11-08 09:01:54,2025-11-08 09:01:54
a5a295c4-a2f4-4cb5-9a42-9be5b32c9550,transfer,draft,TRF-20260314-0676,d4224d6a-e9d5-47e5-aa74-c7fb837d53ac,8e7831a9-bcf0-4fad-9de6-6b21ec225dca,00000000-0000-0000-0000-000000000000,2025-11-07 09:01:54,2025-11-07 09:01:54
9b691dae-ba8e-433a-bc99-87dd518e5194,delivery,completed,DLV-20260314-0815,755eb2ef-7937-4fb0-ba61-b3ee9eae1d26,,00000000-0000-0000-0000-000000000000,2025-11-13 09:01:54,2025-11-13 09:01:54
d037d10e-7e14-429b-aa85-2769d522b170,delivery,completed,DLV-20260314-0816,f44f9c5a-d2f7-4fb6-93bc-8a5e28ccb2dc,,00000000-0000-0000-0000-000000000000,2026-02-01 09:01:54,2026-02-01 09:01:54
d6c14305-1da0-4287-9a65-47a5e42d8b3d,receipt,draft,RCP-20260314-0824,,17a49cf7-3114-4bb6-a841-24df0776fe9c,00000000-0000-0000-0000-000000000000,2025-11-18 09:01:54,2025-11-18 09:01:54
f4ce4994-be4d-479c-af55-d408ae803639,transfer,draft,TRF-20260314-0677,f1b5b5b1-3b02-43c3-86c5-c4055d5f4224,28dea2a1-5995-4e48-893c-b98c33d0115e,00000000-0000-0000-0000-000000000000,2026-02-06 09:01:54,2026-02-06 09:01:54
5f2d86c1-44ac-4af8-b510-b583b65979bb,delivery,draft,DLV-20260314-0817,a3e1472f-ed16-4b0d-a0ae-e31c8b2c0f4d,,00000000-0000-0000-0000-000000000000,2025-12-20 09:01:54,2025-12-20 09:01:54
b554c9a0-1675-4eb0-8db0-09326ff16fa7,receipt,completed,RCP-20260314-0825,,de40e98b-5689-4328-b555-eff60cb5bf01,00000000-0000-0000-0000-000000000000,2025-12-29 09:01:54,2025-12-29 09:01:54
c31b0cb0-b685-41aa-afab-898cf6ae0b0d,transfer,completed,TRF-20260314-0678,0237d97c-b5dc-48b3-a168-79cde400b897,c34438cc-428c-48f5-bbf0-458d97d1b602,00000000-0000-0000-0000-000000000000,2025-05-18 09:01:54,2025-05-18 09:01:54
7084f703-48a2-4d77-9fa7-a1d1b99e9fb8,receipt,draft,RCP-20260314-0826,,8ac3eedb-f6c2-4857-8a71-513411586cfa,00000000-0000-0000-0000-000000000000,2025-04-11 09:01:54,2025-04-11 09:01:54
f0f4bfa4-f266-4f94-89d5-e26d1546dd04,adjustment,completed,ADJ-20260314-0411,714a4687-7858-4f67-91ae-e865a3bb19dd,,00000000-0000-0000-0000-000000000000,2025-11-08 09:01:54,2025-11-08 09:01:54
94bce2bd-d519-44c2-ab6d-ddb7d6d836ed,adjustment,completed,ADJ-20260314-0412,da698dc8-ad6a-4f0a-8f1d-7111d8573b4a,,00000000-0000-0000-0000-000000000000,2025-06-29 09:01:54,2025-06-29 09:01:54
e90e5d04-3c31-4622-8404-5c977294b263,delivery,confirmed,DLV-20260314-0818,6a37356b-8c82-4214-9e5e-13c8aa806838,,00000000-0000-0000-0000-000000000000,2025-06-21 09:01:54,2025-06-21 09:01:54
bfed067f-6e58-4102-b5f0-5078861ba3af,adjustment,draft,ADJ-20260314-0413,729b3c96-b90e-4297-bb87-b4bbee9c2ece,,00000000-0000-0000-0000-000000000000,2025-08-15 09:01:54,2025-08-15 09:01:54
c77056c0-7140-45d1-a41c-7b60bfd52ba9,delivery,completed,DLV-20260314-0819,fd637f53-2e13-41f1-99d6-4a3aa3f22b7e,,00000000-0000-0000-0000-000000000000,2025-10-28 09:01:54,2025-10-28 09:01:54
25c32400-a7e3-46ed-a527-4b8a5f20118f,receipt,completed,RCP-20260314-0827,,3243236e-38ec-4cfc-aabc-cf9f658819eb,00000000-0000-0000-0000-000000000000,2025-08-20 09:01:54,2025-08-20 09:01:54
d6e580d6-58a8-4842-bf1f-473b374ffac1,delivery,completed,DLV-20260314-0820,68287c25-2593-4aec-b81f-b1c926e73e82,,00000000-0000-0000-0000-000000000000,2025-12-07 09:01:54,2025-12-07 09:01:54
3dd04225-934f-4ba9-8281-9295d5d8fc8a,delivery,draft,DLV-20260314-0821,14433d0e-876f-4a0d-aa7d-edbaa6b012fd,,00000000-0000-0000-0000-000000000000,2026-02-08 09:01:54,2026-02-08 09:01:54
d5d8fae6-0709-4829-8118-e3fd62b249ad,delivery,completed,DLV-20260314-0822,bf708389-29b6-4c56-9307-e47b7eb11e8a,,00000000-0000-0000-0000-000000000000,2026-03-13 09:01:54,2026-03-13 09:01:54
35410750-a666-42a8-a7fd-c723731e07c8,receipt,completed,RCP-20260314-0828,,0237d97c-b5dc-48b3-a168-79cde400b897,00000000-0000-0000-0000-000000000000,2026-02-02 09:01:54,2026-02-02 09:01:54
f5497e28-0bfc-412d-8380-f0cd41c3d14b,delivery,completed,DLV-20260314-0823,258f112c-da38-483f-b9ba-fface9423498,,00000000-0000-0000-0000-000000000000,2025-06-02 09:01:54,2025-06-02 09:01:54
2dd35f8e-a727-433b-9b18-71d443309a3f,receipt,draft,RCP-20260314-0829,,f4cd8a83-e554-4850-9da5-fb4f7b400fb1,00000000-0000-0000-0000-000000000000,2025-10-24 09:01:54,2025-10-24 09:01:54
ea97310d-6482-4775-8d21-1e8ccdcbfaac,transfer,completed,TRF-20260314-0679,b4c98260-1b16-4348-a801-88a4aab5d8c3,d95bace8-ebfc-4152-bda3-30b003203e3a,00000000-0000-0000-0000-000000000000,2025-05-07 09:01:54,2025-05-07 09:01:54
8d7ec2aa-a506-4cce-bdf7-9031e9727e8e,receipt,completed,RCP-20260314-0830,,6767b425-4efa-4829-b70e-57fc667d4be1,00000000-0000-0000-0000-000000000000,2025-04-16 09:01:54,2025-04-16 09:01:54
d39515c7-7487-4a8d-b61a-df905f233f95,delivery,completed,DLV-20260314-0824,b8917d8a-c55e-4c4f-8a3d-aa15cd9dfd97,,00000000-0000-0000-0000-000000000000,2025-11-09 09:01:54,2025-11-09 09:01:54
ef396ac0-6c00-4efe-a970-cbf0ed319228,receipt,completed,RCP-20260314-0831,,a4daa24b-04a2-4bb0-be89-5f7d8c72fc8c,00000000-0000-0000-0000-000000000000,2026-03-05 09:01:54,2026-03-05 09:01:54
366e0223-6408-41c3-b86a-2bddd4cb22dd,transfer,draft,TRF-20260314-0680,594abf27-686d-4461-8103-127028b6abde,823830e4-10b8-48ff-916c-756472812ffc,00000000-0000-0000-0000-000000000000,2025-05-01 09:01:54,2025-05-01 09:01:54
570e00fd-c8e6-41e5-a822-6080d1b26f8a,transfer,completed,TRF-20260314-0681,b9528795-90e0-4672-bfa9-7b8234bdf62a,ea8369b6-019f-440b-a459-c40e03de417f,00000000-0000-0000-0000-000000000000,2025-07-28 09:01:54,2025-07-28 09:01:54
a307d94b-8632-4d19-91fb-569f74f879f9,receipt,completed,RCP-20260314-0832,,39e5f700-ecab-41ec-a869-ff3162350eb0,00000000-0000-0000-0000-000000000000,2025-04-18 09:01:54,2025-04-18 09:01:54
43d3ec29-b077-4beb-b29a-ffd478625be9,delivery,draft,DLV-20260314-0825,9b44a3eb-4ddd-4bbd-92e2-6bc9993a4a47,,00000000-0000-0000-0000-000000000000,2025-07-30 09:01:54,2025-07-30 09:01:54
0ded0eda-5c30-43b5-b2b1-ec4c3e18d227,delivery,completed,DLV-20260314-0826,44fd7c8d-c861-43a8-95f3-5d958f9b26c8,,00000000-0000-0000-0000-000000000000,2026-01-07 09:01:54,2026-01-07 09:01:54
7494f841-d5a4-4728-8058-157dab81854d,receipt,confirmed,RCP-20260314-0833,,48da8d94-aabc-4c89-ab67-df16210eb217,00000000-0000-0000-0000-000000000000,2025-10-15 09:01:54,2025-10-15 09:01:54
84fe4013-b3df-41aa-b80a-056f941bd22d,delivery,completed,DLV-20260314-0827,4b291caf-bf14-43cd-aa49-50468a2382a8,,00000000-0000-0000-0000-000000000000,2026-02-08 09:01:54,2026-02-08 09:01:54
738b5460-4943-465d-b53d-24fe53dd53b4,adjustment,completed,ADJ-20260314-0414,3c187170-c580-41ec-b6de-b2a1b94fbba6,,00000000-0000-0000-0000-000000000000,2025-07-09 09:01:54,2025-07-09 09:01:54
e24c3862-a5da-472d-86ce-125ccafca1b5,delivery,completed,DLV-20260314-0828,f313c043-e094-4f3d-b277-01b63b04b76a,,00000000-0000-0000-0000-000000000000,2025-05-28 09:01:54,2025-05-28 09:01:54
dd4f99f1-8647-4afd-985b-3c8a7b0c7c36,delivery,completed,DLV-20260314-0829,7d7ca67f-1e63-45c6-a6fb-6406151d48e7,,00000000-0000-0000-0000-000000000000,2025-10-12 09:01:54,2025-10-12 09:01:54
1ec0ff04-70a4-44ba-b5c1-7bdf3b26fad4,receipt,confirmed,RCP-20260314-0834,,433a47ae-9545-4681-976f-24119faa4855,00000000-0000-0000-0000-000000000000,2025-07-21 09:01:54,2025-07-21 09:01:54
0770aa09-c838-443e-ba66-8124a06fe415,receipt,completed,RCP-20260314-0835,,a3e1472f-ed16-4b0d-a0ae-e31c8b2c0f4d,00000000-0000-0000-0000-000000000000,2025-12-16 09:01:54,2025-12-16 09:01:54
0394bdc8-39a7-4d0f-973e-076f70c1e1f3,delivery,completed,DLV-20260314-0830,a1bbfed6-a6f0-4860-be7c-5aba632884a7,,00000000-0000-0000-0000-000000000000,2025-12-02 09:01:54,2025-12-02 09:01:54
b3d7ae27-fda6-43a1-95a4-c37dc7c2f83d,transfer,draft,TRF-20260314-0682,123ad57d-fcec-4ffa-beb0-9960f0fca1c8,d7b7bcd3-2f2b-4f15-a4ed-ad0c728a0a1b,00000000-0000-0000-0000-000000000000,2025-10-26 09:01:54,2025-10-26 09:01:54
7f765101-9acd-4818-88cc-101aefd290fa,transfer,completed,TRF-20260314-0683,53662f98-4c7e-4e7a-92c8-8dbd29eb900d,c4e56d41-4344-4ec0-b7d8-4e9d1d8e00a6,00000000-0000-0000-0000-000000000000,2025-12-08 09:01:54,2025-12-08 09:01:54
434c6770-93a4-49e3-b51b-ae05370a1206,transfer,completed,TRF-20260314-0684,f2412cd0-f540-4271-bf69-c60f30a547f3,3f3a95ea-1460-400b-89d7-00020948227c,00000000-0000-0000-0000-000000000000,2025-07-14 09:01:54,2025-07-14 09:01:54
e8dc4c18-fa25-470a-b094-f6b721e02920,delivery,draft,DLV-20260314-0831,d989a748-5fb6-4c0f-a588-41997786cf4a,,00000000-0000-0000-0000-000000000000,2025-10-06 09:01:54,2025-10-06 09:01:54
e63bb9af-3099-47f0-905a-26b8fbaaa5ac,receipt,completed,RCP-20260314-0836,,5f47c26a-2ab5-45ca-90cf-0f2cba20ebf8,00000000-0000-0000-0000-000000000000,2025-10-13 09:01:54,2025-10-13 09:01:54
68edbb94-c161-41f9-bb53-beda39dc4180,transfer,completed,TRF-20260314-0685,9a273075-a60a-4243-83c9-e4a55fc0f40e,bc12f800-08f2-41e3-bf37-dc4247e8bf6e,00000000-0000-0000-0000-000000000000,2025-07-27 09:01:54,2025-07-27 09:01:54
b3d02580-8020-4a85-a00d-7c4b68c2a7f6,delivery,completed,DLV-20260314-0832,70c1863f-a126-40a5-bf5f-e23794600bcf,,00000000-0000-0000-0000-000000000000,2025-11-09 09:01:54,2025-11-09 09:01:54
2353297a-63c3-4369-bc8e-97853a38079e,receipt,draft,RCP-20260314-0837,,4e98b753-5dfd-4e95-8c50-6cc61b43258a,00000000-0000-0000-0000-000000000000,2025-12-10 09:01:54,2025-12-10 09:01:54
1fc413ee-bae2-4300-80de-45a1f2dc803c,transfer,completed,TRF-20260314-0686,845d6ca9-9c1f-41ca-b423-904fe3464d65,9042d8d9-7cb1-4b4e-868a-c4b544e28887,00000000-0000-0000-0000-000000000000,2025-12-27 09:01:54,2025-12-27 09:01:54
3c6750c9-c0ce-49bc-9b30-4861587d22d0,delivery,confirmed,DLV-20260314-0833,8699b81e-0a1b-438b-8e35-d3622fac8664,,00000000-0000-0000-0000-000000000000,2025-03-31 09:01:54,2025-03-31 09:01:54
c0f411ed-3c84-47db-b5c7-8166957efee2,transfer,draft,TRF-20260314-0687,4a96e2c2-3dd2-418e-82b4-f2c9e4d3e093,5068d4b6-05b6-4d94-907b-efc376b3777b,00000000-0000-0000-0000-000000000000,2025-07-07 09:01:54,2025-07-07 09:01:54
d95fc132-2af8-4012-a1f0-0715ec65a990,adjustment,draft,ADJ-20260314-0415,34361c66-a6e2-437b-ba90-70e8149e1186,,00000000-0000-0000-0000-000000000000,2025-10-24 09:01:54,2025-10-24 09:01:54
d5f74f0a-c2da-44e5-a99f-be45ea380f3d,transfer,completed,TRF-20260314-0688,6cc884da-200c-4131-9aec-ece6c0657036,221d6e7a-1648-4c6a-82c3-a49ec2288b8b,00000000-0000-0000-0000-000000000000,2025-05-09 09:01:54,2025-05-09 09:01:54
9d90bbaf-c65f-4a98-83a0-d95f4b6c7bcb,receipt,completed,RCP-20260314-0838,,7503d707-caff-42ab-b586-7a240a9aac19,00000000-0000-0000-0000-000000000000,2026-02-10 09:01:54,2026-02-10 09:01:54
c250b38b-b583-4ae7-be84-87453e4639d5,receipt,completed,RCP-20260314-0839,,14433d0e-876f-4a0d-aa7d-edbaa6b012fd,00000000-0000-0000-0000-000000000000,2025-06-20 09:01:54,2025-06-20 09:01:54
5fc0e445-17e6-4982-8a45-d3ff2bb3a259,transfer,completed,TRF-20260314-0689,44ad85f4-ba00-457c-a772-ec989e8cfcad,ca26afde-6388-4254-a121-e9922c8ae430,00000000-0000-0000-0000-000000000000,2026-02-25 09:01:54,2026-02-25 09:01:54
ebcbd4d4-d689-469d-8b10-814a575e68ab,delivery,draft,DLV-20260314-0834,06ac3daa-4b2a-41fd-8137-5323e59455d9,,00000000-0000-0000-0000-000000000000,2025-12-28 09:01:54,2025-12-28 09:01:54
71ae62cb-7cb4-4cb3-8e66-3adb27fad275,delivery,draft,DLV-20260314-0835,c72880ac-c4d0-4bbc-bbd6-ebee3e56f7e0,,00000000-0000-0000-0000-000000000000,2025-11-29 09:01:54,2025-11-29 09:01:54
003ac545-4493-4773-a476-8a9f6fe68c2a,receipt,draft,RCP-20260314-0840,,56f09f11-9433-4ac8-be47-f01806d2f58c,00000000-0000-0000-0000-000000000000,2025-12-25 09:01:54,2025-12-25 09:01:54
7d2623f9-dba4-42fa-903b-053ed8f87013,transfer,completed,TRF-20260314-0690,2480bcc1-3d9c-49b0-bd12-522fb6a7b7d1,49dc7e92-8c90-4446-92bc-0d4583254e3d,00000000-0000-0000-0000-000000000000,2025-10-12 09:01:54,2025-10-12 09:01:54
239c268e-7409-452d-a1f6-15d7cbcc2efd,receipt,draft,RCP-20260314-0841,,382b9cb4-ec47-4cbc-bbff-bc67743e1d1a,00000000-0000-0000-0000-000000000000,2025-03-27 09:01:54,2025-03-27 09:01:54
93410a3d-6eef-4d13-b93f-dad5d9c431b6,receipt,completed,RCP-20260314-0842,,7e221eab-bbb1-438e-8b58-5a8e6935f005,00000000-0000-0000-0000-000000000000,2026-01-23 09:01:54,2026-01-23 09:01:54
13a6fe35-9f23-451d-b369-b5803527fd51,delivery,draft,DLV-20260314-0836,2a5bd146-95b4-46c2-9c83-79101a4cbbb0,,00000000-0000-0000-0000-000000000000,2025-04-02 09:01:54,2025-04-02 09:01:54
c9088569-ee97-4cf8-b7be-28807737455a,delivery,completed,DLV-20260314-0837,d33b0a21-8c0f-43d1-a997-c7a49e44d5d1,,00000000-0000-0000-0000-000000000000,2025-12-15 09:01:54,2025-12-15 09:01:54
0e2fc13c-248c-4696-b4d7-d9d5da483747,transfer,completed,TRF-20260314-0691,ca241e9a-dff2-4f0b-87f5-bdf6e8254e32,ced6599d-689e-465a-b043-9f4b275f1ea7,00000000-0000-0000-0000-000000000000,2025-06-25 09:01:54,2025-06-25 09:01:54
4795eb4c-a346-46fd-ba9a-1b3a33b7afea,adjustment,completed,ADJ-20260314-0416,e19f99c8-f43e-44d2-9eb8-d820d173c3f4,,00000000-0000-0000-0000-000000000000,2026-02-08 09:01:54,2026-02-08 09:01:54
b871dd55-6930-419b-a061-8cc5aaf810d9,delivery,completed,DLV-20260314-0838,7f66f38f-6e3a-42b9-9513-0c53726e55fc,,00000000-0000-0000-0000-000000000000,2025-08-28 09:01:54,2025-08-28 09:01:54
c20880f0-41ad-49fb-9320-702ff2843c3c,delivery,draft,DLV-20260314-0839,7ffdeeda-ff29-4560-a70a-5160685f7895,,00000000-0000-0000-0000-000000000000,2025-04-23 09:01:54,2025-04-23 09:01:54
7c838d66-4b66-4705-a71b-6f947021ddbe,transfer,completed,TRF-20260314-0692,2361d151-494b-4094-ab20-6b0ba692e698,15428255-b4bd-4f5d-b7e5-1b87712afa14,00000000-0000-0000-0000-000000000000,2025-04-23 09:01:54,2025-04-23 09:01:54
7336d58b-9d02-4bc4-9ac7-79ea99a4841a,receipt,completed,RCP-20260314-0843,,d1b30acd-b9ae-475b-b30c-a0ed432926a0,00000000-0000-0000-0000-000000000000,2025-05-15 09:01:54,2025-05-15 09:01:54
f89fa533-9869-4b9b-a61d-2d912c4fc25f,delivery,draft,DLV-20260314-0840,3bdad438-0f00-4b09-8594-1f8f01284841,,00000000-0000-0000-0000-000000000000,2025-03-18 09:01:54,2025-03-18 09:01:54
b4c538f4-4014-4c49-acf6-ba299e0e7b6d,transfer,draft,TRF-20260314-0693,96132d3e-0ef4-407e-adc3-f2222b28b9c1,f6479581-c91a-44d1-a76f-55ca18eb2113,00000000-0000-0000-0000-000000000000,2025-10-09 09:01:54,2025-10-09 09:01:54
7e2ff4f4-ae34-44ab-b13b-22d12e5db9ab,receipt,completed,RCP-20260314-0844,,2717ac2d-e064-40ef-8246-ba4d9c6bd429,00000000-0000-0000-0000-000000000000,2025-09-05 09:01:54,2025-09-05 09:01:54
b01dfbed-7ea7-4337-8d98-1b5b196eec55,receipt,draft,RCP-20260314-0845,,e889394b-67c1-4dee-ba07-785190df3888,00000000-0000-0000-0000-000000000000,2025-09-30 09:01:54,2025-09-30 09:01:54
d86fe5a0-9ce7-4ad6-ad82-341003fa4fe7,delivery,completed,DLV-20260314-0841,21410384-3797-4e3f-a0b7-e2d5f5798759,,00000000-0000-0000-0000-000000000000,2026-01-22 09:01:54,2026-01-22 09:01:54
eb3fcf7d-84e9-43f7-9380-6760df47157e,delivery,draft,DLV-20260314-0842,744c10e6-0ecc-49a2-83ba-5dd9b8d7777a,,00000000-0000-0000-0000-000000000000,2025-06-23 09:01:54,2025-06-23 09:01:54
1ca81d8b-b9ac-488a-9c39-1d8f9ce3d3c7,receipt,completed,RCP-20260314-0846,,1da65ec8-3355-441c-9ec4-53a7eed7ba67,00000000-0000-0000-0000-000000000000,2025-05-09 09:01:54,2025-05-09 09:01:54
a5dc75f9-4405-48fe-810b-bbf402853db6,delivery,completed,DLV-20260314-0843,ee50c07b-8922-4183-b856-e2f8b612c09d,,00000000-0000-0000-0000-000000000000,2025-09-28 09:01:54,2025-09-28 09:01:54
a3fbad8a-57ec-4cac-a1fd-bab3a0e0e235,delivery,completed,DLV-20260314-0844,00c44db9-33b4-45ff-9859-333f293da6f2,,00000000-0000-0000-0000-000000000000,2025-12-02 09:01:54,2025-12-02 09:01:54
955cfb8b-ae89-4d94-bdc8-81b92b997cf3,delivery,confirmed,DLV-20260314-0845,14ba53f2-cce2-4e7e-acc3-590d89aa9a56,,00000000-0000-0000-0000-000000000000,2025-12-11 09:01:54,2025-12-11 09:01:54
eb0d2d6d-d47f-42a6-97f1-f4699e602676,receipt,completed,RCP-20260314-0847,,3973fb1a-f6bf-4c67-b4c4-cb21a6a3193a,00000000-0000-0000-0000-000000000000,2025-12-09 09:01:54,2025-12-09 09:01:54
80e3c371-a00e-4688-9253-b84810088430,delivery,draft,DLV-20260314-0846,8ef8d45d-3e0e-431f-ae5c-eb6767b69242,,00000000-0000-0000-0000-000000000000,2026-02-16 09:01:54,2026-02-16 09:01:54
756766a1-6d2f-4834-a5c2-d13be4a4448a,transfer,completed,TRF-20260314-0694,6b5783c5-7dac-4f71-979f-84dd736ad10e,2e23c6c6-9832-40de-b982-5776007557f6,00000000-0000-0000-0000-000000000000,2026-01-05 09:01:54,2026-01-05 09:01:54
0cc1c57c-5060-43dc-bc7a-b2714353c7d4,delivery,completed,DLV-20260314-0847,74f8e7f4-fa91-474f-a31d-7ad9167d0a49,,00000000-0000-0000-0000-000000000000,2025-12-05 09:01:54,2025-12-05 09:01:54
a98a7dec-5f91-4443-8223-9ba8c45b7edf,adjustment,draft,ADJ-20260314-0417,b7df5a97-87d2-4b6e-a25f-4df18290b665,,00000000-0000-0000-0000-000000000000,2025-10-03 09:01:54,2025-10-03 09:01:54
9917b1e5-ddcf-4dd3-8c3a-c8d8b225c262,adjustment,completed,ADJ-20260314-0418,8ef8d45d-3e0e-431f-ae5c-eb6767b69242,,00000000-0000-0000-0000-000000000000,2025-11-17 09:01:54,2025-11-17 09:01:54
93cb6896-4e57-4710-ab14-e656ed07435b,transfer,completed,TRF-20260314-0695,21cf54a3-f093-4a78-8264-ce5cd957a791,91c8f8f1-6486-4ed8-aba4-a5f0bf35dfbe,00000000-0000-0000-0000-000000000000,2025-04-09 09:01:54,2025-04-09 09:01:54
a3ad98e9-220e-4e7f-894e-34b5a62a9fe2,transfer,draft,TRF-20260314-0696,dae07177-238b-437e-9c6b-82633ceee2c0,8869f492-b017-4c95-8fad-4b65a9ceca6c,00000000-0000-0000-0000-000000000000,2025-05-07 09:01:54,2025-05-07 09:01:54
cf112975-3243-42aa-a24b-3e157cae8d01,receipt,completed,RCP-20260314-0848,,207df1fc-59d0-49bc-9173-81cb2b11f9c6,00000000-0000-0000-0000-000000000000,2025-07-05 09:01:54,2025-07-05 09:01:54
61ca8fbc-15f3-4770-9ad8-cde92cd1727a,transfer,completed,TRF-20260314-0697,c137d4cd-73c7-496b-8c20-1e489ff1d3d1,986b62fc-6d15-42f6-8723-2e85006e0369,00000000-0000-0000-0000-000000000000,2025-04-14 09:01:54,2025-04-14 09:01:54
ac6be0bb-f339-48f5-8c8a-bf4b80cf04c8,transfer,draft,TRF-20260314-0698,b687b495-4e85-4310-a8e6-adc62d5b13b7,cbe636e6-0b75-43dd-9539-0aa57f686da4,00000000-0000-0000-0000-000000000000,2025-08-05 09:01:54,2025-08-05 09:01:54
c44b7c9d-2f00-40d2-9de5-5916e96c9ee3,delivery,completed,DLV-20260314-0848,02e268fe-2d40-4066-b662-fe60ab750267,,00000000-0000-0000-0000-000000000000,2025-11-17 09:01:54,2025-11-17 09:01:54
9ac321bd-2f6a-49ce-a327-5228e751ae2e,adjustment,completed,ADJ-20260314-0419,e1af5d88-a2c6-480a-b1d8-3b6ffafce169,,00000000-0000-0000-0000-000000000000,2025-05-25 09:01:54,2025-05-25 09:01:54
065dcd6c-3463-49b3-bb73-e746f81ee033,receipt,completed,RCP-20260314-0849,,61a50be5-1edf-46cd-a616-6e7a8f50f964,00000000-0000-0000-0000-000000000000,2025-08-31 09:01:54,2025-08-31 09:01:54
2d0b5ec1-3ee2-4d87-92ea-83b20f37ed5b,transfer,draft,TRF-20260314-0699,d3dd6c5a-60b9-4989-b591-421686623024,9dbc0d05-88b2-4b88-ac07-9b9b820f24f0,00000000-0000-0000-0000-000000000000,2025-10-27 09:01:54,2025-10-27 09:01:54
3dd60fe1-a3f3-4f1b-940e-5cf7a0b55eb5,delivery,draft,DLV-20260314-0849,ee336f94-8cb9-4762-8ca4-0db4778c4e5d,,00000000-0000-0000-0000-000000000000,2025-09-18 09:01:54,2025-09-18 09:01:54
74412b61-35b4-4e72-8c27-20dd5549c735,adjustment,draft,ADJ-20260314-0420,4ab1855b-49b2-4547-aceb-8bbed6895186,,00000000-0000-0000-0000-000000000000,2025-05-21 09:01:54,2025-05-21 09:01:54
90126e89-1e44-4a73-89e7-20c961f59905,delivery,completed,DLV-20260314-0850,14433d0e-876f-4a0d-aa7d-edbaa6b012fd,,00000000-0000-0000-0000-000000000000,2025-08-07 09:01:54,2025-08-07 09:01:54
45c8cec4-8ef4-40e3-a121-2560ec6f2580,delivery,completed,DLV-20260314-0851,1da6f8aa-5ed5-4c57-8b1a-d9523006dd64,,00000000-0000-0000-0000-000000000000,2025-07-01 09:01:54,2025-07-01 09:01:54
589363ad-8ddd-4cc2-8a2c-9d5025acc27c,transfer,draft,TRF-20260314-0700,79994da2-eab3-4797-bbae-d65ffbfdb0c6,9b87e478-ba3c-439c-a37a-409511b9f88a,00000000-0000-0000-0000-000000000000,2025-04-22 09:01:54,2025-04-22 09:01:54
1f6aa8df-50f1-4ad3-9e56-e50b82127988,receipt,completed,RCP-20260314-0850,,4c90d43f-034b-4d40-a7de-51968c61f4fc,00000000-0000-0000-0000-000000000000,2025-08-07 09:01:54,2025-08-07 09:01:54
ea64dc64-7b4c-41f9-bfde-433c6459e0ee,receipt,completed,RCP-20260314-0851,,91c8f8f1-6486-4ed8-aba4-a5f0bf35dfbe,00000000-0000-0000-0000-000000000000,2025-12-16 09:01:54,2025-12-16 09:01:54
136f0f1c-5b13-4b23-a7ca-f26e9764e43e,transfer,completed,TRF-20260314-0701,94f41faa-c824-4700-9d89-1d8a555e5d43,05cc0001-5d4b-4973-b588-6edb6ec02093,00000000-0000-0000-0000-000000000000,2025-11-30 09:01:54,2025-11-30 09:01:54
4c26ddcc-b14c-4634-99c7-5dbed64f5db5,transfer,completed,TRF-20260314-0702,9b12ebbc-99d8-4972-b2ce-d2dbbc3667f8,5b58f162-5283-4fa2-a5c2-68a0c5c741d4,00000000-0000-0000-0000-000000000000,2025-06-05 09:01:54,2025-06-05 09:01:54
f8caa388-7069-4214-8d23-3e7170ecd942,receipt,draft,RCP-20260314-0852,,02639958-39d1-4312-a827-5bac70ce9596,00000000-0000-0000-0000-000000000000,2025-06-21 09:01:54,2025-06-21 09:01:54
620d5d27-0fd1-443b-9054-c03f8fa522fd,receipt,draft,RCP-20260314-0853,,809961b2-0ad3-42d4-b7cf-6fac7f06edf9,00000000-0000-0000-0000-000000000000,2025-09-22 09:01:54,2025-09-22 09:01:54
1116c336-e016-411b-9669-2ef8402b5e4b,delivery,completed,DLV-20260314-0852,6a62ec59-5c75-458c-92ab-6c6713e428cb,,00000000-0000-0000-0000-000000000000,2025-10-24 09:01:54,2025-10-24 09:01:54
fbd8d99e-0737-44bd-a7a5-586d2251d295,delivery,completed,DLV-20260314-0853,ca241e9a-dff2-4f0b-87f5-bdf6e8254e32,,00000000-0000-0000-0000-000000000000,2025-12-27 09:01:54,2025-12-27 09:01:54
d88102fd-25f8-46fd-a79b-049b0f7f5be5,adjustment,completed,ADJ-20260314-0421,4cff009b-46e6-48a9-9639-ae236a0e0ab2,,00000000-0000-0000-0000-000000000000,2025-05-10 09:01:54,2025-05-10 09:01:54
d6d45ee2-d26f-4711-a331-9a78cb1aa0e6,adjustment,completed,ADJ-20260314-0422,a60923d3-b42b-4caf-8652-1098915946f8,,00000000-0000-0000-0000-000000000000,2025-06-27 09:01:54,2025-06-27 09:01:54
9a66ff7f-bf2d-4e8d-817e-b174e2cae156,receipt,confirmed,RCP-20260314-0854,,342cd579-6e13-4d5f-b33e-682dde351b91,00000000-0000-0000-0000-000000000000,2026-01-21 09:01:54,2026-01-21 09:01:54
b5675960-43ce-45fb-9af6-e4cc1c81e6a0,delivery,draft,DLV-20260314-0854,ea7397b9-b0ea-478d-8ea6-3f9e7bc09b97,,00000000-0000-0000-0000-000000000000,2025-09-08 09:01:54,2025-09-08 09:01:54
e5e60f7b-f0cb-43f7-80ed-2da891cf5c48,transfer,completed,TRF-20260314-0703,9716231e-9a2e-4827-8c39-2c48c08481ea,228d4147-092e-4e95-9854-04e6682709dc,00000000-0000-0000-0000-000000000000,2025-08-31 09:01:54,2025-08-31 09:01:54
2da85129-4815-45f8-9ace-1cbfdde8b3eb,receipt,completed,RCP-20260314-0855,,5a9717ed-e52c-4ef2-b647-90d979222838,00000000-0000-0000-0000-000000000000,2025-06-16 09:01:54,2025-06-16 09:01:54
35dfbb69-2cc8-4766-8d98-9c7766e506be,transfer,completed,TRF-20260314-0704,e3fe919c-8209-48e4-84b0-33f82d877e8d,e8c1d109-f175-4e82-a70b-bb4aa8329435,00000000-0000-0000-0000-000000000000,2025-08-14 09:01:54,2025-08-14 09:01:54
e100c7a8-e313-4319-a4bc-f8fbda268555,delivery,draft,DLV-20260314-0855,a4c842c0-047d-485e-af8d-821d88c666a9,,00000000-0000-0000-0000-000000000000,2025-06-25 09:01:54,2025-06-25 09:01:54
f88b7a6a-013a-4933-9c86-ce2804a5712d,adjustment,completed,ADJ-20260314-0423,446bd0af-d720-453c-a353-1d45e5fb8399,,00000000-0000-0000-0000-000000000000,2025-04-14 09:01:54,2025-04-14 09:01:54
57e5c993-41a3-405e-8209-1593debff41b,delivery,draft,DLV-20260314-0856,9645f1d8-5114-487a-a5d5-c24d29c19e89,,00000000-0000-0000-0000-000000000000,2025-07-16 09:01:54,2025-07-16 09:01:54
e7a8b54d-da2d-4f3e-ba1f-7ffa0e720665,transfer,confirmed,TRF-20260314-0705,42d1c263-4296-4bab-b37f-79f78c2181e9,cafaa1cd-79e0-43b2-98ff-c6179b36e049,00000000-0000-0000-0000-000000000000,2025-05-11 09:01:54,2025-05-11 09:01:54
794602e0-0c8c-4891-bc68-09c01c8f436d,delivery,completed,DLV-20260314-0857,c400deee-0718-4cbf-a152-ad85ae6ac2b6,,00000000-0000-0000-0000-000000000000,2025-09-12 09:01:54,2025-09-12 09:01:54
f33c47f8-f829-492d-ac30-0e9aed472477,transfer,completed,TRF-20260314-0706,2d00dd28-e019-4a30-89f0-c8227bda604b,bc36e0fd-b839-4151-bf4e-433af7b5fa07,00000000-0000-0000-0000-000000000000,2025-07-19 09:01:54,2025-07-19 09:01:54
be6a76b4-7911-495f-8286-37771749df0d,delivery,draft,DLV-20260314-0858,90673cce-946e-4509-ac54-c4fd1b369b16,,00000000-0000-0000-0000-000000000000,2025-08-29 09:01:54,2025-08-29 09:01:54
e1b5dbab-6972-420e-89c5-903cbe01b4f1,delivery,completed,DLV-20260314-0859,dff73744-042d-424a-b2aa-0fd5ecfbb32a,,00000000-0000-0000-0000-000000000000,2025-04-19 09:01:54,2025-04-19 09:01:54
83362b94-c94f-4115-aa03-58c4e6249adc,delivery,completed,DLV-20260314-0860,37df45d8-5efa-4cde-b272-5158dc0f65b5,,00000000-0000-0000-0000-000000000000,2025-12-11 09:01:54,2025-12-11 09:01:54
d70fb019-2de4-43d5-b6ae-35f8b9aeded1,receipt,completed,RCP-20260314-0856,,67eef323-87ca-4d18-8e13-3fe940710ce7,00000000-0000-0000-0000-000000000000,2025-04-15 09:01:54,2025-04-15 09:01:54
86fd7dfb-e118-4807-8689-90e6afd90bc2,transfer,completed,TRF-20260314-0707,e98da201-1c32-4909-8794-8d08e7a404fb,8719ddf7-6b7b-4042-9b34-7e1fc67129f3,00000000-0000-0000-0000-000000000000,2025-07-13 09:01:54,2025-07-13 09:01:54
57f2e145-51d6-4b3b-870b-605ce2f9a09c,adjustment,completed,ADJ-20260314-0424,aab4f81e-97da-48ff-9383-f4f7676838d3,,00000000-0000-0000-0000-000000000000,2026-02-10 09:01:54,2026-02-10 09:01:54
92fd3806-ce22-4ae5-988c-96bbc065c989,delivery,confirmed,DLV-20260314-0861,8a3d5b10-6665-481a-bec4-7a56b2797ddc,,00000000-0000-0000-0000-000000000000,2025-10-24 09:01:54,2025-10-24 09:01:54
dabdb082-e17e-4e47-aa7f-34b1fa467846,transfer,draft,TRF-20260314-0708,86b9697d-4dbc-45f1-b5ab-feab2c947127,ef582dad-0d99-4166-9472-9cd0feb2fe0a,00000000-0000-0000-0000-000000000000,2025-08-05 09:01:54,2025-08-05 09:01:54
981096b9-6c57-4564-8646-1c581a3b2b97,delivery,draft,DLV-20260314-0862,f771e8ad-eeae-4f5a-8841-a71af755526f,,00000000-0000-0000-0000-000000000000,2025-11-28 09:01:54,2025-11-28 09:01:54
c07c1819-5d8e-4a82-a374-d4087066f311,receipt,draft,RCP-20260314-0857,,250862e5-7b3b-4f93-a6f1-4663cbcec0e9,00000000-0000-0000-0000-000000000000,2026-02-28 09:01:54,2026-02-28 09:01:54
245d6c9d-1c96-4667-8173-59aa2a9646c2,receipt,completed,RCP-20260314-0858,,660614dd-1c0f-4541-be1d-16b095853024,00000000-0000-0000-0000-000000000000,2026-03-10 09:01:54,2026-03-10 09:01:54
bc372dbb-1761-4e81-96c2-a0b2f40ebe6d,delivery,draft,DLV-20260314-0863,9491277c-162a-488b-86d9-1402293b549e,,00000000-0000-0000-0000-000000000000,2025-12-21 09:01:54,2025-12-21 09:01:54
b3bef9a2-0b88-4119-8021-e3cd214caaab,receipt,completed,RCP-20260314-0859,,4fb5d591-a57d-42b9-9164-2782676be2ac,00000000-0000-0000-0000-000000000000,2025-04-09 09:01:54,2025-04-09 09:01:54
4179bdcb-542e-401d-b919-d3f065ebab00,transfer,draft,TRF-20260314-0709,d1061d3b-f043-493c-b04a-66e0764acd7c,e56cbc3c-83c6-4f83-9ffe-5a768047c557,00000000-0000-0000-0000-000000000000,2026-03-03 09:01:54,2026-03-03 09:01:54
d9b1d1f1-69f5-4aa1-b189-00d4abf537b0,adjustment,completed,ADJ-20260314-0425,12685485-3034-49d1-83c8-ead381e68bb5,,00000000-0000-0000-0000-000000000000,2025-12-23 09:01:54,2025-12-23 09:01:54
6fafd664-44d2-4482-9492-b619a355dbce,delivery,confirmed,DLV-20260314-0864,0d4b8862-4e30-452c-966c-8c2aa4bf3503,,00000000-0000-0000-0000-000000000000,2025-11-26 09:01:54,2025-11-26 09:01:54
e0b923cb-8cdb-4c49-804c-7933859bff93,delivery,completed,DLV-20260314-0865,f4e82d74-1675-4d7f-ae28-23ad68f92f2c,,00000000-0000-0000-0000-000000000000,2025-08-25 09:01:54,2025-08-25 09:01:54
4a7d58ee-f6f0-4797-a353-2310bfef272d,receipt,completed,RCP-20260314-0860,,22bf7aa5-62bf-4989-b8f9-2ea9d2ae75a9,00000000-0000-0000-0000-000000000000,2025-12-02 09:01:54,2025-12-02 09:01:54
776b890d-250c-40bd-b459-3afca04c5a42,delivery,confirmed,DLV-20260314-0866,8250231f-c2c1-49de-b281-881273ed81b8,,00000000-0000-0000-0000-000000000000,2025-12-03 09:01:54,2025-12-03 09:01:54
8b61cb3f-6c4d-4218-8c42-6749f990536d,transfer,draft,TRF-20260314-0710,74df8347-c721-468c-9183-0c3a26f9e31d,d1c9ee60-984d-4cb1-9ca5-721e6dc43b95,00000000-0000-0000-0000-000000000000,2025-11-02 09:01:54,2025-11-02 09:01:54
d8fc9993-2564-4855-a591-aaa7ffe0f9c3,delivery,confirmed,DLV-20260314-0867,ae75fd9e-f242-446f-8074-22af5baa0362,,00000000-0000-0000-0000-000000000000,2026-01-02 09:01:54,2026-01-02 09:01:54
aac37bd5-09df-4731-8762-b80160387794,delivery,completed,DLV-20260314-0868,191b2074-5ff7-48b8-b82f-5c3bd4580814,,00000000-0000-0000-0000-000000000000,2025-12-03 09:01:54,2025-12-03 09:01:54
733763a0-4d55-4b4e-9469-b0b21de26f69,transfer,confirmed,TRF-20260314-0711,6eb07391-cb1a-4dc0-879b-2b4877988e42,2d92562f-9abc-4a4e-a901-6c7e2b9efc61,00000000-0000-0000-0000-000000000000,2025-10-01 09:01:54,2025-10-01 09:01:54
21aa57b6-f103-4176-99ec-a535e3c32ffa,transfer,completed,TRF-20260314-0712,caac34d8-5ae7-4d71-b389-b59cee01dedb,f94ed242-a824-42f8-ba0e-eb63c1bbf5a4,00000000-0000-0000-0000-000000000000,2025-05-30 09:01:54,2025-05-30 09:01:54
096384c3-b455-4d86-b15d-d60c798181d4,adjustment,confirmed,ADJ-20260314-0426,4a5f2543-f361-41dc-b76c-dea1f11eb380,,00000000-0000-0000-0000-000000000000,2025-04-14 09:01:54,2025-04-14 09:01:54
3b3503f1-ace2-4cca-9098-da2658c9c249,transfer,completed,TRF-20260314-0713,90b35d60-c247-4350-bdc0-38bbc251b1b3,94884e5f-601d-480f-b705-af8065a09933,00000000-0000-0000-0000-000000000000,2026-03-07 09:01:54,2026-03-07 09:01:54
689c21ef-113b-48a4-9594-eec2a5a4f0b3,delivery,completed,DLV-20260314-0869,5ea4bf66-8f82-4daf-a131-f1a5acd28429,,00000000-0000-0000-0000-000000000000,2025-11-22 09:01:54,2025-11-22 09:01:54
35d26a8f-a173-4caf-8ab5-81bc6d66b0b2,receipt,confirmed,RCP-20260314-0861,,e8b96dcf-06e7-4c7e-bce0-40f548e83200,00000000-0000-0000-0000-000000000000,2025-08-04 09:01:54,2025-08-04 09:01:54
cfde3edf-01ee-4eed-9b1c-8637e777b406,receipt,confirmed,RCP-20260314-0862,,5b216151-df23-4235-9a58-df3fffeb2299,00000000-0000-0000-0000-000000000000,2025-12-13 09:01:54,2025-12-13 09:01:54
11d2b6e3-93c3-4f54-9fd4-9f64b273d824,receipt,completed,RCP-20260314-0863,,d6dad22e-e52f-416a-b250-3d69d3f6de1b,00000000-0000-0000-0000-000000000000,2025-10-23 09:01:54,2025-10-23 09:01:54
f8b9326b-8df9-4186-87cd-cf46e8ae9994,adjustment,draft,ADJ-20260314-0427,a4ae68a1-b049-43c3-b405-6b4cd8a6b1a1,,00000000-0000-0000-0000-000000000000,2026-02-28 09:01:54,2026-02-28 09:01:54
e0eae50c-b07f-4fec-8f4a-9c9c076fcfb3,delivery,completed,DLV-20260314-0870,b4a2e21d-2f27-47c7-94b4-26ffa99337ff,,00000000-0000-0000-0000-000000000000,2025-08-25 09:01:54,2025-08-25 09:01:54
525f52ea-f6be-4e42-8972-a51de84c1558,receipt,draft,RCP-20260314-0864,,d2d1320b-8f16-4660-bd07-46d27f620476,00000000-0000-0000-0000-000000000000,2026-03-06 09:01:54,2026-03-06 09:01:54
ad88448b-1f23-4235-b62c-d4bb14f108a9,transfer,draft,TRF-20260314-0714,11d30886-8fed-420e-b643-9b3d5e60c302,9632287c-68ca-43f2-824e-5cb0d4c39087,00000000-0000-0000-0000-000000000000,2025-10-03 09:01:54,2025-10-03 09:01:54
c77abb19-383f-4224-9f49-34d16e40ea3b,delivery,draft,DLV-20260314-0871,039372c1-1ec6-41b6-bd09-aa46d083d5e3,,00000000-0000-0000-0000-000000000000,2025-06-15 09:01:54,2025-06-15 09:01:54
ac53779e-56d5-44c3-bba4-7e448c279b4b,receipt,completed,RCP-20260314-0865,,eec56ab9-98c6-4528-8f65-cdd88c2fb168,00000000-0000-0000-0000-000000000000,2025-10-29 09:01:54,2025-10-29 09:01:54
77c5be1e-0cba-43d8-9656-64fc81b0552d,delivery,draft,DLV-20260314-0872,a650a77a-55b1-469d-ac0e-138a61d51333,,00000000-0000-0000-0000-000000000000,2025-08-30 09:01:54,2025-08-30 09:01:54
eaf45a51-9f7e-452f-b2e1-f276d63d2c76,adjustment,draft,ADJ-20260314-0428,b8cb1d7f-b42d-4702-a7be-77db10605106,,00000000-0000-0000-0000-000000000000,2025-05-03 09:01:54,2025-05-03 09:01:54
e13636e8-bef5-4cbb-8b34-dc944ffb05e8,transfer,completed,TRF-20260314-0715,2dfc4bb8-8b72-4cff-8d65-1cd749783cbe,b16d9497-2ac9-48a9-b7ef-ebdb5017a41d,00000000-0000-0000-0000-000000000000,2025-09-04 09:01:54,2025-09-04 09:01:54
8cc21021-ac89-469c-8b38-b631ceaa7858,delivery,draft,DLV-20260314-0873,73841500-1188-42ff-8dc2-428740631330,,00000000-0000-0000-0000-000000000000,2025-09-13 09:01:54,2025-09-13 09:01:54
e657b777-229d-49d5-9528-73ffdcf05d97,receipt,draft,RCP-20260314-0866,,1c8f2606-3de0-4ae5-be15-7bacb472a400,00000000-0000-0000-0000-000000000000,2025-06-11 09:01:54,2025-06-11 09:01:54
b282b2e5-5858-4d10-b483-1ac580066fe6,adjustment,draft,ADJ-20260314-0429,2a78e708-44bd-4c6f-bb79-a613f28466fc,,00000000-0000-0000-0000-000000000000,2025-10-07 09:01:54,2025-10-07 09:01:54
3898ca05-03ea-425a-82f2-574caab49255,transfer,completed,TRF-20260314-0716,06ac3daa-4b2a-41fd-8137-5323e59455d9,f5072cbd-9aed-4e08-854b-4ac67371e124,00000000-0000-0000-0000-000000000000,2026-02-26 09:01:54,2026-02-26 09:01:54
0c06ae4c-9021-4d4c-98b2-f37c1a36f22a,adjustment,confirmed,ADJ-20260314-0430,d894ee74-7280-4936-9987-1054e4158780,,00000000-0000-0000-0000-000000000000,2025-10-01 09:01:54,2025-10-01 09:01:54
b60a1d1d-bf78-48aa-a596-ce62f8f9440d,delivery,completed,DLV-20260314-0874,58b510ca-de2d-41aa-b160-db6844327c0d,,00000000-0000-0000-0000-000000000000,2025-04-29 09:01:54,2025-04-29 09:01:54
38a67314-212d-4bce-96bf-01611c9baf7c,delivery,completed,DLV-20260314-0875,f075f3f9-86ec-4133-a5d2-b1b662c7d467,,00000000-0000-0000-0000-000000000000,2026-02-06 09:01:54,2026-02-06 09:01:54
6b09e280-3faf-43e0-9823-f340f22b9ec0,receipt,draft,RCP-20260314-0867,,942495fc-b900-430a-b688-03e61f4a77e4,00000000-0000-0000-0000-000000000000,2025-07-09 09:01:54,2025-07-09 09:01:54
bac8a316-fba0-4fa6-9ade-9cf02398e5ac,adjustment,completed,ADJ-20260314-0431,5a34d86f-487f-4364-a7f0-bb9785f72e38,,00000000-0000-0000-0000-000000000000,2025-06-06 09:01:54,2025-06-06 09:01:54
61806f69-ea12-44eb-8c83-a3e5a256abc8,delivery,completed,DLV-20260314-0876,bb2172bc-3046-4fb8-bed5-ab3b16f795ec,,00000000-0000-0000-0000-000000000000,2025-07-17 09:01:54,2025-07-17 09:01:54
0536262d-a088-4bbf-9e58-685ecca7a1b3,delivery,completed,DLV-20260314-0877,3f9486db-5b78-4feb-97ef-5fdba0479cac,,00000000-0000-0000-0000-000000000000,2025-08-16 09:01:54,2025-08-16 09:01:54
8dfa254e-e43f-4e5a-9753-78c8a82c3e34,receipt,completed,RCP-20260314-0868,,4f78cba0-9ec5-4a8c-b787-0fefdd23e6c5,00000000-0000-0000-0000-000000000000,2025-12-15 09:01:54,2025-12-15 09:01:54
eff7109a-b7d4-481d-805c-7c7f74db15ed,transfer,confirmed,TRF-20260314-0717,205e7a20-a054-4373-be32-72a2541403c2,060d20de-c88e-45be-b405-a637d91b393a,00000000-0000-0000-0000-000000000000,2025-12-17 09:01:54,2025-12-17 09:01:54
c7366a97-d0f0-4e6c-883d-f343f5cc58ff,adjustment,completed,ADJ-20260314-0432,78cae416-65ac-4b42-b12e-705933b546f9,,00000000-0000-0000-0000-000000000000,2025-12-03 09:01:54,2025-12-03 09:01:54
55ac5464-3cb4-4f08-b1df-adfabfa26a06,delivery,confirmed,DLV-20260314-0878,bfcc5730-0ab2-4650-9cfa-d1369cefacb3,,00000000-0000-0000-0000-000000000000,2025-06-30 09:01:54,2025-06-30 09:01:54
04648d44-c5bf-49c3-8c59-f6fb6b541a10,receipt,completed,RCP-20260314-0869,,25a39020-e51f-462b-9e92-7c1ff2286b36,00000000-0000-0000-0000-000000000000,2025-11-18 09:01:54,2025-11-18 09:01:54
319a4a4e-127b-4b9c-a62e-393c47e2d6a7,adjustment,completed,ADJ-20260314-0433,86d94d9a-f6c1-48d6-8f64-0de525877861,,00000000-0000-0000-0000-000000000000,2025-04-13 09:01:54,2025-04-13 09:01:54
f9c4487c-172b-4e1e-aced-7cf4e0cd0f86,adjustment,draft,ADJ-20260314-0434,dbdc7638-bb0a-45c2-97b4-487e42401a35,,00000000-0000-0000-0000-000000000000,2026-01-26 09:01:54,2026-01-26 09:01:54
02d61f5d-d6cb-4f1b-a746-d49ed471c896,transfer,completed,TRF-20260314-0718,e61d7f73-912e-4c7f-b3dd-90eeecdcb393,5670e8ac-8118-4c34-9e96-e6cdb4f40b26,00000000-0000-0000-0000-000000000000,2025-08-01 09:01:54,2025-08-01 09:01:54
5d675ad8-19bd-4f3e-95bb-5d59528fffb6,adjustment,completed,ADJ-20260314-0435,ab29a54f-7157-4778-995c-ef59b59e3506,,00000000-0000-0000-0000-000000000000,2025-07-24 09:01:54,2025-07-24 09:01:54
672c5160-2a10-4a91-8fea-2fab80c9ce81,receipt,draft,RCP-20260314-0870,,b0f3e9ba-5764-44fa-9442-bbbd101371a2,00000000-0000-0000-0000-000000000000,2025-09-20 09:01:54,2025-09-20 09:01:54
b2951373-7036-43c0-9fa7-5b6e0ac6cacd,delivery,draft,DLV-20260314-0879,f1ab1c4b-62a1-4daa-83dd-191707cb8b9c,,00000000-0000-0000-0000-000000000000,2025-06-16 09:01:54,2025-06-16 09:01:54
6681d4ec-a780-4d91-8e3e-fe4852fc311b,delivery,completed,DLV-20260314-0880,6527881e-3072-485c-b47f-6c786291f6f1,,00000000-0000-0000-0000-000000000000,2025-10-03 09:01:54,2025-10-03 09:01:54
43045f65-514b-4491-8048-5a2303516bff,delivery,completed,DLV-20260314-0881,02a4a408-30c0-4617-b821-5e8a2bf3c3b1,,00000000-0000-0000-0000-000000000000,2025-03-14 09:01:54,2025-03-14 09:01:54
8b5543d9-c071-4d76-b1f6-ba4c9418ae92,delivery,completed,DLV-20260314-0882,1b2fad82-4bc2-4bab-96b6-c5a8c9664769,,00000000-0000-0000-0000-000000000000,2026-02-01 09:01:54,2026-02-01 09:01:54
6f0306b2-204b-4c2a-9a07-5e0461696f16,adjustment,completed,ADJ-20260314-0436,31689662-9f49-418b-9d6f-e7b77a45c80a,,00000000-0000-0000-0000-000000000000,2025-11-04 09:01:54,2025-11-04 09:01:54
c46ff0f5-7dbd-4519-b124-88493819340a,delivery,completed,DLV-20260314-0883,773cfc3d-275c-4b68-a598-b7d3a3459e6f,,00000000-0000-0000-0000-000000000000,2025-05-13 09:01:54,2025-05-13 09:01:54
f3da5c30-86c0-4c9f-bbe4-c0ee421801ab,transfer,completed,TRF-20260314-0719,408b8f75-dcc6-4900-a52a-649e54d9ad48,67b6861c-f187-47b6-bd49-31d57db80e58,00000000-0000-0000-0000-000000000000,2025-03-18 09:01:54,2025-03-18 09:01:54
dc131b7c-afdb-414d-8aa4-74450544ed33,adjustment,draft,ADJ-20260314-0437,1ba07f36-8a24-4b93-a16a-f25a407c1890,,00000000-0000-0000-0000-000000000000,2025-05-25 09:01:54,2025-05-25 09:01:54
a935a35e-f845-4b64-9b83-910a921b817e,receipt,completed,RCP-20260314-0871,,e6493e1d-06da-4fea-a05a-98d8fb4d27dd,00000000-0000-0000-0000-000000000000,2025-09-01 09:01:54,2025-09-01 09:01:54
c6e1d1d2-111f-436f-83d4-17690249129e,adjustment,completed,ADJ-20260314-0438,46a8d8b4-de30-4e77-bddd-8e58c3fa81b2,,00000000-0000-0000-0000-000000000000,2025-04-25 09:01:54,2025-04-25 09:01:54
62720b2e-7b2e-476e-8047-943123ebe56d,adjustment,completed,ADJ-20260314-0439,0ae256a0-71f2-4b5d-af63-a49063bc5e48,,00000000-0000-0000-0000-000000000000,2025-06-30 09:01:54,2025-06-30 09:01:54
5c219f2f-8343-4e66-87fe-09d22e835e5c,adjustment,draft,ADJ-20260314-0440,235b8943-d1ee-4edd-98b3-5a5b8be4b184,,00000000-0000-0000-0000-000000000000,2025-05-13 09:01:54,2025-05-13 09:01:54
bf8d0e73-191a-4503-9059-84cc86ef16c5,receipt,completed,RCP-20260314-0872,,7b42336c-15a5-4499-83f1-9995402553a0,00000000-0000-0000-0000-000000000000,2025-09-18 09:01:54,2025-09-18 09:01:54
a6ef44cd-35e5-42a7-b64d-dd1738b31dd0,delivery,draft,DLV-20260314-0884,1d61d65e-296e-4467-989d-9f20bfef560e,,00000000-0000-0000-0000-000000000000,2025-04-03 09:01:54,2025-04-03 09:01:54
b13d1fcc-d3e0-4a2c-b5bd-c54a292da36b,delivery,completed,DLV-20260314-0885,fc76839c-8091-4cd9-a0b9-672d651c85c9,,00000000-0000-0000-0000-000000000000,2025-07-16 09:01:54,2025-07-16 09:01:54
634443a5-c4ee-47e0-8718-41e611eaca31,transfer,completed,TRF-20260314-0720,53662f98-4c7e-4e7a-92c8-8dbd29eb900d,f06d3628-5eef-4f31-bbd4-3b3e94e8f832,00000000-0000-0000-0000-000000000000,2025-12-19 09:01:54,2025-12-19 09:01:54
1c9c9cdd-3623-48fd-858a-5ccd5cbd4689,transfer,confirmed,TRF-20260314-0721,1f71c16b-495f-435c-b879-cd4ed285258c,56f249f9-3bed-4e3b-a972-91ebd15278d8,00000000-0000-0000-0000-000000000000,2025-05-02 09:01:54,2025-05-02 09:01:54
e8da7cfb-c226-406a-bd77-d396267a97c7,transfer,draft,TRF-20260314-0722,3cbc62bf-06fd-4add-b80f-b4119d69db54,3f9486db-5b78-4feb-97ef-5fdba0479cac,00000000-0000-0000-0000-000000000000,2026-02-11 09:01:54,2026-02-11 09:01:54
80bf965b-ec74-4754-a799-1463474aff8e,delivery,draft,DLV-20260314-0886,d9f79000-cad5-4ad1-8712-d33d95ee1a84,,00000000-0000-0000-0000-000000000000,2025-10-16 09:01:54,2025-10-16 09:01:54
b3ca87c6-2692-4182-a2eb-0924dfeb70ef,transfer,completed,TRF-20260314-0723,f4173958-81d3-4347-a7b0-a8b0310bb6a1,a2dd3cde-d8d3-4963-ab21-953d5897a54f,00000000-0000-0000-0000-000000000000,2026-02-19 09:01:54,2026-02-19 09:01:54
2871cdc2-a1d9-4a6d-aa0f-198299a516ff,adjustment,confirmed,ADJ-20260314-0441,21081f1e-5e4e-48bc-9d13-d9e876d043fa,,00000000-0000-0000-0000-000000000000,2025-05-22 09:01:54,2025-05-22 09:01:54
7c279d80-fbfa-4ab0-9148-1528739ac5fe,delivery,draft,DLV-20260314-0887,bde5ac4e-53e8-4651-88e6-ef1b0166a0b0,,00000000-0000-0000-0000-000000000000,2025-10-31 09:01:54,2025-10-31 09:01:54
3a9ffac1-c497-451c-ba2d-8881cb6d580b,adjustment,draft,ADJ-20260314-0442,66505021-4223-4d33-88eb-49aac894ea50,,00000000-0000-0000-0000-000000000000,2025-04-08 09:01:54,2025-04-08 09:01:54
d8d7aea7-a9d9-4f36-ac9a-ae9710213d43,receipt,completed,RCP-20260314-0873,,643dbc1b-a7f8-438c-8498-81d2545a9929,00000000-0000-0000-0000-000000000000,2025-11-20 09:01:54,2025-11-20 09:01:54
ef642bde-fd23-4ea9-94d4-53373c423c9c,delivery,draft,DLV-20260314-0888,dbac7d67-f82e-451f-80e4-973751ed95f5,,00000000-0000-0000-0000-000000000000,2025-03-30 09:01:54,2025-03-30 09:01:54
97c60946-6e78-4b36-8758-59acc0e67941,delivery,completed,DLV-20260314-0889,07e0f610-40d7-4bbe-bfd3-2ac02b81b7d5,,00000000-0000-0000-0000-000000000000,2025-11-10 09:01:54,2025-11-10 09:01:54
3dc4a1a8-ba3a-4583-9bc4-adbbd5df467e,delivery,completed,DLV-20260314-0890,959063ba-b9ce-448f-90c2-704ff76ea01c,,00000000-0000-0000-0000-000000000000,2025-12-30 09:01:54,2025-12-30 09:01:54
feaa9389-09bd-46f2-9ff4-1a2b755795d3,receipt,completed,RCP-20260314-0874,,35e78239-e90d-426a-9ded-d5bf7117cfeb,00000000-0000-0000-0000-000000000000,2025-08-02 09:01:54,2025-08-02 09:01:54
bcb89ef5-8230-4b52-9610-315476da8f94,delivery,draft,DLV-20260314-0891,dba70a8a-e9a5-434f-b4b8-f4f8895ed789,,00000000-0000-0000-0000-000000000000,2025-04-18 09:01:54,2025-04-18 09:01:54
d48096ee-5e18-4f12-b167-b44f81de311e,receipt,completed,RCP-20260314-0875,,de2f4bdb-452c-489b-8ebf-1004e638057d,00000000-0000-0000-0000-000000000000,2026-02-28 09:01:54,2026-02-28 09:01:54
bea71800-81a7-49a4-99ad-3cc8afd4ff29,receipt,confirmed,RCP-20260314-0876,,cdd2997f-85ee-4347-a187-1a7c1982f40a,00000000-0000-0000-0000-000000000000,2026-01-31 09:01:54,2026-01-31 09:01:54
9829d72e-3558-45f5-aa96-a889c85257ef,delivery,completed,DLV-20260314-0892,f1a19474-61ba-45f9-94a5-2917f2a0a3b7,,00000000-0000-0000-0000-000000000000,2025-03-21 09:01:54,2025-03-21 09:01:54
5eda4046-feda-4f35-bd77-ebb12877d1e4,transfer,completed,TRF-20260314-0724,22b6d543-d735-42b1-abc7-04cce4436436,f7892305-4c1b-4733-aac6-30b2c16998c3,00000000-0000-0000-0000-000000000000,2026-02-03 09:01:54,2026-02-03 09:01:54
988fda81-7873-4a50-bea9-5a6fbf2096fd,delivery,completed,DLV-20260314-0893,0376ff0e-07bc-4806-a0e5-8cf011e3d98e,,00000000-0000-0000-0000-000000000000,2025-05-22 09:01:54,2025-05-22 09:01:54
ab098bc3-5527-4059-b922-566bafb22f10,transfer,completed,TRF-20260314-0725,2ea378e8-6800-4f22-9456-efafde8650d9,51d2718e-8753-44a5-bc7c-9174d24925df,00000000-0000-0000-0000-000000000000,2025-11-11 09:01:54,2025-11-11 09:01:54
63b67bba-7087-459f-b534-12098ba4b1c2,delivery,completed,DLV-20260314-0894,07c74d58-12c9-4c8e-8f29-69178515b4b8,,00000000-0000-0000-0000-000000000000,2025-03-29 09:01:54,2025-03-29 09:01:54
3ca85582-2d52-4408-bf58-840d52b4171d,receipt,draft,RCP-20260314-0877,,29292c5c-5c99-4a48-a602-7698c2ae12a9,00000000-0000-0000-0000-000000000000,2025-06-06 09:01:54,2025-06-06 09:01:54
f2bb0aa3-dbb1-4b03-9dae-ac152d059669,transfer,draft,TRF-20260314-0726,fb3e6087-27db-4a92-b36b-38e975540ae2,2f60bee6-b0f2-47ea-a0f7-bf9d031874f8,00000000-0000-0000-0000-000000000000,2025-07-25 09:01:54,2025-07-25 09:01:54
42d118cf-90f2-4ae2-989b-3aee38f22a91,transfer,draft,TRF-20260314-0727,107a72c0-279b-4935-ba65-413865317ab4,3157791c-47de-4f53-8860-124c06dca909,00000000-0000-0000-0000-000000000000,2026-01-02 09:01:54,2026-01-02 09:01:54
b8c39f84-bc82-4593-a4df-8c217ffdef76,delivery,completed,DLV-20260314-0895,bb101ef1-2150-4698-ae00-913dfa8ce9cb,,00000000-0000-0000-0000-000000000000,2026-03-06 09:01:54,2026-03-06 09:01:54
d9c631a6-7005-47c0-a4e6-2983d917c6c9,receipt,draft,RCP-20260314-0878,,2ff452c4-a8aa-4927-bd59-1dd267466a29,00000000-0000-0000-0000-000000000000,2025-06-06 09:01:54,2025-06-06 09:01:54
81213671-4f32-4b8d-9004-1280a381bc13,transfer,draft,TRF-20260314-0728,bab0c490-fba4-4dbc-be1e-e3bb2b54a9df,a8135514-3ff4-4590-bc43-3d15685d3de7,00000000-0000-0000-0000-000000000000,2025-05-09 09:01:54,2025-05-09 09:01:54
958af83d-ce54-4844-b907-eb177f69fa39,receipt,completed,RCP-20260314-0879,,49dc7e92-8c90-4446-92bc-0d4583254e3d,00000000-0000-0000-0000-000000000000,2026-03-03 09:01:54,2026-03-03 09:01:54
736729b3-5a06-4a56-ab64-c8a74fcde41f,transfer,completed,TRF-20260314-0729,ff8f1cfe-6fde-48dc-8830-3e58d2321771,e2ef5b2e-51e8-49a9-988c-0eb02b89b7fc,00000000-0000-0000-0000-000000000000,2025-12-10 09:01:54,2025-12-10 09:01:54
40347fbd-bb1a-4605-8e4f-4efa20728376,receipt,completed,RCP-20260314-0880,,d075e78a-37f3-4fb4-afe3-75c124a8ddb3,00000000-0000-0000-0000-000000000000,2026-01-27 09:01:54,2026-01-27 09:01:54
5d9f094a-fe89-4480-ae6c-b66ac64c5bab,delivery,completed,DLV-20260314-0896,12cbd5dd-8c8f-4151-b403-a03492212759,,00000000-0000-0000-0000-000000000000,2026-03-05 09:01:54,2026-03-05 09:01:54
16fa7035-6234-42c9-8bf0-389f51dc0518,receipt,completed,RCP-20260314-0881,,46392c4c-bce5-4e5b-9893-600c2bb5f143,00000000-0000-0000-0000-000000000000,2025-05-27 09:01:54,2025-05-27 09:01:54
727ae016-de4f-4268-bea1-5b83ebd6f6e4,receipt,confirmed,RCP-20260314-0882,,eebf4b4d-461b-468e-9d99-3f2850c31169,00000000-0000-0000-0000-000000000000,2025-07-30 09:01:54,2025-07-30 09:01:54
3942a6ce-23a7-4632-ae74-91eff393c8c2,delivery,draft,DLV-20260314-0897,c2b5e07b-ecc6-44b2-b306-c914625c81f4,,00000000-0000-0000-0000-000000000000,2025-08-05 09:01:54,2025-08-05 09:01:54
ad4d6728-5a7d-45f3-8742-5ba66a770fae,delivery,completed,DLV-20260314-0898,f9ce56ad-71c4-497b-ad3d-4e3c72b20068,,00000000-0000-0000-0000-000000000000,2025-05-11 09:01:54,2025-05-11 09:01:54
7690362e-1e65-4ac3-9f2d-3ab7ad525da5,receipt,completed,RCP-20260314-0883,,09b75712-ded6-4ca9-ac9a-b1ff0c0d36bc,00000000-0000-0000-0000-000000000000,2025-11-06 09:01:54,2025-11-06 09:01:54
93718a2d-8b4f-409e-ac71-93c76ab5870e,receipt,draft,RCP-20260314-0884,,aa9a7b4f-c2b8-49b9-a636-47773e8ed3e4,00000000-0000-0000-0000-000000000000,2025-10-24 09:01:54,2025-10-24 09:01:54
acf951ff-f64a-4ebd-b9ad-10d1faeafa91,receipt,completed,RCP-20260314-0885,,494175a5-5c35-4cba-ab8e-35ad8cd7b731,00000000-0000-0000-0000-000000000000,2025-08-05 09:01:54,2025-08-05 09:01:54
f1494a70-8bb9-44b8-9576-3fde7277c1f2,adjustment,completed,ADJ-20260314-0443,559dddfb-ce70-4a94-be84-436ec3b8f607,,00000000-0000-0000-0000-000000000000,2025-11-14 09:01:54,2025-11-14 09:01:54
6c95cd1a-0662-431f-9ed1-90eb648e0dc3,receipt,draft,RCP-20260314-0886,,e0aacbce-29a3-4c09-94f3-6931d3ec9a41,00000000-0000-0000-0000-000000000000,2026-01-07 09:01:54,2026-01-07 09:01:54
59c7ef87-9b7c-4438-be8c-dc2d0c87bc9e,receipt,completed,RCP-20260314-0887,,9736678f-5264-463f-a602-159b2372b26b,00000000-0000-0000-0000-000000000000,2026-01-31 09:01:54,2026-01-31 09:01:54
1cdb02c2-cafb-4e3a-b029-39ae25f731b8,adjustment,draft,ADJ-20260314-0444,d1061d3b-f043-493c-b04a-66e0764acd7c,,00000000-0000-0000-0000-000000000000,2025-06-22 09:01:54,2025-06-22 09:01:54
e5cc3d67-0a52-4fd7-b86c-49120cc05714,transfer,completed,TRF-20260314-0730,32105135-0777-44c7-9cf2-e544d3e61cfc,5bf9dc3f-6c4d-4ebb-b7c3-1132211ba949,00000000-0000-0000-0000-000000000000,2025-04-25 09:01:54,2025-04-25 09:01:54
d14b0daf-7acd-4e71-a029-e6776f37b4e7,delivery,completed,DLV-20260314-0899,ccb174f5-b98b-4aea-8df7-a8cf72f0e9ff,,00000000-0000-0000-0000-000000000000,2025-08-26 09:01:54,2025-08-26 09:01:54
8fc21498-f74a-41de-b56b-a0bb7a143f55,delivery,completed,DLV-20260314-0900,5cc6a0f4-960d-48ef-b180-f1ef697991b2,,00000000-0000-0000-0000-000000000000,2025-10-11 09:01:54,2025-10-11 09:01:54
cd9d1acb-2e35-4593-bfaf-00d773faedb6,delivery,completed,DLV-20260314-0901,37b0afd6-bcd8-46a3-948b-c07bd414fb7f,,00000000-0000-0000-0000-000000000000,2026-02-16 09:01:54,2026-02-16 09:01:54
c6250684-edee-4a83-953d-60b43e0b77a9,receipt,completed,RCP-20260314-0888,,0658c5eb-83f9-4a97-97d1-d028bb3c552a,00000000-0000-0000-0000-000000000000,2025-09-14 09:01:54,2025-09-14 09:01:54
417279e9-3532-47c9-9d97-ae135eb6f0d4,receipt,completed,RCP-20260314-0889,,f1f17a00-8e52-4ef1-8bae-0cc7ae76b461,00000000-0000-0000-0000-000000000000,2025-07-26 09:01:54,2025-07-26 09:01:54
9d94be39-155f-4ad3-bb0b-1ffad8712272,receipt,completed,RCP-20260314-0890,,5b8a696b-42c6-487b-a1d4-db35764a6e4d,00000000-0000-0000-0000-000000000000,2025-11-02 09:01:54,2025-11-02 09:01:54
834e59f3-79f6-4c1d-8de3-09445633446b,transfer,completed,TRF-20260314-0731,d0889d51-3879-4bb2-92d3-c5a7076e6e5e,b938c24f-cdd2-48d1-bba6-00663dfc69a0,00000000-0000-0000-0000-000000000000,2026-01-13 09:01:54,2026-01-13 09:01:54
392d0d26-25b6-4970-a043-65b6cd0dcfc5,receipt,draft,RCP-20260314-0891,,0fc676d6-b0ec-41c4-a9bc-7865627bde77,00000000-0000-0000-0000-000000000000,2026-01-10 09:01:54,2026-01-10 09:01:54
7cd78c6a-af03-4cfe-98b1-96e2da8d6f36,delivery,completed,DLV-20260314-0902,dabb92eb-f9c2-433b-8acd-e0243bfbf677,,00000000-0000-0000-0000-000000000000,2025-08-02 09:01:54,2025-08-02 09:01:54
cf0d9c6d-42fe-40e7-b46a-db12ad56c2fa,delivery,draft,DLV-20260314-0903,d9a33b97-1288-4bca-bf46-aa854a5bdc2b,,00000000-0000-0000-0000-000000000000,2025-11-18 09:01:54,2025-11-18 09:01:54
26f51068-3143-4cd4-9e92-6beccbe353a8,transfer,draft,TRF-20260314-0732,2dc0426b-c79b-41d1-b861-58bfab5227e5,03336179-9749-4394-8e54-97091ce53b05,00000000-0000-0000-0000-000000000000,2025-07-17 09:01:54,2025-07-17 09:01:54
54fd1519-6666-4e7e-9661-774e85657122,transfer,completed,TRF-20260314-0733,f8683200-1fa3-4e50-845b-ca19f87fa737,d89e2ccf-21ce-43a3-9ed9-a65622af5731,00000000-0000-0000-0000-000000000000,2025-05-21 09:01:54,2025-05-21 09:01:54
d7c7a997-0e59-46c3-9aaa-250cd659f781,transfer,completed,TRF-20260314-0734,a123c50d-a2dd-4aae-901e-cfc6493e7e67,e145710b-7c04-4e49-8b90-ece27a071689,00000000-0000-0000-0000-000000000000,2025-06-22 09:01:54,2025-06-22 09:01:54
e295d005-83ea-4c58-97ce-af912fb4d775,receipt,completed,RCP-20260314-0892,,cc849b8c-232e-42b3-90d5-bd6f9dfe9ac3,00000000-0000-0000-0000-000000000000,2026-01-19 09:01:54,2026-01-19 09:01:54
67c36bb4-101d-45b5-8a0e-bf0526cf39d2,delivery,draft,DLV-20260314-0904,e18045e9-811a-4d3a-b7ab-d41b09562309,,00000000-0000-0000-0000-000000000000,2025-04-22 09:01:54,2025-04-22 09:01:54
36cc19c0-85a1-4d22-bb49-83177c5e77fe,delivery,completed,DLV-20260314-0905,c9b4a795-024f-4f30-965d-ad58fa1d27cc,,00000000-0000-0000-0000-000000000000,2026-02-16 09:01:54,2026-02-16 09:01:54
0ce8137c-a44d-4d62-a097-bb66561a0bdd,receipt,completed,RCP-20260314-0893,,2da70d76-0124-4f1b-af15-587cf7bc9419,00000000-0000-0000-0000-000000000000,2025-12-19 09:01:54,2025-12-19 09:01:54
261374cb-e5c8-47a2-b6ba-4735316f4190,adjustment,confirmed,ADJ-20260314-0445,6fda3a6d-c3d7-4511-a612-adf04cd59a0b,,00000000-0000-0000-0000-000000000000,2026-01-14 09:01:54,2026-01-14 09:01:54
bd0a9f16-4aeb-4df2-8212-b4170b230f7c,receipt,completed,RCP-20260314-0894,,4f58d837-0cad-42fa-a18f-122c8bd60515,00000000-0000-0000-0000-000000000000,2025-08-29 09:01:54,2025-08-29 09:01:54
46a2a9eb-af2a-42e0-8e2e-32c4368dbb46,delivery,confirmed,DLV-20260314-0906,fc637885-c389-47f8-9b4c-566a26768be6,,00000000-0000-0000-0000-000000000000,2025-11-22 09:01:54,2025-11-22 09:01:54
fa8cf6df-9c3e-4582-94e4-4636530f30ae,delivery,completed,DLV-20260314-0907,e0aacbce-29a3-4c09-94f3-6931d3ec9a41,,00000000-0000-0000-0000-000000000000,2025-11-10 09:01:54,2025-11-10 09:01:54
7ebb8650-cb79-451d-9d03-b88f8882f546,delivery,completed,DLV-20260314-0908,64f2cf88-a8d1-4cd0-835e-19ce21e5ebd5,,00000000-0000-0000-0000-000000000000,2026-03-13 09:01:54,2026-03-13 09:01:54
b0a4a44b-d05d-456f-acfa-8af4423ca4be,delivery,draft,DLV-20260314-0909,e886a9b3-f6a6-4525-8160-747e558da887,,00000000-0000-0000-0000-000000000000,2025-10-01 09:01:54,2025-10-01 09:01:54
042905ee-c595-4e20-a555-f97631af2acd,receipt,draft,RCP-20260314-0895,,d6d30ba4-ba3f-4647-b5d6-88670b0c993e,00000000-0000-0000-0000-000000000000,2025-03-24 09:01:54,2025-03-24 09:01:54
28811d98-173b-4381-a5ee-68d772d2e266,adjustment,completed,ADJ-20260314-0446,955ba7ad-936f-48d8-9ea1-75d36f526ce8,,00000000-0000-0000-0000-000000000000,2026-01-06 09:01:54,2026-01-06 09:01:54
158db175-4391-471e-8125-6503ed393851,receipt,completed,RCP-20260314-0896,,db9f635b-3d42-42ef-830d-59c1257448e0,00000000-0000-0000-0000-000000000000,2025-06-30 09:01:54,2025-06-30 09:01:54
d84ff426-2b80-450e-b7f4-0c9a09d933a1,adjustment,draft,ADJ-20260314-0447,d577d11d-a29b-48fe-8615-18b52ed55b91,,00000000-0000-0000-0000-000000000000,2025-04-11 09:01:54,2025-04-11 09:01:54
c85537d8-2f5f-487d-ad62-64c3fc656224,receipt,confirmed,RCP-20260314-0897,,934aaa3b-8620-4de5-8aa6-b4ff2f9b0d46,00000000-0000-0000-0000-000000000000,2026-03-11 09:01:54,2026-03-11 09:01:54
b681d554-477e-45bd-9a0c-2c2bef1a985d,delivery,completed,DLV-20260314-0910,99d69c83-483f-465c-b8e0-842ed5e909fa,,00000000-0000-0000-0000-000000000000,2025-05-02 09:01:54,2025-05-02 09:01:54
5d102c7e-beaa-4e97-a2fe-0cdf77782f7c,receipt,completed,RCP-20260314-0898,,99d434f7-cd6a-456c-92e0-3320c75568fe,00000000-0000-0000-0000-000000000000,2025-06-07 09:01:54,2025-06-07 09:01:54
4b5e1b98-0027-41db-96e3-6450c55b2fd2,adjustment,completed,ADJ-20260314-0448,11e2a324-9ee1-4dd1-be73-454dfb9742e0,,00000000-0000-0000-0000-000000000000,2026-02-02 09:01:54,2026-02-02 09:01:54
0c74ad8c-8c00-47fd-bf21-edb261139ff8,transfer,confirmed,TRF-20260314-0735,f73373aa-5f91-44bc-be10-2e92ec98e664,e7456000-26c5-495f-a520-965ea7fa8d1a,00000000-0000-0000-0000-000000000000,2025-03-23 09:01:54,2025-03-23 09:01:54
b5640d89-49a8-4dc4-b592-c913528e8b6a,adjustment,completed,ADJ-20260314-0449,52fb9168-5361-46ce-be1d-22ac144fc25b,,00000000-0000-0000-0000-000000000000,2026-01-30 09:01:54,2026-01-30 09:01:54
74f0d2cc-6949-4b18-aa01-0e11364176b5,delivery,confirmed,DLV-20260314-0911,7aac147e-77be-4619-9145-a29bed2170f6,,00000000-0000-0000-0000-000000000000,2026-01-26 09:01:54,2026-01-26 09:01:54
2056d9d1-1bbb-4b0a-9212-f258d5f5edaa,delivery,draft,DLV-20260314-0912,352fbfac-c522-4e75-bd0b-352dec876868,,00000000-0000-0000-0000-000000000000,2025-06-18 09:01:54,2025-06-18 09:01:54
a7712fb3-2397-4fa3-87ae-9b3d93e940a9,delivery,confirmed,DLV-20260314-0913,f05d5bf0-9a9b-4843-9d80-0d0163348324,,00000000-0000-0000-0000-000000000000,2025-03-18 09:01:54,2025-03-18 09:01:54
88cf86b7-5866-4dab-a3da-b8e2db6e788d,transfer,draft,TRF-20260314-0736,10c05a8f-73c9-4dbc-80e4-5b3ae4c172d0,90673cce-946e-4509-ac54-c4fd1b369b16,00000000-0000-0000-0000-000000000000,2025-06-02 09:01:54,2025-06-02 09:01:54
f533f219-03f1-4dee-ae2d-b3450c125999,transfer,draft,TRF-20260314-0737,0fcf1b41-732c-4ada-958e-603736de4b21,099e0f2f-9839-47cd-ae52-20e2d277b235,00000000-0000-0000-0000-000000000000,2025-04-21 09:01:54,2025-04-21 09:01:54
b8746cee-545d-4981-a494-918376306581,receipt,completed,RCP-20260314-0899,,5006d077-eadb-4fcc-85d1-02d07a05161d,00000000-0000-0000-0000-000000000000,2026-01-06 09:01:54,2026-01-06 09:01:54
8538e7a0-fb01-4be8-b967-5e468c41b87e,transfer,completed,TRF-20260314-0738,c24a9890-ecc5-4739-9087-77bd038cc24e,0f22ffb7-6757-4bee-8243-19596c0df9c9,00000000-0000-0000-0000-000000000000,2025-03-18 09:01:54,2025-03-18 09:01:54
9db4940a-3758-49a4-b2da-6c74da6074e1,delivery,completed,DLV-20260314-0914,a8aee65b-bad6-45fe-aaa1-453edc4dbe73,,00000000-0000-0000-0000-000000000000,2026-02-03 09:01:54,2026-02-03 09:01:54
d19adaa5-0150-4bd6-89a9-a49cdd227991,transfer,completed,TRF-20260314-0739,2a89775f-64fb-4a0a-8243-44ff867719f0,97f7f2ea-f0ab-4a39-98a9-f2c0fdc12848,00000000-0000-0000-0000-000000000000,2025-08-17 09:01:54,2025-08-17 09:01:54
4907d16d-44fc-4267-b802-118c485e6e55,adjustment,draft,ADJ-20260314-0450,6e479642-c0f4-476f-b886-6d9736f1a689,,00000000-0000-0000-0000-000000000000,2025-05-03 09:01:54,2025-05-03 09:01:54
d8b3f0f0-b489-4ec9-b36c-66ce4dbfbebc,receipt,completed,RCP-20260314-0900,,7003e833-4c5d-492d-95ce-a964eddf23e3,00000000-0000-0000-0000-000000000000,2025-05-09 09:01:54,2025-05-09 09:01:54
703045c2-6c28-43ce-9b74-e0cf82c5bc43,adjustment,draft,ADJ-20260314-0451,8d95f089-2255-4cc2-9775-f3d5efb9b036,,00000000-0000-0000-0000-000000000000,2026-01-03 09:01:54,2026-01-03 09:01:54
5b3f9a2a-e28a-4d6c-ba3f-8eac75fa20d5,receipt,confirmed,RCP-20260314-0901,,af3ae9f8-f688-4dbf-bf0d-930ae904be35,00000000-0000-0000-0000-000000000000,2025-08-19 09:01:54,2025-08-19 09:01:54
92b53739-bdb2-477d-aeec-4232c3cf7a1c,receipt,draft,RCP-20260314-0902,,d989a748-5fb6-4c0f-a588-41997786cf4a,00000000-0000-0000-0000-000000000000,2025-11-01 09:01:54,2025-11-01 09:01:54
fbab990e-beee-4118-a370-0a765dcb2ab9,receipt,completed,RCP-20260314-0903,,aa360443-d1d6-4421-826a-2d2c4ac06d27,00000000-0000-0000-0000-000000000000,2025-06-30 09:01:54,2025-06-30 09:01:54
063cfc06-3267-471a-87d8-75e9869c0d77,adjustment,completed,ADJ-20260314-0452,b2408b26-fc59-48e4-bdec-45e93dac91e6,,00000000-0000-0000-0000-000000000000,2025-07-24 09:01:54,2025-07-24 09:01:54
23bbfbb0-4a93-489e-8d83-6578076d6825,transfer,draft,TRF-20260314-0740,001a3518-e124-4696-b33e-47e3b4ef82df,28febd84-68af-4bdb-9c81-cad6b1bfc36c,00000000-0000-0000-0000-000000000000,2025-04-30 09:01:54,2025-04-30 09:01:54
752b6be6-c268-499a-b9f0-c84a8189ca6f,receipt,draft,RCP-20260314-0904,,c5fa8744-3c02-44ea-a939-39b8c19d3779,00000000-0000-0000-0000-000000000000,2025-05-21 09:01:54,2025-05-21 09:01:54
51baa0aa-a9a2-4d70-ab9c-52a45c8a8171,delivery,draft,DLV-20260314-0915,83dc6917-6f61-46ab-a648-07ea3133a11c,,00000000-0000-0000-0000-000000000000,2025-05-15 09:01:54,2025-05-15 09:01:54
bec83c46-1dec-4642-9599-80754d8d6e2c,delivery,completed,DLV-20260314-0916,c3594047-66c8-4db7-8ec7-2b9d0c612410,,00000000-0000-0000-0000-000000000000,2025-09-23 09:01:54,2025-09-23 09:01:54
54a6a1d0-3013-4219-a077-c21ec09fd5e6,receipt,draft,RCP-20260314-0905,,cdce6f85-40c7-482f-ba46-ec62c9f34a20,00000000-0000-0000-0000-000000000000,2026-02-14 09:01:54,2026-02-14 09:01:54
6b28b79e-5766-4d81-9a7c-ffd75277f9a9,transfer,draft,TRF-20260314-0741,63ff74a0-6e44-418a-994b-2ebd2ce01bed,eebf4b4d-461b-468e-9d99-3f2850c31169,00000000-0000-0000-0000-000000000000,2025-10-28 09:01:54,2025-10-28 09:01:54
c45a9670-59a1-408c-a894-9bffdcb907da,receipt,draft,RCP-20260314-0906,,770cdb7e-276a-4d65-8946-5f7ed53dd83f,00000000-0000-0000-0000-000000000000,2025-08-27 09:01:54,2025-08-27 09:01:54
760717e0-d2d2-4c32-810c-4a3af5fb6004,transfer,draft,TRF-20260314-0742,9df52a64-98e1-41c0-94c4-05fd401fe683,4dddc28b-6161-4498-8263-e19f8ded0116,00000000-0000-0000-0000-000000000000,2026-01-14 09:01:54,2026-01-14 09:01:54
60e495c4-c527-4ecd-8a46-b5fd9ba9b5cb,delivery,completed,DLV-20260314-0917,73e5c44a-bb7f-41e7-adae-24b538c00fac,,00000000-0000-0000-0000-000000000000,2026-01-29 09:01:54,2026-01-29 09:01:54
3e359054-3f47-41ac-ab7f-00d186c04c3d,transfer,completed,TRF-20260314-0743,1352ad4a-ff1f-4ae2-a6a3-0c293d4e249d,0b424d84-a826-4edf-a397-6529860da5fd,00000000-0000-0000-0000-000000000000,2026-03-12 09:01:54,2026-03-12 09:01:54
7f4c208a-6ff1-4e71-8dfb-54492e352785,delivery,draft,DLV-20260314-0918,7cd5c0bf-fc8d-4918-9747-ae7b08db5ee4,,00000000-0000-0000-0000-000000000000,2025-08-20 09:01:54,2025-08-20 09:01:54
c1deec37-5607-4330-b6e0-d17bbad07462,adjustment,completed,ADJ-20260314-0453,adc99b1e-3d6b-4db4-8827-362363be8425,,00000000-0000-0000-0000-000000000000,2025-11-19 09:01:54,2025-11-19 09:01:54
aee79180-19b9-482b-a0f9-f8160a2db391,receipt,completed,RCP-20260314-0907,,6c486958-8e8a-4bfc-a51c-08a05a0f7f01,00000000-0000-0000-0000-000000000000,2025-09-18 09:01:54,2025-09-18 09:01:54
7e3bba49-4b81-40f5-8040-a0b3f72b291d,receipt,completed,RCP-20260314-0908,,647ab6dc-3924-4a68-8b3a-52af0b5fc7a0,00000000-0000-0000-0000-000000000000,2026-01-30 09:01:54,2026-01-30 09:01:54
a67e7d6a-a3ce-4cbe-95dc-e15c3f066cc3,adjustment,draft,ADJ-20260314-0454,b0dcbe9f-a441-4bd6-9690-7319b85b25b3,,00000000-0000-0000-0000-000000000000,2025-08-22 09:01:54,2025-08-22 09:01:54
cd948690-debc-4219-a4e6-56f27498aa42,delivery,draft,DLV-20260314-0919,2cd3883b-567a-44e0-ba8d-c9982ce4d3f2,,00000000-0000-0000-0000-000000000000,2026-03-02 09:01:54,2026-03-02 09:01:54
108cc9d0-d445-4ad7-a237-c38ef4409142,delivery,completed,DLV-20260314-0920,12e6a614-5098-42ec-a79b-9e7381c99918,,00000000-0000-0000-0000-000000000000,2026-03-08 09:01:54,2026-03-08 09:01:54
0836bc01-0360-463d-a7cb-230f54d15a1c,transfer,completed,TRF-20260314-0744,fcbebb05-1665-4455-9d5d-14eb42fad306,7b335be8-278f-4390-89ba-718f738f4987,00000000-0000-0000-0000-000000000000,2026-01-27 09:01:54,2026-01-27 09:01:54
a1f78e7c-d3f8-44f9-ba07-9a8becc5f018,receipt,confirmed,RCP-20260314-0909,,d5f7cb21-1fae-46a1-8fca-19754570572a,00000000-0000-0000-0000-000000000000,2025-04-08 09:01:54,2025-04-08 09:01:54
248eb7e3-5813-4ce5-b7c0-6bc297da8318,adjustment,completed,ADJ-20260314-0455,13a00bff-734d-4c8d-8e26-4a0f8e3f0e71,,00000000-0000-0000-0000-000000000000,2025-09-11 09:01:54,2025-09-11 09:01:54
6a64743c-4459-47b4-9b2e-73e7fbd4a963,delivery,confirmed,DLV-20260314-0921,6790793b-28d3-4e1e-a875-758f57a52f1e,,00000000-0000-0000-0000-000000000000,2025-11-21 09:01:54,2025-11-21 09:01:54
fb259ee7-d33f-44a5-bd4c-32326677f007,delivery,draft,DLV-20260314-0922,ceebd038-5624-4e63-b395-1404d6b80eef,,00000000-0000-0000-0000-000000000000,2026-02-01 09:01:54,2026-02-01 09:01:54
60f1faff-6f3a-43cc-952f-4cf06cc9501e,transfer,completed,TRF-20260314-0745,788f5d09-3146-4694-a849-5e272b06057b,342099aa-afe2-4d51-aa8e-d1403197eaa1,00000000-0000-0000-0000-000000000000,2025-11-25 09:01:54,2025-11-25 09:01:54
6409ff9c-2582-488a-a789-96633cc46e66,delivery,completed,DLV-20260314-0923,6541c9da-358b-45fd-a256-43199c5f67f5,,00000000-0000-0000-0000-000000000000,2025-12-26 09:01:54,2025-12-26 09:01:54
8e08a4fe-88c2-4b59-8a30-8f48e14de79a,delivery,completed,DLV-20260314-0924,d0e0f157-bfc8-4a20-9987-3bce390cd21c,,00000000-0000-0000-0000-000000000000,2026-01-12 09:01:54,2026-01-12 09:01:54
33f03905-8436-4148-8fd3-12ca8886d011,delivery,draft,DLV-20260314-0925,a11fee37-666a-4647-8da8-2db2e8712847,,00000000-0000-0000-0000-000000000000,2025-10-26 09:01:54,2025-10-26 09:01:54
5445f908-c9d1-4f99-b51b-5608b1b11308,adjustment,confirmed,ADJ-20260314-0456,064d4a88-73b5-4159-9629-23e389551f84,,00000000-0000-0000-0000-000000000000,2025-11-07 09:01:54,2025-11-07 09:01:54
1aa344d7-6a21-4ed4-bcca-c1655df11438,transfer,completed,TRF-20260314-0746,d27348d9-5070-443c-bf1c-7f12087ab3a6,099e0f2f-9839-47cd-ae52-20e2d277b235,00000000-0000-0000-0000-000000000000,2026-03-10 09:01:54,2026-03-10 09:01:54
c28a74ac-7df0-49b3-82a2-12e1f92b5fd0,delivery,draft,DLV-20260314-0926,5c14a570-7536-4a3c-b0ea-4ade7c0ffbfc,,00000000-0000-0000-0000-000000000000,2025-08-21 09:01:54,2025-08-21 09:01:54
af9b6423-4df7-49fe-923c-e176d5748bd5,receipt,completed,RCP-20260314-0910,,9ec53fa1-a746-4dc7-87a6-3231d69d6659,00000000-0000-0000-0000-000000000000,2025-11-14 09:01:54,2025-11-14 09:01:54
34dfea87-c1f2-4b3c-9407-22e98c6b49f1,receipt,completed,RCP-20260314-0911,,f99ba3a9-dd38-4523-990a-668b4cbcd0f8,00000000-0000-0000-0000-000000000000,2026-02-14 09:01:54,2026-02-14 09:01:54
dfb91410-d7a6-41cd-a9c2-b5a0243462d3,delivery,completed,DLV-20260314-0927,2f026e84-479c-4f58-b544-55819996b46e,,00000000-0000-0000-0000-000000000000,2026-02-06 09:01:54,2026-02-06 09:01:54
90eb0f60-af15-492d-89f9-66c52f1987ef,delivery,completed,DLV-20260314-0928,104a072c-6ec5-4ac5-9276-547abc742fe3,,00000000-0000-0000-0000-000000000000,2025-12-27 09:01:54,2025-12-27 09:01:54
03290da4-96aa-4c30-99ac-71b690117df5,transfer,draft,TRF-20260314-0747,5670daed-b19c-4265-967f-a7f6b77581a1,e33d1c1a-6478-454b-98a3-02bde77ee685,00000000-0000-0000-0000-000000000000,2025-04-26 09:01:54,2025-04-26 09:01:54
589338ae-53da-4a89-8eae-dd0e8ffc871f,delivery,draft,DLV-20260314-0929,21052002-5f03-476d-bdfd-37e30388a8be,,00000000-0000-0000-0000-000000000000,2026-01-31 09:01:54,2026-01-31 09:01:54
36b8213f-9ad1-408b-bed4-c233bc0104ff,adjustment,completed,ADJ-20260314-0457,85d41e8b-22cb-4aad-9ccd-0bdae47fd9f9,,00000000-0000-0000-0000-000000000000,2025-05-06 09:01:54,2025-05-06 09:01:54
aa7c6d5a-4e41-4093-8619-238f6f021566,receipt,draft,RCP-20260314-0912,,dd36273c-5c28-4f4d-bb31-b914537a4577,00000000-0000-0000-0000-000000000000,2025-03-15 09:01:54,2025-03-15 09:01:54
b1276eff-c77c-4f70-965c-361ae4cbb2b3,adjustment,completed,ADJ-20260314-0458,9a3278b7-a4ee-4ffc-82c0-82022573ee65,,00000000-0000-0000-0000-000000000000,2025-10-18 09:01:54,2025-10-18 09:01:54
ce12ec3f-65a9-4687-b773-b9d70a7d82fe,transfer,completed,TRF-20260314-0748,ad1fdda6-31db-4d72-9f74-61cd598104c0,937a11c1-c6f9-4bdb-a61e-94efd3fc9b31,00000000-0000-0000-0000-000000000000,2025-10-14 09:01:54,2025-10-14 09:01:54
91063fb0-9fb0-4c4d-a00e-9c5ae29ac76e,receipt,draft,RCP-20260314-0913,,5dd08cf4-199e-44db-9ee0-88138283003a,00000000-0000-0000-0000-000000000000,2025-07-24 09:01:54,2025-07-24 09:01:54
f3869f8f-51d7-44a9-80c0-6154576cd1c3,adjustment,completed,ADJ-20260314-0459,3448c7fa-b63e-4dd5-9c5e-90e1a739de7d,,00000000-0000-0000-0000-000000000000,2026-03-11 09:01:54,2026-03-11 09:01:54
a83e72f4-fd5a-4eac-b371-f0b83d565de0,delivery,draft,DLV-20260314-0930,9af5a24a-a135-4017-8a23-66189ee024e8,,00000000-0000-0000-0000-000000000000,2025-05-25 09:01:54,2025-05-25 09:01:54
106ca561-c10f-4216-9a27-1e3e5a1f21af,transfer,completed,TRF-20260314-0749,2ec6a423-d285-4243-93ad-f0fe30159e25,46a47607-645b-4f54-98ca-91139372d25b,00000000-0000-0000-0000-000000000000,2025-04-28 09:01:54,2025-04-28 09:01:54
aa2f3980-22a7-46a6-825e-509da55b29cd,transfer,completed,TRF-20260314-0750,71003765-d017-498c-aa3e-b71e5f71228b,1e072c40-5ee7-4544-beb5-919cfc30e976,00000000-0000-0000-0000-000000000000,2025-06-04 09:01:54,2025-06-04 09:01:54
44d0cc34-4c8d-4933-8818-2af04576c5f9,receipt,draft,RCP-20260314-0914,,3ccce08f-c8af-49e1-b6f9-3a2ca9ec6f44,00000000-0000-0000-0000-000000000000,2025-06-27 09:01:54,2025-06-27 09:01:54
256024f0-6317-429b-9145-30bafb641fe5,receipt,confirmed,RCP-20260314-0915,,7768e83e-3ae9-43cc-a0a8-0db9010c243b,00000000-0000-0000-0000-000000000000,2025-06-28 09:01:54,2025-06-28 09:01:54
39a2cd64-3b65-4e4a-9202-33a91a74c453,delivery,draft,DLV-20260314-0931,fd5d6090-1928-4bc1-b3ae-97a891a43b36,,00000000-0000-0000-0000-000000000000,2025-04-26 09:01:54,2025-04-26 09:01:54
90281c4e-1687-4aff-86f3-0dbde42fdab9,transfer,completed,TRF-20260314-0751,fedd1351-3f30-4406-8781-6aad83caa387,94884e5f-601d-480f-b705-af8065a09933,00000000-0000-0000-0000-000000000000,2025-09-20 09:01:54,2025-09-20 09:01:54
60880ee3-cc79-4719-b8e7-56269ce5ac6b,receipt,completed,RCP-20260314-0916,,c8765636-943b-4e6d-944c-96584073c9f1,00000000-0000-0000-0000-000000000000,2025-04-22 09:01:54,2025-04-22 09:01:54
94511608-f029-4367-aeb7-66e4a4d111f5,receipt,confirmed,RCP-20260314-0917,,8b6550e6-b98f-4d55-ab5f-c3982c8c7073,00000000-0000-0000-0000-000000000000,2026-02-24 09:01:54,2026-02-24 09:01:54
76ccc110-0e7c-4db0-82cb-cb32aa4ed548,transfer,draft,TRF-20260314-0752,5d72b455-e06e-4395-b826-4b6686202581,549ffbd1-3a3f-4ba8-83e5-41c3ed44ea91,00000000-0000-0000-0000-000000000000,2025-12-16 09:01:54,2025-12-16 09:01:54
ae385a5c-fddd-4341-a486-37ff28c9ac5c,delivery,draft,DLV-20260314-0932,dab51139-154a-4cf7-a954-edfb5cd1b035,,00000000-0000-0000-0000-000000000000,2025-10-14 09:01:54,2025-10-14 09:01:54
504b43dd-eb78-4fb2-b9f6-5fed6f3dcae8,transfer,completed,TRF-20260314-0753,1a3f70ce-968d-4f35-a409-c74fb0c3d4cd,c36ad2ea-4ac9-4d45-9100-11d4e1041f1a,00000000-0000-0000-0000-000000000000,2025-11-19 09:01:54,2025-11-19 09:01:54
d4da3b0f-cec2-4c8e-aff5-25dee5ece983,adjustment,completed,ADJ-20260314-0460,5c0b2b5c-3171-484d-bb0f-3961fbd2a97d,,00000000-0000-0000-0000-000000000000,2025-10-11 09:01:54,2025-10-11 09:01:54
398daa91-4696-4617-8229-cb0b178f0a18,delivery,completed,DLV-20260314-0933,0cf8d9fd-c012-419b-99e1-16c65d63adc3,,00000000-0000-0000-0000-000000000000,2025-12-03 09:01:54,2025-12-03 09:01:54
bc8c49b0-88d1-409b-8596-efb1c09a156c,receipt,completed,RCP-20260314-0918,,bc40ada9-9822-49f3-998f-e27ac7e811e2,00000000-0000-0000-0000-000000000000,2025-11-30 09:01:54,2025-11-30 09:01:54
f643c33e-be79-4ff5-af54-76956212cfa7,adjustment,draft,ADJ-20260314-0461,fb2e5d21-3123-468b-a714-83fd19b563b8,,00000000-0000-0000-0000-000000000000,2025-07-02 09:01:54,2025-07-02 09:01:54
386d58ba-203d-4880-9dc4-56c64280cb4c,delivery,completed,DLV-20260314-0934,d40a37fd-0ae9-4da3-8d75-fbe728d2d03e,,00000000-0000-0000-0000-000000000000,2025-10-13 09:01:54,2025-10-13 09:01:54
7c26c73c-a50f-4ef4-bec8-44fc995b9cf2,receipt,completed,RCP-20260314-0919,,0fc676d6-b0ec-41c4-a9bc-7865627bde77,00000000-0000-0000-0000-000000000000,2025-09-14 09:01:54,2025-09-14 09:01:54
be57c2a7-b7ab-4fac-ba56-0bec2db17acc,transfer,completed,TRF-20260314-0754,4a3497c3-703a-4c5d-9cf1-cfb2a547ed8d,b38d5719-406c-4aee-b1c0-33f48409ff5d,00000000-0000-0000-0000-000000000000,2026-01-08 09:01:54,2026-01-08 09:01:54
4fd27d86-86ec-4b23-a6cf-7b13b7015006,delivery,draft,DLV-20260314-0935,6d9033f7-1d24-4b26-b56a-715d87823432,,00000000-0000-0000-0000-000000000000,2025-11-26 09:01:54,2025-11-26 09:01:54
ac7bbaeb-5253-496d-af50-036d45770ea5,transfer,completed,TRF-20260314-0755,68c9ad67-ec6c-49c4-9d2a-530d16f4d991,546acfa7-84c5-4f2e-85bc-c6fae8fc2a52,00000000-0000-0000-0000-000000000000,2025-11-04 09:01:54,2025-11-04 09:01:54
64c0a191-4a8b-431a-8398-e9c63e7a7d02,receipt,completed,RCP-20260314-0920,,90a7a713-3ac5-404b-892e-4817fb2e12c6,00000000-0000-0000-0000-000000000000,2025-04-28 09:01:54,2025-04-28 09:01:54
5f99fe17-7fbb-4d0f-92e3-623cb606e581,adjustment,draft,ADJ-20260314-0462,94a586b0-aa54-4ffa-b7b7-196686ed86ec,,00000000-0000-0000-0000-000000000000,2025-11-16 09:01:54,2025-11-16 09:01:54
bea690ef-6541-4479-8942-fd05ccd5da84,delivery,completed,DLV-20260314-0936,99f58d50-1200-4cd6-9cd8-06a1195b4a62,,00000000-0000-0000-0000-000000000000,2026-01-16 09:01:54,2026-01-16 09:01:54
ca8449b7-4f67-4355-b7af-8cb220008605,receipt,completed,RCP-20260314-0921,,c60901d1-5180-4a4c-9a27-029f30571d0a,00000000-0000-0000-0000-000000000000,2025-07-29 09:01:54,2025-07-29 09:01:54
07e063c3-560a-42a5-a7ef-8f1022395247,receipt,draft,RCP-20260314-0922,,66a6f57d-d1f2-4cae-8b7e-2fd31bbd4c7b,00000000-0000-0000-0000-000000000000,2025-04-23 09:01:54,2025-04-23 09:01:54
efc0e048-a931-4f7c-82c2-ea61f6e8a8f0,receipt,confirmed,RCP-20260314-0923,,10d4b22f-46f6-4b6c-8c97-f60ab7dee986,00000000-0000-0000-0000-000000000000,2025-07-26 09:01:54,2025-07-26 09:01:54
e5ea49ea-c920-407b-b56f-26f92eca17ff,adjustment,completed,ADJ-20260314-0463,107a72c0-279b-4935-ba65-413865317ab4,,00000000-0000-0000-0000-000000000000,2025-05-06 09:01:54,2025-05-06 09:01:54
52ab88cb-72be-42e5-a8b5-ff5772bcf2a4,delivery,draft,DLV-20260314-0937,c424461b-e279-47ee-af4c-502448a067f1,,00000000-0000-0000-0000-000000000000,2026-03-10 09:01:54,2026-03-10 09:01:54
b926270e-40b6-4dcd-a7e2-0405e48fa4ec,adjustment,completed,ADJ-20260314-0464,4201f920-f20f-4993-af0f-878145285613,,00000000-0000-0000-0000-000000000000,2025-07-27 09:01:54,2025-07-27 09:01:54
666b26c9-1bad-466b-b194-cc2b0a3f8b9a,delivery,draft,DLV-20260314-0938,f38599fd-75a4-4358-84f7-d5203c5b895b,,00000000-0000-0000-0000-000000000000,2025-03-15 09:01:54,2025-03-15 09:01:54
688f29ae-b8b2-4827-8a95-9edb6b57772e,delivery,completed,DLV-20260314-0939,9eda6e04-666f-444d-b850-df499bc178f8,,00000000-0000-0000-0000-000000000000,2025-09-04 09:01:54,2025-09-04 09:01:54
723edf2b-0220-4fa7-8e9f-4ac10c935bb0,delivery,completed,DLV-20260314-0940,2e1ad7c8-438a-405a-a3d4-754704d3a2cb,,00000000-0000-0000-0000-000000000000,2025-07-05 09:01:54,2025-07-05 09:01:54
36cb9cdd-b7af-4a02-8345-f3f1bd1b6f65,delivery,completed,DLV-20260314-0941,c92dd1c9-c6cd-4d76-890b-887ec20e498e,,00000000-0000-0000-0000-000000000000,2025-10-25 09:01:54,2025-10-25 09:01:54
65bc3d14-a057-4450-b3a6-5db9427458be,receipt,completed,RCP-20260314-0924,,463d703b-02e5-48f0-9cdf-4db91d6f647f,00000000-0000-0000-0000-000000000000,2025-09-03 09:01:54,2025-09-03 09:01:54
ab283589-fdf7-42f3-8984-59ab5a53721e,transfer,draft,TRF-20260314-0756,5f173870-d523-4df4-9232-1bab1b0f8a8a,f73373aa-5f91-44bc-be10-2e92ec98e664,00000000-0000-0000-0000-000000000000,2025-07-06 09:01:54,2025-07-06 09:01:54
5ab9c8a8-2206-4341-a3d1-91f986d9b6c7,delivery,completed,DLV-20260314-0942,22ec640b-3c01-454b-8bab-aeaaaea0f9bc,,00000000-0000-0000-0000-000000000000,2025-05-17 09:01:54,2025-05-17 09:01:54
f979f329-b561-49f4-8f0f-fc77ffbd2349,receipt,completed,RCP-20260314-0925,,fb2e5d21-3123-468b-a714-83fd19b563b8,00000000-0000-0000-0000-000000000000,2025-09-11 09:01:54,2025-09-11 09:01:54
2940aceb-2687-428c-a135-f6ed58f6c744,transfer,completed,TRF-20260314-0757,3bc95d31-1af9-4948-877c-72bb923d6b92,1ae6ea69-c6c9-4464-9178-23827d394825,00000000-0000-0000-0000-000000000000,2026-02-13 09:01:54,2026-02-13 09:01:54
7913f3d8-4350-4e3d-8f92-2b0045332248,transfer,completed,TRF-20260314-0758,3bdad438-0f00-4b09-8594-1f8f01284841,c4dc5dc7-9dbb-40e7-a5bd-b69d40e7a594,00000000-0000-0000-0000-000000000000,2025-10-19 09:01:54,2025-10-19 09:01:54
f980782d-dcb7-49c4-a9e9-fed3c8e6c03e,receipt,draft,RCP-20260314-0926,,d456d7ec-1b33-475e-8667-0497ab1452de,00000000-0000-0000-0000-000000000000,2026-03-14 09:01:54,2026-03-14 09:01:54
d9c7511e-6763-47ba-8896-755fa8b379bc,transfer,completed,TRF-20260314-0759,b49a515e-035e-42e5-bc1f-b526e4a14ed7,66436c2e-d9a4-4e65-a6f6-9d86e18884e4,00000000-0000-0000-0000-000000000000,2025-05-26 09:01:54,2025-05-26 09:01:54
e0a51858-7b7a-4faa-b978-07395c732069,receipt,completed,RCP-20260314-0927,,18fd5194-570a-42f5-9bbc-73f40f9dba14,00000000-0000-0000-0000-000000000000,2025-04-15 09:01:54,2025-04-15 09:01:54
6512beb4-9b23-44f8-ac44-155836bad18e,receipt,draft,RCP-20260314-0928,,18abe173-f104-4a67-9884-0ecef7c6cf14,00000000-0000-0000-0000-000000000000,2026-01-11 09:01:54,2026-01-11 09:01:54
dbdb1112-694d-48b9-9d47-d7ef0be0a4ff,delivery,completed,DLV-20260314-0943,79946af8-c7ea-47d3-9084-167dde11ed72,,00000000-0000-0000-0000-000000000000,2026-02-22 09:01:54,2026-02-22 09:01:54
194e0184-b487-4b8f-8e38-a08061e6d932,delivery,completed,DLV-20260314-0944,81888fe1-df49-4caf-804a-66880cecfef1,,00000000-0000-0000-0000-000000000000,2026-01-22 09:01:54,2026-01-22 09:01:54
d23f49e3-7f68-45d5-bc00-3c16e445e90c,transfer,completed,TRF-20260314-0760,f97becd5-7f49-4b24-9358-04b676484311,457d325b-0ea8-4fbf-abc2-a6723dd097e2,00000000-0000-0000-0000-000000000000,2026-03-03 09:01:54,2026-03-03 09:01:54
1b2984ac-30a3-4db9-ab0f-31921195ed4e,transfer,completed,TRF-20260314-0761,c60fdf84-c511-43aa-bb34-ee625e8dabed,88f6629f-f40d-44fc-abcb-5e687281ccc2,00000000-0000-0000-0000-000000000000,2025-06-12 09:01:54,2025-06-12 09:01:54
2460fbb8-fbc0-4617-af30-73a50f098c68,receipt,confirmed,RCP-20260314-0929,,ef077f5b-df70-4f43-ad0c-f81e8b2bd256,00000000-0000-0000-0000-000000000000,2025-08-18 09:01:54,2025-08-18 09:01:54
86acd8b6-5380-44f0-9249-31f08b885df9,receipt,completed,RCP-20260314-0930,,aa6a0f60-601c-45fd-bdcc-bda969e76bfc,00000000-0000-0000-0000-000000000000,2025-06-13 09:01:54,2025-06-13 09:01:54
9edba123-2f9d-4d29-8f70-f4222cccf839,transfer,completed,TRF-20260314-0762,683f3f2f-00f0-4d98-9bf5-ee1755a36fd6,30d5f8a8-6c39-40e6-9ed9-befdf12ede19,00000000-0000-0000-0000-000000000000,2025-04-24 09:01:54,2025-04-24 09:01:54
53c5138c-b996-47b6-b3fb-21336d04d6fe,receipt,completed,RCP-20260314-0931,,dca2ff97-6113-4292-9a35-bde9c285c242,00000000-0000-0000-0000-000000000000,2025-04-21 09:01:54,2025-04-21 09:01:54
27663413-b623-4ff1-86a8-dde42a4e7790,receipt,confirmed,RCP-20260314-0932,,ae75fd9e-f242-446f-8074-22af5baa0362,00000000-0000-0000-0000-000000000000,2026-02-07 09:01:54,2026-02-07 09:01:54
69316238-7d90-4934-a53f-5e47796025bf,adjustment,confirmed,ADJ-20260314-0465,f16102eb-82bc-4f6b-a858-2542a488603c,,00000000-0000-0000-0000-000000000000,2025-06-18 09:01:54,2025-06-18 09:01:54
77702bb1-bfce-4f0a-9c9c-e4370b84da70,transfer,draft,TRF-20260314-0763,f50bcd56-7226-43e0-91b6-1ff24683f81c,990bd934-2018-40d7-b31e-ab20b31702c8,00000000-0000-0000-0000-000000000000,2025-09-14 09:01:54,2025-09-14 09:01:54
ee5318ea-6a78-4481-843b-f5d4ea395b7b,receipt,completed,RCP-20260314-0933,,6bd1b58e-7c5f-40fe-9244-2250206466ca,00000000-0000-0000-0000-000000000000,2026-01-04 09:01:54,2026-01-04 09:01:54
985b1c36-7e62-45d3-8ddb-fab8c10c60a9,receipt,draft,RCP-20260314-0934,,6cbfee0c-8d96-419b-a311-3f852ae2b4dd,00000000-0000-0000-0000-000000000000,2026-03-03 09:01:54,2026-03-03 09:01:54
e2fba8de-c792-444f-86c4-1616859e9b27,receipt,completed,RCP-20260314-0935,,11d30886-8fed-420e-b643-9b3d5e60c302,00000000-0000-0000-0000-000000000000,2025-08-30 09:01:54,2025-08-30 09:01:54
162a4e3c-82bb-4d10-a6a2-54955fb5f130,transfer,completed,TRF-20260314-0764,d7e0ca7d-81ce-4650-86cc-b411e703dbdf,26f005ee-db82-4f21-a0c6-e670f84d8845,00000000-0000-0000-0000-000000000000,2026-01-02 09:01:54,2026-01-02 09:01:54
fc0a8b71-3cd9-4d3b-93ad-6eae3c909134,receipt,draft,RCP-20260314-0936,,a7e63906-557a-4765-a85e-01e73aa6028c,00000000-0000-0000-0000-000000000000,2025-09-08 09:01:54,2025-09-08 09:01:54
4e219b6c-c59b-4bed-9611-4be0f262df2f,delivery,completed,DLV-20260314-0945,9321b224-3b9c-4774-b9e4-959590e86508,,00000000-0000-0000-0000-000000000000,2025-07-16 09:01:54,2025-07-16 09:01:54
e5dcb561-d7be-4464-a793-e144d6db5944,adjustment,draft,ADJ-20260314-0466,7ee4ec67-54a4-46f1-b485-872dab72322f,,00000000-0000-0000-0000-000000000000,2025-07-02 09:01:54,2025-07-02 09:01:54
b487388f-f66a-410a-beb4-9ef339a39c75,receipt,completed,RCP-20260314-0937,,50c65430-76f9-495f-98a0-d0311253678f,00000000-0000-0000-0000-000000000000,2026-02-02 09:01:54,2026-02-02 09:01:54
63f33a27-c565-46e7-bb78-400db53bd72c,delivery,confirmed,DLV-20260314-0946,ea27d7e7-53bd-4f57-9819-bc751986d8c4,,00000000-0000-0000-0000-000000000000,2025-10-21 09:01:54,2025-10-21 09:01:54
cba9a984-317f-4a6e-aa7f-866d9e23da5f,adjustment,draft,ADJ-20260314-0467,420ab506-083b-413b-a279-8a35967a6489,,00000000-0000-0000-0000-000000000000,2025-08-19 09:01:54,2025-08-19 09:01:54
58f22ca8-691b-4c3f-9c5c-0a83c423d097,adjustment,confirmed,ADJ-20260314-0468,2e165367-7187-40de-8fdc-78698d57759d,,00000000-0000-0000-0000-000000000000,2025-08-13 09:01:54,2025-08-13 09:01:54
f0e6801b-03b3-4e90-a0be-0ff76aba9703,delivery,confirmed,DLV-20260314-0947,0184a9bb-ae1b-48e9-bb0c-a63676550a96,,00000000-0000-0000-0000-000000000000,2025-11-12 09:01:54,2025-11-12 09:01:54
16317929-4610-48e8-82ef-4f20352d5120,adjustment,draft,ADJ-20260314-0469,6959036f-c4e5-4132-bde3-75d82a51e295,,00000000-0000-0000-0000-000000000000,2025-08-21 09:01:54,2025-08-21 09:01:54
6ad6a183-0e12-4682-b00e-30d7d9b3331d,transfer,completed,TRF-20260314-0765,a9a6a186-e4cd-41ff-93e9-c5cc48172c77,73841500-1188-42ff-8dc2-428740631330,00000000-0000-0000-0000-000000000000,2025-05-24 09:01:54,2025-05-24 09:01:54
c2f7b43b-1309-4c1d-b2e6-74b2a9a701de,transfer,completed,TRF-20260314-0766,2480bcc1-3d9c-49b0-bd12-522fb6a7b7d1,89a4d670-640d-44bd-8383-3ddd6aa5a82d,00000000-0000-0000-0000-000000000000,2025-07-20 09:01:54,2025-07-20 09:01:54
d3d17ec4-dda3-4d85-9fc4-caf83f13fc56,adjustment,completed,ADJ-20260314-0470,6cbfee0c-8d96-419b-a311-3f852ae2b4dd,,00000000-0000-0000-0000-000000000000,2025-09-13 09:01:54,2025-09-13 09:01:54
ed3b0748-1192-4802-a1ef-0644795ac5f4,delivery,completed,DLV-20260314-0948,d8afea29-583b-40f7-922a-6e4364e14ef0,,00000000-0000-0000-0000-000000000000,2025-08-08 09:01:54,2025-08-08 09:01:54
b9a600b8-bdf8-4869-9192-20cea904d707,delivery,completed,DLV-20260314-0949,86832f29-e60b-4792-996c-43a5d3fbff4d,,00000000-0000-0000-0000-000000000000,2026-01-12 09:01:54,2026-01-12 09:01:54
c6d594db-ec47-4e2b-a89a-3fca382244f7,delivery,completed,DLV-20260314-0950,4e9bef29-79cc-417f-8f15-a9d0bc586808,,00000000-0000-0000-0000-000000000000,2025-12-05 09:01:54,2025-12-05 09:01:54
a35e4e58-5cd9-4829-b6e5-3c29c80ef3b0,receipt,completed,RCP-20260314-0938,,571edda2-258b-46d5-b983-5979f7d20736,00000000-0000-0000-0000-000000000000,2025-12-16 09:01:54,2025-12-16 09:01:54
a5bfb48c-b70b-46c5-819e-43f99a21c093,transfer,completed,TRF-20260314-0767,d9925e15-16ea-4b5c-a403-afce5055c649,24bf8d9b-e1bd-4890-b88d-6372b15e5687,00000000-0000-0000-0000-000000000000,2025-11-15 09:01:54,2025-11-15 09:01:54
e2938313-ae8f-48c4-9c4b-3d04516bb73f,transfer,completed,TRF-20260314-0768,78c2d43b-907c-4ce2-9a9d-73bddb4ed49f,3c5929e6-f7d3-4806-9e0a-bbd00c292207,00000000-0000-0000-0000-000000000000,2025-09-05 09:01:54,2025-09-05 09:01:54
99cf8d96-5a86-453c-a004-83b5aa5a9a66,receipt,draft,RCP-20260314-0939,,4c52abd6-dda0-48d6-a9e3-b8a66236dec6,00000000-0000-0000-0000-000000000000,2026-02-28 09:01:54,2026-02-28 09:01:54
e9f74723-d88b-4a1b-bbf3-6bca28631f93,transfer,completed,TRF-20260314-0769,28247ed2-292f-421d-8159-c6674543bfbc,02a58a3c-13bb-434c-9265-1cd1b9cab1ab,00000000-0000-0000-0000-000000000000,2025-07-24 09:01:54,2025-07-24 09:01:54
006e5d21-dfb4-4420-a0ce-7dfdb6640720,receipt,completed,RCP-20260314-0940,,e4b94c99-72f3-48b9-b060-c79aaa60ade7,00000000-0000-0000-0000-000000000000,2025-06-18 09:01:54,2025-06-18 09:01:54
63342e02-30c8-48c9-819b-c9769dce5f73,receipt,completed,RCP-20260314-0941,,68c33152-ec7b-4044-abeb-16ec304a3077,00000000-0000-0000-0000-000000000000,2025-10-13 09:01:54,2025-10-13 09:01:54
74fb4f6d-f8b5-4d20-b327-f007d42a6994,adjustment,draft,ADJ-20260314-0471,44cbf52e-0c79-4581-abd0-6088848cec11,,00000000-0000-0000-0000-000000000000,2025-11-09 09:01:54,2025-11-09 09:01:54
2dbe291c-34f5-4f77-b7a7-4d7dec935184,adjustment,completed,ADJ-20260314-0472,eff000ba-0fc1-4edb-814d-9e32aaf9f0fd,,00000000-0000-0000-0000-000000000000,2025-10-12 09:01:54,2025-10-12 09:01:54
a542e16e-2f80-4b3d-bde1-e4e1ed41bed1,receipt,completed,RCP-20260314-0942,,d5d344f3-4529-42ec-a32a-c5c074f69db9,00000000-0000-0000-0000-000000000000,2025-11-04 09:01:54,2025-11-04 09:01:54
376aeb9b-7810-4608-b0bc-afc8a8783db3,delivery,completed,DLV-20260314-0951,2e23c6c6-9832-40de-b982-5776007557f6,,00000000-0000-0000-0000-000000000000,2025-11-22 09:01:54,2025-11-22 09:01:54
b9b944cf-5ed4-4774-8f28-cd47cfc0b4e2,transfer,completed,TRF-20260314-0770,3543be48-65cb-465a-86e7-a7b259d74617,36db20b4-fc12-4de3-aa8c-60dccc051ffb,00000000-0000-0000-0000-000000000000,2025-08-27 09:01:54,2025-08-27 09:01:54
ad424428-50bd-404c-a34f-692ecb8d12f3,delivery,completed,DLV-20260314-0952,258f112c-da38-483f-b9ba-fface9423498,,00000000-0000-0000-0000-000000000000,2025-12-06 09:01:54,2025-12-06 09:01:54
873f47a4-5700-4ef0-af0c-833d15606b5d,receipt,confirmed,RCP-20260314-0943,,77459b50-5abc-4f68-97da-3eac6b77029c,00000000-0000-0000-0000-000000000000,2025-12-21 09:01:54,2025-12-21 09:01:54
91039ff3-c51c-4207-82d0-f99816547eeb,transfer,draft,TRF-20260314-0771,9b928156-af02-4665-b60b-99a0c84bab0c,9f3d2e22-f065-4fb7-9d0f-d00145051b0b,00000000-0000-0000-0000-000000000000,2026-01-09 09:01:54,2026-01-09 09:01:54
5feefba3-fdbe-46c5-acf7-50ce01826fea,transfer,draft,TRF-20260314-0772,41badd42-0bbd-413f-8a8d-6c88745d8ec4,76d1cd16-889b-43d5-9119-e0ce5452c9d5,00000000-0000-0000-0000-000000000000,2025-11-21 09:01:54,2025-11-21 09:01:54
735df14f-dbb0-4c7a-9cc7-f4fbffa19c79,adjustment,completed,ADJ-20260314-0473,99d434f7-cd6a-456c-92e0-3320c75568fe,,00000000-0000-0000-0000-000000000000,2026-03-14 09:01:54,2026-03-14 09:01:54
4fc8ac20-29c0-4e14-a6c4-4862a9ad2168,transfer,completed,TRF-20260314-0773,79454beb-5033-4b3d-ba56-1ebf279ad924,1740ba4b-9777-4cd1-8f80-37e609014e44,00000000-0000-0000-0000-000000000000,2025-12-21 09:01:54,2025-12-21 09:01:54
b1b05842-442e-4e1f-b2f2-1b1c081e9bfd,delivery,completed,DLV-20260314-0953,8bcbeda2-6347-4acc-a795-2dbce10ae61f,,00000000-0000-0000-0000-000000000000,2025-09-27 09:01:54,2025-09-27 09:01:54
1474da98-f8a3-48b4-82e2-31e1adaa1833,receipt,confirmed,RCP-20260314-0944,,b90dd74f-45fa-440b-8f8c-d9730e2e641a,00000000-0000-0000-0000-000000000000,2025-08-04 09:01:54,2025-08-04 09:01:54
217aba1b-b956-4665-a0a0-d5a5276f5a74,receipt,completed,RCP-20260314-0945,,0be02120-15ea-4874-9724-336ae3d05808,00000000-0000-0000-0000-000000000000,2025-12-23 09:01:54,2025-12-23 09:01:54
bd95c781-fd3a-4b31-a454-6c5c16b4c2df,receipt,completed,RCP-20260314-0946,,29ca81bb-485f-4c85-99c6-ab7004e27231,00000000-0000-0000-0000-000000000000,2025-12-18 09:01:54,2025-12-18 09:01:54
5d680c77-1bf6-4c82-9bbc-ddf13408990e,receipt,completed,RCP-20260314-0947,,320dfe2b-ca8d-4a2d-a70e-75767eea6230,00000000-0000-0000-0000-000000000000,2026-02-03 09:01:54,2026-02-03 09:01:54
177b5490-483c-4bfc-a91a-a3c157e8fc67,delivery,draft,DLV-20260314-0954,db86761e-9f5e-4c36-9fee-1e2dc5b611e7,,00000000-0000-0000-0000-000000000000,2025-11-21 09:01:54,2025-11-21 09:01:54
89b10199-efcc-4d2c-b85e-626ddd9b7d20,delivery,completed,DLV-20260314-0955,50b2a771-ca8c-4215-b23e-5d2fa5f5035c,,00000000-0000-0000-0000-000000000000,2025-06-30 09:01:54,2025-06-30 09:01:54
40d12bda-2fb4-4b9a-b412-64787aa45471,adjustment,completed,ADJ-20260314-0474,f12540e1-c217-4277-b196-2269f0df1146,,00000000-0000-0000-0000-000000000000,2025-10-15 09:01:54,2025-10-15 09:01:54
aaffc415-d34a-4320-984d-ccc24665e38e,receipt,draft,RCP-20260314-0948,,693d75d0-d5d0-4f6c-ae67-006d994cc6a6,00000000-0000-0000-0000-000000000000,2025-05-31 09:01:54,2025-05-31 09:01:54
f9c613ad-9932-45f7-b328-2efb1241b3fb,delivery,completed,DLV-20260314-0956,8c8cda2e-0b8e-4d15-8a0e-df884337db57,,00000000-0000-0000-0000-000000000000,2025-11-20 09:01:54,2025-11-20 09:01:54
a45ae312-f812-44bd-a394-40f610a1f278,adjustment,completed,ADJ-20260314-0475,0429d775-f8f8-424d-bc19-cf9fe77bb868,,00000000-0000-0000-0000-000000000000,2025-12-22 09:01:54,2025-12-22 09:01:54
b00d18fe-672a-4cd4-a441-f599d2dff2cf,delivery,completed,DLV-20260314-0957,d9d70636-757c-4a23-ac06-288175fe5746,,00000000-0000-0000-0000-000000000000,2026-03-06 09:01:54,2026-03-06 09:01:54
e4e94c41-c117-42d8-b5f3-33eb42259372,delivery,completed,DLV-20260314-0958,1096f7f7-873a-413b-833a-ae1822cc09e6,,00000000-0000-0000-0000-000000000000,2026-02-25 09:01:54,2026-02-25 09:01:54
bd9aaa16-921b-4d93-8218-16d6815d8e30,transfer,completed,TRF-20260314-0774,3e4c45cf-f873-4b7c-82fb-26a55e637cf6,a51ac2d3-b29d-454f-bc6f-b9b2f4247fa7,00000000-0000-0000-0000-000000000000,2025-05-11 09:01:54,2025-05-11 09:01:54
07b83eea-3a7b-4986-a3d6-7bcc49d8d6a3,adjustment,confirmed,ADJ-20260314-0476,1c25ed55-6bf5-427a-9c53-7d16644a288e,,00000000-0000-0000-0000-000000000000,2025-07-18 09:01:54,2025-07-18 09:01:54
602d3443-7e52-47f2-9a87-fff85a4e70e7,receipt,draft,RCP-20260314-0949,,35b674fc-aaa6-4b99-b40c-99c2888c5223,00000000-0000-0000-0000-000000000000,2025-09-09 09:01:54,2025-09-09 09:01:54
e6989cb7-faaa-4a12-a2df-30687eaea34c,receipt,completed,RCP-20260314-0950,,dbac7d67-f82e-451f-80e4-973751ed95f5,00000000-0000-0000-0000-000000000000,2026-01-31 09:01:54,2026-01-31 09:01:54
4efcd99c-49c2-40c3-8f2a-7d356af01315,receipt,completed,RCP-20260314-0951,,149e20c8-f543-4b80-9154-ab8206681ae0,00000000-0000-0000-0000-000000000000,2026-03-11 09:01:54,2026-03-11 09:01:54
90cec2ea-354b-4cd0-993e-e1469f7fa6c2,adjustment,completed,ADJ-20260314-0477,0df15270-76aa-4ebe-96a2-66fcba02d114,,00000000-0000-0000-0000-000000000000,2026-01-01 09:01:54,2026-01-01 09:01:54
8e1023f7-1c13-4e7d-81f1-39a99d2035b1,transfer,completed,TRF-20260314-0775,7bb8bba1-841b-4094-a8e1-75e2963a45e8,dd21dbd6-d91f-41e4-9e87-413007df38bb,00000000-0000-0000-0000-000000000000,2025-09-25 09:01:54,2025-09-25 09:01:54
9b319045-757c-44c0-940e-bcef1b34c427,delivery,completed,DLV-20260314-0959,0aad04e1-ac76-4dc5-bacd-976cfb198e0e,,00000000-0000-0000-0000-000000000000,2025-07-20 09:01:54,2025-07-20 09:01:54
c07a6871-22a2-47db-9262-5c0cad4f1c26,delivery,completed,DLV-20260314-0960,46a47607-645b-4f54-98ca-91139372d25b,,00000000-0000-0000-0000-000000000000,2026-02-26 09:01:54,2026-02-26 09:01:54
e9acd9a7-340a-457b-a885-9b7bb856ef49,adjustment,draft,ADJ-20260314-0478,44b8e35d-cbe5-4635-85a8-71c1f92f63a0,,00000000-0000-0000-0000-000000000000,2025-07-18 09:01:54,2025-07-18 09:01:54
1b623605-0eee-4a03-bae4-5fa8c0a8f447,delivery,completed,DLV-20260314-0961,42ae37d8-226a-4acd-97b8-4b57f2980ee9,,00000000-0000-0000-0000-000000000000,2025-10-13 09:01:54,2025-10-13 09:01:54
602af706-796a-40b2-b6ac-ca422e7e4b3d,delivery,draft,DLV-20260314-0962,56cb8299-0858-4c2d-a56b-4bc2d1b74d09,,00000000-0000-0000-0000-000000000000,2025-08-19 09:01:54,2025-08-19 09:01:54
0df29d3b-8f0f-4ba6-af62-755398091827,receipt,draft,RCP-20260314-0952,,2e88aba6-e42f-416c-83c5-40169d7f647b,00000000-0000-0000-0000-000000000000,2026-02-17 09:01:54,2026-02-17 09:01:54
088fca33-66e9-44d2-a76f-b25d0c04558e,receipt,draft,RCP-20260314-0953,,77fd1710-9ba7-4de0-89c9-245974204484,00000000-0000-0000-0000-000000000000,2025-06-25 09:01:54,2025-06-25 09:01:54
d6e02abf-a15c-468a-8f9a-76e66a0ee02a,transfer,completed,TRF-20260314-0776,fc88b22e-17a6-424d-beb0-f0a7b6ca52a0,33fc5b43-be5a-4cf2-9659-bc645c7f6648,00000000-0000-0000-0000-000000000000,2026-01-01 09:01:54,2026-01-01 09:01:54
dd1a40b1-b882-4706-a4ba-b9271ac64ea1,adjustment,draft,ADJ-20260314-0479,fc967f5b-41d8-441e-8a73-4be95010fd9a,,00000000-0000-0000-0000-000000000000,2025-06-11 09:01:54,2025-06-11 09:01:54
d2a54580-f6f5-4bb3-a06e-ba0f877a7be9,transfer,completed,TRF-20260314-0777,a009ddcd-5f24-4f0d-8d23-338bab71b79d,71bae614-18d5-4564-9639-daeb5d9128d8,00000000-0000-0000-0000-000000000000,2025-11-28 09:01:54,2025-11-28 09:01:54
07549a7c-1a67-47ec-80ba-500bc8ccb0ad,receipt,completed,RCP-20260314-0954,,f7d3b8b1-f1fe-4e51-8d42-12506e16a6c5,00000000-0000-0000-0000-000000000000,2025-06-27 09:01:54,2025-06-27 09:01:54
8fc25275-b846-4961-98d0-3f0d648f2f44,adjustment,completed,ADJ-20260314-0480,206afca6-64b5-4bb8-a641-50ac4fdc87f9,,00000000-0000-0000-0000-000000000000,2026-01-01 09:01:54,2026-01-01 09:01:54
57c1e91c-c684-4ebd-8a65-0ed94003a484,receipt,draft,RCP-20260314-0955,,4810b6e5-f064-46f9-8c23-6854682e3db9,00000000-0000-0000-0000-000000000000,2025-06-30 09:01:54,2025-06-30 09:01:54
cb267c88-e402-42e2-b1c1-3ba94e17b0c2,receipt,confirmed,RCP-20260314-0956,,b466e237-94ac-44c6-999c-5120ecee04f0,00000000-0000-0000-0000-000000000000,2026-01-24 09:01:54,2026-01-24 09:01:54
e579f672-5a36-4393-8edc-d514b96c42eb,transfer,completed,TRF-20260314-0778,e69aaef1-e11a-4e97-9d9a-de982ae89f79,16233821-71b6-47b8-bf2c-8e5b25014a8e,00000000-0000-0000-0000-000000000000,2025-08-16 09:01:54,2025-08-16 09:01:54
ec7ac68f-2577-4afd-83f1-106dde13dffa,receipt,draft,RCP-20260314-0957,,0658c5eb-83f9-4a97-97d1-d028bb3c552a,00000000-0000-0000-0000-000000000000,2025-12-12 09:01:54,2025-12-12 09:01:54
e0d516ef-e660-4430-8e69-d7ea432c99f6,adjustment,completed,ADJ-20260314-0481,7aa19f46-7143-4821-96a2-6ab0bddb36b0,,00000000-0000-0000-0000-000000000000,2025-04-01 09:01:54,2025-04-01 09:01:54
9f1fdc51-5c4c-4027-b683-c30e62350776,receipt,completed,RCP-20260314-0958,,fa8908cf-599b-4f7d-9082-521e11a44610,00000000-0000-0000-0000-000000000000,2025-04-22 09:01:54,2025-04-22 09:01:54
20e64fec-a22f-4a01-bcb9-83b815fa4e95,receipt,draft,RCP-20260314-0959,,bb2172bc-3046-4fb8-bed5-ab3b16f795ec,00000000-0000-0000-0000-000000000000,2025-10-30 09:01:54,2025-10-30 09:01:54
43c0f390-3ee6-40a0-bdc8-630d60d807cd,receipt,completed,RCP-20260314-0960,,90776dd3-0cf4-4b8a-a885-49633c8f70d7,00000000-0000-0000-0000-000000000000,2025-07-29 09:01:54,2025-07-29 09:01:54
92d635d9-d35a-48b0-83ca-04ca44227dc2,receipt,draft,RCP-20260314-0961,,4bc8f921-5024-4fe3-bb7c-3b1c19e0111f,00000000-0000-0000-0000-000000000000,2025-07-25 09:01:54,2025-07-25 09:01:54
28249800-a80b-4de0-9eee-b3bd3dedf489,delivery,completed,DLV-20260314-0963,1a26d193-58a0-4ecc-9021-21fb8a0d1eed,,00000000-0000-0000-0000-000000000000,2025-06-01 09:01:54,2025-06-01 09:01:54
152cce20-a4f1-4c79-8283-db025f26c702,receipt,confirmed,RCP-20260314-0962,,d361b253-bb0b-4074-ae5e-237187e7d69b,00000000-0000-0000-0000-000000000000,2025-12-16 09:01:54,2025-12-16 09:01:54
b34e1f35-fe88-450b-b261-a91f62cd137f,receipt,draft,RCP-20260314-0963,,cfa81938-576b-4973-a034-7878a79df75b,00000000-0000-0000-0000-000000000000,2026-01-26 09:01:54,2026-01-26 09:01:54
97043e4b-2029-42e3-ad29-a20edcf2eb2b,delivery,completed,DLV-20260314-0964,7eec5007-2602-4dde-84fb-8d402beb5f8b,,00000000-0000-0000-0000-000000000000,2026-02-21 09:01:54,2026-02-21 09:01:54
c257845b-9e50-4bea-806c-8bc9460f1c56,delivery,completed,DLV-20260314-0965,aa360443-d1d6-4421-826a-2d2c4ac06d27,,00000000-0000-0000-0000-000000000000,2025-04-04 09:01:54,2025-04-04 09:01:54
965f33c7-005c-4225-b67f-27b9a53da5c1,delivery,draft,DLV-20260314-0966,5670daed-b19c-4265-967f-a7f6b77581a1,,00000000-0000-0000-0000-000000000000,2025-04-04 09:01:54,2025-04-04 09:01:54
19fbb90d-c957-4446-8c38-f8758641c7a2,adjustment,completed,ADJ-20260314-0482,ed992bfd-ee36-4d4c-9ed9-0505c477adbe,,00000000-0000-0000-0000-000000000000,2025-12-21 09:01:54,2025-12-21 09:01:54
d0b0a8ed-f2fd-4b81-967f-0f7166a0802d,delivery,completed,DLV-20260314-0967,660614dd-1c0f-4541-be1d-16b095853024,,00000000-0000-0000-0000-000000000000,2025-04-27 09:01:54,2025-04-27 09:01:54
c60fce18-f995-4031-9b99-fabde3ac4bc5,transfer,completed,TRF-20260314-0779,b4afa2b7-8a17-452a-ad56-b1b5da223b45,bbc58e5a-4836-461e-aaac-f9df3fe474c4,00000000-0000-0000-0000-000000000000,2026-02-22 09:01:54,2026-02-22 09:01:54
978ecb0f-6236-44c6-8775-5a6d8153c70d,transfer,draft,TRF-20260314-0780,b1f8c11e-9c73-4c23-8f2e-ff8f032a7344,b53f5cce-92d5-407e-8668-a214b158c70a,00000000-0000-0000-0000-000000000000,2025-05-17 09:01:54,2025-05-17 09:01:54
11b09241-7311-4ae3-9fed-d4df09323465,delivery,completed,DLV-20260314-0968,9321b224-3b9c-4774-b9e4-959590e86508,,00000000-0000-0000-0000-000000000000,2025-06-12 09:01:54,2025-06-12 09:01:54
a2759076-7e39-413d-b42d-a33f84c1d3f1,delivery,draft,DLV-20260314-0969,446d4569-34f7-4f80-b3ad-815eb3c8e4d0,,00000000-0000-0000-0000-000000000000,2025-09-02 09:01:54,2025-09-02 09:01:54
27cb2e67-8e51-43c0-b99a-30f4b70d86fb,delivery,draft,DLV-20260314-0970,c0f08e75-b6b6-439e-85c5-ec4a9b6286dd,,00000000-0000-0000-0000-000000000000,2025-09-09 09:01:54,2025-09-09 09:01:54
d75da300-93e7-4701-a139-77cab2f0aab3,receipt,completed,RCP-20260314-0964,,b3061431-e0b2-498f-bef6-8ee1a52a6d43,00000000-0000-0000-0000-000000000000,2025-10-03 09:01:54,2025-10-03 09:01:54
e944f701-462f-46ff-9187-af5cecba2eb1,delivery,draft,DLV-20260314-0971,88b43ea2-349b-45fa-a826-a90f52757a0d,,00000000-0000-0000-0000-000000000000,2025-11-17 09:01:54,2025-11-17 09:01:54
8ea9af9d-9faf-483c-a5fc-6a89c8656374,receipt,draft,RCP-20260314-0965,,30acb5aa-3f0a-4cb7-bc01-6f97c9f5e5f9,00000000-0000-0000-0000-000000000000,2025-10-26 09:01:54,2025-10-26 09:01:54
5ec750c8-04b9-4d9d-8900-e4a23b98f455,receipt,completed,RCP-20260314-0966,,760e0f55-62fd-4916-b9a8-b643f59b39ed,00000000-0000-0000-0000-000000000000,2025-12-13 09:01:54,2025-12-13 09:01:54
e65403a6-bdf0-4926-b2b9-2c1c9f293eb4,transfer,draft,TRF-20260314-0781,816b8d5a-a4c1-44e9-a68b-cb435a9ff590,000de79b-09f1-4e92-8972-540014b4d91e,00000000-0000-0000-0000-000000000000,2025-10-22 09:01:54,2025-10-22 09:01:54
01778bfd-a428-418d-90f3-fcce3a2bdf8a,transfer,draft,TRF-20260314-0782,dc8c3f6f-e607-41bf-9c62-8bdb9a7f7bf2,25a2ee16-5eb2-4e18-aedd-fe2b00752d9e,00000000-0000-0000-0000-000000000000,2025-12-31 09:01:54,2025-12-31 09:01:54
d278cd29-e9c1-473e-894d-d6c87f00bfe8,receipt,completed,RCP-20260314-0967,,b54b868d-9fb6-4d35-bfca-83d4f5229449,00000000-0000-0000-0000-000000000000,2026-02-12 09:01:54,2026-02-12 09:01:54
0088f05f-d084-4678-9d5f-0af17bb1ad6d,adjustment,draft,ADJ-20260314-0483,3e450f2d-3a9f-43e7-98a0-6fcdd1d618f8,,00000000-0000-0000-0000-000000000000,2025-10-11 09:01:54,2025-10-11 09:01:54
bae2e8e6-6856-43e9-a42c-4172d9b4dc94,delivery,completed,DLV-20260314-0972,e4ff15c3-26cd-4665-9ecd-a3a50888d531,,00000000-0000-0000-0000-000000000000,2025-10-08 09:01:54,2025-10-08 09:01:54
bf9be4ac-330b-4073-8342-c40f442d4a47,transfer,completed,TRF-20260314-0783,419c0f12-2bf7-4f71-8096-9da475b35667,cea98027-2d30-46a8-a102-14b7e2f9a894,00000000-0000-0000-0000-000000000000,2025-12-07 09:01:54,2025-12-07 09:01:54
5fdd98e7-0042-4e3e-a54b-6568e46b0322,adjustment,completed,ADJ-20260314-0484,297dbd76-cd16-4a30-b644-256616f406eb,,00000000-0000-0000-0000-000000000000,2026-01-04 09:01:54,2026-01-04 09:01:54
e2f8bf85-67de-4c6c-b405-676e16c43074,receipt,draft,RCP-20260314-0968,,5916645d-0737-42cb-9733-5fb739ed7f31,00000000-0000-0000-0000-000000000000,2025-06-14 09:01:54,2025-06-14 09:01:54
48474696-15d4-4d7a-9dd1-85c88c7e37c7,receipt,completed,RCP-20260314-0969,,df823a1a-09c1-4df1-a967-5d6f5b85df3e,00000000-0000-0000-0000-000000000000,2026-02-22 09:01:54,2026-02-22 09:01:54
7a9216e4-d69b-451c-a492-635032f75696,receipt,completed,RCP-20260314-0970,,e9016777-8b38-4652-a980-35d5819bbccd,00000000-0000-0000-0000-000000000000,2025-05-31 09:01:54,2025-05-31 09:01:54
37a83f53-d27a-438c-9e4f-59eeb6743891,delivery,completed,DLV-20260314-0973,b09b23f1-d6de-479a-a095-0224914d2c6d,,00000000-0000-0000-0000-000000000000,2025-09-04 09:01:54,2025-09-04 09:01:54
6360cf11-b285-491d-a379-ae4ce79af6c0,delivery,completed,DLV-20260314-0974,9a9b4a2d-dcd1-4287-90ff-62cca1a071c5,,00000000-0000-0000-0000-000000000000,2026-02-06 09:01:54,2026-02-06 09:01:54
83322b78-0c0e-4334-930f-fd9b9e96de15,transfer,draft,TRF-20260314-0784,2ae46f57-d3bb-45f9-9ce4-3c2743851718,ac94d6b7-90a2-429c-867b-3b8f8b934732,00000000-0000-0000-0000-000000000000,2025-12-05 09:01:54,2025-12-05 09:01:54
b1e6b056-8b5f-4ee7-83ee-b217ca21edb8,delivery,completed,DLV-20260314-0975,fce22610-3e2e-40ba-9cc0-bf7a90191c0d,,00000000-0000-0000-0000-000000000000,2025-12-03 09:01:54,2025-12-03 09:01:54
3fb722c3-1660-4c90-9893-2fdff6d0fbe9,transfer,completed,TRF-20260314-0785,b263891f-724b-4d87-9f59-fe2c93709f52,d90a2141-b860-4dfe-af7f-304ea1d43f50,00000000-0000-0000-0000-000000000000,2025-08-02 09:01:54,2025-08-02 09:01:54
ab587b73-e85b-4b3f-aef9-a8c73bbb4cab,delivery,draft,DLV-20260314-0976,0f55531d-0da9-4fe3-aa8e-a2b37429c9c9,,00000000-0000-0000-0000-000000000000,2025-11-30 09:01:54,2025-11-30 09:01:54
582e5313-cbdd-4563-8b95-8ac6a067311f,adjustment,completed,ADJ-20260314-0485,e12e1851-35e5-4bca-b6c4-507f010551e4,,00000000-0000-0000-0000-000000000000,2026-02-26 09:01:54,2026-02-26 09:01:54
385439b0-5d2c-4186-9b89-b79f1d962064,adjustment,draft,ADJ-20260314-0486,f31b4273-038f-4066-83e8-46c701eeb506,,00000000-0000-0000-0000-000000000000,2025-10-15 09:01:54,2025-10-15 09:01:54
4644ef30-f6b7-4781-8711-91de946b9ad7,receipt,completed,RCP-20260314-0971,,a2a0333e-cd5f-414e-8d20-ddbe8d3b1542,00000000-0000-0000-0000-000000000000,2025-12-20 09:01:54,2025-12-20 09:01:54
f6d85ede-5214-4ab6-8cd2-a18d03d0ae84,transfer,completed,TRF-20260314-0786,579df08f-e3e9-4718-a7f8-bca81f8d09a7,b6878f85-f62a-4c20-a30e-a896984036d7,00000000-0000-0000-0000-000000000000,2025-10-30 09:01:54,2025-10-30 09:01:54
472d21ac-3e5f-4983-9bf2-557bd4280942,delivery,draft,DLV-20260314-0977,d0e0f157-bfc8-4a20-9987-3bce390cd21c,,00000000-0000-0000-0000-000000000000,2026-02-05 09:01:54,2026-02-05 09:01:54
dd63cc12-35e9-4e9e-aca9-abc975716f44,receipt,draft,RCP-20260314-0972,,97cbab7b-f4ef-45a0-90f3-742bbe4473de,00000000-0000-0000-0000-000000000000,2025-06-20 09:01:54,2025-06-20 09:01:54
1dd6e93c-238d-4912-a29f-dadacb13957d,adjustment,draft,ADJ-20260314-0487,77cb1870-5a0f-4056-9c73-e66f6363f869,,00000000-0000-0000-0000-000000000000,2026-03-05 09:01:54,2026-03-05 09:01:54
15ae4c1c-daf7-40a2-8ce4-a62a04f62d4e,transfer,completed,TRF-20260314-0787,9ffb71da-7dc0-4cfd-8f1f-a17425b991eb,16a92ee6-3252-4bf8-8e89-e86501a8dd66,00000000-0000-0000-0000-000000000000,2025-12-06 09:01:54,2025-12-06 09:01:54
e4188b1d-f2fa-4958-a150-2632a7116d18,delivery,draft,DLV-20260314-0978,ae70ec8c-1a63-465d-8c2d-41d0cb320da6,,00000000-0000-0000-0000-000000000000,2025-10-07 09:01:54,2025-10-07 09:01:54
38eb6f61-aa62-4635-87c5-9a8f62f5de9f,transfer,completed,TRF-20260314-0788,1b33a7d0-365b-400a-890a-0ca21a3ceb86,71e46f7a-72d5-42a6-8c56-3bfeb0f221b8,00000000-0000-0000-0000-000000000000,2025-09-21 09:01:54,2025-09-21 09:01:54
186fa26d-6bb3-4a4d-badc-ede544e7ed52,delivery,confirmed,DLV-20260314-0979,d10195cd-91d4-4861-b662-5f99c1551629,,00000000-0000-0000-0000-000000000000,2026-01-15 09:01:54,2026-01-15 09:01:54
4268416f-00bd-48a9-b1f7-febc7605c74c,delivery,completed,DLV-20260314-0980,5313ff7a-f2a6-4137-a14b-cf5d5de784e1,,00000000-0000-0000-0000-000000000000,2026-02-14 09:01:54,2026-02-14 09:01:54
39b06d6c-b50b-4012-8306-908d27baf702,receipt,completed,RCP-20260314-0973,,b7ba428e-b333-436b-a123-d1a0789ce555,00000000-0000-0000-0000-000000000000,2025-04-14 09:01:54,2025-04-14 09:01:54
9e512952-9f5a-4b29-a1ba-9f34db452687,delivery,draft,DLV-20260314-0981,35dd8f61-8a7a-42e7-8121-f56c9b175056,,00000000-0000-0000-0000-000000000000,2025-10-25 09:01:54,2025-10-25 09:01:54
4f2350ef-b6cd-4e98-a7b2-33508b08b168,transfer,completed,TRF-20260314-0789,8d958b29-2cdc-47a8-8961-84598f53981e,94f41faa-c824-4700-9d89-1d8a555e5d43,00000000-0000-0000-0000-000000000000,2025-09-30 09:01:54,2025-09-30 09:01:54
7d86e97f-f680-4a33-9338-9d685fc7fae8,delivery,completed,DLV-20260314-0982,f00ece7b-50b9-4d8f-ad5a-12946f131164,,00000000-0000-0000-0000-000000000000,2025-08-18 09:01:54,2025-08-18 09:01:54
ea42ec61-5450-4bdb-88f5-96cd516ce8ef,receipt,completed,RCP-20260314-0974,,14865eda-d2c1-43f7-9fb2-7194e72dea1f,00000000-0000-0000-0000-000000000000,2025-07-04 09:01:54,2025-07-04 09:01:54
b79485d9-ef5f-4dd8-a1dd-070f1fae6729,receipt,draft,RCP-20260314-0975,,72d003ee-dfea-489e-9839-3c16f0b98ff6,00000000-0000-0000-0000-000000000000,2025-12-21 09:01:54,2025-12-21 09:01:54
e42ee41a-c945-41c9-afd1-e1511171620d,transfer,completed,TRF-20260314-0790,d961a216-c7da-4814-8a64-896fc9f5aa9e,6cb258b4-c6a2-4ded-9541-396937632bbb,00000000-0000-0000-0000-000000000000,2025-10-23 09:01:54,2025-10-23 09:01:54
ee26c36f-7f65-4c77-8651-27dc3f05ac2e,delivery,completed,DLV-20260314-0983,9b44a3eb-4ddd-4bbd-92e2-6bc9993a4a47,,00000000-0000-0000-0000-000000000000,2025-08-31 09:01:54,2025-08-31 09:01:54
acb22b4e-c74d-4c88-8426-1977f9b37eb1,transfer,completed,TRF-20260314-0791,20bb80d7-2a5f-4734-92f0-d76d892c0dc4,87b116d0-6d1b-472b-8948-ba7569da9ae6,00000000-0000-0000-0000-000000000000,2026-02-22 09:01:54,2026-02-22 09:01:54
75c77ba9-1ef4-433f-b274-681d0bc3c696,transfer,draft,TRF-20260314-0792,66a6f57d-d1f2-4cae-8b7e-2fd31bbd4c7b,4e729ead-6a96-4c60-a2b7-bd20fc53e02b,00000000-0000-0000-0000-000000000000,2025-06-14 09:01:54,2025-06-14 09:01:54
95398246-401e-4709-b2e1-f4be0504e33f,receipt,completed,RCP-20260314-0976,,d240b62e-3d4e-4610-aee8-8911a6440864,00000000-0000-0000-0000-000000000000,2025-04-01 09:01:54,2025-04-01 09:01:54
e5cdea3a-5ee6-428b-bd20-676d001525d8,delivery,completed,DLV-20260314-0984,def5da4c-4309-4c10-904a-0292372960c3,,00000000-0000-0000-0000-000000000000,2025-08-26 09:01:54,2025-08-26 09:01:54
b303b881-166f-4c37-a2fa-003fa905a452,delivery,completed,DLV-20260314-0985,e55b4bf8-33f3-4c43-957d-4b18214794a6,,00000000-0000-0000-0000-000000000000,2025-09-23 09:01:54,2025-09-23 09:01:54
b7f20e2f-49fb-4330-8a53-08b2aa39e604,delivery,completed,DLV-20260314-0986,0883d42c-e5ca-4365-899d-e5fb056144cf,,00000000-0000-0000-0000-000000000000,2025-03-20 09:01:54,2025-03-20 09:01:54
27a25c92-ee80-4750-b018-3ce8410b69d8,transfer,completed,TRF-20260314-0793,ab107327-266a-47d6-b2fc-03b65971fcf5,e42f51fb-1d4c-4c71-8556-cafd00a2728d,00000000-0000-0000-0000-000000000000,2026-01-13 09:01:54,2026-01-13 09:01:54
f09d90d4-dded-4102-a7b1-ce9f05e37c83,delivery,confirmed,DLV-20260314-0987,f76f2aba-dd19-46bd-87ea-ec8d7799dcd6,,00000000-0000-0000-0000-000000000000,2025-10-26 09:01:54,2025-10-26 09:01:54
afdfd354-fad1-4702-b33d-9c1a7f52d70d,receipt,completed,RCP-20260314-0977,,c333d721-5560-4853-a838-b481fc7ee898,00000000-0000-0000-0000-000000000000,2025-04-26 09:01:54,2025-04-26 09:01:54
fd39ff0c-36ae-462c-80c0-0590d1e74c6d,delivery,draft,DLV-20260314-0988,b8293dd4-9ad5-4a0a-a663-909d44f2744e,,00000000-0000-0000-0000-000000000000,2026-01-13 09:01:54,2026-01-13 09:01:54
e9a255a8-84a4-4665-a1bd-8cb615fb0cd4,delivery,draft,DLV-20260314-0989,3b253de7-dcd3-499e-b1ee-ec60c8670c6a,,00000000-0000-0000-0000-000000000000,2026-01-31 09:01:54,2026-01-31 09:01:54
7b62c8af-7aaa-4c77-8b63-b73a7b322098,adjustment,draft,ADJ-20260314-0488,6600f682-ac4c-4566-8e3e-6ce8cca42b6f,,00000000-0000-0000-0000-000000000000,2026-01-16 09:01:54,2026-01-16 09:01:54
05b70052-bdf4-4ca9-bddd-0cc235c6fb8c,transfer,draft,TRF-20260314-0794,332f5bc1-a015-4e89-a43a-24128d6088b8,1b9d5b99-6af4-4cc8-a44d-a4d0bdf1bc5a,00000000-0000-0000-0000-000000000000,2025-03-20 09:01:54,2025-03-20 09:01:54
dc798cea-0149-4d05-90cb-60f75b7bc66f,delivery,completed,DLV-20260314-0990,b575fbb4-7119-4659-ac99-eb59db22d346,,00000000-0000-0000-0000-000000000000,2026-02-28 09:01:54,2026-02-28 09:01:54
db4a91c9-ca62-419a-8c9a-58fee12eb4c0,receipt,completed,RCP-20260314-0978,,85551486-9b10-479e-a3b6-2ed1a4562f7c,00000000-0000-0000-0000-000000000000,2026-02-24 09:01:54,2026-02-24 09:01:54
f560570b-286a-4696-a24f-434d95949c49,receipt,draft,RCP-20260314-0979,,f6e44d57-b96a-4862-9d31-299f0ceda5c1,00000000-0000-0000-0000-000000000000,2025-08-11 09:01:54,2025-08-11 09:01:54
90f70702-4989-4ef3-90e4-40f78d0ccdb9,adjustment,completed,ADJ-20260314-0489,fe797257-c279-4d08-a3ad-b98ed471956b,,00000000-0000-0000-0000-000000000000,2026-02-11 09:01:54,2026-02-11 09:01:54
be9d4012-75bf-4320-a537-f4aa0f0684e8,transfer,completed,TRF-20260314-0795,816b8d5a-a4c1-44e9-a68b-cb435a9ff590,a96f2049-0daa-4725-a635-d7d98a39ec89,00000000-0000-0000-0000-000000000000,2025-07-01 09:01:54,2025-07-01 09:01:54
883a4107-bd56-4b8f-a967-292f5cc66d5b,delivery,completed,DLV-20260314-0991,bc4b0797-c0fd-4873-8f41-41a09571db4d,,00000000-0000-0000-0000-000000000000,2025-12-04 09:01:54,2025-12-04 09:01:54
90519347-0384-4ee7-81d1-0b291ee6f1ea,transfer,completed,TRF-20260314-0796,2270d678-13fc-49b0-9232-3ed27b5f4534,bef01940-5948-4f89-a751-577296331994,00000000-0000-0000-0000-000000000000,2025-09-06 09:01:54,2025-09-06 09:01:54
abef63b6-e1ff-45d6-86d8-80a6466620b5,transfer,draft,TRF-20260314-0797,1a589eb1-e6c1-4b4a-bc34-b2ab43772469,d0e8adf1-1e2f-450d-aa43-64b9b3a91f2d,00000000-0000-0000-0000-000000000000,2025-03-21 09:01:54,2025-03-21 09:01:54
accda0ce-e851-4d31-831c-f9e1eb9a8c47,transfer,completed,TRF-20260314-0798,5df765b3-1fbd-4cac-9b9c-571049415f8f,889be0ff-3ea5-4716-b2e9-5d44c8f246de,00000000-0000-0000-0000-000000000000,2025-03-21 09:01:54,2025-03-21 09:01:54
639c6d44-ee57-4d07-b339-e36668d8ef47,delivery,completed,DLV-20260314-0992,9af1ae6e-07d7-47d1-8c2d-9322350d644c,,00000000-0000-0000-0000-000000000000,2025-05-13 09:01:54,2025-05-13 09:01:54
b96607f0-f12d-4daf-bfd9-c051974e28a4,transfer,completed,TRF-20260314-0799,b8b268a8-62be-44df-a6ad-6017ceba450c,276c5037-e8e2-4477-8dae-a6e94dfcbd86,00000000-0000-0000-0000-000000000000,2026-03-06 09:01:54,2026-03-06 09:01:54
def295dc-34e8-4644-b795-586c1c80d234,receipt,completed,RCP-20260314-0980,,38e78c4f-4932-4dd4-ae0e-45b8cab4f505,00000000-0000-0000-0000-000000000000,2025-09-30 09:01:54,2025-09-30 09:01:54
56934829-0816-43da-b143-ff880f799279,delivery,confirmed,DLV-20260314-0993,b38d5719-406c-4aee-b1c0-33f48409ff5d,,00000000-0000-0000-0000-000000000000,2025-10-24 09:01:54,2025-10-24 09:01:54
aaf3e288-494a-4e35-b17d-85cb7ad98848,delivery,completed,DLV-20260314-0994,559eb029-0430-4c22-a0df-a317b8b6d000,,00000000-0000-0000-0000-000000000000,2025-10-14 09:01:54,2025-10-14 09:01:54
e2144a17-a862-4538-8967-b433fe27dbe8,delivery,draft,DLV-20260314-0995,66c23884-fb51-44ab-ac13-209393d18e93,,00000000-0000-0000-0000-000000000000,2025-10-23 09:01:54,2025-10-23 09:01:54
e9b4fbd9-a989-43ce-ae51-ca4214a480cc,delivery,completed,DLV-20260314-0996,b1b60805-bbff-48f6-9bf3-6659c953b5ff,,00000000-0000-0000-0000-000000000000,2025-10-15 09:01:54,2025-10-15 09:01:54
11b1fa8f-f917-4060-8109-d18ef11c7db3,receipt,completed,RCP-20260314-0981,,e93a0cca-b5d9-4bb9-876b-7f19d6eaed29,00000000-0000-0000-0000-000000000000,2025-07-01 09:01:54,2025-07-01 09:01:54
682f3380-d615-4544-81de-a370b5ebceac,receipt,draft,RCP-20260314-0982,,12451262-5aeb-4bbc-82da-1c1f4c36d25d,00000000-0000-0000-0000-000000000000,2025-10-10 09:01:54,2025-10-10 09:01:54
30842b68-6858-4194-95cb-18094574541c,delivery,draft,DLV-20260314-0997,62a41834-d066-4fa6-9dc5-2f84889d8cb2,,00000000-0000-0000-0000-000000000000,2025-09-12 09:01:54,2025-09-12 09:01:54
88ae43dd-3d41-4749-823e-a79663769ceb,adjustment,completed,ADJ-20260314-0490,c87bdf06-de04-4411-ba97-ba18b638c7dd,,00000000-0000-0000-0000-000000000000,2025-08-20 09:01:54,2025-08-20 09:01:54
8372fbd4-fcc4-4470-92c9-be38f3fc8a80,transfer,completed,TRF-20260314-0800,b007ea05-c079-47a8-a62d-711cfa6bd6b5,12ff5df2-f401-449a-8c61-52eaa7b2171d,00000000-0000-0000-0000-000000000000,2025-12-24 09:01:54,2025-12-24 09:01:54
3bb74363-0c25-4952-97e8-2cfa3aa00fea,receipt,draft,RCP-20260314-0983,,337b7aca-f96d-4956-8c74-4e978cc777d5,00000000-0000-0000-0000-000000000000,2025-05-29 09:01:54,2025-05-29 09:01:54
7ca49d95-e82a-4198-ad18-7fff283045bc,transfer,confirmed,TRF-20260314-0801,f5fe32db-e4d6-4f85-9fbe-e1f84d178d1c,94aa7278-f482-4bca-ad99-b555688c6cee,00000000-0000-0000-0000-000000000000,2025-12-23 09:01:54,2025-12-23 09:01:54
9da94668-0405-4d25-bba0-ff1fc38fb4da,receipt,completed,RCP-20260314-0984,,15cf11be-39ee-4eb4-b3b2-df1871441e40,00000000-0000-0000-0000-000000000000,2025-12-15 09:01:54,2025-12-15 09:01:54
a4244cba-a445-4813-b66b-40e37f58a781,receipt,completed,RCP-20260314-0985,,90b4cf9f-f2fb-4fb2-b7a8-240a96ab6e4e,00000000-0000-0000-0000-000000000000,2025-11-22 09:01:54,2025-11-22 09:01:54
ce61e2b5-2280-4ea4-9e18-75044ec2217d,transfer,completed,TRF-20260314-0802,47c485a6-5751-412c-a271-4afc315db78a,c65e9783-0709-4f31-b7d4-ad2f0a41f333,00000000-0000-0000-0000-000000000000,2025-05-04 09:01:54,2025-05-04 09:01:54
a45482d4-d850-4fe9-8ac4-bed33467429c,receipt,draft,RCP-20260314-0986,,8eeed936-0141-433b-9095-9f8f99a0c6ce,00000000-0000-0000-0000-000000000000,2025-10-23 09:01:54,2025-10-23 09:01:54
4c1f5dc5-1ebf-4177-96fc-506b391b0771,adjustment,completed,ADJ-20260314-0491,c6de4edd-f67a-40cc-a4f1-0b14dae3c595,,00000000-0000-0000-0000-000000000000,2025-03-17 09:01:54,2025-03-17 09:01:54
72782af3-1139-4360-ba45-a2de004744b7,receipt,confirmed,RCP-20260314-0987,,59d268a3-4e63-461f-8027-6048cdcc186e,00000000-0000-0000-0000-000000000000,2025-03-26 09:01:54,2025-03-26 09:01:54
6bf49619-c523-49e5-b350-e7802a48fae0,adjustment,draft,ADJ-20260314-0492,4f567199-08f3-4ab4-9b56-1064cdd8e902,,00000000-0000-0000-0000-000000000000,2025-06-30 09:01:54,2025-06-30 09:01:54
e8835d93-e9f6-431e-9ad3-521e85942672,adjustment,draft,ADJ-20260314-0493,9ec53fa1-a746-4dc7-87a6-3231d69d6659,,00000000-0000-0000-0000-000000000000,2025-10-25 09:01:54,2025-10-25 09:01:54
f2a3219b-5e23-45d6-8661-18af9fee371b,transfer,completed,TRF-20260314-0803,1b7c0d14-e881-4faf-80d9-fa9b53bcd7ef,08a04a93-7605-4ae5-bfcd-e44a85f013e2,00000000-0000-0000-0000-000000000000,2025-06-01 09:01:54,2025-06-01 09:01:54
4cb23a0b-ee2a-4dd9-bc18-f30f85894362,adjustment,draft,ADJ-20260314-0494,4e28ea45-6247-4162-ac43-d4453d8deae4,,00000000-0000-0000-0000-000000000000,2025-09-12 09:01:54,2025-09-12 09:01:54
3cda88cc-9654-441e-b4d7-a4a8ec0d116f,delivery,completed,DLV-20260314-0998,a266f642-d89b-430a-82bd-6e010400c6e6,,00000000-0000-0000-0000-000000000000,2026-03-12 09:01:54,2026-03-12 09:01:54
f5c2ea5c-6b06-4488-81bb-0ce9b50a59a2,receipt,completed,RCP-20260314-0988,,ff52825b-f30f-4f45-b401-1061e71512ce,00000000-0000-0000-0000-000000000000,2025-11-29 09:01:54,2025-11-29 09:01:54
4cfa6288-e685-44cf-8999-5f59113b3956,delivery,draft,DLV-20260314-0999,e308289a-2085-4616-8d71-c09ccf129c05,,00000000-0000-0000-0000-000000000000,2025-07-29 09:01:54,2025-07-29 09:01:54
2e2ea7e8-2f1d-4c28-925f-4b1b6ea26a5f,transfer,draft,TRF-20260314-0804,05ddf262-dce1-407d-baf0-39d6c540abb5,d6d0f5f2-8e2d-4d0a-add7-d44b3c8f23a8,00000000-0000-0000-0000-000000000000,2026-02-27 09:01:54,2026-02-27 09:01:54
641590c1-3450-4039-b669-7a86d1ea6808,delivery,completed,DLV-20260314-1000,456278db-e58a-4cc7-b2fc-541135b8ac40,,00000000-0000-0000-0000-000000000000,2026-02-01 09:01:54,2026-02-01 09:01:54
87040357-130a-485a-ab82-779aa776dd56,receipt,draft,RCP-20260314-0989,,61df7efe-c2d0-4d1e-ab50-7ebe507755b6,00000000-0000-0000-0000-000000000000,2025-07-10 09:01:54,2025-07-10 09:01:54
b474af57-c0ea-4690-a8fe-70c4837fe5a3,transfer,completed,TRF-20260314-0805,2574f713-1d67-4d38-bd44-1d19918b5f50,dbcae594-d48b-429b-8549-760a91d8d5af,00000000-0000-0000-0000-000000000000,2025-10-12 09:01:54,2025-10-12 09:01:54
48ca8b0f-18f0-4830-af15-b01a3cdd89eb,receipt,confirmed,RCP-20260314-0990,,eeb29cf5-0800-4eea-85ee-478668049573,00000000-0000-0000-0000-000000000000,2025-03-18 09:01:54,2025-03-18 09:01:54
28b90555-1de7-4cf8-9b2b-1a69de39065f,receipt,completed,RCP-20260314-0991,,757c63fb-e229-4a2b-9b27-deffd9b26d1f,00000000-0000-0000-0000-000000000000,2025-10-13 09:01:54,2025-10-13 09:01:54
be58fbe6-dee6-4f1b-ad6d-bdf3b5cdf1e9,transfer,draft,TRF-20260314-0806,f5e12ea7-e129-438a-bafa-0235ea7bbfbd,b36bf14d-aa1e-4f28-82f3-50ad84bfb543,00000000-0000-0000-0000-000000000000,2025-04-27 09:01:54,2025-04-27 09:01:54
3c346f61-4b65-4e2c-99e2-da4eaf2dd2e4,receipt,draft,RCP-20260314-0992,,5471fd04-0810-4de1-928d-b10c82afc232,00000000-0000-0000-0000-000000000000,2026-01-28 09:01:54,2026-01-28 09:01:54
46a19a1a-5a0a-4787-862a-fcc91ff85a28,receipt,draft,RCP-20260314-0993,,b35c05c4-fd01-4e30-a824-feeb551b4833,00000000-0000-0000-0000-000000000000,2026-01-10 09:01:54,2026-01-10 09:01:54
efc6ebcd-74b1-4bac-84c9-b4eefc728f26,receipt,completed,RCP-20260314-0994,,9d59145b-9cc0-43f4-a8ae-a0c7a037d214,00000000-0000-0000-0000-000000000000,2025-04-21 09:01:54,2025-04-21 09:01:54
b506beba-c434-49b7-96fc-8cd7a6ef2e8f,delivery,draft,DLV-20260314-1001,66b0b21e-a534-438a-a8b1-bdb11871813e,,00000000-0000-0000-0000-000000000000,2025-07-04 09:01:54,2025-07-04 09:01:54
100c256c-2991-4c20-885d-bb466deb9bc7,delivery,completed,DLV-20260314-1002,e584c9e2-b262-4287-8563-a516bd8db6c1,,00000000-0000-0000-0000-000000000000,2026-02-27 09:01:54,2026-02-27 09:01:54
762ab25b-aaae-4c51-90f1-c49cc200d605,receipt,completed,RCP-20260314-0995,,6ec379f9-15d6-4d3e-9f2a-1ef247edb9b6,00000000-0000-0000-0000-000000000000,2025-05-26 09:01:54,2025-05-26 09:01:54
fc90ec31-58ff-4818-a6df-e0fcc5d6b781,delivery,completed,DLV-20260314-1003,b01960a9-9a94-4d60-940c-1a45866708c4,,00000000-0000-0000-0000-000000000000,2025-09-27 09:01:54,2025-09-27 09:01:54
9d1268c0-a004-4392-a284-de7c0bb8a61e,delivery,completed,DLV-20260314-1004,191e39bb-c72e-44a4-a765-e56f8cf09b05,,00000000-0000-0000-0000-000000000000,2025-06-21 09:01:54,2025-06-21 09:01:54
4ca24fc8-7614-4331-9599-fdce17214164,transfer,confirmed,TRF-20260314-0807,2fb3a220-7d3a-490c-a99d-cd018eede76d,4f9e9aa4-5803-4282-8c40-e9a59cd7dae9,00000000-0000-0000-0000-000000000000,2025-04-04 09:01:54,2025-04-04 09:01:54
318ef348-f53e-4d0e-83e6-6cc9ee0bcedb,receipt,completed,RCP-20260314-0996,,ea6bc833-d6d4-4a5e-8470-1e0e00008150,00000000-0000-0000-0000-000000000000,2025-07-31 09:01:54,2025-07-31 09:01:54
dc146672-ea5c-41ea-83ee-82ece7a30a31,receipt,completed,RCP-20260314-0997,,c4b81bdb-22b7-484f-bc9b-42054a227289,00000000-0000-0000-0000-000000000000,2025-09-05 09:01:54,2025-09-05 09:01:54
b8db42f1-dd36-4591-89ce-f21c7932f72d,transfer,completed,TRF-20260314-0808,c5ff24dc-1a14-4a7c-9eba-0d20aedd482a,d7b7527b-c489-4efb-a634-d8ed1817d8f2,00000000-0000-0000-0000-000000000000,2026-02-25 09:01:54,2026-02-25 09:01:54
edc538a7-73aa-4a3c-b3e1-e732dbc82782,transfer,completed,TRF-20260314-0809,5692368f-c4e4-4683-82a8-c508fc25b35c,d13fb4c2-d2af-4081-a15d-fdbc87ba600a,00000000-0000-0000-0000-000000000000,2025-05-25 09:01:54,2025-05-25 09:01:54
2366a6ec-114f-4968-8118-9d9bb06dd05c,receipt,completed,RCP-20260314-0998,,befea71e-de6a-4077-80e8-d6c8618bb063,00000000-0000-0000-0000-000000000000,2025-03-23 09:01:54,2025-03-23 09:01:54
5f85c8d9-265c-4a68-8d59-a01be1acc24c,receipt,draft,RCP-20260314-0999,,c83c8321-1786-4ad7-a172-53a5993d1354,00000000-0000-0000-0000-000000000000,2025-12-06 09:01:54,2025-12-06 09:01:54
61c781a7-d216-4d48-8413-7a2324ef65e4,adjustment,completed,ADJ-20260314-0495,d0f67a78-292e-4379-bd7c-4d12c5d301ce,,00000000-0000-0000-0000-000000000000,2025-12-20 09:01:54,2025-12-20 09:01:54
75c495f8-a880-4da6-9ff4-773604c3f8dd,transfer,draft,TRF-20260314-0810,1053ce94-a3fe-4899-a5d3-0c8e47d3b882,f2146dc7-bd6e-4323-900c-4462742b1d3d,00000000-0000-0000-0000-000000000000,2025-04-23 09:01:54,2025-04-23 09:01:54
bcafaa52-8d30-4459-a613-16a2744671a5,transfer,completed,TRF-20260314-0811,9fadf76c-c031-4ee7-b7a9-87be31af6d07,179a7d61-12a8-4e65-9845-7b7c1a9b62d2,00000000-0000-0000-0000-000000000000,2025-08-29 09:01:54,2025-08-29 09:01:54
23377e31-d792-4fe0-879b-7bd1c3015685,transfer,draft,TRF-20260314-0812,5269d90e-5023-47b9-a94b-ca2f0c7a5a30,d2cf5ca6-5521-4f5c-abe0-de25dc8e4a00,00000000-0000-0000-0000-000000000000,2025-10-28 09:01:54,2025-10-28 09:01:54
a7efa494-3f07-4976-9c6a-97023544a083,delivery,completed,DLV-20260314-1005,29df2584-83d7-4405-aa8b-ceec6d94751c,,00000000-0000-0000-0000-000000000000,2025-11-20 09:01:54,2025-11-20 09:01:54
b9a610d7-9cd4-4d02-8509-a9b529f3580d,transfer,draft,TRF-20260314-0813,e18045e9-811a-4d3a-b7ab-d41b09562309,1277180d-1ec2-4d42-885d-520975a6d5bd,00000000-0000-0000-0000-000000000000,2026-01-04 09:01:54,2026-01-04 09:01:54
8187fa2a-2d19-4a37-b7b5-9707f3f95ff8,delivery,draft,DLV-20260314-1006,ffac4742-2b1e-4967-8342-f4fd0d63d359,,00000000-0000-0000-0000-000000000000,2026-02-14 09:01:54,2026-02-14 09:01:54
395f9452-5798-4fa4-9670-89569d3000c9,delivery,draft,DLV-20260314-1007,1218b0e4-ff7a-40fa-921a-da0ae9c2d721,,00000000-0000-0000-0000-000000000000,2025-10-24 09:01:54,2025-10-24 09:01:54
13d17158-273a-4063-898d-ec84cd2adb56,transfer,completed,TRF-20260314-0814,0a808531-6c2a-4aac-8274-9f6ddbbffb6e,6395a9a1-9dd6-4c26-924e-977abb88a31e,00000000-0000-0000-0000-000000000000,2025-12-18 09:01:54,2025-12-18 09:01:54
d4e7734c-ffa9-4190-a681-980e364a7150,receipt,completed,RCP-20260314-1000,,f4c39eff-7b43-4a6a-8ed2-002000a94c46,00000000-0000-0000-0000-000000000000,2025-10-14 09:01:54,2025-10-14 09:01:54
a65581e7-6c01-4acb-963d-43e176e87fdf,receipt,completed,RCP-20260314-1001,,e0e4dced-d660-4434-85ac-9a6ce8adaf59,00000000-0000-0000-0000-000000000000,2025-07-14 09:01:54,2025-07-14 09:01:54
4e3c0c4a-b480-47aa-b489-6ddc6288299c,transfer,draft,TRF-20260314-0815,b43d2a3d-299a-4164-9a4b-018a1a27e11b,e0b05346-2f40-415f-8e10-b1298b1cd915,00000000-0000-0000-0000-000000000000,2025-08-01 09:01:54,2025-08-01 09:01:54
0ff971a4-e766-42d7-8945-688401f7f9aa,adjustment,completed,ADJ-20260314-0496,ea27d7e7-53bd-4f57-9819-bc751986d8c4,,00000000-0000-0000-0000-000000000000,2025-06-16 09:01:54,2025-06-16 09:01:54
ee337c60-4e15-4d97-96b7-65594c6db1c1,receipt,draft,RCP-20260314-1002,,77cb1870-5a0f-4056-9c73-e66f6363f869,00000000-0000-0000-0000-000000000000,2025-08-23 09:01:54,2025-08-23 09:01:54
45b8f583-c0d1-46d6-b0d5-978b9b9e4205,receipt,completed,RCP-20260314-1003,,f35ef0d7-07ed-4e39-9c0f-2dd6c74a3d8a,00000000-0000-0000-0000-000000000000,2025-10-31 09:01:54,2025-10-31 09:01:54
bb632755-18a9-4e59-9703-c0a4919d67b0,transfer,draft,TRF-20260314-0816,e9b2ae49-b832-4fe7-8d7e-bd6575f394aa,d6ab4fe2-4435-446e-8178-74f970c80add,00000000-0000-0000-0000-000000000000,2026-01-09 09:01:54,2026-01-09 09:01:54
1df1d19d-626d-4d09-8631-ac0a0c090ef9,receipt,draft,RCP-20260314-1004,,a979c2c1-8955-43cf-a415-a29170141a21,00000000-0000-0000-0000-000000000000,2025-10-17 09:01:54,2025-10-17 09:01:54
6f4c5268-65ea-4a59-919d-3f1c17e04c18,adjustment,completed,ADJ-20260314-0497,77fd1710-9ba7-4de0-89c9-245974204484,,00000000-0000-0000-0000-000000000000,2025-05-27 09:01:54,2025-05-27 09:01:54
c2ce66bd-1cea-4715-9a5a-db1ea704cf4c,delivery,draft,DLV-20260314-1008,9660bb26-91b1-4c8e-8960-d99ad79d27bd,,00000000-0000-0000-0000-000000000000,2025-08-27 09:01:54,2025-08-27 09:01:54
9044f8a9-c6ab-4440-bd10-abc5b792eae5,delivery,completed,DLV-20260314-1009,a098a7c5-3a64-492d-8923-faa9dd4f3742,,00000000-0000-0000-0000-000000000000,2026-02-11 09:01:54,2026-02-11 09:01:54
bdb4c442-4104-47f0-9c4d-849e6f33c640,transfer,draft,TRF-20260314-0817,b23954a8-6af0-453b-9469-1da0a78e1eda,6e10fe0b-b01e-4fd2-8e4d-dbcd389b35fe,00000000-0000-0000-0000-000000000000,2025-09-12 09:01:54,2025-09-12 09:01:54
488c0821-2ed1-4491-9cfc-f91c77c74061,transfer,completed,TRF-20260314-0818,62c1c2e6-8c42-41a1-84c8-1ee7fafec100,fbe9f53e-7768-4ab1-af86-5a0961bebd88,00000000-0000-0000-0000-000000000000,2026-03-03 09:01:54,2026-03-03 09:01:54
d5a4ee6f-a4eb-413f-8b14-62ace1b7a3a7,delivery,completed,DLV-20260314-1010,cd1b346c-f4af-4f7b-9981-277f1f2c7da4,,00000000-0000-0000-0000-000000000000,2025-04-25 09:01:54,2025-04-25 09:01:54
220eeeed-9cb9-4124-9a27-677712c46040,delivery,completed,DLV-20260314-1011,ab67246f-fdcd-4741-826c-690dbfa3def8,,00000000-0000-0000-0000-000000000000,2025-03-31 09:01:54,2025-03-31 09:01:54
296d46a0-5fe2-4223-956f-a36a39ecb567,delivery,draft,DLV-20260314-1012,1f7d1f4d-4e1c-4858-abee-4b8ae3956d97,,00000000-0000-0000-0000-000000000000,2025-11-20 09:01:54,2025-11-20 09:01:54
be771273-1348-4383-aafd-45db10db8b8d,receipt,confirmed,RCP-20260314-1005,,a7e0a5ce-68d2-4161-8bb9-cbd00ebecf3f,00000000-0000-0000-0000-000000000000,2026-02-27 09:01:54,2026-02-27 09:01:54
11fcaa23-e1e9-4d4e-9550-3e2d191b6765,adjustment,completed,ADJ-20260314-0498,207b60d3-0b9f-4037-8ec6-07f6f321f4ab,,00000000-0000-0000-0000-000000000000,2025-08-05 09:01:54,2025-08-05 09:01:54
c8769b91-d485-4d1e-8bdb-9715cefbbbbb,transfer,draft,TRF-20260314-0819,560639bb-ba96-45fe-bcce-efae287b03d9,f6e44d57-b96a-4862-9d31-299f0ceda5c1,00000000-0000-0000-0000-000000000000,2025-05-08 09:01:54,2025-05-08 09:01:54
4ff1724b-b4e0-412c-87aa-9cacc4919ce8,receipt,draft,RCP-20260314-1006,,b199acfa-bf68-4474-8457-e79e2c107b4c,00000000-0000-0000-0000-000000000000,2025-10-04 09:01:54,2025-10-04 09:01:54
8303c898-59fd-474a-a1df-dc2a9d8346be,delivery,completed,DLV-20260314-1013,9648e8d5-65f2-49bc-ac84-1ada62c941c6,,00000000-0000-0000-0000-000000000000,2025-04-06 09:01:54,2025-04-06 09:01:54
7b3432d8-097e-4ef4-8e75-e87ca3409c23,receipt,draft,RCP-20260314-1007,,559d6500-6a4e-4581-9512-b5049cafe358,00000000-0000-0000-0000-000000000000,2025-07-02 09:01:54,2025-07-02 09:01:54
8ead11d5-bcdf-4ae5-a572-8e26f1d61e51,transfer,completed,TRF-20260314-0820,068e76cc-7b0a-4571-a921-ff8156601437,31bd1d98-0b27-4eb4-8973-872400b024cf,00000000-0000-0000-0000-000000000000,2025-09-01 09:01:54,2025-09-01 09:01:54
a11326e6-f8b1-4da1-b4df-a5d57bee42ca,receipt,draft,RCP-20260314-1008,,374ff3fa-ad1e-4325-9ba6-2ec3eec12f40,00000000-0000-0000-0000-000000000000,2025-09-14 09:01:54,2025-09-14 09:01:54
587b83c4-9436-4579-aa75-37ea03276707,adjustment,completed,ADJ-20260314-0499,9fbc7a21-1d29-440d-a575-eff27557150b,,00000000-0000-0000-0000-000000000000,2026-01-17 09:01:54,2026-01-17 09:01:54
1ef54a49-e7ea-46fa-854c-81941418c84b,receipt,completed,RCP-20260314-1009,,aa5c1bf9-991b-4e12-988c-830f0ffbbcd5,00000000-0000-0000-0000-000000000000,2025-10-19 09:01:54,2025-10-19 09:01:54
9c63547f-db8c-4f72-aee6-b51683a6847c,receipt,confirmed,RCP-20260314-1010,,e9016777-8b38-4652-a980-35d5819bbccd,00000000-0000-0000-0000-000000000000,2025-07-11 09:01:54,2025-07-11 09:01:54
24c5c776-93bb-40e0-abc4-07cd4d567bf6,delivery,draft,DLV-20260314-1014,eadbc048-d86f-43f6-9f5a-43039553e3c2,,00000000-0000-0000-0000-000000000000,2025-07-04 09:01:54,2025-07-04 09:01:54
3f442791-62f3-4649-a9c5-b014540e6b0a,delivery,completed,DLV-20260314-1015,8783e613-a328-4824-9dee-d1726769da15,,00000000-0000-0000-0000-000000000000,2025-10-16 09:01:54,2025-10-16 09:01:54
c7e56c7b-5db4-4702-b03d-8841479b71a4,receipt,draft,RCP-20260314-1011,,34a15d4a-f526-4e4d-9fa5-856ba6a9ccfc,00000000-0000-0000-0000-000000000000,2025-07-14 09:01:54,2025-07-14 09:01:54
c9a636c3-2d20-47bb-8b44-89b9e75b1f72,adjustment,draft,ADJ-20260314-0500,124a8cd6-f737-4292-aa07-9fa819681309,,00000000-0000-0000-0000-000000000000,2025-10-02 09:01:54,2025-10-02 09:01:54
b52f21e6-c2ab-41a1-92ef-5003e3fa4936,transfer,draft,TRF-20260314-0821,e88448e5-61c1-4c31-a92b-32d87adaa45d,02dbbc72-566d-4d22-964d-07f4c0417297,00000000-0000-0000-0000-000000000000,2025-09-06 09:01:54,2025-09-06 09:01:54
53f210a5-b22d-4b72-b7bf-7ac07a7d3874,delivery,completed,DLV-20260314-1016,e27b9e9a-918f-4d50-9f62-55d110cd7388,,00000000-0000-0000-0000-000000000000,2025-06-05 09:01:54,2025-06-05 09:01:54
8b63b37d-d19b-489b-8a6a-4515ae5dc70c,transfer,completed,TRF-20260314-0822,deed378b-7a7b-491e-b79d-5a55cc91f186,a81f09f7-6259-4d62-95b0-fb80f561f78d,00000000-0000-0000-0000-000000000000,2025-08-17 09:01:54,2025-08-17 09:01:54
dd7df9a0-ac7f-4e00-8f7b-7243f88ba854,delivery,completed,DLV-20260314-1017,f36aa899-4fa3-4559-81a5-33309ebfd33e,,00000000-0000-0000-0000-000000000000,2025-03-23 09:01:54,2025-03-23 09:01:54
9d899066-f618-4a1d-80c8-cc4f5d82410b,delivery,completed,DLV-20260314-1018,45527982-1536-42cf-8a5a-0b644b2e2887,,00000000-0000-0000-0000-000000000000,2025-06-02 09:01:54,2025-06-02 09:01:54
bd8b8ec2-b0bc-487c-b8c8-64ae6581d5e9,receipt,completed,RCP-20260314-1012,,cc0ae2cc-fa7a-4e37-a240-3ad3cf189672,00000000-0000-0000-0000-000000000000,2025-07-16 09:01:54,2025-07-16 09:01:54
0ba3332d-e0dd-4c70-a12d-5400dad5207e,delivery,confirmed,DLV-20260314-1019,8ef8d45d-3e0e-431f-ae5c-eb6767b69242,,00000000-0000-0000-0000-000000000000,2025-09-18 09:01:54,2025-09-18 09:01:54
a2a86463-70b7-40e9-bb07-671c6616d9eb,receipt,confirmed,RCP-20260314-1013,,51c9e800-f9c9-4995-bca4-57b4c8d2af89,00000000-0000-0000-0000-000000000000,2026-01-18 09:01:54,2026-01-18 09:01:54
8171f63a-08df-4071-9227-6da77db094b6,delivery,completed,DLV-20260314-1020,d989a748-5fb6-4c0f-a588-41997786cf4a,,00000000-0000-0000-0000-000000000000,2025-05-11 09:01:54,2025-05-11 09:01:54
389b76e9-a290-4b3c-ac9d-686f3c10275b,transfer,completed,TRF-20260314-0823,6a8351ca-4116-4660-8fd6-ac87e02fb72b,f1d8487e-fc26-4641-b82f-78379ad13c0e,00000000-0000-0000-0000-000000000000,2026-02-16 09:01:54,2026-02-16 09:01:54
d35d0671-1716-47c3-af24-d6e3beea429e,transfer,completed,TRF-20260314-0824,559dddfb-ce70-4a94-be84-436ec3b8f607,e10248f3-9967-43e8-940f-649af51cacea,00000000-0000-0000-0000-000000000000,2025-04-12 09:01:54,2025-04-12 09:01:54
cbd6b8bd-d135-4771-b4fe-2676269c0f76,adjustment,completed,ADJ-20260314-0501,05a9fb26-b884-4f7f-aa9a-159aa4156b94,,00000000-0000-0000-0000-000000000000,2025-05-09 09:01:54,2025-05-09 09:01:54
b31ec66a-e162-4e61-b6f8-9d66c49a15eb,adjustment,draft,ADJ-20260314-0502,189e9652-8131-40a3-af37-048f75f80c9a,,00000000-0000-0000-0000-000000000000,2026-01-29 09:01:54,2026-01-29 09:01:54
0aeb7f56-2083-498c-a244-77ab4d1c9aa5,receipt,confirmed,RCP-20260314-1014,,981287ac-2197-4dde-84b0-38f2b707eb6a,00000000-0000-0000-0000-000000000000,2025-05-11 09:01:54,2025-05-11 09:01:54
a1ee750e-fcf6-4450-971b-1f86fb7e1931,receipt,confirmed,RCP-20260314-1015,,2314b4ce-caf4-4c82-a909-8191918e620f,00000000-0000-0000-0000-000000000000,2025-10-14 09:01:54,2025-10-14 09:01:54
b3eb4f19-2aea-4747-8cc7-108cc3e23d91,transfer,completed,TRF-20260314-0825,4f15eb3a-a1ea-426e-9bdf-05e5b0b1457e,ad5d402e-2b47-4e83-8cf7-34ebd8d04d98,00000000-0000-0000-0000-000000000000,2025-03-26 09:01:54,2025-03-26 09:01:54
de0a1dd2-2ceb-4dab-be14-36a80b80ad1a,transfer,completed,TRF-20260314-0826,6922959f-1336-4b51-a0ad-78e62b6ed469,1a26d193-58a0-4ecc-9021-21fb8a0d1eed,00000000-0000-0000-0000-000000000000,2025-12-03 09:01:54,2025-12-03 09:01:54
b99c8753-8009-42e8-9062-81c46b508003,transfer,completed,TRF-20260314-0827,b1443d65-1647-4649-bc50-4bc06b7a7f15,968bd0ec-ccb0-4f39-8932-bfc99186dba8,00000000-0000-0000-0000-000000000000,2025-07-07 09:01:54,2025-07-07 09:01:54
61167dde-620c-47dd-9a5d-b4e9ba5992bf,delivery,draft,DLV-20260314-1021,1d3d5fa0-4edc-45e7-9b38-54a12792cc6c,,00000000-0000-0000-0000-000000000000,2025-06-26 09:01:54,2025-06-26 09:01:54
c999c121-275c-435c-8777-f0589583d32b,receipt,confirmed,RCP-20260314-1016,,6894da6a-b143-43bb-8fa1-d1a697565a59,00000000-0000-0000-0000-000000000000,2025-06-22 09:01:54,2025-06-22 09:01:54
4f4de89f-7050-4f78-b3a0-5b2f9974941c,receipt,draft,RCP-20260314-1017,,04042ed1-a60d-464a-ab6d-ccd67656cccd,00000000-0000-0000-0000-000000000000,2025-05-23 09:01:54,2025-05-23 09:01:54
b60452e7-5691-4653-9469-c7862adeb1e2,transfer,completed,TRF-20260314-0828,6bd1b58e-7c5f-40fe-9244-2250206466ca,2e793883-3d7a-4bd3-a002-3aba1982cc18,00000000-0000-0000-0000-000000000000,2025-10-27 09:01:54,2025-10-27 09:01:54
41cef550-96a2-42ab-b15a-9a59f52ee599,delivery,completed,DLV-20260314-1022,835185f5-9770-44f0-9163-bbc37ad23c65,,00000000-0000-0000-0000-000000000000,2025-05-01 09:01:54,2025-05-01 09:01:54
ebdc912b-6166-46ad-9851-4a671fab664e,delivery,draft,DLV-20260314-1023,201bba31-c9f9-460b-8c05-8a5b9d76845b,,00000000-0000-0000-0000-000000000000,2025-04-27 09:01:54,2025-04-27 09:01:54
6fc5fe13-3b92-4f16-95bb-8c906fa24343,transfer,completed,TRF-20260314-0829,0dd26a3d-befe-4db1-9341-8cbe210f06a4,a6a1715d-73b6-4479-9b28-d6f1d1060dbb,00000000-0000-0000-0000-000000000000,2025-11-10 09:01:54,2025-11-10 09:01:54
08faad54-16cb-43f5-844d-20fbc0bf031e,receipt,draft,RCP-20260314-1018,,293aae9c-38c1-490d-a865-ab3c06a60c9d,00000000-0000-0000-0000-000000000000,2025-04-30 09:01:54,2025-04-30 09:01:54
65032af2-f435-4a7a-b358-4bf8163a5d8a,delivery,confirmed,DLV-20260314-1024,3e3ee738-465b-4e12-a50e-6c751ddb2bb0,,00000000-0000-0000-0000-000000000000,2025-08-03 09:01:54,2025-08-03 09:01:54
1d29766a-a6c3-4ad3-82e3-c4296c12c42e,transfer,completed,TRF-20260314-0830,34ef816c-0a93-4714-825c-6d5f5e1f376b,9a85b3b1-40f2-486f-a3e0-9600b1bc7fcf,00000000-0000-0000-0000-000000000000,2025-04-13 09:01:54,2025-04-13 09:01:54
660ccae9-5a20-41c4-ae6d-e974630200e5,transfer,completed,TRF-20260314-0831,4b11aa51-1e36-4f72-96cd-0d321c0a1e6c,bf61db9b-1b48-4c05-9230-af61d77f80a6,00000000-0000-0000-0000-000000000000,2025-09-07 09:01:54,2025-09-07 09:01:54
8da86748-36ef-43eb-b0a9-cf758c490c22,adjustment,draft,ADJ-20260314-0503,f12540e1-c217-4277-b196-2269f0df1146,,00000000-0000-0000-0000-000000000000,2026-01-17 09:01:54,2026-01-17 09:01:54
26098d56-8399-4c1b-8917-8a7ad032b2ea,delivery,completed,DLV-20260314-1025,def9bdfa-23f3-4575-bbb5-818be3180065,,00000000-0000-0000-0000-000000000000,2025-08-22 09:01:54,2025-08-22 09:01:54
c8ebd984-314b-4946-ac86-5e709e1a5b4f,receipt,draft,RCP-20260314-1019,,db9e4322-deac-423c-8f2a-66036de73b29,00000000-0000-0000-0000-000000000000,2025-05-01 09:01:54,2025-05-01 09:01:54
8c1b43bd-9914-4c1e-87be-a1d306af3fe2,delivery,confirmed,DLV-20260314-1026,ab6ab421-109c-43f8-be05-3b47eafe16e8,,00000000-0000-0000-0000-000000000000,2025-11-03 09:01:54,2025-11-03 09:01:54
894e7018-87d8-4780-ab52-10be41802c13,transfer,completed,TRF-20260314-0832,674756a8-6057-425b-8b93-38246eddee31,87d8984d-033b-4a22-87d2-967312af9826,00000000-0000-0000-0000-000000000000,2025-09-03 09:01:54,2025-09-03 09:01:54
4299760c-9cb3-458f-a10b-a53190c6dad8,delivery,draft,DLV-20260314-1027,80ad76aa-6375-4a32-9bfd-d4060e0c6da9,,00000000-0000-0000-0000-000000000000,2025-08-03 09:01:54,2025-08-03 09:01:54
3ad85bcd-7d2b-469d-b9ed-6ebd864fce08,delivery,completed,DLV-20260314-1028,4c18d87f-5332-4c59-8539-84b90e371303,,00000000-0000-0000-0000-000000000000,2025-07-10 09:01:54,2025-07-10 09:01:54
f037c7bc-5e3a-45e3-9326-bbb53d62c30b,delivery,completed,DLV-20260314-1029,5ffadcbe-a4ad-496f-8c2b-b2e757f90d72,,00000000-0000-0000-0000-000000000000,2025-05-09 09:01:54,2025-05-09 09:01:54
2a41b78a-cb50-4b18-b2ff-3675f3a73ede,receipt,draft,RCP-20260314-1020,,88ce59bd-2fa1-4e06-b49b-13af376b5e0a,00000000-0000-0000-0000-000000000000,2025-03-16 09:01:54,2025-03-16 09:01:54
a3e97bc5-eb70-4c2a-a960-ffb4ba256170,transfer,completed,TRF-20260314-0833,5107827d-f3d5-4ecc-bacd-a8659e3c803a,3ed8cc35-ec20-4dda-92e7-7ab1f5e0134a,00000000-0000-0000-0000-000000000000,2025-08-30 09:01:54,2025-08-30 09:01:54
c113bd81-52bf-4f47-98a9-e2b2db114ff9,delivery,draft,DLV-20260314-1030,f3e5d918-8393-43f4-8882-3a42f8d47005,,00000000-0000-0000-0000-000000000000,2026-02-16 09:01:54,2026-02-16 09:01:54
38262970-2aed-468c-abe6-df0a98a98489,delivery,draft,DLV-20260314-1031,da605843-6b7f-4b41-a9f9-3a7c2a5d35a5,,00000000-0000-0000-0000-000000000000,2025-07-26 09:01:54,2025-07-26 09:01:54
d5a2c3c5-0c78-4f59-92aa-32cfe20eb6ee,adjustment,completed,ADJ-20260314-0504,40b9dd4a-fe3e-4a22-b764-820f9f24920e,,00000000-0000-0000-0000-000000000000,2026-01-02 09:01:54,2026-01-02 09:01:54
4aa54d4f-10ff-4f61-a621-845a9d0d5760,receipt,confirmed,RCP-20260314-1021,,6922959f-1336-4b51-a0ad-78e62b6ed469,00000000-0000-0000-0000-000000000000,2025-05-10 09:01:54,2025-05-10 09:01:54
8a1ecf7e-dfdc-4476-8a22-5cb54c58d5d2,adjustment,completed,ADJ-20260314-0505,a505662f-2076-4b03-b5fa-4527995fe382,,00000000-0000-0000-0000-000000000000,2026-01-16 09:01:54,2026-01-16 09:01:54
9cd47f3b-ed51-4947-ba37-40dfa16b97c7,receipt,completed,RCP-20260314-1022,,89c44702-285d-447e-a4ab-45f601a72185,00000000-0000-0000-0000-000000000000,2025-08-20 09:01:54,2025-08-20 09:01:54
e904c9ae-eb99-4964-8419-3d5b475d0df7,delivery,completed,DLV-20260314-1032,f5ddff1b-462a-48dd-8ab9-3983acd46322,,00000000-0000-0000-0000-000000000000,2025-11-06 09:01:54,2025-11-06 09:01:54
02814e7e-7a5c-4f15-86c4-55fae95bec9e,receipt,completed,RCP-20260314-1023,,b5981e6c-9895-4090-aa78-6e5e969cf4ff,00000000-0000-0000-0000-000000000000,2025-09-03 09:01:54,2025-09-03 09:01:54
be1dedd2-7f10-49ea-b5f3-197c662ed0a3,receipt,draft,RCP-20260314-1024,,8a58f0d5-3884-436a-889f-3c07d03aa0b6,00000000-0000-0000-0000-000000000000,2025-11-23 09:01:54,2025-11-23 09:01:54
770d5479-a7e6-4150-ad18-1ae1f8338622,delivery,completed,DLV-20260314-1033,c2426494-d177-49df-8e95-050eaaff0229,,00000000-0000-0000-0000-000000000000,2025-11-05 09:01:54,2025-11-05 09:01:54
cb37a1e9-977b-466f-a129-386d272155fa,delivery,completed,DLV-20260314-1034,f3dd81c6-4088-4306-b094-7fdcf699ed81,,00000000-0000-0000-0000-000000000000,2025-07-03 09:01:54,2025-07-03 09:01:54
53c5b789-f030-4c55-b100-a6a56a44ccc7,delivery,draft,DLV-20260314-1035,ded03731-19b2-4edb-9a17-498e7a2e009c,,00000000-0000-0000-0000-000000000000,2025-07-31 09:01:54,2025-07-31 09:01:54
dd41e361-f4e4-4b54-bfba-7ab6f39c4258,delivery,completed,DLV-20260314-1036,85a582b8-6a78-45e5-b298-954ef8af83d2,,00000000-0000-0000-0000-000000000000,2025-05-29 09:01:54,2025-05-29 09:01:54
e476c9f6-3305-4d91-bbce-5bd826c6e5f6,transfer,draft,TRF-20260314-0834,729a3145-33b9-499b-9138-941873d267ef,815a091f-4120-497c-8704-ebfcbb0f2741,00000000-0000-0000-0000-000000000000,2025-06-06 09:01:54,2025-06-06 09:01:54
91b5ecbe-0c5e-45ba-a9d2-1806a4b3838b,receipt,draft,RCP-20260314-1025,,735d77e9-5960-4e6e-b77b-84f09a4f7d99,00000000-0000-0000-0000-000000000000,2026-02-03 09:01:54,2026-02-03 09:01:54
a56d88f5-58ee-4bb3-8f78-34ef12ef4649,transfer,completed,TRF-20260314-0835,46459df1-a2f3-4218-8ae5-8ca196272166,1661b8b2-677b-4a69-94d9-f349dced0f6f,00000000-0000-0000-0000-000000000000,2025-12-23 09:01:54,2025-12-23 09:01:54
1febde4c-518c-49de-9dda-e28c1ebc2e9e,delivery,completed,DLV-20260314-1037,50b2a771-ca8c-4215-b23e-5d2fa5f5035c,,00000000-0000-0000-0000-000000000000,2025-03-23 09:01:54,2025-03-23 09:01:54
9deab9d2-eeca-4da2-9ac6-edff3e104628,receipt,completed,RCP-20260314-1026,,69751e71-d302-41aa-8a23-3144b2010107,00000000-0000-0000-0000-000000000000,2025-11-30 09:01:54,2025-11-30 09:01:54
3ceb19e5-60fd-4c69-a828-fde7dae92f64,adjustment,completed,ADJ-20260314-0506,e93b012f-34c4-4f27-b19d-0015045419b7,,00000000-0000-0000-0000-000000000000,2025-07-31 09:01:54,2025-07-31 09:01:54
41d39062-aa09-48aa-87bf-493a36119ffb,delivery,draft,DLV-20260314-1038,207b60d3-0b9f-4037-8ec6-07f6f321f4ab,,00000000-0000-0000-0000-000000000000,2025-05-23 09:01:54,2025-05-23 09:01:54
506012c4-69a9-441c-a851-0f6b6e6e429d,delivery,completed,DLV-20260314-1039,313e31ef-8df5-4641-a0a7-9d4d0958ad88,,00000000-0000-0000-0000-000000000000,2025-06-03 09:01:54,2025-06-03 09:01:54
aa7fd5a6-e55b-438b-a949-daf0236e6888,delivery,draft,DLV-20260314-1040,29c18850-dfb4-4bb5-a868-d3f7845c1cd1,,00000000-0000-0000-0000-000000000000,2025-05-19 09:01:54,2025-05-19 09:01:54
ec3d06b5-5f65-4797-8092-21630c1ac118,transfer,draft,TRF-20260314-0836,b7464ea0-f261-483a-b3be-c68cbb21a6ec,fa4e218c-2f16-4925-ba7d-f4895415b4f7,00000000-0000-0000-0000-000000000000,2025-12-26 09:01:54,2025-12-26 09:01:54
3cf0ef9a-3bbd-4657-acb3-1f11cf4c5955,transfer,completed,TRF-20260314-0837,3f8dbe3f-c4ab-4001-b5b4-7c343cbcdfe6,9a85b3b1-40f2-486f-a3e0-9600b1bc7fcf,00000000-0000-0000-0000-000000000000,2026-01-12 09:01:54,2026-01-12 09:01:54
3260ac00-6824-4b4d-8503-ce2802e488a4,receipt,draft,RCP-20260314-1027,,6919e7bf-07ad-4135-b462-e0486bc8363a,00000000-0000-0000-0000-000000000000,2025-06-07 09:01:54,2025-06-07 09:01:54
b280a288-5338-4f55-9dcf-47786b8e59a6,receipt,completed,RCP-20260314-1028,,939655d9-9efb-4de5-a957-8898a2a37ed4,00000000-0000-0000-0000-000000000000,2025-08-12 09:01:54,2025-08-12 09:01:54
4fa609bb-13e9-4ac4-a687-8115ccb7bd8c,transfer,draft,TRF-20260314-0838,04f4717a-7b8a-4014-a3e0-78f4febe587b,f3875a2e-b696-4b72-9ad9-5a45895fc83b,00000000-0000-0000-0000-000000000000,2025-06-19 09:01:54,2025-06-19 09:01:54
35dd3a11-10f0-46c1-9693-860dfa013202,receipt,completed,RCP-20260314-1029,,1740ba4b-9777-4cd1-8f80-37e609014e44,00000000-0000-0000-0000-000000000000,2025-11-08 09:01:54,2025-11-08 09:01:54
6a2119e4-03e0-44d1-b70c-49ea72ecfc4a,transfer,draft,TRF-20260314-0839,a597cef2-db27-4c3a-b7dc-41871072812f,069e8ef7-2893-4251-a6bb-66f72f372d9c,00000000-0000-0000-0000-000000000000,2025-10-13 09:01:54,2025-10-13 09:01:54
af811310-86a5-457c-92de-26bcc35f4e33,receipt,completed,RCP-20260314-1030,,fe2de584-dba2-428f-929f-a057e8878f01,00000000-0000-0000-0000-000000000000,2025-04-22 09:01:54,2025-04-22 09:01:54
c42a89b4-4d6c-4e69-83b6-b5a72c63f44b,transfer,completed,TRF-20260314-0840,94b5e4e4-a398-49c1-a7a2-da6210e0f19f,3af3d6ae-5150-4152-9d43-38ed27bf2bff,00000000-0000-0000-0000-000000000000,2026-02-04 09:01:54,2026-02-04 09:01:54
84b067a2-5cc9-4aaa-b59e-187b5406d1af,transfer,completed,TRF-20260314-0841,342099aa-afe2-4d51-aa8e-d1403197eaa1,c400deee-0718-4cbf-a152-ad85ae6ac2b6,00000000-0000-0000-0000-000000000000,2025-04-17 09:01:54,2025-04-17 09:01:54
9df1ebd3-5620-4db9-9ea7-f12b39ae369d,transfer,draft,TRF-20260314-0842,5a155107-aed7-4bd0-b39e-f8ae58213928,fccfdf04-4cd7-40c5-aa80-4605c9080615,00000000-0000-0000-0000-000000000000,2025-04-12 09:01:54,2025-04-12 09:01:54
295b25dd-4760-4092-9193-d982b9a1a5df,adjustment,completed,ADJ-20260314-0507,e0a4a202-36ca-4fd2-80a7-d4873dfefd4e,,00000000-0000-0000-0000-000000000000,2025-10-11 09:01:54,2025-10-11 09:01:54
a68905f7-e454-42ec-8bfe-3725be1f0908,adjustment,completed,ADJ-20260314-0508,f2e9bb6a-5b99-4b47-a8d5-b993fa7d8c54,,00000000-0000-0000-0000-000000000000,2025-12-12 09:01:54,2025-12-12 09:01:54
c6d2e6a7-6732-47e5-8e39-a38714be5e7a,delivery,completed,DLV-20260314-1041,60b1d6ea-d44b-4e9e-8e87-4e881fa1723b,,00000000-0000-0000-0000-000000000000,2025-11-03 09:01:54,2025-11-03 09:01:54
8ea88c24-c597-48de-b829-3af7c32f340c,receipt,completed,RCP-20260314-1031,,dbc9360d-78a2-4ede-9981-1883545cff53,00000000-0000-0000-0000-000000000000,2025-07-21 09:01:54,2025-07-21 09:01:54
86f8aa18-7685-4973-a953-22126c5e10d0,adjustment,draft,ADJ-20260314-0509,7cd046f8-741e-43ff-8939-c6732f8bcc27,,00000000-0000-0000-0000-000000000000,2026-01-08 09:01:54,2026-01-08 09:01:54
c268478b-a9c5-4cb7-bb66-e3532b66a92c,adjustment,confirmed,ADJ-20260314-0510,bbd20b72-22c5-4b43-917d-e8efde9b58f0,,00000000-0000-0000-0000-000000000000,2025-07-06 09:01:54,2025-07-06 09:01:54
35029f69-f3dd-4c21-9282-2667a6e4a4f4,receipt,completed,RCP-20260314-1032,,0ae256a0-71f2-4b5d-af63-a49063bc5e48,00000000-0000-0000-0000-000000000000,2025-06-05 09:01:54,2025-06-05 09:01:54
0ea3737a-260f-46cd-bfa7-5255936907d3,transfer,draft,TRF-20260314-0843,94753a9c-1202-479b-bb8a-c428d1f876e6,b526df1e-a881-4cf1-bc54-dffc3c931fa8,00000000-0000-0000-0000-000000000000,2026-02-24 09:01:54,2026-02-24 09:01:54
154f758b-4186-47e7-bd81-a6a9f3a72bf0,transfer,confirmed,TRF-20260314-0844,59de4535-e0df-4ed9-923c-5196afce04fe,be1f8d98-7f9d-4236-86be-7b05a47706f6,00000000-0000-0000-0000-000000000000,2026-01-07 09:01:54,2026-01-07 09:01:54
52f3097b-ade4-4a98-b36a-dc90fee8d88f,receipt,draft,RCP-20260314-1033,,8c55849c-050a-4bdb-bee9-8eeb7751ee9f,00000000-0000-0000-0000-000000000000,2026-01-15 09:01:54,2026-01-15 09:01:54
dd86464f-7813-48b6-bb8f-a4205936ab15,transfer,completed,TRF-20260314-0845,bb75815c-a375-4c83-92d3-35a480351280,5812f973-c8af-470e-87d3-77307fa0ea3b,00000000-0000-0000-0000-000000000000,2026-02-13 09:01:54,2026-02-13 09:01:54
3fe873d6-9d5a-4bf9-8129-158c13aef716,transfer,completed,TRF-20260314-0846,acf5ea8f-7907-4a40-ac86-50b8e6a0c13e,8869f492-b017-4c95-8fad-4b65a9ceca6c,00000000-0000-0000-0000-000000000000,2025-10-14 09:01:54,2025-10-14 09:01:54
20c59e22-3ffa-4d41-aea8-875f66c9558d,delivery,confirmed,DLV-20260314-1042,00dd1b0e-d9fa-4c62-8b04-e3f78c6aeb03,,00000000-0000-0000-0000-000000000000,2025-09-04 09:01:54,2025-09-04 09:01:54
8ee509c0-347d-4c8d-a065-5d22a317cd67,delivery,draft,DLV-20260314-1043,759eab6a-90c4-4d9c-9736-511c14d3b4b0,,00000000-0000-0000-0000-000000000000,2026-02-14 09:01:54,2026-02-14 09:01:54
4e138542-7ef3-484c-a717-39c309037a58,delivery,draft,DLV-20260314-1044,a9a6a186-e4cd-41ff-93e9-c5cc48172c77,,00000000-0000-0000-0000-000000000000,2025-06-30 09:01:54,2025-06-30 09:01:54
8a16cb6d-e164-4ad9-8f90-d74f481b7051,delivery,draft,DLV-20260314-1045,ee336f94-8cb9-4762-8ca4-0db4778c4e5d,,00000000-0000-0000-0000-000000000000,2025-10-14 09:01:54,2025-10-14 09:01:54
f40aa658-9584-47d6-97c1-e2add4cdab88,delivery,draft,DLV-20260314-1046,e19e11cb-c2db-424b-869e-980f0ae9e5f3,,00000000-0000-0000-0000-000000000000,2025-08-05 09:01:54,2025-08-05 09:01:54
b74f8188-3b50-47e9-894f-a83b98377a72,receipt,completed,RCP-20260314-1034,,dfbe407c-95a9-42ae-990b-1a5870f403f5,00000000-0000-0000-0000-000000000000,2025-08-21 09:01:54,2025-08-21 09:01:54
533d4b0d-be63-4179-8551-aa80716993c3,delivery,draft,DLV-20260314-1047,b87be7d9-2352-4f55-87e5-600d6565dbbb,,00000000-0000-0000-0000-000000000000,2025-12-02 09:01:54,2025-12-02 09:01:54
5efcf841-fdfd-4adc-b27e-fa9a75185c8d,adjustment,completed,ADJ-20260314-0511,611f6ac9-7596-4e36-a897-58f53bdffbb4,,00000000-0000-0000-0000-000000000000,2025-04-11 09:01:54,2025-04-11 09:01:54
4e172f4a-4218-40c9-8e81-5426ac1b8dcd,transfer,completed,TRF-20260314-0847,22d7c6ce-691b-4937-aae3-3c9f1d5aa4ef,1788a8ee-0973-4c4e-87e5-cdeeabc273dd,00000000-0000-0000-0000-000000000000,2025-05-21 09:01:54,2025-05-21 09:01:54
2057822c-2322-4098-9aea-fb5ccd65d625,adjustment,completed,ADJ-20260314-0512,306e2012-d89a-4bc5-8a8b-d9b7136fdb2c,,00000000-0000-0000-0000-000000000000,2026-03-11 09:01:54,2026-03-11 09:01:54
1f8cb2f4-0df5-4e6e-96a3-f4acb9555e62,delivery,draft,DLV-20260314-1048,95c052bd-71fa-4f80-b235-4455b654e477,,00000000-0000-0000-0000-000000000000,2025-06-23 09:01:54,2025-06-23 09:01:54
d2c744ea-6852-439f-9f5e-2bcda5bdcc01,delivery,draft,DLV-20260314-1049,4c67e61e-d815-4172-a788-b2199b04d03f,,00000000-0000-0000-0000-000000000000,2025-09-26 09:01:54,2025-09-26 09:01:54
1c5410cb-9e8c-4671-8733-ca3906d26496,delivery,completed,DLV-20260314-1050,5313ff7a-f2a6-4137-a14b-cf5d5de784e1,,00000000-0000-0000-0000-000000000000,2025-06-13 09:01:54,2025-06-13 09:01:54
398ea198-27e2-4d12-aef1-57bec12ee55f,adjustment,completed,ADJ-20260314-0513,b3ead3bf-5e3e-48c7-903c-01988374e3f9,,00000000-0000-0000-0000-000000000000,2025-07-13 09:01:54,2025-07-13 09:01:54
7d5c0a94-6d71-4c20-aeae-8f1f393eae6c,delivery,draft,DLV-20260314-1051,7a31bec5-a991-4fb0-84d0-91b6e142f7d5,,00000000-0000-0000-0000-000000000000,2026-01-19 09:01:54,2026-01-19 09:01:54
69f53d00-04cc-49bc-827a-78af89c90dd2,receipt,completed,RCP-20260314-1035,,a6c2058a-e7bb-47e2-a10b-de8dd77d89c6,00000000-0000-0000-0000-000000000000,2025-03-27 09:01:54,2025-03-27 09:01:54
385edcf2-9583-449a-82a4-024d74ea156d,adjustment,completed,ADJ-20260314-0514,6946050f-0569-4aa3-b0e9-1832ae7e560f,,00000000-0000-0000-0000-000000000000,2025-09-05 09:01:54,2025-09-05 09:01:54
110c06f5-5d76-42d9-b540-201461bc7d24,delivery,completed,DLV-20260314-1052,f9579cbd-6ed2-4ef2-bbf6-81f5af08582b,,00000000-0000-0000-0000-000000000000,2026-02-25 09:01:54,2026-02-25 09:01:54
8de43164-69da-433e-b807-2984d2ab8ba6,receipt,draft,RCP-20260314-1036,,bb73ab4e-53f8-42cc-a92f-03fe83c0465c,00000000-0000-0000-0000-000000000000,2025-08-22 09:01:54,2025-08-22 09:01:54
300bcc7f-4dc6-409c-9254-e9dd8992ba49,adjustment,completed,ADJ-20260314-0515,f3875a2e-b696-4b72-9ad9-5a45895fc83b,,00000000-0000-0000-0000-000000000000,2025-04-14 09:01:54,2025-04-14 09:01:54
4972bdd8-162f-432f-84d1-be742a0f877d,receipt,draft,RCP-20260314-1037,,10c744e9-96d5-44ca-81ac-cb1a94c87897,00000000-0000-0000-0000-000000000000,2026-02-11 09:01:54,2026-02-11 09:01:54
af4889c5-9f34-454c-be87-7d0333bbe47b,delivery,completed,DLV-20260314-1053,93161eb3-774c-42d6-aa29-ed63b2230adb,,00000000-0000-0000-0000-000000000000,2025-10-27 09:01:54,2025-10-27 09:01:54
608197b5-1c51-4c36-a50b-6d858e5590e5,adjustment,completed,ADJ-20260314-0516,f6e2e054-72b4-4fd8-b946-4788b7242d0a,,00000000-0000-0000-0000-000000000000,2026-02-10 09:01:54,2026-02-10 09:01:54
391f9ee9-6915-4f0f-9790-21bb47f86bc7,delivery,completed,DLV-20260314-1054,895d70e4-2fa2-49d3-b7ca-35cc129008d9,,00000000-0000-0000-0000-000000000000,2025-10-02 09:01:54,2025-10-02 09:01:54
dc9cdfab-a86c-4192-ba62-54b548fead0a,receipt,completed,RCP-20260314-1038,,14ccc8f8-fffb-46f9-b113-91b54c88c3d0,00000000-0000-0000-0000-000000000000,2025-03-22 09:01:54,2025-03-22 09:01:54
4fdba914-96ae-49cf-93dc-47fe0011829b,adjustment,completed,ADJ-20260314-0517,51b74823-538f-405e-9796-43478a62b4b4,,00000000-0000-0000-0000-000000000000,2025-09-19 09:01:54,2025-09-19 09:01:54
57c739d6-80e2-4f77-8046-8f88e6e6fbac,transfer,completed,TRF-20260314-0848,926316ee-48f7-4313-8983-97f29ad4ce1e,b0c708d3-c75f-4d70-95d6-215b63d39720,00000000-0000-0000-0000-000000000000,2025-07-19 09:01:54,2025-07-19 09:01:54
a27f2dbb-1875-48a8-9c5a-b4c108348d6c,transfer,completed,TRF-20260314-0849,0b630191-5f05-4656-aa62-907ed073644e,e7ab8b10-c075-4f96-a60c-a9c9553f81ab,00000000-0000-0000-0000-000000000000,2025-12-12 09:01:54,2025-12-12 09:01:54
48401fcc-9fbb-469e-b312-cc9ab4b6c045,adjustment,completed,ADJ-20260314-0518,4fd5e740-e1af-466a-ab31-aa58137ece49,,00000000-0000-0000-0000-000000000000,2026-01-11 09:01:54,2026-01-11 09:01:54
ca5952ff-8661-45b5-9f66-1bb6b5604ae5,delivery,draft,DLV-20260314-1055,bd20ef45-4515-4f28-9084-4e30adbd95c0,,00000000-0000-0000-0000-000000000000,2026-01-03 09:01:54,2026-01-03 09:01:54
7d2de3dc-3694-4cfe-aee7-13e26cf0481b,delivery,draft,DLV-20260314-1056,09d560f2-cb9f-456d-aa9d-18fcc7bc74a0,,00000000-0000-0000-0000-000000000000,2025-05-23 09:01:54,2025-05-23 09:01:54
a0df2c0a-ef79-465f-bd1e-a8e4fd354ea2,transfer,draft,TRF-20260314-0850,c02595f4-fd50-4e4c-b177-f42ce643cade,933aaf4e-fe01-40b6-a31d-4cb3d84f1010,00000000-0000-0000-0000-000000000000,2025-11-16 09:01:54,2025-11-16 09:01:54
7814121a-c922-47a5-a1a5-211e26c99cf6,adjustment,draft,ADJ-20260314-0519,38e78c4f-4932-4dd4-ae0e-45b8cab4f505,,00000000-0000-0000-0000-000000000000,2025-11-04 09:01:54,2025-11-04 09:01:54
f36e4199-1a45-4e00-8304-a51bb5524e0b,adjustment,draft,ADJ-20260314-0520,5f3fb26e-b3f4-4bfe-a877-275b2e9f676c,,00000000-0000-0000-0000-000000000000,2026-03-03 09:01:54,2026-03-03 09:01:54
eedca136-67df-4ec4-b5c1-fad4d50c9095,receipt,draft,RCP-20260314-1039,,5b8493f9-4432-405f-b4b7-ada1771d0d22,00000000-0000-0000-0000-000000000000,2025-03-22 09:01:54,2025-03-22 09:01:54
62b56189-82eb-48c8-9a08-e51cc306f624,transfer,completed,TRF-20260314-0851,c8c0d876-1c25-4933-8e68-c0f681d8abd6,fb49f74e-e8ca-4f38-bcb2-7ea9bf2e34ff,00000000-0000-0000-0000-000000000000,2025-07-01 09:01:54,2025-07-01 09:01:54
3e3c5126-b00e-455e-b5fd-c8901a511fab,adjustment,completed,ADJ-20260314-0521,7f827af5-738f-4f92-9a2f-42b108b536ef,,00000000-0000-0000-0000-000000000000,2025-03-28 09:01:54,2025-03-28 09:01:54
1943a78e-b23e-4c12-ab18-6e45e81c5378,delivery,completed,DLV-20260314-1057,9a9b4a2d-dcd1-4287-90ff-62cca1a071c5,,00000000-0000-0000-0000-000000000000,2025-03-31 09:01:54,2025-03-31 09:01:54
2075c15b-d1fd-4db7-bb9b-1866f51164cd,transfer,draft,TRF-20260314-0852,384ce4d1-704a-4c04-a1aa-34f1327dcc77,dbe84e8a-540c-417d-b3da-9fe8fe56c89e,00000000-0000-0000-0000-000000000000,2025-04-28 09:01:54,2025-04-28 09:01:54
0a1009bb-5f34-408d-81ed-1fdd16f707df,adjustment,completed,ADJ-20260314-0522,08a04a93-7605-4ae5-bfcd-e44a85f013e2,,00000000-0000-0000-0000-000000000000,2025-10-17 09:01:54,2025-10-17 09:01:54
d51ec0b7-7f5b-49ff-958a-cfecf262a2b3,transfer,draft,TRF-20260314-0853,cf5c0a08-b828-47b4-85a3-e3219780376e,18eef705-c542-4274-8e1a-74cdc887dff2,00000000-0000-0000-0000-000000000000,2025-09-30 09:01:54,2025-09-30 09:01:54
854be11d-a400-4ff3-ba6f-bf9068c6389f,transfer,completed,TRF-20260314-0854,94f41faa-c824-4700-9d89-1d8a555e5d43,4b7f0383-c284-4dfa-a475-01a0ce6f1ba2,00000000-0000-0000-0000-000000000000,2026-01-13 09:01:54,2026-01-13 09:01:54
db194e65-2687-4829-b202-974adcbb12be,transfer,completed,TRF-20260314-0855,67ecd84a-cb74-4768-8962-f9740b339f61,4e4a8392-b27e-45bb-84c7-ddd709011ef1,00000000-0000-0000-0000-000000000000,2025-12-07 09:01:54,2025-12-07 09:01:54
24d5af88-aa97-43b4-924d-e48226b5aff2,delivery,draft,DLV-20260314-1058,3b05e09c-6a49-4ee3-811f-487e6430b715,,00000000-0000-0000-0000-000000000000,2025-04-20 09:01:54,2025-04-20 09:01:54
ec0c7cc6-87ab-4d73-8594-33d6246d5a52,receipt,completed,RCP-20260314-1040,,6460ed94-63da-446a-a9c8-85649d7e0237,00000000-0000-0000-0000-000000000000,2025-10-23 09:01:54,2025-10-23 09:01:54
cc469db8-1564-4374-a9b8-0edc55a8bbdf,delivery,completed,DLV-20260314-1059,d4224d6a-e9d5-47e5-aa74-c7fb837d53ac,,00000000-0000-0000-0000-000000000000,2025-12-11 09:01:54,2025-12-11 09:01:54
37b34243-ad8c-4f48-a749-48c928ed7b51,adjustment,draft,ADJ-20260314-0523,a979c2c1-8955-43cf-a415-a29170141a21,,00000000-0000-0000-0000-000000000000,2025-06-05 09:01:54,2025-06-05 09:01:54
5543b952-5ee7-4855-90c9-2ca59ed9557d,adjustment,completed,ADJ-20260314-0524,89121bea-c767-4e33-81de-49808ae50039,,00000000-0000-0000-0000-000000000000,2025-10-03 09:01:54,2025-10-03 09:01:54
20133f47-915f-4fca-a4ca-643dcf320866,transfer,completed,TRF-20260314-0856,a7e0a5ce-68d2-4161-8bb9-cbd00ebecf3f,ca0bb67b-3be8-4479-b09b-bd5bdfd8b5e9,00000000-0000-0000-0000-000000000000,2026-02-19 09:01:54,2026-02-19 09:01:54
996b6747-86e7-479d-8f2d-12c0e88b837c,delivery,draft,DLV-20260314-1060,6f5e1a02-5560-4b10-aedf-bdf56ac3a49c,,00000000-0000-0000-0000-000000000000,2025-06-19 09:01:54,2025-06-19 09:01:54
c7bd0d55-83b1-44a0-9ff0-3e0fd21acddb,receipt,completed,RCP-20260314-1041,,80d555e7-8faf-4985-a6bf-2e4382c272f9,00000000-0000-0000-0000-000000000000,2025-04-19 09:01:54,2025-04-19 09:01:54
28beddca-6789-44e2-8fbc-6a3338cb0445,adjustment,completed,ADJ-20260314-0525,9b9529eb-131d-4b5c-8807-919d5ab559a6,,00000000-0000-0000-0000-000000000000,2025-10-03 09:01:54,2025-10-03 09:01:54
a52b4968-b652-4fa6-99a4-7af621a47b44,delivery,completed,DLV-20260314-1061,13d0b37c-cbdf-4d17-a694-93802fe44e33,,00000000-0000-0000-0000-000000000000,2025-08-24 09:01:54,2025-08-24 09:01:54
1413909e-dd71-4543-9d7a-25b030c9e8c9,receipt,completed,RCP-20260314-1042,,fe2de584-dba2-428f-929f-a057e8878f01,00000000-0000-0000-0000-000000000000,2025-06-05 09:01:54,2025-06-05 09:01:54
7d91f054-1f23-4036-b6b8-ea85e4cbfc67,receipt,confirmed,RCP-20260314-1043,,f1b903f7-4020-4974-92c0-9f9bd0c6021e,00000000-0000-0000-0000-000000000000,2025-11-25 09:01:54,2025-11-25 09:01:54
cc59ae34-81e7-4054-bd64-663e3ff35a31,receipt,completed,RCP-20260314-1044,,b4b6eb9c-4ce5-4c10-99f4-ccb925060d26,00000000-0000-0000-0000-000000000000,2025-07-28 09:01:54,2025-07-28 09:01:54
8a6f181a-817f-47f6-a251-1236bbed0a37,transfer,completed,TRF-20260314-0857,a3e1472f-ed16-4b0d-a0ae-e31c8b2c0f4d,f37ae924-712a-4c28-8072-95da6e0d6e02,00000000-0000-0000-0000-000000000000,2026-01-10 09:01:54,2026-01-10 09:01:54
9e62dd0f-a2f2-4fce-8d69-39a5560a6daf,receipt,confirmed,RCP-20260314-1045,,11ef430a-f573-4e34-9aad-9f62f7067f03,00000000-0000-0000-0000-000000000000,2025-03-22 09:01:54,2025-03-22 09:01:54
a2cc264f-81b8-477b-9d0d-521ed88c9b95,receipt,confirmed,RCP-20260314-1046,,82d8dd1b-f579-4856-abfd-6e226b58075b,00000000-0000-0000-0000-000000000000,2025-04-05 09:01:54,2025-04-05 09:01:54
d68c4936-4e55-4927-8e89-2f8d4deb29dd,receipt,completed,RCP-20260314-1047,,c000fc21-d671-4ced-8462-c4675d4530fe,00000000-0000-0000-0000-000000000000,2025-12-15 09:01:54,2025-12-15 09:01:54
7c17b7f1-af7d-4264-9385-af56883b2f4e,receipt,completed,RCP-20260314-1048,,c09c0941-7a1a-40bf-9773-c9d88281376f,00000000-0000-0000-0000-000000000000,2025-10-19 09:01:54,2025-10-19 09:01:54
b0b6e4c1-0a86-402b-b400-1ad929e7062e,delivery,completed,DLV-20260314-1062,d1988f37-80ba-40ef-bb3e-c99107b05b43,,00000000-0000-0000-0000-000000000000,2025-08-20 09:01:54,2025-08-20 09:01:54
707d1bd5-b2a1-4ba9-ac5c-966a25a532f5,delivery,completed,DLV-20260314-1063,2aa64f2a-a822-45cc-8674-b41f9d8e8540,,00000000-0000-0000-0000-000000000000,2025-05-26 09:01:54,2025-05-26 09:01:54
7210f2a8-8880-42e8-95f2-ac0e41d388d8,receipt,completed,RCP-20260314-1049,,64d018f5-7119-4504-92ab-449bc2e80486,00000000-0000-0000-0000-000000000000,2026-01-20 09:01:54,2026-01-20 09:01:54
7029d611-43bb-4cec-a5f4-f1bb6ec6cb88,receipt,draft,RCP-20260314-1050,,33166933-1c43-4989-b77b-58709c0a84d1,00000000-0000-0000-0000-000000000000,2025-03-16 09:01:54,2025-03-16 09:01:54
69bdf22e-6163-436e-b135-ccd31cb7e7cf,delivery,completed,DLV-20260314-1064,77ea4345-76b8-4bb3-8373-f08e2ea7c912,,00000000-0000-0000-0000-000000000000,2025-08-28 09:01:54,2025-08-28 09:01:54
6af744f4-428b-4e68-a8df-f8f3d692f24d,delivery,completed,DLV-20260314-1065,a257a01f-f0ad-49c6-958c-e6eb5bb8c3f7,,00000000-0000-0000-0000-000000000000,2025-09-20 09:01:54,2025-09-20 09:01:54
a154155f-5e77-4e14-81c2-909d0112c649,receipt,confirmed,RCP-20260314-1051,,511e4c65-3f9a-49b6-b722-6edb2b69664e,00000000-0000-0000-0000-000000000000,2026-03-04 09:01:54,2026-03-04 09:01:54
746fd8c6-4b71-499c-a423-9c8defbf30b4,receipt,confirmed,RCP-20260314-1052,,bbcec2b9-2766-4b38-8b1f-d82dff2e7bb9,00000000-0000-0000-0000-000000000000,2026-01-03 09:01:54,2026-01-03 09:01:54
c0e1e9be-d5ce-4842-95ab-3bf7e16e4cf8,transfer,completed,TRF-20260314-0858,c000fc21-d671-4ced-8462-c4675d4530fe,befb3212-1e94-4b8c-84ed-6075a2b8c12a,00000000-0000-0000-0000-000000000000,2025-09-17 09:01:54,2025-09-17 09:01:54
fde9d565-971a-46ae-9b0b-62a770a9c53d,delivery,draft,DLV-20260314-1066,e9da2696-5ad7-4fb6-bfa6-72ad47f8d655,,00000000-0000-0000-0000-000000000000,2025-06-07 09:01:54,2025-06-07 09:01:54
02c83625-53e3-4840-87e2-0f5423b6ce96,transfer,completed,TRF-20260314-0859,b01960a9-9a94-4d60-940c-1a45866708c4,02533714-314c-4bba-bd21-d935f3511f02,00000000-0000-0000-0000-000000000000,2025-09-16 09:01:54,2025-09-16 09:01:54
6a2a685b-dfd1-4ef0-9ece-54f242ac1a18,adjustment,draft,ADJ-20260314-0526,2270d678-13fc-49b0-9232-3ed27b5f4534,,00000000-0000-0000-0000-000000000000,2025-06-21 09:01:54,2025-06-21 09:01:54
225c92a5-c8e6-45cb-abc6-0e5c125b4288,delivery,draft,DLV-20260314-1067,1630ed2e-9d36-46f5-9a10-004d0376cbf9,,00000000-0000-0000-0000-000000000000,2025-07-04 09:01:54,2025-07-04 09:01:54
d8d0a7ec-299f-4f78-98d8-c74c2405baef,adjustment,completed,ADJ-20260314-0527,191c2017-9ffb-4ca0-8477-ae81514aef5c,,00000000-0000-0000-0000-000000000000,2025-10-30 09:01:54,2025-10-30 09:01:54
d74b0b0d-d06d-43a2-a3f6-8abe71b9ae25,delivery,completed,DLV-20260314-1068,fe7933a6-848d-4f8e-8a4f-cd5159d389da,,00000000-0000-0000-0000-000000000000,2025-06-04 09:01:54,2025-06-04 09:01:54
4814034a-7c7d-465c-a7f8-28a13d26e746,receipt,confirmed,RCP-20260314-1053,,f8bce906-9da7-425a-b320-6c3e9521bd6d,00000000-0000-0000-0000-000000000000,2026-02-06 09:01:54,2026-02-06 09:01:54
981ece14-fe21-4f93-8306-bc600c2d4cb3,delivery,draft,DLV-20260314-1069,fe9b4cb1-84b9-4c38-b3eb-1ead471c6eb9,,00000000-0000-0000-0000-000000000000,2025-08-09 09:01:54,2025-08-09 09:01:54
96c60c68-4614-413e-8776-c43824cef527,delivery,draft,DLV-20260314-1070,6f6a19e5-c26f-4751-baec-cbac66d5aebe,,00000000-0000-0000-0000-000000000000,2025-05-10 09:01:54,2025-05-10 09:01:54
f41dda44-177a-43bc-9622-ec5c07f0df6a,delivery,completed,DLV-20260314-1071,61a50be5-1edf-46cd-a616-6e7a8f50f964,,00000000-0000-0000-0000-000000000000,2025-06-11 09:01:54,2025-06-11 09:01:54
3cb961d5-3571-4454-a992-29a43419f6e7,transfer,draft,TRF-20260314-0860,ab734043-f4e3-4573-9871-d9007c042948,5b3564d6-bc08-422d-a249-a0680d85b77d,00000000-0000-0000-0000-000000000000,2025-08-25 09:01:54,2025-08-25 09:01:54
1e0d0618-9934-4fd6-a44b-01669902ab75,receipt,completed,RCP-20260314-1054,,94f6eca3-1107-47bc-9369-bb3fd10a7e4d,00000000-0000-0000-0000-000000000000,2026-03-09 09:01:54,2026-03-09 09:01:54
9571b0d1-63dc-436f-ab7e-c0f9ebc14ffa,receipt,completed,RCP-20260314-1055,,2c6fe23b-df07-44ad-aff5-3adcfcc61481,00000000-0000-0000-0000-000000000000,2025-11-14 09:01:54,2025-11-14 09:01:54
eab95ac6-124d-4379-ac4d-3adf1ed8cb7f,delivery,completed,DLV-20260314-1072,2d450aac-f8e4-4811-9317-08a74b735a08,,00000000-0000-0000-0000-000000000000,2025-12-29 09:01:54,2025-12-29 09:01:54
63315ed0-f8a1-442c-afe7-7db99a8c8cf7,receipt,completed,RCP-20260314-1056,,30b72206-8a04-4674-a670-e7ede9fc52fb,00000000-0000-0000-0000-000000000000,2025-12-25 09:01:54,2025-12-25 09:01:54
98e0a52f-7200-4ddb-8fcd-0665b2853f0c,receipt,draft,RCP-20260314-1057,,926316ee-48f7-4313-8983-97f29ad4ce1e,00000000-0000-0000-0000-000000000000,2026-02-21 09:01:54,2026-02-21 09:01:54
057645ac-18db-49d3-84b2-535f653f4cf7,delivery,draft,DLV-20260314-1073,01a8a2cf-2fa2-4e25-b6dc-7d4f618975f2,,00000000-0000-0000-0000-000000000000,2026-03-02 09:01:54,2026-03-02 09:01:54
63de8b4f-b102-4c39-ba71-03e2165af143,receipt,draft,RCP-20260314-1058,,40320d33-62dc-4015-957d-d0cec44cc3be,00000000-0000-0000-0000-000000000000,2025-09-27 09:01:54,2025-09-27 09:01:54
297bceec-c85a-4d80-8b17-acb5b8ca2d86,delivery,completed,DLV-20260314-1074,714a4687-7858-4f67-91ae-e865a3bb19dd,,00000000-0000-0000-0000-000000000000,2025-05-06 09:01:54,2025-05-06 09:01:54
f1bb4ae3-2318-4769-baf9-e8a490adaea4,delivery,completed,DLV-20260314-1075,e4f690a8-c025-4683-9617-df653ca1e51b,,00000000-0000-0000-0000-000000000000,2026-03-09 09:01:54,2026-03-09 09:01:54
a6736f5f-d06c-435d-980d-59bf4e49c0a5,receipt,draft,RCP-20260314-1059,,38fe1575-a42b-477b-8242-65658097666b,00000000-0000-0000-0000-000000000000,2025-12-04 09:01:54,2025-12-04 09:01:54
645bb86d-898c-4c51-9c95-b4302aa1cf3c,delivery,draft,DLV-20260314-1076,a4daa24b-04a2-4bb0-be89-5f7d8c72fc8c,,00000000-0000-0000-0000-000000000000,2025-12-23 09:01:54,2025-12-23 09:01:54
62bee158-254a-4d79-b0c6-a946d22aadec,receipt,draft,RCP-20260314-1060,,4becd6f7-60df-4682-b684-7a0023cf8435,00000000-0000-0000-0000-000000000000,2025-07-23 09:01:54,2025-07-23 09:01:54
de02a38f-b1c0-4485-a779-4016e4336b5e,transfer,confirmed,TRF-20260314-0861,191dd52e-b2c8-477c-a54a-c0a931ef8c01,bdbb1fda-0850-4513-8b60-feb329ac37d6,00000000-0000-0000-0000-000000000000,2025-12-04 09:01:54,2025-12-04 09:01:54
fe6a257d-500d-4ff4-9b2c-3c10683b875e,adjustment,completed,ADJ-20260314-0528,acab8db9-7b79-49dd-a24c-473c5ee1768e,,00000000-0000-0000-0000-000000000000,2025-12-01 09:01:54,2025-12-01 09:01:54
55ff0804-499c-4e40-a00f-9ebe7da77ac1,adjustment,completed,ADJ-20260314-0529,b120ee12-dbca-410c-bba3-cb2fd37251e3,,00000000-0000-0000-0000-000000000000,2025-03-27 09:01:54,2025-03-27 09:01:54
da238651-bcc9-40a3-8f58-97956beefb1f,transfer,completed,TRF-20260314-0862,a7454c93-f3eb-4ef2-9f44-330104bfce11,1b9a99a1-3bae-45d3-a2d7-a57772cab122,00000000-0000-0000-0000-000000000000,2025-09-14 09:01:54,2025-09-14 09:01:54
cfb3d45d-70ea-4a44-ab18-0d98d03f02b9,receipt,draft,RCP-20260314-1061,,fa8908cf-599b-4f7d-9082-521e11a44610,00000000-0000-0000-0000-000000000000,2025-09-04 09:01:54,2025-09-04 09:01:54
83d93606-8ce2-4fba-9d4b-12c575c4e94c,receipt,completed,RCP-20260314-1062,,3c550e75-ae00-421b-a872-5c55892e1181,00000000-0000-0000-0000-000000000000,2025-09-05 09:01:54,2025-09-05 09:01:54
e2daf14e-6cf6-4205-bdca-a15241cebfc2,delivery,completed,DLV-20260314-1077,506a5f47-ee06-4163-98f6-0815de599ffe,,00000000-0000-0000-0000-000000000000,2025-09-28 09:01:54,2025-09-28 09:01:54
2366b9a6-791f-411a-8be6-3f60af6ad739,adjustment,draft,ADJ-20260314-0530,8d8854d4-3e06-4562-b6a2-56e3e8911e69,,00000000-0000-0000-0000-000000000000,2025-07-20 09:01:54,2025-07-20 09:01:54
8d395c23-6542-4942-a836-b66f234a0db7,receipt,draft,RCP-20260314-1063,,adf8a8ea-edac-4788-b8ad-77d45be1a402,00000000-0000-0000-0000-000000000000,2025-12-24 09:01:54,2025-12-24 09:01:54
e3035b9d-8e42-4ae1-bc2b-3c21ca3a8bac,receipt,draft,RCP-20260314-1064,,d1061d3b-f043-493c-b04a-66e0764acd7c,00000000-0000-0000-0000-000000000000,2026-01-30 09:01:54,2026-01-30 09:01:54
9f1ed553-b0d6-420e-bdd8-d89442e95b85,adjustment,completed,ADJ-20260314-0531,26d184c2-d298-4235-bc03-0b7111d429d9,,00000000-0000-0000-0000-000000000000,2025-09-21 09:01:54,2025-09-21 09:01:54
4bfdcb5d-c6be-497c-bbf9-8536ba067f93,transfer,draft,TRF-20260314-0863,df79138a-8997-4e71-adb6-5d1c1b1829af,466960c2-c249-4c22-999f-e9e7f053ae54,00000000-0000-0000-0000-000000000000,2025-07-29 09:01:54,2025-07-29 09:01:54
c59b1784-01d2-4631-95d6-7e5f38577997,adjustment,completed,ADJ-20260314-0532,8db15c98-fea9-4f9a-8b59-718b188edb90,,00000000-0000-0000-0000-000000000000,2025-10-19 09:01:54,2025-10-19 09:01:54
77e27de9-74a8-4792-b35d-850f86713d4b,receipt,completed,RCP-20260314-1065,,e5a6ee3d-a52a-4007-8cc2-a0918485fbdc,00000000-0000-0000-0000-000000000000,2025-11-02 09:01:54,2025-11-02 09:01:54
2eb2e256-293e-4dd9-9561-5c42d7c5d9d9,delivery,completed,DLV-20260314-1078,8a0d2d2d-1033-49a5-a78b-a460986294a6,,00000000-0000-0000-0000-000000000000,2025-05-08 09:01:54,2025-05-08 09:01:54
f0ced3d8-c963-40f2-8412-7cefdc6d3e25,delivery,draft,DLV-20260314-1079,d0d620e6-11f9-4a25-aaac-6467fae1354c,,00000000-0000-0000-0000-000000000000,2025-09-23 09:01:54,2025-09-23 09:01:54
4424242e-e8f2-463c-a72d-971bfb258713,adjustment,completed,ADJ-20260314-0533,b86a099a-1f3f-44c9-8482-e61bae165b69,,00000000-0000-0000-0000-000000000000,2025-05-31 09:01:54,2025-05-31 09:01:54
833483db-7dec-4e20-b787-78cdafa30353,receipt,completed,RCP-20260314-1066,,c4e56d41-4344-4ec0-b7d8-4e9d1d8e00a6,00000000-0000-0000-0000-000000000000,2026-02-04 09:01:54,2026-02-04 09:01:54
95dd12b4-3d59-407a-9ab5-434cfc89d6e3,adjustment,completed,ADJ-20260314-0534,71072a7f-96bd-4772-9952-eee25483f4bf,,00000000-0000-0000-0000-000000000000,2025-03-16 09:01:54,2025-03-16 09:01:54
89595b08-c89a-48ca-ad1a-9da190baddd2,receipt,completed,RCP-20260314-1067,,64bf3940-5de2-4c65-a552-b8395159d19f,00000000-0000-0000-0000-000000000000,2026-02-03 09:01:54,2026-02-03 09:01:54
11c1358b-2341-4550-8f6a-05815d0424d4,delivery,completed,DLV-20260314-1080,23646792-d109-4f63-9d1e-9e1cbdd5eb14,,00000000-0000-0000-0000-000000000000,2025-05-20 09:01:54,2025-05-20 09:01:54
3d883550-efc1-4b7b-88a5-f17916ff2ff1,transfer,completed,TRF-20260314-0864,0658c5eb-83f9-4a97-97d1-d028bb3c552a,fe9b4cb1-84b9-4c38-b3eb-1ead471c6eb9,00000000-0000-0000-0000-000000000000,2025-05-01 09:01:54,2025-05-01 09:01:54
daad41ab-da1f-4865-bc7b-1b480611c5f3,receipt,completed,RCP-20260314-1068,,8570f38c-b847-4e31-be39-516e44eb9118,00000000-0000-0000-0000-000000000000,2025-03-23 09:01:54,2025-03-23 09:01:54
ffd4cc84-b8fe-492c-b226-c52723fabee4,delivery,draft,DLV-20260314-1081,0c1e2eda-0230-4319-82f9-5d326aee7928,,00000000-0000-0000-0000-000000000000,2025-09-03 09:01:54,2025-09-03 09:01:54
dabf44f6-54af-464d-9938-394974509710,receipt,draft,RCP-20260314-1069,,b0a4073c-4631-46ff-98fb-24ba1c0a046d,00000000-0000-0000-0000-000000000000,2025-06-29 09:01:54,2025-06-29 09:01:54
d36c0ad9-c315-4e6b-98f7-728a651155be,adjustment,draft,ADJ-20260314-0535,cf1a766c-3ed1-48af-865d-0fbf5b068aaf,,00000000-0000-0000-0000-000000000000,2025-03-23 09:01:54,2025-03-23 09:01:54
f8e42796-f74e-4024-a618-b84b550cf0f5,adjustment,completed,ADJ-20260314-0536,6e582ca9-ad95-4afe-b6f8-57187659bd8e,,00000000-0000-0000-0000-000000000000,2025-08-09 09:01:54,2025-08-09 09:01:54
5b6f66ed-bb44-4584-ad8f-7384df2a3105,receipt,completed,RCP-20260314-1070,,fc257c42-300c-4514-afb1-922121a2ed81,00000000-0000-0000-0000-000000000000,2025-06-27 09:01:54,2025-06-27 09:01:54
6a170910-7c3f-42a1-842f-df4f1a2db7e1,transfer,confirmed,TRF-20260314-0865,6c71b2f6-43b0-4ab2-aa07-1403245cc492,f7d3b8b1-f1fe-4e51-8d42-12506e16a6c5,00000000-0000-0000-0000-000000000000,2025-05-19 09:01:54,2025-05-19 09:01:54
b11c4cf1-44d5-4c05-9fb7-e1ae13779291,adjustment,completed,ADJ-20260314-0537,6e10fe0b-b01e-4fd2-8e4d-dbcd389b35fe,,00000000-0000-0000-0000-000000000000,2026-01-23 09:01:54,2026-01-23 09:01:54
f29489cf-39f9-4eae-b8c4-91e5233940c6,receipt,draft,RCP-20260314-1071,,506a5f47-ee06-4163-98f6-0815de599ffe,00000000-0000-0000-0000-000000000000,2025-05-19 09:01:54,2025-05-19 09:01:54
fee98dc9-8e6b-4952-9a83-07158005438a,receipt,confirmed,RCP-20260314-1072,,99d434f7-cd6a-456c-92e0-3320c75568fe,00000000-0000-0000-0000-000000000000,2025-10-24 09:01:54,2025-10-24 09:01:54
e7159da2-f383-4354-9f39-cd2fe79d827d,transfer,completed,TRF-20260314-0866,3c756bd1-0fc1-48a1-9970-a458d2e6c77e,04761a18-4230-4837-86f7-f849941cbdc9,00000000-0000-0000-0000-000000000000,2026-01-11 09:01:54,2026-01-11 09:01:54
198e61d0-ce41-41e2-ae18-07a50d339b72,delivery,completed,DLV-20260314-1082,39c792ac-0bae-43be-a852-b3c7b6d22690,,00000000-0000-0000-0000-000000000000,2025-07-26 09:01:54,2025-07-26 09:01:54
a569df6a-6de1-49a3-bb93-d8debb40271c,receipt,completed,RCP-20260314-1073,,da8a5c9d-cffe-4e72-a557-8701248d8504,00000000-0000-0000-0000-000000000000,2025-05-30 09:01:54,2025-05-30 09:01:54
5369e1d9-9651-4bc4-8a10-79c99b68df96,delivery,completed,DLV-20260314-1083,7e5fe7e4-b012-403b-a18a-a8e628603ef0,,00000000-0000-0000-0000-000000000000,2026-02-04 09:01:54,2026-02-04 09:01:54
a3d5f503-aa7a-401d-b617-e4b077757989,transfer,draft,TRF-20260314-0867,e8516346-e0f3-4cb4-a6dd-99b98363f0a3,d9524ac5-fb3a-4674-a5da-a3a77b0e0330,00000000-0000-0000-0000-000000000000,2025-08-02 09:01:54,2025-08-02 09:01:54
76d1c3fe-80f7-48b8-b668-10ec2e9737e3,transfer,completed,TRF-20260314-0868,af30c2bf-1e42-4ed9-9f96-daed97349dcd,d08cc2bf-e6bc-4b3c-a301-69ee8423c298,00000000-0000-0000-0000-000000000000,2026-02-04 09:01:54,2026-02-04 09:01:54
72577d23-691c-4084-883f-a31a8b5c0ea2,receipt,draft,RCP-20260314-1074,,6eda8bba-f8bd-4e81-a937-fc13832a19f4,00000000-0000-0000-0000-000000000000,2026-01-08 09:01:54,2026-01-08 09:01:54
95e429bf-2c10-4eda-8601-315bcb4b844e,receipt,draft,RCP-20260314-1075,,b7db8d7a-3ac9-4008-b81c-e0bd0d01a71f,00000000-0000-0000-0000-000000000000,2025-04-05 09:01:54,2025-04-05 09:01:54
615dda4f-fa70-4f3b-bb54-b96d7628b0cd,transfer,completed,TRF-20260314-0869,dbfcf61b-f951-4b2e-bec2-a358781a3058,a3c2b95c-3ad9-40fd-b975-0596b8e06caa,00000000-0000-0000-0000-000000000000,2026-02-27 09:01:54,2026-02-27 09:01:54
b19020d8-5ae8-4a70-aed2-3b89763de2e8,transfer,draft,TRF-20260314-0870,4dff254e-9d09-4a47-91de-58e89c862f6b,2c2e8583-2d9d-4ea5-b782-2da2bb0b6733,00000000-0000-0000-0000-000000000000,2025-05-04 09:01:54,2025-05-04 09:01:54
7836ca11-aede-4ba6-a5e1-5708c2fc9854,transfer,draft,TRF-20260314-0871,8ef8d45d-3e0e-431f-ae5c-eb6767b69242,e8cac080-db4e-4a3e-8dd7-051592a24355,00000000-0000-0000-0000-000000000000,2025-05-17 09:01:54,2025-05-17 09:01:54
10f5b449-2db2-4f5d-a2f0-28fd380f8185,receipt,completed,RCP-20260314-1076,,422d7aeb-a5d1-4b14-ab12-98448112d956,00000000-0000-0000-0000-000000000000,2025-09-10 09:01:54,2025-09-10 09:01:54
20cc20fe-019d-43cd-9109-e714db452afa,receipt,draft,RCP-20260314-1077,,4130e234-6a97-4c70-b100-0217ca449979,00000000-0000-0000-0000-000000000000,2025-11-24 09:01:54,2025-11-24 09:01:54
e80f9c99-ec5d-4e56-be4f-7968b9d5a1d7,receipt,confirmed,RCP-20260314-1078,,aa6a0f60-601c-45fd-bdcc-bda969e76bfc,00000000-0000-0000-0000-000000000000,2026-01-13 09:01:54,2026-01-13 09:01:54
1f4a9f43-91d6-4672-83b9-33717e0c9316,delivery,draft,DLV-20260314-1084,c4c5d0a1-1b7f-47ba-9be6-0bda26e07ff3,,00000000-0000-0000-0000-000000000000,2025-09-14 09:01:54,2025-09-14 09:01:54
58d9f058-e297-4a42-a76d-2a86e24170c2,adjustment,completed,ADJ-20260314-0538,a60923d3-b42b-4caf-8652-1098915946f8,,00000000-0000-0000-0000-000000000000,2025-07-04 09:01:54,2025-07-04 09:01:54
074ea416-94a2-4ccb-b636-1185820f5d8a,receipt,confirmed,RCP-20260314-1079,,3453ba0a-b473-4b8e-a731-8ca01fcfd510,00000000-0000-0000-0000-000000000000,2025-05-19 09:01:54,2025-05-19 09:01:54
f639d84c-ed25-4cac-b97e-c8bba8c21ed1,transfer,completed,TRF-20260314-0872,b0fc5a07-d7cc-4470-880e-dc3c8e810629,3e932942-704d-404b-8010-cc608469bafa,00000000-0000-0000-0000-000000000000,2025-07-03 09:01:54,2025-07-03 09:01:54
34b68307-2dcf-4ab9-99af-3be6345c6fec,adjustment,completed,ADJ-20260314-0539,5a714903-b9c4-4f79-ae58-711eef207189,,00000000-0000-0000-0000-000000000000,2026-03-08 09:01:54,2026-03-08 09:01:54
5aa71c56-4053-4f8d-bbc5-47d11d404b6d,receipt,completed,RCP-20260314-1080,,f37aa2dc-bd65-45ac-b826-a0143443492e,00000000-0000-0000-0000-000000000000,2025-04-22 09:01:54,2025-04-22 09:01:54
f83ddaca-9403-447e-89e2-8ad2c4c44165,delivery,draft,DLV-20260314-1085,cb8b1360-f58b-4729-8aa8-51b41b2b1f53,,00000000-0000-0000-0000-000000000000,2025-04-09 09:01:54,2025-04-09 09:01:54
85ced3c2-ad62-4584-a8cf-cb148a2d0130,adjustment,completed,ADJ-20260314-0540,c6de4edd-f67a-40cc-a4f1-0b14dae3c595,,00000000-0000-0000-0000-000000000000,2025-11-12 09:01:54,2025-11-12 09:01:54
959f7dc6-ec4e-4ed7-b57c-a556c0b70883,receipt,completed,RCP-20260314-1081,,a4c53d22-3dda-472b-9890-918adce22f36,00000000-0000-0000-0000-000000000000,2025-09-19 09:01:54,2025-09-19 09:01:54
a001ee7a-11d4-4de4-a9a2-190a08ecea86,adjustment,draft,ADJ-20260314-0541,6a8351ca-4116-4660-8fd6-ac87e02fb72b,,00000000-0000-0000-0000-000000000000,2026-01-01 09:01:54,2026-01-01 09:01:54
f007551a-c85f-4521-a1df-965283ff51dc,receipt,completed,RCP-20260314-1082,,71bae614-18d5-4564-9639-daeb5d9128d8,00000000-0000-0000-0000-000000000000,2025-08-24 09:01:54,2025-08-24 09:01:54
f2d3e31a-c7aa-49a7-bca5-e5361627435c,receipt,draft,RCP-20260314-1083,,8e245d8b-4264-4004-b523-df4aa891f020,00000000-0000-0000-0000-000000000000,2025-10-28 09:01:54,2025-10-28 09:01:54
467316f2-9a94-4483-8de4-beb7b641329c,delivery,completed,DLV-20260314-1086,e886a9b3-f6a6-4525-8160-747e558da887,,00000000-0000-0000-0000-000000000000,2025-12-03 09:01:54,2025-12-03 09:01:54
195c1aa4-41ff-4a6d-b331-08c3165bcc43,delivery,draft,DLV-20260314-1087,9b60415e-878e-4b49-be86-e472a5a422d8,,00000000-0000-0000-0000-000000000000,2026-02-24 09:01:54,2026-02-24 09:01:54
a3ac41eb-66ff-474a-96d8-2420a18876c5,receipt,completed,RCP-20260314-1084,,74e608ae-5973-433a-93e7-4f92621b137d,00000000-0000-0000-0000-000000000000,2025-08-06 09:01:54,2025-08-06 09:01:54
1c0688a8-2cf5-4aa8-ac6b-b756a8be8728,adjustment,completed,ADJ-20260314-0542,9db81713-8091-4e77-a983-5049b601c0ca,,00000000-0000-0000-0000-000000000000,2025-10-23 09:01:54,2025-10-23 09:01:54
509ee636-c283-4463-b325-7e557890cdc1,delivery,completed,DLV-20260314-1088,bc5b3b7c-7b4b-48e0-86d5-c041173470fd,,00000000-0000-0000-0000-000000000000,2025-08-10 09:01:54,2025-08-10 09:01:54
e347bcb8-e9be-4997-b971-6afb5fc72d25,adjustment,completed,ADJ-20260314-0543,4ce081a1-ffff-4f59-a916-d8204097c900,,00000000-0000-0000-0000-000000000000,2025-10-22 09:01:54,2025-10-22 09:01:54
83ae13fa-6897-42bd-9a99-7d2f768d5957,delivery,draft,DLV-20260314-1089,2c29c4d7-f1a5-4d00-a041-a73aebc53468,,00000000-0000-0000-0000-000000000000,2025-10-20 09:01:54,2025-10-20 09:01:54
d0a9ab0e-479e-44ed-8c9f-93a161586b10,transfer,draft,TRF-20260314-0873,d06114b5-7f94-433b-8ce1-68c78b334c27,083298a0-6a54-432d-90c6-7a16f3a43370,00000000-0000-0000-0000-000000000000,2025-11-04 09:01:54,2025-11-04 09:01:54
6abed5df-43a0-42a2-b1c8-16bc39c4290c,delivery,confirmed,DLV-20260314-1090,ef898630-3a7f-43f8-b458-62030bed1643,,00000000-0000-0000-0000-000000000000,2026-02-04 09:01:54,2026-02-04 09:01:54
9b87beb8-6648-45e1-81f4-4926f1f67064,transfer,completed,TRF-20260314-0874,3604617d-ae52-428f-a0ed-97e243e95cef,18a3cec1-d737-4d0e-b674-2f8d3118415f,00000000-0000-0000-0000-000000000000,2025-04-10 09:01:54,2025-04-10 09:01:54
26816345-e6fb-49ee-bd42-d48a4609fd27,transfer,draft,TRF-20260314-0875,b3234c56-424a-4e7b-9eec-7ca683c687a4,1b9d5b99-6af4-4cc8-a44d-a4d0bdf1bc5a,00000000-0000-0000-0000-000000000000,2025-08-26 09:01:54,2025-08-26 09:01:54
84c69d89-fa84-4640-a96e-0cac417ef2b1,receipt,confirmed,RCP-20260314-1085,,e22f3214-cbc8-4e91-be04-aad597a74261,00000000-0000-0000-0000-000000000000,2026-01-02 09:01:54,2026-01-02 09:01:54
b4f7f8dd-ef63-4a22-92df-04100cdf42f6,adjustment,completed,ADJ-20260314-0544,35e78239-e90d-426a-9ded-d5bf7117cfeb,,00000000-0000-0000-0000-000000000000,2025-06-08 09:01:54,2025-06-08 09:01:54
a15bca1b-5d92-4024-b44d-688047c8e833,adjustment,completed,ADJ-20260314-0545,01cd0c2d-6e69-4a47-8d87-a3f0638aacb6,,00000000-0000-0000-0000-000000000000,2025-09-21 09:01:54,2025-09-21 09:01:54
e8d9f6af-cabf-4d5d-bf6f-5de744cd4882,transfer,confirmed,TRF-20260314-0876,2d149f65-cfe7-45cf-bd4b-31f0247de85d,179a7d61-12a8-4e65-9845-7b7c1a9b62d2,00000000-0000-0000-0000-000000000000,2025-09-26 09:01:54,2025-09-26 09:01:54
fdcc3190-8bb9-46f8-b3f8-da7b99b628a7,transfer,draft,TRF-20260314-0877,b39c2428-2b1f-40c1-89e4-ef7471d9c45c,19132b48-d2dd-4a7b-9b8a-f8145e513fef,00000000-0000-0000-0000-000000000000,2025-10-29 09:01:54,2025-10-29 09:01:54
c991ebbd-71e3-4b16-b6ed-384c20674554,receipt,completed,RCP-20260314-1086,,f5e12ea7-e129-438a-bafa-0235ea7bbfbd,00000000-0000-0000-0000-000000000000,2025-06-29 09:01:54,2025-06-29 09:01:54
f4d53143-2f62-42c3-a39c-12b5f40e37aa,receipt,completed,RCP-20260314-1087,,71003765-d017-498c-aa3e-b71e5f71228b,00000000-0000-0000-0000-000000000000,2025-05-16 09:01:54,2025-05-16 09:01:54
53ae1a5e-27b0-40db-a8ef-43c644b0bc37,receipt,completed,RCP-20260314-1088,,831f53b4-1db0-4959-afca-72c179a9e556,00000000-0000-0000-0000-000000000000,2025-10-15 09:01:54,2025-10-15 09:01:54
527c48f1-e793-4eaf-b568-1a57e778f4df,transfer,draft,TRF-20260314-0878,8699b81e-0a1b-438b-8e35-d3622fac8664,b1b60805-bbff-48f6-9bf3-6659c953b5ff,00000000-0000-0000-0000-000000000000,2025-08-03 09:01:54,2025-08-03 09:01:54
511bbeb9-5060-4952-b352-a15831b18b74,delivery,completed,DLV-20260314-1091,a79577ff-60f2-4d39-804e-8430dd1ba3a3,,00000000-0000-0000-0000-000000000000,2025-09-02 09:01:54,2025-09-02 09:01:54
0c743cfe-9323-45b4-aaae-3cfc2f2d3570,delivery,completed,DLV-20260314-1092,1587c182-3c58-4f45-aadb-f84cca535048,,00000000-0000-0000-0000-000000000000,2026-02-11 09:01:54,2026-02-11 09:01:54
4044698d-1ba6-483e-9ed5-7b4fff424f78,delivery,completed,DLV-20260314-1093,3162bf6b-3701-4b2d-929e-0c74f1dc2f39,,00000000-0000-0000-0000-000000000000,2025-10-29 09:01:54,2025-10-29 09:01:54
b4d9905a-07b9-4d06-93c7-b1fa2335b96a,delivery,completed,DLV-20260314-1094,b3672299-084e-4653-9bc3-c8dbbbcadfa9,,00000000-0000-0000-0000-000000000000,2025-07-30 09:01:54,2025-07-30 09:01:54
0f941cb7-baba-4ace-b9df-908df04f0969,transfer,draft,TRF-20260314-0879,08da4226-704a-40b3-b460-a80f6cb6bc37,d838c131-0c9d-4fc0-82b6-7f79e3153cfe,00000000-0000-0000-0000-000000000000,2025-07-21 09:01:54,2025-07-21 09:01:54
c0bda19b-3d4d-40ce-911c-f7735f1416e4,delivery,draft,DLV-20260314-1095,175bfab5-8739-4cac-8c27-7c4aa3f1b6f0,,00000000-0000-0000-0000-000000000000,2026-01-21 09:01:54,2026-01-21 09:01:54
8af7e4b3-52b3-46de-8290-37fe03c57c40,delivery,completed,DLV-20260314-1096,67b98906-9657-4c4b-979a-3ae8105f552c,,00000000-0000-0000-0000-000000000000,2026-01-20 09:01:54,2026-01-20 09:01:54
8f173910-0eb9-4bbe-829d-be7976df04ae,delivery,completed,DLV-20260314-1097,b1afb255-9128-495a-8df2-249d0c92fa83,,00000000-0000-0000-0000-000000000000,2026-01-15 09:01:54,2026-01-15 09:01:54
183b0703-552f-4037-82a4-0d126ed12b16,delivery,confirmed,DLV-20260314-1098,03a76c77-6f79-4b9f-8a1e-5ce44828ce44,,00000000-0000-0000-0000-000000000000,2025-08-30 09:01:54,2025-08-30 09:01:54
54e069e8-4706-4c25-9113-c24fb485e430,delivery,draft,DLV-20260314-1099,2da70d76-0124-4f1b-af15-587cf7bc9419,,00000000-0000-0000-0000-000000000000,2025-07-27 09:01:54,2025-07-27 09:01:54
6d8facf9-8bc1-44a7-89e6-7ac78769c6a2,transfer,completed,TRF-20260314-0880,fad6fed1-0017-4d80-99d8-95e9fceb2d03,1b9d5b99-6af4-4cc8-a44d-a4d0bdf1bc5a,00000000-0000-0000-0000-000000000000,2025-12-23 09:01:54,2025-12-23 09:01:54
d9861923-f079-444d-b45d-2fc66d70bed4,adjustment,draft,ADJ-20260314-0546,537d3877-9152-428b-bf4c-fb74f221b7ed,,00000000-0000-0000-0000-000000000000,2025-03-28 09:01:54,2025-03-28 09:01:54
37ff32e8-750e-4cdd-b368-cad526fd7934,receipt,completed,RCP-20260314-1089,,0743b78a-f4e0-45b4-b853-65501d63ea59,00000000-0000-0000-0000-000000000000,2025-10-02 09:01:54,2025-10-02 09:01:54
fd4aa6ef-986a-4f69-ac2a-e531d49756ed,delivery,draft,DLV-20260314-1100,fc637885-c389-47f8-9b4c-566a26768be6,,00000000-0000-0000-0000-000000000000,2026-01-25 09:01:54,2026-01-25 09:01:54
815c2158-e491-414c-af30-99e5fd93f2fc,receipt,confirmed,RCP-20260314-1090,,366b9386-6721-49bc-8ab9-26551a718e9a,00000000-0000-0000-0000-000000000000,2025-09-08 09:01:54,2025-09-08 09:01:54
9435d6ca-6189-4bd5-9edd-c4a1a3563f8f,delivery,draft,DLV-20260314-1101,c2bdeab4-ddc1-4a0e-b988-3b085d8ac51c,,00000000-0000-0000-0000-000000000000,2026-02-13 09:01:54,2026-02-13 09:01:54
35da306b-fbb7-4508-af01-39cd2c5e0b5c,delivery,completed,DLV-20260314-1102,0bf4f22b-8d02-4a38-af94-d6b6badafb79,,00000000-0000-0000-0000-000000000000,2025-08-08 09:01:54,2025-08-08 09:01:54
763b624c-7c9b-4d1b-b2d1-fc973df89a9a,receipt,completed,RCP-20260314-1091,,1106cbc7-5772-440f-8195-0d5cfb6e29c1,00000000-0000-0000-0000-000000000000,2026-01-31 09:01:54,2026-01-31 09:01:54
cbb9426d-1f54-4135-9824-be63430231b7,transfer,draft,TRF-20260314-0881,f1ab1c4b-62a1-4daa-83dd-191707cb8b9c,72496853-ebe6-48b5-945a-bc1ee7099fcd,00000000-0000-0000-0000-000000000000,2025-07-03 09:01:54,2025-07-03 09:01:54
f574569d-b0d8-4d57-b42b-b0858c636bc4,delivery,completed,DLV-20260314-1103,fd23a41f-bab0-47c8-847d-d471b0258a6a,,00000000-0000-0000-0000-000000000000,2025-03-25 09:01:54,2025-03-25 09:01:54
c78c40c2-a6aa-47f5-8db5-645aa552549f,receipt,completed,RCP-20260314-1092,,b9491ad7-7914-493d-8439-eefef7fa4916,00000000-0000-0000-0000-000000000000,2026-02-23 09:01:54,2026-02-23 09:01:54
e6976bd1-655e-426d-a308-304020688c78,receipt,draft,RCP-20260314-1093,,50ef4f9b-7699-49d3-859f-ec1a8766e114,00000000-0000-0000-0000-000000000000,2025-10-04 09:01:54,2025-10-04 09:01:54
071d2afc-8513-4806-9ec3-bcaa00645e00,transfer,completed,TRF-20260314-0882,d2ca548f-4b22-4d23-871f-db2ece5bd582,ee86437c-941a-464d-88fd-cb9306cc60cd,00000000-0000-0000-0000-000000000000,2025-09-27 09:01:54,2025-09-27 09:01:54
f0116f27-7f96-43a7-b3ae-61cb40800b14,adjustment,completed,ADJ-20260314-0547,a7056f4f-8b40-4a3e-a409-2f1ce66156e8,,00000000-0000-0000-0000-000000000000,2026-02-22 09:01:54,2026-02-22 09:01:54
8f89d693-52e7-4188-a25c-c6807a39d3b9,receipt,completed,RCP-20260314-1094,,5ff197a4-12d8-49fc-9d3d-bb3c0d0ba133,00000000-0000-0000-0000-000000000000,2025-12-10 09:01:54,2025-12-10 09:01:54
265442ee-87e0-4dfb-972b-8cf4add36260,adjustment,draft,ADJ-20260314-0548,2c3464d8-fe1b-49aa-801a-c4bfed4f6197,,00000000-0000-0000-0000-000000000000,2025-08-15 09:01:54,2025-08-15 09:01:54
5035467b-956a-415a-8654-aa357463c3c9,delivery,confirmed,DLV-20260314-1104,530ee390-f71c-457a-aa41-587f7c1a5a17,,00000000-0000-0000-0000-000000000000,2025-07-03 09:01:54,2025-07-03 09:01:54
11b6eedc-b510-48da-b1f8-9e14654a287b,adjustment,completed,ADJ-20260314-0549,4fd14063-544c-4b04-a807-6eafe07e9bfd,,00000000-0000-0000-0000-000000000000,2025-09-12 09:01:54,2025-09-12 09:01:54
c8eb0f5b-d46c-4e8a-b38a-2ef16b701bcf,receipt,completed,RCP-20260314-1095,,efcf958c-4560-4155-ba0a-b0dd9c6ab453,00000000-0000-0000-0000-000000000000,2025-10-13 09:01:54,2025-10-13 09:01:54
60cf5bf9-0f24-4609-8746-f45f85a5c015,transfer,completed,TRF-20260314-0883,07e0f610-40d7-4bbe-bfd3-2ac02b81b7d5,bceca85e-f0c9-4c67-b7e4-7ac63235b0fc,00000000-0000-0000-0000-000000000000,2025-06-03 09:01:54,2025-06-03 09:01:54
87f650f5-aeb3-4a5b-8694-589466269bd9,delivery,draft,DLV-20260314-1105,3b3ef0b0-a8bc-4f45-9e87-870ff6011203,,00000000-0000-0000-0000-000000000000,2025-12-26 09:01:54,2025-12-26 09:01:54
8c5385d2-0fde-4956-b1a1-233e1ceea5dc,transfer,completed,TRF-20260314-0884,3d42d0c9-3717-4f57-8814-1b64d8cde430,3500b1ab-4499-4fc3-91f4-8e75ccf2a61c,00000000-0000-0000-0000-000000000000,2025-12-28 09:01:54,2025-12-28 09:01:54
94828808-e35d-4427-9674-cfbf7087e2ec,delivery,draft,DLV-20260314-1106,35f0b762-1ec4-4df4-b85f-732ad38b5105,,00000000-0000-0000-0000-000000000000,2026-03-12 09:01:54,2026-03-12 09:01:54
fe895763-f70a-4ff8-b7da-fed1208be300,transfer,completed,TRF-20260314-0885,419c0f12-2bf7-4f71-8096-9da475b35667,e20fda5c-6994-4e5c-8cac-ec63e4bd7864,00000000-0000-0000-0000-000000000000,2026-01-18 09:01:54,2026-01-18 09:01:54
00a8f5e2-b79b-476d-8aeb-55411ea1a5c6,receipt,draft,RCP-20260314-1096,,ab6fef4c-abd3-45de-8bb0-e8dc1f2867b0,00000000-0000-0000-0000-000000000000,2025-08-09 09:01:54,2025-08-09 09:01:54
bf04b5fe-bb87-4b79-a3f3-282e931aeb54,transfer,completed,TRF-20260314-0886,191e39bb-c72e-44a4-a765-e56f8cf09b05,71e94201-3958-410e-9ca3-1886e612e28e,00000000-0000-0000-0000-000000000000,2025-10-01 09:01:54,2025-10-01 09:01:54
df0a43c8-7a6c-49b8-a285-9d117a6ac92f,delivery,draft,DLV-20260314-1107,6c486958-8e8a-4bfc-a51c-08a05a0f7f01,,00000000-0000-0000-0000-000000000000,2025-04-08 09:01:54,2025-04-08 09:01:54
e826fa1a-537e-44d1-9706-044bce02ac5f,delivery,confirmed,DLV-20260314-1108,33fc5b43-be5a-4cf2-9659-bc645c7f6648,,00000000-0000-0000-0000-000000000000,2025-09-22 09:01:54,2025-09-22 09:01:54
34637ccb-1341-41e5-ae40-ac998f7d3962,delivery,completed,DLV-20260314-1109,5c935f2d-1c67-48ae-8fbb-64a70ad13a5a,,00000000-0000-0000-0000-000000000000,2025-09-20 09:01:54,2025-09-20 09:01:54
5845c3d4-9809-4ca7-aa8a-8a07cf9910e2,receipt,confirmed,RCP-20260314-1097,,22c36239-f588-431b-aab5-7b13ce8acdde,00000000-0000-0000-0000-000000000000,2025-10-20 09:01:54,2025-10-20 09:01:54
a6720a6b-9625-4587-85d1-e2474c86ebd2,delivery,draft,DLV-20260314-1110,7af621da-eb08-4859-ad40-d8e7b0ffa351,,00000000-0000-0000-0000-000000000000,2025-05-05 09:01:54,2025-05-05 09:01:54
f618376f-adc1-4e3d-94f9-02bc55359ac2,delivery,completed,DLV-20260314-1111,d5d3ae11-e40a-4911-8c30-acf988fb7faf,,00000000-0000-0000-0000-000000000000,2025-08-10 09:01:54,2025-08-10 09:01:54
1965a9f9-c526-46ca-9a86-87acf9e85046,receipt,draft,RCP-20260314-1098,,a6c2058a-e7bb-47e2-a10b-de8dd77d89c6,00000000-0000-0000-0000-000000000000,2025-03-15 09:01:54,2025-03-15 09:01:54
61ff7da7-a988-4f24-a44d-f4e9ca35d592,receipt,confirmed,RCP-20260314-1099,,4296078e-f5a1-4e99-8933-f1efe3547a15,00000000-0000-0000-0000-000000000000,2026-01-15 09:01:54,2026-01-15 09:01:54
e54113ee-861b-4653-954f-b41a8045958a,receipt,completed,RCP-20260314-1100,,f8ea140d-a5ca-4761-95a9-949c2a380d70,00000000-0000-0000-0000-000000000000,2025-12-17 09:01:54,2025-12-17 09:01:54
32a29295-a1f6-4d34-92b0-a6f801dae5d7,adjustment,completed,ADJ-20260314-0550,e9ec2fea-3571-4267-92c9-405e6a8102d7,,00000000-0000-0000-0000-000000000000,2025-09-20 09:01:54,2025-09-20 09:01:54
c23ed1bd-27dd-4be0-aca0-a9d9eba8633f,receipt,completed,RCP-20260314-1101,,4fd5e740-e1af-466a-ab31-aa58137ece49,00000000-0000-0000-0000-000000000000,2025-10-02 09:01:54,2025-10-02 09:01:54
63426a74-249c-4c60-af0c-9ed44d6c7191,adjustment,completed,ADJ-20260314-0551,aeed13e8-0df2-4627-8635-e2630a19a548,,00000000-0000-0000-0000-000000000000,2026-02-04 09:01:54,2026-02-04 09:01:54
88767c95-94f4-46bb-a46b-5be48674d1af,receipt,draft,RCP-20260314-1102,,1e28c846-b22e-4d8a-b432-ebfa3a528234,00000000-0000-0000-0000-000000000000,2025-07-28 09:01:54,2025-07-28 09:01:54
d74d443b-6b0d-4c3f-a5e0-4e99bcbe87d2,delivery,completed,DLV-20260314-1112,deed378b-7a7b-491e-b79d-5a55cc91f186,,00000000-0000-0000-0000-000000000000,2025-12-28 09:01:54,2025-12-28 09:01:54
7e0c560b-4f5e-40ed-bcb2-8315d2789df4,transfer,confirmed,TRF-20260314-0887,a0fe6c94-229a-4622-aa1a-c7dab456f3ff,925aeeaa-ee86-4f2e-9be2-c5ee06e43bd0,00000000-0000-0000-0000-000000000000,2025-11-22 09:01:54,2025-11-22 09:01:54
41df4b16-c1f6-4c62-94c5-5064b1332d0d,receipt,confirmed,RCP-20260314-1103,,cb3e3d6b-7dfd-46a4-ba00-ff4cc43d61a7,00000000-0000-0000-0000-000000000000,2026-01-02 09:01:54,2026-01-02 09:01:54
7e37b581-9524-4361-bd68-50430c525535,delivery,completed,DLV-20260314-1113,431bd24c-9cac-4e91-a533-6d5c76a34df7,,00000000-0000-0000-0000-000000000000,2025-05-15 09:01:54,2025-05-15 09:01:54
36a455e0-6845-4b47-88f1-b214478b3a71,receipt,completed,RCP-20260314-1104,,62c1c2e6-8c42-41a1-84c8-1ee7fafec100,00000000-0000-0000-0000-000000000000,2025-05-06 09:01:54,2025-05-06 09:01:54
d8c5b2e8-bd98-4761-9097-4d39054dde76,transfer,completed,TRF-20260314-0888,d49ad210-a788-4094-9235-b59b175388e5,1e280b64-3e8c-4c98-8f16-8f0f3e2f0956,00000000-0000-0000-0000-000000000000,2025-07-20 09:01:54,2025-07-20 09:01:54
f1562f87-bd16-4c6b-ac05-a86b7c95b97b,receipt,draft,RCP-20260314-1105,,d181f534-3c30-491a-91ba-2103e4106878,00000000-0000-0000-0000-000000000000,2025-09-10 09:01:54,2025-09-10 09:01:54
07b915b9-23ad-4e83-9b42-66ade8ecd0e4,transfer,completed,TRF-20260314-0889,4048110a-5b56-4c6d-95bb-31938340ddd4,af1bdd16-cb99-4e8f-a6e4-72a3985ae331,00000000-0000-0000-0000-000000000000,2025-06-02 09:01:54,2025-06-02 09:01:54
6674fca7-1975-4dcc-ae1f-bad7d4481dc5,delivery,completed,DLV-20260314-1114,bbfd3928-5794-4e26-baba-64d66a138f52,,00000000-0000-0000-0000-000000000000,2025-09-01 09:01:54,2025-09-01 09:01:54
e1ffd5b9-2c9a-4a09-af13-b69fe4a908e0,transfer,draft,TRF-20260314-0890,7b20372c-a3c1-41fe-b426-6b49e83275cc,523fb8fd-c31b-4edd-8b5c-be58e6c44903,00000000-0000-0000-0000-000000000000,2025-05-19 09:01:54,2025-05-19 09:01:54
2712bc98-5e94-465c-ad6c-52e924d7f781,receipt,completed,RCP-20260314-1106,,6c91b28e-6643-4f9a-acee-1783ed7a3e34,00000000-0000-0000-0000-000000000000,2025-07-21 09:01:54,2025-07-21 09:01:54
e0d3920b-83bc-4665-8671-b96f69d321a1,receipt,draft,RCP-20260314-1107,,d6d30ba4-ba3f-4647-b5d6-88670b0c993e,00000000-0000-0000-0000-000000000000,2025-10-01 09:01:54,2025-10-01 09:01:54
d76b0f70-af5a-4855-aafc-00f858f2caaf,delivery,confirmed,DLV-20260314-1115,ab728a87-6b34-47bf-b20b-b534fd84a774,,00000000-0000-0000-0000-000000000000,2025-12-28 09:01:54,2025-12-28 09:01:54
0c2369cc-87ea-4cb2-8012-58104f55c0c4,receipt,confirmed,RCP-20260314-1108,,a04b5bae-6702-4dbb-b3a5-01a1bb148a34,00000000-0000-0000-0000-000000000000,2025-05-21 09:01:54,2025-05-21 09:01:54
f40c700d-7acd-41e1-bb9e-b74c91123ade,delivery,draft,DLV-20260314-1116,89e2604b-cc7b-4cc7-8437-7558c3191e79,,00000000-0000-0000-0000-000000000000,2025-12-13 09:01:54,2025-12-13 09:01:54
a3c8a128-7d59-4464-83e3-1a0e5170f4a5,transfer,confirmed,TRF-20260314-0891,a75aede9-e52a-4a9c-bb85-fce85c5e9c95,64c16236-f285-4037-b600-dd3980207220,00000000-0000-0000-0000-000000000000,2026-02-12 09:01:54,2026-02-12 09:01:54
cf99d4ad-8c4c-4deb-997f-a2c8613cb9e2,transfer,draft,TRF-20260314-0892,a8fb085c-135a-47d2-9687-69e699916536,06527f28-a3b4-4353-bfe7-92a85040245d,00000000-0000-0000-0000-000000000000,2025-07-01 09:01:54,2025-07-01 09:01:54
dc0aea81-f294-4ec7-b68c-7cb9ee383d05,delivery,completed,DLV-20260314-1117,70a09dfb-89b8-429b-9c87-ebea7f55132b,,00000000-0000-0000-0000-000000000000,2025-11-25 09:01:54,2025-11-25 09:01:54
85592ab2-4ac1-4caf-82e3-34aa8c4c722c,transfer,completed,TRF-20260314-0893,d4a420b5-81ae-435c-af3f-2ddeedfe1d25,9a26c865-3fad-4fdd-b0e1-1e8d6b1e65d7,00000000-0000-0000-0000-000000000000,2025-08-28 09:01:54,2025-08-28 09:01:54
43977799-1f71-4ced-907d-3a9b2d270932,delivery,completed,DLV-20260314-1118,0f45499b-38a0-4eba-9b62-1ba77293f872,,00000000-0000-0000-0000-000000000000,2025-06-29 09:01:54,2025-06-29 09:01:54
9b115a48-4b97-43f6-9c5b-b9b7fa958ebe,transfer,draft,TRF-20260314-0894,0ea14ebf-96a1-4444-ae0d-614851e86f28,f9271219-a5b0-404e-908e-e9103336e1c7,00000000-0000-0000-0000-000000000000,2025-08-29 09:01:54,2025-08-29 09:01:54
0bffd0fc-89f8-41c1-8cd0-6d1580c2f011,receipt,completed,RCP-20260314-1109,,7fef18b3-93c9-4d46-98a1-eebfbc01447a,00000000-0000-0000-0000-000000000000,2025-03-14 09:01:54,2025-03-14 09:01:54
8ddba1f9-8a5b-47ae-8bfd-92ae78f1c299,receipt,completed,RCP-20260314-1110,,a884f689-8c8c-47f2-93b2-97dc0b44b583,00000000-0000-0000-0000-000000000000,2025-08-20 09:01:54,2025-08-20 09:01:54
5841b734-b410-4482-8bf0-1ce0b136af66,receipt,completed,RCP-20260314-1111,,ebb56275-0049-4785-9ab8-5ca2bdea0f3b,00000000-0000-0000-0000-000000000000,2025-09-21 09:01:54,2025-09-21 09:01:54
b086a67f-ef75-44da-9660-72367bc32dc1,adjustment,completed,ADJ-20260314-0552,a3c6de0a-363b-4495-bf13-ca79482e585c,,00000000-0000-0000-0000-000000000000,2025-09-19 09:01:54,2025-09-19 09:01:54
e77c49e8-7617-40eb-8792-dd9769533157,transfer,confirmed,TRF-20260314-0895,97fc80a3-9c8a-43cd-b975-ee9748a6c15d,d834ab8a-18c7-4097-926a-934fdcad2307,00000000-0000-0000-0000-000000000000,2025-11-08 09:01:54,2025-11-08 09:01:54
659fe537-2746-409a-bd16-435c55ab9a5a,adjustment,draft,ADJ-20260314-0553,e2ef5b2e-51e8-49a9-988c-0eb02b89b7fc,,00000000-0000-0000-0000-000000000000,2025-10-02 09:01:54,2025-10-02 09:01:54
38534c09-a6fc-48ea-82f5-67cb29320f3d,receipt,completed,RCP-20260314-1112,,223860a9-cfd7-4443-8fb9-f12fd0a64bef,00000000-0000-0000-0000-000000000000,2025-04-25 09:01:54,2025-04-25 09:01:54
c844c0d6-2bde-491a-a28c-8216e529be88,transfer,completed,TRF-20260314-0896,eedbe8c4-0b8a-4269-b97b-8b5893a552ef,3cb291da-d150-470c-bc49-dff847469cf5,00000000-0000-0000-0000-000000000000,2025-08-04 09:01:54,2025-08-04 09:01:54
3e590b23-bfd8-4783-8ade-a803fcd01e2e,delivery,completed,DLV-20260314-1119,6119e7dc-f88e-4b73-8be0-405da2634a8e,,00000000-0000-0000-0000-000000000000,2025-06-07 09:01:54,2025-06-07 09:01:54
1da74464-a4c7-444b-a471-c3bab2dac8ff,receipt,draft,RCP-20260314-1113,,2bcb6de5-7482-41fd-81ea-98d878024ee6,00000000-0000-0000-0000-000000000000,2025-10-18 09:01:54,2025-10-18 09:01:54
37fdb732-b8b0-4515-85e6-61b446c5a235,delivery,completed,DLV-20260314-1120,1fc62d4f-1260-407a-86d0-9a11ac131784,,00000000-0000-0000-0000-000000000000,2025-07-01 09:01:54,2025-07-01 09:01:54
8f97fc25-96da-4e11-aa12-57dafee3f407,receipt,completed,RCP-20260314-1114,,2f599307-1879-4c4b-8819-efd1a5edc2cb,00000000-0000-0000-0000-000000000000,2025-09-16 09:01:54,2025-09-16 09:01:54
a91b9a3d-9444-44b7-8c61-e6b393d737d0,adjustment,completed,ADJ-20260314-0554,c4b81bdb-22b7-484f-bc9b-42054a227289,,00000000-0000-0000-0000-000000000000,2025-12-12 09:01:54,2025-12-12 09:01:54
eaeab03e-4ef3-4585-ae99-08ade9d0fc48,delivery,completed,DLV-20260314-1121,08fe40df-8c7e-426f-8b2a-0ca168a08a1f,,00000000-0000-0000-0000-000000000000,2025-08-02 09:01:54,2025-08-02 09:01:54
322b7fdc-8408-4319-b60f-c63efbc903fe,delivery,completed,DLV-20260314-1122,0b724a7f-661b-4b0e-87eb-45e0544bb9b8,,00000000-0000-0000-0000-000000000000,2025-09-18 09:01:54,2025-09-18 09:01:54
3516ee9f-a39e-46e0-a47e-624a8314083f,receipt,completed,RCP-20260314-1115,,a65d8ad5-a959-40b2-8ff0-833cde4c0d5e,00000000-0000-0000-0000-000000000000,2025-09-03 09:01:54,2025-09-03 09:01:54
40716e1f-93b4-48dc-8b14-b6f5bc459a37,transfer,completed,TRF-20260314-0897,ccf4535d-72ce-41c6-9712-7499c21c1a3a,24c94f7c-e883-474b-b6a6-be74fab1bbb6,00000000-0000-0000-0000-000000000000,2025-07-11 09:01:54,2025-07-11 09:01:54
fed5ced6-0a3a-481c-8a48-5fefc784b347,adjustment,completed,ADJ-20260314-0555,560639bb-ba96-45fe-bcce-efae287b03d9,,00000000-0000-0000-0000-000000000000,2025-09-04 09:01:54,2025-09-04 09:01:54
2db1aeb8-1039-473d-b8d5-48e5c56b1168,receipt,completed,RCP-20260314-1116,,bcbe6f22-7255-4559-8800-47beaa717a49,00000000-0000-0000-0000-000000000000,2025-10-30 09:01:54,2025-10-30 09:01:54
577b7228-0631-4a59-90be-790a4629909a,adjustment,completed,ADJ-20260314-0556,bde1f8a7-fdde-4160-a716-fcd52a1a57d2,,00000000-0000-0000-0000-000000000000,2025-11-05 09:01:54,2025-11-05 09:01:54
68eba426-09bf-4ab3-b471-9d86078a8ab0,adjustment,completed,ADJ-20260314-0557,31c71054-076a-428d-abd0-1ae0026b225c,,00000000-0000-0000-0000-000000000000,2025-08-30 09:01:54,2025-08-30 09:01:54
bdb0d6dc-8082-4a5d-b670-d57775d8dbae,receipt,completed,RCP-20260314-1117,,eebf4b4d-461b-468e-9d99-3f2850c31169,00000000-0000-0000-0000-000000000000,2025-06-17 09:01:54,2025-06-17 09:01:54
b5b8f0c0-ae97-4b6e-8a28-32b8eb14b4d2,transfer,completed,TRF-20260314-0898,d29ce360-8320-44e4-9dda-491fd368bb0a,bc1a5e2f-9b36-4221-a6bc-6a9203c141bf,00000000-0000-0000-0000-000000000000,2025-11-18 09:01:54,2025-11-18 09:01:54
cfb045e4-1d27-492c-98d8-8cfe8fdbf915,delivery,completed,DLV-20260314-1123,ec0e38c9-5502-474b-80b1-6fa19c1b1f04,,00000000-0000-0000-0000-000000000000,2026-02-13 09:01:54,2026-02-13 09:01:54
3f770d2c-3f26-4310-9465-e606b8b8d322,delivery,confirmed,DLV-20260314-1124,75631800-20c3-49cb-8981-d8b894fbe629,,00000000-0000-0000-0000-000000000000,2025-07-27 09:01:54,2025-07-27 09:01:54
9ff23dcd-0472-4d0b-a4e7-afac3271e761,delivery,draft,DLV-20260314-1125,c4b81bdb-22b7-484f-bc9b-42054a227289,,00000000-0000-0000-0000-000000000000,2025-08-22 09:01:54,2025-08-22 09:01:54
1b1a7ce8-aa22-4281-8076-9c63658ba28d,transfer,completed,TRF-20260314-0899,a80ecd63-a37e-4c1c-b462-2c4730f2b1ab,2470928f-1627-4921-b9b0-5dbe4b9a3511,00000000-0000-0000-0000-000000000000,2026-02-14 09:01:54,2026-02-14 09:01:54
65c4a58d-19a8-404a-8306-2febaa9cdec9,receipt,draft,RCP-20260314-1118,,c8be1539-c28c-4e0e-a669-2d11b739d903,00000000-0000-0000-0000-000000000000,2025-08-10 09:01:54,2025-08-10 09:01:54
1552831d-6eeb-4a06-8549-c380e9eaefd0,receipt,draft,RCP-20260314-1119,,6231add7-0ad1-4a10-9e90-f6a0049c6549,00000000-0000-0000-0000-000000000000,2025-07-18 09:01:54,2025-07-18 09:01:54
4c200bfc-2c46-44a9-a8f8-cd39c882cc55,adjustment,confirmed,ADJ-20260314-0558,064d4a88-73b5-4159-9629-23e389551f84,,00000000-0000-0000-0000-000000000000,2025-06-24 09:01:54,2025-06-24 09:01:54
2518e725-f652-43b5-95be-33f78d9e5e80,receipt,completed,RCP-20260314-1120,,14778646-3585-41d0-85b7-d2f1b39711ae,00000000-0000-0000-0000-000000000000,2025-08-26 09:01:54,2025-08-26 09:01:54
20db6861-a79a-458f-97e4-7ebdfd463c84,transfer,completed,TRF-20260314-0900,aa5d9b4d-6f81-4a16-bb18-88a19cde4e88,31ab5585-4501-4ffb-985f-9a208188b31f,00000000-0000-0000-0000-000000000000,2025-03-14 09:01:54,2025-03-14 09:01:54
ea6c3d30-14fd-44bb-ab32-eb5ddeff1857,receipt,completed,RCP-20260314-1121,,5c8cb63d-9df1-4126-8ed3-41c523bc3a0a,00000000-0000-0000-0000-000000000000,2025-11-22 09:01:54,2025-11-22 09:01:54
97420952-376c-49c5-a123-95a8b4e8b90f,receipt,completed,RCP-20260314-1122,,5c1d0dc4-4f97-4b08-a7c4-ed40ad22730c,00000000-0000-0000-0000-000000000000,2025-06-30 09:01:54,2025-06-30 09:01:54
d1874e48-6619-4796-91f8-2af1660c7a85,delivery,draft,DLV-20260314-1126,d6eb230e-9cb7-4bb7-92ac-0aff629a89f9,,00000000-0000-0000-0000-000000000000,2025-07-01 09:01:54,2025-07-01 09:01:54
ce53ba78-0699-43f7-aacd-b7c559e077ab,delivery,completed,DLV-20260314-1127,59820b74-dcaf-4ff6-a87c-b85a92e5e65f,,00000000-0000-0000-0000-000000000000,2025-05-27 09:01:54,2025-05-27 09:01:54
fd63bc58-25c6-4e43-9b16-3bdb77880c54,delivery,completed,DLV-20260314-1128,34860816-c56c-4101-9c92-65c90f0d262a,,00000000-0000-0000-0000-000000000000,2026-03-02 09:01:54,2026-03-02 09:01:54
7e73b00e-6eca-40c8-bbb0-0b5718ce4b49,adjustment,completed,ADJ-20260314-0559,509481a6-a1a9-41c0-93de-10951a1b1988,,00000000-0000-0000-0000-000000000000,2025-04-05 09:01:54,2025-04-05 09:01:54
85537445-7ca2-41d4-9fa8-71cccc208f94,delivery,confirmed,DLV-20260314-1129,95b1f862-76c0-4b61-9b24-a5af25834db1,,00000000-0000-0000-0000-000000000000,2025-09-04 09:01:54,2025-09-04 09:01:54
2c612f2b-d4e1-47a8-b931-8a3dd0726974,transfer,completed,TRF-20260314-0901,56487998-a3a0-46fa-ad40-bd0750c206e4,10a6a868-bf8b-4150-8565-a86b3a223838,00000000-0000-0000-0000-000000000000,2025-11-16 09:01:54,2025-11-16 09:01:54
15039e55-cded-43de-bf6c-e491f030df71,receipt,completed,RCP-20260314-1123,,b2f53e3f-c070-4884-89fa-13128e7f530c,00000000-0000-0000-0000-000000000000,2025-10-09 09:01:54,2025-10-09 09:01:54
30dfc45e-bd02-43e7-a5e8-53b5b1b9370f,receipt,completed,RCP-20260314-1124,,be1c56b1-1d67-48ad-a15e-a0faf88a8d31,00000000-0000-0000-0000-000000000000,2025-12-16 09:01:54,2025-12-16 09:01:54
fc6deb4e-2875-49bc-9813-5110713c1fce,delivery,completed,DLV-20260314-1130,6f558729-a1cf-43e8-bd8e-714916ce7827,,00000000-0000-0000-0000-000000000000,2026-02-27 09:01:54,2026-02-27 09:01:54
d896630e-e9b6-427e-9840-95cd0c7557b2,delivery,draft,DLV-20260314-1131,84fd921d-8165-40d5-bc6c-a21d5c7928fe,,00000000-0000-0000-0000-000000000000,2025-06-03 09:01:54,2025-06-03 09:01:54
21141c99-2d61-4daf-bbf5-3fe00a5a998e,transfer,confirmed,TRF-20260314-0902,e384ae5f-e85b-463d-af4b-bf957d9a503d,881fe7ce-0b10-440a-aa34-38830b21ce26,00000000-0000-0000-0000-000000000000,2025-12-31 09:01:54,2025-12-31 09:01:54
128f2428-a56a-4dea-9162-c50905dba118,delivery,completed,DLV-20260314-1132,f37aa2dc-bd65-45ac-b826-a0143443492e,,00000000-0000-0000-0000-000000000000,2025-09-19 09:01:54,2025-09-19 09:01:54
c2df7524-dcc2-4bcc-aedd-d627fa9609db,transfer,completed,TRF-20260314-0903,064d4a88-73b5-4159-9629-23e389551f84,515d1f14-4045-4e5b-8b60-caf9708ab625,00000000-0000-0000-0000-000000000000,2025-03-24 09:01:54,2025-03-24 09:01:54
2ee2c6a8-e1df-4ae7-984a-08915450c053,transfer,completed,TRF-20260314-0904,d246e982-4606-4c8b-b463-c4ca56b8e65e,c9b14af6-3114-43e4-b0a7-167f49343484,00000000-0000-0000-0000-000000000000,2025-12-23 09:01:54,2025-12-23 09:01:54
6ec803f2-7d93-4773-9123-13d39b221bb6,transfer,completed,TRF-20260314-0905,eff000ba-0fc1-4edb-814d-9e32aaf9f0fd,c8372f1e-931e-4a7d-90d7-9ddefee47185,00000000-0000-0000-0000-000000000000,2025-10-19 09:01:54,2025-10-19 09:01:54
db71d2dd-9d78-4620-8837-766784ad50cc,adjustment,completed,ADJ-20260314-0560,e98da201-1c32-4909-8794-8d08e7a404fb,,00000000-0000-0000-0000-000000000000,2025-06-22 09:01:54,2025-06-22 09:01:54
e4ad647b-e938-45bc-95ea-43d2987ae1f0,receipt,completed,RCP-20260314-1125,,67eeb033-2fb8-46f0-8c8c-a7f9282f092a,00000000-0000-0000-0000-000000000000,2025-11-11 09:01:54,2025-11-11 09:01:54
4e7e2bea-9082-47a5-8980-a111b63ff7e1,receipt,completed,RCP-20260314-1126,,d47a3dfd-e1c5-4a53-8b79-9357a725901b,00000000-0000-0000-0000-000000000000,2025-07-23 09:01:54,2025-07-23 09:01:54
609954d8-92a1-4d8f-83c1-fdca54e4788b,receipt,completed,RCP-20260314-1127,,56487998-a3a0-46fa-ad40-bd0750c206e4,00000000-0000-0000-0000-000000000000,2025-04-09 09:01:54,2025-04-09 09:01:54
0cd1cbc7-2a75-4216-b45b-d5a538e2826d,receipt,draft,RCP-20260314-1128,,28a9baea-69fa-4273-affe-e3e45267325c,00000000-0000-0000-0000-000000000000,2025-06-03 09:01:54,2025-06-03 09:01:54
1a28a075-9f80-4a4e-bf1f-a836cc4094a8,adjustment,draft,ADJ-20260314-0561,4ce081a1-ffff-4f59-a916-d8204097c900,,00000000-0000-0000-0000-000000000000,2026-01-26 09:01:54,2026-01-26 09:01:54
c6f070ca-51ff-4556-827c-8ecba23e2e84,transfer,completed,TRF-20260314-0906,e5dcb91e-da68-47e5-8756-a0ac73647547,048b7775-1f0b-40f2-a6fe-299981d6ca56,00000000-0000-0000-0000-000000000000,2025-05-20 09:01:54,2025-05-20 09:01:54
b4f2b098-c6c3-4f3a-a7aa-d8e642cfa462,delivery,draft,DLV-20260314-1133,948db9b1-51d2-4047-b1b7-9017b517c57e,,00000000-0000-0000-0000-000000000000,2026-02-27 09:01:54,2026-02-27 09:01:54
1426f3b4-96b2-4637-abf0-9e80a9daa069,transfer,draft,TRF-20260314-0907,3968f3ea-f7a3-443f-8bc6-03d45f86b5af,0eb6e3c4-106c-4dd6-a9d3-d1f00eaa7cd5,00000000-0000-0000-0000-000000000000,2025-09-26 09:01:54,2025-09-26 09:01:54
ac4625fa-58b5-4103-a542-67cc478ec0ce,adjustment,completed,ADJ-20260314-0562,4e71a3c9-ec22-4e89-99c7-54a4137a4c4c,,00000000-0000-0000-0000-000000000000,2025-11-25 09:01:54,2025-11-25 09:01:54
a6e8e248-47e0-48c4-943e-ad5ea687f13c,adjustment,completed,ADJ-20260314-0563,382b9cb4-ec47-4cbc-bbff-bc67743e1d1a,,00000000-0000-0000-0000-000000000000,2026-02-17 09:01:54,2026-02-17 09:01:54
f0f70998-5b9d-4707-8793-a72408510c71,transfer,draft,TRF-20260314-0908,fbecefaf-9c69-494d-9672-dcd696480f3d,0c1e266c-71e2-4f43-890f-bb70411cebee,00000000-0000-0000-0000-000000000000,2025-08-27 09:01:54,2025-08-27 09:01:54
1d09b696-d5ab-4bea-8be1-ec3c3f49fcb3,delivery,draft,DLV-20260314-1134,c28d7eba-a0ab-4fd6-a916-331b18deaf94,,00000000-0000-0000-0000-000000000000,2026-01-25 09:01:54,2026-01-25 09:01:54
9db3f419-181d-400c-b5ce-56b0cac33400,delivery,draft,DLV-20260314-1135,c83c8321-1786-4ad7-a172-53a5993d1354,,00000000-0000-0000-0000-000000000000,2025-05-06 09:01:54,2025-05-06 09:01:54
dd4be8bd-2eac-483a-8a78-f4c076aafdbd,adjustment,completed,ADJ-20260314-0564,eb865283-f6a4-42ad-9452-07a61522dfc0,,00000000-0000-0000-0000-000000000000,2025-03-22 09:01:54,2025-03-22 09:01:54
de21164f-9b78-4756-9e36-ab842cf1b717,delivery,draft,DLV-20260314-1136,1740ba4b-9777-4cd1-8f80-37e609014e44,,00000000-0000-0000-0000-000000000000,2025-09-01 09:01:54,2025-09-01 09:01:54
49f75936-8f6a-46f5-a72f-1b028b93fc1a,receipt,completed,RCP-20260314-1129,,44a43e01-b090-4dd0-aaaf-3505c79d8390,00000000-0000-0000-0000-000000000000,2026-03-01 09:01:54,2026-03-01 09:01:54
da5209dc-c86a-42e6-9550-3af5fdb22df6,receipt,confirmed,RCP-20260314-1130,,7e4fe0be-615d-4cdb-b3ad-10d9f2845b86,00000000-0000-0000-0000-000000000000,2026-02-03 09:01:54,2026-02-03 09:01:54
05f367a9-b65d-4b40-a71f-fa5a05f0887b,adjustment,completed,ADJ-20260314-0565,aa360443-d1d6-4421-826a-2d2c4ac06d27,,00000000-0000-0000-0000-000000000000,2025-08-15 09:01:54,2025-08-15 09:01:54
0931c661-ae98-4b53-a1ca-ccd0e7d35717,transfer,completed,TRF-20260314-0909,6f558729-a1cf-43e8-bd8e-714916ce7827,b0c708d3-c75f-4d70-95d6-215b63d39720,00000000-0000-0000-0000-000000000000,2025-09-15 09:01:54,2025-09-15 09:01:54
b7c65b3a-7e7a-4b6a-9469-46e8b5895b15,receipt,completed,RCP-20260314-1131,,0b724a7f-661b-4b0e-87eb-45e0544bb9b8,00000000-0000-0000-0000-000000000000,2026-01-25 09:01:54,2026-01-25 09:01:54
e84e4e16-bc90-40bc-93f5-98da049fb8a5,receipt,completed,RCP-20260314-1132,,83e5b9b9-a98e-4f02-ba26-d29411182bba,00000000-0000-0000-0000-000000000000,2025-05-31 09:01:54,2025-05-31 09:01:54
63c1473c-712f-4cf1-8ba8-dbdbfbe092b2,receipt,completed,RCP-20260314-1133,,405ca396-25f7-4cf0-b014-3a27eaecef3f,00000000-0000-0000-0000-000000000000,2026-02-10 09:01:54,2026-02-10 09:01:54
c0f991dc-c7c5-4d3c-93ba-15e156362069,transfer,completed,TRF-20260314-0910,bcbda0eb-c563-4468-8a5b-86bd8867102e,f598d5a9-1918-4eb3-88e6-21691727757c,00000000-0000-0000-0000-000000000000,2025-09-05 09:01:54,2025-09-05 09:01:54
80d3b5d7-e9e3-406b-b3c9-f52680008bfe,transfer,completed,TRF-20260314-0911,fccc00cb-d97a-47c7-8da0-b58bf31a70f1,f4e82d74-1675-4d7f-ae28-23ad68f92f2c,00000000-0000-0000-0000-000000000000,2025-03-23 09:01:54,2025-03-23 09:01:54
e2675e4f-9d7b-4a23-9ba2-9d6a5bac17c8,delivery,confirmed,DLV-20260314-1137,49dc7e92-8c90-4446-92bc-0d4583254e3d,,00000000-0000-0000-0000-000000000000,2026-01-03 09:01:54,2026-01-03 09:01:54
1acfd20e-3dbd-4f9b-a904-4eef397e92d2,receipt,completed,RCP-20260314-1134,,4c39ed98-57ae-451f-b466-6ad87ac4149f,00000000-0000-0000-0000-000000000000,2025-12-05 09:01:54,2025-12-05 09:01:54
5c3caa97-24ff-4138-b2dd-654cbbb6ce51,delivery,completed,DLV-20260314-1138,c876804d-379b-4ec6-8ac6-fe8c29ca1ddd,,00000000-0000-0000-0000-000000000000,2025-12-11 09:01:54,2025-12-11 09:01:54
b787b75d-7b9d-4aff-bd22-611e03b4a10b,transfer,completed,TRF-20260314-0912,438c74d8-0c47-4ee2-be48-c295a5e87571,22ec640b-3c01-454b-8bab-aeaaaea0f9bc,00000000-0000-0000-0000-000000000000,2026-01-06 09:01:54,2026-01-06 09:01:54
c673ca1c-6268-48f2-86b7-91da7467691f,delivery,draft,DLV-20260314-1139,a3a90179-3743-48ea-b0c8-f7f378167580,,00000000-0000-0000-0000-000000000000,2025-04-15 09:01:54,2025-04-15 09:01:54
f13893a2-dcce-4c30-8294-3b0422a65023,transfer,draft,TRF-20260314-0913,dba70a8a-e9a5-434f-b4b8-f4f8895ed789,ec026422-0386-4da1-bdc2-fcd0973ce03a,00000000-0000-0000-0000-000000000000,2025-06-08 09:01:54,2025-06-08 09:01:54
bc854384-a252-4eb3-9d96-11bf68a575f3,transfer,draft,TRF-20260314-0914,da71e78e-7c73-4028-b072-ad65a891df9c,7aa19f46-7143-4821-96a2-6ab0bddb36b0,00000000-0000-0000-0000-000000000000,2025-12-29 09:01:54,2025-12-29 09:01:54
a7c3c437-c543-4f3d-8ee7-46e1594479c7,receipt,completed,RCP-20260314-1135,,2d43ddb8-683b-4012-98cd-ce896ca9153f,00000000-0000-0000-0000-000000000000,2025-10-31 09:01:54,2025-10-31 09:01:54
b3eabd5f-9dfd-4f3a-b33c-00e80a1f01ba,transfer,confirmed,TRF-20260314-0915,cc849b8c-232e-42b3-90d5-bd6f9dfe9ac3,b412353b-4ed6-41b9-a798-344b2e122da9,00000000-0000-0000-0000-000000000000,2025-10-05 09:01:54,2025-10-05 09:01:54
69500018-a7be-4cfb-8940-d53693696a2b,transfer,completed,TRF-20260314-0916,62a41834-d066-4fa6-9dc5-2f84889d8cb2,2ff174ef-7ef9-48ee-9d01-e316d4412f77,00000000-0000-0000-0000-000000000000,2026-01-30 09:01:54,2026-01-30 09:01:54
c3d3e359-f87f-49eb-a1df-23e0e08dc07c,transfer,completed,TRF-20260314-0917,1a589eb1-e6c1-4b4a-bc34-b2ab43772469,82d8dd1b-f579-4856-abfd-6e226b58075b,00000000-0000-0000-0000-000000000000,2026-02-13 09:01:54,2026-02-13 09:01:54
0306f944-18a5-48e5-b0f4-a5f90f747bcb,receipt,completed,RCP-20260314-1136,,1a63904f-b089-45e5-9b63-5f0484ab6865,00000000-0000-0000-0000-000000000000,2025-12-29 09:01:54,2025-12-29 09:01:54
f821a4e7-1690-49a8-9ebe-273e4e5d4e6e,delivery,completed,DLV-20260314-1140,c2672d44-e8f1-4cff-8ed4-f00afae7273c,,00000000-0000-0000-0000-000000000000,2025-12-25 09:01:54,2025-12-25 09:01:54
d78f6ade-68bf-4741-9388-424e6259e547,receipt,completed,RCP-20260314-1137,,994adbb5-3f99-4d0e-b5ce-5e039356bfec,00000000-0000-0000-0000-000000000000,2025-06-22 09:01:54,2025-06-22 09:01:54
94130e9e-932d-4815-b473-080c007a730a,transfer,confirmed,TRF-20260314-0918,ecac9afb-ad40-4bf2-92e8-80fc0d5e55fb,948eab57-ecb2-4d9f-84c8-227f3957937c,00000000-0000-0000-0000-000000000000,2026-02-11 09:01:54,2026-02-11 09:01:54
36b17164-0421-4ca2-baea-5635fec01370,delivery,completed,DLV-20260314-1141,29e8ea0d-d568-46a8-b74e-a7522d2a52cb,,00000000-0000-0000-0000-000000000000,2025-12-25 09:01:54,2025-12-25 09:01:54
aa31954f-03ac-4b35-9cc6-77620e57928b,receipt,draft,RCP-20260314-1138,,95e60c3d-5cb0-4060-a4bf-48e0e84e6a94,00000000-0000-0000-0000-000000000000,2025-08-23 09:01:54,2025-08-23 09:01:54
e6d411f8-e97b-49ae-96b0-fb2674a27a1b,delivery,completed,DLV-20260314-1142,dea0ce02-4844-4002-a05f-49d8f34302d3,,00000000-0000-0000-0000-000000000000,2025-03-27 09:01:54,2025-03-27 09:01:54
b8eaaef8-dd9c-4f68-9592-94bd9a691c40,receipt,completed,RCP-20260314-1139,,f73373aa-5f91-44bc-be10-2e92ec98e664,00000000-0000-0000-0000-000000000000,2025-11-14 09:01:54,2025-11-14 09:01:54
01a2988e-0252-4b4e-b0b6-a26a4a29b394,adjustment,draft,ADJ-20260314-0566,60206093-1474-473f-bf2a-b78e21b330ca,,00000000-0000-0000-0000-000000000000,2026-02-12 09:01:54,2026-02-12 09:01:54
2c8df40f-fc17-4a73-876c-9fa553dd5b1b,transfer,completed,TRF-20260314-0919,2fa45338-6f3b-4fe7-a350-ff948977908b,b4bfb453-64f0-41db-b001-74496acd1496,00000000-0000-0000-0000-000000000000,2025-07-09 09:01:54,2025-07-09 09:01:54
3c574376-3dd6-4d86-b9a0-80b05a07af7c,adjustment,completed,ADJ-20260314-0567,4f4a083e-ca42-4d07-b47d-5b9c88a8b7ba,,00000000-0000-0000-0000-000000000000,2026-01-23 09:01:54,2026-01-23 09:01:54
0cdb01b1-720e-4cbc-a873-1c600547e266,delivery,confirmed,DLV-20260314-1143,b16b262b-9573-4b6f-a5de-10d1c769c746,,00000000-0000-0000-0000-000000000000,2025-11-06 09:01:54,2025-11-06 09:01:54
788a36d2-9fc4-4da1-9348-b4e77e80292e,receipt,completed,RCP-20260314-1140,,b412353b-4ed6-41b9-a798-344b2e122da9,00000000-0000-0000-0000-000000000000,2025-12-31 09:01:54,2025-12-31 09:01:54
cd5bf746-e057-4242-977a-8d434aa5b064,adjustment,completed,ADJ-20260314-0568,3c1591a4-9143-4638-b55a-caa3eced1909,,00000000-0000-0000-0000-000000000000,2025-08-21 09:01:54,2025-08-21 09:01:54
f42ea72a-e2c0-4ca5-9bdc-5c85f24b6df8,receipt,completed,RCP-20260314-1141,,3546a055-c312-42bd-b8a5-b9aaefb4bf6f,00000000-0000-0000-0000-000000000000,2026-02-14 09:01:54,2026-02-14 09:01:54
a4c4161a-df3f-4af3-b567-dee1c4ac2386,receipt,completed,RCP-20260314-1142,,fc432fd9-fb8d-4f4e-a2c4-4cb1a5c73d62,00000000-0000-0000-0000-000000000000,2025-05-22 09:01:54,2025-05-22 09:01:54
3ad6354e-bb42-4430-8ded-e279d6abe41c,transfer,draft,TRF-20260314-0920,9678da4a-1a69-453e-b474-5988f1a4c4fb,0506d20d-8a7d-4149-8362-98e64601096c,00000000-0000-0000-0000-000000000000,2025-10-26 09:01:54,2025-10-26 09:01:54
de074ef8-3ecb-4e75-bb97-d9b6b0341033,adjustment,draft,ADJ-20260314-0569,c02595f4-fd50-4e4c-b177-f42ce643cade,,00000000-0000-0000-0000-000000000000,2026-01-15 09:01:54,2026-01-15 09:01:54
6ae2621a-b064-4c4c-8edd-7b2b8d04663c,delivery,confirmed,DLV-20260314-1144,57ca4d1f-90f0-4b01-962a-ef59fa0ab603,,00000000-0000-0000-0000-000000000000,2025-10-19 09:01:54,2025-10-19 09:01:54
5136c46d-688a-45af-89c4-e2a250a794ba,transfer,draft,TRF-20260314-0921,46c3b624-a4eb-41d0-a871-6d886be2bd66,6bec2c0e-ef01-4907-a221-5b12d90bac65,00000000-0000-0000-0000-000000000000,2026-03-08 09:01:54,2026-03-08 09:01:54
43af39fb-8023-40ea-9343-a1d46ef270f6,transfer,completed,TRF-20260314-0922,7e5fe7e4-b012-403b-a18a-a8e628603ef0,770cdb7e-276a-4d65-8946-5f7ed53dd83f,00000000-0000-0000-0000-000000000000,2025-12-04 09:01:54,2025-12-04 09:01:54
387316a9-3471-4ab0-ba72-c9380e907c1a,transfer,completed,TRF-20260314-0923,5b3564d6-bc08-422d-a249-a0680d85b77d,98b3dbf2-57b2-4241-9a28-7a8bc6061314,00000000-0000-0000-0000-000000000000,2026-01-13 09:01:54,2026-01-13 09:01:54
64f2f675-f410-4c88-b213-2cb3afefbf83,receipt,completed,RCP-20260314-1143,,6f558729-a1cf-43e8-bd8e-714916ce7827,00000000-0000-0000-0000-000000000000,2025-09-14 09:01:54,2025-09-14 09:01:54
4e156fdb-a749-4a23-bd54-cc04f75b62cb,receipt,completed,RCP-20260314-1144,,3874a106-57da-455b-9056-17b0b1e6c35b,00000000-0000-0000-0000-000000000000,2025-06-10 09:01:54,2025-06-10 09:01:54
e2e90dac-2ccf-4406-8c4f-ffb671b4fc03,adjustment,draft,ADJ-20260314-0570,c5ff24dc-1a14-4a7c-9eba-0d20aedd482a,,00000000-0000-0000-0000-000000000000,2025-12-19 09:01:54,2025-12-19 09:01:54
0bf74a7d-c707-4a3a-ad56-6cacd09295a1,transfer,completed,TRF-20260314-0924,bf202080-7fcb-4989-80e2-7343a314697a,e3fe919c-8209-48e4-84b0-33f82d877e8d,00000000-0000-0000-0000-000000000000,2025-07-10 09:01:54,2025-07-10 09:01:54
b2c14ae1-77ae-483a-9282-ecb783526d6a,adjustment,completed,ADJ-20260314-0571,032737ba-10fc-4e6b-8066-6b30ead54239,,00000000-0000-0000-0000-000000000000,2025-06-25 09:01:54,2025-06-25 09:01:54
2e7c934f-ef61-4d49-81c0-e5579e383987,receipt,draft,RCP-20260314-1145,,0eb6e3c4-106c-4dd6-a9d3-d1f00eaa7cd5,00000000-0000-0000-0000-000000000000,2026-02-08 09:01:54,2026-02-08 09:01:54
daad8d9b-f709-4491-be7a-a7eada128a52,transfer,completed,TRF-20260314-0925,cf5b2ea6-fc66-44ab-808b-69a1c6d0b927,1e2edf0a-fb29-4a35-b36f-e2fe808bbb11,00000000-0000-0000-0000-000000000000,2026-02-24 09:01:54,2026-02-24 09:01:54
070d0824-2fd2-4086-87da-e64abdd6cc54,transfer,completed,TRF-20260314-0926,2ea378e8-6800-4f22-9456-efafde8650d9,0658c5eb-83f9-4a97-97d1-d028bb3c552a,00000000-0000-0000-0000-000000000000,2025-10-15 09:01:54,2025-10-15 09:01:54
2c01732f-10c0-4186-a643-8a6cbf4d6315,delivery,confirmed,DLV-20260314-1145,7af621da-eb08-4859-ad40-d8e7b0ffa351,,00000000-0000-0000-0000-000000000000,2026-02-02 09:01:54,2026-02-02 09:01:54
330939c0-8277-4d6c-9030-3c206c03c056,transfer,completed,TRF-20260314-0927,bbaf0665-eabc-4311-9458-74b7e95bde8c,9c22385e-c21e-4d3f-aade-2b2bf86b3eea,00000000-0000-0000-0000-000000000000,2025-07-28 09:01:54,2025-07-28 09:01:54
ef85f072-b8b8-49a8-92b9-7c60680df1c1,transfer,completed,TRF-20260314-0928,8bd46388-8d88-4a7a-9283-9fa079f33230,206afca6-64b5-4bb8-a641-50ac4fdc87f9,00000000-0000-0000-0000-000000000000,2026-03-02 09:01:54,2026-03-02 09:01:54
6c277505-3889-415a-8860-6905968c8463,receipt,draft,RCP-20260314-1146,,cd8ff77b-1958-4349-9a55-013539089624,00000000-0000-0000-0000-000000000000,2025-07-03 09:01:54,2025-07-03 09:01:54
94457ef3-aa95-4d48-b632-db5b5351289c,transfer,completed,TRF-20260314-0929,feea08a3-59a9-46f7-9a3c-a4df0b158ac9,6ffe784a-48e5-4a8d-9d9f-8cb567f7cd23,00000000-0000-0000-0000-000000000000,2026-01-29 09:01:54,2026-01-29 09:01:54
2ea98ce5-bedd-419e-8e4f-5893a9b23381,delivery,completed,DLV-20260314-1146,8e091f33-e936-4a1f-9e6c-a7285cb7a671,,00000000-0000-0000-0000-000000000000,2025-10-07 09:01:54,2025-10-07 09:01:54
849edaf7-9f27-4923-868f-703292badfd5,delivery,draft,DLV-20260314-1147,520078aa-1e21-4719-93b3-8e4d490bc1e6,,00000000-0000-0000-0000-000000000000,2025-07-02 09:01:54,2025-07-02 09:01:54
239bd3a3-c3e0-4d3d-b387-5ae09677b8d8,receipt,draft,RCP-20260314-1147,,addf07a1-4c2a-433d-88d8-30f6aa732ca9,00000000-0000-0000-0000-000000000000,2025-10-26 09:01:54,2025-10-26 09:01:54
348fa4be-f4d2-4b88-a24c-fb5b21e1b218,adjustment,draft,ADJ-20260314-0572,0b470806-c259-4f2e-985d-ab0395f6a3c7,,00000000-0000-0000-0000-000000000000,2025-05-12 09:01:54,2025-05-12 09:01:54
bac80347-66da-40fa-b663-7f8008e10b40,adjustment,completed,ADJ-20260314-0573,6967793b-2c52-4e00-9631-1f54ee5c1a30,,00000000-0000-0000-0000-000000000000,2025-07-06 09:01:54,2025-07-06 09:01:54
a9561b9b-0204-433d-899f-b5d5f7be84a5,receipt,completed,RCP-20260314-1148,,8beb0dec-fc3b-401c-a10e-140f48b24450,00000000-0000-0000-0000-000000000000,2025-12-29 09:01:54,2025-12-29 09:01:54
3b91f15d-2c4f-43f6-a5ea-d7d36dffeeab,delivery,confirmed,DLV-20260314-1148,911a7931-22ba-4587-aee9-ff4d3d524f9b,,00000000-0000-0000-0000-000000000000,2025-11-05 09:01:54,2025-11-05 09:01:54
6f4dd9a5-6ab5-4b20-acf6-fa2b8a7759ad,receipt,completed,RCP-20260314-1149,,740a4f29-74e0-4891-9cb5-16c4441b1055,00000000-0000-0000-0000-000000000000,2025-08-07 09:01:54,2025-08-07 09:01:54
d84fa465-733c-426c-a098-48b3c5bdddc6,receipt,completed,RCP-20260314-1150,,6f33645b-1902-4dcb-af28-f6627e498f3a,00000000-0000-0000-0000-000000000000,2025-09-02 09:01:54,2025-09-02 09:01:54
b4682d63-9608-47ab-8011-e75fa1263831,delivery,completed,DLV-20260314-1149,5653f125-c691-4962-9bf0-161430e8b812,,00000000-0000-0000-0000-000000000000,2025-06-22 09:01:54,2025-06-22 09:01:54
c52b29a8-bf2b-46d1-a6f7-735b551f4639,receipt,completed,RCP-20260314-1151,,32fc5037-6b0c-413b-b106-fff9031a8564,00000000-0000-0000-0000-000000000000,2025-04-21 09:01:54,2025-04-21 09:01:54
b2f39d69-1b15-4de3-9661-3933c340d64f,receipt,completed,RCP-20260314-1152,,a3d676c6-5559-425c-9476-a840530411e2,00000000-0000-0000-0000-000000000000,2025-11-19 09:01:54,2025-11-19 09:01:54
cfc08d19-3c41-4610-a37c-f2304731c961,delivery,draft,DLV-20260314-1150,441afa7c-f348-494d-a4fa-cdcd96f9bf11,,00000000-0000-0000-0000-000000000000,2025-12-07 09:01:54,2025-12-07 09:01:54
916c4286-e22a-474a-8e2f-117d319af012,delivery,confirmed,DLV-20260314-1151,000e75de-791c-43f9-8826-ba277e204bc5,,00000000-0000-0000-0000-000000000000,2025-05-28 09:01:54,2025-05-28 09:01:54
fc57d74b-fd1e-4185-ad34-426c1206557b,delivery,draft,DLV-20260314-1152,76875cac-492b-4aa8-8aec-bb8ea79404c3,,00000000-0000-0000-0000-000000000000,2025-12-21 09:01:54,2025-12-21 09:01:54
36c34f0a-1bb7-444f-9f9f-2212fb599f7c,receipt,completed,RCP-20260314-1153,,45b49ad6-e2a2-4e08-b018-c7ca56067e9d,00000000-0000-0000-0000-000000000000,2025-03-27 09:01:54,2025-03-27 09:01:54
5480094e-e5be-4a04-99dd-85c87fd83b1f,transfer,confirmed,TRF-20260314-0930,6f5e1a02-5560-4b10-aedf-bdf56ac3a49c,b0486217-a6c7-4fde-9044-268164ed38b2,00000000-0000-0000-0000-000000000000,2025-12-01 09:01:54,2025-12-01 09:01:54
44c5fbea-a95b-4dc4-b1fc-c4de92820709,receipt,completed,RCP-20260314-1154,,6ae28042-2c46-4062-85e3-6ff4abbafe57,00000000-0000-0000-0000-000000000000,2025-04-18 09:01:54,2025-04-18 09:01:54
5808e586-432e-40de-a6cb-2bb1ea126e7a,receipt,completed,RCP-20260314-1155,,8a3d5b10-6665-481a-bec4-7a56b2797ddc,00000000-0000-0000-0000-000000000000,2026-01-16 09:01:54,2026-01-16 09:01:54
f166a728-1546-40ef-99bc-85213f405407,transfer,draft,TRF-20260314-0931,87d2225f-5db4-45a3-865f-8db2751e5de9,4324643a-8ced-4622-8214-ef5fdf408c45,00000000-0000-0000-0000-000000000000,2025-10-21 09:01:54,2025-10-21 09:01:54
e8610f2c-c540-4141-a501-e7279cc561b8,delivery,completed,DLV-20260314-1153,193aaae6-74fd-4d82-baba-3ba3f33c7169,,00000000-0000-0000-0000-000000000000,2025-04-29 09:01:54,2025-04-29 09:01:54
efebd5c1-6267-4c7c-8d76-18180de1eff9,receipt,completed,RCP-20260314-1156,,1da6f8aa-5ed5-4c57-8b1a-d9523006dd64,00000000-0000-0000-0000-000000000000,2025-11-03 09:01:54,2025-11-03 09:01:54
34f662b2-a7f2-4f66-b61f-32835e83c76e,delivery,draft,DLV-20260314-1154,bae23b69-839c-4dce-a785-db18366bb43d,,00000000-0000-0000-0000-000000000000,2025-10-02 09:01:54,2025-10-02 09:01:54
e184ce0e-7f42-4efb-bf57-7b223222eb25,receipt,confirmed,RCP-20260314-1157,,c9b06afb-40f8-4e4e-9c9e-7b4a95007151,00000000-0000-0000-0000-000000000000,2025-04-13 09:01:54,2025-04-13 09:01:54
39fdd022-6625-4401-9eaa-c8455305ac20,delivery,completed,DLV-20260314-1155,515d1f14-4045-4e5b-8b60-caf9708ab625,,00000000-0000-0000-0000-000000000000,2025-06-22 09:01:54,2025-06-22 09:01:54
159d402f-70e7-414f-9b4b-93e5a1b6ba75,delivery,draft,DLV-20260314-1156,f5f0eb0d-1ed2-4671-b850-d1daede7d11a,,00000000-0000-0000-0000-000000000000,2025-11-28 09:01:54,2025-11-28 09:01:54
87bf3f0a-720d-4214-9821-86f064456817,transfer,completed,TRF-20260314-0932,a57ecfa1-c144-4c52-97e9-7ad84ec0afc5,3b0f15a4-2fed-4ba6-acc4-304b2e399c96,00000000-0000-0000-0000-000000000000,2026-03-02 09:01:54,2026-03-02 09:01:54
12f5287c-3981-448a-8d9c-ee917e3d0f2e,transfer,completed,TRF-20260314-0933,0fcafae8-c744-4ea4-80a8-ff627244a64b,1f094b8b-973d-4c59-ac47-247835072a2a,00000000-0000-0000-0000-000000000000,2025-08-02 09:01:54,2025-08-02 09:01:54
3a9ccb13-f389-456f-b327-d00fd8a92bcb,adjustment,draft,ADJ-20260314-0574,3adae09d-5c10-4578-a718-e1be0a397977,,00000000-0000-0000-0000-000000000000,2025-12-08 09:01:54,2025-12-08 09:01:54
facd8ecb-9213-43f0-8d2a-ba6d44b513ad,receipt,completed,RCP-20260314-1158,,a38ceb09-b0db-4366-a326-0dcf60f63d68,00000000-0000-0000-0000-000000000000,2026-01-11 09:01:54,2026-01-11 09:01:54
6edcc6f6-437b-4b76-acaf-971ecc281691,transfer,completed,TRF-20260314-0934,b7d7943f-b55a-41b0-a804-fd2ae6604a50,dadcdd55-34c0-4c07-b7d4-efdc87cd3f54,00000000-0000-0000-0000-000000000000,2025-07-16 09:01:54,2025-07-16 09:01:54
853d0db4-0726-4951-ae78-fb5008a9bae1,adjustment,completed,ADJ-20260314-0575,6bcb6b72-c1c7-43b3-9d82-566eec3f8fc8,,00000000-0000-0000-0000-000000000000,2025-12-12 09:01:54,2025-12-12 09:01:54
d79c4f91-1cd1-4b63-93c0-e02a4dd3676b,adjustment,confirmed,ADJ-20260314-0576,21c08ebe-c6f9-4e35-9eb0-78a96fab98ee,,00000000-0000-0000-0000-000000000000,2025-10-04 09:01:54,2025-10-04 09:01:54
50a51c14-4c21-413f-b283-2f57638e19c3,receipt,completed,RCP-20260314-1159,,c08aeba2-f9f7-46cc-a6f3-6081ed563a96,00000000-0000-0000-0000-000000000000,2025-12-27 09:01:54,2025-12-27 09:01:54
762a308d-1f53-43e2-b1ab-f6e7b498bbdc,receipt,draft,RCP-20260314-1160,,815a091f-4120-497c-8704-ebfcbb0f2741,00000000-0000-0000-0000-000000000000,2025-12-11 09:01:54,2025-12-11 09:01:54
5b5ecf3e-90ce-44d4-bb2d-5e59f8cbe557,adjustment,completed,ADJ-20260314-0577,64170370-6804-4f9b-9ac3-b17d7a7b7227,,00000000-0000-0000-0000-000000000000,2025-05-16 09:01:54,2025-05-16 09:01:54
fc4f039f-5bcb-43cc-b0f2-8208d5fdde63,transfer,completed,TRF-20260314-0935,89548bf4-7052-48c0-bd7d-96eec20ddb15,f1f5a131-13d7-47d8-9a17-f5481af96cf1,00000000-0000-0000-0000-000000000000,2025-09-24 09:01:54,2025-09-24 09:01:54
f87bbbe3-00a7-4e81-84eb-fa5a3c163a07,transfer,completed,TRF-20260314-0936,52fb9168-5361-46ce-be1d-22ac144fc25b,90b5360d-f997-4c79-8dba-395bb022e8cc,00000000-0000-0000-0000-000000000000,2025-08-22 09:01:54,2025-08-22 09:01:54
fec60ed8-991a-4796-b632-757d789c9f99,transfer,completed,TRF-20260314-0937,a65d8ad5-a959-40b2-8ff0-833cde4c0d5e,f9579cbd-6ed2-4ef2-bbf6-81f5af08582b,00000000-0000-0000-0000-000000000000,2025-04-18 09:01:54,2025-04-18 09:01:54
203bc3e1-9d9d-4531-b740-98818d73f032,transfer,draft,TRF-20260314-0938,14ccc8f8-fffb-46f9-b113-91b54c88c3d0,b4417b10-55cb-41ec-8041-3272369c3676,00000000-0000-0000-0000-000000000000,2025-08-26 09:01:54,2025-08-26 09:01:54
3080e6ab-77cb-41eb-8e69-024ca61c4403,adjustment,completed,ADJ-20260314-0578,25ba2f06-c2a6-42c8-90a4-68ac2eab1053,,00000000-0000-0000-0000-000000000000,2025-08-23 09:01:54,2025-08-23 09:01:54
38adf0a6-04bf-4430-9037-4ad513084a98,receipt,completed,RCP-20260314-1161,,a79577ff-60f2-4d39-804e-8430dd1ba3a3,00000000-0000-0000-0000-000000000000,2025-10-09 09:01:54,2025-10-09 09:01:54
97629daf-278d-4706-9654-d017bedaee70,receipt,completed,RCP-20260314-1162,,dd4f4b9f-d7ab-4e68-ac3c-0d79875545ca,00000000-0000-0000-0000-000000000000,2025-11-27 09:01:54,2025-11-27 09:01:54
8436c2f3-12f2-4dc0-8bca-e2027d128911,delivery,completed,DLV-20260314-1157,4386ac67-c14f-47e6-815a-5dd3ba66950e,,00000000-0000-0000-0000-000000000000,2025-10-28 09:01:54,2025-10-28 09:01:54
6d916df5-ef52-407f-a823-934e4739fa20,delivery,completed,DLV-20260314-1158,1c25ed55-6bf5-427a-9c53-7d16644a288e,,00000000-0000-0000-0000-000000000000,2025-12-31 09:01:54,2025-12-31 09:01:54
6d07275e-de13-446f-ac7a-965ec471fdc3,transfer,completed,TRF-20260314-0939,0f22ffb7-6757-4bee-8243-19596c0df9c9,9c0c03a5-f6c0-422f-a0fe-63937ebd91d7,00000000-0000-0000-0000-000000000000,2026-01-18 09:01:54,2026-01-18 09:01:54
b076e798-24e7-4fee-a781-53df6ae69344,delivery,confirmed,DLV-20260314-1159,7cd9445a-9140-46fc-b3fa-cdbf7311ef4b,,00000000-0000-0000-0000-000000000000,2025-11-26 09:01:54,2025-11-26 09:01:54
9b276b4a-1250-4f1e-9cd6-8efa97e36431,receipt,draft,RCP-20260314-1163,,baf67a6a-6c8b-4ee1-8f56-825e251f9d87,00000000-0000-0000-0000-000000000000,2026-03-12 09:01:54,2026-03-12 09:01:54
d039e8ea-a699-48d3-adc2-557df079d3b4,adjustment,completed,ADJ-20260314-0579,8b0be116-4fcb-42e0-ae18-dd74183c26fe,,00000000-0000-0000-0000-000000000000,2025-04-01 09:01:54,2025-04-01 09:01:54
7e8ee864-96cb-4d7b-88af-d7cb11dd0160,delivery,draft,DLV-20260314-1160,e6026063-8e6d-4efa-b584-769b1aee8c22,,00000000-0000-0000-0000-000000000000,2025-10-11 09:01:54,2025-10-11 09:01:54
0c4c7c3f-844b-47de-836f-438c1bff15f9,transfer,draft,TRF-20260314-0940,d167782a-8294-40fd-a927-0e7946ab9ee7,1f7fd9ff-0d4f-4d57-83ad-baff899b5ffe,00000000-0000-0000-0000-000000000000,2025-03-19 09:01:54,2025-03-19 09:01:54
be01efda-31c7-4602-a8b3-4e287e936082,receipt,draft,RCP-20260314-1164,,7961ea36-e5fa-42fc-a4a7-1e027e8424d1,00000000-0000-0000-0000-000000000000,2025-05-19 09:01:54,2025-05-19 09:01:54
510f3f3c-feb5-4041-9d8a-4456a292b8f4,delivery,completed,DLV-20260314-1161,1ead912a-16a3-4610-af60-74c6d6883ca5,,00000000-0000-0000-0000-000000000000,2025-05-30 09:01:54,2025-05-30 09:01:54
3846d010-1a7d-483a-9345-66d8081aa04c,adjustment,completed,ADJ-20260314-0580,ff453c01-17fa-4b04-aa86-cdcebb4d6ed7,,00000000-0000-0000-0000-000000000000,2025-06-09 09:01:54,2025-06-09 09:01:54
1ba0e548-6b0b-44fa-af69-4ff4f0c8b932,delivery,completed,DLV-20260314-1162,d5d3ae11-e40a-4911-8c30-acf988fb7faf,,00000000-0000-0000-0000-000000000000,2026-03-06 09:01:54,2026-03-06 09:01:54
b79f43e1-e621-4dca-b135-dad5b4252165,delivery,confirmed,DLV-20260314-1163,4c7d31b0-4809-4f83-9735-cf5e3fe380f5,,00000000-0000-0000-0000-000000000000,2025-05-06 09:01:54,2025-05-06 09:01:54
cc4b89b6-4193-490b-bedd-4321697f538a,receipt,draft,RCP-20260314-1165,,72951bf7-0975-49e7-8cf7-1bbd1e27cf8b,00000000-0000-0000-0000-000000000000,2025-05-11 09:01:54,2025-05-11 09:01:54
30456d60-3bbd-4af5-b36d-1e4338ba9b7e,delivery,draft,DLV-20260314-1164,cbab7c09-92d1-4280-92bf-0916dac95d07,,00000000-0000-0000-0000-000000000000,2025-03-25 09:01:54,2025-03-25 09:01:54
e08536d9-e44b-45d6-a110-b811803c30e4,receipt,draft,RCP-20260314-1166,,d361b253-bb0b-4074-ae5e-237187e7d69b,00000000-0000-0000-0000-000000000000,2025-10-18 09:01:54,2025-10-18 09:01:54
ec648779-07bb-4390-a6c5-16f169cf7cc8,delivery,completed,DLV-20260314-1165,d2d41471-79d6-42aa-b3bb-3e42010aaafb,,00000000-0000-0000-0000-000000000000,2025-08-31 09:01:54,2025-08-31 09:01:54
d9d4e690-29eb-4fe1-9ed1-4699e70f54e6,receipt,draft,RCP-20260314-1167,,7797d1ad-37e4-4c88-a900-6d31fa727927,00000000-0000-0000-0000-000000000000,2025-12-01 09:01:54,2025-12-01 09:01:54
5a9b0c71-a8ba-4012-982b-eac6556abfb9,adjustment,completed,ADJ-20260314-0581,ec026422-0386-4da1-bdc2-fcd0973ce03a,,00000000-0000-0000-0000-000000000000,2025-03-29 09:01:54,2025-03-29 09:01:54
f96db485-7542-4c39-a7c7-7616f6acbe38,receipt,completed,RCP-20260314-1168,,d4ad251f-4bb5-4796-8049-1baf5c409971,00000000-0000-0000-0000-000000000000,2025-12-15 09:01:54,2025-12-15 09:01:54
a98e9c05-dcbd-4e69-8d10-994f580152c5,delivery,draft,DLV-20260314-1166,1fb9f088-b278-4645-8d1e-000dc2217d08,,00000000-0000-0000-0000-000000000000,2025-05-07 09:01:54,2025-05-07 09:01:54
f81a1023-c8b2-4bf8-9bed-c521bdea0ed6,delivery,draft,DLV-20260314-1167,8a8221f3-6682-4c60-a993-affaf5dded28,,00000000-0000-0000-0000-000000000000,2026-01-05 09:01:54,2026-01-05 09:01:54
b54d1cd0-809b-4e13-9cb3-1b3850ffc7db,adjustment,completed,ADJ-20260314-0582,44deaafc-645a-45ab-bc11-01e63aa0eec5,,00000000-0000-0000-0000-000000000000,2026-02-12 09:01:54,2026-02-12 09:01:54
7dfcc820-5c99-42e8-a364-afd688488e10,delivery,confirmed,DLV-20260314-1168,7c70ff77-54ab-412a-97a1-0f83dc35fe6a,,00000000-0000-0000-0000-000000000000,2026-02-17 09:01:54,2026-02-17 09:01:54
984855dc-6299-453a-bede-8f558d9bff82,delivery,completed,DLV-20260314-1169,1b29222d-9d92-4bf8-961f-295e1ed76998,,00000000-0000-0000-0000-000000000000,2025-12-19 09:01:54,2025-12-19 09:01:54
b19248eb-4f13-49be-a86b-e739bd6d9eee,transfer,completed,TRF-20260314-0941,e81481cf-11a0-45ed-b40e-79f4916302e6,32653c3c-b124-4059-ab4a-8ffdc26193cd,00000000-0000-0000-0000-000000000000,2025-06-18 09:01:54,2025-06-18 09:01:54
fdef56ce-9397-49c1-9901-b3c47af661f5,receipt,draft,RCP-20260314-1169,,fceb0da3-1fe3-4fe7-9fdd-a55e3795dc74,00000000-0000-0000-0000-000000000000,2025-10-09 09:01:54,2025-10-09 09:01:54
307c2ee0-74e3-4993-b56b-040eb25dba43,adjustment,completed,ADJ-20260314-0583,5ab90336-4d4c-41df-bd91-73fcd50ff531,,00000000-0000-0000-0000-000000000000,2025-11-03 09:01:54,2025-11-03 09:01:54
993d7ab7-ac4b-41ab-b823-b8a6c9de0d35,transfer,completed,TRF-20260314-0942,c7ecafa8-0c26-4252-bbb0-eb193a2ba2b6,939c92b2-1c78-4337-98bb-3b4e2b82f1b8,00000000-0000-0000-0000-000000000000,2025-03-16 09:01:54,2025-03-16 09:01:54
52b3e49c-2da9-47b7-bdf4-7a471986f001,receipt,confirmed,RCP-20260314-1170,,fb737d42-5d60-4b09-9c39-3378b561246c,00000000-0000-0000-0000-000000000000,2025-12-19 09:01:54,2025-12-19 09:01:54
12f24aa3-8536-475b-917b-d760d78c3293,delivery,draft,DLV-20260314-1170,cf2f7911-79b7-461d-8395-4de83b85470d,,00000000-0000-0000-0000-000000000000,2025-11-08 09:01:54,2025-11-08 09:01:54
e3c1a2c2-444e-4b5d-848d-4316c6e5e734,transfer,draft,TRF-20260314-0943,910d9409-e009-4807-b2ee-f15d508e231e,bdeabca3-d893-4d7a-b4e4-3cec28aafbab,00000000-0000-0000-0000-000000000000,2025-10-16 09:01:54,2025-10-16 09:01:54
909135c4-3f8f-4ab6-9d4c-9755fec26079,receipt,completed,RCP-20260314-1171,,18fdca4f-86a4-4db6-97ca-a68f3d1f1f2b,00000000-0000-0000-0000-000000000000,2025-09-09 09:01:54,2025-09-09 09:01:54
5be4b6b7-f288-4da9-89bb-07e262451a9f,delivery,draft,DLV-20260314-1171,cdda5f87-2bcc-4228-98d9-5fa263a30ed5,,00000000-0000-0000-0000-000000000000,2025-09-10 09:01:54,2025-09-10 09:01:54
0e962813-f3aa-466a-b873-28adc31fff1b,transfer,draft,TRF-20260314-0944,827c59a1-4bf3-407a-a873-8d46394d7e4b,ed065a49-1a6b-44df-a9f3-d106f9911b03,00000000-0000-0000-0000-000000000000,2026-03-13 09:01:54,2026-03-13 09:01:54
865e22ad-bb2b-4fcf-8cc8-22d6d320c705,transfer,draft,TRF-20260314-0945,705e7ffe-5a79-42f6-b88f-a51f2ec6c01a,2314b4ce-caf4-4c82-a909-8191918e620f,00000000-0000-0000-0000-000000000000,2025-04-08 09:01:54,2025-04-08 09:01:54
9c980b8d-b9c3-4a38-8b93-6b78154fdda3,receipt,completed,RCP-20260314-1172,,f06a028c-f7c2-4c84-99c9-378b9ae1238d,00000000-0000-0000-0000-000000000000,2025-09-12 09:01:54,2025-09-12 09:01:54
dd2560bf-9d13-4d7f-9182-ab6e6f6fc7c3,receipt,confirmed,RCP-20260314-1173,,e65da04e-9b73-43ae-b8ff-3d799c8db32a,00000000-0000-0000-0000-000000000000,2025-11-25 09:01:54,2025-11-25 09:01:54
3de3fa43-44fc-4e5c-a3bf-a7663af5a0b3,delivery,completed,DLV-20260314-1172,31c71054-076a-428d-abd0-1ae0026b225c,,00000000-0000-0000-0000-000000000000,2025-06-21 09:01:54,2025-06-21 09:01:54
cc8b171d-efca-4196-888d-614612a8b659,transfer,draft,TRF-20260314-0946,70af87de-e85d-48ec-adde-a391fe0e791c,18fd5194-570a-42f5-9bbc-73f40f9dba14,00000000-0000-0000-0000-000000000000,2025-12-21 09:01:54,2025-12-21 09:01:54
595ab6bd-e93f-4d32-a0d0-1e43ab48218a,delivery,draft,DLV-20260314-1173,28e50135-913b-4760-8da0-05fe9f8095f8,,00000000-0000-0000-0000-000000000000,2025-08-27 09:01:54,2025-08-27 09:01:54
601031e1-f862-46e4-b837-5a6c53544e30,delivery,completed,DLV-20260314-1174,8836018a-3ed3-48f7-8a56-d536e7ccc1b4,,00000000-0000-0000-0000-000000000000,2026-02-27 09:01:54,2026-02-27 09:01:54
b7cfcba2-43f1-4d2d-951d-a63cba3e5139,adjustment,completed,ADJ-20260314-0584,ed6490ef-73ef-414e-9d89-65bdda0b8bbb,,00000000-0000-0000-0000-000000000000,2025-10-06 09:01:54,2025-10-06 09:01:54
99877c66-827d-41a2-962a-e06addde06b6,adjustment,completed,ADJ-20260314-0585,8c6734cc-f2dc-4904-b78a-8a47fc151f9d,,00000000-0000-0000-0000-000000000000,2025-06-08 09:01:54,2025-06-08 09:01:54
bb707fd6-f0eb-4613-b516-4806ed3f9e2c,receipt,completed,RCP-20260314-1174,,824b71ee-8dcf-4f0a-856f-527fe6a0cd96,00000000-0000-0000-0000-000000000000,2026-01-28 09:01:54,2026-01-28 09:01:54
66f09cdd-91d8-471c-a008-0b3c686b1e63,adjustment,completed,ADJ-20260314-0586,9e21873c-86ab-440a-9a60-f35a537b7127,,00000000-0000-0000-0000-000000000000,2025-09-12 09:01:54,2025-09-12 09:01:54
e196238c-6a91-4014-ba2b-d8130459814b,transfer,draft,TRF-20260314-0947,2d3105c8-073f-42f2-ba59-65ef77f0dd5d,bab0c490-fba4-4dbc-be1e-e3bb2b54a9df,00000000-0000-0000-0000-000000000000,2025-05-27 09:01:54,2025-05-27 09:01:54
794044c7-4e3c-45d4-b75f-ecf457b3f03d,receipt,completed,RCP-20260314-1175,,7bde0787-2c0d-4050-87f3-6caffa0468f2,00000000-0000-0000-0000-000000000000,2025-07-11 09:01:54,2025-07-11 09:01:54
f57fd3cf-a87d-4ee4-b2d8-64805fd19a2d,adjustment,completed,ADJ-20260314-0587,1fe4efdd-3c15-456e-8405-616b9802e1a8,,00000000-0000-0000-0000-000000000000,2026-03-12 09:01:54,2026-03-12 09:01:54
0c8fdaf3-9849-4b1b-bfb9-4bff46aa69e1,transfer,completed,TRF-20260314-0948,8a291e19-89a3-4055-baad-c2de568f28f5,6594af86-7654-4a17-afa2-675776473236,00000000-0000-0000-0000-000000000000,2025-04-09 09:01:54,2025-04-09 09:01:54
c3f1a576-9a3b-4497-a3ee-13bfdfb19565,delivery,draft,DLV-20260314-1175,344b8220-68b1-4a83-bf69-efa2dbc11408,,00000000-0000-0000-0000-000000000000,2025-06-29 09:01:54,2025-06-29 09:01:54
2e026e54-206a-41a2-b60e-5c0c5b660bec,receipt,completed,RCP-20260314-1176,,088a06f7-d7db-4f2d-adcf-7c00911daccb,00000000-0000-0000-0000-000000000000,2025-09-30 09:01:54,2025-09-30 09:01:54
a543c76e-cd65-47ae-be20-4b582894d931,transfer,draft,TRF-20260314-0949,7d97d2be-b153-4a97-a52f-5f1b806c5905,ef0a1874-1f39-4135-8e7c-b58e70a1bfa3,00000000-0000-0000-0000-000000000000,2025-12-26 09:01:54,2025-12-26 09:01:54
b5291c9e-24c5-45a4-8737-202e253477ee,transfer,completed,TRF-20260314-0950,32666716-46cf-4fa6-9c82-f82dc136968a,2ce53965-193f-4024-bc75-bdccbf2165a8,00000000-0000-0000-0000-000000000000,2025-12-09 09:01:54,2025-12-09 09:01:54
80ddbc62-3e7d-4a29-8432-f1863cae35dc,delivery,draft,DLV-20260314-1176,dc6bb869-7e76-45ef-a8be-ed0e38b91a13,,00000000-0000-0000-0000-000000000000,2025-09-16 09:01:54,2025-09-16 09:01:54
89f3616c-9561-44a9-91e7-626114638918,transfer,completed,TRF-20260314-0951,1630ed2e-9d36-46f5-9a10-004d0376cbf9,7a5cbc8b-3b18-4e96-affa-49e6c5a1097f,00000000-0000-0000-0000-000000000000,2025-09-14 09:01:54,2025-09-14 09:01:54
a52c6c28-fc8d-4038-8601-93dc9b130b0a,receipt,completed,RCP-20260314-1177,,41ff8d85-8f53-4cfb-bc01-c853be18162a,00000000-0000-0000-0000-000000000000,2025-05-02 09:01:54,2025-05-02 09:01:54
2506942c-ba9e-4c81-85d0-fb3c8435b168,adjustment,completed,ADJ-20260314-0588,82c47972-42fa-4f23-a365-f35397dff919,,00000000-0000-0000-0000-000000000000,2025-09-14 09:01:54,2025-09-14 09:01:54
badb2391-c241-4b31-800b-26f02388597f,receipt,completed,RCP-20260314-1178,,fa4d2a87-f746-489d-ba67-0c5a311eab23,00000000-0000-0000-0000-000000000000,2025-04-20 09:01:54,2025-04-20 09:01:54
933fd2c5-a535-4dc2-b1c5-96b5e7a1362b,transfer,completed,TRF-20260314-0952,4b321b31-0748-48ee-a2ab-68af47483053,f256d9e2-e34e-4f2c-8106-e1f15d4caad0,00000000-0000-0000-0000-000000000000,2025-09-05 09:01:54,2025-09-05 09:01:54
24a738f8-e918-45b2-a64d-693580506544,delivery,draft,DLV-20260314-1177,aab851db-89e0-4bdc-8c6d-b270c4ec6aca,,00000000-0000-0000-0000-000000000000,2026-02-24 09:01:54,2026-02-24 09:01:54
86e7b2b7-40c4-4f41-b1ee-89442f9e6ba8,transfer,completed,TRF-20260314-0953,ace7d4e0-d6ec-4822-8d55-70c6194ce26d,b3234c56-424a-4e7b-9eec-7ca683c687a4,00000000-0000-0000-0000-000000000000,2025-05-28 09:01:54,2025-05-28 09:01:54
63212b0c-de5d-4cfc-80f0-3d46482823d9,receipt,completed,RCP-20260314-1179,,4e9bef29-79cc-417f-8f15-a9d0bc586808,00000000-0000-0000-0000-000000000000,2026-03-13 09:01:54,2026-03-13 09:01:54
033acc25-aa43-4410-9a2a-e2d0da2fe8df,transfer,completed,TRF-20260314-0954,02533714-314c-4bba-bd21-d935f3511f02,a7054639-1adb-4f97-9238-ea6c88891c3d,00000000-0000-0000-0000-000000000000,2025-07-17 09:01:54,2025-07-17 09:01:54
44703f5d-2cd7-4724-acec-a2468715ad80,delivery,completed,DLV-20260314-1178,2e23c6c6-9832-40de-b982-5776007557f6,,00000000-0000-0000-0000-000000000000,2026-02-23 09:01:54,2026-02-23 09:01:54
275f69a4-df5b-4970-9745-7d55e13de54b,receipt,completed,RCP-20260314-1180,,647cd60e-4e7a-4fa1-9829-18c475c66e3e,00000000-0000-0000-0000-000000000000,2025-12-08 09:01:54,2025-12-08 09:01:54
4d355a51-93dd-4304-a862-4c046a961426,transfer,completed,TRF-20260314-0955,55e2b9f5-ade2-4df4-99ce-9096c97e628f,4e971a41-7db7-41ca-8c18-f69a02cebb2c,00000000-0000-0000-0000-000000000000,2025-04-23 09:01:54,2025-04-23 09:01:54
6e3b9df6-6af2-4018-822b-78a541b70223,delivery,completed,DLV-20260314-1179,0743b78a-f4e0-45b4-b853-65501d63ea59,,00000000-0000-0000-0000-000000000000,2025-05-22 09:01:54,2025-05-22 09:01:54
e5fbcf99-769e-487e-a012-f81ecb0c67da,adjustment,completed,ADJ-20260314-0589,6a5f1b77-3dc4-4a69-b844-29767d17272d,,00000000-0000-0000-0000-000000000000,2025-11-02 09:01:54,2025-11-02 09:01:54
3d5c7462-2079-403b-9c2d-51cab5c63191,delivery,confirmed,DLV-20260314-1180,bc36098d-b8e2-4a99-8cb2-d60664b81e2a,,00000000-0000-0000-0000-000000000000,2025-06-28 09:01:54,2025-06-28 09:01:54
dd93ef6e-f3a5-4358-8d3b-1a8e6ac22c6e,delivery,completed,DLV-20260314-1181,28743b40-5f57-4c12-b0f0-e6ffe5a79ba9,,00000000-0000-0000-0000-000000000000,2026-01-18 09:01:54,2026-01-18 09:01:54
3afb67ab-7cbe-452b-b086-a4a85a64dd9c,receipt,completed,RCP-20260314-1181,,a43e70f5-db94-4eca-ad62-51262f0b7790,00000000-0000-0000-0000-000000000000,2025-05-29 09:01:54,2025-05-29 09:01:54
93fe6016-b88e-42e6-8b69-3c583d2b653b,transfer,completed,TRF-20260314-0956,4ce6dd4a-a2e7-44f6-9cdd-cfc5ccd07cbc,2e793883-3d7a-4bd3-a002-3aba1982cc18,00000000-0000-0000-0000-000000000000,2025-09-25 09:01:54,2025-09-25 09:01:54
99e6ee9d-cc27-43d9-a0b3-097ca2dc4c0d,adjustment,completed,ADJ-20260314-0590,559dddfb-ce70-4a94-be84-436ec3b8f607,,00000000-0000-0000-0000-000000000000,2025-03-26 09:01:54,2025-03-26 09:01:54
b012dbd5-57de-4eaf-9bb7-0e95e4c8ddcb,transfer,draft,TRF-20260314-0957,1096f7f7-873a-413b-833a-ae1822cc09e6,7f640da8-4d33-4d98-96c8-d87d9402ce10,00000000-0000-0000-0000-000000000000,2025-03-19 09:01:54,2025-03-19 09:01:54
44945ed9-a900-46ee-88f0-00d37e39d1ee,delivery,completed,DLV-20260314-1182,2dafc826-8b10-45cc-8704-7aa880c543f2,,00000000-0000-0000-0000-000000000000,2025-11-13 09:01:54,2025-11-13 09:01:54
4af4516e-a596-43c8-9e85-8cc6804402f6,transfer,draft,TRF-20260314-0958,835185f5-9770-44f0-9163-bbc37ad23c65,51023bda-b153-4631-9ae2-c955d11906cd,00000000-0000-0000-0000-000000000000,2025-05-02 09:01:54,2025-05-02 09:01:54
7d248738-9830-481f-9a86-c1e6c63f84a7,delivery,completed,DLV-20260314-1183,2a5329fa-0d95-40e0-9882-aee475b0f11a,,00000000-0000-0000-0000-000000000000,2025-08-14 09:01:54,2025-08-14 09:01:54
85b89fbc-31c2-4dbb-a350-b391fb7e6e37,adjustment,draft,ADJ-20260314-0591,4af95424-0fc2-41db-b4d1-f8a37d681601,,00000000-0000-0000-0000-000000000000,2025-12-05 09:01:54,2025-12-05 09:01:54
54771548-4561-41f1-bb0b-3a2090c08b02,receipt,draft,RCP-20260314-1182,,aa9a7b4f-c2b8-49b9-a636-47773e8ed3e4,00000000-0000-0000-0000-000000000000,2025-12-24 09:01:54,2025-12-24 09:01:54
3377286d-0059-4c1e-b4a7-dc8fa706fea6,receipt,draft,RCP-20260314-1183,,b8cb1d7f-b42d-4702-a7be-77db10605106,00000000-0000-0000-0000-000000000000,2025-09-05 09:01:54,2025-09-05 09:01:54
99872ce4-74ea-4ca2-a984-8185609c0a09,transfer,confirmed,TRF-20260314-0959,1d61d65e-296e-4467-989d-9f20bfef560e,193a4d66-6df9-45e1-a55a-c8458391350d,00000000-0000-0000-0000-000000000000,2025-07-14 09:01:54,2025-07-14 09:01:54
de04227c-1675-4c8c-a59e-efc7bca4c30f,adjustment,completed,ADJ-20260314-0592,8863dd2c-4d6e-44db-8445-6910023cfd14,,00000000-0000-0000-0000-000000000000,2026-02-22 09:01:54,2026-02-22 09:01:54
63a1cf82-b8c1-410b-81b4-672f635ccdd1,adjustment,completed,ADJ-20260314-0593,a46764a6-0cff-42f0-9cb7-0fcd02cd2bff,,00000000-0000-0000-0000-000000000000,2025-12-16 09:01:54,2025-12-16 09:01:54
78677ac4-fe76-4cb9-8576-050b7acd4027,receipt,completed,RCP-20260314-1184,,ea7520b4-7f42-4686-ad53-10f151baa0c9,00000000-0000-0000-0000-000000000000,2026-01-30 09:01:54,2026-01-30 09:01:54
51d0d4b9-2230-4cf9-9201-5b6ea595bd3e,adjustment,completed,ADJ-20260314-0594,f6400429-6ef9-41e6-8c9f-20d0e24c39cf,,00000000-0000-0000-0000-000000000000,2026-02-02 09:01:54,2026-02-02 09:01:54
d389d02a-c4e2-462f-abf5-8d3afcd9cf35,receipt,completed,RCP-20260314-1185,,f834ef1a-f5ff-4eb2-969d-6c7a9ec2731f,00000000-0000-0000-0000-000000000000,2025-03-14 09:01:54,2025-03-14 09:01:54
0d5b1a37-d673-4a0f-a431-2ffb4b7a5f68,receipt,completed,RCP-20260314-1186,,25a2ee16-5eb2-4e18-aedd-fe2b00752d9e,00000000-0000-0000-0000-000000000000,2025-04-16 09:01:54,2025-04-16 09:01:54
a8715e20-6381-4336-849d-57eab78f2490,adjustment,completed,ADJ-20260314-0595,389aa248-002f-4f25-be59-523a89a09b6b,,00000000-0000-0000-0000-000000000000,2025-08-12 09:01:54,2025-08-12 09:01:54
3a129814-4cdf-45d5-a628-0fbb61aeb92d,receipt,draft,RCP-20260314-1187,,1e70100e-d68a-431d-bd4c-6387bf61ec75,00000000-0000-0000-0000-000000000000,2025-04-29 09:01:54,2025-04-29 09:01:54
1ab96a0f-8b25-4e06-b41e-6cf1e290a5e7,transfer,confirmed,TRF-20260314-0960,ef0b4a89-c49f-4be6-9218-7338c6d23e47,92f5fb5c-85ed-456f-998d-8d5478622f65,00000000-0000-0000-0000-000000000000,2025-06-08 09:01:54,2025-06-08 09:01:54
ec9db07f-74e4-4a07-9ca0-75215149cb27,receipt,completed,RCP-20260314-1188,,740acdf8-0847-471e-a19a-5e65654e200e,00000000-0000-0000-0000-000000000000,2026-01-22 09:01:54,2026-01-22 09:01:54
7d71a643-da2d-4c84-9ade-cc67744c9251,receipt,completed,RCP-20260314-1189,,4820779f-c03f-48c0-839e-0ca1dbe9ac3f,00000000-0000-0000-0000-000000000000,2025-12-05 09:01:54,2025-12-05 09:01:54
c9a7303e-9859-49c1-82fa-1ff3e7a43ce0,delivery,completed,DLV-20260314-1184,0f22ffb7-6757-4bee-8243-19596c0df9c9,,00000000-0000-0000-0000-000000000000,2025-05-08 09:01:54,2025-05-08 09:01:54
1f1ff418-6469-40d6-9c59-a28f6aa88ea7,transfer,completed,TRF-20260314-0961,bfb3b8c7-8889-45e3-95ce-d4af5f6b8fd4,223860a9-cfd7-4443-8fb9-f12fd0a64bef,00000000-0000-0000-0000-000000000000,2025-11-01 09:01:54,2025-11-01 09:01:54
12243d48-4d46-4061-9e14-e758bf04645c,receipt,draft,RCP-20260314-1190,,7e221eab-bbb1-438e-8b58-5a8e6935f005,00000000-0000-0000-0000-000000000000,2025-12-25 09:01:54,2025-12-25 09:01:54
ff7fe72a-e9b7-4d54-8c72-69d59f02f7d1,delivery,completed,DLV-20260314-1185,90748d2d-701d-429e-9aaa-e5b441dbbec6,,00000000-0000-0000-0000-000000000000,2025-03-18 09:01:54,2025-03-18 09:01:54
f7e9a13c-d7cb-4f84-b614-d7643910fe7d,delivery,draft,DLV-20260314-1186,9b7ec259-0948-4b23-be54-d68edc2f6b0e,,00000000-0000-0000-0000-000000000000,2025-07-11 09:01:54,2025-07-11 09:01:54
1683a60a-da96-4821-b405-c26d58f37965,transfer,draft,TRF-20260314-0962,5aeda019-fce4-4986-a496-5055c57e1503,c66b2843-ee9e-4c1f-8dd0-034faa95b80c,00000000-0000-0000-0000-000000000000,2025-08-19 09:01:54,2025-08-19 09:01:54
cfa40f59-36b8-4b44-ac7f-f80a6c4fcd49,adjustment,draft,ADJ-20260314-0596,7d52903e-4253-4d64-aab9-b974ed5eecbb,,00000000-0000-0000-0000-000000000000,2025-07-04 09:01:54,2025-07-04 09:01:54
7a851a9c-21f7-4699-8497-0bcad3bb0bfe,receipt,draft,RCP-20260314-1191,,a4ae68a1-b049-43c3-b405-6b4cd8a6b1a1,00000000-0000-0000-0000-000000000000,2026-01-24 09:01:54,2026-01-24 09:01:54
7d4be02b-cd03-400f-8385-bc9edc873999,receipt,completed,RCP-20260314-1192,,12df85dd-13c8-4be0-bee7-d11c354e6d5d,00000000-0000-0000-0000-000000000000,2025-07-06 09:01:54,2025-07-06 09:01:54
907400b6-a2ba-426d-bb0e-a20ee7939612,delivery,completed,DLV-20260314-1187,6c71b2f6-43b0-4ab2-aa07-1403245cc492,,00000000-0000-0000-0000-000000000000,2025-10-18 09:01:54,2025-10-18 09:01:54
994184b9-aafc-4900-8a28-b59b1f55db1f,adjustment,completed,ADJ-20260314-0597,1ae75298-2375-4544-8617-3f9bc2d17313,,00000000-0000-0000-0000-000000000000,2025-07-24 09:01:54,2025-07-24 09:01:54
6ad4cc81-0a34-4cfd-a0d9-5982204fb77e,transfer,draft,TRF-20260314-0963,c86d4624-7747-4e3d-835b-cb9ac5df6757,8d958b29-2cdc-47a8-8961-84598f53981e,00000000-0000-0000-0000-000000000000,2026-02-08 09:01:54,2026-02-08 09:01:54
ce7c1f21-4a0e-4977-8d71-0bcd82229569,receipt,confirmed,RCP-20260314-1193,,48af56e2-efa7-4926-9b0a-a8c1ea3c9888,00000000-0000-0000-0000-000000000000,2025-09-16 09:01:54,2025-09-16 09:01:54
4bdcd8d5-978f-4bc2-947a-a13da8ffebde,receipt,completed,RCP-20260314-1194,,ce845149-62aa-4d7e-bf3f-f0208d799935,00000000-0000-0000-0000-000000000000,2025-05-19 09:01:54,2025-05-19 09:01:54
1e4f539d-e63b-48ea-8ea9-3b3c4660e350,delivery,confirmed,DLV-20260314-1188,ea83144a-8016-4fb9-b591-829907b6585d,,00000000-0000-0000-0000-000000000000,2025-04-10 09:01:54,2025-04-10 09:01:54
499e1ccc-6657-4d7c-855e-4be2f04e5951,receipt,completed,RCP-20260314-1195,,44a80161-1575-4ea2-8437-f5c4fd2e8256,00000000-0000-0000-0000-000000000000,2025-09-06 09:01:54,2025-09-06 09:01:54
4dd4680d-58cd-4159-9df9-26d35d0b1ca3,receipt,draft,RCP-20260314-1196,,a009ddcd-5f24-4f0d-8d23-338bab71b79d,00000000-0000-0000-0000-000000000000,2025-09-25 09:01:54,2025-09-25 09:01:54
5079a2b1-2330-4476-b950-ec1004be0b9c,adjustment,draft,ADJ-20260314-0598,b1379fe2-1a4d-4fc6-8525-1c3a4c7f43d3,,00000000-0000-0000-0000-000000000000,2026-02-19 09:01:54,2026-02-19 09:01:54
73dd69e1-d6da-4e40-8b59-b674d9c9984b,delivery,draft,DLV-20260314-1189,3ce570f8-668c-48b2-9f9e-4f0eb0cb955a,,00000000-0000-0000-0000-000000000000,2025-08-06 09:01:54,2025-08-06 09:01:54
42190632-276d-4a8d-be7d-94fdab596e82,receipt,draft,RCP-20260314-1197,,0883d42c-e5ca-4365-899d-e5fb056144cf,00000000-0000-0000-0000-000000000000,2025-10-29 09:01:54,2025-10-29 09:01:54
323c68ed-e394-4d98-b4d2-8fdae4216721,delivery,completed,DLV-20260314-1190,c8de0daf-f982-4c78-a830-cf3b246b1196,,00000000-0000-0000-0000-000000000000,2025-10-18 09:01:54,2025-10-18 09:01:54
1ba19898-20ff-4e5a-b5bb-9bc80df2d6e8,adjustment,draft,ADJ-20260314-0599,f6400429-6ef9-41e6-8c9f-20d0e24c39cf,,00000000-0000-0000-0000-000000000000,2025-10-18 09:01:54,2025-10-18 09:01:54
567606ff-dad7-46be-a272-3bce74307326,receipt,completed,RCP-20260314-1198,,bcbe6f22-7255-4559-8800-47beaa717a49,00000000-0000-0000-0000-000000000000,2025-10-25 09:01:54,2025-10-25 09:01:54
83b19c18-6793-4a6e-9df9-6f749e0d06c8,delivery,draft,DLV-20260314-1191,b53f5cce-92d5-407e-8668-a214b158c70a,,00000000-0000-0000-0000-000000000000,2025-12-07 09:01:54,2025-12-07 09:01:54
5f54df15-0a71-4be5-990d-f1fccc8536c9,delivery,completed,DLV-20260314-1192,17103ec8-f442-420e-9806-c15fc2ee5a98,,00000000-0000-0000-0000-000000000000,2025-07-20 09:01:54,2025-07-20 09:01:54
3bd260bc-7e03-49c6-a1a5-19f6ae6f6a49,delivery,completed,DLV-20260314-1193,2038db19-d4af-43ee-9854-43f0c43108ca,,00000000-0000-0000-0000-000000000000,2025-05-14 09:01:54,2025-05-14 09:01:54
27adac7d-5917-4d22-876c-6ad4d98144f6,transfer,completed,TRF-20260314-0964,fccc00cb-d97a-47c7-8da0-b58bf31a70f1,14072e25-a162-4169-bda1-64205d2ce017,00000000-0000-0000-0000-000000000000,2026-02-09 09:01:54,2026-02-09 09:01:54
527cc885-bd3f-4678-a85d-59ac3a112496,adjustment,completed,ADJ-20260314-0600,764880ab-5727-4be9-a859-9fd9a6efcda5,,00000000-0000-0000-0000-000000000000,2025-09-18 09:01:54,2025-09-18 09:01:54
e9c4ebfe-09d5-4032-a7ae-f7edb0436062,receipt,completed,RCP-20260314-1199,,a7d0f168-bc91-40c0-bcd3-153e9e3df669,00000000-0000-0000-0000-000000000000,2025-07-09 09:01:54,2025-07-09 09:01:54
f0b89a86-b15b-421b-bd5e-e56f6560b193,delivery,completed,DLV-20260314-1194,d8f55033-548e-46a4-b199-4f52c0c055ae,,00000000-0000-0000-0000-000000000000,2025-04-26 09:01:54,2025-04-26 09:01:54
de4fdcd9-9fbf-4087-8efb-aa4610ac3ee9,delivery,completed,DLV-20260314-1195,1708036e-a2fe-44e4-8153-00c26a8973a5,,00000000-0000-0000-0000-000000000000,2025-11-03 09:01:54,2025-11-03 09:01:54
5d6ea0de-0d34-459e-b648-aea7cd166d86,transfer,completed,TRF-20260314-0965,07ba3124-6490-458b-832a-43b881be85f2,0f11a380-e6c3-400a-a0f3-4041eb8a0d05,00000000-0000-0000-0000-000000000000,2025-07-08 09:01:54,2025-07-08 09:01:54
f01d0d4c-b2e1-4ed1-b9b5-ef0b8ea962b5,transfer,confirmed,TRF-20260314-0966,cbc2231d-6ff2-44d7-b932-b8b6911afc1d,e0a4a202-36ca-4fd2-80a7-d4873dfefd4e,00000000-0000-0000-0000-000000000000,2025-09-28 09:01:54,2025-09-28 09:01:54
fa309a9b-f25f-44d5-a726-05be37c92a09,transfer,completed,TRF-20260314-0967,a4867f0e-4e60-47f0-98ad-62e6a28f0b1a,227e852b-3690-4bdc-b761-b30f4a62f6d3,00000000-0000-0000-0000-000000000000,2025-04-09 09:01:54,2025-04-09 09:01:54
8bedf839-fbb3-41e2-96e4-b7a6aa7c7177,adjustment,confirmed,ADJ-20260314-0601,861afdbf-f64b-4498-b18d-66dd89328c29,,00000000-0000-0000-0000-000000000000,2026-01-01 09:01:54,2026-01-01 09:01:54
f77e79a3-ee21-4beb-8141-9e42d55c60c0,adjustment,confirmed,ADJ-20260314-0602,eacbb895-1944-4218-bded-e9f1fff656f4,,00000000-0000-0000-0000-000000000000,2025-08-17 09:01:54,2025-08-17 09:01:54
fc9ec891-3d8a-4b08-a236-b30c3cc53c8e,delivery,completed,DLV-20260314-1196,32728e56-f13c-45ca-9424-1ab506993175,,00000000-0000-0000-0000-000000000000,2025-11-08 09:01:54,2025-11-08 09:01:54
96083938-6671-49ab-9693-c50a72c971de,delivery,confirmed,DLV-20260314-1197,97fc80a3-9c8a-43cd-b975-ee9748a6c15d,,00000000-0000-0000-0000-000000000000,2026-02-23 09:01:54,2026-02-23 09:01:54
2f2aa185-1af3-47bb-9575-1baa22b9df33,delivery,completed,DLV-20260314-1198,dc951452-dc88-4deb-afa5-b0b48190022d,,00000000-0000-0000-0000-000000000000,2025-08-25 09:01:54,2025-08-25 09:01:54
87b81900-bee2-4a24-8642-4a5e6934aedf,receipt,completed,RCP-20260314-1200,,677e7551-f0f2-4e7d-8336-012aec52ca72,00000000-0000-0000-0000-000000000000,2025-06-14 09:01:54,2025-06-14 09:01:54
e816929a-89ea-4047-9d3c-5d402bcf45e0,transfer,completed,TRF-20260314-0968,90673cce-946e-4509-ac54-c4fd1b369b16,1341206e-3616-4cd5-af75-cb1d54b6a355,00000000-0000-0000-0000-000000000000,2025-08-29 09:01:54,2025-08-29 09:01:54
58faa78e-ddbb-44b4-af1b-e9565cb72bcf,transfer,completed,TRF-20260314-0969,6d2e6e41-09d8-4814-9204-9c6b2efa0578,b3ea5c95-e453-4da4-8c0c-dcdd963d5751,00000000-0000-0000-0000-000000000000,2025-07-24 09:01:54,2025-07-24 09:01:54
f55bf24d-a667-4f76-8611-cb5c411c11b2,receipt,completed,RCP-20260314-1201,,472e776f-078e-4c73-9aea-c26b52df475f,00000000-0000-0000-0000-000000000000,2025-12-30 09:01:54,2025-12-30 09:01:54
aac1391c-3e09-4809-b4c0-c7c13c32b804,transfer,completed,TRF-20260314-0970,32d50c4d-c165-4d1b-a755-6859b6c9c992,d33b0a21-8c0f-43d1-a997-c7a49e44d5d1,00000000-0000-0000-0000-000000000000,2025-08-16 09:01:54,2025-08-16 09:01:54
9c78b3f9-146a-422f-a8f7-bd99ce226c15,adjustment,draft,ADJ-20260314-0603,8afa42d1-71c2-4820-89eb-442eb0087d92,,00000000-0000-0000-0000-000000000000,2025-07-12 09:01:54,2025-07-12 09:01:54
ea1ae216-8885-45c6-a4c9-cd26c7fa4896,adjustment,draft,ADJ-20260314-0604,c60fdf84-c511-43aa-bb34-ee625e8dabed,,00000000-0000-0000-0000-000000000000,2025-12-23 09:01:54,2025-12-23 09:01:54
e093e82f-23cd-49fb-b11e-0b060b589765,transfer,completed,TRF-20260314-0971,a49bc5de-1166-4311-bafa-a2785b32d0ed,f7c59676-62cb-4c00-819b-1f7421e44faf,00000000-0000-0000-0000-000000000000,2025-04-23 09:01:54,2025-04-23 09:01:54
0fa3ca17-af8c-4b1b-8a48-642dc5778a11,delivery,completed,DLV-20260314-1199,04042ed1-a60d-464a-ab6d-ccd67656cccd,,00000000-0000-0000-0000-000000000000,2025-06-17 09:01:54,2025-06-17 09:01:54
f3b489de-dd55-4565-98e7-c5bd720773e7,delivery,completed,DLV-20260314-1200,14ccc8f8-fffb-46f9-b113-91b54c88c3d0,,00000000-0000-0000-0000-000000000000,2026-02-06 09:01:54,2026-02-06 09:01:54
9c8a4211-e035-44ae-b73e-085f5fff3302,delivery,completed,DLV-20260314-1201,67eeb033-2fb8-46f0-8c8c-a7f9282f092a,,00000000-0000-0000-0000-000000000000,2025-07-29 09:01:54,2025-07-29 09:01:54
6a77b5e1-9fee-4527-a112-ed6205452276,adjustment,completed,ADJ-20260314-0605,f433ca0e-0518-4b9e-be04-a461d49fe36a,,00000000-0000-0000-0000-000000000000,2025-03-22 09:01:54,2025-03-22 09:01:54
2b889fa9-152e-4d98-b093-1b6896b7b372,delivery,completed,DLV-20260314-1202,4e1b42e2-34b8-40e6-be54-f23d1fd9128e,,00000000-0000-0000-0000-000000000000,2026-02-23 09:01:54,2026-02-23 09:01:54
f1ff3d6d-d4cd-49f2-b5c6-fa6a11a1aa8e,delivery,draft,DLV-20260314-1203,c7a128e8-b49f-4634-b668-c5e0ccf87e84,,00000000-0000-0000-0000-000000000000,2026-02-04 09:01:54,2026-02-04 09:01:54
7342e6c7-cbd3-4ea6-a6fa-760332d31629,transfer,completed,TRF-20260314-0972,a65d8ad5-a959-40b2-8ff0-833cde4c0d5e,b0772df4-12ad-4d23-9712-e65490ba8f21,00000000-0000-0000-0000-000000000000,2026-02-12 09:01:54,2026-02-12 09:01:54
bf74ebdf-315d-4adb-82ea-ab43bd58da7b,receipt,completed,RCP-20260314-1202,,414cbc6a-5d5c-429b-a087-58c5e23edfa9,00000000-0000-0000-0000-000000000000,2026-02-19 09:01:54,2026-02-19 09:01:54
14e24c16-8531-487d-b978-dd644a7c022f,delivery,completed,DLV-20260314-1204,67eef323-87ca-4d18-8e13-3fe940710ce7,,00000000-0000-0000-0000-000000000000,2025-07-09 09:01:54,2025-07-09 09:01:54
ff96633a-bcd1-4d5c-9c96-1bfd5ee7abbc,delivery,draft,DLV-20260314-1205,75631800-20c3-49cb-8981-d8b894fbe629,,00000000-0000-0000-0000-000000000000,2025-03-27 09:01:54,2025-03-27 09:01:54
168ad496-e9e1-496e-a226-927bdd58de07,delivery,completed,DLV-20260314-1206,375ee7c9-3be7-4715-b025-4bbe6f85c2cf,,00000000-0000-0000-0000-000000000000,2026-01-09 09:01:54,2026-01-09 09:01:54
cf4bd033-eab7-41c2-a372-6a927f0e0041,receipt,completed,RCP-20260314-1203,,5cc1f605-a920-49e9-83f9-faad3d485740,00000000-0000-0000-0000-000000000000,2026-02-15 09:01:54,2026-02-15 09:01:54
c29d8d9e-22e6-47ca-a128-4665ef35e812,transfer,completed,TRF-20260314-0973,432ea28c-6d1c-42ad-af99-176f5c5b04bb,5e6945b2-f315-4e3f-80db-c0002dc04b57,00000000-0000-0000-0000-000000000000,2025-08-05 09:01:54,2025-08-05 09:01:54
ca4cc4f6-f59a-4774-88a6-050edd6faf87,delivery,completed,DLV-20260314-1207,72951bf7-0975-49e7-8cf7-1bbd1e27cf8b,,00000000-0000-0000-0000-000000000000,2025-11-21 09:01:54,2025-11-21 09:01:54
bd1169f5-f8f4-4367-9827-0bdbb2ce07de,transfer,draft,TRF-20260314-0974,a3f80b6e-90f3-4391-a6cf-7bbcb19106a4,b3db0c6c-67f0-4a0b-89b4-ad78a8e8e761,00000000-0000-0000-0000-000000000000,2025-08-27 09:01:54,2025-08-27 09:01:54
3a913174-086b-4b5f-afa1-76139a1a9662,receipt,completed,RCP-20260314-1204,,83e5b9b9-a98e-4f02-ba26-d29411182bba,00000000-0000-0000-0000-000000000000,2025-09-06 09:01:54,2025-09-06 09:01:54
035d34b4-1b72-4f3f-8983-c0fd25d5a1e4,receipt,completed,RCP-20260314-1205,,3c0caaa1-dbb8-48ee-bdb6-03f09ae29121,00000000-0000-0000-0000-000000000000,2025-07-15 09:01:54,2025-07-15 09:01:54
1c7fb21d-9d8d-40c7-9632-3a18af8cdbf3,delivery,completed,DLV-20260314-1208,31782ecc-f05c-4f1d-99b9-955048ff3999,,00000000-0000-0000-0000-000000000000,2025-06-13 09:01:54,2025-06-13 09:01:54
f81c0324-8e95-404d-81bf-c4682d861336,delivery,completed,DLV-20260314-1209,9faa8299-6609-412c-8803-c90ec33550ed,,00000000-0000-0000-0000-000000000000,2026-02-18 09:01:54,2026-02-18 09:01:54
b4c62bdf-24f4-4b20-8821-050e4ead29c8,delivery,draft,DLV-20260314-1210,4f969b64-7aea-48b0-911a-62e0483e8168,,00000000-0000-0000-0000-000000000000,2025-08-03 09:01:54,2025-08-03 09:01:54
2a8bd326-8c31-41f4-9b56-98cf129e4c64,transfer,completed,TRF-20260314-0975,da605843-6b7f-4b41-a9f9-3a7c2a5d35a5,db7b0359-3d67-44c5-af73-66ba3fcba300,00000000-0000-0000-0000-000000000000,2026-01-26 09:01:54,2026-01-26 09:01:54
09ea77a8-2799-4ec4-a30e-102550a5acea,receipt,completed,RCP-20260314-1206,,ced6599d-689e-465a-b043-9f4b275f1ea7,00000000-0000-0000-0000-000000000000,2025-08-27 09:01:54,2025-08-27 09:01:54
1220833d-0ffe-4226-adbb-85e50718fb95,delivery,completed,DLV-20260314-1211,8547e60f-4b9d-4a64-bfc3-1ce2831030b0,,00000000-0000-0000-0000-000000000000,2025-06-12 09:01:54,2025-06-12 09:01:54
f99e77c0-e607-42e2-890a-c0040f0e28ce,delivery,draft,DLV-20260314-1212,bb73ab4e-53f8-42cc-a92f-03fe83c0465c,,00000000-0000-0000-0000-000000000000,2025-07-29 09:01:54,2025-07-29 09:01:54
cf8843a1-76e5-4102-a6e8-51a3e0453ff8,adjustment,confirmed,ADJ-20260314-0606,a3e1472f-ed16-4b0d-a0ae-e31c8b2c0f4d,,00000000-0000-0000-0000-000000000000,2025-12-19 09:01:54,2025-12-19 09:01:54
721de7d3-f438-4780-879a-0f24cb0915f7,receipt,draft,RCP-20260314-1207,,1cf378c2-6544-4e4b-8143-99b01b09a606,00000000-0000-0000-0000-000000000000,2025-04-07 09:01:54,2025-04-07 09:01:54
7785a759-9c1b-4934-be9e-54effafc848f,receipt,completed,RCP-20260314-1208,,18edcd41-5c17-4d25-842f-ca759c03460e,00000000-0000-0000-0000-000000000000,2025-05-26 09:01:54,2025-05-26 09:01:54
2c560395-a1b7-42b2-8f53-e6de9bedda3c,transfer,completed,TRF-20260314-0976,14b36b36-babd-4bdf-a193-da58ea3c7c65,d2ca548f-4b22-4d23-871f-db2ece5bd582,00000000-0000-0000-0000-000000000000,2025-05-25 09:01:54,2025-05-25 09:01:54
3d150123-c8fd-4ca0-ae4c-a49af6fcf9e7,receipt,completed,RCP-20260314-1209,,4f08a1d4-caa0-4941-9bf1-f0d661e9ba90,00000000-0000-0000-0000-000000000000,2025-10-17 09:01:54,2025-10-17 09:01:54
4362dcde-b2e8-4eb8-8652-229b5d1a757f,receipt,completed,RCP-20260314-1210,,cb51c9d8-3799-448f-8a77-af23db2bca2f,00000000-0000-0000-0000-000000000000,2025-07-21 09:01:54,2025-07-21 09:01:54
ffd84879-fce0-4ed9-bd5d-ad7b18c4765b,adjustment,draft,ADJ-20260314-0607,ac31979c-363e-4cd5-baaf-d608b790d32f,,00000000-0000-0000-0000-000000000000,2026-02-13 09:01:54,2026-02-13 09:01:54
1772efb2-a2c8-4027-85ab-114fa49fd366,transfer,completed,TRF-20260314-0977,e0bfb70a-f9d8-4c45-820b-a9509ead80b8,9b371359-adf9-403f-a755-f1927162f58d,00000000-0000-0000-0000-000000000000,2025-04-24 09:01:54,2025-04-24 09:01:54
026fb01c-1d1b-4400-85e8-2d538bd89c27,transfer,confirmed,TRF-20260314-0978,7564710e-0e7b-4633-9a76-367262fb6f7c,b0f3e9ba-5764-44fa-9442-bbbd101371a2,00000000-0000-0000-0000-000000000000,2025-08-10 09:01:54,2025-08-10 09:01:54
e3ee9e0f-18a0-4641-a5ee-00e4ea636ae5,receipt,completed,RCP-20260314-1211,,8a3d5b10-6665-481a-bec4-7a56b2797ddc,00000000-0000-0000-0000-000000000000,2025-11-19 09:01:54,2025-11-19 09:01:54
4cd20ffc-9196-4044-a4b6-49d7e00f7edb,transfer,draft,TRF-20260314-0979,01a41242-120f-4717-82c5-938d83b6b021,725323a8-421c-4f4d-b594-e8b00c687e70,00000000-0000-0000-0000-000000000000,2025-12-02 09:01:54,2025-12-02 09:01:54
a8ce6984-53a6-4d34-8dd2-beaa78ddd810,delivery,confirmed,DLV-20260314-1213,e685cc53-8c3b-44fc-9960-37bcbcd13e21,,00000000-0000-0000-0000-000000000000,2025-08-17 09:01:54,2025-08-17 09:01:54
1785d971-dc46-43c4-82ac-1411a80160d9,receipt,draft,RCP-20260314-1212,,846318d3-db79-478c-894e-9a08933d102e,00000000-0000-0000-0000-000000000000,2026-02-13 09:01:54,2026-02-13 09:01:54
164e736f-9963-4c35-97f7-e08825379ca6,receipt,completed,RCP-20260314-1213,,7ceca417-8034-4b44-b163-02241897f81a,00000000-0000-0000-0000-000000000000,2025-06-01 09:01:54,2025-06-01 09:01:54
f02c0453-d205-4cce-b4e4-8e9419189ab4,receipt,draft,RCP-20260314-1214,,7eb95ba9-a8cb-4abd-8f63-de789187dda6,00000000-0000-0000-0000-000000000000,2025-05-15 09:01:54,2025-05-15 09:01:54
37dc6db3-4b8b-4ce3-b5a1-9694a0ba8cec,receipt,draft,RCP-20260314-1215,,527565c8-fa16-41a4-9cf3-fecef95246e8,00000000-0000-0000-0000-000000000000,2025-11-13 09:01:54,2025-11-13 09:01:54
b502622e-d0b3-46f8-ae2b-ddba61a5be55,adjustment,completed,ADJ-20260314-0608,07c74d58-12c9-4c8e-8f29-69178515b4b8,,00000000-0000-0000-0000-000000000000,2025-06-29 09:01:54,2025-06-29 09:01:54
6641a6a1-724f-477e-bb7c-2444ae5ca2cc,delivery,confirmed,DLV-20260314-1214,e40d0d37-5239-44a7-85e1-a0fffed3d616,,00000000-0000-0000-0000-000000000000,2025-07-13 09:01:54,2025-07-13 09:01:54
e383782a-444d-4464-8b86-5f3f49ec0127,delivery,completed,DLV-20260314-1215,839f0403-dcb3-49c8-b720-e4952bd766bd,,00000000-0000-0000-0000-000000000000,2025-04-28 09:01:54,2025-04-28 09:01:54
5dc68bd7-dce3-4667-9144-2ced62366e58,adjustment,draft,ADJ-20260314-0609,b4a2e21d-2f27-47c7-94b4-26ffa99337ff,,00000000-0000-0000-0000-000000000000,2025-06-23 09:01:54,2025-06-23 09:01:54
8bc85f53-a3e7-446e-90d2-06c14347ad4c,delivery,completed,DLV-20260314-1216,d2ca548f-4b22-4d23-871f-db2ece5bd582,,00000000-0000-0000-0000-000000000000,2026-01-25 09:01:54,2026-01-25 09:01:54
d505bfe1-8c86-415e-b86b-9031d7d20e69,transfer,confirmed,TRF-20260314-0980,fe7933a6-848d-4f8e-8a4f-cd5159d389da,8719ddf7-6b7b-4042-9b34-7e1fc67129f3,00000000-0000-0000-0000-000000000000,2025-09-27 09:01:54,2025-09-27 09:01:54
2e2f401e-dde4-4f43-bf07-871a2f0e2a46,delivery,completed,DLV-20260314-1217,eedbe8c4-0b8a-4269-b97b-8b5893a552ef,,00000000-0000-0000-0000-000000000000,2025-09-19 09:01:54,2025-09-19 09:01:54
f56839ba-5e4b-4a12-bfc3-032cef98b5a1,delivery,completed,DLV-20260314-1218,1b2fad82-4bc2-4bab-96b6-c5a8c9664769,,00000000-0000-0000-0000-000000000000,2025-06-21 09:01:54,2025-06-21 09:01:54
e297e00b-bf5a-43a8-8d37-ddebe5e7fffb,adjustment,draft,ADJ-20260314-0610,f6601f65-c85e-4402-84fe-1f9e03dcf75e,,00000000-0000-0000-0000-000000000000,2025-04-03 09:01:54,2025-04-03 09:01:54
8956e3cb-f76b-4350-86e1-3bdc06aa61de,adjustment,completed,ADJ-20260314-0611,306e2012-d89a-4bc5-8a8b-d9b7136fdb2c,,00000000-0000-0000-0000-000000000000,2025-04-23 09:01:54,2025-04-23 09:01:54
7972c38c-89ae-4cbc-b599-a3eaa205f91b,delivery,draft,DLV-20260314-1219,1f094b8b-973d-4c59-ac47-247835072a2a,,00000000-0000-0000-0000-000000000000,2026-02-28 09:01:54,2026-02-28 09:01:54
6b382b35-d887-4f40-b43c-d4ce3426f818,receipt,draft,RCP-20260314-1216,,a389a095-9835-464e-9cad-15f979ac2a69,00000000-0000-0000-0000-000000000000,2025-06-26 09:01:54,2025-06-26 09:01:54
2858d71f-d3b6-4662-a615-6b3f8c6bebb6,delivery,completed,DLV-20260314-1220,84fd921d-8165-40d5-bc6c-a21d5c7928fe,,00000000-0000-0000-0000-000000000000,2025-08-27 09:01:54,2025-08-27 09:01:54
624d2fac-f5bc-4d18-a8de-1d386230dc0e,receipt,completed,RCP-20260314-1217,,26ad925e-d524-464c-8f1b-960392b634a4,00000000-0000-0000-0000-000000000000,2025-04-09 09:01:54,2025-04-09 09:01:54
c752c530-acc1-4999-9685-fb1f18744bd2,delivery,completed,DLV-20260314-1221,0a029ee2-abe4-4c3c-9e2f-446f8a8fed45,,00000000-0000-0000-0000-000000000000,2025-05-25 09:01:54,2025-05-25 09:01:54
42eac55f-c5fd-418a-a618-c262b58659cd,adjustment,completed,ADJ-20260314-0612,78434d18-6626-4fab-b26f-eafa182cb8e0,,00000000-0000-0000-0000-000000000000,2026-03-06 09:01:54,2026-03-06 09:01:54
1462499a-dcbc-49fb-87dc-2907d2aa4fff,transfer,completed,TRF-20260314-0981,e8cac080-db4e-4a3e-8dd7-051592a24355,04e697e2-896e-42b2-956c-8aed383ad328,00000000-0000-0000-0000-000000000000,2025-07-24 09:01:54,2025-07-24 09:01:54
fa3de5c9-3563-415f-be3f-0e195ee6e792,receipt,draft,RCP-20260314-1218,,0d3f2590-ba0d-4cc0-a5b0-2491e3f10a90,00000000-0000-0000-0000-000000000000,2025-05-26 09:01:54,2025-05-26 09:01:54
dd0fdfa1-30b1-420b-b7e6-dbf10dc2d9e2,delivery,completed,DLV-20260314-1222,cd9298fa-ffb0-413d-8703-62b09d4a8660,,00000000-0000-0000-0000-000000000000,2025-06-19 09:01:54,2025-06-19 09:01:54
1f3e20c3-54ec-4437-ba28-2b8a2408eacd,delivery,completed,DLV-20260314-1223,3dc5d29e-e0a9-40f7-bf1e-541813f9a70c,,00000000-0000-0000-0000-000000000000,2025-04-16 09:01:54,2025-04-16 09:01:54
ae7e3816-8eb1-47d4-8419-e3b093f5a235,receipt,completed,RCP-20260314-1219,,2e10770b-ec1c-423b-a1ba-92b626e93958,00000000-0000-0000-0000-000000000000,2025-09-27 09:01:54,2025-09-27 09:01:54
a2bdbcc8-4f8d-4317-8c00-d8ccbbeb3193,receipt,completed,RCP-20260314-1220,,77ea4345-76b8-4bb3-8373-f08e2ea7c912,00000000-0000-0000-0000-000000000000,2025-07-23 09:01:54,2025-07-23 09:01:54
dadc37a9-3b74-4a97-a9e7-8688ddcfc115,delivery,confirmed,DLV-20260314-1224,54fd226f-65de-4243-b8ae-9e6e44a3161f,,00000000-0000-0000-0000-000000000000,2025-05-12 09:01:54,2025-05-12 09:01:54
1bd5d956-b9b3-4ee4-b782-733c94b37d97,transfer,draft,TRF-20260314-0982,556b4d52-0144-4b85-b7a7-0c32ce608482,7e2f3fb7-d355-4ac1-a7e4-d5e6f55ed938,00000000-0000-0000-0000-000000000000,2025-06-08 09:01:54,2025-06-08 09:01:54
5d913ea9-247a-4e0e-8de0-c5d447e86f5b,receipt,completed,RCP-20260314-1221,,593a902c-43ac-4a21-a03a-65f4def8b3c5,00000000-0000-0000-0000-000000000000,2025-03-19 09:01:54,2025-03-19 09:01:54
e9aede2e-e3ac-44ef-8ce8-757ab2881195,receipt,draft,RCP-20260314-1222,,7b57c9b6-c9f9-49e0-bffc-cff24f700341,00000000-0000-0000-0000-000000000000,2025-12-19 09:01:54,2025-12-19 09:01:54
61f7f936-5553-4735-ad42-321a10bf70ef,delivery,completed,DLV-20260314-1225,258f112c-da38-483f-b9ba-fface9423498,,00000000-0000-0000-0000-000000000000,2025-09-13 09:01:54,2025-09-13 09:01:54
c2a8e828-9b32-4e92-ad90-d7f543c59540,transfer,completed,TRF-20260314-0983,693b4954-eb73-4329-834f-35b7e359b90e,6541c9da-358b-45fd-a256-43199c5f67f5,00000000-0000-0000-0000-000000000000,2025-08-24 09:01:54,2025-08-24 09:01:54
7e92a305-2c0b-4a55-8615-aa533d7d074e,adjustment,draft,ADJ-20260314-0613,b8a37826-fc5b-4ea3-adbc-1487fa82a61b,,00000000-0000-0000-0000-000000000000,2025-05-02 09:01:54,2025-05-02 09:01:54
60292dac-d165-46c1-a6a4-cedced8f46f0,transfer,completed,TRF-20260314-0984,466cf4af-83b6-4f93-9209-5c99603f89a6,8d0ceff7-0e8f-42a1-99d8-b472526e7186,00000000-0000-0000-0000-000000000000,2025-09-14 09:01:54,2025-09-14 09:01:54
982fe8cf-4d5a-4fd6-a4aa-98a32a5f4b68,delivery,completed,DLV-20260314-1226,5aaf3b72-6214-4785-b6be-7a722b9d1d8b,,00000000-0000-0000-0000-000000000000,2025-09-10 09:01:54,2025-09-10 09:01:54
917dbf31-dd71-424d-ad0b-3de8da62aedd,receipt,completed,RCP-20260314-1223,,d2d41471-79d6-42aa-b3bb-3e42010aaafb,00000000-0000-0000-0000-000000000000,2025-08-27 09:01:54,2025-08-27 09:01:54
b431f6b8-e13a-4994-92aa-9df7e925009c,adjustment,draft,ADJ-20260314-0614,4e967d60-8bf9-4477-bff9-ecbc0ff774b0,,00000000-0000-0000-0000-000000000000,2026-01-29 09:01:54,2026-01-29 09:01:54
0b0ec03e-1e7f-4dca-bcfc-154e6f95b2dd,transfer,draft,TRF-20260314-0985,e70fb8e5-3c2d-4152-98fb-568c6fec8cf4,30b72206-8a04-4674-a670-e7ede9fc52fb,00000000-0000-0000-0000-000000000000,2025-09-18 09:01:54,2025-09-18 09:01:54
f3166000-a5df-47c6-9151-77f7adea5090,transfer,completed,TRF-20260314-0986,3d7202aa-4abf-4f5b-89bf-d0ff6a76f7e8,441de7d9-5046-40ce-b490-8257eb733078,00000000-0000-0000-0000-000000000000,2025-12-18 09:01:54,2025-12-18 09:01:54
049bb960-1852-4a7c-833f-85dc20f380f8,adjustment,completed,ADJ-20260314-0615,81979c1e-c9a0-48ce-b770-efd446be7cac,,00000000-0000-0000-0000-000000000000,2025-07-25 09:01:54,2025-07-25 09:01:54
674062ff-423f-4fff-b847-2438cbd6ab2c,receipt,completed,RCP-20260314-1224,,11b49519-3ff7-4230-9ecb-8aa56a5bbf23,00000000-0000-0000-0000-000000000000,2025-08-21 09:01:54,2025-08-21 09:01:54
b51aa83f-53a1-4c36-a396-a9f7786b363e,receipt,completed,RCP-20260314-1225,,a5d9e202-5a0c-4548-90c4-d311b567fce8,00000000-0000-0000-0000-000000000000,2026-02-02 09:01:54,2026-02-02 09:01:54
c8057fc5-611f-43f2-8022-f5b2c46bc85c,receipt,draft,RCP-20260314-1226,,a3a90179-3743-48ea-b0c8-f7f378167580,00000000-0000-0000-0000-000000000000,2025-11-06 09:01:54,2025-11-06 09:01:54
388e7c48-0027-4b3f-8310-06f6b2d4ee54,transfer,completed,TRF-20260314-0987,46934c68-31b1-4583-9990-81f7516b29b2,58f08c14-d7f0-4295-8bda-00e92beadb84,00000000-0000-0000-0000-000000000000,2025-11-19 09:01:54,2025-11-19 09:01:54
271e2421-1976-4d11-b333-d621005713c1,adjustment,completed,ADJ-20260314-0616,67e681c0-b3c5-4cc2-813c-91c1ba3d4d8a,,00000000-0000-0000-0000-000000000000,2025-06-18 09:01:54,2025-06-18 09:01:54
f2588393-854b-4627-87ce-f3a620387381,adjustment,completed,ADJ-20260314-0617,ee50c07b-8922-4183-b856-e2f8b612c09d,,00000000-0000-0000-0000-000000000000,2025-06-23 09:01:54,2025-06-23 09:01:54
daecb29c-bea7-4af6-9c83-b93b4c5cf79e,transfer,draft,TRF-20260314-0988,0a897332-d870-4431-8ded-80192660ad74,463d703b-02e5-48f0-9cdf-4db91d6f647f,00000000-0000-0000-0000-000000000000,2026-03-07 09:01:54,2026-03-07 09:01:54
24304f60-8223-43b2-94f9-b1bfab318e55,transfer,draft,TRF-20260314-0989,ec33a66e-0bfd-49fa-a7ba-a984eb05ed20,c4616d9d-ff44-4ac5-818b-636f76187a94,00000000-0000-0000-0000-000000000000,2025-12-10 09:01:54,2025-12-10 09:01:54
e69b7a0f-710f-4656-96eb-655e035a9cff,delivery,completed,DLV-20260314-1227,6bf7eee4-6355-428f-a05e-f54f18af1162,,00000000-0000-0000-0000-000000000000,2026-01-15 09:01:54,2026-01-15 09:01:54
e2ec50a1-e136-4150-9ac1-4e848315ca41,delivery,completed,DLV-20260314-1228,c9eff640-31ef-47f0-b2db-a1486bbc44d1,,00000000-0000-0000-0000-000000000000,2025-12-25 09:01:54,2025-12-25 09:01:54
d8341e3b-cc40-431c-802f-7e2139d4e56c,receipt,completed,RCP-20260314-1227,,3ffbdaca-c31c-4378-9c15-e29708bb7af7,00000000-0000-0000-0000-000000000000,2025-04-24 09:01:54,2025-04-24 09:01:54
cd134faf-d80d-488d-a9de-6e23b55064ba,receipt,confirmed,RCP-20260314-1228,,020e5866-ba75-483e-b5bb-0ed18a6a8c62,00000000-0000-0000-0000-000000000000,2025-08-31 09:01:54,2025-08-31 09:01:54
99392ad3-1014-49bb-a81d-5beb772a0579,receipt,draft,RCP-20260314-1229,,f075f3f9-86ec-4133-a5d2-b1b662c7d467,00000000-0000-0000-0000-000000000000,2025-05-04 09:01:54,2025-05-04 09:01:54
ba38d1d1-4553-4bfa-ab19-59a41df5f284,delivery,draft,DLV-20260314-1229,92b1c497-e9aa-4e8a-b785-8198f5242255,,00000000-0000-0000-0000-000000000000,2025-11-03 09:01:54,2025-11-03 09:01:54
d12f92ad-e75a-45c3-a480-0cc613e52615,adjustment,confirmed,ADJ-20260314-0618,f71a7f20-efeb-4689-b4bf-5d74a8edd587,,00000000-0000-0000-0000-000000000000,2025-03-17 09:01:54,2025-03-17 09:01:54
e9b7474d-fc74-4fbc-9c1a-a2d7fd86bffb,transfer,completed,TRF-20260314-0990,3e130e65-7b23-42dc-8acf-ba3d71dbcf10,b7db8d7a-3ac9-4008-b81c-e0bd0d01a71f,00000000-0000-0000-0000-000000000000,2026-01-28 09:01:54,2026-01-28 09:01:54
491a3c1c-bd66-425a-aa6b-d396d66a1003,transfer,completed,TRF-20260314-0991,9764bbdc-e4f8-4024-b4e4-3212130aaaba,a9a6a186-e4cd-41ff-93e9-c5cc48172c77,00000000-0000-0000-0000-000000000000,2025-08-30 09:01:54,2025-08-30 09:01:54
1dbbd300-4fe0-4e44-aed0-f4909d1abbc1,delivery,completed,DLV-20260314-1230,791d5428-a185-4827-aec6-78186a2855d7,,00000000-0000-0000-0000-000000000000,2025-09-12 09:01:54,2025-09-12 09:01:54
61a1bb43-1579-4c03-a549-b249319644d1,transfer,draft,TRF-20260314-0992,ac969a7a-f89e-42f2-958b-3e62e726e6f4,fda539cd-1651-4ad9-9481-19ff2b34753b,00000000-0000-0000-0000-000000000000,2026-01-28 09:01:54,2026-01-28 09:01:54
31a474ba-3a0b-4f76-ab45-07645e9ab192,receipt,completed,RCP-20260314-1230,,ac55fcbc-9122-4564-88ad-9a99a729c87e,00000000-0000-0000-0000-000000000000,2026-03-13 09:01:54,2026-03-13 09:01:54
db30717c-601d-4d90-ae1d-90fa7ce34ebe,adjustment,completed,ADJ-20260314-0619,c76aa92b-971a-441e-bc06-a061cebb5b7d,,00000000-0000-0000-0000-000000000000,2025-07-15 09:01:54,2025-07-15 09:01:54
efc1f5fa-288c-42d5-a21d-66dd6ae045ff,transfer,completed,TRF-20260314-0993,9eda6e04-666f-444d-b850-df499bc178f8,06ac3daa-4b2a-41fd-8137-5323e59455d9,00000000-0000-0000-0000-000000000000,2026-01-30 09:01:54,2026-01-30 09:01:54
fc8208cf-48b3-42cf-b7f5-a3b47e444d02,transfer,completed,TRF-20260314-0994,4c2ef068-a397-4e6e-825e-65604de70433,cdf127f4-8ff4-428c-b317-c6a162510aff,00000000-0000-0000-0000-000000000000,2025-10-22 09:01:54,2025-10-22 09:01:54
559db2e0-975c-4965-a3fe-78b5db065ffb,transfer,completed,TRF-20260314-0995,b207a3ea-cace-4926-afcf-b519174be2bb,3ff1d417-935c-491c-b87e-668cb98ccead,00000000-0000-0000-0000-000000000000,2026-01-24 09:01:54,2026-01-24 09:01:54
d6dbe8d5-1548-409a-b7aa-9f83237429cc,transfer,completed,TRF-20260314-0996,dbe84e8a-540c-417d-b3da-9fe8fe56c89e,a4463ea3-cee6-4ab9-aa7e-24233207aae6,00000000-0000-0000-0000-000000000000,2025-12-09 09:01:54,2025-12-09 09:01:54
95594eef-fae8-43e2-a3be-1455401a7cad,delivery,draft,DLV-20260314-1231,546acfa7-84c5-4f2e-85bc-c6fae8fc2a52,,00000000-0000-0000-0000-000000000000,2025-08-19 09:01:54,2025-08-19 09:01:54
c0d54c78-2f2e-463a-aa04-a01f9cd73df9,transfer,completed,TRF-20260314-0997,231e0f9b-2ca9-4c2d-a4d3-4794d081cc14,6a8d26b8-8cf8-43f0-ac9e-020245ecca6a,00000000-0000-0000-0000-000000000000,2025-07-15 09:01:54,2025-07-15 09:01:54
b4526384-7ecc-4dba-be06-59bad2f14274,receipt,completed,RCP-20260314-1231,,af227270-8713-49bd-baff-9728cbc3e03f,00000000-0000-0000-0000-000000000000,2025-04-14 09:01:54,2025-04-14 09:01:54
68798066-efe5-4f8e-810d-4ec08b06e158,transfer,draft,TRF-20260314-0998,86060dff-e65c-4412-b469-c348b3fbe2bf,5233831d-b19a-4dfb-ad10-f1f34c5d6a49,00000000-0000-0000-0000-000000000000,2025-08-16 09:01:54,2025-08-16 09:01:54
dc5b1718-2215-4dc5-b843-3813963ac3ac,delivery,draft,DLV-20260314-1232,b3caa294-945a-45fc-85e8-e341e7d45f36,,00000000-0000-0000-0000-000000000000,2025-04-04 09:01:54,2025-04-04 09:01:54
63de4032-2e24-4a3d-affc-fc27b15e446a,adjustment,confirmed,ADJ-20260314-0620,2ff174ef-7ef9-48ee-9d01-e316d4412f77,,00000000-0000-0000-0000-000000000000,2026-02-01 09:01:54,2026-02-01 09:01:54
dac5cad4-5026-4e07-8f11-f3ce19bfc1da,delivery,completed,DLV-20260314-1233,a6961e4f-27ce-4184-a711-5606431be7ce,,00000000-0000-0000-0000-000000000000,2026-01-18 09:01:54,2026-01-18 09:01:54
d767bd8b-52ea-486e-bbf3-0f96bba523ae,transfer,completed,TRF-20260314-0999,12697a41-07f8-43d8-961c-0184cdc972f5,5d287e9b-b6ff-4174-831e-e724fc65ecfc,00000000-0000-0000-0000-000000000000,2025-04-14 09:01:54,2025-04-14 09:01:54
557e4b58-8d18-4009-8ee3-3ad8741bc466,transfer,draft,TRF-20260314-1000,1661b8b2-677b-4a69-94d9-f349dced0f6f,fdaa6c41-23e6-4770-975e-e8e5ea6094e2,00000000-0000-0000-0000-000000000000,2025-12-27 09:01:54,2025-12-27 09:01:54
8973dcbf-5ac5-434c-8ad8-1eeba8133fa6,receipt,confirmed,RCP-20260314-1232,,770cdb7e-276a-4d65-8946-5f7ed53dd83f,00000000-0000-0000-0000-000000000000,2025-07-24 09:01:54,2025-07-24 09:01:54
a34993eb-9436-4029-9047-37f5d3223d54,receipt,confirmed,RCP-20260314-1233,,daf43728-d05d-4075-8d3d-c1b01cd879d1,00000000-0000-0000-0000-000000000000,2025-08-12 09:01:54,2025-08-12 09:01:54
85f395e4-eab9-41be-b4d0-9f884cc15143,receipt,completed,RCP-20260314-1234,,f8bf1be9-2d8e-4a53-ac59-8dd7f861a1c5,00000000-0000-0000-0000-000000000000,2025-09-04 09:01:54,2025-09-04 09:01:54
ed640c04-d96e-4236-9f7f-577c6c57ed02,receipt,completed,RCP-20260314-1235,,0ab0ab67-66fa-4226-88d7-d9dfc54b5e8a,00000000-0000-0000-0000-000000000000,2025-12-20 09:01:54,2025-12-20 09:01:54
f0e0ef31-edae-4f6b-9688-242f39cc271f,delivery,completed,DLV-20260314-1234,0b724a7f-661b-4b0e-87eb-45e0544bb9b8,,00000000-0000-0000-0000-000000000000,2025-07-25 09:01:54,2025-07-25 09:01:54
033cea79-655d-4f4f-b627-d16e020423a2,delivery,completed,DLV-20260314-1235,b3672299-084e-4653-9bc3-c8dbbbcadfa9,,00000000-0000-0000-0000-000000000000,2025-08-11 09:01:54,2025-08-11 09:01:54
6ed4a5b7-2541-41b5-ba20-ab7a1f0221a8,receipt,draft,RCP-20260314-1236,,17a49cf7-3114-4bb6-a841-24df0776fe9c,00000000-0000-0000-0000-000000000000,2025-11-06 09:01:54,2025-11-06 09:01:54
b25b1377-898d-45c4-9718-e63b5cd7d64c,receipt,draft,RCP-20260314-1237,,6cc884da-200c-4131-9aec-ece6c0657036,00000000-0000-0000-0000-000000000000,2026-02-18 09:01:54,2026-02-18 09:01:54
c7c95af3-2017-453b-bffc-e9f613708074,adjustment,completed,ADJ-20260314-0621,7348ea68-0486-45e6-8fe0-e84420ddbbba,,00000000-0000-0000-0000-000000000000,2025-08-13 09:01:54,2025-08-13 09:01:54
dd4682db-9938-4822-ad9e-96e93cae4210,transfer,draft,TRF-20260314-1001,04b2d1a8-1f47-4edf-a73e-55ffc42fa1ae,6450599d-e911-4544-968d-d4092bba0dbd,00000000-0000-0000-0000-000000000000,2025-11-21 09:01:54,2025-11-21 09:01:54
53c3d93d-edec-4f53-bf12-99e6e22b1487,delivery,completed,DLV-20260314-1236,f9579cbd-6ed2-4ef2-bbf6-81f5af08582b,,00000000-0000-0000-0000-000000000000,2025-10-30 09:01:54,2025-10-30 09:01:54
942d19d1-5447-425d-ae91-7500386abea8,adjustment,completed,ADJ-20260314-0622,f9bebe33-775a-4a96-a134-bc232d075977,,00000000-0000-0000-0000-000000000000,2025-06-16 09:01:54,2025-06-16 09:01:54
c2e5ff5d-be96-46ff-896a-f3f2a474d814,receipt,confirmed,RCP-20260314-1238,,7f8e4754-ef41-4694-91b1-aebbc13dac31,00000000-0000-0000-0000-000000000000,2025-11-17 09:01:54,2025-11-17 09:01:54
406779a2-df48-4681-8dc7-8c5a4e7977b8,adjustment,draft,ADJ-20260314-0623,8052e8cd-b871-4e05-ab3f-1605ee83b902,,00000000-0000-0000-0000-000000000000,2026-03-14 09:01:54,2026-03-14 09:01:54
1994d161-a816-477d-b291-da5351f98194,receipt,completed,RCP-20260314-1239,,bacbc568-3cd6-4c59-a67b-69eeae4f29b2,00000000-0000-0000-0000-000000000000,2025-03-29 09:01:54,2025-03-29 09:01:54
7ae9e66d-a83a-4840-b344-2bd9de8da8f1,receipt,completed,RCP-20260314-1240,,ba1edf77-c875-4a71-97ac-64dff49767ab,00000000-0000-0000-0000-000000000000,2025-07-22 09:01:54,2025-07-22 09:01:54
0b11b8f9-2efc-416c-a46c-bf61ff03d537,delivery,completed,DLV-20260314-1237,cbf47f93-fc93-4a91-8bec-2a5db74eccb5,,00000000-0000-0000-0000-000000000000,2025-05-08 09:01:54,2025-05-08 09:01:54
700fc340-a408-4749-8391-ca03cbcdc6c5,receipt,completed,RCP-20260314-1241,,186b12a4-3fe7-4f0c-86d0-5c8edfb04535,00000000-0000-0000-0000-000000000000,2025-03-16 09:01:54,2025-03-16 09:01:54
8ffbc9ca-3641-4fcd-93ed-05d7fcc4efc4,transfer,confirmed,TRF-20260314-1002,cf739b2d-99cc-4ca6-b6f0-a37ad60eb7ba,240e4ffa-9db4-4804-a346-824c7b6b8225,00000000-0000-0000-0000-000000000000,2025-08-27 09:01:54,2025-08-27 09:01:54
c3aeeb08-f1c9-450b-84a6-73de2f84258d,transfer,draft,TRF-20260314-1003,681c9447-2b61-4aa7-af10-52aeb6cc4df0,475d16ce-d1df-473f-8d12-0b7064061eb5,00000000-0000-0000-0000-000000000000,2025-06-08 09:01:54,2025-06-08 09:01:54
3ecc4ff8-7366-4f4f-9826-6f47b51e812b,adjustment,completed,ADJ-20260314-0624,7bde0787-2c0d-4050-87f3-6caffa0468f2,,00000000-0000-0000-0000-000000000000,2025-09-26 09:01:54,2025-09-26 09:01:54
ec82d6ab-4824-4719-ac25-6f6374e281fc,delivery,draft,DLV-20260314-1238,3715564e-0f63-48cd-a915-390ea8436600,,00000000-0000-0000-0000-000000000000,2026-01-26 09:01:54,2026-01-26 09:01:54
7be1aa12-3462-466a-ac85-6d0cedc874ec,delivery,draft,DLV-20260314-1239,eeb29cf5-0800-4eea-85ee-478668049573,,00000000-0000-0000-0000-000000000000,2026-03-04 09:01:54,2026-03-04 09:01:54
ebff6f39-1db8-46cc-baed-b497048bd8bc,transfer,completed,TRF-20260314-1004,b8b268a8-62be-44df-a6ad-6017ceba450c,8ba1782d-5cde-4611-8e88-5eee3a0dddfe,00000000-0000-0000-0000-000000000000,2025-03-16 09:01:54,2025-03-16 09:01:54
bc676d15-8631-4462-b81f-f73f4f4f4a5b,receipt,completed,RCP-20260314-1242,,d432250b-3a20-445f-bb93-6ef12a6d71cb,00000000-0000-0000-0000-000000000000,2025-12-26 09:01:54,2025-12-26 09:01:54
af081d74-ba7f-4866-a222-741d74219e5c,delivery,draft,DLV-20260314-1240,8006c9e1-2098-405b-8278-6726acb5c0bb,,00000000-0000-0000-0000-000000000000,2025-11-14 09:01:54,2025-11-14 09:01:54
091acc0b-e0d9-4c13-9444-c19c23bfecb7,transfer,completed,TRF-20260314-1005,5c84cc4f-c7d2-420d-b383-c1a464a0b142,dbc9360d-78a2-4ede-9981-1883545cff53,00000000-0000-0000-0000-000000000000,2025-07-17 09:01:54,2025-07-17 09:01:54
e89280f6-2e76-4640-900c-b4f36ace6e6f,transfer,completed,TRF-20260314-1006,b2c7951a-dd34-4cef-8a59-10aaa15450ac,8de5fd26-00bc-481c-8ce9-a688a3e82e78,00000000-0000-0000-0000-000000000000,2026-02-23 09:01:54,2026-02-23 09:01:54
13d9e213-e331-4618-9f99-8faaad7fb57d,transfer,draft,TRF-20260314-1007,449e8c92-22b8-40df-99cc-d9d8da353c9b,3bc95d31-1af9-4948-877c-72bb923d6b92,00000000-0000-0000-0000-000000000000,2025-11-27 09:01:54,2025-11-27 09:01:54
0c3dedc1-8eb4-492c-ba70-6b29bbef35fb,adjustment,draft,ADJ-20260314-0625,09682fe1-2df5-4a1a-8475-e14d9dac1da6,,00000000-0000-0000-0000-000000000000,2025-12-04 09:01:54,2025-12-04 09:01:54
d75c72bc-1f81-4d8b-b200-6b7a73dfe1d6,delivery,completed,DLV-20260314-1241,9686e323-517e-497d-acea-80e7ec901650,,00000000-0000-0000-0000-000000000000,2025-11-28 09:01:54,2025-11-28 09:01:54
d2d8a7ee-04ba-4f8c-80fb-9485c2f89a52,delivery,completed,DLV-20260314-1242,da71e78e-7c73-4028-b072-ad65a891df9c,,00000000-0000-0000-0000-000000000000,2025-07-10 09:01:54,2025-07-10 09:01:54
9e8c4e59-d168-4ea5-8087-8db9a3c10a03,adjustment,completed,ADJ-20260314-0626,85b05227-273d-4b9a-b252-b83f8e5023be,,00000000-0000-0000-0000-000000000000,2025-10-13 09:01:54,2025-10-13 09:01:54
2997c1ea-59e0-4126-8ce5-a24b6738dddb,delivery,draft,DLV-20260314-1243,dab5c641-ce7c-4fb8-b50d-347d43b414b2,,00000000-0000-0000-0000-000000000000,2025-06-22 09:01:54,2025-06-22 09:01:54
03e5c65c-e261-4cfb-8259-36f90d2db682,delivery,draft,DLV-20260314-1244,c7217fbe-d52e-4b05-9a86-aef1c6f22115,,00000000-0000-0000-0000-000000000000,2026-02-18 09:01:54,2026-02-18 09:01:54
2786a34e-0b7c-4d41-97b3-6c3d5366c6c9,transfer,draft,TRF-20260314-1008,1708036e-a2fe-44e4-8153-00c26a8973a5,1569a76b-8c75-4eb2-83b6-7e0318f3960f,00000000-0000-0000-0000-000000000000,2025-08-24 09:01:54,2025-08-24 09:01:54
ce54f785-19cb-4f73-8959-207b1258ceea,transfer,completed,TRF-20260314-1009,1f46ebe2-4181-4581-ae73-672b7d8b41a3,2c6fe23b-df07-44ad-aff5-3adcfcc61481,00000000-0000-0000-0000-000000000000,2025-03-20 09:01:54,2025-03-20 09:01:54
6190155f-03a0-44cc-a740-ae0a314b2522,adjustment,completed,ADJ-20260314-0627,eebd0819-67d0-41ea-a687-f2b09233eafa,,00000000-0000-0000-0000-000000000000,2025-12-26 09:01:54,2025-12-26 09:01:54
00f22b97-9f26-4382-aa78-1c708a8b42f1,receipt,completed,RCP-20260314-1243,,b893c0a6-d686-4541-a3f4-fa046e36fe7f,00000000-0000-0000-0000-000000000000,2026-01-09 09:01:54,2026-01-09 09:01:54
d8593759-842b-46fd-8e0f-a0021d098bc0,transfer,draft,TRF-20260314-1010,a029acff-4813-431f-b8da-9285766b8eaa,90b5360d-f997-4c79-8dba-395bb022e8cc,00000000-0000-0000-0000-000000000000,2025-08-11 09:01:54,2025-08-11 09:01:54
30919a04-d9ae-4050-9492-7f5497e7c3ca,receipt,completed,RCP-20260314-1244,,c3eda7e8-24f3-4f0e-8714-a38e974b2e7f,00000000-0000-0000-0000-000000000000,2025-05-01 09:01:54,2025-05-01 09:01:54
9548a826-5fc7-46a2-94ea-824b115ef66c,transfer,confirmed,TRF-20260314-1011,28dea2a1-5995-4e48-893c-b98c33d0115e,5099f723-db7a-437a-af06-f24180b2e3f1,00000000-0000-0000-0000-000000000000,2025-12-06 09:01:54,2025-12-06 09:01:54
767be41d-f178-41fa-8fb8-e8cf916b8882,delivery,confirmed,DLV-20260314-1245,4696df2d-2bd7-4403-b178-8f82f1c4f2c0,,00000000-0000-0000-0000-000000000000,2025-11-19 09:01:54,2025-11-19 09:01:54
5892043b-7a6b-4003-bedd-9cb43e70ce5f,transfer,draft,TRF-20260314-1012,1dd596df-01ba-419c-86f4-404a411e607d,ab50a414-0639-426a-935c-111a58200b29,00000000-0000-0000-0000-000000000000,2025-12-31 09:01:54,2025-12-31 09:01:54
c756c159-c687-44f4-adac-f2c82bb4fbb8,adjustment,completed,ADJ-20260314-0628,c659dcad-dfd0-40cf-9511-f93c126542a9,,00000000-0000-0000-0000-000000000000,2025-12-02 09:01:54,2025-12-02 09:01:54
e80778b7-6545-427d-99dd-7cb8be276b99,adjustment,draft,ADJ-20260314-0629,f72411ad-ae3d-4d0f-90a2-9e3b9db272c4,,00000000-0000-0000-0000-000000000000,2025-11-17 09:01:54,2025-11-17 09:01:54
16f1cc41-384c-477e-ae29-1b423e8b5f02,adjustment,draft,ADJ-20260314-0630,ea79b352-d2d7-4317-b571-b8ef8418c450,,00000000-0000-0000-0000-000000000000,2025-12-30 09:01:54,2025-12-30 09:01:54
cf5368ef-066a-463b-ace6-cd095aa2d9ca,adjustment,completed,ADJ-20260314-0631,5b4cb7a3-4e13-4249-bfac-f3bdaca80654,,00000000-0000-0000-0000-000000000000,2025-05-25 09:01:54,2025-05-25 09:01:54
a9fbcfde-90cd-418c-b681-7d9cfea2d979,transfer,draft,TRF-20260314-1013,1c25ed55-6bf5-427a-9c53-7d16644a288e,c4b81bdb-22b7-484f-bc9b-42054a227289,00000000-0000-0000-0000-000000000000,2026-01-23 09:01:54,2026-01-23 09:01:54
c15d1a9e-96a2-4198-a7d0-3ce5805d63e5,delivery,draft,DLV-20260314-1246,6a465a2c-76da-4998-87ca-fea86e40ec7d,,00000000-0000-0000-0000-000000000000,2025-07-15 09:01:54,2025-07-15 09:01:54
0385289e-fe0b-4721-9746-c9d50c4a43b6,transfer,completed,TRF-20260314-1014,a3e1472f-ed16-4b0d-a0ae-e31c8b2c0f4d,e88ca7d5-8646-45cd-ad5b-e4449a8012bb,00000000-0000-0000-0000-000000000000,2025-04-27 09:01:54,2025-04-27 09:01:54
c09c8e20-05ba-46c1-863d-e779fb4a3d4d,receipt,draft,RCP-20260314-1245,,dfdc1dc0-6471-4a11-86d6-136901c7a110,00000000-0000-0000-0000-000000000000,2025-03-21 09:01:54,2025-03-21 09:01:54
05e0d0fe-89d1-4783-83cc-e6b42d0bf2b6,receipt,confirmed,RCP-20260314-1246,,f72411ad-ae3d-4d0f-90a2-9e3b9db272c4,00000000-0000-0000-0000-000000000000,2025-04-05 09:01:54,2025-04-05 09:01:54
5163bca8-8fce-4ba0-9738-658704fdefe6,transfer,completed,TRF-20260314-1015,ee336f94-8cb9-4762-8ca4-0db4778c4e5d,a7d0f168-bc91-40c0-bcd3-153e9e3df669,00000000-0000-0000-0000-000000000000,2025-05-06 09:01:54,2025-05-06 09:01:54
f8b89b94-cfe8-4be1-9097-7f1b800709c6,receipt,draft,RCP-20260314-1247,,fd4e822c-7581-40d6-9983-2826324d37de,00000000-0000-0000-0000-000000000000,2025-11-02 09:01:54,2025-11-02 09:01:54
9833053f-375d-4f8e-b9a6-b85d97d84374,adjustment,completed,ADJ-20260314-0632,dc490c46-40e4-4795-9b7f-abdb6bfc7219,,00000000-0000-0000-0000-000000000000,2025-09-19 09:01:54,2025-09-19 09:01:54
35da8d10-8943-4b0f-9255-b04bd2aa4cf6,receipt,completed,RCP-20260314-1248,,1fbdd8df-ab81-4524-af0c-8c11c2b421a9,00000000-0000-0000-0000-000000000000,2025-11-30 09:01:54,2025-11-30 09:01:54
e6960aaa-c865-4e49-b8fb-85b6fb58af88,transfer,completed,TRF-20260314-1016,5f5de119-2c4c-46ad-88f6-423ae0c38e54,1732f0ae-8871-4cb2-bc6d-772fb501a65c,00000000-0000-0000-0000-000000000000,2025-04-15 09:01:54,2025-04-15 09:01:54
dd8fbe15-95fe-49d7-95d3-880be0a0c5a9,receipt,draft,RCP-20260314-1249,,428a6c82-9c08-4ca4-b4e7-57a8d40aa10e,00000000-0000-0000-0000-000000000000,2025-05-15 09:01:54,2025-05-15 09:01:54
94735204-cf25-468c-8325-f1882b6a290d,receipt,completed,RCP-20260314-1250,,7a60994d-0bdc-46e3-aafc-5607a1a5179b,00000000-0000-0000-0000-000000000000,2025-11-10 09:01:54,2025-11-10 09:01:54
fa8e9940-51e6-4ae2-aeb9-b6eed0e717ec,transfer,completed,TRF-20260314-1017,594abf27-686d-4461-8103-127028b6abde,381c2c60-aee0-41be-988d-9a4d7600b6cc,00000000-0000-0000-0000-000000000000,2025-09-28 09:01:54,2025-09-28 09:01:54
818c17e5-f74f-44cc-bc80-e0496209f1c7,receipt,draft,RCP-20260314-1251,,467c6251-acec-4a95-95ec-8da9ce6b9d11,00000000-0000-0000-0000-000000000000,2025-10-09 09:01:54,2025-10-09 09:01:54
f617934b-828f-434e-9766-aa0e159d1692,transfer,draft,TRF-20260314-1018,3f4b83d3-be83-4015-ae56-8c79cbc2c8bf,715472af-6c67-42b8-a3bc-a4bc814ff1f7,00000000-0000-0000-0000-000000000000,2026-03-08 09:01:54,2026-03-08 09:01:54
a9f464f8-adb4-4ba2-bb80-4e03c13f8622,transfer,completed,TRF-20260314-1019,5692368f-c4e4-4683-82a8-c508fc25b35c,d1538a27-8751-4268-b00e-2bcc379ccffe,00000000-0000-0000-0000-000000000000,2025-09-24 09:01:54,2025-09-24 09:01:54
a17919a8-4c98-4641-a35c-d3891f7e43aa,receipt,completed,RCP-20260314-1252,,3c0caaa1-dbb8-48ee-bdb6-03f09ae29121,00000000-0000-0000-0000-000000000000,2025-04-20 09:01:54,2025-04-20 09:01:54
518126f7-8495-4212-8fa6-7800c3882e20,transfer,completed,TRF-20260314-1020,3edda5f8-741c-4430-a941-d803fc8a1973,402b0903-b87e-410b-8205-23cae9cf4b12,00000000-0000-0000-0000-000000000000,2025-05-15 09:01:54,2025-05-15 09:01:54
ae36b08a-a307-405c-818f-01d247ec9218,transfer,draft,TRF-20260314-1021,76875cac-492b-4aa8-8aec-bb8ea79404c3,82d8dd1b-f579-4856-abfd-6e226b58075b,00000000-0000-0000-0000-000000000000,2026-02-16 09:01:54,2026-02-16 09:01:54
5f09a978-343c-4bdf-8dc2-eefac891258d,receipt,completed,RCP-20260314-1253,,49f57e49-29a8-4e97-802a-d0b583888219,00000000-0000-0000-0000-000000000000,2025-10-25 09:01:54,2025-10-25 09:01:54
b82b3411-611e-40f1-9456-9f86035c01ec,receipt,draft,RCP-20260314-1254,,6600f682-ac4c-4566-8e3e-6ce8cca42b6f,00000000-0000-0000-0000-000000000000,2025-08-13 09:01:54,2025-08-13 09:01:54
4fe7ef6c-68d1-4085-8b6d-8eb00caddfca,delivery,completed,DLV-20260314-1247,16be0b82-a266-47ff-9d58-dbd87eaa5431,,00000000-0000-0000-0000-000000000000,2025-07-31 09:01:54,2025-07-31 09:01:54
cf6ad105-32dc-4773-9bd0-ae7b59c4b268,transfer,draft,TRF-20260314-1022,0b93961b-81c4-4c79-b74e-320b50945013,6959036f-c4e5-4132-bde3-75d82a51e295,00000000-0000-0000-0000-000000000000,2026-02-11 09:01:54,2026-02-11 09:01:54
2c89469e-3167-419d-9643-cda8ceb9663f,transfer,completed,TRF-20260314-1023,6bdc6cbf-10cd-4e86-ae2d-c437890a1cd6,def5da4c-4309-4c10-904a-0292372960c3,00000000-0000-0000-0000-000000000000,2025-09-28 09:01:54,2025-09-28 09:01:54
5d03cbd2-7c35-455a-a93c-8de9e0337f24,delivery,completed,DLV-20260314-1248,e74ebc3e-fbd0-4d47-a9ed-f08da9bc8cba,,00000000-0000-0000-0000-000000000000,2025-08-09 09:01:54,2025-08-09 09:01:54
46c68a5b-9232-484f-9050-d4865b8ea6c8,transfer,draft,TRF-20260314-1024,cace376f-669e-40f3-ba8d-43ce0d361556,195b783e-09ad-47f0-89b6-1d39e1ac6a2d,00000000-0000-0000-0000-000000000000,2026-02-18 09:01:54,2026-02-18 09:01:54
90f027fe-3e17-43d0-9d0f-3ac0811fc80e,delivery,completed,DLV-20260314-1249,a540640a-05ed-4e1f-909d-d34c20f2bfce,,00000000-0000-0000-0000-000000000000,2025-09-11 09:01:54,2025-09-11 09:01:54
7d67fd45-3a7d-4be3-8e2c-91f9c66f2e4d,transfer,draft,TRF-20260314-1025,8b297a62-1f8d-4c72-8c7f-4b4c08c4a6de,08069400-928a-4ad5-a36d-06050ba43b6c,00000000-0000-0000-0000-000000000000,2025-07-29 09:01:54,2025-07-29 09:01:54
5668e3a7-c523-4be9-bff3-de6c95778b48,receipt,draft,RCP-20260314-1255,,5d1c7bec-3460-4809-9f69-22409d925e31,00000000-0000-0000-0000-000000000000,2025-05-20 09:01:54,2025-05-20 09:01:54
d7b969ee-3297-41fb-abe3-ae8b77adb3ec,delivery,completed,DLV-20260314-1250,6752a7ea-39c1-4c51-ae08-3d22d597679d,,00000000-0000-0000-0000-000000000000,2025-07-22 09:01:54,2025-07-22 09:01:54
dbc01940-58e4-4daa-b0bc-a992b8574724,adjustment,completed,ADJ-20260314-0633,41a859a2-dc96-4229-8f7f-5ad34f5c4486,,00000000-0000-0000-0000-000000000000,2026-03-08 09:01:54,2026-03-08 09:01:54
3d999f2d-870b-4084-ae51-c444c9b2e336,transfer,completed,TRF-20260314-1026,1e224b2d-ef4e-4330-89d5-f30d95ce625d,5107827d-f3d5-4ecc-bacd-a8659e3c803a,00000000-0000-0000-0000-000000000000,2025-09-21 09:01:54,2025-09-21 09:01:54
94697f52-dbce-4da5-a026-07fc63981b1d,delivery,draft,DLV-20260314-1251,efcf958c-4560-4155-ba0a-b0dd9c6ab453,,00000000-0000-0000-0000-000000000000,2025-06-16 09:01:54,2025-06-16 09:01:54
99c301b3-d3cd-4b60-8def-ff689befa171,adjustment,confirmed,ADJ-20260314-0634,7e8eb5d2-a08e-4899-bee9-04581799ab68,,00000000-0000-0000-0000-000000000000,2025-05-25 09:01:54,2025-05-25 09:01:54
98378882-388d-479f-bb7a-c20146fa1162,receipt,draft,RCP-20260314-1256,,f8fd8556-dd3e-47d3-8a52-52afe8bdc240,00000000-0000-0000-0000-000000000000,2025-12-08 09:01:54,2025-12-08 09:01:54
09434974-3f25-43b8-abb6-7ae6827d6e23,receipt,draft,RCP-20260314-1257,,c6b44099-82a9-4f18-981b-5327436a95ae,00000000-0000-0000-0000-000000000000,2025-05-30 09:01:54,2025-05-30 09:01:54
8916c528-a056-4104-bc92-afed438f2dd6,transfer,completed,TRF-20260314-1027,cc111337-a63a-4bcb-b897-00c8a96dd86d,25a2ee16-5eb2-4e18-aedd-fe2b00752d9e,00000000-0000-0000-0000-000000000000,2025-09-12 09:01:54,2025-09-12 09:01:54
4f66b284-682a-46f7-af8b-eb70e5c8c9d7,delivery,completed,DLV-20260314-1252,fa02e98e-aebc-4ef1-a5e5-a1d91e3b9b9e,,00000000-0000-0000-0000-000000000000,2025-12-14 09:01:54,2025-12-14 09:01:54
313f6448-2629-4c75-9aab-6d5aab2d22dd,transfer,completed,TRF-20260314-1028,a979c2c1-8955-43cf-a415-a29170141a21,9c0f0a14-eecb-42a1-be2e-68c18a0b87dd,00000000-0000-0000-0000-000000000000,2026-01-27 09:01:54,2026-01-27 09:01:54
8554f91e-f366-4fce-92c4-97558647785c,receipt,completed,RCP-20260314-1258,,7976491f-d501-4ab0-89bc-359a3e785f2b,00000000-0000-0000-0000-000000000000,2025-11-09 09:01:54,2025-11-09 09:01:54
f4dd4399-fbd1-40a7-b222-783ac85e172e,receipt,completed,RCP-20260314-1259,,c1f3d573-e098-41dc-9545-8d026f9de913,00000000-0000-0000-0000-000000000000,2025-06-07 09:01:54,2025-06-07 09:01:54
c6b2d02c-f2a2-47e1-bdec-8372cb5f2ad2,delivery,completed,DLV-20260314-1253,d2bcd21c-6c4f-4c6a-b936-a02ab44e7e9f,,00000000-0000-0000-0000-000000000000,2025-07-23 09:01:54,2025-07-23 09:01:54
257dafb6-329f-4cc3-826e-9f1a41fa43d5,delivery,draft,DLV-20260314-1254,d1684529-8d2a-47da-84c4-12aa6dc291bd,,00000000-0000-0000-0000-000000000000,2025-04-21 09:01:54,2025-04-21 09:01:54
62748a1e-3c4f-4360-906a-fd32a5294249,delivery,completed,DLV-20260314-1255,f9271219-a5b0-404e-908e-e9103336e1c7,,00000000-0000-0000-0000-000000000000,2025-11-22 09:01:54,2025-11-22 09:01:54
7d68cc1b-09a8-49b8-a8d4-cd1cd115e92a,receipt,completed,RCP-20260314-1260,,db9f635b-3d42-42ef-830d-59c1257448e0,00000000-0000-0000-0000-000000000000,2025-08-30 09:01:54,2025-08-30 09:01:54
1119296c-dc07-4473-8e68-af5d6cb4b672,delivery,completed,DLV-20260314-1256,688d2c5e-044a-4953-b466-689c1179fbf1,,00000000-0000-0000-0000-000000000000,2025-08-31 09:01:54,2025-08-31 09:01:54
46e10c50-4362-4979-931c-0ae739349dba,adjustment,completed,ADJ-20260314-0635,05a9fb26-b884-4f7f-aa9a-159aa4156b94,,00000000-0000-0000-0000-000000000000,2025-07-23 09:01:54,2025-07-23 09:01:54
45a35164-89f3-45cb-a4b0-dda8e804e855,delivery,completed,DLV-20260314-1257,70a09dfb-89b8-429b-9c87-ebea7f55132b,,00000000-0000-0000-0000-000000000000,2025-03-16 09:01:54,2025-03-16 09:01:54
5b1065fe-f5a7-4ec9-9ada-9a709f7e592f,delivery,draft,DLV-20260314-1258,789c8c5e-da68-4716-8837-a3d068f45b7a,,00000000-0000-0000-0000-000000000000,2025-12-02 09:01:54,2025-12-02 09:01:54
f73413ad-98c9-4bb1-8dd7-5295c7316deb,delivery,completed,DLV-20260314-1259,c1f3d573-e098-41dc-9545-8d026f9de913,,00000000-0000-0000-0000-000000000000,2025-06-24 09:01:54,2025-06-24 09:01:54
df1d9302-c1cf-4be3-9f3e-915ad4129da7,transfer,completed,TRF-20260314-1029,764880ab-5727-4be9-a859-9fd9a6efcda5,4c882139-bf6e-4f7a-96de-f0019b3b51f0,00000000-0000-0000-0000-000000000000,2025-05-03 09:01:54,2025-05-03 09:01:54
0a3d08d7-1d50-4b8b-8dc8-9666f0e1af7b,delivery,completed,DLV-20260314-1260,1a34ed10-1233-4704-9e18-adec856c59c3,,00000000-0000-0000-0000-000000000000,2026-03-06 09:01:54,2026-03-06 09:01:54
0bf435aa-68b8-4e6f-a6c4-d3bf44d7f2aa,receipt,draft,RCP-20260314-1261,,d76f1da5-40f6-4ae3-9e3a-55d5893146d7,00000000-0000-0000-0000-000000000000,2025-03-26 09:01:54,2025-03-26 09:01:54
39dde0af-b783-48d3-8115-7f2956a7be52,receipt,completed,RCP-20260314-1262,,abd42b40-e29e-4346-9bc7-9ce7381c1382,00000000-0000-0000-0000-000000000000,2025-12-30 09:01:54,2025-12-30 09:01:54
f135cc63-263a-45f2-a315-a1b90ab2d320,transfer,confirmed,TRF-20260314-1030,8c3c7bda-ef7c-4eda-a596-ae11f2a8ec33,ff814e67-4210-423f-a921-da1678fc31b6,00000000-0000-0000-0000-000000000000,2026-02-20 09:01:54,2026-02-20 09:01:54
834d8b27-373c-4c73-8cff-f981de155782,delivery,completed,DLV-20260314-1261,ee65db68-e4d2-400e-835b-02a1026b732c,,00000000-0000-0000-0000-000000000000,2025-12-21 09:01:54,2025-12-21 09:01:54
7a98cf8e-8b27-4939-86c5-b22355854ce8,delivery,completed,DLV-20260314-1262,9b9529eb-131d-4b5c-8807-919d5ab559a6,,00000000-0000-0000-0000-000000000000,2025-08-07 09:01:54,2025-08-07 09:01:54
28a6e857-7e65-4144-936d-3141780f40ef,transfer,draft,TRF-20260314-1031,dfbb4091-670f-4e45-9fb0-01e63fd37af5,73991c44-e36e-4ffa-abb2-63ce3f29fa5c,00000000-0000-0000-0000-000000000000,2025-06-18 09:01:54,2025-06-18 09:01:54
b80858b6-7ff2-4424-8e85-86e87ca0036f,receipt,draft,RCP-20260314-1263,,5c296603-e368-4bbd-9043-2f3020f32271,00000000-0000-0000-0000-000000000000,2025-06-06 09:01:54,2025-06-06 09:01:54
fc6f9877-af31-4056-93ad-13d68bc5dc5b,transfer,confirmed,TRF-20260314-1032,dab6c5a6-0c89-4a3c-9cb9-f0d6e1536657,7f0bf967-6fa9-4aba-8bc6-c90c1672e122,00000000-0000-0000-0000-000000000000,2025-04-22 09:01:54,2025-04-22 09:01:54
2dd111b0-3829-45ce-8d86-ff09f1afa173,delivery,confirmed,DLV-20260314-1263,bfb3b8c7-8889-45e3-95ce-d4af5f6b8fd4,,00000000-0000-0000-0000-000000000000,2026-03-10 09:01:54,2026-03-10 09:01:54
8d2b8a11-a7fb-416d-ab54-0c0999e9ad56,transfer,completed,TRF-20260314-1033,ea79b352-d2d7-4317-b571-b8ef8418c450,ca07f2a2-b7fb-479c-b63e-19a28b3feafc,00000000-0000-0000-0000-000000000000,2025-05-31 09:01:54,2025-05-31 09:01:54
8e10fa07-99b0-4f0e-ae3e-98a333ead09e,adjustment,completed,ADJ-20260314-0636,f8482464-d21c-4334-ac3d-735b72370bfe,,00000000-0000-0000-0000-000000000000,2025-09-10 09:01:54,2025-09-10 09:01:54
9de256e9-fb9f-4ebf-8fb9-514cc1260a7a,adjustment,completed,ADJ-20260314-0637,3162bf6b-3701-4b2d-929e-0c74f1dc2f39,,00000000-0000-0000-0000-000000000000,2025-06-23 09:01:54,2025-06-23 09:01:54
8fb659c5-f37d-4062-a7b6-935b77a057dd,transfer,draft,TRF-20260314-1034,9e92f124-8576-4304-b2f0-ca6e7a02365d,9c22385e-c21e-4d3f-aade-2b2bf86b3eea,00000000-0000-0000-0000-000000000000,2025-10-13 09:01:54,2025-10-13 09:01:54
984dda6b-ef38-496a-b048-7041d8e355f6,receipt,draft,RCP-20260314-1264,,1dd596df-01ba-419c-86f4-404a411e607d,00000000-0000-0000-0000-000000000000,2026-01-09 09:01:54,2026-01-09 09:01:54
fb5b6290-ca66-47d8-a706-3165d5333a51,delivery,completed,DLV-20260314-1264,7f9fc42e-fe4a-4a30-ade9-2ec41101717a,,00000000-0000-0000-0000-000000000000,2026-03-14 09:01:54,2026-03-14 09:01:54
61e66251-1346-4e44-99fe-3744214666b6,transfer,completed,TRF-20260314-1035,5d0c9509-67f8-4e0c-a709-92c328b2bc12,96e86617-9062-4f6e-b6ef-31bf57a6b38d,00000000-0000-0000-0000-000000000000,2025-05-16 09:01:54,2025-05-16 09:01:54
88458da5-3d9a-40f6-a972-3c7e4d457be4,transfer,confirmed,TRF-20260314-1036,d2cf5ca6-5521-4f5c-abe0-de25dc8e4a00,b8812941-f330-422e-b5bf-875fab95c8bc,00000000-0000-0000-0000-000000000000,2025-09-06 09:01:54,2025-09-06 09:01:54
22a1b2c4-db21-49c1-9544-6da6d0f42c67,receipt,confirmed,RCP-20260314-1265,,f0523488-69c8-4cd9-9fa2-7dadcaa12410,00000000-0000-0000-0000-000000000000,2025-08-24 09:01:54,2025-08-24 09:01:54
2f24cf74-dcbb-481d-b649-a49524debfe4,receipt,completed,RCP-20260314-1266,,d9116775-900b-472d-82a6-75d2f56aea7f,00000000-0000-0000-0000-000000000000,2025-09-01 09:01:54,2025-09-01 09:01:54
49659360-019c-4016-8e3f-e87b7da50d30,receipt,draft,RCP-20260314-1267,,a2a0333e-cd5f-414e-8d20-ddbe8d3b1542,00000000-0000-0000-0000-000000000000,2025-03-24 09:01:54,2025-03-24 09:01:54
2f71e83c-43bd-411c-b3ca-abe692364ef5,delivery,completed,DLV-20260314-1265,a3b9a454-f46e-4b97-922c-8fb3c6313be0,,00000000-0000-0000-0000-000000000000,2025-08-23 09:01:54,2025-08-23 09:01:54
90ba08cb-f279-464c-816a-dcfabbceb285,adjustment,completed,ADJ-20260314-0638,9c971720-66d1-48ed-967a-b0082786c2b0,,00000000-0000-0000-0000-000000000000,2025-10-02 09:01:54,2025-10-02 09:01:54
f73ce760-2f34-40a7-8c89-679102832624,adjustment,completed,ADJ-20260314-0639,c65b55a9-990f-44ca-8b6e-931060c65f5f,,00000000-0000-0000-0000-000000000000,2025-07-24 09:01:54,2025-07-24 09:01:54
95cb85a0-cbc1-4d6d-bb1f-008d63134744,receipt,draft,RCP-20260314-1268,,39596ebf-4fe6-435a-9209-0277fb9ba2d1,00000000-0000-0000-0000-000000000000,2025-05-02 09:01:54,2025-05-02 09:01:54
95e0b34c-fe5b-41ab-b3a9-32b567378f4b,transfer,completed,TRF-20260314-1037,807001a6-1095-4d07-a349-89762b5f180a,4e729ead-6a96-4c60-a2b7-bd20fc53e02b,00000000-0000-0000-0000-000000000000,2026-03-07 09:01:54,2026-03-07 09:01:54
23989f4b-5c97-4e86-b02d-fb6f926551cb,delivery,completed,DLV-20260314-1266,074848d3-296c-458f-bb99-05a1417e2cd4,,00000000-0000-0000-0000-000000000000,2025-05-14 09:01:54,2025-05-14 09:01:54
21d31963-e6db-407f-b5b1-51bedede5e07,delivery,draft,DLV-20260314-1267,f5fe32db-e4d6-4f85-9fbe-e1f84d178d1c,,00000000-0000-0000-0000-000000000000,2025-04-19 09:01:54,2025-04-19 09:01:54
0e97040e-b1df-4fb2-bb63-8a9471698417,receipt,completed,RCP-20260314-1269,,fda9ace4-d2d9-41d4-aef2-5b0f90d8ea69,00000000-0000-0000-0000-000000000000,2025-09-05 09:01:54,2025-09-05 09:01:54
a75b0ddc-1fd8-45dc-b242-75cad944b4e1,adjustment,draft,ADJ-20260314-0640,2b756dc1-fdf9-4931-b510-f33f6133fd76,,00000000-0000-0000-0000-000000000000,2025-05-05 09:01:54,2025-05-05 09:01:54
0b83d7be-428d-4cf8-b09e-111c259f804c,receipt,completed,RCP-20260314-1270,,d56137c2-dd8f-4d0b-a635-dd7c00680bd7,00000000-0000-0000-0000-000000000000,2025-05-22 09:01:54,2025-05-22 09:01:54
10932856-3625-42c0-92b2-81ce2853b334,delivery,completed,DLV-20260314-1268,7292789f-f6fc-4ccb-8a43-70715ea2b871,,00000000-0000-0000-0000-000000000000,2025-04-28 09:01:54,2025-04-28 09:01:54
b3ec5016-b935-4303-8671-649373b83647,receipt,draft,RCP-20260314-1271,,65b6345b-a009-4b19-b250-3fdef0f1442e,00000000-0000-0000-0000-000000000000,2025-06-13 09:01:54,2025-06-13 09:01:54
aab8c9e2-406a-494f-adac-9c17cdfc6b55,delivery,completed,DLV-20260314-1269,5acbe827-ff4d-4ed3-a194-6c02b3062e96,,00000000-0000-0000-0000-000000000000,2025-09-27 09:01:54,2025-09-27 09:01:54
71b53c91-c4e5-44fb-9a7d-47a13623f027,receipt,completed,RCP-20260314-1272,,3573e394-3820-4d7c-ad86-f973cd4aa832,00000000-0000-0000-0000-000000000000,2025-12-05 09:01:54,2025-12-05 09:01:54
4ee96e05-7aa6-47ea-806b-89ddd1e27a0d,transfer,draft,TRF-20260314-1038,46a47607-645b-4f54-98ca-91139372d25b,fbbd819a-ecdd-4d05-a13d-509ba0090ab9,00000000-0000-0000-0000-000000000000,2025-12-16 09:01:54,2025-12-16 09:01:54
78e20d82-0e65-451c-92ad-bfb931efb93b,receipt,draft,RCP-20260314-1273,,ac27a618-c449-4dea-a8cd-a0b6c83a7204,00000000-0000-0000-0000-000000000000,2026-02-26 09:01:54,2026-02-26 09:01:54
ea5b3a16-6f96-419e-954d-c448fd502602,receipt,completed,RCP-20260314-1274,,8c33d04e-00cf-4df0-8548-5efb2dfe3109,00000000-0000-0000-0000-000000000000,2025-10-12 09:01:54,2025-10-12 09:01:54
3297fe6a-4705-4b09-99c3-f0f5f2aa36c1,delivery,completed,DLV-20260314-1270,a6961e4f-27ce-4184-a711-5606431be7ce,,00000000-0000-0000-0000-000000000000,2026-02-13 09:01:54,2026-02-13 09:01:54
600d289b-c1d6-4af3-82bf-941f0e9d8019,transfer,draft,TRF-20260314-1039,29c829e5-95e6-46e3-8829-39de32c1dc12,d35558d9-d9c7-49ae-b05d-69de06fa44e4,00000000-0000-0000-0000-000000000000,2025-05-11 09:01:54,2025-05-11 09:01:54
7d9d06fc-c8f5-4073-892e-692ba08c2fdd,adjustment,draft,ADJ-20260314-0641,b9a8790b-cbb0-4c82-adf5-27113200282e,,00000000-0000-0000-0000-000000000000,2025-08-01 09:01:54,2025-08-01 09:01:54
dbf2e4e7-ecaa-4da2-8f03-d454d11f97f7,transfer,completed,TRF-20260314-1040,6afc7e38-8cbd-47e4-ab55-df901c943eea,2dd41aaf-94e1-4990-8ec8-005f57418b9a,00000000-0000-0000-0000-000000000000,2025-05-29 09:01:54,2025-05-29 09:01:54
34630ff1-902a-48fb-a438-ab5ab537bfb5,transfer,completed,TRF-20260314-1041,7cade194-731a-4c78-b9b2-653a3ad5acbf,68f1ae75-1b2d-4668-b466-10c167de14fc,00000000-0000-0000-0000-000000000000,2025-07-12 09:01:54,2025-07-12 09:01:54
a7e9f785-dd67-407f-ac32-4c4e60aa975d,receipt,completed,RCP-20260314-1275,,5c8cb63d-9df1-4126-8ed3-41c523bc3a0a,00000000-0000-0000-0000-000000000000,2025-06-09 09:01:54,2025-06-09 09:01:54
78e42bb5-39d6-4dba-90b7-5675c45ccb15,receipt,draft,RCP-20260314-1276,,8595389c-58cc-4211-a6e6-c33d19261091,00000000-0000-0000-0000-000000000000,2025-05-22 09:01:54,2025-05-22 09:01:54
0dd44279-7b70-4879-a52c-eb059f49ac21,receipt,completed,RCP-20260314-1277,,ca3d93a8-be4e-4460-9efd-746812728220,00000000-0000-0000-0000-000000000000,2025-08-11 09:01:54,2025-08-11 09:01:54
53e1280f-4508-4e5a-ad57-437efd0bbe83,receipt,draft,RCP-20260314-1278,,c9cbec1b-206e-49c0-9eeb-2f50877d5948,00000000-0000-0000-0000-000000000000,2026-02-15 09:01:54,2026-02-15 09:01:54
0f132f0c-f980-4482-bc42-6c9804fb8da7,receipt,completed,RCP-20260314-1279,,b3456fa4-cd87-4ed8-92ac-0980544480f8,00000000-0000-0000-0000-000000000000,2025-07-07 09:01:54,2025-07-07 09:01:54
1a42fd9f-a51d-4534-b7d0-9a17e519cabc,delivery,completed,DLV-20260314-1271,64170370-6804-4f9b-9ac3-b17d7a7b7227,,00000000-0000-0000-0000-000000000000,2025-08-23 09:01:54,2025-08-23 09:01:54
d9be5711-119d-41ca-a62d-fe7c36ee6045,delivery,completed,DLV-20260314-1272,59de4535-e0df-4ed9-923c-5196afce04fe,,00000000-0000-0000-0000-000000000000,2025-09-02 09:01:54,2025-09-02 09:01:54
ae8cc2e8-23a8-41c0-9684-09b0171da1ef,delivery,completed,DLV-20260314-1273,ec2b3edd-c3c9-477d-8ce3-5a216bc90ab9,,00000000-0000-0000-0000-000000000000,2025-08-22 09:01:54,2025-08-22 09:01:54
9f54008f-d3a1-4e2c-8404-c4c328a6a6ad,transfer,confirmed,TRF-20260314-1042,1fc62d4f-1260-407a-86d0-9a11ac131784,f7488ad3-56dd-4c9a-808e-844c0f317449,00000000-0000-0000-0000-000000000000,2025-07-27 09:01:54,2025-07-27 09:01:54
9498fc83-2a68-4919-be5e-6b57d87e14f0,adjustment,completed,ADJ-20260314-0642,a84e89b0-cf27-4f13-a66c-a45200523521,,00000000-0000-0000-0000-000000000000,2025-11-05 09:01:54,2025-11-05 09:01:54
42675754-1d55-4b22-a992-5eb0cd51ffa0,receipt,completed,RCP-20260314-1280,,4d68535a-ebf6-4ea5-b0fd-446e70d90ec3,00000000-0000-0000-0000-000000000000,2026-02-27 09:01:54,2026-02-27 09:01:54
8f846e1b-9941-43ab-bfed-60d81e470825,delivery,draft,DLV-20260314-1274,fbdddf55-b651-4846-bd94-22ff012f76ac,,00000000-0000-0000-0000-000000000000,2025-04-29 09:01:54,2025-04-29 09:01:54
7a2d9c4d-2278-4637-9428-8331d26ccb65,receipt,completed,RCP-20260314-1281,,0dc2f376-8988-4720-8daa-b8ccc4f3cb2f,00000000-0000-0000-0000-000000000000,2025-09-23 09:01:54,2025-09-23 09:01:54
1e6f6999-d2b3-4d4f-b2dc-e3af00f18df6,transfer,completed,TRF-20260314-1043,5c8cb63d-9df1-4126-8ed3-41c523bc3a0a,14e19bc3-490d-4fbc-b1d5-08f1f6308979,00000000-0000-0000-0000-000000000000,2025-06-14 09:01:54,2025-06-14 09:01:54
7bd59979-949e-43ca-b96d-6f1be0ca0178,adjustment,confirmed,ADJ-20260314-0643,daf2d20e-ed16-44d3-9be4-36cc39c640df,,00000000-0000-0000-0000-000000000000,2025-09-06 09:01:54,2025-09-06 09:01:54
3db24050-e921-4f65-834f-6ac3cbbca5d5,transfer,confirmed,TRF-20260314-1044,93900744-f0ab-4fd0-9e9e-46852acfa013,99d69c83-483f-465c-b8e0-842ed5e909fa,00000000-0000-0000-0000-000000000000,2026-02-04 09:01:54,2026-02-04 09:01:54
44e0876e-63dc-4bbd-ae5f-d40a7b591ae6,transfer,completed,TRF-20260314-1045,e3058042-c3d2-45e8-a6a4-94de7a60b865,b745b452-57f2-4959-b49e-c582ba1c74a0,00000000-0000-0000-0000-000000000000,2026-02-12 09:01:54,2026-02-12 09:01:54
75b8e20b-9086-4870-aff3-1130bef554a0,delivery,completed,DLV-20260314-1275,e9b2ae49-b832-4fe7-8d7e-bd6575f394aa,,00000000-0000-0000-0000-000000000000,2025-03-24 09:01:54,2025-03-24 09:01:54
d8aa9ffe-d5fd-46c8-8c78-8d9f433c2a6b,transfer,completed,TRF-20260314-1046,16d3a37a-120b-4db4-a335-7c20c2b29abf,5a34d86f-487f-4364-a7f0-bb9785f72e38,00000000-0000-0000-0000-000000000000,2025-08-18 09:01:54,2025-08-18 09:01:54
1b36c297-8254-4fa0-80c2-9a3530bafde9,receipt,completed,RCP-20260314-1282,,6a37356b-8c82-4214-9e5e-13c8aa806838,00000000-0000-0000-0000-000000000000,2025-09-27 09:01:54,2025-09-27 09:01:54
6ce0ce03-c2d9-4135-9794-ef617068125c,transfer,completed,TRF-20260314-1047,5f8336e7-0460-47bf-be25-835eb3a2c2d8,f7892305-4c1b-4733-aac6-30b2c16998c3,00000000-0000-0000-0000-000000000000,2025-08-28 09:01:54,2025-08-28 09:01:54
bbc38d35-8594-42f0-8cb4-deb261fd7dda,receipt,draft,RCP-20260314-1283,,a5fa9e62-0afd-4a33-aa2a-c131578d6f4d,00000000-0000-0000-0000-000000000000,2025-08-24 09:01:54,2025-08-24 09:01:54
0ffbfcb5-fad4-4586-8eff-73b8756c7660,adjustment,completed,ADJ-20260314-0644,31782ecc-f05c-4f1d-99b9-955048ff3999,,00000000-0000-0000-0000-000000000000,2025-07-16 09:01:54,2025-07-16 09:01:54
e822b4ba-404c-4657-989b-fb4d1071bc1b,adjustment,completed,ADJ-20260314-0645,22b7abbe-9b38-4420-9d87-b697224a862f,,00000000-0000-0000-0000-000000000000,2025-03-22 09:01:54,2025-03-22 09:01:54
3aa175c3-1c6b-428c-82be-156e6b70da8b,receipt,completed,RCP-20260314-1284,,e3cd5726-bc31-4497-9548-bdc271dd5acd,00000000-0000-0000-0000-000000000000,2025-06-19 09:01:54,2025-06-19 09:01:54
51022e5b-5fd6-445f-a381-24384e25521e,receipt,draft,RCP-20260314-1285,,0355300f-8e4a-4db2-a072-09481a8676fb,00000000-0000-0000-0000-000000000000,2025-10-10 09:01:54,2025-10-10 09:01:54
74aebed7-0b30-45c4-a024-d7e769bc1ca3,transfer,draft,TRF-20260314-1048,207df1fc-59d0-49bc-9173-81cb2b11f9c6,1b7c0d14-e881-4faf-80d9-fa9b53bcd7ef,00000000-0000-0000-0000-000000000000,2025-08-12 09:01:54,2025-08-12 09:01:54
1a4ac1b6-34a9-4c38-9eb3-f3d83cf7d3f7,receipt,draft,RCP-20260314-1286,,074848d3-296c-458f-bb99-05a1417e2cd4,00000000-0000-0000-0000-000000000000,2025-06-30 09:01:54,2025-06-30 09:01:54
d7d8692d-d5c0-4fc7-9223-dd812441fea4,delivery,completed,DLV-20260314-1276,38903811-cfdf-4b19-84ac-fd3e851246aa,,00000000-0000-0000-0000-000000000000,2026-01-29 09:01:54,2026-01-29 09:01:54
45b86267-8ade-4c73-938b-29a8443a5714,receipt,draft,RCP-20260314-1287,,abaf3250-e7c0-4a8e-a871-2c083c891648,00000000-0000-0000-0000-000000000000,2026-03-09 09:01:54,2026-03-09 09:01:54
03f87ee4-02ea-46f5-a8b3-1ee314d6d37a,transfer,draft,TRF-20260314-1049,cc0ae2cc-fa7a-4e37-a240-3ad3cf189672,0179cc01-6997-48d4-b53e-11de60cb771d,00000000-0000-0000-0000-000000000000,2025-05-17 09:01:54,2025-05-17 09:01:54
c21450d8-f7ea-47b4-9102-8c1e69cff866,transfer,completed,TRF-20260314-1050,e70253e6-4655-474c-97ad-0f98df108237,394cc068-a3a9-4798-bdae-fc8611f967f2,00000000-0000-0000-0000-000000000000,2025-05-12 09:01:54,2025-05-12 09:01:54
e39e1f17-b799-446e-92c5-3ec49c1d16c3,delivery,draft,DLV-20260314-1277,e69aaef1-e11a-4e97-9d9a-de982ae89f79,,00000000-0000-0000-0000-000000000000,2025-05-14 09:01:54,2025-05-14 09:01:54
1cc84899-8c45-413e-ae1b-f7fa2e0e220f,delivery,completed,DLV-20260314-1278,c570fb9f-decc-45e7-9da5-f273c0c5f341,,00000000-0000-0000-0000-000000000000,2026-01-15 09:01:54,2026-01-15 09:01:54
0f61dc05-f7ea-4f7e-95dd-95db818582e8,receipt,draft,RCP-20260314-1288,,baada7d4-4dfc-466b-a9a2-2a8940125e80,00000000-0000-0000-0000-000000000000,2025-09-06 09:01:54,2025-09-06 09:01:54
e7954723-0cd0-4146-aea0-63c0dd0f076e,adjustment,draft,ADJ-20260314-0646,202a8ca9-7c9b-4a2e-851b-a26ba0bd9197,,00000000-0000-0000-0000-000000000000,2025-11-02 09:01:54,2025-11-02 09:01:54
cd10b01f-5067-43b9-bdf3-dedc1281edd9,delivery,completed,DLV-20260314-1279,4b60369f-99f4-4656-bfbb-24e5decd43cb,,00000000-0000-0000-0000-000000000000,2025-03-16 09:01:54,2025-03-16 09:01:54
a917d1dd-1e9f-4533-8cdc-0e78dd6ac2e6,transfer,draft,TRF-20260314-1051,a577179b-8d53-431b-9336-689c61fd3fee,1118d2a3-4250-4719-a708-ad008b20ebfa,00000000-0000-0000-0000-000000000000,2025-08-19 09:01:54,2025-08-19 09:01:54
524431b1-56de-4af4-905e-40c34ad5370c,transfer,completed,TRF-20260314-1052,1e6576ee-b48b-4e31-a66b-37ed4512f6ea,0743b78a-f4e0-45b4-b853-65501d63ea59,00000000-0000-0000-0000-000000000000,2026-03-10 09:01:54,2026-03-10 09:01:54
a222532b-e2ec-4315-b1f3-0b7879cd0510,receipt,completed,RCP-20260314-1289,,ee8ef0ec-76ae-412a-affc-e0aee57f6017,00000000-0000-0000-0000-000000000000,2025-11-09 09:01:54,2025-11-09 09:01:54
7c67161d-43a3-4342-8174-f0eb398b934a,receipt,completed,RCP-20260314-1290,,1eeb1e85-3189-400e-8420-9e494643044a,00000000-0000-0000-0000-000000000000,2025-12-05 09:01:54,2025-12-05 09:01:54
309edc75-2caa-4d67-b3bb-b9319f0bd98e,transfer,draft,TRF-20260314-1053,f7725103-57d8-4ab2-9e82-bbae49bc62ca,1b326280-9a16-4627-9e54-ef177de576e7,00000000-0000-0000-0000-000000000000,2025-11-23 09:01:54,2025-11-23 09:01:54
acdf3a5d-618a-4f62-9809-b18d8ab05339,transfer,completed,TRF-20260314-1054,b3caa294-945a-45fc-85e8-e341e7d45f36,95d6c96c-4aac-4ba9-9c2f-34127340c720,00000000-0000-0000-0000-000000000000,2025-10-13 09:01:54,2025-10-13 09:01:54
5a9c3289-6b7c-4b1f-8d74-a48f1bdf0e94,delivery,completed,DLV-20260314-1280,a04b5bae-6702-4dbb-b3a5-01a1bb148a34,,00000000-0000-0000-0000-000000000000,2026-01-29 09:01:54,2026-01-29 09:01:54
6a2a8563-b1d3-48a5-9085-162f697d1022,delivery,draft,DLV-20260314-1281,6450599d-e911-4544-968d-d4092bba0dbd,,00000000-0000-0000-0000-000000000000,2025-05-20 09:01:54,2025-05-20 09:01:54
1d54d6c3-c8d5-46f8-af0b-cd9d8c56e7c6,receipt,confirmed,RCP-20260314-1291,,a722957d-4a6b-4ea8-a06a-86e08ea86539,00000000-0000-0000-0000-000000000000,2025-04-14 09:01:54,2025-04-14 09:01:54
0fe2f5a6-3ff7-411d-a8e3-5881886805c5,transfer,draft,TRF-20260314-1055,14072e25-a162-4169-bda1-64205d2ce017,0dfd4d4a-1a39-4c55-a44d-d2ab346ad32b,00000000-0000-0000-0000-000000000000,2025-06-22 09:01:54,2025-06-22 09:01:54
1db3bbc7-3006-4ebb-ac4e-ac41d4f435bb,receipt,completed,RCP-20260314-1292,,ab760a8c-d98f-40e2-9326-ceeb26796c82,00000000-0000-0000-0000-000000000000,2025-10-01 09:01:54,2025-10-01 09:01:54
a7b9aa41-6ff7-4f21-9907-f445f71184e4,receipt,completed,RCP-20260314-1293,,04f4717a-7b8a-4014-a3e0-78f4febe587b,00000000-0000-0000-0000-000000000000,2025-12-02 09:01:54,2025-12-02 09:01:54
7cc71442-6cda-4cc4-9283-7909301940fb,transfer,confirmed,TRF-20260314-1056,9a938890-af73-44fc-ad6a-f52550cff5be,7b4304b2-7973-4915-b2f8-117da2c3ec54,00000000-0000-0000-0000-000000000000,2025-08-26 09:01:54,2025-08-26 09:01:54
e4258c7e-ca66-4b09-82ea-b00125f7f23a,transfer,completed,TRF-20260314-1057,2d43ddb8-683b-4012-98cd-ce896ca9153f,1cb90d9b-6eb9-4b7e-9a76-cdd8a3cf072f,00000000-0000-0000-0000-000000000000,2025-08-20 09:01:54,2025-08-20 09:01:54
eaa1e7e0-3653-4d5d-978b-e9c984ecc827,receipt,draft,RCP-20260314-1294,,5383e059-6c11-44e2-a8a4-9e0e7ff92aad,00000000-0000-0000-0000-000000000000,2025-09-27 09:01:54,2025-09-27 09:01:54
9eac1241-5513-4197-827d-c244f9b5fdbe,receipt,draft,RCP-20260314-1295,,c5ac930c-0883-4c50-ba0b-370e7261949c,00000000-0000-0000-0000-000000000000,2026-01-23 09:01:54,2026-01-23 09:01:54
7703087e-47d1-439e-9403-41aaeaacb435,delivery,completed,DLV-20260314-1282,382b9cb4-ec47-4cbc-bbff-bc67743e1d1a,,00000000-0000-0000-0000-000000000000,2025-04-26 09:01:54,2025-04-26 09:01:54
4c9f2e52-deac-4d0f-8d17-a5bb1f05fca5,receipt,completed,RCP-20260314-1296,,9c0f0a14-eecb-42a1-be2e-68c18a0b87dd,00000000-0000-0000-0000-000000000000,2025-09-18 09:01:54,2025-09-18 09:01:54
a60a6338-5d58-46b8-a65e-b97d425c4208,receipt,confirmed,RCP-20260314-1297,,6b98ce71-32df-4e71-8ab5-eb04598055c5,00000000-0000-0000-0000-000000000000,2025-05-20 09:01:54,2025-05-20 09:01:54
a5c8c348-62b1-4e89-8748-f0095eb188cf,transfer,draft,TRF-20260314-1058,9be7c0d0-00d0-4090-9220-34e87bad89bb,4f9e9aa4-5803-4282-8c40-e9a59cd7dae9,00000000-0000-0000-0000-000000000000,2025-05-12 09:01:54,2025-05-12 09:01:54
1eb4788a-2bb1-49e0-a730-2d8acde1de48,receipt,completed,RCP-20260314-1298,,11e2a324-9ee1-4dd1-be73-454dfb9742e0,00000000-0000-0000-0000-000000000000,2025-09-20 09:01:54,2025-09-20 09:01:54
3db05f27-779d-4cca-9ac1-bb17ebb5e36d,receipt,completed,RCP-20260314-1299,,be80a638-6e5c-46e3-aaa8-3d5220b77670,00000000-0000-0000-0000-000000000000,2025-11-19 09:01:54,2025-11-19 09:01:54
2c4db0d4-a680-4e4f-aea2-7d6ed5d77fb7,transfer,draft,TRF-20260314-1059,8d1bdb87-13ba-4db1-9afd-f6def9e5f849,c400deee-0718-4cbf-a152-ad85ae6ac2b6,00000000-0000-0000-0000-000000000000,2025-04-17 09:01:54,2025-04-17 09:01:54
8a175f62-5ad1-4d67-ab05-af82c17a38d8,delivery,draft,DLV-20260314-1283,9764bbdc-e4f8-4024-b4e4-3212130aaaba,,00000000-0000-0000-0000-000000000000,2025-07-22 09:01:54,2025-07-22 09:01:54
eff4868f-8893-42d6-b61f-6e041fba320c,delivery,completed,DLV-20260314-1284,5bedef65-d8a7-424f-ab18-a23a2a546863,,00000000-0000-0000-0000-000000000000,2025-04-18 09:01:54,2025-04-18 09:01:54
80e4584f-2364-4e09-a5e3-6aa5f72540c4,receipt,draft,RCP-20260314-1300,,460158d8-fd1a-4920-a9a7-ac4236fec2dd,00000000-0000-0000-0000-000000000000,2025-10-04 09:01:54,2025-10-04 09:01:54
78a19013-7e15-4ffb-97b1-315e6849bf25,receipt,completed,RCP-20260314-1301,,b43d2a3d-299a-4164-9a4b-018a1a27e11b,00000000-0000-0000-0000-000000000000,2025-09-13 09:01:54,2025-09-13 09:01:54
0a680cb1-0a03-4ff2-9ef1-b9342a3de1d5,adjustment,completed,ADJ-20260314-0647,e71f18b4-d018-436a-849e-7a612e593b1a,,00000000-0000-0000-0000-000000000000,2025-08-29 09:01:54,2025-08-29 09:01:54
30b1d7e8-da25-49a8-a067-fc25dacec5cb,delivery,draft,DLV-20260314-1285,4296078e-f5a1-4e99-8933-f1efe3547a15,,00000000-0000-0000-0000-000000000000,2025-09-04 09:01:54,2025-09-04 09:01:54
3bcf6152-7356-422b-9989-f9d894f5841b,receipt,completed,RCP-20260314-1302,,f06a028c-f7c2-4c84-99c9-378b9ae1238d,00000000-0000-0000-0000-000000000000,2026-01-07 09:01:54,2026-01-07 09:01:54
d2c5e5bd-6385-41b7-b843-034acca5df53,receipt,completed,RCP-20260314-1303,,c400deee-0718-4cbf-a152-ad85ae6ac2b6,00000000-0000-0000-0000-000000000000,2026-01-03 09:01:54,2026-01-03 09:01:54
b38c160e-f50f-4b01-b7b2-8015a6034c9f,receipt,completed,RCP-20260314-1304,,e3cabe7c-d1b3-42c0-b1af-e42028b48e6a,00000000-0000-0000-0000-000000000000,2025-04-01 09:01:54,2025-04-01 09:01:54
03c97b5f-1eb0-43b4-9f36-c8d5e13b2aa1,receipt,completed,RCP-20260314-1305,,e00cb9ff-7f1f-4396-a9fe-bf1b26d49340,00000000-0000-0000-0000-000000000000,2025-12-27 09:01:54,2025-12-27 09:01:54
683db452-4fe1-43a5-98e9-ca5dae59493c,adjustment,completed,ADJ-20260314-0648,a2012c02-f300-4ba6-8165-eedbdd2d252b,,00000000-0000-0000-0000-000000000000,2026-01-20 09:01:54,2026-01-20 09:01:54
67c5e5e4-5881-4dea-844e-8185977c95a9,adjustment,completed,ADJ-20260314-0649,8dbd8735-2d9c-4a6b-94fd-3337263e7ab5,,00000000-0000-0000-0000-000000000000,2025-09-08 09:01:54,2025-09-08 09:01:54
38de5022-5192-410d-a5e9-69a899048b69,receipt,confirmed,RCP-20260314-1306,,cd7ef352-dce8-47e9-8c0d-063ab5d32275,00000000-0000-0000-0000-000000000000,2025-04-09 09:01:54,2025-04-09 09:01:54
b4b4a025-857f-4451-ad01-87dc817e517f,transfer,completed,TRF-20260314-1060,d4e8ccdf-877c-4e0e-95b7-52c2f571bc00,b0dcbe9f-a441-4bd6-9690-7319b85b25b3,00000000-0000-0000-0000-000000000000,2025-03-30 09:01:54,2025-03-30 09:01:54
43a75320-5d96-4acf-ac58-4325500d8ccc,receipt,completed,RCP-20260314-1307,,6f5c4c37-b87b-4218-808b-6d871797aa1e,00000000-0000-0000-0000-000000000000,2025-10-13 09:01:54,2025-10-13 09:01:54
fd70a380-c014-459c-bab4-fbd843d66f5f,adjustment,completed,ADJ-20260314-0650,4296f5b0-85a3-49fa-9d7d-c6a4d297e0c0,,00000000-0000-0000-0000-000000000000,2025-08-08 09:01:54,2025-08-08 09:01:54
0661b942-08bc-4135-a1c6-c6e85b2ded7a,transfer,completed,TRF-20260314-1061,95c052bd-71fa-4f80-b235-4455b654e477,835ecd52-d2b5-452e-8d6f-94dad167e6c4,00000000-0000-0000-0000-000000000000,2026-02-23 09:01:54,2026-02-23 09:01:54
2aba98d4-ddc6-4657-bec0-f3b63e7041a7,transfer,confirmed,TRF-20260314-1062,f2c4b2ed-46ce-4e53-882c-be548ae37eac,3e60e46d-d286-48f2-be5c-37c261131297,00000000-0000-0000-0000-000000000000,2025-09-23 09:01:54,2025-09-23 09:01:54
726bd091-0787-4807-ae5b-96e3fd084d7b,transfer,confirmed,TRF-20260314-1063,f2e95b6f-5abc-47b0-9af3-2ba7ea6a2f67,95e60c3d-5cb0-4060-a4bf-48e0e84e6a94,00000000-0000-0000-0000-000000000000,2025-04-14 09:01:54,2025-04-14 09:01:54
867bde93-e417-472e-9822-73fdf2721af3,adjustment,completed,ADJ-20260314-0651,7f79570e-b38e-4154-b037-e3cf3b773dae,,00000000-0000-0000-0000-000000000000,2026-02-10 09:01:54,2026-02-10 09:01:54
37b4af10-64a6-4bad-9ed7-52de9a128ff3,transfer,completed,TRF-20260314-1064,729fe141-596d-46c3-a3ca-146671647903,9491277c-162a-488b-86d9-1402293b549e,00000000-0000-0000-0000-000000000000,2025-10-15 09:01:54,2025-10-15 09:01:54
b2cf1a8c-8747-499e-b91c-6f2379b2880d,transfer,completed,TRF-20260314-1065,2574f713-1d67-4d38-bd44-1d19918b5f50,189e9652-8131-40a3-af37-048f75f80c9a,00000000-0000-0000-0000-000000000000,2025-07-09 09:01:54,2025-07-09 09:01:54
a7f8c2e8-8d80-4ace-b56f-ba6816ad8522,receipt,completed,RCP-20260314-1308,,addf07a1-4c2a-433d-88d8-30f6aa732ca9,00000000-0000-0000-0000-000000000000,2025-08-15 09:01:54,2025-08-15 09:01:54
a36bebea-6a68-47b2-ae58-004fbacbfef6,receipt,completed,RCP-20260314-1309,,beafe3ab-34c1-4a75-99f1-d27e3e325830,00000000-0000-0000-0000-000000000000,2025-03-26 09:01:54,2025-03-26 09:01:54
03990d1a-c089-4104-9889-ba72f3f994d9,receipt,draft,RCP-20260314-1310,,6116449b-badd-4e89-b8e9-1f06c3f35019,00000000-0000-0000-0000-000000000000,2026-02-18 09:01:54,2026-02-18 09:01:54
b1a0e00a-4129-43dc-ac71-631ca9c31675,delivery,completed,DLV-20260314-1286,9b496431-ed7a-4b2c-ab84-d271d1193480,,00000000-0000-0000-0000-000000000000,2026-01-28 09:01:54,2026-01-28 09:01:54
7ae73465-2ec3-4d5a-9357-fb5af1285336,delivery,completed,DLV-20260314-1287,a3afbbd2-92dd-494b-946e-0c64fa761465,,00000000-0000-0000-0000-000000000000,2026-02-26 09:01:54,2026-02-26 09:01:54
bc28cf89-7721-44aa-bc35-8de194ee2173,transfer,draft,TRF-20260314-1066,96841a40-7aa9-4361-a22e-3e2e96b812de,08b99d6d-385e-4203-9a88-6808e8f4bf85,00000000-0000-0000-0000-000000000000,2025-10-29 09:01:54,2025-10-29 09:01:54
8c907a72-a924-4696-a7be-842e1311cdcd,receipt,draft,RCP-20260314-1311,,dab51139-154a-4cf7-a954-edfb5cd1b035,00000000-0000-0000-0000-000000000000,2025-12-13 09:01:54,2025-12-13 09:01:54
6ea23c2d-9856-47dd-ac60-df70b36f6d51,receipt,draft,RCP-20260314-1312,,01712eb6-1dbb-4fd8-a9ac-6a33be2718a1,00000000-0000-0000-0000-000000000000,2025-03-14 09:01:54,2025-03-14 09:01:54
0e2b5ed8-f641-4805-bc72-50039107eb69,transfer,draft,TRF-20260314-1067,f8683200-1fa3-4e50-845b-ca19f87fa737,7d13bcae-83c8-4144-89e2-d115c34ab4ac,00000000-0000-0000-0000-000000000000,2025-07-06 09:01:54,2025-07-06 09:01:54
9e02ca2c-41e6-44dd-9890-217abd5bff8d,transfer,completed,TRF-20260314-1068,1b94ce33-b753-476c-8209-415b7a164895,a098a7c5-3a64-492d-8923-faa9dd4f3742,00000000-0000-0000-0000-000000000000,2025-12-31 09:01:54,2025-12-31 09:01:54
23bd3d77-4c07-416c-bb63-f82f548afc43,receipt,draft,RCP-20260314-1313,,6ff3760f-088c-4202-967b-cebc4fb51438,00000000-0000-0000-0000-000000000000,2025-08-27 09:01:54,2025-08-27 09:01:54
08f0e1a4-b6d7-4e30-a3cd-228dd85c6272,delivery,draft,DLV-20260314-1288,4246159a-c5f1-472f-b645-8239e115cb66,,00000000-0000-0000-0000-000000000000,2025-09-09 09:01:54,2025-09-09 09:01:54
ae8fde74-e78d-489c-996a-51299dc15aa6,transfer,draft,TRF-20260314-1069,714a4687-7858-4f67-91ae-e865a3bb19dd,baece1dd-402b-4aa8-8370-9fb6d6b87fb3,00000000-0000-0000-0000-000000000000,2025-12-17 09:01:54,2025-12-17 09:01:54
0bf66678-587c-46ba-a077-0d67109691da,delivery,completed,DLV-20260314-1289,f76957ab-0027-453a-be5e-233a65f2ecc3,,00000000-0000-0000-0000-000000000000,2025-12-22 09:01:54,2025-12-22 09:01:54
f943ab12-a3a3-4080-a18d-1a7187986e99,receipt,draft,RCP-20260314-1314,,d0e8adf1-1e2f-450d-aa43-64b9b3a91f2d,00000000-0000-0000-0000-000000000000,2025-12-20 09:01:54,2025-12-20 09:01:54
5d9b7735-1bc2-4be5-a1e4-1d41ebabbbff,receipt,completed,RCP-20260314-1315,,20854d8f-20a8-45a6-99b5-af497fc04b98,00000000-0000-0000-0000-000000000000,2025-07-26 09:01:54,2025-07-26 09:01:54
600d391e-9247-4d18-b8dc-8a006d9c9307,adjustment,completed,ADJ-20260314-0652,a577179b-8d53-431b-9336-689c61fd3fee,,00000000-0000-0000-0000-000000000000,2025-10-01 09:01:54,2025-10-01 09:01:54
7896b964-43c8-4c6b-82eb-6808ec18d9d9,transfer,completed,TRF-20260314-1070,5c22aee4-c9e5-4190-8ecc-328980c9118e,17cf08f1-0a7b-41fb-98cd-780599671a2b,00000000-0000-0000-0000-000000000000,2025-12-15 09:01:54,2025-12-15 09:01:54
438491a7-2b48-4b74-a563-ad5c19fcb2d0,adjustment,completed,ADJ-20260314-0653,dc3dbe3c-c2ab-431e-8eb3-8f3b2feef3bf,,00000000-0000-0000-0000-000000000000,2025-09-29 09:01:54,2025-09-29 09:01:54
e3f53cf6-eba3-4964-b534-dc3d6355ffd6,delivery,completed,DLV-20260314-1290,33166933-1c43-4989-b77b-58709c0a84d1,,00000000-0000-0000-0000-000000000000,2025-12-04 09:01:54,2025-12-04 09:01:54
0839f2e6-207e-4bbf-8573-432af9151efc,adjustment,completed,ADJ-20260314-0654,e98a9b32-5164-4188-9f67-c89d3ef128d2,,00000000-0000-0000-0000-000000000000,2025-10-16 09:01:54,2025-10-16 09:01:54
f4dfd26d-e302-4789-8f04-92020d1f3742,transfer,draft,TRF-20260314-1071,31250bec-08a4-4643-8de4-7b4a27c16e6e,c732f64e-7717-49f5-9e3b-7ce4901ebfa7,00000000-0000-0000-0000-000000000000,2025-08-09 09:01:54,2025-08-09 09:01:54
acbe368b-b136-4d12-bae6-6234a79aa1d4,receipt,completed,RCP-20260314-1316,,f3728d3c-a883-4e89-b439-f22293a87ca5,00000000-0000-0000-0000-000000000000,2025-09-07 09:01:54,2025-09-07 09:01:54
8eca9894-71a8-426d-8122-993f2df7ed2d,transfer,confirmed,TRF-20260314-1072,a1dd8119-3430-4a83-80ac-8f6b4d934a3e,8a742ea4-5d63-429e-8aa6-d82423141e9f,00000000-0000-0000-0000-000000000000,2026-01-05 09:01:54,2026-01-05 09:01:54
be4384de-6a6c-4756-9dae-fff989fed40c,transfer,completed,TRF-20260314-1073,7d52903e-4253-4d64-aab9-b974ed5eecbb,c6b44099-82a9-4f18-981b-5327436a95ae,00000000-0000-0000-0000-000000000000,2025-10-12 09:01:54,2025-10-12 09:01:54
e3aa5e42-f7aa-4f4f-91d6-b81faf960e6c,receipt,completed,RCP-20260314-1317,,c1e1c53d-26f1-4a69-ab9b-0018a728e70c,00000000-0000-0000-0000-000000000000,2025-12-07 09:01:54,2025-12-07 09:01:54
397655fe-4f91-4148-844e-1642900e46cd,delivery,completed,DLV-20260314-1291,40b9dd4a-fe3e-4a22-b764-820f9f24920e,,00000000-0000-0000-0000-000000000000,2025-09-22 09:01:54,2025-09-22 09:01:54
767cad7f-ec50-437d-8b53-49885155d3cb,receipt,completed,RCP-20260314-1318,,3cf8af88-c59e-42d7-abd3-3c27ce26df31,00000000-0000-0000-0000-000000000000,2025-09-11 09:01:54,2025-09-11 09:01:54
080c37be-e383-4fa5-9bf3-a9f22468ea28,receipt,confirmed,RCP-20260314-1319,,b412353b-4ed6-41b9-a798-344b2e122da9,00000000-0000-0000-0000-000000000000,2025-07-15 09:01:54,2025-07-15 09:01:54
94372844-fa8c-4e48-8415-646802814812,transfer,completed,TRF-20260314-1074,29df2584-83d7-4405-aa8b-ceec6d94751c,efef60e6-680e-40e3-afc2-50927cf91a99,00000000-0000-0000-0000-000000000000,2025-08-04 09:01:54,2025-08-04 09:01:54
ec7755c6-1f35-492b-a79f-4894ab5144eb,receipt,draft,RCP-20260314-1320,,4e4a8392-b27e-45bb-84c7-ddd709011ef1,00000000-0000-0000-0000-000000000000,2025-12-10 09:01:54,2025-12-10 09:01:54
aef63e27-6ac5-43c8-89a4-e7cb494ad774,receipt,confirmed,RCP-20260314-1321,,0b724a7f-661b-4b0e-87eb-45e0544bb9b8,00000000-0000-0000-0000-000000000000,2026-02-14 09:01:54,2026-02-14 09:01:54
f6060205-4bd8-418a-8c91-86af7c59762b,receipt,draft,RCP-20260314-1322,,17b95dfb-e038-45f0-a442-13264f5c3612,00000000-0000-0000-0000-000000000000,2026-03-13 09:01:54,2026-03-13 09:01:54
f077a06c-c9c1-4744-8870-cd14647e67be,adjustment,confirmed,ADJ-20260314-0655,373f9e36-176e-4838-b517-470e8c537dbc,,00000000-0000-0000-0000-000000000000,2025-09-17 09:01:54,2025-09-17 09:01:54
6a04719e-74cf-4f58-a7ac-6a8e9698ec40,receipt,draft,RCP-20260314-1323,,8f0725ce-3d22-4efb-a101-11be70760ee9,00000000-0000-0000-0000-000000000000,2025-04-30 09:01:54,2025-04-30 09:01:54
12b40c40-8c2b-45f1-bc49-8cdab04579ec,transfer,completed,TRF-20260314-1075,dab5c641-ce7c-4fb8-b50d-347d43b414b2,88fc889f-29d9-4ca2-92fb-808317c71897,00000000-0000-0000-0000-000000000000,2026-02-19 09:01:54,2026-02-19 09:01:54
f01e2d41-46da-4fb6-9a5c-9eea6ab74193,receipt,draft,RCP-20260314-1324,,229aebef-2aff-43ee-940b-386cf2f9ba74,00000000-0000-0000-0000-000000000000,2025-04-19 09:01:54,2025-04-19 09:01:54
e0e3c6c5-db3c-4902-afca-8ffad3f6dfb8,delivery,draft,DLV-20260314-1292,8e245d8b-4264-4004-b523-df4aa891f020,,00000000-0000-0000-0000-000000000000,2025-09-30 09:01:54,2025-09-30 09:01:54
7a32e457-57c5-4371-93eb-edcd59c46acb,delivery,completed,DLV-20260314-1293,b7ebb45a-c512-4786-ad59-fd773cf633ab,,00000000-0000-0000-0000-000000000000,2025-11-11 09:01:54,2025-11-11 09:01:54
7742f51d-9111-4479-ab9d-080f9ab159a5,receipt,completed,RCP-20260314-1325,,cace376f-669e-40f3-ba8d-43ce0d361556,00000000-0000-0000-0000-000000000000,2025-05-23 09:01:54,2025-05-23 09:01:54
f1c9a3f7-524d-40b4-b76a-ba2fb9ecf709,adjustment,completed,ADJ-20260314-0656,e36dfdcd-279f-4cba-96ec-9c9753fc4700,,00000000-0000-0000-0000-000000000000,2025-04-08 09:01:54,2025-04-08 09:01:54
82fc4061-be73-409f-bcfc-d29ee71c6ad1,delivery,completed,DLV-20260314-1294,0d9c0e66-aae1-4594-a865-460899cd2a4b,,00000000-0000-0000-0000-000000000000,2025-04-26 09:01:54,2025-04-26 09:01:54
e9844cc0-14fb-4ae8-a6f2-a3e2f6063b10,adjustment,completed,ADJ-20260314-0657,c9cbec1b-206e-49c0-9eeb-2f50877d5948,,00000000-0000-0000-0000-000000000000,2025-10-31 09:01:54,2025-10-31 09:01:54
385557c7-5b21-4fb2-a378-1f1356d98798,delivery,confirmed,DLV-20260314-1295,cf2f7911-79b7-461d-8395-4de83b85470d,,00000000-0000-0000-0000-000000000000,2026-01-03 09:01:54,2026-01-03 09:01:54
ea04bc65-6e93-46ed-8574-c7a38828dca2,delivery,draft,DLV-20260314-1296,a3f80b6e-90f3-4391-a6cf-7bbcb19106a4,,00000000-0000-0000-0000-000000000000,2025-06-08 09:01:54,2025-06-08 09:01:54
a64b35d3-cb78-4406-9c29-8854dd29b46a,receipt,completed,RCP-20260314-1326,,73d2d425-4518-4493-bd4f-9f9d06da5f88,00000000-0000-0000-0000-000000000000,2025-07-12 09:01:54,2025-07-12 09:01:54
4ad860a7-0c3c-434c-afbd-f17dda55005e,receipt,draft,RCP-20260314-1327,,04ae0601-318f-4a2f-961f-b07c9b07ebb1,00000000-0000-0000-0000-000000000000,2025-11-19 09:01:54,2025-11-19 09:01:54
8b2e8348-140f-4db6-91b3-464c7682d51b,receipt,draft,RCP-20260314-1328,,0aa721b9-92a7-40f8-b9ea-c0c9025a039d,00000000-0000-0000-0000-000000000000,2025-09-05 09:01:54,2025-09-05 09:01:54
f08e6adc-35f8-4f6f-b6d9-c26fafe0053a,delivery,completed,DLV-20260314-1297,1cfa9364-a31b-47b1-8256-b70be99b4338,,00000000-0000-0000-0000-000000000000,2025-04-03 09:01:54,2025-04-03 09:01:54
11a25266-f657-4826-99ac-1394a8c5f7dd,receipt,draft,RCP-20260314-1329,,72620f8f-4250-4a57-a77e-584578313a35,00000000-0000-0000-0000-000000000000,2025-06-01 09:01:54,2025-06-01 09:01:54
dda1a13b-ad77-43a0-855c-707ca299d7d7,receipt,draft,RCP-20260314-1330,,a22c0915-b655-4489-be4e-797c548c1ccc,00000000-0000-0000-0000-000000000000,2026-03-11 09:01:54,2026-03-11 09:01:54
cbea5704-c0af-403e-aa61-d2e472a2b200,adjustment,draft,ADJ-20260314-0658,a1ce60ae-6c7e-4bb7-b2d5-28ba814127e4,,00000000-0000-0000-0000-000000000000,2025-06-09 09:01:54,2025-06-09 09:01:54
cf3bced5-da30-43c5-80eb-833d343130f4,delivery,completed,DLV-20260314-1298,f7f88446-9862-4e6e-9318-ce557d912102,,00000000-0000-0000-0000-000000000000,2025-05-01 09:01:54,2025-05-01 09:01:54
32e9703c-d67f-4769-83eb-1c9570dfe2b7,transfer,draft,TRF-20260314-1076,9c8d5878-7b33-42bd-b163-e6960a911bd5,5bd8d390-11e0-4acf-83ce-6f34aac52a58,00000000-0000-0000-0000-000000000000,2026-02-10 09:01:54,2026-02-10 09:01:54
8c7acc69-1fc7-4a6b-9438-007c1ea4aff7,delivery,draft,DLV-20260314-1299,b8812941-f330-422e-b5bf-875fab95c8bc,,00000000-0000-0000-0000-000000000000,2025-07-15 09:01:54,2025-07-15 09:01:54
4572e715-4630-49db-887d-2a1f292cfebb,delivery,completed,DLV-20260314-1300,4246159a-c5f1-472f-b645-8239e115cb66,,00000000-0000-0000-0000-000000000000,2025-10-18 09:01:54,2025-10-18 09:01:54
365712ab-0b5b-4573-8d7e-ab8bb78c157c,transfer,completed,TRF-20260314-1077,7b6591f3-6fcc-491d-a041-22d2f79fab39,fbc931c9-1ffb-4bf0-9b33-4071f1789953,00000000-0000-0000-0000-000000000000,2025-08-25 09:01:54,2025-08-25 09:01:54
d9a5a51d-5e1e-4011-b584-352caeef785c,transfer,completed,TRF-20260314-1078,b0e4fc68-4f65-4f9c-b252-38f6c82f51a7,fccfdf04-4cd7-40c5-aa80-4605c9080615,00000000-0000-0000-0000-000000000000,2025-06-25 09:01:54,2025-06-25 09:01:54
8a75229d-efff-4d24-a14b-58b1e493ab5f,receipt,completed,RCP-20260314-1331,,5faa085c-9a12-4ce0-b437-16b6ceeca3a3,00000000-0000-0000-0000-000000000000,2025-07-04 09:01:54,2025-07-04 09:01:54
2548e003-276b-42dd-b8f3-de4ef571306a,delivery,completed,DLV-20260314-1301,c4b81bdb-22b7-484f-bc9b-42054a227289,,00000000-0000-0000-0000-000000000000,2025-11-06 09:01:54,2025-11-06 09:01:54
832959da-f37b-41b3-89e7-c088a6e29f7e,delivery,completed,DLV-20260314-1302,7480a5c8-86a7-46b7-b877-e6189da95152,,00000000-0000-0000-0000-000000000000,2025-12-23 09:01:54,2025-12-23 09:01:54
f2870480-97f9-44b7-a45b-df2c2ae826ea,receipt,draft,RCP-20260314-1332,,33fc5b43-be5a-4cf2-9659-bc645c7f6648,00000000-0000-0000-0000-000000000000,2025-08-23 09:01:54,2025-08-23 09:01:54
1bc9559d-ccf5-4e37-b6f0-7e19d509f340,receipt,confirmed,RCP-20260314-1333,,4048110a-5b56-4c6d-95bb-31938340ddd4,00000000-0000-0000-0000-000000000000,2025-06-23 09:01:54,2025-06-23 09:01:54
c2502ffb-3c7d-4756-9e73-f7f11e826e6c,transfer,completed,TRF-20260314-1079,dcbf8b00-5f1e-40ef-a799-397e717af1cf,1a3f70ce-968d-4f35-a409-c74fb0c3d4cd,00000000-0000-0000-0000-000000000000,2025-12-12 09:01:54,2025-12-12 09:01:54
e0b19c5e-596c-4676-a6b1-6b9f2f5828fd,adjustment,draft,ADJ-20260314-0659,eb841f65-a5e2-431e-920d-388ae4df6ad2,,00000000-0000-0000-0000-000000000000,2025-05-21 09:01:54,2025-05-21 09:01:54
082741a6-dde4-4224-a9e3-61c4f3f99a84,adjustment,draft,ADJ-20260314-0660,65c6f611-1d60-4e5b-acb3-93b9d3f3406d,,00000000-0000-0000-0000-000000000000,2025-07-26 09:01:54,2025-07-26 09:01:54
04138815-2200-443d-9eeb-2514b1d480e1,transfer,confirmed,TRF-20260314-1080,69995b30-16b0-4471-838d-58913e6c4655,c6b44099-82a9-4f18-981b-5327436a95ae,00000000-0000-0000-0000-000000000000,2025-05-28 09:01:54,2025-05-28 09:01:54
003f2881-3ee5-48e2-bfef-c4e529fe5258,delivery,draft,DLV-20260314-1303,9d23c1fd-bef9-4cc0-ab41-b04cdd3784f4,,00000000-0000-0000-0000-000000000000,2025-12-06 09:01:54,2025-12-06 09:01:54
61a8367c-df6c-4954-937e-7893fdec38f7,receipt,draft,RCP-20260314-1334,,c9c0f847-2fbb-4c42-a205-cb08786d50be,00000000-0000-0000-0000-000000000000,2026-02-07 09:01:54,2026-02-07 09:01:54
d7de0345-6519-4fdd-b0ff-022f70c87fe3,delivery,completed,DLV-20260314-1304,c9d34f5b-a6db-4415-a823-f1d15cb75bed,,00000000-0000-0000-0000-000000000000,2025-11-13 09:01:54,2025-11-13 09:01:54
c5c0a26c-a140-4927-9938-e1636804a385,transfer,completed,TRF-20260314-1081,47c485a6-5751-412c-a271-4afc315db78a,7d0e790f-e680-48dd-b83a-f1dbc2128eef,00000000-0000-0000-0000-000000000000,2025-12-01 09:01:54,2025-12-01 09:01:54
ec2f43f4-65a5-45f1-aa90-d6177fc2659f,adjustment,draft,ADJ-20260314-0661,0385f668-52c9-4563-b407-7c3e8d9ffbf1,,00000000-0000-0000-0000-000000000000,2025-08-01 09:01:54,2025-08-01 09:01:54
8b65b0b8-09da-4519-b404-c81cb34fb27b,receipt,draft,RCP-20260314-1335,,c9d2b6b5-6c40-47be-a6df-47f5812d6000,00000000-0000-0000-0000-000000000000,2025-07-12 09:01:54,2025-07-12 09:01:54
672d1f41-2a51-4583-a6bd-fba67832df8e,receipt,completed,RCP-20260314-1336,,e69aeca3-7806-4b95-8a64-94a53f7caf3c,00000000-0000-0000-0000-000000000000,2025-07-22 09:01:54,2025-07-22 09:01:54
23bbf113-ce5b-4eab-bd9d-a706e311cc29,receipt,confirmed,RCP-20260314-1337,,5d4c2dc3-2491-4c4d-aec3-3af7cf3c9913,00000000-0000-0000-0000-000000000000,2025-12-09 09:01:54,2025-12-09 09:01:54
9982f7ed-4c3d-45ca-8749-bd429c52d22f,receipt,completed,RCP-20260314-1338,,a0202028-02da-436a-86eb-3aa6a3c1fbc5,00000000-0000-0000-0000-000000000000,2025-12-09 09:01:54,2025-12-09 09:01:54
10130ae8-ab3a-4ab4-bd82-aec12bc7d648,transfer,draft,TRF-20260314-1082,c3886b1d-2b17-456e-8e21-c8ede83f3a28,e9094d7c-96f6-4277-99dc-68964dd540ab,00000000-0000-0000-0000-000000000000,2025-07-29 09:01:54,2025-07-29 09:01:54
8b811672-35d0-412e-b578-febefcc360bf,receipt,completed,RCP-20260314-1339,,edb80f22-c87d-4226-9607-b508dcbf7d35,00000000-0000-0000-0000-000000000000,2026-01-06 09:01:54,2026-01-06 09:01:54
5639d4c5-2ec9-4a41-bcb3-4c53d861d185,receipt,completed,RCP-20260314-1340,,97830c5a-2dbe-4688-9b1d-566a6474406c,00000000-0000-0000-0000-000000000000,2025-03-21 09:01:54,2025-03-21 09:01:54
c1822c56-cd6f-4c1d-88d6-b6a31a74814d,adjustment,draft,ADJ-20260314-0662,1c45630d-8ac7-4d11-9482-8c75852bb655,,00000000-0000-0000-0000-000000000000,2025-12-12 09:01:54,2025-12-12 09:01:54
2d4c47fa-aed9-4f70-8c9a-d16a1088cafb,receipt,completed,RCP-20260314-1341,,692ccc91-9839-4f22-83b0-c9e76d6182a7,00000000-0000-0000-0000-000000000000,2025-10-23 09:01:54,2025-10-23 09:01:54
f2b97bcc-fb80-4a7e-a672-e6c37637d8a0,delivery,completed,DLV-20260314-1305,22bf7aa5-62bf-4989-b8f9-2ea9d2ae75a9,,00000000-0000-0000-0000-000000000000,2026-03-09 09:01:54,2026-03-09 09:01:54
94d08143-7766-4c9b-8364-3e2075bb3dd1,delivery,completed,DLV-20260314-1306,8fd76289-88b6-48cb-a6fd-060870bcf2e0,,00000000-0000-0000-0000-000000000000,2025-07-03 09:01:54,2025-07-03 09:01:54
ee4b3750-0802-4ed1-ad3a-dd9e0548f6ee,transfer,completed,TRF-20260314-1083,3ce570f8-668c-48b2-9f9e-4f0eb0cb955a,983ae703-e5d6-4dce-8947-d6b342b0d1df,00000000-0000-0000-0000-000000000000,2026-01-21 09:01:54,2026-01-21 09:01:54
0ae8dc51-a272-4c47-b216-6a49e4854845,transfer,completed,TRF-20260314-1084,bde1f8a7-fdde-4160-a716-fcd52a1a57d2,b35c05c4-fd01-4e30-a824-feeb551b4833,00000000-0000-0000-0000-000000000000,2025-11-30 09:01:54,2025-11-30 09:01:54
046aa02a-50b2-4104-8e23-c437a77ae312,receipt,completed,RCP-20260314-1342,,0fa83180-aa9b-4b94-a6f9-5223da1711b0,00000000-0000-0000-0000-000000000000,2026-01-11 09:01:54,2026-01-11 09:01:54
b7979ebc-2d12-4f80-90b2-06a66be14fc1,delivery,draft,DLV-20260314-1307,1c5574d9-3695-40ae-9f60-bd9440251eff,,00000000-0000-0000-0000-000000000000,2026-01-25 09:01:54,2026-01-25 09:01:54
7b283f78-9e89-4d01-b3b0-adb106327977,receipt,completed,RCP-20260314-1343,,8d8854d4-3e06-4562-b6a2-56e3e8911e69,00000000-0000-0000-0000-000000000000,2025-03-17 09:01:54,2025-03-17 09:01:54
ef60339c-450e-475c-ba18-4f8acc793706,delivery,completed,DLV-20260314-1308,8d1bdb87-13ba-4db1-9afd-f6def9e5f849,,00000000-0000-0000-0000-000000000000,2025-04-02 09:01:54,2025-04-02 09:01:54
4c7fea28-238b-40de-afec-e54c4571e797,receipt,completed,RCP-20260314-1344,,4b36d5db-9c92-4be8-83b2-7df273504db6,00000000-0000-0000-0000-000000000000,2025-04-07 09:01:54,2025-04-07 09:01:54
e57c9d22-d0d2-4804-9365-0ba7bc36c933,delivery,draft,DLV-20260314-1309,10dc8e9f-8b73-4411-b6bd-6926fdf40b28,,00000000-0000-0000-0000-000000000000,2025-04-25 09:01:54,2025-04-25 09:01:54
8dfcfc3d-fee2-4a76-9355-455a272ce92a,receipt,completed,RCP-20260314-1345,,6b5783c5-7dac-4f71-979f-84dd736ad10e,00000000-0000-0000-0000-000000000000,2026-02-28 09:01:54,2026-02-28 09:01:54
a367bc2d-c451-425c-a7f1-6813a8e21a7f,delivery,completed,DLV-20260314-1310,ae11016f-c85a-4a39-bb87-f53c9dd14cb5,,00000000-0000-0000-0000-000000000000,2025-06-16 09:01:54,2025-06-16 09:01:54
de82d608-cbaa-4265-9885-90da9a29b1f5,adjustment,completed,ADJ-20260314-0663,6a465a2c-76da-4998-87ca-fea86e40ec7d,,00000000-0000-0000-0000-000000000000,2025-08-07 09:01:54,2025-08-07 09:01:54
8534a278-6ce8-4298-b86d-8fd382edd810,transfer,completed,TRF-20260314-1085,a97005ea-82ce-4513-90c0-260bc453865f,4c641530-8998-4278-8fb0-e6b09f224e18,00000000-0000-0000-0000-000000000000,2025-06-03 09:01:54,2025-06-03 09:01:54
a38f1ca4-be08-4e21-89e1-c8dcf0738c0f,adjustment,completed,ADJ-20260314-0664,89121bea-c767-4e33-81de-49808ae50039,,00000000-0000-0000-0000-000000000000,2026-03-08 09:01:54,2026-03-08 09:01:54
336547a1-fc5d-431f-b277-2023dcf51b22,delivery,completed,DLV-20260314-1311,f4191158-611a-4bea-b6d2-ade427102530,,00000000-0000-0000-0000-000000000000,2025-11-19 09:01:54,2025-11-19 09:01:54
33fd50ed-712f-461f-8d7d-d48af1132794,delivery,completed,DLV-20260314-1312,e4b94c99-72f3-48b9-b060-c79aaa60ade7,,00000000-0000-0000-0000-000000000000,2026-02-06 09:01:54,2026-02-06 09:01:54
31596701-df37-4854-b71a-abbdbba750c2,delivery,draft,DLV-20260314-1313,02dbbc72-566d-4d22-964d-07f4c0417297,,00000000-0000-0000-0000-000000000000,2025-10-26 09:01:54,2025-10-26 09:01:54
58628369-87b1-4afd-b8d6-0b3f03823c3c,receipt,draft,RCP-20260314-1346,,ba808a10-6f68-47e2-8c2d-bd85c911247a,00000000-0000-0000-0000-000000000000,2025-12-14 09:01:54,2025-12-14 09:01:54
e1beca92-66a6-4dc1-806f-1047ae2ffc60,transfer,draft,TRF-20260314-1086,17b95dfb-e038-45f0-a442-13264f5c3612,9d451191-f8cb-4c6f-a7c7-9b9702654422,00000000-0000-0000-0000-000000000000,2026-02-08 09:01:54,2026-02-08 09:01:54
9c0e534c-6675-49af-a9a5-1182fe8ea01d,transfer,completed,TRF-20260314-1087,5c935f2d-1c67-48ae-8fbb-64a70ad13a5a,20cd8a31-2864-4bac-b75f-95ee0135df27,00000000-0000-0000-0000-000000000000,2025-03-25 09:01:54,2025-03-25 09:01:54
fc76636a-3598-4b20-b1ed-a8b6a43558c6,delivery,draft,DLV-20260314-1314,d41887ad-811f-48a5-b254-7c8d1ffab4db,,00000000-0000-0000-0000-000000000000,2025-11-15 09:01:54,2025-11-15 09:01:54
0df27742-57e7-4855-9637-25514016be27,receipt,draft,RCP-20260314-1347,,28fb0122-1c40-4df0-ba6a-0919143624fc,00000000-0000-0000-0000-000000000000,2025-12-19 09:01:54,2025-12-19 09:01:54
34abdd03-8a0f-4e23-81b2-545e240756db,receipt,draft,RCP-20260314-1348,,12222662-f420-46bb-8bcc-7696a2fba6a6,00000000-0000-0000-0000-000000000000,2025-10-05 09:01:54,2025-10-05 09:01:54
fac1a600-8393-455a-ad94-1ba348fb1817,receipt,completed,RCP-20260314-1349,,e1af5d88-a2c6-480a-b1d8-3b6ffafce169,00000000-0000-0000-0000-000000000000,2025-06-18 09:01:54,2025-06-18 09:01:54
7d1eca08-c2aa-43bf-b106-629c4a112e1c,transfer,confirmed,TRF-20260314-1088,959063ba-b9ce-448f-90c2-704ff76ea01c,e0f438f6-5715-447b-8ea9-59cebb779f01,00000000-0000-0000-0000-000000000000,2026-02-22 09:01:54,2026-02-22 09:01:54
2ff822bb-3fe5-440d-b187-f81d2c3d786e,receipt,draft,RCP-20260314-1350,,f45d19ce-648d-46ff-a7d4-d6f06c724dce,00000000-0000-0000-0000-000000000000,2025-08-26 09:01:54,2025-08-26 09:01:54
7fee86bc-70f8-41b8-b9ca-8eaa18dba241,adjustment,completed,ADJ-20260314-0665,456278db-e58a-4cc7-b2fc-541135b8ac40,,00000000-0000-0000-0000-000000000000,2025-07-13 09:01:54,2025-07-13 09:01:54
c02cab5e-8760-4b27-8dcc-f442fd860d5a,transfer,completed,TRF-20260314-1089,0f1ac91c-fba0-4dea-ba47-8fc72d3ac2b2,6ecb7fa3-f5c1-4607-b620-8e564fb296f0,00000000-0000-0000-0000-000000000000,2025-08-22 09:01:54,2025-08-22 09:01:54
2bf929f4-492f-4db9-b110-ff5e18c0eb5d,delivery,completed,DLV-20260314-1315,fce22610-3e2e-40ba-9cc0-bf7a90191c0d,,00000000-0000-0000-0000-000000000000,2025-11-11 09:01:54,2025-11-11 09:01:54
55f65711-31ff-4904-9cb1-c76a904bd1a7,adjustment,completed,ADJ-20260314-0666,361a9bd5-8958-49da-ac41-ebf816c54c62,,00000000-0000-0000-0000-000000000000,2026-01-08 09:01:54,2026-01-08 09:01:54
2205c5e3-418a-426e-935b-ed89ffc8d51e,receipt,completed,RCP-20260314-1351,,c55cc4a4-e2cd-44bd-8c46-12322b97d352,00000000-0000-0000-0000-000000000000,2025-07-01 09:01:54,2025-07-01 09:01:54
e4b5f6ef-bafc-4dc6-8aca-5a847dc1bec9,transfer,draft,TRF-20260314-1090,02533714-314c-4bba-bd21-d935f3511f02,693b4954-eb73-4329-834f-35b7e359b90e,00000000-0000-0000-0000-000000000000,2025-04-20 09:01:54,2025-04-20 09:01:54
11ae5570-123e-4b0a-a4d4-4e7aba8cffc7,delivery,draft,DLV-20260314-1316,42ae37d8-226a-4acd-97b8-4b57f2980ee9,,00000000-0000-0000-0000-000000000000,2026-02-08 09:01:54,2026-02-08 09:01:54
3f3cd279-f193-40a8-927f-46ddf8aafe7e,receipt,completed,RCP-20260314-1352,,594fdbeb-d93e-464f-813d-796ec3d5119a,00000000-0000-0000-0000-000000000000,2025-12-02 09:01:54,2025-12-02 09:01:54
9d9172b1-b96c-414a-bef6-491db340089b,transfer,draft,TRF-20260314-1091,032d2372-29d1-4f04-a010-cec1c96b2463,da34f16f-493a-42f3-b111-30d567ea70f5,00000000-0000-0000-0000-000000000000,2026-03-13 09:01:54,2026-03-13 09:01:54
b20f1a45-9e64-4323-8f5c-ffb909064996,transfer,completed,TRF-20260314-1092,065e4fae-e7ff-4a8c-979c-b572950ef932,2ed80140-498e-42dd-aa52-dec2f5e7024b,00000000-0000-0000-0000-000000000000,2025-12-23 09:01:54,2025-12-23 09:01:54
5c423113-7980-4b1b-9e29-34d03fc613e1,transfer,draft,TRF-20260314-1093,d7561507-9c89-4f87-81a2-49ca27fce28c,a4c65cda-f039-46f6-9c5a-f2900195079c,00000000-0000-0000-0000-000000000000,2025-03-20 09:01:54,2025-03-20 09:01:54
83354244-fa56-4ff9-9293-3f7a8ecdcb89,delivery,completed,DLV-20260314-1317,0d530dbe-4407-45cc-b952-9ba5ae56647a,,00000000-0000-0000-0000-000000000000,2026-02-16 09:01:54,2026-02-16 09:01:54
4110f609-ecf2-4dc9-af2e-e84cce67bbfd,delivery,draft,DLV-20260314-1318,6d808446-41d5-400f-a31c-a17a47879004,,00000000-0000-0000-0000-000000000000,2025-03-24 09:01:54,2025-03-24 09:01:54
43e158f7-5ea6-4cc9-a2b7-075f52587f14,receipt,confirmed,RCP-20260314-1353,,44177319-a381-4997-9f44-ea14db86cd9e,00000000-0000-0000-0000-000000000000,2025-12-07 09:01:54,2025-12-07 09:01:54
f653b435-1cf7-4f12-a65d-ea50b4eef83a,transfer,completed,TRF-20260314-1094,a2a0333e-cd5f-414e-8d20-ddbe8d3b1542,3c99cd33-d336-4495-b024-74b73d395227,00000000-0000-0000-0000-000000000000,2025-03-15 09:01:54,2025-03-15 09:01:54
13ddb9c1-b22c-4220-afe2-63265342a689,receipt,completed,RCP-20260314-1354,,d78cbbbc-bb90-42e4-8d26-651ad7a054c2,00000000-0000-0000-0000-000000000000,2026-02-04 09:01:54,2026-02-04 09:01:54
0f9ac081-3ee3-48d1-bc91-dcc01e20b70c,adjustment,completed,ADJ-20260314-0667,8045cd0d-5326-4c56-9d00-68ee9376932b,,00000000-0000-0000-0000-000000000000,2026-02-24 09:01:54,2026-02-24 09:01:54
c1ec5d9b-a569-4f1d-8609-d7188ede5507,transfer,draft,TRF-20260314-1095,773cfc3d-275c-4b68-a598-b7d3a3459e6f,9fa32604-28e7-4527-b8f6-552abf9fd265,00000000-0000-0000-0000-000000000000,2025-12-25 09:01:54,2025-12-25 09:01:54
9449f73a-a6a8-4c24-83fd-22a2e4f791be,delivery,completed,DLV-20260314-1319,9d862d17-732c-4265-ae34-3b8e5bbe5e77,,00000000-0000-0000-0000-000000000000,2025-04-11 09:01:54,2025-04-11 09:01:54
20016384-6f9a-4304-904c-77405ddfbfde,delivery,draft,DLV-20260314-1320,7af621da-eb08-4859-ad40-d8e7b0ffa351,,00000000-0000-0000-0000-000000000000,2026-01-06 09:01:54,2026-01-06 09:01:54
887b4b1a-870d-4c50-be10-6b931d7dedec,delivery,completed,DLV-20260314-1321,b86a099a-1f3f-44c9-8482-e61bae165b69,,00000000-0000-0000-0000-000000000000,2025-09-06 09:01:54,2025-09-06 09:01:54
e78da612-7a56-476a-ae16-2fe41f426dbd,receipt,draft,RCP-20260314-1355,,3e25f02b-1834-4425-b31b-f34205e9983e,00000000-0000-0000-0000-000000000000,2025-05-12 09:01:54,2025-05-12 09:01:54
63506d22-baca-4f33-9940-bc7125d8317a,transfer,draft,TRF-20260314-1096,befb3212-1e94-4b8c-84ed-6075a2b8c12a,ed42339b-d015-418a-9112-30c22a936c1f,00000000-0000-0000-0000-000000000000,2025-04-22 09:01:54,2025-04-22 09:01:54
c7b84b9d-b833-4a32-a965-e91aeb2aae3d,transfer,completed,TRF-20260314-1097,463d703b-02e5-48f0-9cdf-4db91d6f647f,ad11157e-52b2-4a6a-8a30-0ba82ed97888,00000000-0000-0000-0000-000000000000,2025-04-27 09:01:54,2025-04-27 09:01:54
dd6135a8-1a1a-4d63-bcae-a19ed6f76175,receipt,completed,RCP-20260314-1356,,64170370-6804-4f9b-9ac3-b17d7a7b7227,00000000-0000-0000-0000-000000000000,2026-03-05 09:01:54,2026-03-05 09:01:54
e9ae6dd0-61cd-4ee2-a04f-0b3adf407388,receipt,completed,RCP-20260314-1357,,933aaf4e-fe01-40b6-a31d-4cb3d84f1010,00000000-0000-0000-0000-000000000000,2026-02-27 09:01:54,2026-02-27 09:01:54
30904163-f8bb-404a-b03f-a9db88f60a05,receipt,completed,RCP-20260314-1358,,b5981e6c-9895-4090-aa78-6e5e969cf4ff,00000000-0000-0000-0000-000000000000,2025-11-04 09:01:54,2025-11-04 09:01:54
863372a1-83ac-47e8-bf99-a5a54ba3fe21,delivery,completed,DLV-20260314-1322,f42bb319-eac7-4b0c-a4a5-dcbaa85749cd,,00000000-0000-0000-0000-000000000000,2025-10-23 09:01:54,2025-10-23 09:01:54
ac7fa664-396f-4df7-95c8-300251282b38,delivery,draft,DLV-20260314-1323,a7c7ea00-896e-4b3e-a368-288f38e930ef,,00000000-0000-0000-0000-000000000000,2025-03-20 09:01:54,2025-03-20 09:01:54
1bcb26b1-5c6c-45d4-bf16-1b597000141c,transfer,draft,TRF-20260314-1098,9bb3a11f-6ac6-4ff2-a700-955b571764a3,298bb18d-0376-4f42-bc6c-bc2a60474a87,00000000-0000-0000-0000-000000000000,2026-02-27 09:01:54,2026-02-27 09:01:54
b13dbedc-c95d-4048-94c5-51f8fdc1966d,receipt,draft,RCP-20260314-1359,,8b6550e6-b98f-4d55-ab5f-c3982c8c7073,00000000-0000-0000-0000-000000000000,2025-03-15 09:01:54,2025-03-15 09:01:54
588bafd0-8823-4ca2-b131-c5ecc54c07f3,delivery,completed,DLV-20260314-1324,e69aeca3-7806-4b95-8a64-94a53f7caf3c,,00000000-0000-0000-0000-000000000000,2025-12-05 09:01:54,2025-12-05 09:01:54
e732017e-ef7a-4ad7-9c26-172906ca18a1,transfer,completed,TRF-20260314-1099,c83c8321-1786-4ad7-a172-53a5993d1354,e2f11684-a830-4f5f-a088-23cff4ae35e7,00000000-0000-0000-0000-000000000000,2025-04-02 09:01:54,2025-04-02 09:01:54
236c62eb-cc43-45c4-be84-27c982ea08a2,delivery,completed,DLV-20260314-1325,e614de69-694a-4961-a1c4-2a84847c5a7b,,00000000-0000-0000-0000-000000000000,2026-02-03 09:01:54,2026-02-03 09:01:54
265e834e-1fd4-4258-b08a-00eff3091552,transfer,completed,TRF-20260314-1100,8295cf83-b869-4827-84b4-0e48b06ce314,4f56a23a-3240-458d-a852-16ac99d08946,00000000-0000-0000-0000-000000000000,2026-03-04 09:01:54,2026-03-04 09:01:54
7fca78fb-d514-4f29-a65c-6d3ab136364a,delivery,completed,DLV-20260314-1326,c4698519-a7d0-4b5c-bec6-2145eb699c34,,00000000-0000-0000-0000-000000000000,2026-02-17 09:01:54,2026-02-17 09:01:54
4ded3158-38dc-4e8f-bc72-2bf23d6a73e6,delivery,draft,DLV-20260314-1327,3eaeaa18-5d19-491b-8783-dd47d163462b,,00000000-0000-0000-0000-000000000000,2025-05-26 09:01:54,2025-05-26 09:01:54
aa6e1494-1f7d-497f-a7aa-64a00b74c7c6,transfer,draft,TRF-20260314-1101,3ef51ba6-c4b2-4f7c-95f9-eb3d10ca057d,c8aed2f9-a3cd-4056-a7d9-32b9ceca1049,00000000-0000-0000-0000-000000000000,2025-06-22 09:01:54,2025-06-22 09:01:54
4a50ed1c-885b-4e68-b885-55effd37fd5a,transfer,completed,TRF-20260314-1102,59820b74-dcaf-4ff6-a87c-b85a92e5e65f,f9271219-a5b0-404e-908e-e9103336e1c7,00000000-0000-0000-0000-000000000000,2025-11-24 09:01:54,2025-11-24 09:01:54
4fca14be-b879-4105-ad10-e5b200e43d96,delivery,completed,DLV-20260314-1328,7ee4ec67-54a4-46f1-b485-872dab72322f,,00000000-0000-0000-0000-000000000000,2026-01-14 09:01:54,2026-01-14 09:01:54
ba15dd3e-5bb1-4ddb-8850-2ce72de2a3dd,delivery,draft,DLV-20260314-1329,c1e54fde-16f3-4c1d-9975-3dad08128f62,,00000000-0000-0000-0000-000000000000,2025-12-28 09:01:54,2025-12-28 09:01:54
36b57368-494b-4408-b9bd-39b090288822,adjustment,completed,ADJ-20260314-0668,53a35ae2-75a9-4f3d-9ba5-d909b00402fa,,00000000-0000-0000-0000-000000000000,2026-01-29 09:01:54,2026-01-29 09:01:54
5a964f31-0281-4d34-a7c2-f0324f124df4,adjustment,draft,ADJ-20260314-0669,6d3923de-edd5-41a5-a3b4-2b54ed637369,,00000000-0000-0000-0000-000000000000,2025-05-14 09:01:54,2025-05-14 09:01:54
6908fd65-8719-400b-9714-748e043ca6ec,adjustment,completed,ADJ-20260314-0670,068b72eb-830f-4aea-a169-e221c5cfa9e0,,00000000-0000-0000-0000-000000000000,2025-05-27 09:01:54,2025-05-27 09:01:54
0fa6aca7-7646-45ba-ba94-99199923e09a,delivery,completed,DLV-20260314-1330,6b6905b1-8753-4294-9c2e-5231ae95eed7,,00000000-0000-0000-0000-000000000000,2026-01-07 09:01:54,2026-01-07 09:01:54
81e42067-6d9a-457a-b729-0799ce9681d4,receipt,completed,RCP-20260314-1360,,d3b5389b-6536-453d-a622-7bfd0a1d00ff,00000000-0000-0000-0000-000000000000,2025-08-28 09:01:54,2025-08-28 09:01:54
3232ee4c-c750-467a-a08b-98e9408a5f90,receipt,draft,RCP-20260314-1361,,a9366602-3cb3-4698-b13e-1383dae0de50,00000000-0000-0000-0000-000000000000,2025-07-14 09:01:54,2025-07-14 09:01:54
9c483bf2-3c39-4a78-917a-fd456cefa575,receipt,completed,RCP-20260314-1362,,1f69e5ee-a668-4261-9e34-32069a60e693,00000000-0000-0000-0000-000000000000,2025-09-16 09:01:54,2025-09-16 09:01:54
76ac7fa5-3859-4167-b12e-e5f91adc6f41,adjustment,completed,ADJ-20260314-0671,965b68e2-e452-4ff8-a080-505a2d6409f9,,00000000-0000-0000-0000-000000000000,2025-03-31 09:01:54,2025-03-31 09:01:54
196c3dab-3750-427c-adf0-611288309357,receipt,completed,RCP-20260314-1363,,b5fd5c74-83f6-46f8-a2a3-b428862cb5fe,00000000-0000-0000-0000-000000000000,2025-07-16 09:01:54,2025-07-16 09:01:54
5ebd50d2-ad9f-4c8b-a7f3-365c81366c51,adjustment,draft,ADJ-20260314-0672,90699c3a-9ee7-4eac-b909-a0fb6d5a39a6,,00000000-0000-0000-0000-000000000000,2025-09-20 09:01:54,2025-09-20 09:01:54
88c23fee-b4d6-4a53-a979-5fa83fc4eeed,delivery,completed,DLV-20260314-1331,94a586b0-aa54-4ffa-b7b7-196686ed86ec,,00000000-0000-0000-0000-000000000000,2025-08-27 09:01:54,2025-08-27 09:01:54
775b5e20-007b-46dd-bba1-0bf9c978a83d,receipt,draft,RCP-20260314-1364,,978e1c36-27dd-4ba3-9bb8-6b4ee56e5f61,00000000-0000-0000-0000-000000000000,2025-08-26 09:01:54,2025-08-26 09:01:54
7d06098c-cadf-4b19-91fc-00a824cc1aa2,adjustment,confirmed,ADJ-20260314-0673,b4417b10-55cb-41ec-8041-3272369c3676,,00000000-0000-0000-0000-000000000000,2025-11-03 09:01:54,2025-11-03 09:01:54
ff47d270-77fe-4cd1-9050-282e7ef223fc,adjustment,confirmed,ADJ-20260314-0674,45002a4f-4187-48b8-a3e3-d61f01a3d21a,,00000000-0000-0000-0000-000000000000,2025-08-14 09:01:54,2025-08-14 09:01:54
8557d2f4-ce3f-4940-b196-f3d4ca7dc9f2,adjustment,draft,ADJ-20260314-0675,a3a90179-3743-48ea-b0c8-f7f378167580,,00000000-0000-0000-0000-000000000000,2025-05-28 09:01:54,2025-05-28 09:01:54
b2cc6636-5765-47fe-851f-712b0c82491b,transfer,draft,TRF-20260314-1103,e9cea9fb-5e06-49b2-a726-45021417c604,03ec7e23-b869-4b2c-8cd8-4626f7004415,00000000-0000-0000-0000-000000000000,2026-03-12 09:01:54,2026-03-12 09:01:54
f34c5cd7-d255-4105-b25a-217e58c4e65c,delivery,completed,DLV-20260314-1332,bbaf0665-eabc-4311-9458-74b7e95bde8c,,00000000-0000-0000-0000-000000000000,2025-06-13 09:01:54,2025-06-13 09:01:54
89395011-8b02-4669-a6e6-b7adab0b142c,delivery,completed,DLV-20260314-1333,da59c59e-d002-4515-9b3f-c4a571246365,,00000000-0000-0000-0000-000000000000,2025-09-26 09:01:54,2025-09-26 09:01:54
9e28150d-6845-4b1c-b884-57232c90f0c5,delivery,draft,DLV-20260314-1334,bfb34cbc-16fd-4ccd-863c-16605acb48dc,,00000000-0000-0000-0000-000000000000,2025-10-31 09:01:54,2025-10-31 09:01:54
af9873eb-0653-41e4-84f1-b2d52b3b754d,delivery,draft,DLV-20260314-1335,0c1e2eda-0230-4319-82f9-5d326aee7928,,00000000-0000-0000-0000-000000000000,2025-04-18 09:01:54,2025-04-18 09:01:54
7f968522-894a-468e-8c3e-b76148519faf,delivery,completed,DLV-20260314-1336,c30054c0-2e56-4ae8-9739-1e51cde656eb,,00000000-0000-0000-0000-000000000000,2025-03-25 09:01:54,2025-03-25 09:01:54
6e807bbe-995e-44ad-b4f8-c06fb49e1ec5,delivery,completed,DLV-20260314-1337,ef077f5b-df70-4f43-ad0c-f81e8b2bd256,,00000000-0000-0000-0000-000000000000,2025-04-14 09:01:54,2025-04-14 09:01:54
0063548e-eab7-497c-bcd2-ec6531672894,receipt,draft,RCP-20260314-1365,,33c06ae4-3867-4f5a-907d-819c6001debe,00000000-0000-0000-0000-000000000000,2025-07-06 09:01:54,2025-07-06 09:01:54
66b7ce8d-b94f-41c5-a40b-7f241451d372,receipt,completed,RCP-20260314-1366,,df521084-666f-4e8d-ae3c-f73a97632e88,00000000-0000-0000-0000-000000000000,2026-01-14 09:01:54,2026-01-14 09:01:54
fb2be368-9b4e-47ff-b693-2044b226f5a3,adjustment,draft,ADJ-20260314-0676,491b0895-9587-441d-b307-36fb5b8e18d4,,00000000-0000-0000-0000-000000000000,2025-06-16 09:01:54,2025-06-16 09:01:54
013199bd-c3af-4946-9a89-057adbef010d,transfer,completed,TRF-20260314-1104,ee1d5f69-7baa-43d5-9394-f0315765d0b5,df2cc0a3-2c45-470a-bd89-3618ad93c5c9,00000000-0000-0000-0000-000000000000,2025-04-01 09:01:54,2025-04-01 09:01:54
45b4bd63-a681-4b0a-ad4f-faac1edf29dd,transfer,draft,TRF-20260314-1105,dff73744-042d-424a-b2aa-0fd5ecfbb32a,809961b2-0ad3-42d4-b7cf-6fac7f06edf9,00000000-0000-0000-0000-000000000000,2025-07-08 09:01:54,2025-07-08 09:01:54
36c62c4a-1d65-40bf-901a-21173a2000df,receipt,draft,RCP-20260314-1367,,020e5866-ba75-483e-b5bb-0ed18a6a8c62,00000000-0000-0000-0000-000000000000,2025-11-27 09:01:54,2025-11-27 09:01:54
c3f71e00-3ed4-4955-a7f9-054f594d063b,receipt,completed,RCP-20260314-1368,,b92cd65d-e43f-4d2b-b614-5b426cf5faf3,00000000-0000-0000-0000-000000000000,2025-08-14 09:01:54,2025-08-14 09:01:54
5fc567cd-de0e-478b-b2d7-961661a631a3,transfer,completed,TRF-20260314-1106,0d7b143b-89f7-4b57-ac95-a28867fb3c2c,28725f18-d04e-4a1c-9d44-768b5c444129,00000000-0000-0000-0000-000000000000,2026-03-11 09:01:54,2026-03-11 09:01:54
4b29a6b6-8e4d-416a-a2cd-e2dd7b8adff9,adjustment,completed,ADJ-20260314-0677,2a5f8e19-f159-4eeb-8a4e-937c8799f9f4,,00000000-0000-0000-0000-000000000000,2025-09-27 09:01:54,2025-09-27 09:01:54
67596d14-0f8a-4b06-a335-b9feccbc0228,receipt,draft,RCP-20260314-1369,,149e20c8-f543-4b80-9154-ab8206681ae0,00000000-0000-0000-0000-000000000000,2025-08-12 09:01:54,2025-08-12 09:01:54
cd61bbf1-2e0c-42e9-886e-f6e5211d0957,adjustment,draft,ADJ-20260314-0678,1708036e-a2fe-44e4-8153-00c26a8973a5,,00000000-0000-0000-0000-000000000000,2026-02-04 09:01:54,2026-02-04 09:01:54
486d17fe-11b7-4570-a687-86952cff2421,transfer,completed,TRF-20260314-1107,d994d80f-30fe-4698-b371-2a9089095d50,f0c62548-4e84-4f17-b8e8-1fb78c121e8a,00000000-0000-0000-0000-000000000000,2025-05-30 09:01:54,2025-05-30 09:01:54
4635ef8a-1fc7-4932-bca4-6b5db2c0e99f,receipt,completed,RCP-20260314-1370,,77cb1870-5a0f-4056-9c73-e66f6363f869,00000000-0000-0000-0000-000000000000,2025-06-04 09:01:54,2025-06-04 09:01:54
4248881d-2469-4d36-9efe-5c2b813d75e8,delivery,draft,DLV-20260314-1338,5d3b650a-4b25-4dda-9cff-3e67cb564be7,,00000000-0000-0000-0000-000000000000,2025-05-25 09:01:54,2025-05-25 09:01:54
34397ea1-90ed-4d1c-91a9-2b1633c44bc7,transfer,completed,TRF-20260314-1108,cb131e22-3878-4c60-ada6-e3e9c75de547,a389a095-9835-464e-9cad-15f979ac2a69,00000000-0000-0000-0000-000000000000,2025-04-16 09:01:54,2025-04-16 09:01:54
acd0e933-c612-4668-b4c9-456bba7c15b9,adjustment,draft,ADJ-20260314-0679,065e4fae-e7ff-4a8c-979c-b572950ef932,,00000000-0000-0000-0000-000000000000,2026-03-08 09:01:54,2026-03-08 09:01:54
fa6011bf-209e-499a-ac07-673a529e1abd,delivery,completed,DLV-20260314-1339,d894ee74-7280-4936-9987-1054e4158780,,00000000-0000-0000-0000-000000000000,2025-11-02 09:01:54,2025-11-02 09:01:54
b0f062be-bbb2-40d4-ab18-8d044b0b74cb,transfer,draft,TRF-20260314-1109,436ce19e-56bb-442d-88d3-49d46429ef16,1dad3fa6-4fc6-4a08-81cd-27bd5fea4566,00000000-0000-0000-0000-000000000000,2025-04-09 09:01:54,2025-04-09 09:01:54
71d9dd24-8968-409c-a5d1-6f3402470956,receipt,draft,RCP-20260314-1371,,71e46f7a-72d5-42a6-8c56-3bfeb0f221b8,00000000-0000-0000-0000-000000000000,2025-10-17 09:01:54,2025-10-17 09:01:54
e8436069-e91c-4bd2-97d5-15bd4613034c,receipt,completed,RCP-20260314-1372,,f598d5a9-1918-4eb3-88e6-21691727757c,00000000-0000-0000-0000-000000000000,2025-07-13 09:01:54,2025-07-13 09:01:54
b1e90978-645e-4ac5-848c-6b1bbc83f62d,receipt,draft,RCP-20260314-1373,,1e224b2d-ef4e-4330-89d5-f30d95ce625d,00000000-0000-0000-0000-000000000000,2025-11-11 09:01:54,2025-11-11 09:01:54
c065f273-cf44-4a62-9a87-4a1578df6b40,receipt,completed,RCP-20260314-1374,,4b291caf-bf14-43cd-aa49-50468a2382a8,00000000-0000-0000-0000-000000000000,2025-05-14 09:01:54,2025-05-14 09:01:54
c3436e92-c787-4998-b370-efd1068874f4,transfer,completed,TRF-20260314-1110,f8f86b9e-db85-4400-abca-6ebf7811b49a,6bdc6cbf-10cd-4e86-ae2d-c437890a1cd6,00000000-0000-0000-0000-000000000000,2025-09-15 09:01:54,2025-09-15 09:01:54
4a8b5082-e48b-4d2d-a505-e83f97f8828e,transfer,completed,TRF-20260314-1111,44cbf52e-0c79-4581-abd0-6088848cec11,31ab5585-4501-4ffb-985f-9a208188b31f,00000000-0000-0000-0000-000000000000,2025-10-09 09:01:54,2025-10-09 09:01:54
6cadf581-c0b8-4cb7-b8e6-226a444e1a02,delivery,completed,DLV-20260314-1340,7d52903e-4253-4d64-aab9-b974ed5eecbb,,00000000-0000-0000-0000-000000000000,2025-12-23 09:01:54,2025-12-23 09:01:54
76dc07cf-0fb5-490c-ac2d-80cd2f797a78,adjustment,completed,ADJ-20260314-0680,45085a3c-2429-4fbb-aa47-cd6d06031ce3,,00000000-0000-0000-0000-000000000000,2025-12-05 09:01:54,2025-12-05 09:01:54
aeaa3af5-b5a7-45b6-ae1d-cbe776381712,transfer,completed,TRF-20260314-1112,27ae1c98-c57f-4f77-a2ff-e3d0d98d28f3,d4df31de-55d6-413f-a544-3cc0a151e267,00000000-0000-0000-0000-000000000000,2025-07-11 09:01:54,2025-07-11 09:01:54
fd8d9e18-34e5-41d0-81a4-f19422366283,receipt,confirmed,RCP-20260314-1375,,f0637590-1867-48a5-9793-439f2b46b8c9,00000000-0000-0000-0000-000000000000,2025-09-30 09:01:54,2025-09-30 09:01:54
6424d28c-1b86-4c3f-be51-0bd524aaef3e,transfer,draft,TRF-20260314-1113,6731a24c-764c-4144-b0e7-4431973a1cbc,8a1f23a1-78b4-4713-b478-9cb0da555486,00000000-0000-0000-0000-000000000000,2026-02-16 09:01:54,2026-02-16 09:01:54
8702443e-1373-49b1-8048-468fe806bc08,adjustment,completed,ADJ-20260314-0681,ad3b81f5-9b8d-4ffc-b787-df90dc2d10b2,,00000000-0000-0000-0000-000000000000,2025-08-15 09:01:54,2025-08-15 09:01:54
65c87829-e983-423d-9f84-87646a9b6fa8,transfer,completed,TRF-20260314-1114,06afd2d5-b4e6-4be0-9e09-9232261ef7cb,08a04a93-7605-4ae5-bfcd-e44a85f013e2,00000000-0000-0000-0000-000000000000,2026-01-10 09:01:54,2026-01-10 09:01:54
60d8f127-5c32-4bbf-a9b0-73d68f2a7bbb,transfer,completed,TRF-20260314-1115,4200d1c0-fa99-40df-962c-100496a1caab,a73d9bb5-b8ac-4bc2-ba2e-a69598f2c3a5,00000000-0000-0000-0000-000000000000,2025-04-13 09:01:54,2025-04-13 09:01:54
f321155c-77d9-4895-a318-afb8f617c0a6,adjustment,completed,ADJ-20260314-0682,ad26aa1a-92e0-4c4c-9a2e-3ebac0171e2c,,00000000-0000-0000-0000-000000000000,2026-02-17 09:01:54,2026-02-17 09:01:54
b4ae9324-1ebe-417e-9e04-2cea7a7c1ac3,transfer,completed,TRF-20260314-1116,433a47ae-9545-4681-976f-24119faa4855,91d91bb4-6eff-41f2-a723-852b263df2ed,00000000-0000-0000-0000-000000000000,2025-05-18 09:01:54,2025-05-18 09:01:54
5c8a7bac-47d3-4fd8-b954-7a01ea56c78d,receipt,completed,RCP-20260314-1376,,06527f28-a3b4-4353-bfe7-92a85040245d,00000000-0000-0000-0000-000000000000,2025-03-31 09:01:54,2025-03-31 09:01:54
9eb9277e-4a1f-4861-b831-cc3fc5af4d25,receipt,draft,RCP-20260314-1377,,2b0473f5-6108-4809-aeb0-d1d1da50c638,00000000-0000-0000-0000-000000000000,2025-04-01 09:01:54,2025-04-01 09:01:54
9f0b9a81-3fee-4143-8daa-bbdd4d992eb2,delivery,completed,DLV-20260314-1341,19765422-a4f3-4256-a7ac-e98509556c04,,00000000-0000-0000-0000-000000000000,2026-02-21 09:01:54,2026-02-21 09:01:54
27fda62a-b2b0-4c96-b2e1-88f02f75e4f2,transfer,completed,TRF-20260314-1117,82c59e8a-a54b-4cba-ae32-5ff2a9f8c6f9,206eb683-597f-4d3e-b6cd-252105a0954d,00000000-0000-0000-0000-000000000000,2025-11-09 09:01:54,2025-11-09 09:01:54
bc91338d-261a-4bfe-b75a-c22737e7bcaf,adjustment,draft,ADJ-20260314-0683,05ddf262-dce1-407d-baf0-39d6c540abb5,,00000000-0000-0000-0000-000000000000,2026-01-21 09:01:54,2026-01-21 09:01:54
38a652e4-efb5-4845-ade1-d90bbbdab187,adjustment,completed,ADJ-20260314-0684,ffc3bc43-d961-4bc7-b6c0-b199660fd8f2,,00000000-0000-0000-0000-000000000000,2025-03-25 09:01:54,2025-03-25 09:01:54
5ac1fbc0-42cd-497f-8409-2940341da691,delivery,completed,DLV-20260314-1342,5c8b7656-088d-47ed-88d8-6fa552ae976c,,00000000-0000-0000-0000-000000000000,2025-07-20 09:01:54,2025-07-20 09:01:54
7dd9c44b-eb35-4ab6-95f2-6d30cb59d608,receipt,completed,RCP-20260314-1378,,fa257270-610d-4136-9d3f-65adfa1eb093,00000000-0000-0000-0000-000000000000,2026-01-21 09:01:54,2026-01-21 09:01:54
7ec341b6-2054-4328-9805-f65efd997ced,delivery,draft,DLV-20260314-1343,2c75bab5-e3a9-4cd9-825c-4c0a7faf9e67,,00000000-0000-0000-0000-000000000000,2025-12-17 09:01:54,2025-12-17 09:01:54
5c07e7ca-843c-4e09-beda-0e2ab7fbd4e7,transfer,draft,TRF-20260314-1118,f4a03e6d-245b-4a34-93d2-02ffb07f52cc,0b226bb8-bb76-4f0b-a5e5-b09988cbf232,00000000-0000-0000-0000-000000000000,2025-09-10 09:01:54,2025-09-10 09:01:54
b1733305-2643-4b70-a668-0287426a0313,receipt,completed,RCP-20260314-1379,,eb841f65-a5e2-431e-920d-388ae4df6ad2,00000000-0000-0000-0000-000000000000,2025-06-25 09:01:54,2025-06-25 09:01:54
866dd687-775c-4004-85cc-c2b4f46f044d,delivery,completed,DLV-20260314-1344,681c9447-2b61-4aa7-af10-52aeb6cc4df0,,00000000-0000-0000-0000-000000000000,2025-12-13 09:01:54,2025-12-13 09:01:54
799f4944-5048-46f8-bec3-8cc7110f9249,receipt,completed,RCP-20260314-1380,,97e55bbd-b0a9-4765-94e0-13d487dbee8f,00000000-0000-0000-0000-000000000000,2025-10-08 09:01:54,2025-10-08 09:01:54
627dab56-8ef2-45ae-a178-8636b8758c1a,receipt,draft,RCP-20260314-1381,,c5a09f0c-aada-467c-a1c9-263bdf193b86,00000000-0000-0000-0000-000000000000,2025-07-31 09:01:54,2025-07-31 09:01:54
a473b26d-d256-400f-ab58-8bf7bf5a8ac1,receipt,completed,RCP-20260314-1382,,77ba12b5-d316-4c04-b618-bb947a8fadba,00000000-0000-0000-0000-000000000000,2026-02-17 09:01:54,2026-02-17 09:01:54
a60a1bec-7b35-4d1b-91e8-19c1a4139468,receipt,completed,RCP-20260314-1383,,ee020121-01a7-471f-a74b-9e7d79d66c16,00000000-0000-0000-0000-000000000000,2026-01-10 09:01:54,2026-01-10 09:01:54
02e9b2de-5eb1-4290-b8e8-108e33de8a80,adjustment,completed,ADJ-20260314-0685,533904b8-d299-4a3f-95a0-b256554f2968,,00000000-0000-0000-0000-000000000000,2025-08-10 09:01:54,2025-08-10 09:01:54
113e5873-ac81-422e-8236-e27a5f452116,delivery,completed,DLV-20260314-1345,bb241c28-f539-4778-b4a7-5e8ec8971ab8,,00000000-0000-0000-0000-000000000000,2025-06-03 09:01:54,2025-06-03 09:01:54
d75f129f-d41b-4730-9d98-5aaba82d4331,delivery,completed,DLV-20260314-1346,1a589eb1-e6c1-4b4a-bc34-b2ab43772469,,00000000-0000-0000-0000-000000000000,2025-11-21 09:01:54,2025-11-21 09:01:54
7254f932-8824-4933-9ff2-d228d8082b44,transfer,completed,TRF-20260314-1119,cd9298fa-ffb0-413d-8703-62b09d4a8660,faa70af1-a1a8-4d7c-845e-0c2ad0933a0b,00000000-0000-0000-0000-000000000000,2026-02-24 09:01:54,2026-02-24 09:01:54
3d62011f-2249-45b3-b873-13e8a5b5e89d,delivery,completed,DLV-20260314-1347,7f827af5-738f-4f92-9a2f-42b108b536ef,,00000000-0000-0000-0000-000000000000,2025-10-19 09:01:54,2025-10-19 09:01:54
84b68050-f626-47d3-9cf8-647ce670213f,receipt,completed,RCP-20260314-1384,,ba1edf77-c875-4a71-97ac-64dff49767ab,00000000-0000-0000-0000-000000000000,2025-05-18 09:01:54,2025-05-18 09:01:54
5525fce4-9f89-4c77-8691-e71ed9092d7d,receipt,completed,RCP-20260314-1385,,6e52464c-3a33-46e8-ad84-fc7eb80ed6df,00000000-0000-0000-0000-000000000000,2025-04-10 09:01:54,2025-04-10 09:01:54
cf0053ec-0017-45e0-8800-8ecac44f3169,receipt,completed,RCP-20260314-1386,,724ec526-e115-49fe-a867-222e528583b2,00000000-0000-0000-0000-000000000000,2026-01-25 09:01:54,2026-01-25 09:01:54
2264b248-c4d8-4071-8e7d-36281dc2b33b,delivery,completed,DLV-20260314-1348,20f78073-fc73-4632-b211-49adcae98695,,00000000-0000-0000-0000-000000000000,2025-05-05 09:01:54,2025-05-05 09:01:54
eb35fee9-12c6-4bf4-8091-fd56388ee4f8,delivery,draft,DLV-20260314-1349,828068e7-6bbc-455f-982e-4a6aa8c9c183,,00000000-0000-0000-0000-000000000000,2025-06-03 09:01:54,2025-06-03 09:01:54
6d6ff678-2b5d-4f78-b88e-82f1eeab54e4,delivery,draft,DLV-20260314-1350,8ac3eedb-f6c2-4857-8a71-513411586cfa,,00000000-0000-0000-0000-000000000000,2025-04-25 09:01:54,2025-04-25 09:01:54
2b0f371a-1f29-4b3b-9633-1546eeb0687f,receipt,draft,RCP-20260314-1387,,fc76839c-8091-4cd9-a0b9-672d651c85c9,00000000-0000-0000-0000-000000000000,2025-07-26 09:01:54,2025-07-26 09:01:54
68c6090a-213e-43c4-a234-7f83227f43f4,delivery,completed,DLV-20260314-1351,8a48a516-7df3-404c-8b35-36130b5db6a5,,00000000-0000-0000-0000-000000000000,2025-12-13 09:01:54,2025-12-13 09:01:54
edce061a-0fd1-4363-ae92-402c7e064fb9,delivery,draft,DLV-20260314-1352,daf43728-d05d-4075-8d3d-c1b01cd879d1,,00000000-0000-0000-0000-000000000000,2025-11-12 09:01:54,2025-11-12 09:01:54
0f78c366-ff8b-46c2-9588-f037534927b6,transfer,completed,TRF-20260314-1120,8a291e19-89a3-4055-baad-c2de568f28f5,a89ccaaa-6518-48e2-95d2-edb2abb62515,00000000-0000-0000-0000-000000000000,2025-12-24 09:01:54,2025-12-24 09:01:54
03c6b785-8746-40e6-bec2-6f3f7d6ac4b0,delivery,completed,DLV-20260314-1353,8e61fc90-93b9-460d-8c1c-ffc524776b70,,00000000-0000-0000-0000-000000000000,2025-11-03 09:01:54,2025-11-03 09:01:54
34ae4b91-ef41-4d2d-bd96-9a4459abac6d,receipt,completed,RCP-20260314-1388,,e4ff15c3-26cd-4665-9ecd-a3a50888d531,00000000-0000-0000-0000-000000000000,2026-01-01 09:01:54,2026-01-01 09:01:54
718e535c-1afe-48bc-807d-69bab29f8b12,adjustment,draft,ADJ-20260314-0686,ff453c01-17fa-4b04-aa86-cdcebb4d6ed7,,00000000-0000-0000-0000-000000000000,2025-09-06 09:01:54,2025-09-06 09:01:54
1a55d38b-54b5-4995-a326-942b33c35dab,adjustment,completed,ADJ-20260314-0687,58927ee7-8c43-46d1-a721-86cce8bc880b,,00000000-0000-0000-0000-000000000000,2025-12-09 09:01:54,2025-12-09 09:01:54
a6acc3e7-386f-47a9-981d-b8c94661a143,delivery,completed,DLV-20260314-1354,2af77029-73d0-4e5c-9197-2040bc3bca87,,00000000-0000-0000-0000-000000000000,2025-08-18 09:01:54,2025-08-18 09:01:54
38b81b76-d74d-4da0-ad81-5ecc67f151bc,transfer,completed,TRF-20260314-1121,507736df-caa2-42fc-8cf7-3c88bd4febba,891f9a90-fc2b-442f-8df7-11e299643ac1,00000000-0000-0000-0000-000000000000,2025-12-04 09:01:54,2025-12-04 09:01:54
d6a7e2f3-b17e-403f-80e8-cb09b079259e,receipt,draft,RCP-20260314-1389,,5e1df5fc-5568-4f46-97d9-2981a52e4f92,00000000-0000-0000-0000-000000000000,2025-04-04 09:01:54,2025-04-04 09:01:54
8cad8af1-604b-4b47-bf11-bf31cfb94f6f,delivery,completed,DLV-20260314-1355,35f0b762-1ec4-4df4-b85f-732ad38b5105,,00000000-0000-0000-0000-000000000000,2025-12-18 09:01:54,2025-12-18 09:01:54
5b94ae67-5ec9-433d-9a50-ba65a2c9f04b,adjustment,draft,ADJ-20260314-0688,0237d97c-b5dc-48b3-a168-79cde400b897,,00000000-0000-0000-0000-000000000000,2025-08-01 09:01:54,2025-08-01 09:01:54
5ce38a08-e1ef-4f2c-9f5c-ce049aa0cd74,receipt,completed,RCP-20260314-1390,,387bab3f-d198-4952-96b5-0144cc818088,00000000-0000-0000-0000-000000000000,2025-06-02 09:01:54,2025-06-02 09:01:54
f8ba273c-8b8d-4cb2-b6f3-37bd3dd74345,receipt,completed,RCP-20260314-1391,,08e59187-2b37-4e5a-b997-e60fc309c9e6,00000000-0000-0000-0000-000000000000,2025-05-10 09:01:54,2025-05-10 09:01:54
cb7681c7-0477-45b2-ad95-2827075fb943,receipt,draft,RCP-20260314-1392,,4c18d87f-5332-4c59-8539-84b90e371303,00000000-0000-0000-0000-000000000000,2026-02-27 09:01:54,2026-02-27 09:01:54
983d559c-ba41-4b43-8f9e-a46c5238509a,receipt,completed,RCP-20260314-1393,,5115ef1c-7e24-4036-9bb4-404639606740,00000000-0000-0000-0000-000000000000,2025-08-18 09:01:54,2025-08-18 09:01:54
9bcc5eaf-687f-42c9-b977-f2c96226161d,receipt,completed,RCP-20260314-1394,,62d23e9f-5c22-4e45-976c-a1aa43a7f5f0,00000000-0000-0000-0000-000000000000,2026-01-10 09:01:54,2026-01-10 09:01:54
b53bdc4c-e2e7-4d07-8250-c6125e041dfe,adjustment,draft,ADJ-20260314-0689,0b9c3468-1ca3-4286-ac87-e53d6f18df53,,00000000-0000-0000-0000-000000000000,2025-05-14 09:01:54,2025-05-14 09:01:54
baec933e-341d-41da-8cdb-01db27fec13c,delivery,completed,DLV-20260314-1356,b983728e-b980-407b-86b4-6561f9d8645f,,00000000-0000-0000-0000-000000000000,2025-04-23 09:01:54,2025-04-23 09:01:54
64b43829-6adc-4673-badf-9b619d0fac25,delivery,draft,DLV-20260314-1357,dda0ed34-8400-43cb-a51b-29df4fe7aeaf,,00000000-0000-0000-0000-000000000000,2025-03-30 09:01:54,2025-03-30 09:01:54
70ae35b0-9b49-4eca-a96e-d8f196ae118e,delivery,completed,DLV-20260314-1358,ed440853-c7a9-46a5-a9a0-a194dfc2f98d,,00000000-0000-0000-0000-000000000000,2025-05-10 09:01:54,2025-05-10 09:01:54
ef46dfd0-12bf-4c57-90be-b3a01a16d436,receipt,draft,RCP-20260314-1395,,95133e29-49ab-4376-9146-6086e4a48719,00000000-0000-0000-0000-000000000000,2025-05-24 09:01:54,2025-05-24 09:01:54
a395fcfc-35a7-4c8a-ad48-0f05c9bf27d9,transfer,completed,TRF-20260314-1122,e6b71d11-b032-4a1d-8cf9-f2aaa49c16d6,1178a46a-c622-43c1-b536-0306832233e3,00000000-0000-0000-0000-000000000000,2025-09-01 09:01:54,2025-09-01 09:01:54
5dacbf8f-7145-4728-8c56-68cae17900e4,transfer,completed,TRF-20260314-1123,b7667c88-747d-4a08-925c-647e6d4c0809,466960c2-c249-4c22-999f-e9e7f053ae54,00000000-0000-0000-0000-000000000000,2025-11-20 09:01:54,2025-11-20 09:01:54
a6c08a32-7578-4c25-a9a5-7f08f90e726b,transfer,draft,TRF-20260314-1124,d618a59c-0700-4cb9-8976-2136570e73f3,4213c86c-1078-4730-b7e9-8405bf4bb172,00000000-0000-0000-0000-000000000000,2025-12-11 09:01:54,2025-12-11 09:01:54
0eff1bd5-4058-4386-98f2-e89545c7dc11,receipt,completed,RCP-20260314-1396,,d6031461-0576-494b-87db-a9c006ca460b,00000000-0000-0000-0000-000000000000,2025-06-29 09:01:54,2025-06-29 09:01:54
b4f3caef-3b96-4d82-8670-20fdbce3af88,receipt,draft,RCP-20260314-1397,,fe9151ca-e22a-40ff-8376-01ad972d2124,00000000-0000-0000-0000-000000000000,2025-07-30 09:01:54,2025-07-30 09:01:54
5d59d780-2c43-4724-9b5d-5f8e764f92ef,receipt,draft,RCP-20260314-1398,,c333d721-5560-4853-a838-b481fc7ee898,00000000-0000-0000-0000-000000000000,2026-02-05 09:01:54,2026-02-05 09:01:54
80e9a649-b583-4413-b0d9-fd0771693752,delivery,completed,DLV-20260314-1359,28a9baea-69fa-4273-affe-e3e45267325c,,00000000-0000-0000-0000-000000000000,2026-02-20 09:01:54,2026-02-20 09:01:54
9e35a540-5e83-4837-a79b-c37279258dfe,delivery,completed,DLV-20260314-1360,71bae614-18d5-4564-9639-daeb5d9128d8,,00000000-0000-0000-0000-000000000000,2025-07-17 09:01:54,2025-07-17 09:01:54
c3849116-b1f5-4b84-8fde-400bd2624edf,delivery,completed,DLV-20260314-1361,71c2a1f4-defd-4cc5-8eaa-8d7e58e73630,,00000000-0000-0000-0000-000000000000,2026-02-22 09:01:54,2026-02-22 09:01:54
faf9377e-6cfa-4684-ad7a-d20840d5c4df,delivery,completed,DLV-20260314-1362,482d3c55-ce04-4bd8-a06f-29dfd952283a,,00000000-0000-0000-0000-000000000000,2026-01-30 09:01:54,2026-01-30 09:01:54
10a437e2-3bc6-4594-8b6a-fc66d9bcd8dc,receipt,completed,RCP-20260314-1399,,2cb6d27d-7152-40f3-adc9-206a67a4e1ad,00000000-0000-0000-0000-000000000000,2025-07-28 09:01:54,2025-07-28 09:01:54
7f09b4ca-80d1-4694-8fa4-e9048616949e,receipt,completed,RCP-20260314-1400,,4c18d87f-5332-4c59-8539-84b90e371303,00000000-0000-0000-0000-000000000000,2025-05-19 09:01:54,2025-05-19 09:01:54
d0dab695-3606-43da-816a-ebb9a559d9ae,adjustment,completed,ADJ-20260314-0690,965a24b4-e0df-4e6d-b14e-2dc756013cdf,,00000000-0000-0000-0000-000000000000,2026-01-09 09:01:54,2026-01-09 09:01:54
01101a2b-9480-4722-8765-d8cdc23a26bf,receipt,draft,RCP-20260314-1401,,74466aa9-c465-4bc9-abd1-b1c5b6ee7f34,00000000-0000-0000-0000-000000000000,2025-06-04 09:01:54,2025-06-04 09:01:54
7d0981f2-a946-4b1e-83fd-f9fe178761d8,transfer,completed,TRF-20260314-1125,0d3a9edb-d39e-4b7f-9e2d-d202f8fc42c5,b3104984-349d-45bf-82f6-e7425738f1e6,00000000-0000-0000-0000-000000000000,2025-09-09 09:01:54,2025-09-09 09:01:54
6a80c6e8-3fe3-4641-ab37-5016ca899bd9,delivery,completed,DLV-20260314-1363,b7e6c610-1d07-4fd0-9beb-edb66a1cf055,,00000000-0000-0000-0000-000000000000,2026-03-12 09:01:54,2026-03-12 09:01:54
7583f9e2-ce46-4227-97d4-4ad1a71dca85,transfer,completed,TRF-20260314-1126,ba9e1625-40e3-46c5-80aa-7278b6101f14,88f6629f-f40d-44fc-abcb-5e687281ccc2,00000000-0000-0000-0000-000000000000,2025-05-31 09:01:54,2025-05-31 09:01:54
43df756e-06eb-49be-8689-8518aa248b16,receipt,confirmed,RCP-20260314-1402,,f4cd8a83-e554-4850-9da5-fb4f7b400fb1,00000000-0000-0000-0000-000000000000,2025-08-21 09:01:54,2025-08-21 09:01:54
92957ac8-d957-41f7-b5dd-05640840e239,receipt,completed,RCP-20260314-1403,,cd7ef352-dce8-47e9-8c0d-063ab5d32275,00000000-0000-0000-0000-000000000000,2025-06-10 09:01:54,2025-06-10 09:01:54
b4a7798b-1979-4e7c-8d9b-97d1b653fc0a,transfer,completed,TRF-20260314-1127,e64ae43b-5777-4499-b0f6-dc7b4a0a128c,16bb109a-a46f-4da3-a96e-fb439e43ce0d,00000000-0000-0000-0000-000000000000,2025-03-30 09:01:54,2025-03-30 09:01:54
43b45b30-e93d-418e-a951-b6fe97f3f5d7,receipt,completed,RCP-20260314-1404,,382b9cb4-ec47-4cbc-bbff-bc67743e1d1a,00000000-0000-0000-0000-000000000000,2026-01-16 09:01:54,2026-01-16 09:01:54
88585678-18b1-44e1-b81b-4f9877314619,transfer,completed,TRF-20260314-1128,b80d804e-166e-4e12-800a-a097f90a2841,628469a2-f41a-4ff0-829c-95b7ce3219fd,00000000-0000-0000-0000-000000000000,2025-06-30 09:01:54,2025-06-30 09:01:54
bd22d5a8-20b6-4346-8254-817f765359fa,transfer,completed,TRF-20260314-1129,fd4e822c-7581-40d6-9983-2826324d37de,43f9f8de-31e6-403c-aeaf-6a09b43a57ac,00000000-0000-0000-0000-000000000000,2025-06-12 09:01:54,2025-06-12 09:01:54
f99f3ca7-64d5-49e8-b0a7-0a6d0d020924,receipt,confirmed,RCP-20260314-1405,,ceeb6273-642a-4fb3-a1a3-802b66b87277,00000000-0000-0000-0000-000000000000,2025-12-22 09:01:54,2025-12-22 09:01:54
073c058a-01d8-4079-bdcb-04e4c9d5ffd2,receipt,completed,RCP-20260314-1406,,632f3049-f48a-4721-a916-bba40c0017af,00000000-0000-0000-0000-000000000000,2025-10-14 09:01:54,2025-10-14 09:01:54
b85ab67b-0bed-4fc0-bf17-3c2b805ff385,delivery,confirmed,DLV-20260314-1364,0fb34cc1-1820-4b55-b49f-e6b9a80c9e59,,00000000-0000-0000-0000-000000000000,2026-01-06 09:01:54,2026-01-06 09:01:54
1ff32f96-26a7-47f9-9929-a0a2a08dbf0c,delivery,completed,DLV-20260314-1365,d5b1e8e0-4614-457e-a38f-79cdbf652974,,00000000-0000-0000-0000-000000000000,2025-06-20 09:01:54,2025-06-20 09:01:54
2064ab50-6153-4edc-b13e-3624a92244b6,transfer,draft,TRF-20260314-1130,aa5d9b4d-6f81-4a16-bb18-88a19cde4e88,0596967f-a183-481c-bf95-bda83200326c,00000000-0000-0000-0000-000000000000,2025-12-27 09:01:54,2025-12-27 09:01:54
3ba55e69-440c-42be-8256-768d69f95f53,transfer,completed,TRF-20260314-1131,dda0ed34-8400-43cb-a51b-29df4fe7aeaf,fbdddf55-b651-4846-bd94-22ff012f76ac,00000000-0000-0000-0000-000000000000,2025-05-17 09:01:54,2025-05-17 09:01:54
fcb2baea-7065-400f-8503-f63bb7d9e941,receipt,completed,RCP-20260314-1407,,8a86b05d-9eb2-418b-8fc1-2e0869608763,00000000-0000-0000-0000-000000000000,2026-03-09 09:01:54,2026-03-09 09:01:54
282d818f-a604-4d45-88ee-ab4d8c2ac6e6,delivery,draft,DLV-20260314-1366,7b230140-c577-4ab7-9bf6-fe341778e754,,00000000-0000-0000-0000-000000000000,2025-10-28 09:01:54,2025-10-28 09:01:54
96198981-a2b6-423f-80cb-4b35f3cf0289,receipt,confirmed,RCP-20260314-1408,,3c7d3961-7aa1-47cc-9760-9cd327981698,00000000-0000-0000-0000-000000000000,2025-05-17 09:01:54,2025-05-17 09:01:54
5d929eb7-12e6-4d9f-98ec-34b20de40335,receipt,completed,RCP-20260314-1409,,e3029c9b-bfac-4ce1-88ff-6b6ddf6712a8,00000000-0000-0000-0000-000000000000,2025-05-15 09:01:54,2025-05-15 09:01:54
247784c5-5fce-4f70-81a8-7726eaf550cd,transfer,completed,TRF-20260314-1132,6a3fec4d-8687-4813-bdf4-d267a8dd310e,62c430ec-9968-474a-a522-de91fac7ec41,00000000-0000-0000-0000-000000000000,2026-02-14 09:01:54,2026-02-14 09:01:54
1be76cfb-d464-48b7-812d-3b5e050c32b0,transfer,completed,TRF-20260314-1133,fce28fc7-cf8f-49b3-8876-6329ab89f329,edee3caf-32e6-4862-95d5-472e9e3d1d65,00000000-0000-0000-0000-000000000000,2025-12-28 09:01:54,2025-12-28 09:01:54
dbc0587c-cb52-48d7-bb7b-1855ed27f138,transfer,draft,TRF-20260314-1134,6b3e4a7e-1a94-4b69-90ab-304c21fc4c05,85c3e930-09ba-430d-b194-f9dc42fadf6f,00000000-0000-0000-0000-000000000000,2025-03-26 09:01:54,2025-03-26 09:01:54
c521db5a-782e-4801-a8f1-034840baeed7,delivery,draft,DLV-20260314-1367,3bdad438-0f00-4b09-8594-1f8f01284841,,00000000-0000-0000-0000-000000000000,2026-01-30 09:01:54,2026-01-30 09:01:54
1c3a2a21-9439-4257-b8ce-8897469fb50a,receipt,completed,RCP-20260314-1410,,3ccce08f-c8af-49e1-b6f9-3a2ca9ec6f44,00000000-0000-0000-0000-000000000000,2026-02-01 09:01:54,2026-02-01 09:01:54
d71afe33-efea-4a02-9127-810e676bc25f,receipt,completed,RCP-20260314-1411,,4fb59a0e-8740-435a-a708-66fa465933ac,00000000-0000-0000-0000-000000000000,2025-08-16 09:01:54,2025-08-16 09:01:54
1c4ac334-a5e4-4592-8d06-f35ec88e8d0c,delivery,completed,DLV-20260314-1368,3b05e09c-6a49-4ee3-811f-487e6430b715,,00000000-0000-0000-0000-000000000000,2025-05-05 09:01:54,2025-05-05 09:01:54
f3db1f03-34f9-45f8-bbde-62ec36a1a2ba,transfer,completed,TRF-20260314-1135,fb45f615-327e-4039-b10e-095918df3d78,b4e21d26-77e9-47e0-9bf0-0c7de3dd1260,00000000-0000-0000-0000-000000000000,2026-03-01 09:01:54,2026-03-01 09:01:54
97e97501-336b-4283-94f2-f14cd33c9d60,adjustment,completed,ADJ-20260314-0691,d391888b-b6c4-4ed6-8f9c-5bf8e2493d92,,00000000-0000-0000-0000-000000000000,2025-03-19 09:01:54,2025-03-19 09:01:54
d806324d-e749-4859-925b-1793c921765d,delivery,completed,DLV-20260314-1369,14b36b36-babd-4bdf-a193-da58ea3c7c65,,00000000-0000-0000-0000-000000000000,2025-10-12 09:01:54,2025-10-12 09:01:54
31f210df-5e54-4435-b3ae-47b5662c78c4,delivery,completed,DLV-20260314-1370,491fce97-b511-45b3-93de-c20aefd5578f,,00000000-0000-0000-0000-000000000000,2025-05-05 09:01:54,2025-05-05 09:01:54
73df56ad-da99-4d07-a382-dde6c8f6d464,transfer,completed,TRF-20260314-1136,f16de372-d169-4d37-8c84-7b6a522cf091,e9ec2fea-3571-4267-92c9-405e6a8102d7,00000000-0000-0000-0000-000000000000,2025-07-26 09:01:54,2025-07-26 09:01:54
9595116b-d2d8-4dab-ac19-c64cc5443072,delivery,completed,DLV-20260314-1371,418b844f-52d1-4e66-914c-d314e769cbe9,,00000000-0000-0000-0000-000000000000,2025-10-19 09:01:54,2025-10-19 09:01:54
fd59b8e0-6ff4-4963-94e5-c111ae91e868,adjustment,draft,ADJ-20260314-0692,11e2a324-9ee1-4dd1-be73-454dfb9742e0,,00000000-0000-0000-0000-000000000000,2026-02-26 09:01:54,2026-02-26 09:01:54
aac43def-fbfa-4ebb-940d-c0dbd521291c,transfer,completed,TRF-20260314-1137,48714305-26c7-49c9-81b1-d2fa13f5d4f8,20926e62-2daa-4d5f-8f03-c68619df901c,00000000-0000-0000-0000-000000000000,2025-11-22 09:01:54,2025-11-22 09:01:54
54726a4a-7907-4f8d-b9cb-5a804e9b2908,receipt,completed,RCP-20260314-1412,,1f69e5ee-a668-4261-9e34-32069a60e693,00000000-0000-0000-0000-000000000000,2025-09-01 09:01:54,2025-09-01 09:01:54
874e7822-5b74-435a-8f50-f4168040ee00,transfer,draft,TRF-20260314-1138,57a1aa30-d2e8-44a5-ab20-d64cb73d3efa,195b783e-09ad-47f0-89b6-1d39e1ac6a2d,00000000-0000-0000-0000-000000000000,2025-12-05 09:01:54,2025-12-05 09:01:54
b370b267-8ae8-4017-953f-88e172196400,delivery,completed,DLV-20260314-1372,8db15c98-fea9-4f9a-8b59-718b188edb90,,00000000-0000-0000-0000-000000000000,2025-12-09 09:01:54,2025-12-09 09:01:54
2156e701-b0c7-40ce-bdde-ad1f78848749,delivery,completed,DLV-20260314-1373,5115ef1c-7e24-4036-9bb4-404639606740,,00000000-0000-0000-0000-000000000000,2025-06-06 09:01:54,2025-06-06 09:01:54
ad5900e9-628b-4724-a0c6-7dd4bc61050b,adjustment,confirmed,ADJ-20260314-0693,3cf8af88-c59e-42d7-abd3-3c27ce26df31,,00000000-0000-0000-0000-000000000000,2025-10-25 09:01:54,2025-10-25 09:01:54
f8b8316b-601b-48c8-9a89-8546b5d5cae0,delivery,draft,DLV-20260314-1374,14e850f7-c9ef-4e8d-a446-ae4ca6237eb0,,00000000-0000-0000-0000-000000000000,2025-07-10 09:01:54,2025-07-10 09:01:54
156313c3-d73a-41c2-a8cc-306fa712d3d7,transfer,confirmed,TRF-20260314-1139,9df52a64-98e1-41c0-94c4-05fd401fe683,4a96e2c2-3dd2-418e-82b4-f2c9e4d3e093,00000000-0000-0000-0000-000000000000,2025-05-24 09:01:54,2025-05-24 09:01:54
cc7acf47-8e13-48dc-a45d-879b5eb271dd,receipt,completed,RCP-20260314-1413,,a6127835-b5b7-43c5-bdc6-1dd37b5a41bd,00000000-0000-0000-0000-000000000000,2025-07-17 09:01:54,2025-07-17 09:01:54
ecf227bf-d5b8-418a-ab00-c18806a52cbc,transfer,completed,TRF-20260314-1140,13a00bff-734d-4c8d-8e26-4a0f8e3f0e71,d49ad210-a788-4094-9235-b59b175388e5,00000000-0000-0000-0000-000000000000,2025-11-13 09:01:54,2025-11-13 09:01:54
73a7d1e1-127a-417a-b1a5-39c246949c57,adjustment,confirmed,ADJ-20260314-0694,9005b0b1-0d96-4615-8026-2947a0b3bb1c,,00000000-0000-0000-0000-000000000000,2025-08-14 09:01:54,2025-08-14 09:01:54
3991e1fe-1583-4012-a628-adad8bdc0877,receipt,completed,RCP-20260314-1414,,10b900ec-d03c-4dc4-802e-bb9069a2a0c2,00000000-0000-0000-0000-000000000000,2025-05-31 09:01:54,2025-05-31 09:01:54
35b77918-1415-40c1-b151-d3a364698ff4,receipt,completed,RCP-20260314-1415,,148b4334-f927-477a-ad82-0efe810664c4,00000000-0000-0000-0000-000000000000,2025-09-12 09:01:54,2025-09-12 09:01:54
424edfc1-9d19-4d39-b34a-03b519ad302c,receipt,draft,RCP-20260314-1416,,0c12d6a2-ba32-4e06-b43c-a15be6bfdac6,00000000-0000-0000-0000-000000000000,2026-02-05 09:01:54,2026-02-05 09:01:54
5291ef56-d40c-4add-9ac3-1a7c872205f4,delivery,draft,DLV-20260314-1375,a76ea294-0e4f-408d-8e17-729bf2b1a6f6,,00000000-0000-0000-0000-000000000000,2026-02-20 09:01:54,2026-02-20 09:01:54
68d8c664-43af-4d56-bda3-f485565eb580,transfer,completed,TRF-20260314-1141,33b3b3e5-3140-4e6e-b3f9-58da01cbe481,f163b95b-95e3-455d-98db-6505281c0523,00000000-0000-0000-0000-000000000000,2025-09-11 09:01:54,2025-09-11 09:01:54
8a80e0c9-ce8c-45fc-8a38-768183358188,delivery,completed,DLV-20260314-1376,e10248f3-9967-43e8-940f-649af51cacea,,00000000-0000-0000-0000-000000000000,2025-03-27 09:01:54,2025-03-27 09:01:54
27cbd012-9cca-4d30-8a75-5fe0771a490d,receipt,draft,RCP-20260314-1417,,7b20372c-a3c1-41fe-b426-6b49e83275cc,00000000-0000-0000-0000-000000000000,2025-09-27 09:01:54,2025-09-27 09:01:54
9bd92af8-d815-4177-886a-c6491d193f35,receipt,draft,RCP-20260314-1418,,5b7415a9-fd4b-42a4-9d20-bb386858a801,00000000-0000-0000-0000-000000000000,2025-05-26 09:01:54,2025-05-26 09:01:54
9246bee7-82a3-4ccd-85b7-99236cfcceb6,receipt,confirmed,RCP-20260314-1419,,fed3f9bb-62b5-4afc-a551-8151a8ef4b85,00000000-0000-0000-0000-000000000000,2025-03-31 09:01:54,2025-03-31 09:01:54
946c9656-2739-4898-acd4-52ed21319e8b,delivery,completed,DLV-20260314-1377,714a4687-7858-4f67-91ae-e865a3bb19dd,,00000000-0000-0000-0000-000000000000,2025-10-01 09:01:54,2025-10-01 09:01:54
2f7bd6ab-c882-472f-aa9e-afd9fc8d9079,delivery,confirmed,DLV-20260314-1378,afa1e3d1-ab3a-4756-8001-777375d31eaa,,00000000-0000-0000-0000-000000000000,2025-06-19 09:01:54,2025-06-19 09:01:54
b580cc90-15f3-4129-805e-fbc4abd9af51,receipt,draft,RCP-20260314-1420,,02a58a3c-13bb-434c-9265-1cd1b9cab1ab,00000000-0000-0000-0000-000000000000,2025-08-06 09:01:54,2025-08-06 09:01:54
bd4f1b72-e0dc-4526-b518-c93ee351ec69,adjustment,completed,ADJ-20260314-0695,0aa089b1-147b-41d5-9203-45ab7ee9b6c7,,00000000-0000-0000-0000-000000000000,2025-08-09 09:01:54,2025-08-09 09:01:54
019193bb-be8b-4386-95ab-4b761ae8aa57,delivery,completed,DLV-20260314-1379,8f70db21-d3ff-4810-ae63-3a85d266015b,,00000000-0000-0000-0000-000000000000,2025-05-24 09:01:54,2025-05-24 09:01:54
b4ccf65f-8283-424d-b2ea-ab6915e4474e,adjustment,confirmed,ADJ-20260314-0696,e659c181-7dae-427d-b4de-7f995229357f,,00000000-0000-0000-0000-000000000000,2025-11-03 09:01:54,2025-11-03 09:01:54
9eff96f1-29d7-411b-b75e-d3edbcb086f8,adjustment,completed,ADJ-20260314-0697,926316ee-48f7-4313-8983-97f29ad4ce1e,,00000000-0000-0000-0000-000000000000,2026-01-14 09:01:54,2026-01-14 09:01:54
8f818d95-62d7-4d7d-bf8d-d806cd02813e,delivery,draft,DLV-20260314-1380,438c74d8-0c47-4ee2-be48-c295a5e87571,,00000000-0000-0000-0000-000000000000,2025-08-07 09:01:54,2025-08-07 09:01:54
89bca72f-6c53-40fa-9a8e-c5f155115292,receipt,completed,RCP-20260314-1421,,8516a66b-bd5f-4b8e-831b-202796e558e3,00000000-0000-0000-0000-000000000000,2025-03-29 09:01:54,2025-03-29 09:01:54
3cc2ea4f-e9bd-4586-9679-68fe81a3b1d1,transfer,completed,TRF-20260314-1142,c876804d-379b-4ec6-8ac6-fe8c29ca1ddd,8b6de9d4-be03-4822-b22a-6d4d49d2596c,00000000-0000-0000-0000-000000000000,2026-03-13 09:01:54,2026-03-13 09:01:54
b7e41b30-3927-4b5a-88bc-1774832e6e68,delivery,draft,DLV-20260314-1381,e6dfa6d6-2364-46f1-bb59-c233bb972aa6,,00000000-0000-0000-0000-000000000000,2025-10-26 09:01:54,2025-10-26 09:01:54
9bd80a8f-43df-4f5a-b666-dd1c9363999a,receipt,draft,RCP-20260314-1422,,97baf967-e088-42ba-8d53-fa271b0f0fe7,00000000-0000-0000-0000-000000000000,2025-10-13 09:01:54,2025-10-13 09:01:54
e6c9405a-999b-4c5b-828a-79c45181f3ed,receipt,confirmed,RCP-20260314-1423,,36322eca-811a-4362-9c63-b6a5d9a3ab16,00000000-0000-0000-0000-000000000000,2025-11-03 09:01:54,2025-11-03 09:01:54
35fdee30-b606-4be0-88d8-5861dc4d67c1,transfer,completed,TRF-20260314-1143,4811da77-9353-4bfc-bc6f-9069117b760e,6f558729-a1cf-43e8-bd8e-714916ce7827,00000000-0000-0000-0000-000000000000,2025-12-07 09:01:54,2025-12-07 09:01:54
53df3865-bf73-477f-946e-40a1014973cb,transfer,confirmed,TRF-20260314-1144,0b470806-c259-4f2e-985d-ab0395f6a3c7,d35558d9-d9c7-49ae-b05d-69de06fa44e4,00000000-0000-0000-0000-000000000000,2025-11-28 09:01:54,2025-11-28 09:01:54
3440248b-9973-4b4b-b2af-efed524ab752,delivery,draft,DLV-20260314-1382,68c9ad67-ec6c-49c4-9d2a-530d16f4d991,,00000000-0000-0000-0000-000000000000,2025-11-23 09:01:54,2025-11-23 09:01:54
4df36988-f07a-4ded-ac92-159b8c8f72bd,transfer,completed,TRF-20260314-1145,2a89775f-64fb-4a0a-8243-44ff867719f0,12aa1c11-e502-4629-831d-9bbdef2ba9d0,00000000-0000-0000-0000-000000000000,2026-01-23 09:01:54,2026-01-23 09:01:54
d5da58e0-09a2-4f27-a8d9-7430d1d6834c,receipt,completed,RCP-20260314-1424,,a3c6de0a-363b-4495-bf13-ca79482e585c,00000000-0000-0000-0000-000000000000,2025-10-29 09:01:54,2025-10-29 09:01:54
564a4b60-8a4c-41c3-9516-e546794e6d0e,transfer,completed,TRF-20260314-1146,7000b8c7-f817-4274-87f3-ecf7cd4bd561,55a8a682-89c3-4cdc-9b3d-25035c637c3e,00000000-0000-0000-0000-000000000000,2026-02-22 09:01:54,2026-02-22 09:01:54
47599068-e5b0-4fdd-afa4-52f85620d722,adjustment,draft,ADJ-20260314-0698,45527982-1536-42cf-8a5a-0b644b2e2887,,00000000-0000-0000-0000-000000000000,2026-01-27 09:01:54,2026-01-27 09:01:54
1cc0f131-7c2c-4ffe-8474-39b459c87180,delivery,completed,DLV-20260314-1383,aa5bbb43-bdc9-41d2-b3a9-71a58e08f919,,00000000-0000-0000-0000-000000000000,2025-05-28 09:01:54,2025-05-28 09:01:54
797e821f-92bd-41e1-b1c7-aedf877f0067,transfer,completed,TRF-20260314-1147,4d5f3b65-993d-41bb-8e7a-4f15980da9ed,f70cc902-7da3-4e67-b3f5-2a06f1bfe41a,00000000-0000-0000-0000-000000000000,2026-02-08 09:01:54,2026-02-08 09:01:54
5c088c32-6d1c-4f8e-af86-dfac19ed9e1c,adjustment,completed,ADJ-20260314-0699,448d33d8-02ab-487d-87a7-6aa34d8d21c1,,00000000-0000-0000-0000-000000000000,2025-09-10 09:01:54,2025-09-10 09:01:54
b04b8865-66bf-4753-9544-21d4621842ef,receipt,draft,RCP-20260314-1425,,d52999c2-a222-42d7-8bcb-2356f982c690,00000000-0000-0000-0000-000000000000,2025-04-23 09:01:54,2025-04-23 09:01:54
38f836de-b56b-4b88-97c6-202db9400354,adjustment,draft,ADJ-20260314-0700,36db20b4-fc12-4de3-aa8c-60dccc051ffb,,00000000-0000-0000-0000-000000000000,2025-11-19 09:01:54,2025-11-19 09:01:54
6904e3e5-ae16-4b10-8243-d6683486888f,transfer,completed,TRF-20260314-1148,ccfa31dd-50a5-4caf-b01b-a14bc2d06e9e,f8482464-d21c-4334-ac3d-735b72370bfe,00000000-0000-0000-0000-000000000000,2026-03-01 09:01:54,2026-03-01 09:01:54
4fd38175-7e6a-4021-af90-ed17d5fcec2b,transfer,completed,TRF-20260314-1149,d18bf3bd-a638-42a9-92ac-54c07674d426,1772ee29-b4fe-4b73-b147-04b96af9a09d,00000000-0000-0000-0000-000000000000,2025-05-16 09:01:54,2025-05-16 09:01:54
b487ea6c-7407-4330-9c91-4c439e7c7878,receipt,completed,RCP-20260314-1426,,e93a0cca-b5d9-4bb9-876b-7f19d6eaed29,00000000-0000-0000-0000-000000000000,2025-06-05 09:01:54,2025-06-05 09:01:54
709dd904-9c4a-4796-a439-7e3d98bc4b8c,transfer,completed,TRF-20260314-1150,5c43adbd-dcc3-4ecf-b780-657edfa7f2c9,0bb326ed-9ce5-40d6-adb1-54f27e33c03e,00000000-0000-0000-0000-000000000000,2026-02-24 09:01:54,2026-02-24 09:01:54
f154e144-ae00-466c-b8fb-222fc1e26560,delivery,completed,DLV-20260314-1384,0a9d4605-8b27-4d7e-9d0d-d6016d3f09d7,,00000000-0000-0000-0000-000000000000,2025-08-24 09:01:54,2025-08-24 09:01:54
ac57357e-b45d-404a-a9dc-b8c62d3ac0fe,delivery,completed,DLV-20260314-1385,eb0f56fb-6f08-4849-9fa9-c4154e3ebec6,,00000000-0000-0000-0000-000000000000,2025-04-02 09:01:54,2025-04-02 09:01:54
c03c8f6d-7329-4f36-a6ed-2e1c4b39e8e4,transfer,completed,TRF-20260314-1151,c4616d9d-ff44-4ac5-818b-636f76187a94,8a14e366-8dae-4224-9dcb-d1b31c64a4fa,00000000-0000-0000-0000-000000000000,2025-10-30 09:01:54,2025-10-30 09:01:54
77a953bd-0b1e-45e2-a316-f05481bbf509,delivery,draft,DLV-20260314-1386,306d7d16-2041-43a9-bea3-2f5427718930,,00000000-0000-0000-0000-000000000000,2025-12-28 09:01:54,2025-12-28 09:01:54
70d49aa4-6c9b-467b-bbee-92087c94cbc4,delivery,completed,DLV-20260314-1387,4935caf1-3a5d-4fd3-9978-add21703332a,,00000000-0000-0000-0000-000000000000,2025-06-15 09:01:54,2025-06-15 09:01:54
2b14b806-0edc-4ca6-9b6b-138e0ac8cb9a,adjustment,completed,ADJ-20260314-0701,9b6c0d3d-0cfb-487a-8e04-77a5d3a233f3,,00000000-0000-0000-0000-000000000000,2025-09-01 09:01:54,2025-09-01 09:01:54
f6046cbe-7f55-441d-b53b-6079230c3956,receipt,draft,RCP-20260314-1427,,184fd04d-ca27-4998-b3de-e731333ac554,00000000-0000-0000-0000-000000000000,2026-03-06 09:01:54,2026-03-06 09:01:54
750a8c51-d21a-42fc-a885-bf72ec0a88a6,receipt,draft,RCP-20260314-1428,,c83c8321-1786-4ad7-a172-53a5993d1354,00000000-0000-0000-0000-000000000000,2025-11-14 09:01:54,2025-11-14 09:01:54
555d5473-a4c9-4fc5-b9ec-bf574d69e2f1,adjustment,completed,ADJ-20260314-0702,54fb178f-658a-4ec7-bed6-04bea33bdd3a,,00000000-0000-0000-0000-000000000000,2025-08-03 09:01:54,2025-08-03 09:01:54
be8b7221-640f-4ed7-b86b-92f9245cf428,transfer,draft,TRF-20260314-1152,78e82a95-67b9-471f-b5fd-d6fa69d332f6,c1e1c53d-26f1-4a69-ab9b-0018a728e70c,00000000-0000-0000-0000-000000000000,2025-10-24 09:01:54,2025-10-24 09:01:54
8396ac69-7489-4c89-abca-0e9d2a1ce21b,delivery,confirmed,DLV-20260314-1388,44fd7c8d-c861-43a8-95f3-5d958f9b26c8,,00000000-0000-0000-0000-000000000000,2025-12-29 09:01:54,2025-12-29 09:01:54
5a12b449-0e48-4772-beb9-325ef148bf9a,receipt,draft,RCP-20260314-1429,,15ed9b84-731c-4fea-9953-c0e6191c7b6e,00000000-0000-0000-0000-000000000000,2025-12-14 09:01:54,2025-12-14 09:01:54
a8598685-dbfe-424d-80ec-547224957742,adjustment,draft,ADJ-20260314-0703,af30c2bf-1e42-4ed9-9f96-daed97349dcd,,00000000-0000-0000-0000-000000000000,2025-11-08 09:01:54,2025-11-08 09:01:54
fdf20282-da99-4801-9ca0-3d54e630304a,transfer,completed,TRF-20260314-1153,6e2003e9-a59e-4282-a3af-219826aa746f,7437211e-c342-4242-85f1-680d92b02a3f,00000000-0000-0000-0000-000000000000,2025-08-31 09:01:54,2025-08-31 09:01:54
91ef8747-3edb-4af9-9873-c843d2628398,receipt,completed,RCP-20260314-1430,,13d0b37c-cbdf-4d17-a694-93802fe44e33,00000000-0000-0000-0000-000000000000,2025-12-17 09:01:54,2025-12-17 09:01:54
79ade299-2b50-4e4d-8c83-d9ebb9c4e76b,receipt,completed,RCP-20260314-1431,,1e43f80b-4f65-43f8-b7ab-d0a1fbd907a5,00000000-0000-0000-0000-000000000000,2025-05-29 09:01:54,2025-05-29 09:01:54
c3effaae-1bcd-49ef-91ba-71181228ba0e,receipt,completed,RCP-20260314-1432,,b6f4d0d5-655c-4a08-90ed-3e4428eed407,00000000-0000-0000-0000-000000000000,2025-04-17 09:01:54,2025-04-17 09:01:54
e912c309-4dac-449c-9415-49a3d721f7b6,receipt,draft,RCP-20260314-1433,,7def8bf1-154c-454f-83fe-743223ebc321,00000000-0000-0000-0000-000000000000,2025-11-30 09:01:54,2025-11-30 09:01:54
7b249b2a-0678-46a2-bf87-8a621c3da121,adjustment,completed,ADJ-20260314-0704,f28766a2-569b-4bda-8c62-6b69d2a99c86,,00000000-0000-0000-0000-000000000000,2025-12-27 09:01:54,2025-12-27 09:01:54
5fc5db79-c1f1-4aaf-be75-2360d780b24a,transfer,completed,TRF-20260314-1154,441afa7c-f348-494d-a4fa-cdcd96f9bf11,eebf4b4d-461b-468e-9d99-3f2850c31169,00000000-0000-0000-0000-000000000000,2025-07-01 09:01:54,2025-07-01 09:01:54
fe880a7f-0fef-4190-9bd4-a0c06dec793b,delivery,completed,DLV-20260314-1389,391ac68c-0f75-4f2b-b543-0a16d7f8fe98,,00000000-0000-0000-0000-000000000000,2025-10-20 09:01:54,2025-10-20 09:01:54
f8257583-01a0-49de-9a38-a03be2816e83,delivery,draft,DLV-20260314-1390,955ba7ad-936f-48d8-9ea1-75d36f526ce8,,00000000-0000-0000-0000-000000000000,2025-12-28 09:01:54,2025-12-28 09:01:54
c2482291-bc35-4e34-a4bc-26bd2e063db8,receipt,completed,RCP-20260314-1434,,235b8943-d1ee-4edd-98b3-5a5b8be4b184,00000000-0000-0000-0000-000000000000,2025-08-26 09:01:54,2025-08-26 09:01:54
a48ae0e4-1924-4062-8077-a190248f9b3f,delivery,completed,DLV-20260314-1391,1aa60b1b-7786-4900-b84b-1657b0e7bf75,,00000000-0000-0000-0000-000000000000,2025-03-16 09:01:54,2025-03-16 09:01:54
2e07e239-e991-4b16-8e42-93ae5121b0d0,delivery,draft,DLV-20260314-1392,0237d97c-b5dc-48b3-a168-79cde400b897,,00000000-0000-0000-0000-000000000000,2025-09-03 09:01:54,2025-09-03 09:01:54
2367dec6-57ca-41ff-af69-2b57ea4ce06e,receipt,completed,RCP-20260314-1435,,90a7a713-3ac5-404b-892e-4817fb2e12c6,00000000-0000-0000-0000-000000000000,2026-02-19 09:01:54,2026-02-19 09:01:54
4b2e59f3-6675-481e-ac12-9c9678259dee,delivery,completed,DLV-20260314-1393,4048110a-5b56-4c6d-95bb-31938340ddd4,,00000000-0000-0000-0000-000000000000,2025-11-16 09:01:54,2025-11-16 09:01:54
f0abba24-05de-4be5-8c23-ae245564397a,delivery,completed,DLV-20260314-1394,f4b63cff-7716-4d9c-9734-1a1ef5d76b35,,00000000-0000-0000-0000-000000000000,2025-12-28 09:01:54,2025-12-28 09:01:54
87feef6c-b7e5-4a44-8763-6c2185bd6731,delivery,draft,DLV-20260314-1395,81b72603-3651-47d0-b077-14dc26bedb55,,00000000-0000-0000-0000-000000000000,2025-05-24 09:01:54,2025-05-24 09:01:54
3e9f9c80-a486-488e-9f80-b1660dc7a8ec,transfer,draft,TRF-20260314-1155,d0d57a11-a554-4951-8589-7c8560362409,2c2e8583-2d9d-4ea5-b782-2da2bb0b6733,00000000-0000-0000-0000-000000000000,2025-09-13 09:01:54,2025-09-13 09:01:54
033812ad-25b0-4dff-b0d4-6be59486fb39,adjustment,completed,ADJ-20260314-0705,f5a15d65-69ec-49ab-8f99-1ce1c73de318,,00000000-0000-0000-0000-000000000000,2026-02-01 09:01:54,2026-02-01 09:01:54
afaffd32-6ea5-4a05-bd15-d0068bcd6964,receipt,draft,RCP-20260314-1436,,4ea201a1-6876-4f99-8dc9-66c8408e4c4d,00000000-0000-0000-0000-000000000000,2025-07-22 09:01:54,2025-07-22 09:01:54
a36f7a71-e118-4386-86ec-fe4adb02ffe4,delivery,completed,DLV-20260314-1396,38c1d270-c366-4758-b9c6-79def18f8884,,00000000-0000-0000-0000-000000000000,2025-07-29 09:01:54,2025-07-29 09:01:54
92477077-6527-43ca-88f0-a53eafdb2327,adjustment,draft,ADJ-20260314-0706,c9eff640-31ef-47f0-b2db-a1486bbc44d1,,00000000-0000-0000-0000-000000000000,2025-12-11 09:01:54,2025-12-11 09:01:54
a383a520-d4ff-41d9-b4db-a7af43a212a9,adjustment,draft,ADJ-20260314-0707,5006d077-eadb-4fcc-85d1-02d07a05161d,,00000000-0000-0000-0000-000000000000,2025-10-30 09:01:54,2025-10-30 09:01:54
d5aef471-fc05-4ffe-acb3-3c1e5e97c8f3,transfer,completed,TRF-20260314-1156,39bdb5a4-03b2-412a-8e1a-33708aa97704,bde6155d-43bf-4439-b8ee-d97048e9731a,00000000-0000-0000-0000-000000000000,2026-02-06 09:01:54,2026-02-06 09:01:54
d37a790b-569b-415a-b646-3d7b580bf0fb,adjustment,draft,ADJ-20260314-0708,b4417b10-55cb-41ec-8041-3272369c3676,,00000000-0000-0000-0000-000000000000,2025-07-15 09:01:54,2025-07-15 09:01:54
ed61b7cf-67cb-4fd5-abfc-f31ff315fcd9,transfer,completed,TRF-20260314-1157,f5e12ea7-e129-438a-bafa-0235ea7bbfbd,c3eb47d1-b854-47b8-bd0d-8978387f65a6,00000000-0000-0000-0000-000000000000,2025-11-10 09:01:54,2025-11-10 09:01:54
3190c48c-5f63-4926-94da-b02b52d7a96f,receipt,draft,RCP-20260314-1437,,394cc068-a3a9-4798-bdae-fc8611f967f2,00000000-0000-0000-0000-000000000000,2026-01-13 09:01:54,2026-01-13 09:01:54
4b52c7e9-da9c-4962-88b0-9414dd77b794,receipt,completed,RCP-20260314-1438,,8a742ea4-5d63-429e-8aa6-d82423141e9f,00000000-0000-0000-0000-000000000000,2025-05-15 09:01:54,2025-05-15 09:01:54
2d7a166a-64f6-4d18-b4b5-d2b114c71b4f,adjustment,completed,ADJ-20260314-0709,57a1aa30-d2e8-44a5-ab20-d64cb73d3efa,,00000000-0000-0000-0000-000000000000,2025-12-01 09:01:54,2025-12-01 09:01:54
3186ce13-98c4-4565-af79-df2d414535ac,delivery,completed,DLV-20260314-1397,e3786f54-bdbb-40d8-930b-410faae56dad,,00000000-0000-0000-0000-000000000000,2025-11-26 09:01:54,2025-11-26 09:01:54
d5de3f2b-e282-40dd-9b7a-075051bc99a9,transfer,completed,TRF-20260314-1158,bcf745b8-7123-497a-bc43-c1341bb4e792,6c57480f-b4bd-4d0a-98a9-159d0a030845,00000000-0000-0000-0000-000000000000,2025-07-29 09:01:54,2025-07-29 09:01:54
1ae70fac-9b2d-428e-9909-6f1764a1c786,transfer,draft,TRF-20260314-1159,d2ca548f-4b22-4d23-871f-db2ece5bd582,880e4b8e-105d-4a21-98e3-4f3629fa2c27,00000000-0000-0000-0000-000000000000,2025-11-28 09:01:54,2025-11-28 09:01:54
8337f829-a8d9-4141-abab-36b079f49bfd,transfer,completed,TRF-20260314-1160,01a41242-120f-4717-82c5-938d83b6b021,c5086796-fe08-4abd-b8b4-13f60780e6df,00000000-0000-0000-0000-000000000000,2025-12-28 09:01:54,2025-12-28 09:01:54
471d778f-674a-4e64-abe0-7d25f18ec7e1,delivery,completed,DLV-20260314-1398,0f55531d-0da9-4fe3-aa8e-a2b37429c9c9,,00000000-0000-0000-0000-000000000000,2025-08-20 09:01:54,2025-08-20 09:01:54
f24cd96b-492b-4ac6-89f4-0e37918d57cb,delivery,confirmed,DLV-20260314-1399,0c72d695-923c-44e2-b78b-ad75f31755f8,,00000000-0000-0000-0000-000000000000,2025-11-23 09:01:54,2025-11-23 09:01:54
9defe3ec-a851-4a1c-8210-6110905251ce,delivery,confirmed,DLV-20260314-1400,c2fcd315-8a9d-4dea-b56d-92f0f21e9cee,,00000000-0000-0000-0000-000000000000,2025-07-22 09:01:54,2025-07-22 09:01:54
d494409d-75f1-41f5-a9c4-ef42d1ae5827,delivery,draft,DLV-20260314-1401,44177319-a381-4997-9f44-ea14db86cd9e,,00000000-0000-0000-0000-000000000000,2025-07-27 09:01:54,2025-07-27 09:01:54
f3535270-f8ef-4468-aae6-0f30b098badf,adjustment,draft,ADJ-20260314-0710,b3234c56-424a-4e7b-9eec-7ca683c687a4,,00000000-0000-0000-0000-000000000000,2025-09-03 09:01:54,2025-09-03 09:01:54
78be7a2b-54c4-42c4-acc7-8e8b11c79bc2,receipt,completed,RCP-20260314-1439,,526f6f87-a7f5-4fa8-b644-bb381a88597d,00000000-0000-0000-0000-000000000000,2025-06-28 09:01:54,2025-06-28 09:01:54
17858e57-e52b-426e-b32d-2fc78092b625,adjustment,completed,ADJ-20260314-0711,e889394b-67c1-4dee-ba07-785190df3888,,00000000-0000-0000-0000-000000000000,2025-06-10 09:01:54,2025-06-10 09:01:54
d06c63f3-66eb-4600-9b37-35033513f985,adjustment,completed,ADJ-20260314-0712,59190d3a-eade-4fbc-8e9b-c80ec45491f8,,00000000-0000-0000-0000-000000000000,2025-09-28 09:01:54,2025-09-28 09:01:54
a047d9e6-0a7d-4e64-bdc6-786a3b9df98e,adjustment,completed,ADJ-20260314-0713,02e268fe-2d40-4066-b662-fe60ab750267,,00000000-0000-0000-0000-000000000000,2025-12-22 09:01:54,2025-12-22 09:01:54
3327a4aa-d66e-45cb-93dd-9e30bec1ec99,delivery,completed,DLV-20260314-1402,90b5360d-f997-4c79-8dba-395bb022e8cc,,00000000-0000-0000-0000-000000000000,2025-11-08 09:01:54,2025-11-08 09:01:54
878f481c-6d52-468f-b869-c0f1afa7b24f,receipt,completed,RCP-20260314-1440,,994adbb5-3f99-4d0e-b5ce-5e039356bfec,00000000-0000-0000-0000-000000000000,2025-07-24 09:01:54,2025-07-24 09:01:54
9e8439c0-5507-4a5d-9dd1-079863fd959d,receipt,draft,RCP-20260314-1441,,51c9e800-f9c9-4995-bca4-57b4c8d2af89,00000000-0000-0000-0000-000000000000,2025-09-29 09:01:54,2025-09-29 09:01:54
c8065999-0489-4cdb-abff-2891c5b10071,transfer,completed,TRF-20260314-1161,2aa64f2a-a822-45cc-8674-b41f9d8e8540,e858b588-f41d-4d96-838f-272634bd0855,00000000-0000-0000-0000-000000000000,2025-06-03 09:01:54,2025-06-03 09:01:54
5bb1325c-dae5-49c5-add8-3f802bfff2f2,transfer,draft,TRF-20260314-1162,6445e506-14aa-487e-8228-e8c20c246d47,2e335779-8fa1-4925-a31e-5764f38feeb9,00000000-0000-0000-0000-000000000000,2026-01-12 09:01:54,2026-01-12 09:01:54
be386e69-3bdb-4caa-9828-36d664ca042a,transfer,draft,TRF-20260314-1163,cf4201ea-c5f1-4aad-b0a0-45472f107aa9,e526f1de-461d-4191-b1b1-e16b826245b9,00000000-0000-0000-0000-000000000000,2026-02-27 09:01:54,2026-02-27 09:01:54
49c30418-246c-435f-bcbe-93f49ef01a9d,transfer,completed,TRF-20260314-1164,8de5fd26-00bc-481c-8ce9-a688a3e82e78,4f5ba37a-9bf3-4d8e-a789-92fbc09a426b,00000000-0000-0000-0000-000000000000,2025-11-16 09:01:54,2025-11-16 09:01:54
22de14b4-8527-48f8-8a66-02ee13f2a966,transfer,completed,TRF-20260314-1165,14e133c5-b1fc-463a-af94-9818d2903b41,2ad5180c-2a60-46f1-8039-8485a47ab7e7,00000000-0000-0000-0000-000000000000,2026-01-29 09:01:54,2026-01-29 09:01:54
cb364767-ef13-4710-a22c-31c318290149,receipt,draft,RCP-20260314-1442,,6982422a-27b0-4178-8011-fe6c62b922e8,00000000-0000-0000-0000-000000000000,2025-08-08 09:01:54,2025-08-08 09:01:54
78e12764-de18-413d-a8f0-504fd4434171,delivery,confirmed,DLV-20260314-1403,4f5ba37a-9bf3-4d8e-a789-92fbc09a426b,,00000000-0000-0000-0000-000000000000,2025-10-21 09:01:54,2025-10-21 09:01:54
871fb18c-5aff-4ce7-b0bc-84a17635fada,delivery,draft,DLV-20260314-1404,4cd91e8c-46ef-4109-bf02-d2b0ec2d1ede,,00000000-0000-0000-0000-000000000000,2025-11-08 09:01:54,2025-11-08 09:01:54
9cdc3b46-332e-4cbf-a8b1-24fd657fcc28,delivery,completed,DLV-20260314-1405,8e73fbb7-0c16-49d1-be43-85ce8b061b97,,00000000-0000-0000-0000-000000000000,2025-11-19 09:01:54,2025-11-19 09:01:54
b93fc924-8717-4a7b-98b3-96ff977b1d44,delivery,completed,DLV-20260314-1406,b53f5cce-92d5-407e-8668-a214b158c70a,,00000000-0000-0000-0000-000000000000,2025-03-21 09:01:54,2025-03-21 09:01:54
c4c439cb-84c9-40ee-85dd-74c93f200b56,receipt,completed,RCP-20260314-1443,,7f827af5-738f-4f92-9a2f-42b108b536ef,00000000-0000-0000-0000-000000000000,2026-01-16 09:01:54,2026-01-16 09:01:54
e60b7fb8-a9e9-4080-9b01-0263786061c1,transfer,draft,TRF-20260314-1166,c6db03bb-4d49-4531-aac1-e7d7d5e5c63c,e101da00-bdef-4045-96e7-f4d81c86743d,00000000-0000-0000-0000-000000000000,2025-09-11 09:01:54,2025-09-11 09:01:54
f49d3da9-a3ef-4c1c-b663-668f9e42eb1c,receipt,confirmed,RCP-20260314-1444,,ce845149-62aa-4d7e-bf3f-f0208d799935,00000000-0000-0000-0000-000000000000,2025-11-04 09:01:54,2025-11-04 09:01:54
482251ac-663c-4ee3-9fd9-85b4a307ee67,adjustment,confirmed,ADJ-20260314-0714,10c05a8f-73c9-4dbc-80e4-5b3ae4c172d0,,00000000-0000-0000-0000-000000000000,2025-11-18 09:01:54,2025-11-18 09:01:54
4a111853-ff1a-4902-a580-55e919075dca,receipt,confirmed,RCP-20260314-1445,,a7a3e83a-27c6-4c44-a0aa-96ed47120942,00000000-0000-0000-0000-000000000000,2025-11-18 09:01:54,2025-11-18 09:01:54
0fd79576-5933-45c1-9fd1-a3a2c8f488ac,adjustment,completed,ADJ-20260314-0715,f0ab3416-3cf6-45a3-bb34-c31d47fa536e,,00000000-0000-0000-0000-000000000000,2025-10-04 09:01:54,2025-10-04 09:01:54
2293cf5f-2026-4765-babb-8d2150ac3a4b,delivery,confirmed,DLV-20260314-1407,352fbfac-c522-4e75-bd0b-352dec876868,,00000000-0000-0000-0000-000000000000,2025-07-24 09:01:54,2025-07-24 09:01:54
84665f38-b109-47ea-adcc-f6d7cdccf4ae,delivery,completed,DLV-20260314-1408,8df07ba2-3d2f-4e35-88e2-cca0b1d94fe1,,00000000-0000-0000-0000-000000000000,2025-09-14 09:01:54,2025-09-14 09:01:54
514bb26e-0102-4066-9c41-bb0fa06e528e,receipt,completed,RCP-20260314-1446,,f64e9da1-3828-4d78-a658-07d72f9391f0,00000000-0000-0000-0000-000000000000,2025-06-12 09:01:54,2025-06-12 09:01:54
c94c0ecf-99b9-40aa-9aa2-1f5fd429e35f,delivery,confirmed,DLV-20260314-1409,e55b4bf8-33f3-4c43-957d-4b18214794a6,,00000000-0000-0000-0000-000000000000,2025-12-29 09:01:54,2025-12-29 09:01:54
7cc86053-a3f4-4511-8f18-de7f116fbf38,delivery,draft,DLV-20260314-1410,414cbc6a-5d5c-429b-a087-58c5e23edfa9,,00000000-0000-0000-0000-000000000000,2026-01-27 09:01:54,2026-01-27 09:01:54
25707c09-bade-4e54-94c1-b91969596e75,delivery,completed,DLV-20260314-1411,b687b495-4e85-4310-a8e6-adc62d5b13b7,,00000000-0000-0000-0000-000000000000,2025-06-04 09:01:54,2025-06-04 09:01:54
7f6f5b09-d3d6-4fcb-add3-55220a422d9a,receipt,confirmed,RCP-20260314-1447,,b1a1de91-d953-4467-95fa-0acca3afb753,00000000-0000-0000-0000-000000000000,2025-05-17 09:01:54,2025-05-17 09:01:54
d19f4b8b-d425-4463-9c23-9efcbd9c688a,transfer,completed,TRF-20260314-1167,a8b586a1-4779-467a-8cab-7e0cf1c98933,6173ff2b-dd26-4b44-a5b1-e35dac1525da,00000000-0000-0000-0000-000000000000,2025-10-25 09:01:54,2025-10-25 09:01:54
44bd2c39-0e9f-4000-81ca-a9c3cc9db52f,delivery,completed,DLV-20260314-1412,965a24b4-e0df-4e6d-b14e-2dc756013cdf,,00000000-0000-0000-0000-000000000000,2025-07-29 09:01:54,2025-07-29 09:01:54
33d68ba9-b2b9-4a46-8696-5fa926770e5e,receipt,draft,RCP-20260314-1448,,bde6155d-43bf-4439-b8ee-d97048e9731a,00000000-0000-0000-0000-000000000000,2026-01-07 09:01:54,2026-01-07 09:01:54
d995031c-03ac-4373-a73b-c094af737cf8,receipt,completed,RCP-20260314-1449,,4edb45ea-054c-4ee7-acf9-7e5973bb1dec,00000000-0000-0000-0000-000000000000,2025-06-01 09:01:54,2025-06-01 09:01:54
6131d547-f706-4328-8616-a67441b7919c,receipt,completed,RCP-20260314-1450,,80d555e7-8faf-4985-a6bf-2e4382c272f9,00000000-0000-0000-0000-000000000000,2025-06-15 09:01:54,2025-06-15 09:01:54
ab49d886-2621-41be-bfce-7ee669baff02,adjustment,completed,ADJ-20260314-0716,d456d7ec-1b33-475e-8667-0497ab1452de,,00000000-0000-0000-0000-000000000000,2025-07-18 09:01:54,2025-07-18 09:01:54
c47ce073-5b3a-48e3-be0b-880e76275d18,delivery,completed,DLV-20260314-1413,e45694c6-903a-483e-884c-07e585afd88c,,00000000-0000-0000-0000-000000000000,2025-09-21 09:01:54,2025-09-21 09:01:54
8567bce5-0f23-4cfe-af4e-eec20510d325,transfer,confirmed,TRF-20260314-1168,a4ae68a1-b049-43c3-b405-6b4cd8a6b1a1,3696ebf5-fb84-4c4f-a73d-786d7e0ce748,00000000-0000-0000-0000-000000000000,2025-08-22 09:01:54,2025-08-22 09:01:54
821b2ac4-b8c6-4e6f-ae0a-9c44188e584f,transfer,draft,TRF-20260314-1169,78d0e0f5-bb8a-4ed7-9cad-d057fd8a5a79,a5b3b45e-6fdc-4bd4-8440-851b6fa73308,00000000-0000-0000-0000-000000000000,2025-08-04 09:01:54,2025-08-04 09:01:54
ae686568-fa1f-4957-97e6-c120932e3401,adjustment,draft,ADJ-20260314-0717,912d74be-f9e9-47ec-be29-d1823a218d09,,00000000-0000-0000-0000-000000000000,2025-09-15 09:01:54,2025-09-15 09:01:54
d62f39bc-5cfe-4b76-ab23-28e57dc783ec,delivery,draft,DLV-20260314-1414,dd13448b-9e08-454b-8304-9ff48b3d6313,,00000000-0000-0000-0000-000000000000,2025-04-17 09:01:54,2025-04-17 09:01:54
aaad4a38-68f6-4107-a29e-480ecc009e59,delivery,completed,DLV-20260314-1415,aa5c1bf9-991b-4e12-988c-830f0ffbbcd5,,00000000-0000-0000-0000-000000000000,2025-04-05 09:01:54,2025-04-05 09:01:54
5bfce1f6-ba2e-496a-b1a4-03bcd976ef4d,adjustment,completed,ADJ-20260314-0718,e99d6597-8afc-485d-b573-4c1191e32a0e,,00000000-0000-0000-0000-000000000000,2025-09-19 09:01:54,2025-09-19 09:01:54
dd0184ac-2977-44a4-86d5-ead14337ae04,transfer,draft,TRF-20260314-1170,39075fac-9cb6-4fcc-85ac-0e3d61282a46,33e08125-c797-41ec-b754-60f47250fb7d,00000000-0000-0000-0000-000000000000,2025-08-20 09:01:54,2025-08-20 09:01:54
467e107a-468f-4e50-b624-72137ae17f2d,transfer,completed,TRF-20260314-1171,034393b0-d708-4f05-adde-8a8ec25df42e,92c57f6c-6272-480d-ad34-f357a4b3cdd3,00000000-0000-0000-0000-000000000000,2025-06-05 09:01:54,2025-06-05 09:01:54
9f3c4897-c961-4dab-b42e-7813946d2073,adjustment,draft,ADJ-20260314-0719,fd23a41f-bab0-47c8-847d-d471b0258a6a,,00000000-0000-0000-0000-000000000000,2025-08-02 09:01:54,2025-08-02 09:01:54
f693b565-e0bc-4d97-ada8-37245dce8121,receipt,completed,RCP-20260314-1451,,06d59bf8-9b54-401a-89cf-482f1f6fc911,00000000-0000-0000-0000-000000000000,2025-06-20 09:01:54,2025-06-20 09:01:54
b7c90539-ca60-4c1f-89ae-547e7c8705b6,transfer,completed,TRF-20260314-1172,b0e4fc68-4f65-4f9c-b252-38f6c82f51a7,2ec6a423-d285-4243-93ad-f0fe30159e25,00000000-0000-0000-0000-000000000000,2026-01-04 09:01:54,2026-01-04 09:01:54
2581ad55-2a76-4d30-a83c-d562a69e8ff0,delivery,draft,DLV-20260314-1416,413dd686-1a2d-41c7-99ca-21aa1f76d6cb,,00000000-0000-0000-0000-000000000000,2025-03-30 09:01:54,2025-03-30 09:01:54
b6e1f5e4-ecf3-4e4c-bc7e-8874693ad4cc,receipt,completed,RCP-20260314-1452,,96601b73-8714-41f7-8c67-6273567887d3,00000000-0000-0000-0000-000000000000,2025-12-12 09:01:54,2025-12-12 09:01:54
27ddcc66-a395-4459-862a-aac957f49cfd,delivery,draft,DLV-20260314-1417,cbc2231d-6ff2-44d7-b932-b8b6911afc1d,,00000000-0000-0000-0000-000000000000,2025-09-09 09:01:54,2025-09-09 09:01:54
6d769692-a7d7-4856-9a20-81be6e769cab,adjustment,draft,ADJ-20260314-0720,097292a1-12f1-417b-95d3-055bb2e51acc,,00000000-0000-0000-0000-000000000000,2026-03-13 09:01:54,2026-03-13 09:01:54
61adf9e1-4cca-4961-8256-f8a32fe97e34,adjustment,completed,ADJ-20260314-0721,747663b9-dcd8-4993-9f62-779f1dbac90d,,00000000-0000-0000-0000-000000000000,2025-09-19 09:01:54,2025-09-19 09:01:54
ec4d459a-db6d-4754-a280-cbe4708a09af,adjustment,draft,ADJ-20260314-0722,e9a34339-efdf-423d-b681-6f5bb6f911ff,,00000000-0000-0000-0000-000000000000,2025-07-04 09:01:54,2025-07-04 09:01:54
3766c54d-d6a0-43d7-925f-b0fbbc6d3c1f,delivery,completed,DLV-20260314-1418,f6e650b4-adc7-43f0-9d26-8cbedee4b22a,,00000000-0000-0000-0000-000000000000,2025-09-29 09:01:54,2025-09-29 09:01:54
50e65fd6-e545-4c1a-bc40-9458447f14e7,adjustment,confirmed,ADJ-20260314-0723,2216007a-369e-4841-b56c-a1e0b3b2da2a,,00000000-0000-0000-0000-000000000000,2025-12-20 09:01:54,2025-12-20 09:01:54
d1bbbbe3-bf13-4713-8724-f0e46b5fd849,receipt,completed,RCP-20260314-1453,,56f249f9-3bed-4e3b-a972-91ebd15278d8,00000000-0000-0000-0000-000000000000,2026-01-14 09:01:54,2026-01-14 09:01:54
c2b71add-7f8b-4447-85cb-76f1b73e8ca0,delivery,completed,DLV-20260314-1419,9a273075-a60a-4243-83c9-e4a55fc0f40e,,00000000-0000-0000-0000-000000000000,2025-05-27 09:01:54,2025-05-27 09:01:54
a8d5052b-e27e-44e2-9e1a-8e611131d695,delivery,completed,DLV-20260314-1420,1218b0e4-ff7a-40fa-921a-da0ae9c2d721,,00000000-0000-0000-0000-000000000000,2025-12-08 09:01:54,2025-12-08 09:01:54
73297482-20f6-4f4c-8605-91c0355364eb,receipt,completed,RCP-20260314-1454,,6f7da51d-b614-4cca-9be2-e88e93dddca2,00000000-0000-0000-0000-000000000000,2025-09-22 09:01:54,2025-09-22 09:01:54
fcc411e6-0dcc-4149-a401-cd24116b2858,transfer,confirmed,TRF-20260314-1173,dca127ce-7b8a-432c-abee-4711bd72b194,44066de2-8294-4c7f-a66c-6d25d9144ab1,00000000-0000-0000-0000-000000000000,2025-11-24 09:01:54,2025-11-24 09:01:54
080657b6-6f05-4e72-8122-327c9aaca3e2,delivery,confirmed,DLV-20260314-1421,6a5016f8-2c1e-4e4e-a205-266a2e43bd53,,00000000-0000-0000-0000-000000000000,2025-11-28 09:01:54,2025-11-28 09:01:54
c515c28a-1faa-448f-a6d8-cf3fc920a155,delivery,draft,DLV-20260314-1422,f50bcd56-7226-43e0-91b6-1ff24683f81c,,00000000-0000-0000-0000-000000000000,2025-07-22 09:01:54,2025-07-22 09:01:54
92bbb5c9-da5f-465b-820e-bed18a4f317d,delivery,confirmed,DLV-20260314-1423,0ec59dfb-051c-4a2a-a09c-045267ee4ef0,,00000000-0000-0000-0000-000000000000,2025-07-18 09:01:54,2025-07-18 09:01:54
0ea9145a-d80b-4fa2-8852-2853af5b1125,receipt,draft,RCP-20260314-1455,,428a6c82-9c08-4ca4-b4e7-57a8d40aa10e,00000000-0000-0000-0000-000000000000,2025-03-16 09:01:54,2025-03-16 09:01:54
4999fda4-23d3-4687-aded-3fbaff23861c,receipt,draft,RCP-20260314-1456,,d5f7cb21-1fae-46a1-8fca-19754570572a,00000000-0000-0000-0000-000000000000,2026-02-04 09:01:54,2026-02-04 09:01:54
501d56c1-6fff-4ee4-8d32-21ab118c2daf,delivery,completed,DLV-20260314-1424,3fa6ad97-6c64-46e6-9d54-2c3ae8e7843a,,00000000-0000-0000-0000-000000000000,2026-01-05 09:01:54,2026-01-05 09:01:54
080f76ad-1900-42d7-876e-744fec1c3959,adjustment,confirmed,ADJ-20260314-0724,1e2edf0a-fb29-4a35-b36f-e2fe808bbb11,,00000000-0000-0000-0000-000000000000,2025-11-23 09:01:54,2025-11-23 09:01:54
fac6eb43-3fcc-489f-bcc2-52ed8ab0e19a,delivery,completed,DLV-20260314-1425,e01695c9-e128-4867-a499-1ccb803cbcf7,,00000000-0000-0000-0000-000000000000,2025-11-29 09:01:54,2025-11-29 09:01:54
f07ad85e-9f2a-4a75-947e-825f0177f12f,delivery,draft,DLV-20260314-1426,1e43f80b-4f65-43f8-b7ab-d0a1fbd907a5,,00000000-0000-0000-0000-000000000000,2026-03-09 09:01:54,2026-03-09 09:01:54
6c511253-7318-4623-8a29-0d259bd38e1c,delivery,completed,DLV-20260314-1427,71c65f4f-185a-40f6-9e82-41261cfee307,,00000000-0000-0000-0000-000000000000,2026-02-22 09:01:54,2026-02-22 09:01:54
6573a5ab-19c4-472a-a239-805239315f67,delivery,completed,DLV-20260314-1428,ec1b200c-3bfe-4452-8cfc-2132c8b36c90,,00000000-0000-0000-0000-000000000000,2025-11-08 09:01:54,2025-11-08 09:01:54
8b67aef0-3961-4bab-820f-a8699c346d20,receipt,completed,RCP-20260314-1457,,e5a6ee3d-a52a-4007-8cc2-a0918485fbdc,00000000-0000-0000-0000-000000000000,2026-01-12 09:01:54,2026-01-12 09:01:54
c7dffd0e-5744-4edd-93d7-5ef4d32c3889,receipt,completed,RCP-20260314-1458,,c727a967-02a5-4158-b841-2584a83bf7e7,00000000-0000-0000-0000-000000000000,2025-07-07 09:01:54,2025-07-07 09:01:54
4f693644-36e2-4fa0-848f-466af938e46a,delivery,draft,DLV-20260314-1429,7b24135d-bf8b-4b99-a33b-6a84bbd08018,,00000000-0000-0000-0000-000000000000,2025-06-27 09:01:54,2025-06-27 09:01:54
93eb4066-1624-4435-81cc-07c528baad9a,transfer,draft,TRF-20260314-1174,d4f25040-7e4c-4800-ab7c-13381422f34e,c28d7eba-a0ab-4fd6-a916-331b18deaf94,00000000-0000-0000-0000-000000000000,2025-11-20 09:01:54,2025-11-20 09:01:54
eb1b881c-abcd-4c11-87b1-3c695d825837,transfer,completed,TRF-20260314-1175,293aae9c-38c1-490d-a865-ab3c06a60c9d,a389a095-9835-464e-9cad-15f979ac2a69,00000000-0000-0000-0000-000000000000,2025-06-04 09:01:54,2025-06-04 09:01:54
4015592a-8cac-48d9-b18e-77c3c1050ba1,delivery,completed,DLV-20260314-1430,5438eb33-4d9b-4045-b05b-978c20e3d6bc,,00000000-0000-0000-0000-000000000000,2026-01-07 09:01:54,2026-01-07 09:01:54
944a3065-b0d4-4adc-bf8e-111f2273aabb,receipt,completed,RCP-20260314-1459,,dbc25f58-0f4e-4475-80f6-7a09bface654,00000000-0000-0000-0000-000000000000,2025-09-28 09:01:54,2025-09-28 09:01:54
1e3aaf96-496e-4045-9e89-9c52b5903e38,receipt,confirmed,RCP-20260314-1460,,1e43f80b-4f65-43f8-b7ab-d0a1fbd907a5,00000000-0000-0000-0000-000000000000,2025-11-07 09:01:54,2025-11-07 09:01:54
8ff102c9-95c4-456d-a75d-c73ca20bc1e8,adjustment,completed,ADJ-20260314-0725,ceeb6273-642a-4fb3-a1a3-802b66b87277,,00000000-0000-0000-0000-000000000000,2026-03-12 09:01:54,2026-03-12 09:01:54
a6f38c45-7aec-497e-9ee4-e7828a49fdab,delivery,completed,DLV-20260314-1431,ad5d402e-2b47-4e83-8cf7-34ebd8d04d98,,00000000-0000-0000-0000-000000000000,2025-06-01 09:01:54,2025-06-01 09:01:54
ebb126d4-2902-408a-aff3-34a21c4f2109,receipt,draft,RCP-20260314-1461,,926316ee-48f7-4313-8983-97f29ad4ce1e,00000000-0000-0000-0000-000000000000,2025-04-24 09:01:54,2025-04-24 09:01:54
d87559c5-ab42-4de0-be10-92a09993e1bc,receipt,confirmed,RCP-20260314-1462,,1384abd2-8ee9-454e-875e-93a15704679e,00000000-0000-0000-0000-000000000000,2025-05-15 09:01:54,2025-05-15 09:01:54
67751693-d093-4105-a453-b890df47c56b,transfer,confirmed,TRF-20260314-1176,ca3d93a8-be4e-4460-9efd-746812728220,9a52092c-bef5-4f5f-84d4-057b0afcf9d6,00000000-0000-0000-0000-000000000000,2025-10-18 09:01:54,2025-10-18 09:01:54
299a4264-2a9d-400b-954e-70f6cace0503,transfer,completed,TRF-20260314-1177,2370d5c8-0e20-46e5-9818-82a6f31c49d4,988a96b3-09e9-4105-9fcb-97c290de9fcd,00000000-0000-0000-0000-000000000000,2026-01-15 09:01:54,2026-01-15 09:01:54
3a55e843-fa30-4bfe-8123-2073d0182da2,receipt,confirmed,RCP-20260314-1463,,9eda6e04-666f-444d-b850-df499bc178f8,00000000-0000-0000-0000-000000000000,2026-02-14 09:01:54,2026-02-14 09:01:54
2c9427a7-0640-458f-b56b-8ae4178e2d1f,adjustment,confirmed,ADJ-20260314-0726,f42bb319-eac7-4b0c-a4a5-dcbaa85749cd,,00000000-0000-0000-0000-000000000000,2026-01-04 09:01:54,2026-01-04 09:01:54
5e7d5bf8-cbf6-428f-abe1-287d14648098,delivery,completed,DLV-20260314-1432,a260f9fb-8cef-42b4-97f7-7b21835b2845,,00000000-0000-0000-0000-000000000000,2026-01-01 09:01:54,2026-01-01 09:01:54
b8b31071-4bef-46bf-8335-05335f226eca,receipt,draft,RCP-20260314-1464,,3a144465-269d-4d87-b57c-ec1b5ebf989d,00000000-0000-0000-0000-000000000000,2026-02-09 09:01:54,2026-02-09 09:01:54
fbe3781f-ee7e-4101-ad60-8b8fbaec899a,transfer,completed,TRF-20260314-1178,a588e1e5-f6de-4f56-84da-23cb97403dbd,729fe141-596d-46c3-a3ca-146671647903,00000000-0000-0000-0000-000000000000,2025-12-20 09:01:54,2025-12-20 09:01:54
7b8b790f-4c7f-4b28-a184-2863e946b549,transfer,completed,TRF-20260314-1179,1c1b55cf-6b8b-471c-84ab-661377fc1455,788f5d09-3146-4694-a849-5e272b06057b,00000000-0000-0000-0000-000000000000,2025-04-12 09:01:54,2025-04-12 09:01:54
f7c0e0fe-ac9e-4e05-8b54-f3d8211fe802,adjustment,completed,ADJ-20260314-0727,f3e5d918-8393-43f4-8882-3a42f8d47005,,00000000-0000-0000-0000-000000000000,2026-03-13 09:01:54,2026-03-13 09:01:54
87af2dff-e1e0-4faf-a553-a66c7802d799,transfer,completed,TRF-20260314-1180,3750b539-1c22-4b85-9d3a-1b5f18209655,4f9e9aa4-5803-4282-8c40-e9a59cd7dae9,00000000-0000-0000-0000-000000000000,2025-09-26 09:01:54,2025-09-26 09:01:54
1cf42837-b2c2-43fa-90f7-ea91143a983f,transfer,completed,TRF-20260314-1181,5171f860-af97-4ab8-ab2c-ea0844a79315,86b9697d-4dbc-45f1-b5ab-feab2c947127,00000000-0000-0000-0000-000000000000,2025-09-28 09:01:54,2025-09-28 09:01:54
95384e88-6866-485f-94cd-92a9245bd871,delivery,completed,DLV-20260314-1433,ba1edf77-c875-4a71-97ac-64dff49767ab,,00000000-0000-0000-0000-000000000000,2026-01-29 09:01:54,2026-01-29 09:01:54
bd425227-ed29-495f-b661-e74b6e63ffbe,transfer,confirmed,TRF-20260314-1182,8a6702d3-2058-4b5b-9b0d-c72a4af02761,699bb908-4e53-4981-b9f7-5e0c6b7d637c,00000000-0000-0000-0000-000000000000,2025-07-03 09:01:54,2025-07-03 09:01:54
474487c0-0d16-4d5b-9622-e9888704c4ed,receipt,confirmed,RCP-20260314-1465,,2361d151-494b-4094-ab20-6b0ba692e698,00000000-0000-0000-0000-000000000000,2025-12-18 09:01:54,2025-12-18 09:01:54
c238189f-67db-4592-a9c1-3e55585d05d8,transfer,completed,TRF-20260314-1183,511e4c65-3f9a-49b6-b722-6edb2b69664e,96e86617-9062-4f6e-b6ef-31bf57a6b38d,00000000-0000-0000-0000-000000000000,2025-08-09 09:01:54,2025-08-09 09:01:54
ea15a354-f6f1-4324-9dd7-dda17352cee8,adjustment,completed,ADJ-20260314-0728,32728e56-f13c-45ca-9424-1ab506993175,,00000000-0000-0000-0000-000000000000,2025-05-21 09:01:54,2025-05-21 09:01:54
8834323b-655f-43f5-93b1-6a895fd58e27,delivery,completed,DLV-20260314-1434,25a42619-2594-4fc5-baf4-1043740b1037,,00000000-0000-0000-0000-000000000000,2025-07-12 09:01:54,2025-07-12 09:01:54
118c1034-15de-4315-b521-2a3ba6dff99a,delivery,completed,DLV-20260314-1435,5fe8e152-20c9-4f81-8d3a-603a50b03f5f,,00000000-0000-0000-0000-000000000000,2025-06-06 09:01:54,2025-06-06 09:01:54
d4de764a-a7f2-40a8-86df-bd30b0fe6d39,adjustment,completed,ADJ-20260314-0729,b0f936e1-13a9-429e-b18b-3c91ff8e9906,,00000000-0000-0000-0000-000000000000,2025-06-01 09:01:54,2025-06-01 09:01:54
f06fa446-bdce-44a1-b3fa-728a055a3d5b,transfer,completed,TRF-20260314-1184,b9a8790b-cbb0-4c82-adf5-27113200282e,6bdc6cbf-10cd-4e86-ae2d-c437890a1cd6,00000000-0000-0000-0000-000000000000,2026-02-14 09:01:54,2026-02-14 09:01:54
885e5c58-b508-4a6f-a03c-c006a5e91270,receipt,draft,RCP-20260314-1466,,b129ec36-d71a-48bf-a6d3-7bc9e4467755,00000000-0000-0000-0000-000000000000,2025-05-25 09:01:54,2025-05-25 09:01:54
e0e0bd2d-55b3-49f8-9427-1c2d438826bd,adjustment,draft,ADJ-20260314-0730,04e697e2-896e-42b2-956c-8aed383ad328,,00000000-0000-0000-0000-000000000000,2025-12-22 09:01:54,2025-12-22 09:01:54
cd2621f1-cf70-4275-9200-b3a6847922bc,transfer,completed,TRF-20260314-1185,4b5564f2-f782-4525-925b-e4c6f36bfe86,b76cdf14-fbd2-4094-9e79-54672ccde045,00000000-0000-0000-0000-000000000000,2025-07-22 09:01:54,2025-07-22 09:01:54
e0476da5-b9d3-4f80-b9d2-1d0b39614c83,adjustment,completed,ADJ-20260314-0731,b276da73-8a46-4b83-9e91-6e99b76ca5c6,,00000000-0000-0000-0000-000000000000,2025-08-05 09:01:54,2025-08-05 09:01:54
dc8754a3-8783-4752-a02a-07b03f438d33,receipt,draft,RCP-20260314-1467,,83e3ce21-111e-469f-8e19-c2ece691d34c,00000000-0000-0000-0000-000000000000,2026-02-20 09:01:54,2026-02-20 09:01:54
1a9715ec-6728-43c8-94c6-0e8b1b9fa519,transfer,draft,TRF-20260314-1186,edee3caf-32e6-4862-95d5-472e9e3d1d65,00c44db9-33b4-45ff-9859-333f293da6f2,00000000-0000-0000-0000-000000000000,2025-06-12 09:01:54,2025-06-12 09:01:54
f517832f-69a9-4299-9d1d-3c3a439a1f2b,delivery,draft,DLV-20260314-1436,845d6ca9-9c1f-41ca-b423-904fe3464d65,,00000000-0000-0000-0000-000000000000,2026-02-05 09:01:54,2026-02-05 09:01:54
492f256d-65da-4355-bcfd-176f89061347,receipt,draft,RCP-20260314-1468,,877cc27f-e5c2-4310-99f8-045d9bbbb746,00000000-0000-0000-0000-000000000000,2025-03-25 09:01:54,2025-03-25 09:01:54
51a12442-36af-4b7d-9ce1-18c161ad2a3b,delivery,completed,DLV-20260314-1437,cdda5f87-2bcc-4228-98d9-5fa263a30ed5,,00000000-0000-0000-0000-000000000000,2025-06-17 09:01:54,2025-06-17 09:01:54
4c5765a2-06dc-4b62-8ad2-2ace98ef2a67,delivery,completed,DLV-20260314-1438,2397ff01-9197-43ba-9802-ec8eff48031a,,00000000-0000-0000-0000-000000000000,2025-11-25 09:01:54,2025-11-25 09:01:54
afe030c9-5c7b-4638-a7c3-bd8b60c29a81,receipt,completed,RCP-20260314-1469,,56a95c63-9c48-4c20-aa85-338931711129,00000000-0000-0000-0000-000000000000,2025-05-21 09:01:54,2025-05-21 09:01:54
a5f589ab-a4e3-4fae-99ef-643196f7fc50,adjustment,draft,ADJ-20260314-0732,8b204135-8e55-4246-8368-64c4ff96753f,,00000000-0000-0000-0000-000000000000,2025-12-09 09:01:54,2025-12-09 09:01:54
79560380-62f3-463f-b018-6176883b1d3f,receipt,completed,RCP-20260314-1470,,ec10d6f8-c3e5-4415-a13b-84aed74d7019,00000000-0000-0000-0000-000000000000,2025-07-04 09:01:54,2025-07-04 09:01:54
3fa4d431-ff16-4ccf-a9bf-4d4994539804,delivery,draft,DLV-20260314-1439,1294cb7b-ea76-483a-a73a-4fc56a19882d,,00000000-0000-0000-0000-000000000000,2025-12-29 09:01:54,2025-12-29 09:01:54
d9c6318f-594c-4398-92d5-5301fda5a449,receipt,completed,RCP-20260314-1471,,b4c98260-1b16-4348-a801-88a4aab5d8c3,00000000-0000-0000-0000-000000000000,2025-07-03 09:01:54,2025-07-03 09:01:54
f6bf3bac-892c-4420-99e7-cb34a37edddf,delivery,draft,DLV-20260314-1440,984ab6b1-d0bd-4d77-8d01-7a9677faa9b2,,00000000-0000-0000-0000-000000000000,2025-06-03 09:01:54,2025-06-03 09:01:54
f878a43f-c8be-45dc-a1c0-6066f902c75c,receipt,completed,RCP-20260314-1472,,45b49ad6-e2a2-4e08-b018-c7ca56067e9d,00000000-0000-0000-0000-000000000000,2026-03-02 09:01:54,2026-03-02 09:01:54
3350ea78-3160-446a-b2bc-6dba85b374a7,adjustment,draft,ADJ-20260314-0733,75ad1ff2-9a7b-4c6a-b9df-d0acb47217a3,,00000000-0000-0000-0000-000000000000,2025-06-25 09:01:54,2025-06-25 09:01:54
88616d7d-6dae-43a9-81d4-2c9ae0529388,delivery,completed,DLV-20260314-1441,493aea29-89db-4846-a96e-2806cd6f21ea,,00000000-0000-0000-0000-000000000000,2025-05-02 09:01:54,2025-05-02 09:01:54
d31958cd-eade-4fea-8e90-9bfc9f2bf62a,receipt,completed,RCP-20260314-1473,,7ac66f76-46ba-4237-8d99-63b87f6e2e51,00000000-0000-0000-0000-000000000000,2025-04-28 09:01:54,2025-04-28 09:01:54
e843744f-5dda-4fe2-b339-03be1212d870,adjustment,completed,ADJ-20260314-0734,2fb3a220-7d3a-490c-a99d-cd018eede76d,,00000000-0000-0000-0000-000000000000,2026-01-19 09:01:54,2026-01-19 09:01:54
af0d39de-21a0-4a19-bff4-8019499b024c,adjustment,completed,ADJ-20260314-0735,c44e7881-4129-4c4a-818b-1867a98f79c5,,00000000-0000-0000-0000-000000000000,2025-05-01 09:01:54,2025-05-01 09:01:54
800e4e4b-c0bf-42a6-b09e-f5202a4b5f3a,adjustment,draft,ADJ-20260314-0736,eadaa2d6-7d83-48ef-9ba9-6053a9c2285d,,00000000-0000-0000-0000-000000000000,2026-01-26 09:01:54,2026-01-26 09:01:54
7155a084-c01a-4f33-a712-28572f086b60,delivery,draft,DLV-20260314-1442,00278dd2-e1bf-4502-afdc-343a1159db4a,,00000000-0000-0000-0000-000000000000,2025-05-09 09:01:54,2025-05-09 09:01:54
686a0203-0a2c-4699-a49c-a0115e4c2920,receipt,completed,RCP-20260314-1474,,e37f2479-44ee-4a33-ac7a-92e32e318fce,00000000-0000-0000-0000-000000000000,2025-04-16 09:01:54,2025-04-16 09:01:54
96fb6095-94b7-4b80-b725-20f55f8e200b,delivery,completed,DLV-20260314-1443,91d91bb4-6eff-41f2-a723-852b263df2ed,,00000000-0000-0000-0000-000000000000,2025-06-09 09:01:54,2025-06-09 09:01:54
09c36639-9116-4130-894d-0ba66e2505cc,delivery,draft,DLV-20260314-1444,11c5eb62-4aee-47cd-90df-edf665b1449b,,00000000-0000-0000-0000-000000000000,2025-03-24 09:01:54,2025-03-24 09:01:54
9c51a068-4785-4324-ab1f-051de6133f83,transfer,draft,TRF-20260314-1187,b4e5a628-da8f-4bba-bb44-9b387f5b5079,218cd162-88e2-49f7-a205-c4c2bb50954b,00000000-0000-0000-0000-000000000000,2025-11-29 09:01:54,2025-11-29 09:01:54
d85260ac-8e12-4e39-aba0-89399e3cd7dc,receipt,completed,RCP-20260314-1475,,e49febc4-4dc0-4c31-b90b-cae9db40eb2e,00000000-0000-0000-0000-000000000000,2025-04-28 09:01:54,2025-04-28 09:01:54
39f0b9ac-a6f2-4a42-9b55-ef451fb59dd1,receipt,completed,RCP-20260314-1476,,e1e4095a-58c8-45fd-afa6-2b8d9ae3e87a,00000000-0000-0000-0000-000000000000,2025-11-11 09:01:54,2025-11-11 09:01:54
3a77c65a-d404-4855-9f37-2a688c47d663,adjustment,confirmed,ADJ-20260314-0737,264c5fd5-3dbb-4d6c-b6a1-5c59c52282b5,,00000000-0000-0000-0000-000000000000,2025-12-11 09:01:54,2025-12-11 09:01:54
96c9112c-10d6-4dfa-b238-0d5aa60f76be,receipt,completed,RCP-20260314-1477,,81f5ff52-282a-4d66-b273-a17a319de615,00000000-0000-0000-0000-000000000000,2025-04-11 09:01:54,2025-04-11 09:01:54
c1850e14-1a74-48c2-8904-4d6ebda5fc97,delivery,completed,DLV-20260314-1445,d35558d9-d9c7-49ae-b05d-69de06fa44e4,,00000000-0000-0000-0000-000000000000,2025-11-15 09:01:54,2025-11-15 09:01:54
8ef045e5-6156-4add-9842-5c78bb5f80a0,receipt,completed,RCP-20260314-1478,,5d4da003-f4e3-447a-835a-6fd371b014b4,00000000-0000-0000-0000-000000000000,2025-05-02 09:01:54,2025-05-02 09:01:54
c20234b5-0e3f-4796-9011-585e1e300761,delivery,completed,DLV-20260314-1446,593d8a79-1da6-463c-83ad-d45723dcc9c8,,00000000-0000-0000-0000-000000000000,2025-04-19 09:01:54,2025-04-19 09:01:54
502c6fa5-9b19-493f-b502-a28568d2719c,transfer,draft,TRF-20260314-1188,fb295e8e-a105-4bc9-b76f-2de78f2dc3ee,26a1c9b1-c501-4bf6-9050-41d557755a0e,00000000-0000-0000-0000-000000000000,2026-01-17 09:01:54,2026-01-17 09:01:54
7f7c1923-7df7-4419-82d1-2e3630b69c05,adjustment,confirmed,ADJ-20260314-0738,30c9bd53-f835-42f8-9d57-ec0853a821c3,,00000000-0000-0000-0000-000000000000,2026-03-02 09:01:54,2026-03-02 09:01:54
c7155620-6237-4c87-8a10-045e3a7204f9,delivery,completed,DLV-20260314-1447,e12e1851-35e5-4bca-b6c4-507f010551e4,,00000000-0000-0000-0000-000000000000,2025-07-01 09:01:54,2025-07-01 09:01:54
7983e9fb-d7a4-482c-8037-5d1b3250dc2c,receipt,completed,RCP-20260314-1479,,b0a14ad6-c9ba-4001-aa9f-d3c8855c4a5b,00000000-0000-0000-0000-000000000000,2025-03-21 09:01:54,2025-03-21 09:01:54
23025903-bab4-46ab-973e-b09560678841,transfer,completed,TRF-20260314-1189,20e080c9-16e0-439b-b118-7f644c9ad6a6,8e245d8b-4264-4004-b523-df4aa891f020,00000000-0000-0000-0000-000000000000,2025-10-21 09:01:54,2025-10-21 09:01:54
24ed575c-f8dd-44a2-89ea-60df7253cb26,transfer,completed,TRF-20260314-1190,71de5b16-6cbe-4cba-85d5-b586721bc9b2,5dbb08f9-4761-4f62-b2a2-18a6d764ce2e,00000000-0000-0000-0000-000000000000,2025-08-07 09:01:54,2025-08-07 09:01:54
8273f064-bfb3-4cc8-841c-67e7bd3fa50d,receipt,completed,RCP-20260314-1480,,e8cac080-db4e-4a3e-8dd7-051592a24355,00000000-0000-0000-0000-000000000000,2025-08-02 09:01:54,2025-08-02 09:01:54
f3645ba0-d58a-4f47-b529-322a10c893d5,delivery,completed,DLV-20260314-1448,2e165367-7187-40de-8fdc-78698d57759d,,00000000-0000-0000-0000-000000000000,2025-04-06 09:01:54,2025-04-06 09:01:54
1dc52522-dfb9-43cd-b0c8-dbc5977a6edf,transfer,completed,TRF-20260314-1191,7000b8c7-f817-4274-87f3-ecf7cd4bd561,6387077b-65c7-4bd2-b6b5-7cad9e8ca156,00000000-0000-0000-0000-000000000000,2025-11-07 09:01:54,2025-11-07 09:01:54
03455261-611f-44c2-89fc-1f7b0f63732c,receipt,draft,RCP-20260314-1481,,86f9deb7-b614-492d-930e-db96ae28337b,00000000-0000-0000-0000-000000000000,2025-05-22 09:01:54,2025-05-22 09:01:54
23bf3854-d6a1-4e38-910d-a261814c37f8,receipt,completed,RCP-20260314-1482,,9f79a2c9-7c27-4f67-8cd5-c267afcd043b,00000000-0000-0000-0000-000000000000,2026-02-22 09:01:54,2026-02-22 09:01:54
0093ac36-21fe-4cb3-b84d-bc22eadb3658,delivery,completed,DLV-20260314-1449,67f26181-d848-47d0-a3c9-ec0f81e35967,,00000000-0000-0000-0000-000000000000,2025-11-02 09:01:54,2025-11-02 09:01:54
c6833d0c-562f-43b8-9a4d-dc27d783c666,adjustment,completed,ADJ-20260314-0739,d3994d58-6e44-4d2f-ad04-cb74f1458743,,00000000-0000-0000-0000-000000000000,2025-12-25 09:01:54,2025-12-25 09:01:54
09556b26-d446-4e32-a6e6-26b4634e8841,delivery,completed,DLV-20260314-1450,35b674fc-aaa6-4b99-b40c-99c2888c5223,,00000000-0000-0000-0000-000000000000,2025-08-25 09:01:54,2025-08-25 09:01:54
d52a6f69-922c-487f-aff2-727f0c79312d,receipt,draft,RCP-20260314-1483,,551208fd-1713-44c0-9886-e406c24ece4f,00000000-0000-0000-0000-000000000000,2025-05-29 09:01:54,2025-05-29 09:01:54
be0071f9-ba00-485b-a692-dcbcd655afc8,transfer,completed,TRF-20260314-1192,549ffbd1-3a3f-4ba8-83e5-41c3ed44ea91,43a6f895-c727-465f-989c-b2fed50f609d,00000000-0000-0000-0000-000000000000,2026-03-07 09:01:54,2026-03-07 09:01:54
be59e7b1-cc47-4b95-a6e8-8e29531850e9,delivery,draft,DLV-20260314-1451,dea0ce02-4844-4002-a05f-49d8f34302d3,,00000000-0000-0000-0000-000000000000,2025-09-22 09:01:54,2025-09-22 09:01:54
e7121775-bab8-4fd1-b4fa-0593dde1c0db,transfer,completed,TRF-20260314-1193,d52999c2-a222-42d7-8bcb-2356f982c690,89e2604b-cc7b-4cc7-8437-7558c3191e79,00000000-0000-0000-0000-000000000000,2025-12-02 09:01:54,2025-12-02 09:01:54
980ffbba-9f0f-47ba-9236-b66c347eed73,receipt,draft,RCP-20260314-1484,,11350cb2-d5a7-41b7-9e26-ea34793f629e,00000000-0000-0000-0000-000000000000,2025-07-09 09:01:54,2025-07-09 09:01:54
1bfdfecf-cb10-43db-9603-63fb67397a19,adjustment,completed,ADJ-20260314-0740,6731a24c-764c-4144-b0e7-4431973a1cbc,,00000000-0000-0000-0000-000000000000,2026-03-11 09:01:54,2026-03-11 09:01:54
2e3f655e-641e-43e4-af71-4d9c156a0556,receipt,completed,RCP-20260314-1485,,fc28f0c8-e68e-4b9f-ac13-89543870e548,00000000-0000-0000-0000-000000000000,2025-04-20 09:01:54,2025-04-20 09:01:54
c59f55ad-84d4-438d-9895-8a83c9387ad9,receipt,completed,RCP-20260314-1486,,e698de22-9329-434a-866f-9e4cc5b62ae9,00000000-0000-0000-0000-000000000000,2025-03-25 09:01:54,2025-03-25 09:01:54
d957a49d-1c27-4168-baf9-603bdabfa7d4,receipt,completed,RCP-20260314-1487,,68084dae-a45f-4bd4-80d5-4384749bb323,00000000-0000-0000-0000-000000000000,2025-07-27 09:01:54,2025-07-27 09:01:54
114a4af9-67b2-4e2d-8330-47118c685741,transfer,draft,TRF-20260314-1194,42f19cfd-ab52-47da-bd1e-36618242f374,7583d08f-b422-4acc-824b-e5168294660b,00000000-0000-0000-0000-000000000000,2025-12-16 09:01:54,2025-12-16 09:01:54
f40dd4a0-2816-4d17-802d-6943dfd37d05,delivery,completed,DLV-20260314-1452,fa82835c-813e-4569-b522-c0770433179d,,00000000-0000-0000-0000-000000000000,2026-02-23 09:01:54,2026-02-23 09:01:54
5756c801-d9af-4042-bc0d-6147f5901494,transfer,completed,TRF-20260314-1195,745e6592-820f-43e1-b35e-342f714af77e,f45d19ce-648d-46ff-a7d4-d6f06c724dce,00000000-0000-0000-0000-000000000000,2026-01-02 09:01:54,2026-01-02 09:01:54
61d4eaa7-194a-437f-a43c-6f03209342dc,delivery,completed,DLV-20260314-1453,885cd3ba-1fa2-49cd-87a7-a2079430f4b9,,00000000-0000-0000-0000-000000000000,2025-04-06 09:01:54,2025-04-06 09:01:54
9912d397-2372-43d0-8bdc-c33c841f2598,adjustment,completed,ADJ-20260314-0741,6f72dea4-a580-47a1-a25f-2649c24b69e5,,00000000-0000-0000-0000-000000000000,2025-12-29 09:01:54,2025-12-29 09:01:54
0b4ec201-541b-4e67-b17e-fb29e5cf4add,delivery,draft,DLV-20260314-1454,6b309477-5eb4-4d17-a205-3c9f840db6cf,,00000000-0000-0000-0000-000000000000,2026-01-26 09:01:54,2026-01-26 09:01:54
fc6e6794-63b2-4128-ac7d-62ed9dd7131e,delivery,draft,DLV-20260314-1455,b0fc5a07-d7cc-4470-880e-dc3c8e810629,,00000000-0000-0000-0000-000000000000,2026-02-15 09:01:54,2026-02-15 09:01:54
6c36b42a-afa4-470e-aa57-590996cb6668,receipt,completed,RCP-20260314-1488,,75631800-20c3-49cb-8981-d8b894fbe629,00000000-0000-0000-0000-000000000000,2025-04-17 09:01:54,2025-04-17 09:01:54
9afca2bc-2eb3-4982-a11a-c9f72fcd6202,receipt,completed,RCP-20260314-1489,,c6f6f267-3e2c-44a4-905a-951a7fd04e0b,00000000-0000-0000-0000-000000000000,2025-06-02 09:01:54,2025-06-02 09:01:54
72ef96f2-55fc-494f-b172-5ce61f5ef483,adjustment,completed,ADJ-20260314-0742,b0f936e1-13a9-429e-b18b-3c91ff8e9906,,00000000-0000-0000-0000-000000000000,2025-04-08 09:01:54,2025-04-08 09:01:54
eba4e631-7dce-48be-af44-873d3612d555,adjustment,completed,ADJ-20260314-0743,9eda6e04-666f-444d-b850-df499bc178f8,,00000000-0000-0000-0000-000000000000,2026-03-02 09:01:54,2026-03-02 09:01:54
3ab18397-848b-4b92-b679-646a733f473b,receipt,confirmed,RCP-20260314-1490,,5758ae10-7542-4934-8a5d-35646fb2c1c8,00000000-0000-0000-0000-000000000000,2025-05-23 09:01:54,2025-05-23 09:01:54
c60c52b2-466a-401d-874d-2100ad207691,transfer,completed,TRF-20260314-1196,88e19432-c986-4a3d-8062-d51814c245df,e88ca7d5-8646-45cd-ad5b-e4449a8012bb,00000000-0000-0000-0000-000000000000,2026-01-24 09:01:54,2026-01-24 09:01:54
04b1475b-e322-4aec-ab3c-6b3a6af269f3,receipt,completed,RCP-20260314-1491,,e3cd5726-bc31-4497-9548-bdc271dd5acd,00000000-0000-0000-0000-000000000000,2025-05-24 09:01:54,2025-05-24 09:01:54
2db01270-c5ad-403d-9039-5f87eb5bbe27,receipt,confirmed,RCP-20260314-1492,,cd290ec7-1fba-4a1b-8a78-2b885df7768b,00000000-0000-0000-0000-000000000000,2025-05-30 09:01:54,2025-05-30 09:01:54
4edf162f-bbce-4c8b-bf05-130acd018156,transfer,completed,TRF-20260314-1197,7b9d5c23-4ee5-4c6b-9b57-2e0d9538e9c7,901ab274-f0ee-4eab-afd3-d35dfcaf59ee,00000000-0000-0000-0000-000000000000,2025-10-28 09:01:54,2025-10-28 09:01:54
5bac2b9e-085b-416b-8ab7-9e26ab1f136c,receipt,completed,RCP-20260314-1493,,ca3f9c53-95cb-4164-9161-c78706a455e3,00000000-0000-0000-0000-000000000000,2025-07-16 09:01:54,2025-07-16 09:01:54
c3773863-270d-4887-821a-afd8f3494d72,receipt,completed,RCP-20260314-1494,,fce28fc7-cf8f-49b3-8876-6329ab89f329,00000000-0000-0000-0000-000000000000,2025-11-25 09:01:54,2025-11-25 09:01:54
3e54a943-3380-44f3-8398-e29355a183d4,receipt,completed,RCP-20260314-1495,,c3886b1d-2b17-456e-8e21-c8ede83f3a28,00000000-0000-0000-0000-000000000000,2026-02-04 09:01:54,2026-02-04 09:01:54
76b3c210-5586-4389-b701-097502a6628d,adjustment,completed,ADJ-20260314-0744,8c5c8a14-6464-45d6-8e8e-4e079ce72429,,00000000-0000-0000-0000-000000000000,2025-06-08 09:01:54,2025-06-08 09:01:54
0667f1c7-5ca2-40b0-ad2b-f85361149dcf,delivery,completed,DLV-20260314-1456,6c57480f-b4bd-4d0a-98a9-159d0a030845,,00000000-0000-0000-0000-000000000000,2025-11-16 09:01:54,2025-11-16 09:01:54
3b40975a-5e45-4254-a6e1-07271de38327,transfer,draft,TRF-20260314-1198,368840ed-bfba-4ef2-b5e5-533a81323f98,f517e0ad-1df1-420a-a317-1dab599890b5,00000000-0000-0000-0000-000000000000,2025-08-12 09:01:54,2025-08-12 09:01:54
0f27ef62-e4d4-4eef-9ff0-5198cc8e0b60,delivery,completed,DLV-20260314-1457,1df33b8f-3408-4225-9653-66a5ed9f9af7,,00000000-0000-0000-0000-000000000000,2025-06-22 09:01:54,2025-06-22 09:01:54
f55898df-f2ab-420a-afe7-8d4468b3b789,transfer,completed,TRF-20260314-1199,e664566a-d7fe-462b-8e7a-c675f67156f0,1a89fb06-659d-4f03-9249-c48f4698ccd4,00000000-0000-0000-0000-000000000000,2025-05-01 09:01:54,2025-05-01 09:01:54
bdc96096-d57b-4866-bea9-c7507ec445ed,delivery,completed,DLV-20260314-1458,d5a61aa4-c985-4a79-8b5b-9783922a8d0e,,00000000-0000-0000-0000-000000000000,2025-04-18 09:01:54,2025-04-18 09:01:54
c799a315-26f3-4c46-a433-3332a27c1996,transfer,confirmed,TRF-20260314-1200,fd4e822c-7581-40d6-9983-2826324d37de,9fd94f65-b279-43cf-aeab-fa877d2f7cbb,00000000-0000-0000-0000-000000000000,2025-12-12 09:01:54,2025-12-12 09:01:54
35dc8d15-9070-429f-86f7-7b7a56522a3e,receipt,confirmed,RCP-20260314-1496,,df64ce08-782f-4e73-811f-cb1b8e3e4832,00000000-0000-0000-0000-000000000000,2025-08-28 09:01:54,2025-08-28 09:01:54
544169e4-56ac-45e7-9102-662eef385381,transfer,completed,TRF-20260314-1201,ae74edca-c66b-42bd-9d7f-5a965529e697,930bcb44-d08d-4c1f-9931-772fe1e66ae3,00000000-0000-0000-0000-000000000000,2025-12-10 09:01:54,2025-12-10 09:01:54
fd760a0f-57ae-4446-9fd7-f5240d7f78d0,delivery,draft,DLV-20260314-1459,831f53b4-1db0-4959-afca-72c179a9e556,,00000000-0000-0000-0000-000000000000,2025-03-27 09:01:54,2025-03-27 09:01:54
55b58471-341b-4e94-884b-c374d04a11dd,delivery,draft,DLV-20260314-1460,459a9cd7-64e3-460a-8ad0-fbb910a44f7e,,00000000-0000-0000-0000-000000000000,2025-06-15 09:01:54,2025-06-15 09:01:54
863ab7e5-9544-4748-ba55-2e20bc425cdc,delivery,draft,DLV-20260314-1461,40233bf3-d4cd-494a-b4ae-52c24595fd0a,,00000000-0000-0000-0000-000000000000,2025-12-29 09:01:54,2025-12-29 09:01:54
8a8cb805-650c-45d7-83dd-50e3f091b734,delivery,completed,DLV-20260314-1462,bbfd3928-5794-4e26-baba-64d66a138f52,,00000000-0000-0000-0000-000000000000,2025-11-27 09:01:54,2025-11-27 09:01:54
7a317aac-5fff-45f1-99e7-814d1169d12c,receipt,draft,RCP-20260314-1497,,258f112c-da38-483f-b9ba-fface9423498,00000000-0000-0000-0000-000000000000,2025-06-10 09:01:54,2025-06-10 09:01:54
0154b7af-5062-4996-8eea-edc2c78af3b0,delivery,completed,DLV-20260314-1463,4820779f-c03f-48c0-839e-0ca1dbe9ac3f,,00000000-0000-0000-0000-000000000000,2025-04-21 09:01:54,2025-04-21 09:01:54
22f849bb-c05e-46fb-9fbf-2d0cf009759c,transfer,confirmed,TRF-20260314-1202,0d0e5979-d70a-41ac-b28b-4a0d9297244f,e6cd76b7-a919-46d3-b3f9-8ac8707ea7fd,00000000-0000-0000-0000-000000000000,2025-10-18 09:01:54,2025-10-18 09:01:54
4e06a6db-bcfd-4121-b814-32ca27aad235,adjustment,draft,ADJ-20260314-0745,0d407180-3d13-4042-98fc-4d09375a1e58,,00000000-0000-0000-0000-000000000000,2025-05-20 09:01:54,2025-05-20 09:01:54
cde22f74-bc52-481d-ad7e-58d1cd3ffd78,receipt,completed,RCP-20260314-1498,,c35eb85c-9c23-4261-8afa-d0deee804172,00000000-0000-0000-0000-000000000000,2025-12-01 09:01:54,2025-12-01 09:01:54
4ca5c5c6-2e92-4ad5-8532-dd96c2982f19,receipt,draft,RCP-20260314-1499,,b1f8c11e-9c73-4c23-8f2e-ff8f032a7344,00000000-0000-0000-0000-000000000000,2026-02-08 09:01:54,2026-02-08 09:01:54
902b7119-e3b9-4c82-904a-51283ef482a8,adjustment,draft,ADJ-20260314-0746,a01bf5fd-fc55-47aa-9bb0-fc6017e1f474,,00000000-0000-0000-0000-000000000000,2025-11-09 09:01:54,2025-11-09 09:01:54
0640d339-4f86-45e8-8198-8511b32e9565,delivery,completed,DLV-20260314-1464,22147e19-26df-4c55-b88d-c298f7bcf253,,00000000-0000-0000-0000-000000000000,2025-11-16 09:01:54,2025-11-16 09:01:54
8d25d103-c7ad-419b-9ffe-c15b7f194887,receipt,draft,RCP-20260314-1500,,ed42339b-d015-418a-9112-30c22a936c1f,00000000-0000-0000-0000-000000000000,2025-11-23 09:01:54,2025-11-23 09:01:54
2ef5df14-a660-4405-99fc-bec4953c3f52,transfer,draft,TRF-20260314-1203,001a3518-e124-4696-b33e-47e3b4ef82df,2aa64f2a-a822-45cc-8674-b41f9d8e8540,00000000-0000-0000-0000-000000000000,2025-05-11 09:01:54,2025-05-11 09:01:54
a58fa46a-e936-42d0-913f-cc669a4568c4,transfer,draft,TRF-20260314-1204,97f7f2ea-f0ab-4a39-98a9-f2c0fdc12848,c71da81e-bac1-4754-9e6a-0446f3d1e732,00000000-0000-0000-0000-000000000000,2025-06-14 09:01:54,2025-06-14 09:01:54
09b22e1b-ec9c-40aa-b264-a0e5756599c6,receipt,confirmed,RCP-20260314-1501,,1926e17c-465a-41ce-ab59-0717519bd8f0,00000000-0000-0000-0000-000000000000,2026-01-22 09:01:54,2026-01-22 09:01:54
ed5cc5cb-5f27-4a23-bbb8-92c3b9c3e16e,delivery,completed,DLV-20260314-1465,8ba1782d-5cde-4611-8e88-5eee3a0dddfe,,00000000-0000-0000-0000-000000000000,2025-09-07 09:01:54,2025-09-07 09:01:54
9a66d668-d5f5-49a2-b121-74560cd6f917,delivery,completed,DLV-20260314-1466,aa7b4617-7151-477d-bc56-77bb8ea6cd96,,00000000-0000-0000-0000-000000000000,2025-08-27 09:01:54,2025-08-27 09:01:54
61c8b253-3785-4b0d-84c0-22079f9efe96,delivery,confirmed,DLV-20260314-1467,df83f534-e3dd-4d08-ab43-c2813dc93554,,00000000-0000-0000-0000-000000000000,2026-02-25 09:01:54,2026-02-25 09:01:54
7c99d7be-20e7-44df-a1bc-f825bdbb2a7e,transfer,completed,TRF-20260314-1205,e6b6de89-fc55-4482-ba54-7fc29f82a184,ffe66890-2f42-4c29-ae7c-d18462ba710d,00000000-0000-0000-0000-000000000000,2025-08-09 09:01:54,2025-08-09 09:01:54
69e99b2b-6beb-4f1e-87e8-01a45981b274,receipt,completed,RCP-20260314-1502,,d5ba8a18-b9f4-471c-9e39-0d4d0e9c145b,00000000-0000-0000-0000-000000000000,2025-06-13 09:01:54,2025-06-13 09:01:54
0b5127b4-6c1c-4452-aae7-4fbbe99edcc3,receipt,draft,RCP-20260314-1503,,5b8d93be-042d-4bc6-922f-a17db61bfc41,00000000-0000-0000-0000-000000000000,2025-04-28 09:01:54,2025-04-28 09:01:54
8f727934-e165-4e2c-aaf5-d7bd933f52c2,delivery,completed,DLV-20260314-1468,bdb9215e-c240-49ab-8d4b-8716cc77f134,,00000000-0000-0000-0000-000000000000,2025-08-11 09:01:54,2025-08-11 09:01:54
522456b5-141c-4eea-95d9-dc3f714be4c8,receipt,completed,RCP-20260314-1504,,3b0f15a4-2fed-4ba6-acc4-304b2e399c96,00000000-0000-0000-0000-000000000000,2025-04-30 09:01:54,2025-04-30 09:01:54
196ce174-729a-434c-8424-d0941d5aa7f1,receipt,completed,RCP-20260314-1505,,8863dd2c-4d6e-44db-8445-6910023cfd14,00000000-0000-0000-0000-000000000000,2025-08-16 09:01:54,2025-08-16 09:01:54
08ab8e92-6874-4cc6-9352-735d97d33cb0,receipt,completed,RCP-20260314-1506,,e6160fb8-eeaa-43ee-a5e1-1f7f2c59789c,00000000-0000-0000-0000-000000000000,2025-08-13 09:01:54,2025-08-13 09:01:54
db29d105-bfda-414b-8b53-966071ade4fe,adjustment,completed,ADJ-20260314-0747,4a3497c3-703a-4c5d-9cf1-cfb2a547ed8d,,00000000-0000-0000-0000-000000000000,2025-09-24 09:01:54,2025-09-24 09:01:54
e071acbb-a01e-4c31-9636-5c2e1fe20619,transfer,completed,TRF-20260314-1206,02ec0544-446a-431e-8946-5182303a73f8,0d530dbe-4407-45cc-b952-9ba5ae56647a,00000000-0000-0000-0000-000000000000,2026-01-26 09:01:54,2026-01-26 09:01:54
c3d7215b-0ee1-402c-8e2c-7b63a64d3c05,transfer,draft,TRF-20260314-1207,72496853-ebe6-48b5-945a-bc1ee7099fcd,cace376f-669e-40f3-ba8d-43ce0d361556,00000000-0000-0000-0000-000000000000,2025-07-23 09:01:54,2025-07-23 09:01:54
1c83e960-2f1a-469f-a035-5d1db57fb797,adjustment,confirmed,ADJ-20260314-0748,2468bf9b-f8bd-4da7-9fa1-0741b6d0934d,,00000000-0000-0000-0000-000000000000,2025-04-02 09:01:54,2025-04-02 09:01:54
b5c2760b-f8b2-47eb-afdf-86659f8525ad,delivery,completed,DLV-20260314-1469,d240b62e-3d4e-4610-aee8-8911a6440864,,00000000-0000-0000-0000-000000000000,2026-02-20 09:01:54,2026-02-20 09:01:54
1231bcd7-f14e-4102-a850-63131380e36c,receipt,confirmed,RCP-20260314-1507,,d2cf5ca6-5521-4f5c-abe0-de25dc8e4a00,00000000-0000-0000-0000-000000000000,2025-11-13 09:01:54,2025-11-13 09:01:54
59e46ec0-058f-43d8-a68f-85aff946a39f,transfer,completed,TRF-20260314-1208,03336179-9749-4394-8e54-97091ce53b05,4cc8268f-8e37-4eda-bcda-51661328124b,00000000-0000-0000-0000-000000000000,2025-08-25 09:01:54,2025-08-25 09:01:54
d48f19da-dfa5-4f9f-a009-cbf7f99b6515,receipt,completed,RCP-20260314-1508,,7e2f3fb7-d355-4ac1-a7e4-d5e6f55ed938,00000000-0000-0000-0000-000000000000,2025-12-12 09:01:54,2025-12-12 09:01:54
c1ac2fda-506f-4e76-bfe1-51a00f22e029,receipt,completed,RCP-20260314-1509,,b2c7951a-dd34-4cef-8a59-10aaa15450ac,00000000-0000-0000-0000-000000000000,2025-04-21 09:01:54,2025-04-21 09:01:54
37a4416f-ea59-4cd9-aa78-21ff6876ee04,delivery,completed,DLV-20260314-1470,951887eb-6b4b-44c4-9612-cdd5d77701a5,,00000000-0000-0000-0000-000000000000,2026-02-11 09:01:54,2026-02-11 09:01:54
34580a04-52a5-4bfa-8e19-e1ab46806cd3,adjustment,completed,ADJ-20260314-0749,4929f344-558d-423e-8124-493ce466d50f,,00000000-0000-0000-0000-000000000000,2026-01-02 09:01:54,2026-01-02 09:01:54
f5d759dc-1f9b-46d8-8b51-bf5bfe0056ee,receipt,completed,RCP-20260314-1510,,f67b24c8-0df1-48f5-849d-1f0abbeafaca,00000000-0000-0000-0000-000000000000,2025-10-23 09:01:54,2025-10-23 09:01:54
e777ad5a-7f4c-4a73-a62d-567fafe82403,receipt,completed,RCP-20260314-1511,,143693f2-ce19-43af-9133-3c23e957ec31,00000000-0000-0000-0000-000000000000,2026-02-11 09:01:54,2026-02-11 09:01:54
47ce9045-a75b-4346-ab01-19e87fc0cd4e,receipt,draft,RCP-20260314-1512,,38b15350-2b32-4819-bf8c-979c390bfd71,00000000-0000-0000-0000-000000000000,2026-03-10 09:01:54,2026-03-10 09:01:54
0ec9a947-a6e3-4ef3-ae9e-f79895885f99,delivery,draft,DLV-20260314-1471,fb49f74e-e8ca-4f38-bcb2-7ea9bf2e34ff,,00000000-0000-0000-0000-000000000000,2025-08-13 09:01:54,2025-08-13 09:01:54
952a2de4-57d3-4eff-9f8d-351ab107112d,delivery,completed,DLV-20260314-1472,58a8bc47-3427-47ea-81bf-652da8970f65,,00000000-0000-0000-0000-000000000000,2025-05-22 09:01:54,2025-05-22 09:01:54
a1228e50-a4f7-4305-8f52-97d26db2b486,delivery,draft,DLV-20260314-1473,befb3212-1e94-4b8c-84ed-6075a2b8c12a,,00000000-0000-0000-0000-000000000000,2026-01-06 09:01:54,2026-01-06 09:01:54
4c04d71d-afaf-4458-9cb2-858547f6a3df,transfer,completed,TRF-20260314-1209,b796eeb6-107c-487c-9320-f53be215af8a,ab29a54f-7157-4778-995c-ef59b59e3506,00000000-0000-0000-0000-000000000000,2025-06-06 09:01:54,2025-06-06 09:01:54
934243ec-336b-4887-9d49-274afa162467,delivery,completed,DLV-20260314-1474,fccfdf04-4cd7-40c5-aa80-4605c9080615,,00000000-0000-0000-0000-000000000000,2026-02-16 09:01:54,2026-02-16 09:01:54
de445458-e2e4-4fa8-b7a6-5146d234f5c6,adjustment,draft,ADJ-20260314-0750,ac359528-0ab2-4394-b3f5-cfda59285fc9,,00000000-0000-0000-0000-000000000000,2025-03-30 09:01:54,2025-03-30 09:01:54
841bc0e4-0370-436e-9d44-48d18bf4caae,adjustment,draft,ADJ-20260314-0751,89139525-4a90-449d-a0cd-e4f54f0f5dbd,,00000000-0000-0000-0000-000000000000,2025-12-13 09:01:54,2025-12-13 09:01:54
73db9199-2bd7-4580-af39-a30d0fe2e9b9,delivery,draft,DLV-20260314-1475,d95bace8-ebfc-4152-bda3-30b003203e3a,,00000000-0000-0000-0000-000000000000,2025-09-10 09:01:54,2025-09-10 09:01:54
03c1df13-abe2-4d79-9c8c-af1c407b232c,delivery,completed,DLV-20260314-1476,c86d4624-7747-4e3d-835b-cb9ac5df6757,,00000000-0000-0000-0000-000000000000,2025-05-22 09:01:54,2025-05-22 09:01:54
89daaa67-3c0f-4edf-b59d-4988445931b8,receipt,completed,RCP-20260314-1513,,7fd93fca-ca9b-4db5-b1e2-73382476a38b,00000000-0000-0000-0000-000000000000,2025-07-10 09:01:54,2025-07-10 09:01:54
164c3d75-d911-48ae-8405-7722cb4b0f52,receipt,completed,RCP-20260314-1514,,1c6afd6d-8bbc-40fd-9f6b-fa0bbffff84a,00000000-0000-0000-0000-000000000000,2025-07-23 09:01:54,2025-07-23 09:01:54
788ccdcb-9c77-45d7-b2c7-d46cfee90df9,transfer,completed,TRF-20260314-1210,b2746196-5fa4-453e-8f91-cb572dfea6c9,e7893290-7a22-4e37-bcb1-467b192c2c8b,00000000-0000-0000-0000-000000000000,2025-06-08 09:01:54,2025-06-08 09:01:54
55296348-a5f9-42b0-ad5d-3bc22ff1b44d,receipt,draft,RCP-20260314-1515,,9c8d5878-7b33-42bd-b163-e6960a911bd5,00000000-0000-0000-0000-000000000000,2026-03-07 09:01:54,2026-03-07 09:01:54
e355fa53-083a-4d6b-91e8-d1eaa9d25d3e,transfer,completed,TRF-20260314-1211,7b215a81-fab4-498a-9105-d6b382b15029,b5c16ba6-aa66-4827-8fdf-1f1c531a2675,00000000-0000-0000-0000-000000000000,2025-11-06 09:01:54,2025-11-06 09:01:54
d3f3f74d-a286-404b-ad3f-a559d06b0337,delivery,completed,DLV-20260314-1477,5313ff7a-f2a6-4137-a14b-cf5d5de784e1,,00000000-0000-0000-0000-000000000000,2025-12-05 09:01:54,2025-12-05 09:01:54
bf34f21e-c315-4607-b5f8-0d4f774a74fd,receipt,completed,RCP-20260314-1516,,8250231f-c2c1-49de-b281-881273ed81b8,00000000-0000-0000-0000-000000000000,2025-06-23 09:01:54,2025-06-23 09:01:54
04006ea6-0352-412c-8058-d8ebefbb3acc,receipt,completed,RCP-20260314-1517,,e7c4892b-9a5e-44ca-a43d-5823332b430d,00000000-0000-0000-0000-000000000000,2026-01-19 09:01:54,2026-01-19 09:01:54
b0f70a88-7749-4482-be79-4ae42cbacc14,receipt,completed,RCP-20260314-1518,,63e8fc15-c7a2-43d0-9f43-bf9630bd96d1,00000000-0000-0000-0000-000000000000,2025-11-03 09:01:54,2025-11-03 09:01:54
181f7354-5fe7-412d-a604-e7a281feae57,adjustment,completed,ADJ-20260314-0752,3d42d0c9-3717-4f57-8814-1b64d8cde430,,00000000-0000-0000-0000-000000000000,2025-11-22 09:01:54,2025-11-22 09:01:54
bc36a60e-82ab-409b-8e89-2d40b70a15da,transfer,completed,TRF-20260314-1212,abd42b40-e29e-4346-9bc7-9ce7381c1382,989368b6-6555-4be4-8e23-2243c9824716,00000000-0000-0000-0000-000000000000,2025-05-15 09:01:54,2025-05-15 09:01:54
4b16b5de-c68a-4d54-8c36-b07479993ac0,receipt,completed,RCP-20260314-1519,,f37aa2dc-bd65-45ac-b826-a0143443492e,00000000-0000-0000-0000-000000000000,2025-04-17 09:01:54,2025-04-17 09:01:54
65632e2a-fa6b-4d22-b564-523388bd6d7a,adjustment,draft,ADJ-20260314-0753,36ba52ac-2533-4988-8180-8f01b31b0207,,00000000-0000-0000-0000-000000000000,2025-12-14 09:01:54,2025-12-14 09:01:54
55026bbf-ffe0-43cf-970f-bec640db08a3,transfer,draft,TRF-20260314-1213,d91386c5-fa35-4796-bfe5-9b29cceb8fe3,6570c217-48e7-445f-8c8f-32c79d577e1d,00000000-0000-0000-0000-000000000000,2025-07-28 09:01:54,2025-07-28 09:01:54
c52e9792-76d2-47cc-89b1-dd5ef9b3d71a,receipt,completed,RCP-20260314-1520,,b8efd9df-1d4c-46e3-8821-7b664c280b9d,00000000-0000-0000-0000-000000000000,2025-07-13 09:01:54,2025-07-13 09:01:54
655a86ef-a881-451d-be4f-884a76ea96f4,receipt,completed,RCP-20260314-1521,,cbb0cbec-b9af-4487-9410-a9e35216cc0b,00000000-0000-0000-0000-000000000000,2026-01-07 09:01:54,2026-01-07 09:01:54
5790bd63-47b0-494c-9f6f-53ee0db1fc06,transfer,completed,TRF-20260314-1214,15f8b7e6-3b0b-47b4-8e6c-634791bc0d42,8c5c8a14-6464-45d6-8e8e-4e079ce72429,00000000-0000-0000-0000-000000000000,2025-10-02 09:01:54,2025-10-02 09:01:54
01c188f5-6fb4-4e22-b722-6a31a6829c14,delivery,confirmed,DLV-20260314-1478,4a96e2c2-3dd2-418e-82b4-f2c9e4d3e093,,00000000-0000-0000-0000-000000000000,2025-10-15 09:01:54,2025-10-15 09:01:54
5a9b2847-4a37-4e36-a9e3-2584add18159,delivery,draft,DLV-20260314-1479,352049c2-45f9-470d-9472-b0ae56b60364,,00000000-0000-0000-0000-000000000000,2025-04-05 09:01:54,2025-04-05 09:01:54
0b8bc64b-e29f-439d-9d54-7d34f7511bba,transfer,draft,TRF-20260314-1215,b428e87c-55a9-4e05-82ad-c4f136dc8633,55c43fd6-d30b-4674-8762-3ce0679260dc,00000000-0000-0000-0000-000000000000,2025-11-07 09:01:54,2025-11-07 09:01:54
7c611188-8bea-4afd-8bdc-eab44aec7403,transfer,completed,TRF-20260314-1216,9d8d404e-e966-4840-b9e8-b4944850d6c4,660fe773-cc71-4a78-8cf3-cb4aeb7254ff,00000000-0000-0000-0000-000000000000,2025-06-29 09:01:54,2025-06-29 09:01:54
fb33b17a-0157-4c27-aa6e-f653fd6f16fd,delivery,draft,DLV-20260314-1480,8c9b6c6f-6e69-4ae7-8822-bb64a00f774a,,00000000-0000-0000-0000-000000000000,2025-05-23 09:01:54,2025-05-23 09:01:54
f83a822d-ef27-44f3-92f0-2810c173b035,adjustment,draft,ADJ-20260314-0754,aa69224c-ee95-4441-847f-a45190c5ea11,,00000000-0000-0000-0000-000000000000,2025-11-19 09:01:54,2025-11-19 09:01:54
bc88e1ec-9643-47b3-8f33-d682a631b5cf,receipt,completed,RCP-20260314-1522,,157ddccd-bfc6-4678-a8f3-cb6b3475328b,00000000-0000-0000-0000-000000000000,2025-04-26 09:01:54,2025-04-26 09:01:54
15df5ed5-903f-422e-919a-86ed11f4ce63,receipt,completed,RCP-20260314-1523,,9af1ae6e-07d7-47d1-8c2d-9322350d644c,00000000-0000-0000-0000-000000000000,2025-04-10 09:01:54,2025-04-10 09:01:54
3fec030f-1137-4799-a315-4228adb36914,delivery,completed,DLV-20260314-1481,10b16704-0adb-46cc-a1cc-9ae683be6a99,,00000000-0000-0000-0000-000000000000,2025-12-11 09:01:54,2025-12-11 09:01:54
a08e87ed-b822-4996-964b-624e60f3563e,delivery,completed,DLV-20260314-1482,aa6a0f60-601c-45fd-bdcc-bda969e76bfc,,00000000-0000-0000-0000-000000000000,2025-03-23 09:01:54,2025-03-23 09:01:54
aa2ff10c-acb9-437c-aa4b-16bef611deca,receipt,draft,RCP-20260314-1524,,ae9bb44e-0dba-4051-a640-93203ad35b66,00000000-0000-0000-0000-000000000000,2025-03-31 09:01:54,2025-03-31 09:01:54
2fc5841d-3cc6-4301-b31a-018a718cc7d7,transfer,completed,TRF-20260314-1217,e280715b-ee04-4601-8bcf-f9022ac22450,9c22385e-c21e-4d3f-aade-2b2bf86b3eea,00000000-0000-0000-0000-000000000000,2025-10-13 09:01:54,2025-10-13 09:01:54
1948ea56-c0ea-4b1b-bac1-2fb0125b14e0,receipt,completed,RCP-20260314-1525,,e9da2696-5ad7-4fb6-bfa6-72ad47f8d655,00000000-0000-0000-0000-000000000000,2025-05-10 09:01:54,2025-05-10 09:01:54
802be09f-2b73-48ac-a141-d1fc0cc56428,receipt,completed,RCP-20260314-1526,,bc3c02c1-15b5-4b11-b373-cbd17b3960f6,00000000-0000-0000-0000-000000000000,2025-09-09 09:01:54,2025-09-09 09:01:54
7eea3970-29df-4d5a-b7bf-3a490a6d2248,adjustment,draft,ADJ-20260314-0755,8bbaf34c-5349-4bff-bdbb-8ba4f69012f1,,00000000-0000-0000-0000-000000000000,2025-12-01 09:01:54,2025-12-01 09:01:54
836bd80f-f76c-41a9-b7ad-9ad25a1ea839,transfer,completed,TRF-20260314-1218,b6e9a58a-e2d2-4b2b-ba7d-27298915e047,b007ea05-c079-47a8-a62d-711cfa6bd6b5,00000000-0000-0000-0000-000000000000,2026-03-04 09:01:54,2026-03-04 09:01:54
aaf212da-4744-4374-8e73-e0dd4f134cbd,adjustment,completed,ADJ-20260314-0756,59820b74-dcaf-4ff6-a87c-b85a92e5e65f,,00000000-0000-0000-0000-000000000000,2025-12-28 09:01:54,2025-12-28 09:01:54
7231b238-aa54-4fed-b0fc-55ae3d694588,delivery,confirmed,DLV-20260314-1483,9c0f0a14-eecb-42a1-be2e-68c18a0b87dd,,00000000-0000-0000-0000-000000000000,2025-10-23 09:01:54,2025-10-23 09:01:54
13dd57b2-331d-43d1-aff3-24c7044582ca,receipt,draft,RCP-20260314-1527,,9764bbdc-e4f8-4024-b4e4-3212130aaaba,00000000-0000-0000-0000-000000000000,2026-01-21 09:01:54,2026-01-21 09:01:54
f2b90371-1689-44ad-a36a-67bdf4eec14a,transfer,draft,TRF-20260314-1219,e7943d15-2c03-4e03-b91a-9134cb64e96e,1833a2d1-96de-4c71-a7ef-5e824d9df71f,00000000-0000-0000-0000-000000000000,2025-12-19 09:01:54,2025-12-19 09:01:54
e8f5c20d-e72a-4ae3-82b8-06adf4ea71a8,transfer,completed,TRF-20260314-1220,24c94f7c-e883-474b-b6a6-be74fab1bbb6,f12540e1-c217-4277-b196-2269f0df1146,00000000-0000-0000-0000-000000000000,2025-07-20 09:01:54,2025-07-20 09:01:54
b4374b08-43cc-4e05-988f-208ca3bd37a9,delivery,confirmed,DLV-20260314-1484,d961a216-c7da-4814-8a64-896fc9f5aa9e,,00000000-0000-0000-0000-000000000000,2026-03-01 09:01:54,2026-03-01 09:01:54
0649afce-9003-4d0d-8979-3248bd9e0449,adjustment,completed,ADJ-20260314-0757,c9cbec1b-206e-49c0-9eeb-2f50877d5948,,00000000-0000-0000-0000-000000000000,2025-08-23 09:01:54,2025-08-23 09:01:54
cbe53d63-cc62-412a-9a68-d584b34d5205,transfer,draft,TRF-20260314-1221,08524869-bd2f-4ffd-8115-8d520ca29457,193942ad-e1d5-420d-82be-529ead9ad7a9,00000000-0000-0000-0000-000000000000,2025-04-16 09:01:54,2025-04-16 09:01:54
417305d8-33ed-4675-bb25-05f6ea861c29,delivery,draft,DLV-20260314-1485,5ba6616a-3455-48dc-9c2f-595111286427,,00000000-0000-0000-0000-000000000000,2025-10-18 09:01:54,2025-10-18 09:01:54
ab758c61-1673-4b5e-a884-ed3eab9e4b9f,transfer,completed,TRF-20260314-1222,5006d077-eadb-4fcc-85d1-02d07a05161d,7d9056fb-5c3e-471f-92c1-6adf9d1b764b,00000000-0000-0000-0000-000000000000,2026-01-01 09:01:54,2026-01-01 09:01:54
aed974b6-a6a6-4d52-afb3-5154126d5abc,adjustment,completed,ADJ-20260314-0758,0d4f3396-0c06-4d57-884c-b3cabad9ec22,,00000000-0000-0000-0000-000000000000,2025-09-07 09:01:54,2025-09-07 09:01:54
2f6f6e04-c6fb-4e55-b2d7-5836b2557715,receipt,completed,RCP-20260314-1528,,77459b50-5abc-4f68-97da-3eac6b77029c,00000000-0000-0000-0000-000000000000,2026-02-10 09:01:54,2026-02-10 09:01:54
e84ad42a-8ee4-4790-aa38-9b8e63f9e18f,transfer,completed,TRF-20260314-1223,13d0b37c-cbdf-4d17-a694-93802fe44e33,b38d5719-406c-4aee-b1c0-33f48409ff5d,00000000-0000-0000-0000-000000000000,2025-12-04 09:01:54,2025-12-04 09:01:54
9af3f5dd-0cfc-4273-b80e-09b679aa63fb,transfer,draft,TRF-20260314-1224,764880ab-5727-4be9-a859-9fd9a6efcda5,f474e0c5-eeb8-4804-818f-700977459335,00000000-0000-0000-0000-000000000000,2026-01-29 09:01:54,2026-01-29 09:01:54
c4b572df-5bb9-42be-b3a9-3a8550fa5d40,receipt,completed,RCP-20260314-1529,,de223115-34c7-4c61-bd14-47d12dda602b,00000000-0000-0000-0000-000000000000,2026-02-14 09:01:54,2026-02-14 09:01:54
d4ff6f1c-e66f-4762-a4c3-bfbdcef186b6,adjustment,completed,ADJ-20260314-0759,506182fe-1ca1-48bb-8f3e-88fb28ed2304,,00000000-0000-0000-0000-000000000000,2025-10-11 09:01:54,2025-10-11 09:01:54
bf6b98ad-f2f4-486b-a643-38a6885879ea,adjustment,completed,ADJ-20260314-0760,ab573e90-fab2-44bb-afd9-dce6b5a1e49a,,00000000-0000-0000-0000-000000000000,2025-11-09 09:01:54,2025-11-09 09:01:54
521fb667-9504-4f42-88a1-bc7c2075d1e4,delivery,completed,DLV-20260314-1486,89f50c50-18e3-44bf-9b1e-18537c7b40c0,,00000000-0000-0000-0000-000000000000,2025-10-27 09:01:54,2025-10-27 09:01:54
824b39da-6436-4516-ac88-b07085483c18,receipt,draft,RCP-20260314-1530,,6c5366cf-4cbe-41d3-8e46-2059cfe32d15,00000000-0000-0000-0000-000000000000,2025-12-06 09:01:54,2025-12-06 09:01:54
