id,name,sku,category_id,unit,reorder_level,is_active,embedding,created_at
d40be2d7-7b91-4131-836a-c12ed44af1bb,Nike Air Max 754,NIK-AM-754,717c3862-8869-4362-8176-cb3d494e23d2,pair,19,True,,2025-10-25 09:01:53
42e4c96e-b32d-4aee-8abc-8787c73264c2,Nike Air Max 350,NIK-AM-350,717c3862-8869-4362-8176-cb3d494e23d2,pair,33,True,,2026-01-21 09:01:53
d50f6ad7-142a-47fd-af55-addfd609b49b,Nike Air Max 792,NIK-AM-792,717c3862-8869-4362-8176-cb3d494e23d2,pair,99,True,,2026-01-29 09:01:53
f083983a-8483-4e3e-ae8e-d44304b6217b,Nike Air Max 704,NIK-AM-704,717c3862-8869-4362-8176-cb3d494e23d2,pair,59,True,,2026-01-26 09:01:53
44c8a71b-39f0-416d-ae9c-fcbc62c30a87,Nike Air Max 323,NIK-AM-323,717c3862-8869-4362-8176-cb3d494e23d2,pair,34,True,,2026-03-01 09:01:53
11547d6e-683e-4130-b268-7098c8ad3e38,Nike Air Max 674,NIK-AM-674,717c3862-8869-4362-8176-cb3d494e23d2,pair,30,True,,2025-03-20 09:01:53
7069d2b4-db51-427d-bc14-c3e5f497dcff,Nike Air Max 658,NIK-AM-658,717c3862-8869-4362-8176-cb3d494e23d2,pair,58,True,,2025-05-17 09:01:53
66bcfd4f-05ed-4291-bebe-5c978d95491f,Nike Air Max 384,NIK-AM-384,717c3862-8869-4362-8176-cb3d494e23d2,pair,5,True,,2025-12-23 09:01:53
ce28caa5-4e2c-48b1-a939-76bf849ee1dc,Nike Air Max 814,NIK-AM-814,717c3862-8869-4362-8176-cb3d494e23d2,pair,59,True,,2025-12-25 09:01:53
dbc6485b-c2e5-4b7d-a34d-0fc2dc9cfe91,Nike Air Max 320,NIK-AM-320,717c3862-8869-4362-8176-cb3d494e23d2,pair,48,True,,2025-09-01 09:01:53
d58f95f1-6110-4fb1-b42a-968fb23b4abe,Nike Air Max 199,NIK-AM-199,717c3862-8869-4362-8176-cb3d494e23d2,pair,50,True,,2025-05-09 09:01:53
2569b814-4b72-47d4-99d8-796f9987f47d,Nike Air Max 370,NIK-AM-370,717c3862-8869-4362-8176-cb3d494e23d2,pair,10,True,,2025-06-13 09:01:53
54b81a15-8ef0-466c-8e21-5cc6b8d5b59e,Nike Air Max 227,NIK-AM-227,717c3862-8869-4362-8176-cb3d494e23d2,pair,53,True,,2025-10-15 09:01:53
2f1ee3c0-20a3-4763-a99f-d09475148e07,Nike Air Max 949,NIK-AM-949,717c3862-8869-4362-8176-cb3d494e23d2,pair,85,True,,2025-09-10 09:01:53
d45d2c3e-717f-4d1f-ba27-2761a5133d30,Nike Air Max 691,NIK-AM-691,717c3862-8869-4362-8176-cb3d494e23d2,pair,29,True,,2026-02-19 09:01:53
e725e53e-8023-4aa2-99cd-6607858a45b9,Nike Air Max 777,NIK-AM-777,717c3862-8869-4362-8176-cb3d494e23d2,pair,34,True,,2026-02-02 09:01:53
0bc6b474-f4c6-48b9-b415-2273ede76458,Nike Air Max 975,NIK-AM-975,717c3862-8869-4362-8176-cb3d494e23d2,pair,34,True,,2025-09-01 09:01:53
acd7e85e-5d37-46a6-86af-36040a0ee356,Nike Air Max 384,NIK-AM-384-68,717c3862-8869-4362-8176-cb3d494e23d2,pair,86,True,,2025-12-21 09:01:53
6d910497-d073-4474-ae22-4f7865247645,Nike Air Max 479,NIK-AM-479,717c3862-8869-4362-8176-cb3d494e23d2,pair,50,True,,2025-10-29 09:01:53
2c03eac5-367d-45b2-b8df-ec309a7cd0fc,Nike Air Max 818,NIK-AM-818,717c3862-8869-4362-8176-cb3d494e23d2,pair,92,True,,2025-05-07 09:01:53
550c8209-9231-4040-80e3-dcd84f050d53,Nike Air Max 750,NIK-AM-750,717c3862-8869-4362-8176-cb3d494e23d2,pair,26,True,,2025-11-09 09:01:53
8a912c1b-5a17-4516-9286-4857f33c2a0e,Nike Air Max 267,NIK-AM-267,717c3862-8869-4362-8176-cb3d494e23d2,pair,64,True,,2025-04-21 09:01:53
dd9f2da9-7e47-4cd5-848a-ebf89d97a542,Nike Air Max 804,NIK-AM-804,717c3862-8869-4362-8176-cb3d494e23d2,pair,76,True,,2025-09-29 09:01:53
7d224436-336e-472f-a75e-b2a403878738,Nike Air Max 963,NIK-AM-963,717c3862-8869-4362-8176-cb3d494e23d2,pair,12,True,,2026-02-26 09:01:53
1965c100-c72b-4468-80df-2ef1722ef597,Nike Air Max 924,NIK-AM-924,717c3862-8869-4362-8176-cb3d494e23d2,pair,45,True,,2026-02-09 09:01:53
76f4fab9-f01b-4f35-a806-02ea511cb9a9,Nike Air Max 316,NIK-AM-316,717c3862-8869-4362-8176-cb3d494e23d2,pair,77,True,,2025-10-04 09:01:53
c8ef45e6-6820-41fe-9747-8b203db17f3e,Nike Air Max 317,NIK-AM-317,717c3862-8869-4362-8176-cb3d494e23d2,pair,88,True,,2025-04-19 09:01:53
ebff7c1e-e794-4135-b5a4-73054e3d219a,Nike Air Max 569,NIK-AM-569,717c3862-8869-4362-8176-cb3d494e23d2,pair,23,True,,2025-11-08 09:01:53
f59b6b8d-634f-4f1d-ac6a-d0cbfaebf830,Nike Air Max 862,NIK-AM-862,717c3862-8869-4362-8176-cb3d494e23d2,pair,76,True,,2025-05-19 09:01:53
539b4c64-472d-45df-b2ec-0bb10f20a816,Nike Air Max 538,NIK-AM-538,717c3862-8869-4362-8176-cb3d494e23d2,pair,79,True,,2025-11-22 09:01:53
4ee5b9f3-1bef-418c-ae02-3c5b0614cc92,Nike Air Max 241,NIK-AM-241,717c3862-8869-4362-8176-cb3d494e23d2,pair,70,True,,2026-02-18 09:01:53
d56522f0-3326-4da3-9ae6-9c731cfe89ac,Nike Air Max 981,NIK-AM-981,717c3862-8869-4362-8176-cb3d494e23d2,pair,19,True,,2025-12-23 09:01:53
5b4ed58b-a2dd-4840-bbc7-d6cd115f20e7,Nike Air Max 911,NIK-AM-911,717c3862-8869-4362-8176-cb3d494e23d2,pair,92,True,,2026-02-10 09:01:53
46dc4730-220c-4129-984a-22debdbe18ea,Nike Air Max 494,NIK-AM-494,717c3862-8869-4362-8176-cb3d494e23d2,pair,53,True,,2025-07-18 09:01:53
e74e2a1e-2bfd-4a60-879b-b85602ca7368,Nike Air Max 641,NIK-AM-641,717c3862-8869-4362-8176-cb3d494e23d2,pair,37,False,,2026-03-09 09:01:53
03d3543e-2753-47a3-a813-64b37299f5f7,Nike Air Max 796,NIK-AM-796,717c3862-8869-4362-8176-cb3d494e23d2,pair,97,True,,2025-06-13 09:01:53
3e272a4f-012e-43a3-adf6-ce67994e9fa7,Nike Air Max 868,NIK-AM-868,717c3862-8869-4362-8176-cb3d494e23d2,pair,39,True,,2025-09-21 09:01:53
b331a875-f961-4e3b-8459-c33b0cdb0a1c,Nike Air Max 214,NIK-AM-214,717c3862-8869-4362-8176-cb3d494e23d2,pair,42,True,,2025-07-25 09:01:53
f0056cc2-dd07-434a-871a-d434bba53ded,Nike Air Max 103,NIK-AM-103,717c3862-8869-4362-8176-cb3d494e23d2,pair,97,True,,2025-10-31 09:01:53
4737dd8a-3944-4277-9fd4-f3cd5df1b278,Nike Air Max 612,NIK-AM-612,717c3862-8869-4362-8176-cb3d494e23d2,pair,27,True,,2026-01-19 09:01:53
d638e233-566a-42f8-8f42-27c88fde40e4,Nike Air Max 991,NIK-AM-991,717c3862-8869-4362-8176-cb3d494e23d2,pair,85,True,,2025-04-21 09:01:53
e64d5394-6649-4d76-a057-b524129ec462,Nike Air Max 619,NIK-AM-619,717c3862-8869-4362-8176-cb3d494e23d2,pair,82,True,,2025-09-04 09:01:53
ec9a143a-6009-486f-a224-37c0eb2c5539,Nike Air Max 880,NIK-AM-880,717c3862-8869-4362-8176-cb3d494e23d2,pair,25,True,,2025-06-16 09:01:53
69b0e6c7-5487-4db3-bd73-86fff364505e,Nike Air Max 100,NIK-AM-100,717c3862-8869-4362-8176-cb3d494e23d2,pair,81,True,,2026-03-05 09:01:53
bafdef5f-c62d-4512-8875-071e8d0e0b87,Nike Air Max 214,NIK-AM-214-56,717c3862-8869-4362-8176-cb3d494e23d2,pair,44,True,,2025-11-11 09:01:53
c2d0502f-615a-4ed8-a9a6-73214110f381,Nike Air Max 999,NIK-AM-999,717c3862-8869-4362-8176-cb3d494e23d2,pair,77,False,,2026-01-30 09:01:53
1527d6fc-a969-475d-b4ad-3f13467a0577,Nike Air Max 849,NIK-AM-849,717c3862-8869-4362-8176-cb3d494e23d2,pair,67,True,,2025-06-15 09:01:53
565e73bb-924c-4a59-a246-afa737273fa1,Nike Air Max 884,NIK-AM-884,717c3862-8869-4362-8176-cb3d494e23d2,pair,21,True,,2025-07-14 09:01:53
e52a3184-75d1-4dfc-a8ad-8c3a8e49b3f1,Nike Air Max 662,NIK-AM-662,717c3862-8869-4362-8176-cb3d494e23d2,pair,26,True,,2025-05-08 09:01:53
d0d6aa63-0c7f-4ea8-99d3-88430fab10ef,Nike Air Max 533,NIK-AM-533,717c3862-8869-4362-8176-cb3d494e23d2,pair,32,False,,2025-03-26 09:01:53
f1de09f2-482c-4304-9bcd-47931a889cac,Adidas Ultraboost 305,ADI-UB-305,717c3862-8869-4362-8176-cb3d494e23d2,pair,96,True,,2025-04-05 09:01:53
10db30fe-4a5b-4e13-8971-ab8b4584abfb,Adidas Ultraboost 765,ADI-UB-765,717c3862-8869-4362-8176-cb3d494e23d2,pair,52,True,,2025-06-23 09:01:53
78f15b93-54e2-412a-8a2c-351994ac6703,Adidas Ultraboost 562,ADI-UB-562,717c3862-8869-4362-8176-cb3d494e23d2,pair,20,True,,2026-02-10 09:01:53
9ef8e37b-05d8-48b2-a37f-4d2d4eec4958,Adidas Ultraboost 446,ADI-UB-446,717c3862-8869-4362-8176-cb3d494e23d2,pair,7,True,,2025-11-17 09:01:53
31cdbf23-c5c3-4e88-82c3-e1ba0e25bb01,Adidas Ultraboost 702,ADI-UB-702,717c3862-8869-4362-8176-cb3d494e23d2,pair,33,True,,2025-03-17 09:01:53
05f6e791-c309-47ea-9038-83b96dee4e48,Adidas Ultraboost 746,ADI-UB-746,717c3862-8869-4362-8176-cb3d494e23d2,pair,12,True,,2026-02-26 09:01:53
4f363799-f700-402a-ab38-80f3b7e689f4,Adidas Ultraboost 980,ADI-UB-980,717c3862-8869-4362-8176-cb3d494e23d2,pair,47,True,,2025-11-13 09:01:53
5eaee27c-9ad4-4c36-b4cb-b343e9958398,Adidas Ultraboost 385,ADI-UB-385,717c3862-8869-4362-8176-cb3d494e23d2,pair,90,True,,2025-06-11 09:01:53
20398c33-9c6a-408e-84f6-b2da28981299,Adidas Ultraboost 235,ADI-UB-235,717c3862-8869-4362-8176-cb3d494e23d2,pair,97,False,,2025-05-26 09:01:53
154300f1-1ca9-4945-bd3f-cf07b71fb95e,Adidas Ultraboost 690,ADI-UB-690,717c3862-8869-4362-8176-cb3d494e23d2,pair,65,True,,2025-07-15 09:01:53
edee6877-e714-4f4c-9403-f4a1b3535c0b,Adidas Ultraboost 926,ADI-UB-926,717c3862-8869-4362-8176-cb3d494e23d2,pair,57,True,,2026-01-24 09:01:53
9d91b1a3-c078-4da6-a9ad-9c4bc3ffbb25,Adidas Ultraboost 774,ADI-UB-774,717c3862-8869-4362-8176-cb3d494e23d2,pair,60,True,,2025-08-16 09:01:53
a263ad17-4fa4-4e2d-ba8e-0faf07566e5e,Adidas Ultraboost 578,ADI-UB-578,717c3862-8869-4362-8176-cb3d494e23d2,pair,98,True,,2025-04-14 09:01:53
359c3c91-11af-491b-8bb6-22743f47b0c5,Adidas Ultraboost 761,ADI-UB-761,717c3862-8869-4362-8176-cb3d494e23d2,pair,17,True,,2025-09-22 09:01:53
eae8f876-f9a4-4c7d-a674-f43847a220d7,Adidas Ultraboost 919,ADI-UB-919,717c3862-8869-4362-8176-cb3d494e23d2,pair,18,True,,2025-12-07 09:01:53
c0218aab-acd9-43f4-9f48-e4fdaa433d6d,Adidas Ultraboost 649,ADI-UB-649,717c3862-8869-4362-8176-cb3d494e23d2,pair,62,True,,2025-12-11 09:01:53
686ece83-01fa-49e7-89cc-4bacadbe15c6,Adidas Ultraboost 385,ADI-UB-385-69,717c3862-8869-4362-8176-cb3d494e23d2,pair,36,True,,2026-02-04 09:01:53
14cf0e84-2e10-4bfe-baad-334b05395e1f,Adidas Ultraboost 553,ADI-UB-553,717c3862-8869-4362-8176-cb3d494e23d2,pair,75,True,,2025-04-15 09:01:53
3206c9a5-7f48-407e-a0e3-1f45b26d0bce,Adidas Ultraboost 653,ADI-UB-653,717c3862-8869-4362-8176-cb3d494e23d2,pair,6,False,,2025-11-13 09:01:53
3a6e0152-d535-4d56-a930-c83fe65218b4,Adidas Ultraboost 270,ADI-UB-270,717c3862-8869-4362-8176-cb3d494e23d2,pair,57,True,,2025-11-25 09:01:53
c242beb3-e1b5-45e7-ba54-de8176ead67e,Adidas Ultraboost 985,ADI-UB-985,717c3862-8869-4362-8176-cb3d494e23d2,pair,56,False,,2025-12-20 09:01:53
9b10b01f-da80-4c33-907c-df2d3d42037a,Adidas Ultraboost 488,ADI-UB-488,717c3862-8869-4362-8176-cb3d494e23d2,pair,5,False,,2025-10-30 09:01:53
3f7e2cd7-ba3e-4cbb-83d8-46a73a568732,Adidas Ultraboost 902,ADI-UB-902,717c3862-8869-4362-8176-cb3d494e23d2,pair,63,True,,2025-03-23 09:01:53
ab2a14bd-48a3-4ae9-aa99-52184a4b3db0,Adidas Ultraboost 848,ADI-UB-848,717c3862-8869-4362-8176-cb3d494e23d2,pair,76,True,,2025-07-08 09:01:53
0e529944-770c-4a9f-ae02-6c803d166875,Adidas Ultraboost 258,ADI-UB-258,717c3862-8869-4362-8176-cb3d494e23d2,pair,29,True,,2026-02-13 09:01:53
a7f85449-fd5b-4035-ae45-c021de65559f,Adidas Ultraboost 693,ADI-UB-693,717c3862-8869-4362-8176-cb3d494e23d2,pair,99,True,,2025-10-05 09:01:53
4df090d0-2afa-4872-9cd1-e2137710cc7b,Adidas Ultraboost 158,ADI-UB-158,717c3862-8869-4362-8176-cb3d494e23d2,pair,11,True,,2025-06-30 09:01:53
b93a8ca5-fc1e-49f2-a997-8cde7de94d32,Adidas Ultraboost 973,ADI-UB-973,717c3862-8869-4362-8176-cb3d494e23d2,pair,72,True,,2025-06-27 09:01:53
02f5221f-a9dd-479e-888c-a75a21ef4958,Adidas Ultraboost 182,ADI-UB-182,717c3862-8869-4362-8176-cb3d494e23d2,pair,28,True,,2026-02-08 09:01:53
2f2f102a-f0f8-425d-9393-29c0fbcdf3f9,Adidas Ultraboost 791,ADI-UB-791,717c3862-8869-4362-8176-cb3d494e23d2,pair,35,True,,2025-05-27 09:01:53
66f08652-4717-4693-b1ff-5c541b87cdf9,Adidas Ultraboost 352,ADI-UB-352,717c3862-8869-4362-8176-cb3d494e23d2,pair,79,True,,2025-05-01 09:01:53
2383fae3-d93a-494c-9ff7-9ea60a99246c,Adidas Ultraboost 183,ADI-UB-183,717c3862-8869-4362-8176-cb3d494e23d2,pair,58,True,,2025-05-29 09:01:53
fb4481b2-0076-4438-b822-2b534f15b7ca,Adidas Ultraboost 635,ADI-UB-635,717c3862-8869-4362-8176-cb3d494e23d2,pair,45,False,,2025-11-30 09:01:53
9d38e4c6-b83a-41f9-baa1-207248d375db,Adidas Ultraboost 785,ADI-UB-785,717c3862-8869-4362-8176-cb3d494e23d2,pair,96,True,,2025-10-30 09:01:53
934e617b-9a5b-4d7c-b1e2-4fd0b37ec2a3,Adidas Ultraboost 505,ADI-UB-505,717c3862-8869-4362-8176-cb3d494e23d2,pair,21,True,,2025-10-12 09:01:53
ad9922fe-aa1f-4895-89c4-e8c5e0470283,Adidas Ultraboost 568,ADI-UB-568,717c3862-8869-4362-8176-cb3d494e23d2,pair,45,False,,2026-02-05 09:01:53
242a4f1b-36cf-4b07-9839-e221a7998d34,Adidas Ultraboost 109,ADI-UB-109,717c3862-8869-4362-8176-cb3d494e23d2,pair,63,True,,2025-05-30 09:01:53
787431a7-8a15-4b87-b0e5-acfab4b2f481,Adidas Ultraboost 202,ADI-UB-202,717c3862-8869-4362-8176-cb3d494e23d2,pair,14,True,,2025-06-28 09:01:53
d7f0e9ac-eeb9-44e6-b646-3636898081e5,Adidas Ultraboost 371,ADI-UB-371,717c3862-8869-4362-8176-cb3d494e23d2,pair,21,False,,2026-02-07 09:01:53
384b2f28-793f-44a6-88d2-0b3e85412c89,Adidas Ultraboost 350,ADI-UB-350,717c3862-8869-4362-8176-cb3d494e23d2,pair,52,True,,2025-08-02 09:01:53
d0667716-4c56-4fd9-bab1-00c60f687080,Adidas Ultraboost 953,ADI-UB-953,717c3862-8869-4362-8176-cb3d494e23d2,pair,74,True,,2025-05-05 09:01:53
0608b995-e5e7-4b13-9ae1-205c4ce7d50b,Adidas Ultraboost 926,ADI-UB-926-93,717c3862-8869-4362-8176-cb3d494e23d2,pair,72,True,,2025-06-04 09:01:53
b68fa332-679e-4720-aabb-414e1944d06a,Adidas Ultraboost 406,ADI-UB-406,717c3862-8869-4362-8176-cb3d494e23d2,pair,89,True,,2026-01-05 09:01:53
028f5307-8dc0-467c-a728-44d905dd6e13,Adidas Ultraboost 370,ADI-UB-370,717c3862-8869-4362-8176-cb3d494e23d2,pair,19,True,,2025-06-04 09:01:53
63e8aed0-7cf4-4acf-8113-050ea81bf628,Adidas Ultraboost 259,ADI-UB-259,717c3862-8869-4362-8176-cb3d494e23d2,pair,39,True,,2025-11-27 09:01:53
eeec33e5-b6c0-4113-b4b3-a9261e092329,Adidas Ultraboost 834,ADI-UB-834,717c3862-8869-4362-8176-cb3d494e23d2,pair,48,True,,2025-04-24 09:01:53
553b8571-acbc-4f40-8202-dd70a52da9a3,Adidas Ultraboost 973,ADI-UB-973-43,717c3862-8869-4362-8176-cb3d494e23d2,pair,69,True,,2026-02-16 09:01:53
f82f3a5f-41f7-4716-9050-7479ae92bf0b,Adidas Ultraboost 194,ADI-UB-194,717c3862-8869-4362-8176-cb3d494e23d2,pair,86,True,,2025-10-24 09:01:53
58def796-0182-4622-81d7-7a117a2de506,Adidas Ultraboost 145,ADI-UB-145,717c3862-8869-4362-8176-cb3d494e23d2,pair,5,True,,2026-01-07 09:01:53
24bcd75b-dbfe-419d-b97a-8461a5e00b7b,Adidas Ultraboost 752,ADI-UB-752,717c3862-8869-4362-8176-cb3d494e23d2,pair,38,True,,2025-07-31 09:01:53
53d8ccc5-41f4-4509-8a45-5a463758d188,Puma Running Shoe 664,PUM-RS-664,717c3862-8869-4362-8176-cb3d494e23d2,pair,95,True,,2026-03-10 09:01:53
1315d1fb-fb69-4156-a721-715523c9738f,Puma Running Shoe 214,PUM-RS-214,717c3862-8869-4362-8176-cb3d494e23d2,pair,14,False,,2025-03-26 09:01:53
4b331d72-0f53-4f9b-905f-5bbaef5fa214,Puma Running Shoe 252,PUM-RS-252,717c3862-8869-4362-8176-cb3d494e23d2,pair,74,True,,2025-09-06 09:01:53
f3524261-7f51-4304-9d75-68d16493668b,Puma Running Shoe 696,PUM-RS-696,717c3862-8869-4362-8176-cb3d494e23d2,pair,75,True,,2026-01-08 09:01:53
f8008782-0a95-4211-a42d-9370f68fd32a,Puma Running Shoe 142,PUM-RS-142,717c3862-8869-4362-8176-cb3d494e23d2,pair,44,True,,2026-02-22 09:01:53
7e8e1f94-554d-4bed-94b5-6661c2bf5f9c,Puma Running Shoe 466,PUM-RS-466,717c3862-8869-4362-8176-cb3d494e23d2,pair,31,True,,2025-04-07 09:01:53
2bb9e58f-ddde-4d0e-a87b-5789edde2986,Puma Running Shoe 205,PUM-RS-205,717c3862-8869-4362-8176-cb3d494e23d2,pair,50,True,,2025-08-18 09:01:53
2acb49ec-e20b-44bd-adf9-0985f8893075,Puma Running Shoe 735,PUM-RS-735,717c3862-8869-4362-8176-cb3d494e23d2,pair,100,True,,2025-11-13 09:01:53
d345c010-1741-450c-bf95-a6a8067879b7,Puma Running Shoe 985,PUM-RS-985,717c3862-8869-4362-8176-cb3d494e23d2,pair,25,False,,2025-12-14 09:01:53
a453652c-a93b-4102-a514-c9a8cd8007d8,Puma Running Shoe 522,PUM-RS-522,717c3862-8869-4362-8176-cb3d494e23d2,pair,8,True,,2025-09-25 09:01:53
f51e2ea5-54a7-4244-a94f-134196b0964f,Puma Running Shoe 901,PUM-RS-901,717c3862-8869-4362-8176-cb3d494e23d2,pair,57,True,,2025-11-07 09:01:53
ce7569af-31df-4548-b713-c6c7ac3155c7,Puma Running Shoe 373,PUM-RS-373,717c3862-8869-4362-8176-cb3d494e23d2,pair,25,True,,2026-01-18 09:01:53
64d8a158-9b0a-400c-b641-8f8043029be0,Puma Running Shoe 491,PUM-RS-491,717c3862-8869-4362-8176-cb3d494e23d2,pair,9,True,,2025-11-21 09:01:53
a55ec62d-8dc3-46f0-9bca-775753c21e8b,Puma Running Shoe 304,PUM-RS-304,717c3862-8869-4362-8176-cb3d494e23d2,pair,63,True,,2025-11-18 09:01:53
3a5218db-5241-45c8-8534-6d7ff682fa42,Puma Running Shoe 328,PUM-RS-328,717c3862-8869-4362-8176-cb3d494e23d2,pair,8,True,,2025-08-22 09:01:53
8f2bd631-c88a-415d-9d7e-6527ee23e403,Puma Running Shoe 436,PUM-RS-436,717c3862-8869-4362-8176-cb3d494e23d2,pair,40,True,,2025-10-23 09:01:53
96d29691-0388-4be2-8528-51d12c733be4,Puma Running Shoe 459,PUM-RS-459,717c3862-8869-4362-8176-cb3d494e23d2,pair,87,True,,2025-04-01 09:01:53
5f540f88-ca1e-4cf4-a83f-592feabe9296,Puma Running Shoe 963,PUM-RS-963,717c3862-8869-4362-8176-cb3d494e23d2,pair,73,True,,2026-02-28 09:01:53
999ba5d8-25db-432c-9e15-050d5e72de8e,Puma Running Shoe 218,PUM-RS-218,717c3862-8869-4362-8176-cb3d494e23d2,pair,38,True,,2025-10-30 09:01:53
41b7c85d-fb67-4f51-839a-7ef496f2cf1c,Puma Running Shoe 139,PUM-RS-139,717c3862-8869-4362-8176-cb3d494e23d2,pair,18,True,,2025-09-19 09:01:53
3f2a08f5-f642-4778-b680-2a5c591b766e,Puma Running Shoe 846,PUM-RS-846,717c3862-8869-4362-8176-cb3d494e23d2,pair,45,True,,2025-06-26 09:01:53
0349f66d-c81c-449f-ae07-04ec44041128,Puma Running Shoe 218,PUM-RS-218-59,717c3862-8869-4362-8176-cb3d494e23d2,pair,78,True,,2026-02-20 09:01:53
0e525cf4-68d9-41ea-8f73-1e40cf04a669,Puma Running Shoe 825,PUM-RS-825,717c3862-8869-4362-8176-cb3d494e23d2,pair,60,True,,2025-06-12 09:01:53
803d812e-e3a4-482d-a6a7-8dc8ff19eb9c,Puma Running Shoe 803,PUM-RS-803,717c3862-8869-4362-8176-cb3d494e23d2,pair,97,False,,2025-04-05 09:01:53
bbe3ec5b-f900-4067-8b20-6249b5b699a9,Puma Running Shoe 301,PUM-RS-301,717c3862-8869-4362-8176-cb3d494e23d2,pair,51,True,,2025-04-08 09:01:53
4b8cdab9-6f5f-4a8e-8e8a-1e2f9455650c,Puma Running Shoe 438,PUM-RS-438,717c3862-8869-4362-8176-cb3d494e23d2,pair,84,True,,2026-01-10 09:01:53
6b884f9f-660f-4aa8-81f8-b73c1a750ce7,Puma Running Shoe 837,PUM-RS-837,717c3862-8869-4362-8176-cb3d494e23d2,pair,43,True,,2025-04-07 09:01:53
71b65f68-d2a7-4588-a28b-9175d8f55c85,Puma Running Shoe 518,PUM-RS-518,717c3862-8869-4362-8176-cb3d494e23d2,pair,46,True,,2025-10-14 09:01:53
483d0a27-75bc-40aa-99b3-cfe2f721463b,Puma Running Shoe 667,PUM-RS-667,717c3862-8869-4362-8176-cb3d494e23d2,pair,21,True,,2025-04-08 09:01:53
160b5b0c-9319-4827-aaa8-395ae346a2c6,Puma Running Shoe 488,PUM-RS-488,717c3862-8869-4362-8176-cb3d494e23d2,pair,91,True,,2025-12-15 09:01:53
90b2aa41-55bc-41e9-8d4c-f2427f9ab7d2,Puma Running Shoe 730,PUM-RS-730,717c3862-8869-4362-8176-cb3d494e23d2,pair,77,True,,2025-06-07 09:01:53
6f6fda41-d03e-4252-bae2-20d8c4a044bf,Puma Running Shoe 953,PUM-RS-953,717c3862-8869-4362-8176-cb3d494e23d2,pair,5,True,,2025-11-27 09:01:53
48429add-9ede-4f09-b21b-2edd9a14e265,Puma Running Shoe 540,PUM-RS-540,717c3862-8869-4362-8176-cb3d494e23d2,pair,79,True,,2025-10-01 09:01:53
1ae007aa-2566-4e26-b858-6746de4cd21e,Puma Running Shoe 576,PUM-RS-576,717c3862-8869-4362-8176-cb3d494e23d2,pair,61,True,,2025-11-25 09:01:53
5a7888f7-567e-4db2-9144-f59c8bfb4939,Puma Running Shoe 623,PUM-RS-623,717c3862-8869-4362-8176-cb3d494e23d2,pair,65,True,,2025-12-18 09:01:53
3f2675bb-24ad-411b-95e8-d69ce5129f3b,Puma Running Shoe 774,PUM-RS-774,717c3862-8869-4362-8176-cb3d494e23d2,pair,15,True,,2025-04-09 09:01:53
7123928c-b182-4fea-89f5-faca6f703a06,Puma Running Shoe 748,PUM-RS-748,717c3862-8869-4362-8176-cb3d494e23d2,pair,84,True,,2025-11-14 09:01:53
5216f867-6840-45b2-a79d-b16aec25f2af,Puma Running Shoe 788,PUM-RS-788,717c3862-8869-4362-8176-cb3d494e23d2,pair,44,True,,2025-12-03 09:01:53
3124ef0e-1deb-4e6d-89c7-ed1d0ca5f275,Puma Running Shoe 250,PUM-RS-250,717c3862-8869-4362-8176-cb3d494e23d2,pair,8,True,,2025-07-14 09:01:53
d0345b6f-f36d-41fe-bde1-39f54cdc9ff2,Puma Running Shoe 725,PUM-RS-725,717c3862-8869-4362-8176-cb3d494e23d2,pair,14,True,,2025-04-26 09:01:53
721af0cf-7e42-41d6-9416-797264f1e9b5,Puma Running Shoe 689,PUM-RS-689,717c3862-8869-4362-8176-cb3d494e23d2,pair,29,True,,2025-08-30 09:01:53
38000a4b-14a2-400f-9c54-1937d5b258aa,Puma Running Shoe 606,PUM-RS-606,717c3862-8869-4362-8176-cb3d494e23d2,pair,56,True,,2025-04-13 09:01:53
40f029d6-5ff0-4ec4-9256-7e0b17cfe4c9,Puma Running Shoe 804,PUM-RS-804,717c3862-8869-4362-8176-cb3d494e23d2,pair,5,True,,2026-01-19 09:01:53
c37e485a-66e7-4e40-8cd0-5d7609316425,Puma Running Shoe 897,PUM-RS-897,717c3862-8869-4362-8176-cb3d494e23d2,pair,59,True,,2025-03-23 09:01:53
183dbbd0-24d7-498c-9d8e-9f13acd9130b,Puma Running Shoe 630,PUM-RS-630,717c3862-8869-4362-8176-cb3d494e23d2,pair,64,True,,2025-11-07 09:01:53
aa30ae56-f436-47a6-9038-4f5583c3b24c,Puma Running Shoe 968,PUM-RS-968,717c3862-8869-4362-8176-cb3d494e23d2,pair,20,True,,2025-07-20 09:01:53
718d0930-b70e-4ba5-a85a-721b3f795f94,Puma Running Shoe 783,PUM-RS-783,717c3862-8869-4362-8176-cb3d494e23d2,pair,72,False,,2025-05-14 09:01:53
c1bec7d9-fd04-44a0-b18d-d8ee04e2aff4,Puma Running Shoe 424,PUM-RS-424,717c3862-8869-4362-8176-cb3d494e23d2,pair,61,True,,2025-06-29 09:01:53
d80c301f-1842-4cd9-a8b7-9e6b053924b0,Puma Running Shoe 536,PUM-RS-536,717c3862-8869-4362-8176-cb3d494e23d2,pair,75,True,,2025-12-23 09:01:53
a223dc39-7344-429b-a810-25530ee99148,Puma Running Shoe 861,PUM-RS-861,717c3862-8869-4362-8176-cb3d494e23d2,pair,65,True,,2025-11-08 09:01:53
bb749f99-74ae-4361-8454-596f2690dae7,Reebok Classic 960,REE-CL-960,717c3862-8869-4362-8176-cb3d494e23d2,pair,86,True,,2025-06-21 09:01:53
e64dc479-5cd9-44cb-9093-d22ca97fd7d4,Reebok Classic 596,REE-CL-596,717c3862-8869-4362-8176-cb3d494e23d2,pair,85,True,,2025-08-01 09:01:53
6cc7fe90-9219-400d-8f15-aff35148e10d,Reebok Classic 179,REE-CL-179,717c3862-8869-4362-8176-cb3d494e23d2,pair,96,True,,2025-10-26 09:01:53
f628e9dc-0cea-4d1f-88be-433b9ee43a97,Reebok Classic 443,REE-CL-443,717c3862-8869-4362-8176-cb3d494e23d2,pair,45,True,,2026-02-01 09:01:53
783da8a8-e982-4337-bfab-405398eea3f1,Reebok Classic 241,REE-CL-241,717c3862-8869-4362-8176-cb3d494e23d2,pair,24,True,,2025-03-24 09:01:53
292e005f-df91-4102-bf12-cc91b73900ac,Reebok Classic 256,REE-CL-256,717c3862-8869-4362-8176-cb3d494e23d2,pair,95,True,,2025-08-14 09:01:53
141c6fc7-f5bf-4604-ae81-9c5e21bb04dc,Reebok Classic 517,REE-CL-517,717c3862-8869-4362-8176-cb3d494e23d2,pair,47,True,,2025-08-14 09:01:53
e9cfb788-17ef-4e35-baee-97148a973e7b,Reebok Classic 163,REE-CL-163,717c3862-8869-4362-8176-cb3d494e23d2,pair,31,True,,2025-08-27 09:01:53
a70429b4-3d51-425c-96e8-ba84a517f437,Reebok Classic 888,REE-CL-888,717c3862-8869-4362-8176-cb3d494e23d2,pair,79,False,,2026-03-04 09:01:53
f2bb7004-e383-4ed2-9f09-a3dd4d164033,Reebok Classic 977,REE-CL-977,717c3862-8869-4362-8176-cb3d494e23d2,pair,78,True,,2026-03-11 09:01:53
648b7e82-f79c-414d-a098-721594a1288c,Reebok Classic 460,REE-CL-460,717c3862-8869-4362-8176-cb3d494e23d2,pair,43,True,,2025-08-12 09:01:53
56db4d78-8765-425f-a61d-5dfc4b39be43,Reebok Classic 651,REE-CL-651,717c3862-8869-4362-8176-cb3d494e23d2,pair,100,True,,2025-05-10 09:01:53
75bdb5a3-1d12-4844-a7f6-b0c04164a441,Reebok Classic 325,REE-CL-325,717c3862-8869-4362-8176-cb3d494e23d2,pair,67,True,,2025-08-03 09:01:53
48af4115-bc5b-435d-bed2-85661cb10912,Reebok Classic 597,REE-CL-597,717c3862-8869-4362-8176-cb3d494e23d2,pair,8,True,,2025-04-06 09:01:53
c8ac12f6-cec1-48b1-847b-ee9d210f16ab,Reebok Classic 795,REE-CL-795,717c3862-8869-4362-8176-cb3d494e23d2,pair,56,True,,2025-07-18 09:01:53
d30a2248-fbb4-4377-a382-e50d6b5953ba,Reebok Classic 230,REE-CL-230,717c3862-8869-4362-8176-cb3d494e23d2,pair,84,True,,2025-08-25 09:01:53
aa8ece2b-03af-4999-98ef-2ddf9c1ade8c,Reebok Classic 706,REE-CL-706,717c3862-8869-4362-8176-cb3d494e23d2,pair,77,True,,2026-01-31 09:01:53
60bb05e8-4000-4490-9a99-f20543751a8d,Reebok Classic 758,REE-CL-758,717c3862-8869-4362-8176-cb3d494e23d2,pair,59,True,,2025-07-21 09:01:53
3e430419-d0fe-4ecd-b8bd-ab6926f32993,Reebok Classic 286,REE-CL-286,717c3862-8869-4362-8176-cb3d494e23d2,pair,11,True,,2025-09-28 09:01:53
dad214cf-8b71-4196-881e-74c5af77e065,Reebok Classic 316,REE-CL-316,717c3862-8869-4362-8176-cb3d494e23d2,pair,63,True,,2025-09-01 09:01:53
a269b624-3404-451e-984b-cd79cd43fa15,Reebok Classic 384,REE-CL-384,717c3862-8869-4362-8176-cb3d494e23d2,pair,58,True,,2026-02-01 09:01:53
a69f76c9-2ec9-4dd4-b99c-00830a745981,Reebok Classic 581,REE-CL-581,717c3862-8869-4362-8176-cb3d494e23d2,pair,7,True,,2026-02-16 09:01:53
649c5b54-8289-4dee-9a39-855cb05daf15,Reebok Classic 458,REE-CL-458,717c3862-8869-4362-8176-cb3d494e23d2,pair,33,True,,2025-04-15 09:01:53
eb06371f-69a4-407e-bf3d-78e3a5fdf8e7,Reebok Classic 141,REE-CL-141,717c3862-8869-4362-8176-cb3d494e23d2,pair,8,False,,2025-12-02 09:01:53
a975810e-9f63-4a4e-8600-a0017b597556,Reebok Classic 959,REE-CL-959,717c3862-8869-4362-8176-cb3d494e23d2,pair,7,True,,2025-11-12 09:01:53
d26c36ed-415b-4311-b6a7-85314e7bff35,Reebok Classic 229,REE-CL-229,717c3862-8869-4362-8176-cb3d494e23d2,pair,65,True,,2025-05-30 09:01:53
1bf8758c-6c90-49a9-857d-fa6ba4588bd9,Reebok Classic 323,REE-CL-323,717c3862-8869-4362-8176-cb3d494e23d2,pair,64,True,,2025-09-07 09:01:53
dfddceb4-76ed-463c-af35-3a3617c687c0,Reebok Classic 271,REE-CL-271,717c3862-8869-4362-8176-cb3d494e23d2,pair,82,True,,2026-01-15 09:01:53
25de0d43-58f5-4cad-a1d7-5165620391e2,Reebok Classic 896,REE-CL-896,717c3862-8869-4362-8176-cb3d494e23d2,pair,25,False,,2026-01-18 09:01:53
2d7467d8-9d93-45cf-8142-31ca7a10f18c,Reebok Classic 692,REE-CL-692,717c3862-8869-4362-8176-cb3d494e23d2,pair,8,False,,2025-05-24 09:01:53
c0208c39-1e4c-4088-91bb-e12a1f8b2b5f,Reebok Classic 793,REE-CL-793,717c3862-8869-4362-8176-cb3d494e23d2,pair,53,True,,2025-12-03 09:01:53
bec2ba96-0c6e-4cf2-9623-5077163bbc92,Reebok Classic 177,REE-CL-177,717c3862-8869-4362-8176-cb3d494e23d2,pair,80,True,,2025-04-27 09:01:53
eaa1751d-1a10-4ced-bd17-2d513f398402,Reebok Classic 348,REE-CL-348,717c3862-8869-4362-8176-cb3d494e23d2,pair,18,True,,2025-10-11 09:01:53
b151c121-b05a-4d9c-976a-c8cfa6c08c5d,Reebok Classic 970,REE-CL-970,717c3862-8869-4362-8176-cb3d494e23d2,pair,92,True,,2026-01-12 09:01:53
f1e127fd-b525-4e24-b0da-d2573f3aa6dc,Reebok Classic 915,REE-CL-915,717c3862-8869-4362-8176-cb3d494e23d2,pair,77,True,,2025-09-18 09:01:53
2a68aa0b-3d28-4fc1-a6f4-c9b36d3d5cbb,Reebok Classic 645,REE-CL-645,717c3862-8869-4362-8176-cb3d494e23d2,pair,59,True,,2026-02-07 09:01:53
ca9c493d-4cab-4dfb-919b-f3db3262aeb0,Reebok Classic 618,REE-CL-618,717c3862-8869-4362-8176-cb3d494e23d2,pair,87,True,,2025-08-11 09:01:53
d874cd6b-f175-4027-bf9b-d625172a47e2,Reebok Classic 942,REE-CL-942,717c3862-8869-4362-8176-cb3d494e23d2,pair,67,True,,2025-09-10 09:01:53
1daf4a93-e5e2-4d9c-bb86-a0a1ad85f3aa,Reebok Classic 750,REE-CL-750,717c3862-8869-4362-8176-cb3d494e23d2,pair,63,True,,2025-08-04 09:01:53
2af7feca-45de-408b-b5ca-f005eeefeea2,Reebok Classic 280,REE-CL-280,717c3862-8869-4362-8176-cb3d494e23d2,pair,98,True,,2025-04-15 09:01:53
d8e03504-0299-4138-a322-9e3773bb4528,Reebok Classic 376,REE-CL-376,717c3862-8869-4362-8176-cb3d494e23d2,pair,83,True,,2025-06-12 09:01:53
cfba2f30-6559-472b-8763-bdd8020b74da,Reebok Classic 893,REE-CL-893,717c3862-8869-4362-8176-cb3d494e23d2,pair,66,True,,2025-05-15 09:01:53
c56dc3fd-9426-445b-a3e9-bd1aaf95d425,Reebok Classic 374,REE-CL-374,717c3862-8869-4362-8176-cb3d494e23d2,pair,46,True,,2026-01-29 09:01:53
42f58bc3-42ad-4e5e-9a07-725df8fe3f54,Reebok Classic 385,REE-CL-385,717c3862-8869-4362-8176-cb3d494e23d2,pair,62,True,,2025-07-20 09:01:53
f32111b9-ea02-4e29-9991-979af30645ac,Reebok Classic 683,REE-CL-683,717c3862-8869-4362-8176-cb3d494e23d2,pair,83,True,,2025-09-23 09:01:53
bbc75669-3e09-48bf-a324-c6755b1df3b1,Reebok Classic 129,REE-CL-129,717c3862-8869-4362-8176-cb3d494e23d2,pair,68,True,,2025-12-11 09:01:53
e1c0c934-9969-46ae-9554-31111642a232,Reebok Classic 599,REE-CL-599,717c3862-8869-4362-8176-cb3d494e23d2,pair,32,True,,2025-11-02 09:01:53
14a625dd-fb8a-435d-bea1-59442ed6a667,Reebok Classic 448,REE-CL-448,717c3862-8869-4362-8176-cb3d494e23d2,pair,40,True,,2025-03-20 09:01:53
23930b38-1fb7-482e-9ada-bd8e35df0ae5,Reebok Classic 382,REE-CL-382,717c3862-8869-4362-8176-cb3d494e23d2,pair,76,True,,2025-12-07 09:01:53
a3f8c9c6-f466-4417-bd0e-abc3bbeccd29,Reebok Classic 187,REE-CL-187,717c3862-8869-4362-8176-cb3d494e23d2,pair,35,True,,2025-07-07 09:01:53
33a29204-bbcd-46b1-a4f7-5faf96ac4919,Bata Formal Shoe 668,BAT-FS-668,717c3862-8869-4362-8176-cb3d494e23d2,pair,35,True,,2025-04-18 09:01:53
d14dfb57-5904-4f9f-b436-f9b2215c2e16,Bata Formal Shoe 828,BAT-FS-828,717c3862-8869-4362-8176-cb3d494e23d2,pair,67,True,,2026-03-06 09:01:53
e134dd66-84f6-465a-a68c-67d98788dc4e,Bata Formal Shoe 195,BAT-FS-195,717c3862-8869-4362-8176-cb3d494e23d2,pair,42,True,,2025-03-25 09:01:53
e0dead1d-38fb-431d-9e24-212bd763b481,Bata Formal Shoe 349,BAT-FS-349,717c3862-8869-4362-8176-cb3d494e23d2,pair,44,True,,2025-09-07 09:01:53
63c1f97c-937f-4b51-94f8-8528b1d5b85e,Bata Formal Shoe 584,BAT-FS-584,717c3862-8869-4362-8176-cb3d494e23d2,pair,75,True,,2025-08-09 09:01:53
aeb3c7a9-dbf0-4dee-b204-2bec98f10fc4,Bata Formal Shoe 863,BAT-FS-863,717c3862-8869-4362-8176-cb3d494e23d2,pair,75,True,,2025-03-20 09:01:53
f2815b63-8b1a-474c-9d03-0cec2e4ba4d1,Bata Formal Shoe 564,BAT-FS-564,717c3862-8869-4362-8176-cb3d494e23d2,pair,39,True,,2025-11-16 09:01:53
a45549c5-06c9-4709-bcf9-1842c98a07a5,Bata Formal Shoe 223,BAT-FS-223,717c3862-8869-4362-8176-cb3d494e23d2,pair,97,True,,2026-01-12 09:01:53
e3fa629c-1b74-4561-ab04-c76ed0eb8431,Bata Formal Shoe 860,BAT-FS-860,717c3862-8869-4362-8176-cb3d494e23d2,pair,73,False,,2025-03-26 09:01:53
1eb1bd87-7085-46db-999c-0067b9ae8a94,Bata Formal Shoe 289,BAT-FS-289,717c3862-8869-4362-8176-cb3d494e23d2,pair,29,True,,2025-07-10 09:01:53
4a9acdb8-0ea8-4e38-acdf-50bc796709aa,Bata Formal Shoe 383,BAT-FS-383,717c3862-8869-4362-8176-cb3d494e23d2,pair,97,True,,2025-06-19 09:01:53
2da6b220-1f87-46b8-900c-9216afd21958,Bata Formal Shoe 711,BAT-FS-711,717c3862-8869-4362-8176-cb3d494e23d2,pair,41,False,,2025-12-05 09:01:53
8fdb80ff-1ad1-41e9-bd52-82a664e73479,Bata Formal Shoe 403,BAT-FS-403,717c3862-8869-4362-8176-cb3d494e23d2,pair,34,True,,2025-10-11 09:01:53
83bf3bb1-1dde-4709-ae88-978f5ff013ad,Bata Formal Shoe 114,BAT-FS-114,717c3862-8869-4362-8176-cb3d494e23d2,pair,95,True,,2025-10-25 09:01:53
028bcdcc-a2d7-4213-9082-b392ff7f88f2,Bata Formal Shoe 146,BAT-FS-146,717c3862-8869-4362-8176-cb3d494e23d2,pair,11,True,,2025-03-22 09:01:53
8e4dec54-ce09-4235-adc5-34cb07543c4f,Bata Formal Shoe 229,BAT-FS-229,717c3862-8869-4362-8176-cb3d494e23d2,pair,86,True,,2025-07-06 09:01:53
57256101-8660-4090-85c1-384f07c63276,Bata Formal Shoe 205,BAT-FS-205,717c3862-8869-4362-8176-cb3d494e23d2,pair,6,True,,2025-07-17 09:01:53
1397430e-5382-4b14-8b14-3654f4fc0829,Bata Formal Shoe 590,BAT-FS-590,717c3862-8869-4362-8176-cb3d494e23d2,pair,61,True,,2026-02-16 09:01:53
7c9ebf67-a46b-42d1-bd19-d54734df7fd9,Bata Formal Shoe 358,BAT-FS-358,717c3862-8869-4362-8176-cb3d494e23d2,pair,66,True,,2026-02-09 09:01:53
3c93a937-384a-4865-8b93-cedcb67673c1,Bata Formal Shoe 510,BAT-FS-510,717c3862-8869-4362-8176-cb3d494e23d2,pair,67,True,,2025-04-26 09:01:53
37814c8b-869d-4554-ba76-70b41374ed7e,Bata Formal Shoe 802,BAT-FS-802,717c3862-8869-4362-8176-cb3d494e23d2,pair,11,True,,2025-05-30 09:01:53
e40214a5-ebae-4c23-9449-c40cafd5fb6a,Bata Formal Shoe 411,BAT-FS-411,717c3862-8869-4362-8176-cb3d494e23d2,pair,15,False,,2026-01-13 09:01:53
8ea77240-4e7b-4a71-8f05-8f709c0a2aa7,Bata Formal Shoe 671,BAT-FS-671,717c3862-8869-4362-8176-cb3d494e23d2,pair,58,True,,2025-05-02 09:01:53
5e3b4d61-fbab-4dec-af30-7b720ac2e1ca,Bata Formal Shoe 331,BAT-FS-331,717c3862-8869-4362-8176-cb3d494e23d2,pair,71,True,,2025-07-31 09:01:53
a802313e-71d3-42bb-a499-5b65c70f1154,Bata Formal Shoe 404,BAT-FS-404,717c3862-8869-4362-8176-cb3d494e23d2,pair,80,False,,2025-10-09 09:01:53
5dedb103-58ca-41dd-9fb0-6ada8933ba87,Bata Formal Shoe 682,BAT-FS-682,717c3862-8869-4362-8176-cb3d494e23d2,pair,84,True,,2026-01-23 09:01:53
dcdd0e0c-f5ee-4c7c-a0a8-c9572d7aa25e,Bata Formal Shoe 881,BAT-FS-881,717c3862-8869-4362-8176-cb3d494e23d2,pair,31,True,,2025-10-30 09:01:53
5f3968ca-99f9-4bb4-beca-95279e2bc2be,Bata Formal Shoe 776,BAT-FS-776,717c3862-8869-4362-8176-cb3d494e23d2,pair,15,True,,2025-12-16 09:01:53
494e1387-8e65-40d7-a73c-a5ddc342fe1b,Bata Formal Shoe 665,BAT-FS-665,717c3862-8869-4362-8176-cb3d494e23d2,pair,14,True,,2025-08-17 09:01:53
5756d982-2baf-4aaa-8def-209973bcbb1f,Bata Formal Shoe 561,BAT-FS-561,717c3862-8869-4362-8176-cb3d494e23d2,pair,93,True,,2025-10-16 09:01:53
d7de5ebe-7bb2-4ce7-accf-f92a64a34c87,Bata Formal Shoe 133,BAT-FS-133,717c3862-8869-4362-8176-cb3d494e23d2,pair,34,True,,2025-10-21 09:01:53
1a3d0293-66f9-483b-890f-91235ff39c41,Bata Formal Shoe 819,BAT-FS-819,717c3862-8869-4362-8176-cb3d494e23d2,pair,63,True,,2025-11-15 09:01:53
b0b16388-7840-47d2-8197-98b71060cec5,Bata Formal Shoe 370,BAT-FS-370,717c3862-8869-4362-8176-cb3d494e23d2,pair,85,True,,2025-12-03 09:01:53
57766f2c-921f-4c79-93d5-141e626ad83a,Bata Formal Shoe 535,BAT-FS-535,717c3862-8869-4362-8176-cb3d494e23d2,pair,19,True,,2025-04-17 09:01:53
6a830dec-736e-4946-9a7d-897aebd87152,Bata Formal Shoe 252,BAT-FS-252,717c3862-8869-4362-8176-cb3d494e23d2,pair,39,True,,2026-02-06 09:01:53
e41e4e12-e370-4485-8b90-02cd3ae44182,Bata Formal Shoe 161,BAT-FS-161,717c3862-8869-4362-8176-cb3d494e23d2,pair,26,True,,2025-05-14 09:01:53
58d9fde0-15fa-43cb-ac2f-c6b6879120b4,Bata Formal Shoe 866,BAT-FS-866,717c3862-8869-4362-8176-cb3d494e23d2,pair,77,False,,2025-08-02 09:01:53
cff7b11a-df39-4242-a52c-7b875e151414,Bata Formal Shoe 227,BAT-FS-227,717c3862-8869-4362-8176-cb3d494e23d2,pair,64,True,,2025-03-21 09:01:53
5ecdcaf0-4c2b-4794-ac45-abca59235c46,Bata Formal Shoe 512,BAT-FS-512,717c3862-8869-4362-8176-cb3d494e23d2,pair,39,True,,2025-07-05 09:01:53
4035481e-22ba-4f27-a9e9-4408d7b2b242,Bata Formal Shoe 548,BAT-FS-548,717c3862-8869-4362-8176-cb3d494e23d2,pair,15,True,,2025-08-05 09:01:53
94f109d2-8a30-479c-8dcd-cda731251c94,Bata Formal Shoe 852,BAT-FS-852,717c3862-8869-4362-8176-cb3d494e23d2,pair,46,True,,2026-03-01 09:01:53
b4ceabc9-dfa5-4b3a-a07f-d29efe2c2448,Bata Formal Shoe 193,BAT-FS-193,717c3862-8869-4362-8176-cb3d494e23d2,pair,34,False,,2025-05-24 09:01:53
028e77d9-05b3-4a33-bb58-f8e706133943,Bata Formal Shoe 701,BAT-FS-701,717c3862-8869-4362-8176-cb3d494e23d2,pair,7,False,,2025-04-04 09:01:53
9138c52a-3baa-4246-bbc8-22656f732995,Bata Formal Shoe 941,BAT-FS-941,717c3862-8869-4362-8176-cb3d494e23d2,pair,39,True,,2025-12-15 09:01:53
54a55c1f-276c-42d0-b05e-ab3a0c680f20,Bata Formal Shoe 581,BAT-FS-581,717c3862-8869-4362-8176-cb3d494e23d2,pair,71,True,,2025-10-23 09:01:53
5c4a417f-16eb-42bb-802c-9e72728242fd,Bata Formal Shoe 285,BAT-FS-285,717c3862-8869-4362-8176-cb3d494e23d2,pair,79,True,,2025-07-06 09:01:53
397e5ffa-6ea4-4a86-afeb-df0d36708ea2,Bata Formal Shoe 193,BAT-FS-193-70,717c3862-8869-4362-8176-cb3d494e23d2,pair,49,True,,2025-10-01 09:01:53
5d1fccac-4337-40ae-8938-205c131bc734,Bata Formal Shoe 786,BAT-FS-786,717c3862-8869-4362-8176-cb3d494e23d2,pair,18,True,,2025-09-27 09:01:53
eb8e8711-e757-43a5-86f3-70bec457c146,Bata Formal Shoe 521,BAT-FS-521,717c3862-8869-4362-8176-cb3d494e23d2,pair,93,True,,2025-04-09 09:01:53
91f03000-757a-4504-9ae5-aab9d567f348,Bata Formal Shoe 510,BAT-FS-510-80,717c3862-8869-4362-8176-cb3d494e23d2,pair,9,True,,2025-10-04 09:01:53
68b119f2-af0c-488e-93d9-3f54674367cc,Skechers Casual 358,SKE-CA-358,717c3862-8869-4362-8176-cb3d494e23d2,pair,46,True,,2025-08-20 09:01:53
a33190e5-b900-4b60-8da1-876d9e3ac432,Skechers Casual 985,SKE-CA-985,717c3862-8869-4362-8176-cb3d494e23d2,pair,70,True,,2026-03-14 09:01:53
2791c26e-b0af-4a24-98db-e23881bf79c7,Skechers Casual 773,SKE-CA-773,717c3862-8869-4362-8176-cb3d494e23d2,pair,74,True,,2026-02-15 09:01:53
0696850b-1f07-4fa4-a2db-472cfcc34fbc,Skechers Casual 292,SKE-CA-292,717c3862-8869-4362-8176-cb3d494e23d2,pair,71,True,,2025-07-02 09:01:53
76b8cade-2572-45ea-8b53-440ace18522c,Skechers Casual 740,SKE-CA-740,717c3862-8869-4362-8176-cb3d494e23d2,pair,61,True,,2025-11-30 09:01:53
d45db7e1-d799-4cc4-97d4-45c15d7716a7,Skechers Casual 373,SKE-CA-373,717c3862-8869-4362-8176-cb3d494e23d2,pair,75,True,,2025-10-18 09:01:53
f7e795cf-c52b-41e5-ace3-aff16ffadb4c,Skechers Casual 548,SKE-CA-548,717c3862-8869-4362-8176-cb3d494e23d2,pair,94,True,,2026-02-28 09:01:53
f3c7b260-6118-4c2c-a272-471310849a93,Skechers Casual 745,SKE-CA-745,717c3862-8869-4362-8176-cb3d494e23d2,pair,82,True,,2025-03-16 09:01:53
c6cd3458-6cbd-4f2c-89f3-205369e3f34e,Skechers Casual 262,SKE-CA-262,717c3862-8869-4362-8176-cb3d494e23d2,pair,44,True,,2025-06-05 09:01:53
46f395a3-3d10-4436-b787-bc4a36c1d406,Skechers Casual 517,SKE-CA-517,717c3862-8869-4362-8176-cb3d494e23d2,pair,16,True,,2026-01-15 09:01:53
b36d981f-9917-4b6b-829f-38efe428109d,Skechers Casual 572,SKE-CA-572,717c3862-8869-4362-8176-cb3d494e23d2,pair,20,True,,2025-12-26 09:01:53
5c9dcc28-2cff-4d30-8f0e-657107afff77,Skechers Casual 610,SKE-CA-610,717c3862-8869-4362-8176-cb3d494e23d2,pair,96,True,,2025-03-18 09:01:53
dc7e0cd2-1839-41fa-b892-6bc597056d7e,Skechers Casual 379,SKE-CA-379,717c3862-8869-4362-8176-cb3d494e23d2,pair,58,True,,2025-07-16 09:01:53
18b5e06c-66ef-4551-894a-66ed4fdfed5f,Skechers Casual 349,SKE-CA-349,717c3862-8869-4362-8176-cb3d494e23d2,pair,63,True,,2025-08-30 09:01:53
354eff8c-3aa3-4a24-a4d1-bf2d9418df21,Skechers Casual 295,SKE-CA-295,717c3862-8869-4362-8176-cb3d494e23d2,pair,81,True,,2026-01-04 09:01:53
fc5c1356-ea96-48e0-ae58-f75cc38b6a93,Skechers Casual 984,SKE-CA-984,717c3862-8869-4362-8176-cb3d494e23d2,pair,13,True,,2025-08-14 09:01:53
dfc316fa-11bf-4ec6-9a38-a7f92209690b,Skechers Casual 448,SKE-CA-448,717c3862-8869-4362-8176-cb3d494e23d2,pair,69,True,,2026-03-13 09:01:53
093162e4-7d44-4e78-aa25-99e59306b91b,Skechers Casual 389,SKE-CA-389,717c3862-8869-4362-8176-cb3d494e23d2,pair,97,True,,2025-05-18 09:01:53
0502ca20-e56e-44d7-8037-ab74b4cbc780,Skechers Casual 693,SKE-CA-693,717c3862-8869-4362-8176-cb3d494e23d2,pair,89,True,,2025-12-28 09:01:53
f41c6456-6346-4e7b-b0c8-809d1ca2663c,Skechers Casual 557,SKE-CA-557,717c3862-8869-4362-8176-cb3d494e23d2,pair,73,True,,2025-09-25 09:01:53
a6774805-b599-42e2-a09c-17b769c14a2a,Skechers Casual 665,SKE-CA-665,717c3862-8869-4362-8176-cb3d494e23d2,pair,74,True,,2025-10-01 09:01:53
7800b9eb-a4bb-490e-98af-49623d9ca15f,Skechers Casual 990,SKE-CA-990,717c3862-8869-4362-8176-cb3d494e23d2,pair,29,False,,2025-11-12 09:01:53
38a74756-efd2-4f89-aae7-fb174f7ae9ae,Skechers Casual 685,SKE-CA-685,717c3862-8869-4362-8176-cb3d494e23d2,pair,54,True,,2025-08-16 09:01:53
e0bc5bdf-8764-4478-a5c3-ea21976b0c39,Skechers Casual 144,SKE-CA-144,717c3862-8869-4362-8176-cb3d494e23d2,pair,45,True,,2025-03-18 09:01:53
50f429a1-bf4b-48e0-9197-ce51874f0ed2,Skechers Casual 930,SKE-CA-930,717c3862-8869-4362-8176-cb3d494e23d2,pair,53,True,,2025-04-09 09:01:53
118005a1-5527-42bc-99ae-48fab1f24d40,Skechers Casual 911,SKE-CA-911,717c3862-8869-4362-8176-cb3d494e23d2,pair,88,False,,2025-07-04 09:01:53
67f7bec2-b20f-43b9-9f15-c7af1a4935a3,Skechers Casual 137,SKE-CA-137,717c3862-8869-4362-8176-cb3d494e23d2,pair,21,True,,2025-05-16 09:01:53
ad2b6236-c758-42be-a78f-16b406afdc5c,Skechers Casual 439,SKE-CA-439,717c3862-8869-4362-8176-cb3d494e23d2,pair,17,True,,2025-08-01 09:01:53
fec86ba4-b4ff-43b5-a92a-bdf992095932,Skechers Casual 202,SKE-CA-202,717c3862-8869-4362-8176-cb3d494e23d2,pair,72,False,,2026-03-07 09:01:53
a4432fd2-d280-4e88-8e80-3220b993b870,Skechers Casual 839,SKE-CA-839,717c3862-8869-4362-8176-cb3d494e23d2,pair,23,True,,2025-04-13 09:01:53
e2863bc8-28c5-4b0d-beb7-f40251c9a833,Skechers Casual 258,SKE-CA-258,717c3862-8869-4362-8176-cb3d494e23d2,pair,14,True,,2025-10-30 09:01:53
38a74224-3bc8-409e-9cb1-10017a1133f1,Skechers Casual 446,SKE-CA-446,717c3862-8869-4362-8176-cb3d494e23d2,pair,84,True,,2025-04-16 09:01:53
6bd63770-68b5-43f4-ae07-064aed94cd00,Skechers Casual 182,SKE-CA-182,717c3862-8869-4362-8176-cb3d494e23d2,pair,47,True,,2025-06-14 09:01:53
7161a041-f034-4f6b-a199-6b08dce008cc,Skechers Casual 489,SKE-CA-489,717c3862-8869-4362-8176-cb3d494e23d2,pair,45,True,,2025-07-08 09:01:53
367fdd32-295f-44c6-ad8c-88181843f896,Skechers Casual 993,SKE-CA-993,717c3862-8869-4362-8176-cb3d494e23d2,pair,74,True,,2026-02-07 09:01:53
da825a62-0d73-4941-85c6-ecbbc4909bee,Skechers Casual 340,SKE-CA-340,717c3862-8869-4362-8176-cb3d494e23d2,pair,85,True,,2025-10-18 09:01:53
8c07ea21-f9df-423f-80f7-84facc8715ce,Skechers Casual 332,SKE-CA-332,717c3862-8869-4362-8176-cb3d494e23d2,pair,100,True,,2026-01-23 09:01:53
8bec7ce0-9f5a-4076-8739-12111f51eded,Skechers Casual 878,SKE-CA-878,717c3862-8869-4362-8176-cb3d494e23d2,pair,86,True,,2026-01-22 09:01:53
16f60bb2-7d92-4664-be56-602d0234cf2e,Skechers Casual 554,SKE-CA-554,717c3862-8869-4362-8176-cb3d494e23d2,pair,26,True,,2026-02-28 09:01:53
cd868e84-2501-41a0-9d37-f3fa29aa228d,Skechers Casual 147,SKE-CA-147,717c3862-8869-4362-8176-cb3d494e23d2,pair,46,True,,2025-10-15 09:01:53
63c4db1b-8db5-42f2-85e7-f59f448fc608,Skechers Casual 467,SKE-CA-467,717c3862-8869-4362-8176-cb3d494e23d2,pair,52,True,,2025-11-09 09:01:53
2b287967-3023-43ac-9dad-6f6e979374ce,Skechers Casual 643,SKE-CA-643,717c3862-8869-4362-8176-cb3d494e23d2,pair,57,True,,2025-12-12 09:01:53
dfaad653-3329-48c3-ab56-5a455c8077c1,Skechers Casual 274,SKE-CA-274,717c3862-8869-4362-8176-cb3d494e23d2,pair,27,True,,2025-08-31 09:01:53
3ae1cb58-bacd-4d9a-8b07-7d182ec24ca7,Skechers Casual 734,SKE-CA-734,717c3862-8869-4362-8176-cb3d494e23d2,pair,92,True,,2025-05-20 09:01:53
2e8399a5-fdda-4432-b61a-8800bd7866f6,Skechers Casual 246,SKE-CA-246,717c3862-8869-4362-8176-cb3d494e23d2,pair,34,True,,2025-11-04 09:01:53
da10a16a-bfb3-468f-a12c-f457b3070502,Skechers Casual 570,SKE-CA-570,717c3862-8869-4362-8176-cb3d494e23d2,pair,37,True,,2025-07-19 09:01:53
766688c4-fec9-4fbe-add5-a4dcb640b9e6,Skechers Casual 394,SKE-CA-394,717c3862-8869-4362-8176-cb3d494e23d2,pair,91,True,,2026-02-05 09:01:53
50d605b9-ea6c-4f27-a750-109674e5fbd7,Skechers Casual 552,SKE-CA-552,717c3862-8869-4362-8176-cb3d494e23d2,pair,49,False,,2025-10-12 09:01:53
bcbd7aa4-34ae-462c-943d-1452f32a48c9,Skechers Casual 754,SKE-CA-754,717c3862-8869-4362-8176-cb3d494e23d2,pair,59,True,,2025-07-24 09:01:53
18cf10aa-423f-4fd6-b530-8456d4980e84,Skechers Casual 965,SKE-CA-965,717c3862-8869-4362-8176-cb3d494e23d2,pair,43,True,,2025-08-30 09:01:53
1f518930-7116-40af-8a3b-66c8f1184687,Nike Jordan 973,NIK-JD-973,717c3862-8869-4362-8176-cb3d494e23d2,pair,66,True,,2025-08-31 09:01:53
c89556ff-7f4e-4ed4-9d4d-f06d01b0b114,Nike Jordan 685,NIK-JD-685,717c3862-8869-4362-8176-cb3d494e23d2,pair,50,True,,2025-03-21 09:01:53
22a47220-6596-4faa-bd57-2f087d428fa3,Nike Jordan 402,NIK-JD-402,717c3862-8869-4362-8176-cb3d494e23d2,pair,7,False,,2025-04-11 09:01:53
d8ed67e0-2c4a-4463-a841-cbbfabe3b884,Nike Jordan 505,NIK-JD-505,717c3862-8869-4362-8176-cb3d494e23d2,pair,40,True,,2025-03-28 09:01:53
d66db460-775b-4198-806e-b35d9b1cb62e,Nike Jordan 896,NIK-JD-896,717c3862-8869-4362-8176-cb3d494e23d2,pair,100,False,,2025-05-08 09:01:53
87ebd493-734f-4e6a-ab1e-6f185a44d5dc,Nike Jordan 863,NIK-JD-863,717c3862-8869-4362-8176-cb3d494e23d2,pair,68,True,,2025-10-19 09:01:53
ed87fc4d-81c9-4354-b4b7-49bfb540f16a,Nike Jordan 894,NIK-JD-894,717c3862-8869-4362-8176-cb3d494e23d2,pair,34,True,,2025-09-15 09:01:53
b1dc75f4-0da7-467b-b482-fef68d589c12,Nike Jordan 324,NIK-JD-324,717c3862-8869-4362-8176-cb3d494e23d2,pair,86,True,,2025-11-06 09:01:53
315973ea-5eb4-44f3-9248-83f4a6cf2f01,Nike Jordan 794,NIK-JD-794,717c3862-8869-4362-8176-cb3d494e23d2,pair,97,True,,2025-03-31 09:01:53
3567a842-ad24-4b8c-9341-61b43e15f3f4,Nike Jordan 958,NIK-JD-958,717c3862-8869-4362-8176-cb3d494e23d2,pair,22,True,,2025-04-27 09:01:53
5809ad52-4233-4a10-b23a-ac6de17ca3f2,Nike Jordan 761,NIK-JD-761,717c3862-8869-4362-8176-cb3d494e23d2,pair,10,True,,2025-08-01 09:01:53
97702434-9a4c-4132-92c0-1c39c503354d,Nike Jordan 134,NIK-JD-134,717c3862-8869-4362-8176-cb3d494e23d2,pair,79,True,,2026-01-06 09:01:53
fddffb78-996b-4ba8-b25c-f4c90f625378,Nike Jordan 192,NIK-JD-192,717c3862-8869-4362-8176-cb3d494e23d2,pair,42,True,,2025-08-14 09:01:53
864ca48b-b846-40c3-b7b7-291acdfe348f,Nike Jordan 279,NIK-JD-279,717c3862-8869-4362-8176-cb3d494e23d2,pair,30,True,,2025-06-11 09:01:53
d36f4846-f607-4264-b4ff-b7fd9b2015e4,Nike Jordan 997,NIK-JD-997,717c3862-8869-4362-8176-cb3d494e23d2,pair,51,True,,2025-10-26 09:01:53
f179f3a4-b035-4299-9753-62bc17e3c8c6,Nike Jordan 950,NIK-JD-950,717c3862-8869-4362-8176-cb3d494e23d2,pair,26,True,,2025-07-11 09:01:53
792eaf9c-1aaa-4ea7-8f21-f6fd3fce9362,Nike Jordan 925,NIK-JD-925,717c3862-8869-4362-8176-cb3d494e23d2,pair,42,True,,2025-09-22 09:01:53
c66d4339-3fd0-42a4-a6ed-e94d9aa3232d,Nike Jordan 923,NIK-JD-923,717c3862-8869-4362-8176-cb3d494e23d2,pair,19,True,,2026-02-04 09:01:53
c06062ca-bb6b-460a-8af3-d018718b715b,Nike Jordan 244,NIK-JD-244,717c3862-8869-4362-8176-cb3d494e23d2,pair,33,True,,2025-04-03 09:01:53
6ff7428e-b372-4cfe-9673-f769beef0a60,Nike Jordan 506,NIK-JD-506,717c3862-8869-4362-8176-cb3d494e23d2,pair,76,True,,2025-08-24 09:01:53
439619ea-9d83-413e-92f6-68a5c256b12a,Nike Jordan 114,NIK-JD-114,717c3862-8869-4362-8176-cb3d494e23d2,pair,38,True,,2025-07-25 09:01:53
3bab2945-42f6-49a2-8626-425e12152952,Nike Jordan 477,NIK-JD-477,717c3862-8869-4362-8176-cb3d494e23d2,pair,91,True,,2025-10-31 09:01:53
02152728-62cd-46fd-8976-2dda0ecd078b,Nike Jordan 698,NIK-JD-698,717c3862-8869-4362-8176-cb3d494e23d2,pair,53,True,,2025-09-05 09:01:53
e6237525-8e41-41f6-a9fe-a35ad9155684,Nike Jordan 210,NIK-JD-210,717c3862-8869-4362-8176-cb3d494e23d2,pair,91,True,,2026-03-02 09:01:53
cce6bef3-3f13-4ea1-9a5d-52b1cf7f2aad,Nike Jordan 734,NIK-JD-734,717c3862-8869-4362-8176-cb3d494e23d2,pair,76,True,,2025-05-06 09:01:53
20a582db-30b4-4c8f-98fd-fcc487dfe936,Nike Jordan 326,NIK-JD-326,717c3862-8869-4362-8176-cb3d494e23d2,pair,87,True,,2025-07-20 09:01:53
36faf613-cde8-4fa2-80a4-dc3bcb0815da,Nike Jordan 817,NIK-JD-817,717c3862-8869-4362-8176-cb3d494e23d2,pair,43,True,,2026-01-14 09:01:53
dc0072df-2bab-4d5c-a3e9-7235c34d4268,Nike Jordan 243,NIK-JD-243,717c3862-8869-4362-8176-cb3d494e23d2,pair,10,False,,2025-10-10 09:01:53
17300d5b-ce15-49c9-a7c1-d97304a0a954,Nike Jordan 604,NIK-JD-604,717c3862-8869-4362-8176-cb3d494e23d2,pair,19,True,,2025-06-12 09:01:53
0b3d33c2-cfd4-45ef-a82e-2b169fb4fad8,Nike Jordan 238,NIK-JD-238,717c3862-8869-4362-8176-cb3d494e23d2,pair,54,True,,2025-04-05 09:01:53
d0a981ff-d21b-43c7-bc93-495990dc6db5,Nike Jordan 860,NIK-JD-860,717c3862-8869-4362-8176-cb3d494e23d2,pair,94,False,,2025-08-12 09:01:53
a418c16e-f55d-439f-9dd2-41d88978c614,Nike Jordan 701,NIK-JD-701,717c3862-8869-4362-8176-cb3d494e23d2,pair,100,True,,2025-08-14 09:01:53
09192722-df4c-43b5-a902-9efdcdae24da,Nike Jordan 770,NIK-JD-770,717c3862-8869-4362-8176-cb3d494e23d2,pair,17,True,,2025-05-03 09:01:53
f021224e-5787-4da1-9019-4ceb6afaacc2,Nike Jordan 517,NIK-JD-517,717c3862-8869-4362-8176-cb3d494e23d2,pair,40,True,,2025-09-06 09:01:53
210eb145-8dfc-4fa8-8671-1b48b4a4fb9d,Nike Jordan 322,NIK-JD-322,717c3862-8869-4362-8176-cb3d494e23d2,pair,61,True,,2025-11-14 09:01:53
6cb0af80-1660-4e54-8756-e5b3cefc416c,Nike Jordan 975,NIK-JD-975,717c3862-8869-4362-8176-cb3d494e23d2,pair,51,True,,2025-03-28 09:01:53
c24719b5-60fe-40e2-b9e4-6cce7d1c6246,Nike Jordan 476,NIK-JD-476,717c3862-8869-4362-8176-cb3d494e23d2,pair,74,False,,2025-04-18 09:01:53
8741f6de-1eb4-4ffb-ba1a-41d02bede47a,Nike Jordan 467,NIK-JD-467,717c3862-8869-4362-8176-cb3d494e23d2,pair,12,True,,2025-12-07 09:01:53
5ec47499-bcba-49a3-a72d-908bb340fbf6,Nike Jordan 225,NIK-JD-225,717c3862-8869-4362-8176-cb3d494e23d2,pair,63,True,,2025-11-26 09:01:53
4a19498c-7cff-45fe-be16-652aa71eb25e,Nike Jordan 757,NIK-JD-757,717c3862-8869-4362-8176-cb3d494e23d2,pair,86,True,,2026-03-04 09:01:53
de2670ce-f4eb-4115-a327-d25245b9e984,Nike Jordan 151,NIK-JD-151,717c3862-8869-4362-8176-cb3d494e23d2,pair,47,True,,2026-01-09 09:01:53
582f5dd7-59a4-443f-87e1-3e736788ee3e,Nike Jordan 905,NIK-JD-905,717c3862-8869-4362-8176-cb3d494e23d2,pair,77,True,,2025-06-04 09:01:53
c3011250-96cc-4aaf-85ca-c38d4facfb8e,Nike Jordan 312,NIK-JD-312,717c3862-8869-4362-8176-cb3d494e23d2,pair,80,True,,2025-11-15 09:01:53
0dfda253-588a-4413-ad53-3876fadff12b,Nike Jordan 436,NIK-JD-436,717c3862-8869-4362-8176-cb3d494e23d2,pair,23,True,,2025-05-13 09:01:53
d97a7663-b3b3-4b61-9758-09a87bf886f2,Nike Jordan 102,NIK-JD-102,717c3862-8869-4362-8176-cb3d494e23d2,pair,40,True,,2025-12-30 09:01:53
689b977d-9509-413d-886d-b76948adbad2,Nike Jordan 233,NIK-JD-233,717c3862-8869-4362-8176-cb3d494e23d2,pair,74,True,,2025-12-15 09:01:53
f1a1fb4b-c67e-4cb0-b2a2-4e5b64026642,Nike Jordan 212,NIK-JD-212,717c3862-8869-4362-8176-cb3d494e23d2,pair,89,True,,2026-01-06 09:01:53
c96d1aa4-de02-44b1-86e1-84e7df7d73e8,Nike Jordan 115,NIK-JD-115,717c3862-8869-4362-8176-cb3d494e23d2,pair,50,True,,2025-11-13 09:01:53
7082d62c-6f45-4875-a769-54d7fd6e0420,Nike Jordan 702,NIK-JD-702,717c3862-8869-4362-8176-cb3d494e23d2,pair,46,True,,2025-10-30 09:01:53
d771b841-892b-4fe0-80c2-b17fa521f889,Nike Jordan 153,NIK-JD-153,717c3862-8869-4362-8176-cb3d494e23d2,pair,21,True,,2025-06-18 09:01:53
e5694dfc-1985-473e-8f79-73f5c00509af,Crocs Clogs 216,CRC-CG-216,717c3862-8869-4362-8176-cb3d494e23d2,pair,100,True,,2025-07-28 09:01:53
b41ed26b-4743-41ef-bb84-2bb3892c2376,Crocs Clogs 896,CRC-CG-896,717c3862-8869-4362-8176-cb3d494e23d2,pair,51,True,,2026-01-18 09:01:53
1bafad52-e9bb-4028-a27c-6bc00eaa05a6,Crocs Clogs 562,CRC-CG-562,717c3862-8869-4362-8176-cb3d494e23d2,pair,69,True,,2025-05-04 09:01:53
0988bb97-ff73-4776-9c3e-9d9b1a5cbb2b,Crocs Clogs 144,CRC-CG-144,717c3862-8869-4362-8176-cb3d494e23d2,pair,98,True,,2025-04-11 09:01:53
60867ead-4cf3-4d2c-bffd-ccf64be77dc4,Crocs Clogs 633,CRC-CG-633,717c3862-8869-4362-8176-cb3d494e23d2,pair,43,True,,2026-02-27 09:01:53
181bbb38-0aab-42c1-aea1-0acd9e6a8ccb,Crocs Clogs 162,CRC-CG-162,717c3862-8869-4362-8176-cb3d494e23d2,pair,66,True,,2025-08-08 09:01:53
e49a403d-5970-4c83-980b-eb59a4d3c67c,Crocs Clogs 802,CRC-CG-802,717c3862-8869-4362-8176-cb3d494e23d2,pair,18,True,,2025-07-30 09:01:53
7a23b1fd-bff0-4826-b590-3eac0a65d004,Crocs Clogs 175,CRC-CG-175,717c3862-8869-4362-8176-cb3d494e23d2,pair,15,True,,2025-12-29 09:01:53
42f18f42-1449-47c7-924f-56af07e46c2d,Crocs Clogs 167,CRC-CG-167,717c3862-8869-4362-8176-cb3d494e23d2,pair,21,True,,2025-04-24 09:01:53
eac32f24-e546-450b-999b-56ca5351f9ab,Crocs Clogs 699,CRC-CG-699,717c3862-8869-4362-8176-cb3d494e23d2,pair,75,True,,2025-08-31 09:01:53
d3c6fcec-2e4f-49f3-8511-79dd5dea21fa,Crocs Clogs 711,CRC-CG-711,717c3862-8869-4362-8176-cb3d494e23d2,pair,72,True,,2025-06-29 09:01:53
9b96c06c-383d-4256-be4f-50555b809250,Crocs Clogs 719,CRC-CG-719,717c3862-8869-4362-8176-cb3d494e23d2,pair,60,True,,2025-03-20 09:01:53
975f015c-137f-45b1-8817-0e00b68e8288,Crocs Clogs 217,CRC-CG-217,717c3862-8869-4362-8176-cb3d494e23d2,pair,88,True,,2025-06-05 09:01:53
4f06a00f-21ac-4a72-9a44-056e39b23e98,Crocs Clogs 838,CRC-CG-838,717c3862-8869-4362-8176-cb3d494e23d2,pair,32,True,,2025-11-18 09:01:53
7ca24888-23e6-4bce-a74a-90e2f38d5ae9,Crocs Clogs 523,CRC-CG-523,717c3862-8869-4362-8176-cb3d494e23d2,pair,48,True,,2025-08-22 09:01:53
c5004352-9595-4fc9-8e89-c93cab108778,Crocs Clogs 525,CRC-CG-525,717c3862-8869-4362-8176-cb3d494e23d2,pair,98,True,,2025-08-08 09:01:53
a22110a9-8d32-41f4-a251-074719d6c40b,Crocs Clogs 420,CRC-CG-420,717c3862-8869-4362-8176-cb3d494e23d2,pair,90,True,,2025-12-26 09:01:53
e0e97c17-d68d-42d3-a222-ee02287f606d,Crocs Clogs 803,CRC-CG-803,717c3862-8869-4362-8176-cb3d494e23d2,pair,65,True,,2026-01-30 09:01:53
8ef7d5dd-3b97-4a27-abb7-9bfdf42048e4,Crocs Clogs 195,CRC-CG-195,717c3862-8869-4362-8176-cb3d494e23d2,pair,60,True,,2025-09-05 09:01:53
e999533b-0f3d-4ea0-aff4-dd5c9b946e51,Crocs Clogs 931,CRC-CG-931,717c3862-8869-4362-8176-cb3d494e23d2,pair,21,True,,2025-05-18 09:01:53
a41778c9-0a42-4b64-bc82-790a675d9aaa,Crocs Clogs 675,CRC-CG-675,717c3862-8869-4362-8176-cb3d494e23d2,pair,76,True,,2026-01-11 09:01:53
45725119-e519-4faa-82bb-754c23320b2d,Crocs Clogs 520,CRC-CG-520,717c3862-8869-4362-8176-cb3d494e23d2,pair,50,True,,2025-08-10 09:01:53
f338285b-fdf4-4a15-a900-2968c1c0f49b,Crocs Clogs 988,CRC-CG-988,717c3862-8869-4362-8176-cb3d494e23d2,pair,97,True,,2025-10-18 09:01:53
4c2253ef-ddfe-48d3-b119-af268b91cd67,Crocs Clogs 714,CRC-CG-714,717c3862-8869-4362-8176-cb3d494e23d2,pair,44,True,,2025-05-23 09:01:53
aa39c243-80a4-409e-999e-7614759263ec,Crocs Clogs 619,CRC-CG-619,717c3862-8869-4362-8176-cb3d494e23d2,pair,32,True,,2025-07-11 09:01:53
a21dab29-ff10-4d1e-9859-cb4668680995,Crocs Clogs 329,CRC-CG-329,717c3862-8869-4362-8176-cb3d494e23d2,pair,18,True,,2025-06-03 09:01:53
2bdd4b16-5506-40ab-9ece-4e7952727c00,Crocs Clogs 476,CRC-CG-476,717c3862-8869-4362-8176-cb3d494e23d2,pair,19,True,,2025-05-25 09:01:53
24529015-1b72-4109-90d3-ede6559278c1,Crocs Clogs 331,CRC-CG-331,717c3862-8869-4362-8176-cb3d494e23d2,pair,59,True,,2025-04-30 09:01:53
a4c458c0-2a64-44bb-97cf-db0eb0c41373,Crocs Clogs 728,CRC-CG-728,717c3862-8869-4362-8176-cb3d494e23d2,pair,91,True,,2026-03-01 09:01:53
34de1e0d-ce20-474a-a268-ab77def5cdda,Crocs Clogs 723,CRC-CG-723,717c3862-8869-4362-8176-cb3d494e23d2,pair,89,True,,2025-10-29 09:01:53
d535a383-2ffb-4b95-8da3-962896d648eb,Crocs Clogs 129,CRC-CG-129,717c3862-8869-4362-8176-cb3d494e23d2,pair,28,True,,2025-10-07 09:01:53
0cad5ec6-6391-42f7-856f-79e1f0206b2e,Crocs Clogs 447,CRC-CG-447,717c3862-8869-4362-8176-cb3d494e23d2,pair,49,True,,2025-12-31 09:01:53
872b67ee-0d1a-4a0a-b6e3-3177f04f9064,Crocs Clogs 679,CRC-CG-679,717c3862-8869-4362-8176-cb3d494e23d2,pair,89,True,,2026-01-01 09:01:53
5e68808d-82d3-4154-b728-e1594a58de6d,Crocs Clogs 858,CRC-CG-858,717c3862-8869-4362-8176-cb3d494e23d2,pair,86,False,,2026-01-27 09:01:53
a67d3773-d0e4-422d-997c-76727394f085,Crocs Clogs 864,CRC-CG-864,717c3862-8869-4362-8176-cb3d494e23d2,pair,72,True,,2025-08-12 09:01:53
c2631a90-0fa0-4f4e-899d-a40c5e80a8b3,Crocs Clogs 564,CRC-CG-564,717c3862-8869-4362-8176-cb3d494e23d2,pair,48,True,,2025-10-06 09:01:53
1394ed37-6659-485e-bb6f-66587ebe22bd,Crocs Clogs 838,CRC-CG-838-51,717c3862-8869-4362-8176-cb3d494e23d2,pair,77,True,,2026-02-16 09:01:53
8548797f-c072-449b-a802-a514512d441a,Crocs Clogs 259,CRC-CG-259,717c3862-8869-4362-8176-cb3d494e23d2,pair,25,True,,2026-02-17 09:01:53
9b610696-995b-406c-94d4-7d2386133c5b,Crocs Clogs 790,CRC-CG-790,717c3862-8869-4362-8176-cb3d494e23d2,pair,15,True,,2025-04-10 09:01:53
2e169466-1af0-418c-bf5f-967e4de937f2,Crocs Clogs 534,CRC-CG-534,717c3862-8869-4362-8176-cb3d494e23d2,pair,67,True,,2025-08-14 09:01:53
7a39b8d9-4b41-4b02-a31d-00061d9ca168,Crocs Clogs 379,CRC-CG-379,717c3862-8869-4362-8176-cb3d494e23d2,pair,32,True,,2026-01-15 09:01:53
8337ea6c-fef6-4543-993a-f35765fd312c,Crocs Clogs 453,CRC-CG-453,717c3862-8869-4362-8176-cb3d494e23d2,pair,60,True,,2025-04-01 09:01:53
73b3c064-c8a6-4abb-8a1d-9b700b087639,Crocs Clogs 794,CRC-CG-794,717c3862-8869-4362-8176-cb3d494e23d2,pair,80,True,,2025-04-07 09:01:53
6e6f4e8e-2e58-485c-9e9d-3688f9d11892,Crocs Clogs 415,CRC-CG-415,717c3862-8869-4362-8176-cb3d494e23d2,pair,10,True,,2025-05-12 09:01:53
d6c3b4b1-2f58-47f3-8aea-9e87db101784,Crocs Clogs 156,CRC-CG-156,717c3862-8869-4362-8176-cb3d494e23d2,pair,5,True,,2025-11-26 09:01:53
7b58ac9c-f9c3-4ee6-843a-4e1846549b4e,Crocs Clogs 885,CRC-CG-885,717c3862-8869-4362-8176-cb3d494e23d2,pair,22,True,,2025-10-17 09:01:53
731b1789-51f9-47d7-9d42-769e855b5754,Crocs Clogs 435,CRC-CG-435,717c3862-8869-4362-8176-cb3d494e23d2,pair,20,True,,2025-08-06 09:01:53
7a56cfe1-fb0a-4e2a-96e4-1f42d39a72de,Crocs Clogs 279,CRC-CG-279,717c3862-8869-4362-8176-cb3d494e23d2,pair,21,True,,2025-03-19 09:01:53
98b57ab1-9e0c-46f7-8a5b-4b550a1ed6fa,Crocs Clogs 335,CRC-CG-335,717c3862-8869-4362-8176-cb3d494e23d2,pair,69,True,,2025-04-06 09:01:53
c322b57d-db8f-47d4-9c11-4c6442bc93da,Crocs Clogs 925,CRC-CG-925,717c3862-8869-4362-8176-cb3d494e23d2,pair,50,True,,2026-02-21 09:01:53
001cb359-0b17-4bb0-8701-719f244dac85,Woodland Boot 546,WOD-BT-546,717c3862-8869-4362-8176-cb3d494e23d2,pair,7,True,,2026-02-03 09:01:53
fd25a4ad-77a9-418f-96b1-b4cb47ef1b47,Woodland Boot 982,WOD-BT-982,717c3862-8869-4362-8176-cb3d494e23d2,pair,45,True,,2025-05-25 09:01:53
bc7cfd8b-dd58-40a4-8063-5df8780fc136,Woodland Boot 514,WOD-BT-514,717c3862-8869-4362-8176-cb3d494e23d2,pair,95,True,,2025-10-17 09:01:53
1df11ea4-b5d5-4cbe-81fa-7b91e6afdfe4,Woodland Boot 217,WOD-BT-217,717c3862-8869-4362-8176-cb3d494e23d2,pair,56,True,,2025-09-29 09:01:53
06078075-4a5e-4a5a-b7bc-63292bbdeac9,Woodland Boot 275,WOD-BT-275,717c3862-8869-4362-8176-cb3d494e23d2,pair,84,True,,2025-03-26 09:01:53
ef1aa58e-2da1-4016-b2f8-c97586e0d84b,Woodland Boot 470,WOD-BT-470,717c3862-8869-4362-8176-cb3d494e23d2,pair,16,True,,2026-01-19 09:01:53
9378b067-f94d-473b-925f-13228f822134,Woodland Boot 349,WOD-BT-349,717c3862-8869-4362-8176-cb3d494e23d2,pair,60,True,,2025-06-19 09:01:53
a1f37076-6d58-4c7a-8bbc-c203e8b2404e,Woodland Boot 180,WOD-BT-180,717c3862-8869-4362-8176-cb3d494e23d2,pair,55,True,,2025-09-22 09:01:53
1bcc7434-3277-4c85-8748-568ce402da4e,Woodland Boot 326,WOD-BT-326,717c3862-8869-4362-8176-cb3d494e23d2,pair,47,True,,2026-02-03 09:01:53
6b4d7035-6799-473b-bb6e-21eada8364ac,Woodland Boot 622,WOD-BT-622,717c3862-8869-4362-8176-cb3d494e23d2,pair,86,True,,2025-06-26 09:01:53
7ef44617-f7e4-44d8-8806-f45879168349,Woodland Boot 298,WOD-BT-298,717c3862-8869-4362-8176-cb3d494e23d2,pair,49,True,,2025-04-18 09:01:53
d8ba750a-0007-47da-9fe3-6a918f88632b,Woodland Boot 934,WOD-BT-934,717c3862-8869-4362-8176-cb3d494e23d2,pair,23,True,,2025-12-30 09:01:53
692fe443-a1b3-464f-ada8-707a8992ca81,Woodland Boot 362,WOD-BT-362,717c3862-8869-4362-8176-cb3d494e23d2,pair,30,True,,2025-12-26 09:01:53
910d5592-91da-4f53-987f-009858afe359,Woodland Boot 878,WOD-BT-878,717c3862-8869-4362-8176-cb3d494e23d2,pair,88,True,,2025-04-27 09:01:53
c733716d-622d-453c-b3c4-69ac9e8782bc,Woodland Boot 605,WOD-BT-605,717c3862-8869-4362-8176-cb3d494e23d2,pair,64,True,,2025-05-22 09:01:53
fc576eb8-7cac-45c2-8753-f4dbff52125a,Woodland Boot 559,WOD-BT-559,717c3862-8869-4362-8176-cb3d494e23d2,pair,92,False,,2025-05-29 09:01:53
92df8aed-efe1-4a44-9603-92f3140c7154,Woodland Boot 758,WOD-BT-758,717c3862-8869-4362-8176-cb3d494e23d2,pair,86,False,,2025-09-30 09:01:53
e73f6411-7964-4cee-bbe9-d5a0912d97b3,Woodland Boot 984,WOD-BT-984,717c3862-8869-4362-8176-cb3d494e23d2,pair,85,True,,2025-08-01 09:01:53
907e932c-5222-41d9-84ec-aaad775b55e5,Woodland Boot 169,WOD-BT-169,717c3862-8869-4362-8176-cb3d494e23d2,pair,65,True,,2025-10-10 09:01:53
9ed95944-1997-400d-830c-c0e3906d4891,Woodland Boot 915,WOD-BT-915,717c3862-8869-4362-8176-cb3d494e23d2,pair,40,True,,2025-09-15 09:01:53
317df896-d35a-44d9-b7bc-817445548d2a,Woodland Boot 619,WOD-BT-619,717c3862-8869-4362-8176-cb3d494e23d2,pair,14,True,,2025-07-26 09:01:53
cafbb127-74a6-488f-9425-24d8f154feb9,Woodland Boot 138,WOD-BT-138,717c3862-8869-4362-8176-cb3d494e23d2,pair,12,True,,2025-10-19 09:01:53
2808cf08-db7e-4ed0-9ef0-bd355d996353,Woodland Boot 178,WOD-BT-178,717c3862-8869-4362-8176-cb3d494e23d2,pair,87,True,,2026-01-27 09:01:53
b0a733f2-93b5-43aa-88b4-0fd0a2ceb76f,Woodland Boot 729,WOD-BT-729,717c3862-8869-4362-8176-cb3d494e23d2,pair,81,True,,2025-07-21 09:01:53
f3b8f35d-ac2d-4e01-af44-72864a00084d,Woodland Boot 694,WOD-BT-694,717c3862-8869-4362-8176-cb3d494e23d2,pair,75,False,,2026-02-21 09:01:53
067bbaba-6637-4b4b-9238-b8c6479966b6,Woodland Boot 560,WOD-BT-560,717c3862-8869-4362-8176-cb3d494e23d2,pair,78,True,,2025-10-01 09:01:53
71e42f8b-c331-4a3a-9ceb-293bec12a99b,Woodland Boot 719,WOD-BT-719,717c3862-8869-4362-8176-cb3d494e23d2,pair,65,True,,2026-02-11 09:01:53
e26b39db-43e1-4380-b51b-4769a8976a9f,Woodland Boot 561,WOD-BT-561,717c3862-8869-4362-8176-cb3d494e23d2,pair,18,True,,2025-09-20 09:01:53
3f092a79-78fd-4554-bec1-44a8b1c51bcf,Woodland Boot 831,WOD-BT-831,717c3862-8869-4362-8176-cb3d494e23d2,pair,15,True,,2025-12-16 09:01:53
62a82d63-b688-4e97-932c-fb351a20d73f,Woodland Boot 140,WOD-BT-140,717c3862-8869-4362-8176-cb3d494e23d2,pair,36,True,,2025-08-02 09:01:53
eb491f01-9378-45ce-b727-2aeb3e1d1874,Woodland Boot 636,WOD-BT-636,717c3862-8869-4362-8176-cb3d494e23d2,pair,71,True,,2025-09-09 09:01:53
202d354f-7759-44e3-a4b5-fcc9f43b817b,Woodland Boot 481,WOD-BT-481,717c3862-8869-4362-8176-cb3d494e23d2,pair,41,True,,2025-09-22 09:01:53
c468a623-3097-4073-99fc-d24a01cd2255,Woodland Boot 795,WOD-BT-795,717c3862-8869-4362-8176-cb3d494e23d2,pair,81,True,,2025-04-25 09:01:53
66031eba-6381-44f9-82ea-dae93ef0e361,Woodland Boot 762,WOD-BT-762,717c3862-8869-4362-8176-cb3d494e23d2,pair,47,True,,2026-01-25 09:01:53
69e8ad83-883b-452f-b01a-0e81cbc7ec11,Woodland Boot 671,WOD-BT-671,717c3862-8869-4362-8176-cb3d494e23d2,pair,91,True,,2025-11-05 09:01:53
918ef4ed-82a7-468e-a685-bfbcdc559a00,Woodland Boot 841,WOD-BT-841,717c3862-8869-4362-8176-cb3d494e23d2,pair,89,False,,2025-05-10 09:01:53
b5dbc00c-0d4f-4581-9f2b-eee0e40eb99e,Woodland Boot 994,WOD-BT-994,717c3862-8869-4362-8176-cb3d494e23d2,pair,24,True,,2025-05-20 09:01:53
a4698ae2-abbd-4d29-88d8-9ec1011c0721,Woodland Boot 779,WOD-BT-779,717c3862-8869-4362-8176-cb3d494e23d2,pair,23,False,,2025-10-07 09:01:53
e937c7a7-2d2f-472b-8a74-18e193fbd122,Woodland Boot 771,WOD-BT-771,717c3862-8869-4362-8176-cb3d494e23d2,pair,94,True,,2026-01-07 09:01:53
2e45f4cb-57eb-4a98-8f96-e1b28e23e586,Woodland Boot 709,WOD-BT-709,717c3862-8869-4362-8176-cb3d494e23d2,pair,95,False,,2025-10-07 09:01:53
d2fd911b-62c1-46b1-ad6e-8884f9e1d515,Woodland Boot 672,WOD-BT-672,717c3862-8869-4362-8176-cb3d494e23d2,pair,53,True,,2025-09-27 09:01:53
5409a0d2-f3e5-4e5f-b87f-259769145f08,Woodland Boot 932,WOD-BT-932,717c3862-8869-4362-8176-cb3d494e23d2,pair,21,True,,2025-03-29 09:01:53
d62b8448-7895-494b-9e70-45eeb6ee3b2e,Woodland Boot 639,WOD-BT-639,717c3862-8869-4362-8176-cb3d494e23d2,pair,16,True,,2025-08-10 09:01:53
8e8a3c01-ce31-44e0-b726-40c523bf97ef,Woodland Boot 620,WOD-BT-620,717c3862-8869-4362-8176-cb3d494e23d2,pair,51,True,,2025-10-07 09:01:53
2b874a6e-90ce-419a-9391-6651bc475c61,Woodland Boot 284,WOD-BT-284,717c3862-8869-4362-8176-cb3d494e23d2,pair,32,True,,2025-07-09 09:01:53
15ee2a3c-d855-45d7-be71-59080d170532,Woodland Boot 296,WOD-BT-296,717c3862-8869-4362-8176-cb3d494e23d2,pair,33,False,,2025-12-25 09:01:53
6044f0b1-5a47-4e27-b718-c7c2527c503a,Woodland Boot 179,WOD-BT-179,717c3862-8869-4362-8176-cb3d494e23d2,pair,42,True,,2026-01-22 09:01:53
3b79c910-ad1e-4718-acbf-4ed5d603dc79,Woodland Boot 619,WOD-BT-619-79,717c3862-8869-4362-8176-cb3d494e23d2,pair,99,True,,2026-02-23 09:01:53
db9efd41-2e14-479a-aeb3-6c0eb3080ab8,Woodland Boot 777,WOD-BT-777,717c3862-8869-4362-8176-cb3d494e23d2,pair,48,True,,2025-05-02 09:01:53
9d24c24d-c433-481b-836f-30a1edaf9eaa,Woodland Boot 234,WOD-BT-234,717c3862-8869-4362-8176-cb3d494e23d2,pair,81,True,,2025-12-21 09:01:53
b4644f1f-d6be-4768-86c4-719aef581f33,Liberty Sandal 285,LIB-SD-285,717c3862-8869-4362-8176-cb3d494e23d2,pair,93,True,,2025-12-20 09:01:53
4f1c5bcc-a622-4858-9bb5-0e2b89667661,Liberty Sandal 838,LIB-SD-838,717c3862-8869-4362-8176-cb3d494e23d2,pair,61,True,,2025-09-09 09:01:53
740c9152-ae0d-4820-a900-10c21d1ac337,Liberty Sandal 792,LIB-SD-792,717c3862-8869-4362-8176-cb3d494e23d2,pair,97,True,,2025-07-30 09:01:53
fdcacd5f-2362-4638-b235-5502ac478d85,Liberty Sandal 725,LIB-SD-725,717c3862-8869-4362-8176-cb3d494e23d2,pair,41,True,,2025-07-28 09:01:53
c35f86c5-8717-4d29-8e9f-7934315aa37d,Liberty Sandal 339,LIB-SD-339,717c3862-8869-4362-8176-cb3d494e23d2,pair,73,True,,2025-07-17 09:01:53
1702839b-a072-42e7-ad35-babcf03e8b82,Liberty Sandal 955,LIB-SD-955,717c3862-8869-4362-8176-cb3d494e23d2,pair,29,True,,2025-05-26 09:01:53
32fa5f3f-9a09-4caa-a3ab-5aceece7274f,Liberty Sandal 551,LIB-SD-551,717c3862-8869-4362-8176-cb3d494e23d2,pair,64,True,,2025-08-31 09:01:53
7dbf264b-c1be-47d8-8eec-238c78065ffb,Liberty Sandal 614,LIB-SD-614,717c3862-8869-4362-8176-cb3d494e23d2,pair,72,True,,2025-12-22 09:01:53
60ee5e85-25f4-4eda-b567-35b0358b7849,Liberty Sandal 936,LIB-SD-936,717c3862-8869-4362-8176-cb3d494e23d2,pair,30,True,,2026-01-03 09:01:53
52e919a1-09ae-4b4a-9568-cac02551dcfa,Liberty Sandal 993,LIB-SD-993,717c3862-8869-4362-8176-cb3d494e23d2,pair,37,True,,2025-07-11 09:01:53
04d50e86-ec6b-4b50-80de-610273c8d2f2,Liberty Sandal 995,LIB-SD-995,717c3862-8869-4362-8176-cb3d494e23d2,pair,52,True,,2026-01-21 09:01:53
49c6224d-7edc-4e5c-894e-4adef6861fa3,Liberty Sandal 828,LIB-SD-828,717c3862-8869-4362-8176-cb3d494e23d2,pair,71,True,,2025-10-20 09:01:53
695abe07-d0ea-4c49-b455-933c67a67152,Liberty Sandal 185,LIB-SD-185,717c3862-8869-4362-8176-cb3d494e23d2,pair,25,True,,2025-06-25 09:01:53
d765ffca-a1c4-43af-95b3-8f404964b369,Liberty Sandal 250,LIB-SD-250,717c3862-8869-4362-8176-cb3d494e23d2,pair,60,True,,2025-11-21 09:01:53
96189655-3bac-4b01-a177-d8b77d060a42,Liberty Sandal 936,LIB-SD-936-67,717c3862-8869-4362-8176-cb3d494e23d2,pair,49,False,,2025-08-14 09:01:53
12c27c96-3caf-455b-a85b-e45568549b32,Liberty Sandal 154,LIB-SD-154,717c3862-8869-4362-8176-cb3d494e23d2,pair,55,True,,2025-11-14 09:01:53
54385154-be6b-4bbb-8880-d42b527c7a40,Liberty Sandal 495,LIB-SD-495,717c3862-8869-4362-8176-cb3d494e23d2,pair,15,True,,2026-02-28 09:01:53
cd8c3062-f5ac-4290-aa04-76d73d757a86,Liberty Sandal 426,LIB-SD-426,717c3862-8869-4362-8176-cb3d494e23d2,pair,17,True,,2025-04-16 09:01:53
8d1ddbac-2385-4bc5-892a-6ed4440d2e1e,Liberty Sandal 443,LIB-SD-443,717c3862-8869-4362-8176-cb3d494e23d2,pair,23,True,,2025-10-19 09:01:53
bc6d7fe5-b593-490f-99f3-4ae1b2b2f2c2,Liberty Sandal 949,LIB-SD-949,717c3862-8869-4362-8176-cb3d494e23d2,pair,65,True,,2026-01-02 09:01:53
bc35ae3a-1896-4222-9be5-a09c485f050d,Liberty Sandal 877,LIB-SD-877,717c3862-8869-4362-8176-cb3d494e23d2,pair,95,True,,2025-05-03 09:01:53
a8c0427c-7644-4b78-af22-b26f2ea8fb90,Liberty Sandal 105,LIB-SD-105,717c3862-8869-4362-8176-cb3d494e23d2,pair,15,True,,2025-11-24 09:01:53
3151f775-dc9f-4f38-aab3-97c9c0df3ff0,Liberty Sandal 955,LIB-SD-955-29,717c3862-8869-4362-8176-cb3d494e23d2,pair,75,False,,2025-05-07 09:01:53
ac00841f-ffdb-4891-af51-bfbd1d248b02,Liberty Sandal 640,LIB-SD-640,717c3862-8869-4362-8176-cb3d494e23d2,pair,59,True,,2025-10-18 09:01:53
5830e218-20da-4e60-9c15-9330728b12df,Liberty Sandal 343,LIB-SD-343,717c3862-8869-4362-8176-cb3d494e23d2,pair,43,True,,2025-11-12 09:01:53
ede0817a-c3f8-4bb3-9c89-ae6ae7a2e20f,Liberty Sandal 529,LIB-SD-529,717c3862-8869-4362-8176-cb3d494e23d2,pair,86,True,,2025-07-23 09:01:53
ac961d6b-10a5-437a-a3ee-ce596c2f2e22,Liberty Sandal 164,LIB-SD-164,717c3862-8869-4362-8176-cb3d494e23d2,pair,19,True,,2025-07-02 09:01:53
3f7c7461-b76e-406b-8145-f2d347e61469,Liberty Sandal 711,LIB-SD-711,717c3862-8869-4362-8176-cb3d494e23d2,pair,73,True,,2025-06-24 09:01:53
6370b157-a47e-4f56-836d-6fd85132719a,Liberty Sandal 688,LIB-SD-688,717c3862-8869-4362-8176-cb3d494e23d2,pair,35,True,,2025-10-16 09:01:53
50cd5ec6-1c69-4dff-8629-c6c6a698943f,Liberty Sandal 539,LIB-SD-539,717c3862-8869-4362-8176-cb3d494e23d2,pair,5,True,,2025-11-11 09:01:53
28a9f70f-354e-4148-b045-ee1374c3fd29,Liberty Sandal 684,LIB-SD-684,717c3862-8869-4362-8176-cb3d494e23d2,pair,58,True,,2025-04-06 09:01:53
976eaac8-4344-42b2-b84d-b66890c81b05,Liberty Sandal 187,LIB-SD-187,717c3862-8869-4362-8176-cb3d494e23d2,pair,72,False,,2026-02-08 09:01:53
f53ea09c-0464-4076-aad1-697cd04e1f6d,Liberty Sandal 638,LIB-SD-638,717c3862-8869-4362-8176-cb3d494e23d2,pair,74,True,,2025-06-28 09:01:53
46a49baf-5b20-4d44-b0e8-2a35694a135c,Liberty Sandal 667,LIB-SD-667,717c3862-8869-4362-8176-cb3d494e23d2,pair,7,True,,2025-07-17 09:01:53
6d089e57-0ad6-46e9-afc1-a9b2f2c86664,Liberty Sandal 144,LIB-SD-144,717c3862-8869-4362-8176-cb3d494e23d2,pair,86,True,,2025-09-04 09:01:53
86aeeec0-7e0a-48d0-8929-850d7b3b5843,Liberty Sandal 359,LIB-SD-359,717c3862-8869-4362-8176-cb3d494e23d2,pair,100,True,,2026-02-08 09:01:53
6ffa4eb4-0419-451b-9671-badd07b80ee1,Liberty Sandal 453,LIB-SD-453,717c3862-8869-4362-8176-cb3d494e23d2,pair,35,True,,2025-04-27 09:01:53
9baeb06e-083d-45d1-a240-b4045cfb9914,Liberty Sandal 206,LIB-SD-206,717c3862-8869-4362-8176-cb3d494e23d2,pair,79,True,,2025-09-25 09:01:53
e5323a95-0ca5-4c93-b036-a96f7e0bd265,Liberty Sandal 236,LIB-SD-236,717c3862-8869-4362-8176-cb3d494e23d2,pair,10,True,,2025-09-22 09:01:53
d84e5e42-c2b1-41b9-96c9-71cff9aa235a,Liberty Sandal 933,LIB-SD-933,717c3862-8869-4362-8176-cb3d494e23d2,pair,87,True,,2025-03-29 09:01:53
7aa625e0-f78c-4a45-a8ba-b1380b681251,Liberty Sandal 575,LIB-SD-575,717c3862-8869-4362-8176-cb3d494e23d2,pair,94,True,,2025-12-11 09:01:53
32a47286-b51a-4d5c-87c4-f3f77a6e62b2,Liberty Sandal 930,LIB-SD-930,717c3862-8869-4362-8176-cb3d494e23d2,pair,22,True,,2025-07-23 09:01:53
f7930e37-727c-43af-972e-c9c80c82e3c9,Liberty Sandal 137,LIB-SD-137,717c3862-8869-4362-8176-cb3d494e23d2,pair,42,True,,2025-12-02 09:01:53
04a0a1dc-504f-4bc3-ad64-234aac2da38f,Liberty Sandal 142,LIB-SD-142,717c3862-8869-4362-8176-cb3d494e23d2,pair,45,False,,2025-06-24 09:01:53
107d5d97-f8ad-4557-a0cb-f666cc3a7281,Liberty Sandal 507,LIB-SD-507,717c3862-8869-4362-8176-cb3d494e23d2,pair,74,True,,2026-02-24 09:01:53
85c2f727-d2a8-40b8-8425-82514304ca1d,Liberty Sandal 871,LIB-SD-871,717c3862-8869-4362-8176-cb3d494e23d2,pair,87,True,,2025-09-13 09:01:53
05fee888-6f2e-4f6d-b1c5-63d34342d3d8,Liberty Sandal 982,LIB-SD-982,717c3862-8869-4362-8176-cb3d494e23d2,pair,11,True,,2025-09-26 09:01:53
e7ff13c7-5be2-48bb-9b57-a01ab6e6fee3,Liberty Sandal 379,LIB-SD-379,717c3862-8869-4362-8176-cb3d494e23d2,pair,20,True,,2025-08-03 09:01:53
f25a74ba-0d57-42d7-94cf-bacafa5404ac,Liberty Sandal 509,LIB-SD-509,717c3862-8869-4362-8176-cb3d494e23d2,pair,100,True,,2025-08-29 09:01:53
4225ffa4-318f-4d91-9368-14effaae12dc,Liberty Sandal 447,LIB-SD-447,717c3862-8869-4362-8176-cb3d494e23d2,pair,28,True,,2025-07-03 09:01:53
8a058ae0-34b0-4171-aa9a-2c52b786a73d,Samsung QLED 476in TV,SAM-TV-476,0df03ef4-f8fb-4d41-9313-02aa723a4b3a,piece,71,True,,2026-01-31 09:01:53
3a838cc0-2806-4c0b-a1d0-fe42db6402c2,Samsung QLED 844in TV,SAM-TV-844,0df03ef4-f8fb-4d41-9313-02aa723a4b3a,piece,59,True,,2025-05-10 09:01:53
a784b213-8389-46c8-9c95-d43714fafc67,Samsung QLED 942in TV,SAM-TV-942,0df03ef4-f8fb-4d41-9313-02aa723a4b3a,piece,28,True,,2025-10-01 09:01:53
a864870c-6db6-425b-8993-835bdea64f44,Samsung QLED 205in TV,SAM-TV-205,0df03ef4-f8fb-4d41-9313-02aa723a4b3a,piece,15,True,,2025-10-14 09:01:53
685066dc-1f9b-485d-8ede-e9e555f4b5d2,Samsung QLED 413in TV,SAM-TV-413,0df03ef4-f8fb-4d41-9313-02aa723a4b3a,piece,62,True,,2025-08-08 09:01:53
6115a43c-e1db-4e57-899e-17a6868c0ef9,Samsung QLED 270in TV,SAM-TV-270,0df03ef4-f8fb-4d41-9313-02aa723a4b3a,piece,93,True,,2025-07-29 09:01:53
c53ba084-872e-4690-939c-e27d4c30079e,Samsung QLED 143in TV,SAM-TV-143,0df03ef4-f8fb-4d41-9313-02aa723a4b3a,piece,98,True,,2025-09-15 09:01:53
4a157d8a-146e-4bb5-9ef7-15fc037fb8fc,Samsung QLED 729in TV,SAM-TV-729,0df03ef4-f8fb-4d41-9313-02aa723a4b3a,piece,60,True,,2026-02-13 09:01:53
fbf172e7-610d-4917-a06b-f2420552088e,Samsung QLED 176in TV,SAM-TV-176,0df03ef4-f8fb-4d41-9313-02aa723a4b3a,piece,90,True,,2025-09-09 09:01:53
ac06762f-833e-4653-8911-b283dba8f83c,Samsung QLED 625in TV,SAM-TV-625,0df03ef4-f8fb-4d41-9313-02aa723a4b3a,piece,100,True,,2026-02-27 09:01:53
49e6cdc4-3986-49dc-9a98-7ce3814c28e6,Samsung QLED 246in TV,SAM-TV-246,0df03ef4-f8fb-4d41-9313-02aa723a4b3a,piece,82,True,,2025-08-02 09:01:53
2d892e3f-3b1f-4e84-a84b-f2e470fb4f31,Samsung QLED 135in TV,SAM-TV-135,0df03ef4-f8fb-4d41-9313-02aa723a4b3a,piece,21,True,,2025-04-18 09:01:53
c264f01d-ec1b-42cc-9e26-3b42112c026e,Samsung QLED 475in TV,SAM-TV-475,0df03ef4-f8fb-4d41-9313-02aa723a4b3a,piece,51,True,,2025-05-28 09:01:53
4bd5b8bd-93a5-4c19-9efe-26aeb3f6639d,Samsung QLED 133in TV,SAM-TV-133,0df03ef4-f8fb-4d41-9313-02aa723a4b3a,piece,82,True,,2025-07-27 09:01:53
94742298-90dd-4635-9126-09aedf75e680,Samsung QLED 479in TV,SAM-TV-479,0df03ef4-f8fb-4d41-9313-02aa723a4b3a,piece,52,True,,2026-02-03 09:01:53
0988f252-bc23-4e1f-b646-34841e3cfc72,Samsung QLED 687in TV,SAM-TV-687,0df03ef4-f8fb-4d41-9313-02aa723a4b3a,piece,22,True,,2025-08-23 09:01:53
efa4ca4f-24c2-4273-99b4-eeed800fd268,Samsung QLED 421in TV,SAM-TV-421,0df03ef4-f8fb-4d41-9313-02aa723a4b3a,piece,88,True,,2026-01-15 09:01:53
f68d298f-ac83-4553-ac45-86f79631f925,Samsung QLED 126in TV,SAM-TV-126,0df03ef4-f8fb-4d41-9313-02aa723a4b3a,piece,99,True,,2025-06-22 09:01:53
3f7369e1-b30b-4947-86f7-6384de67bfeb,Samsung QLED 496in TV,SAM-TV-496,0df03ef4-f8fb-4d41-9313-02aa723a4b3a,piece,76,True,,2025-11-01 09:01:53
12320089-84be-4a1f-b28b-36afc363bb1f,Samsung QLED 820in TV,SAM-TV-820,0df03ef4-f8fb-4d41-9313-02aa723a4b3a,piece,62,True,,2025-05-05 09:01:53
5b545293-ca47-4170-bef7-e8232211d0ef,Samsung QLED 392in TV,SAM-TV-392,0df03ef4-f8fb-4d41-9313-02aa723a4b3a,piece,93,False,,2025-07-06 09:01:53
bf4c8a07-8009-4b2a-b611-f75eb5bb82bb,Samsung QLED 304in TV,SAM-TV-304,0df03ef4-f8fb-4d41-9313-02aa723a4b3a,piece,20,True,,2026-02-05 09:01:53
b5a3f413-d800-46c4-b700-eee412e568f9,Samsung QLED 562in TV,SAM-TV-562,0df03ef4-f8fb-4d41-9313-02aa723a4b3a,piece,27,True,,2025-07-30 09:01:53
1f26fb02-fd8c-4688-b937-1caeac238acd,Samsung QLED 189in TV,SAM-TV-189,0df03ef4-f8fb-4d41-9313-02aa723a4b3a,piece,92,False,,2025-10-02 09:01:53
9ac3c4f8-8799-4a25-8c8c-35df6812e13a,Samsung QLED 783in TV,SAM-TV-783,0df03ef4-f8fb-4d41-9313-02aa723a4b3a,piece,49,True,,2025-06-06 09:01:53
ea5b8e71-9c34-436a-a00c-4dfbca1ecb57,Samsung QLED 655in TV,SAM-TV-655,0df03ef4-f8fb-4d41-9313-02aa723a4b3a,piece,42,True,,2025-12-24 09:01:53
77af8175-19e8-42aa-bb69-3cfc0ef55482,Samsung QLED 828in TV,SAM-TV-828,0df03ef4-f8fb-4d41-9313-02aa723a4b3a,piece,95,False,,2025-04-22 09:01:53
440eae49-8631-465c-b622-df0a236d2354,Samsung QLED 278in TV,SAM-TV-278,0df03ef4-f8fb-4d41-9313-02aa723a4b3a,piece,51,True,,2026-01-11 09:01:53
7ea76719-c857-4efd-bc55-84c0f1f4682d,Samsung QLED 305in TV,SAM-TV-305,0df03ef4-f8fb-4d41-9313-02aa723a4b3a,piece,22,True,,2025-07-05 09:01:53
3e77462e-4519-43c6-80dc-a5edaef14d8c,Samsung QLED 126in TV,SAM-TV-126-56,0df03ef4-f8fb-4d41-9313-02aa723a4b3a,piece,75,True,,2025-07-18 09:01:53
bad52b08-9193-4b63-9d59-4314c7678dce,Samsung QLED 922in TV,SAM-TV-922,0df03ef4-f8fb-4d41-9313-02aa723a4b3a,piece,75,True,,2026-01-29 09:01:53
8991f239-63cc-4ed1-8d69-b11edfee3b92,Samsung QLED 167in TV,SAM-TV-167,0df03ef4-f8fb-4d41-9313-02aa723a4b3a,piece,44,True,,2025-07-12 09:01:53
03597609-48a4-47e5-871d-721398e4e3a0,Samsung QLED 638in TV,SAM-TV-638,0df03ef4-f8fb-4d41-9313-02aa723a4b3a,piece,57,True,,2025-05-24 09:01:53
fdded4f8-77a0-4bdb-960e-601fb8a2d633,Samsung QLED 175in TV,SAM-TV-175,0df03ef4-f8fb-4d41-9313-02aa723a4b3a,piece,21,False,,2025-04-20 09:01:53
0d468bf0-83e2-4146-9b3e-10c0b27169e4,Samsung QLED 175in TV,SAM-TV-175-67,0df03ef4-f8fb-4d41-9313-02aa723a4b3a,piece,64,True,,2025-09-19 09:01:53
954ba2f6-4cdf-495a-baec-223702b40694,Samsung QLED 231in TV,SAM-TV-231,0df03ef4-f8fb-4d41-9313-02aa723a4b3a,piece,75,True,,2025-12-11 09:01:53
2fa361d3-afe5-4737-86e4-869f1988f9a5,Samsung QLED 886in TV,SAM-TV-886,0df03ef4-f8fb-4d41-9313-02aa723a4b3a,piece,21,True,,2026-02-14 09:01:53
db8cf1c4-d650-40a2-8ba7-769d2ff349eb,Samsung QLED 951in TV,SAM-TV-951,0df03ef4-f8fb-4d41-9313-02aa723a4b3a,piece,20,True,,2025-10-10 09:01:53
025b21f3-6526-4ee7-9b23-d29feefa79b2,Samsung QLED 268in TV,SAM-TV-268,0df03ef4-f8fb-4d41-9313-02aa723a4b3a,piece,25,True,,2025-03-16 09:01:53
ee176a11-9a3e-4ad1-87c5-136b53d4f513,Samsung QLED 330in TV,SAM-TV-330,0df03ef4-f8fb-4d41-9313-02aa723a4b3a,piece,49,False,,2025-06-22 09:01:53
f73d8acc-f63c-46e8-8658-aa06e0da132b,Samsung QLED 390in TV,SAM-TV-390,0df03ef4-f8fb-4d41-9313-02aa723a4b3a,piece,15,True,,2025-04-23 09:01:53
17ed4d9b-aee3-43f1-8a66-0e26a32d95e3,Samsung QLED 664in TV,SAM-TV-664,0df03ef4-f8fb-4d41-9313-02aa723a4b3a,piece,40,True,,2025-10-10 09:01:53
5b2bd01b-086c-4899-bce3-ccaec9e31eb9,Samsung QLED 729in TV,SAM-TV-729-78,0df03ef4-f8fb-4d41-9313-02aa723a4b3a,piece,16,True,,2025-12-18 09:01:53
e7c776d7-ea89-4534-808b-4b01b8416d92,Samsung QLED 706in TV,SAM-TV-706,0df03ef4-f8fb-4d41-9313-02aa723a4b3a,piece,79,True,,2025-04-11 09:01:53
09a1bb81-3cd6-4934-9f29-d0371403120f,Samsung QLED 739in TV,SAM-TV-739,0df03ef4-f8fb-4d41-9313-02aa723a4b3a,piece,97,False,,2025-09-23 09:01:53
26cb1ea6-527e-4d7d-a59f-c785040d12d0,Samsung QLED 962in TV,SAM-TV-962,0df03ef4-f8fb-4d41-9313-02aa723a4b3a,piece,77,True,,2026-02-28 09:01:53
a30df302-8b08-443b-aa0c-3862061ee466,Samsung QLED 183in TV,SAM-TV-183,0df03ef4-f8fb-4d41-9313-02aa723a4b3a,piece,10,False,,2025-05-23 09:01:53
7f2ca287-d72b-41a6-a98d-8ea0ca2d80e7,Samsung QLED 371in TV,SAM-TV-371,0df03ef4-f8fb-4d41-9313-02aa723a4b3a,piece,88,True,,2025-05-26 09:01:53
503bc494-8e10-41ff-ba73-8fcc0c012e17,Samsung QLED 526in TV,SAM-TV-526,0df03ef4-f8fb-4d41-9313-02aa723a4b3a,piece,84,True,,2025-07-03 09:01:53
7f4f3f3a-a8de-44e1-b1ce-220b3a8a0fba,Samsung QLED 742in TV,SAM-TV-742,0df03ef4-f8fb-4d41-9313-02aa723a4b3a,piece,74,True,,2025-10-11 09:01:53
88d13806-96c0-4501-8308-ef1c18a07d3a,Samsung QLED 594in TV,SAM-TV-594,0df03ef4-f8fb-4d41-9313-02aa723a4b3a,piece,36,True,,2025-03-29 09:01:53
1d0a1238-cf29-42d6-a0af-ba025be0fed0,Samsung QLED 515in TV,SAM-TV-515,0df03ef4-f8fb-4d41-9313-02aa723a4b3a,piece,43,True,,2025-03-27 09:01:53
40311cf3-f054-411e-8be7-51692ec6c2e4,Samsung QLED 161in TV,SAM-TV-161,0df03ef4-f8fb-4d41-9313-02aa723a4b3a,piece,25,True,,2025-07-10 09:01:53
cd641135-3b3a-4179-b5fa-77b31830c3ab,Samsung QLED 575in TV,SAM-TV-575,0df03ef4-f8fb-4d41-9313-02aa723a4b3a,piece,31,True,,2025-12-31 09:01:53
29978659-80ca-45d3-9fc4-084d6aece350,Samsung QLED 420in TV,SAM-TV-420,0df03ef4-f8fb-4d41-9313-02aa723a4b3a,piece,96,True,,2025-09-19 09:01:53
2570aecc-29f2-45a7-91d8-0ca05bb9f4c3,Samsung QLED 508in TV,SAM-TV-508,0df03ef4-f8fb-4d41-9313-02aa723a4b3a,piece,21,True,,2025-06-24 09:01:53
22ec5a92-d506-4928-ab8c-55b99484f932,Samsung QLED 675in TV,SAM-TV-675,0df03ef4-f8fb-4d41-9313-02aa723a4b3a,piece,18,True,,2025-07-19 09:01:53
2a5d50fa-b26a-47f7-852c-92bfbe412564,Samsung QLED 225in TV,SAM-TV-225,0df03ef4-f8fb-4d41-9313-02aa723a4b3a,piece,39,True,,2026-01-01 09:01:53
9e8c76a3-d590-4791-a55a-8f2facbf938c,Samsung QLED 199in TV,SAM-TV-199,0df03ef4-f8fb-4d41-9313-02aa723a4b3a,piece,11,True,,2025-08-30 09:01:53
04bcff4e-2115-4eed-b780-934258208a65,Samsung QLED 984in TV,SAM-TV-984,0df03ef4-f8fb-4d41-9313-02aa723a4b3a,piece,83,True,,2025-12-23 09:01:53
21afe523-0763-4de4-b2f4-e10a9079db43,Samsung QLED 933in TV,SAM-TV-933,0df03ef4-f8fb-4d41-9313-02aa723a4b3a,piece,46,False,,2025-10-05 09:01:53
e7b0fdc8-c753-454d-8547-732aed3bdd87,Samsung QLED 294in TV,SAM-TV-294,0df03ef4-f8fb-4d41-9313-02aa723a4b3a,piece,25,True,,2025-06-24 09:01:53
60367561-b662-42c1-ad0c-686f0a95fcdb,LG OLED 578in Display,LGO-DI-578,0df03ef4-f8fb-4d41-9313-02aa723a4b3a,piece,68,True,,2025-07-03 09:01:53
a9aa4259-2bb5-495f-8e8c-4b496c7f784c,LG OLED 123in Display,LGO-DI-123,0df03ef4-f8fb-4d41-9313-02aa723a4b3a,piece,16,False,,2025-06-29 09:01:53
b372de14-d2c1-4629-be2b-255611d874b9,LG OLED 568in Display,LGO-DI-568,0df03ef4-f8fb-4d41-9313-02aa723a4b3a,piece,35,True,,2025-09-15 09:01:53
6e52c80f-715b-43ec-9aa9-7b66246bc322,LG OLED 149in Display,LGO-DI-149,0df03ef4-f8fb-4d41-9313-02aa723a4b3a,piece,11,True,,2025-05-13 09:01:53
7368102a-30a3-4092-a4b4-85e0d5943e8d,LG OLED 963in Display,LGO-DI-963,0df03ef4-f8fb-4d41-9313-02aa723a4b3a,piece,88,True,,2025-10-19 09:01:53
367f673b-05b4-4bd7-b87c-4cc589851f56,LG OLED 649in Display,LGO-DI-649,0df03ef4-f8fb-4d41-9313-02aa723a4b3a,piece,6,True,,2025-08-06 09:01:53
6fd9dbfe-0644-4786-86d5-aabe222749e1,LG OLED 237in Display,LGO-DI-237,0df03ef4-f8fb-4d41-9313-02aa723a4b3a,piece,38,True,,2025-08-20 09:01:53
04fe2359-3210-4a7b-aa7e-0b3f1500872a,LG OLED 474in Display,LGO-DI-474,0df03ef4-f8fb-4d41-9313-02aa723a4b3a,piece,10,True,,2025-05-27 09:01:53
f9ecc867-cbcd-40ed-b85f-d8471b40b3be,LG OLED 675in Display,LGO-DI-675,0df03ef4-f8fb-4d41-9313-02aa723a4b3a,piece,29,True,,2025-10-18 09:01:53
fe8fd14b-7721-4b67-a213-fda79fee755f,LG OLED 175in Display,LGO-DI-175,0df03ef4-f8fb-4d41-9313-02aa723a4b3a,piece,54,True,,2025-06-06 09:01:53
1ca5ec7a-b954-44cf-a056-39631b6f2337,LG OLED 386in Display,LGO-DI-386,0df03ef4-f8fb-4d41-9313-02aa723a4b3a,piece,84,True,,2026-01-13 09:01:53
76fab19b-a3d0-454f-bd04-95546413daac,LG OLED 231in Display,LGO-DI-231,0df03ef4-f8fb-4d41-9313-02aa723a4b3a,piece,17,True,,2025-09-22 09:01:53
a2acc172-526f-460d-aff3-3d5d10069795,LG OLED 671in Display,LGO-DI-671,0df03ef4-f8fb-4d41-9313-02aa723a4b3a,piece,51,True,,2025-12-03 09:01:53
74e99ccd-b6cd-4d12-a76d-184112aec232,LG OLED 716in Display,LGO-DI-716,0df03ef4-f8fb-4d41-9313-02aa723a4b3a,piece,70,True,,2026-02-22 09:01:53
0c8d7abf-8399-459a-b33e-b8fc6c6d1cc1,LG OLED 146in Display,LGO-DI-146,0df03ef4-f8fb-4d41-9313-02aa723a4b3a,piece,9,True,,2025-09-25 09:01:53
6ecadb8b-0630-44a5-9c9c-f68d2902e272,LG OLED 923in Display,LGO-DI-923,0df03ef4-f8fb-4d41-9313-02aa723a4b3a,piece,65,True,,2025-12-28 09:01:53
939e6cc2-9869-40e2-a8c2-5167dae12dbb,LG OLED 720in Display,LGO-DI-720,0df03ef4-f8fb-4d41-9313-02aa723a4b3a,piece,70,True,,2025-05-05 09:01:53
8defb2d9-ff71-4844-a336-a972ef7eb652,LG OLED 426in Display,LGO-DI-426,0df03ef4-f8fb-4d41-9313-02aa723a4b3a,piece,25,True,,2025-05-03 09:01:53
326bf8d3-a63f-4366-996e-100a0328e920,LG OLED 857in Display,LGO-DI-857,0df03ef4-f8fb-4d41-9313-02aa723a4b3a,piece,43,True,,2025-06-28 09:01:53
fd48bbb8-e5eb-40c9-8848-67cfccd72a95,LG OLED 948in Display,LGO-DI-948,0df03ef4-f8fb-4d41-9313-02aa723a4b3a,piece,70,True,,2025-03-17 09:01:53
b8d7afed-b738-4e9c-9aa5-3853df8227a7,LG OLED 676in Display,LGO-DI-676,0df03ef4-f8fb-4d41-9313-02aa723a4b3a,piece,43,True,,2026-03-06 09:01:53
28460b34-ee48-4bc3-afc7-1c226bfa4ba3,LG OLED 477in Display,LGO-DI-477,0df03ef4-f8fb-4d41-9313-02aa723a4b3a,piece,47,True,,2025-08-13 09:01:53
55a922ea-0828-4e26-9e98-b153c133b9db,LG OLED 697in Display,LGO-DI-697,0df03ef4-f8fb-4d41-9313-02aa723a4b3a,piece,44,True,,2025-03-27 09:01:53
5ca36346-863d-4a08-b64b-073af2da491f,LG OLED 744in Display,LGO-DI-744,0df03ef4-f8fb-4d41-9313-02aa723a4b3a,piece,8,True,,2025-10-30 09:01:53
97355678-9c27-4416-92a3-dfb2eb51ed98,LG OLED 771in Display,LGO-DI-771,0df03ef4-f8fb-4d41-9313-02aa723a4b3a,piece,79,True,,2026-02-16 09:01:53
ab9de7af-d8bf-4795-afda-17c4176c69fd,LG OLED 697in Display,LGO-DI-697-71,0df03ef4-f8fb-4d41-9313-02aa723a4b3a,piece,26,True,,2025-05-01 09:01:53
a9224303-5009-4388-a2bb-1e32a8dfb9e6,LG OLED 893in Display,LGO-DI-893,0df03ef4-f8fb-4d41-9313-02aa723a4b3a,piece,53,True,,2025-03-31 09:01:53
417a9e66-cad6-4389-a233-6330fbab4e38,LG OLED 348in Display,LGO-DI-348,0df03ef4-f8fb-4d41-9313-02aa723a4b3a,piece,9,True,,2025-03-21 09:01:53
63626e50-2538-4c5e-a234-1205c7d902a2,LG OLED 212in Display,LGO-DI-212,0df03ef4-f8fb-4d41-9313-02aa723a4b3a,piece,29,True,,2025-10-05 09:01:53
ed4493f9-bed4-44c0-a9ad-0d72da949835,LG OLED 528in Display,LGO-DI-528,0df03ef4-f8fb-4d41-9313-02aa723a4b3a,piece,24,True,,2025-11-30 09:01:53
7eeefe9f-a8ba-42f7-88c3-4044f24fa16f,LG OLED 520in Display,LGO-DI-520,0df03ef4-f8fb-4d41-9313-02aa723a4b3a,piece,69,True,,2025-07-16 09:01:53
14ea37bd-f497-40f5-9803-6187e24e6087,LG OLED 993in Display,LGO-DI-993,0df03ef4-f8fb-4d41-9313-02aa723a4b3a,piece,99,True,,2025-03-18 09:01:53
195cfaae-e9b9-4f67-ae3b-b1514a0776dc,LG OLED 241in Display,LGO-DI-241,0df03ef4-f8fb-4d41-9313-02aa723a4b3a,piece,71,True,,2025-09-29 09:01:53
a4ad00cd-559c-41f5-a82d-3f3928e55c4b,LG OLED 778in Display,LGO-DI-778,0df03ef4-f8fb-4d41-9313-02aa723a4b3a,piece,66,True,,2025-10-05 09:01:53
9ff2c161-1d2d-4d69-a6c1-b76960e97e74,LG OLED 277in Display,LGO-DI-277,0df03ef4-f8fb-4d41-9313-02aa723a4b3a,piece,63,False,,2025-09-20 09:01:53
a4a81e81-5455-4461-9df5-454ea7a28e55,LG OLED 659in Display,LGO-DI-659,0df03ef4-f8fb-4d41-9313-02aa723a4b3a,piece,50,True,,2025-03-31 09:01:53
1f7908dc-f535-44bb-abf2-36f89af95f2f,LG OLED 758in Display,LGO-DI-758,0df03ef4-f8fb-4d41-9313-02aa723a4b3a,piece,93,True,,2025-07-10 09:01:53
67ee555d-1045-40c9-acad-9db54461ffb3,LG OLED 296in Display,LGO-DI-296,0df03ef4-f8fb-4d41-9313-02aa723a4b3a,piece,36,True,,2025-10-13 09:01:53
c8c024f2-10c7-4389-9053-6737fe1dd057,LG OLED 330in Display,LGO-DI-330,0df03ef4-f8fb-4d41-9313-02aa723a4b3a,piece,43,True,,2025-03-19 09:01:53
ccb80aea-0752-436c-ba7d-9e3bf9d629d2,LG OLED 312in Display,LGO-DI-312,0df03ef4-f8fb-4d41-9313-02aa723a4b3a,piece,93,True,,2025-10-03 09:01:53
433755e4-0aad-4c4d-985c-c7be08ad0aa8,LG OLED 591in Display,LGO-DI-591,0df03ef4-f8fb-4d41-9313-02aa723a4b3a,piece,49,True,,2025-10-25 09:01:53
212f1b22-5b0a-4dc5-bd99-f143c9ee68ce,LG OLED 394in Display,LGO-DI-394,0df03ef4-f8fb-4d41-9313-02aa723a4b3a,piece,20,True,,2025-06-09 09:01:53
ef493491-46f2-44af-be0f-da228d347dc9,LG OLED 488in Display,LGO-DI-488,0df03ef4-f8fb-4d41-9313-02aa723a4b3a,piece,55,True,,2025-12-30 09:01:53
faf572f2-cf32-4cfd-a97d-ca7e4054ab78,LG OLED 397in Display,LGO-DI-397,0df03ef4-f8fb-4d41-9313-02aa723a4b3a,piece,10,True,,2025-03-14 09:01:53
7fb27a5c-fd89-44b1-83bd-ee894e1a61e3,LG OLED 180in Display,LGO-DI-180,0df03ef4-f8fb-4d41-9313-02aa723a4b3a,piece,49,False,,2025-04-13 09:01:53
a67da422-f151-4465-9083-1cd7dd2132ce,LG OLED 362in Display,LGO-DI-362,0df03ef4-f8fb-4d41-9313-02aa723a4b3a,piece,100,True,,2025-12-01 09:01:53
7fc5be05-739a-4653-a930-9e21f912f174,LG OLED 947in Display,LGO-DI-947,0df03ef4-f8fb-4d41-9313-02aa723a4b3a,piece,73,True,,2025-05-31 09:01:53
2064b500-d0b0-4cda-a924-e4e4caf50449,LG OLED 812in Display,LGO-DI-812,0df03ef4-f8fb-4d41-9313-02aa723a4b3a,piece,39,True,,2025-05-03 09:01:53
2aeccaa3-5db0-4395-ade1-0aeb2b7afd4b,LG OLED 858in Display,LGO-DI-858,0df03ef4-f8fb-4d41-9313-02aa723a4b3a,piece,80,True,,2026-02-17 09:01:53
ae4c28d8-e4c7-4743-a069-3dfbf9ac1ca7,LG OLED 785in Display,LGO-DI-785,0df03ef4-f8fb-4d41-9313-02aa723a4b3a,piece,72,True,,2025-11-15 09:01:53
d9629c5f-35d6-4928-be37-47e8ff0c1866,LG OLED 153in Display,LGO-DI-153,0df03ef4-f8fb-4d41-9313-02aa723a4b3a,piece,17,True,,2025-07-16 09:01:53
89655bd6-a6a0-4b12-b0a2-df9a3c396505,LG OLED 202in Display,LGO-DI-202,0df03ef4-f8fb-4d41-9313-02aa723a4b3a,piece,92,True,,2026-03-12 09:01:53
0dce412f-2372-4648-94b7-c2d2080915e6,LG OLED 663in Display,LGO-DI-663,0df03ef4-f8fb-4d41-9313-02aa723a4b3a,piece,25,True,,2025-07-14 09:01:53
e8751fd6-0193-4974-b768-4b711b9a2caa,LG OLED 588in Display,LGO-DI-588,0df03ef4-f8fb-4d41-9313-02aa723a4b3a,piece,88,True,,2025-10-18 09:01:53
58ca22ce-8ede-4110-b355-6eb0b46c00a6,LG OLED 428in Display,LGO-DI-428,0df03ef4-f8fb-4d41-9313-02aa723a4b3a,piece,41,True,,2026-01-28 09:01:53
cd1dfcea-3cb6-4e10-a59b-0efbac3ba840,LG OLED 767in Display,LGO-DI-767,0df03ef4-f8fb-4d41-9313-02aa723a4b3a,piece,78,True,,2026-02-23 09:01:53
2aecd5bd-b8ef-4005-bd16-e56eb5a967e4,LG OLED 279in Display,LGO-DI-279,0df03ef4-f8fb-4d41-9313-02aa723a4b3a,piece,58,True,,2025-12-14 09:01:53
0da17954-0393-4b3d-a948-71acdde1b138,LG OLED 137in Display,LGO-DI-137,0df03ef4-f8fb-4d41-9313-02aa723a4b3a,piece,55,True,,2025-12-09 09:01:53
88e15587-7de0-450d-befd-f817c88b9bf8,LG OLED 866in Display,LGO-DI-866,0df03ef4-f8fb-4d41-9313-02aa723a4b3a,piece,42,True,,2026-03-10 09:01:53
9221dea8-0a11-4344-81a1-d7037b96d554,LG OLED 405in Display,LGO-DI-405,0df03ef4-f8fb-4d41-9313-02aa723a4b3a,piece,77,True,,2025-09-24 09:01:53
b527c14b-41b3-46f3-9740-f40a2ad81271,LG OLED 391in Display,LGO-DI-391,0df03ef4-f8fb-4d41-9313-02aa723a4b3a,piece,63,False,,2025-06-09 09:01:53
e08159ad-d722-440e-abf9-3ad1486ac174,LG OLED 636in Display,LGO-DI-636,0df03ef4-f8fb-4d41-9313-02aa723a4b3a,piece,68,True,,2026-01-05 09:01:53
435378b4-7f05-4d04-9289-cd5f4466c42d,Sony Bravia 971in,SON-BR-971,0df03ef4-f8fb-4d41-9313-02aa723a4b3a,piece,69,True,,2025-12-06 09:01:53
e5ebc988-67d1-4c42-8a40-a55dfd8a4402,Sony Bravia 928in,SON-BR-928,0df03ef4-f8fb-4d41-9313-02aa723a4b3a,piece,19,True,,2025-07-23 09:01:53
c644d0ad-fa51-4a12-ac1e-0b08509e8d12,Sony Bravia 763in,SON-BR-763,0df03ef4-f8fb-4d41-9313-02aa723a4b3a,piece,37,True,,2026-03-07 09:01:53
9b9f7362-5f24-4191-bb09-42f9ed15237a,Sony Bravia 854in,SON-BR-854,0df03ef4-f8fb-4d41-9313-02aa723a4b3a,piece,48,True,,2025-05-28 09:01:53
9d4b3175-d945-4c5a-ad1b-6036a3f50448,Sony Bravia 790in,SON-BR-790,0df03ef4-f8fb-4d41-9313-02aa723a4b3a,piece,29,True,,2025-04-21 09:01:53
3af9644e-5d11-41ea-95cf-b45ab6faf74e,Sony Bravia 515in,SON-BR-515,0df03ef4-f8fb-4d41-9313-02aa723a4b3a,piece,59,True,,2026-01-29 09:01:53
0d8b9a82-e430-47ba-a26d-f09021a304d5,Sony Bravia 510in,SON-BR-510,0df03ef4-f8fb-4d41-9313-02aa723a4b3a,piece,90,True,,2026-01-02 09:01:53
700bb569-f8ce-4423-9e41-6da3a3cf2bc4,Sony Bravia 588in,SON-BR-588,0df03ef4-f8fb-4d41-9313-02aa723a4b3a,piece,46,False,,2026-03-11 09:01:53
730077cf-604b-4896-976a-8614ba613a9d,Sony Bravia 367in,SON-BR-367,0df03ef4-f8fb-4d41-9313-02aa723a4b3a,piece,54,True,,2025-10-29 09:01:53
c186729c-0779-44a5-8604-c2514a3b1fe7,Sony Bravia 437in,SON-BR-437,0df03ef4-f8fb-4d41-9313-02aa723a4b3a,piece,43,True,,2025-05-25 09:01:53
da6204c8-685a-4319-98bf-38a10b55b1c3,Sony Bravia 111in,SON-BR-111,0df03ef4-f8fb-4d41-9313-02aa723a4b3a,piece,38,True,,2025-03-25 09:01:53
2dea139d-034a-4bf3-aa78-ca5d045bae9b,Sony Bravia 341in,SON-BR-341,0df03ef4-f8fb-4d41-9313-02aa723a4b3a,piece,12,True,,2025-07-19 09:01:53
3d179e92-b829-4061-b2b1-7b77ddeb94d9,Sony Bravia 414in,SON-BR-414,0df03ef4-f8fb-4d41-9313-02aa723a4b3a,piece,25,True,,2025-06-30 09:01:53
1b2717d1-c26a-47b4-9317-0c2967beb22f,Sony Bravia 820in,SON-BR-820,0df03ef4-f8fb-4d41-9313-02aa723a4b3a,piece,44,True,,2025-04-21 09:01:53
2161b3a8-c3c5-487c-a2b7-cd7cc854b4e5,Sony Bravia 402in,SON-BR-402,0df03ef4-f8fb-4d41-9313-02aa723a4b3a,piece,52,True,,2025-11-22 09:01:53
a5cb096c-055e-4b61-8eb3-9bd66e7174fd,Sony Bravia 236in,SON-BR-236,0df03ef4-f8fb-4d41-9313-02aa723a4b3a,piece,66,True,,2025-05-08 09:01:53
3f768d47-4359-4b71-861d-2304764a5301,Sony Bravia 482in,SON-BR-482,0df03ef4-f8fb-4d41-9313-02aa723a4b3a,piece,58,True,,2025-07-16 09:01:53
2ab4a8d3-a6e5-4071-907e-9b4572203a47,Sony Bravia 875in,SON-BR-875,0df03ef4-f8fb-4d41-9313-02aa723a4b3a,piece,73,True,,2025-11-23 09:01:53
33a74331-6d48-466d-8053-04a0cd968360,Sony Bravia 880in,SON-BR-880,0df03ef4-f8fb-4d41-9313-02aa723a4b3a,piece,36,True,,2025-05-13 09:01:53
1a6319d0-78ea-4506-95e6-67133a350568,Sony Bravia 994in,SON-BR-994,0df03ef4-f8fb-4d41-9313-02aa723a4b3a,piece,15,True,,2025-06-17 09:01:53
c77dc32c-3bee-4bc8-8fd0-958fe95f3a9c,Sony Bravia 820in,SON-BR-820-56,0df03ef4-f8fb-4d41-9313-02aa723a4b3a,piece,14,False,,2026-01-16 09:01:53
695c5fba-702d-4965-a055-be1d37222abf,Sony Bravia 163in,SON-BR-163,0df03ef4-f8fb-4d41-9313-02aa723a4b3a,piece,75,False,,2025-12-01 09:01:53
e180b7b3-924a-4115-b114-f861647cdfea,Sony Bravia 686in,SON-BR-686,0df03ef4-f8fb-4d41-9313-02aa723a4b3a,piece,73,True,,2025-09-28 09:01:53
04ab1bc0-799d-4f19-9877-c57c2c40b562,Sony Bravia 974in,SON-BR-974,0df03ef4-f8fb-4d41-9313-02aa723a4b3a,piece,71,True,,2025-03-31 09:01:53
6f9610c1-1bc3-456e-939a-6e06045caf92,Sony Bravia 310in,SON-BR-310,0df03ef4-f8fb-4d41-9313-02aa723a4b3a,piece,96,True,,2026-01-27 09:01:53
7664e6f5-d264-433d-9bf3-248e1e8617ed,Sony Bravia 622in,SON-BR-622,0df03ef4-f8fb-4d41-9313-02aa723a4b3a,piece,62,True,,2025-07-25 09:01:53
9aa77a03-b45b-41ca-8b04-2be5af3c4627,Sony Bravia 235in,SON-BR-235,0df03ef4-f8fb-4d41-9313-02aa723a4b3a,piece,70,True,,2025-05-30 09:01:53
09c524a8-3809-4c7b-b778-435079b79098,Sony Bravia 159in,SON-BR-159,0df03ef4-f8fb-4d41-9313-02aa723a4b3a,piece,76,True,,2025-10-08 09:01:53
470b6b01-4f1c-43df-8aaf-aef54c2b9486,Sony Bravia 840in,SON-BR-840,0df03ef4-f8fb-4d41-9313-02aa723a4b3a,piece,7,True,,2026-03-13 09:01:53
c0d4522d-db9b-4df6-89d4-42b9391a2ed8,Sony Bravia 863in,SON-BR-863,0df03ef4-f8fb-4d41-9313-02aa723a4b3a,piece,32,True,,2026-02-19 09:01:53
13663db1-1928-41e2-ac89-aa5a69ba32f4,Sony Bravia 533in,SON-BR-533,0df03ef4-f8fb-4d41-9313-02aa723a4b3a,piece,49,True,,2025-06-10 09:01:53
b6ed54c2-73d0-42f5-8d5f-9ef1f27ef8be,Sony Bravia 161in,SON-BR-161,0df03ef4-f8fb-4d41-9313-02aa723a4b3a,piece,13,False,,2025-07-16 09:01:53
4215c068-9ff1-4a41-8b90-dc7d365a59bf,Sony Bravia 132in,SON-BR-132,0df03ef4-f8fb-4d41-9313-02aa723a4b3a,piece,41,True,,2026-01-04 09:01:53
89a995e6-36ef-4c85-a27d-17024b82b0a0,Sony Bravia 884in,SON-BR-884,0df03ef4-f8fb-4d41-9313-02aa723a4b3a,piece,87,False,,2025-04-18 09:01:53
4229a053-b3cd-443e-91d0-89565d00baaa,Sony Bravia 530in,SON-BR-530,0df03ef4-f8fb-4d41-9313-02aa723a4b3a,piece,52,False,,2025-08-31 09:01:53
0e4db8bf-88d1-4e75-a8a4-1e68bddb5634,Sony Bravia 559in,SON-BR-559,0df03ef4-f8fb-4d41-9313-02aa723a4b3a,piece,53,True,,2025-03-30 09:01:53
41ee733f-f379-4d9a-8ff2-26bc6cf5b6c9,Sony Bravia 777in,SON-BR-777,0df03ef4-f8fb-4d41-9313-02aa723a4b3a,piece,74,True,,2025-09-17 09:01:53
b5f99c79-3bee-4bce-b857-1537d014cd14,Sony Bravia 221in,SON-BR-221,0df03ef4-f8fb-4d41-9313-02aa723a4b3a,piece,27,False,,2025-08-25 09:01:53
0514af41-7e5c-4845-96e3-13a2118ce905,Sony Bravia 641in,SON-BR-641,0df03ef4-f8fb-4d41-9313-02aa723a4b3a,piece,21,True,,2025-11-20 09:01:53
ddca87e0-170e-47b5-b1f8-62445cdef65e,Sony Bravia 954in,SON-BR-954,0df03ef4-f8fb-4d41-9313-02aa723a4b3a,piece,5,True,,2025-10-13 09:01:53
e0242ddc-3b4a-4f6f-aecf-1f27dfd8e81d,Sony Bravia 574in,SON-BR-574,0df03ef4-f8fb-4d41-9313-02aa723a4b3a,piece,91,True,,2025-08-09 09:01:53
dbc3710c-7a0e-4f8d-8075-bc55b75f032e,Sony Bravia 644in,SON-BR-644,0df03ef4-f8fb-4d41-9313-02aa723a4b3a,piece,53,True,,2025-11-08 09:01:53
08099066-f537-4cb6-b430-7bd453a7cfdc,Sony Bravia 571in,SON-BR-571,0df03ef4-f8fb-4d41-9313-02aa723a4b3a,piece,49,True,,2025-12-08 09:01:53
bdc2283e-cd6e-4c85-8112-1c00206d8a1f,Sony Bravia 996in,SON-BR-996,0df03ef4-f8fb-4d41-9313-02aa723a4b3a,piece,97,True,,2026-02-26 09:01:53
1fc5258b-d52f-403c-bb8c-1f09388549bb,Sony Bravia 928in,SON-BR-928-94,0df03ef4-f8fb-4d41-9313-02aa723a4b3a,piece,58,True,,2026-03-06 09:01:53
e0b54637-4d7f-4031-adfa-9306d0096812,Sony Bravia 346in,SON-BR-346,0df03ef4-f8fb-4d41-9313-02aa723a4b3a,piece,31,True,,2025-05-14 09:01:53
edef3610-2cdf-4b9d-ab69-c6e51c06e418,Sony Bravia 134in,SON-BR-134,0df03ef4-f8fb-4d41-9313-02aa723a4b3a,piece,62,True,,2025-03-19 09:01:53
7022f7eb-d052-4771-a05a-ad435d731d53,Sony Bravia 993in,SON-BR-993,0df03ef4-f8fb-4d41-9313-02aa723a4b3a,piece,11,True,,2026-02-20 09:01:53
a0be263c-1107-4c6f-be6d-d16de8073691,Sony Bravia 511in,SON-BR-511,0df03ef4-f8fb-4d41-9313-02aa723a4b3a,piece,61,True,,2025-11-23 09:01:53
184d8987-bc20-46f9-b361-ec8e0f7cc8df,Sony Bravia 872in,SON-BR-872,0df03ef4-f8fb-4d41-9313-02aa723a4b3a,piece,12,True,,2025-10-17 09:01:53
fc5a8455-8d3a-4876-8278-5254e0cbf455,Sony Bravia 339in,SON-BR-339,0df03ef4-f8fb-4d41-9313-02aa723a4b3a,piece,98,True,,2025-05-23 09:01:53
c83ce887-6fb0-4161-ac78-45606efa6f4f,Sony Bravia 712in,SON-BR-712,0df03ef4-f8fb-4d41-9313-02aa723a4b3a,piece,91,True,,2025-11-13 09:01:53
967382ad-7e65-4caf-ba8a-daba976aa80c,Sony Bravia 409in,SON-BR-409,0df03ef4-f8fb-4d41-9313-02aa723a4b3a,piece,23,False,,2025-06-21 09:01:53
38a356a3-cf53-4b14-a358-326b8838feac,Sony Bravia 326in,SON-BR-326,0df03ef4-f8fb-4d41-9313-02aa723a4b3a,piece,57,True,,2026-02-11 09:01:53
aa53621d-974a-448d-b632-8e933a7d479c,Sony Bravia 670in,SON-BR-670,0df03ef4-f8fb-4d41-9313-02aa723a4b3a,piece,80,True,,2025-12-15 09:01:53
1f4c4130-e2b9-4a76-ac6d-b6345f0c6b53,Sony Bravia 741in,SON-BR-741,0df03ef4-f8fb-4d41-9313-02aa723a4b3a,piece,91,True,,2025-07-04 09:01:53
a1979a4d-8260-46e0-baf5-95f6f83ee21b,Sony Bravia 148in,SON-BR-148,0df03ef4-f8fb-4d41-9313-02aa723a4b3a,piece,49,False,,2025-04-05 09:01:53
2d58c87b-7390-42cb-a839-24b20bf909f0,Sony Bravia 490in,SON-BR-490,0df03ef4-f8fb-4d41-9313-02aa723a4b3a,piece,72,True,,2025-08-13 09:01:53
4c3ef11e-f241-4bb5-b117-86f2aba69a7d,Sony Bravia 518in,SON-BR-518,0df03ef4-f8fb-4d41-9313-02aa723a4b3a,piece,24,True,,2025-12-10 09:01:53
86601e98-3fef-4743-b114-d17c75a4dbbe,Sony Bravia 872in,SON-BR-872-78,0df03ef4-f8fb-4d41-9313-02aa723a4b3a,piece,65,True,,2025-11-19 09:01:53
67bae9da-bbc7-4f35-928e-69fcec868520,Sony Bravia 407in,SON-BR-407,0df03ef4-f8fb-4d41-9313-02aa723a4b3a,piece,95,True,,2025-07-20 09:01:53
6d80f31d-e700-43e7-920a-9a136d6d9aae,Sony Bravia 159in,SON-BR-159-81,0df03ef4-f8fb-4d41-9313-02aa723a4b3a,piece,57,False,,2025-06-02 09:01:53
c7b5a56d-3cc5-4a47-ab41-916b845270f1,OnePlus TV 642in,ONP-TV-642,0df03ef4-f8fb-4d41-9313-02aa723a4b3a,piece,22,True,,2025-11-04 09:01:53
f04f6252-802e-48ab-84b2-426ae5a75c80,OnePlus TV 308in,ONP-TV-308,0df03ef4-f8fb-4d41-9313-02aa723a4b3a,piece,47,True,,2025-07-27 09:01:53
b7dcae66-265c-4f5a-aa63-3b3ef7bf0d4c,OnePlus TV 967in,ONP-TV-967,0df03ef4-f8fb-4d41-9313-02aa723a4b3a,piece,52,True,,2025-12-07 09:01:53
ad9acebb-bfee-45f8-848b-e7acab1825fe,OnePlus TV 152in,ONP-TV-152,0df03ef4-f8fb-4d41-9313-02aa723a4b3a,piece,39,True,,2025-05-09 09:01:53
95890610-5c10-44d1-8813-7cffa16fe3db,OnePlus TV 717in,ONP-TV-717,0df03ef4-f8fb-4d41-9313-02aa723a4b3a,piece,10,True,,2025-12-08 09:01:53
785e2d03-4be6-4b72-a1d3-61621e906e1d,OnePlus TV 923in,ONP-TV-923,0df03ef4-f8fb-4d41-9313-02aa723a4b3a,piece,80,True,,2025-06-01 09:01:53
350e0f6d-d0f5-4bbc-b491-7687da9d1ed7,OnePlus TV 322in,ONP-TV-322,0df03ef4-f8fb-4d41-9313-02aa723a4b3a,piece,66,True,,2025-09-25 09:01:53
d0369c7a-cfe6-4142-8db0-29d9607da9d8,OnePlus TV 410in,ONP-TV-410,0df03ef4-f8fb-4d41-9313-02aa723a4b3a,piece,6,True,,2025-12-07 09:01:53
13cf61c5-de73-4d91-bf42-85cd1a381906,OnePlus TV 859in,ONP-TV-859,0df03ef4-f8fb-4d41-9313-02aa723a4b3a,piece,20,True,,2025-07-12 09:01:53
b562d85b-66f7-4199-b7fd-beac155bd8f0,OnePlus TV 348in,ONP-TV-348,0df03ef4-f8fb-4d41-9313-02aa723a4b3a,piece,94,True,,2025-11-30 09:01:53
545dd11d-d327-43ae-97f9-a9b18922df7d,OnePlus TV 506in,ONP-TV-506,0df03ef4-f8fb-4d41-9313-02aa723a4b3a,piece,35,True,,2025-10-21 09:01:53
c27d64bc-fbfc-4c8c-815c-d0b34e48e6fb,OnePlus TV 489in,ONP-TV-489,0df03ef4-f8fb-4d41-9313-02aa723a4b3a,piece,64,True,,2025-09-12 09:01:53
390d7b08-3d6e-4eca-a5f8-aec6a3ab0716,OnePlus TV 415in,ONP-TV-415,0df03ef4-f8fb-4d41-9313-02aa723a4b3a,piece,38,True,,2025-07-03 09:01:53
0eb4cb6e-9116-4dbe-9703-72ad68674aee,OnePlus TV 577in,ONP-TV-577,0df03ef4-f8fb-4d41-9313-02aa723a4b3a,piece,17,True,,2025-07-17 09:01:53
584f9cad-7fef-4d53-a16d-0069704a964c,OnePlus TV 879in,ONP-TV-879,0df03ef4-f8fb-4d41-9313-02aa723a4b3a,piece,45,False,,2025-09-06 09:01:53
6833019b-e9c4-426b-a587-abb50c8ccc31,OnePlus TV 420in,ONP-TV-420,0df03ef4-f8fb-4d41-9313-02aa723a4b3a,piece,57,True,,2025-11-21 09:01:53
f990d85d-3f41-4a41-9b1f-c9f8552b638d,OnePlus TV 859in,ONP-TV-859-28,0df03ef4-f8fb-4d41-9313-02aa723a4b3a,piece,7,True,,2025-05-19 09:01:53
86db25ca-92f0-4a79-891f-f346e3acdbcd,OnePlus TV 693in,ONP-TV-693,0df03ef4-f8fb-4d41-9313-02aa723a4b3a,piece,97,True,,2025-12-26 09:01:53
198fc6d2-bead-45d0-9488-c7ec66386d3b,OnePlus TV 300in,ONP-TV-300,0df03ef4-f8fb-4d41-9313-02aa723a4b3a,piece,47,True,,2025-05-27 09:01:53
9f338dbe-99e9-4026-94bd-099374e9760f,OnePlus TV 953in,ONP-TV-953,0df03ef4-f8fb-4d41-9313-02aa723a4b3a,piece,36,True,,2025-04-13 09:01:53
f1c33eb3-6ce5-425f-b03e-b9c839b79bc1,OnePlus TV 801in,ONP-TV-801,0df03ef4-f8fb-4d41-9313-02aa723a4b3a,piece,48,True,,2025-07-07 09:01:53
d6bb4281-f074-408a-bb3e-fd553f7685fc,OnePlus TV 840in,ONP-TV-840,0df03ef4-f8fb-4d41-9313-02aa723a4b3a,piece,87,True,,2025-07-22 09:01:53
6dd13a1b-18c2-4e09-97e0-a61777f0d7ef,OnePlus TV 272in,ONP-TV-272,0df03ef4-f8fb-4d41-9313-02aa723a4b3a,piece,98,True,,2025-12-18 09:01:53
5a0af57d-7aad-411d-91a2-583fed236fc3,OnePlus TV 243in,ONP-TV-243,0df03ef4-f8fb-4d41-9313-02aa723a4b3a,piece,97,True,,2025-12-10 09:01:53
69af7103-9f1f-4409-948b-b7e7463426f9,OnePlus TV 655in,ONP-TV-655,0df03ef4-f8fb-4d41-9313-02aa723a4b3a,piece,87,False,,2025-06-19 09:01:53
a2f8133e-3c87-42a1-9d31-08be20738d25,OnePlus TV 134in,ONP-TV-134,0df03ef4-f8fb-4d41-9313-02aa723a4b3a,piece,14,False,,2025-04-06 09:01:53
8afae96b-d19a-4103-989d-2c2825595614,OnePlus TV 149in,ONP-TV-149,0df03ef4-f8fb-4d41-9313-02aa723a4b3a,piece,5,True,,2025-04-26 09:01:53
af59d42b-e811-4ea1-8e0f-f2a5e3cbb133,OnePlus TV 336in,ONP-TV-336,0df03ef4-f8fb-4d41-9313-02aa723a4b3a,piece,13,True,,2026-03-10 09:01:53
9e48a486-04fc-4a00-90d0-24e74e5994ff,OnePlus TV 323in,ONP-TV-323,0df03ef4-f8fb-4d41-9313-02aa723a4b3a,piece,69,True,,2026-02-12 09:01:53
87a9be3c-6a6c-4bb4-acf0-48090a9b8161,OnePlus TV 732in,ONP-TV-732,0df03ef4-f8fb-4d41-9313-02aa723a4b3a,piece,86,True,,2025-05-03 09:01:53
6a2fb53b-ff23-4211-adb9-3f63579d50e3,OnePlus TV 594in,ONP-TV-594,0df03ef4-f8fb-4d41-9313-02aa723a4b3a,piece,89,True,,2026-03-11 09:01:53
6cd06731-177a-4506-a81e-552de37a3e86,OnePlus TV 644in,ONP-TV-644,0df03ef4-f8fb-4d41-9313-02aa723a4b3a,piece,75,True,,2026-03-06 09:01:53
c9185ffa-8b25-462c-bc73-059917614033,OnePlus TV 642in,ONP-TV-642-45,0df03ef4-f8fb-4d41-9313-02aa723a4b3a,piece,73,False,,2026-03-06 09:01:53
e2caf144-32a6-4952-a12f-3d28b1db2ad1,OnePlus TV 614in,ONP-TV-614,0df03ef4-f8fb-4d41-9313-02aa723a4b3a,piece,94,True,,2025-12-13 09:01:53
bc0bd6e5-5062-4309-9cff-dd90d62568ae,OnePlus TV 209in,ONP-TV-209,0df03ef4-f8fb-4d41-9313-02aa723a4b3a,piece,17,True,,2025-11-11 09:01:53
e5a0383b-d228-47c1-9b80-9f21d3c2a980,OnePlus TV 296in,ONP-TV-296,0df03ef4-f8fb-4d41-9313-02aa723a4b3a,piece,84,True,,2025-09-14 09:01:53
bbb871fc-3a8b-4c3b-aad8-cd1a56cd1802,OnePlus TV 373in,ONP-TV-373,0df03ef4-f8fb-4d41-9313-02aa723a4b3a,piece,55,True,,2025-08-19 09:01:53
1881fc84-7de8-4bbc-a3a5-1312060576b9,OnePlus TV 570in,ONP-TV-570,0df03ef4-f8fb-4d41-9313-02aa723a4b3a,piece,77,True,,2025-03-23 09:01:53
7c7a11ca-250c-4381-a7ee-793c99228a5e,OnePlus TV 331in,ONP-TV-331,0df03ef4-f8fb-4d41-9313-02aa723a4b3a,piece,43,True,,2026-02-01 09:01:53
1b267e58-cced-418e-b6d7-6d41acad7071,OnePlus TV 769in,ONP-TV-769,0df03ef4-f8fb-4d41-9313-02aa723a4b3a,piece,88,True,,2026-01-26 09:01:53
ed668e3c-121b-4178-86bd-c7347c3b3a8a,OnePlus TV 515in,ONP-TV-515,0df03ef4-f8fb-4d41-9313-02aa723a4b3a,piece,53,True,,2025-07-14 09:01:53
2f55d9be-4da4-4495-8556-53c4d948d399,OnePlus TV 157in,ONP-TV-157,0df03ef4-f8fb-4d41-9313-02aa723a4b3a,piece,86,True,,2025-12-17 09:01:53
62d8ca3c-3b3d-4c66-889d-fc6de77a203d,OnePlus TV 184in,ONP-TV-184,0df03ef4-f8fb-4d41-9313-02aa723a4b3a,piece,68,True,,2025-04-18 09:01:53
0e7803e1-f034-4d7b-ad4d-27510d6be06b,OnePlus TV 903in,ONP-TV-903,0df03ef4-f8fb-4d41-9313-02aa723a4b3a,piece,47,True,,2026-01-25 09:01:53
feb0ff00-11be-457a-8e79-ccd92237395f,OnePlus TV 640in,ONP-TV-640,0df03ef4-f8fb-4d41-9313-02aa723a4b3a,piece,10,True,,2025-03-25 09:01:53
71ac1fd0-7ff1-4e2a-a336-1a252001986a,OnePlus TV 680in,ONP-TV-680,0df03ef4-f8fb-4d41-9313-02aa723a4b3a,piece,65,True,,2026-02-04 09:01:53
566ecdd9-efff-43f3-9bf6-4c62aaa93dbb,OnePlus TV 800in,ONP-TV-800,0df03ef4-f8fb-4d41-9313-02aa723a4b3a,piece,40,True,,2025-05-30 09:01:53
6a317e17-2783-4381-b8cf-56b280122ea8,OnePlus TV 773in,ONP-TV-773,0df03ef4-f8fb-4d41-9313-02aa723a4b3a,piece,9,True,,2025-10-04 09:01:53
912f9ee2-4a96-491d-a7a6-6845268183bb,OnePlus TV 116in,ONP-TV-116,0df03ef4-f8fb-4d41-9313-02aa723a4b3a,piece,31,True,,2025-03-15 09:01:53
67486912-9ef9-4051-bbaa-401dd8f751dd,OnePlus TV 940in,ONP-TV-940,0df03ef4-f8fb-4d41-9313-02aa723a4b3a,piece,55,False,,2025-10-12 09:01:53
53abf8f6-8446-4ca1-883e-9db0c2357506,OnePlus TV 266in,ONP-TV-266,0df03ef4-f8fb-4d41-9313-02aa723a4b3a,piece,77,True,,2025-08-27 09:01:53
3b6e7b56-efbf-4f0f-a646-9230ff9e113f,OnePlus TV 793in,ONP-TV-793,0df03ef4-f8fb-4d41-9313-02aa723a4b3a,piece,74,True,,2026-01-02 09:01:53
592bb700-1ed9-4da0-81b5-6c9bf3a35729,OnePlus TV 909in,ONP-TV-909,0df03ef4-f8fb-4d41-9313-02aa723a4b3a,piece,93,True,,2025-07-01 09:01:53
36a57f07-01be-4e0a-a4ea-df6166c26a12,OnePlus TV 863in,ONP-TV-863,0df03ef4-f8fb-4d41-9313-02aa723a4b3a,piece,49,True,,2025-08-03 09:01:53
f532e0a3-5a6c-45a5-b99c-c2635baf0407,OnePlus TV 337in,ONP-TV-337,0df03ef4-f8fb-4d41-9313-02aa723a4b3a,piece,14,True,,2025-05-04 09:01:53
ee1d07c4-4c5a-4cb7-a67e-1abe228fe321,OnePlus TV 709in,ONP-TV-709,0df03ef4-f8fb-4d41-9313-02aa723a4b3a,piece,55,False,,2025-09-28 09:01:53
ffa96efb-4a52-47de-8118-614c538fc0a3,OnePlus TV 130in,ONP-TV-130,0df03ef4-f8fb-4d41-9313-02aa723a4b3a,piece,86,True,,2025-07-27 09:01:53
83cb8e91-a227-4554-b8e3-bf44e19ad9f7,OnePlus TV 602in,ONP-TV-602,0df03ef4-f8fb-4d41-9313-02aa723a4b3a,piece,34,True,,2025-09-03 09:01:53
ad0184ea-8dc5-49a5-a557-4aa03eafa0d2,OnePlus TV 542in,ONP-TV-542,0df03ef4-f8fb-4d41-9313-02aa723a4b3a,piece,28,True,,2025-04-10 09:01:53
16b5cad7-d7ef-49d4-95db-2ceebbb08638,OnePlus TV 489in,ONP-TV-489-20,0df03ef4-f8fb-4d41-9313-02aa723a4b3a,piece,84,True,,2025-11-08 09:01:53
dfac3f97-36e3-40f4-8734-38019cf37415,OnePlus TV 830in,ONP-TV-830,0df03ef4-f8fb-4d41-9313-02aa723a4b3a,piece,14,True,,2025-12-26 09:01:53
a7c2ce61-c986-4197-a950-c6bc975bce9a,OnePlus TV 489in,ONP-TV-489-91,0df03ef4-f8fb-4d41-9313-02aa723a4b3a,piece,24,True,,2025-10-03 09:01:53
7102ad75-fe46-4493-b03c-3614340e52ee,Mi Smart TV 469in,MI-TV-469,0df03ef4-f8fb-4d41-9313-02aa723a4b3a,piece,18,True,,2025-10-08 09:01:53
4cd1413e-6da9-465a-8a85-6324c04e9069,Mi Smart TV 555in,MI-TV-555,0df03ef4-f8fb-4d41-9313-02aa723a4b3a,piece,51,True,,2026-01-21 09:01:53
4e3e113a-7b1e-47fe-b12c-c49003b56f62,Mi Smart TV 235in,MI-TV-235,0df03ef4-f8fb-4d41-9313-02aa723a4b3a,piece,16,True,,2025-07-28 09:01:53
db8980de-42df-4b66-afac-c3a908930abe,Mi Smart TV 670in,MI-TV-670,0df03ef4-f8fb-4d41-9313-02aa723a4b3a,piece,76,True,,2026-01-21 09:01:53
127e4357-ef6c-4dcb-bdb9-46019ec2d648,Mi Smart TV 126in,MI-TV-126,0df03ef4-f8fb-4d41-9313-02aa723a4b3a,piece,16,True,,2026-01-26 09:01:53
49f3d007-5dda-494e-92eb-18d369b89a98,Mi Smart TV 711in,MI-TV-711,0df03ef4-f8fb-4d41-9313-02aa723a4b3a,piece,81,True,,2025-08-29 09:01:53
5f2ff10e-e48c-49e2-b98a-639fd4ce4a49,Mi Smart TV 112in,MI-TV-112,0df03ef4-f8fb-4d41-9313-02aa723a4b3a,piece,42,True,,2026-01-30 09:01:53
a822b74d-4a7b-42b3-b4a9-6cfdc811e49e,Mi Smart TV 842in,MI-TV-842,0df03ef4-f8fb-4d41-9313-02aa723a4b3a,piece,76,False,,2025-11-10 09:01:53
c315905c-41a6-459e-a844-5b9e82f5ae6b,Mi Smart TV 685in,MI-TV-685,0df03ef4-f8fb-4d41-9313-02aa723a4b3a,piece,71,True,,2025-09-01 09:01:53
be37c013-6266-4c21-a39e-656962fb178b,Mi Smart TV 273in,MI-TV-273,0df03ef4-f8fb-4d41-9313-02aa723a4b3a,piece,22,True,,2025-10-28 09:01:53
afee1504-162f-407f-ae17-87220d7ee549,Mi Smart TV 604in,MI-TV-604,0df03ef4-f8fb-4d41-9313-02aa723a4b3a,piece,23,True,,2025-08-04 09:01:53
5c0fd44a-965f-49bc-89a3-11be603d3f9a,Mi Smart TV 382in,MI-TV-382,0df03ef4-f8fb-4d41-9313-02aa723a4b3a,piece,58,True,,2026-02-03 09:01:53
6a9e7726-ea67-4501-8662-b1a66646708a,Mi Smart TV 469in,MI-TV-469-42,0df03ef4-f8fb-4d41-9313-02aa723a4b3a,piece,36,True,,2025-07-04 09:01:53
ba6fb686-12ca-48ba-bb4b-03f82d3c42c2,Mi Smart TV 708in,MI-TV-708,0df03ef4-f8fb-4d41-9313-02aa723a4b3a,piece,83,True,,2026-01-19 09:01:53
b820e530-fbad-4bd5-96f2-8555ae01f490,Mi Smart TV 238in,MI-TV-238,0df03ef4-f8fb-4d41-9313-02aa723a4b3a,piece,43,True,,2025-08-24 09:01:53
bee100d1-a750-4658-9b8d-4479b5fbfb5e,Mi Smart TV 440in,MI-TV-440,0df03ef4-f8fb-4d41-9313-02aa723a4b3a,piece,84,True,,2025-09-27 09:01:53
9d042dfa-a92d-4965-8e89-c96c64bba579,Mi Smart TV 550in,MI-TV-550,0df03ef4-f8fb-4d41-9313-02aa723a4b3a,piece,47,True,,2025-04-15 09:01:53
15385294-0e9b-4a59-94ed-a9e2502f90fa,Mi Smart TV 708in,MI-TV-708-27,0df03ef4-f8fb-4d41-9313-02aa723a4b3a,piece,43,True,,2025-03-24 09:01:53
cb087aa4-d7ba-43aa-9b78-53924ab230a5,Mi Smart TV 305in,MI-TV-305,0df03ef4-f8fb-4d41-9313-02aa723a4b3a,piece,66,True,,2025-08-23 09:01:53
1f886570-089a-48a8-9f0e-6345134d950a,Mi Smart TV 426in,MI-TV-426,0df03ef4-f8fb-4d41-9313-02aa723a4b3a,piece,42,True,,2025-04-24 09:01:53
a1376bea-2fcd-462f-93ba-14bef3bb7a85,Mi Smart TV 602in,MI-TV-602,0df03ef4-f8fb-4d41-9313-02aa723a4b3a,piece,78,True,,2025-09-29 09:01:53
f90b1274-dea8-4769-8626-2c1b0973327e,Mi Smart TV 485in,MI-TV-485,0df03ef4-f8fb-4d41-9313-02aa723a4b3a,piece,40,True,,2025-08-25 09:01:53
30eb1d75-03c4-466d-bc94-128658cea0a3,Mi Smart TV 473in,MI-TV-473,0df03ef4-f8fb-4d41-9313-02aa723a4b3a,piece,19,False,,2025-12-02 09:01:53
f2b587a5-044e-42c8-a114-a9bf96085d12,Mi Smart TV 706in,MI-TV-706,0df03ef4-f8fb-4d41-9313-02aa723a4b3a,piece,74,True,,2025-06-06 09:01:53
301de33d-636e-47c2-b95e-9e81a49788c1,Mi Smart TV 127in,MI-TV-127,0df03ef4-f8fb-4d41-9313-02aa723a4b3a,piece,98,True,,2025-03-17 09:01:53
1936af4d-b47a-4c79-8a14-3b93637f0ca1,Mi Smart TV 314in,MI-TV-314,0df03ef4-f8fb-4d41-9313-02aa723a4b3a,piece,61,True,,2025-03-25 09:01:53
30401978-056a-4c86-8ab9-39cfc12b875b,Mi Smart TV 170in,MI-TV-170,0df03ef4-f8fb-4d41-9313-02aa723a4b3a,piece,57,True,,2026-01-02 09:01:53
e288bc57-84a8-49eb-af1a-d25f0764c2d8,Mi Smart TV 748in,MI-TV-748,0df03ef4-f8fb-4d41-9313-02aa723a4b3a,piece,43,True,,2025-04-11 09:01:53
dccef716-e1a4-4bff-a429-f7ee076ef68d,Mi Smart TV 257in,MI-TV-257,0df03ef4-f8fb-4d41-9313-02aa723a4b3a,piece,96,True,,2025-09-02 09:01:53
d0605687-08eb-44b1-9391-8d5cf784b607,Mi Smart TV 175in,MI-TV-175,0df03ef4-f8fb-4d41-9313-02aa723a4b3a,piece,62,False,,2025-07-12 09:01:53
bb9cef6b-1c0c-48d8-a85a-4fbd246b509b,Mi Smart TV 696in,MI-TV-696,0df03ef4-f8fb-4d41-9313-02aa723a4b3a,piece,56,True,,2025-03-25 09:01:53
412b6d2c-ba17-4c1f-8b20-1c1a6515099e,Mi Smart TV 528in,MI-TV-528,0df03ef4-f8fb-4d41-9313-02aa723a4b3a,piece,74,True,,2025-09-11 09:01:53
85bbb5ec-d6ba-46ed-bcf4-b1c6cf03c46c,Mi Smart TV 818in,MI-TV-818,0df03ef4-f8fb-4d41-9313-02aa723a4b3a,piece,73,True,,2026-01-30 09:01:53
214ee22e-e798-4863-b7f6-6d4d34c2d2a1,Mi Smart TV 211in,MI-TV-211,0df03ef4-f8fb-4d41-9313-02aa723a4b3a,piece,36,True,,2025-09-14 09:01:53
14bb4fab-c0ad-40a1-a8da-d99792a77267,Mi Smart TV 270in,MI-TV-270,0df03ef4-f8fb-4d41-9313-02aa723a4b3a,piece,87,True,,2025-05-30 09:01:53
94b2bb0e-b2e9-4e29-b2e3-3f49f9c2c805,Mi Smart TV 760in,MI-TV-760,0df03ef4-f8fb-4d41-9313-02aa723a4b3a,piece,91,True,,2025-09-26 09:01:53
dd385a59-be23-4f28-8bcd-9607d9d8a186,Mi Smart TV 915in,MI-TV-915,0df03ef4-f8fb-4d41-9313-02aa723a4b3a,piece,60,True,,2026-01-23 09:01:53
80b94e45-15a2-4021-a0b0-0a7cde8766f9,Mi Smart TV 364in,MI-TV-364,0df03ef4-f8fb-4d41-9313-02aa723a4b3a,piece,33,True,,2025-06-22 09:01:53
31b1f7e0-31b4-4429-ba30-e630198545ed,Mi Smart TV 671in,MI-TV-671,0df03ef4-f8fb-4d41-9313-02aa723a4b3a,piece,79,True,,2025-11-21 09:01:53
113b5ef4-6f85-4a79-b7c9-a35a8aae18a2,Mi Smart TV 556in,MI-TV-556,0df03ef4-f8fb-4d41-9313-02aa723a4b3a,piece,52,True,,2025-04-01 09:01:53
ce88b380-e1de-4d80-96fe-9773e412bb66,Mi Smart TV 702in,MI-TV-702,0df03ef4-f8fb-4d41-9313-02aa723a4b3a,piece,93,True,,2025-09-19 09:01:53
2aa2eeab-8007-45e6-bcd8-9d9a9c3b475d,Mi Smart TV 125in,MI-TV-125,0df03ef4-f8fb-4d41-9313-02aa723a4b3a,piece,66,True,,2025-08-14 09:01:53
c5180601-9acb-4910-9377-2773092c0e55,Mi Smart TV 187in,MI-TV-187,0df03ef4-f8fb-4d41-9313-02aa723a4b3a,piece,19,True,,2026-01-01 09:01:53
75fe7255-a4b3-45ed-8e14-08351a9b7ca7,Mi Smart TV 456in,MI-TV-456,0df03ef4-f8fb-4d41-9313-02aa723a4b3a,piece,44,True,,2025-11-29 09:01:53
83d9977d-b5ce-48b3-a118-a0fb313b485d,Mi Smart TV 633in,MI-TV-633,0df03ef4-f8fb-4d41-9313-02aa723a4b3a,piece,66,True,,2026-01-24 09:01:53
129b8a8f-ff65-4a24-ad2c-9027b93c455e,Mi Smart TV 548in,MI-TV-548,0df03ef4-f8fb-4d41-9313-02aa723a4b3a,piece,97,True,,2025-10-02 09:01:53
4c622a8e-e8aa-4833-bed1-7bdcfe7505f1,Mi Smart TV 168in,MI-TV-168,0df03ef4-f8fb-4d41-9313-02aa723a4b3a,piece,43,True,,2025-03-16 09:01:53
41b13799-6757-4d21-944f-254f238588f2,Mi Smart TV 217in,MI-TV-217,0df03ef4-f8fb-4d41-9313-02aa723a4b3a,piece,7,True,,2025-04-17 09:01:53
6d5932a7-34f5-431f-8b1e-a8ccdef40bd4,Mi Smart TV 211in,MI-TV-211-96,0df03ef4-f8fb-4d41-9313-02aa723a4b3a,piece,26,False,,2025-11-10 09:01:53
591c498a-2f63-4664-963b-adaea0023944,Mi Smart TV 628in,MI-TV-628,0df03ef4-f8fb-4d41-9313-02aa723a4b3a,piece,27,True,,2025-09-26 09:01:53
0783582c-de02-433c-84d1-4d55addd8aae,Mi Smart TV 673in,MI-TV-673,0df03ef4-f8fb-4d41-9313-02aa723a4b3a,piece,59,False,,2025-11-16 09:01:53
30989a3a-0026-45cd-b1db-fef17d7c72dd,Mi Smart TV 916in,MI-TV-916,0df03ef4-f8fb-4d41-9313-02aa723a4b3a,piece,56,True,,2025-12-09 09:01:53
1d37f2b9-e6f5-41ef-8743-e5ed1786c747,Mi Smart TV 755in,MI-TV-755,0df03ef4-f8fb-4d41-9313-02aa723a4b3a,piece,89,True,,2026-02-28 09:01:53
7ef15014-8b5f-48a0-ac68-97dd5c31a04f,Mi Smart TV 855in,MI-TV-855,0df03ef4-f8fb-4d41-9313-02aa723a4b3a,piece,83,True,,2025-07-27 09:01:53
426f26ec-3203-4d7b-a688-3240783d2b80,Mi Smart TV 706in,MI-TV-706-64,0df03ef4-f8fb-4d41-9313-02aa723a4b3a,piece,54,True,,2025-11-25 09:01:53
295b1aa4-6d47-40f0-be8c-9fb52e08e999,Mi Smart TV 310in,MI-TV-310,0df03ef4-f8fb-4d41-9313-02aa723a4b3a,piece,40,True,,2026-02-10 09:01:53
3f03cb91-2868-4dd1-8dfa-eaf1bda46ff5,Mi Smart TV 691in,MI-TV-691,0df03ef4-f8fb-4d41-9313-02aa723a4b3a,piece,18,True,,2025-06-13 09:01:53
bc45311f-6fec-443c-9102-16e17ee9cc31,Mi Smart TV 291in,MI-TV-291,0df03ef4-f8fb-4d41-9313-02aa723a4b3a,piece,51,True,,2025-07-23 09:01:53
00e66527-c913-4721-a7ee-01dcfafaae2a,Mi Smart TV 216in,MI-TV-216,0df03ef4-f8fb-4d41-9313-02aa723a4b3a,piece,38,True,,2025-07-07 09:01:53
47a39b9c-9305-463c-9775-8aa0860a2736,Mi Smart TV 640in,MI-TV-640,0df03ef4-f8fb-4d41-9313-02aa723a4b3a,piece,86,True,,2025-08-28 09:01:53
696f0823-2c86-4c52-a17e-7d7b46f0e52c,Mi Smart TV 725in,MI-TV-725,0df03ef4-f8fb-4d41-9313-02aa723a4b3a,piece,55,True,,2025-09-17 09:01:53
c20772a6-5a3d-45c7-abb7-7d45390a6f7e,Mi Smart TV 460in,MI-TV-460,0df03ef4-f8fb-4d41-9313-02aa723a4b3a,piece,63,True,,2025-04-04 09:01:53
2622fa74-2404-49fa-812f-8290f11a70f9,TCL LED 822in,TCL-LD-822,0df03ef4-f8fb-4d41-9313-02aa723a4b3a,piece,43,False,,2025-05-16 09:01:53
4c7d012f-c0a9-4f8f-9368-50718f150531,TCL LED 186in,TCL-LD-186,0df03ef4-f8fb-4d41-9313-02aa723a4b3a,piece,91,True,,2026-01-13 09:01:53
d0a9ee49-0f67-411d-9e49-b27e86b26d02,TCL LED 344in,TCL-LD-344,0df03ef4-f8fb-4d41-9313-02aa723a4b3a,piece,44,True,,2025-09-04 09:01:53
20374317-caa5-42ec-a00e-a42d2e1881a7,TCL LED 810in,TCL-LD-810,0df03ef4-f8fb-4d41-9313-02aa723a4b3a,piece,23,True,,2025-08-12 09:01:53
a998adcc-6bc6-409c-b944-b0ad18c44307,TCL LED 710in,TCL-LD-710,0df03ef4-f8fb-4d41-9313-02aa723a4b3a,piece,22,True,,2025-08-10 09:01:53
0e131859-102c-411e-b0b1-327a3d91053c,TCL LED 290in,TCL-LD-290,0df03ef4-f8fb-4d41-9313-02aa723a4b3a,piece,67,True,,2025-03-24 09:01:53
66860ff0-8fe9-4cd5-ba01-ba1d7ee54284,TCL LED 760in,TCL-LD-760,0df03ef4-f8fb-4d41-9313-02aa723a4b3a,piece,27,True,,2025-07-07 09:01:53
bdc3b504-6f20-43bb-bbdf-cf7573e317ce,TCL LED 395in,TCL-LD-395,0df03ef4-f8fb-4d41-9313-02aa723a4b3a,piece,22,True,,2025-07-27 09:01:53
f3c25a1c-479b-42c7-92f9-afe323336685,TCL LED 734in,TCL-LD-734,0df03ef4-f8fb-4d41-9313-02aa723a4b3a,piece,11,True,,2026-03-10 09:01:53
a5083c56-f221-46ec-88e1-d237219e4489,TCL LED 596in,TCL-LD-596,0df03ef4-f8fb-4d41-9313-02aa723a4b3a,piece,22,True,,2025-08-30 09:01:53
b7ecc37b-9494-45ba-9998-656882995a75,TCL LED 675in,TCL-LD-675,0df03ef4-f8fb-4d41-9313-02aa723a4b3a,piece,69,True,,2025-08-17 09:01:53
67179cb2-fdf0-47b0-92e1-7f51f8f846ec,TCL LED 801in,TCL-LD-801,0df03ef4-f8fb-4d41-9313-02aa723a4b3a,piece,67,True,,2025-07-30 09:01:53
48a309b6-2433-490f-b76c-f71111cc0ec9,TCL LED 600in,TCL-LD-600,0df03ef4-f8fb-4d41-9313-02aa723a4b3a,piece,26,True,,2026-02-27 09:01:53
8e6c21e1-a753-44fd-b1df-5b7c85dedbe4,TCL LED 914in,TCL-LD-914,0df03ef4-f8fb-4d41-9313-02aa723a4b3a,piece,33,True,,2025-10-25 09:01:53
fd1ae0a6-9d1a-4de5-8a5f-b0adcfabac35,TCL LED 330in,TCL-LD-330,0df03ef4-f8fb-4d41-9313-02aa723a4b3a,piece,73,True,,2025-07-23 09:01:53
3e23ad4a-0696-45aa-8139-880e7725db29,TCL LED 679in,TCL-LD-679,0df03ef4-f8fb-4d41-9313-02aa723a4b3a,piece,100,True,,2025-07-04 09:01:53
7a60b832-48ca-4edb-840b-99a487eb2b71,TCL LED 662in,TCL-LD-662,0df03ef4-f8fb-4d41-9313-02aa723a4b3a,piece,70,True,,2026-01-15 09:01:53
b6435937-462a-4bc1-8745-dc05f30109da,TCL LED 374in,TCL-LD-374,0df03ef4-f8fb-4d41-9313-02aa723a4b3a,piece,74,True,,2025-09-08 09:01:53
5ac5352e-a790-44a4-97aa-9d42c300b84b,TCL LED 655in,TCL-LD-655,0df03ef4-f8fb-4d41-9313-02aa723a4b3a,piece,10,True,,2025-08-01 09:01:53
86219d9f-8361-43e9-a1f6-936999d21262,TCL LED 659in,TCL-LD-659,0df03ef4-f8fb-4d41-9313-02aa723a4b3a,piece,32,False,,2026-01-21 09:01:53
af4c2ed8-702e-4384-bf84-3a6240aa0f08,TCL LED 853in,TCL-LD-853,0df03ef4-f8fb-4d41-9313-02aa723a4b3a,piece,88,True,,2025-10-13 09:01:53
f5dc5c58-5eab-4aff-9e7b-11cde0aa6cfc,TCL LED 995in,TCL-LD-995,0df03ef4-f8fb-4d41-9313-02aa723a4b3a,piece,9,True,,2025-09-17 09:01:53
0abbaffc-1e16-411d-a4f4-69b87c87f8be,TCL LED 982in,TCL-LD-982,0df03ef4-f8fb-4d41-9313-02aa723a4b3a,piece,16,True,,2026-01-13 09:01:53
29f609cd-dfa0-4e08-aed2-6fce518d6f9a,TCL LED 894in,TCL-LD-894,0df03ef4-f8fb-4d41-9313-02aa723a4b3a,piece,35,True,,2025-05-17 09:01:53
a05f6885-cec9-4ed5-9d04-2dfa6bc32a64,TCL LED 805in,TCL-LD-805,0df03ef4-f8fb-4d41-9313-02aa723a4b3a,piece,49,True,,2025-05-06 09:01:53
b358d6a6-ca4e-4625-926c-ccac2805ef1a,TCL LED 747in,TCL-LD-747,0df03ef4-f8fb-4d41-9313-02aa723a4b3a,piece,59,True,,2026-01-02 09:01:53
2af891e4-dd73-4e01-917c-6d93d8bf1a5b,TCL LED 903in,TCL-LD-903,0df03ef4-f8fb-4d41-9313-02aa723a4b3a,piece,31,True,,2026-02-12 09:01:53
610d54dd-34a6-4dbe-969a-74109036a876,TCL LED 683in,TCL-LD-683,0df03ef4-f8fb-4d41-9313-02aa723a4b3a,piece,49,True,,2025-05-13 09:01:53
ec3e8a7c-0b38-41a8-91a2-0956ecb9c9fb,TCL LED 651in,TCL-LD-651,0df03ef4-f8fb-4d41-9313-02aa723a4b3a,piece,26,True,,2025-03-19 09:01:53
952fd21f-2ff7-43d6-b279-b50ea5d955c9,TCL LED 399in,TCL-LD-399,0df03ef4-f8fb-4d41-9313-02aa723a4b3a,piece,42,True,,2025-06-24 09:01:53
b3071991-f813-401d-bf6d-3b85d68ed60c,TCL LED 795in,TCL-LD-795,0df03ef4-f8fb-4d41-9313-02aa723a4b3a,piece,17,True,,2025-08-16 09:01:53
46a557b6-e8e7-4483-a32a-2c865b188c46,TCL LED 160in,TCL-LD-160,0df03ef4-f8fb-4d41-9313-02aa723a4b3a,piece,40,True,,2026-01-09 09:01:53
b77aa70b-dc50-4634-b307-19c1d81f27e6,TCL LED 818in,TCL-LD-818,0df03ef4-f8fb-4d41-9313-02aa723a4b3a,piece,21,True,,2025-03-15 09:01:53
e3a21d1d-6fcc-40bd-b8cc-4477ca01dfb5,TCL LED 429in,TCL-LD-429,0df03ef4-f8fb-4d41-9313-02aa723a4b3a,piece,36,True,,2025-04-02 09:01:53
d7bb55bd-5562-48e3-b425-0bcbaf9e036e,TCL LED 502in,TCL-LD-502,0df03ef4-f8fb-4d41-9313-02aa723a4b3a,piece,67,True,,2025-04-25 09:01:53
1323ca65-6680-4901-9f94-ad70df65c2c9,TCL LED 375in,TCL-LD-375,0df03ef4-f8fb-4d41-9313-02aa723a4b3a,piece,85,True,,2025-07-26 09:01:53
8565fd57-bf75-4b3b-81ce-79082b635d4b,TCL LED 177in,TCL-LD-177,0df03ef4-f8fb-4d41-9313-02aa723a4b3a,piece,86,True,,2026-01-26 09:01:53
adccd6a1-40c9-4ee0-808d-3c3d2507472d,TCL LED 512in,TCL-LD-512,0df03ef4-f8fb-4d41-9313-02aa723a4b3a,piece,70,True,,2025-03-24 09:01:53
fd6c4c83-a06d-4932-860f-d271f42dead4,TCL LED 998in,TCL-LD-998,0df03ef4-f8fb-4d41-9313-02aa723a4b3a,piece,52,True,,2025-07-08 09:01:53
002a8062-f23b-44cf-88ab-6f957f824725,TCL LED 435in,TCL-LD-435,0df03ef4-f8fb-4d41-9313-02aa723a4b3a,piece,79,True,,2026-01-26 09:01:53
442fdc69-3c96-4bc4-8c1e-f030e06c5aee,TCL LED 848in,TCL-LD-848,0df03ef4-f8fb-4d41-9313-02aa723a4b3a,piece,63,True,,2025-03-22 09:01:53
3a416e7e-1da1-4c9a-810c-0711220831a8,TCL LED 466in,TCL-LD-466,0df03ef4-f8fb-4d41-9313-02aa723a4b3a,piece,13,True,,2025-08-23 09:01:53
b6e79a76-a82e-4fec-8e60-eebe98e26055,TCL LED 323in,TCL-LD-323,0df03ef4-f8fb-4d41-9313-02aa723a4b3a,piece,59,True,,2025-07-04 09:01:53
42f04458-0ea2-4b06-a30d-c000059ecc66,TCL LED 374in,TCL-LD-374-51,0df03ef4-f8fb-4d41-9313-02aa723a4b3a,piece,41,True,,2025-05-23 09:01:53
9024368b-bdd7-4f6b-9758-2984afbcfd7b,TCL LED 233in,TCL-LD-233,0df03ef4-f8fb-4d41-9313-02aa723a4b3a,piece,77,True,,2025-09-20 09:01:53
5074aa6c-095b-4898-8bbf-6a7694b98715,TCL LED 798in,TCL-LD-798,0df03ef4-f8fb-4d41-9313-02aa723a4b3a,piece,11,True,,2025-04-28 09:01:53
66083c3f-3e3f-4c9d-a478-8172211c7983,TCL LED 902in,TCL-LD-902,0df03ef4-f8fb-4d41-9313-02aa723a4b3a,piece,63,True,,2025-12-24 09:01:53
e9ae83a9-021c-454d-86fb-52a1d732fd5d,TCL LED 551in,TCL-LD-551,0df03ef4-f8fb-4d41-9313-02aa723a4b3a,piece,63,True,,2025-08-07 09:01:53
34571458-031b-4267-bcd2-9f732f6a87f0,TCL LED 307in,TCL-LD-307,0df03ef4-f8fb-4d41-9313-02aa723a4b3a,piece,93,False,,2025-04-16 09:01:53
a5605cf7-ce19-403a-8fa7-d5f5a5bd6b58,TCL LED 409in,TCL-LD-409,0df03ef4-f8fb-4d41-9313-02aa723a4b3a,piece,25,True,,2025-10-25 09:01:53
4caad860-4dab-4d3e-bca6-779dbe375aae,TCL LED 195in,TCL-LD-195,0df03ef4-f8fb-4d41-9313-02aa723a4b3a,piece,88,True,,2026-01-31 09:01:53
94ee3279-f640-4df1-bf14-9346a0fab29d,TCL LED 480in,TCL-LD-480,0df03ef4-f8fb-4d41-9313-02aa723a4b3a,piece,90,False,,2025-12-20 09:01:53
90b55f4a-4d3c-4e85-8c6b-17d589a29679,TCL LED 153in,TCL-LD-153,0df03ef4-f8fb-4d41-9313-02aa723a4b3a,piece,55,True,,2025-03-21 09:01:53
a91bb823-6d00-4823-a11e-315166d5d2e3,TCL LED 873in,TCL-LD-873,0df03ef4-f8fb-4d41-9313-02aa723a4b3a,piece,34,True,,2026-01-27 09:01:53
053317b3-3889-4e74-8aa1-de889673c049,TCL LED 820in,TCL-LD-820,0df03ef4-f8fb-4d41-9313-02aa723a4b3a,piece,17,True,,2025-07-13 09:01:53
3d7c84c6-4b76-4a4f-97dd-ba64ba99f1c7,TCL LED 179in,TCL-LD-179,0df03ef4-f8fb-4d41-9313-02aa723a4b3a,piece,21,True,,2025-06-22 09:01:53
99e34f69-8fb2-423d-b48c-c227f25e848e,TCL LED 796in,TCL-LD-796,0df03ef4-f8fb-4d41-9313-02aa723a4b3a,piece,61,True,,2025-03-23 09:01:53
98b793ab-a100-4f24-9b07-e2940f6fe5ed,TCL LED 451in,TCL-LD-451,0df03ef4-f8fb-4d41-9313-02aa723a4b3a,piece,20,False,,2025-08-10 09:01:53
580bf03a-f1d3-46de-8db2-4480d95b0e9c,TCL LED 810in,TCL-LD-810-26,0df03ef4-f8fb-4d41-9313-02aa723a4b3a,piece,66,True,,2025-08-30 09:01:53
022ad140-d88b-42f7-aa5b-bf2ea061ea31,TCL LED 191in,TCL-LD-191,0df03ef4-f8fb-4d41-9313-02aa723a4b3a,piece,98,True,,2026-01-21 09:01:53
be534b4d-9279-4766-9e91-5e7419882c75,TCL LED 420in,TCL-LD-420,0df03ef4-f8fb-4d41-9313-02aa723a4b3a,piece,52,True,,2026-01-03 09:01:53
67c7583e-008e-4d37-8814-bb46a9120461,TCL LED 491in,TCL-LD-491,0df03ef4-f8fb-4d41-9313-02aa723a4b3a,piece,22,True,,2025-04-02 09:01:53
8b18c72a-5905-4790-8521-2a2a2b2d7ea8,Vu Premium 246in,VU-PR-246,0df03ef4-f8fb-4d41-9313-02aa723a4b3a,piece,13,True,,2026-03-10 09:01:53
de3754db-7e1a-49c9-af10-e1fceefa1402,Vu Premium 724in,VU-PR-724,0df03ef4-f8fb-4d41-9313-02aa723a4b3a,piece,88,True,,2025-09-16 09:01:53
cb6f0eed-2d4f-4fdb-bc6e-1e516d278929,Vu Premium 839in,VU-PR-839,0df03ef4-f8fb-4d41-9313-02aa723a4b3a,piece,32,True,,2025-12-27 09:01:53
944f23e6-6e2b-44ac-9c8b-8737ba3936c9,Vu Premium 521in,VU-PR-521,0df03ef4-f8fb-4d41-9313-02aa723a4b3a,piece,83,True,,2025-11-23 09:01:53
3e5d9c84-1844-42fc-8c90-047fcc0fe30b,Vu Premium 188in,VU-PR-188,0df03ef4-f8fb-4d41-9313-02aa723a4b3a,piece,17,True,,2026-01-10 09:01:53
f6bedcdf-da85-4f5c-a787-395be87dea5d,Vu Premium 703in,VU-PR-703,0df03ef4-f8fb-4d41-9313-02aa723a4b3a,piece,98,True,,2025-08-07 09:01:53
1907f42d-9832-4a78-883c-6e1d2feca3bb,Vu Premium 422in,VU-PR-422,0df03ef4-f8fb-4d41-9313-02aa723a4b3a,piece,22,True,,2025-04-18 09:01:53
e3f7f97b-c011-44c4-ae43-c9d0ed2226ff,Vu Premium 186in,VU-PR-186,0df03ef4-f8fb-4d41-9313-02aa723a4b3a,piece,36,True,,2025-05-11 09:01:53
fd9d5b25-f2e7-4e8b-9cb3-cd201b8f2ebf,Vu Premium 838in,VU-PR-838,0df03ef4-f8fb-4d41-9313-02aa723a4b3a,piece,82,True,,2025-03-26 09:01:53
854f605c-790d-49d2-91bf-4a15e559cb60,Vu Premium 127in,VU-PR-127,0df03ef4-f8fb-4d41-9313-02aa723a4b3a,piece,89,True,,2025-11-29 09:01:53
f2a1e5c6-a060-42b7-a624-bb929905921e,Vu Premium 630in,VU-PR-630,0df03ef4-f8fb-4d41-9313-02aa723a4b3a,piece,82,True,,2025-08-26 09:01:53
83cd7fe9-31a7-45f3-845f-2d58efd91a6e,Vu Premium 402in,VU-PR-402,0df03ef4-f8fb-4d41-9313-02aa723a4b3a,piece,87,True,,2025-11-12 09:01:53
ca7e70a0-d258-4614-b0d5-03b7890a485a,Vu Premium 606in,VU-PR-606,0df03ef4-f8fb-4d41-9313-02aa723a4b3a,piece,54,True,,2025-07-02 09:01:53
340ab764-1631-4daf-ba2d-ae567865888d,Vu Premium 753in,VU-PR-753,0df03ef4-f8fb-4d41-9313-02aa723a4b3a,piece,81,True,,2026-03-08 09:01:53
46682b05-6cfd-4163-83aa-54a60842b4bf,Vu Premium 469in,VU-PR-469,0df03ef4-f8fb-4d41-9313-02aa723a4b3a,piece,45,True,,2025-05-27 09:01:53
108479a4-cb76-48ed-b74e-f7360a335919,Vu Premium 530in,VU-PR-530,0df03ef4-f8fb-4d41-9313-02aa723a4b3a,piece,51,True,,2025-12-16 09:01:53
7ce47abf-bde8-4a5c-8c5b-76551af9f506,Vu Premium 881in,VU-PR-881,0df03ef4-f8fb-4d41-9313-02aa723a4b3a,piece,65,False,,2026-02-05 09:01:53
09b98e04-becf-4b98-a6c0-c14257a2625a,Vu Premium 117in,VU-PR-117,0df03ef4-f8fb-4d41-9313-02aa723a4b3a,piece,80,True,,2025-10-31 09:01:53
75200698-73df-4588-be3d-797fed74a9fe,Vu Premium 320in,VU-PR-320,0df03ef4-f8fb-4d41-9313-02aa723a4b3a,piece,10,False,,2025-08-23 09:01:53
d7ae5bfc-24b9-4e80-a882-5f5d10337620,Vu Premium 618in,VU-PR-618,0df03ef4-f8fb-4d41-9313-02aa723a4b3a,piece,41,True,,2025-07-01 09:01:53
1528fc97-7299-4e2a-8e62-a2dc3c2c291a,Vu Premium 885in,VU-PR-885,0df03ef4-f8fb-4d41-9313-02aa723a4b3a,piece,58,True,,2025-08-21 09:01:53
e408621b-a123-4a07-80d4-1b1317735fa3,Vu Premium 184in,VU-PR-184,0df03ef4-f8fb-4d41-9313-02aa723a4b3a,piece,86,True,,2025-05-03 09:01:53
8f9b0928-04a8-4022-b325-7adfb3183c35,Vu Premium 256in,VU-PR-256,0df03ef4-f8fb-4d41-9313-02aa723a4b3a,piece,40,True,,2026-02-02 09:01:53
7816d2f2-3341-4056-a1ad-8d638cca05df,Vu Premium 623in,VU-PR-623,0df03ef4-f8fb-4d41-9313-02aa723a4b3a,piece,31,False,,2025-12-25 09:01:53
71b9c533-bd66-4eb3-8eff-49978be69b92,Vu Premium 649in,VU-PR-649,0df03ef4-f8fb-4d41-9313-02aa723a4b3a,piece,46,True,,2025-04-24 09:01:53
41ccd0bd-9b02-4bea-8edf-7f416437e3ea,Vu Premium 881in,VU-PR-881-93,0df03ef4-f8fb-4d41-9313-02aa723a4b3a,piece,92,True,,2025-10-07 09:01:53
205b3210-e0e0-447a-9cb1-ea113f15741d,Vu Premium 815in,VU-PR-815,0df03ef4-f8fb-4d41-9313-02aa723a4b3a,piece,60,True,,2025-11-12 09:01:53
798bc622-7a69-4c45-9449-005a4e205f4a,Vu Premium 159in,VU-PR-159,0df03ef4-f8fb-4d41-9313-02aa723a4b3a,piece,36,True,,2025-08-04 09:01:53
cc600b48-e5f6-4007-808b-f6403b31e9e0,Vu Premium 218in,VU-PR-218,0df03ef4-f8fb-4d41-9313-02aa723a4b3a,piece,63,True,,2026-02-14 09:01:53
1ad9caa3-514b-47fa-b1a0-1832389f3c48,Vu Premium 416in,VU-PR-416,0df03ef4-f8fb-4d41-9313-02aa723a4b3a,piece,90,True,,2025-12-15 09:01:53
3a106737-5b73-410c-8ee7-ab071404e91c,Vu Premium 222in,VU-PR-222,0df03ef4-f8fb-4d41-9313-02aa723a4b3a,piece,6,True,,2025-03-20 09:01:53
310228cf-1d3f-407d-bf67-4d0779220f7a,Vu Premium 111in,VU-PR-111,0df03ef4-f8fb-4d41-9313-02aa723a4b3a,piece,25,True,,2025-09-18 09:01:53
58932d01-6977-4ecb-b150-25586c255f0d,Vu Premium 635in,VU-PR-635,0df03ef4-f8fb-4d41-9313-02aa723a4b3a,piece,71,True,,2025-11-02 09:01:53
68adf78f-8ba2-4dec-b0cd-7a65219337cb,Vu Premium 270in,VU-PR-270,0df03ef4-f8fb-4d41-9313-02aa723a4b3a,piece,52,True,,2025-10-28 09:01:53
2ce7df72-89c0-42ab-af1f-06029cf54f8d,Vu Premium 850in,VU-PR-850,0df03ef4-f8fb-4d41-9313-02aa723a4b3a,piece,20,True,,2026-02-27 09:01:53
35d8b160-1621-4536-ab0f-8c6948ed135b,Vu Premium 443in,VU-PR-443,0df03ef4-f8fb-4d41-9313-02aa723a4b3a,piece,59,True,,2026-02-10 09:01:53
e979ea51-5015-4306-abf3-35b456575b3f,Vu Premium 369in,VU-PR-369,0df03ef4-f8fb-4d41-9313-02aa723a4b3a,piece,96,False,,2025-04-27 09:01:53
68ceb948-4dd0-4263-a918-a3cb69d42e9c,Vu Premium 178in,VU-PR-178,0df03ef4-f8fb-4d41-9313-02aa723a4b3a,piece,68,True,,2025-09-11 09:01:53
147e2c11-fb7d-46ef-8fac-15b02df8a16a,Vu Premium 156in,VU-PR-156,0df03ef4-f8fb-4d41-9313-02aa723a4b3a,piece,68,True,,2025-12-19 09:01:53
177ebfd2-7c96-450f-b0aa-bfd6f058b03a,Vu Premium 476in,VU-PR-476,0df03ef4-f8fb-4d41-9313-02aa723a4b3a,piece,25,True,,2026-01-21 09:01:53
3b6481e8-33a7-4dea-b2c0-0b215be40b5a,Vu Premium 687in,VU-PR-687,0df03ef4-f8fb-4d41-9313-02aa723a4b3a,piece,91,True,,2025-11-18 09:01:53
ccdc49eb-e1c4-4559-9406-33d0d6b3c57c,Vu Premium 858in,VU-PR-858,0df03ef4-f8fb-4d41-9313-02aa723a4b3a,piece,70,True,,2026-03-08 09:01:53
0c4f48d1-bb17-4cf6-ad3c-0de34413af2a,Vu Premium 350in,VU-PR-350,0df03ef4-f8fb-4d41-9313-02aa723a4b3a,piece,10,True,,2025-08-30 09:01:53
97e53efd-5d88-407b-890e-5d68c6ce2d9e,Vu Premium 253in,VU-PR-253,0df03ef4-f8fb-4d41-9313-02aa723a4b3a,piece,27,False,,2026-02-24 09:01:53
0bd1fd4d-b03c-4da4-b656-da8853c6bdea,Vu Premium 666in,VU-PR-666,0df03ef4-f8fb-4d41-9313-02aa723a4b3a,piece,96,True,,2025-08-12 09:01:53
0d12a5b0-01d2-4676-aced-707e07eaa6e0,Vu Premium 329in,VU-PR-329,0df03ef4-f8fb-4d41-9313-02aa723a4b3a,piece,46,True,,2025-10-02 09:01:53
2e225da5-16d1-4c86-95c2-6119f94ccc09,Vu Premium 377in,VU-PR-377,0df03ef4-f8fb-4d41-9313-02aa723a4b3a,piece,14,True,,2026-01-12 09:01:53
96a094a3-e3b1-4d26-8b0d-258a9abda589,Vu Premium 614in,VU-PR-614,0df03ef4-f8fb-4d41-9313-02aa723a4b3a,piece,91,False,,2025-12-13 09:01:53
1f9194a5-6660-4892-a059-6f7accb51b4b,Vu Premium 328in,VU-PR-328,0df03ef4-f8fb-4d41-9313-02aa723a4b3a,piece,71,False,,2025-08-21 09:01:53
67ea1ac3-29cc-4b61-9b62-13095b74d2db,Vu Premium 170in,VU-PR-170,0df03ef4-f8fb-4d41-9313-02aa723a4b3a,piece,64,True,,2025-10-06 09:01:53
7043b577-e2ae-4cd7-a0ec-284e923a7016,Vu Premium 435in,VU-PR-435,0df03ef4-f8fb-4d41-9313-02aa723a4b3a,piece,16,True,,2026-03-10 09:01:53
c293af7a-c5e9-4c5e-9fbd-bcde758b6238,Vu Premium 477in,VU-PR-477,0df03ef4-f8fb-4d41-9313-02aa723a4b3a,piece,30,True,,2025-10-10 09:01:53
4edb8cd0-b2c3-4874-ba4b-8992319a774c,Vu Premium 857in,VU-PR-857,0df03ef4-f8fb-4d41-9313-02aa723a4b3a,piece,84,True,,2025-09-07 09:01:53
06cf67c4-b6b9-4ee1-a4eb-a699da836956,Vu Premium 705in,VU-PR-705,0df03ef4-f8fb-4d41-9313-02aa723a4b3a,piece,68,False,,2025-12-04 09:01:53
3c6ca219-c617-404f-9efa-761e468178fc,Vu Premium 850in,VU-PR-850-79,0df03ef4-f8fb-4d41-9313-02aa723a4b3a,piece,36,True,,2025-08-17 09:01:53
6d44fc57-9ca4-4793-ac19-3833c2079ec3,Vu Premium 124in,VU-PR-124,0df03ef4-f8fb-4d41-9313-02aa723a4b3a,piece,34,True,,2025-04-23 09:01:53
c770e5ef-653d-4249-a1e2-bcbecfefed4a,Vu Premium 959in,VU-PR-959,0df03ef4-f8fb-4d41-9313-02aa723a4b3a,piece,93,True,,2025-09-24 09:01:53
dabd16c5-7675-4356-a4e7-1b9f1f215607,Vu Premium 101in,VU-PR-101,0df03ef4-f8fb-4d41-9313-02aa723a4b3a,piece,89,True,,2025-10-08 09:01:53
cba9d2dd-9bdc-49ae-95a2-84400a1ad45d,Vu Premium 206in,VU-PR-206,0df03ef4-f8fb-4d41-9313-02aa723a4b3a,piece,31,True,,2025-11-13 09:01:53
3d7d81e0-3086-4f0a-a77e-258c85b07840,Vu Premium 529in,VU-PR-529,0df03ef4-f8fb-4d41-9313-02aa723a4b3a,piece,67,False,,2026-01-01 09:01:53
754b74f4-a0bf-408c-92c4-b39f30c0939e,Vu Premium 828in,VU-PR-828,0df03ef4-f8fb-4d41-9313-02aa723a4b3a,piece,40,True,,2025-11-16 09:01:53
e39653ca-35f4-4689-80f9-ce475e236c2c,Vu Premium 965in,VU-PR-965,0df03ef4-f8fb-4d41-9313-02aa723a4b3a,piece,71,True,,2025-09-05 09:01:53
6cf8e575-6fcd-49a0-89fd-aabb0ad30988,Hisense TV 569in,HIS-TV-569,0df03ef4-f8fb-4d41-9313-02aa723a4b3a,piece,100,True,,2026-01-25 09:01:53
8345956a-5af1-40c9-bfa6-2e6f6401a0a8,Hisense TV 617in,HIS-TV-617,0df03ef4-f8fb-4d41-9313-02aa723a4b3a,piece,22,True,,2025-08-25 09:01:53
3f5c26fc-65a7-4914-b680-94f1062b2739,Hisense TV 176in,HIS-TV-176,0df03ef4-f8fb-4d41-9313-02aa723a4b3a,piece,80,True,,2025-08-04 09:01:53
9e0c88d2-e001-4ff1-b369-ce2c8779fe37,Hisense TV 778in,HIS-TV-778,0df03ef4-f8fb-4d41-9313-02aa723a4b3a,piece,21,True,,2025-11-01 09:01:53
67d28f6a-9de1-438b-b997-80d1f5fbd3bf,Hisense TV 971in,HIS-TV-971,0df03ef4-f8fb-4d41-9313-02aa723a4b3a,piece,45,False,,2025-08-25 09:01:53
85b6b80e-5788-4748-b62f-94e78a515b86,Hisense TV 817in,HIS-TV-817,0df03ef4-f8fb-4d41-9313-02aa723a4b3a,piece,99,True,,2025-07-26 09:01:53
3cd854ca-8368-40d6-aab4-1d0f7f1d22ea,Hisense TV 378in,HIS-TV-378,0df03ef4-f8fb-4d41-9313-02aa723a4b3a,piece,34,True,,2025-12-01 09:01:53
e11d65e7-5bf0-42b2-a47a-5e5eabdcd835,Hisense TV 239in,HIS-TV-239,0df03ef4-f8fb-4d41-9313-02aa723a4b3a,piece,79,True,,2026-01-19 09:01:53
6e61983b-354c-46b0-8109-bc7e5d594c04,Hisense TV 268in,HIS-TV-268,0df03ef4-f8fb-4d41-9313-02aa723a4b3a,piece,62,True,,2025-08-18 09:01:53
d99caae2-97e4-4791-84a8-a76bf1c3e3ef,Hisense TV 223in,HIS-TV-223,0df03ef4-f8fb-4d41-9313-02aa723a4b3a,piece,73,True,,2025-11-28 09:01:53
3cffc2ca-d296-4f61-b2ae-6f31e6e94eb0,Hisense TV 562in,HIS-TV-562,0df03ef4-f8fb-4d41-9313-02aa723a4b3a,piece,44,True,,2026-01-12 09:01:53
89e9d47b-4c80-42df-a84a-01271599ae07,Hisense TV 192in,HIS-TV-192,0df03ef4-f8fb-4d41-9313-02aa723a4b3a,piece,25,True,,2025-10-10 09:01:53
e8ff8e86-ed00-4bc8-ad09-5c7f1e14d76a,Hisense TV 946in,HIS-TV-946,0df03ef4-f8fb-4d41-9313-02aa723a4b3a,piece,95,True,,2026-02-22 09:01:53
49264bfe-4d22-426e-92c4-f9a6a6b3a703,Hisense TV 320in,HIS-TV-320,0df03ef4-f8fb-4d41-9313-02aa723a4b3a,piece,46,True,,2025-03-15 09:01:53
e3eaa1ba-7076-48e6-8dbc-2b8a8b91676e,Hisense TV 354in,HIS-TV-354,0df03ef4-f8fb-4d41-9313-02aa723a4b3a,piece,50,True,,2026-02-17 09:01:53
f2aa796b-d249-4e83-8d50-0520cebc6baf,Hisense TV 793in,HIS-TV-793,0df03ef4-f8fb-4d41-9313-02aa723a4b3a,piece,43,True,,2025-12-15 09:01:53
ed45adad-c1a1-489b-af81-e6a7994a776c,Hisense TV 131in,HIS-TV-131,0df03ef4-f8fb-4d41-9313-02aa723a4b3a,piece,56,True,,2025-06-03 09:01:53
c7efb809-d313-4ed0-8201-99922c22fdbd,Hisense TV 866in,HIS-TV-866,0df03ef4-f8fb-4d41-9313-02aa723a4b3a,piece,75,True,,2025-07-21 09:01:53
a7cc9f83-293d-49f4-8abe-b7392da0935c,Hisense TV 204in,HIS-TV-204,0df03ef4-f8fb-4d41-9313-02aa723a4b3a,piece,22,True,,2026-02-11 09:01:53
f7bca63d-56bd-461a-a6e8-1df5e4098e56,Hisense TV 950in,HIS-TV-950,0df03ef4-f8fb-4d41-9313-02aa723a4b3a,piece,33,True,,2025-08-21 09:01:53
81538c54-40d9-4e83-9a12-1d1ceb0ea426,Hisense TV 481in,HIS-TV-481,0df03ef4-f8fb-4d41-9313-02aa723a4b3a,piece,92,True,,2025-04-18 09:01:53
d48dc441-216f-404c-85d0-9df8d2d5629c,Hisense TV 186in,HIS-TV-186,0df03ef4-f8fb-4d41-9313-02aa723a4b3a,piece,79,True,,2026-02-04 09:01:53
7ef027be-fd41-4371-8722-885bf1c05244,Hisense TV 122in,HIS-TV-122,0df03ef4-f8fb-4d41-9313-02aa723a4b3a,piece,13,True,,2025-04-18 09:01:53
abfe2bf7-9ec8-4c97-a462-1640b4cb52f2,Hisense TV 554in,HIS-TV-554,0df03ef4-f8fb-4d41-9313-02aa723a4b3a,piece,21,True,,2025-09-26 09:01:53
007f51aa-0770-4ecb-8760-7d6a9370126d,Hisense TV 225in,HIS-TV-225,0df03ef4-f8fb-4d41-9313-02aa723a4b3a,piece,10,False,,2026-02-17 09:01:53
ca56254c-ebeb-414b-8b61-32ec1b98836d,Hisense TV 272in,HIS-TV-272,0df03ef4-f8fb-4d41-9313-02aa723a4b3a,piece,78,True,,2025-08-24 09:01:53
de080944-57b5-4a4b-b5da-1886e4002ff3,Hisense TV 608in,HIS-TV-608,0df03ef4-f8fb-4d41-9313-02aa723a4b3a,piece,8,True,,2025-08-08 09:01:53
d64bb110-5399-48ba-b32a-afc4b78aef35,Hisense TV 276in,HIS-TV-276,0df03ef4-f8fb-4d41-9313-02aa723a4b3a,piece,50,True,,2025-12-09 09:01:53
dca3b2cb-8918-4286-85a2-2cf7271499ce,Hisense TV 381in,HIS-TV-381,0df03ef4-f8fb-4d41-9313-02aa723a4b3a,piece,40,True,,2025-12-28 09:01:53
ab67654e-d2f2-4ea9-8123-ab967861fe56,Hisense TV 135in,HIS-TV-135,0df03ef4-f8fb-4d41-9313-02aa723a4b3a,piece,83,True,,2025-11-09 09:01:53
8fb5f21b-2426-49c9-a611-e40418aade67,Hisense TV 762in,HIS-TV-762,0df03ef4-f8fb-4d41-9313-02aa723a4b3a,piece,42,True,,2025-06-06 09:01:53
82342ac0-6c77-4ce6-a351-c3f14a7748e9,Hisense TV 590in,HIS-TV-590,0df03ef4-f8fb-4d41-9313-02aa723a4b3a,piece,12,True,,2025-08-30 09:01:53
f5286be9-cfc3-4f19-868e-3834f7c995ef,Hisense TV 240in,HIS-TV-240,0df03ef4-f8fb-4d41-9313-02aa723a4b3a,piece,58,True,,2025-06-18 09:01:53
f7fc9d30-e5fd-464b-b525-93cdbe4d13a3,Hisense TV 355in,HIS-TV-355,0df03ef4-f8fb-4d41-9313-02aa723a4b3a,piece,85,False,,2025-06-09 09:01:53
0bc85699-9005-4dc1-9d4b-e3e87288048c,Hisense TV 913in,HIS-TV-913,0df03ef4-f8fb-4d41-9313-02aa723a4b3a,piece,7,False,,2025-03-14 09:01:53
bf6be9a3-81fc-4deb-9b37-06fc68d32a53,Hisense TV 467in,HIS-TV-467,0df03ef4-f8fb-4d41-9313-02aa723a4b3a,piece,66,True,,2025-07-09 09:01:53
caef4f88-bef8-4d44-9d1f-afaf8d5c505c,Hisense TV 452in,HIS-TV-452,0df03ef4-f8fb-4d41-9313-02aa723a4b3a,piece,77,True,,2025-08-28 09:01:53
65f92dc5-a4da-4aae-b8e1-1360cfc13391,Hisense TV 376in,HIS-TV-376,0df03ef4-f8fb-4d41-9313-02aa723a4b3a,piece,28,True,,2025-05-13 09:01:53
927229ed-9565-455e-bde1-ddd2a52f1186,Hisense TV 324in,HIS-TV-324,0df03ef4-f8fb-4d41-9313-02aa723a4b3a,piece,8,True,,2025-10-22 09:01:53
1aac2c0f-7a06-4afd-a38d-da194f1ee302,Hisense TV 159in,HIS-TV-159,0df03ef4-f8fb-4d41-9313-02aa723a4b3a,piece,65,True,,2025-05-19 09:01:53
31287af9-7031-4014-b1ec-dac0081098e3,Hisense TV 338in,HIS-TV-338,0df03ef4-f8fb-4d41-9313-02aa723a4b3a,piece,25,True,,2025-04-12 09:01:53
158e0d01-82a4-421c-8380-22ddee8faf0e,Hisense TV 346in,HIS-TV-346,0df03ef4-f8fb-4d41-9313-02aa723a4b3a,piece,39,True,,2026-02-14 09:01:53
367d81ac-3761-4b8c-a22a-9484d89d1db8,Hisense TV 882in,HIS-TV-882,0df03ef4-f8fb-4d41-9313-02aa723a4b3a,piece,33,True,,2025-08-28 09:01:53
cb1dee8c-3336-4cec-a26d-738101d69ce7,Hisense TV 463in,HIS-TV-463,0df03ef4-f8fb-4d41-9313-02aa723a4b3a,piece,27,True,,2025-05-15 09:01:53
b1af4bc2-d5e4-4622-a2fa-2261cf7a5f29,Hisense TV 425in,HIS-TV-425,0df03ef4-f8fb-4d41-9313-02aa723a4b3a,piece,99,True,,2025-05-16 09:01:53
3d08be55-9094-4e4c-9d4b-92f914d4cf9f,Hisense TV 128in,HIS-TV-128,0df03ef4-f8fb-4d41-9313-02aa723a4b3a,piece,95,True,,2025-05-28 09:01:53
75e5ad69-1f28-4caf-a1b3-c563f651e026,Hisense TV 677in,HIS-TV-677,0df03ef4-f8fb-4d41-9313-02aa723a4b3a,piece,23,True,,2025-12-08 09:01:53
5b519482-a1eb-4066-bb7b-97d23164ee9c,Hisense TV 956in,HIS-TV-956,0df03ef4-f8fb-4d41-9313-02aa723a4b3a,piece,68,True,,2025-12-15 09:01:53
f16b3a1e-b7b1-4338-8b50-c77fb8186ca3,Hisense TV 602in,HIS-TV-602,0df03ef4-f8fb-4d41-9313-02aa723a4b3a,piece,9,True,,2025-11-15 09:01:53
53b67253-2e33-4768-99c7-64a03b55973b,Hisense TV 716in,HIS-TV-716,0df03ef4-f8fb-4d41-9313-02aa723a4b3a,piece,33,True,,2025-07-13 09:01:53
c170d25c-80fd-43cc-b8a2-3bf240c7f5bf,Hisense TV 100in,HIS-TV-100,0df03ef4-f8fb-4d41-9313-02aa723a4b3a,piece,47,False,,2025-12-01 09:01:53
602dc411-0980-476c-8ab2-e274d6fe8974,Hisense TV 925in,HIS-TV-925,0df03ef4-f8fb-4d41-9313-02aa723a4b3a,piece,21,True,,2025-12-14 09:01:53
1c617b45-357c-4d49-9a0e-e0879104613c,Hisense TV 921in,HIS-TV-921,0df03ef4-f8fb-4d41-9313-02aa723a4b3a,piece,46,True,,2025-12-29 09:01:53
052e2f0f-9fc4-4630-bfb8-85ea0b7693aa,Hisense TV 700in,HIS-TV-700,0df03ef4-f8fb-4d41-9313-02aa723a4b3a,piece,95,False,,2026-01-17 09:01:53
7ca1498d-178a-4ea9-b80b-73bcd7e1b7d0,Hisense TV 966in,HIS-TV-966,0df03ef4-f8fb-4d41-9313-02aa723a4b3a,piece,72,True,,2026-02-05 09:01:53
b46a9812-e0e0-41a5-b29d-2a22cba087f2,Hisense TV 482in,HIS-TV-482,0df03ef4-f8fb-4d41-9313-02aa723a4b3a,piece,95,False,,2025-08-24 09:01:53
c227ad85-3a6c-425c-9f19-eb16e18db673,Hisense TV 700in,HIS-TV-700-22,0df03ef4-f8fb-4d41-9313-02aa723a4b3a,piece,48,True,,2026-01-04 09:01:53
51e2e735-16b5-4216-b551-eb06e2baaad2,Hisense TV 261in,HIS-TV-261,0df03ef4-f8fb-4d41-9313-02aa723a4b3a,piece,98,False,,2025-04-21 09:01:53
e9f1698f-2dc6-4479-9480-e7b1c5f2fc3c,Hisense TV 598in,HIS-TV-598,0df03ef4-f8fb-4d41-9313-02aa723a4b3a,piece,88,True,,2025-03-17 09:01:53
f6f2ddf3-3515-4777-b6e5-15f0d79d9ec6,Hisense TV 675in,HIS-TV-675,0df03ef4-f8fb-4d41-9313-02aa723a4b3a,piece,93,True,,2025-05-04 09:01:53
1191af9d-2adf-48e0-a3be-e21ba95b7785,Hisense TV 905in,HIS-TV-905,0df03ef4-f8fb-4d41-9313-02aa723a4b3a,piece,50,True,,2025-05-17 09:01:53
9dda8f90-0c14-47e3-a116-66b46e5cdc42,Hisense TV 934in,HIS-TV-934,0df03ef4-f8fb-4d41-9313-02aa723a4b3a,piece,27,True,,2025-03-27 09:01:53
fc8b8498-16ad-4b0c-a87b-fcd2a7cbe4d8,Himalaya Face Wash 401ml,HIM-FW-401,c6b86dde-0af3-4762-8f11-eaf50cf6fdd1,bottle,21,True,,2026-03-14 09:01:53
98e6a995-b149-4d71-946e-ba1fc85c56e7,Himalaya Face Wash 818ml,HIM-FW-818,c6b86dde-0af3-4762-8f11-eaf50cf6fdd1,bottle,78,True,,2025-05-28 09:01:53
f3b79e3b-aa00-4401-a747-c3b4afef0358,Himalaya Face Wash 133ml,HIM-FW-133,c6b86dde-0af3-4762-8f11-eaf50cf6fdd1,bottle,28,True,,2025-05-05 09:01:53
ae8e5926-ca33-42e5-997f-546d83adddb4,Himalaya Face Wash 326ml,HIM-FW-326,c6b86dde-0af3-4762-8f11-eaf50cf6fdd1,bottle,86,True,,2025-07-03 09:01:53
f664c295-adc8-42c6-bedf-f90b568ac6bb,Himalaya Face Wash 244ml,HIM-FW-244,c6b86dde-0af3-4762-8f11-eaf50cf6fdd1,bottle,47,True,,2025-11-13 09:01:53
602073e9-324b-44b8-a13b-d4a3221c4077,Himalaya Face Wash 455ml,HIM-FW-455,c6b86dde-0af3-4762-8f11-eaf50cf6fdd1,bottle,45,True,,2026-01-28 09:01:53
8ca0b5f1-2040-4281-91dc-98d37901b3d6,Himalaya Face Wash 941ml,HIM-FW-941,c6b86dde-0af3-4762-8f11-eaf50cf6fdd1,bottle,95,True,,2025-09-24 09:01:53
15c51192-cbb3-4cd0-b012-ae510144f55f,Himalaya Face Wash 557ml,HIM-FW-557,c6b86dde-0af3-4762-8f11-eaf50cf6fdd1,bottle,6,True,,2025-11-07 09:01:53
787fc8fa-7e41-4b43-b9b2-43fea040f4b1,Himalaya Face Wash 809ml,HIM-FW-809,c6b86dde-0af3-4762-8f11-eaf50cf6fdd1,bottle,13,True,,2026-01-18 09:01:53
4e265b38-d5d6-425d-a562-39c7287393c5,Himalaya Face Wash 837ml,HIM-FW-837,c6b86dde-0af3-4762-8f11-eaf50cf6fdd1,bottle,5,True,,2025-08-02 09:01:53
2ad1b37a-4584-43c4-aa9f-6367739ec86b,Himalaya Face Wash 850ml,HIM-FW-850,c6b86dde-0af3-4762-8f11-eaf50cf6fdd1,bottle,58,False,,2025-08-15 09:01:53
1961e899-19ec-4b87-ac30-9a7155997d29,Himalaya Face Wash 604ml,HIM-FW-604,c6b86dde-0af3-4762-8f11-eaf50cf6fdd1,bottle,53,True,,2025-09-03 09:01:53
454369de-adb7-43c2-9c03-eb73779e5166,Himalaya Face Wash 203ml,HIM-FW-203,c6b86dde-0af3-4762-8f11-eaf50cf6fdd1,bottle,66,True,,2025-05-23 09:01:53
bfc0fdb1-a158-416e-b594-0dd61d006087,Himalaya Face Wash 766ml,HIM-FW-766,c6b86dde-0af3-4762-8f11-eaf50cf6fdd1,bottle,92,True,,2025-07-26 09:01:53
9dfc2cc6-504b-4e07-84c6-0b6e28e72956,Himalaya Face Wash 175ml,HIM-FW-175,c6b86dde-0af3-4762-8f11-eaf50cf6fdd1,bottle,9,True,,2025-10-02 09:01:53
41eea279-b6f7-498f-a108-a9c478165ff4,Himalaya Face Wash 367ml,HIM-FW-367,c6b86dde-0af3-4762-8f11-eaf50cf6fdd1,bottle,18,True,,2025-12-17 09:01:53
761b1e38-e1a1-486c-889f-67a40b8ff62f,Himalaya Face Wash 484ml,HIM-FW-484,c6b86dde-0af3-4762-8f11-eaf50cf6fdd1,bottle,25,True,,2025-06-07 09:01:53
f166b2d5-80cc-4624-ab93-b7353ce4dca9,Himalaya Face Wash 195ml,HIM-FW-195,c6b86dde-0af3-4762-8f11-eaf50cf6fdd1,bottle,48,True,,2025-05-04 09:01:53
281c35cc-12dd-4120-8a76-4f3d564f53d0,Himalaya Face Wash 594ml,HIM-FW-594,c6b86dde-0af3-4762-8f11-eaf50cf6fdd1,bottle,95,True,,2025-04-14 09:01:53
a7db3415-8778-42e6-adb5-60929db57e10,Himalaya Face Wash 268ml,HIM-FW-268,c6b86dde-0af3-4762-8f11-eaf50cf6fdd1,bottle,82,True,,2025-12-24 09:01:53
37c708c6-f557-4829-856a-5bd5e1996aaf,Himalaya Face Wash 154ml,HIM-FW-154,c6b86dde-0af3-4762-8f11-eaf50cf6fdd1,bottle,17,True,,2025-12-07 09:01:53
183b820a-3c29-457b-8d72-14fa7231cce6,Himalaya Face Wash 519ml,HIM-FW-519,c6b86dde-0af3-4762-8f11-eaf50cf6fdd1,bottle,94,True,,2025-06-11 09:01:53
8d257bb9-a44e-417d-9a6c-e51955548c38,Himalaya Face Wash 371ml,HIM-FW-371,c6b86dde-0af3-4762-8f11-eaf50cf6fdd1,bottle,89,True,,2025-11-13 09:01:53
0f87e5d7-4a43-4266-acb2-362b1c7e4596,Himalaya Face Wash 198ml,HIM-FW-198,c6b86dde-0af3-4762-8f11-eaf50cf6fdd1,bottle,11,True,,2025-06-06 09:01:53
5b8e94a0-c557-4bff-8fa0-8f551b2ac856,Himalaya Face Wash 960ml,HIM-FW-960,c6b86dde-0af3-4762-8f11-eaf50cf6fdd1,bottle,67,True,,2025-09-11 09:01:53
c7300e45-bfcb-45a5-8471-8359235d389b,Himalaya Face Wash 103ml,HIM-FW-103,c6b86dde-0af3-4762-8f11-eaf50cf6fdd1,bottle,59,True,,2025-04-10 09:01:53
75841ad3-c2e8-4908-9b16-3e84b6dccbc5,Himalaya Face Wash 740ml,HIM-FW-740,c6b86dde-0af3-4762-8f11-eaf50cf6fdd1,bottle,81,True,,2026-01-24 09:01:53
76cc9627-3362-429f-94d6-d2a692f20586,Himalaya Face Wash 126ml,HIM-FW-126,c6b86dde-0af3-4762-8f11-eaf50cf6fdd1,bottle,31,True,,2025-10-16 09:01:53
70c2e350-8bb1-46ff-a480-6905e92fab89,Himalaya Face Wash 183ml,HIM-FW-183,c6b86dde-0af3-4762-8f11-eaf50cf6fdd1,bottle,65,True,,2025-10-08 09:01:53
192ddd47-c622-44b6-9a56-d1ccff98ccf2,Himalaya Face Wash 903ml,HIM-FW-903,c6b86dde-0af3-4762-8f11-eaf50cf6fdd1,bottle,55,True,,2025-04-10 09:01:53
07cf9c1a-45ef-4e2e-a1a3-cc6a0611a0ac,Himalaya Face Wash 371ml,HIM-FW-371-21,c6b86dde-0af3-4762-8f11-eaf50cf6fdd1,bottle,87,True,,2025-12-10 09:01:53
5516d73c-d659-4da9-8e74-836b66b2002b,Himalaya Face Wash 479ml,HIM-FW-479,c6b86dde-0af3-4762-8f11-eaf50cf6fdd1,bottle,53,True,,2025-07-29 09:01:53
5057b8b1-0352-4f84-93e3-23b1d23fb0c5,Himalaya Face Wash 145ml,HIM-FW-145,c6b86dde-0af3-4762-8f11-eaf50cf6fdd1,bottle,38,True,,2025-10-31 09:01:53
1de807c7-8e37-4baa-b4b4-d0aeef6eeb4c,Himalaya Face Wash 331ml,HIM-FW-331,c6b86dde-0af3-4762-8f11-eaf50cf6fdd1,bottle,39,True,,2025-12-27 09:01:53
d1e195a7-8296-4ca1-a064-ed8da89135aa,Himalaya Face Wash 870ml,HIM-FW-870,c6b86dde-0af3-4762-8f11-eaf50cf6fdd1,bottle,94,True,,2026-01-30 09:01:53
bf4a4060-4b90-483c-8160-33018bdd8aa0,Himalaya Face Wash 784ml,HIM-FW-784,c6b86dde-0af3-4762-8f11-eaf50cf6fdd1,bottle,49,True,,2025-08-15 09:01:53
7a5c30e3-7dfe-4bfd-bf5e-dc69dfaf1e84,Himalaya Face Wash 874ml,HIM-FW-874,c6b86dde-0af3-4762-8f11-eaf50cf6fdd1,bottle,80,True,,2026-02-11 09:01:53
1d01497b-6cb8-4bdf-861d-f7184c84d8f6,Himalaya Face Wash 960ml,HIM-FW-960-59,c6b86dde-0af3-4762-8f11-eaf50cf6fdd1,bottle,71,True,,2025-06-13 09:01:53
6373d2ae-ccbd-466c-8580-da26ecbd38e0,Himalaya Face Wash 803ml,HIM-FW-803,c6b86dde-0af3-4762-8f11-eaf50cf6fdd1,bottle,65,True,,2025-11-14 09:01:53
d58221e1-929d-4daf-aee6-fba9e1bfc7c1,Himalaya Face Wash 587ml,HIM-FW-587,c6b86dde-0af3-4762-8f11-eaf50cf6fdd1,bottle,43,True,,2025-03-14 09:01:53
c19925bd-1e55-47e1-8390-b0a0a104d314,Himalaya Face Wash 135ml,HIM-FW-135,c6b86dde-0af3-4762-8f11-eaf50cf6fdd1,bottle,69,True,,2025-06-23 09:01:53
6a419cc6-a84b-40ff-aabf-00d29474eb7f,Himalaya Face Wash 919ml,HIM-FW-919,c6b86dde-0af3-4762-8f11-eaf50cf6fdd1,bottle,78,True,,2025-05-01 09:01:53
c97f75fc-51e2-4282-9649-77d883270d1f,Himalaya Face Wash 250ml,HIM-FW-250,c6b86dde-0af3-4762-8f11-eaf50cf6fdd1,bottle,20,False,,2025-07-28 09:01:53
ca61afc6-ba5d-4beb-8b9b-d48b83c72ad8,Himalaya Face Wash 277ml,HIM-FW-277,c6b86dde-0af3-4762-8f11-eaf50cf6fdd1,bottle,26,False,,2025-12-06 09:01:53
766784ac-290e-47ac-9a3c-090f362d2272,Himalaya Face Wash 229ml,HIM-FW-229,c6b86dde-0af3-4762-8f11-eaf50cf6fdd1,bottle,10,True,,2025-03-30 09:01:53
eec707e4-5657-4a44-80d2-d189c7fb5093,Himalaya Face Wash 545ml,HIM-FW-545,c6b86dde-0af3-4762-8f11-eaf50cf6fdd1,bottle,30,False,,2025-04-27 09:01:53
43ef37d9-b2b9-48ba-963f-40183b0221fa,Himalaya Face Wash 251ml,HIM-FW-251,c6b86dde-0af3-4762-8f11-eaf50cf6fdd1,bottle,81,True,,2026-02-08 09:01:53
2f13727a-efb8-4df0-b3e3-0ce4904a0fb2,Himalaya Face Wash 189ml,HIM-FW-189,c6b86dde-0af3-4762-8f11-eaf50cf6fdd1,bottle,54,True,,2025-06-05 09:01:53
358b20da-593f-4d4d-999d-d1b5394227ce,Himalaya Face Wash 433ml,HIM-FW-433,c6b86dde-0af3-4762-8f11-eaf50cf6fdd1,bottle,40,True,,2026-03-08 09:01:53
bb6d45fb-f142-42fb-b023-628ba0ab79f4,Himalaya Face Wash 905ml,HIM-FW-905,c6b86dde-0af3-4762-8f11-eaf50cf6fdd1,bottle,94,True,,2025-06-20 09:01:53
263445e1-f5d3-4e1c-8f42-65c2c97eacd7,Lakme Lipstick Shade 900,LAK-LS-900,c6b86dde-0af3-4762-8f11-eaf50cf6fdd1,piece,58,True,,2025-12-28 09:01:53
41405019-5ed9-4ec0-acfe-9a1d064aeb5d,Lakme Lipstick Shade 251,LAK-LS-251,c6b86dde-0af3-4762-8f11-eaf50cf6fdd1,piece,77,True,,2026-01-22 09:01:53
8c995038-77d1-4cc0-bcdc-651ca4d268f6,Lakme Lipstick Shade 208,LAK-LS-208,c6b86dde-0af3-4762-8f11-eaf50cf6fdd1,piece,77,True,,2025-10-19 09:01:53
a697c1cf-6204-4538-b9ba-d233c1b6ec62,Lakme Lipstick Shade 988,LAK-LS-988,c6b86dde-0af3-4762-8f11-eaf50cf6fdd1,piece,73,True,,2025-08-16 09:01:53
08452cd2-625d-49cf-ac1b-4671f2c165af,Lakme Lipstick Shade 370,LAK-LS-370,c6b86dde-0af3-4762-8f11-eaf50cf6fdd1,piece,54,True,,2025-05-26 09:01:53
cdc8cc0b-f6b4-460f-a74a-505888f53463,Lakme Lipstick Shade 723,LAK-LS-723,c6b86dde-0af3-4762-8f11-eaf50cf6fdd1,piece,65,True,,2025-10-24 09:01:53
bb53fbec-eaab-4d92-bc72-f8e8391f249e,Lakme Lipstick Shade 512,LAK-LS-512,c6b86dde-0af3-4762-8f11-eaf50cf6fdd1,piece,23,True,,2025-03-31 09:01:53
e13ec453-f4a2-4fad-b704-ce25671098de,Lakme Lipstick Shade 810,LAK-LS-810,c6b86dde-0af3-4762-8f11-eaf50cf6fdd1,piece,56,True,,2025-09-26 09:01:53
22bfef0a-d576-491f-8bfb-ccb2067b7580,Lakme Lipstick Shade 807,LAK-LS-807,c6b86dde-0af3-4762-8f11-eaf50cf6fdd1,piece,35,True,,2025-07-14 09:01:53
bc7522fa-97ec-4f7d-9a36-90e12140257b,Lakme Lipstick Shade 375,LAK-LS-375,c6b86dde-0af3-4762-8f11-eaf50cf6fdd1,piece,52,True,,2025-10-10 09:01:53
3a8e60a3-14bd-46be-b86f-f2244c2e0ccb,Lakme Lipstick Shade 418,LAK-LS-418,c6b86dde-0af3-4762-8f11-eaf50cf6fdd1,piece,40,True,,2025-03-23 09:01:53
e1a4702d-1d6a-4889-8ff2-510463dcf348,Lakme Lipstick Shade 801,LAK-LS-801,c6b86dde-0af3-4762-8f11-eaf50cf6fdd1,piece,17,False,,2025-11-18 09:01:53
b577af95-c678-465d-b6f4-c0d432ddab6f,Lakme Lipstick Shade 237,LAK-LS-237,c6b86dde-0af3-4762-8f11-eaf50cf6fdd1,piece,43,False,,2025-07-31 09:01:53
39f58017-9c1b-47ff-9d3b-10db4623f506,Lakme Lipstick Shade 892,LAK-LS-892,c6b86dde-0af3-4762-8f11-eaf50cf6fdd1,piece,46,True,,2025-08-13 09:01:53
d5c41cb7-f663-4958-bbba-179dcb30af4d,Lakme Lipstick Shade 719,LAK-LS-719,c6b86dde-0af3-4762-8f11-eaf50cf6fdd1,piece,87,True,,2025-07-31 09:01:53
1cc035a6-4020-446a-a038-51bff7969e5e,Lakme Lipstick Shade 316,LAK-LS-316,c6b86dde-0af3-4762-8f11-eaf50cf6fdd1,piece,57,True,,2025-06-23 09:01:53
f985407b-6546-4d02-af09-74b5e1ff4e92,Lakme Lipstick Shade 988,LAK-LS-988-57,c6b86dde-0af3-4762-8f11-eaf50cf6fdd1,piece,12,True,,2025-12-23 09:01:53
f790a4b1-64c0-413e-b991-864fa329ae07,Lakme Lipstick Shade 167,LAK-LS-167,c6b86dde-0af3-4762-8f11-eaf50cf6fdd1,piece,44,True,,2025-08-20 09:01:53
bcf746c4-09d3-4995-9475-16e84b8a4257,Lakme Lipstick Shade 238,LAK-LS-238,c6b86dde-0af3-4762-8f11-eaf50cf6fdd1,piece,72,True,,2026-02-28 09:01:53
1a0192bd-5160-443c-92c3-86a8eafe0137,Lakme Lipstick Shade 277,LAK-LS-277,c6b86dde-0af3-4762-8f11-eaf50cf6fdd1,piece,29,True,,2025-12-02 09:01:53
1fa154b2-a703-4674-98db-12b4e82afa20,Lakme Lipstick Shade 957,LAK-LS-957,c6b86dde-0af3-4762-8f11-eaf50cf6fdd1,piece,12,True,,2025-07-24 09:01:53
9edef272-8f33-4fa7-b881-ca47a3257c7c,Lakme Lipstick Shade 151,LAK-LS-151,c6b86dde-0af3-4762-8f11-eaf50cf6fdd1,piece,51,True,,2025-10-25 09:01:53
b6706090-65e8-4811-b0d6-a75bae84cc8f,Lakme Lipstick Shade 477,LAK-LS-477,c6b86dde-0af3-4762-8f11-eaf50cf6fdd1,piece,64,True,,2025-04-23 09:01:53
a06b004e-c5d1-43d2-a187-e7bf15fe8c86,Lakme Lipstick Shade 226,LAK-LS-226,c6b86dde-0af3-4762-8f11-eaf50cf6fdd1,piece,92,True,,2025-09-05 09:01:53
fb76a4df-6e25-4294-91ce-20684430234b,Lakme Lipstick Shade 600,LAK-LS-600,c6b86dde-0af3-4762-8f11-eaf50cf6fdd1,piece,81,True,,2025-07-15 09:01:53
db38e3ec-52d0-49c1-b1f9-159721e96c8a,Lakme Lipstick Shade 700,LAK-LS-700,c6b86dde-0af3-4762-8f11-eaf50cf6fdd1,piece,75,True,,2025-12-21 09:01:53
558df8b2-1779-4bde-908e-10f92e86b566,Lakme Lipstick Shade 957,LAK-LS-957-43,c6b86dde-0af3-4762-8f11-eaf50cf6fdd1,piece,100,True,,2026-01-27 09:01:53
4a17a76d-3835-485e-bd1e-556e74457ecf,Lakme Lipstick Shade 391,LAK-LS-391,c6b86dde-0af3-4762-8f11-eaf50cf6fdd1,piece,8,True,,2025-12-21 09:01:53
0e3e3e12-29d7-4e48-92b3-455a2d9f2c8c,Lakme Lipstick Shade 974,LAK-LS-974,c6b86dde-0af3-4762-8f11-eaf50cf6fdd1,piece,78,True,,2025-11-25 09:01:53
dd0f88c6-ff97-4323-a1ef-bdad59767375,Lakme Lipstick Shade 977,LAK-LS-977,c6b86dde-0af3-4762-8f11-eaf50cf6fdd1,piece,33,True,,2025-04-02 09:01:53
070f5dde-8fc4-486b-b72e-20d47e8d1e43,Lakme Lipstick Shade 311,LAK-LS-311,c6b86dde-0af3-4762-8f11-eaf50cf6fdd1,piece,39,True,,2025-06-25 09:01:53
bdc48d2d-43e7-4c1e-9697-7d5e366aa3eb,Lakme Lipstick Shade 120,LAK-LS-120,c6b86dde-0af3-4762-8f11-eaf50cf6fdd1,piece,92,True,,2026-01-06 09:01:53
d5fd69ba-e48d-4d18-b47a-b457496d2356,Lakme Lipstick Shade 762,LAK-LS-762,c6b86dde-0af3-4762-8f11-eaf50cf6fdd1,piece,27,True,,2026-03-10 09:01:53
cc4023cf-0ef8-4922-aa80-2f7fe0d3028e,Lakme Lipstick Shade 329,LAK-LS-329,c6b86dde-0af3-4762-8f11-eaf50cf6fdd1,piece,37,True,,2025-10-09 09:01:53
99f575d1-2acd-4180-82de-70b5ca44f1b6,Lakme Lipstick Shade 829,LAK-LS-829,c6b86dde-0af3-4762-8f11-eaf50cf6fdd1,piece,95,True,,2025-08-10 09:01:53
29fabc86-6700-42f0-ab3a-ce98af64d89f,Lakme Lipstick Shade 485,LAK-LS-485,c6b86dde-0af3-4762-8f11-eaf50cf6fdd1,piece,49,True,,2025-11-23 09:01:53
b0f50388-c01c-4b84-bdcc-1c4b3e0b88ec,Lakme Lipstick Shade 577,LAK-LS-577,c6b86dde-0af3-4762-8f11-eaf50cf6fdd1,piece,43,True,,2025-04-29 09:01:53
199961b0-6796-4600-82d4-ee2e08f93b0c,Lakme Lipstick Shade 506,LAK-LS-506,c6b86dde-0af3-4762-8f11-eaf50cf6fdd1,piece,79,True,,2025-06-26 09:01:53
ed4d5f01-300f-4ae7-b907-9c40eb420251,Lakme Lipstick Shade 778,LAK-LS-778,c6b86dde-0af3-4762-8f11-eaf50cf6fdd1,piece,52,True,,2025-05-14 09:01:53
828d64ee-b0eb-493d-90ae-b659337ce0fe,Lakme Lipstick Shade 723,LAK-LS-723-46,c6b86dde-0af3-4762-8f11-eaf50cf6fdd1,piece,43,True,,2025-07-11 09:01:53
af191593-58cb-451a-b66f-ad40907e691f,Lakme Lipstick Shade 165,LAK-LS-165,c6b86dde-0af3-4762-8f11-eaf50cf6fdd1,piece,48,False,,2025-04-21 09:01:53
9f15a55d-d63f-4d3c-be34-b4f8fb4747f7,Lakme Lipstick Shade 432,LAK-LS-432,c6b86dde-0af3-4762-8f11-eaf50cf6fdd1,piece,40,True,,2025-03-15 09:01:53
73b7290c-3696-49f4-82ea-612a9a8c9255,Lakme Lipstick Shade 767,LAK-LS-767,c6b86dde-0af3-4762-8f11-eaf50cf6fdd1,piece,43,True,,2025-06-23 09:01:53
a871d8fc-9acc-40f9-8359-9a25588baaab,Lakme Lipstick Shade 883,LAK-LS-883,c6b86dde-0af3-4762-8f11-eaf50cf6fdd1,piece,35,True,,2025-05-11 09:01:53
65b8a971-67c1-45df-acd8-4556425f9664,Lakme Lipstick Shade 513,LAK-LS-513,c6b86dde-0af3-4762-8f11-eaf50cf6fdd1,piece,89,True,,2026-01-02 09:01:53
b749cc22-8a73-4f63-a431-86d91cd4001f,Lakme Lipstick Shade 838,LAK-LS-838,c6b86dde-0af3-4762-8f11-eaf50cf6fdd1,piece,8,True,,2025-10-14 09:01:53
26aa9fe9-0cb9-4aa6-b65d-36baa829cbe7,Lakme Lipstick Shade 365,LAK-LS-365,c6b86dde-0af3-4762-8f11-eaf50cf6fdd1,piece,58,True,,2026-02-24 09:01:53
ccdb8188-ac5b-43f9-9d10-376aa00eda5c,Lakme Lipstick Shade 697,LAK-LS-697,c6b86dde-0af3-4762-8f11-eaf50cf6fdd1,piece,95,False,,2025-12-07 09:01:53
2f44a094-fb04-4c76-bbf9-71b4503dda5b,Lakme Lipstick Shade 451,LAK-LS-451,c6b86dde-0af3-4762-8f11-eaf50cf6fdd1,piece,97,True,,2025-03-28 09:01:53
24c377b7-8926-4942-995e-96dddd71e117,Lakme Lipstick Shade 647,LAK-LS-647,c6b86dde-0af3-4762-8f11-eaf50cf6fdd1,piece,86,True,,2025-04-05 09:01:53
4fd7fc94-3e75-45cd-a378-8cc4eee763de,L'Oreal Shampoo 467ml,LOR-SH-467,c6b86dde-0af3-4762-8f11-eaf50cf6fdd1,bottle,69,True,,2025-12-17 09:01:53
a7bf5426-0e38-4f38-9947-82a05d7e1284,L'Oreal Shampoo 960ml,LOR-SH-960,c6b86dde-0af3-4762-8f11-eaf50cf6fdd1,bottle,89,True,,2025-12-12 09:01:53
3018ac05-4b8b-4161-9391-9e1c6775f3c5,L'Oreal Shampoo 400ml,LOR-SH-400,c6b86dde-0af3-4762-8f11-eaf50cf6fdd1,bottle,17,True,,2025-11-02 09:01:53
ec32dc82-3382-41a4-af38-dffdd645ffd4,L'Oreal Shampoo 842ml,LOR-SH-842,c6b86dde-0af3-4762-8f11-eaf50cf6fdd1,bottle,76,True,,2025-12-11 09:01:53
ce16faff-3d0a-44d8-82f8-2a40426d9a13,L'Oreal Shampoo 796ml,LOR-SH-796,c6b86dde-0af3-4762-8f11-eaf50cf6fdd1,bottle,47,True,,2025-11-21 09:01:53
42d80101-383a-4d17-ae15-3bb889cc323e,L'Oreal Shampoo 463ml,LOR-SH-463,c6b86dde-0af3-4762-8f11-eaf50cf6fdd1,bottle,33,True,,2025-10-08 09:01:53
a891a078-a8c5-4174-9fcf-1e86472fbfbe,L'Oreal Shampoo 530ml,LOR-SH-530,c6b86dde-0af3-4762-8f11-eaf50cf6fdd1,bottle,47,True,,2025-05-19 09:01:53
ef419d51-c794-48d2-9397-2507a28606a8,L'Oreal Shampoo 401ml,LOR-SH-401,c6b86dde-0af3-4762-8f11-eaf50cf6fdd1,bottle,64,True,,2025-07-17 09:01:53
11f64b4a-6b04-4298-9f5a-37005ac44235,L'Oreal Shampoo 154ml,LOR-SH-154,c6b86dde-0af3-4762-8f11-eaf50cf6fdd1,bottle,86,True,,2025-05-01 09:01:53
ff181535-ad50-44fc-a220-63bf029ee63e,L'Oreal Shampoo 172ml,LOR-SH-172,c6b86dde-0af3-4762-8f11-eaf50cf6fdd1,bottle,65,True,,2025-07-01 09:01:53
5132d413-bbef-47df-8243-84483342bf37,L'Oreal Shampoo 222ml,LOR-SH-222,c6b86dde-0af3-4762-8f11-eaf50cf6fdd1,bottle,92,True,,2025-10-13 09:01:53
984bb460-225d-4d8c-9d1a-aa15e0acf471,L'Oreal Shampoo 523ml,LOR-SH-523,c6b86dde-0af3-4762-8f11-eaf50cf6fdd1,bottle,11,True,,2025-12-27 09:01:53
8928e5b6-d90c-41d1-b28a-bad0d1af5b44,L'Oreal Shampoo 240ml,LOR-SH-240,c6b86dde-0af3-4762-8f11-eaf50cf6fdd1,bottle,30,True,,2025-05-27 09:01:53
9b06fe78-822b-40f2-bb68-bf3668b21dd6,L'Oreal Shampoo 568ml,LOR-SH-568,c6b86dde-0af3-4762-8f11-eaf50cf6fdd1,bottle,23,True,,2025-12-12 09:01:53
e04de1a3-2180-4f90-b73b-e7c4d8e57fee,L'Oreal Shampoo 897ml,LOR-SH-897,c6b86dde-0af3-4762-8f11-eaf50cf6fdd1,bottle,15,True,,2025-04-25 09:01:53
6c37f958-70fb-42b4-8d69-c352829b2504,L'Oreal Shampoo 281ml,LOR-SH-281,c6b86dde-0af3-4762-8f11-eaf50cf6fdd1,bottle,45,True,,2026-03-12 09:01:53
d4e33c47-f7b3-4f03-a314-c5d647114518,L'Oreal Shampoo 562ml,LOR-SH-562,c6b86dde-0af3-4762-8f11-eaf50cf6fdd1,bottle,40,True,,2025-12-18 09:01:53
b425447c-b6a3-47b8-a642-055fa03c6e2d,L'Oreal Shampoo 690ml,LOR-SH-690,c6b86dde-0af3-4762-8f11-eaf50cf6fdd1,bottle,25,True,,2026-01-28 09:01:53
506e6eeb-3206-42f7-8bea-585588dccccd,L'Oreal Shampoo 232ml,LOR-SH-232,c6b86dde-0af3-4762-8f11-eaf50cf6fdd1,bottle,83,True,,2025-08-07 09:01:53
a3651c7f-e2b7-4e68-a742-bc5d9d02b282,L'Oreal Shampoo 513ml,LOR-SH-513,c6b86dde-0af3-4762-8f11-eaf50cf6fdd1,bottle,59,False,,2025-08-30 09:01:53
effe74e8-fb03-449c-8ce0-6c8e45ab3586,L'Oreal Shampoo 104ml,LOR-SH-104,c6b86dde-0af3-4762-8f11-eaf50cf6fdd1,bottle,9,True,,2025-09-04 09:01:53
50ed2f4b-3f33-4baa-b180-1d154cc11183,L'Oreal Shampoo 114ml,LOR-SH-114,c6b86dde-0af3-4762-8f11-eaf50cf6fdd1,bottle,46,True,,2025-06-16 09:01:53
a978fa0d-4b6b-4105-af8d-4f71d0453b58,L'Oreal Shampoo 295ml,LOR-SH-295,c6b86dde-0af3-4762-8f11-eaf50cf6fdd1,bottle,7,True,,2025-04-28 09:01:53
970ffc97-7725-4581-ae51-3237a87ee998,L'Oreal Shampoo 851ml,LOR-SH-851,c6b86dde-0af3-4762-8f11-eaf50cf6fdd1,bottle,36,True,,2025-09-19 09:01:53
95a0252e-6049-419a-8b2c-dafa6ff461e3,L'Oreal Shampoo 419ml,LOR-SH-419,c6b86dde-0af3-4762-8f11-eaf50cf6fdd1,bottle,21,True,,2025-06-30 09:01:53
f0fda7f5-be7a-465d-885f-84646b92b7c1,L'Oreal Shampoo 702ml,LOR-SH-702,c6b86dde-0af3-4762-8f11-eaf50cf6fdd1,bottle,44,True,,2026-02-19 09:01:53
2551a9e1-7ede-458a-b7ed-a45e22de6e87,L'Oreal Shampoo 405ml,LOR-SH-405,c6b86dde-0af3-4762-8f11-eaf50cf6fdd1,bottle,42,True,,2025-06-21 09:01:53
b863ccff-fb6d-4f2b-a67c-1a1945615fe8,L'Oreal Shampoo 710ml,LOR-SH-710,c6b86dde-0af3-4762-8f11-eaf50cf6fdd1,bottle,72,True,,2025-03-28 09:01:53
0da8a2aa-4114-4b11-9d33-d4fc21154d4a,L'Oreal Shampoo 237ml,LOR-SH-237,c6b86dde-0af3-4762-8f11-eaf50cf6fdd1,bottle,48,False,,2025-07-07 09:01:53
f70a5bfd-e18b-4fbd-a2eb-13a54dd12080,L'Oreal Shampoo 467ml,LOR-SH-467-34,c6b86dde-0af3-4762-8f11-eaf50cf6fdd1,bottle,26,False,,2025-08-20 09:01:53
382c73f7-c5c6-46f2-991f-d53b5caf7325,L'Oreal Shampoo 119ml,LOR-SH-119,c6b86dde-0af3-4762-8f11-eaf50cf6fdd1,bottle,34,True,,2026-01-06 09:01:53
0fe33494-fa9a-4998-adb6-9f6e5846821e,L'Oreal Shampoo 316ml,LOR-SH-316,c6b86dde-0af3-4762-8f11-eaf50cf6fdd1,bottle,98,True,,2025-06-29 09:01:53
97943a93-e97d-4e9d-ac94-3bd24aedcf85,L'Oreal Shampoo 273ml,LOR-SH-273,c6b86dde-0af3-4762-8f11-eaf50cf6fdd1,bottle,20,True,,2025-04-15 09:01:53
7f0a6058-16d3-4aba-b3bf-09744430b065,L'Oreal Shampoo 911ml,LOR-SH-911,c6b86dde-0af3-4762-8f11-eaf50cf6fdd1,bottle,9,True,,2025-04-21 09:01:53
37c3db56-0e61-45fe-9a9a-3eb3c34a8f7c,L'Oreal Shampoo 361ml,LOR-SH-361,c6b86dde-0af3-4762-8f11-eaf50cf6fdd1,bottle,73,True,,2025-05-14 09:01:53
326db2e6-1716-4844-88e0-1043d4daeb37,L'Oreal Shampoo 149ml,LOR-SH-149,c6b86dde-0af3-4762-8f11-eaf50cf6fdd1,bottle,89,True,,2026-03-04 09:01:53
4445914c-c8c5-45a2-b2c7-cee1954e8777,L'Oreal Shampoo 149ml,LOR-SH-149-98,c6b86dde-0af3-4762-8f11-eaf50cf6fdd1,bottle,19,True,,2025-09-01 09:01:53
0bc5aec1-c784-4dfc-aa3b-a44f61e0c037,L'Oreal Shampoo 226ml,LOR-SH-226,c6b86dde-0af3-4762-8f11-eaf50cf6fdd1,bottle,75,True,,2025-03-20 09:01:53
a2b91301-9b8a-4547-b78f-2b50e3a3da0b,L'Oreal Shampoo 256ml,LOR-SH-256,c6b86dde-0af3-4762-8f11-eaf50cf6fdd1,bottle,31,True,,2025-04-26 09:01:53
0c77823c-6643-4c3a-8543-c50e77ce591b,L'Oreal Shampoo 109ml,LOR-SH-109,c6b86dde-0af3-4762-8f11-eaf50cf6fdd1,bottle,43,True,,2026-01-22 09:01:53
f9e9e400-929a-4f72-afe7-f92a8c2f511b,L'Oreal Shampoo 778ml,LOR-SH-778,c6b86dde-0af3-4762-8f11-eaf50cf6fdd1,bottle,71,True,,2025-05-08 09:01:53
95097c67-ba95-45ee-b05f-0be39bf92790,L'Oreal Shampoo 817ml,LOR-SH-817,c6b86dde-0af3-4762-8f11-eaf50cf6fdd1,bottle,22,True,,2026-01-20 09:01:53
0693c1a0-4cfd-47bb-9a91-fb9d5e5c236d,L'Oreal Shampoo 623ml,LOR-SH-623,c6b86dde-0af3-4762-8f11-eaf50cf6fdd1,bottle,97,True,,2025-10-21 09:01:53
e4e91501-6b6d-437c-9c9f-82822f74df70,L'Oreal Shampoo 216ml,LOR-SH-216,c6b86dde-0af3-4762-8f11-eaf50cf6fdd1,bottle,18,True,,2025-05-07 09:01:53
3f1148c1-8d33-4b2a-b473-000d8486407d,L'Oreal Shampoo 304ml,LOR-SH-304,c6b86dde-0af3-4762-8f11-eaf50cf6fdd1,bottle,38,True,,2025-12-01 09:01:53
6ba99b3c-0140-4d6e-9476-7b2413d8bf35,L'Oreal Shampoo 466ml,LOR-SH-466,c6b86dde-0af3-4762-8f11-eaf50cf6fdd1,bottle,95,True,,2025-12-22 09:01:53
7aa114ca-b1ab-4e6b-8e72-a13060d2ae95,L'Oreal Shampoo 140ml,LOR-SH-140,c6b86dde-0af3-4762-8f11-eaf50cf6fdd1,bottle,75,True,,2025-11-28 09:01:53
8985282b-00e5-4120-adae-f987aee38e82,L'Oreal Shampoo 804ml,LOR-SH-804,c6b86dde-0af3-4762-8f11-eaf50cf6fdd1,bottle,66,True,,2026-03-13 09:01:53
5ab01272-3e22-4411-af04-324f317f4326,L'Oreal Shampoo 113ml,LOR-SH-113,c6b86dde-0af3-4762-8f11-eaf50cf6fdd1,bottle,90,True,,2026-01-17 09:01:53
1d26c74c-3c58-47a4-b729-ce451a6c0829,L'Oreal Shampoo 955ml,LOR-SH-955,c6b86dde-0af3-4762-8f11-eaf50cf6fdd1,bottle,78,True,,2025-12-28 09:01:53
2b76d33a-fef5-4428-85db-16790d9a1c53,Nivea Cream 192g,NIV-CR-192,c6b86dde-0af3-4762-8f11-eaf50cf6fdd1,tube,70,True,,2026-01-22 09:01:53
c567855c-832d-44d7-838c-0d109b78f7d5,Nivea Cream 362g,NIV-CR-362,c6b86dde-0af3-4762-8f11-eaf50cf6fdd1,tube,87,True,,2025-10-14 09:01:53
19b63cb1-cef0-41e1-a935-5463c8820f3d,Nivea Cream 370g,NIV-CR-370,c6b86dde-0af3-4762-8f11-eaf50cf6fdd1,tube,64,True,,2025-12-15 09:01:53
0c75e093-8a88-4bb2-aae0-fdcaeccdcb4b,Nivea Cream 995g,NIV-CR-995,c6b86dde-0af3-4762-8f11-eaf50cf6fdd1,tube,10,True,,2025-09-11 09:01:53
e5a0057e-fc6a-4073-b8e8-320ee1c9c6f1,Nivea Cream 920g,NIV-CR-920,c6b86dde-0af3-4762-8f11-eaf50cf6fdd1,tube,91,True,,2026-01-14 09:01:53
e5132b55-f4eb-48b3-a05a-434f9f4e9a5f,Nivea Cream 197g,NIV-CR-197,c6b86dde-0af3-4762-8f11-eaf50cf6fdd1,tube,10,True,,2026-01-03 09:01:53
3638c0a1-f51b-4cbe-a188-389b2591712d,Nivea Cream 779g,NIV-CR-779,c6b86dde-0af3-4762-8f11-eaf50cf6fdd1,tube,87,True,,2025-09-12 09:01:53
51e8b62a-c324-48f6-9d73-6cc95d6c3693,Nivea Cream 548g,NIV-CR-548,c6b86dde-0af3-4762-8f11-eaf50cf6fdd1,tube,84,True,,2026-01-26 09:01:53
99a6406f-160d-4d38-9bca-856d29ce2f7f,Nivea Cream 481g,NIV-CR-481,c6b86dde-0af3-4762-8f11-eaf50cf6fdd1,tube,48,True,,2025-08-21 09:01:53
246b34e2-5d51-475e-a756-cbfc7970935a,Nivea Cream 509g,NIV-CR-509,c6b86dde-0af3-4762-8f11-eaf50cf6fdd1,tube,63,True,,2025-08-29 09:01:53
e67becb1-364f-40c0-a6b3-f57b3cf6a24e,Nivea Cream 806g,NIV-CR-806,c6b86dde-0af3-4762-8f11-eaf50cf6fdd1,tube,66,True,,2025-04-16 09:01:53
f14565d2-6304-46a5-87fd-57f38dd8fd80,Nivea Cream 916g,NIV-CR-916,c6b86dde-0af3-4762-8f11-eaf50cf6fdd1,tube,26,True,,2025-03-23 09:01:53
c5ed4ed4-237d-4235-98b1-dc1d6fff2b69,Nivea Cream 843g,NIV-CR-843,c6b86dde-0af3-4762-8f11-eaf50cf6fdd1,tube,12,False,,2025-12-23 09:01:53
940312af-5dcc-492e-aac1-149e3a5c5a0d,Nivea Cream 206g,NIV-CR-206,c6b86dde-0af3-4762-8f11-eaf50cf6fdd1,tube,58,False,,2025-07-10 09:01:53
2e3d60d6-f306-41e1-be0b-83ff48a8f3e1,Nivea Cream 921g,NIV-CR-921,c6b86dde-0af3-4762-8f11-eaf50cf6fdd1,tube,77,True,,2025-12-12 09:01:53
1fd5eaa3-d3c0-41da-8333-ad0ba06425d3,Nivea Cream 725g,NIV-CR-725,c6b86dde-0af3-4762-8f11-eaf50cf6fdd1,tube,53,True,,2025-05-05 09:01:53
daaf96ca-3633-4656-9911-fb0d60e7c70e,Nivea Cream 129g,NIV-CR-129,c6b86dde-0af3-4762-8f11-eaf50cf6fdd1,tube,92,True,,2026-01-07 09:01:53
3d0b7e03-aa35-4b43-82da-8b86e11cfe9b,Nivea Cream 594g,NIV-CR-594,c6b86dde-0af3-4762-8f11-eaf50cf6fdd1,tube,67,True,,2025-08-16 09:01:53
379f154d-20d2-4377-8626-ba9a76680ee2,Nivea Cream 551g,NIV-CR-551,c6b86dde-0af3-4762-8f11-eaf50cf6fdd1,tube,10,True,,2025-04-13 09:01:53
9470fa20-2de2-482f-ad51-778c41d878e8,Nivea Cream 421g,NIV-CR-421,c6b86dde-0af3-4762-8f11-eaf50cf6fdd1,tube,6,True,,2025-04-01 09:01:53
4cb46811-47da-40b6-bfbf-e003c9b8c73c,Nivea Cream 637g,NIV-CR-637,c6b86dde-0af3-4762-8f11-eaf50cf6fdd1,tube,100,True,,2025-05-29 09:01:53
6e2543bc-ef32-4e3b-a001-8a0ff4c9b1e2,Nivea Cream 329g,NIV-CR-329,c6b86dde-0af3-4762-8f11-eaf50cf6fdd1,tube,90,True,,2025-06-22 09:01:53
96869998-3fb9-4a2d-bf0b-1ff3b30e13f9,Nivea Cream 635g,NIV-CR-635,c6b86dde-0af3-4762-8f11-eaf50cf6fdd1,tube,93,True,,2026-01-25 09:01:53
76cf31a3-14e8-45f9-a753-097f145df174,Nivea Cream 543g,NIV-CR-543,c6b86dde-0af3-4762-8f11-eaf50cf6fdd1,tube,89,True,,2025-07-11 09:01:53
da735f49-637b-460a-90be-e1194f56d85b,Nivea Cream 454g,NIV-CR-454,c6b86dde-0af3-4762-8f11-eaf50cf6fdd1,tube,89,True,,2025-08-29 09:01:53
d98eb628-2c95-4ab6-95cd-78011016297c,Nivea Cream 252g,NIV-CR-252,c6b86dde-0af3-4762-8f11-eaf50cf6fdd1,tube,76,True,,2025-05-05 09:01:53
58499f0a-89d5-4c93-af50-094b060e4c95,Nivea Cream 155g,NIV-CR-155,c6b86dde-0af3-4762-8f11-eaf50cf6fdd1,tube,6,True,,2025-12-24 09:01:53
bd0097f1-2533-474e-aadc-9f5109fdd1f8,Nivea Cream 617g,NIV-CR-617,c6b86dde-0af3-4762-8f11-eaf50cf6fdd1,tube,65,True,,2025-12-20 09:01:53
5f172df0-81ad-469c-99cc-e2da8fbd4f53,Nivea Cream 176g,NIV-CR-176,c6b86dde-0af3-4762-8f11-eaf50cf6fdd1,tube,67,True,,2025-09-26 09:01:53
9bf2f81b-e252-40a3-8d6e-7cd75af3dea8,Nivea Cream 384g,NIV-CR-384,c6b86dde-0af3-4762-8f11-eaf50cf6fdd1,tube,11,True,,2025-06-06 09:01:53
5baacba6-32a2-4d35-bd15-f1e58ff1425e,Nivea Cream 758g,NIV-CR-758,c6b86dde-0af3-4762-8f11-eaf50cf6fdd1,tube,53,True,,2025-11-14 09:01:53
df77e1c4-ed5d-46be-9a9a-37ccb4f06ddc,Nivea Cream 180g,NIV-CR-180,c6b86dde-0af3-4762-8f11-eaf50cf6fdd1,tube,63,True,,2025-05-25 09:01:53
9ab01cff-3e1f-4754-9999-19e14bb87a2c,Nivea Cream 558g,NIV-CR-558,c6b86dde-0af3-4762-8f11-eaf50cf6fdd1,tube,16,True,,2025-07-29 09:01:53
6aae753e-870f-49ee-ac95-339abb4598d6,Nivea Cream 423g,NIV-CR-423,c6b86dde-0af3-4762-8f11-eaf50cf6fdd1,tube,20,False,,2025-04-14 09:01:53
cafd74f8-e7fc-4d8a-be51-947cbfce01b2,Nivea Cream 118g,NIV-CR-118,c6b86dde-0af3-4762-8f11-eaf50cf6fdd1,tube,18,True,,2026-02-24 09:01:53
211d12c2-4e00-4b89-aede-75e428402748,Nivea Cream 670g,NIV-CR-670,c6b86dde-0af3-4762-8f11-eaf50cf6fdd1,tube,75,True,,2026-01-27 09:01:53
6fa9a7dc-b1c3-4671-aa91-87a2f7407e98,Nivea Cream 910g,NIV-CR-910,c6b86dde-0af3-4762-8f11-eaf50cf6fdd1,tube,82,False,,2025-04-22 09:01:53
60a0d527-8ac0-428a-a3ca-080dc968cc74,Nivea Cream 411g,NIV-CR-411,c6b86dde-0af3-4762-8f11-eaf50cf6fdd1,tube,70,True,,2025-04-13 09:01:53
9e99f424-eb57-49e6-b34e-627681ca3d69,Nivea Cream 787g,NIV-CR-787,c6b86dde-0af3-4762-8f11-eaf50cf6fdd1,tube,63,False,,2025-09-09 09:01:53
cecc381b-f0f4-43fc-888f-6d6dbb6997dd,Nivea Cream 945g,NIV-CR-945,c6b86dde-0af3-4762-8f11-eaf50cf6fdd1,tube,11,True,,2025-07-25 09:01:53
a14f445f-83c9-429c-ab53-54839d9273eb,Nivea Cream 439g,NIV-CR-439,c6b86dde-0af3-4762-8f11-eaf50cf6fdd1,tube,76,True,,2025-05-11 09:01:53
efe5f194-7a32-4d33-892d-70fc69ee662f,Nivea Cream 584g,NIV-CR-584,c6b86dde-0af3-4762-8f11-eaf50cf6fdd1,tube,96,True,,2025-07-26 09:01:53
cf0924cb-99e7-4fbd-9dbc-d30d5747b673,Nivea Cream 216g,NIV-CR-216,c6b86dde-0af3-4762-8f11-eaf50cf6fdd1,tube,17,True,,2025-11-21 09:01:53
cd696f83-d30e-4f0e-aaf9-5c7280849fe0,Nivea Cream 102g,NIV-CR-102,c6b86dde-0af3-4762-8f11-eaf50cf6fdd1,tube,48,True,,2025-04-24 09:01:53
2b64b616-d8cf-47fe-8cdf-3198e2bd7433,Nivea Cream 919g,NIV-CR-919,c6b86dde-0af3-4762-8f11-eaf50cf6fdd1,tube,42,True,,2025-09-04 09:01:53
705ea90d-e52a-4abe-a2d7-082fdc071033,Nivea Cream 818g,NIV-CR-818,c6b86dde-0af3-4762-8f11-eaf50cf6fdd1,tube,18,True,,2025-12-20 09:01:53
e3174110-cdaa-48d7-84e6-576764ae97b8,Nivea Cream 604g,NIV-CR-604,c6b86dde-0af3-4762-8f11-eaf50cf6fdd1,tube,22,True,,2025-08-17 09:01:53
a48a3d4a-bef2-4822-8146-97f84481ef93,Nivea Cream 209g,NIV-CR-209,c6b86dde-0af3-4762-8f11-eaf50cf6fdd1,tube,37,True,,2025-12-08 09:01:53
8874fcd5-c399-4a29-a8d4-ce3e3d5b278d,Nivea Cream 223g,NIV-CR-223,c6b86dde-0af3-4762-8f11-eaf50cf6fdd1,tube,55,True,,2025-12-07 09:01:53
bfca5c83-9832-4733-a18e-0b315eee59e5,Nivea Cream 833g,NIV-CR-833,c6b86dde-0af3-4762-8f11-eaf50cf6fdd1,tube,48,True,,2025-08-14 09:01:53
75fc2d3b-adff-4f73-a61f-90f7d85b1bde,Mamaearth Sunscreen 147ml,MAM-SS-147,c6b86dde-0af3-4762-8f11-eaf50cf6fdd1,bottle,86,True,,2025-05-17 09:01:53
abdbd559-e22d-4fc9-a3a2-36375a6112b9,Mamaearth Sunscreen 226ml,MAM-SS-226,c6b86dde-0af3-4762-8f11-eaf50cf6fdd1,bottle,62,True,,2025-05-17 09:01:53
b11cc901-3037-4e36-8808-ac119794747a,Mamaearth Sunscreen 616ml,MAM-SS-616,c6b86dde-0af3-4762-8f11-eaf50cf6fdd1,bottle,22,False,,2026-03-12 09:01:53
63979a4a-df4b-4c21-8237-70f5811d1969,Mamaearth Sunscreen 643ml,MAM-SS-643,c6b86dde-0af3-4762-8f11-eaf50cf6fdd1,bottle,99,True,,2025-08-05 09:01:53
1d6d6c23-17b7-4edb-9343-b5abc17fc9af,Mamaearth Sunscreen 958ml,MAM-SS-958,c6b86dde-0af3-4762-8f11-eaf50cf6fdd1,bottle,79,True,,2025-06-27 09:01:53
5fca100a-410e-4993-9c22-056a08f4a6a3,Mamaearth Sunscreen 899ml,MAM-SS-899,c6b86dde-0af3-4762-8f11-eaf50cf6fdd1,bottle,27,True,,2025-12-16 09:01:53
6d4293e6-8a11-46a6-a57f-caca0a7f965e,Mamaearth Sunscreen 848ml,MAM-SS-848,c6b86dde-0af3-4762-8f11-eaf50cf6fdd1,bottle,21,True,,2025-04-12 09:01:53
564b199c-9412-43de-854b-200e890f580b,Mamaearth Sunscreen 714ml,MAM-SS-714,c6b86dde-0af3-4762-8f11-eaf50cf6fdd1,bottle,82,True,,2025-06-29 09:01:53
80e4131a-f538-42a5-858b-ef87ee889550,Mamaearth Sunscreen 493ml,MAM-SS-493,c6b86dde-0af3-4762-8f11-eaf50cf6fdd1,bottle,58,False,,2025-03-25 09:01:53
14c2bb1d-07b9-4224-bde0-cb8315b1fd50,Mamaearth Sunscreen 880ml,MAM-SS-880,c6b86dde-0af3-4762-8f11-eaf50cf6fdd1,bottle,36,True,,2025-09-20 09:01:53
108d184e-f84b-451b-a632-1303ba5ba0e8,Mamaearth Sunscreen 401ml,MAM-SS-401,c6b86dde-0af3-4762-8f11-eaf50cf6fdd1,bottle,62,True,,2026-01-03 09:01:53
e3d37bfa-aa5e-416d-9735-819f7b2ba066,Mamaearth Sunscreen 522ml,MAM-SS-522,c6b86dde-0af3-4762-8f11-eaf50cf6fdd1,bottle,82,True,,2025-06-25 09:01:53
24f5ab1f-2bde-487c-99cb-bdfac40282bb,Mamaearth Sunscreen 406ml,MAM-SS-406,c6b86dde-0af3-4762-8f11-eaf50cf6fdd1,bottle,94,True,,2025-10-05 09:01:53
5e0666cc-be7b-418a-8bee-1218c43c20d4,Mamaearth Sunscreen 828ml,MAM-SS-828,c6b86dde-0af3-4762-8f11-eaf50cf6fdd1,bottle,99,False,,2025-04-25 09:01:53
0d60359b-3d11-4434-b9f9-7b9e95f87fa6,Mamaearth Sunscreen 322ml,MAM-SS-322,c6b86dde-0af3-4762-8f11-eaf50cf6fdd1,bottle,30,True,,2025-03-14 09:01:53
2de55814-addb-42b2-992f-f86950c26e3c,Mamaearth Sunscreen 397ml,MAM-SS-397,c6b86dde-0af3-4762-8f11-eaf50cf6fdd1,bottle,92,True,,2025-04-04 09:01:53
bad4da66-7060-4f09-b69d-4535427933ad,Mamaearth Sunscreen 235ml,MAM-SS-235,c6b86dde-0af3-4762-8f11-eaf50cf6fdd1,bottle,95,True,,2025-12-13 09:01:53
91901f91-c94f-4210-88c9-1cd654b1b1be,Mamaearth Sunscreen 615ml,MAM-SS-615,c6b86dde-0af3-4762-8f11-eaf50cf6fdd1,bottle,74,True,,2025-09-30 09:01:53
5fb009ff-0762-4324-a6a0-499439b0e249,Mamaearth Sunscreen 827ml,MAM-SS-827,c6b86dde-0af3-4762-8f11-eaf50cf6fdd1,bottle,19,True,,2025-05-31 09:01:53
d61e97c0-5f3f-4f74-871c-1fd9787601ee,Mamaearth Sunscreen 591ml,MAM-SS-591,c6b86dde-0af3-4762-8f11-eaf50cf6fdd1,bottle,79,True,,2025-04-07 09:01:53
c34c2e08-8c88-4da1-a7b9-75acda6d3782,Mamaearth Sunscreen 827ml,MAM-SS-827-63,c6b86dde-0af3-4762-8f11-eaf50cf6fdd1,bottle,91,True,,2025-06-14 09:01:53
704d079a-78fc-419a-ae08-4837b5b9bb6b,Mamaearth Sunscreen 392ml,MAM-SS-392,c6b86dde-0af3-4762-8f11-eaf50cf6fdd1,bottle,59,True,,2025-06-20 09:01:53
b26cf16b-7106-4c2f-8948-e356220182da,Mamaearth Sunscreen 209ml,MAM-SS-209,c6b86dde-0af3-4762-8f11-eaf50cf6fdd1,bottle,8,True,,2026-02-15 09:01:53
7a3e13d3-7d6f-419a-b3a9-43ab4bead11d,Mamaearth Sunscreen 786ml,MAM-SS-786,c6b86dde-0af3-4762-8f11-eaf50cf6fdd1,bottle,12,True,,2025-12-22 09:01:53
5902e6da-44ad-41cc-98d8-4d5315251734,Mamaearth Sunscreen 393ml,MAM-SS-393,c6b86dde-0af3-4762-8f11-eaf50cf6fdd1,bottle,92,True,,2026-02-11 09:01:53
cbddd1e6-4ad8-4f4a-b28d-1c9d8cc773d5,Mamaearth Sunscreen 807ml,MAM-SS-807,c6b86dde-0af3-4762-8f11-eaf50cf6fdd1,bottle,42,True,,2025-06-10 09:01:53
78d09311-6a5a-4a19-a4bf-c561141685e6,Mamaearth Sunscreen 133ml,MAM-SS-133,c6b86dde-0af3-4762-8f11-eaf50cf6fdd1,bottle,50,True,,2026-01-21 09:01:53
8884c07b-5e65-4a9b-98c7-663f42ad9e92,Mamaearth Sunscreen 730ml,MAM-SS-730,c6b86dde-0af3-4762-8f11-eaf50cf6fdd1,bottle,91,True,,2025-11-20 09:01:53
a2423ede-c023-4364-9681-373a344934f5,Mamaearth Sunscreen 860ml,MAM-SS-860,c6b86dde-0af3-4762-8f11-eaf50cf6fdd1,bottle,87,True,,2025-11-13 09:01:53
35fd8d0d-c305-4eec-9cdf-c23a57db14a5,Mamaearth Sunscreen 623ml,MAM-SS-623,c6b86dde-0af3-4762-8f11-eaf50cf6fdd1,bottle,94,True,,2025-04-08 09:01:53
797a2df0-dc12-4218-8fce-52ad13523fdb,Mamaearth Sunscreen 148ml,MAM-SS-148,c6b86dde-0af3-4762-8f11-eaf50cf6fdd1,bottle,53,True,,2025-03-29 09:01:53
c1eb8062-a7aa-4a7f-96a5-182b4591b8d0,Mamaearth Sunscreen 420ml,MAM-SS-420,c6b86dde-0af3-4762-8f11-eaf50cf6fdd1,bottle,75,True,,2025-11-06 09:01:53
b150329a-d8c6-4927-94ce-31cc85328e9c,Mamaearth Sunscreen 307ml,MAM-SS-307,c6b86dde-0af3-4762-8f11-eaf50cf6fdd1,bottle,84,True,,2025-07-31 09:01:53
4c285446-b5dc-49cf-9203-d399e25fcd25,Mamaearth Sunscreen 949ml,MAM-SS-949,c6b86dde-0af3-4762-8f11-eaf50cf6fdd1,bottle,33,False,,2025-03-19 09:01:53
12985ac6-67d3-4634-98c4-d76b7bf442f8,Mamaearth Sunscreen 826ml,MAM-SS-826,c6b86dde-0af3-4762-8f11-eaf50cf6fdd1,bottle,87,True,,2025-05-17 09:01:53
170261ba-e2bd-43c1-a92f-ca0244bfd477,Mamaearth Sunscreen 659ml,MAM-SS-659,c6b86dde-0af3-4762-8f11-eaf50cf6fdd1,bottle,99,True,,2025-12-05 09:01:53
655bf12c-b0b6-4f72-8cad-03f2ded85e2a,Mamaearth Sunscreen 401ml,MAM-SS-401-67,c6b86dde-0af3-4762-8f11-eaf50cf6fdd1,bottle,27,False,,2026-02-04 09:01:53
d78ad7a7-e157-4922-8fb6-8f83e798cb09,Mamaearth Sunscreen 291ml,MAM-SS-291,c6b86dde-0af3-4762-8f11-eaf50cf6fdd1,bottle,27,True,,2026-01-12 09:01:53
5d1d4840-09a9-4eb3-8c4c-44a2cf7bcc96,Mamaearth Sunscreen 486ml,MAM-SS-486,c6b86dde-0af3-4762-8f11-eaf50cf6fdd1,bottle,10,True,,2025-06-03 09:01:53
4a3d8ea6-923e-4dc0-80ea-7db687d7f674,Mamaearth Sunscreen 370ml,MAM-SS-370,c6b86dde-0af3-4762-8f11-eaf50cf6fdd1,bottle,21,True,,2025-11-04 09:01:53
2ef24294-5211-48dd-a26d-6b15cf32379f,Mamaearth Sunscreen 105ml,MAM-SS-105,c6b86dde-0af3-4762-8f11-eaf50cf6fdd1,bottle,47,True,,2025-12-25 09:01:53
fc111281-bc9b-4925-bbcf-d3bdf2139618,Mamaearth Sunscreen 140ml,MAM-SS-140,c6b86dde-0af3-4762-8f11-eaf50cf6fdd1,bottle,24,False,,2025-05-13 09:01:53
6ba2458f-91db-4f21-95db-a7f69acb34f2,Mamaearth Sunscreen 152ml,MAM-SS-152,c6b86dde-0af3-4762-8f11-eaf50cf6fdd1,bottle,85,True,,2025-04-10 09:01:53
7ad230bd-8c37-47d8-98c4-d95fd81dd306,Mamaearth Sunscreen 408ml,MAM-SS-408,c6b86dde-0af3-4762-8f11-eaf50cf6fdd1,bottle,67,True,,2025-06-06 09:01:53
f4c54d42-14d7-44ff-9be9-30c0223b6648,Mamaearth Sunscreen 466ml,MAM-SS-466,c6b86dde-0af3-4762-8f11-eaf50cf6fdd1,bottle,14,True,,2025-10-03 09:01:53
a42cb63d-ac52-4afe-8fb3-cbd429e085d5,Mamaearth Sunscreen 638ml,MAM-SS-638,c6b86dde-0af3-4762-8f11-eaf50cf6fdd1,bottle,33,False,,2025-06-21 09:01:53
2856fd09-f503-4b8a-b8a8-61b6dbc286cd,Mamaearth Sunscreen 169ml,MAM-SS-169,c6b86dde-0af3-4762-8f11-eaf50cf6fdd1,bottle,69,True,,2025-06-09 09:01:53
45355454-ece2-47b6-9234-5fcaad8f6ddd,Mamaearth Sunscreen 649ml,MAM-SS-649,c6b86dde-0af3-4762-8f11-eaf50cf6fdd1,bottle,56,True,,2025-11-21 09:01:53
c224ef3f-4d58-41ee-813d-089e1a287ebe,Mamaearth Sunscreen 318ml,MAM-SS-318,c6b86dde-0af3-4762-8f11-eaf50cf6fdd1,bottle,89,True,,2025-09-11 09:01:53
81917f1e-2ceb-475e-b590-3dca97ccde4b,Mamaearth Sunscreen 400ml,MAM-SS-400,c6b86dde-0af3-4762-8f11-eaf50cf6fdd1,bottle,32,False,,2025-05-02 09:01:53
4999684b-c00a-4c61-beb5-9e5e57b14c33,Biotique Face Pack 643g,BIO-FP-643,c6b86dde-0af3-4762-8f11-eaf50cf6fdd1,piece,65,False,,2025-04-16 09:01:53
75d14094-db14-4ba5-a303-16c516797615,Biotique Face Pack 109g,BIO-FP-109,c6b86dde-0af3-4762-8f11-eaf50cf6fdd1,piece,19,True,,2025-07-29 09:01:53
81e884bf-2404-4158-b2c6-29bd575b8a1c,Biotique Face Pack 346g,BIO-FP-346,c6b86dde-0af3-4762-8f11-eaf50cf6fdd1,piece,87,True,,2025-04-30 09:01:53
a229fcbb-8010-494a-86c5-7ea7ad558273,Biotique Face Pack 349g,BIO-FP-349,c6b86dde-0af3-4762-8f11-eaf50cf6fdd1,piece,10,True,,2025-10-01 09:01:53
8382ee83-6c3f-4e88-ab11-148b96c495c1,Biotique Face Pack 490g,BIO-FP-490,c6b86dde-0af3-4762-8f11-eaf50cf6fdd1,piece,19,True,,2025-06-11 09:01:53
f2d5c6a3-e38c-4095-9964-21f877f7bbdf,Biotique Face Pack 841g,BIO-FP-841,c6b86dde-0af3-4762-8f11-eaf50cf6fdd1,piece,41,True,,2025-06-23 09:01:53
def62d1c-ddc4-4941-be75-e32ad749d680,Biotique Face Pack 941g,BIO-FP-941,c6b86dde-0af3-4762-8f11-eaf50cf6fdd1,piece,52,True,,2025-06-27 09:01:53
1caeacfa-6111-40eb-b7d9-548739208d5c,Biotique Face Pack 556g,BIO-FP-556,c6b86dde-0af3-4762-8f11-eaf50cf6fdd1,piece,67,True,,2025-04-15 09:01:53
6c86d51a-7453-42a1-8a9f-bc2069b1accc,Biotique Face Pack 297g,BIO-FP-297,c6b86dde-0af3-4762-8f11-eaf50cf6fdd1,piece,46,True,,2026-01-24 09:01:53
eba75884-cec1-4562-ab1d-8686a591bd22,Biotique Face Pack 271g,BIO-FP-271,c6b86dde-0af3-4762-8f11-eaf50cf6fdd1,piece,73,True,,2025-04-28 09:01:53
5b9be778-4856-4efd-b0bc-f015dc336527,Biotique Face Pack 167g,BIO-FP-167,c6b86dde-0af3-4762-8f11-eaf50cf6fdd1,piece,31,True,,2025-11-25 09:01:53
400ac2fe-a008-4569-9e1a-21cf5b3ebe78,Biotique Face Pack 985g,BIO-FP-985,c6b86dde-0af3-4762-8f11-eaf50cf6fdd1,piece,92,True,,2026-01-20 09:01:53
2c16cf83-6887-4889-a382-02f10e824685,Biotique Face Pack 310g,BIO-FP-310,c6b86dde-0af3-4762-8f11-eaf50cf6fdd1,piece,73,True,,2025-08-04 09:01:53
ff08bdf2-842e-4b79-b5bc-6854ee7d37a5,Biotique Face Pack 762g,BIO-FP-762,c6b86dde-0af3-4762-8f11-eaf50cf6fdd1,piece,14,True,,2025-12-26 09:01:53
878c1d8b-0dbc-4f54-82d8-49bd8339e6f7,Biotique Face Pack 124g,BIO-FP-124,c6b86dde-0af3-4762-8f11-eaf50cf6fdd1,piece,63,True,,2026-02-23 09:01:53
0ff3a1a9-4c11-4fd0-9d3a-a298d03bba06,Biotique Face Pack 189g,BIO-FP-189,c6b86dde-0af3-4762-8f11-eaf50cf6fdd1,piece,14,True,,2025-11-06 09:01:53
44bc8aeb-0647-46e4-91ae-90bcbe4d0cd2,Biotique Face Pack 671g,BIO-FP-671,c6b86dde-0af3-4762-8f11-eaf50cf6fdd1,piece,14,True,,2025-11-18 09:01:53
888c721e-16d2-4be0-999e-39ae1aa5365f,Biotique Face Pack 364g,BIO-FP-364,c6b86dde-0af3-4762-8f11-eaf50cf6fdd1,piece,57,True,,2025-04-26 09:01:53
6547a0bf-1bd8-4f2e-9aee-426f3262037d,Biotique Face Pack 514g,BIO-FP-514,c6b86dde-0af3-4762-8f11-eaf50cf6fdd1,piece,60,True,,2025-08-27 09:01:53
b5482eff-efcd-4e6e-9047-804190bf2d35,Biotique Face Pack 789g,BIO-FP-789,c6b86dde-0af3-4762-8f11-eaf50cf6fdd1,piece,20,True,,2025-04-20 09:01:53
0348b02b-bffa-432a-8139-4d6b12712c1c,Biotique Face Pack 837g,BIO-FP-837,c6b86dde-0af3-4762-8f11-eaf50cf6fdd1,piece,84,True,,2025-05-19 09:01:53
f6ed16e4-6da3-4388-a985-60746f1652d5,Biotique Face Pack 146g,BIO-FP-146,c6b86dde-0af3-4762-8f11-eaf50cf6fdd1,piece,94,True,,2025-09-12 09:01:53
6174094e-e881-4058-903f-29fba7a0ce93,Biotique Face Pack 614g,BIO-FP-614,c6b86dde-0af3-4762-8f11-eaf50cf6fdd1,piece,18,True,,2025-03-28 09:01:53
495a010e-2aea-4e79-97b0-2fdb4bfc6870,Biotique Face Pack 408g,BIO-FP-408,c6b86dde-0af3-4762-8f11-eaf50cf6fdd1,piece,82,True,,2025-08-02 09:01:53
2dc8c3e7-7596-4146-9d5c-ba3fd912fe58,Biotique Face Pack 490g,BIO-FP-490-60,c6b86dde-0af3-4762-8f11-eaf50cf6fdd1,piece,89,True,,2025-12-24 09:01:53
dfa8c183-ca47-4577-b95b-6e665ab516e5,Biotique Face Pack 646g,BIO-FP-646,c6b86dde-0af3-4762-8f11-eaf50cf6fdd1,piece,33,True,,2025-08-26 09:01:53
6d332c68-1de3-4bdd-a2cf-be2ece090f8d,Biotique Face Pack 915g,BIO-FP-915,c6b86dde-0af3-4762-8f11-eaf50cf6fdd1,piece,74,True,,2025-04-24 09:01:53
1e548994-0fc9-4360-8b9d-3fe6acf5bbe2,Biotique Face Pack 247g,BIO-FP-247,c6b86dde-0af3-4762-8f11-eaf50cf6fdd1,piece,43,True,,2025-04-17 09:01:53
722f63f2-3f01-49c5-918d-a935704b3fc7,Biotique Face Pack 482g,BIO-FP-482,c6b86dde-0af3-4762-8f11-eaf50cf6fdd1,piece,6,True,,2025-06-03 09:01:53
27ccd9ca-3918-428e-9a22-1584f0ec5827,Biotique Face Pack 244g,BIO-FP-244,c6b86dde-0af3-4762-8f11-eaf50cf6fdd1,piece,20,True,,2025-05-25 09:01:53
529bcb6b-6ee5-4417-8cd7-ba87f4084aee,Biotique Face Pack 710g,BIO-FP-710,c6b86dde-0af3-4762-8f11-eaf50cf6fdd1,piece,55,True,,2026-01-30 09:01:53
87178a24-bdd8-4947-8533-a2e37b876366,Biotique Face Pack 412g,BIO-FP-412,c6b86dde-0af3-4762-8f11-eaf50cf6fdd1,piece,31,True,,2025-09-19 09:01:53
c54e1a2e-1e61-4e6a-8481-44def1471131,Biotique Face Pack 316g,BIO-FP-316,c6b86dde-0af3-4762-8f11-eaf50cf6fdd1,piece,57,False,,2025-06-25 09:01:53
2fc3739b-b896-4e59-8917-c84a5f41ea52,Biotique Face Pack 245g,BIO-FP-245,c6b86dde-0af3-4762-8f11-eaf50cf6fdd1,piece,25,True,,2025-05-03 09:01:53
d487fda4-77f2-44f3-9ffa-0bff6cc0de91,Biotique Face Pack 954g,BIO-FP-954,c6b86dde-0af3-4762-8f11-eaf50cf6fdd1,piece,37,True,,2025-12-12 09:01:53
531e7987-ae89-4a7f-9394-a0a54baa8c2e,Biotique Face Pack 787g,BIO-FP-787,c6b86dde-0af3-4762-8f11-eaf50cf6fdd1,piece,77,True,,2025-06-06 09:01:53
6fdafde7-eb25-4b97-9228-436815e682b6,Biotique Face Pack 572g,BIO-FP-572,c6b86dde-0af3-4762-8f11-eaf50cf6fdd1,piece,87,True,,2025-10-17 09:01:53
9edfd529-1fbf-4db9-b3d1-c0132a7d20b4,Biotique Face Pack 787g,BIO-FP-787-18,c6b86dde-0af3-4762-8f11-eaf50cf6fdd1,piece,37,True,,2025-05-21 09:01:53
534c50f9-d61b-41b6-8a52-e20fd2d03764,Biotique Face Pack 598g,BIO-FP-598,c6b86dde-0af3-4762-8f11-eaf50cf6fdd1,piece,47,True,,2025-04-05 09:01:53
2c0d00e4-7d26-4cea-ad1c-ba373eb73a2e,Biotique Face Pack 771g,BIO-FP-771,c6b86dde-0af3-4762-8f11-eaf50cf6fdd1,piece,35,True,,2025-05-01 09:01:53
eef50abf-142d-4c0d-a95c-09183620405b,Biotique Face Pack 171g,BIO-FP-171,c6b86dde-0af3-4762-8f11-eaf50cf6fdd1,piece,29,True,,2025-07-27 09:01:53
fcdaea03-1389-4fcf-b2c4-5d686c428911,Biotique Face Pack 436g,BIO-FP-436,c6b86dde-0af3-4762-8f11-eaf50cf6fdd1,piece,83,True,,2025-03-24 09:01:53
fc7e79e3-ba9e-4468-b900-0151a8a98756,Biotique Face Pack 698g,BIO-FP-698,c6b86dde-0af3-4762-8f11-eaf50cf6fdd1,piece,24,True,,2025-09-09 09:01:53
4d8a9434-b6ef-43e9-9efa-11a4da5b14c3,Biotique Face Pack 927g,BIO-FP-927,c6b86dde-0af3-4762-8f11-eaf50cf6fdd1,piece,45,False,,2025-12-18 09:01:53
52cfb36c-2309-47f9-a6a9-19877168a43d,Biotique Face Pack 104g,BIO-FP-104,c6b86dde-0af3-4762-8f11-eaf50cf6fdd1,piece,45,True,,2025-11-21 09:01:53
04b811b7-4020-45dc-83e7-a8d6d6c8320c,Biotique Face Pack 829g,BIO-FP-829,c6b86dde-0af3-4762-8f11-eaf50cf6fdd1,piece,99,True,,2025-10-24 09:01:53
462c4674-e1d4-4ff4-8a3c-fe3d8113dc6d,Biotique Face Pack 960g,BIO-FP-960,c6b86dde-0af3-4762-8f11-eaf50cf6fdd1,piece,51,True,,2025-09-26 09:01:53
51a9d804-0d1f-40fe-b4f3-488623cec688,Biotique Face Pack 998g,BIO-FP-998,c6b86dde-0af3-4762-8f11-eaf50cf6fdd1,piece,66,True,,2025-09-12 09:01:53
e1023a84-11f7-4dd1-9297-f879eba986a3,Biotique Face Pack 893g,BIO-FP-893,c6b86dde-0af3-4762-8f11-eaf50cf6fdd1,piece,44,True,,2026-01-18 09:01:53
b89537bc-a38d-4b03-afdb-f2553be94aa7,Biotique Face Pack 279g,BIO-FP-279,c6b86dde-0af3-4762-8f11-eaf50cf6fdd1,piece,87,True,,2025-10-22 09:01:53
02d2e5af-839d-4b15-9b65-27f4e006dbae,WOW Aloe Vera 979ml,WOW-AV-979,c6b86dde-0af3-4762-8f11-eaf50cf6fdd1,bottle,22,True,,2025-12-04 09:01:53
97f2f36f-b046-42d6-86f0-a7a9ebabf5df,WOW Aloe Vera 369ml,WOW-AV-369,c6b86dde-0af3-4762-8f11-eaf50cf6fdd1,bottle,98,True,,2026-02-03 09:01:53
2ec4af1a-fd82-47dd-9915-db776015b286,WOW Aloe Vera 844ml,WOW-AV-844,c6b86dde-0af3-4762-8f11-eaf50cf6fdd1,bottle,14,True,,2025-06-28 09:01:53
dc2f1ace-9a87-4b6a-91fc-8bd334a8ffeb,WOW Aloe Vera 746ml,WOW-AV-746,c6b86dde-0af3-4762-8f11-eaf50cf6fdd1,bottle,8,True,,2025-05-22 09:01:53
3b380feb-08a2-4d3e-a8c5-3b938aac9dac,WOW Aloe Vera 514ml,WOW-AV-514,c6b86dde-0af3-4762-8f11-eaf50cf6fdd1,bottle,80,True,,2026-02-24 09:01:53
438a0125-e450-4b4f-8124-e83f8e0c4c0c,WOW Aloe Vera 664ml,WOW-AV-664,c6b86dde-0af3-4762-8f11-eaf50cf6fdd1,bottle,38,True,,2025-06-11 09:01:53
d3d75e06-f646-4d61-9a3f-13185098d38a,WOW Aloe Vera 583ml,WOW-AV-583,c6b86dde-0af3-4762-8f11-eaf50cf6fdd1,bottle,88,True,,2025-09-08 09:01:53
90a3626b-aac9-4a1c-aeed-631977064d5e,WOW Aloe Vera 501ml,WOW-AV-501,c6b86dde-0af3-4762-8f11-eaf50cf6fdd1,bottle,33,True,,2025-05-17 09:01:53
e0445b35-de26-47fc-a099-3c8e49732b41,WOW Aloe Vera 850ml,WOW-AV-850,c6b86dde-0af3-4762-8f11-eaf50cf6fdd1,bottle,42,True,,2025-07-01 09:01:53
cd121141-1703-4839-b4a6-a23d55bbf8a9,WOW Aloe Vera 622ml,WOW-AV-622,c6b86dde-0af3-4762-8f11-eaf50cf6fdd1,bottle,16,True,,2025-06-30 09:01:53
110a1dd5-3ead-4da3-8bea-facf83f0cde4,WOW Aloe Vera 110ml,WOW-AV-110,c6b86dde-0af3-4762-8f11-eaf50cf6fdd1,bottle,89,True,,2025-05-04 09:01:53
794e989c-92d9-44db-9791-505cd8ec4899,WOW Aloe Vera 800ml,WOW-AV-800,c6b86dde-0af3-4762-8f11-eaf50cf6fdd1,bottle,26,True,,2026-01-02 09:01:53
f55c425c-3c87-45cf-bf03-d2c08d638fe1,WOW Aloe Vera 556ml,WOW-AV-556,c6b86dde-0af3-4762-8f11-eaf50cf6fdd1,bottle,25,True,,2025-05-29 09:01:53
a8abe39d-b86e-47b8-8429-337797d11265,WOW Aloe Vera 775ml,WOW-AV-775,c6b86dde-0af3-4762-8f11-eaf50cf6fdd1,bottle,23,True,,2025-07-10 09:01:53
315fb100-6ed2-4519-9e0d-72a436e8f426,WOW Aloe Vera 467ml,WOW-AV-467,c6b86dde-0af3-4762-8f11-eaf50cf6fdd1,bottle,10,True,,2025-07-08 09:01:53
7fae7feb-db71-4755-bd88-0e430c2f6ebc,WOW Aloe Vera 337ml,WOW-AV-337,c6b86dde-0af3-4762-8f11-eaf50cf6fdd1,bottle,13,True,,2025-11-15 09:01:53
b0d246b0-a089-4149-ac97-5a4efe0dd18b,WOW Aloe Vera 143ml,WOW-AV-143,c6b86dde-0af3-4762-8f11-eaf50cf6fdd1,bottle,90,True,,2025-09-11 09:01:53
ff6963b8-b636-46a6-9b98-2fd65f47bfcd,WOW Aloe Vera 497ml,WOW-AV-497,c6b86dde-0af3-4762-8f11-eaf50cf6fdd1,bottle,65,False,,2026-02-19 09:01:53
010bc8a6-65ad-472c-92d4-0d5076baac50,WOW Aloe Vera 140ml,WOW-AV-140,c6b86dde-0af3-4762-8f11-eaf50cf6fdd1,bottle,88,True,,2025-03-19 09:01:53
1d0911aa-8ae2-4afc-90a8-1c523f442c44,WOW Aloe Vera 633ml,WOW-AV-633,c6b86dde-0af3-4762-8f11-eaf50cf6fdd1,bottle,86,True,,2025-10-31 09:01:53
59c655da-bc94-46e0-b2f3-70f18ff4d6be,WOW Aloe Vera 692ml,WOW-AV-692,c6b86dde-0af3-4762-8f11-eaf50cf6fdd1,bottle,74,True,,2025-09-03 09:01:53
71eb4600-4878-460f-a2bd-34a58046461e,WOW Aloe Vera 769ml,WOW-AV-769,c6b86dde-0af3-4762-8f11-eaf50cf6fdd1,bottle,53,True,,2025-04-14 09:01:53
24d01492-95a6-4e1e-986b-8763a9c42d67,WOW Aloe Vera 955ml,WOW-AV-955,c6b86dde-0af3-4762-8f11-eaf50cf6fdd1,bottle,14,True,,2025-09-03 09:01:53
343abf54-800c-4537-9b15-64ea70a4991b,WOW Aloe Vera 328ml,WOW-AV-328,c6b86dde-0af3-4762-8f11-eaf50cf6fdd1,bottle,71,True,,2025-09-19 09:01:53
fe39573d-a8cb-4c34-bd9f-fc70ab301523,WOW Aloe Vera 598ml,WOW-AV-598,c6b86dde-0af3-4762-8f11-eaf50cf6fdd1,bottle,66,True,,2026-03-11 09:01:53
2f34a17f-1ded-4bff-83c5-5f9fdce70e31,WOW Aloe Vera 613ml,WOW-AV-613,c6b86dde-0af3-4762-8f11-eaf50cf6fdd1,bottle,22,True,,2025-11-17 09:01:53
eeaddd21-331d-43ac-9bd6-ae60f9498c0a,WOW Aloe Vera 178ml,WOW-AV-178,c6b86dde-0af3-4762-8f11-eaf50cf6fdd1,bottle,70,True,,2025-11-26 09:01:53
78694b82-30bb-497c-b2d4-31f28005671c,WOW Aloe Vera 253ml,WOW-AV-253,c6b86dde-0af3-4762-8f11-eaf50cf6fdd1,bottle,28,True,,2025-05-10 09:01:53
7fa3fdfd-d378-4271-bc82-ff0a63b0a1d1,WOW Aloe Vera 834ml,WOW-AV-834,c6b86dde-0af3-4762-8f11-eaf50cf6fdd1,bottle,20,True,,2025-08-14 09:01:53
d6d3ac27-f87a-4e9b-9d84-c0d1aa385b0b,WOW Aloe Vera 930ml,WOW-AV-930,c6b86dde-0af3-4762-8f11-eaf50cf6fdd1,bottle,47,True,,2025-07-11 09:01:53
1f989747-8ab6-49d9-aa03-7a752fd4ec11,WOW Aloe Vera 791ml,WOW-AV-791,c6b86dde-0af3-4762-8f11-eaf50cf6fdd1,bottle,66,True,,2025-05-16 09:01:53
0e7e0a61-f78d-43c5-9001-2d01a1e09438,WOW Aloe Vera 265ml,WOW-AV-265,c6b86dde-0af3-4762-8f11-eaf50cf6fdd1,bottle,87,True,,2026-03-03 09:01:53
78e359bd-e4b9-4850-983d-d005db732163,WOW Aloe Vera 349ml,WOW-AV-349,c6b86dde-0af3-4762-8f11-eaf50cf6fdd1,bottle,10,True,,2025-05-15 09:01:53
7b4f598b-318c-4e62-a7fe-30a42ab814a9,WOW Aloe Vera 264ml,WOW-AV-264,c6b86dde-0af3-4762-8f11-eaf50cf6fdd1,bottle,22,True,,2026-02-22 09:01:53
db59a54e-a975-4b92-8580-47187c2d2e35,WOW Aloe Vera 686ml,WOW-AV-686,c6b86dde-0af3-4762-8f11-eaf50cf6fdd1,bottle,23,True,,2025-11-02 09:01:53
2989ebc3-689f-4e9d-8493-08885b25684b,WOW Aloe Vera 284ml,WOW-AV-284,c6b86dde-0af3-4762-8f11-eaf50cf6fdd1,bottle,71,False,,2025-05-12 09:01:53
d715a1e7-416b-4074-85d2-1029ac131b63,WOW Aloe Vera 677ml,WOW-AV-677,c6b86dde-0af3-4762-8f11-eaf50cf6fdd1,bottle,86,True,,2025-04-10 09:01:53
83fa2b72-7cf8-4a3f-81e0-d598d93a3c01,WOW Aloe Vera 941ml,WOW-AV-941,c6b86dde-0af3-4762-8f11-eaf50cf6fdd1,bottle,41,False,,2025-11-24 09:01:53
80db340c-f8f0-4713-a8f7-57a465f59167,WOW Aloe Vera 559ml,WOW-AV-559,c6b86dde-0af3-4762-8f11-eaf50cf6fdd1,bottle,82,False,,2025-07-11 09:01:53
16c1f470-d7bc-4d14-a772-090ebe693cfd,WOW Aloe Vera 274ml,WOW-AV-274,c6b86dde-0af3-4762-8f11-eaf50cf6fdd1,bottle,33,True,,2025-05-11 09:01:53
be6b1503-c84e-4f70-9045-97c2641dff87,WOW Aloe Vera 246ml,WOW-AV-246,c6b86dde-0af3-4762-8f11-eaf50cf6fdd1,bottle,79,True,,2025-12-11 09:01:53
23a4e1d6-a741-4ae0-8d1d-0554230a2aeb,WOW Aloe Vera 738ml,WOW-AV-738,c6b86dde-0af3-4762-8f11-eaf50cf6fdd1,bottle,89,True,,2025-12-19 09:01:53
4d645f23-e59b-4cc4-8f6b-5f5a504011d7,WOW Aloe Vera 841ml,WOW-AV-841,c6b86dde-0af3-4762-8f11-eaf50cf6fdd1,bottle,92,True,,2025-07-25 09:01:53
580eb796-3fc4-4046-a194-5db64d1068b0,WOW Aloe Vera 710ml,WOW-AV-710,c6b86dde-0af3-4762-8f11-eaf50cf6fdd1,bottle,80,True,,2025-09-02 09:01:53
a0e74ec9-cb01-4150-b0f7-9b144d2bd10e,WOW Aloe Vera 494ml,WOW-AV-494,c6b86dde-0af3-4762-8f11-eaf50cf6fdd1,bottle,21,True,,2025-12-01 09:01:53
2409b541-a203-431c-971d-c1124203052e,WOW Aloe Vera 635ml,WOW-AV-635,c6b86dde-0af3-4762-8f11-eaf50cf6fdd1,bottle,69,True,,2025-12-28 09:01:53
11b24346-ffc4-492e-9fdc-448ab1745383,WOW Aloe Vera 720ml,WOW-AV-720,c6b86dde-0af3-4762-8f11-eaf50cf6fdd1,bottle,17,True,,2025-05-04 09:01:53
e93750fc-4090-4d03-a19f-6f3aaf854ea8,WOW Aloe Vera 714ml,WOW-AV-714,c6b86dde-0af3-4762-8f11-eaf50cf6fdd1,bottle,9,True,,2025-06-15 09:01:53
c674c8d2-f1b9-4ea3-b935-73faf869dd69,WOW Aloe Vera 615ml,WOW-AV-615,c6b86dde-0af3-4762-8f11-eaf50cf6fdd1,bottle,20,True,,2025-04-11 09:01:53
760d7710-00bf-4876-a42d-a407c8359adb,WOW Aloe Vera 233ml,WOW-AV-233,c6b86dde-0af3-4762-8f11-eaf50cf6fdd1,bottle,82,True,,2026-03-14 09:01:53
5206dd03-5e2f-4afe-bf0d-002309e84a00,Plum Vitamin C 893ml,PLM-VC-893,c6b86dde-0af3-4762-8f11-eaf50cf6fdd1,bottle,91,True,,2025-06-20 09:01:53
66eae83a-9d20-4a7c-89d7-4fd4b6965e62,Plum Vitamin C 530ml,PLM-VC-530,c6b86dde-0af3-4762-8f11-eaf50cf6fdd1,bottle,52,True,,2025-03-22 09:01:53
8fc05a7e-8363-488b-8b50-d9b4739af84f,Plum Vitamin C 642ml,PLM-VC-642,c6b86dde-0af3-4762-8f11-eaf50cf6fdd1,bottle,59,True,,2025-07-11 09:01:53
cfc9b6da-3566-4dd5-9df3-e10b7c54b6fc,Plum Vitamin C 908ml,PLM-VC-908,c6b86dde-0af3-4762-8f11-eaf50cf6fdd1,bottle,53,True,,2025-03-23 09:01:53
c25b07ef-8347-47b0-bbe2-da3fa17fba05,Plum Vitamin C 689ml,PLM-VC-689,c6b86dde-0af3-4762-8f11-eaf50cf6fdd1,bottle,17,True,,2025-11-04 09:01:53
160160ab-9688-403e-aa6c-e8b083824f6a,Plum Vitamin C 588ml,PLM-VC-588,c6b86dde-0af3-4762-8f11-eaf50cf6fdd1,bottle,34,False,,2026-01-31 09:01:53
d9455d48-69b3-45aa-b370-b1d21207ee38,Plum Vitamin C 390ml,PLM-VC-390,c6b86dde-0af3-4762-8f11-eaf50cf6fdd1,bottle,81,True,,2025-08-17 09:01:53
0164f5da-159c-4055-a962-2341f7b1aced,Plum Vitamin C 363ml,PLM-VC-363,c6b86dde-0af3-4762-8f11-eaf50cf6fdd1,bottle,29,True,,2026-03-11 09:01:53
feae53f2-8977-49ca-91a8-4f5851c59bbb,Plum Vitamin C 691ml,PLM-VC-691,c6b86dde-0af3-4762-8f11-eaf50cf6fdd1,bottle,71,True,,2026-03-11 09:01:53
9a9f3f3c-634c-4807-9a2a-b15defb84949,Plum Vitamin C 484ml,PLM-VC-484,c6b86dde-0af3-4762-8f11-eaf50cf6fdd1,bottle,88,True,,2025-10-04 09:01:53
93339cad-183a-4292-a9c5-6d640ff627c3,Plum Vitamin C 518ml,PLM-VC-518,c6b86dde-0af3-4762-8f11-eaf50cf6fdd1,bottle,51,True,,2025-08-08 09:01:53
ca65857c-06a1-425c-95e7-187a71ad90e3,Plum Vitamin C 767ml,PLM-VC-767,c6b86dde-0af3-4762-8f11-eaf50cf6fdd1,bottle,79,True,,2025-06-13 09:01:53
99d4b9a3-10f8-4df9-86e9-e78a9c6badf7,Plum Vitamin C 533ml,PLM-VC-533,c6b86dde-0af3-4762-8f11-eaf50cf6fdd1,bottle,77,True,,2025-10-24 09:01:53
6321610a-8bec-4559-8856-f027247fc1f6,Plum Vitamin C 796ml,PLM-VC-796,c6b86dde-0af3-4762-8f11-eaf50cf6fdd1,bottle,55,True,,2025-08-15 09:01:53
12bb2bb1-758e-4e51-9421-dbcb16bef329,Plum Vitamin C 665ml,PLM-VC-665,c6b86dde-0af3-4762-8f11-eaf50cf6fdd1,bottle,76,True,,2025-09-06 09:01:53
df5cfdd7-4548-44c5-b3f1-17621a36e6b4,Plum Vitamin C 672ml,PLM-VC-672,c6b86dde-0af3-4762-8f11-eaf50cf6fdd1,bottle,76,True,,2025-10-08 09:01:53
9b242f4e-1664-4d40-b498-cda75a8095d3,Plum Vitamin C 691ml,PLM-VC-691-54,c6b86dde-0af3-4762-8f11-eaf50cf6fdd1,bottle,95,True,,2026-01-03 09:01:53
643d2e5f-46f0-4bd0-910f-2ea0bfda2990,Plum Vitamin C 975ml,PLM-VC-975,c6b86dde-0af3-4762-8f11-eaf50cf6fdd1,bottle,89,True,,2025-11-17 09:01:53
10c96aea-115e-462c-8081-e593463d2d4f,Plum Vitamin C 557ml,PLM-VC-557,c6b86dde-0af3-4762-8f11-eaf50cf6fdd1,bottle,94,False,,2026-01-22 09:01:53
31214d8a-4c3d-4be4-b06b-e1cfbf06f963,Plum Vitamin C 319ml,PLM-VC-319,c6b86dde-0af3-4762-8f11-eaf50cf6fdd1,bottle,70,True,,2025-09-22 09:01:53
ee348c0f-1adb-4e3f-b1e7-f2bd5758f9e7,Plum Vitamin C 920ml,PLM-VC-920,c6b86dde-0af3-4762-8f11-eaf50cf6fdd1,bottle,75,True,,2025-03-29 09:01:53
77775bf0-a147-4a59-8ee8-33fb8f672468,Plum Vitamin C 823ml,PLM-VC-823,c6b86dde-0af3-4762-8f11-eaf50cf6fdd1,bottle,11,True,,2025-04-23 09:01:53
a9355c0d-4336-4ce3-ae01-49bd79e4ee93,Plum Vitamin C 105ml,PLM-VC-105,c6b86dde-0af3-4762-8f11-eaf50cf6fdd1,bottle,16,True,,2025-07-16 09:01:53
71a5c297-f570-4297-b0e4-a4d36ee2643a,Plum Vitamin C 714ml,PLM-VC-714,c6b86dde-0af3-4762-8f11-eaf50cf6fdd1,bottle,60,True,,2025-10-31 09:01:53
5a7773ad-f7de-4716-a8fa-416c771ececa,Plum Vitamin C 327ml,PLM-VC-327,c6b86dde-0af3-4762-8f11-eaf50cf6fdd1,bottle,52,True,,2026-02-23 09:01:53
228a3009-0775-43d9-9026-4fda2d89ec87,Plum Vitamin C 841ml,PLM-VC-841,c6b86dde-0af3-4762-8f11-eaf50cf6fdd1,bottle,54,False,,2025-08-21 09:01:53
6051a88b-07a7-4646-b697-db909eb16865,Plum Vitamin C 728ml,PLM-VC-728,c6b86dde-0af3-4762-8f11-eaf50cf6fdd1,bottle,88,True,,2025-03-15 09:01:53
7ba04cbb-1399-42fc-9d2f-51a6084c607f,Plum Vitamin C 711ml,PLM-VC-711,c6b86dde-0af3-4762-8f11-eaf50cf6fdd1,bottle,12,False,,2025-12-15 09:01:53
942c437e-6de8-4211-bfd1-a89a0afba546,Plum Vitamin C 755ml,PLM-VC-755,c6b86dde-0af3-4762-8f11-eaf50cf6fdd1,bottle,68,True,,2025-12-01 09:01:53
9777c746-41c4-4217-9b35-dc704414fa0c,Plum Vitamin C 970ml,PLM-VC-970,c6b86dde-0af3-4762-8f11-eaf50cf6fdd1,bottle,89,False,,2025-06-22 09:01:53
046eb5fd-5390-469f-9d12-c401d0fe6dc3,Plum Vitamin C 392ml,PLM-VC-392,c6b86dde-0af3-4762-8f11-eaf50cf6fdd1,bottle,29,True,,2025-05-12 09:01:53
7fb892ab-0a9c-444e-9e96-c6bd55b85a7c,Plum Vitamin C 622ml,PLM-VC-622,c6b86dde-0af3-4762-8f11-eaf50cf6fdd1,bottle,71,True,,2025-05-04 09:01:53
586ae18a-24d8-4f7c-a596-11c315a26c65,Plum Vitamin C 273ml,PLM-VC-273,c6b86dde-0af3-4762-8f11-eaf50cf6fdd1,bottle,91,True,,2025-11-12 09:01:53
a02cdac7-8489-4800-a4f9-61097892d4fa,Plum Vitamin C 770ml,PLM-VC-770,c6b86dde-0af3-4762-8f11-eaf50cf6fdd1,bottle,5,False,,2026-01-29 09:01:53
a873c135-74c5-4781-a05f-82b8115a4855,Plum Vitamin C 382ml,PLM-VC-382,c6b86dde-0af3-4762-8f11-eaf50cf6fdd1,bottle,56,True,,2025-08-24 09:01:53
51c8abb0-057c-4b58-a05a-71fe7aea0785,Plum Vitamin C 515ml,PLM-VC-515,c6b86dde-0af3-4762-8f11-eaf50cf6fdd1,bottle,80,True,,2026-03-07 09:01:53
6b076f36-d4c5-404d-affe-5142c87c1a2f,Plum Vitamin C 854ml,PLM-VC-854,c6b86dde-0af3-4762-8f11-eaf50cf6fdd1,bottle,95,True,,2026-01-27 09:01:53
f9323d16-5bb1-44ed-87f5-5410b90b448d,Plum Vitamin C 662ml,PLM-VC-662,c6b86dde-0af3-4762-8f11-eaf50cf6fdd1,bottle,41,True,,2025-06-01 09:01:53
e37f8d62-7419-490f-84a3-cc3e2f52b60b,Plum Vitamin C 696ml,PLM-VC-696,c6b86dde-0af3-4762-8f11-eaf50cf6fdd1,bottle,49,True,,2025-10-24 09:01:53
17b92636-371d-4a1d-a881-f55ee532ea44,Plum Vitamin C 331ml,PLM-VC-331,c6b86dde-0af3-4762-8f11-eaf50cf6fdd1,bottle,82,False,,2025-07-25 09:01:53
20c15f2f-ef36-4476-8379-23b350a25895,Plum Vitamin C 513ml,PLM-VC-513,c6b86dde-0af3-4762-8f11-eaf50cf6fdd1,bottle,78,True,,2025-12-15 09:01:53
21b0b80a-6b6f-4079-98f8-3ade293cc686,Plum Vitamin C 516ml,PLM-VC-516,c6b86dde-0af3-4762-8f11-eaf50cf6fdd1,bottle,69,True,,2026-02-05 09:01:53
ec3bc0e9-10aa-4582-ac70-0e984b290e91,Plum Vitamin C 615ml,PLM-VC-615,c6b86dde-0af3-4762-8f11-eaf50cf6fdd1,bottle,42,True,,2026-01-14 09:01:53
2f3f232a-9ffc-45a6-ba80-2d6fe709586a,Plum Vitamin C 922ml,PLM-VC-922,c6b86dde-0af3-4762-8f11-eaf50cf6fdd1,bottle,70,False,,2025-06-12 09:01:53
9322de39-6d1c-4a21-b7be-85174c11ea6d,Plum Vitamin C 932ml,PLM-VC-932,c6b86dde-0af3-4762-8f11-eaf50cf6fdd1,bottle,78,True,,2025-07-31 09:01:53
8e74c7c1-a673-4996-94c3-7c5b4e647d60,Plum Vitamin C 486ml,PLM-VC-486,c6b86dde-0af3-4762-8f11-eaf50cf6fdd1,bottle,77,True,,2025-11-10 09:01:53
3b3e2ecb-ee58-483f-a33e-8d0b16b2da7b,Plum Vitamin C 875ml,PLM-VC-875,c6b86dde-0af3-4762-8f11-eaf50cf6fdd1,bottle,48,False,,2025-07-23 09:01:53
f03d6d24-f32d-42ca-aff2-030d2e429432,Plum Vitamin C 797ml,PLM-VC-797,c6b86dde-0af3-4762-8f11-eaf50cf6fdd1,bottle,63,True,,2026-02-28 09:01:53
c45ab564-431a-4082-a89f-e3dc037d415a,Plum Vitamin C 593ml,PLM-VC-593,c6b86dde-0af3-4762-8f11-eaf50cf6fdd1,bottle,19,True,,2025-08-31 09:01:53
764d960b-9524-43f1-9013-8872581c44f5,Plum Vitamin C 748ml,PLM-VC-748,c6b86dde-0af3-4762-8f11-eaf50cf6fdd1,bottle,33,True,,2025-11-17 09:01:53
c25cfe98-b4c5-49a5-82d3-f664d09355f0,Forest Essentials 919ml,FOR-ES-919,c6b86dde-0af3-4762-8f11-eaf50cf6fdd1,bottle,45,True,,2025-09-15 09:01:53
e71f93fb-beae-4bfd-a0f1-310f2ad302ed,Forest Essentials 628ml,FOR-ES-628,c6b86dde-0af3-4762-8f11-eaf50cf6fdd1,bottle,73,True,,2025-10-31 09:01:53
6ec7670e-882a-4398-8f7e-2daa69ff9aca,Forest Essentials 354ml,FOR-ES-354,c6b86dde-0af3-4762-8f11-eaf50cf6fdd1,bottle,41,True,,2025-04-04 09:01:53
0b547c42-9038-4171-8944-6ef03062234b,Forest Essentials 866ml,FOR-ES-866,c6b86dde-0af3-4762-8f11-eaf50cf6fdd1,bottle,48,True,,2025-12-13 09:01:53
1dcfe22e-3718-40d7-a199-74dbe8d2a82a,Forest Essentials 587ml,FOR-ES-587,c6b86dde-0af3-4762-8f11-eaf50cf6fdd1,bottle,45,True,,2025-05-25 09:01:53
5b7463cc-e549-4300-b5fa-b1fed45132ca,Forest Essentials 375ml,FOR-ES-375,c6b86dde-0af3-4762-8f11-eaf50cf6fdd1,bottle,28,False,,2025-03-30 09:01:53
dfc4a39e-7709-4858-afb3-b5d89283f332,Forest Essentials 294ml,FOR-ES-294,c6b86dde-0af3-4762-8f11-eaf50cf6fdd1,bottle,68,True,,2025-11-14 09:01:53
5fc0a8ab-ffa5-443a-a04e-6b2ed55bc8b6,Forest Essentials 853ml,FOR-ES-853,c6b86dde-0af3-4762-8f11-eaf50cf6fdd1,bottle,35,True,,2025-11-29 09:01:53
b07e1923-986b-4ef5-9e35-465b2d015d05,Forest Essentials 334ml,FOR-ES-334,c6b86dde-0af3-4762-8f11-eaf50cf6fdd1,bottle,30,True,,2025-05-02 09:01:53
3a7e486b-fedc-411b-b03b-5759f9a29533,Forest Essentials 464ml,FOR-ES-464,c6b86dde-0af3-4762-8f11-eaf50cf6fdd1,bottle,24,True,,2026-01-12 09:01:53
091b08b0-44b0-42a9-a8b7-a75c0562233c,Forest Essentials 180ml,FOR-ES-180,c6b86dde-0af3-4762-8f11-eaf50cf6fdd1,bottle,91,False,,2025-07-05 09:01:53
e19da33c-97bb-458b-9c69-dfe8a69fe4f1,Forest Essentials 728ml,FOR-ES-728,c6b86dde-0af3-4762-8f11-eaf50cf6fdd1,bottle,5,True,,2025-06-10 09:01:53
4b9044f4-6ceb-4f47-b8b3-f6de7de7ab10,Forest Essentials 143ml,FOR-ES-143,c6b86dde-0af3-4762-8f11-eaf50cf6fdd1,bottle,66,True,,2025-10-04 09:01:53
298d1099-dffd-4b3f-8b5d-06fa5bf28e63,Forest Essentials 604ml,FOR-ES-604,c6b86dde-0af3-4762-8f11-eaf50cf6fdd1,bottle,78,True,,2025-07-06 09:01:53
366da190-6d26-40cf-a4e9-46adf77b9dbf,Forest Essentials 287ml,FOR-ES-287,c6b86dde-0af3-4762-8f11-eaf50cf6fdd1,bottle,70,True,,2025-11-21 09:01:53
a7dc881a-df1e-47b6-840b-d747e3e6f14e,Forest Essentials 868ml,FOR-ES-868,c6b86dde-0af3-4762-8f11-eaf50cf6fdd1,bottle,78,True,,2025-06-18 09:01:53
6f966169-4ea9-43c2-845a-64b8fc902801,Forest Essentials 918ml,FOR-ES-918,c6b86dde-0af3-4762-8f11-eaf50cf6fdd1,bottle,59,True,,2025-06-11 09:01:53
844284c1-7217-404d-82a5-06105bf320f4,Forest Essentials 133ml,FOR-ES-133,c6b86dde-0af3-4762-8f11-eaf50cf6fdd1,bottle,69,True,,2025-03-28 09:01:53
6b250ef7-ef5b-4ace-9233-30cae537dc14,Forest Essentials 894ml,FOR-ES-894,c6b86dde-0af3-4762-8f11-eaf50cf6fdd1,bottle,27,True,,2026-01-12 09:01:53
b0800218-da21-4a2a-836b-494c99bfe2de,Forest Essentials 815ml,FOR-ES-815,c6b86dde-0af3-4762-8f11-eaf50cf6fdd1,bottle,71,True,,2025-03-27 09:01:53
426606b4-9b76-42b9-aed3-8e4063d7a09a,Forest Essentials 108ml,FOR-ES-108,c6b86dde-0af3-4762-8f11-eaf50cf6fdd1,bottle,6,True,,2025-09-01 09:01:53
66607f35-b45a-4abb-afb3-d6db9bbb87a5,Forest Essentials 694ml,FOR-ES-694,c6b86dde-0af3-4762-8f11-eaf50cf6fdd1,bottle,17,True,,2025-05-05 09:01:53
06e70feb-89f5-4c3f-bd83-0d8b11650193,Forest Essentials 982ml,FOR-ES-982,c6b86dde-0af3-4762-8f11-eaf50cf6fdd1,bottle,38,True,,2025-10-31 09:01:53
610db287-2d72-4a90-86d9-6660ee66606d,Forest Essentials 342ml,FOR-ES-342,c6b86dde-0af3-4762-8f11-eaf50cf6fdd1,bottle,39,True,,2025-05-05 09:01:53
ca8b3567-a7b1-4d85-b5d1-283514a7023f,Forest Essentials 451ml,FOR-ES-451,c6b86dde-0af3-4762-8f11-eaf50cf6fdd1,bottle,51,True,,2025-08-09 09:01:53
e0b6ca5f-a299-484f-b514-d2df3614c76c,Forest Essentials 315ml,FOR-ES-315,c6b86dde-0af3-4762-8f11-eaf50cf6fdd1,bottle,58,True,,2025-09-05 09:01:53
d4615046-82e8-41fb-b692-11256a732f2f,Forest Essentials 473ml,FOR-ES-473,c6b86dde-0af3-4762-8f11-eaf50cf6fdd1,bottle,56,True,,2025-12-12 09:01:53
b4d65aa7-be3b-4829-8052-a629bc185931,Forest Essentials 685ml,FOR-ES-685,c6b86dde-0af3-4762-8f11-eaf50cf6fdd1,bottle,21,False,,2025-03-28 09:01:53
153920ff-1086-49af-954e-e5838cd7a972,Forest Essentials 334ml,FOR-ES-334-22,c6b86dde-0af3-4762-8f11-eaf50cf6fdd1,bottle,97,True,,2025-11-14 09:01:53
57e6d59e-ef17-459a-bafb-4e4dd6f71c65,Forest Essentials 668ml,FOR-ES-668,c6b86dde-0af3-4762-8f11-eaf50cf6fdd1,bottle,60,True,,2025-12-04 09:01:53
6b24e558-e6be-4f37-aa50-11578018a43d,Forest Essentials 249ml,FOR-ES-249,c6b86dde-0af3-4762-8f11-eaf50cf6fdd1,bottle,99,True,,2026-03-10 09:01:53
1538819a-b3df-4b4c-bfe2-5f3a9fc737ca,Forest Essentials 280ml,FOR-ES-280,c6b86dde-0af3-4762-8f11-eaf50cf6fdd1,bottle,58,True,,2025-04-26 09:01:53
72ddbdfd-4dfe-4411-93c3-1f63afa84713,Forest Essentials 629ml,FOR-ES-629,c6b86dde-0af3-4762-8f11-eaf50cf6fdd1,bottle,73,True,,2025-07-08 09:01:53
8c29fc0f-1d2f-4c06-8002-bd5b339e7801,Forest Essentials 407ml,FOR-ES-407,c6b86dde-0af3-4762-8f11-eaf50cf6fdd1,bottle,37,True,,2025-05-28 09:01:53
0398aa0d-763c-41a2-8107-420adc3d5194,Forest Essentials 148ml,FOR-ES-148,c6b86dde-0af3-4762-8f11-eaf50cf6fdd1,bottle,55,True,,2025-12-21 09:01:53
ca5ad341-989d-466b-935c-308632705ebf,Forest Essentials 161ml,FOR-ES-161,c6b86dde-0af3-4762-8f11-eaf50cf6fdd1,bottle,32,True,,2025-07-14 09:01:53
8a8a60fc-0a75-424b-9a32-100cc45efd1e,Forest Essentials 959ml,FOR-ES-959,c6b86dde-0af3-4762-8f11-eaf50cf6fdd1,bottle,85,True,,2025-09-24 09:01:53
39b41362-69bb-4cac-b669-ae61354839ad,Forest Essentials 366ml,FOR-ES-366,c6b86dde-0af3-4762-8f11-eaf50cf6fdd1,bottle,51,True,,2025-06-02 09:01:53
bbfe8e17-3f31-43d3-9ef7-c54bf0ae05db,Forest Essentials 929ml,FOR-ES-929,c6b86dde-0af3-4762-8f11-eaf50cf6fdd1,bottle,37,True,,2025-08-16 09:01:53
cb5b431e-dc58-41da-9461-7c6718ebf343,Forest Essentials 224ml,FOR-ES-224,c6b86dde-0af3-4762-8f11-eaf50cf6fdd1,bottle,49,True,,2025-05-08 09:01:53
662cca6d-0dee-49ee-86db-d29b5e7b55fc,Forest Essentials 303ml,FOR-ES-303,c6b86dde-0af3-4762-8f11-eaf50cf6fdd1,bottle,78,True,,2025-04-16 09:01:53
be51cb3a-0bda-4609-afe9-620ad44eae40,Forest Essentials 651ml,FOR-ES-651,c6b86dde-0af3-4762-8f11-eaf50cf6fdd1,bottle,27,False,,2025-10-20 09:01:53
580a5b95-116f-4b7b-aba6-9525f6df92ea,Forest Essentials 463ml,FOR-ES-463,c6b86dde-0af3-4762-8f11-eaf50cf6fdd1,bottle,46,True,,2025-07-08 09:01:53
7c1aff45-aec4-4ccc-a5e7-781db18811d5,Forest Essentials 893ml,FOR-ES-893,c6b86dde-0af3-4762-8f11-eaf50cf6fdd1,bottle,99,True,,2026-02-02 09:01:53
3a85147b-7893-4132-a85e-42e62b56c4a6,Forest Essentials 490ml,FOR-ES-490,c6b86dde-0af3-4762-8f11-eaf50cf6fdd1,bottle,83,True,,2025-04-25 09:01:53
363f8d16-0eeb-40f5-80c3-7cf18633fc7c,Forest Essentials 248ml,FOR-ES-248,c6b86dde-0af3-4762-8f11-eaf50cf6fdd1,bottle,26,True,,2025-09-23 09:01:53
1cef7a4c-b32e-4402-9dea-d3babc9c22e9,Forest Essentials 531ml,FOR-ES-531,c6b86dde-0af3-4762-8f11-eaf50cf6fdd1,bottle,85,True,,2025-08-19 09:01:53
2743f02a-66cc-4ccd-a0d2-961ef63c2c77,Forest Essentials 969ml,FOR-ES-969,c6b86dde-0af3-4762-8f11-eaf50cf6fdd1,bottle,14,True,,2025-09-20 09:01:53
e20b4c82-bc5d-4773-9b2b-dedf1ab8af24,Forest Essentials 333ml,FOR-ES-333,c6b86dde-0af3-4762-8f11-eaf50cf6fdd1,bottle,45,True,,2025-10-16 09:01:53
20846906-541e-4f94-9951-3d901df256a3,Forest Essentials 827ml,FOR-ES-827,c6b86dde-0af3-4762-8f11-eaf50cf6fdd1,bottle,39,True,,2025-08-24 09:01:53
3860a64c-c906-4b3d-a537-06f74fb1c9b6,Kama Ayurveda 377g,KAM-AY-377,c6b86dde-0af3-4762-8f11-eaf50cf6fdd1,piece,61,True,,2025-09-10 09:01:53
432c045f-69d5-4f4c-9b50-9123a27d1de6,Kama Ayurveda 865g,KAM-AY-865,c6b86dde-0af3-4762-8f11-eaf50cf6fdd1,piece,80,True,,2025-07-27 09:01:53
7c1312c7-d327-428d-9893-2b842d919fc0,Kama Ayurveda 523g,KAM-AY-523,c6b86dde-0af3-4762-8f11-eaf50cf6fdd1,piece,26,True,,2026-03-03 09:01:53
0b2afe69-80f2-429a-a129-2f20a794f89b,Kama Ayurveda 228g,KAM-AY-228,c6b86dde-0af3-4762-8f11-eaf50cf6fdd1,piece,98,True,,2025-11-06 09:01:53
ae1bb896-0829-41c4-af7b-5a14bfef6a26,Kama Ayurveda 861g,KAM-AY-861,c6b86dde-0af3-4762-8f11-eaf50cf6fdd1,piece,94,True,,2025-11-27 09:01:53
e0c9212d-aee8-4bf3-9577-f45c2ba6964f,Kama Ayurveda 270g,KAM-AY-270,c6b86dde-0af3-4762-8f11-eaf50cf6fdd1,piece,55,True,,2026-02-10 09:01:53
9f76e913-5485-4dcc-bfd2-cee8092e45f0,Kama Ayurveda 999g,KAM-AY-999,c6b86dde-0af3-4762-8f11-eaf50cf6fdd1,piece,65,True,,2026-03-01 09:01:53
f643900a-8ceb-4e37-ace8-5aa799c49ef9,Kama Ayurveda 889g,KAM-AY-889,c6b86dde-0af3-4762-8f11-eaf50cf6fdd1,piece,55,True,,2026-01-31 09:01:53
d997157d-a131-4727-8eb6-10e5eeec0ea8,Kama Ayurveda 206g,KAM-AY-206,c6b86dde-0af3-4762-8f11-eaf50cf6fdd1,piece,38,True,,2026-01-30 09:01:53
d8b261b1-568c-4e28-b9d2-6acfb0dfe4a2,Kama Ayurveda 770g,KAM-AY-770,c6b86dde-0af3-4762-8f11-eaf50cf6fdd1,piece,54,True,,2025-11-08 09:01:53
61b8911a-80b5-41ca-9ebd-70f3cfefc0c7,Kama Ayurveda 855g,KAM-AY-855,c6b86dde-0af3-4762-8f11-eaf50cf6fdd1,piece,41,True,,2026-01-09 09:01:53
11538f81-daa1-4499-b96e-bb0288063038,Kama Ayurveda 234g,KAM-AY-234,c6b86dde-0af3-4762-8f11-eaf50cf6fdd1,piece,72,True,,2026-02-28 09:01:53
6235513a-d3f8-44db-acc2-751c6e12cb18,Kama Ayurveda 135g,KAM-AY-135,c6b86dde-0af3-4762-8f11-eaf50cf6fdd1,piece,89,True,,2025-09-29 09:01:53
2407553e-99de-4322-9aba-2515c83afa5e,Kama Ayurveda 984g,KAM-AY-984,c6b86dde-0af3-4762-8f11-eaf50cf6fdd1,piece,65,True,,2025-06-11 09:01:53
e1f54732-b8cc-45fa-b1ce-d6f08f61b118,Kama Ayurveda 378g,KAM-AY-378,c6b86dde-0af3-4762-8f11-eaf50cf6fdd1,piece,75,True,,2025-03-22 09:01:53
615e874a-99f0-48cb-980e-32309db0da1a,Kama Ayurveda 652g,KAM-AY-652,c6b86dde-0af3-4762-8f11-eaf50cf6fdd1,piece,27,True,,2025-07-24 09:01:53
dd8375f1-a075-406b-83e8-026dd6817531,Kama Ayurveda 746g,KAM-AY-746,c6b86dde-0af3-4762-8f11-eaf50cf6fdd1,piece,100,True,,2025-05-30 09:01:53
7ed9c369-4627-452c-86a7-0fc592ca73bd,Kama Ayurveda 545g,KAM-AY-545,c6b86dde-0af3-4762-8f11-eaf50cf6fdd1,piece,72,True,,2025-06-14 09:01:53
b4281c5c-5105-4c1e-8ac7-55bea89faa85,Kama Ayurveda 417g,KAM-AY-417,c6b86dde-0af3-4762-8f11-eaf50cf6fdd1,piece,49,True,,2025-11-18 09:01:53
dfa62319-fad1-464a-a80f-ec780670f913,Kama Ayurveda 924g,KAM-AY-924,c6b86dde-0af3-4762-8f11-eaf50cf6fdd1,piece,16,True,,2025-09-08 09:01:53
9cf09819-6859-4331-8b0b-3f68068ecd55,Kama Ayurveda 522g,KAM-AY-522,c6b86dde-0af3-4762-8f11-eaf50cf6fdd1,piece,38,True,,2026-03-09 09:01:53
a60ad1fa-4fc3-484b-a386-4a9073becec2,Kama Ayurveda 100g,KAM-AY-100,c6b86dde-0af3-4762-8f11-eaf50cf6fdd1,piece,71,True,,2026-01-04 09:01:53
bbc45913-402c-4b6f-a9fe-310a21edbc55,Kama Ayurveda 452g,KAM-AY-452,c6b86dde-0af3-4762-8f11-eaf50cf6fdd1,piece,41,True,,2026-03-10 09:01:53
725ab582-ad33-4595-8333-048a97356f63,Kama Ayurveda 804g,KAM-AY-804,c6b86dde-0af3-4762-8f11-eaf50cf6fdd1,piece,67,False,,2025-07-13 09:01:53
db36488e-6b02-4b74-b6d1-ef5b5898ef39,Kama Ayurveda 406g,KAM-AY-406,c6b86dde-0af3-4762-8f11-eaf50cf6fdd1,piece,6,True,,2025-10-16 09:01:53
5429679b-0bd3-4a30-aa00-0c44bb50e6c7,Kama Ayurveda 711g,KAM-AY-711,c6b86dde-0af3-4762-8f11-eaf50cf6fdd1,piece,34,True,,2025-06-07 09:01:53
a69c070b-254e-407a-a44b-7090d3ef4226,Kama Ayurveda 482g,KAM-AY-482,c6b86dde-0af3-4762-8f11-eaf50cf6fdd1,piece,29,True,,2025-05-31 09:01:53
147fd1fa-1131-40f6-9a69-39c444c44190,Kama Ayurveda 547g,KAM-AY-547,c6b86dde-0af3-4762-8f11-eaf50cf6fdd1,piece,55,True,,2025-04-18 09:01:53
ffd2a0b6-a342-420c-92a4-c8e96b2a59dd,Kama Ayurveda 499g,KAM-AY-499,c6b86dde-0af3-4762-8f11-eaf50cf6fdd1,piece,53,True,,2026-02-02 09:01:53
a061cc84-fd1f-45c2-96e7-85d6e7c98dcb,Kama Ayurveda 532g,KAM-AY-532,c6b86dde-0af3-4762-8f11-eaf50cf6fdd1,piece,85,True,,2025-05-05 09:01:53
be3bb422-05f0-428a-85b5-63cacf74197e,Kama Ayurveda 926g,KAM-AY-926,c6b86dde-0af3-4762-8f11-eaf50cf6fdd1,piece,93,True,,2025-10-20 09:01:53
c0073c86-1e64-4200-b960-e5ea476b2895,Kama Ayurveda 764g,KAM-AY-764,c6b86dde-0af3-4762-8f11-eaf50cf6fdd1,piece,100,True,,2025-10-28 09:01:53
413f3e07-42f2-47c3-95c4-a30a4737cc6a,Kama Ayurveda 522g,KAM-AY-522-34,c6b86dde-0af3-4762-8f11-eaf50cf6fdd1,piece,13,True,,2025-10-17 09:01:53
649157a9-5fa4-4afa-a1f8-d1dd9e3902b0,Kama Ayurveda 213g,KAM-AY-213,c6b86dde-0af3-4762-8f11-eaf50cf6fdd1,piece,86,True,,2025-07-26 09:01:53
53465e34-047d-4d84-be05-e12c9cc4f965,Kama Ayurveda 378g,KAM-AY-378-99,c6b86dde-0af3-4762-8f11-eaf50cf6fdd1,piece,84,True,,2025-10-01 09:01:53
7daf52a4-2f0e-4013-be13-f6088ae8a652,Kama Ayurveda 119g,KAM-AY-119,c6b86dde-0af3-4762-8f11-eaf50cf6fdd1,piece,24,True,,2025-06-14 09:01:53
a5375315-a896-4aa8-97f1-ef1e5258f885,Kama Ayurveda 122g,KAM-AY-122,c6b86dde-0af3-4762-8f11-eaf50cf6fdd1,piece,28,False,,2025-10-21 09:01:53
71ae16aa-dc74-4126-b1ab-781fa80703be,Kama Ayurveda 375g,KAM-AY-375,c6b86dde-0af3-4762-8f11-eaf50cf6fdd1,piece,21,True,,2026-03-10 09:01:53
37183329-aea0-469d-adee-4f32c8222b8f,Kama Ayurveda 338g,KAM-AY-338,c6b86dde-0af3-4762-8f11-eaf50cf6fdd1,piece,16,True,,2025-07-05 09:01:53
bce339f0-a25a-4601-86cc-6227c89400ea,Kama Ayurveda 322g,KAM-AY-322,c6b86dde-0af3-4762-8f11-eaf50cf6fdd1,piece,48,True,,2025-07-02 09:01:53
7cc96df0-9b62-4037-aa76-947d133d0ad2,Kama Ayurveda 480g,KAM-AY-480,c6b86dde-0af3-4762-8f11-eaf50cf6fdd1,piece,64,True,,2026-02-26 09:01:53
ce9447ae-b716-4fd0-8f58-bdd7b5b9efef,Kama Ayurveda 438g,KAM-AY-438,c6b86dde-0af3-4762-8f11-eaf50cf6fdd1,piece,15,True,,2025-12-30 09:01:53
92202030-3442-4149-b312-dc1e6df2000d,Kama Ayurveda 157g,KAM-AY-157,c6b86dde-0af3-4762-8f11-eaf50cf6fdd1,piece,39,True,,2026-02-06 09:01:53
a8c4cc07-cc4b-443b-abee-8e9b02f5da96,Kama Ayurveda 656g,KAM-AY-656,c6b86dde-0af3-4762-8f11-eaf50cf6fdd1,piece,65,True,,2025-11-06 09:01:53
5e05738c-fae5-4307-86f3-824bc369953c,Kama Ayurveda 936g,KAM-AY-936,c6b86dde-0af3-4762-8f11-eaf50cf6fdd1,piece,53,True,,2026-01-11 09:01:53
372388a2-5637-4f5a-a20a-485fe01da6f8,Kama Ayurveda 886g,KAM-AY-886,c6b86dde-0af3-4762-8f11-eaf50cf6fdd1,piece,96,True,,2025-07-31 09:01:53
d5a9da4b-8906-4055-8d17-7a430f317fd0,Kama Ayurveda 353g,KAM-AY-353,c6b86dde-0af3-4762-8f11-eaf50cf6fdd1,piece,99,False,,2025-12-03 09:01:53
f40b1401-c030-45b7-a026-e2b8cd99cbe0,Kama Ayurveda 571g,KAM-AY-571,c6b86dde-0af3-4762-8f11-eaf50cf6fdd1,piece,99,True,,2025-06-21 09:01:53
090c082d-4f7f-458c-85b9-480cf268135a,Kama Ayurveda 781g,KAM-AY-781,c6b86dde-0af3-4762-8f11-eaf50cf6fdd1,piece,31,True,,2025-03-31 09:01:53
9e331e30-72d1-4e58-9e6f-7c652848f776,Kama Ayurveda 419g,KAM-AY-419,c6b86dde-0af3-4762-8f11-eaf50cf6fdd1,piece,46,True,,2026-02-21 09:01:53
ff8edf14-7c02-4aa2-bf70-7820ef437a1f,Samsung Galaxy S862,SAM-GS-862,4b48d701-6fb3-4418-a9f8-d7d9ba6d84b4,piece,75,True,,2025-11-05 09:01:53
8fb2694b-4803-44f9-bfc0-54f28dd21161,Samsung Galaxy S592,SAM-GS-592,4b48d701-6fb3-4418-a9f8-d7d9ba6d84b4,piece,86,True,,2025-09-11 09:01:53
aa91221f-6a63-4dbb-89a0-b920bedb3f02,Samsung Galaxy S153,SAM-GS-153,4b48d701-6fb3-4418-a9f8-d7d9ba6d84b4,piece,90,True,,2026-01-16 09:01:53
73d46432-f645-4ac3-867f-af6258ccfce3,Samsung Galaxy S341,SAM-GS-341,4b48d701-6fb3-4418-a9f8-d7d9ba6d84b4,piece,86,True,,2026-03-07 09:01:53
cf55bba0-87f9-46b1-a0cb-d3c40ba34b4a,Samsung Galaxy S271,SAM-GS-271,4b48d701-6fb3-4418-a9f8-d7d9ba6d84b4,piece,40,True,,2025-08-24 09:01:53
43527cfe-b19d-4c53-9f4f-a75451f36862,Samsung Galaxy S908,SAM-GS-908,4b48d701-6fb3-4418-a9f8-d7d9ba6d84b4,piece,36,True,,2026-02-21 09:01:53
c4f20c87-9f3d-478e-ad0d-a953f4fad537,Samsung Galaxy S695,SAM-GS-695,4b48d701-6fb3-4418-a9f8-d7d9ba6d84b4,piece,93,True,,2025-05-13 09:01:53
99969efd-5244-42d3-959b-a8e7c7efb58f,Samsung Galaxy S258,SAM-GS-258,4b48d701-6fb3-4418-a9f8-d7d9ba6d84b4,piece,52,True,,2025-11-07 09:01:53
8d2a0ea2-640a-4aba-8aeb-073d5b0d6a3e,Samsung Galaxy S261,SAM-GS-261,4b48d701-6fb3-4418-a9f8-d7d9ba6d84b4,piece,68,True,,2025-05-02 09:01:53
6172786d-aa91-43d6-bd19-8f2c9f0f6f61,Samsung Galaxy S446,SAM-GS-446,4b48d701-6fb3-4418-a9f8-d7d9ba6d84b4,piece,85,True,,2025-09-13 09:01:53
c9d7472c-a28d-41f8-8b39-acbbca5cbe8d,Samsung Galaxy S760,SAM-GS-760,4b48d701-6fb3-4418-a9f8-d7d9ba6d84b4,piece,24,True,,2026-01-19 09:01:53
1043f353-5461-4f7e-bac6-f198a4cda39b,Samsung Galaxy S228,SAM-GS-228,4b48d701-6fb3-4418-a9f8-d7d9ba6d84b4,piece,67,True,,2025-06-02 09:01:53
5efdd9c5-b177-4ce9-964a-2b4014823405,Samsung Galaxy S907,SAM-GS-907,4b48d701-6fb3-4418-a9f8-d7d9ba6d84b4,piece,87,True,,2025-08-02 09:01:53
bfc24e58-c5fb-4cc8-b8e4-66c8d3da269b,Samsung Galaxy S850,SAM-GS-850,4b48d701-6fb3-4418-a9f8-d7d9ba6d84b4,piece,29,True,,2025-09-02 09:01:53
251ab6b6-9148-4b03-b902-8a5ee6036708,Samsung Galaxy S466,SAM-GS-466,4b48d701-6fb3-4418-a9f8-d7d9ba6d84b4,piece,97,True,,2026-02-22 09:01:53
47480702-4742-4dc5-abe4-89b1048f0cf1,Samsung Galaxy S596,SAM-GS-596,4b48d701-6fb3-4418-a9f8-d7d9ba6d84b4,piece,95,True,,2025-10-15 09:01:53
66b308b0-5792-41b7-beb8-5ad466f8ad2c,Samsung Galaxy S655,SAM-GS-655,4b48d701-6fb3-4418-a9f8-d7d9ba6d84b4,piece,94,True,,2025-05-28 09:01:53
31d05b8b-b4aa-45b0-8695-e83dc2f75283,Samsung Galaxy S291,SAM-GS-291,4b48d701-6fb3-4418-a9f8-d7d9ba6d84b4,piece,74,True,,2025-07-18 09:01:53
f4c0209b-6cf7-4e6a-9224-4ccf762b0ced,Samsung Galaxy S381,SAM-GS-381,4b48d701-6fb3-4418-a9f8-d7d9ba6d84b4,piece,81,False,,2025-06-04 09:01:53
19ede85b-fc77-4c8e-989c-dafc6e749951,Samsung Galaxy S264,SAM-GS-264,4b48d701-6fb3-4418-a9f8-d7d9ba6d84b4,piece,13,True,,2025-07-27 09:01:53
e6fef86c-660d-40e5-93ee-0a3c4b417193,Samsung Galaxy S402,SAM-GS-402,4b48d701-6fb3-4418-a9f8-d7d9ba6d84b4,piece,38,True,,2025-07-25 09:01:53
e941e17a-acf7-4bd3-9f0e-32897b101ee1,Samsung Galaxy S100,SAM-GS-100,4b48d701-6fb3-4418-a9f8-d7d9ba6d84b4,piece,86,True,,2025-12-10 09:01:53
29f1756b-70f7-41ad-8d49-ce5d51164945,Samsung Galaxy S119,SAM-GS-119,4b48d701-6fb3-4418-a9f8-d7d9ba6d84b4,piece,84,True,,2025-05-01 09:01:53
af4100ff-85d4-4fbc-8061-350573194c8b,Samsung Galaxy S344,SAM-GS-344,4b48d701-6fb3-4418-a9f8-d7d9ba6d84b4,piece,46,True,,2025-04-11 09:01:53
03023fd0-a335-48c1-b036-67e4bbbb3021,Samsung Galaxy S651,SAM-GS-651,4b48d701-6fb3-4418-a9f8-d7d9ba6d84b4,piece,54,True,,2025-03-30 09:01:53
9b518371-fae1-4e3c-8e67-7e3cd2530ecf,Samsung Galaxy S609,SAM-GS-609,4b48d701-6fb3-4418-a9f8-d7d9ba6d84b4,piece,75,True,,2025-10-21 09:01:53
5e1e0755-74a7-4721-98d0-ed165f9b91a2,Samsung Galaxy S430,SAM-GS-430,4b48d701-6fb3-4418-a9f8-d7d9ba6d84b4,piece,57,True,,2026-01-17 09:01:53
7d358340-44de-4bfd-91da-62f3a2fbd0ef,Samsung Galaxy S198,SAM-GS-198,4b48d701-6fb3-4418-a9f8-d7d9ba6d84b4,piece,71,True,,2026-02-20 09:01:53
c40b6f80-a08a-4bdf-aabc-297d0acd7d9b,Samsung Galaxy S955,SAM-GS-955,4b48d701-6fb3-4418-a9f8-d7d9ba6d84b4,piece,21,True,,2026-02-26 09:01:53
8348715f-8597-41ea-998d-65cb6355cae6,Samsung Galaxy S306,SAM-GS-306,4b48d701-6fb3-4418-a9f8-d7d9ba6d84b4,piece,18,True,,2026-01-23 09:01:53
d46c7921-a7e7-46b6-9f87-6431961a0f63,Samsung Galaxy S132,SAM-GS-132,4b48d701-6fb3-4418-a9f8-d7d9ba6d84b4,piece,78,True,,2025-08-28 09:01:53
55b30a03-e7b5-4c52-9d09-8242d4f7f804,Samsung Galaxy S773,SAM-GS-773,4b48d701-6fb3-4418-a9f8-d7d9ba6d84b4,piece,67,True,,2025-03-20 09:01:53
1eaf0510-ccf8-4943-a949-64749ccd8870,Samsung Galaxy S704,SAM-GS-704,4b48d701-6fb3-4418-a9f8-d7d9ba6d84b4,piece,37,True,,2025-11-21 09:01:53
fe23f801-32fd-4836-a8ff-748da466c5ad,Samsung Galaxy S720,SAM-GS-720,4b48d701-6fb3-4418-a9f8-d7d9ba6d84b4,piece,96,True,,2025-11-28 09:01:53
e831564d-5bca-4f92-b46d-003f08f757a9,Samsung Galaxy S771,SAM-GS-771,4b48d701-6fb3-4418-a9f8-d7d9ba6d84b4,piece,67,False,,2026-02-02 09:01:53
85b45cea-c69a-4934-aecf-8f612e2bfc43,Samsung Galaxy S579,SAM-GS-579,4b48d701-6fb3-4418-a9f8-d7d9ba6d84b4,piece,86,True,,2025-06-02 09:01:53
b0fc14c7-fcc5-40c0-a019-94531cdf536e,Samsung Galaxy S861,SAM-GS-861,4b48d701-6fb3-4418-a9f8-d7d9ba6d84b4,piece,58,True,,2025-03-17 09:01:53
bbcee0a2-d9bb-4bc7-ba53-76f31e334fbc,Samsung Galaxy S159,SAM-GS-159,4b48d701-6fb3-4418-a9f8-d7d9ba6d84b4,piece,83,True,,2026-02-22 09:01:53
fa0ad552-6430-43da-995d-c0bea88a0a71,Samsung Galaxy S851,SAM-GS-851,4b48d701-6fb3-4418-a9f8-d7d9ba6d84b4,piece,14,True,,2026-02-03 09:01:53
91c8bad0-b38f-45d3-b2d5-1f9e44b058a9,Samsung Galaxy S321,SAM-GS-321,4b48d701-6fb3-4418-a9f8-d7d9ba6d84b4,piece,71,True,,2025-11-16 09:01:53
29eb0309-fee4-464a-95d0-7f40a5794c45,Samsung Galaxy S644,SAM-GS-644,4b48d701-6fb3-4418-a9f8-d7d9ba6d84b4,piece,54,True,,2025-06-18 09:01:53
06790297-9fe2-44a7-9e3b-d989faef8cd8,Samsung Galaxy S772,SAM-GS-772,4b48d701-6fb3-4418-a9f8-d7d9ba6d84b4,piece,36,True,,2025-12-13 09:01:53
300dca6d-f433-4269-b199-be753b55229d,Samsung Galaxy S671,SAM-GS-671,4b48d701-6fb3-4418-a9f8-d7d9ba6d84b4,piece,100,True,,2026-01-19 09:01:53
682a115c-289c-4d96-beb2-3d8b1e69587f,Samsung Galaxy S884,SAM-GS-884,4b48d701-6fb3-4418-a9f8-d7d9ba6d84b4,piece,86,True,,2025-04-03 09:01:53
19d541ca-bba7-48cd-888a-1c211e012ac9,Samsung Galaxy S569,SAM-GS-569,4b48d701-6fb3-4418-a9f8-d7d9ba6d84b4,piece,94,True,,2026-01-20 09:01:53
17971a01-7ce7-4755-b1ce-fea224bd9286,Samsung Galaxy S270,SAM-GS-270,4b48d701-6fb3-4418-a9f8-d7d9ba6d84b4,piece,28,True,,2025-06-29 09:01:53
fb385cbc-4a54-47b4-886a-9996bf368d6f,Samsung Galaxy S445,SAM-GS-445,4b48d701-6fb3-4418-a9f8-d7d9ba6d84b4,piece,89,True,,2025-05-11 09:01:53
262fe8ba-c934-4555-be19-e0c61c10e78a,Samsung Galaxy S553,SAM-GS-553,4b48d701-6fb3-4418-a9f8-d7d9ba6d84b4,piece,50,False,,2025-06-06 09:01:53
e3f3cf23-c6e7-458e-985f-c56811b28055,Samsung Galaxy S432,SAM-GS-432,4b48d701-6fb3-4418-a9f8-d7d9ba6d84b4,piece,52,True,,2025-04-24 09:01:53
e7249d59-63f0-4167-b2c5-c5a0c5575b51,Samsung Galaxy S540,SAM-GS-540,4b48d701-6fb3-4418-a9f8-d7d9ba6d84b4,piece,97,True,,2025-11-11 09:01:53
62b3905a-4356-47c3-b057-f408be871a21,iPhone 676 Pro,APL-IP-676,4b48d701-6fb3-4418-a9f8-d7d9ba6d84b4,piece,74,True,,2025-06-06 09:01:53
936d350d-837b-4948-83a1-7e04e7692c6c,iPhone 862 Pro,APL-IP-862,4b48d701-6fb3-4418-a9f8-d7d9ba6d84b4,piece,37,True,,2025-07-26 09:01:53
1363a7d8-b7c7-4d33-bfb8-f89ae7f9f5c4,iPhone 558 Pro,APL-IP-558,4b48d701-6fb3-4418-a9f8-d7d9ba6d84b4,piece,55,True,,2026-02-25 09:01:53
1a45549b-ae8a-4a78-826d-40049111b759,iPhone 391 Pro,APL-IP-391,4b48d701-6fb3-4418-a9f8-d7d9ba6d84b4,piece,81,True,,2026-01-04 09:01:53
21ef73c6-5746-4be6-930a-3817caed69e8,iPhone 409 Pro,APL-IP-409,4b48d701-6fb3-4418-a9f8-d7d9ba6d84b4,piece,5,True,,2025-11-21 09:01:53
9fe8dbe2-5bde-4f3f-827e-cc1ed78663b8,iPhone 319 Pro,APL-IP-319,4b48d701-6fb3-4418-a9f8-d7d9ba6d84b4,piece,45,True,,2025-03-26 09:01:53
5d1a9940-ff06-4a3d-a3ac-9e412ad94961,iPhone 942 Pro,APL-IP-942,4b48d701-6fb3-4418-a9f8-d7d9ba6d84b4,piece,40,False,,2025-06-26 09:01:53
58eeaf73-c05d-4389-b9fe-3e58385dbf01,iPhone 669 Pro,APL-IP-669,4b48d701-6fb3-4418-a9f8-d7d9ba6d84b4,piece,78,False,,2025-12-25 09:01:53
0d9c68d1-80c0-4aa7-b2b7-6c05635f357d,iPhone 196 Pro,APL-IP-196,4b48d701-6fb3-4418-a9f8-d7d9ba6d84b4,piece,9,True,,2025-12-25 09:01:53
53fb580f-37a2-4762-8085-8ab713ddcd76,iPhone 241 Pro,APL-IP-241,4b48d701-6fb3-4418-a9f8-d7d9ba6d84b4,piece,38,True,,2025-05-20 09:01:53
152f36a2-73d7-4e45-b7cd-f9747958da80,iPhone 355 Pro,APL-IP-355,4b48d701-6fb3-4418-a9f8-d7d9ba6d84b4,piece,34,True,,2025-10-12 09:01:53
6b88e04f-caf4-4406-bbb6-b8035dd6dd9f,iPhone 194 Pro,APL-IP-194,4b48d701-6fb3-4418-a9f8-d7d9ba6d84b4,piece,78,True,,2025-11-23 09:01:53
246ddbc2-6ded-4560-8315-bffc295ed5de,iPhone 851 Pro,APL-IP-851,4b48d701-6fb3-4418-a9f8-d7d9ba6d84b4,piece,14,True,,2025-07-10 09:01:53
b122445d-fdcf-4a6f-bba3-83dd53b21038,iPhone 277 Pro,APL-IP-277,4b48d701-6fb3-4418-a9f8-d7d9ba6d84b4,piece,67,True,,2025-03-26 09:01:53
9ba48536-b7dc-4151-881f-b52ce39e92a2,iPhone 819 Pro,APL-IP-819,4b48d701-6fb3-4418-a9f8-d7d9ba6d84b4,piece,78,True,,2026-01-25 09:01:53
a0141908-3aef-4045-9bd3-036a9dab2a31,iPhone 709 Pro,APL-IP-709,4b48d701-6fb3-4418-a9f8-d7d9ba6d84b4,piece,87,True,,2025-05-23 09:01:53
fcbac967-f3a2-439c-a6e1-2b34f8a0bfc4,iPhone 490 Pro,APL-IP-490,4b48d701-6fb3-4418-a9f8-d7d9ba6d84b4,piece,15,True,,2025-09-24 09:01:53
5a754f5f-f6e4-4f4f-b16a-2d4ec0466643,iPhone 456 Pro,APL-IP-456,4b48d701-6fb3-4418-a9f8-d7d9ba6d84b4,piece,60,True,,2026-01-12 09:01:53
347a113e-5ee1-4bae-b799-defb9086e3f3,iPhone 990 Pro,APL-IP-990,4b48d701-6fb3-4418-a9f8-d7d9ba6d84b4,piece,34,True,,2025-05-10 09:01:53
019c2507-8a90-4288-b648-923e78a39d60,iPhone 111 Pro,APL-IP-111,4b48d701-6fb3-4418-a9f8-d7d9ba6d84b4,piece,86,True,,2025-08-31 09:01:53
be8ab512-318f-4d38-8a31-297882063199,iPhone 155 Pro,APL-IP-155,4b48d701-6fb3-4418-a9f8-d7d9ba6d84b4,piece,44,True,,2025-10-02 09:01:53
0bf7e50d-44ca-47de-9de3-0c72e834b66a,iPhone 652 Pro,APL-IP-652,4b48d701-6fb3-4418-a9f8-d7d9ba6d84b4,piece,77,True,,2025-06-30 09:01:53
53f56693-77f2-407c-a29d-94adca5dda63,iPhone 814 Pro,APL-IP-814,4b48d701-6fb3-4418-a9f8-d7d9ba6d84b4,piece,33,True,,2025-04-04 09:01:53
cb00a703-f782-4639-b603-0e1d5225c577,iPhone 849 Pro,APL-IP-849,4b48d701-6fb3-4418-a9f8-d7d9ba6d84b4,piece,55,False,,2025-05-14 09:01:53
852eb330-7dd2-4886-8ceb-0ff2ffab6172,iPhone 689 Pro,APL-IP-689,4b48d701-6fb3-4418-a9f8-d7d9ba6d84b4,piece,69,True,,2025-08-05 09:01:53
7fa303e8-f472-45dc-b538-2837dafe9f4f,iPhone 396 Pro,APL-IP-396,4b48d701-6fb3-4418-a9f8-d7d9ba6d84b4,piece,55,True,,2025-09-23 09:01:53
893f0eb5-d136-4b13-ad29-9c8daaf35c4f,iPhone 184 Pro,APL-IP-184,4b48d701-6fb3-4418-a9f8-d7d9ba6d84b4,piece,65,True,,2026-02-17 09:01:53
844551ea-4788-4832-aaa1-3c9ecc22cbb7,iPhone 661 Pro,APL-IP-661,4b48d701-6fb3-4418-a9f8-d7d9ba6d84b4,piece,56,True,,2025-08-22 09:01:53
d5c90365-4275-4afd-9a57-6a5d7ed5b526,iPhone 613 Pro,APL-IP-613,4b48d701-6fb3-4418-a9f8-d7d9ba6d84b4,piece,60,True,,2026-01-07 09:01:53
039c93e3-2a1c-4a94-836c-165b35397fa0,iPhone 880 Pro,APL-IP-880,4b48d701-6fb3-4418-a9f8-d7d9ba6d84b4,piece,22,True,,2025-12-03 09:01:53
2b01cfbb-216e-49c7-9dfb-d2f0c595b7c2,iPhone 599 Pro,APL-IP-599,4b48d701-6fb3-4418-a9f8-d7d9ba6d84b4,piece,55,True,,2025-12-04 09:01:53
2dc8b034-0edf-44e6-9de8-fb83a46b03a2,iPhone 674 Pro,APL-IP-674,4b48d701-6fb3-4418-a9f8-d7d9ba6d84b4,piece,83,False,,2025-06-19 09:01:53
4c5d4a10-f339-4320-9196-1abff9c0f463,iPhone 352 Pro,APL-IP-352,4b48d701-6fb3-4418-a9f8-d7d9ba6d84b4,piece,36,True,,2025-08-06 09:01:53
33fd0a21-8c87-4f0a-b141-b22961206343,iPhone 431 Pro,APL-IP-431,4b48d701-6fb3-4418-a9f8-d7d9ba6d84b4,piece,92,False,,2026-01-28 09:01:53
01bcbfff-c5f6-474b-b535-43689ee0fead,iPhone 215 Pro,APL-IP-215,4b48d701-6fb3-4418-a9f8-d7d9ba6d84b4,piece,90,True,,2025-09-08 09:01:53
c3414a3d-7501-4a48-9d17-afd7caba3b78,iPhone 456 Pro,APL-IP-456-34,4b48d701-6fb3-4418-a9f8-d7d9ba6d84b4,piece,46,True,,2025-04-13 09:01:53
fa2a5792-4acf-4fb1-ae29-98e8495ff409,iPhone 124 Pro,APL-IP-124,4b48d701-6fb3-4418-a9f8-d7d9ba6d84b4,piece,44,True,,2025-09-16 09:01:53
fec63b63-dc23-411f-9f8f-ffd6eff9ea86,iPhone 731 Pro,APL-IP-731,4b48d701-6fb3-4418-a9f8-d7d9ba6d84b4,piece,61,True,,2025-08-01 09:01:53
00ee9c82-856b-4d56-b4f6-abf2e10922f6,iPhone 145 Pro,APL-IP-145,4b48d701-6fb3-4418-a9f8-d7d9ba6d84b4,piece,34,True,,2025-09-04 09:01:53
2ca21f62-ee59-49ab-b814-5afc3acf9abc,iPhone 259 Pro,APL-IP-259,4b48d701-6fb3-4418-a9f8-d7d9ba6d84b4,piece,98,True,,2026-01-16 09:01:53
b8e7ae75-9004-4045-a150-3e35fbe6c9c8,iPhone 857 Pro,APL-IP-857,4b48d701-6fb3-4418-a9f8-d7d9ba6d84b4,piece,11,True,,2025-05-01 09:01:53
91936cac-e892-4bac-be23-60a2395f6ce0,iPhone 251 Pro,APL-IP-251,4b48d701-6fb3-4418-a9f8-d7d9ba6d84b4,piece,41,True,,2025-03-24 09:01:53
7b699bd0-0e17-4c17-9619-806137494e2d,iPhone 923 Pro,APL-IP-923,4b48d701-6fb3-4418-a9f8-d7d9ba6d84b4,piece,19,True,,2025-07-16 09:01:53
917e3882-9cea-4494-a71c-60a8869d9bfb,iPhone 123 Pro,APL-IP-123,4b48d701-6fb3-4418-a9f8-d7d9ba6d84b4,piece,47,True,,2025-06-12 09:01:53
18e858cc-891d-47cd-879b-c8711ab8b44d,iPhone 316 Pro,APL-IP-316,4b48d701-6fb3-4418-a9f8-d7d9ba6d84b4,piece,31,True,,2025-11-02 09:01:53
8ca5bcaf-750a-45c1-b6f8-bb99746830dc,iPhone 661 Pro,APL-IP-661-71,4b48d701-6fb3-4418-a9f8-d7d9ba6d84b4,piece,84,True,,2026-01-01 09:01:53
09a4dd4a-312b-48e9-a288-18d95a4055d3,iPhone 811 Pro,APL-IP-811,4b48d701-6fb3-4418-a9f8-d7d9ba6d84b4,piece,94,True,,2025-09-03 09:01:53
f7e6d7f0-9d0b-414c-8212-12fb10d02848,iPhone 696 Pro,APL-IP-696,4b48d701-6fb3-4418-a9f8-d7d9ba6d84b4,piece,89,True,,2025-11-04 09:01:53
388a15ce-4648-48d5-bbda-f8806ebf806f,iPhone 274 Pro,APL-IP-274,4b48d701-6fb3-4418-a9f8-d7d9ba6d84b4,piece,12,True,,2025-03-23 09:01:53
db536a7b-f587-4322-ac9e-ada0fa6a3298,iPhone 732 Pro,APL-IP-732,4b48d701-6fb3-4418-a9f8-d7d9ba6d84b4,piece,39,True,,2025-04-13 09:01:53
2b921d3d-0bef-4d2c-bd53-5ff9073228c7,Boat Bassheads 108,BOA-BH-108,4b48d701-6fb3-4418-a9f8-d7d9ba6d84b4,piece,13,True,,2025-10-27 09:01:53
3122ceb3-6e8c-4362-85b8-5388ac388de6,Boat Bassheads 778,BOA-BH-778,4b48d701-6fb3-4418-a9f8-d7d9ba6d84b4,piece,89,True,,2026-01-18 09:01:53
523cd30f-9314-4da4-889e-621ecc15578b,Boat Bassheads 119,BOA-BH-119,4b48d701-6fb3-4418-a9f8-d7d9ba6d84b4,piece,42,True,,2025-04-16 09:01:53
ecf2ed28-b35d-4047-b896-d90af5a04dcf,Boat Bassheads 495,BOA-BH-495,4b48d701-6fb3-4418-a9f8-d7d9ba6d84b4,piece,34,False,,2025-06-27 09:01:53
a2183cec-cf35-4181-9f53-eab323c7e6e1,Boat Bassheads 826,BOA-BH-826,4b48d701-6fb3-4418-a9f8-d7d9ba6d84b4,piece,17,False,,2025-07-09 09:01:53
85796aef-879e-4c02-beeb-b8caa1dc440a,Boat Bassheads 987,BOA-BH-987,4b48d701-6fb3-4418-a9f8-d7d9ba6d84b4,piece,81,True,,2025-12-09 09:01:53
b83e196b-30e4-453c-9c10-44044d6ca897,Boat Bassheads 303,BOA-BH-303,4b48d701-6fb3-4418-a9f8-d7d9ba6d84b4,piece,69,False,,2025-05-31 09:01:53
88ebc1a3-cc63-4194-a5fc-af7a4a1d5bbc,Boat Bassheads 829,BOA-BH-829,4b48d701-6fb3-4418-a9f8-d7d9ba6d84b4,piece,7,True,,2025-06-16 09:01:53
a274138f-ca50-4d6f-98f7-dbb202bdcd18,Boat Bassheads 412,BOA-BH-412,4b48d701-6fb3-4418-a9f8-d7d9ba6d84b4,piece,47,True,,2025-12-24 09:01:53
0a61a5f7-b643-4d39-b067-31790cd433a0,Boat Bassheads 118,BOA-BH-118,4b48d701-6fb3-4418-a9f8-d7d9ba6d84b4,piece,49,True,,2025-09-14 09:01:53
99adc676-ac59-4ac1-be00-fd93c110ed7b,Boat Bassheads 740,BOA-BH-740,4b48d701-6fb3-4418-a9f8-d7d9ba6d84b4,piece,43,True,,2025-07-01 09:01:53
2efad48c-7662-4ab0-8585-5a1a8aeb7672,Boat Bassheads 382,BOA-BH-382,4b48d701-6fb3-4418-a9f8-d7d9ba6d84b4,piece,12,True,,2025-08-28 09:01:53
0c79f4cd-1678-4c36-9c96-0323767e15ae,Boat Bassheads 934,BOA-BH-934,4b48d701-6fb3-4418-a9f8-d7d9ba6d84b4,piece,8,False,,2025-10-22 09:01:53
01fc76ef-ed8b-4ecf-8e1d-5ea7f936cc89,Boat Bassheads 330,BOA-BH-330,4b48d701-6fb3-4418-a9f8-d7d9ba6d84b4,piece,24,True,,2025-08-25 09:01:53
96699184-627b-4c14-880d-baecefb7c4aa,Boat Bassheads 772,BOA-BH-772,4b48d701-6fb3-4418-a9f8-d7d9ba6d84b4,piece,22,True,,2025-08-31 09:01:53
8c38f2bc-c8e0-4396-810c-54fdf5c69be6,Boat Bassheads 633,BOA-BH-633,4b48d701-6fb3-4418-a9f8-d7d9ba6d84b4,piece,91,True,,2025-04-28 09:01:53
283a98cd-16a7-49f4-971f-4d0eb9f8eb01,Boat Bassheads 802,BOA-BH-802,4b48d701-6fb3-4418-a9f8-d7d9ba6d84b4,piece,34,True,,2025-05-25 09:01:53
108bff19-2a10-4208-bf9b-3ebe9b9bcd04,Boat Bassheads 256,BOA-BH-256,4b48d701-6fb3-4418-a9f8-d7d9ba6d84b4,piece,59,False,,2025-05-09 09:01:53
3c3c1a43-3263-4e26-b39b-aece523757cc,Boat Bassheads 437,BOA-BH-437,4b48d701-6fb3-4418-a9f8-d7d9ba6d84b4,piece,62,True,,2025-11-29 09:01:53
99a2255f-9874-40c4-a935-91525d6cb7e9,Boat Bassheads 768,BOA-BH-768,4b48d701-6fb3-4418-a9f8-d7d9ba6d84b4,piece,22,True,,2025-03-29 09:01:53
db2abe6f-37ff-4188-92a6-4e08ffa3874f,Boat Bassheads 919,BOA-BH-919,4b48d701-6fb3-4418-a9f8-d7d9ba6d84b4,piece,30,True,,2025-10-07 09:01:53
86fc9a18-ac81-4248-b8ae-49a7f1c0f712,Boat Bassheads 805,BOA-BH-805,4b48d701-6fb3-4418-a9f8-d7d9ba6d84b4,piece,95,True,,2026-01-04 09:01:53
0ba94068-6a4c-4315-9867-ecd01ef3426c,Boat Bassheads 540,BOA-BH-540,4b48d701-6fb3-4418-a9f8-d7d9ba6d84b4,piece,23,True,,2025-05-29 09:01:53
8bb9ca76-143a-41b6-9a2a-bc69c413dd27,Boat Bassheads 261,BOA-BH-261,4b48d701-6fb3-4418-a9f8-d7d9ba6d84b4,piece,45,True,,2025-06-15 09:01:53
9366aa63-ceb6-4dd4-9c97-32382329ba20,Boat Bassheads 836,BOA-BH-836,4b48d701-6fb3-4418-a9f8-d7d9ba6d84b4,piece,20,True,,2025-12-30 09:01:53
a835eab7-e6ab-4fb9-89ff-34c465f33a63,Boat Bassheads 844,BOA-BH-844,4b48d701-6fb3-4418-a9f8-d7d9ba6d84b4,piece,8,True,,2025-08-15 09:01:53
250fb4b5-ad40-4e99-bf6f-ae0436255f68,Boat Bassheads 521,BOA-BH-521,4b48d701-6fb3-4418-a9f8-d7d9ba6d84b4,piece,43,True,,2025-04-22 09:01:53
d3ad1cc9-f6a0-4d5f-80fe-0a4086342eeb,Boat Bassheads 856,BOA-BH-856,4b48d701-6fb3-4418-a9f8-d7d9ba6d84b4,piece,40,True,,2025-12-08 09:01:53
39e026a7-5953-4f0e-b54f-a9c1e71e28ee,Boat Bassheads 209,BOA-BH-209,4b48d701-6fb3-4418-a9f8-d7d9ba6d84b4,piece,21,True,,2025-05-05 09:01:53
d086ef91-bf10-44a2-b043-fbed6c020627,Boat Bassheads 731,BOA-BH-731,4b48d701-6fb3-4418-a9f8-d7d9ba6d84b4,piece,39,True,,2025-05-05 09:01:53
dea4c1ea-6be8-4bdd-9789-dba0cbb46b63,Boat Bassheads 336,BOA-BH-336,4b48d701-6fb3-4418-a9f8-d7d9ba6d84b4,piece,81,True,,2025-03-28 09:01:53
1b398f8e-507c-4487-807c-b4371b5bc46e,Boat Bassheads 126,BOA-BH-126,4b48d701-6fb3-4418-a9f8-d7d9ba6d84b4,piece,50,True,,2025-07-13 09:01:53
0e25eda0-ab9f-4313-a057-83e98b3e0bdf,Boat Bassheads 237,BOA-BH-237,4b48d701-6fb3-4418-a9f8-d7d9ba6d84b4,piece,69,True,,2025-07-17 09:01:53
103fec81-4fa1-4b26-bdde-b8b12646c930,Boat Bassheads 829,BOA-BH-829-93,4b48d701-6fb3-4418-a9f8-d7d9ba6d84b4,piece,52,True,,2025-08-28 09:01:53
fc250256-0955-4338-85fc-8a5052ae8512,Boat Bassheads 603,BOA-BH-603,4b48d701-6fb3-4418-a9f8-d7d9ba6d84b4,piece,65,True,,2025-12-06 09:01:53
63ed8014-23f2-4ca6-bef3-18b6ea35c55e,Boat Bassheads 331,BOA-BH-331,4b48d701-6fb3-4418-a9f8-d7d9ba6d84b4,piece,9,True,,2026-03-07 09:01:53
06f925f9-180b-47ed-a22c-625ea9feecb6,Boat Bassheads 376,BOA-BH-376,4b48d701-6fb3-4418-a9f8-d7d9ba6d84b4,piece,57,True,,2025-04-05 09:01:53
a7110bfa-8afc-4a01-b507-13f03ecefda3,Boat Bassheads 307,BOA-BH-307,4b48d701-6fb3-4418-a9f8-d7d9ba6d84b4,piece,31,True,,2025-08-02 09:01:53
a6e5e6c7-24f9-4a80-9bd9-9174d0a1e733,Boat Bassheads 987,BOA-BH-987-88,4b48d701-6fb3-4418-a9f8-d7d9ba6d84b4,piece,67,True,,2025-07-23 09:01:53
c385bf47-7cec-4023-95e7-f2886ff1ae4b,Boat Bassheads 352,BOA-BH-352,4b48d701-6fb3-4418-a9f8-d7d9ba6d84b4,piece,59,True,,2026-02-21 09:01:53
50c6be7e-a32f-4f15-989c-0fee087e80af,Boat Bassheads 722,BOA-BH-722,4b48d701-6fb3-4418-a9f8-d7d9ba6d84b4,piece,99,True,,2025-10-05 09:01:53
d11850f6-9a44-477d-b25a-d97150e5a130,Boat Bassheads 503,BOA-BH-503,4b48d701-6fb3-4418-a9f8-d7d9ba6d84b4,piece,83,False,,2025-05-26 09:01:53
1347897d-23be-46ec-8e44-a8a350cad438,Boat Bassheads 708,BOA-BH-708,4b48d701-6fb3-4418-a9f8-d7d9ba6d84b4,piece,73,True,,2025-03-19 09:01:53
cb7c9043-50b5-4d40-8c67-2ea93fa53b78,Boat Bassheads 905,BOA-BH-905,4b48d701-6fb3-4418-a9f8-d7d9ba6d84b4,piece,9,True,,2025-07-26 09:01:53
bb337b87-c5c8-4459-a47c-3f3cd962a753,Boat Bassheads 567,BOA-BH-567,4b48d701-6fb3-4418-a9f8-d7d9ba6d84b4,piece,10,True,,2025-11-09 09:01:53
7a63ed33-7d6e-4ac8-8073-45d9bcbfdbdb,Boat Bassheads 631,BOA-BH-631,4b48d701-6fb3-4418-a9f8-d7d9ba6d84b4,piece,73,True,,2026-02-22 09:01:53
1382ea03-c107-4eac-adf3-c66bd1af0f36,Boat Bassheads 671,BOA-BH-671,4b48d701-6fb3-4418-a9f8-d7d9ba6d84b4,piece,54,True,,2025-04-26 09:01:53
4a73c918-5ab7-4bcd-b2a9-8953fd942ed9,Boat Bassheads 150,BOA-BH-150,4b48d701-6fb3-4418-a9f8-d7d9ba6d84b4,piece,29,True,,2025-08-23 09:01:53
222f973b-a2b9-4e56-952e-adccb39023b5,Boat Bassheads 411,BOA-BH-411,4b48d701-6fb3-4418-a9f8-d7d9ba6d84b4,piece,41,True,,2025-08-10 09:01:53
30dc0213-e383-4b6e-bcad-1074ffcd027e,Boat Bassheads 401,BOA-BH-401,4b48d701-6fb3-4418-a9f8-d7d9ba6d84b4,piece,83,False,,2025-03-26 09:01:53
7f94f645-853c-4f99-83bf-a17fff867a13,Sony WH-629 Headphones,SON-WH-629,4b48d701-6fb3-4418-a9f8-d7d9ba6d84b4,piece,23,True,,2025-04-18 09:01:53
2a973e8b-ee53-4b8d-8fd9-ffb26b95523c,Sony WH-562 Headphones,SON-WH-562,4b48d701-6fb3-4418-a9f8-d7d9ba6d84b4,piece,16,True,,2026-01-16 09:01:53
5cdb30fb-1981-47c2-91e1-309b48709d1f,Sony WH-284 Headphones,SON-WH-284,4b48d701-6fb3-4418-a9f8-d7d9ba6d84b4,piece,79,False,,2025-03-23 09:01:53
858bd606-295b-43b2-8fc3-05052e0932dc,Sony WH-659 Headphones,SON-WH-659,4b48d701-6fb3-4418-a9f8-d7d9ba6d84b4,piece,22,True,,2025-09-30 09:01:53
6c00ded6-df7e-4b6e-ac93-6dde3415a6b2,Sony WH-561 Headphones,SON-WH-561,4b48d701-6fb3-4418-a9f8-d7d9ba6d84b4,piece,8,True,,2025-05-16 09:01:53
7858fb0d-1414-4511-80d6-6fde01910395,Sony WH-829 Headphones,SON-WH-829,4b48d701-6fb3-4418-a9f8-d7d9ba6d84b4,piece,30,True,,2026-01-27 09:01:53
eb47c339-e312-4aa9-953a-451a025dcc24,Sony WH-356 Headphones,SON-WH-356,4b48d701-6fb3-4418-a9f8-d7d9ba6d84b4,piece,46,True,,2025-03-15 09:01:53
bd07948a-2fdf-4701-9b2c-b96c22539b47,Sony WH-915 Headphones,SON-WH-915,4b48d701-6fb3-4418-a9f8-d7d9ba6d84b4,piece,25,True,,2026-01-10 09:01:53
80dcba71-bc2a-453a-a389-8d740aad0d62,Sony WH-193 Headphones,SON-WH-193,4b48d701-6fb3-4418-a9f8-d7d9ba6d84b4,piece,19,True,,2025-04-24 09:01:53
a3a0d97e-0a14-4d77-ba9b-1b6b5f376c53,Sony WH-471 Headphones,SON-WH-471,4b48d701-6fb3-4418-a9f8-d7d9ba6d84b4,piece,15,True,,2025-08-30 09:01:53
a0eb3db2-41d5-49fa-a7e4-4700d35d1de2,Sony WH-844 Headphones,SON-WH-844,4b48d701-6fb3-4418-a9f8-d7d9ba6d84b4,piece,70,True,,2025-12-23 09:01:53
486ea236-f687-4f07-988b-f4db4d8a9f11,Sony WH-487 Headphones,SON-WH-487,4b48d701-6fb3-4418-a9f8-d7d9ba6d84b4,piece,75,True,,2025-12-17 09:01:53
185f1608-15f7-4e4f-9abe-ff18c05aa8ff,Sony WH-443 Headphones,SON-WH-443,4b48d701-6fb3-4418-a9f8-d7d9ba6d84b4,piece,77,True,,2025-12-28 09:01:53
7c063c65-46fc-4b1d-8c3a-c5497ae2b88f,Sony WH-266 Headphones,SON-WH-266,4b48d701-6fb3-4418-a9f8-d7d9ba6d84b4,piece,23,True,,2025-03-15 09:01:53
f2e94e21-6a27-47b3-8f1f-28b782fe8c78,Sony WH-152 Headphones,SON-WH-152,4b48d701-6fb3-4418-a9f8-d7d9ba6d84b4,piece,58,True,,2025-07-29 09:01:53
5347a8ed-83f1-4c7c-aae1-e7557782b3ff,Sony WH-395 Headphones,SON-WH-395,4b48d701-6fb3-4418-a9f8-d7d9ba6d84b4,piece,85,True,,2026-01-06 09:01:53
0c336350-426a-438e-9b73-668a54b27da7,Sony WH-307 Headphones,SON-WH-307,4b48d701-6fb3-4418-a9f8-d7d9ba6d84b4,piece,5,True,,2025-11-05 09:01:53
75fc214c-ac74-44e7-addc-d57edc0083cc,Sony WH-112 Headphones,SON-WH-112,4b48d701-6fb3-4418-a9f8-d7d9ba6d84b4,piece,63,True,,2025-07-02 09:01:53
8a038d49-0c84-4f29-86d5-d348a912beff,Sony WH-656 Headphones,SON-WH-656,4b48d701-6fb3-4418-a9f8-d7d9ba6d84b4,piece,5,True,,2025-07-05 09:01:53
9c304332-e303-4d3a-a754-20da5d84ad17,Sony WH-343 Headphones,SON-WH-343,4b48d701-6fb3-4418-a9f8-d7d9ba6d84b4,piece,32,True,,2025-07-14 09:01:53
7ce20c04-db69-47c3-9b6f-dd3d58b54e36,Sony WH-564 Headphones,SON-WH-564,4b48d701-6fb3-4418-a9f8-d7d9ba6d84b4,piece,57,True,,2025-05-11 09:01:53
726ff380-568b-40ac-9128-16db12548b89,Sony WH-714 Headphones,SON-WH-714,4b48d701-6fb3-4418-a9f8-d7d9ba6d84b4,piece,5,True,,2025-06-07 09:01:53
9def7c74-c6e0-4320-80b5-810a5ce45c14,Sony WH-384 Headphones,SON-WH-384,4b48d701-6fb3-4418-a9f8-d7d9ba6d84b4,piece,84,True,,2025-11-28 09:01:53
6b002090-1e0b-417d-bedd-5360370ecd72,Sony WH-150 Headphones,SON-WH-150,4b48d701-6fb3-4418-a9f8-d7d9ba6d84b4,piece,28,True,,2025-04-14 09:01:53
119b889b-6147-4faf-bd5a-f223dffb047a,Sony WH-457 Headphones,SON-WH-457,4b48d701-6fb3-4418-a9f8-d7d9ba6d84b4,piece,9,True,,2026-02-26 09:01:53
f3514c73-db4c-4117-9825-f8f5ce5fedde,Sony WH-783 Headphones,SON-WH-783,4b48d701-6fb3-4418-a9f8-d7d9ba6d84b4,piece,78,True,,2025-10-13 09:01:53
58c6e46e-4833-462f-b789-682865aa7972,Sony WH-439 Headphones,SON-WH-439,4b48d701-6fb3-4418-a9f8-d7d9ba6d84b4,piece,16,True,,2025-08-13 09:01:53
0bc6572f-3bee-4ab6-84cb-4889fea4f555,Sony WH-282 Headphones,SON-WH-282,4b48d701-6fb3-4418-a9f8-d7d9ba6d84b4,piece,25,True,,2025-05-06 09:01:53
628982b2-1a8b-4404-96de-587302b5938e,Sony WH-776 Headphones,SON-WH-776,4b48d701-6fb3-4418-a9f8-d7d9ba6d84b4,piece,93,True,,2025-05-25 09:01:53
897124c2-65de-4c2c-9852-d365bec75dc2,Sony WH-906 Headphones,SON-WH-906,4b48d701-6fb3-4418-a9f8-d7d9ba6d84b4,piece,76,True,,2025-07-24 09:01:53
65b34ace-8a03-4690-a342-0226b213483f,Sony WH-867 Headphones,SON-WH-867,4b48d701-6fb3-4418-a9f8-d7d9ba6d84b4,piece,79,True,,2026-02-24 09:01:53
35aafaac-de7f-483b-a8b6-7e7b0984f3be,Sony WH-195 Headphones,SON-WH-195,4b48d701-6fb3-4418-a9f8-d7d9ba6d84b4,piece,43,True,,2025-09-01 09:01:53
8c6aac5b-7bec-4be8-9ef4-1cee1a39ae9a,Sony WH-939 Headphones,SON-WH-939,4b48d701-6fb3-4418-a9f8-d7d9ba6d84b4,piece,13,True,,2025-06-06 09:01:53
48af493f-a4bc-40cb-98d8-d218dae0d465,Sony WH-166 Headphones,SON-WH-166,4b48d701-6fb3-4418-a9f8-d7d9ba6d84b4,piece,42,True,,2026-01-11 09:01:53
64a6d86b-0ed6-45f6-b8a3-03212f972edb,Sony WH-811 Headphones,SON-WH-811,4b48d701-6fb3-4418-a9f8-d7d9ba6d84b4,piece,40,True,,2025-08-15 09:01:53
f2e57205-4230-44bd-8cc4-e6750cc52980,Sony WH-637 Headphones,SON-WH-637,4b48d701-6fb3-4418-a9f8-d7d9ba6d84b4,piece,31,True,,2025-05-05 09:01:53
ac7eb96a-5369-4bd9-bb58-108a45488c87,Sony WH-159 Headphones,SON-WH-159,4b48d701-6fb3-4418-a9f8-d7d9ba6d84b4,piece,18,True,,2025-04-26 09:01:53
5f82f9e2-1927-41c0-99ce-10c3b959c938,Sony WH-641 Headphones,SON-WH-641,4b48d701-6fb3-4418-a9f8-d7d9ba6d84b4,piece,16,True,,2025-03-27 09:01:53
fd00c541-0b89-48bd-bb05-2f0228c6c1ff,Sony WH-719 Headphones,SON-WH-719,4b48d701-6fb3-4418-a9f8-d7d9ba6d84b4,piece,95,True,,2025-05-07 09:01:53
ee577fed-5a31-437b-bf21-2e87da911439,Sony WH-968 Headphones,SON-WH-968,4b48d701-6fb3-4418-a9f8-d7d9ba6d84b4,piece,45,True,,2025-05-24 09:01:53
41187c3b-5f93-4d33-a7b4-22a0b988576b,Sony WH-738 Headphones,SON-WH-738,4b48d701-6fb3-4418-a9f8-d7d9ba6d84b4,piece,50,False,,2025-05-04 09:01:53
2f49e524-4ae4-4189-be77-02ce89a87acc,Sony WH-676 Headphones,SON-WH-676,4b48d701-6fb3-4418-a9f8-d7d9ba6d84b4,piece,68,True,,2025-04-25 09:01:53
f55d3d39-93a3-498e-9ac8-321e5f30924f,Sony WH-609 Headphones,SON-WH-609,4b48d701-6fb3-4418-a9f8-d7d9ba6d84b4,piece,68,True,,2025-05-06 09:01:53
e7fc13c9-b088-4a07-aa96-02409120d15c,Sony WH-338 Headphones,SON-WH-338,4b48d701-6fb3-4418-a9f8-d7d9ba6d84b4,piece,95,True,,2025-12-05 09:01:53
f5878dc2-b7e4-49eb-872e-a55f99ae4692,Sony WH-101 Headphones,SON-WH-101,4b48d701-6fb3-4418-a9f8-d7d9ba6d84b4,piece,20,True,,2025-04-28 09:01:53
041424e3-611b-47c4-98c3-13ffe4421ff4,Sony WH-915 Headphones,SON-WH-915-25,4b48d701-6fb3-4418-a9f8-d7d9ba6d84b4,piece,99,True,,2025-05-03 09:01:53
ec510d7a-29ae-4c9f-b97b-744abbf3e1e5,Sony WH-524 Headphones,SON-WH-524,4b48d701-6fb3-4418-a9f8-d7d9ba6d84b4,piece,57,True,,2025-09-16 09:01:53
9a39313c-c94b-4d1b-9b72-5d948d7da9f6,Sony WH-673 Headphones,SON-WH-673,4b48d701-6fb3-4418-a9f8-d7d9ba6d84b4,piece,86,True,,2025-04-21 09:01:53
62ed3f11-d835-4c8b-9f8f-73e508b00e00,Sony WH-306 Headphones,SON-WH-306,4b48d701-6fb3-4418-a9f8-d7d9ba6d84b4,piece,93,True,,2026-02-08 09:01:53
f3d6fd83-646c-484b-b1bf-cc12333f5a7e,Sony WH-415 Headphones,SON-WH-415,4b48d701-6fb3-4418-a9f8-d7d9ba6d84b4,piece,43,True,,2025-09-30 09:01:53
363c0c45-7543-4c17-bd31-ba9064317749,JBL Flip 885 Speaker,JBL-FL-885,4b48d701-6fb3-4418-a9f8-d7d9ba6d84b4,piece,5,True,,2025-09-25 09:01:53
b4d79e1a-2a60-41a2-8cf7-269a62d7790e,JBL Flip 449 Speaker,JBL-FL-449,4b48d701-6fb3-4418-a9f8-d7d9ba6d84b4,piece,55,True,,2025-05-03 09:01:53
abb77cf7-75b7-499e-8b0f-733b0276ec8e,JBL Flip 129 Speaker,JBL-FL-129,4b48d701-6fb3-4418-a9f8-d7d9ba6d84b4,piece,27,True,,2025-09-22 09:01:53
a1f1ed28-8162-4684-b8fb-a1ff2c6bd06d,JBL Flip 788 Speaker,JBL-FL-788,4b48d701-6fb3-4418-a9f8-d7d9ba6d84b4,piece,66,False,,2026-02-24 09:01:53
ead161af-5eb2-46a3-9146-2250dfe6aaab,JBL Flip 761 Speaker,JBL-FL-761,4b48d701-6fb3-4418-a9f8-d7d9ba6d84b4,piece,22,True,,2025-04-27 09:01:53
332e71d0-373b-4443-b0d7-9c907e6003dc,JBL Flip 571 Speaker,JBL-FL-571,4b48d701-6fb3-4418-a9f8-d7d9ba6d84b4,piece,73,True,,2025-07-21 09:01:53
342b3473-9cc9-4d9c-be14-89d6d153cdef,JBL Flip 902 Speaker,JBL-FL-902,4b48d701-6fb3-4418-a9f8-d7d9ba6d84b4,piece,57,False,,2026-02-14 09:01:53
6a6150fa-77cd-40de-ade0-53ee02621dd3,JBL Flip 955 Speaker,JBL-FL-955,4b48d701-6fb3-4418-a9f8-d7d9ba6d84b4,piece,71,True,,2025-04-01 09:01:53
dc2855a8-6ce5-4157-9575-dcb75d772220,JBL Flip 423 Speaker,JBL-FL-423,4b48d701-6fb3-4418-a9f8-d7d9ba6d84b4,piece,76,True,,2025-11-28 09:01:53
e8788b2f-5765-45b2-bb06-94bd489961d6,JBL Flip 691 Speaker,JBL-FL-691,4b48d701-6fb3-4418-a9f8-d7d9ba6d84b4,piece,92,True,,2025-09-14 09:01:53
d492193c-3daf-4865-b980-dbdd79c1d85b,JBL Flip 167 Speaker,JBL-FL-167,4b48d701-6fb3-4418-a9f8-d7d9ba6d84b4,piece,24,True,,2026-02-27 09:01:53
9a342b1f-28ce-4e8e-8056-5c7f47413f34,JBL Flip 447 Speaker,JBL-FL-447,4b48d701-6fb3-4418-a9f8-d7d9ba6d84b4,piece,53,True,,2025-12-20 09:01:53
4e3f6820-2efe-49f6-b3cd-8e9eeda460b1,JBL Flip 684 Speaker,JBL-FL-684,4b48d701-6fb3-4418-a9f8-d7d9ba6d84b4,piece,82,True,,2025-05-14 09:01:53
f94a7612-7eb9-4d0d-b756-f58304f3a2be,JBL Flip 219 Speaker,JBL-FL-219,4b48d701-6fb3-4418-a9f8-d7d9ba6d84b4,piece,44,True,,2025-10-04 09:01:53
ae6e097e-44cf-4738-bd56-9bc70849193f,JBL Flip 826 Speaker,JBL-FL-826,4b48d701-6fb3-4418-a9f8-d7d9ba6d84b4,piece,9,True,,2026-01-29 09:01:53
ba297a53-df08-412a-acde-3a0a24cd5359,JBL Flip 608 Speaker,JBL-FL-608,4b48d701-6fb3-4418-a9f8-d7d9ba6d84b4,piece,35,True,,2025-10-11 09:01:53
4a92e98d-d01f-4fe1-b645-0adb9c467ef0,JBL Flip 321 Speaker,JBL-FL-321,4b48d701-6fb3-4418-a9f8-d7d9ba6d84b4,piece,72,True,,2026-01-16 09:01:53
b8e4d209-226d-4261-9794-ebe56ce4f999,JBL Flip 483 Speaker,JBL-FL-483,4b48d701-6fb3-4418-a9f8-d7d9ba6d84b4,piece,9,True,,2026-01-26 09:01:53
73e1e2d1-548a-4d12-9b9d-99332b67d705,JBL Flip 554 Speaker,JBL-FL-554,4b48d701-6fb3-4418-a9f8-d7d9ba6d84b4,piece,69,True,,2025-07-10 09:01:53
2bb1a643-3623-4601-bc69-ae62f0b8dfd6,JBL Flip 612 Speaker,JBL-FL-612,4b48d701-6fb3-4418-a9f8-d7d9ba6d84b4,piece,24,True,,2025-07-10 09:01:53
c363459f-a1f8-42e4-b104-5ce5aeccc1bf,JBL Flip 850 Speaker,JBL-FL-850,4b48d701-6fb3-4418-a9f8-d7d9ba6d84b4,piece,72,True,,2025-09-28 09:01:53
04ddbe42-8aac-481a-93d6-5e90d9de3427,JBL Flip 246 Speaker,JBL-FL-246,4b48d701-6fb3-4418-a9f8-d7d9ba6d84b4,piece,17,True,,2025-06-23 09:01:53
af21aefa-24d3-4942-a793-640829990c28,JBL Flip 792 Speaker,JBL-FL-792,4b48d701-6fb3-4418-a9f8-d7d9ba6d84b4,piece,21,True,,2026-02-24 09:01:53
711c0d26-7810-45c2-9e8e-f65e5a7da3e7,JBL Flip 570 Speaker,JBL-FL-570,4b48d701-6fb3-4418-a9f8-d7d9ba6d84b4,piece,54,True,,2025-06-20 09:01:53
fd129932-db64-49c6-a085-e1ab8ae74e7f,JBL Flip 218 Speaker,JBL-FL-218,4b48d701-6fb3-4418-a9f8-d7d9ba6d84b4,piece,5,True,,2026-02-20 09:01:53
afa5ee84-d436-4934-8e85-fb51a6ef98d6,JBL Flip 803 Speaker,JBL-FL-803,4b48d701-6fb3-4418-a9f8-d7d9ba6d84b4,piece,81,True,,2025-09-25 09:01:53
801168c4-e1c9-430f-86c2-7636bf5e5b6e,JBL Flip 578 Speaker,JBL-FL-578,4b48d701-6fb3-4418-a9f8-d7d9ba6d84b4,piece,10,True,,2025-04-11 09:01:53
fcd702ae-cbe2-445c-86c8-9d24500ccb11,JBL Flip 863 Speaker,JBL-FL-863,4b48d701-6fb3-4418-a9f8-d7d9ba6d84b4,piece,44,True,,2025-10-06 09:01:53
4c7e928c-9e0d-43e5-9ba8-4fed53f64053,JBL Flip 754 Speaker,JBL-FL-754,4b48d701-6fb3-4418-a9f8-d7d9ba6d84b4,piece,31,True,,2025-12-06 09:01:53
68df34ac-90d4-46c2-9e05-fe708ac65f41,JBL Flip 393 Speaker,JBL-FL-393,4b48d701-6fb3-4418-a9f8-d7d9ba6d84b4,piece,40,True,,2025-08-01 09:01:53
3cf17cf0-87e4-4e97-ad41-0b58d2ebd511,JBL Flip 787 Speaker,JBL-FL-787,4b48d701-6fb3-4418-a9f8-d7d9ba6d84b4,piece,20,True,,2025-12-24 09:01:53
1767c81f-ef14-48d0-8ef6-5e27308bcd2f,JBL Flip 380 Speaker,JBL-FL-380,4b48d701-6fb3-4418-a9f8-d7d9ba6d84b4,piece,19,True,,2025-04-30 09:01:53
8509afad-2358-4d18-a1bc-c4509a44b4be,JBL Flip 673 Speaker,JBL-FL-673,4b48d701-6fb3-4418-a9f8-d7d9ba6d84b4,piece,70,True,,2025-06-10 09:01:53
3c4e5120-6b39-4f26-b917-ffd925945626,JBL Flip 458 Speaker,JBL-FL-458,4b48d701-6fb3-4418-a9f8-d7d9ba6d84b4,piece,75,True,,2026-01-01 09:01:53
7df190e9-5f38-4bd3-9e95-55253cdee8ff,JBL Flip 821 Speaker,JBL-FL-821,4b48d701-6fb3-4418-a9f8-d7d9ba6d84b4,piece,41,True,,2025-12-17 09:01:53
88df1e85-2560-433a-9738-34ad4dfafd8c,JBL Flip 172 Speaker,JBL-FL-172,4b48d701-6fb3-4418-a9f8-d7d9ba6d84b4,piece,44,True,,2025-09-22 09:01:53
c1fd88db-ff3e-47c7-8266-bcbf852793ad,JBL Flip 653 Speaker,JBL-FL-653,4b48d701-6fb3-4418-a9f8-d7d9ba6d84b4,piece,61,True,,2026-02-28 09:01:53
76d86111-4bf2-4139-bba2-63e231ed0f33,JBL Flip 582 Speaker,JBL-FL-582,4b48d701-6fb3-4418-a9f8-d7d9ba6d84b4,piece,91,True,,2025-08-30 09:01:53
249406a2-55d3-445a-aeab-9b762ab1485e,JBL Flip 155 Speaker,JBL-FL-155,4b48d701-6fb3-4418-a9f8-d7d9ba6d84b4,piece,16,True,,2025-12-13 09:01:53
852eebea-1646-4131-b77b-3088ca56940d,JBL Flip 821 Speaker,JBL-FL-821-86,4b48d701-6fb3-4418-a9f8-d7d9ba6d84b4,piece,80,True,,2025-03-26 09:01:53
a2ca28b0-1221-44a5-ae89-926dd8f1748e,JBL Flip 816 Speaker,JBL-FL-816,4b48d701-6fb3-4418-a9f8-d7d9ba6d84b4,piece,62,True,,2025-10-06 09:01:53
c3e0e4da-a16e-4964-bb6f-a7f646d7bb87,JBL Flip 440 Speaker,JBL-FL-440,4b48d701-6fb3-4418-a9f8-d7d9ba6d84b4,piece,30,True,,2025-04-05 09:01:53
81e2e825-6350-4640-8f2c-3c86c3a4751a,JBL Flip 928 Speaker,JBL-FL-928,4b48d701-6fb3-4418-a9f8-d7d9ba6d84b4,piece,73,True,,2025-07-19 09:01:53
ba4c7c3e-1402-4fc7-ad25-5046e771c168,JBL Flip 681 Speaker,JBL-FL-681,4b48d701-6fb3-4418-a9f8-d7d9ba6d84b4,piece,21,True,,2025-03-22 09:01:53
f212b7d4-64f0-4fce-bb65-1c5eb14e7f04,JBL Flip 579 Speaker,JBL-FL-579,4b48d701-6fb3-4418-a9f8-d7d9ba6d84b4,piece,17,True,,2025-03-29 09:01:53
e23308ce-9cd4-4a44-831c-d7fa8d123b21,JBL Flip 759 Speaker,JBL-FL-759,4b48d701-6fb3-4418-a9f8-d7d9ba6d84b4,piece,95,True,,2025-07-17 09:01:53
505b1827-fa93-4c90-aaa9-4acd2e4dfa43,JBL Flip 337 Speaker,JBL-FL-337,4b48d701-6fb3-4418-a9f8-d7d9ba6d84b4,piece,33,True,,2025-05-03 09:01:53
70a8fb6c-666f-4c78-b116-844a845fd33e,JBL Flip 364 Speaker,JBL-FL-364,4b48d701-6fb3-4418-a9f8-d7d9ba6d84b4,piece,51,True,,2025-03-21 09:01:53
82f7822f-8a1b-434c-910c-2656997ff0dd,JBL Flip 781 Speaker,JBL-FL-781,4b48d701-6fb3-4418-a9f8-d7d9ba6d84b4,piece,47,True,,2025-09-29 09:01:53
daafa332-9ad9-4fdc-86b2-7257b78037ce,JBL Flip 564 Speaker,JBL-FL-564,4b48d701-6fb3-4418-a9f8-d7d9ba6d84b4,piece,67,True,,2025-07-14 09:01:53
59621013-1c1d-45fe-816a-6fa9e672e2d6,Redmi Note 215,RED-NT-215,4b48d701-6fb3-4418-a9f8-d7d9ba6d84b4,piece,49,True,,2025-12-17 09:01:53
16aebab6-1010-4ed0-9b74-ff37d91f5601,Redmi Note 389,RED-NT-389,4b48d701-6fb3-4418-a9f8-d7d9ba6d84b4,piece,49,True,,2026-01-08 09:01:53
48650d9a-98e7-42b7-9bad-6214f00ae394,Redmi Note 620,RED-NT-620,4b48d701-6fb3-4418-a9f8-d7d9ba6d84b4,piece,18,True,,2025-03-14 09:01:53
2520c554-d3d8-477a-9efa-f194b84d7d1a,Redmi Note 915,RED-NT-915,4b48d701-6fb3-4418-a9f8-d7d9ba6d84b4,piece,18,True,,2025-04-16 09:01:53
266106fe-a0ca-4dbc-9759-c9f445d9f8ac,Redmi Note 172,RED-NT-172,4b48d701-6fb3-4418-a9f8-d7d9ba6d84b4,piece,43,True,,2025-08-21 09:01:53
1b48c462-1934-4460-af8f-80f216da7dd3,Redmi Note 704,RED-NT-704,4b48d701-6fb3-4418-a9f8-d7d9ba6d84b4,piece,57,True,,2025-11-10 09:01:53
34402f1d-9a42-4381-90b5-28e7615bff68,Redmi Note 661,RED-NT-661,4b48d701-6fb3-4418-a9f8-d7d9ba6d84b4,piece,25,False,,2025-08-30 09:01:53
7ab31c89-8e27-4443-b541-5215d940d940,Redmi Note 167,RED-NT-167,4b48d701-6fb3-4418-a9f8-d7d9ba6d84b4,piece,48,True,,2025-03-24 09:01:53
32fa8c21-0915-4d60-b91c-7e87401abb93,Redmi Note 705,RED-NT-705,4b48d701-6fb3-4418-a9f8-d7d9ba6d84b4,piece,60,True,,2025-08-04 09:01:53
e9db5ef6-0115-49d1-9e08-7d78fe7b1348,Redmi Note 680,RED-NT-680,4b48d701-6fb3-4418-a9f8-d7d9ba6d84b4,piece,48,True,,2025-11-14 09:01:53
ee576629-a509-455d-970b-1d376289710f,Redmi Note 277,RED-NT-277,4b48d701-6fb3-4418-a9f8-d7d9ba6d84b4,piece,89,True,,2025-03-15 09:01:53
855ce23d-d4e5-4049-9f31-d1bc84b70efb,Redmi Note 687,RED-NT-687,4b48d701-6fb3-4418-a9f8-d7d9ba6d84b4,piece,67,True,,2025-05-13 09:01:53
936323c0-f942-498d-84af-cd83e10e965a,Redmi Note 574,RED-NT-574,4b48d701-6fb3-4418-a9f8-d7d9ba6d84b4,piece,46,True,,2025-07-30 09:01:53
0b71e3e2-85c6-4399-87c5-0cd9ac101e7a,Redmi Note 280,RED-NT-280,4b48d701-6fb3-4418-a9f8-d7d9ba6d84b4,piece,44,False,,2026-02-07 09:01:53
9e254577-a5c0-48b7-9c28-4cf88bd70acd,Redmi Note 712,RED-NT-712,4b48d701-6fb3-4418-a9f8-d7d9ba6d84b4,piece,18,True,,2025-05-13 09:01:53
99bee5d0-f443-4352-9ad5-f6a22b3cd472,Redmi Note 889,RED-NT-889,4b48d701-6fb3-4418-a9f8-d7d9ba6d84b4,piece,53,True,,2025-04-18 09:01:53
3c6e2767-0db8-49b2-8638-2c172292315b,Redmi Note 776,RED-NT-776,4b48d701-6fb3-4418-a9f8-d7d9ba6d84b4,piece,12,True,,2026-01-02 09:01:53
e1058777-9ed8-47c0-a932-f6cf4d4714e9,Redmi Note 694,RED-NT-694,4b48d701-6fb3-4418-a9f8-d7d9ba6d84b4,piece,86,True,,2025-12-29 09:01:53
2bf139dd-e733-4258-822e-c79893050a97,Redmi Note 776,RED-NT-776-29,4b48d701-6fb3-4418-a9f8-d7d9ba6d84b4,piece,62,True,,2025-08-27 09:01:53
d0a42ec8-8266-4b51-9203-7844d254682d,Redmi Note 730,RED-NT-730,4b48d701-6fb3-4418-a9f8-d7d9ba6d84b4,piece,78,True,,2025-11-29 09:01:53
1f2b1571-dcec-4ff5-9194-a3efc436595c,Redmi Note 797,RED-NT-797,4b48d701-6fb3-4418-a9f8-d7d9ba6d84b4,piece,45,True,,2025-04-01 09:01:53
f76eecc2-ef38-4c26-8c63-06f901110d36,Redmi Note 411,RED-NT-411,4b48d701-6fb3-4418-a9f8-d7d9ba6d84b4,piece,60,True,,2025-09-19 09:01:53
4b4953f4-fea4-4c4a-bc9e-adb87ab18ab4,Redmi Note 191,RED-NT-191,4b48d701-6fb3-4418-a9f8-d7d9ba6d84b4,piece,79,True,,2025-06-26 09:01:53
da4f3a7f-faaa-4425-895b-da41b778e18a,Redmi Note 513,RED-NT-513,4b48d701-6fb3-4418-a9f8-d7d9ba6d84b4,piece,21,True,,2026-02-11 09:01:53
15197a90-64fe-43d6-8217-99915a5c2f30,Redmi Note 478,RED-NT-478,4b48d701-6fb3-4418-a9f8-d7d9ba6d84b4,piece,75,False,,2026-03-14 09:01:53
998b6d72-7466-4690-9b15-c54892d93652,Redmi Note 820,RED-NT-820,4b48d701-6fb3-4418-a9f8-d7d9ba6d84b4,piece,76,True,,2025-09-12 09:01:53
35aee7f0-03bc-4306-ab71-fd87b4acade9,Redmi Note 212,RED-NT-212,4b48d701-6fb3-4418-a9f8-d7d9ba6d84b4,piece,41,True,,2025-11-14 09:01:53
3392399c-aa83-4bb4-b729-f5a9f021cf70,Redmi Note 542,RED-NT-542,4b48d701-6fb3-4418-a9f8-d7d9ba6d84b4,piece,94,True,,2025-04-28 09:01:53
95edf5f5-0865-456b-93be-88d2c3d50657,Redmi Note 425,RED-NT-425,4b48d701-6fb3-4418-a9f8-d7d9ba6d84b4,piece,96,True,,2025-08-31 09:01:53
a2e85e8a-1f8d-4264-aba7-6af894ebbf56,Redmi Note 545,RED-NT-545,4b48d701-6fb3-4418-a9f8-d7d9ba6d84b4,piece,74,True,,2025-12-16 09:01:53
640b9873-0e3d-432b-9c1d-66d355241f37,Redmi Note 586,RED-NT-586,4b48d701-6fb3-4418-a9f8-d7d9ba6d84b4,piece,22,True,,2025-08-30 09:01:53
f0f60f9f-3e95-4727-9039-bc71298cfdf0,Redmi Note 963,RED-NT-963,4b48d701-6fb3-4418-a9f8-d7d9ba6d84b4,piece,51,True,,2025-12-26 09:01:53
40ce2d59-9717-4c71-b25e-0c63f9a81516,Redmi Note 395,RED-NT-395,4b48d701-6fb3-4418-a9f8-d7d9ba6d84b4,piece,90,True,,2026-03-09 09:01:53
6e090594-1c9c-45e9-b11c-ed4fd77c9993,Redmi Note 173,RED-NT-173,4b48d701-6fb3-4418-a9f8-d7d9ba6d84b4,piece,87,True,,2025-07-08 09:01:53
66f9eec5-932e-40f4-bbe0-4ff532423ddb,Redmi Note 773,RED-NT-773,4b48d701-6fb3-4418-a9f8-d7d9ba6d84b4,piece,60,False,,2026-01-04 09:01:53
2ed650f8-910d-45ec-ac1d-07c947c7253d,Redmi Note 186,RED-NT-186,4b48d701-6fb3-4418-a9f8-d7d9ba6d84b4,piece,22,True,,2025-08-14 09:01:53
5c26c0dd-ff74-4447-9745-10472e52a303,Redmi Note 980,RED-NT-980,4b48d701-6fb3-4418-a9f8-d7d9ba6d84b4,piece,63,True,,2025-03-23 09:01:53
60dac1d4-71cf-4e15-92cc-e188586b80d3,Redmi Note 718,RED-NT-718,4b48d701-6fb3-4418-a9f8-d7d9ba6d84b4,piece,59,True,,2025-07-25 09:01:53
f6da013e-52b7-4ec6-87b6-9a2ccb994e28,Redmi Note 621,RED-NT-621,4b48d701-6fb3-4418-a9f8-d7d9ba6d84b4,piece,59,True,,2025-07-27 09:01:53
d9182a41-c9ab-4c63-89d4-02eaed30d66c,Redmi Note 493,RED-NT-493,4b48d701-6fb3-4418-a9f8-d7d9ba6d84b4,piece,50,True,,2025-08-09 09:01:53
bd226f72-020c-4263-a441-7893dc849674,Redmi Note 719,RED-NT-719,4b48d701-6fb3-4418-a9f8-d7d9ba6d84b4,piece,5,True,,2025-11-13 09:01:53
c57427f9-79e0-403d-9f50-0188954aeed2,Redmi Note 829,RED-NT-829,4b48d701-6fb3-4418-a9f8-d7d9ba6d84b4,piece,69,True,,2025-06-08 09:01:53
25ef75f0-903c-4b95-9af8-ac5436b19b9a,Redmi Note 690,RED-NT-690,4b48d701-6fb3-4418-a9f8-d7d9ba6d84b4,piece,51,True,,2026-02-23 09:01:53
4a56c0ff-2d2d-4350-aede-3b4338a16d99,Redmi Note 681,RED-NT-681,4b48d701-6fb3-4418-a9f8-d7d9ba6d84b4,piece,66,True,,2026-01-16 09:01:53
70bbf3c6-993a-4bff-93c7-a970a35e573d,Redmi Note 694,RED-NT-694-71,4b48d701-6fb3-4418-a9f8-d7d9ba6d84b4,piece,93,True,,2025-06-18 09:01:53
46484463-d7e5-4e76-9d90-d4e3de50c917,Redmi Note 979,RED-NT-979,4b48d701-6fb3-4418-a9f8-d7d9ba6d84b4,piece,40,True,,2026-02-02 09:01:53
46fd711e-1a92-4696-a519-1f84e0433f2c,Redmi Note 635,RED-NT-635,4b48d701-6fb3-4418-a9f8-d7d9ba6d84b4,piece,83,True,,2025-07-16 09:01:53
f6f9f360-56ba-48a8-b9c0-1d1fac6ba5f8,Redmi Note 745,RED-NT-745,4b48d701-6fb3-4418-a9f8-d7d9ba6d84b4,piece,99,True,,2025-04-06 09:01:53
eab6c606-33b1-45e9-93ef-3a91391e67d3,Redmi Note 179,RED-NT-179,4b48d701-6fb3-4418-a9f8-d7d9ba6d84b4,piece,92,True,,2025-05-22 09:01:53
c64f7669-3f37-4a4c-84d2-57642e608985,Redmi Note 419,RED-NT-419,4b48d701-6fb3-4418-a9f8-d7d9ba6d84b4,piece,83,True,,2025-09-20 09:01:53
86457853-79e5-4cfb-b60a-3b89e7db4ccd,OnePlus Nord 647,ONP-ND-647,4b48d701-6fb3-4418-a9f8-d7d9ba6d84b4,piece,6,True,,2025-06-25 09:01:53
dcb3115a-8e8c-4f7a-8662-dfe5c2c9c23e,OnePlus Nord 580,ONP-ND-580,4b48d701-6fb3-4418-a9f8-d7d9ba6d84b4,piece,78,True,,2025-08-11 09:01:53
d41bc941-c053-4f09-8ec4-f7cc583bea7a,OnePlus Nord 461,ONP-ND-461,4b48d701-6fb3-4418-a9f8-d7d9ba6d84b4,piece,42,True,,2026-02-24 09:01:53
f4099c46-c4dc-4e4d-85a8-5dd8abf75a76,OnePlus Nord 811,ONP-ND-811,4b48d701-6fb3-4418-a9f8-d7d9ba6d84b4,piece,81,True,,2025-05-30 09:01:53
6608c37b-6819-4c87-807b-6a36acdffaa1,OnePlus Nord 366,ONP-ND-366,4b48d701-6fb3-4418-a9f8-d7d9ba6d84b4,piece,12,True,,2025-05-22 09:01:53
89a41316-2a03-4050-9a91-f84768865df6,OnePlus Nord 273,ONP-ND-273,4b48d701-6fb3-4418-a9f8-d7d9ba6d84b4,piece,78,True,,2025-10-16 09:01:53
1bac5300-7053-410c-983a-5ea81c81a85c,OnePlus Nord 928,ONP-ND-928,4b48d701-6fb3-4418-a9f8-d7d9ba6d84b4,piece,99,True,,2025-10-19 09:01:53
87bc49a7-4e41-4944-b90b-b05d8a3dddc0,OnePlus Nord 596,ONP-ND-596,4b48d701-6fb3-4418-a9f8-d7d9ba6d84b4,piece,15,True,,2026-02-03 09:01:53
6938c525-7376-4936-9ce0-6b68c60f3683,OnePlus Nord 971,ONP-ND-971,4b48d701-6fb3-4418-a9f8-d7d9ba6d84b4,piece,40,True,,2025-05-03 09:01:53
60e349d1-5e4a-4a3f-adc0-0470a97412c8,OnePlus Nord 387,ONP-ND-387,4b48d701-6fb3-4418-a9f8-d7d9ba6d84b4,piece,40,True,,2026-03-07 09:01:53
db29eff9-d375-4b76-8efd-063a308cd924,OnePlus Nord 859,ONP-ND-859,4b48d701-6fb3-4418-a9f8-d7d9ba6d84b4,piece,19,True,,2025-05-16 09:01:53
9aae9f98-b1e6-49f4-8f01-eb09ebca6903,OnePlus Nord 856,ONP-ND-856,4b48d701-6fb3-4418-a9f8-d7d9ba6d84b4,piece,24,True,,2025-09-06 09:01:53
c2f39c0a-df16-4e87-9ce3-e22a1ebb3b45,OnePlus Nord 927,ONP-ND-927,4b48d701-6fb3-4418-a9f8-d7d9ba6d84b4,piece,27,True,,2025-03-21 09:01:53
0699691f-ec68-402f-9543-b378f48d82e0,OnePlus Nord 341,ONP-ND-341,4b48d701-6fb3-4418-a9f8-d7d9ba6d84b4,piece,67,True,,2025-06-17 09:01:53
b8463ad7-67de-4db4-aa96-5c57de954c64,OnePlus Nord 982,ONP-ND-982,4b48d701-6fb3-4418-a9f8-d7d9ba6d84b4,piece,9,True,,2026-01-30 09:01:53
825fc5f1-5792-4b03-bd97-e16d39f5c50c,OnePlus Nord 248,ONP-ND-248,4b48d701-6fb3-4418-a9f8-d7d9ba6d84b4,piece,81,False,,2025-12-26 09:01:53
4e5c2ce6-19ca-4b64-8b17-72e62f49c4ad,OnePlus Nord 957,ONP-ND-957,4b48d701-6fb3-4418-a9f8-d7d9ba6d84b4,piece,68,True,,2025-08-15 09:01:53
899bce06-035c-478b-88c6-07271bf5e7ed,OnePlus Nord 888,ONP-ND-888,4b48d701-6fb3-4418-a9f8-d7d9ba6d84b4,piece,54,True,,2025-08-01 09:01:53
fae4044e-870b-48b8-b4d9-e34d196ffa88,OnePlus Nord 843,ONP-ND-843,4b48d701-6fb3-4418-a9f8-d7d9ba6d84b4,piece,86,True,,2025-05-23 09:01:53
4e1b5aac-3e01-4010-8c1c-a66a1224c3b3,OnePlus Nord 851,ONP-ND-851,4b48d701-6fb3-4418-a9f8-d7d9ba6d84b4,piece,49,True,,2025-10-30 09:01:53
fb1483d1-0e5d-4ef5-8dd9-04c08f5fe209,OnePlus Nord 873,ONP-ND-873,4b48d701-6fb3-4418-a9f8-d7d9ba6d84b4,piece,19,True,,2025-07-20 09:01:53
b2faff76-66b2-4a74-ae2b-c4851bf07737,OnePlus Nord 508,ONP-ND-508,4b48d701-6fb3-4418-a9f8-d7d9ba6d84b4,piece,65,True,,2025-06-15 09:01:53
4bd8b2a3-87b8-4257-8824-afd9eda9cee8,OnePlus Nord 339,ONP-ND-339,4b48d701-6fb3-4418-a9f8-d7d9ba6d84b4,piece,53,True,,2025-08-27 09:01:53
5e75c9f7-1e66-481a-a570-dbb450cbec40,OnePlus Nord 585,ONP-ND-585,4b48d701-6fb3-4418-a9f8-d7d9ba6d84b4,piece,38,True,,2025-08-04 09:01:53
f814b379-e8e4-471c-b4b7-0a9e335ed09b,OnePlus Nord 112,ONP-ND-112,4b48d701-6fb3-4418-a9f8-d7d9ba6d84b4,piece,41,False,,2025-07-28 09:01:53
9e483bab-1f59-4d3d-a58a-9b45cd79d639,OnePlus Nord 491,ONP-ND-491,4b48d701-6fb3-4418-a9f8-d7d9ba6d84b4,piece,91,True,,2025-06-16 09:01:53
523c0ae5-a2f7-4d55-b13a-e3ed9275f0f2,OnePlus Nord 799,ONP-ND-799,4b48d701-6fb3-4418-a9f8-d7d9ba6d84b4,piece,10,True,,2025-06-15 09:01:53
254716ef-0e41-4b36-a810-a17cf265076a,OnePlus Nord 752,ONP-ND-752,4b48d701-6fb3-4418-a9f8-d7d9ba6d84b4,piece,50,False,,2025-08-05 09:01:53
15e5e552-25c8-4a6f-8afe-d3044dc114d3,OnePlus Nord 725,ONP-ND-725,4b48d701-6fb3-4418-a9f8-d7d9ba6d84b4,piece,88,True,,2025-09-24 09:01:53
2d47821b-0456-41ba-90d2-069d7dd8694f,OnePlus Nord 376,ONP-ND-376,4b48d701-6fb3-4418-a9f8-d7d9ba6d84b4,piece,39,True,,2025-11-04 09:01:53
6ea2a096-850e-40ed-8710-cdd29efa4ded,OnePlus Nord 770,ONP-ND-770,4b48d701-6fb3-4418-a9f8-d7d9ba6d84b4,piece,79,True,,2025-04-03 09:01:53
5a7d5c4c-db9c-44b7-a9f6-0048eaebc228,OnePlus Nord 867,ONP-ND-867,4b48d701-6fb3-4418-a9f8-d7d9ba6d84b4,piece,35,True,,2025-05-17 09:01:53
3df33a92-ab46-4886-a405-0c301778fb7a,OnePlus Nord 888,ONP-ND-888-34,4b48d701-6fb3-4418-a9f8-d7d9ba6d84b4,piece,71,True,,2025-03-26 09:01:53
f3e95e79-2ee2-4067-b45a-a82d956d2a4f,OnePlus Nord 284,ONP-ND-284,4b48d701-6fb3-4418-a9f8-d7d9ba6d84b4,piece,45,True,,2025-04-04 09:01:53
ad82c577-d450-4031-b5bc-80cb6d063cbe,OnePlus Nord 108,ONP-ND-108,4b48d701-6fb3-4418-a9f8-d7d9ba6d84b4,piece,13,True,,2026-01-23 09:01:53
f7e35fa1-e948-48ad-a1ff-b38144eca6c8,OnePlus Nord 637,ONP-ND-637,4b48d701-6fb3-4418-a9f8-d7d9ba6d84b4,piece,18,True,,2025-09-16 09:01:53
5c9f1d7a-51f5-4f02-a325-a255308b0569,OnePlus Nord 324,ONP-ND-324,4b48d701-6fb3-4418-a9f8-d7d9ba6d84b4,piece,97,True,,2025-12-06 09:01:53
83900561-3947-4390-94da-1a9a5c75be82,OnePlus Nord 134,ONP-ND-134,4b48d701-6fb3-4418-a9f8-d7d9ba6d84b4,piece,8,True,,2026-02-13 09:01:53
245278fb-cef4-4f10-b92a-3e62e3c0e44b,OnePlus Nord 708,ONP-ND-708,4b48d701-6fb3-4418-a9f8-d7d9ba6d84b4,piece,89,True,,2025-11-23 09:01:53
8d98fd87-83ee-450a-a823-582fc2f9dd3e,OnePlus Nord 713,ONP-ND-713,4b48d701-6fb3-4418-a9f8-d7d9ba6d84b4,piece,86,True,,2026-01-12 09:01:53
1db0430f-8135-4f79-8209-5dbb2026a5e4,OnePlus Nord 188,ONP-ND-188,4b48d701-6fb3-4418-a9f8-d7d9ba6d84b4,piece,82,True,,2025-04-12 09:01:53
5e564b5a-6ad7-4edc-ac4c-a5fdbb409a7d,OnePlus Nord 882,ONP-ND-882,4b48d701-6fb3-4418-a9f8-d7d9ba6d84b4,piece,87,True,,2025-12-10 09:01:53
687efa70-cc9b-4b4c-9e25-be0018b73dbf,OnePlus Nord 213,ONP-ND-213,4b48d701-6fb3-4418-a9f8-d7d9ba6d84b4,piece,94,True,,2025-10-15 09:01:53
3d600ce3-e906-4f4f-8352-cd3738946568,OnePlus Nord 578,ONP-ND-578,4b48d701-6fb3-4418-a9f8-d7d9ba6d84b4,piece,89,False,,2025-04-21 09:01:53
0373da3f-2c4a-417a-8438-533dfa9df257,OnePlus Nord 564,ONP-ND-564,4b48d701-6fb3-4418-a9f8-d7d9ba6d84b4,piece,40,True,,2025-03-25 09:01:53
3823d70e-488c-4c20-a3be-4db8a71e82a0,OnePlus Nord 783,ONP-ND-783,4b48d701-6fb3-4418-a9f8-d7d9ba6d84b4,piece,46,True,,2026-02-05 09:01:53
108f9311-24a7-45f6-be53-3132008cb422,OnePlus Nord 383,ONP-ND-383,4b48d701-6fb3-4418-a9f8-d7d9ba6d84b4,piece,12,True,,2025-09-25 09:01:53
da941c05-f26a-4af2-9e6b-1056cf948151,OnePlus Nord 161,ONP-ND-161,4b48d701-6fb3-4418-a9f8-d7d9ba6d84b4,piece,38,False,,2025-10-30 09:01:53
9a11f04d-ab4b-47e6-811a-08a427c01c46,OnePlus Nord 282,ONP-ND-282,4b48d701-6fb3-4418-a9f8-d7d9ba6d84b4,piece,61,True,,2025-12-02 09:01:53
ff3f7dda-9b42-4f60-9530-9ad22163b89b,OnePlus Nord 724,ONP-ND-724,4b48d701-6fb3-4418-a9f8-d7d9ba6d84b4,piece,55,True,,2025-07-06 09:01:53
15205929-b025-4c36-aa6b-c33687efd3c6,Lenovo Tab 211,LEN-TB-211,4b48d701-6fb3-4418-a9f8-d7d9ba6d84b4,piece,23,True,,2025-08-06 09:01:53
249f99e4-547c-4b6f-ac96-df69efa56d4a,Lenovo Tab 323,LEN-TB-323,4b48d701-6fb3-4418-a9f8-d7d9ba6d84b4,piece,83,True,,2025-07-31 09:01:53
25aadcaf-5839-423c-86d6-0d5e88c13bc3,Lenovo Tab 832,LEN-TB-832,4b48d701-6fb3-4418-a9f8-d7d9ba6d84b4,piece,38,True,,2026-02-05 09:01:53
78fc6b63-01da-45a1-bc65-058942da8123,Lenovo Tab 172,LEN-TB-172,4b48d701-6fb3-4418-a9f8-d7d9ba6d84b4,piece,78,True,,2025-07-29 09:01:53
30e5775f-8370-49d4-8bab-fbd65ad000d9,Lenovo Tab 119,LEN-TB-119,4b48d701-6fb3-4418-a9f8-d7d9ba6d84b4,piece,68,True,,2025-04-21 09:01:53
f4f7d011-e49b-4b2c-933e-5d3ab90865d6,Lenovo Tab 100,LEN-TB-100,4b48d701-6fb3-4418-a9f8-d7d9ba6d84b4,piece,9,True,,2025-10-29 09:01:53
b3e51bdd-2bbc-4378-9029-54bc48bc8bca,Lenovo Tab 255,LEN-TB-255,4b48d701-6fb3-4418-a9f8-d7d9ba6d84b4,piece,94,True,,2025-08-26 09:01:53
df4eded4-3043-4e18-a733-1113c2665691,Lenovo Tab 688,LEN-TB-688,4b48d701-6fb3-4418-a9f8-d7d9ba6d84b4,piece,5,True,,2025-07-06 09:01:53
2325bef0-b554-4391-a449-76a0920e642b,Lenovo Tab 589,LEN-TB-589,4b48d701-6fb3-4418-a9f8-d7d9ba6d84b4,piece,60,True,,2026-02-07 09:01:53
db91053f-d109-4696-96b4-b7295c134083,Lenovo Tab 653,LEN-TB-653,4b48d701-6fb3-4418-a9f8-d7d9ba6d84b4,piece,33,True,,2025-03-27 09:01:53
badf9615-bea0-4bb1-8857-558c0f6b60d5,Lenovo Tab 937,LEN-TB-937,4b48d701-6fb3-4418-a9f8-d7d9ba6d84b4,piece,66,True,,2025-06-13 09:01:53
f1c4424d-25cf-4bb0-98a2-fd0384108f14,Lenovo Tab 467,LEN-TB-467,4b48d701-6fb3-4418-a9f8-d7d9ba6d84b4,piece,47,True,,2025-08-21 09:01:53
b90810d5-6f20-44d9-a23e-f61e39f3ef44,Lenovo Tab 156,LEN-TB-156,4b48d701-6fb3-4418-a9f8-d7d9ba6d84b4,piece,85,False,,2025-04-17 09:01:53
2eb54ca7-a386-43ea-8700-452e89dae977,Lenovo Tab 192,LEN-TB-192,4b48d701-6fb3-4418-a9f8-d7d9ba6d84b4,piece,51,True,,2025-09-21 09:01:53
4c498404-a327-4d45-8b3f-48f082f50ba7,Lenovo Tab 182,LEN-TB-182,4b48d701-6fb3-4418-a9f8-d7d9ba6d84b4,piece,63,True,,2025-10-17 09:01:53
2625172b-ad1a-41f3-8c13-54c47a27e55e,Lenovo Tab 763,LEN-TB-763,4b48d701-6fb3-4418-a9f8-d7d9ba6d84b4,piece,30,True,,2026-02-22 09:01:53
7a986169-cec1-4430-b92d-a3402c3b7aa9,Lenovo Tab 493,LEN-TB-493,4b48d701-6fb3-4418-a9f8-d7d9ba6d84b4,piece,89,True,,2025-03-23 09:01:53
d3d88679-4923-4568-80af-4b80948a5739,Lenovo Tab 499,LEN-TB-499,4b48d701-6fb3-4418-a9f8-d7d9ba6d84b4,piece,18,True,,2025-09-12 09:01:53
93b86d93-5b0d-42c9-98f4-4e94c59b3208,Lenovo Tab 598,LEN-TB-598,4b48d701-6fb3-4418-a9f8-d7d9ba6d84b4,piece,15,True,,2025-08-02 09:01:53
c1414cce-41c4-4e7c-9493-b373a764e07d,Lenovo Tab 852,LEN-TB-852,4b48d701-6fb3-4418-a9f8-d7d9ba6d84b4,piece,29,True,,2025-12-06 09:01:53
f3400080-4938-4bcc-82d9-01ccd6498aed,Lenovo Tab 125,LEN-TB-125,4b48d701-6fb3-4418-a9f8-d7d9ba6d84b4,piece,97,False,,2025-11-12 09:01:53
4fc0bb68-3fe2-4eaa-9d75-8f65cce42ac6,Lenovo Tab 600,LEN-TB-600,4b48d701-6fb3-4418-a9f8-d7d9ba6d84b4,piece,54,True,,2025-06-11 09:01:53
79fd1dce-caeb-4c96-b68a-0bf5961516f7,Lenovo Tab 758,LEN-TB-758,4b48d701-6fb3-4418-a9f8-d7d9ba6d84b4,piece,44,True,,2025-07-27 09:01:53
f801a811-e2a7-458d-bed1-b0ece7019012,Lenovo Tab 116,LEN-TB-116,4b48d701-6fb3-4418-a9f8-d7d9ba6d84b4,piece,9,True,,2025-09-23 09:01:53
24c42da7-4060-4204-bf3b-9bc6ebf3edd7,Lenovo Tab 906,LEN-TB-906,4b48d701-6fb3-4418-a9f8-d7d9ba6d84b4,piece,97,True,,2026-01-13 09:01:53
af702aa1-f424-4d0f-a4b6-10681ef8b0ae,Lenovo Tab 316,LEN-TB-316,4b48d701-6fb3-4418-a9f8-d7d9ba6d84b4,piece,88,True,,2025-07-23 09:01:53
38dcb920-4532-4274-85bf-1363151223a9,Lenovo Tab 794,LEN-TB-794,4b48d701-6fb3-4418-a9f8-d7d9ba6d84b4,piece,73,True,,2025-05-22 09:01:53
264e3b75-d087-4fdc-ad8c-61705ba762da,Lenovo Tab 338,LEN-TB-338,4b48d701-6fb3-4418-a9f8-d7d9ba6d84b4,piece,14,True,,2026-01-01 09:01:53
dcf727db-53df-4b2b-a18a-06a747e159c2,Lenovo Tab 600,LEN-TB-600-93,4b48d701-6fb3-4418-a9f8-d7d9ba6d84b4,piece,7,True,,2025-05-02 09:01:53
c7fd885f-1543-4ab2-b6cd-76402b15a63e,Lenovo Tab 146,LEN-TB-146,4b48d701-6fb3-4418-a9f8-d7d9ba6d84b4,piece,36,True,,2026-01-07 09:01:53
37fc96a2-109b-4765-88bd-1e32f2b4fa54,Lenovo Tab 114,LEN-TB-114,4b48d701-6fb3-4418-a9f8-d7d9ba6d84b4,piece,27,True,,2025-10-08 09:01:53
bd4f4179-55f9-411e-a500-e4253d7526d2,Lenovo Tab 940,LEN-TB-940,4b48d701-6fb3-4418-a9f8-d7d9ba6d84b4,piece,17,True,,2025-12-17 09:01:53
2acaec17-9e1e-4846-9741-870baa634b1d,Lenovo Tab 955,LEN-TB-955,4b48d701-6fb3-4418-a9f8-d7d9ba6d84b4,piece,80,True,,2026-01-19 09:01:53
6cb3bcd3-d9ed-4258-a7eb-c88abaa4cfe8,Lenovo Tab 216,LEN-TB-216,4b48d701-6fb3-4418-a9f8-d7d9ba6d84b4,piece,68,True,,2025-05-03 09:01:53
fe56b048-1547-434b-8abc-0d86663c3158,Lenovo Tab 325,LEN-TB-325,4b48d701-6fb3-4418-a9f8-d7d9ba6d84b4,piece,13,True,,2025-08-08 09:01:53
0f1f5fe2-82f1-49a1-9145-7e17ca54408f,Lenovo Tab 445,LEN-TB-445,4b48d701-6fb3-4418-a9f8-d7d9ba6d84b4,piece,99,True,,2025-09-29 09:01:53
bc8873f1-ad87-468e-986f-1f28cc86308c,Lenovo Tab 223,LEN-TB-223,4b48d701-6fb3-4418-a9f8-d7d9ba6d84b4,piece,92,True,,2026-01-03 09:01:53
0025f785-74fd-47de-a90e-5ce3cb0b6434,Lenovo Tab 429,LEN-TB-429,4b48d701-6fb3-4418-a9f8-d7d9ba6d84b4,piece,32,True,,2025-05-15 09:01:53
80cf0fc0-bf92-459b-8662-1b99bbe06799,Lenovo Tab 277,LEN-TB-277,4b48d701-6fb3-4418-a9f8-d7d9ba6d84b4,piece,47,True,,2025-10-25 09:01:53
2d1d14b5-8f58-4360-ab24-6430d7f4211d,Lenovo Tab 244,LEN-TB-244,4b48d701-6fb3-4418-a9f8-d7d9ba6d84b4,piece,58,True,,2025-09-06 09:01:53
25ce1611-bb3b-4087-b5ab-7075422be234,Lenovo Tab 666,LEN-TB-666,4b48d701-6fb3-4418-a9f8-d7d9ba6d84b4,piece,26,True,,2025-05-21 09:01:53
d3d45a5f-683f-4d12-922b-7c7251074d75,Lenovo Tab 141,LEN-TB-141,4b48d701-6fb3-4418-a9f8-d7d9ba6d84b4,piece,22,True,,2025-04-25 09:01:53
e516ec2e-63a0-4f35-b42a-8dfe4c5d5ff8,Lenovo Tab 727,LEN-TB-727,4b48d701-6fb3-4418-a9f8-d7d9ba6d84b4,piece,53,True,,2026-03-06 09:01:53
3b4f6505-7a59-44ce-9ef5-3eb756fe16cd,Lenovo Tab 598,LEN-TB-598-20,4b48d701-6fb3-4418-a9f8-d7d9ba6d84b4,piece,5,True,,2026-01-28 09:01:53
792de7a0-16da-4e13-b792-8226388131d1,Lenovo Tab 823,LEN-TB-823,4b48d701-6fb3-4418-a9f8-d7d9ba6d84b4,piece,88,True,,2025-10-20 09:01:53
1310946e-b0f9-400d-94b1-05702f290875,Lenovo Tab 526,LEN-TB-526,4b48d701-6fb3-4418-a9f8-d7d9ba6d84b4,piece,93,True,,2025-07-14 09:01:53
32cffd96-54d0-4cde-8b20-3829959e8d1d,Lenovo Tab 808,LEN-TB-808,4b48d701-6fb3-4418-a9f8-d7d9ba6d84b4,piece,21,True,,2025-04-21 09:01:53
28a04ac2-24e7-400c-acea-54be8139a85b,Lenovo Tab 377,LEN-TB-377,4b48d701-6fb3-4418-a9f8-d7d9ba6d84b4,piece,71,True,,2025-11-12 09:01:53
32934bd0-b098-43d1-8b94-d59559dca428,Lenovo Tab 278,LEN-TB-278,4b48d701-6fb3-4418-a9f8-d7d9ba6d84b4,piece,83,True,,2025-05-13 09:01:53
a5b57205-38d5-4efa-a19f-236de7f29492,Lenovo Tab 284,LEN-TB-284,4b48d701-6fb3-4418-a9f8-d7d9ba6d84b4,piece,96,True,,2026-01-28 09:01:53
8f7dd8eb-24a5-42e7-97ca-b61fa77e1f88,HP Laptop 742i,HP-LP-742,4b48d701-6fb3-4418-a9f8-d7d9ba6d84b4,piece,43,True,,2026-03-12 09:01:53
703e00af-0523-40a4-a464-e0f368778406,HP Laptop 671i,HP-LP-671,4b48d701-6fb3-4418-a9f8-d7d9ba6d84b4,piece,35,True,,2025-06-16 09:01:53
7bacf381-1cbc-409e-a0ca-5d2b0939eafd,HP Laptop 197i,HP-LP-197,4b48d701-6fb3-4418-a9f8-d7d9ba6d84b4,piece,84,True,,2025-06-11 09:01:53
169caecc-ed26-4dcd-a41e-316c9ffa5abe,HP Laptop 619i,HP-LP-619,4b48d701-6fb3-4418-a9f8-d7d9ba6d84b4,piece,33,True,,2025-04-28 09:01:53
eac9585a-dd3d-428e-bb62-0fb903ab6f00,HP Laptop 775i,HP-LP-775,4b48d701-6fb3-4418-a9f8-d7d9ba6d84b4,piece,31,True,,2025-12-05 09:01:53
16607cb9-cc46-4811-98b2-a8b057072e8a,HP Laptop 215i,HP-LP-215,4b48d701-6fb3-4418-a9f8-d7d9ba6d84b4,piece,24,True,,2025-07-15 09:01:53
4e4a9a13-5f62-4b0d-913e-3582ada516c9,HP Laptop 609i,HP-LP-609,4b48d701-6fb3-4418-a9f8-d7d9ba6d84b4,piece,27,True,,2026-02-20 09:01:53
a03eaa6f-080d-43b0-ad30-7f04acdec92b,HP Laptop 155i,HP-LP-155,4b48d701-6fb3-4418-a9f8-d7d9ba6d84b4,piece,87,True,,2025-11-27 09:01:53
304bdd4d-6508-4fba-8dbd-a6c595372b36,HP Laptop 545i,HP-LP-545,4b48d701-6fb3-4418-a9f8-d7d9ba6d84b4,piece,37,True,,2025-07-25 09:01:53
0afbb832-3a04-4724-a6b5-bf6c631a04f1,HP Laptop 144i,HP-LP-144,4b48d701-6fb3-4418-a9f8-d7d9ba6d84b4,piece,18,True,,2025-06-12 09:01:53
b746b781-e779-42ab-b7d6-0d29b6eff62a,HP Laptop 280i,HP-LP-280,4b48d701-6fb3-4418-a9f8-d7d9ba6d84b4,piece,25,True,,2025-07-09 09:01:53
b4473924-3ef8-4c49-a6e8-aa06975ed7ee,HP Laptop 627i,HP-LP-627,4b48d701-6fb3-4418-a9f8-d7d9ba6d84b4,piece,19,True,,2025-11-14 09:01:53
a2a3f53a-3664-4a6d-8230-6875a7c23da4,HP Laptop 838i,HP-LP-838,4b48d701-6fb3-4418-a9f8-d7d9ba6d84b4,piece,61,True,,2025-09-29 09:01:53
ed1f6c28-5d0f-4d9b-87f0-d3d2390d1c3b,HP Laptop 529i,HP-LP-529,4b48d701-6fb3-4418-a9f8-d7d9ba6d84b4,piece,30,True,,2025-09-29 09:01:53
e60cb43a-637a-4826-947c-a6ec0fda0a19,HP Laptop 335i,HP-LP-335,4b48d701-6fb3-4418-a9f8-d7d9ba6d84b4,piece,19,True,,2026-01-23 09:01:53
f9d8ec39-87f9-4b47-9af6-dacdbec9ff62,HP Laptop 342i,HP-LP-342,4b48d701-6fb3-4418-a9f8-d7d9ba6d84b4,piece,99,True,,2025-12-02 09:01:53
a5b9f827-cf6e-4203-a181-33b73b2b9c72,HP Laptop 484i,HP-LP-484,4b48d701-6fb3-4418-a9f8-d7d9ba6d84b4,piece,33,True,,2025-05-19 09:01:53
1316dbb0-7ac7-430d-b0ec-d62c295f5226,HP Laptop 596i,HP-LP-596,4b48d701-6fb3-4418-a9f8-d7d9ba6d84b4,piece,11,True,,2025-12-30 09:01:53
d327677b-aadf-4f11-8d56-bab3ab3ef17b,HP Laptop 321i,HP-LP-321,4b48d701-6fb3-4418-a9f8-d7d9ba6d84b4,piece,83,True,,2025-08-28 09:01:53
3d85d6b5-c84b-4a3c-8759-e93c939c1548,HP Laptop 482i,HP-LP-482,4b48d701-6fb3-4418-a9f8-d7d9ba6d84b4,piece,22,True,,2025-12-05 09:01:53
5c522b60-458d-49ec-91f2-63ed3422dd4f,HP Laptop 747i,HP-LP-747,4b48d701-6fb3-4418-a9f8-d7d9ba6d84b4,piece,50,False,,2025-12-01 09:01:53
d1de4153-cbb9-4008-85da-af64077b500d,HP Laptop 443i,HP-LP-443,4b48d701-6fb3-4418-a9f8-d7d9ba6d84b4,piece,21,True,,2025-05-27 09:01:53
691cab19-3d8b-415f-9049-41ea69df7e42,HP Laptop 161i,HP-LP-161,4b48d701-6fb3-4418-a9f8-d7d9ba6d84b4,piece,40,True,,2025-07-19 09:01:53
70fa9037-3578-4ef7-8d7c-356c893df242,HP Laptop 569i,HP-LP-569,4b48d701-6fb3-4418-a9f8-d7d9ba6d84b4,piece,58,True,,2025-09-20 09:01:53
12f034d8-56fe-47e6-ae39-4ccdb5f0fd48,HP Laptop 325i,HP-LP-325,4b48d701-6fb3-4418-a9f8-d7d9ba6d84b4,piece,42,True,,2025-04-22 09:01:53
f0762da0-89b6-417d-b634-a8754f564213,HP Laptop 726i,HP-LP-726,4b48d701-6fb3-4418-a9f8-d7d9ba6d84b4,piece,26,True,,2025-06-04 09:01:53
2d4dec12-041e-4e6f-90fb-ccbd38e61ef3,HP Laptop 975i,HP-LP-975,4b48d701-6fb3-4418-a9f8-d7d9ba6d84b4,piece,34,True,,2025-06-20 09:01:53
485dd87b-5770-48ad-8150-ef593c455b86,HP Laptop 600i,HP-LP-600,4b48d701-6fb3-4418-a9f8-d7d9ba6d84b4,piece,32,True,,2025-07-21 09:01:53
467132fb-ce57-44f1-9c11-5e273c2180ff,HP Laptop 385i,HP-LP-385,4b48d701-6fb3-4418-a9f8-d7d9ba6d84b4,piece,6,True,,2025-11-08 09:01:53
a6fe2143-59a0-443b-9a9b-942355d6d91b,HP Laptop 353i,HP-LP-353,4b48d701-6fb3-4418-a9f8-d7d9ba6d84b4,piece,46,True,,2025-11-21 09:01:53
b583bb4a-dd0c-4326-82cf-e1ff7f97e291,HP Laptop 705i,HP-LP-705,4b48d701-6fb3-4418-a9f8-d7d9ba6d84b4,piece,24,False,,2026-03-12 09:01:53
c78b8288-845c-4406-a606-8d83612cbe5e,HP Laptop 527i,HP-LP-527,4b48d701-6fb3-4418-a9f8-d7d9ba6d84b4,piece,10,True,,2025-07-17 09:01:53
45ed137f-5a79-47fc-86d1-4524484d2a4d,HP Laptop 851i,HP-LP-851,4b48d701-6fb3-4418-a9f8-d7d9ba6d84b4,piece,69,True,,2025-06-16 09:01:53
06d8ec04-1116-48f0-ad7e-c2d793c2e3ac,HP Laptop 503i,HP-LP-503,4b48d701-6fb3-4418-a9f8-d7d9ba6d84b4,piece,66,True,,2025-03-23 09:01:53
e31c9647-4ee0-4a69-9998-b90ec519c06f,HP Laptop 941i,HP-LP-941,4b48d701-6fb3-4418-a9f8-d7d9ba6d84b4,piece,17,True,,2025-11-11 09:01:53
4880472f-b11a-4dd3-9d34-934cab0039b7,HP Laptop 185i,HP-LP-185,4b48d701-6fb3-4418-a9f8-d7d9ba6d84b4,piece,76,True,,2025-03-25 09:01:53
f42b84c8-2b21-4747-bbd9-b8ddd6a732dc,HP Laptop 849i,HP-LP-849,4b48d701-6fb3-4418-a9f8-d7d9ba6d84b4,piece,57,False,,2026-01-06 09:01:53
84448b43-610c-4eeb-aa25-3d71e0a5ad0a,HP Laptop 467i,HP-LP-467,4b48d701-6fb3-4418-a9f8-d7d9ba6d84b4,piece,42,True,,2026-01-27 09:01:53
8d584bcc-dbaf-421d-a64f-9984875412ba,HP Laptop 116i,HP-LP-116,4b48d701-6fb3-4418-a9f8-d7d9ba6d84b4,piece,66,True,,2025-12-22 09:01:53
e2a056b6-c107-42de-94c9-a3eef3675679,HP Laptop 820i,HP-LP-820,4b48d701-6fb3-4418-a9f8-d7d9ba6d84b4,piece,63,True,,2025-05-20 09:01:53
240d812c-4d21-4db5-8f02-0ae1b6c279a2,HP Laptop 124i,HP-LP-124,4b48d701-6fb3-4418-a9f8-d7d9ba6d84b4,piece,63,True,,2026-01-03 09:01:53
afb8b973-a332-4009-b861-35997cccbb9d,HP Laptop 995i,HP-LP-995,4b48d701-6fb3-4418-a9f8-d7d9ba6d84b4,piece,95,True,,2025-09-06 09:01:53
66442ee9-0b5b-40a7-a12c-895aa89c06f4,HP Laptop 741i,HP-LP-741,4b48d701-6fb3-4418-a9f8-d7d9ba6d84b4,piece,64,True,,2026-03-14 09:01:53
9700f4c4-0463-4919-af91-f8c7152583f5,HP Laptop 981i,HP-LP-981,4b48d701-6fb3-4418-a9f8-d7d9ba6d84b4,piece,85,True,,2025-03-26 09:01:53
a8ea2c87-3281-4c10-8a5a-50cd8751f4b5,HP Laptop 440i,HP-LP-440,4b48d701-6fb3-4418-a9f8-d7d9ba6d84b4,piece,72,True,,2025-08-08 09:01:53
48b95444-c145-4565-9897-6d77f57685da,HP Laptop 870i,HP-LP-870,4b48d701-6fb3-4418-a9f8-d7d9ba6d84b4,piece,39,True,,2025-05-05 09:01:53
8c4b0bfe-d2d0-42a2-ba57-0914aaca2602,HP Laptop 655i,HP-LP-655,4b48d701-6fb3-4418-a9f8-d7d9ba6d84b4,piece,78,True,,2025-03-29 09:01:53
9d119ce4-de4f-4b53-9da7-5af7c73e682e,HP Laptop 182i,HP-LP-182,4b48d701-6fb3-4418-a9f8-d7d9ba6d84b4,piece,84,True,,2026-02-14 09:01:53
575f21ec-346b-4a59-8ba9-2e494af4807f,HP Laptop 627i,HP-LP-627-96,4b48d701-6fb3-4418-a9f8-d7d9ba6d84b4,piece,51,True,,2026-01-17 09:01:53
481d7b05-542b-4bcb-9364-b56b83a21757,HP Laptop 492i,HP-LP-492,4b48d701-6fb3-4418-a9f8-d7d9ba6d84b4,piece,51,True,,2026-02-22 09:01:53
3907b625-830f-4524-b843-a12b1fbe44d5,Dell Inspiron 474,DEL-IN-474,4b48d701-6fb3-4418-a9f8-d7d9ba6d84b4,piece,51,True,,2025-06-01 09:01:53
11e577df-9b1c-4d85-b09f-b9b907d9f9c0,Dell Inspiron 821,DEL-IN-821,4b48d701-6fb3-4418-a9f8-d7d9ba6d84b4,piece,13,True,,2025-11-30 09:01:53
d311af32-c922-4156-af12-a9ec62a8b114,Dell Inspiron 241,DEL-IN-241,4b48d701-6fb3-4418-a9f8-d7d9ba6d84b4,piece,47,True,,2026-01-15 09:01:53
5cde4c87-38b9-40e6-a61f-de00d1c02bc0,Dell Inspiron 764,DEL-IN-764,4b48d701-6fb3-4418-a9f8-d7d9ba6d84b4,piece,66,True,,2025-05-21 09:01:53
5e4e24cf-dff7-4565-8bf9-8f758c5602dc,Dell Inspiron 992,DEL-IN-992,4b48d701-6fb3-4418-a9f8-d7d9ba6d84b4,piece,94,True,,2025-11-19 09:01:53
ce85e45a-4489-449a-89aa-a822e49d4484,Dell Inspiron 428,DEL-IN-428,4b48d701-6fb3-4418-a9f8-d7d9ba6d84b4,piece,50,True,,2025-06-30 09:01:53
5507ecaf-2811-40ac-94e3-d34a4c3eedd6,Dell Inspiron 796,DEL-IN-796,4b48d701-6fb3-4418-a9f8-d7d9ba6d84b4,piece,59,True,,2026-02-10 09:01:53
9620cf86-55c5-4feb-b9ba-0d67ee1b9862,Dell Inspiron 481,DEL-IN-481,4b48d701-6fb3-4418-a9f8-d7d9ba6d84b4,piece,49,True,,2025-07-01 09:01:53
5dbb8ade-794c-42c6-9ea4-7c8c15cac5a7,Dell Inspiron 639,DEL-IN-639,4b48d701-6fb3-4418-a9f8-d7d9ba6d84b4,piece,20,True,,2025-06-15 09:01:53
7bf3a7a2-276e-408b-872b-39de1342f856,Dell Inspiron 794,DEL-IN-794,4b48d701-6fb3-4418-a9f8-d7d9ba6d84b4,piece,73,True,,2025-07-26 09:01:53
b96b9594-eef3-4fc5-a308-d81b0cbfb598,Dell Inspiron 735,DEL-IN-735,4b48d701-6fb3-4418-a9f8-d7d9ba6d84b4,piece,52,True,,2025-03-25 09:01:53
d199dcbe-b5a8-4f67-ae0e-4f8b96e936f7,Dell Inspiron 928,DEL-IN-928,4b48d701-6fb3-4418-a9f8-d7d9ba6d84b4,piece,13,True,,2025-07-23 09:01:53
d9c9b56b-a425-4564-b5fb-73905a32de78,Dell Inspiron 189,DEL-IN-189,4b48d701-6fb3-4418-a9f8-d7d9ba6d84b4,piece,15,True,,2025-12-13 09:01:53
4a47b8cc-99e5-4bf3-b66e-7e66ba142c27,Dell Inspiron 395,DEL-IN-395,4b48d701-6fb3-4418-a9f8-d7d9ba6d84b4,piece,14,True,,2025-10-24 09:01:53
88568c20-91aa-4e93-861a-6fb5e358625f,Dell Inspiron 214,DEL-IN-214,4b48d701-6fb3-4418-a9f8-d7d9ba6d84b4,piece,94,True,,2025-12-27 09:01:53
657349af-a7a0-4cac-8ff9-c53b3101e751,Dell Inspiron 995,DEL-IN-995,4b48d701-6fb3-4418-a9f8-d7d9ba6d84b4,piece,31,True,,2025-04-27 09:01:53
76c87c66-10da-405b-9e24-637af0d137c9,Dell Inspiron 123,DEL-IN-123,4b48d701-6fb3-4418-a9f8-d7d9ba6d84b4,piece,42,True,,2025-03-30 09:01:53
7b4f6f09-199d-4646-a5bb-6beb8629482c,Dell Inspiron 654,DEL-IN-654,4b48d701-6fb3-4418-a9f8-d7d9ba6d84b4,piece,21,True,,2025-08-11 09:01:53
e276dcbd-f52b-437c-8e20-afecb1a4a99a,Dell Inspiron 554,DEL-IN-554,4b48d701-6fb3-4418-a9f8-d7d9ba6d84b4,piece,99,True,,2025-10-16 09:01:53
da81d8a1-cf12-4abd-82c9-f9106a08c4eb,Dell Inspiron 293,DEL-IN-293,4b48d701-6fb3-4418-a9f8-d7d9ba6d84b4,piece,13,True,,2025-11-16 09:01:53
424c21cb-eba6-43cf-a12a-e427ef0f080f,Dell Inspiron 954,DEL-IN-954,4b48d701-6fb3-4418-a9f8-d7d9ba6d84b4,piece,71,True,,2025-08-16 09:01:53
56684408-27c2-423b-87de-cc4c5f6b63be,Dell Inspiron 692,DEL-IN-692,4b48d701-6fb3-4418-a9f8-d7d9ba6d84b4,piece,48,True,,2025-09-28 09:01:53
4f524f0a-3809-45f8-8b4a-d0aeadee8bcd,Dell Inspiron 597,DEL-IN-597,4b48d701-6fb3-4418-a9f8-d7d9ba6d84b4,piece,80,True,,2025-06-16 09:01:53
9290e025-2a54-4edc-af45-f41676e8cf81,Dell Inspiron 962,DEL-IN-962,4b48d701-6fb3-4418-a9f8-d7d9ba6d84b4,piece,75,True,,2025-10-10 09:01:53
ba21cadf-11ec-4a54-827d-b266507c3340,Dell Inspiron 680,DEL-IN-680,4b48d701-6fb3-4418-a9f8-d7d9ba6d84b4,piece,21,True,,2025-10-09 09:01:53
25dcbad9-7d1f-43bb-8fd8-717a27c5e01f,Dell Inspiron 275,DEL-IN-275,4b48d701-6fb3-4418-a9f8-d7d9ba6d84b4,piece,38,True,,2025-09-05 09:01:53
dda9998b-a682-4e85-91a4-3c80373bcdcb,Dell Inspiron 395,DEL-IN-395-16,4b48d701-6fb3-4418-a9f8-d7d9ba6d84b4,piece,23,True,,2025-07-24 09:01:53
b6119359-a9e5-4c6f-859d-f97c90e1e321,Dell Inspiron 270,DEL-IN-270,4b48d701-6fb3-4418-a9f8-d7d9ba6d84b4,piece,84,False,,2025-03-15 09:01:53
3cc244df-2c17-4d30-9d05-495ab0dbefa2,Dell Inspiron 648,DEL-IN-648,4b48d701-6fb3-4418-a9f8-d7d9ba6d84b4,piece,41,True,,2025-12-15 09:01:53
bd7dcdb2-9349-45c2-81a5-9b10939a06e9,Dell Inspiron 959,DEL-IN-959,4b48d701-6fb3-4418-a9f8-d7d9ba6d84b4,piece,95,True,,2025-04-07 09:01:53
4d96e9bb-f0e2-444f-a961-fee8aafe0a3c,Dell Inspiron 913,DEL-IN-913,4b48d701-6fb3-4418-a9f8-d7d9ba6d84b4,piece,24,True,,2026-01-14 09:01:53
15680fab-08fe-480c-93b4-5efd43ac0d6b,Dell Inspiron 142,DEL-IN-142,4b48d701-6fb3-4418-a9f8-d7d9ba6d84b4,piece,45,True,,2025-08-01 09:01:53
e7b95618-37fd-4ba7-acc0-e3b3cb58bbf4,Dell Inspiron 366,DEL-IN-366,4b48d701-6fb3-4418-a9f8-d7d9ba6d84b4,piece,52,True,,2025-05-31 09:01:53
b49f7cae-3ac0-405c-b8a2-086b1a26acc4,Dell Inspiron 824,DEL-IN-824,4b48d701-6fb3-4418-a9f8-d7d9ba6d84b4,piece,9,True,,2025-09-19 09:01:53
47d548a3-903a-4c3f-bac3-061d443859d4,Dell Inspiron 251,DEL-IN-251,4b48d701-6fb3-4418-a9f8-d7d9ba6d84b4,piece,52,True,,2025-12-21 09:01:53
0338b4b9-8d26-4e90-b4e9-de55888136c5,Dell Inspiron 646,DEL-IN-646,4b48d701-6fb3-4418-a9f8-d7d9ba6d84b4,piece,43,True,,2026-03-02 09:01:53
da6dd3d7-8539-4b32-a4fa-34af6bfd9a6b,Dell Inspiron 514,DEL-IN-514,4b48d701-6fb3-4418-a9f8-d7d9ba6d84b4,piece,68,True,,2025-07-23 09:01:53
96bb954b-e432-4951-8bf8-e23fe54ca147,Dell Inspiron 427,DEL-IN-427,4b48d701-6fb3-4418-a9f8-d7d9ba6d84b4,piece,24,True,,2025-06-08 09:01:53
6c859cfd-fc19-4d23-a4ea-b95b06eed575,Dell Inspiron 619,DEL-IN-619,4b48d701-6fb3-4418-a9f8-d7d9ba6d84b4,piece,47,True,,2025-10-14 09:01:53
07451944-daaf-4009-acab-5e0b7c363430,Dell Inspiron 585,DEL-IN-585,4b48d701-6fb3-4418-a9f8-d7d9ba6d84b4,piece,42,False,,2025-05-25 09:01:53
55165316-0930-4aed-abe5-fb6f3a2669d1,Dell Inspiron 782,DEL-IN-782,4b48d701-6fb3-4418-a9f8-d7d9ba6d84b4,piece,23,True,,2025-07-31 09:01:53
360fe15b-e64b-466d-a73a-9f050e2b3cb8,Dell Inspiron 446,DEL-IN-446,4b48d701-6fb3-4418-a9f8-d7d9ba6d84b4,piece,93,True,,2025-07-12 09:01:53
c57aa19e-c400-4e9b-8cdd-24669203080a,Dell Inspiron 141,DEL-IN-141,4b48d701-6fb3-4418-a9f8-d7d9ba6d84b4,piece,22,True,,2026-01-14 09:01:53
77bd9ce3-2efa-4409-a705-d83e366f241e,Dell Inspiron 415,DEL-IN-415,4b48d701-6fb3-4418-a9f8-d7d9ba6d84b4,piece,8,True,,2025-11-22 09:01:53
046b0f52-ffd3-4326-b89e-72ba96b0bdc8,Dell Inspiron 556,DEL-IN-556,4b48d701-6fb3-4418-a9f8-d7d9ba6d84b4,piece,50,True,,2026-02-14 09:01:53
9b6e62e1-fa5f-4120-a589-aff9140b2b19,Dell Inspiron 722,DEL-IN-722,4b48d701-6fb3-4418-a9f8-d7d9ba6d84b4,piece,87,True,,2025-06-18 09:01:53
8a4d0a5b-e7f8-4c3a-9c53-138266a24a49,Dell Inspiron 327,DEL-IN-327,4b48d701-6fb3-4418-a9f8-d7d9ba6d84b4,piece,40,True,,2026-01-31 09:01:53
6bed0757-a56e-42b5-97e7-ab8d697b0cf4,Dell Inspiron 651,DEL-IN-651,4b48d701-6fb3-4418-a9f8-d7d9ba6d84b4,piece,62,True,,2026-01-29 09:01:53
ac595cb2-dbd1-4533-a524-374cc048fe53,Dell Inspiron 624,DEL-IN-624,4b48d701-6fb3-4418-a9f8-d7d9ba6d84b4,piece,55,True,,2025-10-03 09:01:53
e3a436fc-df2c-4590-8825-f02e18c3a2f5,Dell Inspiron 717,DEL-IN-717,4b48d701-6fb3-4418-a9f8-d7d9ba6d84b4,piece,82,True,,2026-02-14 09:01:53
0f03b342-cd9c-4ad9-bea9-4f3755385e38,Allen Solly Shirt 782,ALS-SH-782,ac24a643-b45d-492d-b68d-07ad3fc5e688,piece,51,True,,2025-08-08 09:01:53
b3434645-da30-4851-9c50-5e11dbd79728,Allen Solly Shirt 478,ALS-SH-478,ac24a643-b45d-492d-b68d-07ad3fc5e688,piece,54,True,,2025-10-20 09:01:53
aa6f2bb4-8f50-4114-ac4e-9258bdc226fd,Allen Solly Shirt 453,ALS-SH-453,ac24a643-b45d-492d-b68d-07ad3fc5e688,piece,49,True,,2025-07-29 09:01:53
3b27bb3b-92d2-47c9-aa54-e075d60cae27,Allen Solly Shirt 995,ALS-SH-995,ac24a643-b45d-492d-b68d-07ad3fc5e688,piece,76,True,,2025-07-30 09:01:53
b4d6b5a2-c730-406f-a03e-01477d126d21,Allen Solly Shirt 859,ALS-SH-859,ac24a643-b45d-492d-b68d-07ad3fc5e688,piece,58,True,,2025-10-18 09:01:53
eb0a2f2e-60d9-46cb-ab92-df95901e3a9f,Allen Solly Shirt 267,ALS-SH-267,ac24a643-b45d-492d-b68d-07ad3fc5e688,piece,98,False,,2025-08-09 09:01:53
73cd0982-c1d0-4a70-a7a5-893d48e1e26b,Allen Solly Shirt 846,ALS-SH-846,ac24a643-b45d-492d-b68d-07ad3fc5e688,piece,58,True,,2025-05-18 09:01:53
a26800b9-fca5-4779-9d29-9b459f3c4eed,Allen Solly Shirt 712,ALS-SH-712,ac24a643-b45d-492d-b68d-07ad3fc5e688,piece,16,True,,2025-10-10 09:01:53
0ed02366-0a7f-4d4b-b150-b9af3f2aa944,Allen Solly Shirt 586,ALS-SH-586,ac24a643-b45d-492d-b68d-07ad3fc5e688,piece,72,False,,2026-02-09 09:01:53
de0a8984-ca7c-4e45-a6e8-66f661922fc6,Allen Solly Shirt 704,ALS-SH-704,ac24a643-b45d-492d-b68d-07ad3fc5e688,piece,53,True,,2025-08-17 09:01:53
9d508bce-68fe-464d-aa92-04785789c5eb,Allen Solly Shirt 754,ALS-SH-754,ac24a643-b45d-492d-b68d-07ad3fc5e688,piece,39,True,,2025-06-03 09:01:53
497e8f50-2e69-456d-b0c2-25fae52ecae2,Allen Solly Shirt 573,ALS-SH-573,ac24a643-b45d-492d-b68d-07ad3fc5e688,piece,95,True,,2026-01-03 09:01:53
da4357ba-31d6-4479-8911-8f607c851a96,Allen Solly Shirt 304,ALS-SH-304,ac24a643-b45d-492d-b68d-07ad3fc5e688,piece,28,True,,2025-10-17 09:01:53
5d5c1097-0170-4367-bc9b-24851514f116,Allen Solly Shirt 667,ALS-SH-667,ac24a643-b45d-492d-b68d-07ad3fc5e688,piece,67,True,,2025-10-11 09:01:53
28e8f00a-9093-46ca-a853-2163cacbc737,Allen Solly Shirt 954,ALS-SH-954,ac24a643-b45d-492d-b68d-07ad3fc5e688,piece,79,True,,2025-06-01 09:01:53
03162b1b-4b37-4639-916f-4020f8956193,Allen Solly Shirt 857,ALS-SH-857,ac24a643-b45d-492d-b68d-07ad3fc5e688,piece,64,True,,2026-03-13 09:01:53
0bea6290-1c9f-4e48-ae83-df01a6dd9d11,Allen Solly Shirt 257,ALS-SH-257,ac24a643-b45d-492d-b68d-07ad3fc5e688,piece,38,True,,2025-04-21 09:01:53
4a4640c8-3509-4dd8-9ac5-75dab0eabbda,Allen Solly Shirt 954,ALS-SH-954-91,ac24a643-b45d-492d-b68d-07ad3fc5e688,piece,65,True,,2025-04-08 09:01:53
199a8f1c-3305-40c9-94a1-72ed8899d453,Allen Solly Shirt 394,ALS-SH-394,ac24a643-b45d-492d-b68d-07ad3fc5e688,piece,58,True,,2025-03-27 09:01:53
81a1382c-40ae-4026-8c49-ee385d9e1953,Allen Solly Shirt 760,ALS-SH-760,ac24a643-b45d-492d-b68d-07ad3fc5e688,piece,36,True,,2025-10-24 09:01:53
2d70428c-612d-493b-b0b6-f5a58d227f7c,Allen Solly Shirt 604,ALS-SH-604,ac24a643-b45d-492d-b68d-07ad3fc5e688,piece,13,True,,2025-09-10 09:01:53
99d6072c-2a4a-44d6-b6e7-df015dc7a6f6,Allen Solly Shirt 695,ALS-SH-695,ac24a643-b45d-492d-b68d-07ad3fc5e688,piece,66,True,,2025-11-02 09:01:53
d6ed3536-ffbd-488b-8f42-7854b0a24b67,Allen Solly Shirt 743,ALS-SH-743,ac24a643-b45d-492d-b68d-07ad3fc5e688,piece,92,True,,2025-03-24 09:01:53
bcfc77f8-dc98-4662-969d-fd1a7677d1c8,Allen Solly Shirt 937,ALS-SH-937,ac24a643-b45d-492d-b68d-07ad3fc5e688,piece,20,True,,2025-05-24 09:01:53
3019a0b0-2407-4984-ae88-d587cb11fde0,Allen Solly Shirt 117,ALS-SH-117,ac24a643-b45d-492d-b68d-07ad3fc5e688,piece,38,True,,2026-02-13 09:01:53
ed51e017-4c8c-4e80-b2e1-4b33b6139a89,Allen Solly Shirt 249,ALS-SH-249,ac24a643-b45d-492d-b68d-07ad3fc5e688,piece,45,True,,2025-03-25 09:01:53
53872f65-13e8-4044-9ac5-34809fc71cc6,Allen Solly Shirt 238,ALS-SH-238,ac24a643-b45d-492d-b68d-07ad3fc5e688,piece,50,True,,2025-10-26 09:01:53
d2d22f38-3ae9-4935-ae5e-e2fcb6dc39ac,Allen Solly Shirt 469,ALS-SH-469,ac24a643-b45d-492d-b68d-07ad3fc5e688,piece,58,True,,2025-09-13 09:01:53
b9759738-5d50-4859-8b00-8b193029a37d,Allen Solly Shirt 149,ALS-SH-149,ac24a643-b45d-492d-b68d-07ad3fc5e688,piece,42,True,,2025-04-21 09:01:53
2ab131b0-2e6f-4baf-8def-0ad5cdbeaba5,Allen Solly Shirt 178,ALS-SH-178,ac24a643-b45d-492d-b68d-07ad3fc5e688,piece,70,True,,2025-04-27 09:01:53
2c595f6b-2f75-467a-aaab-a5f07aa3570f,Allen Solly Shirt 287,ALS-SH-287,ac24a643-b45d-492d-b68d-07ad3fc5e688,piece,17,True,,2025-12-19 09:01:53
e1de8ccb-467b-449d-a68f-4b9099f7f015,Allen Solly Shirt 656,ALS-SH-656,ac24a643-b45d-492d-b68d-07ad3fc5e688,piece,46,True,,2025-03-29 09:01:53
a3ab6531-5b84-44bd-bcf9-57ec1a236a51,Allen Solly Shirt 919,ALS-SH-919,ac24a643-b45d-492d-b68d-07ad3fc5e688,piece,43,True,,2025-03-22 09:01:53
8bc06ba1-d2a4-45d8-97b1-408869e981b6,Allen Solly Shirt 804,ALS-SH-804,ac24a643-b45d-492d-b68d-07ad3fc5e688,piece,51,True,,2025-05-22 09:01:53
115c88bd-7951-4d6c-8a72-5b7fb4dbd4aa,Allen Solly Shirt 460,ALS-SH-460,ac24a643-b45d-492d-b68d-07ad3fc5e688,piece,23,True,,2025-06-22 09:01:53
7b030188-020a-4b8a-87ab-4f254715a703,Allen Solly Shirt 388,ALS-SH-388,ac24a643-b45d-492d-b68d-07ad3fc5e688,piece,52,True,,2025-08-16 09:01:53
5ac88570-83b5-4904-b534-6271ebc7328c,Allen Solly Shirt 448,ALS-SH-448,ac24a643-b45d-492d-b68d-07ad3fc5e688,piece,25,True,,2025-12-25 09:01:53
9ad84e13-2acb-4a69-b369-c164373ade54,Allen Solly Shirt 615,ALS-SH-615,ac24a643-b45d-492d-b68d-07ad3fc5e688,piece,33,True,,2025-06-01 09:01:53
5e0400ab-f580-467f-8e83-b938466db87c,Allen Solly Shirt 728,ALS-SH-728,ac24a643-b45d-492d-b68d-07ad3fc5e688,piece,93,True,,2025-06-18 09:01:53
bf927bfa-626e-426b-948d-f0a4ca712360,Allen Solly Shirt 966,ALS-SH-966,ac24a643-b45d-492d-b68d-07ad3fc5e688,piece,73,True,,2025-03-20 09:01:53
1bbbe47e-97bf-4ffc-b407-ab7902970872,Allen Solly Shirt 874,ALS-SH-874,ac24a643-b45d-492d-b68d-07ad3fc5e688,piece,19,True,,2026-02-03 09:01:53
11cf045d-62db-48ee-ac53-ec8ec906bf02,Allen Solly Shirt 219,ALS-SH-219,ac24a643-b45d-492d-b68d-07ad3fc5e688,piece,21,False,,2025-07-12 09:01:53
a0ee29ab-5e6a-4322-8b2c-42ab8f4aad4c,Allen Solly Shirt 456,ALS-SH-456,ac24a643-b45d-492d-b68d-07ad3fc5e688,piece,44,True,,2026-01-02 09:01:53
25df126e-f388-487b-bd0d-1c435e8a96af,Allen Solly Shirt 936,ALS-SH-936,ac24a643-b45d-492d-b68d-07ad3fc5e688,piece,61,True,,2025-05-13 09:01:53
36cda5ff-d8ea-47a6-9a64-5c895c2e23fa,Allen Solly Shirt 635,ALS-SH-635,ac24a643-b45d-492d-b68d-07ad3fc5e688,piece,48,True,,2025-10-10 09:01:53
76da871f-4e37-4d24-bc44-42ccb1d91458,Allen Solly Shirt 129,ALS-SH-129,ac24a643-b45d-492d-b68d-07ad3fc5e688,piece,100,True,,2025-11-21 09:01:53
571e9637-1ddc-4070-a1f5-ddc749b8d921,Allen Solly Shirt 231,ALS-SH-231,ac24a643-b45d-492d-b68d-07ad3fc5e688,piece,93,True,,2025-11-18 09:01:53
042efdca-efc8-4b4f-b179-5cb0f49b3c7f,Allen Solly Shirt 414,ALS-SH-414,ac24a643-b45d-492d-b68d-07ad3fc5e688,piece,21,True,,2026-02-02 09:01:53
ea3b8170-57ba-455b-bdd4-599cdd73d1c5,Allen Solly Shirt 535,ALS-SH-535,ac24a643-b45d-492d-b68d-07ad3fc5e688,piece,93,True,,2026-01-16 09:01:53
7d8b7aff-b856-4031-825b-756997e048de,Allen Solly Shirt 179,ALS-SH-179,ac24a643-b45d-492d-b68d-07ad3fc5e688,piece,7,True,,2025-08-06 09:01:53
41edc8fd-5c6d-438d-8cf7-853b481566ae,Levi's Jeans 143,LEV-JN-143,ac24a643-b45d-492d-b68d-07ad3fc5e688,piece,30,True,,2025-04-11 09:01:53
0a023a8e-cb56-4658-8d28-df79a0d2cf33,Levi's Jeans 625,LEV-JN-625,ac24a643-b45d-492d-b68d-07ad3fc5e688,piece,80,True,,2026-01-13 09:01:53
a41fee68-a99f-4836-8885-f1e308355189,Levi's Jeans 359,LEV-JN-359,ac24a643-b45d-492d-b68d-07ad3fc5e688,piece,10,True,,2025-04-07 09:01:53
6ed155e8-2dcd-4e34-abd9-295cf5d323dc,Levi's Jeans 110,LEV-JN-110,ac24a643-b45d-492d-b68d-07ad3fc5e688,piece,17,True,,2025-05-10 09:01:53
2daa76e8-80c0-419c-ab93-ae1cbc01d3ec,Levi's Jeans 310,LEV-JN-310,ac24a643-b45d-492d-b68d-07ad3fc5e688,piece,80,False,,2025-12-10 09:01:53
ccaffb3b-a630-494e-b7f8-bee8368ad685,Levi's Jeans 786,LEV-JN-786,ac24a643-b45d-492d-b68d-07ad3fc5e688,piece,49,True,,2025-12-30 09:01:53
5e0ad9e4-100d-47a4-91b1-1d4e76a932d6,Levi's Jeans 966,LEV-JN-966,ac24a643-b45d-492d-b68d-07ad3fc5e688,piece,100,False,,2025-05-22 09:01:53
d44ac040-27dc-4d56-9c16-555b3406acf0,Levi's Jeans 456,LEV-JN-456,ac24a643-b45d-492d-b68d-07ad3fc5e688,piece,50,True,,2025-07-01 09:01:53
88e4b9b9-2988-4546-b615-0e5861bb5b76,Levi's Jeans 899,LEV-JN-899,ac24a643-b45d-492d-b68d-07ad3fc5e688,piece,98,True,,2025-06-29 09:01:53
8c97e570-af26-4e5e-ad58-472ec71de4d3,Levi's Jeans 683,LEV-JN-683,ac24a643-b45d-492d-b68d-07ad3fc5e688,piece,13,True,,2025-05-22 09:01:53
948fa953-d9e4-4c4a-88e6-1a2e12878ff8,Levi's Jeans 881,LEV-JN-881,ac24a643-b45d-492d-b68d-07ad3fc5e688,piece,6,True,,2025-12-06 09:01:53
79b66939-6568-4ed1-a4d8-56acb505e673,Levi's Jeans 388,LEV-JN-388,ac24a643-b45d-492d-b68d-07ad3fc5e688,piece,26,False,,2025-06-12 09:01:53
be2c2017-1817-4295-8f51-f725dea83efc,Levi's Jeans 104,LEV-JN-104,ac24a643-b45d-492d-b68d-07ad3fc5e688,piece,97,True,,2025-11-25 09:01:53
719bdd26-55e3-4f31-8e53-9e1a9bb9793b,Levi's Jeans 616,LEV-JN-616,ac24a643-b45d-492d-b68d-07ad3fc5e688,piece,95,True,,2025-03-22 09:01:53
31ad1552-9af6-4c1b-97e8-61ab962fee58,Levi's Jeans 703,LEV-JN-703,ac24a643-b45d-492d-b68d-07ad3fc5e688,piece,28,True,,2026-01-19 09:01:53
79028186-aa2c-4369-aa4c-4f622cab12a7,Levi's Jeans 285,LEV-JN-285,ac24a643-b45d-492d-b68d-07ad3fc5e688,piece,50,False,,2025-08-09 09:01:53
2d244be1-e9ee-4be5-88c2-ead6c6f49b1b,Levi's Jeans 319,LEV-JN-319,ac24a643-b45d-492d-b68d-07ad3fc5e688,piece,70,True,,2026-01-16 09:01:53
a49b9de6-cb07-4624-bc15-78cfb3b6e89e,Levi's Jeans 879,LEV-JN-879,ac24a643-b45d-492d-b68d-07ad3fc5e688,piece,45,True,,2026-01-17 09:01:53
fda0b076-9647-48ba-aed6-02b883134704,Levi's Jeans 632,LEV-JN-632,ac24a643-b45d-492d-b68d-07ad3fc5e688,piece,22,True,,2025-09-11 09:01:53
ec349245-69a5-4751-9b16-2cfff022f034,Levi's Jeans 821,LEV-JN-821,ac24a643-b45d-492d-b68d-07ad3fc5e688,piece,41,True,,2026-02-22 09:01:53
4aef4438-8fc9-4303-bfdb-497dad3cd92d,Levi's Jeans 184,LEV-JN-184,ac24a643-b45d-492d-b68d-07ad3fc5e688,piece,46,True,,2025-08-29 09:01:53
313efc02-ec88-424a-9f1d-c05d81dfce81,Levi's Jeans 390,LEV-JN-390,ac24a643-b45d-492d-b68d-07ad3fc5e688,piece,63,True,,2025-10-06 09:01:53
6b5e496f-ed2f-42fa-b13c-ca47f3573912,Levi's Jeans 803,LEV-JN-803,ac24a643-b45d-492d-b68d-07ad3fc5e688,piece,61,True,,2025-08-18 09:01:53
f63582b3-0b5a-4744-a2a4-129e06f23ba7,Levi's Jeans 397,LEV-JN-397,ac24a643-b45d-492d-b68d-07ad3fc5e688,piece,59,True,,2026-02-07 09:01:53
9c719944-3a6f-465a-92b1-852249fd34b5,Levi's Jeans 961,LEV-JN-961,ac24a643-b45d-492d-b68d-07ad3fc5e688,piece,65,False,,2025-09-07 09:01:53
1035e073-c176-4a7b-9858-1379136d67f3,Levi's Jeans 283,LEV-JN-283,ac24a643-b45d-492d-b68d-07ad3fc5e688,piece,6,False,,2025-07-06 09:01:53
64b38d4a-4362-4b2c-9ba5-6cc87f46161f,Levi's Jeans 788,LEV-JN-788,ac24a643-b45d-492d-b68d-07ad3fc5e688,piece,18,True,,2025-06-20 09:01:53
0a422f40-a3e2-42a5-80b3-55316d5f18c1,Levi's Jeans 774,LEV-JN-774,ac24a643-b45d-492d-b68d-07ad3fc5e688,piece,91,True,,2025-12-31 09:01:53
54a63eae-e0ab-417b-9ee5-38f56e3c32d8,Levi's Jeans 504,LEV-JN-504,ac24a643-b45d-492d-b68d-07ad3fc5e688,piece,56,True,,2026-01-21 09:01:53
43549990-eef8-40f7-9236-c0d16e5e43e3,Levi's Jeans 859,LEV-JN-859,ac24a643-b45d-492d-b68d-07ad3fc5e688,piece,26,True,,2025-12-03 09:01:53
8f364f40-384c-4dab-b0b6-7d49c7a307de,Levi's Jeans 446,LEV-JN-446,ac24a643-b45d-492d-b68d-07ad3fc5e688,piece,30,True,,2025-08-20 09:01:53
a66ce789-fb05-4dad-8f4f-cc6406b7bc27,Levi's Jeans 225,LEV-JN-225,ac24a643-b45d-492d-b68d-07ad3fc5e688,piece,34,True,,2025-07-02 09:01:53
fffa3451-9ac8-48b1-8525-b4441038ac84,Levi's Jeans 385,LEV-JN-385,ac24a643-b45d-492d-b68d-07ad3fc5e688,piece,96,True,,2025-05-15 09:01:53
1bc94a0a-a3e6-4d86-becd-527b38b19acf,Levi's Jeans 379,LEV-JN-379,ac24a643-b45d-492d-b68d-07ad3fc5e688,piece,87,False,,2025-09-13 09:01:53
4939bb68-e3d1-4969-93a0-77ef67f7e227,Levi's Jeans 587,LEV-JN-587,ac24a643-b45d-492d-b68d-07ad3fc5e688,piece,90,True,,2025-08-19 09:01:53
d4af2060-291c-4ba2-bec3-cfa863e66587,Levi's Jeans 596,LEV-JN-596,ac24a643-b45d-492d-b68d-07ad3fc5e688,piece,70,True,,2025-07-25 09:01:53
1aa18e2e-60a8-47b6-ace5-678dfd743e9f,Levi's Jeans 210,LEV-JN-210,ac24a643-b45d-492d-b68d-07ad3fc5e688,piece,20,True,,2025-07-03 09:01:53
93e4cf98-e582-4646-891c-91b2ad30cea5,Levi's Jeans 336,LEV-JN-336,ac24a643-b45d-492d-b68d-07ad3fc5e688,piece,85,False,,2026-02-27 09:01:53
7b2bca35-b120-429f-902a-cad751381744,Levi's Jeans 201,LEV-JN-201,ac24a643-b45d-492d-b68d-07ad3fc5e688,piece,99,True,,2026-02-08 09:01:53
bfb8e26d-47e8-49c4-8fb9-07190251f6e5,Levi's Jeans 610,LEV-JN-610,ac24a643-b45d-492d-b68d-07ad3fc5e688,piece,91,True,,2025-12-13 09:01:53
796ae8c5-a0dd-411e-8109-4a8a3567cdc6,Levi's Jeans 491,LEV-JN-491,ac24a643-b45d-492d-b68d-07ad3fc5e688,piece,82,True,,2025-12-26 09:01:53
0f683d01-f7d8-4e2f-99d8-0eadc2b5ceb9,Levi's Jeans 410,LEV-JN-410,ac24a643-b45d-492d-b68d-07ad3fc5e688,piece,84,True,,2026-02-03 09:01:53
788b0b97-d442-4944-abba-69aa26c1e2d5,Levi's Jeans 776,LEV-JN-776,ac24a643-b45d-492d-b68d-07ad3fc5e688,piece,71,True,,2025-07-19 09:01:53
81e6c842-3db1-4ed9-b989-498b7bd8bed7,Levi's Jeans 306,LEV-JN-306,ac24a643-b45d-492d-b68d-07ad3fc5e688,piece,42,True,,2025-07-06 09:01:53
0a3f90ff-788b-4623-a2c1-7523dfbb467b,Levi's Jeans 616,LEV-JN-616-43,ac24a643-b45d-492d-b68d-07ad3fc5e688,piece,74,True,,2025-06-11 09:01:53
aa0634d6-e2e2-4b14-b7d4-91e80dd5121d,Levi's Jeans 659,LEV-JN-659,ac24a643-b45d-492d-b68d-07ad3fc5e688,piece,7,False,,2026-02-26 09:01:53
cb7f8a64-482e-4192-bd4c-c73651af9f95,Levi's Jeans 540,LEV-JN-540,ac24a643-b45d-492d-b68d-07ad3fc5e688,piece,20,True,,2025-10-04 09:01:53
4102cfd9-f4a8-4b2c-8269-8ee9226d278b,Levi's Jeans 973,LEV-JN-973,ac24a643-b45d-492d-b68d-07ad3fc5e688,piece,53,True,,2026-02-24 09:01:53
0d0c38a0-188a-4459-b164-33a7eddbf8aa,Levi's Jeans 133,LEV-JN-133,ac24a643-b45d-492d-b68d-07ad3fc5e688,piece,27,True,,2025-10-10 09:01:53
f50d2a79-2250-415c-a707-c2c33069ced8,Levi's Jeans 823,LEV-JN-823,ac24a643-b45d-492d-b68d-07ad3fc5e688,piece,26,True,,2026-01-05 09:01:53
decc19ea-f1f9-4013-b0c6-3a35da047dbf,Zara Dress 419,ZAR-DR-419,ac24a643-b45d-492d-b68d-07ad3fc5e688,piece,96,True,,2026-01-17 09:01:53
237cc164-f8c4-4bcc-9607-f8db19b1a934,Zara Dress 682,ZAR-DR-682,ac24a643-b45d-492d-b68d-07ad3fc5e688,piece,91,True,,2025-06-04 09:01:53
8ceabc8b-7722-4da6-981f-a9c2144f1de4,Zara Dress 801,ZAR-DR-801,ac24a643-b45d-492d-b68d-07ad3fc5e688,piece,74,True,,2025-07-14 09:01:53
5fb6fc3e-cd7c-4f28-94bb-f5366ae4cc39,Zara Dress 675,ZAR-DR-675,ac24a643-b45d-492d-b68d-07ad3fc5e688,piece,25,True,,2025-08-26 09:01:53
55625723-aaa1-44a6-ab36-50b34b3ea3eb,Zara Dress 369,ZAR-DR-369,ac24a643-b45d-492d-b68d-07ad3fc5e688,piece,68,True,,2025-09-02 09:01:53
d43d2f64-192a-4fd2-8b3d-7b89c3e55e95,Zara Dress 731,ZAR-DR-731,ac24a643-b45d-492d-b68d-07ad3fc5e688,piece,91,True,,2025-10-20 09:01:53
91ff465f-e5c6-435d-8bf5-88021481c8b2,Zara Dress 428,ZAR-DR-428,ac24a643-b45d-492d-b68d-07ad3fc5e688,piece,12,True,,2026-02-19 09:01:53
ec97be27-0f13-4664-94a6-3299f3961a2d,Zara Dress 231,ZAR-DR-231,ac24a643-b45d-492d-b68d-07ad3fc5e688,piece,51,True,,2025-05-20 09:01:53
6d0205c0-cc69-4bd6-96d1-f6e98617c2fa,Zara Dress 127,ZAR-DR-127,ac24a643-b45d-492d-b68d-07ad3fc5e688,piece,85,True,,2026-01-24 09:01:53
06c782d8-d84d-44a9-a663-51bfea65913b,Zara Dress 538,ZAR-DR-538,ac24a643-b45d-492d-b68d-07ad3fc5e688,piece,49,False,,2025-08-16 09:01:53
6cb03ddb-ccb4-4bea-b4ec-6ef99140aef4,Zara Dress 459,ZAR-DR-459,ac24a643-b45d-492d-b68d-07ad3fc5e688,piece,12,True,,2025-11-08 09:01:53
3a350015-e663-4a9e-8569-a27f0186dfba,Zara Dress 340,ZAR-DR-340,ac24a643-b45d-492d-b68d-07ad3fc5e688,piece,87,True,,2026-01-30 09:01:53
60924ce1-287c-4861-ad45-c3d400e07221,Zara Dress 804,ZAR-DR-804,ac24a643-b45d-492d-b68d-07ad3fc5e688,piece,13,True,,2026-01-15 09:01:53
cdda4ed4-f681-4f3c-a356-96dd681d8e9a,Zara Dress 445,ZAR-DR-445,ac24a643-b45d-492d-b68d-07ad3fc5e688,piece,26,True,,2025-09-29 09:01:53
77b7130d-4697-4ac1-99b1-df98371a4841,Zara Dress 138,ZAR-DR-138,ac24a643-b45d-492d-b68d-07ad3fc5e688,piece,63,True,,2025-08-10 09:01:53
c080e822-7a08-41f6-a4b1-ccda72eb9fa3,Zara Dress 681,ZAR-DR-681,ac24a643-b45d-492d-b68d-07ad3fc5e688,piece,70,False,,2025-10-29 09:01:53
3e7b43b0-65ed-4e6b-bcc7-d40b393afcea,Zara Dress 120,ZAR-DR-120,ac24a643-b45d-492d-b68d-07ad3fc5e688,piece,94,True,,2026-03-03 09:01:53
a382a7a5-95f0-4ce3-9ebb-b81c662edc46,Zara Dress 424,ZAR-DR-424,ac24a643-b45d-492d-b68d-07ad3fc5e688,piece,53,True,,2025-09-30 09:01:53
fd9c1644-a929-48e3-9a7d-291194d47982,Zara Dress 686,ZAR-DR-686,ac24a643-b45d-492d-b68d-07ad3fc5e688,piece,17,True,,2026-01-22 09:01:53
67ca648f-1f5c-4265-9f5a-d205c80ee4b8,Zara Dress 807,ZAR-DR-807,ac24a643-b45d-492d-b68d-07ad3fc5e688,piece,91,True,,2025-07-03 09:01:53
5bbd4a32-ebea-408f-a374-c1f53fcb07e8,Zara Dress 614,ZAR-DR-614,ac24a643-b45d-492d-b68d-07ad3fc5e688,piece,90,True,,2025-05-04 09:01:53
a89a0479-df7f-4058-b0c3-b5b0ec42f11c,Zara Dress 406,ZAR-DR-406,ac24a643-b45d-492d-b68d-07ad3fc5e688,piece,51,False,,2025-12-01 09:01:53
2723218d-ecc4-4da7-bab9-62700c70ad28,Zara Dress 608,ZAR-DR-608,ac24a643-b45d-492d-b68d-07ad3fc5e688,piece,86,True,,2026-02-04 09:01:53
fecb8e5a-15f6-4db5-ba45-5d069de36e81,Zara Dress 960,ZAR-DR-960,ac24a643-b45d-492d-b68d-07ad3fc5e688,piece,73,True,,2025-10-30 09:01:53
74714664-da81-41c3-b6c2-88e972897551,Zara Dress 148,ZAR-DR-148,ac24a643-b45d-492d-b68d-07ad3fc5e688,piece,43,False,,2025-08-21 09:01:53
b724b017-0b6d-4bf3-ac3d-f18f581fd95d,Zara Dress 923,ZAR-DR-923,ac24a643-b45d-492d-b68d-07ad3fc5e688,piece,33,True,,2026-01-26 09:01:53
7c57d740-44cb-4a3d-9e13-9d220464cc45,Zara Dress 834,ZAR-DR-834,ac24a643-b45d-492d-b68d-07ad3fc5e688,piece,79,True,,2025-09-23 09:01:53
e4903f52-cb68-4e14-8c6d-6e72566df0a1,Zara Dress 379,ZAR-DR-379,ac24a643-b45d-492d-b68d-07ad3fc5e688,piece,13,True,,2025-06-16 09:01:53
80b34964-22e6-4b54-b34f-c67d698b683a,Zara Dress 586,ZAR-DR-586,ac24a643-b45d-492d-b68d-07ad3fc5e688,piece,59,True,,2026-02-03 09:01:53
e0c2bc77-3f7f-46b6-8d38-f31a7082f320,Zara Dress 767,ZAR-DR-767,ac24a643-b45d-492d-b68d-07ad3fc5e688,piece,43,True,,2025-10-12 09:01:53
eecb1ca6-81fc-475e-966a-4932af475df9,Zara Dress 543,ZAR-DR-543,ac24a643-b45d-492d-b68d-07ad3fc5e688,piece,89,True,,2025-12-02 09:01:53
d4b99987-1e24-49e4-b077-d886868e84fe,Zara Dress 524,ZAR-DR-524,ac24a643-b45d-492d-b68d-07ad3fc5e688,piece,56,True,,2025-06-24 09:01:53
4fbd069e-1ec5-4f62-b08c-80d383c1b277,Zara Dress 564,ZAR-DR-564,ac24a643-b45d-492d-b68d-07ad3fc5e688,piece,90,True,,2025-12-12 09:01:53
5b540e46-7d49-4303-b583-7eabf61fe751,Zara Dress 119,ZAR-DR-119,ac24a643-b45d-492d-b68d-07ad3fc5e688,piece,85,True,,2025-12-09 09:01:53
7f1926eb-c7ec-4919-80f2-146be045f8fe,Zara Dress 690,ZAR-DR-690,ac24a643-b45d-492d-b68d-07ad3fc5e688,piece,68,True,,2025-07-18 09:01:53
00d92efa-f36c-4b51-8a07-6bd098c940cb,Zara Dress 374,ZAR-DR-374,ac24a643-b45d-492d-b68d-07ad3fc5e688,piece,86,True,,2025-05-04 09:01:53
2531465c-f6c3-4b68-a0a3-7888d95234e1,Zara Dress 973,ZAR-DR-973,ac24a643-b45d-492d-b68d-07ad3fc5e688,piece,60,False,,2025-04-28 09:01:53
7f3db7e6-bdc6-49a4-bd50-d8caa8bd01f9,Zara Dress 161,ZAR-DR-161,ac24a643-b45d-492d-b68d-07ad3fc5e688,piece,71,True,,2025-07-21 09:01:53
680a8d14-0c36-417b-bbdf-450f41c3f11e,Zara Dress 251,ZAR-DR-251,ac24a643-b45d-492d-b68d-07ad3fc5e688,piece,35,True,,2025-03-29 09:01:53
797efcda-9fdc-42c5-8a0a-ceb88574a579,Zara Dress 883,ZAR-DR-883,ac24a643-b45d-492d-b68d-07ad3fc5e688,piece,43,True,,2025-08-16 09:01:53
1fa1ed12-94d1-4957-8a91-136e7c15bd90,Zara Dress 426,ZAR-DR-426,ac24a643-b45d-492d-b68d-07ad3fc5e688,piece,13,True,,2025-08-15 09:01:53
09449084-2cac-4f4f-a78f-60184d2bdaee,Zara Dress 373,ZAR-DR-373,ac24a643-b45d-492d-b68d-07ad3fc5e688,piece,41,True,,2025-11-03 09:01:53
3f69cb9a-780d-4fea-9707-e6ead0fa41ff,Zara Dress 803,ZAR-DR-803,ac24a643-b45d-492d-b68d-07ad3fc5e688,piece,81,True,,2025-11-12 09:01:53
c34c5357-8510-4049-81df-6654620d1a59,Zara Dress 216,ZAR-DR-216,ac24a643-b45d-492d-b68d-07ad3fc5e688,piece,24,True,,2025-11-09 09:01:53
1791b55e-ccec-4288-a5db-ed320afaab43,Zara Dress 916,ZAR-DR-916,ac24a643-b45d-492d-b68d-07ad3fc5e688,piece,44,True,,2025-06-01 09:01:53
142f844e-17db-4bc2-8004-a45352576efc,Zara Dress 546,ZAR-DR-546,ac24a643-b45d-492d-b68d-07ad3fc5e688,piece,59,True,,2026-02-24 09:01:53
f3923cba-e83f-4436-91ba-c6651be87785,Zara Dress 306,ZAR-DR-306,ac24a643-b45d-492d-b68d-07ad3fc5e688,piece,25,True,,2026-02-28 09:01:53
602fe3d7-da97-465a-8090-74ef716286f5,Zara Dress 364,ZAR-DR-364,ac24a643-b45d-492d-b68d-07ad3fc5e688,piece,40,True,,2025-12-14 09:01:53
c3d845b1-d5b5-4fbd-8230-ed164f4497db,Zara Dress 759,ZAR-DR-759,ac24a643-b45d-492d-b68d-07ad3fc5e688,piece,10,False,,2025-07-09 09:01:53
fad4e5b6-59dc-4d78-94b1-d465cfd066b1,Zara Dress 901,ZAR-DR-901,ac24a643-b45d-492d-b68d-07ad3fc5e688,piece,7,True,,2026-01-31 09:01:53
57f8fdcd-692d-4720-8192-d42e8eec1617,H&M T-Shirt 421,HNM-TS-421,ac24a643-b45d-492d-b68d-07ad3fc5e688,piece,82,True,,2026-02-10 09:01:53
8d9b93f7-5081-457a-b3f6-f2dce411b311,H&M T-Shirt 516,HNM-TS-516,ac24a643-b45d-492d-b68d-07ad3fc5e688,piece,51,True,,2026-01-27 09:01:53
bb49e430-9bdc-4210-bea6-ad2712e1c1d9,H&M T-Shirt 506,HNM-TS-506,ac24a643-b45d-492d-b68d-07ad3fc5e688,piece,97,True,,2025-11-14 09:01:53
d98bac33-9dd9-4cda-8a30-321ff9795eef,H&M T-Shirt 214,HNM-TS-214,ac24a643-b45d-492d-b68d-07ad3fc5e688,piece,78,True,,2026-01-12 09:01:53
034fb057-7f67-40d5-9a26-978feb6d4135,H&M T-Shirt 634,HNM-TS-634,ac24a643-b45d-492d-b68d-07ad3fc5e688,piece,90,True,,2025-06-19 09:01:53
14ba3f4f-1351-4517-9e94-b71066a3dbc8,H&M T-Shirt 357,HNM-TS-357,ac24a643-b45d-492d-b68d-07ad3fc5e688,piece,68,True,,2025-11-13 09:01:53
d1dae7ee-b6fa-44bf-baf2-a33a9790e18c,H&M T-Shirt 714,HNM-TS-714,ac24a643-b45d-492d-b68d-07ad3fc5e688,piece,20,True,,2025-10-05 09:01:53
925e15f0-6004-4ea7-b21c-77d05ec0be14,H&M T-Shirt 437,HNM-TS-437,ac24a643-b45d-492d-b68d-07ad3fc5e688,piece,79,True,,2025-11-14 09:01:53
5a993502-fafd-4af0-b106-057425c578ea,H&M T-Shirt 533,HNM-TS-533,ac24a643-b45d-492d-b68d-07ad3fc5e688,piece,32,True,,2025-12-15 09:01:53
722e39c0-bfc2-4082-8d5c-9db6fa73e0d4,H&M T-Shirt 319,HNM-TS-319,ac24a643-b45d-492d-b68d-07ad3fc5e688,piece,40,True,,2025-11-04 09:01:53
9d95ad7f-923a-4405-8e79-54ec3c84ad02,H&M T-Shirt 983,HNM-TS-983,ac24a643-b45d-492d-b68d-07ad3fc5e688,piece,80,True,,2025-06-14 09:01:53
ecf84184-11f4-4424-a4fb-b2805c721486,H&M T-Shirt 483,HNM-TS-483,ac24a643-b45d-492d-b68d-07ad3fc5e688,piece,94,False,,2025-10-03 09:01:53
41766eaf-b7e6-4854-a222-cf79024b4f8f,H&M T-Shirt 658,HNM-TS-658,ac24a643-b45d-492d-b68d-07ad3fc5e688,piece,59,True,,2025-11-08 09:01:53
c04b8db9-8d29-4ef1-870f-7ee2cc99b0be,H&M T-Shirt 384,HNM-TS-384,ac24a643-b45d-492d-b68d-07ad3fc5e688,piece,23,True,,2025-09-07 09:01:53
078f2a39-15ee-457e-8e8e-19bb36bdb5b5,H&M T-Shirt 941,HNM-TS-941,ac24a643-b45d-492d-b68d-07ad3fc5e688,piece,44,True,,2025-05-08 09:01:53
15c13a66-043e-4082-acc1-74d5ab2f11a9,H&M T-Shirt 135,HNM-TS-135,ac24a643-b45d-492d-b68d-07ad3fc5e688,piece,99,True,,2026-02-15 09:01:53
fd3ea438-295e-4b6f-9b9e-7eef7e714e45,H&M T-Shirt 807,HNM-TS-807,ac24a643-b45d-492d-b68d-07ad3fc5e688,piece,90,True,,2025-06-05 09:01:53
def05673-6b8e-4cb6-9d20-39c8a4702689,H&M T-Shirt 493,HNM-TS-493,ac24a643-b45d-492d-b68d-07ad3fc5e688,piece,44,True,,2025-03-21 09:01:53
e62ab8f3-47b9-4179-9b6e-e32038b0cfed,H&M T-Shirt 471,HNM-TS-471,ac24a643-b45d-492d-b68d-07ad3fc5e688,piece,92,True,,2025-11-13 09:01:53
c840bea1-4075-4d13-8a1f-48e5c6d89f7b,H&M T-Shirt 978,HNM-TS-978,ac24a643-b45d-492d-b68d-07ad3fc5e688,piece,61,True,,2025-08-25 09:01:53
9bf4ed2b-ecfc-4734-ba41-243ab76ad450,H&M T-Shirt 361,HNM-TS-361,ac24a643-b45d-492d-b68d-07ad3fc5e688,piece,43,True,,2025-11-14 09:01:53
6544e4c5-26ae-4ab4-8653-7c632e96bcbb,H&M T-Shirt 404,HNM-TS-404,ac24a643-b45d-492d-b68d-07ad3fc5e688,piece,31,True,,2025-12-22 09:01:53
d47838e6-1c06-4c9f-855c-4aeab12528f2,H&M T-Shirt 549,HNM-TS-549,ac24a643-b45d-492d-b68d-07ad3fc5e688,piece,85,True,,2025-04-19 09:01:53
3a516783-ea3f-4def-b987-4c3f0f850052,H&M T-Shirt 516,HNM-TS-516-14,ac24a643-b45d-492d-b68d-07ad3fc5e688,piece,40,True,,2025-07-06 09:01:53
eac61ec2-327c-46d7-b446-012e8572b5cb,H&M T-Shirt 582,HNM-TS-582,ac24a643-b45d-492d-b68d-07ad3fc5e688,piece,99,True,,2025-09-25 09:01:53
878bad90-4583-4d48-a895-07afa9c565c7,H&M T-Shirt 834,HNM-TS-834,ac24a643-b45d-492d-b68d-07ad3fc5e688,piece,59,True,,2026-01-22 09:01:53
abb3f285-9878-4dab-9725-3fd457410bf5,H&M T-Shirt 944,HNM-TS-944,ac24a643-b45d-492d-b68d-07ad3fc5e688,piece,25,True,,2025-06-28 09:01:53
9062e9a1-3a1e-420a-9b3d-c71eb2b17268,H&M T-Shirt 167,HNM-TS-167,ac24a643-b45d-492d-b68d-07ad3fc5e688,piece,50,True,,2025-06-07 09:01:53
6ef3b233-317b-4316-aca5-5bebccf29926,H&M T-Shirt 855,HNM-TS-855,ac24a643-b45d-492d-b68d-07ad3fc5e688,piece,46,True,,2026-02-28 09:01:53
6e3f599a-364e-43f1-bc13-58a9d7475634,H&M T-Shirt 880,HNM-TS-880,ac24a643-b45d-492d-b68d-07ad3fc5e688,piece,11,True,,2025-12-10 09:01:53
e39abb35-4036-419d-bf98-b76750c19891,H&M T-Shirt 745,HNM-TS-745,ac24a643-b45d-492d-b68d-07ad3fc5e688,piece,61,True,,2026-01-04 09:01:53
b0a14a21-f4ba-4a4c-a484-31292561cf16,H&M T-Shirt 103,HNM-TS-103,ac24a643-b45d-492d-b68d-07ad3fc5e688,piece,56,True,,2025-10-09 09:01:53
9b95aeed-331d-44c0-bb19-6a01502cdf17,H&M T-Shirt 421,HNM-TS-421-83,ac24a643-b45d-492d-b68d-07ad3fc5e688,piece,15,True,,2025-11-07 09:01:53
43bf536e-0b6b-4cba-b937-a338505f9c82,H&M T-Shirt 628,HNM-TS-628,ac24a643-b45d-492d-b68d-07ad3fc5e688,piece,96,False,,2025-04-16 09:01:53
f860a116-72c8-4c4e-af6e-dc4412713628,H&M T-Shirt 881,HNM-TS-881,ac24a643-b45d-492d-b68d-07ad3fc5e688,piece,21,True,,2025-03-28 09:01:53
70783466-0926-45d2-86aa-19dd8d9a3f7a,H&M T-Shirt 520,HNM-TS-520,ac24a643-b45d-492d-b68d-07ad3fc5e688,piece,45,True,,2026-01-05 09:01:53
b87611db-afcb-46cc-82f3-4ec5c37e38d6,H&M T-Shirt 366,HNM-TS-366,ac24a643-b45d-492d-b68d-07ad3fc5e688,piece,27,True,,2025-09-28 09:01:53
37a402ae-d71e-4739-8f11-8cbfc4675b8b,H&M T-Shirt 918,HNM-TS-918,ac24a643-b45d-492d-b68d-07ad3fc5e688,piece,41,True,,2025-08-14 09:01:53
ffe186b9-b81a-4989-9e38-4ee44d028ff7,H&M T-Shirt 476,HNM-TS-476,ac24a643-b45d-492d-b68d-07ad3fc5e688,piece,28,True,,2025-09-02 09:01:53
25b6787f-4d02-4d2e-9d18-903ed24fca80,H&M T-Shirt 954,HNM-TS-954,ac24a643-b45d-492d-b68d-07ad3fc5e688,piece,78,True,,2026-03-03 09:01:53
00bb56da-0c99-434c-95b9-14b89b0e56c2,H&M T-Shirt 671,HNM-TS-671,ac24a643-b45d-492d-b68d-07ad3fc5e688,piece,87,True,,2025-11-17 09:01:53
842076fb-e603-4f8c-b4d7-ea5f7c23f056,H&M T-Shirt 191,HNM-TS-191,ac24a643-b45d-492d-b68d-07ad3fc5e688,piece,64,True,,2025-03-20 09:01:53
fa30adab-8fe7-4992-bb8d-990dff207e00,H&M T-Shirt 972,HNM-TS-972,ac24a643-b45d-492d-b68d-07ad3fc5e688,piece,26,True,,2025-05-02 09:01:53
03c32322-1631-42b5-a99a-477f72a8bd23,H&M T-Shirt 539,HNM-TS-539,ac24a643-b45d-492d-b68d-07ad3fc5e688,piece,81,True,,2026-01-28 09:01:53
e3bbb0a9-d5d7-4305-8a89-611d4f4b0ab0,H&M T-Shirt 476,HNM-TS-476-31,ac24a643-b45d-492d-b68d-07ad3fc5e688,piece,77,True,,2025-06-18 09:01:53
e40bbc96-4380-4a59-ae82-7c4277129ae7,H&M T-Shirt 545,HNM-TS-545,ac24a643-b45d-492d-b68d-07ad3fc5e688,piece,63,True,,2025-07-04 09:01:53
f9300fa5-eb19-4e28-9bab-e5c35b58039d,H&M T-Shirt 221,HNM-TS-221,ac24a643-b45d-492d-b68d-07ad3fc5e688,piece,33,True,,2025-12-07 09:01:53
f04490e4-a6b1-4643-8b02-8dc1b91b9e3e,H&M T-Shirt 982,HNM-TS-982,ac24a643-b45d-492d-b68d-07ad3fc5e688,piece,39,True,,2025-07-04 09:01:53
4fcc4ec0-bc0a-4b06-a676-4d03bd97608b,H&M T-Shirt 491,HNM-TS-491,ac24a643-b45d-492d-b68d-07ad3fc5e688,piece,21,True,,2025-11-29 09:01:53
aa955e2e-3af4-45ed-b33c-caae45f2e0ce,H&M T-Shirt 714,HNM-TS-714-37,ac24a643-b45d-492d-b68d-07ad3fc5e688,piece,41,True,,2025-12-08 09:01:53
d3bfc23c-af13-4ed0-bf44-dad8255c3433,Peter England Formal 528,PEE-FM-528,ac24a643-b45d-492d-b68d-07ad3fc5e688,piece,28,True,,2025-12-30 09:01:53
9c9c469b-a627-4639-8eed-64e4ab5b9bf7,Peter England Formal 129,PEE-FM-129,ac24a643-b45d-492d-b68d-07ad3fc5e688,piece,42,False,,2025-11-14 09:01:53
cfaf8e2f-e0a2-44c7-b34d-61415cf9b9bf,Peter England Formal 732,PEE-FM-732,ac24a643-b45d-492d-b68d-07ad3fc5e688,piece,62,False,,2025-09-06 09:01:53
8c4dab55-5ccf-4ce5-9dc7-8251d49244f1,Peter England Formal 696,PEE-FM-696,ac24a643-b45d-492d-b68d-07ad3fc5e688,piece,92,True,,2026-01-30 09:01:53
3f439369-1b31-427d-81c3-0aa205cbb0f8,Peter England Formal 110,PEE-FM-110,ac24a643-b45d-492d-b68d-07ad3fc5e688,piece,65,True,,2025-09-30 09:01:53
595cc2e7-7269-426c-8e33-6a45789fdc47,Peter England Formal 809,PEE-FM-809,ac24a643-b45d-492d-b68d-07ad3fc5e688,piece,55,True,,2025-03-14 09:01:53
e39f4fd1-0591-4d60-8dca-bb8d44188d2d,Peter England Formal 492,PEE-FM-492,ac24a643-b45d-492d-b68d-07ad3fc5e688,piece,95,True,,2025-05-13 09:01:53
231dd99a-8b67-4f06-a473-3e104fad2b2d,Peter England Formal 362,PEE-FM-362,ac24a643-b45d-492d-b68d-07ad3fc5e688,piece,14,True,,2026-02-12 09:01:53
4e62dcc9-4dee-462a-b342-dccfa0b1dbbd,Peter England Formal 153,PEE-FM-153,ac24a643-b45d-492d-b68d-07ad3fc5e688,piece,47,False,,2025-07-16 09:01:53
551d5344-fcb8-4e30-b032-c61e91954db0,Peter England Formal 462,PEE-FM-462,ac24a643-b45d-492d-b68d-07ad3fc5e688,piece,82,False,,2025-05-12 09:01:53
d8c51c53-2d15-4543-bba5-a316091bea37,Peter England Formal 826,PEE-FM-826,ac24a643-b45d-492d-b68d-07ad3fc5e688,piece,100,True,,2026-03-12 09:01:53
20ee8b91-176b-4aa4-a85a-7900257d37ab,Peter England Formal 359,PEE-FM-359,ac24a643-b45d-492d-b68d-07ad3fc5e688,piece,69,True,,2025-10-11 09:01:53
e68997bb-fa2b-4ae1-be1c-0cbf6214cd0b,Peter England Formal 504,PEE-FM-504,ac24a643-b45d-492d-b68d-07ad3fc5e688,piece,90,True,,2025-06-01 09:01:53
86ffa46b-fd34-483f-9819-27415d7a67df,Peter England Formal 142,PEE-FM-142,ac24a643-b45d-492d-b68d-07ad3fc5e688,piece,79,True,,2025-12-18 09:01:53
5aec633a-2857-4801-adeb-ef587a77c6d5,Peter England Formal 615,PEE-FM-615,ac24a643-b45d-492d-b68d-07ad3fc5e688,piece,68,False,,2025-07-18 09:01:53
db601af8-dc14-4124-bf2a-0bf58519e9c1,Peter England Formal 235,PEE-FM-235,ac24a643-b45d-492d-b68d-07ad3fc5e688,piece,16,True,,2025-06-16 09:01:53
1011b166-ec94-4cea-9b3e-76cc37ce6eaa,Peter England Formal 543,PEE-FM-543,ac24a643-b45d-492d-b68d-07ad3fc5e688,piece,23,True,,2025-10-05 09:01:53
3ef8c506-cd13-47ff-b14d-2009f73acd15,Peter England Formal 145,PEE-FM-145,ac24a643-b45d-492d-b68d-07ad3fc5e688,piece,21,True,,2025-10-22 09:01:53
abb3c1f0-faa3-455a-b4fc-55c74e7d9c82,Peter England Formal 865,PEE-FM-865,ac24a643-b45d-492d-b68d-07ad3fc5e688,piece,51,False,,2025-10-21 09:01:53
1fe02d3a-88be-4b48-907a-da71c19b030d,Peter England Formal 997,PEE-FM-997,ac24a643-b45d-492d-b68d-07ad3fc5e688,piece,38,True,,2025-10-30 09:01:53
a89639de-9cb2-4ba5-828f-5610f04e06a3,Peter England Formal 629,PEE-FM-629,ac24a643-b45d-492d-b68d-07ad3fc5e688,piece,45,True,,2025-12-20 09:01:53
5f4d9589-a929-4d06-ac1a-29bf37a1d117,Peter England Formal 423,PEE-FM-423,ac24a643-b45d-492d-b68d-07ad3fc5e688,piece,99,False,,2025-12-27 09:01:53
96cc1eae-901b-4ed7-a516-4a390a14cec2,Peter England Formal 669,PEE-FM-669,ac24a643-b45d-492d-b68d-07ad3fc5e688,piece,89,True,,2025-08-01 09:01:53
6af79f72-7ae5-4c38-9abd-cf36a7d02e68,Peter England Formal 154,PEE-FM-154,ac24a643-b45d-492d-b68d-07ad3fc5e688,piece,29,True,,2025-11-17 09:01:53
fa885b4c-1287-41fa-9be6-a09e19671a59,Peter England Formal 287,PEE-FM-287,ac24a643-b45d-492d-b68d-07ad3fc5e688,piece,9,True,,2025-12-21 09:01:53
a041f220-a92c-4452-ad9d-7f267a51998a,Peter England Formal 822,PEE-FM-822,ac24a643-b45d-492d-b68d-07ad3fc5e688,piece,64,True,,2025-07-04 09:01:53
51bcf177-68e7-4381-969d-7a3fe998fd61,Peter England Formal 141,PEE-FM-141,ac24a643-b45d-492d-b68d-07ad3fc5e688,piece,61,True,,2025-03-16 09:01:53
f000b813-83ae-4cad-b1d8-705414f18e9e,Peter England Formal 674,PEE-FM-674,ac24a643-b45d-492d-b68d-07ad3fc5e688,piece,67,True,,2026-01-16 09:01:53
cf5323d5-20fc-4bc3-8b93-dc666ad9e303,Peter England Formal 966,PEE-FM-966,ac24a643-b45d-492d-b68d-07ad3fc5e688,piece,97,True,,2026-01-10 09:01:53
2dc9fcfa-946f-4691-8ebf-6c92b5ca2eee,Peter England Formal 457,PEE-FM-457,ac24a643-b45d-492d-b68d-07ad3fc5e688,piece,16,True,,2025-10-20 09:01:53
c5cde191-a694-417a-86c0-d6d74a3899f3,Peter England Formal 284,PEE-FM-284,ac24a643-b45d-492d-b68d-07ad3fc5e688,piece,26,True,,2025-10-26 09:01:53
c70db4d0-203c-4e77-b784-c84a72874664,Peter England Formal 676,PEE-FM-676,ac24a643-b45d-492d-b68d-07ad3fc5e688,piece,89,True,,2025-05-20 09:01:53
8490ab5a-765e-4753-b526-770ecd25c002,Peter England Formal 104,PEE-FM-104,ac24a643-b45d-492d-b68d-07ad3fc5e688,piece,72,True,,2025-12-12 09:01:53
0cfb0b45-9c5a-41fc-b98d-bebaad11d82c,Peter England Formal 526,PEE-FM-526,ac24a643-b45d-492d-b68d-07ad3fc5e688,piece,14,True,,2025-07-02 09:01:53
63d6009a-40fb-47e9-8fad-3e5aa3080d3f,Peter England Formal 793,PEE-FM-793,ac24a643-b45d-492d-b68d-07ad3fc5e688,piece,17,True,,2026-03-01 09:01:53
1fd45a9c-490f-4a85-9a29-92abc44952bd,Peter England Formal 391,PEE-FM-391,ac24a643-b45d-492d-b68d-07ad3fc5e688,piece,92,False,,2026-01-11 09:01:53
79563685-ab94-4c1d-b97f-596fb874846b,Peter England Formal 503,PEE-FM-503,ac24a643-b45d-492d-b68d-07ad3fc5e688,piece,52,True,,2026-01-19 09:01:53
b6f7fdf3-28d3-41da-a8a3-45ec8bc53764,Peter England Formal 957,PEE-FM-957,ac24a643-b45d-492d-b68d-07ad3fc5e688,piece,46,True,,2026-02-01 09:01:53
6b21b3da-81cb-460c-8b4f-950d06adf450,Peter England Formal 571,PEE-FM-571,ac24a643-b45d-492d-b68d-07ad3fc5e688,piece,95,True,,2025-07-25 09:01:53
c935a422-33cd-4f87-aa40-a628b611a0ca,Peter England Formal 743,PEE-FM-743,ac24a643-b45d-492d-b68d-07ad3fc5e688,piece,39,True,,2026-03-12 09:01:53
96cecc27-673a-4d5b-aea2-95cb5e7144a3,Peter England Formal 437,PEE-FM-437,ac24a643-b45d-492d-b68d-07ad3fc5e688,piece,10,True,,2025-07-26 09:01:53
3daed104-530b-4c49-8ae1-627eec6a63f0,Peter England Formal 432,PEE-FM-432,ac24a643-b45d-492d-b68d-07ad3fc5e688,piece,98,False,,2025-05-27 09:01:53
ebc71ca3-6ab6-4b0f-813a-b49c367048e0,Peter England Formal 232,PEE-FM-232,ac24a643-b45d-492d-b68d-07ad3fc5e688,piece,32,True,,2025-04-19 09:01:53
de1e8f95-7a46-45ac-8596-b205ffb91d31,Peter England Formal 389,PEE-FM-389,ac24a643-b45d-492d-b68d-07ad3fc5e688,piece,46,True,,2026-02-06 09:01:53
c645401d-3281-4d42-97ec-e5e3d01743d6,Peter England Formal 660,PEE-FM-660,ac24a643-b45d-492d-b68d-07ad3fc5e688,piece,82,True,,2025-08-22 09:01:53
22cbaf27-cde7-4c17-8525-f07b0a5a0898,Peter England Formal 361,PEE-FM-361,ac24a643-b45d-492d-b68d-07ad3fc5e688,piece,27,True,,2025-08-22 09:01:53
2c9c8206-2d0b-43e1-a3b7-f1e214907283,Peter England Formal 191,PEE-FM-191,ac24a643-b45d-492d-b68d-07ad3fc5e688,piece,7,True,,2025-12-21 09:01:53
e8342e83-71b7-48c4-a019-54bc548dc429,Peter England Formal 497,PEE-FM-497,ac24a643-b45d-492d-b68d-07ad3fc5e688,piece,56,True,,2025-04-14 09:01:53
4b0cd438-98d7-4b8b-b982-3ad8c2355ec4,Peter England Formal 257,PEE-FM-257,ac24a643-b45d-492d-b68d-07ad3fc5e688,piece,20,True,,2025-08-05 09:01:53
b8aa97dc-df34-48af-865b-46b943eaa5e7,Peter England Formal 853,PEE-FM-853,ac24a643-b45d-492d-b68d-07ad3fc5e688,piece,44,False,,2025-05-10 09:01:53
bae742b2-bb62-47ff-a412-bf19d86c0899,Van Heusen Blazer 234,VAN-BL-234,ac24a643-b45d-492d-b68d-07ad3fc5e688,piece,50,True,,2025-09-07 09:01:53
6c8575e9-89d8-457d-b540-ee58e1356166,Van Heusen Blazer 624,VAN-BL-624,ac24a643-b45d-492d-b68d-07ad3fc5e688,piece,30,True,,2025-08-28 09:01:53
a258a932-8136-410e-8965-76797e91f245,Van Heusen Blazer 587,VAN-BL-587,ac24a643-b45d-492d-b68d-07ad3fc5e688,piece,39,True,,2025-08-10 09:01:53
ee0d76f5-d846-4e3f-a3d2-374e28412387,Van Heusen Blazer 192,VAN-BL-192,ac24a643-b45d-492d-b68d-07ad3fc5e688,piece,59,True,,2025-05-04 09:01:53
c25f0107-1091-4d5b-8ffd-5ea2ddc22716,Van Heusen Blazer 290,VAN-BL-290,ac24a643-b45d-492d-b68d-07ad3fc5e688,piece,60,True,,2026-01-26 09:01:53
98bd8543-afd0-456e-9494-09be949a2665,Van Heusen Blazer 141,VAN-BL-141,ac24a643-b45d-492d-b68d-07ad3fc5e688,piece,70,True,,2025-07-20 09:01:53
ffc66fc2-795c-4af6-8c86-774c98775be2,Van Heusen Blazer 792,VAN-BL-792,ac24a643-b45d-492d-b68d-07ad3fc5e688,piece,33,True,,2025-03-14 09:01:53
b7509fc5-b979-4dd7-bdd1-af390ba38148,Van Heusen Blazer 258,VAN-BL-258,ac24a643-b45d-492d-b68d-07ad3fc5e688,piece,68,True,,2025-04-17 09:01:53
b3055df3-fc4c-429b-b7a1-94e2f5e1ad4f,Van Heusen Blazer 637,VAN-BL-637,ac24a643-b45d-492d-b68d-07ad3fc5e688,piece,15,True,,2025-08-03 09:01:53
edd38bf7-9cba-4e7b-8299-3fdaa32fd861,Van Heusen Blazer 181,VAN-BL-181,ac24a643-b45d-492d-b68d-07ad3fc5e688,piece,66,True,,2026-01-08 09:01:53
448b5082-9cca-4968-afb5-54e45f80a250,Van Heusen Blazer 800,VAN-BL-800,ac24a643-b45d-492d-b68d-07ad3fc5e688,piece,43,True,,2025-06-20 09:01:53
795ea8a7-016e-4f9f-9611-b3bcde98006e,Van Heusen Blazer 537,VAN-BL-537,ac24a643-b45d-492d-b68d-07ad3fc5e688,piece,42,True,,2025-06-05 09:01:53
e7c1f724-c6c9-4ed1-87a6-5e40fdf36963,Van Heusen Blazer 178,VAN-BL-178,ac24a643-b45d-492d-b68d-07ad3fc5e688,piece,10,True,,2025-06-26 09:01:53
ff9dcce1-ddca-42de-ae69-829fb73eca52,Van Heusen Blazer 535,VAN-BL-535,ac24a643-b45d-492d-b68d-07ad3fc5e688,piece,57,True,,2025-04-10 09:01:53
505b5a7e-c36f-47b8-ae61-3c1ca986a81b,Van Heusen Blazer 837,VAN-BL-837,ac24a643-b45d-492d-b68d-07ad3fc5e688,piece,77,True,,2025-09-14 09:01:53
5df17a21-fec0-43ed-812c-3ee98d24073c,Van Heusen Blazer 360,VAN-BL-360,ac24a643-b45d-492d-b68d-07ad3fc5e688,piece,79,True,,2025-06-30 09:01:53
95778638-4013-4d65-872b-47b605e667b7,Van Heusen Blazer 116,VAN-BL-116,ac24a643-b45d-492d-b68d-07ad3fc5e688,piece,19,True,,2025-07-21 09:01:53
d7a6f938-3a7c-4041-8383-6b902cb085f6,Van Heusen Blazer 283,VAN-BL-283,ac24a643-b45d-492d-b68d-07ad3fc5e688,piece,28,True,,2026-02-19 09:01:53
fd79526a-e06e-4702-aaa4-a895180d90dd,Van Heusen Blazer 185,VAN-BL-185,ac24a643-b45d-492d-b68d-07ad3fc5e688,piece,58,True,,2025-10-13 09:01:53
1b1fc056-97d3-4f99-aa0a-1f3a53443fc8,Van Heusen Blazer 421,VAN-BL-421,ac24a643-b45d-492d-b68d-07ad3fc5e688,piece,80,True,,2025-04-05 09:01:53
c58a9389-401c-4857-8cd7-ea541cd41222,Van Heusen Blazer 560,VAN-BL-560,ac24a643-b45d-492d-b68d-07ad3fc5e688,piece,84,True,,2025-09-21 09:01:53
521b1736-e71b-451c-ba32-b8ac6d2d5a72,Van Heusen Blazer 992,VAN-BL-992,ac24a643-b45d-492d-b68d-07ad3fc5e688,piece,28,True,,2026-02-02 09:01:53
70df7a9f-ab26-4362-b136-9be0dee82ddb,Van Heusen Blazer 864,VAN-BL-864,ac24a643-b45d-492d-b68d-07ad3fc5e688,piece,82,True,,2025-04-04 09:01:53
458c8af4-250f-457d-80a7-ab8b5b724715,Van Heusen Blazer 208,VAN-BL-208,ac24a643-b45d-492d-b68d-07ad3fc5e688,piece,60,True,,2026-03-12 09:01:53
c149f533-8e59-4ca2-881c-21dd547998ec,Van Heusen Blazer 504,VAN-BL-504,ac24a643-b45d-492d-b68d-07ad3fc5e688,piece,19,True,,2025-04-13 09:01:53
78bb3f4d-6295-41e5-973d-cdbcd71a1ae0,Van Heusen Blazer 588,VAN-BL-588,ac24a643-b45d-492d-b68d-07ad3fc5e688,piece,63,True,,2025-04-12 09:01:53
e15ac558-3603-46ce-a615-9a1a92052665,Van Heusen Blazer 862,VAN-BL-862,ac24a643-b45d-492d-b68d-07ad3fc5e688,piece,82,True,,2025-10-10 09:01:53
8727a54d-cc9e-492c-bc31-0aaaddd64d48,Van Heusen Blazer 733,VAN-BL-733,ac24a643-b45d-492d-b68d-07ad3fc5e688,piece,83,True,,2025-04-04 09:01:53
a0e27e15-035d-4991-9293-63ff79675d8d,Van Heusen Blazer 806,VAN-BL-806,ac24a643-b45d-492d-b68d-07ad3fc5e688,piece,91,True,,2025-10-11 09:01:53
40a830fc-5d6c-4240-a1ae-9659f6eb6854,Van Heusen Blazer 189,VAN-BL-189,ac24a643-b45d-492d-b68d-07ad3fc5e688,piece,21,True,,2025-12-07 09:01:53
fefa81b2-5cdb-4763-a341-b5308ec1372b,Van Heusen Blazer 214,VAN-BL-214,ac24a643-b45d-492d-b68d-07ad3fc5e688,piece,7,True,,2025-12-08 09:01:53
52c94a33-633f-472a-abbe-5a9b95cb2a83,Van Heusen Blazer 979,VAN-BL-979,ac24a643-b45d-492d-b68d-07ad3fc5e688,piece,8,True,,2025-04-16 09:01:53
ab38c408-239c-4683-800e-709533e01e5a,Van Heusen Blazer 248,VAN-BL-248,ac24a643-b45d-492d-b68d-07ad3fc5e688,piece,88,True,,2025-04-28 09:01:53
233b331e-410f-46d7-a251-b901fdb386b7,Van Heusen Blazer 978,VAN-BL-978,ac24a643-b45d-492d-b68d-07ad3fc5e688,piece,73,True,,2025-10-11 09:01:53
30188d10-adf4-409e-b70d-cdecfeae48a1,Van Heusen Blazer 888,VAN-BL-888,ac24a643-b45d-492d-b68d-07ad3fc5e688,piece,64,True,,2025-08-10 09:01:53
04f222ca-c955-4cd6-b117-3bd0596a2b02,Van Heusen Blazer 122,VAN-BL-122,ac24a643-b45d-492d-b68d-07ad3fc5e688,piece,19,True,,2025-12-26 09:01:53
ced37cac-5158-4052-89eb-8ad45be50417,Van Heusen Blazer 856,VAN-BL-856,ac24a643-b45d-492d-b68d-07ad3fc5e688,piece,94,True,,2025-07-09 09:01:53
2ed648d7-b395-4e83-8aea-88adfb46a399,Van Heusen Blazer 582,VAN-BL-582,ac24a643-b45d-492d-b68d-07ad3fc5e688,piece,7,True,,2025-05-19 09:01:53
64e30a42-8855-4550-93c5-dc2a95601ec5,Van Heusen Blazer 348,VAN-BL-348,ac24a643-b45d-492d-b68d-07ad3fc5e688,piece,30,True,,2025-08-26 09:01:53
63853141-f9e1-4259-897f-abba59fca888,Van Heusen Blazer 152,VAN-BL-152,ac24a643-b45d-492d-b68d-07ad3fc5e688,piece,47,True,,2025-04-26 09:01:53
90e2a372-8b5a-4de0-81bc-fafa040f5fad,Van Heusen Blazer 967,VAN-BL-967,ac24a643-b45d-492d-b68d-07ad3fc5e688,piece,96,True,,2025-08-14 09:01:53
59f6c3d3-89d9-470a-a70e-ddeb939cd4be,Van Heusen Blazer 968,VAN-BL-968,ac24a643-b45d-492d-b68d-07ad3fc5e688,piece,68,True,,2025-05-13 09:01:53
a7cd29a7-e6eb-42a4-8a0b-1b371c0b1c8d,Van Heusen Blazer 848,VAN-BL-848,ac24a643-b45d-492d-b68d-07ad3fc5e688,piece,75,False,,2026-02-24 09:01:53
923ec364-6936-4033-b107-156c08fa6fc7,Van Heusen Blazer 599,VAN-BL-599,ac24a643-b45d-492d-b68d-07ad3fc5e688,piece,56,True,,2025-05-16 09:01:53
228168f9-efed-40d9-907f-4c87eb7f297c,Van Heusen Blazer 842,VAN-BL-842,ac24a643-b45d-492d-b68d-07ad3fc5e688,piece,83,False,,2025-07-08 09:01:53
98541771-b8ca-4723-8116-49a42cc06901,Van Heusen Blazer 337,VAN-BL-337,ac24a643-b45d-492d-b68d-07ad3fc5e688,piece,96,True,,2026-03-05 09:01:53
1cbff080-35f5-4d14-a4c9-25348bff82be,Van Heusen Blazer 532,VAN-BL-532,ac24a643-b45d-492d-b68d-07ad3fc5e688,piece,78,True,,2026-02-10 09:01:53
3567eeca-a13e-4573-9c2a-3d31d5461d97,Van Heusen Blazer 374,VAN-BL-374,ac24a643-b45d-492d-b68d-07ad3fc5e688,piece,87,True,,2025-07-15 09:01:53
576625ed-cbe0-4d0d-95f1-bfa3a79f0100,Van Heusen Blazer 219,VAN-BL-219,ac24a643-b45d-492d-b68d-07ad3fc5e688,piece,68,True,,2025-04-18 09:01:53
cb2ee156-035b-47a1-a184-cab5c87bddef,Van Heusen Blazer 455,VAN-BL-455,ac24a643-b45d-492d-b68d-07ad3fc5e688,piece,62,True,,2026-03-04 09:01:53
0e223621-9be0-4560-8cf4-e443104ec096,FabIndia Kurta 265,FAB-KR-265,ac24a643-b45d-492d-b68d-07ad3fc5e688,piece,41,True,,2025-07-17 09:01:53
f8789996-2961-4384-be31-19453d50865c,FabIndia Kurta 452,FAB-KR-452,ac24a643-b45d-492d-b68d-07ad3fc5e688,piece,61,True,,2025-11-22 09:01:53
05a7d259-f5cf-4468-8f40-4aab827dae22,FabIndia Kurta 701,FAB-KR-701,ac24a643-b45d-492d-b68d-07ad3fc5e688,piece,92,True,,2025-05-10 09:01:53
eecb4bd2-5883-4a78-9b90-7b3c5ecc839a,FabIndia Kurta 973,FAB-KR-973,ac24a643-b45d-492d-b68d-07ad3fc5e688,piece,96,True,,2026-01-06 09:01:53
189fb7c2-bf85-48cc-88ac-8d33574e7257,FabIndia Kurta 400,FAB-KR-400,ac24a643-b45d-492d-b68d-07ad3fc5e688,piece,97,True,,2025-08-13 09:01:53
b9b63e37-4c78-4788-9e1a-c66f38798c90,FabIndia Kurta 953,FAB-KR-953,ac24a643-b45d-492d-b68d-07ad3fc5e688,piece,91,True,,2025-09-11 09:01:53
42fc17a4-46a7-42de-8618-8a34494641c8,FabIndia Kurta 915,FAB-KR-915,ac24a643-b45d-492d-b68d-07ad3fc5e688,piece,65,True,,2025-12-22 09:01:53
e71afe05-75b7-4148-892f-4f6762ac4143,FabIndia Kurta 736,FAB-KR-736,ac24a643-b45d-492d-b68d-07ad3fc5e688,piece,31,True,,2026-01-29 09:01:53
d0bf40fe-231b-42b9-8034-805beb5e8649,FabIndia Kurta 783,FAB-KR-783,ac24a643-b45d-492d-b68d-07ad3fc5e688,piece,66,True,,2025-12-02 09:01:53
3ae5d083-0a86-4b13-bbf7-8663665e5c58,FabIndia Kurta 260,FAB-KR-260,ac24a643-b45d-492d-b68d-07ad3fc5e688,piece,82,True,,2025-08-14 09:01:53
ed7f1a03-03a6-4034-94ca-72ca95273953,FabIndia Kurta 605,FAB-KR-605,ac24a643-b45d-492d-b68d-07ad3fc5e688,piece,43,True,,2025-06-02 09:01:53
65dde087-0144-4f72-96d0-7efa752c11e8,FabIndia Kurta 148,FAB-KR-148,ac24a643-b45d-492d-b68d-07ad3fc5e688,piece,7,True,,2025-11-01 09:01:53
9e8c85e3-55a6-4a5a-bf2d-b4e09e002f06,FabIndia Kurta 465,FAB-KR-465,ac24a643-b45d-492d-b68d-07ad3fc5e688,piece,91,True,,2025-06-30 09:01:53
715664a2-a485-4523-9539-c11960ff4c8c,FabIndia Kurta 132,FAB-KR-132,ac24a643-b45d-492d-b68d-07ad3fc5e688,piece,13,True,,2026-01-15 09:01:53
63db9c83-db33-48f9-929e-6a6444414f66,FabIndia Kurta 732,FAB-KR-732,ac24a643-b45d-492d-b68d-07ad3fc5e688,piece,34,True,,2025-11-20 09:01:53
f8e36075-f88e-4403-a21c-7da6dbab0901,FabIndia Kurta 598,FAB-KR-598,ac24a643-b45d-492d-b68d-07ad3fc5e688,piece,38,False,,2025-09-14 09:01:53
f2ead218-3cbf-490b-926c-f829b42212fb,FabIndia Kurta 887,FAB-KR-887,ac24a643-b45d-492d-b68d-07ad3fc5e688,piece,10,True,,2025-06-02 09:01:53
bbea28a3-5b20-469b-a7a2-a8d877e0e328,FabIndia Kurta 373,FAB-KR-373,ac24a643-b45d-492d-b68d-07ad3fc5e688,piece,24,True,,2025-06-24 09:01:53
b27e81b7-79a9-44d6-ba28-6997cf58f51d,FabIndia Kurta 718,FAB-KR-718,ac24a643-b45d-492d-b68d-07ad3fc5e688,piece,90,True,,2026-02-17 09:01:53
ca97df43-f7c6-4e36-9ccc-28b7ece5b115,FabIndia Kurta 548,FAB-KR-548,ac24a643-b45d-492d-b68d-07ad3fc5e688,piece,63,False,,2026-01-17 09:01:53
d552ec6b-11bd-4ecd-b284-cd0c5dbc6fb2,FabIndia Kurta 208,FAB-KR-208,ac24a643-b45d-492d-b68d-07ad3fc5e688,piece,83,True,,2026-01-21 09:01:53
b6346949-3aa0-4405-92e4-0aed769bb291,FabIndia Kurta 943,FAB-KR-943,ac24a643-b45d-492d-b68d-07ad3fc5e688,piece,76,True,,2026-01-20 09:01:53
687d82b7-1a1f-479e-896b-057a8b19d8f0,FabIndia Kurta 271,FAB-KR-271,ac24a643-b45d-492d-b68d-07ad3fc5e688,piece,85,True,,2025-11-29 09:01:53
00736fd7-f0ff-42ee-999a-6ca5e46768df,FabIndia Kurta 470,FAB-KR-470,ac24a643-b45d-492d-b68d-07ad3fc5e688,piece,25,True,,2025-03-17 09:01:53
eb5228e4-b9b9-46ec-bf1b-69b4b8a6408e,FabIndia Kurta 552,FAB-KR-552,ac24a643-b45d-492d-b68d-07ad3fc5e688,piece,69,True,,2026-01-23 09:01:53
73bcf3ec-c07c-4843-8fbd-c0435011d618,FabIndia Kurta 257,FAB-KR-257,ac24a643-b45d-492d-b68d-07ad3fc5e688,piece,87,True,,2026-01-03 09:01:53
35829d2c-67c1-44ef-a057-8dcc3689a122,FabIndia Kurta 225,FAB-KR-225,ac24a643-b45d-492d-b68d-07ad3fc5e688,piece,30,True,,2025-08-14 09:01:53
31679be2-4fe8-448a-81a7-bba3df961f85,FabIndia Kurta 887,FAB-KR-887-10,ac24a643-b45d-492d-b68d-07ad3fc5e688,piece,36,True,,2025-07-15 09:01:53
4662cec1-c7eb-41f2-9ff9-fd936d3458c7,FabIndia Kurta 449,FAB-KR-449,ac24a643-b45d-492d-b68d-07ad3fc5e688,piece,41,True,,2026-01-30 09:01:53
a6dc9e55-7019-448e-8056-2d5968efa82d,FabIndia Kurta 372,FAB-KR-372,ac24a643-b45d-492d-b68d-07ad3fc5e688,piece,52,True,,2025-08-14 09:01:53
5f8bddab-3c2b-4222-9de4-0feb1535e79e,FabIndia Kurta 469,FAB-KR-469,ac24a643-b45d-492d-b68d-07ad3fc5e688,piece,85,True,,2025-12-27 09:01:53
c6ab4dfb-a6df-4334-b2b3-2585e31fd353,FabIndia Kurta 871,FAB-KR-871,ac24a643-b45d-492d-b68d-07ad3fc5e688,piece,72,True,,2025-11-18 09:01:53
5429e844-6c43-4a16-8d4a-39e82788a2d9,FabIndia Kurta 241,FAB-KR-241,ac24a643-b45d-492d-b68d-07ad3fc5e688,piece,59,True,,2025-08-17 09:01:53
b1728fdb-1d69-4a58-91bf-932c1c83ff84,FabIndia Kurta 569,FAB-KR-569,ac24a643-b45d-492d-b68d-07ad3fc5e688,piece,71,True,,2025-09-10 09:01:53
4a5ea854-2c7a-4a24-9dd0-62a37d623e5e,FabIndia Kurta 130,FAB-KR-130,ac24a643-b45d-492d-b68d-07ad3fc5e688,piece,61,True,,2026-03-09 09:01:53
c9cc5015-e65a-419a-8e5b-a22c9768f2ad,FabIndia Kurta 834,FAB-KR-834,ac24a643-b45d-492d-b68d-07ad3fc5e688,piece,71,False,,2026-01-30 09:01:53
990e0df7-97fb-4568-9262-3a182b40895a,FabIndia Kurta 446,FAB-KR-446,ac24a643-b45d-492d-b68d-07ad3fc5e688,piece,45,True,,2025-12-20 09:01:53
fbb4f9da-9cfb-43bf-9378-5fe49777eb9f,FabIndia Kurta 544,FAB-KR-544,ac24a643-b45d-492d-b68d-07ad3fc5e688,piece,12,True,,2026-02-24 09:01:53
e9c2415c-70e0-4455-aafd-21f654c19046,FabIndia Kurta 776,FAB-KR-776,ac24a643-b45d-492d-b68d-07ad3fc5e688,piece,87,True,,2025-05-24 09:01:53
e10ebc60-01b2-4082-9942-04f12805d5f7,FabIndia Kurta 159,FAB-KR-159,ac24a643-b45d-492d-b68d-07ad3fc5e688,piece,85,False,,2025-04-10 09:01:53
ab82b913-2a9f-43de-9f65-3c50564ce0e5,FabIndia Kurta 996,FAB-KR-996,ac24a643-b45d-492d-b68d-07ad3fc5e688,piece,71,False,,2025-08-12 09:01:53
983ac18d-9d48-4a63-9502-9df1f6d5f684,FabIndia Kurta 511,FAB-KR-511,ac24a643-b45d-492d-b68d-07ad3fc5e688,piece,92,True,,2025-10-10 09:01:53
48d9980e-3ed3-44ad-b0ea-604b35d6ff58,FabIndia Kurta 838,FAB-KR-838,ac24a643-b45d-492d-b68d-07ad3fc5e688,piece,100,True,,2025-09-19 09:01:53
267fd6f6-cd85-42ff-bc17-a2576d264ada,FabIndia Kurta 108,FAB-KR-108,ac24a643-b45d-492d-b68d-07ad3fc5e688,piece,40,False,,2025-05-06 09:01:53
0cee833e-42e2-47bd-8e52-001ca7dd696f,FabIndia Kurta 250,FAB-KR-250,ac24a643-b45d-492d-b68d-07ad3fc5e688,piece,94,True,,2025-04-19 09:01:53
e24e2d65-bfcc-48f0-ba65-f05ef53e21f7,FabIndia Kurta 310,FAB-KR-310,ac24a643-b45d-492d-b68d-07ad3fc5e688,piece,74,True,,2025-05-02 09:01:53
8e2298ff-115a-460f-ac00-647317707972,FabIndia Kurta 767,FAB-KR-767,ac24a643-b45d-492d-b68d-07ad3fc5e688,piece,61,True,,2025-04-16 09:01:53
cb942c82-7b0b-482a-afa9-f25554712924,FabIndia Kurta 514,FAB-KR-514,ac24a643-b45d-492d-b68d-07ad3fc5e688,piece,30,True,,2026-01-30 09:01:53
98a75087-98d4-4251-9186-9de5a68a2e38,FabIndia Kurta 137,FAB-KR-137,ac24a643-b45d-492d-b68d-07ad3fc5e688,piece,73,True,,2026-01-09 09:01:53
b4e9e4b7-0259-46b4-9f33-17fc7ebeb596,FabIndia Kurta 632,FAB-KR-632,ac24a643-b45d-492d-b68d-07ad3fc5e688,piece,74,True,,2026-01-26 09:01:53
7f3bb568-e80c-4fec-a603-1eb15bf915a5,Manyavar Sherwani 623,MAN-SW-623,ac24a643-b45d-492d-b68d-07ad3fc5e688,piece,75,True,,2025-09-21 09:01:53
9437e3c3-bb9c-42e0-bdba-144c8056b807,Manyavar Sherwani 875,MAN-SW-875,ac24a643-b45d-492d-b68d-07ad3fc5e688,piece,86,True,,2026-02-28 09:01:53
1e60843b-c4ac-4d30-b1bb-2cb894163647,Manyavar Sherwani 915,MAN-SW-915,ac24a643-b45d-492d-b68d-07ad3fc5e688,piece,74,True,,2025-11-11 09:01:53
528b4b78-c1ff-451a-920f-0fb8ed62bddd,Manyavar Sherwani 952,MAN-SW-952,ac24a643-b45d-492d-b68d-07ad3fc5e688,piece,43,True,,2025-06-29 09:01:53
f392362d-1e9a-43a0-8646-3077b52b3b89,Manyavar Sherwani 213,MAN-SW-213,ac24a643-b45d-492d-b68d-07ad3fc5e688,piece,98,True,,2025-09-05 09:01:53
61e3f1d4-b332-44cc-b652-5f6916fa5bac,Manyavar Sherwani 365,MAN-SW-365,ac24a643-b45d-492d-b68d-07ad3fc5e688,piece,85,True,,2026-01-10 09:01:53
404414fc-0abe-4bf4-988c-93d2e70b3343,Manyavar Sherwani 148,MAN-SW-148,ac24a643-b45d-492d-b68d-07ad3fc5e688,piece,88,False,,2025-07-28 09:01:53
7d8fe401-0fd5-4e10-a605-637794f26473,Manyavar Sherwani 405,MAN-SW-405,ac24a643-b45d-492d-b68d-07ad3fc5e688,piece,78,True,,2025-07-25 09:01:53
d2ee8639-39c8-4b9f-9e44-a6dc1fb7f447,Manyavar Sherwani 447,MAN-SW-447,ac24a643-b45d-492d-b68d-07ad3fc5e688,piece,35,True,,2025-05-21 09:01:53
d0673973-4d14-4739-9cf6-b163efeb2fe9,Manyavar Sherwani 679,MAN-SW-679,ac24a643-b45d-492d-b68d-07ad3fc5e688,piece,96,True,,2025-04-27 09:01:53
1949c3b0-3571-4439-a4f9-8bdc763dccd5,Manyavar Sherwani 781,MAN-SW-781,ac24a643-b45d-492d-b68d-07ad3fc5e688,piece,73,True,,2025-11-15 09:01:53
4a8f7938-f861-4510-86ee-088555dd7b07,Manyavar Sherwani 458,MAN-SW-458,ac24a643-b45d-492d-b68d-07ad3fc5e688,piece,43,True,,2025-05-25 09:01:53
d5bfbb72-92dd-43a3-ac2f-83f2cccf5e67,Manyavar Sherwani 788,MAN-SW-788,ac24a643-b45d-492d-b68d-07ad3fc5e688,piece,22,True,,2025-06-21 09:01:53
23c22031-4e41-4aa2-b56d-7c99492991bf,Manyavar Sherwani 855,MAN-SW-855,ac24a643-b45d-492d-b68d-07ad3fc5e688,piece,36,True,,2025-06-23 09:01:53
8fac61e8-3113-4b2c-8f62-db6ba2177a83,Manyavar Sherwani 696,MAN-SW-696,ac24a643-b45d-492d-b68d-07ad3fc5e688,piece,29,True,,2025-09-11 09:01:53
f3ea642e-9961-4206-ada6-1710310110b6,Manyavar Sherwani 565,MAN-SW-565,ac24a643-b45d-492d-b68d-07ad3fc5e688,piece,17,True,,2025-08-09 09:01:53
ef9fb3ab-c56a-492d-9970-87e0974043e2,Manyavar Sherwani 948,MAN-SW-948,ac24a643-b45d-492d-b68d-07ad3fc5e688,piece,57,True,,2026-02-11 09:01:53
aeab6951-0fa6-465f-bae9-b84ef8461006,Manyavar Sherwani 535,MAN-SW-535,ac24a643-b45d-492d-b68d-07ad3fc5e688,piece,21,True,,2025-07-29 09:01:53
181543d4-eb3a-482c-95be-8a57372b7f58,Manyavar Sherwani 179,MAN-SW-179,ac24a643-b45d-492d-b68d-07ad3fc5e688,piece,52,True,,2025-08-20 09:01:53
dac20b00-f492-45d6-8771-6ec499de012b,Manyavar Sherwani 702,MAN-SW-702,ac24a643-b45d-492d-b68d-07ad3fc5e688,piece,76,True,,2025-08-24 09:01:53
01a55c93-9fdc-4fb3-a871-9f7963e31d61,Manyavar Sherwani 992,MAN-SW-992,ac24a643-b45d-492d-b68d-07ad3fc5e688,piece,38,True,,2025-04-23 09:01:53
f705429e-e479-46bd-b206-983da492bd44,Manyavar Sherwani 533,MAN-SW-533,ac24a643-b45d-492d-b68d-07ad3fc5e688,piece,61,True,,2025-07-07 09:01:53
6b790594-aab9-4178-8a65-437db84bb16e,Manyavar Sherwani 849,MAN-SW-849,ac24a643-b45d-492d-b68d-07ad3fc5e688,piece,58,True,,2025-12-31 09:01:53
05cb0136-782c-4250-a49c-cd70137b4ff4,Manyavar Sherwani 617,MAN-SW-617,ac24a643-b45d-492d-b68d-07ad3fc5e688,piece,21,True,,2025-07-23 09:01:53
70849bc4-d67d-41c0-8c3d-18d8944822bb,Manyavar Sherwani 232,MAN-SW-232,ac24a643-b45d-492d-b68d-07ad3fc5e688,piece,95,True,,2025-06-17 09:01:53
3b942012-0773-46ac-82b2-2c7aeda70dc5,Manyavar Sherwani 220,MAN-SW-220,ac24a643-b45d-492d-b68d-07ad3fc5e688,piece,93,True,,2025-07-15 09:01:53
c926e20d-2ef9-481e-a3e6-e0ea25d1ffbb,Manyavar Sherwani 133,MAN-SW-133,ac24a643-b45d-492d-b68d-07ad3fc5e688,piece,100,True,,2025-06-01 09:01:53
f16943de-6964-4e56-bf7a-c48008f32ca9,Manyavar Sherwani 478,MAN-SW-478,ac24a643-b45d-492d-b68d-07ad3fc5e688,piece,20,True,,2025-08-17 09:01:53
87d5f2bd-fbd5-48ac-8e89-ffaaa60e0777,Manyavar Sherwani 212,MAN-SW-212,ac24a643-b45d-492d-b68d-07ad3fc5e688,piece,20,True,,2025-10-17 09:01:53
f9233e2f-61e7-4e15-ad5b-1a4708145126,Manyavar Sherwani 141,MAN-SW-141,ac24a643-b45d-492d-b68d-07ad3fc5e688,piece,71,True,,2025-09-05 09:01:53
5b57093d-e089-4dd9-aebb-684528a548ed,Manyavar Sherwani 412,MAN-SW-412,ac24a643-b45d-492d-b68d-07ad3fc5e688,piece,52,True,,2025-07-09 09:01:53
3695be96-feb2-47ca-9688-e754af881dda,Manyavar Sherwani 128,MAN-SW-128,ac24a643-b45d-492d-b68d-07ad3fc5e688,piece,23,True,,2025-05-17 09:01:53
360da3a5-6c77-4c7f-afa7-4ce430975e89,Manyavar Sherwani 531,MAN-SW-531,ac24a643-b45d-492d-b68d-07ad3fc5e688,piece,11,False,,2025-10-09 09:01:53
53ee51f9-9f6e-416b-bae1-6b32c45864e9,Manyavar Sherwani 390,MAN-SW-390,ac24a643-b45d-492d-b68d-07ad3fc5e688,piece,32,True,,2025-07-07 09:01:53
788c888b-a699-4493-b67d-a3e46b7a80a3,Manyavar Sherwani 102,MAN-SW-102,ac24a643-b45d-492d-b68d-07ad3fc5e688,piece,20,True,,2026-02-08 09:01:53
4104831b-7652-4dfc-bcb6-4a061647ac3a,Manyavar Sherwani 991,MAN-SW-991,ac24a643-b45d-492d-b68d-07ad3fc5e688,piece,10,True,,2025-05-25 09:01:53
6806f650-363b-472b-8d73-acefb3ae4378,Manyavar Sherwani 417,MAN-SW-417,ac24a643-b45d-492d-b68d-07ad3fc5e688,piece,77,True,,2025-09-23 09:01:53
15f688f6-c175-4725-8bb4-31343613c096,Manyavar Sherwani 900,MAN-SW-900,ac24a643-b45d-492d-b68d-07ad3fc5e688,piece,53,True,,2025-05-08 09:01:53
507ac29c-9db6-41e2-9100-c8b68496a429,Manyavar Sherwani 235,MAN-SW-235,ac24a643-b45d-492d-b68d-07ad3fc5e688,piece,22,True,,2025-07-22 09:01:53
156aa747-8d40-4e86-b30b-322cfc1e978a,Manyavar Sherwani 879,MAN-SW-879,ac24a643-b45d-492d-b68d-07ad3fc5e688,piece,62,True,,2025-12-28 09:01:53
498a546b-6a44-4714-9b92-179ddbc91584,Manyavar Sherwani 987,MAN-SW-987,ac24a643-b45d-492d-b68d-07ad3fc5e688,piece,98,True,,2025-04-29 09:01:53
2ec70e96-f60c-4038-bb28-5f73a300f235,Manyavar Sherwani 780,MAN-SW-780,ac24a643-b45d-492d-b68d-07ad3fc5e688,piece,84,True,,2025-11-15 09:01:53
58617589-451e-4517-8094-c7bbe326b57e,Manyavar Sherwani 504,MAN-SW-504,ac24a643-b45d-492d-b68d-07ad3fc5e688,piece,48,True,,2025-04-05 09:01:53
3c7858bf-57b0-4f9f-8bee-fac07c33e541,Manyavar Sherwani 553,MAN-SW-553,ac24a643-b45d-492d-b68d-07ad3fc5e688,piece,99,True,,2026-01-28 09:01:53
412e513f-f734-458b-bed2-9b8c5f8397be,Manyavar Sherwani 986,MAN-SW-986,ac24a643-b45d-492d-b68d-07ad3fc5e688,piece,26,True,,2025-05-26 09:01:53
094f5bb9-7df4-4caf-87da-3712c15be29f,Manyavar Sherwani 745,MAN-SW-745,ac24a643-b45d-492d-b68d-07ad3fc5e688,piece,95,True,,2025-04-18 09:01:53
30c66fac-140f-4ac2-a1e6-c1655c52dab2,Manyavar Sherwani 226,MAN-SW-226,ac24a643-b45d-492d-b68d-07ad3fc5e688,piece,87,True,,2025-12-06 09:01:53
b72fbe44-af47-40f0-b252-7dd63ab7c25f,Manyavar Sherwani 733,MAN-SW-733,ac24a643-b45d-492d-b68d-07ad3fc5e688,piece,74,True,,2026-02-15 09:01:53
e40d1c1d-e682-4440-ad83-ab32dcbdbdc1,Manyavar Sherwani 683,MAN-SW-683,ac24a643-b45d-492d-b68d-07ad3fc5e688,piece,71,True,,2025-07-14 09:01:53
3ed91043-d630-472b-8d4a-dc3e2ffa8bda,Manyavar Sherwani 614,MAN-SW-614,ac24a643-b45d-492d-b68d-07ad3fc5e688,piece,7,True,,2025-06-15 09:01:53
e53a1db7-bf84-4752-abea-bb720bdea5e2,Biba Saree 284,BIB-SR-284,ac24a643-b45d-492d-b68d-07ad3fc5e688,piece,7,True,,2025-11-29 09:01:53
88bce907-497d-47e2-97fd-2250ad68f211,Biba Saree 351,BIB-SR-351,ac24a643-b45d-492d-b68d-07ad3fc5e688,piece,95,True,,2025-05-22 09:01:53
31a3fcc1-6bb5-401c-be57-93ed75c7da22,Biba Saree 554,BIB-SR-554,ac24a643-b45d-492d-b68d-07ad3fc5e688,piece,15,True,,2025-05-08 09:01:53
be7b79d2-0263-456d-9ef5-d4a45d0bfe50,Biba Saree 428,BIB-SR-428,ac24a643-b45d-492d-b68d-07ad3fc5e688,piece,56,True,,2025-07-06 09:01:53
83a929d1-58e8-49e9-9b4d-053ed358cd4f,Biba Saree 982,BIB-SR-982,ac24a643-b45d-492d-b68d-07ad3fc5e688,piece,7,True,,2025-12-12 09:01:53
3c4ab04f-0a0b-4397-bfb1-540a4f9c1029,Biba Saree 524,BIB-SR-524,ac24a643-b45d-492d-b68d-07ad3fc5e688,piece,8,True,,2025-10-03 09:01:53
6d166e82-c05c-4e76-8dd7-bbd678cb04d1,Biba Saree 491,BIB-SR-491,ac24a643-b45d-492d-b68d-07ad3fc5e688,piece,37,True,,2026-01-23 09:01:53
af54e495-894e-448b-b633-2c8d5ac3752d,Biba Saree 654,BIB-SR-654,ac24a643-b45d-492d-b68d-07ad3fc5e688,piece,26,True,,2025-12-11 09:01:53
a98fe08c-2bc5-46b1-ac26-7ee4769adb25,Biba Saree 361,BIB-SR-361,ac24a643-b45d-492d-b68d-07ad3fc5e688,piece,16,True,,2025-08-18 09:01:53
1314895c-2637-43bb-90b9-173da82f2d2c,Biba Saree 794,BIB-SR-794,ac24a643-b45d-492d-b68d-07ad3fc5e688,piece,26,True,,2025-09-29 09:01:53
aff50ea8-73d3-432c-8cf1-f67071991015,Biba Saree 285,BIB-SR-285,ac24a643-b45d-492d-b68d-07ad3fc5e688,piece,8,True,,2025-10-13 09:01:53
138ab704-4e27-4241-8dfa-8babf81aace4,Biba Saree 499,BIB-SR-499,ac24a643-b45d-492d-b68d-07ad3fc5e688,piece,17,True,,2025-08-15 09:01:53
5f5d7811-5b42-4658-9616-da321f790b87,Biba Saree 431,BIB-SR-431,ac24a643-b45d-492d-b68d-07ad3fc5e688,piece,38,True,,2026-01-12 09:01:53
60da5679-cdfd-4e00-9789-c1f8d9a3da11,Biba Saree 153,BIB-SR-153,ac24a643-b45d-492d-b68d-07ad3fc5e688,piece,30,True,,2025-05-13 09:01:53
979a04d3-838f-4e63-8fdc-e39dcc7241f4,Biba Saree 700,BIB-SR-700,ac24a643-b45d-492d-b68d-07ad3fc5e688,piece,35,True,,2025-06-29 09:01:53
bc0837b6-87f5-48ab-b485-42d03037552c,Biba Saree 494,BIB-SR-494,ac24a643-b45d-492d-b68d-07ad3fc5e688,piece,19,True,,2025-10-03 09:01:53
3737b723-cfba-4a4f-ab5d-90fe907b6c85,Biba Saree 575,BIB-SR-575,ac24a643-b45d-492d-b68d-07ad3fc5e688,piece,75,True,,2025-07-10 09:01:53
1f7fd160-2f8c-4154-8c7e-05c6ed779282,Biba Saree 129,BIB-SR-129,ac24a643-b45d-492d-b68d-07ad3fc5e688,piece,57,True,,2026-03-05 09:01:53
c3b01cda-06ec-47a5-8ca5-7f5dda3426b3,Biba Saree 375,BIB-SR-375,ac24a643-b45d-492d-b68d-07ad3fc5e688,piece,75,False,,2025-04-03 09:01:53
63caa53b-f2fb-4478-9b23-3fef4bc0575b,Biba Saree 203,BIB-SR-203,ac24a643-b45d-492d-b68d-07ad3fc5e688,piece,36,True,,2025-04-15 09:01:53
2555f0df-60d9-48ed-ae24-19604d72d67c,Biba Saree 904,BIB-SR-904,ac24a643-b45d-492d-b68d-07ad3fc5e688,piece,21,True,,2025-08-18 09:01:53
f7b3506f-c3dd-4081-a4d0-82b53f95691b,Biba Saree 556,BIB-SR-556,ac24a643-b45d-492d-b68d-07ad3fc5e688,piece,15,True,,2025-07-01 09:01:53
7c1b5511-9e6f-4f91-9bb1-91b5bd0dd562,Biba Saree 308,BIB-SR-308,ac24a643-b45d-492d-b68d-07ad3fc5e688,piece,23,True,,2025-12-18 09:01:53
18cac0a7-877a-47e2-bfbf-e07e6850775f,Biba Saree 900,BIB-SR-900,ac24a643-b45d-492d-b68d-07ad3fc5e688,piece,36,True,,2025-08-10 09:01:53
0c63c0c4-563f-43b6-93a5-52808fe30a36,Biba Saree 668,BIB-SR-668,ac24a643-b45d-492d-b68d-07ad3fc5e688,piece,62,True,,2025-07-20 09:01:53
21957651-f79a-4854-bc21-100844d666dc,Biba Saree 949,BIB-SR-949,ac24a643-b45d-492d-b68d-07ad3fc5e688,piece,84,True,,2025-12-19 09:01:53
f9fae88d-1f36-4122-a782-658ce9fcb2e6,Biba Saree 100,BIB-SR-100,ac24a643-b45d-492d-b68d-07ad3fc5e688,piece,12,False,,2025-07-11 09:01:53
0fcc6688-01f3-46db-a244-c8d8d0bd49c3,Biba Saree 379,BIB-SR-379,ac24a643-b45d-492d-b68d-07ad3fc5e688,piece,81,True,,2025-03-31 09:01:53
8c3b1f75-df2d-45a3-ac91-927f46a71c64,Biba Saree 489,BIB-SR-489,ac24a643-b45d-492d-b68d-07ad3fc5e688,piece,49,True,,2025-11-26 09:01:53
bddfff27-8aa6-4da1-976f-6aa06fa9a2c4,Biba Saree 699,BIB-SR-699,ac24a643-b45d-492d-b68d-07ad3fc5e688,piece,70,True,,2025-12-22 09:01:53
34a9337b-b7f2-49c6-be3d-bf9cc9e5fd1f,Biba Saree 856,BIB-SR-856,ac24a643-b45d-492d-b68d-07ad3fc5e688,piece,73,True,,2025-10-12 09:01:53
1e4ad80b-52e2-4717-9bc2-e9308b5fdab9,Biba Saree 191,BIB-SR-191,ac24a643-b45d-492d-b68d-07ad3fc5e688,piece,55,True,,2026-01-02 09:01:53
33810dcc-7e11-47bd-90d7-b35c08b26896,Biba Saree 842,BIB-SR-842,ac24a643-b45d-492d-b68d-07ad3fc5e688,piece,76,False,,2025-08-05 09:01:53
2ed6d11b-26aa-4294-a441-25141f9527fc,Biba Saree 315,BIB-SR-315,ac24a643-b45d-492d-b68d-07ad3fc5e688,piece,83,True,,2025-10-03 09:01:53
88e8a716-2f42-471d-a240-ee0113bfb493,Biba Saree 798,BIB-SR-798,ac24a643-b45d-492d-b68d-07ad3fc5e688,piece,48,True,,2025-03-17 09:01:53
9297b6ab-50be-4300-9537-315fbd5d1524,Biba Saree 563,BIB-SR-563,ac24a643-b45d-492d-b68d-07ad3fc5e688,piece,39,True,,2025-10-01 09:01:53
fc491e4c-60b8-4b20-9554-ce7a155b9d77,Biba Saree 449,BIB-SR-449,ac24a643-b45d-492d-b68d-07ad3fc5e688,piece,31,True,,2025-05-12 09:01:53
3aa5b098-9257-4912-8839-92b7ded1a915,Biba Saree 436,BIB-SR-436,ac24a643-b45d-492d-b68d-07ad3fc5e688,piece,7,False,,2026-01-05 09:01:53
a833106f-1275-4ca1-a37e-7e89bff2889c,Biba Saree 761,BIB-SR-761,ac24a643-b45d-492d-b68d-07ad3fc5e688,piece,5,True,,2026-03-12 09:01:53
5c824ecf-2645-4ee3-8a99-9ca51d64c702,Biba Saree 109,BIB-SR-109,ac24a643-b45d-492d-b68d-07ad3fc5e688,piece,91,True,,2025-06-03 09:01:53
7da70d1b-d77c-48dd-acd6-5762eb2aec0f,Biba Saree 813,BIB-SR-813,ac24a643-b45d-492d-b68d-07ad3fc5e688,piece,95,True,,2025-08-25 09:01:53
7024552a-a0bb-40b4-9778-6f9e6289d9e3,Biba Saree 651,BIB-SR-651,ac24a643-b45d-492d-b68d-07ad3fc5e688,piece,15,True,,2025-04-16 09:01:53
67673f53-4256-443f-b40e-ead0e69fd97d,Biba Saree 766,BIB-SR-766,ac24a643-b45d-492d-b68d-07ad3fc5e688,piece,14,True,,2025-04-05 09:01:53
d3f43d18-bd3d-4840-9066-1e8caa700a45,Biba Saree 555,BIB-SR-555,ac24a643-b45d-492d-b68d-07ad3fc5e688,piece,91,True,,2025-09-03 09:01:53
4da6810b-ade0-44dd-be8b-8df6eaaa1be8,Biba Saree 947,BIB-SR-947,ac24a643-b45d-492d-b68d-07ad3fc5e688,piece,81,True,,2025-12-14 09:01:53
0bcb7335-5e29-45f2-81e7-b54fffb12702,Biba Saree 959,BIB-SR-959,ac24a643-b45d-492d-b68d-07ad3fc5e688,piece,94,False,,2026-01-10 09:01:53
ea3f08f9-27a1-46eb-a215-fef7d06d3056,Biba Saree 573,BIB-SR-573,ac24a643-b45d-492d-b68d-07ad3fc5e688,piece,52,False,,2025-07-30 09:01:53
ef1ea87c-12e5-4334-a8ad-65b70eeb96f7,Biba Saree 109,BIB-SR-109-38,ac24a643-b45d-492d-b68d-07ad3fc5e688,piece,100,True,,2025-10-22 09:01:53
b855729c-aa2e-4975-bc05-da4334ba3a4c,Biba Saree 796,BIB-SR-796,ac24a643-b45d-492d-b68d-07ad3fc5e688,piece,95,True,,2026-01-27 09:01:53
b519518a-b9f7-477f-9bde-68e93aef22e7,Biba Saree 935,BIB-SR-935,ac24a643-b45d-492d-b68d-07ad3fc5e688,piece,83,True,,2025-11-21 09:01:53
7b1889a0-10c1-486b-b241-f1aeb279aed3,W Ethnic Wear 339,W-EW-339,ac24a643-b45d-492d-b68d-07ad3fc5e688,piece,68,False,,2026-02-24 09:01:53
f5333b13-8f2e-4608-8cc5-75bdc78529f7,W Ethnic Wear 387,W-EW-387,ac24a643-b45d-492d-b68d-07ad3fc5e688,piece,68,False,,2025-03-18 09:01:53
30cd3a44-a25d-4069-8844-4211147dc284,W Ethnic Wear 720,W-EW-720,ac24a643-b45d-492d-b68d-07ad3fc5e688,piece,31,True,,2025-04-22 09:01:53
58c676c7-8de5-4a90-b388-7e3598dbb791,W Ethnic Wear 505,W-EW-505,ac24a643-b45d-492d-b68d-07ad3fc5e688,piece,19,True,,2025-05-27 09:01:53
5b49d1bd-508e-4b0a-994f-fe3b7486250f,W Ethnic Wear 612,W-EW-612,ac24a643-b45d-492d-b68d-07ad3fc5e688,piece,68,True,,2025-12-05 09:01:53
a061efab-0b6e-4aac-a7b6-45e22f007c15,W Ethnic Wear 775,W-EW-775,ac24a643-b45d-492d-b68d-07ad3fc5e688,piece,99,True,,2025-03-30 09:01:53
bf638449-cc78-4d94-9e1f-60cde519e65d,W Ethnic Wear 717,W-EW-717,ac24a643-b45d-492d-b68d-07ad3fc5e688,piece,77,True,,2025-05-17 09:01:53
7875328a-6616-42cd-b71a-dfe6211b24fa,W Ethnic Wear 231,W-EW-231,ac24a643-b45d-492d-b68d-07ad3fc5e688,piece,100,True,,2025-11-02 09:01:53
a3a75b17-a041-4e72-b59f-bf529800b019,W Ethnic Wear 683,W-EW-683,ac24a643-b45d-492d-b68d-07ad3fc5e688,piece,34,True,,2025-10-25 09:01:53
94e848a2-663e-414e-b320-f0cf8c5cc66c,W Ethnic Wear 296,W-EW-296,ac24a643-b45d-492d-b68d-07ad3fc5e688,piece,91,True,,2025-03-25 09:01:53
f1146026-2606-4e43-bc6f-3db1c7a57ac5,W Ethnic Wear 794,W-EW-794,ac24a643-b45d-492d-b68d-07ad3fc5e688,piece,73,True,,2025-03-31 09:01:53
1fad699d-604b-4bfb-aaa9-b3bc02b04970,W Ethnic Wear 673,W-EW-673,ac24a643-b45d-492d-b68d-07ad3fc5e688,piece,63,True,,2025-08-08 09:01:53
e868bf26-3050-4d50-ae21-5bf94c6de7fe,W Ethnic Wear 756,W-EW-756,ac24a643-b45d-492d-b68d-07ad3fc5e688,piece,91,False,,2026-02-16 09:01:53
1a41f33a-13ee-4a19-96f2-dcb7c3f8f5b3,W Ethnic Wear 974,W-EW-974,ac24a643-b45d-492d-b68d-07ad3fc5e688,piece,46,True,,2025-08-18 09:01:53
8944f382-d561-42df-878d-542d5180ff38,W Ethnic Wear 380,W-EW-380,ac24a643-b45d-492d-b68d-07ad3fc5e688,piece,20,True,,2025-07-19 09:01:53
bb4203df-2c56-49e6-9f35-c9a08d243d93,W Ethnic Wear 607,W-EW-607,ac24a643-b45d-492d-b68d-07ad3fc5e688,piece,51,True,,2026-02-20 09:01:53
07829d35-9080-4890-9756-55a921533473,W Ethnic Wear 838,W-EW-838,ac24a643-b45d-492d-b68d-07ad3fc5e688,piece,33,True,,2025-08-11 09:01:53
906c0d20-628b-4780-96f6-8642a648807a,W Ethnic Wear 645,W-EW-645,ac24a643-b45d-492d-b68d-07ad3fc5e688,piece,62,True,,2025-08-26 09:01:53
23fce030-a27e-432e-92de-0402bc043f8b,W Ethnic Wear 299,W-EW-299,ac24a643-b45d-492d-b68d-07ad3fc5e688,piece,47,True,,2025-05-26 09:01:53
3c02f22f-2d7e-4aaa-95d3-7b624cec1668,W Ethnic Wear 927,W-EW-927,ac24a643-b45d-492d-b68d-07ad3fc5e688,piece,8,False,,2025-11-19 09:01:53
631aa240-a13c-44b3-a4e9-e21a9da54ed0,W Ethnic Wear 806,W-EW-806,ac24a643-b45d-492d-b68d-07ad3fc5e688,piece,59,False,,2025-11-07 09:01:53
2e9c3310-692a-4cfb-9e02-d869de4b00c0,W Ethnic Wear 301,W-EW-301,ac24a643-b45d-492d-b68d-07ad3fc5e688,piece,26,True,,2026-02-10 09:01:53
60c2bab4-25d3-49fe-a4e7-38bba3a6055a,W Ethnic Wear 741,W-EW-741,ac24a643-b45d-492d-b68d-07ad3fc5e688,piece,85,True,,2025-07-12 09:01:53
6e7c1ca2-9038-4465-92c7-e148d8068c95,W Ethnic Wear 542,W-EW-542,ac24a643-b45d-492d-b68d-07ad3fc5e688,piece,8,True,,2025-04-28 09:01:53
28b485b5-6f1d-43ef-ba70-73bcfef56e75,W Ethnic Wear 442,W-EW-442,ac24a643-b45d-492d-b68d-07ad3fc5e688,piece,37,True,,2025-07-15 09:01:53
f04a311d-0999-47a4-b6ca-0cff31693320,W Ethnic Wear 344,W-EW-344,ac24a643-b45d-492d-b68d-07ad3fc5e688,piece,48,True,,2025-09-25 09:01:53
f8bd2d2b-587b-43f8-ab20-4288203979fb,W Ethnic Wear 632,W-EW-632,ac24a643-b45d-492d-b68d-07ad3fc5e688,piece,35,False,,2025-05-11 09:01:53
f3b7563a-eaf3-4eae-bc51-580de7f50aad,W Ethnic Wear 734,W-EW-734,ac24a643-b45d-492d-b68d-07ad3fc5e688,piece,61,True,,2025-04-28 09:01:53
aae01a53-70e7-4fc8-b3c1-c55ec11e5047,W Ethnic Wear 557,W-EW-557,ac24a643-b45d-492d-b68d-07ad3fc5e688,piece,79,True,,2026-02-11 09:01:53
4c02dfe1-7f17-42ff-bf16-757f8d43b295,W Ethnic Wear 134,W-EW-134,ac24a643-b45d-492d-b68d-07ad3fc5e688,piece,53,True,,2025-03-24 09:01:53
0c6acdc8-10f1-4ec3-9db7-a3c07e19795e,W Ethnic Wear 166,W-EW-166,ac24a643-b45d-492d-b68d-07ad3fc5e688,piece,21,True,,2025-07-31 09:01:53
c5401ebf-0e20-410f-999c-d454fe66cfd3,W Ethnic Wear 156,W-EW-156,ac24a643-b45d-492d-b68d-07ad3fc5e688,piece,43,True,,2025-08-05 09:01:53
1bc7c92e-b0f1-46cc-81e2-2305ac71be18,W Ethnic Wear 167,W-EW-167,ac24a643-b45d-492d-b68d-07ad3fc5e688,piece,18,True,,2025-06-01 09:01:53
1a869e08-e4cb-47ef-8d00-3318a2b87221,W Ethnic Wear 153,W-EW-153,ac24a643-b45d-492d-b68d-07ad3fc5e688,piece,42,True,,2025-08-21 09:01:53
e793648c-ba0d-4c93-8ea1-6096524311b3,W Ethnic Wear 198,W-EW-198,ac24a643-b45d-492d-b68d-07ad3fc5e688,piece,84,True,,2025-11-15 09:01:53
0e7c74c1-7017-4fd1-a4dc-28e6a3209f0e,W Ethnic Wear 985,W-EW-985,ac24a643-b45d-492d-b68d-07ad3fc5e688,piece,81,True,,2025-04-29 09:01:53
fc273724-f025-46b7-90b9-dbf6b971ccaa,W Ethnic Wear 110,W-EW-110,ac24a643-b45d-492d-b68d-07ad3fc5e688,piece,63,True,,2025-08-07 09:01:53
27fa2d36-0f0f-4fb6-bfe1-315e5d89ccd1,W Ethnic Wear 735,W-EW-735,ac24a643-b45d-492d-b68d-07ad3fc5e688,piece,84,True,,2025-04-15 09:01:53
7f8ff279-948a-4e3e-b9ed-8b71b6d9e573,W Ethnic Wear 791,W-EW-791,ac24a643-b45d-492d-b68d-07ad3fc5e688,piece,8,True,,2025-09-27 09:01:53
0c451277-f78f-4a31-80fa-0a9d514bbdaf,W Ethnic Wear 701,W-EW-701,ac24a643-b45d-492d-b68d-07ad3fc5e688,piece,29,True,,2026-03-08 09:01:53
1288c32d-5753-40f4-83b7-d0aee22011c7,W Ethnic Wear 709,W-EW-709,ac24a643-b45d-492d-b68d-07ad3fc5e688,piece,96,True,,2025-12-05 09:01:53
b40d79d3-38f0-41a3-847e-4d5fe5d0fad9,W Ethnic Wear 686,W-EW-686,ac24a643-b45d-492d-b68d-07ad3fc5e688,piece,21,True,,2025-11-03 09:01:53
95f43354-df7d-4a81-af20-b80e35f0cd96,W Ethnic Wear 463,W-EW-463,ac24a643-b45d-492d-b68d-07ad3fc5e688,piece,58,True,,2025-05-01 09:01:53
a52bd5e4-c22a-47b9-87de-9e2750189af0,W Ethnic Wear 555,W-EW-555,ac24a643-b45d-492d-b68d-07ad3fc5e688,piece,28,True,,2026-02-20 09:01:53
b3893831-5ce5-4b68-a8de-3d3b31fa44bd,W Ethnic Wear 161,W-EW-161,ac24a643-b45d-492d-b68d-07ad3fc5e688,piece,21,True,,2025-08-03 09:01:53
f940dd80-f72b-4572-a9f4-dcc5044e131a,W Ethnic Wear 625,W-EW-625,ac24a643-b45d-492d-b68d-07ad3fc5e688,piece,88,True,,2025-10-06 09:01:53
bc2c0df5-439e-43ad-985a-fc7bd8dfa57c,W Ethnic Wear 697,W-EW-697,ac24a643-b45d-492d-b68d-07ad3fc5e688,piece,74,True,,2025-12-29 09:01:53
4a2b2c42-c551-4dac-ae03-3bb5c36ce916,W Ethnic Wear 580,W-EW-580,ac24a643-b45d-492d-b68d-07ad3fc5e688,piece,44,True,,2025-10-16 09:01:53
a7510a28-2d2f-45ab-a52c-2ef423aaf9d1,W Ethnic Wear 477,W-EW-477,ac24a643-b45d-492d-b68d-07ad3fc5e688,piece,6,True,,2025-04-12 09:01:53
0e9d307d-1b78-4123-b206-90296a63a77c,W Ethnic Wear 794,W-EW-794-28,ac24a643-b45d-492d-b68d-07ad3fc5e688,piece,12,True,,2025-06-01 09:01:53
13b7059d-ed82-4a02-b157-c8d225d8c157,Nilkamal Chair 979,NIL-CH-979,9517d9a6-d155-4a4c-a608-2cd6a3b1c69f,piece,11,True,,2025-12-04 09:01:53
820194e1-19f9-4448-86fa-e6d8305daa7f,Nilkamal Chair 305,NIL-CH-305,9517d9a6-d155-4a4c-a608-2cd6a3b1c69f,piece,86,False,,2026-02-07 09:01:53
4daad71d-eb0b-41d5-9ddf-45ede035a524,Nilkamal Chair 449,NIL-CH-449,9517d9a6-d155-4a4c-a608-2cd6a3b1c69f,piece,29,True,,2025-03-24 09:01:53
6b47aca0-fe58-4402-91fc-c2b58cbad1fa,Nilkamal Chair 808,NIL-CH-808,9517d9a6-d155-4a4c-a608-2cd6a3b1c69f,piece,64,True,,2025-09-26 09:01:53
fd30e562-85d0-4911-b243-653db390d7e9,Nilkamal Chair 972,NIL-CH-972,9517d9a6-d155-4a4c-a608-2cd6a3b1c69f,piece,79,True,,2025-09-24 09:01:53
0bea9faf-2101-4cc0-986e-4b246df376b2,Nilkamal Chair 730,NIL-CH-730,9517d9a6-d155-4a4c-a608-2cd6a3b1c69f,piece,43,True,,2025-12-21 09:01:53
9ba8eaef-75cc-46c5-983d-60bb6d890f06,Nilkamal Chair 207,NIL-CH-207,9517d9a6-d155-4a4c-a608-2cd6a3b1c69f,piece,63,True,,2026-02-21 09:01:53
289caaec-9580-4fea-a336-1aa55b9f168c,Nilkamal Chair 607,NIL-CH-607,9517d9a6-d155-4a4c-a608-2cd6a3b1c69f,piece,33,False,,2025-04-21 09:01:53
b220c0db-8663-4c09-b2a1-95edbc1af221,Nilkamal Chair 328,NIL-CH-328,9517d9a6-d155-4a4c-a608-2cd6a3b1c69f,piece,93,True,,2025-04-29 09:01:53
5759ff48-1f36-4b25-9a52-12441cab4b8f,Nilkamal Chair 318,NIL-CH-318,9517d9a6-d155-4a4c-a608-2cd6a3b1c69f,piece,35,True,,2025-09-26 09:01:53
f86a5271-2153-4d81-88de-f9ab9a508f02,Nilkamal Chair 926,NIL-CH-926,9517d9a6-d155-4a4c-a608-2cd6a3b1c69f,piece,99,True,,2025-08-22 09:01:53
bbdbaf19-0f23-4401-a945-32938eefafe7,Nilkamal Chair 288,NIL-CH-288,9517d9a6-d155-4a4c-a608-2cd6a3b1c69f,piece,5,True,,2026-02-05 09:01:53
9aa0a729-296d-4cb7-ae70-baea6f2313ba,Nilkamal Chair 466,NIL-CH-466,9517d9a6-d155-4a4c-a608-2cd6a3b1c69f,piece,8,True,,2026-01-01 09:01:53
e7b97dd4-1aa9-4796-b1a9-fd11a18f8c21,Nilkamal Chair 397,NIL-CH-397,9517d9a6-d155-4a4c-a608-2cd6a3b1c69f,piece,61,True,,2025-05-19 09:01:53
c649e53e-5d5c-43e2-836b-1182fda91d51,Nilkamal Chair 883,NIL-CH-883,9517d9a6-d155-4a4c-a608-2cd6a3b1c69f,piece,51,True,,2026-02-27 09:01:53
c7a97566-e4a7-407d-a44c-722c5c005b07,Nilkamal Chair 303,NIL-CH-303,9517d9a6-d155-4a4c-a608-2cd6a3b1c69f,piece,30,True,,2025-11-22 09:01:53
42fd334f-8f72-4e9a-bf34-f2b07b4cf5a1,Nilkamal Chair 368,NIL-CH-368,9517d9a6-d155-4a4c-a608-2cd6a3b1c69f,piece,97,True,,2025-06-04 09:01:53
9f499eca-3a0c-4c5b-8e6d-073b89ffb387,Nilkamal Chair 351,NIL-CH-351,9517d9a6-d155-4a4c-a608-2cd6a3b1c69f,piece,27,True,,2025-12-14 09:01:53
077c3281-2685-439e-89bd-e1f5ad160d7f,Nilkamal Chair 963,NIL-CH-963,9517d9a6-d155-4a4c-a608-2cd6a3b1c69f,piece,38,False,,2026-03-04 09:01:53
e161f435-5e8e-4089-b3dd-d7b23472bf07,Nilkamal Chair 951,NIL-CH-951,9517d9a6-d155-4a4c-a608-2cd6a3b1c69f,piece,91,True,,2025-04-13 09:01:53
7bed2720-0e36-4247-8b3f-262b74b5b201,Nilkamal Chair 906,NIL-CH-906,9517d9a6-d155-4a4c-a608-2cd6a3b1c69f,piece,19,True,,2025-11-27 09:01:53
3e869453-1330-4c7c-b705-0501e97a68a3,Nilkamal Chair 412,NIL-CH-412,9517d9a6-d155-4a4c-a608-2cd6a3b1c69f,piece,63,True,,2025-09-05 09:01:53
0a733643-0d88-49d0-8f9e-407a6f203936,Nilkamal Chair 776,NIL-CH-776,9517d9a6-d155-4a4c-a608-2cd6a3b1c69f,piece,26,False,,2025-04-29 09:01:53
aefdac68-a22b-46c0-810c-1bd8a6abef08,Nilkamal Chair 544,NIL-CH-544,9517d9a6-d155-4a4c-a608-2cd6a3b1c69f,piece,96,True,,2025-12-31 09:01:53
696065fb-9c0a-4183-8291-d10165413f63,Nilkamal Chair 233,NIL-CH-233,9517d9a6-d155-4a4c-a608-2cd6a3b1c69f,piece,29,True,,2025-09-02 09:01:53
b78afbed-267c-488f-8b91-143b9b53494c,Nilkamal Chair 811,NIL-CH-811,9517d9a6-d155-4a4c-a608-2cd6a3b1c69f,piece,52,True,,2025-08-07 09:01:53
390ecd40-56fc-4841-ad56-ab5873ece01f,Nilkamal Chair 751,NIL-CH-751,9517d9a6-d155-4a4c-a608-2cd6a3b1c69f,piece,36,False,,2025-05-03 09:01:53
e088cca7-6436-4e9b-9a11-bbd1c5a72c10,Nilkamal Chair 701,NIL-CH-701,9517d9a6-d155-4a4c-a608-2cd6a3b1c69f,piece,29,True,,2025-10-15 09:01:53
ba73cd79-6eac-40ae-8bc8-2885c5609ec6,Nilkamal Chair 908,NIL-CH-908,9517d9a6-d155-4a4c-a608-2cd6a3b1c69f,piece,24,True,,2026-02-15 09:01:53
c68837ea-2a69-497e-8c10-7534ca3c9ea9,Nilkamal Chair 744,NIL-CH-744,9517d9a6-d155-4a4c-a608-2cd6a3b1c69f,piece,40,True,,2025-06-27 09:01:53
dd84a37a-495f-4e76-b854-046e92d52df0,Nilkamal Chair 698,NIL-CH-698,9517d9a6-d155-4a4c-a608-2cd6a3b1c69f,piece,67,True,,2026-02-01 09:01:53
35e32e5e-d3d0-4752-b4c6-5d9c19586078,Nilkamal Chair 903,NIL-CH-903,9517d9a6-d155-4a4c-a608-2cd6a3b1c69f,piece,65,True,,2025-05-04 09:01:53
f65889a0-d1df-4638-950a-cad506967886,Nilkamal Chair 166,NIL-CH-166,9517d9a6-d155-4a4c-a608-2cd6a3b1c69f,piece,26,True,,2025-04-18 09:01:53
d1c1598b-8be9-4a7e-889b-9b17bfa2d9ef,Nilkamal Chair 869,NIL-CH-869,9517d9a6-d155-4a4c-a608-2cd6a3b1c69f,piece,70,True,,2025-06-22 09:01:53
97e92cd5-94bc-4003-9cbf-bca0883f6bd3,Nilkamal Chair 575,NIL-CH-575,9517d9a6-d155-4a4c-a608-2cd6a3b1c69f,piece,27,True,,2025-09-04 09:01:53
ec2c8b86-ed78-4daa-b1af-e28d09281d68,Nilkamal Chair 638,NIL-CH-638,9517d9a6-d155-4a4c-a608-2cd6a3b1c69f,piece,93,True,,2025-07-04 09:01:53
3e7ecabd-833d-4a3e-bcf3-b828c6861961,Nilkamal Chair 585,NIL-CH-585,9517d9a6-d155-4a4c-a608-2cd6a3b1c69f,piece,39,True,,2025-04-22 09:01:53
bf509225-ac5f-4c28-a326-71488b2f09da,Nilkamal Chair 909,NIL-CH-909,9517d9a6-d155-4a4c-a608-2cd6a3b1c69f,piece,79,True,,2025-11-28 09:01:53
01f263d1-96b8-49c8-9478-87080f663bbb,Nilkamal Chair 324,NIL-CH-324,9517d9a6-d155-4a4c-a608-2cd6a3b1c69f,piece,30,True,,2025-11-14 09:01:53
525587d9-1b00-4008-a392-ba8cc05c8c2a,Nilkamal Chair 505,NIL-CH-505,9517d9a6-d155-4a4c-a608-2cd6a3b1c69f,piece,32,True,,2025-09-02 09:01:53
82b953e4-6c46-47dc-8ba7-b8e516fc08ce,Nilkamal Chair 685,NIL-CH-685,9517d9a6-d155-4a4c-a608-2cd6a3b1c69f,piece,25,False,,2025-09-04 09:01:53
08306fee-a2d1-44a3-bfb3-37f81bbbeab1,Nilkamal Chair 360,NIL-CH-360,9517d9a6-d155-4a4c-a608-2cd6a3b1c69f,piece,75,True,,2026-01-30 09:01:53
27af2f38-89be-4e35-9e8b-f9a6582deb7e,Nilkamal Chair 402,NIL-CH-402,9517d9a6-d155-4a4c-a608-2cd6a3b1c69f,piece,61,True,,2025-11-17 09:01:53
5284898a-3bfd-4785-a42f-5b446c6259a4,Nilkamal Chair 697,NIL-CH-697,9517d9a6-d155-4a4c-a608-2cd6a3b1c69f,piece,10,True,,2025-04-30 09:01:53
5d411f63-5601-4696-9156-a94f6655b185,Nilkamal Chair 444,NIL-CH-444,9517d9a6-d155-4a4c-a608-2cd6a3b1c69f,piece,59,True,,2025-08-05 09:01:53
e79606d1-9a06-4d34-8137-7bf1d03161b6,Nilkamal Chair 518,NIL-CH-518,9517d9a6-d155-4a4c-a608-2cd6a3b1c69f,piece,52,True,,2025-10-03 09:01:53
a6d6237a-a626-451f-ae64-2d5cdec583a0,Nilkamal Chair 379,NIL-CH-379,9517d9a6-d155-4a4c-a608-2cd6a3b1c69f,piece,53,True,,2025-07-31 09:01:53
7d752e5b-5ed0-41af-a14e-5c5e3b8ecc30,Nilkamal Chair 339,NIL-CH-339,9517d9a6-d155-4a4c-a608-2cd6a3b1c69f,piece,38,True,,2025-09-12 09:01:53
3baf9018-ec68-43ed-a279-212f338faa9f,Nilkamal Chair 184,NIL-CH-184,9517d9a6-d155-4a4c-a608-2cd6a3b1c69f,piece,42,True,,2025-06-25 09:01:53
4d56afe9-baab-4a80-b46f-ac8924ca6c8b,Nilkamal Chair 659,NIL-CH-659,9517d9a6-d155-4a4c-a608-2cd6a3b1c69f,piece,87,True,,2025-10-24 09:01:53
c00f9cc3-2f75-427d-9b38-6462a5118141,Godrej Bookshelf 333,GOD-BS-333,9517d9a6-d155-4a4c-a608-2cd6a3b1c69f,piece,17,True,,2025-09-11 09:01:53
7baedd61-5552-43ce-a548-148daecff1a3,Godrej Bookshelf 139,GOD-BS-139,9517d9a6-d155-4a4c-a608-2cd6a3b1c69f,piece,74,True,,2025-12-04 09:01:53
6f1f8574-6174-4696-8747-16355797e473,Godrej Bookshelf 791,GOD-BS-791,9517d9a6-d155-4a4c-a608-2cd6a3b1c69f,piece,47,True,,2025-03-30 09:01:53
d4d2b151-22e9-4eea-bad7-d512e3437751,Godrej Bookshelf 965,GOD-BS-965,9517d9a6-d155-4a4c-a608-2cd6a3b1c69f,piece,40,True,,2025-05-09 09:01:53
1206d854-edc0-48fc-a912-6e6e5140e26e,Godrej Bookshelf 241,GOD-BS-241,9517d9a6-d155-4a4c-a608-2cd6a3b1c69f,piece,96,True,,2025-11-01 09:01:53
8ad1a4d2-4877-4be0-8989-294780f7b791,Godrej Bookshelf 108,GOD-BS-108,9517d9a6-d155-4a4c-a608-2cd6a3b1c69f,piece,43,True,,2025-09-18 09:01:53
b432b76e-a065-420d-a378-82f87b16b17c,Godrej Bookshelf 901,GOD-BS-901,9517d9a6-d155-4a4c-a608-2cd6a3b1c69f,piece,56,False,,2025-05-22 09:01:53
266d0e5a-d369-41a3-b8d7-79417aaaa761,Godrej Bookshelf 875,GOD-BS-875,9517d9a6-d155-4a4c-a608-2cd6a3b1c69f,piece,88,True,,2025-04-14 09:01:53
63eb958b-dee9-4af1-8ddd-4e77b4976b5b,Godrej Bookshelf 624,GOD-BS-624,9517d9a6-d155-4a4c-a608-2cd6a3b1c69f,piece,24,True,,2025-11-18 09:01:53
49a83036-d05b-4ec8-b66b-dc2811bcc7de,Godrej Bookshelf 332,GOD-BS-332,9517d9a6-d155-4a4c-a608-2cd6a3b1c69f,piece,97,True,,2025-07-15 09:01:53
41b05bf7-e93c-45ee-8ae7-816240b663a5,Godrej Bookshelf 339,GOD-BS-339,9517d9a6-d155-4a4c-a608-2cd6a3b1c69f,piece,71,True,,2025-06-05 09:01:53
5f022df4-3976-4199-83d6-10592c51c31b,Godrej Bookshelf 875,GOD-BS-875-69,9517d9a6-d155-4a4c-a608-2cd6a3b1c69f,piece,97,True,,2025-09-21 09:01:53
6ccd3082-02e4-4d28-b821-69673b96c67c,Godrej Bookshelf 910,GOD-BS-910,9517d9a6-d155-4a4c-a608-2cd6a3b1c69f,piece,15,True,,2025-12-08 09:01:53
ae705fed-3d2f-4698-8c56-8e3b3d8d22fd,Godrej Bookshelf 539,GOD-BS-539,9517d9a6-d155-4a4c-a608-2cd6a3b1c69f,piece,94,True,,2025-08-02 09:01:53
2d2aa446-bcc3-4125-b3cf-8e584dee6de7,Godrej Bookshelf 560,GOD-BS-560,9517d9a6-d155-4a4c-a608-2cd6a3b1c69f,piece,76,True,,2026-01-02 09:01:53
c34822d8-3949-4272-90c7-18fd9cc356f0,Godrej Bookshelf 691,GOD-BS-691,9517d9a6-d155-4a4c-a608-2cd6a3b1c69f,piece,21,True,,2026-03-10 09:01:53
249f0403-4b7e-4257-b62f-99ebaee5c727,Godrej Bookshelf 611,GOD-BS-611,9517d9a6-d155-4a4c-a608-2cd6a3b1c69f,piece,89,True,,2025-09-22 09:01:53
ce5a1222-f175-4224-81b6-fbccf7303cd2,Godrej Bookshelf 330,GOD-BS-330,9517d9a6-d155-4a4c-a608-2cd6a3b1c69f,piece,58,True,,2025-08-20 09:01:53
3af60fdd-55bd-444a-a8f1-99b3f9b518c3,Godrej Bookshelf 881,GOD-BS-881,9517d9a6-d155-4a4c-a608-2cd6a3b1c69f,piece,93,True,,2025-09-29 09:01:53
9ad0af8f-a1bd-4db3-b53c-b7148bdb2380,Godrej Bookshelf 701,GOD-BS-701,9517d9a6-d155-4a4c-a608-2cd6a3b1c69f,piece,7,True,,2026-02-26 09:01:53
23e62553-d3b3-49df-a4fa-26bbddab51e1,Godrej Bookshelf 242,GOD-BS-242,9517d9a6-d155-4a4c-a608-2cd6a3b1c69f,piece,24,False,,2025-09-26 09:01:53
759390ce-6751-4268-9c12-a407f78141e3,Godrej Bookshelf 681,GOD-BS-681,9517d9a6-d155-4a4c-a608-2cd6a3b1c69f,piece,85,True,,2025-05-07 09:01:53
6d077042-2621-491d-b62c-388045d7ff89,Godrej Bookshelf 687,GOD-BS-687,9517d9a6-d155-4a4c-a608-2cd6a3b1c69f,piece,55,False,,2025-11-30 09:01:53
6cc61e6f-12ce-4df4-9da2-dbc7434376cd,Godrej Bookshelf 500,GOD-BS-500,9517d9a6-d155-4a4c-a608-2cd6a3b1c69f,piece,13,True,,2025-12-08 09:01:53
f99d4b52-5c4c-42f7-b000-264064e92c78,Godrej Bookshelf 586,GOD-BS-586,9517d9a6-d155-4a4c-a608-2cd6a3b1c69f,piece,18,True,,2025-07-26 09:01:53
155b6521-b536-4300-9907-59d75c0473f4,Godrej Bookshelf 754,GOD-BS-754,9517d9a6-d155-4a4c-a608-2cd6a3b1c69f,piece,43,True,,2026-01-20 09:01:53
23026a5b-14f5-401c-a897-45283048adef,Godrej Bookshelf 791,GOD-BS-791-80,9517d9a6-d155-4a4c-a608-2cd6a3b1c69f,piece,27,True,,2025-03-27 09:01:53
47b10210-03c6-4620-add1-a7c18152c31f,Godrej Bookshelf 717,GOD-BS-717,9517d9a6-d155-4a4c-a608-2cd6a3b1c69f,piece,67,True,,2025-12-03 09:01:53
02d04827-3701-43e1-9c23-a96d96ff49e1,Godrej Bookshelf 171,GOD-BS-171,9517d9a6-d155-4a4c-a608-2cd6a3b1c69f,piece,54,True,,2025-11-15 09:01:53
942b2415-1722-46f8-890c-130b1c0b0d90,Godrej Bookshelf 398,GOD-BS-398,9517d9a6-d155-4a4c-a608-2cd6a3b1c69f,piece,89,True,,2025-07-25 09:01:53
7baf853b-cbbb-4617-92dc-fa68fc2669c3,Godrej Bookshelf 158,GOD-BS-158,9517d9a6-d155-4a4c-a608-2cd6a3b1c69f,piece,52,True,,2025-12-17 09:01:53
a76d8421-e563-457a-9c83-fed082b722d8,Godrej Bookshelf 434,GOD-BS-434,9517d9a6-d155-4a4c-a608-2cd6a3b1c69f,piece,57,True,,2026-01-17 09:01:53
d3830fa2-ce60-4a20-8cf0-d4f3255e7d3d,Godrej Bookshelf 232,GOD-BS-232,9517d9a6-d155-4a4c-a608-2cd6a3b1c69f,piece,73,True,,2026-02-07 09:01:53
6f487aa2-9932-4a5a-b91b-dd5c24b91d95,Godrej Bookshelf 498,GOD-BS-498,9517d9a6-d155-4a4c-a608-2cd6a3b1c69f,piece,31,True,,2025-11-29 09:01:53
9d9695c6-2e28-48d2-b13a-9fa945844f04,Godrej Bookshelf 417,GOD-BS-417,9517d9a6-d155-4a4c-a608-2cd6a3b1c69f,piece,60,True,,2025-04-08 09:01:53
76588821-e912-4ffc-aead-a4cc4bef073a,Godrej Bookshelf 586,GOD-BS-586-30,9517d9a6-d155-4a4c-a608-2cd6a3b1c69f,piece,82,True,,2025-10-07 09:01:53
0234058f-03b0-41bc-b27f-d70614fef329,Godrej Bookshelf 701,GOD-BS-701-35,9517d9a6-d155-4a4c-a608-2cd6a3b1c69f,piece,69,True,,2025-07-23 09:01:53
62b87ed1-d913-46cf-abe6-1ab57c8b1084,Godrej Bookshelf 382,GOD-BS-382,9517d9a6-d155-4a4c-a608-2cd6a3b1c69f,piece,30,True,,2025-12-31 09:01:53
e2b8d979-6ab8-41c8-ae7b-6e65ddc9a9f4,Godrej Bookshelf 556,GOD-BS-556,9517d9a6-d155-4a4c-a608-2cd6a3b1c69f,piece,13,True,,2025-05-09 09:01:53
1e243eb0-2ed8-4dfe-a93b-3c0d33fe04bf,Godrej Bookshelf 926,GOD-BS-926,9517d9a6-d155-4a4c-a608-2cd6a3b1c69f,piece,36,True,,2025-05-27 09:01:53
58454aab-dcf1-46d1-8319-9cd36f4d2c66,Godrej Bookshelf 602,GOD-BS-602,9517d9a6-d155-4a4c-a608-2cd6a3b1c69f,piece,63,True,,2026-02-22 09:01:53
98f97680-d02f-466d-a6b5-b59f15de853c,Godrej Bookshelf 854,GOD-BS-854,9517d9a6-d155-4a4c-a608-2cd6a3b1c69f,piece,16,True,,2025-07-24 09:01:53
324d9f57-3303-4abc-9894-80981b9851f1,Godrej Bookshelf 455,GOD-BS-455,9517d9a6-d155-4a4c-a608-2cd6a3b1c69f,piece,94,True,,2025-10-13 09:01:53
82416bc4-ee4b-4fcf-9267-5f4992bfe377,Godrej Bookshelf 500,GOD-BS-500-88,9517d9a6-d155-4a4c-a608-2cd6a3b1c69f,piece,27,True,,2025-12-13 09:01:53
a5dc8f62-ec97-4372-9708-1a1bdf7a2e45,Godrej Bookshelf 732,GOD-BS-732,9517d9a6-d155-4a4c-a608-2cd6a3b1c69f,piece,98,True,,2025-08-30 09:01:53
f0811a54-9ce9-4ac0-8436-2671275e7ada,Godrej Bookshelf 774,GOD-BS-774,9517d9a6-d155-4a4c-a608-2cd6a3b1c69f,piece,28,True,,2026-01-25 09:01:53
0103422b-5291-4aca-9c66-d029d4788157,Godrej Bookshelf 502,GOD-BS-502,9517d9a6-d155-4a4c-a608-2cd6a3b1c69f,piece,94,False,,2025-11-12 09:01:53
3a971bac-0c44-4648-8280-dda6b26b41bc,Godrej Bookshelf 991,GOD-BS-991,9517d9a6-d155-4a4c-a608-2cd6a3b1c69f,piece,25,True,,2025-04-27 09:01:53
82c43089-e3b9-4871-9cc6-97ebbd777a81,Godrej Bookshelf 650,GOD-BS-650,9517d9a6-d155-4a4c-a608-2cd6a3b1c69f,piece,42,True,,2026-02-08 09:01:53
db7644bc-d94e-4b40-8e9e-9ff622a3511e,Godrej Bookshelf 814,GOD-BS-814,9517d9a6-d155-4a4c-a608-2cd6a3b1c69f,piece,97,True,,2025-11-23 09:01:53
3f3ed5f5-5e4a-4fe4-9b89-90a264b74ff0,Urban Ladder Sofa 605,UBL-SF-605,9517d9a6-d155-4a4c-a608-2cd6a3b1c69f,piece,57,False,,2025-06-04 09:01:53
274e2405-6e90-47f9-81b8-9eb5afd86160,Urban Ladder Sofa 224,UBL-SF-224,9517d9a6-d155-4a4c-a608-2cd6a3b1c69f,piece,52,True,,2026-01-20 09:01:53
43871847-5f8d-4de9-b1f4-fb9815a5d8ef,Urban Ladder Sofa 616,UBL-SF-616,9517d9a6-d155-4a4c-a608-2cd6a3b1c69f,piece,46,True,,2025-12-20 09:01:53
7e4113ac-209c-4675-92c1-c47749976416,Urban Ladder Sofa 358,UBL-SF-358,9517d9a6-d155-4a4c-a608-2cd6a3b1c69f,piece,31,True,,2025-07-21 09:01:53
e955edf7-f134-434a-94fe-53dd3b31052e,Urban Ladder Sofa 127,UBL-SF-127,9517d9a6-d155-4a4c-a608-2cd6a3b1c69f,piece,14,True,,2025-04-03 09:01:53
9dad9069-a345-47c3-b1d3-e576eefc1116,Urban Ladder Sofa 867,UBL-SF-867,9517d9a6-d155-4a4c-a608-2cd6a3b1c69f,piece,64,True,,2025-08-22 09:01:53
d8293367-820c-47ea-be74-2123ca3e9b3a,Urban Ladder Sofa 976,UBL-SF-976,9517d9a6-d155-4a4c-a608-2cd6a3b1c69f,piece,29,True,,2026-03-09 09:01:53
f25785ab-0b64-4530-bdff-715f0a518a10,Urban Ladder Sofa 356,UBL-SF-356,9517d9a6-d155-4a4c-a608-2cd6a3b1c69f,piece,19,True,,2026-01-04 09:01:53
0778558e-6c75-49e2-9984-e3bf962086b3,Urban Ladder Sofa 434,UBL-SF-434,9517d9a6-d155-4a4c-a608-2cd6a3b1c69f,piece,90,True,,2025-07-09 09:01:53
ef7e24fb-1405-4389-b49e-2ccefedc56f4,Urban Ladder Sofa 572,UBL-SF-572,9517d9a6-d155-4a4c-a608-2cd6a3b1c69f,piece,13,True,,2025-04-12 09:01:53
0bfe5eae-3b3b-47d5-aa46-22aa2e74014a,Urban Ladder Sofa 348,UBL-SF-348,9517d9a6-d155-4a4c-a608-2cd6a3b1c69f,piece,96,False,,2026-01-02 09:01:53
cff9d332-2336-4b82-acb2-74e9fec3a6b6,Urban Ladder Sofa 582,UBL-SF-582,9517d9a6-d155-4a4c-a608-2cd6a3b1c69f,piece,40,True,,2025-12-17 09:01:53
0b2de864-c52e-406b-ab27-6d7e627f8b05,Urban Ladder Sofa 958,UBL-SF-958,9517d9a6-d155-4a4c-a608-2cd6a3b1c69f,piece,7,True,,2025-12-14 09:01:53
633a2bae-36c9-4fb6-9280-d425c754f1ba,Urban Ladder Sofa 401,UBL-SF-401,9517d9a6-d155-4a4c-a608-2cd6a3b1c69f,piece,20,True,,2025-08-26 09:01:53
b11031dd-0f58-4d27-a251-0800ea75da00,Urban Ladder Sofa 272,UBL-SF-272,9517d9a6-d155-4a4c-a608-2cd6a3b1c69f,piece,14,True,,2026-03-09 09:01:53
a2fbbe19-0649-4ebd-8958-1514ee31c1c1,Urban Ladder Sofa 793,UBL-SF-793,9517d9a6-d155-4a4c-a608-2cd6a3b1c69f,piece,39,True,,2025-09-12 09:01:53
6427e890-6dfb-4f2b-a514-3c84a5d6d52a,Urban Ladder Sofa 282,UBL-SF-282,9517d9a6-d155-4a4c-a608-2cd6a3b1c69f,piece,32,True,,2025-04-03 09:01:53
1da232c8-f655-48c8-9e5c-8f883b1e78bb,Urban Ladder Sofa 645,UBL-SF-645,9517d9a6-d155-4a4c-a608-2cd6a3b1c69f,piece,32,True,,2026-02-18 09:01:53
571ba8f3-a529-45cc-8273-6ff6a87f4678,Urban Ladder Sofa 956,UBL-SF-956,9517d9a6-d155-4a4c-a608-2cd6a3b1c69f,piece,86,True,,2025-04-20 09:01:53
ab011059-2f13-43b1-beaa-3df1b069527b,Urban Ladder Sofa 778,UBL-SF-778,9517d9a6-d155-4a4c-a608-2cd6a3b1c69f,piece,96,True,,2026-01-21 09:01:53
820798bd-3256-47e5-bf5d-8255c3150580,Urban Ladder Sofa 499,UBL-SF-499,9517d9a6-d155-4a4c-a608-2cd6a3b1c69f,piece,93,True,,2026-02-16 09:01:53
95a64686-a042-4e06-a1d6-46ce249a7f64,Urban Ladder Sofa 712,UBL-SF-712,9517d9a6-d155-4a4c-a608-2cd6a3b1c69f,piece,5,True,,2025-09-02 09:01:53
c09e324f-7ee9-4a2b-b69c-8fdf341fa3e7,Urban Ladder Sofa 885,UBL-SF-885,9517d9a6-d155-4a4c-a608-2cd6a3b1c69f,piece,30,False,,2025-09-04 09:01:53
89de9a2b-afa8-4a31-89e2-984a43921054,Urban Ladder Sofa 344,UBL-SF-344,9517d9a6-d155-4a4c-a608-2cd6a3b1c69f,piece,30,True,,2025-08-11 09:01:53
21780ba5-6cc2-47d7-acd2-8b91af54d95d,Urban Ladder Sofa 128,UBL-SF-128,9517d9a6-d155-4a4c-a608-2cd6a3b1c69f,piece,6,True,,2025-12-06 09:01:53
09249d6d-3db3-44e1-8e78-96fde483533b,Urban Ladder Sofa 796,UBL-SF-796,9517d9a6-d155-4a4c-a608-2cd6a3b1c69f,piece,90,True,,2026-01-24 09:01:53
7f65f639-b7d7-400e-b9af-da792b2f3b43,Urban Ladder Sofa 916,UBL-SF-916,9517d9a6-d155-4a4c-a608-2cd6a3b1c69f,piece,90,True,,2025-12-19 09:01:53
22e7495d-820b-4d8f-a50b-0678414f42b2,Urban Ladder Sofa 145,UBL-SF-145,9517d9a6-d155-4a4c-a608-2cd6a3b1c69f,piece,58,True,,2025-09-28 09:01:53
c02dded1-d808-4101-b779-acead1502ba4,Urban Ladder Sofa 430,UBL-SF-430,9517d9a6-d155-4a4c-a608-2cd6a3b1c69f,piece,76,True,,2025-04-29 09:01:53
a1eb8479-4ca1-475e-b95f-efef31609b62,Urban Ladder Sofa 312,UBL-SF-312,9517d9a6-d155-4a4c-a608-2cd6a3b1c69f,piece,74,True,,2025-08-07 09:01:53
14228e98-8786-4fac-afc8-8597427df4e4,Urban Ladder Sofa 223,UBL-SF-223,9517d9a6-d155-4a4c-a608-2cd6a3b1c69f,piece,34,True,,2025-09-13 09:01:53
cfcb198e-8b92-4a72-bf4c-63547d1f5186,Urban Ladder Sofa 431,UBL-SF-431,9517d9a6-d155-4a4c-a608-2cd6a3b1c69f,piece,27,True,,2025-04-14 09:01:53
2b6ab0ef-6be9-41cb-b457-b2c173f0df54,Urban Ladder Sofa 423,UBL-SF-423,9517d9a6-d155-4a4c-a608-2cd6a3b1c69f,piece,6,True,,2025-07-23 09:01:53
7ad83004-2eb3-42e7-9ab5-aed7096136ca,Urban Ladder Sofa 325,UBL-SF-325,9517d9a6-d155-4a4c-a608-2cd6a3b1c69f,piece,13,True,,2025-10-23 09:01:53
306103df-cefa-4864-b989-3b65a6435077,Urban Ladder Sofa 765,UBL-SF-765,9517d9a6-d155-4a4c-a608-2cd6a3b1c69f,piece,84,True,,2026-02-08 09:01:53
03bfa78b-7272-4ea0-a3ed-a032bd594a54,Urban Ladder Sofa 323,UBL-SF-323,9517d9a6-d155-4a4c-a608-2cd6a3b1c69f,piece,57,True,,2025-05-12 09:01:53
2abcb112-2e1c-4daf-b7ec-2d09880048f4,Urban Ladder Sofa 611,UBL-SF-611,9517d9a6-d155-4a4c-a608-2cd6a3b1c69f,piece,18,True,,2025-05-27 09:01:53
9b59dbee-cd4a-4e06-9571-7f7738057eee,Urban Ladder Sofa 275,UBL-SF-275,9517d9a6-d155-4a4c-a608-2cd6a3b1c69f,piece,37,False,,2025-05-11 09:01:53
31dfeaa0-88a7-4e4b-8392-ead0f6831b66,Urban Ladder Sofa 432,UBL-SF-432,9517d9a6-d155-4a4c-a608-2cd6a3b1c69f,piece,85,True,,2025-04-01 09:01:53
ef739725-baae-44d8-909e-f6ca46ac205b,Urban Ladder Sofa 889,UBL-SF-889,9517d9a6-d155-4a4c-a608-2cd6a3b1c69f,piece,93,True,,2025-12-15 09:01:53
a68116e3-57ed-4472-8a6e-7a79a76f0cf2,Urban Ladder Sofa 750,UBL-SF-750,9517d9a6-d155-4a4c-a608-2cd6a3b1c69f,piece,93,True,,2025-04-07 09:01:53
9af65ed2-cfac-4f30-b61d-e2ee6531eaab,Urban Ladder Sofa 593,UBL-SF-593,9517d9a6-d155-4a4c-a608-2cd6a3b1c69f,piece,13,True,,2025-05-07 09:01:53
620bd957-0c7b-49ba-a456-c7b10e0d92e6,Urban Ladder Sofa 699,UBL-SF-699,9517d9a6-d155-4a4c-a608-2cd6a3b1c69f,piece,62,True,,2025-04-21 09:01:53
17a82f0a-a61b-48ca-8ca1-3c40dcf1e7d3,Urban Ladder Sofa 859,UBL-SF-859,9517d9a6-d155-4a4c-a608-2cd6a3b1c69f,piece,34,True,,2025-03-19 09:01:53
98818ae1-ab39-4c68-8f65-cf68a1cd4881,Urban Ladder Sofa 113,UBL-SF-113,9517d9a6-d155-4a4c-a608-2cd6a3b1c69f,piece,34,True,,2026-01-10 09:01:53
365a7dba-a619-43f0-8908-1a822e664234,Urban Ladder Sofa 416,UBL-SF-416,9517d9a6-d155-4a4c-a608-2cd6a3b1c69f,piece,35,True,,2025-11-10 09:01:53
4581829b-071f-4da7-b808-ed4c5fdd3fea,Urban Ladder Sofa 734,UBL-SF-734,9517d9a6-d155-4a4c-a608-2cd6a3b1c69f,piece,15,True,,2025-09-04 09:01:53
468d0950-43ab-40d1-bb32-45d86cf9bcae,Urban Ladder Sofa 610,UBL-SF-610,9517d9a6-d155-4a4c-a608-2cd6a3b1c69f,piece,42,True,,2025-09-03 09:01:53
7f655b78-9ec1-4600-8b02-dd7ced1e973f,Urban Ladder Sofa 309,UBL-SF-309,9517d9a6-d155-4a4c-a608-2cd6a3b1c69f,piece,87,True,,2025-05-12 09:01:53
1aca8b87-e73f-41f2-b5e7-09a5ce259bb9,Urban Ladder Sofa 554,UBL-SF-554,9517d9a6-d155-4a4c-a608-2cd6a3b1c69f,piece,99,True,,2026-01-05 09:01:53
c458e2ab-6ccd-4c88-9f82-5b824b2de791,Pepperfry Table 384,PEP-TB-384,9517d9a6-d155-4a4c-a608-2cd6a3b1c69f,piece,45,True,,2026-02-22 09:01:53
df127fc1-4a29-474a-a128-e62997c9b3af,Pepperfry Table 633,PEP-TB-633,9517d9a6-d155-4a4c-a608-2cd6a3b1c69f,piece,58,True,,2025-10-18 09:01:53
141d7e41-d770-4096-b434-721965469d76,Pepperfry Table 868,PEP-TB-868,9517d9a6-d155-4a4c-a608-2cd6a3b1c69f,piece,8,True,,2025-09-26 09:01:53
f68d5dce-4534-4f40-8676-f32db48d18bf,Pepperfry Table 450,PEP-TB-450,9517d9a6-d155-4a4c-a608-2cd6a3b1c69f,piece,36,True,,2026-02-15 09:01:53
a3cd6f28-6ecf-4016-a130-fdc9fabef930,Pepperfry Table 780,PEP-TB-780,9517d9a6-d155-4a4c-a608-2cd6a3b1c69f,piece,36,True,,2025-03-23 09:01:53
95d25c83-254e-49be-aef8-74b18d816167,Pepperfry Table 836,PEP-TB-836,9517d9a6-d155-4a4c-a608-2cd6a3b1c69f,piece,33,True,,2025-08-31 09:01:53
8e1307f6-cb47-4be1-903f-feeecf1c01f1,Pepperfry Table 633,PEP-TB-633-51,9517d9a6-d155-4a4c-a608-2cd6a3b1c69f,piece,28,True,,2026-03-11 09:01:53
51feddbc-dad7-4dec-b3a1-c3c0fd0c9a57,Pepperfry Table 166,PEP-TB-166,9517d9a6-d155-4a4c-a608-2cd6a3b1c69f,piece,67,True,,2025-12-06 09:01:53
f2731bdf-3c37-4a1b-80af-cf0cca7bcf1c,Pepperfry Table 153,PEP-TB-153,9517d9a6-d155-4a4c-a608-2cd6a3b1c69f,piece,86,False,,2025-11-30 09:01:53
7f51799b-992f-4b5f-9cbd-94e1d0681ed7,Pepperfry Table 228,PEP-TB-228,9517d9a6-d155-4a4c-a608-2cd6a3b1c69f,piece,16,True,,2025-06-06 09:01:53
27034029-1cfe-4b7f-a45c-b3f8a34f9209,Pepperfry Table 951,PEP-TB-951,9517d9a6-d155-4a4c-a608-2cd6a3b1c69f,piece,31,True,,2026-02-02 09:01:53
17102f17-0f9e-4baf-be6e-78a762026233,Pepperfry Table 536,PEP-TB-536,9517d9a6-d155-4a4c-a608-2cd6a3b1c69f,piece,97,True,,2025-12-20 09:01:53
8266bd41-7425-4a47-8232-a4a4fd53b576,Pepperfry Table 838,PEP-TB-838,9517d9a6-d155-4a4c-a608-2cd6a3b1c69f,piece,30,True,,2025-12-14 09:01:53
1c08035c-0940-444f-acc8-cfd0715a8242,Pepperfry Table 720,PEP-TB-720,9517d9a6-d155-4a4c-a608-2cd6a3b1c69f,piece,36,True,,2025-05-23 09:01:53
04698d62-6e3e-4d58-9227-656dd36a16f9,Pepperfry Table 559,PEP-TB-559,9517d9a6-d155-4a4c-a608-2cd6a3b1c69f,piece,86,True,,2025-07-11 09:01:53
3a034afe-c6db-4733-ae04-737285ca3e48,Pepperfry Table 181,PEP-TB-181,9517d9a6-d155-4a4c-a608-2cd6a3b1c69f,piece,51,True,,2025-12-19 09:01:53
837155f3-5e00-40e4-b355-42d7bd267c7e,Pepperfry Table 582,PEP-TB-582,9517d9a6-d155-4a4c-a608-2cd6a3b1c69f,piece,61,True,,2025-05-06 09:01:53
5d51715d-cb92-4007-a9e5-6474fb3d57a1,Pepperfry Table 852,PEP-TB-852,9517d9a6-d155-4a4c-a608-2cd6a3b1c69f,piece,60,True,,2025-07-11 09:01:53
6477de25-1e71-4646-9258-605cea0c4262,Pepperfry Table 120,PEP-TB-120,9517d9a6-d155-4a4c-a608-2cd6a3b1c69f,piece,53,True,,2026-01-31 09:01:53
e324553a-5b43-4bb6-adf1-0c425644ad00,Pepperfry Table 877,PEP-TB-877,9517d9a6-d155-4a4c-a608-2cd6a3b1c69f,piece,43,True,,2025-12-26 09:01:53
e822dd67-9499-41dd-b2df-9436ba64ef61,Pepperfry Table 666,PEP-TB-666,9517d9a6-d155-4a4c-a608-2cd6a3b1c69f,piece,98,True,,2025-09-01 09:01:53
741ac976-02f8-4104-a69f-517fab33b6e8,Pepperfry Table 574,PEP-TB-574,9517d9a6-d155-4a4c-a608-2cd6a3b1c69f,piece,44,True,,2025-09-03 09:01:53
0e23239f-b9b6-4e38-a4d4-cf4c601ae07e,Pepperfry Table 675,PEP-TB-675,9517d9a6-d155-4a4c-a608-2cd6a3b1c69f,piece,82,True,,2025-09-25 09:01:53
9a920eb3-421e-4863-bc56-b75916270662,Pepperfry Table 239,PEP-TB-239,9517d9a6-d155-4a4c-a608-2cd6a3b1c69f,piece,96,True,,2025-12-25 09:01:53
e71371de-a5b9-44bb-925b-b390ceece4b4,Pepperfry Table 294,PEP-TB-294,9517d9a6-d155-4a4c-a608-2cd6a3b1c69f,piece,5,True,,2025-07-01 09:01:53
56aba0ba-a329-4395-a6b6-9c20da4eeb49,Pepperfry Table 847,PEP-TB-847,9517d9a6-d155-4a4c-a608-2cd6a3b1c69f,piece,97,True,,2025-08-19 09:01:53
11786394-90e9-4713-8313-33aa3d1ebf35,Pepperfry Table 525,PEP-TB-525,9517d9a6-d155-4a4c-a608-2cd6a3b1c69f,piece,55,False,,2025-09-04 09:01:53
676e0678-e123-4152-860e-c5df336f5885,Pepperfry Table 493,PEP-TB-493,9517d9a6-d155-4a4c-a608-2cd6a3b1c69f,piece,67,True,,2025-05-17 09:01:53
b11c5ea1-a716-4067-ac95-748d131f8a95,Pepperfry Table 172,PEP-TB-172,9517d9a6-d155-4a4c-a608-2cd6a3b1c69f,piece,57,True,,2026-01-10 09:01:53
59aef4ae-9bf1-4b1c-9af2-29b7cedb4793,Pepperfry Table 494,PEP-TB-494,9517d9a6-d155-4a4c-a608-2cd6a3b1c69f,piece,77,True,,2025-08-03 09:01:53
8af0045c-cd45-4f42-9e57-40d4196746d3,Pepperfry Table 361,PEP-TB-361,9517d9a6-d155-4a4c-a608-2cd6a3b1c69f,piece,97,True,,2025-03-16 09:01:53
6586ab07-fca9-4426-9487-292ac0cae17c,Pepperfry Table 600,PEP-TB-600,9517d9a6-d155-4a4c-a608-2cd6a3b1c69f,piece,86,True,,2025-03-23 09:01:53
73cb3017-e57b-444a-9529-71fbe65523df,Pepperfry Table 159,PEP-TB-159,9517d9a6-d155-4a4c-a608-2cd6a3b1c69f,piece,88,True,,2025-08-09 09:01:53
e1933189-2888-4bfc-a4ff-c5f7d52c23e7,Pepperfry Table 853,PEP-TB-853,9517d9a6-d155-4a4c-a608-2cd6a3b1c69f,piece,36,True,,2026-02-25 09:01:53
8d386600-f64a-47c5-b3a5-cf0328bc2564,Pepperfry Table 932,PEP-TB-932,9517d9a6-d155-4a4c-a608-2cd6a3b1c69f,piece,51,True,,2025-04-02 09:01:53
7c4f6406-6f57-4237-bafc-07fcf4b84dfd,Pepperfry Table 128,PEP-TB-128,9517d9a6-d155-4a4c-a608-2cd6a3b1c69f,piece,94,True,,2025-12-29 09:01:53
eb25734a-d543-47a9-822c-6240dcbd50a0,Pepperfry Table 367,PEP-TB-367,9517d9a6-d155-4a4c-a608-2cd6a3b1c69f,piece,82,True,,2025-03-31 09:01:53
656a9b4f-137e-43ff-aaad-08cc2c9246de,Pepperfry Table 250,PEP-TB-250,9517d9a6-d155-4a4c-a608-2cd6a3b1c69f,piece,37,True,,2025-05-22 09:01:53
49bc9030-b10a-47fa-900a-a8161d88379d,Pepperfry Table 778,PEP-TB-778,9517d9a6-d155-4a4c-a608-2cd6a3b1c69f,piece,25,True,,2026-01-26 09:01:53
3e94c0d6-41c2-46c1-88b1-b9b393e6f484,Pepperfry Table 759,PEP-TB-759,9517d9a6-d155-4a4c-a608-2cd6a3b1c69f,piece,96,False,,2025-08-23 09:01:53
7acaa6ae-1796-4bee-b903-f8141125a7ff,Pepperfry Table 823,PEP-TB-823,9517d9a6-d155-4a4c-a608-2cd6a3b1c69f,piece,80,False,,2026-02-01 09:01:53
5301eff8-56ef-4a5f-93fb-4694747e9113,Pepperfry Table 630,PEP-TB-630,9517d9a6-d155-4a4c-a608-2cd6a3b1c69f,piece,29,True,,2025-12-20 09:01:53
58850a6c-eb51-4357-824b-40e20da78bb0,Pepperfry Table 949,PEP-TB-949,9517d9a6-d155-4a4c-a608-2cd6a3b1c69f,piece,59,True,,2025-10-11 09:01:53
e36d34fd-c1e6-4a18-9f1b-d9519e55db4f,Pepperfry Table 612,PEP-TB-612,9517d9a6-d155-4a4c-a608-2cd6a3b1c69f,piece,73,True,,2025-08-31 09:01:53
4c9d6615-5c3e-43ac-9b40-7d43a46aff59,Pepperfry Table 700,PEP-TB-700,9517d9a6-d155-4a4c-a608-2cd6a3b1c69f,piece,44,True,,2026-01-28 09:01:53
9ecdd5e1-aa14-4e9a-83a7-f08aebf03fb1,Pepperfry Table 211,PEP-TB-211,9517d9a6-d155-4a4c-a608-2cd6a3b1c69f,piece,86,True,,2025-09-19 09:01:53
e7f0d7a6-e00b-4754-9a2a-35b137826823,Pepperfry Table 933,PEP-TB-933,9517d9a6-d155-4a4c-a608-2cd6a3b1c69f,piece,23,True,,2025-11-27 09:01:53
3d23366a-ed6d-4e65-966c-c3fdac6d1abd,Pepperfry Table 866,PEP-TB-866,9517d9a6-d155-4a4c-a608-2cd6a3b1c69f,piece,55,True,,2026-03-11 09:01:53
20e954ff-f929-4f6f-b212-1397b25c68cc,Pepperfry Table 272,PEP-TB-272,9517d9a6-d155-4a4c-a608-2cd6a3b1c69f,piece,67,True,,2026-02-07 09:01:53
7f365750-bf5e-4c56-9627-016a271da4ae,Pepperfry Table 892,PEP-TB-892,9517d9a6-d155-4a4c-a608-2cd6a3b1c69f,piece,94,True,,2025-08-13 09:01:53
d93e9e2d-eebd-4bac-905e-c72065df74a7,IKEA Wardrobe 770,IKE-WD-770,9517d9a6-d155-4a4c-a608-2cd6a3b1c69f,piece,41,True,,2025-12-17 09:01:53
cad46d27-ae1a-48b6-b80d-82912bbe2a4a,IKEA Wardrobe 280,IKE-WD-280,9517d9a6-d155-4a4c-a608-2cd6a3b1c69f,piece,52,True,,2026-01-05 09:01:53
5104413c-ecf2-4978-b039-fbfa1a2b7976,IKEA Wardrobe 302,IKE-WD-302,9517d9a6-d155-4a4c-a608-2cd6a3b1c69f,piece,67,True,,2026-01-17 09:01:53
506c8796-b516-44d1-b332-d08742ea2f95,IKEA Wardrobe 561,IKE-WD-561,9517d9a6-d155-4a4c-a608-2cd6a3b1c69f,piece,77,True,,2025-12-09 09:01:53
5993cbb4-034e-4fcf-9395-87687b86e928,IKEA Wardrobe 305,IKE-WD-305,9517d9a6-d155-4a4c-a608-2cd6a3b1c69f,piece,12,True,,2025-12-06 09:01:53
f54f6b56-ae87-49e0-9602-d4b17d9bb638,IKEA Wardrobe 365,IKE-WD-365,9517d9a6-d155-4a4c-a608-2cd6a3b1c69f,piece,57,True,,2025-04-29 09:01:53
399d3fbb-00b3-443e-8596-fa06fe4669ae,IKEA Wardrobe 211,IKE-WD-211,9517d9a6-d155-4a4c-a608-2cd6a3b1c69f,piece,86,True,,2025-10-15 09:01:53
a4b8ecfa-f4f9-4b8f-aab5-2ebfb58f3251,IKEA Wardrobe 187,IKE-WD-187,9517d9a6-d155-4a4c-a608-2cd6a3b1c69f,piece,53,True,,2026-02-10 09:01:53
542e5f29-33e6-4b87-a53b-1a7633134052,IKEA Wardrobe 450,IKE-WD-450,9517d9a6-d155-4a4c-a608-2cd6a3b1c69f,piece,8,True,,2025-07-13 09:01:53
9b5bf3a9-d507-44b0-8b6f-c325f09488f0,IKEA Wardrobe 596,IKE-WD-596,9517d9a6-d155-4a4c-a608-2cd6a3b1c69f,piece,91,True,,2026-03-10 09:01:53
a2985acf-f792-4e31-ac7c-d9f335e7c1fc,IKEA Wardrobe 162,IKE-WD-162,9517d9a6-d155-4a4c-a608-2cd6a3b1c69f,piece,39,True,,2026-03-11 09:01:53
e399752a-5617-4532-89ad-6535a8e0d7fd,IKEA Wardrobe 781,IKE-WD-781,9517d9a6-d155-4a4c-a608-2cd6a3b1c69f,piece,79,True,,2026-02-21 09:01:53
50f038da-e78b-468f-bdf4-0f5dd3567787,IKEA Wardrobe 199,IKE-WD-199,9517d9a6-d155-4a4c-a608-2cd6a3b1c69f,piece,32,True,,2026-03-11 09:01:53
a666f71d-9c1c-4a2a-b80d-df7495b52d17,IKEA Wardrobe 484,IKE-WD-484,9517d9a6-d155-4a4c-a608-2cd6a3b1c69f,piece,82,True,,2025-10-29 09:01:53
6ffaaaec-50f4-4c71-99f5-0567a83b72fd,IKEA Wardrobe 597,IKE-WD-597,9517d9a6-d155-4a4c-a608-2cd6a3b1c69f,piece,65,True,,2025-05-09 09:01:53
cf4002f9-2ecd-4d59-af19-1e0b4297935b,IKEA Wardrobe 539,IKE-WD-539,9517d9a6-d155-4a4c-a608-2cd6a3b1c69f,piece,48,True,,2025-09-20 09:01:53
1de9eb83-2ef8-49cd-abe7-3bcff2650275,IKEA Wardrobe 422,IKE-WD-422,9517d9a6-d155-4a4c-a608-2cd6a3b1c69f,piece,35,False,,2025-04-08 09:01:53
45d2a3b3-4157-4b09-98e2-55b7818d3ae8,IKEA Wardrobe 508,IKE-WD-508,9517d9a6-d155-4a4c-a608-2cd6a3b1c69f,piece,53,True,,2025-09-13 09:01:53
4e821a49-6c1d-4155-a10a-bdc9b00e06f4,IKEA Wardrobe 994,IKE-WD-994,9517d9a6-d155-4a4c-a608-2cd6a3b1c69f,piece,47,True,,2026-03-13 09:01:53
ddd2a0d4-7b76-472f-b4ec-08cdddd447da,IKEA Wardrobe 567,IKE-WD-567,9517d9a6-d155-4a4c-a608-2cd6a3b1c69f,piece,94,True,,2026-01-02 09:01:53
5dc1c1c2-835b-4478-8485-2d3f067cf507,IKEA Wardrobe 126,IKE-WD-126,9517d9a6-d155-4a4c-a608-2cd6a3b1c69f,piece,82,True,,2025-06-16 09:01:53
e22892b4-a6c6-4f80-92ac-077c73ce7221,IKEA Wardrobe 386,IKE-WD-386,9517d9a6-d155-4a4c-a608-2cd6a3b1c69f,piece,94,True,,2025-11-07 09:01:53
d9c3a576-6ceb-472a-8913-7b61947fa850,IKEA Wardrobe 477,IKE-WD-477,9517d9a6-d155-4a4c-a608-2cd6a3b1c69f,piece,62,True,,2025-04-11 09:01:53
6e6573d5-a1bb-4967-b6c6-632acd3c2727,IKEA Wardrobe 990,IKE-WD-990,9517d9a6-d155-4a4c-a608-2cd6a3b1c69f,piece,65,True,,2025-04-10 09:01:53
43b36632-4f1b-4538-b594-d4bbc29bf677,IKEA Wardrobe 292,IKE-WD-292,9517d9a6-d155-4a4c-a608-2cd6a3b1c69f,piece,5,False,,2025-10-01 09:01:53
34492273-3e0a-48dc-a73f-7732c29582c9,IKEA Wardrobe 117,IKE-WD-117,9517d9a6-d155-4a4c-a608-2cd6a3b1c69f,piece,86,True,,2026-02-19 09:01:53
5a331f40-2783-4471-872c-990b99cca877,IKEA Wardrobe 926,IKE-WD-926,9517d9a6-d155-4a4c-a608-2cd6a3b1c69f,piece,99,True,,2025-07-30 09:01:53
afc92c9e-6ad4-4cb1-a179-487e875af892,IKEA Wardrobe 339,IKE-WD-339,9517d9a6-d155-4a4c-a608-2cd6a3b1c69f,piece,82,True,,2025-05-05 09:01:53
6468a9b1-e5ab-47b8-bab5-73a457fad63c,IKEA Wardrobe 913,IKE-WD-913,9517d9a6-d155-4a4c-a608-2cd6a3b1c69f,piece,15,True,,2025-07-14 09:01:53
724d1e33-052a-406b-8b41-966a12d5b999,IKEA Wardrobe 774,IKE-WD-774,9517d9a6-d155-4a4c-a608-2cd6a3b1c69f,piece,94,False,,2025-08-29 09:01:53
687eaeef-367c-478a-ab2f-5f08f86f9e36,IKEA Wardrobe 400,IKE-WD-400,9517d9a6-d155-4a4c-a608-2cd6a3b1c69f,piece,82,True,,2025-12-31 09:01:53
790d612c-2e3f-4f8f-a2ac-8f3a6ed2da73,IKEA Wardrobe 990,IKE-WD-990-76,9517d9a6-d155-4a4c-a608-2cd6a3b1c69f,piece,78,True,,2025-06-29 09:01:53
fbbd6c85-325a-4d69-a553-d59728e58833,IKEA Wardrobe 132,IKE-WD-132,9517d9a6-d155-4a4c-a608-2cd6a3b1c69f,piece,21,True,,2026-01-29 09:01:53
709f69fd-6fee-47f7-b8ce-7250fcaa176b,IKEA Wardrobe 408,IKE-WD-408,9517d9a6-d155-4a4c-a608-2cd6a3b1c69f,piece,91,False,,2025-07-18 09:01:53
b0ed66a4-dcb4-4305-b6f0-4c5bf481a7d9,IKEA Wardrobe 272,IKE-WD-272,9517d9a6-d155-4a4c-a608-2cd6a3b1c69f,piece,62,False,,2025-07-11 09:01:53
8cc48699-3ade-4979-a1c9-d85ca414bff3,IKEA Wardrobe 778,IKE-WD-778,9517d9a6-d155-4a4c-a608-2cd6a3b1c69f,piece,74,True,,2025-11-26 09:01:53
447fd601-68f6-4d5f-ab2a-d00646bca489,IKEA Wardrobe 274,IKE-WD-274,9517d9a6-d155-4a4c-a608-2cd6a3b1c69f,piece,89,True,,2026-01-19 09:01:53
4d0dc47f-c452-4223-87b6-e3f9870ab2b4,IKEA Wardrobe 545,IKE-WD-545,9517d9a6-d155-4a4c-a608-2cd6a3b1c69f,piece,96,True,,2025-09-28 09:01:53
78d291fd-2b0e-430c-b473-a48e60cc9458,IKEA Wardrobe 492,IKE-WD-492,9517d9a6-d155-4a4c-a608-2cd6a3b1c69f,piece,40,True,,2025-11-03 09:01:53
6ac2eedb-2c02-4758-b12d-997525b47fe2,IKEA Wardrobe 781,IKE-WD-781-70,9517d9a6-d155-4a4c-a608-2cd6a3b1c69f,piece,90,True,,2026-01-04 09:01:53
33a64507-1794-4c07-9a29-5e6ac5b6cd42,IKEA Wardrobe 647,IKE-WD-647,9517d9a6-d155-4a4c-a608-2cd6a3b1c69f,piece,86,True,,2026-01-27 09:01:53
928bcce8-322d-4027-a231-1b70a5a1522b,IKEA Wardrobe 914,IKE-WD-914,9517d9a6-d155-4a4c-a608-2cd6a3b1c69f,piece,93,True,,2025-11-20 09:01:53
04bfcb45-e1e6-45cc-b654-a14560872049,IKEA Wardrobe 689,IKE-WD-689,9517d9a6-d155-4a4c-a608-2cd6a3b1c69f,piece,81,True,,2025-09-20 09:01:53
68b93296-70af-4f0d-a602-303ffb5555b5,IKEA Wardrobe 486,IKE-WD-486,9517d9a6-d155-4a4c-a608-2cd6a3b1c69f,piece,96,True,,2025-08-31 09:01:53
af390df6-b7cd-4e29-bc59-08daa30bf1e6,IKEA Wardrobe 769,IKE-WD-769,9517d9a6-d155-4a4c-a608-2cd6a3b1c69f,piece,87,True,,2025-08-03 09:01:53
817c9fec-adc8-4226-89c6-4f9820f6c047,IKEA Wardrobe 927,IKE-WD-927,9517d9a6-d155-4a4c-a608-2cd6a3b1c69f,piece,34,True,,2026-01-14 09:01:53
8ee2449f-2b5e-4a8e-ac85-689149953381,IKEA Wardrobe 397,IKE-WD-397,9517d9a6-d155-4a4c-a608-2cd6a3b1c69f,piece,16,True,,2025-09-21 09:01:53
895bf88f-e7d6-4462-b036-cfeb6da7ace3,IKEA Wardrobe 858,IKE-WD-858,9517d9a6-d155-4a4c-a608-2cd6a3b1c69f,piece,80,False,,2026-01-14 09:01:53
6422bad9-1361-43ae-b1f0-6d3587fcdaf4,IKEA Wardrobe 686,IKE-WD-686,9517d9a6-d155-4a4c-a608-2cd6a3b1c69f,piece,52,True,,2025-10-05 09:01:53
800a663b-1c0e-4500-aa45-2b446a2d7b5e,IKEA Wardrobe 489,IKE-WD-489,9517d9a6-d155-4a4c-a608-2cd6a3b1c69f,piece,78,True,,2025-10-06 09:01:53
b0905f40-1f55-49af-aa95-dd61bf3286de,Wakefit Mattress 163in,WAK-MT-163,9517d9a6-d155-4a4c-a608-2cd6a3b1c69f,piece,80,True,,2025-08-28 09:01:53
346f33df-b03f-404b-a9bc-8a3e69aea3d7,Wakefit Mattress 533in,WAK-MT-533,9517d9a6-d155-4a4c-a608-2cd6a3b1c69f,piece,45,True,,2025-04-01 09:01:53
b9dc4117-166d-462e-9a12-ba629464f6fa,Wakefit Mattress 915in,WAK-MT-915,9517d9a6-d155-4a4c-a608-2cd6a3b1c69f,piece,21,True,,2025-05-10 09:01:53
e374821f-41cf-4f81-8013-bf5172667689,Wakefit Mattress 704in,WAK-MT-704,9517d9a6-d155-4a4c-a608-2cd6a3b1c69f,piece,33,True,,2026-03-10 09:01:53
a4de1982-d061-4f9c-b3cb-03c1e1c70417,Wakefit Mattress 651in,WAK-MT-651,9517d9a6-d155-4a4c-a608-2cd6a3b1c69f,piece,63,True,,2025-10-14 09:01:53
05cf930b-52d9-4e05-aa34-28e806b34f61,Wakefit Mattress 957in,WAK-MT-957,9517d9a6-d155-4a4c-a608-2cd6a3b1c69f,piece,33,True,,2025-07-24 09:01:53
79215b7f-c015-4536-8662-ca3bc0b89f94,Wakefit Mattress 250in,WAK-MT-250,9517d9a6-d155-4a4c-a608-2cd6a3b1c69f,piece,81,True,,2025-04-08 09:01:53
6119e4cc-e5bc-4c52-95ec-41970b7222e9,Wakefit Mattress 969in,WAK-MT-969,9517d9a6-d155-4a4c-a608-2cd6a3b1c69f,piece,94,True,,2025-10-02 09:01:53
56c0121f-ce98-4b8d-8d81-9d99c2b16562,Wakefit Mattress 416in,WAK-MT-416,9517d9a6-d155-4a4c-a608-2cd6a3b1c69f,piece,69,False,,2026-01-10 09:01:53
bb274d09-db4b-4172-8e33-ecf885911e87,Wakefit Mattress 380in,WAK-MT-380,9517d9a6-d155-4a4c-a608-2cd6a3b1c69f,piece,95,True,,2025-04-25 09:01:53
54be1b0f-b01c-4997-b2d1-dda800227dd1,Wakefit Mattress 948in,WAK-MT-948,9517d9a6-d155-4a4c-a608-2cd6a3b1c69f,piece,32,True,,2025-03-19 09:01:53
462b1edf-24b9-4ed1-8e36-42e496e0d9a8,Wakefit Mattress 485in,WAK-MT-485,9517d9a6-d155-4a4c-a608-2cd6a3b1c69f,piece,12,False,,2025-09-25 09:01:53
4ae1b16d-6f01-44f1-b60b-906a0306b4ae,Wakefit Mattress 256in,WAK-MT-256,9517d9a6-d155-4a4c-a608-2cd6a3b1c69f,piece,96,True,,2025-11-19 09:01:53
6c029400-55f5-4acf-a4cb-10186f5c04ae,Wakefit Mattress 817in,WAK-MT-817,9517d9a6-d155-4a4c-a608-2cd6a3b1c69f,piece,99,True,,2025-12-13 09:01:53
5de9a58f-60cc-4b91-b5d2-e383afb59ad6,Wakefit Mattress 977in,WAK-MT-977,9517d9a6-d155-4a4c-a608-2cd6a3b1c69f,piece,67,True,,2025-10-12 09:01:53
21f38d28-a9ed-4af3-b7c3-fb60215a5adc,Wakefit Mattress 934in,WAK-MT-934,9517d9a6-d155-4a4c-a608-2cd6a3b1c69f,piece,89,False,,2025-12-23 09:01:53
c225bbc5-7725-4a89-bc05-14b4c33fc91d,Wakefit Mattress 122in,WAK-MT-122,9517d9a6-d155-4a4c-a608-2cd6a3b1c69f,piece,75,True,,2025-08-10 09:01:53
a32e593a-21fd-4225-8021-3bdccd4726c5,Wakefit Mattress 794in,WAK-MT-794,9517d9a6-d155-4a4c-a608-2cd6a3b1c69f,piece,65,False,,2025-08-26 09:01:53
71561700-b476-476f-a2de-f497ee1b378d,Wakefit Mattress 500in,WAK-MT-500,9517d9a6-d155-4a4c-a608-2cd6a3b1c69f,piece,14,True,,2025-10-21 09:01:53
47162de3-7c09-4226-b8a1-93a1c8d74d6f,Wakefit Mattress 389in,WAK-MT-389,9517d9a6-d155-4a4c-a608-2cd6a3b1c69f,piece,94,False,,2025-03-21 09:01:53
11373552-418e-4417-b36e-847b4219d5b0,Wakefit Mattress 976in,WAK-MT-976,9517d9a6-d155-4a4c-a608-2cd6a3b1c69f,piece,75,True,,2026-01-06 09:01:53
861207e7-de87-465d-98f4-8d749acdfc75,Wakefit Mattress 431in,WAK-MT-431,9517d9a6-d155-4a4c-a608-2cd6a3b1c69f,piece,79,True,,2026-02-15 09:01:53
9994f0db-eb1d-4b21-a486-2774059d4b54,Wakefit Mattress 970in,WAK-MT-970,9517d9a6-d155-4a4c-a608-2cd6a3b1c69f,piece,95,True,,2025-04-13 09:01:53
5f34deae-e31f-4175-8796-60651e045e62,Wakefit Mattress 267in,WAK-MT-267,9517d9a6-d155-4a4c-a608-2cd6a3b1c69f,piece,78,True,,2025-03-23 09:01:53
56aaeffe-a7d5-4fbc-b09d-03e955f86568,Wakefit Mattress 594in,WAK-MT-594,9517d9a6-d155-4a4c-a608-2cd6a3b1c69f,piece,42,True,,2025-11-27 09:01:53
fa011371-8c2d-4a41-9837-1a1d32c95245,Wakefit Mattress 323in,WAK-MT-323,9517d9a6-d155-4a4c-a608-2cd6a3b1c69f,piece,100,True,,2025-04-15 09:01:53
005b6cee-d836-4520-9e8a-79f176024978,Wakefit Mattress 109in,WAK-MT-109,9517d9a6-d155-4a4c-a608-2cd6a3b1c69f,piece,51,True,,2025-05-24 09:01:53
a97dbcf2-3fa2-442f-b327-21d8fe38359c,Wakefit Mattress 204in,WAK-MT-204,9517d9a6-d155-4a4c-a608-2cd6a3b1c69f,piece,91,True,,2025-12-29 09:01:53
27520d23-ee1d-43a2-b18c-7cc215871760,Wakefit Mattress 485in,WAK-MT-485-64,9517d9a6-d155-4a4c-a608-2cd6a3b1c69f,piece,91,True,,2026-02-14 09:01:53
d434121c-9439-459f-965c-5689660d18bf,Wakefit Mattress 198in,WAK-MT-198,9517d9a6-d155-4a4c-a608-2cd6a3b1c69f,piece,50,False,,2025-12-13 09:01:53
4e148af2-5df5-496d-ae4e-96e2099cc3eb,Wakefit Mattress 153in,WAK-MT-153,9517d9a6-d155-4a4c-a608-2cd6a3b1c69f,piece,20,False,,2025-04-16 09:01:53
b9b1233c-940b-443b-a257-ddec16d745d5,Wakefit Mattress 446in,WAK-MT-446,9517d9a6-d155-4a4c-a608-2cd6a3b1c69f,piece,80,True,,2025-12-28 09:01:53
c3ad37d7-4084-4f26-8f2b-66414713a08f,Wakefit Mattress 742in,WAK-MT-742,9517d9a6-d155-4a4c-a608-2cd6a3b1c69f,piece,97,True,,2026-02-25 09:01:53
95765f71-70fe-44a8-9b25-5297b43708b4,Wakefit Mattress 221in,WAK-MT-221,9517d9a6-d155-4a4c-a608-2cd6a3b1c69f,piece,35,True,,2025-10-11 09:01:53
4cae53e3-ee49-41a2-bc73-dcf03c39fa14,Wakefit Mattress 804in,WAK-MT-804,9517d9a6-d155-4a4c-a608-2cd6a3b1c69f,piece,81,False,,2025-04-14 09:01:53
971a8caa-e6bc-419d-b692-cec75062715e,Wakefit Mattress 863in,WAK-MT-863,9517d9a6-d155-4a4c-a608-2cd6a3b1c69f,piece,53,True,,2025-04-05 09:01:53
085bcf8d-b8f3-4b8d-8869-64dd75e611c1,Wakefit Mattress 774in,WAK-MT-774,9517d9a6-d155-4a4c-a608-2cd6a3b1c69f,piece,16,True,,2025-04-16 09:01:53
e93efff3-5a99-4c80-bb33-fa3ca57519fe,Wakefit Mattress 491in,WAK-MT-491,9517d9a6-d155-4a4c-a608-2cd6a3b1c69f,piece,40,True,,2025-07-30 09:01:53
d4401a3a-dd03-4e0c-8d11-8aa4528dddd8,Wakefit Mattress 476in,WAK-MT-476,9517d9a6-d155-4a4c-a608-2cd6a3b1c69f,piece,6,True,,2026-01-31 09:01:53
92a97271-df74-441f-a1b3-8ca4f3fbc919,Wakefit Mattress 224in,WAK-MT-224,9517d9a6-d155-4a4c-a608-2cd6a3b1c69f,piece,67,True,,2025-06-27 09:01:53
2c63b8e3-24b6-4d2d-899c-aaeb6182fe1c,Wakefit Mattress 330in,WAK-MT-330,9517d9a6-d155-4a4c-a608-2cd6a3b1c69f,piece,7,True,,2025-05-25 09:01:53
d14e5734-d467-4410-969b-44d513c75f90,Wakefit Mattress 591in,WAK-MT-591,9517d9a6-d155-4a4c-a608-2cd6a3b1c69f,piece,40,True,,2026-01-25 09:01:53
32d62daf-1f00-47aa-a53b-f1162aea28ba,Wakefit Mattress 913in,WAK-MT-913,9517d9a6-d155-4a4c-a608-2cd6a3b1c69f,piece,80,True,,2025-07-10 09:01:53
9981f409-0bb8-4491-a625-c774fa08b3c6,Wakefit Mattress 760in,WAK-MT-760,9517d9a6-d155-4a4c-a608-2cd6a3b1c69f,piece,94,True,,2025-05-26 09:01:53
074f0d57-4734-44c0-a0af-325bb63fe08d,Wakefit Mattress 228in,WAK-MT-228,9517d9a6-d155-4a4c-a608-2cd6a3b1c69f,piece,17,True,,2025-03-14 09:01:53
c92ef1ae-cf3e-450e-a2a1-6d62e02ae4c7,Wakefit Mattress 982in,WAK-MT-982,9517d9a6-d155-4a4c-a608-2cd6a3b1c69f,piece,73,True,,2025-03-21 09:01:53
db55ffb2-efe1-4c73-998c-60815f3bbb37,Wakefit Mattress 120in,WAK-MT-120,9517d9a6-d155-4a4c-a608-2cd6a3b1c69f,piece,55,True,,2025-06-13 09:01:53
3a2acd39-6cfb-4ebb-a89a-7208a042ff56,Wakefit Mattress 902in,WAK-MT-902,9517d9a6-d155-4a4c-a608-2cd6a3b1c69f,piece,72,True,,2025-06-22 09:01:53
329d06af-73bb-4e3d-9016-0b8ed97a1cfa,Wakefit Mattress 957in,WAK-MT-957-84,9517d9a6-d155-4a4c-a608-2cd6a3b1c69f,piece,73,True,,2025-04-15 09:01:53
fb4b5c73-a659-430f-a7b0-5444a0cc7533,Wakefit Mattress 227in,WAK-MT-227,9517d9a6-d155-4a4c-a608-2cd6a3b1c69f,piece,31,False,,2026-01-13 09:01:53
f09c496b-bb6d-471d-84a2-1a696ed544b2,Wooden St Bed 285,WDS-BD-285,9517d9a6-d155-4a4c-a608-2cd6a3b1c69f,piece,81,True,,2026-03-12 09:01:53
8682b2b2-b41e-4ce5-822a-3b579d907965,Wooden St Bed 668,WDS-BD-668,9517d9a6-d155-4a4c-a608-2cd6a3b1c69f,piece,62,True,,2026-01-11 09:01:53
9b736930-4d7c-4ff5-96a4-e99b3d44c38f,Wooden St Bed 140,WDS-BD-140,9517d9a6-d155-4a4c-a608-2cd6a3b1c69f,piece,21,True,,2025-04-14 09:01:53
56f21c74-b797-42a9-a751-21781a7f07fb,Wooden St Bed 265,WDS-BD-265,9517d9a6-d155-4a4c-a608-2cd6a3b1c69f,piece,16,True,,2026-02-25 09:01:53
8ae71d66-7804-4398-8b0c-1b319c5048df,Wooden St Bed 186,WDS-BD-186,9517d9a6-d155-4a4c-a608-2cd6a3b1c69f,piece,20,True,,2025-09-09 09:01:53
93e3c57d-79f1-46a7-bca6-ddc4e436cf9b,Wooden St Bed 657,WDS-BD-657,9517d9a6-d155-4a4c-a608-2cd6a3b1c69f,piece,26,True,,2025-04-12 09:01:53
6c7d1b6f-fad9-4f99-8724-2b51a007486c,Wooden St Bed 100,WDS-BD-100,9517d9a6-d155-4a4c-a608-2cd6a3b1c69f,piece,36,True,,2025-06-22 09:01:53
2e5ef055-199c-4e38-919a-f7386dc43b91,Wooden St Bed 901,WDS-BD-901,9517d9a6-d155-4a4c-a608-2cd6a3b1c69f,piece,42,True,,2025-07-30 09:01:53
92cdf497-7242-4493-b6b2-b0cb99c754dd,Wooden St Bed 243,WDS-BD-243,9517d9a6-d155-4a4c-a608-2cd6a3b1c69f,piece,78,True,,2025-10-05 09:01:53
7dfba4ef-a3e1-4125-bb21-a7a5276a30a7,Wooden St Bed 635,WDS-BD-635,9517d9a6-d155-4a4c-a608-2cd6a3b1c69f,piece,50,True,,2025-06-26 09:01:53
a9f2d637-6e0b-4c3c-889f-2edade7e1b61,Wooden St Bed 314,WDS-BD-314,9517d9a6-d155-4a4c-a608-2cd6a3b1c69f,piece,93,True,,2026-02-20 09:01:53
8972b641-f80c-4c8c-810d-0f6c78dbd4d7,Wooden St Bed 342,WDS-BD-342,9517d9a6-d155-4a4c-a608-2cd6a3b1c69f,piece,9,True,,2025-10-12 09:01:53
7267c9bf-b309-4966-a658-276da775eac6,Wooden St Bed 976,WDS-BD-976,9517d9a6-d155-4a4c-a608-2cd6a3b1c69f,piece,32,False,,2025-05-10 09:01:53
ced7011a-6bdf-47c3-8502-969054a6a722,Wooden St Bed 665,WDS-BD-665,9517d9a6-d155-4a4c-a608-2cd6a3b1c69f,piece,32,True,,2025-10-23 09:01:53
a020fecf-7165-4e35-ac60-4122cd60c531,Wooden St Bed 231,WDS-BD-231,9517d9a6-d155-4a4c-a608-2cd6a3b1c69f,piece,98,True,,2026-02-04 09:01:53
ce29cb63-e18c-47ce-a0b1-35736432d199,Wooden St Bed 663,WDS-BD-663,9517d9a6-d155-4a4c-a608-2cd6a3b1c69f,piece,37,True,,2025-04-16 09:01:53
a352bb41-ec19-41a6-a0a4-48329524ea97,Wooden St Bed 267,WDS-BD-267,9517d9a6-d155-4a4c-a608-2cd6a3b1c69f,piece,56,True,,2025-11-04 09:01:53
98391034-f5eb-4f46-a739-bdf4ca924f63,Wooden St Bed 792,WDS-BD-792,9517d9a6-d155-4a4c-a608-2cd6a3b1c69f,piece,59,False,,2025-12-31 09:01:53
fefa3ce2-6527-4b42-8673-e30ee5390eb4,Wooden St Bed 648,WDS-BD-648,9517d9a6-d155-4a4c-a608-2cd6a3b1c69f,piece,31,True,,2025-10-28 09:01:53
7f26518b-3b82-4648-8941-b4dffdeb5121,Wooden St Bed 748,WDS-BD-748,9517d9a6-d155-4a4c-a608-2cd6a3b1c69f,piece,94,True,,2025-03-14 09:01:53
50aa3db9-1648-44be-b367-fde4f29bd73b,Wooden St Bed 481,WDS-BD-481,9517d9a6-d155-4a4c-a608-2cd6a3b1c69f,piece,77,True,,2025-06-26 09:01:53
d62f0878-da78-49e3-b418-3ae36c1d7334,Wooden St Bed 719,WDS-BD-719,9517d9a6-d155-4a4c-a608-2cd6a3b1c69f,piece,25,True,,2025-12-26 09:01:53
96264b0e-a668-407d-b23c-94f309b08a7a,Wooden St Bed 423,WDS-BD-423,9517d9a6-d155-4a4c-a608-2cd6a3b1c69f,piece,60,True,,2025-05-09 09:01:53
669d56d9-c55a-4924-8802-c43a7dbd62e1,Wooden St Bed 353,WDS-BD-353,9517d9a6-d155-4a4c-a608-2cd6a3b1c69f,piece,14,True,,2025-06-15 09:01:53
eb30392a-4205-463a-9905-fc011fceb9be,Wooden St Bed 212,WDS-BD-212,9517d9a6-d155-4a4c-a608-2cd6a3b1c69f,piece,92,True,,2026-02-09 09:01:53
519e230e-bc63-493b-a478-85c528058010,Wooden St Bed 437,WDS-BD-437,9517d9a6-d155-4a4c-a608-2cd6a3b1c69f,piece,86,True,,2025-09-25 09:01:53
44b69734-a442-466d-b40d-2e85bb1b3716,Wooden St Bed 896,WDS-BD-896,9517d9a6-d155-4a4c-a608-2cd6a3b1c69f,piece,39,True,,2025-11-19 09:01:53
cfab2403-c5f8-4ba2-8f61-60660bafa3f0,Wooden St Bed 380,WDS-BD-380,9517d9a6-d155-4a4c-a608-2cd6a3b1c69f,piece,6,True,,2025-11-21 09:01:53
c18d2575-04fa-4333-8c9a-0f625644f098,Wooden St Bed 487,WDS-BD-487,9517d9a6-d155-4a4c-a608-2cd6a3b1c69f,piece,18,True,,2026-01-10 09:01:53
6a1d8c3c-f456-4817-b908-7319e0e5ce60,Wooden St Bed 279,WDS-BD-279,9517d9a6-d155-4a4c-a608-2cd6a3b1c69f,piece,72,True,,2025-10-09 09:01:53
150b6aa5-c56d-48e2-91bb-1cbbfb601432,Wooden St Bed 702,WDS-BD-702,9517d9a6-d155-4a4c-a608-2cd6a3b1c69f,piece,67,True,,2025-09-17 09:01:53
3d99caad-d956-49a1-bb19-1e1d627325dd,Wooden St Bed 817,WDS-BD-817,9517d9a6-d155-4a4c-a608-2cd6a3b1c69f,piece,78,True,,2025-06-05 09:01:53
7719a020-6bb0-46b6-a7ab-dabbc398f399,Wooden St Bed 377,WDS-BD-377,9517d9a6-d155-4a4c-a608-2cd6a3b1c69f,piece,82,True,,2026-02-18 09:01:53
5c9ee36f-a5aa-4d20-99ed-9c5e622ca3ca,Wooden St Bed 274,WDS-BD-274,9517d9a6-d155-4a4c-a608-2cd6a3b1c69f,piece,45,False,,2025-08-27 09:01:53
03beee12-779a-4396-a1a3-ad80397b9ef4,Wooden St Bed 285,WDS-BD-285-54,9517d9a6-d155-4a4c-a608-2cd6a3b1c69f,piece,99,True,,2025-06-15 09:01:53
ee87f636-18c8-4e42-b92f-3b8592d4013f,Wooden St Bed 664,WDS-BD-664,9517d9a6-d155-4a4c-a608-2cd6a3b1c69f,piece,81,True,,2025-08-20 09:01:53
4a5a9ead-e09b-4f09-a496-67b73b20a73b,Wooden St Bed 588,WDS-BD-588,9517d9a6-d155-4a4c-a608-2cd6a3b1c69f,piece,80,True,,2026-03-10 09:01:53
42b9a29e-aa35-4a96-9c27-9bbb72ab0c41,Wooden St Bed 803,WDS-BD-803,9517d9a6-d155-4a4c-a608-2cd6a3b1c69f,piece,70,True,,2025-04-12 09:01:53
cb72f9e1-5f5f-4b9d-862d-e9190d607ef1,Wooden St Bed 229,WDS-BD-229,9517d9a6-d155-4a4c-a608-2cd6a3b1c69f,piece,23,True,,2025-10-29 09:01:53
d9f3eb32-7317-4810-b3cd-531d1779bf98,Wooden St Bed 154,WDS-BD-154,9517d9a6-d155-4a4c-a608-2cd6a3b1c69f,piece,97,True,,2025-09-06 09:01:53
6e4c0d82-dd32-4abe-81cb-c4a8923d6720,Wooden St Bed 824,WDS-BD-824,9517d9a6-d155-4a4c-a608-2cd6a3b1c69f,piece,36,True,,2025-08-12 09:01:53
2a672e67-62c1-4e90-b447-0b4061e6553d,Wooden St Bed 823,WDS-BD-823,9517d9a6-d155-4a4c-a608-2cd6a3b1c69f,piece,63,True,,2025-09-14 09:01:53
32b0bd7a-ce1d-4c74-8dea-12644fcd2fdb,Wooden St Bed 917,WDS-BD-917,9517d9a6-d155-4a4c-a608-2cd6a3b1c69f,piece,64,True,,2025-10-24 09:01:53
4a47a2cf-14a2-49f2-a87d-95e4d0f681bc,Wooden St Bed 538,WDS-BD-538,9517d9a6-d155-4a4c-a608-2cd6a3b1c69f,piece,71,False,,2025-11-17 09:01:53
8dc05544-aac5-4349-a954-ec2a4f818574,Wooden St Bed 412,WDS-BD-412,9517d9a6-d155-4a4c-a608-2cd6a3b1c69f,piece,86,True,,2025-10-09 09:01:53
6ce65f57-41bc-4d22-96ac-11e747ade363,Wooden St Bed 516,WDS-BD-516,9517d9a6-d155-4a4c-a608-2cd6a3b1c69f,piece,45,True,,2025-04-24 09:01:53
7cc210ce-e01b-40d3-abf6-1eac990435fe,Wooden St Bed 181,WDS-BD-181,9517d9a6-d155-4a4c-a608-2cd6a3b1c69f,piece,14,True,,2026-01-26 09:01:53
b46665a8-bf10-4fa9-9914-b2a8d44a3577,Wooden St Bed 269,WDS-BD-269,9517d9a6-d155-4a4c-a608-2cd6a3b1c69f,piece,78,True,,2025-10-19 09:01:53
3b56c969-f534-4f4f-9cb2-be0f9cc95ce5,Wooden St Bed 667,WDS-BD-667,9517d9a6-d155-4a4c-a608-2cd6a3b1c69f,piece,68,True,,2026-03-09 09:01:53
a5e377b2-621c-4ae9-b676-efe58eccb667,Wooden St Bed 534,WDS-BD-534,9517d9a6-d155-4a4c-a608-2cd6a3b1c69f,piece,91,True,,2026-01-04 09:01:53
bcc59450-9c89-4aef-9bf7-e53e3978a8a6,Home Centre Lamp 591,HMC-LM-591,9517d9a6-d155-4a4c-a608-2cd6a3b1c69f,piece,68,True,,2025-04-02 09:01:53
bf3a0811-61e4-4278-bea2-f5d0a499c7ca,Home Centre Lamp 645,HMC-LM-645,9517d9a6-d155-4a4c-a608-2cd6a3b1c69f,piece,94,True,,2026-03-07 09:01:53
b7793cda-d1de-4131-9f09-020d79b857d8,Home Centre Lamp 731,HMC-LM-731,9517d9a6-d155-4a4c-a608-2cd6a3b1c69f,piece,29,False,,2026-03-11 09:01:53
3d2f476b-0299-4bd3-b7ed-375e308e550b,Home Centre Lamp 831,HMC-LM-831,9517d9a6-d155-4a4c-a608-2cd6a3b1c69f,piece,59,True,,2025-09-19 09:01:53
2efc81bb-8835-45de-a471-b8b238466010,Home Centre Lamp 350,HMC-LM-350,9517d9a6-d155-4a4c-a608-2cd6a3b1c69f,piece,99,True,,2025-06-17 09:01:53
19dadbb6-6474-4603-b50b-58be409dcef5,Home Centre Lamp 800,HMC-LM-800,9517d9a6-d155-4a4c-a608-2cd6a3b1c69f,piece,82,True,,2025-07-28 09:01:53
ef45a80c-65e6-4a2f-93ef-3645b2a7bdfe,Home Centre Lamp 272,HMC-LM-272,9517d9a6-d155-4a4c-a608-2cd6a3b1c69f,piece,91,False,,2025-06-19 09:01:53
68a0bae3-55b4-48a3-b21b-afcca33458d1,Home Centre Lamp 330,HMC-LM-330,9517d9a6-d155-4a4c-a608-2cd6a3b1c69f,piece,27,True,,2026-01-05 09:01:53
295a3312-23f5-4cb2-88dd-f7f2bbdc60dc,Home Centre Lamp 626,HMC-LM-626,9517d9a6-d155-4a4c-a608-2cd6a3b1c69f,piece,50,False,,2025-08-10 09:01:53
cc381e4c-3bf9-4fe0-bc7e-842c75cea8a1,Home Centre Lamp 607,HMC-LM-607,9517d9a6-d155-4a4c-a608-2cd6a3b1c69f,piece,53,True,,2026-01-16 09:01:53
e509e13e-0afb-4efc-a8bd-332339a477ab,Home Centre Lamp 446,HMC-LM-446,9517d9a6-d155-4a4c-a608-2cd6a3b1c69f,piece,91,True,,2025-06-11 09:01:53
deeea001-288b-4457-bad4-a6140d543847,Home Centre Lamp 971,HMC-LM-971,9517d9a6-d155-4a4c-a608-2cd6a3b1c69f,piece,20,True,,2025-07-10 09:01:53
25f64f40-3d1e-49ad-b44a-2b2e5fce304d,Home Centre Lamp 400,HMC-LM-400,9517d9a6-d155-4a4c-a608-2cd6a3b1c69f,piece,38,True,,2025-04-25 09:01:53
5fce6273-ea28-497b-9bbb-0aeaf471bf12,Home Centre Lamp 682,HMC-LM-682,9517d9a6-d155-4a4c-a608-2cd6a3b1c69f,piece,55,True,,2025-10-09 09:01:53
6ae5fd62-1be3-4a91-9fab-a3bd60be3cce,Home Centre Lamp 758,HMC-LM-758,9517d9a6-d155-4a4c-a608-2cd6a3b1c69f,piece,70,True,,2026-02-24 09:01:53
c56b5fa3-8ddd-432c-b4ba-95f6f83d2142,Home Centre Lamp 574,HMC-LM-574,9517d9a6-d155-4a4c-a608-2cd6a3b1c69f,piece,84,True,,2026-02-13 09:01:53
13c3c4e0-d51c-4c3c-adac-adc3c07d7e28,Home Centre Lamp 464,HMC-LM-464,9517d9a6-d155-4a4c-a608-2cd6a3b1c69f,piece,5,True,,2025-09-27 09:01:53
34b5a76f-edb3-471d-ab9e-3b90f33c90cc,Home Centre Lamp 405,HMC-LM-405,9517d9a6-d155-4a4c-a608-2cd6a3b1c69f,piece,50,True,,2025-09-16 09:01:53
5bc9a8cb-b1c6-4cca-85ed-3a448a5ddf26,Home Centre Lamp 839,HMC-LM-839,9517d9a6-d155-4a4c-a608-2cd6a3b1c69f,piece,28,True,,2026-03-10 09:01:53
43aabe34-10e9-432e-b138-084e1ab7aa8a,Home Centre Lamp 203,HMC-LM-203,9517d9a6-d155-4a4c-a608-2cd6a3b1c69f,piece,60,True,,2026-01-30 09:01:53
cfdb5b41-8939-476d-bd0a-7edc2213421b,Home Centre Lamp 641,HMC-LM-641,9517d9a6-d155-4a4c-a608-2cd6a3b1c69f,piece,70,True,,2025-08-16 09:01:53
92ac4e01-a137-4c4c-8338-a8cf9ecf87fb,Home Centre Lamp 226,HMC-LM-226,9517d9a6-d155-4a4c-a608-2cd6a3b1c69f,piece,67,True,,2025-04-12 09:01:53
e9a3a766-3219-42b3-a5f1-42666b73dc81,Home Centre Lamp 356,HMC-LM-356,9517d9a6-d155-4a4c-a608-2cd6a3b1c69f,piece,33,True,,2025-09-04 09:01:53
9912d851-f77b-4c0a-af87-d58ce3bde99a,Home Centre Lamp 406,HMC-LM-406,9517d9a6-d155-4a4c-a608-2cd6a3b1c69f,piece,51,True,,2025-12-11 09:01:53
8b58f2d7-b929-4c05-a9a0-97907b345570,Home Centre Lamp 649,HMC-LM-649,9517d9a6-d155-4a4c-a608-2cd6a3b1c69f,piece,39,True,,2025-08-02 09:01:53
f0531644-fe92-4508-bd2e-753682cc470b,Home Centre Lamp 772,HMC-LM-772,9517d9a6-d155-4a4c-a608-2cd6a3b1c69f,piece,61,True,,2025-09-14 09:01:53
54575eaa-acaf-4a2d-8038-500fe2ce2419,Home Centre Lamp 865,HMC-LM-865,9517d9a6-d155-4a4c-a608-2cd6a3b1c69f,piece,60,True,,2025-03-16 09:01:53
17300f40-a068-4388-b481-64e203c47fea,Home Centre Lamp 303,HMC-LM-303,9517d9a6-d155-4a4c-a608-2cd6a3b1c69f,piece,19,True,,2026-02-22 09:01:53
1190853d-9901-4857-9924-5b1bb554f711,Home Centre Lamp 236,HMC-LM-236,9517d9a6-d155-4a4c-a608-2cd6a3b1c69f,piece,55,True,,2025-09-26 09:01:53
806a746f-55b0-4605-a01f-1a873192f1d8,Home Centre Lamp 132,HMC-LM-132,9517d9a6-d155-4a4c-a608-2cd6a3b1c69f,piece,25,True,,2025-07-12 09:01:53
1b7b81bc-602b-4cc6-b0c5-56f7df567d84,Home Centre Lamp 781,HMC-LM-781,9517d9a6-d155-4a4c-a608-2cd6a3b1c69f,piece,39,True,,2025-07-07 09:01:53
cf6d0683-ec6e-4296-9eb9-f2ad973b3378,Home Centre Lamp 663,HMC-LM-663,9517d9a6-d155-4a4c-a608-2cd6a3b1c69f,piece,68,True,,2025-03-14 09:01:53
fdeab957-ccfb-4884-beda-a38a1d4466f7,Home Centre Lamp 230,HMC-LM-230,9517d9a6-d155-4a4c-a608-2cd6a3b1c69f,piece,46,True,,2025-08-22 09:01:53
581223cd-4aa6-4dd6-8270-74a45345852d,Home Centre Lamp 613,HMC-LM-613,9517d9a6-d155-4a4c-a608-2cd6a3b1c69f,piece,97,False,,2025-08-27 09:01:53
5bb1848b-2742-4867-807d-169fce992deb,Home Centre Lamp 234,HMC-LM-234,9517d9a6-d155-4a4c-a608-2cd6a3b1c69f,piece,19,False,,2026-03-04 09:01:53
009c3f71-7a83-44e6-bf1c-daa497412b69,Home Centre Lamp 229,HMC-LM-229,9517d9a6-d155-4a4c-a608-2cd6a3b1c69f,piece,24,True,,2026-03-08 09:01:53
91c39694-ee7e-488a-a0c6-964a73b00a1f,Home Centre Lamp 885,HMC-LM-885,9517d9a6-d155-4a4c-a608-2cd6a3b1c69f,piece,92,True,,2025-04-01 09:01:53
c9653000-c928-438b-9718-372ec1e13613,Home Centre Lamp 949,HMC-LM-949,9517d9a6-d155-4a4c-a608-2cd6a3b1c69f,piece,48,True,,2025-05-13 09:01:53
59594b4f-563b-4a77-8e54-37732bc6d255,Home Centre Lamp 855,HMC-LM-855,9517d9a6-d155-4a4c-a608-2cd6a3b1c69f,piece,6,True,,2025-10-17 09:01:53
7667e421-be09-4def-a2ec-64aefbc786a6,Home Centre Lamp 388,HMC-LM-388,9517d9a6-d155-4a4c-a608-2cd6a3b1c69f,piece,67,True,,2025-08-07 09:01:53
c94a8e60-73ea-4409-b1c6-546fd928aaf6,Home Centre Lamp 353,HMC-LM-353,9517d9a6-d155-4a4c-a608-2cd6a3b1c69f,piece,84,True,,2025-06-26 09:01:53
a23bee70-ac8a-43f8-a560-644e8d58b280,Home Centre Lamp 291,HMC-LM-291,9517d9a6-d155-4a4c-a608-2cd6a3b1c69f,piece,36,True,,2026-01-15 09:01:53
01fbfd2f-d332-48ea-9abc-44907e97d229,Home Centre Lamp 984,HMC-LM-984,9517d9a6-d155-4a4c-a608-2cd6a3b1c69f,piece,38,False,,2025-11-08 09:01:53
2ae4aae1-ed9a-40f4-864b-6e65fe80779a,Home Centre Lamp 782,HMC-LM-782,9517d9a6-d155-4a4c-a608-2cd6a3b1c69f,piece,59,True,,2025-03-18 09:01:53
53e137cd-91b5-4a92-b67f-bbd24d2c1f88,Home Centre Lamp 901,HMC-LM-901,9517d9a6-d155-4a4c-a608-2cd6a3b1c69f,piece,18,True,,2025-06-30 09:01:53
ba7ba90d-a684-452b-868f-342368ce4ee7,Home Centre Lamp 725,HMC-LM-725,9517d9a6-d155-4a4c-a608-2cd6a3b1c69f,piece,28,True,,2025-05-16 09:01:53
c1411a43-2f18-4f8c-8bd3-5a2fdf22f66a,Home Centre Lamp 744,HMC-LM-744,9517d9a6-d155-4a4c-a608-2cd6a3b1c69f,piece,86,True,,2026-01-12 09:01:53
1a791c3c-492d-4075-8dd7-6ef3349145d8,Home Centre Lamp 235,HMC-LM-235,9517d9a6-d155-4a4c-a608-2cd6a3b1c69f,piece,56,True,,2025-12-06 09:01:53
4a6ce77a-8d0a-44b3-b2ce-50ce65027ff0,Home Centre Lamp 249,HMC-LM-249,9517d9a6-d155-4a4c-a608-2cd6a3b1c69f,piece,59,True,,2025-12-02 09:01:53
fdec3d7b-6f43-42a1-9628-e47e96bf5608,Home Centre Lamp 193,HMC-LM-193,9517d9a6-d155-4a4c-a608-2cd6a3b1c69f,piece,11,True,,2025-06-19 09:01:53
44c8d697-357b-410e-aecb-073304f3fc99,Sleepwell Pillow 413,SLW-PL-413,9517d9a6-d155-4a4c-a608-2cd6a3b1c69f,piece,94,True,,2025-11-16 09:01:53
27bee6ab-c0f3-423a-b153-01404f26d6e6,Sleepwell Pillow 327,SLW-PL-327,9517d9a6-d155-4a4c-a608-2cd6a3b1c69f,piece,48,True,,2026-02-11 09:01:53
c147d2be-4a46-475c-a48b-9110312ae22b,Sleepwell Pillow 622,SLW-PL-622,9517d9a6-d155-4a4c-a608-2cd6a3b1c69f,piece,59,True,,2025-10-10 09:01:53
5bdab5d0-09c9-4a9d-84d1-c1654d4dcf37,Sleepwell Pillow 212,SLW-PL-212,9517d9a6-d155-4a4c-a608-2cd6a3b1c69f,piece,39,True,,2025-09-16 09:01:53
17435752-c3f0-4b93-88ee-2e139c9524e6,Sleepwell Pillow 828,SLW-PL-828,9517d9a6-d155-4a4c-a608-2cd6a3b1c69f,piece,58,True,,2026-02-18 09:01:53
cbed5f73-a566-45f6-8b8b-b90bcb89cb17,Sleepwell Pillow 286,SLW-PL-286,9517d9a6-d155-4a4c-a608-2cd6a3b1c69f,piece,10,True,,2025-04-10 09:01:53
3ceeb678-42c6-40e1-9152-53a188ce1b91,Sleepwell Pillow 862,SLW-PL-862,9517d9a6-d155-4a4c-a608-2cd6a3b1c69f,piece,46,True,,2025-07-16 09:01:53
bc0712f2-5073-4df3-aec4-404eecd49cbe,Sleepwell Pillow 386,SLW-PL-386,9517d9a6-d155-4a4c-a608-2cd6a3b1c69f,piece,82,True,,2025-12-10 09:01:53
cbbd9855-863b-4475-bb64-c325d3485b08,Sleepwell Pillow 358,SLW-PL-358,9517d9a6-d155-4a4c-a608-2cd6a3b1c69f,piece,67,True,,2025-10-10 09:01:53
a8e3bc11-1045-499b-816e-a3f1e1158db5,Sleepwell Pillow 214,SLW-PL-214,9517d9a6-d155-4a4c-a608-2cd6a3b1c69f,piece,17,True,,2025-03-30 09:01:53
eb0e647e-5526-4cc6-aa5e-028099c55239,Sleepwell Pillow 665,SLW-PL-665,9517d9a6-d155-4a4c-a608-2cd6a3b1c69f,piece,21,True,,2025-09-10 09:01:53
779feb04-5e81-497f-b2f8-d3621cb47cf7,Sleepwell Pillow 860,SLW-PL-860,9517d9a6-d155-4a4c-a608-2cd6a3b1c69f,piece,80,True,,2025-09-05 09:01:53
88c0f960-d306-428e-b08e-2996bbe63cf8,Sleepwell Pillow 343,SLW-PL-343,9517d9a6-d155-4a4c-a608-2cd6a3b1c69f,piece,88,True,,2025-05-19 09:01:53
cbaa1c9b-dc56-4f84-b841-7c9bf5b6df0b,Sleepwell Pillow 493,SLW-PL-493,9517d9a6-d155-4a4c-a608-2cd6a3b1c69f,piece,16,True,,2026-01-07 09:01:53
70b1fafd-0859-4d86-a3ad-64f370f734f1,Sleepwell Pillow 744,SLW-PL-744,9517d9a6-d155-4a4c-a608-2cd6a3b1c69f,piece,100,True,,2026-02-21 09:01:53
0adb00cd-367a-47ad-aae9-12e333f4013d,Sleepwell Pillow 700,SLW-PL-700,9517d9a6-d155-4a4c-a608-2cd6a3b1c69f,piece,88,True,,2025-12-06 09:01:53
48345065-97cd-4c8b-a131-a9b34ab96a83,Sleepwell Pillow 821,SLW-PL-821,9517d9a6-d155-4a4c-a608-2cd6a3b1c69f,piece,62,False,,2026-02-04 09:01:53
c62e57eb-e76f-4c2e-9c90-848bed2f958a,Sleepwell Pillow 659,SLW-PL-659,9517d9a6-d155-4a4c-a608-2cd6a3b1c69f,piece,84,True,,2025-07-15 09:01:53
04615d4f-1658-4477-88b5-33237935a839,Sleepwell Pillow 879,SLW-PL-879,9517d9a6-d155-4a4c-a608-2cd6a3b1c69f,piece,30,True,,2025-12-26 09:01:53
f5d0f4f8-d8ed-4b02-8c77-67d15db97422,Sleepwell Pillow 144,SLW-PL-144,9517d9a6-d155-4a4c-a608-2cd6a3b1c69f,piece,21,True,,2025-06-06 09:01:53
8992ef26-52a0-42e4-8be5-9c0ca22d1f27,Sleepwell Pillow 828,SLW-PL-828-42,9517d9a6-d155-4a4c-a608-2cd6a3b1c69f,piece,76,False,,2025-09-08 09:01:53
f9699014-f2ae-4bd3-8191-30b73d61e903,Sleepwell Pillow 559,SLW-PL-559,9517d9a6-d155-4a4c-a608-2cd6a3b1c69f,piece,85,True,,2025-08-03 09:01:53
fc7f9ba2-a513-4338-8118-b7f2a306c3d5,Sleepwell Pillow 169,SLW-PL-169,9517d9a6-d155-4a4c-a608-2cd6a3b1c69f,piece,66,True,,2025-06-30 09:01:53
ec2f6e2e-729f-4fed-b908-8b05fd9448cc,Sleepwell Pillow 909,SLW-PL-909,9517d9a6-d155-4a4c-a608-2cd6a3b1c69f,piece,7,True,,2025-10-25 09:01:53
48d8f8a4-ee81-45c2-bcbd-be00f58e71d0,Sleepwell Pillow 813,SLW-PL-813,9517d9a6-d155-4a4c-a608-2cd6a3b1c69f,piece,21,True,,2025-05-29 09:01:53
46c05056-5459-4865-af6e-528cb3209b16,Sleepwell Pillow 162,SLW-PL-162,9517d9a6-d155-4a4c-a608-2cd6a3b1c69f,piece,93,True,,2025-08-23 09:01:53
72d9ae2d-6a1e-471c-9620-b3e38186b0a4,Sleepwell Pillow 606,SLW-PL-606,9517d9a6-d155-4a4c-a608-2cd6a3b1c69f,piece,92,True,,2025-06-25 09:01:53
208443a5-fd1c-4c7d-8f0b-9f13ef71a3ec,Sleepwell Pillow 176,SLW-PL-176,9517d9a6-d155-4a4c-a608-2cd6a3b1c69f,piece,26,True,,2025-06-27 09:01:53
d65c8a50-5580-4a88-8159-36d6a3708949,Sleepwell Pillow 493,SLW-PL-493-81,9517d9a6-d155-4a4c-a608-2cd6a3b1c69f,piece,54,True,,2025-10-26 09:01:53
82fee116-da79-488e-8b79-f4aabcb74b4f,Sleepwell Pillow 311,SLW-PL-311,9517d9a6-d155-4a4c-a608-2cd6a3b1c69f,piece,28,True,,2025-05-26 09:01:53
1572ac0a-3f2d-4e75-a328-01d106e278f4,Sleepwell Pillow 323,SLW-PL-323,9517d9a6-d155-4a4c-a608-2cd6a3b1c69f,piece,80,True,,2025-06-25 09:01:53
2f5867b5-8b85-484c-b6d6-8fea45bc7e74,Sleepwell Pillow 566,SLW-PL-566,9517d9a6-d155-4a4c-a608-2cd6a3b1c69f,piece,69,True,,2025-06-19 09:01:53
ec3889e4-29bd-45fc-aa74-c6fd049fcafc,Sleepwell Pillow 365,SLW-PL-365,9517d9a6-d155-4a4c-a608-2cd6a3b1c69f,piece,43,True,,2025-10-14 09:01:53
1cde3fde-2018-484d-a089-b0cb2dc59854,Sleepwell Pillow 825,SLW-PL-825,9517d9a6-d155-4a4c-a608-2cd6a3b1c69f,piece,39,True,,2025-12-17 09:01:53
6771d252-fa71-422f-af22-e31ea9036d21,Sleepwell Pillow 329,SLW-PL-329,9517d9a6-d155-4a4c-a608-2cd6a3b1c69f,piece,10,True,,2025-10-16 09:01:53
f6a5fab7-9dd7-4cb1-8a9e-ec3662318931,Sleepwell Pillow 140,SLW-PL-140,9517d9a6-d155-4a4c-a608-2cd6a3b1c69f,piece,86,True,,2025-10-23 09:01:53
0ba1eccf-ac23-431d-a205-4698ab01af8f,Sleepwell Pillow 236,SLW-PL-236,9517d9a6-d155-4a4c-a608-2cd6a3b1c69f,piece,39,True,,2026-02-16 09:01:53
aa678d8e-6b3f-41f1-8d2e-07f010baea8d,Sleepwell Pillow 757,SLW-PL-757,9517d9a6-d155-4a4c-a608-2cd6a3b1c69f,piece,36,False,,2025-11-27 09:01:53
0ef28969-0d69-4aed-a328-029ebdafdf9e,Sleepwell Pillow 647,SLW-PL-647,9517d9a6-d155-4a4c-a608-2cd6a3b1c69f,piece,19,True,,2025-09-18 09:01:53
1e5aeb2f-4dd1-4e0e-ab0d-17cadd6a650f,Sleepwell Pillow 747,SLW-PL-747,9517d9a6-d155-4a4c-a608-2cd6a3b1c69f,piece,82,False,,2025-09-29 09:01:53
d775dfe3-3bec-44d4-8046-95a897490528,Sleepwell Pillow 185,SLW-PL-185,9517d9a6-d155-4a4c-a608-2cd6a3b1c69f,piece,95,True,,2025-10-30 09:01:53
049f1c21-2b2d-460c-8fbf-36df1b034d33,Sleepwell Pillow 839,SLW-PL-839,9517d9a6-d155-4a4c-a608-2cd6a3b1c69f,piece,22,True,,2025-05-05 09:01:53
9bca7ef3-f4e2-4761-80cf-010c5afdc0ab,Sleepwell Pillow 401,SLW-PL-401,9517d9a6-d155-4a4c-a608-2cd6a3b1c69f,piece,46,False,,2025-04-28 09:01:53
b6c05dfe-e824-4b45-8372-5777ea7da5f9,Sleepwell Pillow 935,SLW-PL-935,9517d9a6-d155-4a4c-a608-2cd6a3b1c69f,piece,6,True,,2025-11-22 09:01:53
fff6ce50-0b0e-4ccd-80e2-fd9feaf03a09,Sleepwell Pillow 848,SLW-PL-848,9517d9a6-d155-4a4c-a608-2cd6a3b1c69f,piece,40,True,,2026-03-06 09:01:53
b6f36781-7621-4cfd-912b-f108c9f530eb,Sleepwell Pillow 650,SLW-PL-650,9517d9a6-d155-4a4c-a608-2cd6a3b1c69f,piece,89,False,,2025-05-20 09:01:53
ff5f0064-9a86-418c-9f0d-307acdbe2a6c,Sleepwell Pillow 208,SLW-PL-208,9517d9a6-d155-4a4c-a608-2cd6a3b1c69f,piece,97,True,,2025-08-31 09:01:53
f5eb70ab-e47b-4610-adc8-c6ea63efc6af,Sleepwell Pillow 769,SLW-PL-769,9517d9a6-d155-4a4c-a608-2cd6a3b1c69f,piece,37,True,,2025-04-24 09:01:53
3cd83f8d-7c51-4909-b2fb-26b1b08a7d21,Sleepwell Pillow 718,SLW-PL-718,9517d9a6-d155-4a4c-a608-2cd6a3b1c69f,piece,75,True,,2025-07-31 09:01:53
345eb3b8-6221-4303-80be-d6833fbff64a,Sleepwell Pillow 325,SLW-PL-325,9517d9a6-d155-4a4c-a608-2cd6a3b1c69f,piece,46,True,,2025-05-21 09:01:53
9a579fb2-d121-4773-b6d0-b7c0396f41d9,Story Home Curtain 744,STH-CT-744,9517d9a6-d155-4a4c-a608-2cd6a3b1c69f,set,55,True,,2025-11-16 09:01:53
0ea7e934-4e25-46e1-bf6e-f0957d9b3e8a,Story Home Curtain 847,STH-CT-847,9517d9a6-d155-4a4c-a608-2cd6a3b1c69f,set,97,True,,2025-12-29 09:01:53
71ace239-8b62-4579-97f0-87b435da91a8,Story Home Curtain 590,STH-CT-590,9517d9a6-d155-4a4c-a608-2cd6a3b1c69f,set,16,True,,2025-07-22 09:01:53
e51433df-5458-4a6e-a315-9df7d3483429,Story Home Curtain 289,STH-CT-289,9517d9a6-d155-4a4c-a608-2cd6a3b1c69f,set,27,True,,2025-07-06 09:01:53
89d84e2d-07af-4794-8c26-947da47bf581,Story Home Curtain 846,STH-CT-846,9517d9a6-d155-4a4c-a608-2cd6a3b1c69f,set,28,True,,2026-03-04 09:01:53
f7165e09-211d-4507-aa97-af7d1a03614b,Story Home Curtain 417,STH-CT-417,9517d9a6-d155-4a4c-a608-2cd6a3b1c69f,set,25,True,,2025-08-25 09:01:53
91eb1a74-941b-4c52-943f-8d31fdcd81dc,Story Home Curtain 803,STH-CT-803,9517d9a6-d155-4a4c-a608-2cd6a3b1c69f,set,82,True,,2025-12-31 09:01:53
d39cf33f-40d2-4f45-9f9f-e9dc766f114e,Story Home Curtain 173,STH-CT-173,9517d9a6-d155-4a4c-a608-2cd6a3b1c69f,set,59,True,,2025-04-18 09:01:53
c0594aeb-c471-41bc-99b5-aa1f8b57144a,Story Home Curtain 512,STH-CT-512,9517d9a6-d155-4a4c-a608-2cd6a3b1c69f,set,17,True,,2026-01-03 09:01:53
62efb620-5e73-4450-bcfa-a969441518bd,Story Home Curtain 844,STH-CT-844,9517d9a6-d155-4a4c-a608-2cd6a3b1c69f,set,6,True,,2025-09-02 09:01:53
025eaa15-2f1c-488d-b1c9-f0ac6cb2d5e7,Story Home Curtain 493,STH-CT-493,9517d9a6-d155-4a4c-a608-2cd6a3b1c69f,set,7,True,,2026-03-08 09:01:53
a56ffd5a-ce13-4914-b329-4fc5db8783a4,Story Home Curtain 881,STH-CT-881,9517d9a6-d155-4a4c-a608-2cd6a3b1c69f,set,87,False,,2026-01-06 09:01:53
da1b7a3e-998e-4abe-b1b7-f0d5367a4da3,Story Home Curtain 354,STH-CT-354,9517d9a6-d155-4a4c-a608-2cd6a3b1c69f,set,15,True,,2025-04-27 09:01:53
dd9801fa-ea1b-4b36-9321-c0854c34bfaa,Story Home Curtain 714,STH-CT-714,9517d9a6-d155-4a4c-a608-2cd6a3b1c69f,set,6,True,,2026-03-10 09:01:53
d77c3f86-c273-4d53-bd61-a2084769a8e7,Story Home Curtain 910,STH-CT-910,9517d9a6-d155-4a4c-a608-2cd6a3b1c69f,set,18,True,,2025-09-22 09:01:53
d707de68-f1dd-4c9d-8561-b82ae39537fb,Story Home Curtain 973,STH-CT-973,9517d9a6-d155-4a4c-a608-2cd6a3b1c69f,set,95,True,,2026-01-02 09:01:53
685983f6-a527-4ae0-b11c-54acf26a7d10,Story Home Curtain 591,STH-CT-591,9517d9a6-d155-4a4c-a608-2cd6a3b1c69f,set,77,True,,2025-12-21 09:01:53
7154c5d3-78f0-487b-8462-b22df471e9bc,Story Home Curtain 414,STH-CT-414,9517d9a6-d155-4a4c-a608-2cd6a3b1c69f,set,47,True,,2025-11-10 09:01:53
fae58838-7cc8-4332-bd04-185474f517f7,Story Home Curtain 157,STH-CT-157,9517d9a6-d155-4a4c-a608-2cd6a3b1c69f,set,74,True,,2025-04-27 09:01:53
30cf1bed-64e0-482d-b341-c7625ca8d6a4,Story Home Curtain 656,STH-CT-656,9517d9a6-d155-4a4c-a608-2cd6a3b1c69f,set,20,True,,2026-02-20 09:01:53
1b23f823-e279-4d73-8f02-fedc6e73d46c,Story Home Curtain 205,STH-CT-205,9517d9a6-d155-4a4c-a608-2cd6a3b1c69f,set,74,True,,2025-06-26 09:01:53
57375544-2cb3-4020-be62-335c47a5862c,Story Home Curtain 956,STH-CT-956,9517d9a6-d155-4a4c-a608-2cd6a3b1c69f,set,58,True,,2025-11-20 09:01:53
5a7407b1-fcf7-40c4-8d26-4191f38eae1d,Story Home Curtain 124,STH-CT-124,9517d9a6-d155-4a4c-a608-2cd6a3b1c69f,set,34,True,,2025-12-29 09:01:53
d12bf6aa-c359-49da-af91-f8b1eb21c76b,Story Home Curtain 461,STH-CT-461,9517d9a6-d155-4a4c-a608-2cd6a3b1c69f,set,88,True,,2025-03-29 09:01:53
313372d0-1088-4d89-90ac-1be6792ad951,Story Home Curtain 493,STH-CT-493-97,9517d9a6-d155-4a4c-a608-2cd6a3b1c69f,set,96,True,,2026-01-16 09:01:53
fd7b3d2d-0792-4803-9526-8e278be89713,Story Home Curtain 603,STH-CT-603,9517d9a6-d155-4a4c-a608-2cd6a3b1c69f,set,26,False,,2025-11-20 09:01:53
9d4de51f-f8df-41a0-95b9-aebeef43c8e3,Story Home Curtain 204,STH-CT-204,9517d9a6-d155-4a4c-a608-2cd6a3b1c69f,set,41,True,,2025-05-03 09:01:53
bf1f6278-491d-44c0-89f0-d089fa234a3e,Story Home Curtain 441,STH-CT-441,9517d9a6-d155-4a4c-a608-2cd6a3b1c69f,set,20,True,,2026-01-30 09:01:53
1c7b7732-dc47-47f9-b3cd-c90b5cfbb1cb,Story Home Curtain 144,STH-CT-144,9517d9a6-d155-4a4c-a608-2cd6a3b1c69f,set,82,True,,2025-08-07 09:01:53
e4fd3b6c-1f7f-4b57-98ac-538cb6f58513,Story Home Curtain 643,STH-CT-643,9517d9a6-d155-4a4c-a608-2cd6a3b1c69f,set,47,True,,2025-04-01 09:01:53
5f9f02b2-1639-4db2-87f4-1f0597f99ff0,Story Home Curtain 535,STH-CT-535,9517d9a6-d155-4a4c-a608-2cd6a3b1c69f,set,24,True,,2025-03-28 09:01:53
ef6a42ba-6bdc-4c61-8b16-4a038ed9fd38,Story Home Curtain 408,STH-CT-408,9517d9a6-d155-4a4c-a608-2cd6a3b1c69f,set,84,True,,2025-09-17 09:01:53
8012c499-e0e1-4756-9f84-049fed8ab886,Story Home Curtain 996,STH-CT-996,9517d9a6-d155-4a4c-a608-2cd6a3b1c69f,set,18,True,,2025-07-02 09:01:53
63afde27-3515-41ae-bdc7-e4696cee2100,Story Home Curtain 777,STH-CT-777,9517d9a6-d155-4a4c-a608-2cd6a3b1c69f,set,52,False,,2025-03-15 09:01:53
367080bd-1054-475a-a5a6-43d878e7c760,Story Home Curtain 917,STH-CT-917,9517d9a6-d155-4a4c-a608-2cd6a3b1c69f,set,14,True,,2025-12-28 09:01:53
890e6edb-93fd-4fd4-af04-6590d24482bb,Story Home Curtain 896,STH-CT-896,9517d9a6-d155-4a4c-a608-2cd6a3b1c69f,set,88,True,,2025-12-29 09:01:53
b5c50e6c-f9c9-49a1-9327-0bf3df97b1db,Story Home Curtain 499,STH-CT-499,9517d9a6-d155-4a4c-a608-2cd6a3b1c69f,set,62,True,,2025-07-13 09:01:53
0c03fdfa-9f2e-4d4b-af4d-a243581190c0,Story Home Curtain 934,STH-CT-934,9517d9a6-d155-4a4c-a608-2cd6a3b1c69f,set,13,True,,2025-08-08 09:01:53
18531f55-3132-4631-bf09-e55a529d2a97,Story Home Curtain 844,STH-CT-844-45,9517d9a6-d155-4a4c-a608-2cd6a3b1c69f,set,23,True,,2026-01-08 09:01:53
7253bd8f-7b5c-45af-bb6c-560d8ce80692,Story Home Curtain 286,STH-CT-286,9517d9a6-d155-4a4c-a608-2cd6a3b1c69f,set,54,True,,2025-07-04 09:01:53
56a270ee-63d4-46e7-89e3-f969d65d90fa,Story Home Curtain 534,STH-CT-534,9517d9a6-d155-4a4c-a608-2cd6a3b1c69f,set,66,True,,2025-08-15 09:01:53
7176ab22-1f79-4981-a383-683f27d54055,Story Home Curtain 716,STH-CT-716,9517d9a6-d155-4a4c-a608-2cd6a3b1c69f,set,86,True,,2025-04-14 09:01:53
1f2d6e04-8228-40ea-be7b-e3a0ba67337f,Story Home Curtain 351,STH-CT-351,9517d9a6-d155-4a4c-a608-2cd6a3b1c69f,set,54,True,,2025-07-03 09:01:53
b5843807-5f97-489f-8993-111183d694f7,Story Home Curtain 651,STH-CT-651,9517d9a6-d155-4a4c-a608-2cd6a3b1c69f,set,73,True,,2025-06-13 09:01:53
cf7e1f50-2c94-4646-98fb-d8034437a7c4,Story Home Curtain 941,STH-CT-941,9517d9a6-d155-4a4c-a608-2cd6a3b1c69f,set,34,True,,2025-05-21 09:01:53
ee87f56b-2388-448a-bb3f-31360826957c,Story Home Curtain 832,STH-CT-832,9517d9a6-d155-4a4c-a608-2cd6a3b1c69f,set,58,True,,2025-03-24 09:01:53
5475bc2d-5d7d-4330-8790-919e8c2e4a4e,Story Home Curtain 930,STH-CT-930,9517d9a6-d155-4a4c-a608-2cd6a3b1c69f,set,100,True,,2026-01-29 09:01:53
1b0bbaff-e6d2-49c8-b936-d5ee832361ae,Story Home Curtain 340,STH-CT-340,9517d9a6-d155-4a4c-a608-2cd6a3b1c69f,set,51,True,,2026-03-06 09:01:53
6ed35927-acfd-4c1a-9822-9b292626809b,Story Home Curtain 471,STH-CT-471,9517d9a6-d155-4a4c-a608-2cd6a3b1c69f,set,76,True,,2026-01-05 09:01:53
2912f639-2a6c-4a47-9217-18966352ec95,Story Home Curtain 212,STH-CT-212,9517d9a6-d155-4a4c-a608-2cd6a3b1c69f,set,12,False,,2025-09-11 09:01:53
ee74f86a-ca96-46ed-bf6e-e03873fa3b2e,Cosco Cricket Bat 969,COS-CB-969,0875dd4f-228d-4474-b252-795b021c64d0,piece,22,True,,2025-12-31 09:01:53
49c564fc-18db-450b-8448-a99457835740,Cosco Cricket Bat 955,COS-CB-955,0875dd4f-228d-4474-b252-795b021c64d0,piece,75,False,,2025-08-11 09:01:53
465e4cee-0689-4660-8dd0-faa6589de8e0,Cosco Cricket Bat 348,COS-CB-348,0875dd4f-228d-4474-b252-795b021c64d0,piece,31,True,,2026-02-14 09:01:53
8954f683-457c-4c21-bc15-819b40f59678,Cosco Cricket Bat 864,COS-CB-864,0875dd4f-228d-4474-b252-795b021c64d0,piece,22,True,,2025-03-23 09:01:53
d10025d0-e8c4-443d-b1af-a16d9d057f8a,Cosco Cricket Bat 820,COS-CB-820,0875dd4f-228d-4474-b252-795b021c64d0,piece,23,True,,2026-03-01 09:01:53
075878fa-9ece-4c0a-b0df-7e84691e923a,Cosco Cricket Bat 812,COS-CB-812,0875dd4f-228d-4474-b252-795b021c64d0,piece,59,True,,2025-03-20 09:01:53
7b5633d0-e72f-44a6-9473-d6b807701bc2,Cosco Cricket Bat 208,COS-CB-208,0875dd4f-228d-4474-b252-795b021c64d0,piece,89,True,,2025-07-13 09:01:53
8f543fff-35c7-41df-ae81-3cc46683edee,Cosco Cricket Bat 957,COS-CB-957,0875dd4f-228d-4474-b252-795b021c64d0,piece,81,True,,2026-02-27 09:01:53
274c6996-0c06-4edc-8ad9-3c3174775872,Cosco Cricket Bat 250,COS-CB-250,0875dd4f-228d-4474-b252-795b021c64d0,piece,51,True,,2025-11-09 09:01:53
2d45e29e-7d1c-4a64-b958-756d49bcf51f,Cosco Cricket Bat 178,COS-CB-178,0875dd4f-228d-4474-b252-795b021c64d0,piece,6,True,,2025-08-13 09:01:53
dbe189d3-f913-4740-9eb7-ba38a9224287,Cosco Cricket Bat 253,COS-CB-253,0875dd4f-228d-4474-b252-795b021c64d0,piece,28,True,,2026-01-02 09:01:53
2ac19d8b-0910-4f07-ad5f-7c5425649149,Cosco Cricket Bat 866,COS-CB-866,0875dd4f-228d-4474-b252-795b021c64d0,piece,72,True,,2025-10-12 09:01:53
25787198-f8c8-4635-a8ca-d5390f04ba23,Cosco Cricket Bat 581,COS-CB-581,0875dd4f-228d-4474-b252-795b021c64d0,piece,57,True,,2025-07-30 09:01:53
555a66e0-c177-4924-ad7e-5670ee634918,Cosco Cricket Bat 900,COS-CB-900,0875dd4f-228d-4474-b252-795b021c64d0,piece,87,True,,2025-10-19 09:01:53
eddca071-60a1-4d1b-9189-65799c36e0a1,Cosco Cricket Bat 213,COS-CB-213,0875dd4f-228d-4474-b252-795b021c64d0,piece,24,True,,2025-04-20 09:01:53
dc00616d-5ef5-4e87-89ec-7e03bde6e5d4,Cosco Cricket Bat 132,COS-CB-132,0875dd4f-228d-4474-b252-795b021c64d0,piece,82,True,,2025-06-30 09:01:53
00c1116f-eaa1-4488-b421-bfe2bcb6d6a6,Cosco Cricket Bat 264,COS-CB-264,0875dd4f-228d-4474-b252-795b021c64d0,piece,6,True,,2025-08-10 09:01:53
f45f8e0e-6621-4e7c-8956-441e9770a47d,Cosco Cricket Bat 796,COS-CB-796,0875dd4f-228d-4474-b252-795b021c64d0,piece,63,True,,2025-11-02 09:01:53
122b1c70-b975-482e-9f4b-12ab9fa219ac,Cosco Cricket Bat 685,COS-CB-685,0875dd4f-228d-4474-b252-795b021c64d0,piece,69,True,,2025-11-18 09:01:53
0a14380f-2746-47b7-b5c9-7aff9aabe595,Cosco Cricket Bat 533,COS-CB-533,0875dd4f-228d-4474-b252-795b021c64d0,piece,25,True,,2026-01-26 09:01:53
4d3fe389-a249-48a3-9b21-dbb555088437,Cosco Cricket Bat 634,COS-CB-634,0875dd4f-228d-4474-b252-795b021c64d0,piece,53,False,,2026-01-09 09:01:53
05d8a44d-4c71-41a7-bed8-047682a2aaed,Cosco Cricket Bat 860,COS-CB-860,0875dd4f-228d-4474-b252-795b021c64d0,piece,32,True,,2026-02-14 09:01:53
94997c3e-540b-46e6-93c5-d86dc37cdf63,Cosco Cricket Bat 324,COS-CB-324,0875dd4f-228d-4474-b252-795b021c64d0,piece,55,True,,2025-06-01 09:01:53
060fe832-d1b7-46f3-b118-db7a1498b9e6,Cosco Cricket Bat 719,COS-CB-719,0875dd4f-228d-4474-b252-795b021c64d0,piece,14,True,,2025-07-18 09:01:53
b6948d60-6b2b-4a82-b6e4-04c9ea3c56b7,Cosco Cricket Bat 588,COS-CB-588,0875dd4f-228d-4474-b252-795b021c64d0,piece,45,True,,2025-08-19 09:01:53
3995b986-f245-41d0-8713-bed4fa5fff3c,Cosco Cricket Bat 947,COS-CB-947,0875dd4f-228d-4474-b252-795b021c64d0,piece,53,True,,2025-09-05 09:01:53
ab2b7c62-05de-41be-af77-07e5a5e11a1a,Cosco Cricket Bat 762,COS-CB-762,0875dd4f-228d-4474-b252-795b021c64d0,piece,59,True,,2026-01-18 09:01:53
19b38d6a-f3ac-4854-b898-5a47a124a6d7,Cosco Cricket Bat 206,COS-CB-206,0875dd4f-228d-4474-b252-795b021c64d0,piece,14,True,,2025-09-24 09:01:53
99c6ecd0-f0cb-4002-ae24-4ffdf7595c88,Cosco Cricket Bat 128,COS-CB-128,0875dd4f-228d-4474-b252-795b021c64d0,piece,35,True,,2025-06-10 09:01:53
24ce569f-4c0e-451e-8b85-135d97f1e3cb,Cosco Cricket Bat 209,COS-CB-209,0875dd4f-228d-4474-b252-795b021c64d0,piece,13,True,,2026-03-09 09:01:53
5dbefd25-b252-43b8-8211-bf951160fd60,Cosco Cricket Bat 874,COS-CB-874,0875dd4f-228d-4474-b252-795b021c64d0,piece,44,True,,2025-12-01 09:01:53
e53ca5a1-0b9b-4079-b741-0cc7bbc14146,Cosco Cricket Bat 753,COS-CB-753,0875dd4f-228d-4474-b252-795b021c64d0,piece,9,True,,2026-01-30 09:01:53
f565998d-e7e2-4e20-8d2c-3699dc4f9a2e,Cosco Cricket Bat 683,COS-CB-683,0875dd4f-228d-4474-b252-795b021c64d0,piece,77,True,,2025-07-10 09:01:53
f8c02538-0a97-4979-bda5-57586b6859f5,Cosco Cricket Bat 146,COS-CB-146,0875dd4f-228d-4474-b252-795b021c64d0,piece,11,True,,2025-10-07 09:01:53
d7b6e38a-e3b8-4d39-ada9-d60bd1c9db58,Cosco Cricket Bat 108,COS-CB-108,0875dd4f-228d-4474-b252-795b021c64d0,piece,50,True,,2025-08-23 09:01:53
8ab80ea5-4662-419e-bcbb-473e7ef44ee7,Cosco Cricket Bat 612,COS-CB-612,0875dd4f-228d-4474-b252-795b021c64d0,piece,29,True,,2025-08-26 09:01:53
87ac1ec5-5e0f-4866-8485-5abb28cf6f78,Cosco Cricket Bat 843,COS-CB-843,0875dd4f-228d-4474-b252-795b021c64d0,piece,50,False,,2025-03-20 09:01:53
2eff5312-c08f-4266-80c1-b3ee69632800,Cosco Cricket Bat 790,COS-CB-790,0875dd4f-228d-4474-b252-795b021c64d0,piece,17,True,,2025-06-30 09:01:53
a519aa38-577d-4714-9bd6-98b92fed8678,Cosco Cricket Bat 203,COS-CB-203,0875dd4f-228d-4474-b252-795b021c64d0,piece,69,True,,2025-12-28 09:01:53
2932c85a-f344-44ae-94fe-fc0cc7398135,Cosco Cricket Bat 124,COS-CB-124,0875dd4f-228d-4474-b252-795b021c64d0,piece,80,True,,2025-07-13 09:01:53
08db7936-f276-4fa8-b6db-7a61b37d1935,Cosco Cricket Bat 700,COS-CB-700,0875dd4f-228d-4474-b252-795b021c64d0,piece,9,True,,2025-12-27 09:01:53
156d9fff-8f15-4758-a0f4-0a00973f9716,Cosco Cricket Bat 798,COS-CB-798,0875dd4f-228d-4474-b252-795b021c64d0,piece,64,True,,2025-04-28 09:01:53
3d382829-14f5-46e1-9796-a2e9d4c12e2d,Cosco Cricket Bat 195,COS-CB-195,0875dd4f-228d-4474-b252-795b021c64d0,piece,96,True,,2025-11-24 09:01:53
f4010d18-2c8b-4c6a-a893-90941515d04b,Cosco Cricket Bat 926,COS-CB-926,0875dd4f-228d-4474-b252-795b021c64d0,piece,92,True,,2025-12-22 09:01:53
c435cd65-3e71-4fe2-99a3-60ca254c6586,Cosco Cricket Bat 613,COS-CB-613,0875dd4f-228d-4474-b252-795b021c64d0,piece,71,False,,2025-05-07 09:01:53
d8361473-cfc0-40ab-93d4-6927a0948a5a,Cosco Cricket Bat 767,COS-CB-767,0875dd4f-228d-4474-b252-795b021c64d0,piece,71,False,,2025-09-21 09:01:53
7a503423-577b-4db7-86a6-a4986e9c4189,Cosco Cricket Bat 558,COS-CB-558,0875dd4f-228d-4474-b252-795b021c64d0,piece,21,True,,2025-09-11 09:01:53
32e1ca1d-fdbc-4c4e-922d-538414996e8e,Cosco Cricket Bat 738,COS-CB-738,0875dd4f-228d-4474-b252-795b021c64d0,piece,60,True,,2025-03-15 09:01:53
b4aa7ad4-3b04-45da-9949-f0fc76853698,Cosco Cricket Bat 892,COS-CB-892,0875dd4f-228d-4474-b252-795b021c64d0,piece,92,True,,2025-11-28 09:01:53
5e60bf9c-41d3-4b62-8108-553953aa3500,Cosco Cricket Bat 725,COS-CB-725,0875dd4f-228d-4474-b252-795b021c64d0,piece,82,True,,2025-12-26 09:01:53
96982c75-ddd4-4af4-b042-71d9caf26c20,Nivia Football 680,NIV-FB-680,0875dd4f-228d-4474-b252-795b021c64d0,piece,85,False,,2026-01-24 09:01:53
75f4ec95-36aa-4eae-a5e7-9604326ccbea,Nivia Football 924,NIV-FB-924,0875dd4f-228d-4474-b252-795b021c64d0,piece,6,True,,2025-10-07 09:01:53
48dc4570-b593-4bb5-8608-83e110f2426d,Nivia Football 660,NIV-FB-660,0875dd4f-228d-4474-b252-795b021c64d0,piece,16,True,,2025-07-25 09:01:53
9f5beaa9-a0ee-4b27-a8fc-7454e9216bc6,Nivia Football 421,NIV-FB-421,0875dd4f-228d-4474-b252-795b021c64d0,piece,26,False,,2025-12-22 09:01:53
53282cf2-a2a3-4762-bffa-ca5a40f7a926,Nivia Football 169,NIV-FB-169,0875dd4f-228d-4474-b252-795b021c64d0,piece,40,True,,2025-09-15 09:01:53
b7b2ec00-a8a1-4bdb-9552-2297aa212b8b,Nivia Football 191,NIV-FB-191,0875dd4f-228d-4474-b252-795b021c64d0,piece,14,True,,2025-07-22 09:01:53
495af895-90ea-4833-9fc2-510174cc60db,Nivia Football 364,NIV-FB-364,0875dd4f-228d-4474-b252-795b021c64d0,piece,65,False,,2025-07-31 09:01:53
b517f929-b71e-4fef-a5ca-ddff867527f6,Nivia Football 765,NIV-FB-765,0875dd4f-228d-4474-b252-795b021c64d0,piece,22,False,,2025-05-27 09:01:53
eb52eed6-cd9d-421c-9a22-060788e849fc,Nivia Football 599,NIV-FB-599,0875dd4f-228d-4474-b252-795b021c64d0,piece,10,True,,2025-10-19 09:01:53
b57427d5-c83f-435f-a55d-7c2d8900ee0e,Nivia Football 510,NIV-FB-510,0875dd4f-228d-4474-b252-795b021c64d0,piece,57,True,,2025-03-31 09:01:53
61f0f34b-0c78-4f11-a0c9-064d0a3eb1f9,Nivia Football 232,NIV-FB-232,0875dd4f-228d-4474-b252-795b021c64d0,piece,61,True,,2025-04-29 09:01:53
a9389efb-9fa6-4ff8-ad25-414b58fa7c4e,Nivia Football 421,NIV-FB-421-57,0875dd4f-228d-4474-b252-795b021c64d0,piece,15,True,,2025-06-28 09:01:53
d93b7647-03f8-4cd3-a2bd-a45c213ecaad,Nivia Football 560,NIV-FB-560,0875dd4f-228d-4474-b252-795b021c64d0,piece,38,True,,2025-03-30 09:01:53
d7b28beb-ae5e-4c6a-9b71-5e9e159ae57c,Nivia Football 143,NIV-FB-143,0875dd4f-228d-4474-b252-795b021c64d0,piece,84,False,,2026-02-13 09:01:53
edb6b903-c34c-4326-9bea-f5b53897e5b5,Nivia Football 858,NIV-FB-858,0875dd4f-228d-4474-b252-795b021c64d0,piece,36,True,,2025-05-31 09:01:53
f77175fc-6afd-4f15-b7a5-d75e0f95a4c3,Nivia Football 108,NIV-FB-108,0875dd4f-228d-4474-b252-795b021c64d0,piece,24,True,,2025-10-17 09:01:53
6be86793-9140-4c8e-b444-404320cbf998,Nivia Football 484,NIV-FB-484,0875dd4f-228d-4474-b252-795b021c64d0,piece,25,True,,2026-02-05 09:01:53
31f910b5-8224-4b28-86a8-da0756846c40,Nivia Football 328,NIV-FB-328,0875dd4f-228d-4474-b252-795b021c64d0,piece,54,True,,2025-04-06 09:01:53
9d23555b-a717-4dd8-993c-80f0672f5e87,Nivia Football 195,NIV-FB-195,0875dd4f-228d-4474-b252-795b021c64d0,piece,49,True,,2025-04-20 09:01:53
f867afed-9aea-4b9b-a605-683a4c44cd9c,Nivia Football 647,NIV-FB-647,0875dd4f-228d-4474-b252-795b021c64d0,piece,64,True,,2025-12-12 09:01:53
88943d4b-0bca-4cb2-88f2-53f011c59b0a,Nivia Football 849,NIV-FB-849,0875dd4f-228d-4474-b252-795b021c64d0,piece,18,False,,2025-08-23 09:01:53
19dac6e6-c288-4486-83a4-1ad6ed7cdd0a,Nivia Football 886,NIV-FB-886,0875dd4f-228d-4474-b252-795b021c64d0,piece,60,True,,2025-09-27 09:01:53
586f1f19-b8bb-4c3b-bb2d-5eb4237b5c6c,Nivia Football 166,NIV-FB-166,0875dd4f-228d-4474-b252-795b021c64d0,piece,45,True,,2025-05-09 09:01:53
6c091da3-d861-4ea3-80f0-8136330ca95c,Nivia Football 597,NIV-FB-597,0875dd4f-228d-4474-b252-795b021c64d0,piece,32,True,,2025-07-14 09:01:53
499657a6-0c14-4622-ae3c-58e904cab85a,Nivia Football 217,NIV-FB-217,0875dd4f-228d-4474-b252-795b021c64d0,piece,40,True,,2025-06-08 09:01:53
67f101b8-a253-44fa-8f5a-1b7440d3428d,Nivia Football 259,NIV-FB-259,0875dd4f-228d-4474-b252-795b021c64d0,piece,65,True,,2025-11-25 09:01:53
e9ffe246-ac21-413d-ac95-3998c8faddbc,Nivia Football 427,NIV-FB-427,0875dd4f-228d-4474-b252-795b021c64d0,piece,77,True,,2025-05-11 09:01:53
347f8e1d-4642-47b3-a465-00011719238a,Nivia Football 892,NIV-FB-892,0875dd4f-228d-4474-b252-795b021c64d0,piece,53,True,,2025-09-10 09:01:53
b766cc09-1d2f-462d-9fee-caf10fd88ed3,Nivia Football 908,NIV-FB-908,0875dd4f-228d-4474-b252-795b021c64d0,piece,60,False,,2025-11-25 09:01:53
93119547-86e0-44d9-835f-f73b923b22e8,Nivia Football 155,NIV-FB-155,0875dd4f-228d-4474-b252-795b021c64d0,piece,32,True,,2025-03-29 09:01:53
33e18791-2c4c-4cf3-9fef-434cc9d9fa7b,Nivia Football 533,NIV-FB-533,0875dd4f-228d-4474-b252-795b021c64d0,piece,39,True,,2025-12-14 09:01:53
fd522d0e-f8ce-41a3-aab8-12e57d5f810d,Nivia Football 185,NIV-FB-185,0875dd4f-228d-4474-b252-795b021c64d0,piece,23,True,,2025-08-19 09:01:53
d18c564a-3173-42a9-8ae9-12dc03b56647,Nivia Football 183,NIV-FB-183,0875dd4f-228d-4474-b252-795b021c64d0,piece,43,True,,2025-07-26 09:01:53
38de7f3b-50ad-4791-977a-3d63e4435ef8,Nivia Football 992,NIV-FB-992,0875dd4f-228d-4474-b252-795b021c64d0,piece,58,True,,2025-04-06 09:01:53
e85d9dc2-aa70-45b4-ba69-60e0b062bfe6,Nivia Football 365,NIV-FB-365,0875dd4f-228d-4474-b252-795b021c64d0,piece,28,True,,2026-01-26 09:01:53
07913ac9-75e5-4512-8e45-c9c18f4bd0a3,Nivia Football 538,NIV-FB-538,0875dd4f-228d-4474-b252-795b021c64d0,piece,48,False,,2025-10-13 09:01:53
b5496aab-330e-4449-a48c-3a10dca64344,Nivia Football 268,NIV-FB-268,0875dd4f-228d-4474-b252-795b021c64d0,piece,30,True,,2025-08-12 09:01:53
1b8c5757-6d9b-4ade-adb3-48b2504a832f,Nivia Football 593,NIV-FB-593,0875dd4f-228d-4474-b252-795b021c64d0,piece,65,True,,2025-12-22 09:01:53
01db8722-c8df-4bcc-a7aa-008fe1d6ad34,Nivia Football 813,NIV-FB-813,0875dd4f-228d-4474-b252-795b021c64d0,piece,60,True,,2025-03-25 09:01:53
ed61848f-f0d6-4f90-9aa3-db69fa6c0b4e,Nivia Football 684,NIV-FB-684,0875dd4f-228d-4474-b252-795b021c64d0,piece,54,True,,2025-05-31 09:01:53
52bde5e1-735e-497e-b984-58d658aa1590,Nivia Football 901,NIV-FB-901,0875dd4f-228d-4474-b252-795b021c64d0,piece,81,True,,2025-04-07 09:01:53
7a5f703a-8d89-472a-979c-5c17f9c30a59,Nivia Football 692,NIV-FB-692,0875dd4f-228d-4474-b252-795b021c64d0,piece,83,True,,2025-04-08 09:01:53
94f5e445-74fc-45ce-a4fc-78dc2fada9d1,Nivia Football 943,NIV-FB-943,0875dd4f-228d-4474-b252-795b021c64d0,piece,98,True,,2025-10-03 09:01:53
964ac9a0-61e0-4fa1-839d-6835ba2d6902,Nivia Football 114,NIV-FB-114,0875dd4f-228d-4474-b252-795b021c64d0,piece,24,True,,2025-12-29 09:01:53
84a62239-621d-4a50-942c-36228b6e2a1a,Nivia Football 611,NIV-FB-611,0875dd4f-228d-4474-b252-795b021c64d0,piece,45,True,,2025-04-03 09:01:53
90257946-dbbe-43c8-9312-69fa6f9ccd01,Nivia Football 516,NIV-FB-516,0875dd4f-228d-4474-b252-795b021c64d0,piece,38,True,,2026-03-13 09:01:53
87505603-8d65-4d1c-8eec-f3f5882858fc,Nivia Football 561,NIV-FB-561,0875dd4f-228d-4474-b252-795b021c64d0,piece,21,True,,2025-04-21 09:01:53
67eb58e3-fc7b-42bf-bcea-8c1fac3a1140,Nivia Football 692,NIV-FB-692-22,0875dd4f-228d-4474-b252-795b021c64d0,piece,9,True,,2025-12-08 09:01:53
6b7c07c2-b8dc-47ff-b8b9-bae8d76c3600,Nivia Football 530,NIV-FB-530,0875dd4f-228d-4474-b252-795b021c64d0,piece,94,True,,2025-12-19 09:01:53
dc347562-ecac-4934-8a66-0debb788170e,Nivia Football 715,NIV-FB-715,0875dd4f-228d-4474-b252-795b021c64d0,piece,53,True,,2025-11-27 09:01:53
f9e8ea88-1db4-42bd-9fd4-b35a4c8b70d4,Yonex Badminton 295,YON-BD-295,0875dd4f-228d-4474-b252-795b021c64d0,piece,91,True,,2026-03-07 09:01:53
8a5c6b92-bfa0-49ba-874a-8d3c803bf8f3,Yonex Badminton 479,YON-BD-479,0875dd4f-228d-4474-b252-795b021c64d0,piece,51,True,,2025-10-08 09:01:53
23be5893-64cb-42cf-8ab2-6ef887e43bbc,Yonex Badminton 614,YON-BD-614,0875dd4f-228d-4474-b252-795b021c64d0,piece,20,True,,2025-04-16 09:01:53
2ce650cc-8574-484f-8bf4-176080df9774,Yonex Badminton 566,YON-BD-566,0875dd4f-228d-4474-b252-795b021c64d0,piece,57,True,,2025-09-15 09:01:53
e1a657ee-2de7-430a-91eb-37ffc9c764ef,Yonex Badminton 948,YON-BD-948,0875dd4f-228d-4474-b252-795b021c64d0,piece,74,True,,2025-09-24 09:01:53
a9346818-3aa3-495f-b702-46ea00422889,Yonex Badminton 216,YON-BD-216,0875dd4f-228d-4474-b252-795b021c64d0,piece,27,True,,2025-09-04 09:01:53
c4275d6b-f1dc-4cd9-bbf2-936f1661c3bf,Yonex Badminton 281,YON-BD-281,0875dd4f-228d-4474-b252-795b021c64d0,piece,75,True,,2025-06-10 09:01:53
56407871-89a0-485f-8063-9db425407fec,Yonex Badminton 546,YON-BD-546,0875dd4f-228d-4474-b252-795b021c64d0,piece,53,True,,2025-04-11 09:01:53
88883153-7bea-4f68-87f6-cda11e745b3c,Yonex Badminton 805,YON-BD-805,0875dd4f-228d-4474-b252-795b021c64d0,piece,92,True,,2025-10-20 09:01:53
3b168ba1-ff8f-45b4-accf-a5683115a5c0,Yonex Badminton 818,YON-BD-818,0875dd4f-228d-4474-b252-795b021c64d0,piece,84,False,,2026-01-23 09:01:53
9c10ff27-e3ac-4583-9694-6c8352da1b75,Yonex Badminton 189,YON-BD-189,0875dd4f-228d-4474-b252-795b021c64d0,piece,18,True,,2026-03-06 09:01:53
8050e625-f53b-42e6-b1a4-08e804fa7d29,Yonex Badminton 731,YON-BD-731,0875dd4f-228d-4474-b252-795b021c64d0,piece,57,True,,2025-04-29 09:01:53
fa3eeee6-f7cf-444f-b352-7036d153b4d7,Yonex Badminton 657,YON-BD-657,0875dd4f-228d-4474-b252-795b021c64d0,piece,17,True,,2025-06-30 09:01:53
b009bd16-240f-49ae-b9bb-a960f7d49534,Yonex Badminton 695,YON-BD-695,0875dd4f-228d-4474-b252-795b021c64d0,piece,9,True,,2025-08-11 09:01:53
acb3e72d-33d2-463e-8ef1-69eb7c8bd099,Yonex Badminton 316,YON-BD-316,0875dd4f-228d-4474-b252-795b021c64d0,piece,33,True,,2025-06-05 09:01:53
558133af-a183-40f5-a7f3-c5e388f6e2e9,Yonex Badminton 490,YON-BD-490,0875dd4f-228d-4474-b252-795b021c64d0,piece,19,True,,2025-07-17 09:01:53
ef0c0965-dc1f-4eb7-8862-ae7e76ef3b58,Yonex Badminton 227,YON-BD-227,0875dd4f-228d-4474-b252-795b021c64d0,piece,49,False,,2025-07-20 09:01:53
f58a1b8b-442a-4a06-a09f-36e13e4ced40,Yonex Badminton 522,YON-BD-522,0875dd4f-228d-4474-b252-795b021c64d0,piece,87,True,,2025-08-24 09:01:53
2ed0be65-e9ce-4f4d-ad0a-77b267a653f6,Yonex Badminton 107,YON-BD-107,0875dd4f-228d-4474-b252-795b021c64d0,piece,52,True,,2025-06-28 09:01:53
e50ed9a9-2f54-4fba-8622-c69322b43420,Yonex Badminton 390,YON-BD-390,0875dd4f-228d-4474-b252-795b021c64d0,piece,39,True,,2025-10-30 09:01:53
e07a21a9-964d-4abd-9ef9-2b6d27ded717,Yonex Badminton 414,YON-BD-414,0875dd4f-228d-4474-b252-795b021c64d0,piece,58,True,,2026-03-12 09:01:53
eaad743b-0309-416b-b66b-28df7b572d35,Yonex Badminton 524,YON-BD-524,0875dd4f-228d-4474-b252-795b021c64d0,piece,9,True,,2025-12-26 09:01:53
153ff685-e6c0-417a-b9e0-a4407697f922,Yonex Badminton 909,YON-BD-909,0875dd4f-228d-4474-b252-795b021c64d0,piece,52,True,,2025-06-22 09:01:53
071fdbe3-c41b-4ec4-a40f-786192876d91,Yonex Badminton 939,YON-BD-939,0875dd4f-228d-4474-b252-795b021c64d0,piece,99,True,,2025-09-24 09:01:53
05a0e094-e060-498d-8b9b-27204e4fda50,Yonex Badminton 274,YON-BD-274,0875dd4f-228d-4474-b252-795b021c64d0,piece,78,False,,2025-11-11 09:01:53
cfa5be61-48e0-48aa-8c0b-b9871e24f5cf,Yonex Badminton 669,YON-BD-669,0875dd4f-228d-4474-b252-795b021c64d0,piece,55,True,,2025-04-19 09:01:53
245cefac-115d-49d8-be9d-ac0cf0fda4e5,Yonex Badminton 502,YON-BD-502,0875dd4f-228d-4474-b252-795b021c64d0,piece,11,True,,2025-05-23 09:01:53
bbdb7178-2dee-40f2-8947-68b20bb34c20,Yonex Badminton 539,YON-BD-539,0875dd4f-228d-4474-b252-795b021c64d0,piece,21,False,,2025-08-27 09:01:53
e66222ae-f9d8-409a-971f-bf5c827dc5e2,Yonex Badminton 845,YON-BD-845,0875dd4f-228d-4474-b252-795b021c64d0,piece,27,True,,2025-10-03 09:01:53
5f846a00-e545-48ea-ad19-1445022f1ae2,Yonex Badminton 629,YON-BD-629,0875dd4f-228d-4474-b252-795b021c64d0,piece,25,True,,2026-01-23 09:01:53
8c6a40f8-b379-4d4e-bb51-37a54b924a90,Yonex Badminton 827,YON-BD-827,0875dd4f-228d-4474-b252-795b021c64d0,piece,21,True,,2025-04-25 09:01:53
07a661d3-7904-4796-863b-357caf30c76b,Yonex Badminton 690,YON-BD-690,0875dd4f-228d-4474-b252-795b021c64d0,piece,55,True,,2025-04-27 09:01:53
0c68b072-73d6-4570-94fb-b7fc84327895,Yonex Badminton 366,YON-BD-366,0875dd4f-228d-4474-b252-795b021c64d0,piece,75,True,,2025-09-30 09:01:53
052598b9-c17c-4f3c-910d-3335865d4150,Yonex Badminton 308,YON-BD-308,0875dd4f-228d-4474-b252-795b021c64d0,piece,16,True,,2025-08-03 09:01:53
a4ec296d-936c-4f97-a1a9-3cd2e4070bb1,Yonex Badminton 111,YON-BD-111,0875dd4f-228d-4474-b252-795b021c64d0,piece,85,True,,2025-12-26 09:01:53
14188bb9-5252-42e4-8acf-97498b0fdad4,Yonex Badminton 128,YON-BD-128,0875dd4f-228d-4474-b252-795b021c64d0,piece,84,True,,2026-02-02 09:01:53
dfb44754-b01c-47ed-a676-4b08ba2e4806,Yonex Badminton 685,YON-BD-685,0875dd4f-228d-4474-b252-795b021c64d0,piece,53,True,,2026-01-07 09:01:53
f406da38-5d5d-4a89-90ed-41d4863f193b,Yonex Badminton 564,YON-BD-564,0875dd4f-228d-4474-b252-795b021c64d0,piece,86,True,,2025-09-12 09:01:53
c96b19c0-eca6-40e3-8663-eb56d51e069f,Yonex Badminton 291,YON-BD-291,0875dd4f-228d-4474-b252-795b021c64d0,piece,35,True,,2025-11-21 09:01:53
3a98101a-f2db-4103-bb91-09c3697a88ef,Yonex Badminton 404,YON-BD-404,0875dd4f-228d-4474-b252-795b021c64d0,piece,29,True,,2025-11-09 09:01:53
79e4c14c-3613-4081-8f19-459d6c9d46c2,Yonex Badminton 843,YON-BD-843,0875dd4f-228d-4474-b252-795b021c64d0,piece,53,True,,2025-04-11 09:01:53
c63d7db4-5a82-4c82-a0e0-9e2636030a14,Yonex Badminton 152,YON-BD-152,0875dd4f-228d-4474-b252-795b021c64d0,piece,40,True,,2025-12-31 09:01:53
4b87d5e6-ac55-4240-89dd-7c6581589cfc,Yonex Badminton 742,YON-BD-742,0875dd4f-228d-4474-b252-795b021c64d0,piece,7,True,,2025-05-22 09:01:53
31af574f-1436-4390-b6e7-578af699db63,Yonex Badminton 987,YON-BD-987,0875dd4f-228d-4474-b252-795b021c64d0,piece,18,True,,2025-05-13 09:01:53
1d325be6-b77b-4d25-bb85-301157590a16,Yonex Badminton 225,YON-BD-225,0875dd4f-228d-4474-b252-795b021c64d0,piece,18,True,,2025-10-31 09:01:53
85ec7576-c7d2-4feb-893c-da835595e493,Yonex Badminton 284,YON-BD-284,0875dd4f-228d-4474-b252-795b021c64d0,piece,16,True,,2025-09-10 09:01:53
f04eb458-4a0a-40f1-835d-62d4c1cda728,Yonex Badminton 958,YON-BD-958,0875dd4f-228d-4474-b252-795b021c64d0,piece,31,True,,2025-07-06 09:01:53
158b49c3-6037-4ffa-a2ff-21f8d5d5b710,Yonex Badminton 914,YON-BD-914,0875dd4f-228d-4474-b252-795b021c64d0,piece,7,True,,2025-07-08 09:01:53
7a3e35f1-5d17-440b-b492-7749a0a3cb63,Yonex Badminton 740,YON-BD-740,0875dd4f-228d-4474-b252-795b021c64d0,piece,14,True,,2025-08-12 09:01:53
df3d705b-002e-41d5-a0a2-61fd6836e564,Yonex Badminton 484,YON-BD-484,0875dd4f-228d-4474-b252-795b021c64d0,piece,45,True,,2025-07-27 09:01:53
5ad41c7a-871f-43fb-9a25-0b78cea44ea7,Decathlon Yoga Mat 927,DEC-YM-927,0875dd4f-228d-4474-b252-795b021c64d0,piece,25,True,,2026-03-09 09:01:53
5070f3a6-dca3-433d-ad72-86af51bef0a7,Decathlon Yoga Mat 282,DEC-YM-282,0875dd4f-228d-4474-b252-795b021c64d0,piece,89,True,,2025-05-08 09:01:53
b3f3ae79-74b7-4194-a940-0c4aa5134013,Decathlon Yoga Mat 975,DEC-YM-975,0875dd4f-228d-4474-b252-795b021c64d0,piece,9,True,,2025-09-20 09:01:53
b6eb969e-5089-4f6d-800b-0d96071f57ff,Decathlon Yoga Mat 455,DEC-YM-455,0875dd4f-228d-4474-b252-795b021c64d0,piece,66,False,,2025-05-11 09:01:53
bf30198b-76dc-45c2-b081-f5d76939864e,Decathlon Yoga Mat 659,DEC-YM-659,0875dd4f-228d-4474-b252-795b021c64d0,piece,5,True,,2025-11-04 09:01:53
ce8b1a8e-da85-4989-a3a1-6badeac86954,Decathlon Yoga Mat 224,DEC-YM-224,0875dd4f-228d-4474-b252-795b021c64d0,piece,29,True,,2025-06-13 09:01:53
c004b3d9-e15f-4042-8f60-251c32a0533b,Decathlon Yoga Mat 123,DEC-YM-123,0875dd4f-228d-4474-b252-795b021c64d0,piece,71,True,,2025-12-26 09:01:53
b5d9c913-55a7-4e2c-a91b-b37d80adba26,Decathlon Yoga Mat 321,DEC-YM-321,0875dd4f-228d-4474-b252-795b021c64d0,piece,51,True,,2025-11-23 09:01:53
7eea1074-7e58-4dec-9cf9-61efc75eb8fa,Decathlon Yoga Mat 130,DEC-YM-130,0875dd4f-228d-4474-b252-795b021c64d0,piece,46,True,,2026-01-31 09:01:53
028a0e98-fdb7-40b8-b7e4-b587a2598b44,Decathlon Yoga Mat 845,DEC-YM-845,0875dd4f-228d-4474-b252-795b021c64d0,piece,93,False,,2025-10-28 09:01:53
9a36c2db-d08e-4262-991a-804a12c4cab4,Decathlon Yoga Mat 380,DEC-YM-380,0875dd4f-228d-4474-b252-795b021c64d0,piece,66,True,,2026-01-26 09:01:53
2e754d3d-1e6e-42b3-a0c2-af79b1f01c21,Decathlon Yoga Mat 456,DEC-YM-456,0875dd4f-228d-4474-b252-795b021c64d0,piece,95,True,,2025-10-15 09:01:53
231dbf43-03ae-4f9d-8e23-24b42120253f,Decathlon Yoga Mat 578,DEC-YM-578,0875dd4f-228d-4474-b252-795b021c64d0,piece,100,True,,2025-08-03 09:01:53
19673e20-7d1a-48ff-b1aa-5ed39a1c32af,Decathlon Yoga Mat 624,DEC-YM-624,0875dd4f-228d-4474-b252-795b021c64d0,piece,56,False,,2025-11-06 09:01:53
c11c3d8c-c1d6-4e7d-b9ad-d9e74a36b02f,Decathlon Yoga Mat 277,DEC-YM-277,0875dd4f-228d-4474-b252-795b021c64d0,piece,30,True,,2025-10-22 09:01:53
9a96b0f6-0925-479d-8f5e-b4ccd19bf334,Decathlon Yoga Mat 502,DEC-YM-502,0875dd4f-228d-4474-b252-795b021c64d0,piece,18,True,,2025-05-18 09:01:53
af26b1d2-1b0f-468b-b87c-39f9db729557,Decathlon Yoga Mat 419,DEC-YM-419,0875dd4f-228d-4474-b252-795b021c64d0,piece,26,True,,2025-07-08 09:01:53
20bdd9e6-26a5-4612-bb78-5b55bfb9fdee,Decathlon Yoga Mat 543,DEC-YM-543,0875dd4f-228d-4474-b252-795b021c64d0,piece,62,True,,2025-10-26 09:01:53
29c2da10-9cca-48bf-bce8-1a20e0cc0e84,Decathlon Yoga Mat 935,DEC-YM-935,0875dd4f-228d-4474-b252-795b021c64d0,piece,45,True,,2025-05-08 09:01:53
165447bc-4f89-404e-8e89-d7a1889826e3,Decathlon Yoga Mat 492,DEC-YM-492,0875dd4f-228d-4474-b252-795b021c64d0,piece,59,True,,2025-09-15 09:01:53
18bc5666-b46b-4e28-8297-ee1b5765cae4,Decathlon Yoga Mat 482,DEC-YM-482,0875dd4f-228d-4474-b252-795b021c64d0,piece,85,True,,2025-07-27 09:01:53
a2c5b738-1fd9-4e54-9ac7-2f5daeda222c,Decathlon Yoga Mat 271,DEC-YM-271,0875dd4f-228d-4474-b252-795b021c64d0,piece,9,False,,2025-11-05 09:01:53
f5aafea4-5004-4e4c-911a-b3b606e94266,Decathlon Yoga Mat 700,DEC-YM-700,0875dd4f-228d-4474-b252-795b021c64d0,piece,57,True,,2025-04-18 09:01:53
000c1cfe-5405-4a5a-8480-02692d28cf46,Decathlon Yoga Mat 643,DEC-YM-643,0875dd4f-228d-4474-b252-795b021c64d0,piece,50,True,,2026-01-15 09:01:53
3e49c73f-acb2-4e27-8fc3-e4006907a402,Decathlon Yoga Mat 284,DEC-YM-284,0875dd4f-228d-4474-b252-795b021c64d0,piece,46,True,,2025-12-09 09:01:53
7df84bbd-f29f-4f2b-94ab-0dd194a4b338,Decathlon Yoga Mat 466,DEC-YM-466,0875dd4f-228d-4474-b252-795b021c64d0,piece,36,True,,2025-04-12 09:01:53
9a702767-dd07-419b-9a2d-f60c9c779fce,Decathlon Yoga Mat 480,DEC-YM-480,0875dd4f-228d-4474-b252-795b021c64d0,piece,52,True,,2025-10-05 09:01:53
a5fb9972-7f67-47c5-a61f-9c7902179e6a,Decathlon Yoga Mat 225,DEC-YM-225,0875dd4f-228d-4474-b252-795b021c64d0,piece,6,True,,2026-03-09 09:01:53
88eb8578-335f-47c3-aef7-4de3170faf95,Decathlon Yoga Mat 834,DEC-YM-834,0875dd4f-228d-4474-b252-795b021c64d0,piece,47,True,,2025-05-28 09:01:53
b148ea0e-f0c7-47f2-a78c-81dd7babb300,Decathlon Yoga Mat 914,DEC-YM-914,0875dd4f-228d-4474-b252-795b021c64d0,piece,46,True,,2025-05-31 09:01:53
11de1875-6b03-49a6-9c60-36f0d99562dd,Decathlon Yoga Mat 167,DEC-YM-167,0875dd4f-228d-4474-b252-795b021c64d0,piece,54,True,,2025-11-26 09:01:53
6bebd819-25a4-4fd1-a086-7798c5768e38,Decathlon Yoga Mat 639,DEC-YM-639,0875dd4f-228d-4474-b252-795b021c64d0,piece,32,True,,2025-10-23 09:01:53
572a999c-bc28-4afc-932d-e2da6f002030,Decathlon Yoga Mat 833,DEC-YM-833,0875dd4f-228d-4474-b252-795b021c64d0,piece,82,False,,2025-04-05 09:01:53
53d45f2d-34a4-4501-b267-8f56b45cdeca,Decathlon Yoga Mat 176,DEC-YM-176,0875dd4f-228d-4474-b252-795b021c64d0,piece,78,True,,2025-08-11 09:01:53
620044bd-687d-4c91-9190-42f55d94894c,Decathlon Yoga Mat 798,DEC-YM-798,0875dd4f-228d-4474-b252-795b021c64d0,piece,60,True,,2025-10-02 09:01:53
3ce1c02a-f288-4a1e-88a9-9a373238c88e,Decathlon Yoga Mat 302,DEC-YM-302,0875dd4f-228d-4474-b252-795b021c64d0,piece,30,True,,2025-07-05 09:01:53
8a027390-0b04-4795-a759-b7db546dd155,Decathlon Yoga Mat 610,DEC-YM-610,0875dd4f-228d-4474-b252-795b021c64d0,piece,10,False,,2025-08-11 09:01:53
74d7b0c2-fb64-4b61-ab4c-afb327438407,Decathlon Yoga Mat 222,DEC-YM-222,0875dd4f-228d-4474-b252-795b021c64d0,piece,20,True,,2025-05-11 09:01:53
d3ae88eb-bacc-43a7-9939-9ab50c199b4c,Decathlon Yoga Mat 434,DEC-YM-434,0875dd4f-228d-4474-b252-795b021c64d0,piece,80,True,,2025-05-23 09:01:53
2f363a7a-9498-478a-8dd5-b654705a501c,Decathlon Yoga Mat 121,DEC-YM-121,0875dd4f-228d-4474-b252-795b021c64d0,piece,41,True,,2025-05-24 09:01:53
4dca8fa6-a091-485e-a7be-2022e63ec1e4,Decathlon Yoga Mat 104,DEC-YM-104,0875dd4f-228d-4474-b252-795b021c64d0,piece,64,True,,2025-08-20 09:01:53
0ddd8674-206c-42a7-a8b2-c5440a0822f0,Decathlon Yoga Mat 137,DEC-YM-137,0875dd4f-228d-4474-b252-795b021c64d0,piece,73,False,,2026-02-22 09:01:53
c167484e-def7-430b-92a5-e2fd2eb2b866,Decathlon Yoga Mat 445,DEC-YM-445,0875dd4f-228d-4474-b252-795b021c64d0,piece,87,True,,2025-07-17 09:01:53
256cde8d-f06c-4419-8da8-d0d8eb5f7db4,Decathlon Yoga Mat 197,DEC-YM-197,0875dd4f-228d-4474-b252-795b021c64d0,piece,58,True,,2025-10-25 09:01:53
f6ad3e86-2034-41d6-8fa8-7ed5b43d1200,Decathlon Yoga Mat 424,DEC-YM-424,0875dd4f-228d-4474-b252-795b021c64d0,piece,49,True,,2025-06-03 09:01:53
5367c749-3cf5-4a75-a706-c6615a71b30b,Decathlon Yoga Mat 893,DEC-YM-893,0875dd4f-228d-4474-b252-795b021c64d0,piece,45,True,,2026-02-18 09:01:53
b062e644-2beb-41cc-9742-7781733664a0,Decathlon Yoga Mat 502,DEC-YM-502-48,0875dd4f-228d-4474-b252-795b021c64d0,piece,94,False,,2025-07-05 09:01:53
0aafb89f-2d70-446b-8f17-d3c6f932df8e,Decathlon Yoga Mat 969,DEC-YM-969,0875dd4f-228d-4474-b252-795b021c64d0,piece,87,False,,2026-01-11 09:01:53
4ceaa1ef-e811-4c39-abf9-c585d8136f5d,Decathlon Yoga Mat 963,DEC-YM-963,0875dd4f-228d-4474-b252-795b021c64d0,piece,52,False,,2026-01-21 09:01:53
30485c4b-d22b-41e8-8225-3a33a52a57cb,Decathlon Yoga Mat 129,DEC-YM-129,0875dd4f-228d-4474-b252-795b021c64d0,piece,33,True,,2026-03-09 09:01:53
46fd4df5-afe9-4526-ab59-218a3f6da63a,MuscleBlaze Protein 242kg,MBL-PR-242,0875dd4f-228d-4474-b252-795b021c64d0,bag,18,False,,2025-03-27 09:01:53
567f6062-8d8a-4bd9-940b-19569d6a89c9,MuscleBlaze Protein 841kg,MBL-PR-841,0875dd4f-228d-4474-b252-795b021c64d0,bag,60,True,,2026-01-28 09:01:53
22aeca29-ec05-498a-8f92-a0af2cce2b27,MuscleBlaze Protein 295kg,MBL-PR-295,0875dd4f-228d-4474-b252-795b021c64d0,bag,97,False,,2025-09-07 09:01:53
93448b18-5806-40f8-8e77-a5f15cf46d33,MuscleBlaze Protein 935kg,MBL-PR-935,0875dd4f-228d-4474-b252-795b021c64d0,bag,73,False,,2025-03-27 09:01:53
44c24ba3-1c91-4ebf-90c1-b2cb880677a2,MuscleBlaze Protein 988kg,MBL-PR-988,0875dd4f-228d-4474-b252-795b021c64d0,bag,11,True,,2026-02-20 09:01:53
13c2153c-8eac-4ed9-8940-b17b68278e91,MuscleBlaze Protein 213kg,MBL-PR-213,0875dd4f-228d-4474-b252-795b021c64d0,bag,11,False,,2026-02-04 09:01:53
9ee9c355-202d-4bbf-a001-9c7545a75f66,MuscleBlaze Protein 370kg,MBL-PR-370,0875dd4f-228d-4474-b252-795b021c64d0,bag,47,True,,2025-09-01 09:01:53
747b7098-3e0f-4ede-a43e-da04c622cd0e,MuscleBlaze Protein 376kg,MBL-PR-376,0875dd4f-228d-4474-b252-795b021c64d0,bag,94,True,,2026-01-03 09:01:53
622e3069-eb7b-4114-ad0a-d21a3a588fa8,MuscleBlaze Protein 697kg,MBL-PR-697,0875dd4f-228d-4474-b252-795b021c64d0,bag,63,True,,2025-10-02 09:01:53
c2771354-64b8-4605-887c-90595ad85c30,MuscleBlaze Protein 982kg,MBL-PR-982,0875dd4f-228d-4474-b252-795b021c64d0,bag,23,True,,2025-08-15 09:01:53
03324410-0710-42d5-b4ec-c3a714aef8d7,MuscleBlaze Protein 752kg,MBL-PR-752,0875dd4f-228d-4474-b252-795b021c64d0,bag,62,True,,2025-06-20 09:01:53
30ec3402-2216-44ce-854c-7eae05a8ea3d,MuscleBlaze Protein 640kg,MBL-PR-640,0875dd4f-228d-4474-b252-795b021c64d0,bag,35,True,,2025-04-10 09:01:53
3be2104d-7345-4187-a985-eb005f1f2215,MuscleBlaze Protein 601kg,MBL-PR-601,0875dd4f-228d-4474-b252-795b021c64d0,bag,40,True,,2025-07-10 09:01:53
62da1c1c-b504-4d69-adde-2b0b04670e92,MuscleBlaze Protein 331kg,MBL-PR-331,0875dd4f-228d-4474-b252-795b021c64d0,bag,16,True,,2025-10-14 09:01:53
9c55cbce-8108-408f-b648-d3e5319ca8a7,MuscleBlaze Protein 828kg,MBL-PR-828,0875dd4f-228d-4474-b252-795b021c64d0,bag,15,True,,2025-11-10 09:01:53
4a87182d-a506-46d4-a063-99bb8d8d7b92,MuscleBlaze Protein 775kg,MBL-PR-775,0875dd4f-228d-4474-b252-795b021c64d0,bag,87,True,,2025-11-29 09:01:53
e517bca9-62c6-49c3-a2ab-2aec6a3c10ff,MuscleBlaze Protein 811kg,MBL-PR-811,0875dd4f-228d-4474-b252-795b021c64d0,bag,14,True,,2025-07-04 09:01:53
6707e3ff-cc67-4593-b493-b1fc3fdf0e11,MuscleBlaze Protein 161kg,MBL-PR-161,0875dd4f-228d-4474-b252-795b021c64d0,bag,32,True,,2025-11-24 09:01:53
0b42e3c6-563b-4886-a132-55d320b47713,MuscleBlaze Protein 579kg,MBL-PR-579,0875dd4f-228d-4474-b252-795b021c64d0,bag,54,True,,2026-01-20 09:01:53
160be306-5c3a-454e-803c-f59b3e2e9397,MuscleBlaze Protein 448kg,MBL-PR-448,0875dd4f-228d-4474-b252-795b021c64d0,bag,31,True,,2025-06-17 09:01:53
9d1e783f-0677-41a8-88bb-9239749d775c,MuscleBlaze Protein 626kg,MBL-PR-626,0875dd4f-228d-4474-b252-795b021c64d0,bag,45,True,,2025-10-06 09:01:53
a09f477a-7645-41de-95c4-c965e502f99a,MuscleBlaze Protein 825kg,MBL-PR-825,0875dd4f-228d-4474-b252-795b021c64d0,bag,63,True,,2025-06-29 09:01:53
6416d37a-d98b-4124-9f47-8450fa7e7799,MuscleBlaze Protein 208kg,MBL-PR-208,0875dd4f-228d-4474-b252-795b021c64d0,bag,21,True,,2025-09-09 09:01:53
4b657708-709d-40c6-9d74-603d6c00306f,MuscleBlaze Protein 494kg,MBL-PR-494,0875dd4f-228d-4474-b252-795b021c64d0,bag,62,True,,2025-06-25 09:01:53
5ff12560-e929-4581-a115-01f98fcd7184,MuscleBlaze Protein 307kg,MBL-PR-307,0875dd4f-228d-4474-b252-795b021c64d0,bag,56,True,,2025-10-23 09:01:53
4f2869a4-87ad-4a74-b4a8-f0ddeca2780f,MuscleBlaze Protein 533kg,MBL-PR-533,0875dd4f-228d-4474-b252-795b021c64d0,bag,26,True,,2025-05-23 09:01:53
40f2d6ca-ecb1-4df7-b5f5-a6d59166f506,MuscleBlaze Protein 763kg,MBL-PR-763,0875dd4f-228d-4474-b252-795b021c64d0,bag,18,True,,2026-01-19 09:01:53
57ff3381-fb9d-49ea-85c0-435f7de589a9,MuscleBlaze Protein 862kg,MBL-PR-862,0875dd4f-228d-4474-b252-795b021c64d0,bag,19,True,,2025-07-22 09:01:53
9fb1e271-e87c-4e69-977c-b8f666f0bbf0,MuscleBlaze Protein 291kg,MBL-PR-291,0875dd4f-228d-4474-b252-795b021c64d0,bag,39,True,,2025-04-10 09:01:53
5db504ad-a8c7-4512-ab74-957de2ef7e33,MuscleBlaze Protein 643kg,MBL-PR-643,0875dd4f-228d-4474-b252-795b021c64d0,bag,62,True,,2026-01-13 09:01:53
fa75eb66-77a8-4538-bb01-9a31a028ce13,MuscleBlaze Protein 663kg,MBL-PR-663,0875dd4f-228d-4474-b252-795b021c64d0,bag,15,True,,2025-11-26 09:01:53
6f53c6c2-1eb6-43e8-b1c8-9a46ce28244b,MuscleBlaze Protein 254kg,MBL-PR-254,0875dd4f-228d-4474-b252-795b021c64d0,bag,55,True,,2025-06-27 09:01:53
d3daa616-c493-4101-9f0b-f088639c9861,MuscleBlaze Protein 441kg,MBL-PR-441,0875dd4f-228d-4474-b252-795b021c64d0,bag,11,True,,2025-09-06 09:01:53
4a1300b9-6b21-4c69-ad4a-b5ccbe1077a1,MuscleBlaze Protein 200kg,MBL-PR-200,0875dd4f-228d-4474-b252-795b021c64d0,bag,11,True,,2025-08-10 09:01:53
0c4b6b3b-1aed-415e-abbe-57db58cdad2a,MuscleBlaze Protein 298kg,MBL-PR-298,0875dd4f-228d-4474-b252-795b021c64d0,bag,42,True,,2025-12-14 09:01:53
3e5a3515-1daf-44cf-87a3-3d3087405f48,MuscleBlaze Protein 708kg,MBL-PR-708,0875dd4f-228d-4474-b252-795b021c64d0,bag,40,True,,2025-07-05 09:01:53
fbfbb5d9-db42-434d-9456-339b5213b666,MuscleBlaze Protein 631kg,MBL-PR-631,0875dd4f-228d-4474-b252-795b021c64d0,bag,60,True,,2026-02-17 09:01:53
1e721f93-c3c1-47c0-8338-60b791dcca89,MuscleBlaze Protein 761kg,MBL-PR-761,0875dd4f-228d-4474-b252-795b021c64d0,bag,36,False,,2025-11-22 09:01:53
34f5c00b-80c8-4d32-a7d0-9c66a46885aa,MuscleBlaze Protein 217kg,MBL-PR-217,0875dd4f-228d-4474-b252-795b021c64d0,bag,11,True,,2025-05-24 09:01:53
48561be1-82da-4576-a6a0-db3a9fd2d68a,MuscleBlaze Protein 372kg,MBL-PR-372,0875dd4f-228d-4474-b252-795b021c64d0,bag,35,True,,2026-01-22 09:01:53
4bff2a73-fa0a-4483-b3a1-e87830122d49,MuscleBlaze Protein 382kg,MBL-PR-382,0875dd4f-228d-4474-b252-795b021c64d0,bag,33,True,,2025-03-21 09:01:53
f79e2669-5fd6-4b1f-a0d6-596baea57f7c,MuscleBlaze Protein 833kg,MBL-PR-833,0875dd4f-228d-4474-b252-795b021c64d0,bag,56,True,,2026-01-22 09:01:53
cdbf98be-b251-4a19-b052-3133f11853c0,MuscleBlaze Protein 325kg,MBL-PR-325,0875dd4f-228d-4474-b252-795b021c64d0,bag,98,True,,2025-03-25 09:01:53
5c83ce6b-dfbf-4c35-80fe-c15ee6929aba,MuscleBlaze Protein 374kg,MBL-PR-374,0875dd4f-228d-4474-b252-795b021c64d0,bag,68,True,,2025-11-30 09:01:53
33eaa76d-43bc-43b5-beed-68425472edec,MuscleBlaze Protein 455kg,MBL-PR-455,0875dd4f-228d-4474-b252-795b021c64d0,bag,86,True,,2025-05-13 09:01:53
35f73467-183f-48cf-a2b5-49dcc76effaa,MuscleBlaze Protein 394kg,MBL-PR-394,0875dd4f-228d-4474-b252-795b021c64d0,bag,98,True,,2025-12-10 09:01:53
4ecb24a6-5728-4db6-b885-8a2f93a54803,MuscleBlaze Protein 615kg,MBL-PR-615,0875dd4f-228d-4474-b252-795b021c64d0,bag,94,True,,2025-10-09 09:01:53
7d94177b-b727-436d-9c75-a38aff5b2ff8,MuscleBlaze Protein 973kg,MBL-PR-973,0875dd4f-228d-4474-b252-795b021c64d0,bag,93,True,,2025-10-04 09:01:53
0128ca50-9268-4c4b-9d5b-d6cd82a3141d,MuscleBlaze Protein 797kg,MBL-PR-797,0875dd4f-228d-4474-b252-795b021c64d0,bag,13,True,,2025-09-25 09:01:53
f440bdd6-a034-4b94-a970-daf193ffc54d,MuscleBlaze Protein 566kg,MBL-PR-566,0875dd4f-228d-4474-b252-795b021c64d0,bag,23,False,,2025-04-07 09:01:53
ebb4e295-a679-473f-8104-86b30f23d84b,Boldfit Dumbbell 585kg,BLD-DB-585,0875dd4f-228d-4474-b252-795b021c64d0,pair,59,True,,2025-12-14 09:01:53
1c440607-9324-49f4-aab4-34d6077bca4e,Boldfit Dumbbell 370kg,BLD-DB-370,0875dd4f-228d-4474-b252-795b021c64d0,pair,14,True,,2026-03-10 09:01:53
18f5ba8c-2618-4928-a69f-066dd0444121,Boldfit Dumbbell 708kg,BLD-DB-708,0875dd4f-228d-4474-b252-795b021c64d0,pair,50,False,,2025-05-20 09:01:53
98c56817-296f-4261-a5ff-dee6489fd8f5,Boldfit Dumbbell 101kg,BLD-DB-101,0875dd4f-228d-4474-b252-795b021c64d0,pair,67,True,,2025-07-16 09:01:53
ca62f9a2-16a4-4d1e-a322-20e2166ad353,Boldfit Dumbbell 212kg,BLD-DB-212,0875dd4f-228d-4474-b252-795b021c64d0,pair,10,True,,2025-05-28 09:01:53
8837d8fd-5d7d-4f21-a7e8-917c728d913e,Boldfit Dumbbell 796kg,BLD-DB-796,0875dd4f-228d-4474-b252-795b021c64d0,pair,42,True,,2025-06-19 09:01:53
1b67a538-0889-4186-a1f7-c1e8be694f04,Boldfit Dumbbell 615kg,BLD-DB-615,0875dd4f-228d-4474-b252-795b021c64d0,pair,26,True,,2026-01-25 09:01:53
b834cb01-022c-41d5-806d-a24105c80bda,Boldfit Dumbbell 202kg,BLD-DB-202,0875dd4f-228d-4474-b252-795b021c64d0,pair,43,True,,2025-09-24 09:01:53
d0c8a72b-923d-4d49-afc6-492825211531,Boldfit Dumbbell 563kg,BLD-DB-563,0875dd4f-228d-4474-b252-795b021c64d0,pair,67,True,,2025-06-08 09:01:53
f3367240-d544-46e1-b2e9-37cf45b8a70c,Boldfit Dumbbell 363kg,BLD-DB-363,0875dd4f-228d-4474-b252-795b021c64d0,pair,89,True,,2025-09-09 09:01:53
9c1559f6-02cb-4666-b7a1-fab0e1dfb8ad,Boldfit Dumbbell 569kg,BLD-DB-569,0875dd4f-228d-4474-b252-795b021c64d0,pair,6,True,,2025-10-11 09:01:53
b1474c61-c546-4cd6-9b29-097c6fad79bf,Boldfit Dumbbell 827kg,BLD-DB-827,0875dd4f-228d-4474-b252-795b021c64d0,pair,47,True,,2025-04-09 09:01:53
d3375b25-c412-40a2-a51b-7773ab86ff55,Boldfit Dumbbell 977kg,BLD-DB-977,0875dd4f-228d-4474-b252-795b021c64d0,pair,81,True,,2025-10-27 09:01:53
c9b57a11-efe8-459f-b3ad-af9dcf8e8cc1,Boldfit Dumbbell 802kg,BLD-DB-802,0875dd4f-228d-4474-b252-795b021c64d0,pair,71,True,,2026-03-04 09:01:53
5445fb73-60ee-4f5b-b569-780ca114a175,Boldfit Dumbbell 251kg,BLD-DB-251,0875dd4f-228d-4474-b252-795b021c64d0,pair,57,True,,2025-04-11 09:01:53
506135ec-0bf0-498e-814d-a2c1665c0761,Boldfit Dumbbell 245kg,BLD-DB-245,0875dd4f-228d-4474-b252-795b021c64d0,pair,50,True,,2025-11-09 09:01:53
485669ae-c183-4fa6-848b-461eefd790b8,Boldfit Dumbbell 691kg,BLD-DB-691,0875dd4f-228d-4474-b252-795b021c64d0,pair,99,True,,2025-08-06 09:01:53
18b595c0-3e2a-44a8-bf87-b4506d4d8ebd,Boldfit Dumbbell 468kg,BLD-DB-468,0875dd4f-228d-4474-b252-795b021c64d0,pair,31,True,,2025-12-05 09:01:53
9bacd6a0-035b-42bd-b718-89a21afad722,Boldfit Dumbbell 486kg,BLD-DB-486,0875dd4f-228d-4474-b252-795b021c64d0,pair,86,True,,2025-10-25 09:01:53
320528e5-6478-47b9-893e-3748c287dd46,Boldfit Dumbbell 998kg,BLD-DB-998,0875dd4f-228d-4474-b252-795b021c64d0,pair,85,True,,2025-07-27 09:01:53
6189b996-6a94-48a2-b35b-ac3367abb86f,Boldfit Dumbbell 997kg,BLD-DB-997,0875dd4f-228d-4474-b252-795b021c64d0,pair,72,True,,2025-04-01 09:01:53
56c82a8c-292e-487c-894f-990147d76a95,Boldfit Dumbbell 457kg,BLD-DB-457,0875dd4f-228d-4474-b252-795b021c64d0,pair,47,True,,2025-08-13 09:01:53
8664ba00-9670-4b59-a073-f3931371371b,Boldfit Dumbbell 382kg,BLD-DB-382,0875dd4f-228d-4474-b252-795b021c64d0,pair,44,True,,2025-05-22 09:01:53
c64f230d-f3af-4671-9164-68ef3a0154da,Boldfit Dumbbell 632kg,BLD-DB-632,0875dd4f-228d-4474-b252-795b021c64d0,pair,94,True,,2025-05-05 09:01:53
120df34d-f358-430c-93fb-b5afd644e935,Boldfit Dumbbell 225kg,BLD-DB-225,0875dd4f-228d-4474-b252-795b021c64d0,pair,60,True,,2025-05-28 09:01:53
99ac273a-7580-47af-ab46-0f4e62ef697d,Boldfit Dumbbell 911kg,BLD-DB-911,0875dd4f-228d-4474-b252-795b021c64d0,pair,49,True,,2026-03-10 09:01:53
9269ab3e-80f8-4b77-8b13-69f643ddb0d8,Boldfit Dumbbell 610kg,BLD-DB-610,0875dd4f-228d-4474-b252-795b021c64d0,pair,92,True,,2025-03-31 09:01:53
97b5672e-d2e8-4200-a542-0d2622a461d3,Boldfit Dumbbell 253kg,BLD-DB-253,0875dd4f-228d-4474-b252-795b021c64d0,pair,71,False,,2025-04-29 09:01:53
bf2778bf-7afb-4366-b695-b5f6d5fb68d6,Boldfit Dumbbell 671kg,BLD-DB-671,0875dd4f-228d-4474-b252-795b021c64d0,pair,90,True,,2025-07-08 09:01:53
298f7d56-082b-4f4e-826d-32e6b8a05a58,Boldfit Dumbbell 395kg,BLD-DB-395,0875dd4f-228d-4474-b252-795b021c64d0,pair,13,True,,2026-03-07 09:01:53
b6910236-8bc9-444d-adb3-74138009c651,Boldfit Dumbbell 564kg,BLD-DB-564,0875dd4f-228d-4474-b252-795b021c64d0,pair,10,True,,2025-05-15 09:01:53
c764a3dd-b5e5-4bce-beae-5287fbb8890f,Boldfit Dumbbell 226kg,BLD-DB-226,0875dd4f-228d-4474-b252-795b021c64d0,pair,11,True,,2026-03-12 09:01:53
ec79f78b-0b6c-4bed-9d84-f7985bcd12f0,Boldfit Dumbbell 540kg,BLD-DB-540,0875dd4f-228d-4474-b252-795b021c64d0,pair,50,True,,2026-03-14 09:01:53
9092fe29-b18f-4110-ac0d-98f0f52157fd,Boldfit Dumbbell 151kg,BLD-DB-151,0875dd4f-228d-4474-b252-795b021c64d0,pair,37,True,,2025-10-20 09:01:53
b55d314a-db6c-48d2-b830-2a2ab0a93cd0,Boldfit Dumbbell 904kg,BLD-DB-904,0875dd4f-228d-4474-b252-795b021c64d0,pair,69,True,,2025-05-31 09:01:53
98c4ae6b-2e67-4e5f-89f5-cf8d527e3a03,Boldfit Dumbbell 258kg,BLD-DB-258,0875dd4f-228d-4474-b252-795b021c64d0,pair,16,True,,2025-12-31 09:01:53
a573262c-c230-49df-96f0-9f06575802a5,Boldfit Dumbbell 850kg,BLD-DB-850,0875dd4f-228d-4474-b252-795b021c64d0,pair,30,True,,2026-02-01 09:01:53
a42013ee-97d6-4c31-b7a2-65791aff8d77,Boldfit Dumbbell 397kg,BLD-DB-397,0875dd4f-228d-4474-b252-795b021c64d0,pair,33,True,,2025-09-14 09:01:53
d1394d56-fe05-4cf9-bf6c-246f7d847172,Boldfit Dumbbell 354kg,BLD-DB-354,0875dd4f-228d-4474-b252-795b021c64d0,pair,91,True,,2025-08-10 09:01:53
5f84fc23-0932-44af-bba7-a6fd8f926a73,Boldfit Dumbbell 508kg,BLD-DB-508,0875dd4f-228d-4474-b252-795b021c64d0,pair,17,True,,2025-10-11 09:01:53
2644037e-2b4e-4987-9d76-8ba0a85171b6,Boldfit Dumbbell 711kg,BLD-DB-711,0875dd4f-228d-4474-b252-795b021c64d0,pair,44,True,,2025-08-03 09:01:53
c374200b-a40f-4977-873f-b7c217b2e479,Boldfit Dumbbell 795kg,BLD-DB-795,0875dd4f-228d-4474-b252-795b021c64d0,pair,46,True,,2026-01-02 09:01:53
8578b18b-c9b2-4fc8-aadb-9381c4d9ce5c,Boldfit Dumbbell 799kg,BLD-DB-799,0875dd4f-228d-4474-b252-795b021c64d0,pair,30,True,,2025-08-13 09:01:53
ea285315-43ab-41e9-ae84-18c5f9ff81df,Boldfit Dumbbell 667kg,BLD-DB-667,0875dd4f-228d-4474-b252-795b021c64d0,pair,30,True,,2026-01-30 09:01:53
0f06e1e1-d632-4bc2-b15b-9b01a352db77,Boldfit Dumbbell 404kg,BLD-DB-404,0875dd4f-228d-4474-b252-795b021c64d0,pair,77,False,,2025-07-21 09:01:53
e369391b-df1a-4d50-b3b1-9fd78c50b0f6,Boldfit Dumbbell 658kg,BLD-DB-658,0875dd4f-228d-4474-b252-795b021c64d0,pair,28,True,,2025-08-03 09:01:53
c933af6d-8cd2-4328-8965-8dbea5f9164e,Boldfit Dumbbell 198kg,BLD-DB-198,0875dd4f-228d-4474-b252-795b021c64d0,pair,22,True,,2025-03-24 09:01:53
9ec1d6c8-ae1a-4fe8-a188-6017f22d15cc,Boldfit Dumbbell 420kg,BLD-DB-420,0875dd4f-228d-4474-b252-795b021c64d0,pair,69,False,,2025-03-15 09:01:53
19a63f2a-1904-4039-81f3-bccfdb2be252,Boldfit Dumbbell 466kg,BLD-DB-466,0875dd4f-228d-4474-b252-795b021c64d0,pair,64,True,,2025-07-19 09:01:53
6859b3f0-44df-424d-9bc6-87538c628004,Boldfit Dumbbell 530kg,BLD-DB-530,0875dd4f-228d-4474-b252-795b021c64d0,pair,57,True,,2025-06-01 09:01:53
643231ec-0273-49d9-ab31-b14218aa96a8,Strauss Cycle 127,STR-CY-127,0875dd4f-228d-4474-b252-795b021c64d0,piece,58,True,,2026-01-02 09:01:53
827986f7-41eb-42f0-9ef8-02dd99bf6d52,Strauss Cycle 729,STR-CY-729,0875dd4f-228d-4474-b252-795b021c64d0,piece,43,True,,2025-05-21 09:01:53
8259f13a-77d2-4243-bca7-c728db704e6c,Strauss Cycle 624,STR-CY-624,0875dd4f-228d-4474-b252-795b021c64d0,piece,52,True,,2025-06-09 09:01:53
1d2b14c1-9d8a-45b6-9aad-a56c500a2495,Strauss Cycle 679,STR-CY-679,0875dd4f-228d-4474-b252-795b021c64d0,piece,42,True,,2025-08-25 09:01:53
df177396-236d-4d2c-973f-cfdf0998ef43,Strauss Cycle 228,STR-CY-228,0875dd4f-228d-4474-b252-795b021c64d0,piece,56,True,,2025-07-21 09:01:53
2013d0fc-c65a-4927-a84a-06f6bb7f91f3,Strauss Cycle 926,STR-CY-926,0875dd4f-228d-4474-b252-795b021c64d0,piece,71,True,,2026-02-15 09:01:53
c486d4af-ea98-478f-9e59-e7a279298036,Strauss Cycle 186,STR-CY-186,0875dd4f-228d-4474-b252-795b021c64d0,piece,12,True,,2025-04-16 09:01:53
139cfc35-8596-45a9-883b-d9d8515ff332,Strauss Cycle 209,STR-CY-209,0875dd4f-228d-4474-b252-795b021c64d0,piece,47,True,,2025-10-17 09:01:53
2e6190e6-61b0-4bb7-8afe-113801f2d57a,Strauss Cycle 679,STR-CY-679-71,0875dd4f-228d-4474-b252-795b021c64d0,piece,93,True,,2026-02-11 09:01:53
1005cec0-82b7-4d9d-ab87-34e121946392,Strauss Cycle 224,STR-CY-224,0875dd4f-228d-4474-b252-795b021c64d0,piece,99,True,,2025-06-26 09:01:53
edeba457-b0b7-4ab8-b4dd-927945aea48c,Strauss Cycle 857,STR-CY-857,0875dd4f-228d-4474-b252-795b021c64d0,piece,96,True,,2025-11-30 09:01:53
da4313d5-912c-4d77-bca7-9ba1d2faf685,Strauss Cycle 628,STR-CY-628,0875dd4f-228d-4474-b252-795b021c64d0,piece,23,True,,2025-07-04 09:01:53
6b4e2abf-d73c-42af-8c96-f23455a941d2,Strauss Cycle 239,STR-CY-239,0875dd4f-228d-4474-b252-795b021c64d0,piece,33,True,,2025-04-21 09:01:53
a0f9bc5f-36c1-4217-8ae4-72c3795f1924,Strauss Cycle 972,STR-CY-972,0875dd4f-228d-4474-b252-795b021c64d0,piece,24,True,,2025-10-06 09:01:53
ab8d16d4-28dd-456b-95b5-72f3c0e36e0d,Strauss Cycle 836,STR-CY-836,0875dd4f-228d-4474-b252-795b021c64d0,piece,5,True,,2025-04-29 09:01:53
9ad23c0b-93dd-47f5-abdd-a58f16969566,Strauss Cycle 804,STR-CY-804,0875dd4f-228d-4474-b252-795b021c64d0,piece,30,True,,2026-03-14 09:01:53
4ed5ad99-615c-453e-ba5a-9ba3ebff7e2d,Strauss Cycle 256,STR-CY-256,0875dd4f-228d-4474-b252-795b021c64d0,piece,82,True,,2025-06-21 09:01:53
2fb041b5-522c-4eb2-94b2-bdb7ad7aa9a1,Strauss Cycle 199,STR-CY-199,0875dd4f-228d-4474-b252-795b021c64d0,piece,36,True,,2025-07-15 09:01:53
3c6efd44-3a2b-4ff5-aae3-fd498491588f,Strauss Cycle 125,STR-CY-125,0875dd4f-228d-4474-b252-795b021c64d0,piece,69,True,,2026-02-14 09:01:53
c918cef8-2dd2-4193-bbf1-88170d9a5dfc,Strauss Cycle 224,STR-CY-224-48,0875dd4f-228d-4474-b252-795b021c64d0,piece,56,True,,2025-12-10 09:01:53
ac837f20-2dfb-4257-9fd9-216f920fe72f,Strauss Cycle 939,STR-CY-939,0875dd4f-228d-4474-b252-795b021c64d0,piece,35,True,,2025-06-08 09:01:53
506f95f3-ace7-48d6-a63d-63bbe3a288a6,Strauss Cycle 366,STR-CY-366,0875dd4f-228d-4474-b252-795b021c64d0,piece,83,True,,2025-04-12 09:01:53
1e0b42b9-32ef-4358-8c20-496cd422ad31,Strauss Cycle 731,STR-CY-731,0875dd4f-228d-4474-b252-795b021c64d0,piece,20,True,,2025-04-23 09:01:53
bcdd5e9f-87ae-4f17-84bc-5436bccfa166,Strauss Cycle 122,STR-CY-122,0875dd4f-228d-4474-b252-795b021c64d0,piece,28,True,,2025-04-12 09:01:53
1fc4a853-8f7d-46a2-b289-10dcdc92db3a,Strauss Cycle 346,STR-CY-346,0875dd4f-228d-4474-b252-795b021c64d0,piece,26,True,,2025-03-21 09:01:53
eda376c0-ed5b-4fae-9ec3-09060764f2a7,Strauss Cycle 659,STR-CY-659,0875dd4f-228d-4474-b252-795b021c64d0,piece,30,True,,2025-10-17 09:01:53
cc24014c-2dba-4a14-af8f-9eaaa3eef2b1,Strauss Cycle 396,STR-CY-396,0875dd4f-228d-4474-b252-795b021c64d0,piece,90,True,,2025-05-17 09:01:53
8cddb494-dc26-463e-a4d3-795f41186e2b,Strauss Cycle 604,STR-CY-604,0875dd4f-228d-4474-b252-795b021c64d0,piece,52,True,,2025-08-26 09:01:53
e308e303-84de-443f-ac13-7776e46887ce,Strauss Cycle 495,STR-CY-495,0875dd4f-228d-4474-b252-795b021c64d0,piece,94,True,,2025-07-20 09:01:53
f7acba64-9442-472f-b769-3980b230ea73,Strauss Cycle 526,STR-CY-526,0875dd4f-228d-4474-b252-795b021c64d0,piece,59,True,,2025-10-20 09:01:53
02f9419d-a8ce-4060-9f9f-9a3c949f7c77,Strauss Cycle 568,STR-CY-568,0875dd4f-228d-4474-b252-795b021c64d0,piece,20,True,,2026-03-09 09:01:53
3a8f9637-9c50-4d07-9e29-23e05c766544,Strauss Cycle 694,STR-CY-694,0875dd4f-228d-4474-b252-795b021c64d0,piece,43,True,,2025-04-15 09:01:53
7b624b90-75f4-4628-b066-7ae65b4ad840,Strauss Cycle 772,STR-CY-772,0875dd4f-228d-4474-b252-795b021c64d0,piece,84,True,,2025-09-14 09:01:53
bcce22d4-ee6e-4b73-b6ae-b00d6f4e28d6,Strauss Cycle 242,STR-CY-242,0875dd4f-228d-4474-b252-795b021c64d0,piece,64,True,,2025-07-23 09:01:53
2fd8f962-665c-44d0-b1b9-dcb350f660d3,Strauss Cycle 383,STR-CY-383,0875dd4f-228d-4474-b252-795b021c64d0,piece,6,False,,2025-09-12 09:01:53
ac0b8595-0b55-4b29-b7cc-9e9f62c8e58f,Strauss Cycle 612,STR-CY-612,0875dd4f-228d-4474-b252-795b021c64d0,piece,69,True,,2025-03-18 09:01:53
98b5a9bb-4f3a-4965-ba80-5c9027974094,Strauss Cycle 637,STR-CY-637,0875dd4f-228d-4474-b252-795b021c64d0,piece,54,True,,2025-12-15 09:01:53
f17c86d4-b316-4249-ba1d-16db2dfd9d91,Strauss Cycle 771,STR-CY-771,0875dd4f-228d-4474-b252-795b021c64d0,piece,24,True,,2025-05-30 09:01:53
2cd96e00-82a6-4ca4-a080-df45c0e02541,Strauss Cycle 447,STR-CY-447,0875dd4f-228d-4474-b252-795b021c64d0,piece,63,True,,2026-01-02 09:01:53
56e88d21-0c28-49f3-8f2f-bfaa27ef8f97,Strauss Cycle 385,STR-CY-385,0875dd4f-228d-4474-b252-795b021c64d0,piece,89,True,,2025-08-25 09:01:53
5135a654-f9e7-4242-8a97-bad588985e56,Strauss Cycle 169,STR-CY-169,0875dd4f-228d-4474-b252-795b021c64d0,piece,87,True,,2025-07-16 09:01:53
fe397cb8-b04c-49b5-bed8-0317d2d17537,Strauss Cycle 720,STR-CY-720,0875dd4f-228d-4474-b252-795b021c64d0,piece,89,True,,2025-03-17 09:01:53
fa558c27-fe3f-4af9-8212-edd96bc21802,Strauss Cycle 619,STR-CY-619,0875dd4f-228d-4474-b252-795b021c64d0,piece,89,True,,2026-01-07 09:01:53
8810a3b1-2b7b-4907-b248-03947a46b271,Strauss Cycle 814,STR-CY-814,0875dd4f-228d-4474-b252-795b021c64d0,piece,46,True,,2025-05-21 09:01:53
e5d824ee-0ddd-4867-84cc-ed3048eed3e3,Strauss Cycle 456,STR-CY-456,0875dd4f-228d-4474-b252-795b021c64d0,piece,79,True,,2025-08-20 09:01:53
fec1cf0d-698b-435c-9318-2b68710c4f8f,Strauss Cycle 169,STR-CY-169-15,0875dd4f-228d-4474-b252-795b021c64d0,piece,8,True,,2025-12-23 09:01:53
28d6f53c-2cf2-4cfb-94e5-8aecb44c2739,Strauss Cycle 337,STR-CY-337,0875dd4f-228d-4474-b252-795b021c64d0,piece,17,True,,2025-07-02 09:01:53
d4b85339-8886-4a2a-8c6c-d051ac95a1fa,Strauss Cycle 795,STR-CY-795,0875dd4f-228d-4474-b252-795b021c64d0,piece,65,True,,2025-11-16 09:01:53
b06060bc-15dd-4392-ba72-793c6540a2f0,Strauss Cycle 890,STR-CY-890,0875dd4f-228d-4474-b252-795b021c64d0,piece,98,True,,2026-01-20 09:01:53
58d80817-d585-4a19-ab0a-908035a7dbef,Strauss Cycle 278,STR-CY-278,0875dd4f-228d-4474-b252-795b021c64d0,piece,98,True,,2025-08-11 09:01:53
9d9f5193-833b-428a-be60-e5e776adbf64,SG Tennis Ball 165,SGT-TB-165,0875dd4f-228d-4474-b252-795b021c64d0,box,12,True,,2026-01-15 09:01:53
56260265-aa85-4289-b62a-594001e5bc46,SG Tennis Ball 138,SGT-TB-138,0875dd4f-228d-4474-b252-795b021c64d0,box,100,True,,2025-09-04 09:01:53
0411219d-8fcc-4aef-923b-65f858d0d61c,SG Tennis Ball 721,SGT-TB-721,0875dd4f-228d-4474-b252-795b021c64d0,box,85,True,,2025-12-15 09:01:53
1b3e3627-eb71-4e61-b606-2ca0905cefbd,SG Tennis Ball 428,SGT-TB-428,0875dd4f-228d-4474-b252-795b021c64d0,box,18,True,,2025-09-02 09:01:53
c6d53c4a-a7fa-4e7c-8e45-05723cdec6b1,SG Tennis Ball 236,SGT-TB-236,0875dd4f-228d-4474-b252-795b021c64d0,box,86,True,,2025-12-02 09:01:53
459846e4-da90-434b-809f-2421703ae4f1,SG Tennis Ball 300,SGT-TB-300,0875dd4f-228d-4474-b252-795b021c64d0,box,37,True,,2025-04-01 09:01:53
32d72447-267e-4bb5-88f7-4677f2765786,SG Tennis Ball 392,SGT-TB-392,0875dd4f-228d-4474-b252-795b021c64d0,box,33,True,,2025-12-22 09:01:53
45b5d7d6-52ea-4249-aac8-66bb5b2372f9,SG Tennis Ball 544,SGT-TB-544,0875dd4f-228d-4474-b252-795b021c64d0,box,72,True,,2025-12-06 09:01:53
2424f544-3c37-46af-88e1-ba823c57d17f,SG Tennis Ball 188,SGT-TB-188,0875dd4f-228d-4474-b252-795b021c64d0,box,79,True,,2025-04-06 09:01:53
994f5ed1-e624-4b42-b566-3134746ca038,SG Tennis Ball 198,SGT-TB-198,0875dd4f-228d-4474-b252-795b021c64d0,box,31,True,,2026-01-02 09:01:53
67462f6d-d89b-4cef-9920-032f7a07d5c7,SG Tennis Ball 105,SGT-TB-105,0875dd4f-228d-4474-b252-795b021c64d0,box,51,True,,2025-05-28 09:01:53
966e2de7-574a-40c8-bf1a-9e43e324cd85,SG Tennis Ball 659,SGT-TB-659,0875dd4f-228d-4474-b252-795b021c64d0,box,14,True,,2025-03-30 09:01:53
e3ee8f7c-f935-432f-b6c4-e18c1d38ce02,SG Tennis Ball 847,SGT-TB-847,0875dd4f-228d-4474-b252-795b021c64d0,box,98,True,,2025-07-03 09:01:53
f91064e6-0311-438d-b145-9613c11bb60a,SG Tennis Ball 294,SGT-TB-294,0875dd4f-228d-4474-b252-795b021c64d0,box,31,True,,2025-07-15 09:01:53
d0103faf-f0a1-4063-8edd-e53a627f86ea,SG Tennis Ball 612,SGT-TB-612,0875dd4f-228d-4474-b252-795b021c64d0,box,50,True,,2025-06-01 09:01:53
0e640a2b-9cd8-4e76-a013-806c6da93134,SG Tennis Ball 973,SGT-TB-973,0875dd4f-228d-4474-b252-795b021c64d0,box,22,True,,2025-08-02 09:01:53
6435ba16-d8cc-4220-a052-94d7a4f80ccc,SG Tennis Ball 537,SGT-TB-537,0875dd4f-228d-4474-b252-795b021c64d0,box,85,True,,2026-02-06 09:01:53
c8079bba-3b4f-4547-a9bb-bb6547feb60c,SG Tennis Ball 682,SGT-TB-682,0875dd4f-228d-4474-b252-795b021c64d0,box,15,True,,2025-06-23 09:01:53
76ade27d-42e2-44b1-b460-3cd8b9cb2cd0,SG Tennis Ball 405,SGT-TB-405,0875dd4f-228d-4474-b252-795b021c64d0,box,17,True,,2025-11-16 09:01:53
4978138d-0e4f-4617-8e25-d71b9cf68e70,SG Tennis Ball 152,SGT-TB-152,0875dd4f-228d-4474-b252-795b021c64d0,box,81,True,,2026-03-03 09:01:53
9a4a9f85-df7c-47e9-8286-d93bf7ac6317,SG Tennis Ball 329,SGT-TB-329,0875dd4f-228d-4474-b252-795b021c64d0,box,42,False,,2025-11-06 09:01:53
a7fb51f3-9b01-4da9-83dd-bde0fdd06fbd,SG Tennis Ball 499,SGT-TB-499,0875dd4f-228d-4474-b252-795b021c64d0,box,95,True,,2025-12-24 09:01:53
04d30830-b838-4ccc-a659-49aac2199326,SG Tennis Ball 394,SGT-TB-394,0875dd4f-228d-4474-b252-795b021c64d0,box,14,True,,2025-11-11 09:01:53
ba66248a-7512-4404-8f39-ffb40dcfc7e5,SG Tennis Ball 973,SGT-TB-973-76,0875dd4f-228d-4474-b252-795b021c64d0,box,83,True,,2025-08-22 09:01:53
4a21ac30-3ef4-4bea-8704-1d1924f2b2c5,SG Tennis Ball 733,SGT-TB-733,0875dd4f-228d-4474-b252-795b021c64d0,box,12,True,,2026-01-17 09:01:53
70321a4d-f63d-4272-91d6-ec0003280d44,SG Tennis Ball 696,SGT-TB-696,0875dd4f-228d-4474-b252-795b021c64d0,box,65,False,,2025-10-31 09:01:53
66534e45-0ce2-4ab9-8a23-78ff6d8090a5,SG Tennis Ball 768,SGT-TB-768,0875dd4f-228d-4474-b252-795b021c64d0,box,8,True,,2025-08-11 09:01:53
bad2b5a2-74a3-4698-974c-4b506286cf58,SG Tennis Ball 367,SGT-TB-367,0875dd4f-228d-4474-b252-795b021c64d0,box,30,True,,2026-02-12 09:01:53
676140ef-21f8-4d03-b2c8-ffc0f0a60d5f,SG Tennis Ball 242,SGT-TB-242,0875dd4f-228d-4474-b252-795b021c64d0,box,31,True,,2025-09-27 09:01:53
13234994-55e8-4585-9c52-d9ed474eb2f9,SG Tennis Ball 875,SGT-TB-875,0875dd4f-228d-4474-b252-795b021c64d0,box,89,False,,2026-02-11 09:01:53
866c070c-60f9-444d-b83e-a6c368b924a1,SG Tennis Ball 341,SGT-TB-341,0875dd4f-228d-4474-b252-795b021c64d0,box,68,True,,2025-05-30 09:01:53
1c1b6f52-84ba-4bc5-bfe7-bbf451857606,SG Tennis Ball 724,SGT-TB-724,0875dd4f-228d-4474-b252-795b021c64d0,box,94,True,,2026-02-24 09:01:53
156844a2-bd61-4d1e-bf94-c35442622bdf,SG Tennis Ball 454,SGT-TB-454,0875dd4f-228d-4474-b252-795b021c64d0,box,14,False,,2025-05-12 09:01:53
50eaad0d-71ef-46ce-8540-0e5c5f145ad2,SG Tennis Ball 857,SGT-TB-857,0875dd4f-228d-4474-b252-795b021c64d0,box,83,False,,2025-06-05 09:01:53
d8cfa450-7104-4aec-b484-c8522e7a6a55,SG Tennis Ball 590,SGT-TB-590,0875dd4f-228d-4474-b252-795b021c64d0,box,21,True,,2026-02-21 09:01:53
879348c8-2fbf-462f-9da4-8b492cd9eade,SG Tennis Ball 206,SGT-TB-206,0875dd4f-228d-4474-b252-795b021c64d0,box,9,True,,2025-11-19 09:01:53
2a940a32-a633-47ec-855d-02aeff797596,SG Tennis Ball 765,SGT-TB-765,0875dd4f-228d-4474-b252-795b021c64d0,box,49,True,,2025-10-10 09:01:53
716217ab-f8ce-48c0-bc7c-5fd3a20ecf11,SG Tennis Ball 900,SGT-TB-900,0875dd4f-228d-4474-b252-795b021c64d0,box,34,True,,2026-02-14 09:01:53
146d3067-d590-4c37-aba8-7b04a1eaeb8c,SG Tennis Ball 126,SGT-TB-126,0875dd4f-228d-4474-b252-795b021c64d0,box,30,True,,2025-09-01 09:01:53
a69ddfca-85a2-4940-8ad3-541ecfd7ccb9,SG Tennis Ball 798,SGT-TB-798,0875dd4f-228d-4474-b252-795b021c64d0,box,92,True,,2025-06-05 09:01:53
2f5f4d05-fe90-43ee-9c40-3e5c43560656,SG Tennis Ball 593,SGT-TB-593,0875dd4f-228d-4474-b252-795b021c64d0,box,11,True,,2025-09-02 09:01:53
e186bde7-d3bb-494f-be2d-19e5b879bf94,SG Tennis Ball 812,SGT-TB-812,0875dd4f-228d-4474-b252-795b021c64d0,box,21,True,,2025-08-08 09:01:53
2b6f5bb4-9cc0-4718-9903-7671a22ec458,SG Tennis Ball 662,SGT-TB-662,0875dd4f-228d-4474-b252-795b021c64d0,box,22,True,,2026-01-13 09:01:53
50742456-76b2-472d-bde7-dab0f73cd47d,SG Tennis Ball 730,SGT-TB-730,0875dd4f-228d-4474-b252-795b021c64d0,box,52,True,,2025-09-20 09:01:53
1f554718-6d80-4a12-89ac-d413a68ab9cb,SG Tennis Ball 547,SGT-TB-547,0875dd4f-228d-4474-b252-795b021c64d0,box,12,True,,2026-01-26 09:01:53
fe32e0b5-6be2-4b39-84c8-6d72456c7602,SG Tennis Ball 702,SGT-TB-702,0875dd4f-228d-4474-b252-795b021c64d0,box,6,True,,2025-06-13 09:01:53
0c457154-b416-48ad-a61f-2adcb81172ca,SG Tennis Ball 681,SGT-TB-681,0875dd4f-228d-4474-b252-795b021c64d0,box,10,False,,2026-03-07 09:01:53
7b05c005-0e32-4689-80f9-b957b94a39f5,SG Tennis Ball 994,SGT-TB-994,0875dd4f-228d-4474-b252-795b021c64d0,box,97,True,,2026-02-13 09:01:53
e9a4a3c9-c345-4ba9-9d1e-4cce4b9eedf7,SG Tennis Ball 178,SGT-TB-178,0875dd4f-228d-4474-b252-795b021c64d0,box,12,True,,2025-12-12 09:01:53
8d149c1e-7e95-4ca2-bb9d-6908d09afebf,SG Tennis Ball 389,SGT-TB-389,0875dd4f-228d-4474-b252-795b021c64d0,box,10,True,,2025-05-10 09:01:53
379c12ce-53d8-4fd5-a4fc-715ee0a17f9d,Vector X Gloves 770,VEX-GL-770,0875dd4f-228d-4474-b252-795b021c64d0,pair,36,False,,2026-01-07 09:01:53
03f7a228-a861-4295-b1a7-95203218d3ca,Vector X Gloves 720,VEX-GL-720,0875dd4f-228d-4474-b252-795b021c64d0,pair,55,True,,2026-01-11 09:01:53
22f248b7-ce27-4cf7-9bd7-8debcd74b849,Vector X Gloves 772,VEX-GL-772,0875dd4f-228d-4474-b252-795b021c64d0,pair,14,True,,2025-06-09 09:01:53
73b0c916-5cb3-44c9-82c2-bea966dde42b,Vector X Gloves 310,VEX-GL-310,0875dd4f-228d-4474-b252-795b021c64d0,pair,68,True,,2025-09-13 09:01:53
772e9bc0-6393-4fb4-9be8-c5f1661f12bb,Vector X Gloves 979,VEX-GL-979,0875dd4f-228d-4474-b252-795b021c64d0,pair,33,True,,2025-10-11 09:01:53
51dbdb16-3e93-4c2e-8498-91b7c708c4ca,Vector X Gloves 475,VEX-GL-475,0875dd4f-228d-4474-b252-795b021c64d0,pair,75,True,,2025-04-14 09:01:53
9fa46167-347f-4ad8-a13c-4a19c7bb0320,Vector X Gloves 350,VEX-GL-350,0875dd4f-228d-4474-b252-795b021c64d0,pair,72,True,,2025-10-02 09:01:53
3094b3a0-ff61-41e2-914f-32e24663a672,Vector X Gloves 814,VEX-GL-814,0875dd4f-228d-4474-b252-795b021c64d0,pair,74,True,,2026-02-15 09:01:53
b6f400c4-345d-4b04-873d-ad924c1184dc,Vector X Gloves 454,VEX-GL-454,0875dd4f-228d-4474-b252-795b021c64d0,pair,57,True,,2025-04-30 09:01:53
ad9347dc-ceac-4444-a2f9-278b822e1a84,Vector X Gloves 597,VEX-GL-597,0875dd4f-228d-4474-b252-795b021c64d0,pair,40,True,,2026-01-03 09:01:53
228fcec7-ab97-4848-a259-47dd4cc17618,Vector X Gloves 961,VEX-GL-961,0875dd4f-228d-4474-b252-795b021c64d0,pair,71,True,,2025-06-04 09:01:53
c1cf4b72-106e-4dd1-9adc-21f7fcc81930,Vector X Gloves 315,VEX-GL-315,0875dd4f-228d-4474-b252-795b021c64d0,pair,20,True,,2026-01-01 09:01:53
d66e292b-9f79-4838-8e61-50a1dde21cbc,Vector X Gloves 136,VEX-GL-136,0875dd4f-228d-4474-b252-795b021c64d0,pair,35,True,,2025-04-16 09:01:53
f63aa5cb-4756-4fc2-88a2-ac78289d740c,Vector X Gloves 882,VEX-GL-882,0875dd4f-228d-4474-b252-795b021c64d0,pair,63,False,,2026-03-04 09:01:53
da97f5e0-417c-4982-8935-20f24197fac1,Vector X Gloves 610,VEX-GL-610,0875dd4f-228d-4474-b252-795b021c64d0,pair,9,True,,2025-05-17 09:01:53
86cb01d1-1aea-46d2-84f8-a236fea4fe31,Vector X Gloves 493,VEX-GL-493,0875dd4f-228d-4474-b252-795b021c64d0,pair,43,True,,2026-01-30 09:01:53
dd8af1de-a6b1-4735-b6ae-6f2ae63cc78d,Vector X Gloves 161,VEX-GL-161,0875dd4f-228d-4474-b252-795b021c64d0,pair,40,True,,2025-08-30 09:01:53
0149dea4-f987-42ff-8e4a-f862c2ef5dfa,Vector X Gloves 607,VEX-GL-607,0875dd4f-228d-4474-b252-795b021c64d0,pair,7,True,,2025-08-30 09:01:53
10aa4e87-2e56-45fa-ae8e-885e70a97b7f,Vector X Gloves 554,VEX-GL-554,0875dd4f-228d-4474-b252-795b021c64d0,pair,10,True,,2025-09-01 09:01:53
61f2d30c-ef78-4806-9896-717b6ad3b060,Vector X Gloves 288,VEX-GL-288,0875dd4f-228d-4474-b252-795b021c64d0,pair,89,True,,2026-02-16 09:01:53
9b767ca9-6d01-4d98-b912-d71954d38c73,Vector X Gloves 776,VEX-GL-776,0875dd4f-228d-4474-b252-795b021c64d0,pair,44,True,,2025-09-17 09:01:53
a727f96c-9236-443b-bb24-37b3b31488a4,Vector X Gloves 126,VEX-GL-126,0875dd4f-228d-4474-b252-795b021c64d0,pair,82,True,,2025-09-23 09:01:53
c6fae2f5-7281-4c95-a14f-662ac1569436,Vector X Gloves 948,VEX-GL-948,0875dd4f-228d-4474-b252-795b021c64d0,pair,38,True,,2025-05-16 09:01:53
8707e492-5e6c-4b6b-b73c-4a27a7f166b6,Vector X Gloves 321,VEX-GL-321,0875dd4f-228d-4474-b252-795b021c64d0,pair,8,True,,2025-04-30 09:01:53
5e365e2a-7093-4731-9dd7-2345e557a522,Vector X Gloves 544,VEX-GL-544,0875dd4f-228d-4474-b252-795b021c64d0,pair,59,True,,2026-02-13 09:01:53
814a3379-5368-4be4-b22a-aa15f989a9ed,Vector X Gloves 926,VEX-GL-926,0875dd4f-228d-4474-b252-795b021c64d0,pair,18,True,,2025-04-01 09:01:53
8b831574-13b1-4c1e-bdda-04584ce3cfbf,Vector X Gloves 394,VEX-GL-394,0875dd4f-228d-4474-b252-795b021c64d0,pair,73,True,,2025-05-25 09:01:53
394a421c-f8a1-4876-898e-ef3a8be11bbc,Vector X Gloves 836,VEX-GL-836,0875dd4f-228d-4474-b252-795b021c64d0,pair,77,True,,2025-11-01 09:01:53
f4ae667b-4ba3-4045-a667-1c14e986ef17,Vector X Gloves 266,VEX-GL-266,0875dd4f-228d-4474-b252-795b021c64d0,pair,53,True,,2025-11-13 09:01:53
402dd692-41a4-429d-a3c2-c2b6dfe2e1d2,Vector X Gloves 235,VEX-GL-235,0875dd4f-228d-4474-b252-795b021c64d0,pair,6,True,,2025-03-30 09:01:53
29813eec-7aef-48fa-9c96-31d8c19eb4a3,Vector X Gloves 380,VEX-GL-380,0875dd4f-228d-4474-b252-795b021c64d0,pair,15,False,,2025-06-10 09:01:53
b48f4696-21ed-4fd9-821b-e5a8efa48589,Vector X Gloves 402,VEX-GL-402,0875dd4f-228d-4474-b252-795b021c64d0,pair,48,True,,2026-02-23 09:01:53
4934c5ab-fd46-43ac-915d-af3b45afb385,Vector X Gloves 730,VEX-GL-730,0875dd4f-228d-4474-b252-795b021c64d0,pair,40,True,,2025-04-11 09:01:53
d7df627d-7d70-4571-9c84-b0bc0e1f6995,Vector X Gloves 356,VEX-GL-356,0875dd4f-228d-4474-b252-795b021c64d0,pair,88,True,,2025-05-07 09:01:53
2d21112c-a323-408e-9f89-b0c4112b31da,Vector X Gloves 112,VEX-GL-112,0875dd4f-228d-4474-b252-795b021c64d0,pair,20,True,,2025-04-10 09:01:53
1f37a3df-c138-4e3f-a716-64197d1d63a9,Vector X Gloves 428,VEX-GL-428,0875dd4f-228d-4474-b252-795b021c64d0,pair,38,True,,2025-07-30 09:01:53
6e677777-5a7f-435f-8eee-6e56569b0f5c,Vector X Gloves 573,VEX-GL-573,0875dd4f-228d-4474-b252-795b021c64d0,pair,7,True,,2025-07-19 09:01:53
d9f9a77d-e864-427d-a040-0bd1842721e7,Vector X Gloves 137,VEX-GL-137,0875dd4f-228d-4474-b252-795b021c64d0,pair,50,True,,2025-06-03 09:01:53
16c75aea-fcc8-4e25-827c-a7447469d279,Vector X Gloves 323,VEX-GL-323,0875dd4f-228d-4474-b252-795b021c64d0,pair,57,True,,2026-02-02 09:01:53
4ae7fd47-7a87-45b3-a85a-097dc518a316,Vector X Gloves 383,VEX-GL-383,0875dd4f-228d-4474-b252-795b021c64d0,pair,83,True,,2026-02-10 09:01:53
c9421525-667b-49e9-aadf-5d511d1dff26,Vector X Gloves 551,VEX-GL-551,0875dd4f-228d-4474-b252-795b021c64d0,pair,28,True,,2025-10-24 09:01:53
397dc7b4-1423-4826-9357-f81021cedc21,Vector X Gloves 365,VEX-GL-365,0875dd4f-228d-4474-b252-795b021c64d0,pair,68,True,,2025-04-26 09:01:53
c5488c24-a36d-4525-a91b-c4dbdcb7eb05,Vector X Gloves 278,VEX-GL-278,0875dd4f-228d-4474-b252-795b021c64d0,pair,23,True,,2025-04-13 09:01:53
2c905105-7f0a-4586-aafe-6f3586cf8cc6,Vector X Gloves 150,VEX-GL-150,0875dd4f-228d-4474-b252-795b021c64d0,pair,34,True,,2026-02-23 09:01:53
996fbe19-2657-4fdb-98da-410150d7ea9f,Vector X Gloves 288,VEX-GL-288-97,0875dd4f-228d-4474-b252-795b021c64d0,pair,69,True,,2025-05-22 09:01:53
0023e060-8a13-4d69-9983-19900d84e657,Vector X Gloves 424,VEX-GL-424,0875dd4f-228d-4474-b252-795b021c64d0,pair,10,True,,2025-11-18 09:01:53
2428f5f5-3453-4232-93cb-a313561e505b,Vector X Gloves 162,VEX-GL-162,0875dd4f-228d-4474-b252-795b021c64d0,pair,96,False,,2025-11-03 09:01:53
90ea14ce-7088-4a15-8fbe-295a88549e97,Vector X Gloves 116,VEX-GL-116,0875dd4f-228d-4474-b252-795b021c64d0,pair,91,True,,2025-09-15 09:01:53
4e382a90-5ad8-4f33-a8a2-f801006f696e,Vector X Gloves 653,VEX-GL-653,0875dd4f-228d-4474-b252-795b021c64d0,pair,96,True,,2025-11-14 09:01:53
25430351-175c-44ae-9d26-e859bda50c09,Vector X Gloves 458,VEX-GL-458,0875dd4f-228d-4474-b252-795b021c64d0,pair,18,True,,2025-07-30 09:01:53
59a1dc96-534c-47a5-a1ac-cfd4b318cb0f,Nivia Basketball 215,NIV-BK-215,0875dd4f-228d-4474-b252-795b021c64d0,piece,70,True,,2025-11-30 09:01:53
3f8b26b0-94b2-465e-8687-92611eda09dc,Nivia Basketball 433,NIV-BK-433,0875dd4f-228d-4474-b252-795b021c64d0,piece,78,True,,2025-03-31 09:01:53
e107cb52-68ba-4420-85f8-dbaa3768b057,Nivia Basketball 525,NIV-BK-525,0875dd4f-228d-4474-b252-795b021c64d0,piece,14,True,,2025-10-21 09:01:53
8f984100-d0bc-4c1e-a272-18c69b94b750,Nivia Basketball 246,NIV-BK-246,0875dd4f-228d-4474-b252-795b021c64d0,piece,8,True,,2025-09-11 09:01:53
73c4854b-826b-4afe-b4de-bf6ef0212003,Nivia Basketball 443,NIV-BK-443,0875dd4f-228d-4474-b252-795b021c64d0,piece,57,True,,2025-09-04 09:01:53
42856350-f21f-4efe-bf7e-7667d3bb482c,Nivia Basketball 581,NIV-BK-581,0875dd4f-228d-4474-b252-795b021c64d0,piece,42,True,,2025-12-22 09:01:53
8cef578c-957a-4b0c-8d53-a797f8bada37,Nivia Basketball 477,NIV-BK-477,0875dd4f-228d-4474-b252-795b021c64d0,piece,10,True,,2025-12-28 09:01:53
7d3816a3-f20d-4913-b94d-164cd6602c0a,Nivia Basketball 705,NIV-BK-705,0875dd4f-228d-4474-b252-795b021c64d0,piece,8,True,,2025-11-26 09:01:53
f482f083-f513-44a3-9e9a-4d3c5a36301c,Nivia Basketball 927,NIV-BK-927,0875dd4f-228d-4474-b252-795b021c64d0,piece,45,True,,2025-06-27 09:01:53
9098b0db-8deb-493a-a249-ac2503205d14,Nivia Basketball 902,NIV-BK-902,0875dd4f-228d-4474-b252-795b021c64d0,piece,79,True,,2025-11-24 09:01:53
29185194-234e-473f-aab2-1a4767e3db78,Nivia Basketball 487,NIV-BK-487,0875dd4f-228d-4474-b252-795b021c64d0,piece,79,True,,2025-12-28 09:01:53
14f26557-cd5b-4c50-b7e8-c079eb5f331c,Nivia Basketball 490,NIV-BK-490,0875dd4f-228d-4474-b252-795b021c64d0,piece,88,True,,2026-02-03 09:01:53
529f3fad-90b6-47f9-a4aa-f49f991ef939,Nivia Basketball 329,NIV-BK-329,0875dd4f-228d-4474-b252-795b021c64d0,piece,77,True,,2025-05-24 09:01:53
3db4d44d-5f42-4476-9556-f99c8001946c,Nivia Basketball 745,NIV-BK-745,0875dd4f-228d-4474-b252-795b021c64d0,piece,75,True,,2025-06-12 09:01:53
70ff340e-5405-4f37-9160-9bbf33351f51,Nivia Basketball 850,NIV-BK-850,0875dd4f-228d-4474-b252-795b021c64d0,piece,20,True,,2025-06-17 09:01:53
76ff9da3-61c0-4a96-805c-d93388545654,Nivia Basketball 917,NIV-BK-917,0875dd4f-228d-4474-b252-795b021c64d0,piece,11,True,,2025-04-11 09:01:53
2e6bb7f0-adae-47f0-8ed8-dc5de9754496,Nivia Basketball 637,NIV-BK-637,0875dd4f-228d-4474-b252-795b021c64d0,piece,71,True,,2025-10-28 09:01:53
b696baab-bc91-42dd-b030-29fd060fceb6,Nivia Basketball 299,NIV-BK-299,0875dd4f-228d-4474-b252-795b021c64d0,piece,78,True,,2025-11-10 09:01:53
d842a8ad-ef7d-4376-92f4-bdf9a82b64bd,Nivia Basketball 436,NIV-BK-436,0875dd4f-228d-4474-b252-795b021c64d0,piece,36,True,,2025-09-10 09:01:53
411d3ef1-75d1-4647-939c-3f70e7641b57,Nivia Basketball 336,NIV-BK-336,0875dd4f-228d-4474-b252-795b021c64d0,piece,63,True,,2026-01-14 09:01:53
e7e58d8a-9838-4ac7-b6b2-c2dd2e6d70c7,Nivia Basketball 809,NIV-BK-809,0875dd4f-228d-4474-b252-795b021c64d0,piece,35,True,,2025-08-17 09:01:53
5cba457c-1fcc-4148-8dcd-b46282ede6e5,Nivia Basketball 470,NIV-BK-470,0875dd4f-228d-4474-b252-795b021c64d0,piece,15,True,,2025-06-29 09:01:53
0a3fb3ef-af20-4c61-9154-a04822429225,Nivia Basketball 178,NIV-BK-178,0875dd4f-228d-4474-b252-795b021c64d0,piece,51,True,,2025-05-09 09:01:53
6cdefd77-a08f-442e-918d-190f4e28a321,Nivia Basketball 335,NIV-BK-335,0875dd4f-228d-4474-b252-795b021c64d0,piece,62,True,,2025-11-17 09:01:53
04f04fec-ad3f-45e3-bf19-6ebeead81d92,Nivia Basketball 683,NIV-BK-683,0875dd4f-228d-4474-b252-795b021c64d0,piece,21,False,,2025-11-09 09:01:53
bef0062b-d1eb-4a85-a1f8-fafaefebbbc6,Nivia Basketball 895,NIV-BK-895,0875dd4f-228d-4474-b252-795b021c64d0,piece,57,True,,2025-04-08 09:01:53
f6ebd7c3-6ae5-4f47-930d-5ef201714ee5,Nivia Basketball 241,NIV-BK-241,0875dd4f-228d-4474-b252-795b021c64d0,piece,82,True,,2025-10-19 09:01:53
3efec404-6329-4247-b44d-dfa611e4667e,Nivia Basketball 449,NIV-BK-449,0875dd4f-228d-4474-b252-795b021c64d0,piece,45,True,,2025-08-17 09:01:53
7a703af2-39da-44d9-aa82-f9b1063204ba,Nivia Basketball 531,NIV-BK-531,0875dd4f-228d-4474-b252-795b021c64d0,piece,69,False,,2025-05-24 09:01:53
709befe3-467c-4e66-a8ec-15bed0ca55f0,Nivia Basketball 606,NIV-BK-606,0875dd4f-228d-4474-b252-795b021c64d0,piece,85,True,,2025-12-03 09:01:53
6847c737-7461-4e56-99b3-f2415e4b98f5,Nivia Basketball 284,NIV-BK-284,0875dd4f-228d-4474-b252-795b021c64d0,piece,63,True,,2026-01-12 09:01:53
514667de-5b30-40c0-a961-ab25cf399983,Nivia Basketball 528,NIV-BK-528,0875dd4f-228d-4474-b252-795b021c64d0,piece,38,True,,2025-03-15 09:01:53
5de126ab-fc3b-46be-b090-aa49de5b2fa7,Nivia Basketball 581,NIV-BK-581-22,0875dd4f-228d-4474-b252-795b021c64d0,piece,21,True,,2025-08-06 09:01:53
126434af-cdbb-410a-879a-93eb1a491227,Nivia Basketball 124,NIV-BK-124,0875dd4f-228d-4474-b252-795b021c64d0,piece,93,True,,2026-02-05 09:01:53
87c62b0d-0f50-4dc3-9600-39dc61d9e130,Nivia Basketball 235,NIV-BK-235,0875dd4f-228d-4474-b252-795b021c64d0,piece,70,True,,2025-08-28 09:01:53
80f19088-c12c-407b-b500-4ccab64c0062,Nivia Basketball 532,NIV-BK-532,0875dd4f-228d-4474-b252-795b021c64d0,piece,50,True,,2025-03-23 09:01:53
f979625e-5a50-4999-9bf5-46d03a94c1ed,Nivia Basketball 670,NIV-BK-670,0875dd4f-228d-4474-b252-795b021c64d0,piece,35,True,,2026-01-13 09:01:53
bf538d5a-ecf1-4dd5-a95e-a248cbc7c7a6,Nivia Basketball 444,NIV-BK-444,0875dd4f-228d-4474-b252-795b021c64d0,piece,48,True,,2025-05-03 09:01:53
25df6fd8-b870-4c8b-9974-f56a0f8bb066,Nivia Basketball 210,NIV-BK-210,0875dd4f-228d-4474-b252-795b021c64d0,piece,97,True,,2025-09-14 09:01:53
6b90cd18-5bf2-4db6-a758-decee8050784,Nivia Basketball 559,NIV-BK-559,0875dd4f-228d-4474-b252-795b021c64d0,piece,57,True,,2025-08-03 09:01:53
6c3cea0c-566d-459e-899d-ddcf0a3c9bb9,Nivia Basketball 396,NIV-BK-396,0875dd4f-228d-4474-b252-795b021c64d0,piece,66,True,,2025-12-11 09:01:53
b54b9704-2753-4d27-bf43-87f77b328141,Nivia Basketball 841,NIV-BK-841,0875dd4f-228d-4474-b252-795b021c64d0,piece,80,False,,2025-06-27 09:01:53
ebb79fc7-3271-4259-b7fb-692423f60402,Nivia Basketball 185,NIV-BK-185,0875dd4f-228d-4474-b252-795b021c64d0,piece,24,True,,2025-05-15 09:01:53
c554a597-275f-4170-9c8d-306e8b2edc7f,Nivia Basketball 707,NIV-BK-707,0875dd4f-228d-4474-b252-795b021c64d0,piece,52,True,,2025-07-25 09:01:53
9c3417e7-4c4f-4d76-a2fd-cc82f5106a28,Nivia Basketball 488,NIV-BK-488,0875dd4f-228d-4474-b252-795b021c64d0,piece,46,True,,2025-06-27 09:01:53
9bb71cba-9ae8-4596-83fd-a39f69faf482,Nivia Basketball 839,NIV-BK-839,0875dd4f-228d-4474-b252-795b021c64d0,piece,80,True,,2026-01-24 09:01:53
580f5e4f-157f-43ca-a661-d62a6dab5f7d,Nivia Basketball 337,NIV-BK-337,0875dd4f-228d-4474-b252-795b021c64d0,piece,43,True,,2026-02-18 09:01:53
ae971ab8-406a-4944-8ccf-1230ec8c510a,Nivia Basketball 677,NIV-BK-677,0875dd4f-228d-4474-b252-795b021c64d0,piece,71,True,,2025-05-22 09:01:53
35c5ced0-5d0f-4662-9732-b56a165a90a1,Nivia Basketball 620,NIV-BK-620,0875dd4f-228d-4474-b252-795b021c64d0,piece,59,True,,2025-08-30 09:01:53
2dff556e-51af-4e51-b9d3-2d5021435069,Nivia Basketball 426,NIV-BK-426,0875dd4f-228d-4474-b252-795b021c64d0,piece,27,False,,2026-02-21 09:01:53
e3df3a38-98a2-4fe5-a3b8-8b967902bafa,Classmate Notebook 933pg,CLS-NB-933,08b50124-be60-4751-b344-1f56e85b20e6,piece,99,True,,2025-11-27 09:01:53
d1321e8c-5cf9-4c2a-ba99-92efdfab30b0,Classmate Notebook 540pg,CLS-NB-540,08b50124-be60-4751-b344-1f56e85b20e6,piece,71,True,,2025-05-03 09:01:53
1fba6d27-adb3-48fa-97c9-ec5a83855ab6,Classmate Notebook 421pg,CLS-NB-421,08b50124-be60-4751-b344-1f56e85b20e6,piece,17,True,,2025-12-20 09:01:53
453c31ca-89c4-45fb-933b-630a64081fd1,Classmate Notebook 221pg,CLS-NB-221,08b50124-be60-4751-b344-1f56e85b20e6,piece,41,True,,2025-08-02 09:01:53
21906cd1-821a-4efc-8e37-bf2c984260da,Classmate Notebook 329pg,CLS-NB-329,08b50124-be60-4751-b344-1f56e85b20e6,piece,26,True,,2025-11-02 09:01:53
acf8805e-cd28-4f07-abb3-5a0ec66d15a7,Classmate Notebook 720pg,CLS-NB-720,08b50124-be60-4751-b344-1f56e85b20e6,piece,18,False,,2025-04-07 09:01:53
20593cdc-be17-4012-8c38-62c477865ba2,Classmate Notebook 385pg,CLS-NB-385,08b50124-be60-4751-b344-1f56e85b20e6,piece,23,True,,2025-06-05 09:01:53
0823ef94-dbed-43bc-bc00-e2beb5a9d5e8,Classmate Notebook 958pg,CLS-NB-958,08b50124-be60-4751-b344-1f56e85b20e6,piece,70,True,,2026-02-28 09:01:53
cf9c2977-2fd2-4464-8656-0d8d0ce264a2,Classmate Notebook 712pg,CLS-NB-712,08b50124-be60-4751-b344-1f56e85b20e6,piece,10,False,,2025-06-11 09:01:53
c7a4eef1-e2f8-4dc8-89e1-abe2b540dee7,Classmate Notebook 650pg,CLS-NB-650,08b50124-be60-4751-b344-1f56e85b20e6,piece,29,True,,2026-03-01 09:01:53
d8a8acca-6374-4a0c-80cf-d65bbdecad37,Classmate Notebook 478pg,CLS-NB-478,08b50124-be60-4751-b344-1f56e85b20e6,piece,31,True,,2025-05-26 09:01:53
c3374cff-9dc9-414e-ab19-0c5dd9d38209,Classmate Notebook 536pg,CLS-NB-536,08b50124-be60-4751-b344-1f56e85b20e6,piece,98,True,,2026-01-09 09:01:53
bde64196-e0b7-4d1b-9ca0-ac4fbd524dda,Classmate Notebook 950pg,CLS-NB-950,08b50124-be60-4751-b344-1f56e85b20e6,piece,63,True,,2026-01-17 09:01:53
550cde98-d7e1-4c97-b477-827f08ce6cac,Classmate Notebook 833pg,CLS-NB-833,08b50124-be60-4751-b344-1f56e85b20e6,piece,95,False,,2026-01-12 09:01:53
079d19b8-e393-48d8-8b1a-cd22224c7502,Classmate Notebook 555pg,CLS-NB-555,08b50124-be60-4751-b344-1f56e85b20e6,piece,60,True,,2026-01-29 09:01:53
14aac520-5583-4d2c-ab80-96f013d5949e,Classmate Notebook 985pg,CLS-NB-985,08b50124-be60-4751-b344-1f56e85b20e6,piece,22,False,,2025-04-06 09:01:53
259a3b3e-ffdb-4726-9fef-97c11e3a3683,Classmate Notebook 219pg,CLS-NB-219,08b50124-be60-4751-b344-1f56e85b20e6,piece,50,True,,2025-11-21 09:01:53
e58f5bce-ebf7-4e7b-9bee-3a9fd5b72417,Classmate Notebook 844pg,CLS-NB-844,08b50124-be60-4751-b344-1f56e85b20e6,piece,14,True,,2025-06-28 09:01:53
4298a8fe-2e00-4a61-9171-f5b2a2dee8a2,Classmate Notebook 443pg,CLS-NB-443,08b50124-be60-4751-b344-1f56e85b20e6,piece,40,True,,2025-06-25 09:01:53
23c5cbc7-dde3-4dc5-8e84-dd5f32f5102f,Classmate Notebook 788pg,CLS-NB-788,08b50124-be60-4751-b344-1f56e85b20e6,piece,14,True,,2025-10-04 09:01:53
dde29347-68e6-4d8b-a60c-5901803d0b3c,Classmate Notebook 139pg,CLS-NB-139,08b50124-be60-4751-b344-1f56e85b20e6,piece,60,True,,2025-03-18 09:01:53
6efd78b0-6d03-4821-b009-6cecc73994fe,Classmate Notebook 913pg,CLS-NB-913,08b50124-be60-4751-b344-1f56e85b20e6,piece,71,True,,2025-06-02 09:01:53
1591ed24-08aa-450a-869b-1b353baf81a0,Classmate Notebook 776pg,CLS-NB-776,08b50124-be60-4751-b344-1f56e85b20e6,piece,85,True,,2025-04-24 09:01:53
b489bb85-6799-4232-b098-0f11713cb393,Classmate Notebook 742pg,CLS-NB-742,08b50124-be60-4751-b344-1f56e85b20e6,piece,6,True,,2025-05-18 09:01:53
bae77ba5-f83d-4555-a207-e671aecc3807,Classmate Notebook 485pg,CLS-NB-485,08b50124-be60-4751-b344-1f56e85b20e6,piece,33,True,,2025-10-30 09:01:53
92c0b8e7-0c29-459b-94a0-e4747e584977,Classmate Notebook 581pg,CLS-NB-581,08b50124-be60-4751-b344-1f56e85b20e6,piece,24,True,,2025-12-09 09:01:53
2ddbe53b-6ecc-4e78-b19a-9fea9c13d0b8,Classmate Notebook 851pg,CLS-NB-851,08b50124-be60-4751-b344-1f56e85b20e6,piece,68,True,,2025-12-03 09:01:53
bdc677ed-319f-4f39-8e2d-adad25f54956,Classmate Notebook 750pg,CLS-NB-750,08b50124-be60-4751-b344-1f56e85b20e6,piece,16,False,,2025-11-25 09:01:53
c8de327a-3216-4d6e-86c1-9b57c65aeb5f,Classmate Notebook 103pg,CLS-NB-103,08b50124-be60-4751-b344-1f56e85b20e6,piece,60,True,,2025-06-02 09:01:53
83ea2ba7-b75f-4ebd-8a35-cc688e26463d,Classmate Notebook 725pg,CLS-NB-725,08b50124-be60-4751-b344-1f56e85b20e6,piece,31,True,,2026-02-23 09:01:53
ab113cd2-e839-48f1-b8dd-5c4b0ab7d47c,Classmate Notebook 528pg,CLS-NB-528,08b50124-be60-4751-b344-1f56e85b20e6,piece,93,True,,2025-09-01 09:01:53
01ca9131-a328-4116-b520-4f35cf3eca9d,Classmate Notebook 746pg,CLS-NB-746,08b50124-be60-4751-b344-1f56e85b20e6,piece,79,True,,2025-09-17 09:01:53
4c51f97e-f710-416b-a137-8a9f3a510625,Classmate Notebook 595pg,CLS-NB-595,08b50124-be60-4751-b344-1f56e85b20e6,piece,72,True,,2025-12-12 09:01:53
04e3942d-02cb-43a7-81db-942eccb15355,Classmate Notebook 998pg,CLS-NB-998,08b50124-be60-4751-b344-1f56e85b20e6,piece,43,True,,2025-10-16 09:01:53
7e2311b2-a3c6-4bfd-ad94-33d9ac94c0ef,Classmate Notebook 784pg,CLS-NB-784,08b50124-be60-4751-b344-1f56e85b20e6,piece,67,True,,2025-04-26 09:01:53
94f80a4f-e820-46e8-a3bf-52fddea2fc31,Classmate Notebook 501pg,CLS-NB-501,08b50124-be60-4751-b344-1f56e85b20e6,piece,81,True,,2025-07-11 09:01:53
f200c711-70dc-4a44-9395-b06d45cfce7b,Classmate Notebook 402pg,CLS-NB-402,08b50124-be60-4751-b344-1f56e85b20e6,piece,17,True,,2025-10-18 09:01:53
d18a998d-8118-4410-88e6-a3c6d392648b,Classmate Notebook 529pg,CLS-NB-529,08b50124-be60-4751-b344-1f56e85b20e6,piece,62,True,,2025-04-09 09:01:53
b609d05a-cc85-4caa-a253-a286e8baf8ec,Classmate Notebook 535pg,CLS-NB-535,08b50124-be60-4751-b344-1f56e85b20e6,piece,19,True,,2025-10-02 09:01:53
a7873e29-f786-4c38-b0ad-338e6abc8229,Classmate Notebook 776pg,CLS-NB-776-24,08b50124-be60-4751-b344-1f56e85b20e6,piece,49,True,,2025-03-19 09:01:53
e3e61010-f16f-4fbe-91dd-cde1c833df14,Classmate Notebook 231pg,CLS-NB-231,08b50124-be60-4751-b344-1f56e85b20e6,piece,66,True,,2025-07-07 09:01:53
14159b64-4650-4c7a-8fb6-60bdb91e84c4,Classmate Notebook 715pg,CLS-NB-715,08b50124-be60-4751-b344-1f56e85b20e6,piece,57,True,,2026-02-28 09:01:53
95673e57-801b-49cd-8c3c-23bede05ea7f,Classmate Notebook 397pg,CLS-NB-397,08b50124-be60-4751-b344-1f56e85b20e6,piece,39,True,,2025-08-17 09:01:53
34bcfb04-f1f7-44a6-aa55-64934b1d728d,Classmate Notebook 162pg,CLS-NB-162,08b50124-be60-4751-b344-1f56e85b20e6,piece,76,True,,2025-11-01 09:01:53
f23abafe-c6c8-495c-88d5-e83a22b4f1dd,Classmate Notebook 791pg,CLS-NB-791,08b50124-be60-4751-b344-1f56e85b20e6,piece,45,True,,2025-07-31 09:01:53
b716b1dd-fb5d-437a-b1d7-6f3e75e10204,Classmate Notebook 535pg,CLS-NB-535-61,08b50124-be60-4751-b344-1f56e85b20e6,piece,38,False,,2025-10-28 09:01:53
6935d85e-28b5-459c-9376-746b4f15be8a,Classmate Notebook 597pg,CLS-NB-597,08b50124-be60-4751-b344-1f56e85b20e6,piece,98,True,,2025-04-23 09:01:53
7ae1197c-52e1-481a-8618-31e77676f5d2,Classmate Notebook 938pg,CLS-NB-938,08b50124-be60-4751-b344-1f56e85b20e6,piece,10,True,,2025-08-17 09:01:53
46a20578-067c-4f8d-ba90-07049aab3519,Classmate Notebook 326pg,CLS-NB-326,08b50124-be60-4751-b344-1f56e85b20e6,piece,78,True,,2025-06-13 09:01:53
ce57ea9d-aeca-40a5-a949-8c77ff6c81cb,Classmate Notebook 311pg,CLS-NB-311,08b50124-be60-4751-b344-1f56e85b20e6,piece,85,True,,2025-05-04 09:01:53
06d06228-f43f-487f-91ed-20a53d85dc2c,Reynolds Pen Pack 725,REY-PN-725,08b50124-be60-4751-b344-1f56e85b20e6,box,47,True,,2025-06-11 09:01:53
c4926fe5-43a7-4b9f-9fc0-4c406e6784b4,Reynolds Pen Pack 120,REY-PN-120,08b50124-be60-4751-b344-1f56e85b20e6,box,97,True,,2025-09-01 09:01:53
58167b56-5aca-4ed1-9d18-16b20ae9ef19,Reynolds Pen Pack 192,REY-PN-192,08b50124-be60-4751-b344-1f56e85b20e6,box,95,True,,2025-09-15 09:01:53
cb69912d-00a7-4235-af53-f518a5e6597e,Reynolds Pen Pack 885,REY-PN-885,08b50124-be60-4751-b344-1f56e85b20e6,box,75,True,,2026-02-17 09:01:53
f791c1e8-2afb-4c26-96b1-1f1af3caf4f0,Reynolds Pen Pack 631,REY-PN-631,08b50124-be60-4751-b344-1f56e85b20e6,box,31,True,,2025-12-03 09:01:53
e0422a9b-ef7d-432b-9a56-73364cb5780b,Reynolds Pen Pack 260,REY-PN-260,08b50124-be60-4751-b344-1f56e85b20e6,box,73,True,,2025-11-17 09:01:53
0f862f0c-9048-48cb-83f9-76944018c1fa,Reynolds Pen Pack 397,REY-PN-397,08b50124-be60-4751-b344-1f56e85b20e6,box,25,False,,2025-09-26 09:01:53
a76a7303-0734-4a32-a882-b06ba4b0e390,Reynolds Pen Pack 523,REY-PN-523,08b50124-be60-4751-b344-1f56e85b20e6,box,32,True,,2025-11-07 09:01:53
5c14b351-aee8-420d-a059-63d060fe3d7f,Reynolds Pen Pack 113,REY-PN-113,08b50124-be60-4751-b344-1f56e85b20e6,box,9,True,,2025-06-18 09:01:53
744179ff-a29e-4e34-a314-682f17d7b374,Reynolds Pen Pack 204,REY-PN-204,08b50124-be60-4751-b344-1f56e85b20e6,box,69,True,,2025-07-09 09:01:53
87959854-91d6-4e6b-944e-19d68cf71d3b,Reynolds Pen Pack 143,REY-PN-143,08b50124-be60-4751-b344-1f56e85b20e6,box,25,True,,2026-03-02 09:01:53
790a56ee-c75b-42cd-989f-a9ec5825eb3f,Reynolds Pen Pack 335,REY-PN-335,08b50124-be60-4751-b344-1f56e85b20e6,box,85,True,,2025-11-08 09:01:53
97404474-ac85-4a92-9b60-e70546522880,Reynolds Pen Pack 134,REY-PN-134,08b50124-be60-4751-b344-1f56e85b20e6,box,39,True,,2025-09-02 09:01:53
139c5ea3-85f3-4db7-b8af-5834f7c63719,Reynolds Pen Pack 771,REY-PN-771,08b50124-be60-4751-b344-1f56e85b20e6,box,56,True,,2025-10-27 09:01:53
3e97a7a0-53a5-45c7-8b11-3435303fc7c9,Reynolds Pen Pack 982,REY-PN-982,08b50124-be60-4751-b344-1f56e85b20e6,box,15,True,,2025-06-29 09:01:53
b0fd1880-2435-44c9-b680-ea3877fd32ec,Reynolds Pen Pack 839,REY-PN-839,08b50124-be60-4751-b344-1f56e85b20e6,box,95,True,,2025-08-14 09:01:53
bd55ccac-2b5e-4136-b8b9-c0116cdb30f3,Reynolds Pen Pack 120,REY-PN-120-11,08b50124-be60-4751-b344-1f56e85b20e6,box,100,True,,2025-05-09 09:01:53
a395e5aa-611e-4772-8850-3704e6a66e36,Reynolds Pen Pack 255,REY-PN-255,08b50124-be60-4751-b344-1f56e85b20e6,box,17,True,,2025-08-26 09:01:53
0bd8b0a4-6ffe-4e64-87a5-8c021992e701,Reynolds Pen Pack 298,REY-PN-298,08b50124-be60-4751-b344-1f56e85b20e6,box,82,True,,2025-09-30 09:01:53
41b251a1-6281-4278-96a8-6c235eef5cbe,Reynolds Pen Pack 535,REY-PN-535,08b50124-be60-4751-b344-1f56e85b20e6,box,70,True,,2025-10-11 09:01:53
fd291bc3-16e0-46d4-b359-346c0ed2438d,Reynolds Pen Pack 380,REY-PN-380,08b50124-be60-4751-b344-1f56e85b20e6,box,63,True,,2025-10-30 09:01:53
87e3dc00-7db1-4b20-a8fe-87b8a01fdf87,Reynolds Pen Pack 771,REY-PN-771-83,08b50124-be60-4751-b344-1f56e85b20e6,box,65,True,,2025-08-07 09:01:53
51807250-6a33-4bb9-9684-eeb82a2b1082,Reynolds Pen Pack 195,REY-PN-195,08b50124-be60-4751-b344-1f56e85b20e6,box,33,False,,2025-05-31 09:01:53
808ab3a7-2165-4426-a49c-55331dfe087a,Reynolds Pen Pack 385,REY-PN-385,08b50124-be60-4751-b344-1f56e85b20e6,box,66,True,,2025-03-20 09:01:53
1423a07f-9269-4ea7-8095-6d9b8a1db681,Reynolds Pen Pack 646,REY-PN-646,08b50124-be60-4751-b344-1f56e85b20e6,box,69,True,,2026-03-06 09:01:53
490dfd81-d3cb-464b-bc43-846c8508fd6b,Reynolds Pen Pack 608,REY-PN-608,08b50124-be60-4751-b344-1f56e85b20e6,box,98,True,,2025-09-05 09:01:53
17b27a48-5cbd-4e9f-98cf-8b30eb537765,Reynolds Pen Pack 881,REY-PN-881,08b50124-be60-4751-b344-1f56e85b20e6,box,74,True,,2025-07-26 09:01:53
f0c378a9-c379-461a-a3da-b670c31664e7,Reynolds Pen Pack 329,REY-PN-329,08b50124-be60-4751-b344-1f56e85b20e6,box,78,False,,2025-08-23 09:01:53
caa185ac-c911-4548-a5e4-7bb3dee11ad2,Reynolds Pen Pack 889,REY-PN-889,08b50124-be60-4751-b344-1f56e85b20e6,box,34,True,,2025-07-13 09:01:53
aa2b8399-41e7-4498-a4a9-1056dbc36ecd,Reynolds Pen Pack 676,REY-PN-676,08b50124-be60-4751-b344-1f56e85b20e6,box,18,True,,2025-09-25 09:01:53
95c96a1b-e5da-461a-bbdc-eaa0c79c2c8d,Reynolds Pen Pack 247,REY-PN-247,08b50124-be60-4751-b344-1f56e85b20e6,box,85,False,,2026-01-25 09:01:53
048c9d68-95bd-4794-b8b3-071e50de88a0,Reynolds Pen Pack 674,REY-PN-674,08b50124-be60-4751-b344-1f56e85b20e6,box,26,True,,2025-07-07 09:01:53
cb685510-f1d6-4cb0-8da2-c7e1921c866c,Reynolds Pen Pack 707,REY-PN-707,08b50124-be60-4751-b344-1f56e85b20e6,box,36,True,,2025-08-20 09:01:53
af997e94-4c87-48a5-83f1-08151e661571,Reynolds Pen Pack 731,REY-PN-731,08b50124-be60-4751-b344-1f56e85b20e6,box,65,True,,2025-05-28 09:01:53
4b4e2bf5-ac54-48b0-be60-8113d15fbd5b,Reynolds Pen Pack 878,REY-PN-878,08b50124-be60-4751-b344-1f56e85b20e6,box,34,True,,2025-07-05 09:01:53
2382f55c-e8ff-4db3-8a38-742968f05578,Reynolds Pen Pack 358,REY-PN-358,08b50124-be60-4751-b344-1f56e85b20e6,box,57,True,,2025-09-23 09:01:53
b3b001b2-9d96-49ce-85c4-1876e4b52ae0,Reynolds Pen Pack 954,REY-PN-954,08b50124-be60-4751-b344-1f56e85b20e6,box,24,True,,2025-03-27 09:01:53
5269d150-89b9-44a6-81ea-07d35be4f48b,Reynolds Pen Pack 678,REY-PN-678,08b50124-be60-4751-b344-1f56e85b20e6,box,81,True,,2026-03-12 09:01:53
e4a6dd2f-b38c-456c-b340-687585096b28,Reynolds Pen Pack 374,REY-PN-374,08b50124-be60-4751-b344-1f56e85b20e6,box,93,True,,2025-05-31 09:01:53
ac6a6ffb-2729-4f60-a516-15a05b50e193,Reynolds Pen Pack 913,REY-PN-913,08b50124-be60-4751-b344-1f56e85b20e6,box,67,True,,2025-10-05 09:01:53
b6e87467-2c03-4f02-bc5c-a335cc679b43,Reynolds Pen Pack 767,REY-PN-767,08b50124-be60-4751-b344-1f56e85b20e6,box,35,True,,2025-03-17 09:01:53
b204f0ae-cd59-49ab-8504-4c44fe05c444,Reynolds Pen Pack 594,REY-PN-594,08b50124-be60-4751-b344-1f56e85b20e6,box,70,True,,2026-02-01 09:01:53
6ec6df15-2f6f-471b-bec3-ca324dd331b6,Reynolds Pen Pack 207,REY-PN-207,08b50124-be60-4751-b344-1f56e85b20e6,box,59,True,,2025-09-03 09:01:53
c8a4f1ee-ab52-4d86-91ab-969ce00d73c4,Reynolds Pen Pack 230,REY-PN-230,08b50124-be60-4751-b344-1f56e85b20e6,box,6,True,,2026-01-11 09:01:53
64816db6-4c1a-4881-aa99-f8c572b5d886,Reynolds Pen Pack 270,REY-PN-270,08b50124-be60-4751-b344-1f56e85b20e6,box,30,True,,2026-01-15 09:01:53
e2e224bd-36d7-46c6-8857-518de74c7d33,Reynolds Pen Pack 139,REY-PN-139,08b50124-be60-4751-b344-1f56e85b20e6,box,59,True,,2025-04-28 09:01:53
340cac47-81ea-4257-bf05-865785aca04a,Reynolds Pen Pack 922,REY-PN-922,08b50124-be60-4751-b344-1f56e85b20e6,box,72,True,,2025-06-07 09:01:53
68bfe10a-d8a2-4ad7-a8e5-1f3df3aabb17,Reynolds Pen Pack 528,REY-PN-528,08b50124-be60-4751-b344-1f56e85b20e6,box,56,True,,2026-01-13 09:01:53
b223ca9c-744e-4c7b-a9f2-7916d8529031,Reynolds Pen Pack 545,REY-PN-545,08b50124-be60-4751-b344-1f56e85b20e6,box,42,True,,2025-04-02 09:01:53
d3d82943-295a-4fc3-b266-97d667ae1c2b,Reynolds Pen Pack 377,REY-PN-377,08b50124-be60-4751-b344-1f56e85b20e6,box,71,True,,2025-09-05 09:01:53
254d7488-aad2-4c4c-9117-fbe68db57718,Camlin Color Box 677,CAM-CB-677,08b50124-be60-4751-b344-1f56e85b20e6,set,88,True,,2025-10-17 09:01:53
cd4a7d86-fc0d-4312-9eba-d8322b55b934,Camlin Color Box 635,CAM-CB-635,08b50124-be60-4751-b344-1f56e85b20e6,set,92,True,,2025-05-04 09:01:53
7a16dc17-449e-4d7f-95ca-6ffe5ddfcc54,Camlin Color Box 831,CAM-CB-831,08b50124-be60-4751-b344-1f56e85b20e6,set,52,True,,2025-11-06 09:01:53
f462d239-0da8-4595-babc-cd334baf2148,Camlin Color Box 583,CAM-CB-583,08b50124-be60-4751-b344-1f56e85b20e6,set,64,True,,2025-09-26 09:01:53
dfb6f771-2598-4a57-99a7-68642716aaaa,Camlin Color Box 864,CAM-CB-864,08b50124-be60-4751-b344-1f56e85b20e6,set,97,False,,2026-01-04 09:01:53
8067ec6d-7857-4ccb-8336-db534c368140,Camlin Color Box 268,CAM-CB-268,08b50124-be60-4751-b344-1f56e85b20e6,set,72,True,,2025-07-15 09:01:53
a55d4c9b-2b08-458b-a2d4-437c16bd9a07,Camlin Color Box 110,CAM-CB-110,08b50124-be60-4751-b344-1f56e85b20e6,set,45,True,,2025-12-28 09:01:53
2502f19a-9203-4604-a654-7fa1947cfef7,Camlin Color Box 581,CAM-CB-581,08b50124-be60-4751-b344-1f56e85b20e6,set,13,False,,2026-03-12 09:01:53
77d06129-cb98-41aa-ab58-ad06a555ec5f,Camlin Color Box 419,CAM-CB-419,08b50124-be60-4751-b344-1f56e85b20e6,set,94,True,,2025-03-24 09:01:53
245bea77-0fbe-4baf-8a3d-c85e790f8380,Camlin Color Box 196,CAM-CB-196,08b50124-be60-4751-b344-1f56e85b20e6,set,73,True,,2026-01-25 09:01:53
4d8b00b7-7003-44a6-9ff3-b3761bd76b3a,Camlin Color Box 162,CAM-CB-162,08b50124-be60-4751-b344-1f56e85b20e6,set,84,True,,2025-12-24 09:01:53
91d4b304-0704-4ead-b15e-4adfedc407e0,Camlin Color Box 168,CAM-CB-168,08b50124-be60-4751-b344-1f56e85b20e6,set,49,True,,2025-11-19 09:01:53
963b7f10-e6d7-43bf-a955-42498cd09b4d,Camlin Color Box 453,CAM-CB-453,08b50124-be60-4751-b344-1f56e85b20e6,set,85,True,,2025-12-06 09:01:53
4b6de30b-ba2f-4da8-8fae-e5e849371315,Camlin Color Box 381,CAM-CB-381,08b50124-be60-4751-b344-1f56e85b20e6,set,41,True,,2025-08-08 09:01:53
e7fd23fa-b876-4fe1-b18a-6fd4c7461f41,Camlin Color Box 698,CAM-CB-698,08b50124-be60-4751-b344-1f56e85b20e6,set,98,True,,2025-04-29 09:01:53
2f7a44c8-30e0-46cb-ab84-451477844647,Camlin Color Box 885,CAM-CB-885,08b50124-be60-4751-b344-1f56e85b20e6,set,56,False,,2025-05-31 09:01:53
f4953f18-051b-4b70-8822-05aaef70ece3,Camlin Color Box 654,CAM-CB-654,08b50124-be60-4751-b344-1f56e85b20e6,set,87,True,,2026-02-03 09:01:53
25f3a463-dd38-4173-b1b8-93c49b15d60d,Camlin Color Box 706,CAM-CB-706,08b50124-be60-4751-b344-1f56e85b20e6,set,24,True,,2025-11-24 09:01:53
dddca138-c91a-4a94-a7dd-52a039b39376,Camlin Color Box 386,CAM-CB-386,08b50124-be60-4751-b344-1f56e85b20e6,set,27,True,,2026-01-21 09:01:53
7b49c2cc-fddc-4818-9fcb-3abb7694a433,Camlin Color Box 229,CAM-CB-229,08b50124-be60-4751-b344-1f56e85b20e6,set,71,True,,2025-08-30 09:01:53
6a733c0a-57cd-4f63-a13e-f3e2b045ee33,Camlin Color Box 438,CAM-CB-438,08b50124-be60-4751-b344-1f56e85b20e6,set,78,True,,2025-05-15 09:01:53
8d54f718-c7c3-4a2e-800f-a64b0437069e,Camlin Color Box 719,CAM-CB-719,08b50124-be60-4751-b344-1f56e85b20e6,set,40,False,,2025-05-03 09:01:53
d48986b0-195e-4823-ac5b-bc704890aee4,Camlin Color Box 784,CAM-CB-784,08b50124-be60-4751-b344-1f56e85b20e6,set,65,True,,2026-03-13 09:01:53
390d178b-f3a2-4569-8558-43e0c09ba6c0,Camlin Color Box 902,CAM-CB-902,08b50124-be60-4751-b344-1f56e85b20e6,set,34,False,,2026-01-27 09:01:53
33eac900-597c-4af1-b5f7-a258fec4bd5d,Camlin Color Box 922,CAM-CB-922,08b50124-be60-4751-b344-1f56e85b20e6,set,83,True,,2025-12-20 09:01:53
ed4c3459-8b8f-4c43-995f-e6c1b03c562a,Camlin Color Box 586,CAM-CB-586,08b50124-be60-4751-b344-1f56e85b20e6,set,5,True,,2026-02-16 09:01:53
eb9639d7-dbcd-4e31-80fe-8287cbf3e41b,Camlin Color Box 240,CAM-CB-240,08b50124-be60-4751-b344-1f56e85b20e6,set,70,True,,2025-08-09 09:01:53
d9588865-e0dd-4342-b55e-5053d162887a,Camlin Color Box 780,CAM-CB-780,08b50124-be60-4751-b344-1f56e85b20e6,set,65,True,,2025-07-01 09:01:53
c5775da2-2171-437d-bade-21d95dda31af,Camlin Color Box 878,CAM-CB-878,08b50124-be60-4751-b344-1f56e85b20e6,set,20,True,,2025-08-25 09:01:53
bf0d4c00-2ec3-4863-a93a-db6c9e1ec0c5,Camlin Color Box 486,CAM-CB-486,08b50124-be60-4751-b344-1f56e85b20e6,set,54,True,,2025-09-14 09:01:53
248d957c-c299-4f2b-8af3-08aac8de0e26,Camlin Color Box 419,CAM-CB-419-76,08b50124-be60-4751-b344-1f56e85b20e6,set,45,True,,2025-05-09 09:01:53
2f19d7e7-d80b-43e8-b76b-72e18cf7a9ed,Camlin Color Box 962,CAM-CB-962,08b50124-be60-4751-b344-1f56e85b20e6,set,32,False,,2025-04-24 09:01:53
9ef37f7a-0023-457a-a1bf-4b0eab4b14c0,Camlin Color Box 953,CAM-CB-953,08b50124-be60-4751-b344-1f56e85b20e6,set,40,True,,2025-08-03 09:01:53
db86ba1b-5a07-42b4-bcd1-70e24d83c3f8,Camlin Color Box 673,CAM-CB-673,08b50124-be60-4751-b344-1f56e85b20e6,set,61,True,,2025-11-06 09:01:53
2dce2101-b371-48ab-b981-3d3372e17226,Camlin Color Box 801,CAM-CB-801,08b50124-be60-4751-b344-1f56e85b20e6,set,20,True,,2025-08-04 09:01:53
8c52cdf7-3eb4-4e6f-af18-067f31a81be0,Camlin Color Box 767,CAM-CB-767,08b50124-be60-4751-b344-1f56e85b20e6,set,49,True,,2025-09-08 09:01:53
a7bba89d-edde-4f2a-87c2-1132d1a274cf,Camlin Color Box 975,CAM-CB-975,08b50124-be60-4751-b344-1f56e85b20e6,set,64,True,,2025-09-18 09:01:53
94ebb121-bcf8-47da-af9a-a6cb906bb064,Camlin Color Box 845,CAM-CB-845,08b50124-be60-4751-b344-1f56e85b20e6,set,59,True,,2025-06-01 09:01:53
397f5924-e51d-4cb7-ae5b-a884e29b61d2,Camlin Color Box 997,CAM-CB-997,08b50124-be60-4751-b344-1f56e85b20e6,set,29,True,,2025-12-13 09:01:53
03f3d2fc-96c9-4d15-8b55-96361bff6475,Camlin Color Box 865,CAM-CB-865,08b50124-be60-4751-b344-1f56e85b20e6,set,6,True,,2025-09-11 09:01:53
036deae1-25ff-459f-9a77-ef84edcc84d6,Camlin Color Box 638,CAM-CB-638,08b50124-be60-4751-b344-1f56e85b20e6,set,29,True,,2025-10-07 09:01:53
ef495fc8-bf91-4808-ba46-e404fce31ea6,Camlin Color Box 436,CAM-CB-436,08b50124-be60-4751-b344-1f56e85b20e6,set,17,False,,2025-11-05 09:01:53
6e0791b9-5141-4fc9-86b5-9af55288b2f7,Camlin Color Box 614,CAM-CB-614,08b50124-be60-4751-b344-1f56e85b20e6,set,6,True,,2026-02-25 09:01:53
5d1116e9-0c58-4b3a-82b4-bdc0c34ac191,Camlin Color Box 762,CAM-CB-762,08b50124-be60-4751-b344-1f56e85b20e6,set,40,True,,2025-08-23 09:01:53
7b201bbf-b548-46b2-943d-d1edfb1eb49e,Camlin Color Box 144,CAM-CB-144,08b50124-be60-4751-b344-1f56e85b20e6,set,94,True,,2025-10-25 09:01:53
300d7d3f-6c0a-447b-afcd-40b8577f37d5,Camlin Color Box 740,CAM-CB-740,08b50124-be60-4751-b344-1f56e85b20e6,set,12,False,,2026-02-27 09:01:53
ab5f8765-7ddb-4ca1-934e-23cdb977c565,Camlin Color Box 983,CAM-CB-983,08b50124-be60-4751-b344-1f56e85b20e6,set,96,False,,2025-05-07 09:01:53
6a08eba3-b964-4965-b141-e7b941c60185,Camlin Color Box 747,CAM-CB-747,08b50124-be60-4751-b344-1f56e85b20e6,set,63,True,,2025-07-15 09:01:53
8ebba354-c9df-4703-90c3-3a69c13162b7,Camlin Color Box 867,CAM-CB-867,08b50124-be60-4751-b344-1f56e85b20e6,set,87,True,,2026-01-20 09:01:53
225e7bf0-0afb-487b-9b87-48f1cd3e217b,Camlin Color Box 139,CAM-CB-139,08b50124-be60-4751-b344-1f56e85b20e6,set,52,True,,2025-03-14 09:01:53
db536892-4f25-4fc1-b180-a34a6d192903,Natraj Pencil 256pc,NAT-PC-256,08b50124-be60-4751-b344-1f56e85b20e6,box,95,True,,2026-01-06 09:01:53
dec60af6-43a6-4bd9-8590-b750e8a4d90e,Natraj Pencil 184pc,NAT-PC-184,08b50124-be60-4751-b344-1f56e85b20e6,box,58,True,,2026-01-12 09:01:53
6d48cb10-8152-46ca-bfe9-a5b51d35f656,Natraj Pencil 157pc,NAT-PC-157,08b50124-be60-4751-b344-1f56e85b20e6,box,61,True,,2026-02-11 09:01:53
0188fc82-d4fb-478a-a861-1fe3efb0b5df,Natraj Pencil 421pc,NAT-PC-421,08b50124-be60-4751-b344-1f56e85b20e6,box,17,True,,2025-10-23 09:01:53
96533c02-d376-4e1e-bc1b-a7417469f1fe,Natraj Pencil 973pc,NAT-PC-973,08b50124-be60-4751-b344-1f56e85b20e6,box,29,True,,2026-03-06 09:01:53
08c8c361-7edb-490a-931b-d22695a18df9,Natraj Pencil 440pc,NAT-PC-440,08b50124-be60-4751-b344-1f56e85b20e6,box,91,True,,2025-10-03 09:01:53
ba2ba95f-3d2f-4e17-b3c2-df433f56fe56,Natraj Pencil 826pc,NAT-PC-826,08b50124-be60-4751-b344-1f56e85b20e6,box,26,False,,2025-05-18 09:01:53
0abce014-e257-472e-a2da-b0fa7776ee0b,Natraj Pencil 839pc,NAT-PC-839,08b50124-be60-4751-b344-1f56e85b20e6,box,51,True,,2025-04-08 09:01:53
b3ed8232-d6af-4b60-9bdf-6d4782cf5420,Natraj Pencil 512pc,NAT-PC-512,08b50124-be60-4751-b344-1f56e85b20e6,box,58,True,,2025-04-06 09:01:53
4ea76314-a886-400a-8227-a2795a699536,Natraj Pencil 162pc,NAT-PC-162,08b50124-be60-4751-b344-1f56e85b20e6,box,13,True,,2025-07-01 09:01:53
f44a5c70-4419-4fa9-a96a-a869641a01b4,Natraj Pencil 251pc,NAT-PC-251,08b50124-be60-4751-b344-1f56e85b20e6,box,98,True,,2025-12-16 09:01:53
ac186a1e-81c2-40d4-bf32-ed43ea99322c,Natraj Pencil 554pc,NAT-PC-554,08b50124-be60-4751-b344-1f56e85b20e6,box,10,True,,2025-12-03 09:01:53
0fe1e363-d56b-4ff9-930d-e24643f6bb38,Natraj Pencil 805pc,NAT-PC-805,08b50124-be60-4751-b344-1f56e85b20e6,box,69,True,,2025-04-23 09:01:53
ea5bf38a-e8a9-4bb5-9b5c-130e02a663ad,Natraj Pencil 864pc,NAT-PC-864,08b50124-be60-4751-b344-1f56e85b20e6,box,5,True,,2025-05-31 09:01:53
c999c4f9-2296-43b1-ad4c-10d6293ffbad,Natraj Pencil 459pc,NAT-PC-459,08b50124-be60-4751-b344-1f56e85b20e6,box,20,True,,2025-05-28 09:01:53
98d3749e-db89-4f9a-822e-408283296061,Natraj Pencil 956pc,NAT-PC-956,08b50124-be60-4751-b344-1f56e85b20e6,box,94,True,,2025-07-20 09:01:53
f0739a37-93f6-4085-b1d4-3ea14eebcb90,Natraj Pencil 190pc,NAT-PC-190,08b50124-be60-4751-b344-1f56e85b20e6,box,19,False,,2025-12-11 09:01:53
b2742eeb-9b88-493a-81ce-e8a91135ed36,Natraj Pencil 847pc,NAT-PC-847,08b50124-be60-4751-b344-1f56e85b20e6,box,16,True,,2025-05-16 09:01:53
92eb6076-89d1-49ca-ac12-13f315e6efb4,Natraj Pencil 741pc,NAT-PC-741,08b50124-be60-4751-b344-1f56e85b20e6,box,7,True,,2026-03-09 09:01:53
0037f454-e47d-4fed-93d2-ca8626c992e7,Natraj Pencil 322pc,NAT-PC-322,08b50124-be60-4751-b344-1f56e85b20e6,box,86,True,,2026-02-01 09:01:53
a92472d2-e7dc-411b-826e-5d124f1f2ef7,Natraj Pencil 998pc,NAT-PC-998,08b50124-be60-4751-b344-1f56e85b20e6,box,97,False,,2025-10-08 09:01:53
f2eeca96-f4ba-4517-9667-8c90df6b7314,Natraj Pencil 957pc,NAT-PC-957,08b50124-be60-4751-b344-1f56e85b20e6,box,92,True,,2025-12-07 09:01:53
5f3600e2-a53b-4b99-ac6b-13b203fe9a22,Natraj Pencil 865pc,NAT-PC-865,08b50124-be60-4751-b344-1f56e85b20e6,box,99,True,,2026-02-15 09:01:53
f7efd74a-8898-4a64-9167-6cbc3ad4e52c,Natraj Pencil 488pc,NAT-PC-488,08b50124-be60-4751-b344-1f56e85b20e6,box,95,True,,2025-10-23 09:01:53
ca38c511-ccb9-4fab-b59f-853f7842b8fb,Natraj Pencil 243pc,NAT-PC-243,08b50124-be60-4751-b344-1f56e85b20e6,box,77,True,,2025-11-19 09:01:53
0ffb7be0-764a-4bc9-a1ec-cfa83f3604f7,Natraj Pencil 955pc,NAT-PC-955,08b50124-be60-4751-b344-1f56e85b20e6,box,29,True,,2025-12-02 09:01:53
1bdc4d76-a16f-4982-a5ee-8276494a4273,Natraj Pencil 281pc,NAT-PC-281,08b50124-be60-4751-b344-1f56e85b20e6,box,42,True,,2025-08-01 09:01:53
7b5ee12f-9df1-4f67-abb1-2f7201a8f34a,Natraj Pencil 370pc,NAT-PC-370,08b50124-be60-4751-b344-1f56e85b20e6,box,16,True,,2025-05-22 09:01:53
7d406a23-4539-490c-aa36-f54de67c81b9,Natraj Pencil 472pc,NAT-PC-472,08b50124-be60-4751-b344-1f56e85b20e6,box,49,True,,2025-06-20 09:01:53
417861a2-68b8-4357-87a4-8bdb9c3a4e38,Natraj Pencil 560pc,NAT-PC-560,08b50124-be60-4751-b344-1f56e85b20e6,box,85,True,,2025-12-17 09:01:53
43838257-67d9-4975-be2e-7afb0e72dda4,Natraj Pencil 137pc,NAT-PC-137,08b50124-be60-4751-b344-1f56e85b20e6,box,79,True,,2025-06-12 09:01:53
0bb42a8c-0932-4fca-ae35-0bb6071695f8,Natraj Pencil 682pc,NAT-PC-682,08b50124-be60-4751-b344-1f56e85b20e6,box,31,False,,2025-08-04 09:01:53
3253c968-b84a-4b48-933e-062291c95d78,Natraj Pencil 455pc,NAT-PC-455,08b50124-be60-4751-b344-1f56e85b20e6,box,87,True,,2025-10-18 09:01:53
643904b8-59ca-491e-91dd-04149aace19d,Natraj Pencil 312pc,NAT-PC-312,08b50124-be60-4751-b344-1f56e85b20e6,box,48,True,,2025-06-30 09:01:53
64855b3c-df14-4b78-8b0e-26e1a193a18a,Natraj Pencil 664pc,NAT-PC-664,08b50124-be60-4751-b344-1f56e85b20e6,box,100,True,,2026-01-27 09:01:53
8b349ff7-2ac6-4b46-9284-b8f56c2e912e,Natraj Pencil 625pc,NAT-PC-625,08b50124-be60-4751-b344-1f56e85b20e6,box,31,True,,2025-07-18 09:01:53
ebb65b4f-113e-4682-9bf4-e4477fda39a2,Natraj Pencil 367pc,NAT-PC-367,08b50124-be60-4751-b344-1f56e85b20e6,box,9,False,,2025-06-23 09:01:53
62b1c1cc-cd8b-4409-a08b-ecc2764a77f6,Natraj Pencil 774pc,NAT-PC-774,08b50124-be60-4751-b344-1f56e85b20e6,box,85,True,,2026-01-02 09:01:53
fde5410d-8052-4337-934b-a5bf0b4c5b46,Natraj Pencil 578pc,NAT-PC-578,08b50124-be60-4751-b344-1f56e85b20e6,box,80,True,,2025-05-30 09:01:53
6e7fff5e-2d3a-4486-935a-febf8aa70fa1,Natraj Pencil 486pc,NAT-PC-486,08b50124-be60-4751-b344-1f56e85b20e6,box,89,True,,2026-02-25 09:01:53
0eb8752a-495a-4208-bb1b-02269efaf460,Natraj Pencil 430pc,NAT-PC-430,08b50124-be60-4751-b344-1f56e85b20e6,box,94,True,,2025-09-12 09:01:53
55c28ec5-c884-46b0-bfe0-0513c788329f,Natraj Pencil 990pc,NAT-PC-990,08b50124-be60-4751-b344-1f56e85b20e6,box,6,True,,2025-07-14 09:01:53
cb0439b7-004f-4661-8ea5-d7c8fea4f4ed,Natraj Pencil 442pc,NAT-PC-442,08b50124-be60-4751-b344-1f56e85b20e6,box,48,True,,2026-01-22 09:01:53
5e096b64-0cf8-48ea-b9da-e61c85e0dcae,Natraj Pencil 291pc,NAT-PC-291,08b50124-be60-4751-b344-1f56e85b20e6,box,50,True,,2025-07-18 09:01:53
96612edc-f758-487f-844f-569d2424c8af,Natraj Pencil 659pc,NAT-PC-659,08b50124-be60-4751-b344-1f56e85b20e6,box,28,True,,2025-08-02 09:01:53
975f133e-b7d9-47a2-93e1-7747b1e638ff,Natraj Pencil 928pc,NAT-PC-928,08b50124-be60-4751-b344-1f56e85b20e6,box,83,True,,2025-05-24 09:01:53
685f8d9b-a287-42e6-9bc3-8b4e8b78128e,Natraj Pencil 811pc,NAT-PC-811,08b50124-be60-4751-b344-1f56e85b20e6,box,60,True,,2025-07-15 09:01:53
32edbce8-5527-4a66-af2d-1f2469bef2b9,Natraj Pencil 954pc,NAT-PC-954,08b50124-be60-4751-b344-1f56e85b20e6,box,36,True,,2025-09-04 09:01:53
09a9aeed-df1b-4755-b4a3-3ca697a3fb77,Natraj Pencil 715pc,NAT-PC-715,08b50124-be60-4751-b344-1f56e85b20e6,box,48,True,,2025-08-21 09:01:53
22ef3a91-3413-4fc0-9c85-dce45e53f755,Natraj Pencil 407pc,NAT-PC-407,08b50124-be60-4751-b344-1f56e85b20e6,box,10,False,,2025-11-15 09:01:53
ed9c3881-e07b-47c4-b978-f6a6a8cb600b,Nataraj Eraser 881,NAT-ER-881,08b50124-be60-4751-b344-1f56e85b20e6,piece,69,True,,2025-08-08 09:01:53
8dd88fc6-98f1-4e13-b9e9-5e6769889bdb,Nataraj Eraser 892,NAT-ER-892,08b50124-be60-4751-b344-1f56e85b20e6,piece,39,False,,2025-08-21 09:01:53
a60d3b64-ccf8-4893-b769-7d1219650e20,Nataraj Eraser 707,NAT-ER-707,08b50124-be60-4751-b344-1f56e85b20e6,piece,8,True,,2025-12-19 09:01:53
1b0554f5-f1a3-4d4b-acc8-ce080ae54a6a,Nataraj Eraser 407,NAT-ER-407,08b50124-be60-4751-b344-1f56e85b20e6,piece,81,False,,2025-06-19 09:01:53
e3591483-0e6a-4b43-801a-297fdcb0c24d,Nataraj Eraser 303,NAT-ER-303,08b50124-be60-4751-b344-1f56e85b20e6,piece,77,True,,2026-01-07 09:01:53
1eec24b6-38e0-490c-a8a8-b3fbda6919e8,Nataraj Eraser 779,NAT-ER-779,08b50124-be60-4751-b344-1f56e85b20e6,piece,47,True,,2026-02-15 09:01:53
a8f1dcdd-a0c4-483a-b266-9d494593d1ae,Nataraj Eraser 192,NAT-ER-192,08b50124-be60-4751-b344-1f56e85b20e6,piece,44,True,,2026-01-01 09:01:53
a0a2dead-ddab-40ff-a4d8-57ea145b4e0c,Nataraj Eraser 920,NAT-ER-920,08b50124-be60-4751-b344-1f56e85b20e6,piece,49,True,,2025-12-20 09:01:53
36b44c7c-b8a1-4cbd-902f-466290e59218,Nataraj Eraser 571,NAT-ER-571,08b50124-be60-4751-b344-1f56e85b20e6,piece,5,True,,2025-12-02 09:01:53
8c62806c-10a2-42f0-b3c7-94e0d6a57687,Nataraj Eraser 276,NAT-ER-276,08b50124-be60-4751-b344-1f56e85b20e6,piece,43,True,,2025-12-10 09:01:53
1d965409-f92c-4fc0-9464-f2a42db6efdb,Nataraj Eraser 341,NAT-ER-341,08b50124-be60-4751-b344-1f56e85b20e6,piece,31,True,,2025-11-09 09:01:53
738e82da-59cb-4cb2-b753-6b0dda8d8b71,Nataraj Eraser 257,NAT-ER-257,08b50124-be60-4751-b344-1f56e85b20e6,piece,92,True,,2025-09-04 09:01:53
3118a78f-1aa2-431f-b7b2-3d6df1f23e1e,Nataraj Eraser 105,NAT-ER-105,08b50124-be60-4751-b344-1f56e85b20e6,piece,66,True,,2026-01-22 09:01:53
6097f738-f2ad-44bd-bdc4-a5a847ed3758,Nataraj Eraser 582,NAT-ER-582,08b50124-be60-4751-b344-1f56e85b20e6,piece,75,True,,2025-03-22 09:01:53
1263d871-8113-407b-b335-f2a791220d68,Nataraj Eraser 317,NAT-ER-317,08b50124-be60-4751-b344-1f56e85b20e6,piece,65,True,,2025-07-20 09:01:53
42c0afe5-fffd-472a-9b0e-940939206854,Nataraj Eraser 823,NAT-ER-823,08b50124-be60-4751-b344-1f56e85b20e6,piece,36,True,,2026-01-24 09:01:53
662edd46-0772-496e-90a8-b18c8eb5b9bc,Nataraj Eraser 496,NAT-ER-496,08b50124-be60-4751-b344-1f56e85b20e6,piece,21,True,,2026-01-05 09:01:53
47c47023-748d-4bbe-b36d-c8c94a52e389,Nataraj Eraser 509,NAT-ER-509,08b50124-be60-4751-b344-1f56e85b20e6,piece,46,True,,2025-04-03 09:01:53
c1cc1f50-38dd-4b9a-a78a-2cb28ae6da4b,Nataraj Eraser 847,NAT-ER-847,08b50124-be60-4751-b344-1f56e85b20e6,piece,59,True,,2025-06-14 09:01:53
44797d0b-9a4a-4f81-8d41-e548747d9097,Nataraj Eraser 173,NAT-ER-173,08b50124-be60-4751-b344-1f56e85b20e6,piece,49,True,,2025-05-18 09:01:53
14ba3f35-ab9f-417c-b35c-2733483387b4,Nataraj Eraser 127,NAT-ER-127,08b50124-be60-4751-b344-1f56e85b20e6,piece,33,True,,2025-12-13 09:01:53
ae498043-40ef-4288-ad7c-b31c702feeec,Nataraj Eraser 886,NAT-ER-886,08b50124-be60-4751-b344-1f56e85b20e6,piece,35,True,,2025-09-21 09:01:53
c5a411bf-1512-451c-95c3-006f0cba9f8c,Nataraj Eraser 613,NAT-ER-613,08b50124-be60-4751-b344-1f56e85b20e6,piece,5,True,,2025-08-23 09:01:53
4061b7b1-1346-4b26-8f56-851d2310c394,Nataraj Eraser 179,NAT-ER-179,08b50124-be60-4751-b344-1f56e85b20e6,piece,87,True,,2025-07-02 09:01:53
2803ae38-3608-416d-b308-a1b0c56d5869,Nataraj Eraser 292,NAT-ER-292,08b50124-be60-4751-b344-1f56e85b20e6,piece,10,True,,2025-08-04 09:01:53
23e7e309-836b-45a3-811d-cab340acc5ac,Nataraj Eraser 195,NAT-ER-195,08b50124-be60-4751-b344-1f56e85b20e6,piece,48,True,,2025-12-12 09:01:53
c74f1ef8-c69b-4315-8682-241e2f8a4a05,Nataraj Eraser 535,NAT-ER-535,08b50124-be60-4751-b344-1f56e85b20e6,piece,24,True,,2025-08-28 09:01:53
4b870443-1497-4a5a-b8ff-fa35599ca8d2,Nataraj Eraser 791,NAT-ER-791,08b50124-be60-4751-b344-1f56e85b20e6,piece,66,True,,2025-08-11 09:01:53
2ed95bc1-8699-4d9e-ae1b-03494e333a42,Nataraj Eraser 283,NAT-ER-283,08b50124-be60-4751-b344-1f56e85b20e6,piece,25,True,,2025-06-23 09:01:53
747b9660-b7cc-4991-b287-9a5c285fa768,Nataraj Eraser 954,NAT-ER-954,08b50124-be60-4751-b344-1f56e85b20e6,piece,18,True,,2026-01-31 09:01:53
2d681a18-1d5a-4e84-b83c-5eb6aa92bc94,Nataraj Eraser 454,NAT-ER-454,08b50124-be60-4751-b344-1f56e85b20e6,piece,92,True,,2025-04-13 09:01:53
4e78d6a8-3e8e-4031-9392-e1fcdbdd588c,Nataraj Eraser 983,NAT-ER-983,08b50124-be60-4751-b344-1f56e85b20e6,piece,56,True,,2026-03-08 09:01:53
9d428f13-ca4c-42e4-8fc0-bb6414df5057,Nataraj Eraser 264,NAT-ER-264,08b50124-be60-4751-b344-1f56e85b20e6,piece,45,True,,2025-06-28 09:01:53
3da603c5-615e-45bb-bdca-56e331a49d0f,Nataraj Eraser 493,NAT-ER-493,08b50124-be60-4751-b344-1f56e85b20e6,piece,92,True,,2025-07-09 09:01:53
5ad8c8d6-02b4-46fe-8f3d-4f30799dfe54,Nataraj Eraser 769,NAT-ER-769,08b50124-be60-4751-b344-1f56e85b20e6,piece,90,True,,2026-02-15 09:01:53
32353013-f057-4290-9753-3ba71a8cc848,Nataraj Eraser 410,NAT-ER-410,08b50124-be60-4751-b344-1f56e85b20e6,piece,59,True,,2025-04-24 09:01:53
86c8d7ae-9601-4d6f-a5aa-abab3049b26a,Nataraj Eraser 218,NAT-ER-218,08b50124-be60-4751-b344-1f56e85b20e6,piece,82,True,,2025-07-27 09:01:53
51d998e5-b956-4699-8f81-2bb9bb5f62a0,Nataraj Eraser 614,NAT-ER-614,08b50124-be60-4751-b344-1f56e85b20e6,piece,52,True,,2025-03-15 09:01:53
b69d6cbd-74f3-4c8c-a1ae-0dbb4bb7ae19,Nataraj Eraser 443,NAT-ER-443,08b50124-be60-4751-b344-1f56e85b20e6,piece,73,False,,2026-01-16 09:01:53
e033ca41-ec73-4f4d-b59f-94f3825594c8,Nataraj Eraser 904,NAT-ER-904,08b50124-be60-4751-b344-1f56e85b20e6,piece,27,False,,2025-06-15 09:01:53
c68d3b42-249f-4038-92f9-15b101dde216,Nataraj Eraser 877,NAT-ER-877,08b50124-be60-4751-b344-1f56e85b20e6,piece,54,True,,2026-02-02 09:01:53
2a3b6078-491b-46a4-8884-b3fd50be0339,Nataraj Eraser 253,NAT-ER-253,08b50124-be60-4751-b344-1f56e85b20e6,piece,5,True,,2025-03-17 09:01:53
2042bb42-02f0-4773-89fb-63e096083f05,Nataraj Eraser 704,NAT-ER-704,08b50124-be60-4751-b344-1f56e85b20e6,piece,38,True,,2025-05-04 09:01:53
34eb3f05-38c2-44e0-83ba-cc12e26674ea,Nataraj Eraser 845,NAT-ER-845,08b50124-be60-4751-b344-1f56e85b20e6,piece,63,True,,2025-07-20 09:01:53
2129fae5-8ee2-4877-818f-17e7c22667b2,Nataraj Eraser 388,NAT-ER-388,08b50124-be60-4751-b344-1f56e85b20e6,piece,10,True,,2025-07-07 09:01:53
9a2ff183-9d96-4b7a-b399-1d41e1b5dea2,Nataraj Eraser 571,NAT-ER-571-56,08b50124-be60-4751-b344-1f56e85b20e6,piece,11,True,,2025-03-28 09:01:53
f93fd72f-d727-423f-8996-008c3b9a5f76,Nataraj Eraser 478,NAT-ER-478,08b50124-be60-4751-b344-1f56e85b20e6,piece,37,True,,2025-04-03 09:01:53
db529d2a-0c62-4b04-8711-d6b57cad0b6f,Nataraj Eraser 403,NAT-ER-403,08b50124-be60-4751-b344-1f56e85b20e6,piece,8,True,,2025-12-13 09:01:53
64661da7-25a0-4609-91de-1473713e2fac,Nataraj Eraser 400,NAT-ER-400,08b50124-be60-4751-b344-1f56e85b20e6,piece,50,True,,2025-07-29 09:01:53
6ec0c949-c3ba-428d-9c60-208214021521,Nataraj Eraser 432,NAT-ER-432,08b50124-be60-4751-b344-1f56e85b20e6,piece,43,True,,2025-05-13 09:01:53
3c08bc0a-099a-40a6-bf53-6cc875d999a3,Luxor Highlighter 214,LUX-HL-214,08b50124-be60-4751-b344-1f56e85b20e6,piece,50,True,,2025-06-15 09:01:53
f026e29c-aa5d-4ed8-90cf-414b8325de48,Luxor Highlighter 856,LUX-HL-856,08b50124-be60-4751-b344-1f56e85b20e6,piece,55,True,,2026-01-30 09:01:53
00592b4c-8c9b-45be-91ae-486f65aa5f54,Luxor Highlighter 647,LUX-HL-647,08b50124-be60-4751-b344-1f56e85b20e6,piece,17,True,,2025-12-30 09:01:53
b4126b2b-0d16-4378-8eb1-856922a0f179,Luxor Highlighter 748,LUX-HL-748,08b50124-be60-4751-b344-1f56e85b20e6,piece,68,True,,2025-10-25 09:01:53
da7f02b3-ccc7-4c5f-85c3-454cefb10d42,Luxor Highlighter 453,LUX-HL-453,08b50124-be60-4751-b344-1f56e85b20e6,piece,63,True,,2025-11-10 09:01:53
02794caf-2851-4eb8-8c8e-64f51e80d33d,Luxor Highlighter 945,LUX-HL-945,08b50124-be60-4751-b344-1f56e85b20e6,piece,98,True,,2025-05-27 09:01:53
72c8b594-1190-4b75-9f4b-2988395a0297,Luxor Highlighter 569,LUX-HL-569,08b50124-be60-4751-b344-1f56e85b20e6,piece,10,True,,2025-09-05 09:01:53
c704e44d-a63f-43d7-9abd-b36e4624b709,Luxor Highlighter 139,LUX-HL-139,08b50124-be60-4751-b344-1f56e85b20e6,piece,23,True,,2025-04-22 09:01:53
8f4caf15-926b-4899-b4eb-716946cceb42,Luxor Highlighter 931,LUX-HL-931,08b50124-be60-4751-b344-1f56e85b20e6,piece,17,True,,2026-02-02 09:01:53
30971ad7-51da-44e9-9e01-cb3d62ae8a75,Luxor Highlighter 445,LUX-HL-445,08b50124-be60-4751-b344-1f56e85b20e6,piece,86,True,,2025-08-10 09:01:53
9186aa03-9223-4e51-bcf5-f82f300ed088,Luxor Highlighter 510,LUX-HL-510,08b50124-be60-4751-b344-1f56e85b20e6,piece,7,True,,2025-11-03 09:01:53
284f3998-5f4e-4f2f-8fd4-53d7482b42d2,Luxor Highlighter 838,LUX-HL-838,08b50124-be60-4751-b344-1f56e85b20e6,piece,88,True,,2026-02-02 09:01:53
3c91df33-9c9f-4ecf-99fa-f5e8aa62f117,Luxor Highlighter 956,LUX-HL-956,08b50124-be60-4751-b344-1f56e85b20e6,piece,60,False,,2025-12-06 09:01:53
3b4b9925-9f60-4563-ba13-f346223c224d,Luxor Highlighter 684,LUX-HL-684,08b50124-be60-4751-b344-1f56e85b20e6,piece,38,False,,2025-05-03 09:01:53
3a3c6d51-1d7c-40d2-a11f-b0c6c43ecddf,Luxor Highlighter 626,LUX-HL-626,08b50124-be60-4751-b344-1f56e85b20e6,piece,74,True,,2025-11-10 09:01:53
4c7db064-d046-4cbc-bda2-1978d3408723,Luxor Highlighter 810,LUX-HL-810,08b50124-be60-4751-b344-1f56e85b20e6,piece,11,True,,2025-07-15 09:01:53
3f8bebd9-6b66-4294-86f2-23f5b6c3a032,Luxor Highlighter 320,LUX-HL-320,08b50124-be60-4751-b344-1f56e85b20e6,piece,60,True,,2025-03-27 09:01:53
7eee8eeb-3b93-4197-9bf3-65e523853e14,Luxor Highlighter 896,LUX-HL-896,08b50124-be60-4751-b344-1f56e85b20e6,piece,28,True,,2025-04-05 09:01:53
43db7c7b-2a48-4a8d-846b-8e8aa9930fb6,Luxor Highlighter 146,LUX-HL-146,08b50124-be60-4751-b344-1f56e85b20e6,piece,82,True,,2025-12-12 09:01:53
00805bd8-3f48-474c-aa10-1ab5857570f3,Luxor Highlighter 794,LUX-HL-794,08b50124-be60-4751-b344-1f56e85b20e6,piece,41,True,,2025-08-18 09:01:53
8c5efcb4-0218-4f51-b978-0ef260b0a8ec,Luxor Highlighter 312,LUX-HL-312,08b50124-be60-4751-b344-1f56e85b20e6,piece,7,True,,2025-04-12 09:01:53
f1fe3298-13ae-4fe5-a868-3e3026596c91,Luxor Highlighter 232,LUX-HL-232,08b50124-be60-4751-b344-1f56e85b20e6,piece,40,True,,2025-05-12 09:01:53
c4feda91-e569-4802-93d3-3297af38bd60,Luxor Highlighter 909,LUX-HL-909,08b50124-be60-4751-b344-1f56e85b20e6,piece,86,True,,2025-11-21 09:01:53
da12528f-4c9e-43e6-95e5-587ae9678cf8,Luxor Highlighter 330,LUX-HL-330,08b50124-be60-4751-b344-1f56e85b20e6,piece,7,True,,2025-11-21 09:01:53
49ecc798-020c-408f-a3d7-6990f4a8174b,Luxor Highlighter 165,LUX-HL-165,08b50124-be60-4751-b344-1f56e85b20e6,piece,83,True,,2025-03-15 09:01:53
301927a6-3c79-4aea-b388-49339116c719,Luxor Highlighter 723,LUX-HL-723,08b50124-be60-4751-b344-1f56e85b20e6,piece,63,True,,2025-04-23 09:01:53
84c74832-081c-4aad-98d8-d2f0baab99da,Luxor Highlighter 709,LUX-HL-709,08b50124-be60-4751-b344-1f56e85b20e6,piece,47,True,,2025-07-14 09:01:53
ff85eae7-c36c-4caa-81b6-c14a49652df8,Luxor Highlighter 671,LUX-HL-671,08b50124-be60-4751-b344-1f56e85b20e6,piece,6,True,,2025-10-02 09:01:53
429d73e4-a8dd-4e2a-85c3-3d729049bace,Luxor Highlighter 454,LUX-HL-454,08b50124-be60-4751-b344-1f56e85b20e6,piece,61,True,,2025-07-02 09:01:53
e6fa72f9-8eed-4781-8ed9-ff555aa2a998,Luxor Highlighter 315,LUX-HL-315,08b50124-be60-4751-b344-1f56e85b20e6,piece,73,True,,2025-04-04 09:01:53
3937a2a0-efa3-44a4-8241-45be75ce1b7d,Luxor Highlighter 499,LUX-HL-499,08b50124-be60-4751-b344-1f56e85b20e6,piece,37,True,,2025-04-10 09:01:53
ee4d122e-8369-4114-aaa4-99bc3d9109a1,Luxor Highlighter 972,LUX-HL-972,08b50124-be60-4751-b344-1f56e85b20e6,piece,78,False,,2025-04-25 09:01:53
7b35a4de-690e-4f11-87c5-3958debd14a4,Luxor Highlighter 598,LUX-HL-598,08b50124-be60-4751-b344-1f56e85b20e6,piece,76,False,,2026-01-31 09:01:53
08149630-6362-4ccf-8a0e-2c8b67360c12,Luxor Highlighter 312,LUX-HL-312-77,08b50124-be60-4751-b344-1f56e85b20e6,piece,52,True,,2025-10-04 09:01:53
f93005dc-d41c-4140-8b1c-c62f542e5c86,Luxor Highlighter 562,LUX-HL-562,08b50124-be60-4751-b344-1f56e85b20e6,piece,91,True,,2025-12-25 09:01:53
09db5c36-a28f-497b-a72f-3562f10a3f66,Luxor Highlighter 739,LUX-HL-739,08b50124-be60-4751-b344-1f56e85b20e6,piece,79,True,,2025-09-15 09:01:53
5dd665d7-0a41-494c-b990-225dae43436c,Luxor Highlighter 678,LUX-HL-678,08b50124-be60-4751-b344-1f56e85b20e6,piece,60,True,,2026-03-03 09:01:53
d79dad8f-0e9b-4e85-b280-3fa0a19bd5b1,Luxor Highlighter 869,LUX-HL-869,08b50124-be60-4751-b344-1f56e85b20e6,piece,41,True,,2025-07-06 09:01:53
dd4305c1-caae-4303-bc40-71bc4d487d56,Luxor Highlighter 340,LUX-HL-340,08b50124-be60-4751-b344-1f56e85b20e6,piece,53,False,,2026-01-06 09:01:53
00fc351c-29c3-46bc-9c9d-78be09a35974,Luxor Highlighter 487,LUX-HL-487,08b50124-be60-4751-b344-1f56e85b20e6,piece,82,False,,2026-01-10 09:01:53
0a856799-53cf-4f95-b2cb-b30915f6ce91,Luxor Highlighter 199,LUX-HL-199,08b50124-be60-4751-b344-1f56e85b20e6,piece,55,True,,2026-01-17 09:01:53
83119864-db37-46af-bba6-6028a5a8cdf0,Luxor Highlighter 684,LUX-HL-684-47,08b50124-be60-4751-b344-1f56e85b20e6,piece,27,True,,2025-08-21 09:01:53
fbbfe136-44d8-4673-a54b-ad7add0f51d4,Luxor Highlighter 663,LUX-HL-663,08b50124-be60-4751-b344-1f56e85b20e6,piece,57,True,,2025-11-23 09:01:53
56b352c0-00bc-4a29-9d7b-75ebc5e1c3b5,Luxor Highlighter 528,LUX-HL-528,08b50124-be60-4751-b344-1f56e85b20e6,piece,81,True,,2025-09-10 09:01:53
b344e0a2-f9bb-44e0-ac03-bbf2a8d2e0cf,Luxor Highlighter 745,LUX-HL-745,08b50124-be60-4751-b344-1f56e85b20e6,piece,18,True,,2025-03-28 09:01:53
76aad6e3-54b5-4ff1-811c-220fcf2076ed,Luxor Highlighter 748,LUX-HL-748-91,08b50124-be60-4751-b344-1f56e85b20e6,piece,45,True,,2025-06-15 09:01:53
dd978601-4039-4126-be19-1583efbe3166,Luxor Highlighter 501,LUX-HL-501,08b50124-be60-4751-b344-1f56e85b20e6,piece,33,True,,2025-07-04 09:01:53
633fdb6c-5b53-41db-a3a4-11b10ca9b941,Luxor Highlighter 874,LUX-HL-874,08b50124-be60-4751-b344-1f56e85b20e6,piece,64,True,,2025-07-27 09:01:53
ef725551-de15-471b-8362-2d7f3df26c8a,Luxor Highlighter 260,LUX-HL-260,08b50124-be60-4751-b344-1f56e85b20e6,piece,27,True,,2026-03-13 09:01:53
667fe17f-671c-42b7-9fa4-3c7fa0a4244a,Luxor Highlighter 645,LUX-HL-645,08b50124-be60-4751-b344-1f56e85b20e6,piece,47,True,,2025-04-13 09:01:53
5fcd3fb5-03df-45d4-9aca-82fbcb3bb23a,Cello Ballpen 276,CEL-BP-276,08b50124-be60-4751-b344-1f56e85b20e6,box,92,False,,2025-08-30 09:01:53
53ad179e-9d75-48e5-bf8e-d60208aad676,Cello Ballpen 694,CEL-BP-694,08b50124-be60-4751-b344-1f56e85b20e6,box,88,True,,2025-08-12 09:01:53
6d29b73a-b152-4993-a586-cd7a507bf9f6,Cello Ballpen 520,CEL-BP-520,08b50124-be60-4751-b344-1f56e85b20e6,box,29,True,,2025-05-02 09:01:53
75bf964f-379f-400a-99e4-b937c6b772b0,Cello Ballpen 329,CEL-BP-329,08b50124-be60-4751-b344-1f56e85b20e6,box,22,True,,2025-06-30 09:01:53
3d69bfa0-d118-4048-8697-faefc57c8583,Cello Ballpen 182,CEL-BP-182,08b50124-be60-4751-b344-1f56e85b20e6,box,81,True,,2025-08-17 09:01:53
9f5bc1fc-252d-4b61-862d-e516fd7d5d53,Cello Ballpen 123,CEL-BP-123,08b50124-be60-4751-b344-1f56e85b20e6,box,46,True,,2025-12-19 09:01:53
51aee9e3-5cc9-48ef-9765-03ae67461ca7,Cello Ballpen 682,CEL-BP-682,08b50124-be60-4751-b344-1f56e85b20e6,box,85,True,,2026-01-27 09:01:53
bbb0b398-0538-4ec8-a92d-b4c6998a8339,Cello Ballpen 479,CEL-BP-479,08b50124-be60-4751-b344-1f56e85b20e6,box,7,True,,2025-04-14 09:01:53
5cad890a-6874-4a1f-9839-fe6953a99acc,Cello Ballpen 498,CEL-BP-498,08b50124-be60-4751-b344-1f56e85b20e6,box,75,True,,2025-12-06 09:01:53
891377e2-b460-4cbb-b53e-00014ac88510,Cello Ballpen 970,CEL-BP-970,08b50124-be60-4751-b344-1f56e85b20e6,box,25,True,,2025-11-12 09:01:53
688d7d24-b0a3-4d03-bb93-8dff72ac36ec,Cello Ballpen 279,CEL-BP-279,08b50124-be60-4751-b344-1f56e85b20e6,box,65,False,,2025-12-02 09:01:53
9311f4d9-f7b6-4866-ae06-91cd32daeb7e,Cello Ballpen 430,CEL-BP-430,08b50124-be60-4751-b344-1f56e85b20e6,box,21,True,,2026-02-27 09:01:53
aacfce22-5c14-4086-9f92-6c30cbabb4d9,Cello Ballpen 311,CEL-BP-311,08b50124-be60-4751-b344-1f56e85b20e6,box,78,True,,2025-11-09 09:01:53
03485697-677c-4817-a22d-90c95359d2ca,Cello Ballpen 800,CEL-BP-800,08b50124-be60-4751-b344-1f56e85b20e6,box,82,True,,2025-11-11 09:01:53
4ba74091-f656-4c75-bbf5-7569cd3d15cd,Cello Ballpen 915,CEL-BP-915,08b50124-be60-4751-b344-1f56e85b20e6,box,27,False,,2025-07-01 09:01:53
8a52e72b-926b-448d-a5b9-4945f4f4e9b2,Cello Ballpen 756,CEL-BP-756,08b50124-be60-4751-b344-1f56e85b20e6,box,19,True,,2025-09-26 09:01:53
3dc65fb7-4a18-4986-8273-0e96894e5393,Cello Ballpen 993,CEL-BP-993,08b50124-be60-4751-b344-1f56e85b20e6,box,25,True,,2026-02-07 09:01:53
0b109928-0197-4ef8-8c5a-c0b02e157fb1,Cello Ballpen 107,CEL-BP-107,08b50124-be60-4751-b344-1f56e85b20e6,box,100,True,,2025-04-02 09:01:53
410941d2-3d16-4efe-b448-206a4fe34e08,Cello Ballpen 516,CEL-BP-516,08b50124-be60-4751-b344-1f56e85b20e6,box,71,False,,2025-08-29 09:01:53
8e225667-9e78-4f82-91b5-5869f818fe7c,Cello Ballpen 172,CEL-BP-172,08b50124-be60-4751-b344-1f56e85b20e6,box,58,False,,2025-06-12 09:01:53
4ee5993e-689d-4599-917e-a6932c908b0a,Cello Ballpen 223,CEL-BP-223,08b50124-be60-4751-b344-1f56e85b20e6,box,96,True,,2025-04-17 09:01:53
1a051214-e3f8-4032-a488-64198ef34679,Cello Ballpen 646,CEL-BP-646,08b50124-be60-4751-b344-1f56e85b20e6,box,96,True,,2025-07-11 09:01:53
044d3f83-a13b-4e1c-b14d-974d2452cb11,Cello Ballpen 947,CEL-BP-947,08b50124-be60-4751-b344-1f56e85b20e6,box,97,True,,2025-08-23 09:01:53
81128d82-e366-4506-aa5b-845bc5618569,Cello Ballpen 948,CEL-BP-948,08b50124-be60-4751-b344-1f56e85b20e6,box,97,True,,2025-09-09 09:01:53
0c6e15c7-d43b-4bae-aef8-66afa7131f52,Cello Ballpen 509,CEL-BP-509,08b50124-be60-4751-b344-1f56e85b20e6,box,96,False,,2025-04-26 09:01:53
877528cd-f51a-4090-bbb9-7a7ec1c86825,Cello Ballpen 765,CEL-BP-765,08b50124-be60-4751-b344-1f56e85b20e6,box,61,True,,2026-01-10 09:01:53
84683a94-b904-4b79-8f2c-e2d81968e0d2,Cello Ballpen 206,CEL-BP-206,08b50124-be60-4751-b344-1f56e85b20e6,box,23,True,,2025-05-22 09:01:53
bb7666ed-336f-4217-a6fb-c4ab100320b4,Cello Ballpen 871,CEL-BP-871,08b50124-be60-4751-b344-1f56e85b20e6,box,19,True,,2025-09-08 09:01:53
17c78439-3ed8-4a6e-8e30-1caa0bf4645d,Cello Ballpen 522,CEL-BP-522,08b50124-be60-4751-b344-1f56e85b20e6,box,89,True,,2025-11-10 09:01:53
dd741a8a-ca14-41e3-a780-a2404948db3d,Cello Ballpen 914,CEL-BP-914,08b50124-be60-4751-b344-1f56e85b20e6,box,66,True,,2026-01-24 09:01:53
31666226-94b1-4bd7-be55-1100340abd97,Cello Ballpen 437,CEL-BP-437,08b50124-be60-4751-b344-1f56e85b20e6,box,87,True,,2025-07-23 09:01:53
8607de64-0240-4bb7-902f-05c29525fcc0,Cello Ballpen 826,CEL-BP-826,08b50124-be60-4751-b344-1f56e85b20e6,box,67,True,,2025-11-01 09:01:53
50f9b43a-44fc-4bdf-8652-bdc21e8589ef,Cello Ballpen 450,CEL-BP-450,08b50124-be60-4751-b344-1f56e85b20e6,box,42,True,,2025-09-26 09:01:53
e6c066d1-8846-4725-b664-cfde5506397a,Cello Ballpen 906,CEL-BP-906,08b50124-be60-4751-b344-1f56e85b20e6,box,62,True,,2025-05-28 09:01:53
071119e6-089c-4251-8dac-99577eb6ce19,Cello Ballpen 381,CEL-BP-381,08b50124-be60-4751-b344-1f56e85b20e6,box,81,True,,2026-01-02 09:01:53
59fc8094-f9ed-48b9-a632-ed8d199027dc,Cello Ballpen 251,CEL-BP-251,08b50124-be60-4751-b344-1f56e85b20e6,box,71,True,,2025-11-21 09:01:53
f5d8c6f5-ab61-4cc4-af7a-4f20372c9f11,Cello Ballpen 479,CEL-BP-479-82,08b50124-be60-4751-b344-1f56e85b20e6,box,51,True,,2025-10-08 09:01:53
739bae5a-e1ba-4602-a2fd-8182cf129e74,Cello Ballpen 833,CEL-BP-833,08b50124-be60-4751-b344-1f56e85b20e6,box,25,True,,2025-10-09 09:01:53
985880d7-83e8-4e16-9e63-c03f7a6b22b4,Cello Ballpen 586,CEL-BP-586,08b50124-be60-4751-b344-1f56e85b20e6,box,96,True,,2025-10-15 09:01:53
f0437994-109f-4698-91d3-ba7c92898412,Cello Ballpen 258,CEL-BP-258,08b50124-be60-4751-b344-1f56e85b20e6,box,100,True,,2026-01-08 09:01:53
71c9c5c5-fda9-4ba4-8083-f7d38b2dc864,Cello Ballpen 250,CEL-BP-250,08b50124-be60-4751-b344-1f56e85b20e6,box,82,True,,2025-08-30 09:01:53
4cc2bdd3-6bc2-42fb-b7be-82f4aa5e4e19,Cello Ballpen 363,CEL-BP-363,08b50124-be60-4751-b344-1f56e85b20e6,box,86,True,,2025-11-26 09:01:53
768c6456-282f-4df5-b4f3-0b53c8e75fbb,Cello Ballpen 697,CEL-BP-697,08b50124-be60-4751-b344-1f56e85b20e6,box,43,True,,2026-03-08 09:01:53
01872030-a5e9-4588-a879-2000461c6042,Cello Ballpen 365,CEL-BP-365,08b50124-be60-4751-b344-1f56e85b20e6,box,51,True,,2025-06-23 09:01:53
681dbe96-9933-4b00-814d-21f8867282ab,Cello Ballpen 515,CEL-BP-515,08b50124-be60-4751-b344-1f56e85b20e6,box,66,True,,2025-12-17 09:01:53
13f28270-ebfb-476e-b951-7ea6ebd304df,Cello Ballpen 452,CEL-BP-452,08b50124-be60-4751-b344-1f56e85b20e6,box,87,True,,2025-07-01 09:01:53
32c61068-43af-451f-b50d-7ccafe0233ff,Cello Ballpen 421,CEL-BP-421,08b50124-be60-4751-b344-1f56e85b20e6,box,71,True,,2025-07-09 09:01:53
50e8eee1-bed5-4233-a59a-de6404923a5d,Cello Ballpen 763,CEL-BP-763,08b50124-be60-4751-b344-1f56e85b20e6,box,26,True,,2025-07-11 09:01:53
02a73de1-97bb-4353-b01e-eb0f7e5428ec,Cello Ballpen 279,CEL-BP-279-71,08b50124-be60-4751-b344-1f56e85b20e6,box,53,True,,2026-02-09 09:01:53
5626616f-d134-4fec-aba5-4eaa5e7f9bc5,Cello Ballpen 450,CEL-BP-450-38,08b50124-be60-4751-b344-1f56e85b20e6,box,44,True,,2025-12-28 09:01:53
96cf845f-020e-47de-9507-986c299b2bc5,Apsara Pencil 384pc,APS-PC-384,08b50124-be60-4751-b344-1f56e85b20e6,box,82,True,,2026-01-12 09:01:53
3c407e3d-a93e-4fe8-a410-bc47ec3f6e71,Apsara Pencil 765pc,APS-PC-765,08b50124-be60-4751-b344-1f56e85b20e6,box,30,True,,2025-07-22 09:01:53
98b24b7e-702d-4338-9ff9-6cc3a741987a,Apsara Pencil 683pc,APS-PC-683,08b50124-be60-4751-b344-1f56e85b20e6,box,86,False,,2025-06-19 09:01:53
603841f4-0502-4c62-a3ea-b01baa70b492,Apsara Pencil 333pc,APS-PC-333,08b50124-be60-4751-b344-1f56e85b20e6,box,99,True,,2025-04-08 09:01:53
7986489f-18cf-41a2-a5cd-0c87a602e62b,Apsara Pencil 133pc,APS-PC-133,08b50124-be60-4751-b344-1f56e85b20e6,box,56,True,,2025-09-27 09:01:53
1be084f8-a0f6-435e-8c11-b21a1cae7c2e,Apsara Pencil 619pc,APS-PC-619,08b50124-be60-4751-b344-1f56e85b20e6,box,13,True,,2025-06-14 09:01:53
76a5cf87-8c68-4dca-970b-7b98595fba47,Apsara Pencil 966pc,APS-PC-966,08b50124-be60-4751-b344-1f56e85b20e6,box,99,True,,2026-02-02 09:01:53
3e90b632-04b0-4a15-9577-21b22bd1cf59,Apsara Pencil 917pc,APS-PC-917,08b50124-be60-4751-b344-1f56e85b20e6,box,12,True,,2025-06-20 09:01:53
3f58b2eb-4930-41ca-9c77-eee4232208d2,Apsara Pencil 353pc,APS-PC-353,08b50124-be60-4751-b344-1f56e85b20e6,box,36,True,,2025-12-11 09:01:53
64464edd-df5a-43fa-8a28-8f454c8600c4,Apsara Pencil 806pc,APS-PC-806,08b50124-be60-4751-b344-1f56e85b20e6,box,88,True,,2025-11-18 09:01:53
26ca2fb2-5b0a-41ba-bbe2-4a54b48d962c,Apsara Pencil 806pc,APS-PC-806-68,08b50124-be60-4751-b344-1f56e85b20e6,box,27,True,,2025-05-07 09:01:53
ebf05ec4-0002-4a70-b2c5-6343524bdc9f,Apsara Pencil 372pc,APS-PC-372,08b50124-be60-4751-b344-1f56e85b20e6,box,75,True,,2025-12-07 09:01:53
dd79f8ec-eedc-4104-8a3b-a50b1fa86d6d,Apsara Pencil 850pc,APS-PC-850,08b50124-be60-4751-b344-1f56e85b20e6,box,13,False,,2026-01-06 09:01:53
8efbd554-0a6f-4c0c-8fbc-8a245d0c2aae,Apsara Pencil 635pc,APS-PC-635,08b50124-be60-4751-b344-1f56e85b20e6,box,43,True,,2025-11-18 09:01:53
2b23eab5-95ca-4f0a-8294-253bffba0fea,Apsara Pencil 349pc,APS-PC-349,08b50124-be60-4751-b344-1f56e85b20e6,box,79,True,,2025-07-13 09:01:53
13faa4a2-519f-4223-884e-a4053ecde909,Apsara Pencil 575pc,APS-PC-575,08b50124-be60-4751-b344-1f56e85b20e6,box,17,True,,2026-02-16 09:01:53
2dfb67fd-1773-4768-8a04-276d21698f29,Apsara Pencil 426pc,APS-PC-426,08b50124-be60-4751-b344-1f56e85b20e6,box,86,True,,2025-07-13 09:01:53
cf7cccc1-fe18-44be-83ba-50e6b313b054,Apsara Pencil 219pc,APS-PC-219,08b50124-be60-4751-b344-1f56e85b20e6,box,61,True,,2025-12-03 09:01:53
9c417d3e-32f0-4a66-8284-c931284fae18,Apsara Pencil 202pc,APS-PC-202,08b50124-be60-4751-b344-1f56e85b20e6,box,74,True,,2025-05-12 09:01:53
74cb2b41-8846-4e14-8def-d1e265f32232,Apsara Pencil 598pc,APS-PC-598,08b50124-be60-4751-b344-1f56e85b20e6,box,43,True,,2025-05-21 09:01:53
67c319ba-6450-460d-9f40-dbdd5c239db3,Apsara Pencil 540pc,APS-PC-540,08b50124-be60-4751-b344-1f56e85b20e6,box,19,True,,2025-07-31 09:01:53
4168cdea-ceeb-43d6-b270-c50b401e9a3c,Apsara Pencil 896pc,APS-PC-896,08b50124-be60-4751-b344-1f56e85b20e6,box,87,True,,2025-04-23 09:01:53
0b6096ef-6c76-40e2-affb-a500dd1e9dc3,Apsara Pencil 729pc,APS-PC-729,08b50124-be60-4751-b344-1f56e85b20e6,box,63,False,,2025-11-06 09:01:53
f8659e76-207b-4ad0-8861-7c48df8824fd,Apsara Pencil 872pc,APS-PC-872,08b50124-be60-4751-b344-1f56e85b20e6,box,57,True,,2025-07-05 09:01:53
1cb20c5e-edfb-4c59-990a-547b84373a75,Apsara Pencil 746pc,APS-PC-746,08b50124-be60-4751-b344-1f56e85b20e6,box,27,True,,2025-07-10 09:01:53
9f1e7c62-83b6-48ec-8103-4b1ae638fd72,Apsara Pencil 626pc,APS-PC-626,08b50124-be60-4751-b344-1f56e85b20e6,box,41,False,,2025-10-12 09:01:53
49ca0a5b-902d-4185-a69d-6e2a693f2d1d,Apsara Pencil 370pc,APS-PC-370,08b50124-be60-4751-b344-1f56e85b20e6,box,73,True,,2025-10-25 09:01:53
c5ab4d81-70eb-4b42-ae4a-d7c28947d56a,Apsara Pencil 794pc,APS-PC-794,08b50124-be60-4751-b344-1f56e85b20e6,box,76,True,,2025-04-28 09:01:53
323c70c9-3644-4744-8d22-01d9139de7a8,Apsara Pencil 550pc,APS-PC-550,08b50124-be60-4751-b344-1f56e85b20e6,box,19,False,,2025-12-11 09:01:53
0aa0dd89-2710-425a-ad24-042f700b1236,Apsara Pencil 599pc,APS-PC-599,08b50124-be60-4751-b344-1f56e85b20e6,box,5,True,,2025-06-27 09:01:53
4ab2d4bf-bdd1-4b79-a46c-a28b0cf966b4,Apsara Pencil 581pc,APS-PC-581,08b50124-be60-4751-b344-1f56e85b20e6,box,68,True,,2026-02-09 09:01:53
58d1f51c-87a0-4d7c-b7f5-962727d56ec4,Apsara Pencil 878pc,APS-PC-878,08b50124-be60-4751-b344-1f56e85b20e6,box,60,True,,2026-01-25 09:01:53
52469528-ee03-482d-9c62-0f722375bb68,Apsara Pencil 982pc,APS-PC-982,08b50124-be60-4751-b344-1f56e85b20e6,box,61,True,,2025-03-28 09:01:53
d26d2bc0-2164-42fe-a61f-e5b204ae2c51,Apsara Pencil 651pc,APS-PC-651,08b50124-be60-4751-b344-1f56e85b20e6,box,28,True,,2026-01-18 09:01:53
928398d6-686c-4a0b-8e04-258761a320fe,Apsara Pencil 881pc,APS-PC-881,08b50124-be60-4751-b344-1f56e85b20e6,box,34,True,,2025-07-01 09:01:53
c3649824-32cf-4152-95ab-50bc73f92a5e,Apsara Pencil 412pc,APS-PC-412,08b50124-be60-4751-b344-1f56e85b20e6,box,45,True,,2025-07-16 09:01:53
edae4fcb-2d6c-4b0e-bf1f-436588f6cf9f,Apsara Pencil 205pc,APS-PC-205,08b50124-be60-4751-b344-1f56e85b20e6,box,92,True,,2025-05-06 09:01:53
220bf784-3dc8-4fb7-a92a-11340716af51,Apsara Pencil 315pc,APS-PC-315,08b50124-be60-4751-b344-1f56e85b20e6,box,78,True,,2025-09-30 09:01:53
95679f45-b369-4811-8cc5-8d385614218e,Apsara Pencil 260pc,APS-PC-260,08b50124-be60-4751-b344-1f56e85b20e6,box,29,True,,2025-12-17 09:01:53
cad5b4ba-7357-497f-92f9-70b54842f09b,Apsara Pencil 972pc,APS-PC-972,08b50124-be60-4751-b344-1f56e85b20e6,box,25,True,,2025-12-24 09:01:53
d4fb782d-72f4-4036-ac6b-e2d734adbfa0,Apsara Pencil 433pc,APS-PC-433,08b50124-be60-4751-b344-1f56e85b20e6,box,71,False,,2025-04-14 09:01:53
0ae9b388-0646-4cb9-ab10-a78fe03d3743,Apsara Pencil 709pc,APS-PC-709,08b50124-be60-4751-b344-1f56e85b20e6,box,58,True,,2025-10-28 09:01:53
00bc4d4f-9c6b-4212-86b2-df3e960cf811,Apsara Pencil 334pc,APS-PC-334,08b50124-be60-4751-b344-1f56e85b20e6,box,38,True,,2025-10-10 09:01:53
7fff7445-14f6-4873-89d4-03df2ced7359,Apsara Pencil 479pc,APS-PC-479,08b50124-be60-4751-b344-1f56e85b20e6,box,23,True,,2025-09-14 09:01:53
4d69350e-cd85-4f1e-ac15-5e9f5ad75171,Apsara Pencil 949pc,APS-PC-949,08b50124-be60-4751-b344-1f56e85b20e6,box,100,True,,2025-10-08 09:01:53
0f05d3e2-3e79-453b-bdc4-f70b8266303e,Apsara Pencil 535pc,APS-PC-535,08b50124-be60-4751-b344-1f56e85b20e6,box,77,True,,2025-08-13 09:01:53
a582d16e-6471-47c7-acdd-2df0a3ca8cc9,Apsara Pencil 105pc,APS-PC-105,08b50124-be60-4751-b344-1f56e85b20e6,box,56,True,,2025-08-17 09:01:53
392e2717-167d-4614-a07e-bfa75e356a55,Apsara Pencil 462pc,APS-PC-462,08b50124-be60-4751-b344-1f56e85b20e6,box,87,True,,2025-07-24 09:01:53
85388bfe-309c-4807-8931-a2b3e0e1dd8e,Apsara Pencil 885pc,APS-PC-885,08b50124-be60-4751-b344-1f56e85b20e6,box,40,True,,2025-03-19 09:01:53
5e57943c-698e-488a-a576-919bbcca2c09,Apsara Pencil 307pc,APS-PC-307,08b50124-be60-4751-b344-1f56e85b20e6,box,31,True,,2025-11-03 09:01:53
8a9dc2e9-79e7-4bc1-aaa2-9512ceb1fda9,Faber Castell 401,FAB-FC-401,08b50124-be60-4751-b344-1f56e85b20e6,set,52,True,,2025-08-08 09:01:53
0ae8ebce-e00c-4c47-90bd-ac95c1effdf3,Faber Castell 909,FAB-FC-909,08b50124-be60-4751-b344-1f56e85b20e6,set,53,True,,2025-06-01 09:01:53
3f55d10a-ab78-48c5-bb24-79c3a0453a30,Faber Castell 856,FAB-FC-856,08b50124-be60-4751-b344-1f56e85b20e6,set,30,True,,2025-05-02 09:01:53
71f36dec-ce53-4163-99c5-88d6f76b4e3b,Faber Castell 615,FAB-FC-615,08b50124-be60-4751-b344-1f56e85b20e6,set,61,True,,2026-01-19 09:01:53
09e3922e-bc20-491a-bf18-fc794464f366,Faber Castell 176,FAB-FC-176,08b50124-be60-4751-b344-1f56e85b20e6,set,36,True,,2025-07-12 09:01:53
10ecb331-e2b6-4bff-a2b7-4b2abe869c00,Faber Castell 838,FAB-FC-838,08b50124-be60-4751-b344-1f56e85b20e6,set,80,True,,2026-02-19 09:01:53
769de127-0028-4ec4-bef2-bc206b6d468f,Faber Castell 899,FAB-FC-899,08b50124-be60-4751-b344-1f56e85b20e6,set,89,True,,2025-03-18 09:01:53
62f79865-53aa-4e1d-becf-48cee44d7886,Faber Castell 598,FAB-FC-598,08b50124-be60-4751-b344-1f56e85b20e6,set,36,True,,2025-05-08 09:01:53
c247b149-2001-4f94-ac8e-2cc50e1b3516,Faber Castell 700,FAB-FC-700,08b50124-be60-4751-b344-1f56e85b20e6,set,53,True,,2026-02-14 09:01:53
cec384ec-c372-42e0-9d8f-d4eb60bf599b,Faber Castell 754,FAB-FC-754,08b50124-be60-4751-b344-1f56e85b20e6,set,48,True,,2025-09-06 09:01:53
8a345e03-616b-4a34-a709-85cd7acb84b9,Faber Castell 548,FAB-FC-548,08b50124-be60-4751-b344-1f56e85b20e6,set,41,True,,2026-01-05 09:01:53
7c736486-75d6-48f7-be2b-4e2f784a534f,Faber Castell 867,FAB-FC-867,08b50124-be60-4751-b344-1f56e85b20e6,set,14,True,,2025-08-15 09:01:53
da80d37d-f061-49d4-a8f7-8b5356c8cf31,Faber Castell 944,FAB-FC-944,08b50124-be60-4751-b344-1f56e85b20e6,set,24,True,,2025-05-17 09:01:53
9a593653-3ada-4c82-b6ac-3adee576cd47,Faber Castell 406,FAB-FC-406,08b50124-be60-4751-b344-1f56e85b20e6,set,78,True,,2026-01-28 09:01:53
1a77b4c6-c531-41d6-a032-6d8c7466821b,Faber Castell 548,FAB-FC-548-41,08b50124-be60-4751-b344-1f56e85b20e6,set,46,True,,2025-04-10 09:01:53
882a569a-377b-49c4-80b3-61c21700da4d,Faber Castell 366,FAB-FC-366,08b50124-be60-4751-b344-1f56e85b20e6,set,76,True,,2025-10-16 09:01:53
51973e6b-d530-4eb0-b0a2-e4b8007bfbef,Faber Castell 806,FAB-FC-806,08b50124-be60-4751-b344-1f56e85b20e6,set,7,True,,2026-02-08 09:01:53
ee877057-8b98-4a46-8a94-21cf84b9fa5d,Faber Castell 991,FAB-FC-991,08b50124-be60-4751-b344-1f56e85b20e6,set,94,True,,2025-10-05 09:01:53
a6d0097b-83d9-419c-b263-e2333695bfc3,Faber Castell 973,FAB-FC-973,08b50124-be60-4751-b344-1f56e85b20e6,set,51,False,,2025-07-29 09:01:53
b8b1d16a-41fb-44dd-8ed6-c1586714de18,Faber Castell 865,FAB-FC-865,08b50124-be60-4751-b344-1f56e85b20e6,set,32,True,,2025-07-18 09:01:53
bec4f6c2-8d26-4ae9-ad89-5b60e180f9c4,Faber Castell 333,FAB-FC-333,08b50124-be60-4751-b344-1f56e85b20e6,set,63,True,,2025-12-03 09:01:53
b7993412-b082-4ae2-acc1-3b36574f8b64,Faber Castell 793,FAB-FC-793,08b50124-be60-4751-b344-1f56e85b20e6,set,95,True,,2025-05-09 09:01:53
6423295d-b431-4e3e-b95b-c0416860569f,Faber Castell 865,FAB-FC-865-12,08b50124-be60-4751-b344-1f56e85b20e6,set,22,True,,2025-08-16 09:01:53
8970f249-5a51-452e-9086-97112e65a6a2,Faber Castell 537,FAB-FC-537,08b50124-be60-4751-b344-1f56e85b20e6,set,55,True,,2026-02-18 09:01:53
6a36a5b9-a169-4703-8d74-a411fac322b8,Faber Castell 951,FAB-FC-951,08b50124-be60-4751-b344-1f56e85b20e6,set,72,True,,2025-06-25 09:01:53
ba034191-1c77-4418-a3cc-4ef06095b0d1,Faber Castell 482,FAB-FC-482,08b50124-be60-4751-b344-1f56e85b20e6,set,7,True,,2026-02-26 09:01:53
bfe22d27-9c6d-477b-b92b-2e0beea94917,Faber Castell 616,FAB-FC-616,08b50124-be60-4751-b344-1f56e85b20e6,set,46,True,,2025-07-06 09:01:53
471b8daa-c413-4ef2-8e6c-917662468ff9,Faber Castell 389,FAB-FC-389,08b50124-be60-4751-b344-1f56e85b20e6,set,78,True,,2026-02-08 09:01:53
8868762d-88c6-4afd-ba44-d823c4109ebf,Faber Castell 852,FAB-FC-852,08b50124-be60-4751-b344-1f56e85b20e6,set,14,True,,2025-06-02 09:01:53
e165d628-63dc-4436-8dd8-bbaae88292b3,Faber Castell 899,FAB-FC-899-24,08b50124-be60-4751-b344-1f56e85b20e6,set,73,True,,2025-06-25 09:01:53
f4c4d81a-6bf5-4c6a-91a6-ff09e0aa4db5,Faber Castell 966,FAB-FC-966,08b50124-be60-4751-b344-1f56e85b20e6,set,16,True,,2025-07-18 09:01:53
efa4952b-125f-493a-94f3-c04eee0b436e,Faber Castell 724,FAB-FC-724,08b50124-be60-4751-b344-1f56e85b20e6,set,88,False,,2026-02-05 09:01:53
e8b01285-a244-4b4a-99fc-a4f34f936850,Faber Castell 885,FAB-FC-885,08b50124-be60-4751-b344-1f56e85b20e6,set,92,True,,2025-10-24 09:01:53
c9538334-54fb-4e2b-9fa9-1228bdfb20cc,Faber Castell 576,FAB-FC-576,08b50124-be60-4751-b344-1f56e85b20e6,set,62,True,,2025-12-27 09:01:53
295e5607-5e5b-4454-8c22-6bde7e3de70b,Faber Castell 766,FAB-FC-766,08b50124-be60-4751-b344-1f56e85b20e6,set,47,True,,2025-04-17 09:01:53
7574d4d1-53a1-4e2b-bc43-c5325e11d760,Faber Castell 689,FAB-FC-689,08b50124-be60-4751-b344-1f56e85b20e6,set,48,True,,2025-03-25 09:01:53
795d89cf-af98-4193-85bc-0f183e80e22b,Faber Castell 857,FAB-FC-857,08b50124-be60-4751-b344-1f56e85b20e6,set,60,True,,2025-08-21 09:01:53
70cfb130-05ba-497e-bf14-d32bc33ff9da,Faber Castell 688,FAB-FC-688,08b50124-be60-4751-b344-1f56e85b20e6,set,42,True,,2025-08-27 09:01:53
1f89efe0-f5cf-4c9e-9a5c-b0cccef876a5,Faber Castell 119,FAB-FC-119,08b50124-be60-4751-b344-1f56e85b20e6,set,6,True,,2025-08-08 09:01:53
abfc3c5f-8627-40f6-b189-383cecdae6cb,Faber Castell 254,FAB-FC-254,08b50124-be60-4751-b344-1f56e85b20e6,set,38,True,,2025-05-19 09:01:53
0f092946-2815-490b-930b-37f10bfeafa8,Faber Castell 790,FAB-FC-790,08b50124-be60-4751-b344-1f56e85b20e6,set,46,True,,2025-04-14 09:01:53
3440b4e2-1d2c-42c9-82a1-2def83bacf93,Faber Castell 781,FAB-FC-781,08b50124-be60-4751-b344-1f56e85b20e6,set,30,True,,2025-05-24 09:01:53
7665e531-72d5-48af-b830-87cdd034d56a,Faber Castell 463,FAB-FC-463,08b50124-be60-4751-b344-1f56e85b20e6,set,96,True,,2025-12-26 09:01:53
6b38f2ec-efe6-443d-984a-e675b627cfc2,Faber Castell 293,FAB-FC-293,08b50124-be60-4751-b344-1f56e85b20e6,set,23,True,,2025-12-12 09:01:53
6a977762-6b0c-47eb-a08c-918989eaa6a9,Faber Castell 203,FAB-FC-203,08b50124-be60-4751-b344-1f56e85b20e6,set,8,True,,2026-02-22 09:01:53
df0b4ea1-404e-4d17-98f0-8f8e22006988,Faber Castell 898,FAB-FC-898,08b50124-be60-4751-b344-1f56e85b20e6,set,21,True,,2026-02-07 09:01:53
db3440cc-544e-47ce-bdc8-ef7b879ceefe,Faber Castell 435,FAB-FC-435,08b50124-be60-4751-b344-1f56e85b20e6,set,45,False,,2025-04-12 09:01:53
ffb05c2b-4e9d-419c-921b-2866e0a8c86e,Faber Castell 313,FAB-FC-313,08b50124-be60-4751-b344-1f56e85b20e6,set,30,True,,2025-08-09 09:01:53
3f2948d8-628f-4734-8e9d-a88a5bc57089,Faber Castell 377,FAB-FC-377,08b50124-be60-4751-b344-1f56e85b20e6,set,34,False,,2025-11-23 09:01:53
134058b2-53b4-4834-8a3d-92eae7861ce1,Faber Castell 890,FAB-FC-890,08b50124-be60-4751-b344-1f56e85b20e6,set,50,True,,2025-08-01 09:01:53
9cf0a867-9580-4214-bed3-ba6a8d8fcf30,Staedtler Set 226,STA-ST-226,08b50124-be60-4751-b344-1f56e85b20e6,set,53,True,,2025-11-28 09:01:53
e02c251d-20fd-41d3-b905-7e107e77dc8c,Staedtler Set 489,STA-ST-489,08b50124-be60-4751-b344-1f56e85b20e6,set,11,True,,2025-08-22 09:01:53
cf82f1b1-2f49-4195-ad7a-a7b2123133a6,Staedtler Set 303,STA-ST-303,08b50124-be60-4751-b344-1f56e85b20e6,set,31,True,,2025-05-16 09:01:53
968adfb9-9897-4f9d-ad1e-12a11a955993,Staedtler Set 934,STA-ST-934,08b50124-be60-4751-b344-1f56e85b20e6,set,20,True,,2025-12-15 09:01:53
57a28516-b4ff-47c3-94c4-842d734cdca6,Staedtler Set 618,STA-ST-618,08b50124-be60-4751-b344-1f56e85b20e6,set,79,True,,2026-01-11 09:01:53
59f546f7-aee5-4438-bb73-2c70507f6eb7,Staedtler Set 266,STA-ST-266,08b50124-be60-4751-b344-1f56e85b20e6,set,31,True,,2025-07-07 09:01:53
07b20dfb-ed6a-4c31-abdc-c3dce80bb608,Staedtler Set 858,STA-ST-858,08b50124-be60-4751-b344-1f56e85b20e6,set,82,True,,2025-10-03 09:01:53
375ba30e-f2fd-427e-9d7e-531caf91c86e,Staedtler Set 525,STA-ST-525,08b50124-be60-4751-b344-1f56e85b20e6,set,29,True,,2026-01-27 09:01:53
ab564fda-1e92-4463-b867-bbf88e5980f5,Staedtler Set 918,STA-ST-918,08b50124-be60-4751-b344-1f56e85b20e6,set,69,True,,2025-11-04 09:01:53
5a9f8a82-52cb-4207-a933-10073db831e6,Staedtler Set 620,STA-ST-620,08b50124-be60-4751-b344-1f56e85b20e6,set,19,False,,2026-03-06 09:01:53
85972c84-71b4-48df-bf92-e170a5c7727a,Staedtler Set 107,STA-ST-107,08b50124-be60-4751-b344-1f56e85b20e6,set,53,True,,2025-08-22 09:01:53
b8dd0d95-de77-40bd-892a-62832ea28410,Staedtler Set 978,STA-ST-978,08b50124-be60-4751-b344-1f56e85b20e6,set,17,True,,2025-10-07 09:01:53
f6151d09-f023-4236-b7c1-9e1dd5de934e,Staedtler Set 956,STA-ST-956,08b50124-be60-4751-b344-1f56e85b20e6,set,13,True,,2025-04-15 09:01:53
0a6961dd-a4f7-419b-89c8-749808cea962,Staedtler Set 407,STA-ST-407,08b50124-be60-4751-b344-1f56e85b20e6,set,34,False,,2026-01-30 09:01:53
899fa094-554f-44af-930c-6ef947862d8d,Staedtler Set 766,STA-ST-766,08b50124-be60-4751-b344-1f56e85b20e6,set,87,True,,2025-07-16 09:01:53
b374a41a-e979-4b4d-8c6c-f310bcbd456e,Staedtler Set 116,STA-ST-116,08b50124-be60-4751-b344-1f56e85b20e6,set,40,True,,2025-09-30 09:01:53
eddca62a-f73f-4bf6-830f-eb8341eb27aa,Staedtler Set 146,STA-ST-146,08b50124-be60-4751-b344-1f56e85b20e6,set,23,True,,2025-12-14 09:01:53
9cc8f2af-bf02-4cda-8b99-0a222fc3cadc,Staedtler Set 678,STA-ST-678,08b50124-be60-4751-b344-1f56e85b20e6,set,6,True,,2025-12-25 09:01:53
93c59373-282f-47f4-9fda-d622264f913c,Staedtler Set 243,STA-ST-243,08b50124-be60-4751-b344-1f56e85b20e6,set,93,True,,2026-02-23 09:01:53
4aa9057b-1ba7-464a-a5ac-cb2c5725b910,Staedtler Set 162,STA-ST-162,08b50124-be60-4751-b344-1f56e85b20e6,set,81,True,,2025-04-10 09:01:53
af57d8c1-9303-4773-ba9a-4fc92ef548cc,Staedtler Set 400,STA-ST-400,08b50124-be60-4751-b344-1f56e85b20e6,set,52,True,,2025-12-24 09:01:53
fb12929b-2c4a-4721-95a9-996929c745d1,Staedtler Set 529,STA-ST-529,08b50124-be60-4751-b344-1f56e85b20e6,set,27,True,,2025-06-22 09:01:53
d1bc0755-2883-4c8e-ad12-6abe31564350,Staedtler Set 255,STA-ST-255,08b50124-be60-4751-b344-1f56e85b20e6,set,99,True,,2025-04-06 09:01:53
42f030c9-d696-4f11-9262-d5dca589d366,Staedtler Set 285,STA-ST-285,08b50124-be60-4751-b344-1f56e85b20e6,set,51,True,,2026-01-17 09:01:53
67e8de9a-4b45-449e-b9d4-362dac35c3da,Staedtler Set 905,STA-ST-905,08b50124-be60-4751-b344-1f56e85b20e6,set,25,True,,2025-11-30 09:01:53
e6b62cab-84c9-48a3-bbc7-2c0afb0bf6e8,Staedtler Set 413,STA-ST-413,08b50124-be60-4751-b344-1f56e85b20e6,set,56,True,,2025-10-30 09:01:53
4f1715e6-f95d-4b3e-9504-c74a2114b92d,Staedtler Set 736,STA-ST-736,08b50124-be60-4751-b344-1f56e85b20e6,set,46,True,,2026-03-01 09:01:53
38d60b5e-c8e7-43ca-bcfe-da9ad94a0e1c,Staedtler Set 439,STA-ST-439,08b50124-be60-4751-b344-1f56e85b20e6,set,8,True,,2026-02-25 09:01:53
fcddac12-fc23-4db7-a942-b655101de405,Staedtler Set 852,STA-ST-852,08b50124-be60-4751-b344-1f56e85b20e6,set,23,False,,2026-02-19 09:01:53
b37a8ea9-8174-4ac2-9229-560130cbd7eb,Staedtler Set 652,STA-ST-652,08b50124-be60-4751-b344-1f56e85b20e6,set,53,True,,2025-06-19 09:01:53
ff989462-31fb-4bc0-8250-f43eeaeb1e63,Staedtler Set 273,STA-ST-273,08b50124-be60-4751-b344-1f56e85b20e6,set,25,True,,2025-09-17 09:01:53
1b1b02c4-127a-41c3-af93-b9dc3f5aed05,Staedtler Set 328,STA-ST-328,08b50124-be60-4751-b344-1f56e85b20e6,set,16,True,,2026-02-09 09:01:53
006d9215-086c-4b14-98e6-fd7a3d490165,Staedtler Set 215,STA-ST-215,08b50124-be60-4751-b344-1f56e85b20e6,set,65,True,,2025-08-14 09:01:53
09793249-fcf4-4e44-9f47-ea3947843e0e,Staedtler Set 976,STA-ST-976,08b50124-be60-4751-b344-1f56e85b20e6,set,73,True,,2025-05-10 09:01:53
a764d8bb-c61b-4964-808b-21123ee72339,Staedtler Set 928,STA-ST-928,08b50124-be60-4751-b344-1f56e85b20e6,set,86,True,,2025-07-14 09:01:53
0bd1371f-b2d8-4872-996d-687a58291535,Staedtler Set 580,STA-ST-580,08b50124-be60-4751-b344-1f56e85b20e6,set,37,True,,2025-04-12 09:01:53
176fbdee-698f-4b18-9ded-57e82dd6bf22,Staedtler Set 652,STA-ST-652-56,08b50124-be60-4751-b344-1f56e85b20e6,set,83,True,,2026-01-24 09:01:53
5b103baf-1fbc-4dcd-9c05-116f4abfa8ce,Staedtler Set 589,STA-ST-589,08b50124-be60-4751-b344-1f56e85b20e6,set,68,True,,2025-05-26 09:01:53
94144ead-2a20-4c2d-b6ef-0f8e892ad884,Staedtler Set 300,STA-ST-300,08b50124-be60-4751-b344-1f56e85b20e6,set,21,True,,2026-01-07 09:01:53
7c54e78f-a010-4597-a128-584bf1887d47,Staedtler Set 924,STA-ST-924,08b50124-be60-4751-b344-1f56e85b20e6,set,23,True,,2026-01-31 09:01:53
ec387cb9-ad14-4a04-bf69-3c72d28e8d1a,Staedtler Set 861,STA-ST-861,08b50124-be60-4751-b344-1f56e85b20e6,set,17,True,,2025-10-21 09:01:53
1c843e79-4240-432d-a51c-0d4207f9ed98,Staedtler Set 729,STA-ST-729,08b50124-be60-4751-b344-1f56e85b20e6,set,18,True,,2025-11-06 09:01:53
d239ac80-a7bc-4139-b8f7-fd1edd34bc6c,Staedtler Set 289,STA-ST-289,08b50124-be60-4751-b344-1f56e85b20e6,set,98,True,,2025-09-27 09:01:53
8dd521a3-e009-4b9b-be7f-e50558685088,Staedtler Set 827,STA-ST-827,08b50124-be60-4751-b344-1f56e85b20e6,set,64,True,,2025-06-21 09:01:53
825a1fad-6aa8-4def-905e-6f18985a231f,Staedtler Set 629,STA-ST-629,08b50124-be60-4751-b344-1f56e85b20e6,set,78,False,,2025-10-29 09:01:53
7eb40c84-d550-4c06-b68a-cfeab79db56e,Staedtler Set 878,STA-ST-878,08b50124-be60-4751-b344-1f56e85b20e6,set,21,True,,2025-09-04 09:01:53
e391c15d-7ecd-4d0b-bdcb-a706b274bb51,Staedtler Set 777,STA-ST-777,08b50124-be60-4751-b344-1f56e85b20e6,set,23,True,,2026-02-25 09:01:53
fa8f2990-78af-4ce1-a4bd-00a972d972a6,Staedtler Set 865,STA-ST-865,08b50124-be60-4751-b344-1f56e85b20e6,set,54,True,,2025-12-03 09:01:53
e7c67a62-90b2-4d3d-b31f-a5225ca73338,Staedtler Set 286,STA-ST-286,08b50124-be60-4751-b344-1f56e85b20e6,set,6,True,,2026-02-25 09:01:53
4e246eac-8bae-49ba-9b37-165145c1df01,Staedtler Set 955,STA-ST-955,08b50124-be60-4751-b344-1f56e85b20e6,set,35,True,,2025-09-30 09:01:53
7e932486-c9fd-4641-9fcf-efe633cb538b,Prestige Cooker 111L,PRE-PC-111,e62fed3c-e3d5-4d78-b360-717a465183a2,piece,78,True,,2025-09-19 09:01:53
e9d7b269-714e-477e-8d2a-b402be7d5bd3,Prestige Cooker 292L,PRE-PC-292,e62fed3c-e3d5-4d78-b360-717a465183a2,piece,85,True,,2025-05-23 09:01:53
681f5623-8bfc-4a03-a720-206a3a2d9775,Prestige Cooker 515L,PRE-PC-515,e62fed3c-e3d5-4d78-b360-717a465183a2,piece,62,False,,2025-07-25 09:01:53
f1aff85c-4c29-475f-b7e7-a7b581e6c4c7,Prestige Cooker 736L,PRE-PC-736,e62fed3c-e3d5-4d78-b360-717a465183a2,piece,38,True,,2026-01-13 09:01:53
6e80e441-4863-45ca-9d7c-75c70f46035a,Prestige Cooker 862L,PRE-PC-862,e62fed3c-e3d5-4d78-b360-717a465183a2,piece,40,True,,2025-06-24 09:01:53
77bffc76-6004-49d4-8b37-f24513e712c7,Prestige Cooker 445L,PRE-PC-445,e62fed3c-e3d5-4d78-b360-717a465183a2,piece,48,False,,2025-12-09 09:01:53
6061d7b6-9735-4426-8507-00476d76baba,Prestige Cooker 361L,PRE-PC-361,e62fed3c-e3d5-4d78-b360-717a465183a2,piece,48,True,,2025-07-08 09:01:53
76ccea55-4d06-4236-b403-2e1a699ae5d9,Prestige Cooker 890L,PRE-PC-890,e62fed3c-e3d5-4d78-b360-717a465183a2,piece,75,True,,2026-01-24 09:01:53
2ad7b1d0-92a4-4836-843b-fadbb7d4fcee,Prestige Cooker 784L,PRE-PC-784,e62fed3c-e3d5-4d78-b360-717a465183a2,piece,48,True,,2025-10-31 09:01:53
b4bcfeac-3cb3-46b9-bff8-c717d7e8e94c,Prestige Cooker 164L,PRE-PC-164,e62fed3c-e3d5-4d78-b360-717a465183a2,piece,51,True,,2026-03-01 09:01:53
a057718e-aa94-4e39-aa8d-feea51b6f2c5,Prestige Cooker 656L,PRE-PC-656,e62fed3c-e3d5-4d78-b360-717a465183a2,piece,21,True,,2025-07-23 09:01:53
892bd072-5675-4d01-9c2a-7c4c93909b2d,Prestige Cooker 949L,PRE-PC-949,e62fed3c-e3d5-4d78-b360-717a465183a2,piece,19,True,,2025-03-15 09:01:53
11322416-6ee2-46eb-bc42-5a8fbcd0bdbe,Prestige Cooker 402L,PRE-PC-402,e62fed3c-e3d5-4d78-b360-717a465183a2,piece,21,True,,2025-10-08 09:01:53
e5172408-443a-4b3b-8daf-2474fd955495,Prestige Cooker 563L,PRE-PC-563,e62fed3c-e3d5-4d78-b360-717a465183a2,piece,60,True,,2026-01-31 09:01:53
fc0abd16-3f01-4d29-90c3-19199ddf5fb2,Prestige Cooker 987L,PRE-PC-987,e62fed3c-e3d5-4d78-b360-717a465183a2,piece,69,True,,2025-06-26 09:01:53
0d97363d-b3fe-4a3a-8395-eb1175e85849,Prestige Cooker 299L,PRE-PC-299,e62fed3c-e3d5-4d78-b360-717a465183a2,piece,23,True,,2025-11-21 09:01:53
80730758-3b80-4f43-9520-d320f792fbe8,Prestige Cooker 894L,PRE-PC-894,e62fed3c-e3d5-4d78-b360-717a465183a2,piece,7,True,,2025-09-14 09:01:53
9307d12b-cffa-436e-9a0b-df5f07f503fe,Prestige Cooker 638L,PRE-PC-638,e62fed3c-e3d5-4d78-b360-717a465183a2,piece,81,True,,2025-05-30 09:01:53
79ea6a5d-d8bb-40d8-a821-3b18ece55894,Prestige Cooker 980L,PRE-PC-980,e62fed3c-e3d5-4d78-b360-717a465183a2,piece,72,True,,2025-06-15 09:01:53
2757801d-018e-4198-8dce-8569c3134473,Prestige Cooker 471L,PRE-PC-471,e62fed3c-e3d5-4d78-b360-717a465183a2,piece,74,True,,2025-06-16 09:01:53
14332121-faae-4751-b81c-2b2e3970151d,Prestige Cooker 270L,PRE-PC-270,e62fed3c-e3d5-4d78-b360-717a465183a2,piece,52,True,,2025-03-31 09:01:53
cb3a1ebb-f863-4586-a039-72ae3754593f,Prestige Cooker 269L,PRE-PC-269,e62fed3c-e3d5-4d78-b360-717a465183a2,piece,86,True,,2025-05-02 09:01:53
b3364a9d-e26e-46b3-a86e-9f08c1e42125,Prestige Cooker 331L,PRE-PC-331,e62fed3c-e3d5-4d78-b360-717a465183a2,piece,96,True,,2025-05-06 09:01:53
d8c914e8-f1bf-4b22-80e1-9e1b2674bbad,Prestige Cooker 534L,PRE-PC-534,e62fed3c-e3d5-4d78-b360-717a465183a2,piece,30,True,,2025-08-21 09:01:53
2a3cea4c-4053-4448-b86a-d5cdbbf6ef2c,Prestige Cooker 403L,PRE-PC-403,e62fed3c-e3d5-4d78-b360-717a465183a2,piece,54,False,,2025-08-11 09:01:53
fb4b62b5-6fa3-4140-b1b3-dfddf9397dda,Prestige Cooker 587L,PRE-PC-587,e62fed3c-e3d5-4d78-b360-717a465183a2,piece,64,True,,2025-10-12 09:01:53
7dd3d609-d137-4cc0-88e5-9f1a2997927d,Prestige Cooker 100L,PRE-PC-100,e62fed3c-e3d5-4d78-b360-717a465183a2,piece,14,True,,2025-06-03 09:01:53
d0b9e2ac-a789-4fed-81b7-cebd69890e89,Prestige Cooker 784L,PRE-PC-784-49,e62fed3c-e3d5-4d78-b360-717a465183a2,piece,31,False,,2025-05-05 09:01:53
6c6aefc4-ca0f-4c97-99c9-9ca0c7ab5277,Prestige Cooker 708L,PRE-PC-708,e62fed3c-e3d5-4d78-b360-717a465183a2,piece,13,True,,2025-08-16 09:01:53
a8d21ee0-a12e-4a5e-9b2c-efe93709b7b9,Prestige Cooker 243L,PRE-PC-243,e62fed3c-e3d5-4d78-b360-717a465183a2,piece,23,True,,2025-12-22 09:01:53
c7ddfb2c-800e-446b-94ec-10b481706a7a,Prestige Cooker 882L,PRE-PC-882,e62fed3c-e3d5-4d78-b360-717a465183a2,piece,36,True,,2025-12-23 09:01:53
0b8a4105-d537-4721-88b9-e97c5b5fe00a,Prestige Cooker 761L,PRE-PC-761,e62fed3c-e3d5-4d78-b360-717a465183a2,piece,58,True,,2025-12-05 09:01:53
09bf8a81-7e6e-47d8-bc2f-b99903cd1a53,Prestige Cooker 354L,PRE-PC-354,e62fed3c-e3d5-4d78-b360-717a465183a2,piece,49,True,,2025-10-24 09:01:53
bed1f143-abec-47ad-a5ff-59cc0dbf74d4,Prestige Cooker 243L,PRE-PC-243-61,e62fed3c-e3d5-4d78-b360-717a465183a2,piece,20,True,,2025-05-19 09:01:53
5a25a1f0-a96b-4f1b-93ec-8a5afe1ba5a1,Prestige Cooker 788L,PRE-PC-788,e62fed3c-e3d5-4d78-b360-717a465183a2,piece,24,True,,2026-01-01 09:01:53
76ab677e-5aa0-4fdc-bc58-2d399510e8e6,Prestige Cooker 788L,PRE-PC-788-45,e62fed3c-e3d5-4d78-b360-717a465183a2,piece,46,True,,2026-01-13 09:01:53
b116fec4-8438-48f6-863f-b118a91a93bc,Prestige Cooker 633L,PRE-PC-633,e62fed3c-e3d5-4d78-b360-717a465183a2,piece,44,True,,2025-04-27 09:01:53
1a0a9575-5d9b-4aa2-912f-5d8bd2ede6b3,Prestige Cooker 712L,PRE-PC-712,e62fed3c-e3d5-4d78-b360-717a465183a2,piece,65,True,,2025-08-02 09:01:53
374df56a-d46b-44fd-a62b-a59e3d122d21,Prestige Cooker 405L,PRE-PC-405,e62fed3c-e3d5-4d78-b360-717a465183a2,piece,20,True,,2025-05-06 09:01:53
3fb3072f-a44b-485c-8061-2a26578387fc,Prestige Cooker 565L,PRE-PC-565,e62fed3c-e3d5-4d78-b360-717a465183a2,piece,24,True,,2025-09-21 09:01:53
7639d1f9-8028-447a-b06b-40c93d63ca64,Prestige Cooker 996L,PRE-PC-996,e62fed3c-e3d5-4d78-b360-717a465183a2,piece,39,False,,2026-02-22 09:01:53
4c20a181-2fe4-41c3-8d88-83732cf0763c,Prestige Cooker 490L,PRE-PC-490,e62fed3c-e3d5-4d78-b360-717a465183a2,piece,37,True,,2025-07-19 09:01:53
9c4c0d31-387e-4b6e-8348-3d90a9cb9ee2,Prestige Cooker 536L,PRE-PC-536,e62fed3c-e3d5-4d78-b360-717a465183a2,piece,79,True,,2025-03-16 09:01:53
241678cf-a738-4d08-ade1-6b69d6f278e0,Prestige Cooker 808L,PRE-PC-808,e62fed3c-e3d5-4d78-b360-717a465183a2,piece,67,True,,2025-11-19 09:01:53
234c9ee3-d05f-497a-82aa-21e4d3d0f298,Prestige Cooker 635L,PRE-PC-635,e62fed3c-e3d5-4d78-b360-717a465183a2,piece,18,True,,2025-05-10 09:01:53
fb97781d-62de-4cfc-879d-3af33920cf8e,Prestige Cooker 713L,PRE-PC-713,e62fed3c-e3d5-4d78-b360-717a465183a2,piece,51,True,,2025-04-08 09:01:53
3484b2b5-4e51-4a3d-a69d-28852fd21f3b,Prestige Cooker 606L,PRE-PC-606,e62fed3c-e3d5-4d78-b360-717a465183a2,piece,94,False,,2025-08-11 09:01:53
b7fa6dc3-d753-40ea-a572-5ff7b584e9dc,Prestige Cooker 158L,PRE-PC-158,e62fed3c-e3d5-4d78-b360-717a465183a2,piece,86,True,,2025-10-22 09:01:53
e780358e-9435-4414-b68f-1b888fcfe3f7,Prestige Cooker 962L,PRE-PC-962,e62fed3c-e3d5-4d78-b360-717a465183a2,piece,97,True,,2025-11-06 09:01:53
6167294f-7408-42ad-800c-1dc4a7b42ba7,Prestige Cooker 755L,PRE-PC-755,e62fed3c-e3d5-4d78-b360-717a465183a2,piece,70,True,,2025-04-07 09:01:53
4f6711d4-87bb-4aa0-b6cc-759f4d18fafc,Philips Mixer 956W,PHI-MX-956,e62fed3c-e3d5-4d78-b360-717a465183a2,piece,37,False,,2026-01-31 09:01:53
49080f33-26e0-408a-b24b-0afda54b8453,Philips Mixer 113W,PHI-MX-113,e62fed3c-e3d5-4d78-b360-717a465183a2,piece,17,True,,2025-07-09 09:01:53
5ffa32ff-6a0c-43c9-8e2d-d7426dfc9a91,Philips Mixer 348W,PHI-MX-348,e62fed3c-e3d5-4d78-b360-717a465183a2,piece,79,True,,2025-05-16 09:01:53
ee87dd7a-047e-434f-b5cc-0cee85d67f77,Philips Mixer 544W,PHI-MX-544,e62fed3c-e3d5-4d78-b360-717a465183a2,piece,90,True,,2025-03-17 09:01:53
a08a7b5f-cc61-4c0f-b78e-124b307a5e83,Philips Mixer 599W,PHI-MX-599,e62fed3c-e3d5-4d78-b360-717a465183a2,piece,76,True,,2025-05-29 09:01:53
11908a31-1526-46f5-a24f-57368834e68f,Philips Mixer 484W,PHI-MX-484,e62fed3c-e3d5-4d78-b360-717a465183a2,piece,82,True,,2025-04-07 09:01:53
615aebbd-e009-4a94-a7fe-ccf32f6d5119,Philips Mixer 491W,PHI-MX-491,e62fed3c-e3d5-4d78-b360-717a465183a2,piece,10,True,,2025-05-16 09:01:53
7deee0fd-9dbe-4460-852a-c75dd1d0c570,Philips Mixer 958W,PHI-MX-958,e62fed3c-e3d5-4d78-b360-717a465183a2,piece,87,False,,2025-05-24 09:01:53
2497e5f3-3973-4a3f-9b72-f9699ab313c3,Philips Mixer 197W,PHI-MX-197,e62fed3c-e3d5-4d78-b360-717a465183a2,piece,20,False,,2025-11-12 09:01:53
70190917-bcd4-4fef-8229-a8fbf2295d3b,Philips Mixer 469W,PHI-MX-469,e62fed3c-e3d5-4d78-b360-717a465183a2,piece,79,True,,2025-05-09 09:01:53
9c02bb16-68f5-4c18-92a1-63e31b3a1910,Philips Mixer 531W,PHI-MX-531,e62fed3c-e3d5-4d78-b360-717a465183a2,piece,55,True,,2026-02-22 09:01:53
79d59ed4-69bf-450a-bf07-c25e9a2867f3,Philips Mixer 455W,PHI-MX-455,e62fed3c-e3d5-4d78-b360-717a465183a2,piece,87,True,,2025-07-22 09:01:53
6f1a5f42-30cb-4ba7-be46-cfee6d40f30c,Philips Mixer 687W,PHI-MX-687,e62fed3c-e3d5-4d78-b360-717a465183a2,piece,71,True,,2025-08-22 09:01:53
51cffa2d-6dae-44df-b5ad-cd9f6f8447d8,Philips Mixer 932W,PHI-MX-932,e62fed3c-e3d5-4d78-b360-717a465183a2,piece,85,True,,2025-08-05 09:01:53
266c205b-863a-4290-8e72-3048d9cc2892,Philips Mixer 785W,PHI-MX-785,e62fed3c-e3d5-4d78-b360-717a465183a2,piece,8,True,,2025-12-12 09:01:53
d6b41527-1c40-44eb-b035-4e5371e21baf,Philips Mixer 124W,PHI-MX-124,e62fed3c-e3d5-4d78-b360-717a465183a2,piece,85,False,,2026-01-23 09:01:53
499d8b2c-fe27-4f7a-b8d8-7bcc4d0c79b7,Philips Mixer 399W,PHI-MX-399,e62fed3c-e3d5-4d78-b360-717a465183a2,piece,57,True,,2025-07-24 09:01:53
4801732f-c45a-4697-a9a8-20bccfb28380,Philips Mixer 969W,PHI-MX-969,e62fed3c-e3d5-4d78-b360-717a465183a2,piece,37,True,,2025-03-30 09:01:53
21d34180-61a8-41f3-8793-6de549c3708e,Philips Mixer 452W,PHI-MX-452,e62fed3c-e3d5-4d78-b360-717a465183a2,piece,50,False,,2025-11-07 09:01:53
26b2025c-90c9-4211-bfb8-479cf10f154b,Philips Mixer 383W,PHI-MX-383,e62fed3c-e3d5-4d78-b360-717a465183a2,piece,62,True,,2025-09-29 09:01:53
bbd689b8-429d-4e5b-88a8-a93d5bbca386,Philips Mixer 569W,PHI-MX-569,e62fed3c-e3d5-4d78-b360-717a465183a2,piece,94,False,,2025-10-31 09:01:53
cedbba00-3204-434a-9206-23fe357d6083,Philips Mixer 887W,PHI-MX-887,e62fed3c-e3d5-4d78-b360-717a465183a2,piece,25,True,,2025-06-07 09:01:53
03a94ea8-4383-4012-8e36-c986c4fe6ea1,Philips Mixer 763W,PHI-MX-763,e62fed3c-e3d5-4d78-b360-717a465183a2,piece,46,True,,2025-09-17 09:01:53
9a04a7b3-2a22-499e-b991-60a7defef430,Philips Mixer 899W,PHI-MX-899,e62fed3c-e3d5-4d78-b360-717a465183a2,piece,27,True,,2026-01-28 09:01:53
7bd7b94b-e783-4f01-a997-572984bb042d,Philips Mixer 441W,PHI-MX-441,e62fed3c-e3d5-4d78-b360-717a465183a2,piece,50,True,,2025-11-18 09:01:53
8b711c7a-c187-4d3d-a0b9-5822a8035e01,Philips Mixer 424W,PHI-MX-424,e62fed3c-e3d5-4d78-b360-717a465183a2,piece,44,True,,2026-01-27 09:01:53
3e3cf347-f141-4a6e-aab9-9a53c4975373,Philips Mixer 754W,PHI-MX-754,e62fed3c-e3d5-4d78-b360-717a465183a2,piece,56,True,,2025-07-03 09:01:53
c63fc4ba-4447-4c2e-ad73-a37260d6747d,Philips Mixer 754W,PHI-MX-754-33,e62fed3c-e3d5-4d78-b360-717a465183a2,piece,53,True,,2025-03-17 09:01:53
ce51cbff-1556-457b-9b33-210d0d6b0235,Philips Mixer 597W,PHI-MX-597,e62fed3c-e3d5-4d78-b360-717a465183a2,piece,49,True,,2025-08-02 09:01:53
99fdf738-cef9-4477-93df-49e6ad195bbb,Philips Mixer 470W,PHI-MX-470,e62fed3c-e3d5-4d78-b360-717a465183a2,piece,25,False,,2025-09-30 09:01:53
2a0dd4f2-ce1e-4695-8396-39df79db74a2,Philips Mixer 116W,PHI-MX-116,e62fed3c-e3d5-4d78-b360-717a465183a2,piece,19,True,,2025-10-07 09:01:53
1a5c5c4d-3e42-4ee2-be1d-7e2d04654a3c,Philips Mixer 618W,PHI-MX-618,e62fed3c-e3d5-4d78-b360-717a465183a2,piece,94,True,,2025-10-14 09:01:53
1b63fce6-9eeb-4346-9a41-e236b71175a5,Philips Mixer 874W,PHI-MX-874,e62fed3c-e3d5-4d78-b360-717a465183a2,piece,76,True,,2025-08-23 09:01:53
14ee951b-b7a0-4944-986f-6d10dcc0f950,Philips Mixer 733W,PHI-MX-733,e62fed3c-e3d5-4d78-b360-717a465183a2,piece,94,True,,2026-01-26 09:01:53
82b887c9-d671-4c4e-937f-b995a08e440f,Philips Mixer 192W,PHI-MX-192,e62fed3c-e3d5-4d78-b360-717a465183a2,piece,96,True,,2025-04-09 09:01:53
15c9119a-4fa9-48e0-80dc-4a0bd2c3d682,Philips Mixer 514W,PHI-MX-514,e62fed3c-e3d5-4d78-b360-717a465183a2,piece,38,True,,2025-09-21 09:01:53
a20fe70a-6db5-4197-82ae-864bfe7aafae,Philips Mixer 645W,PHI-MX-645,e62fed3c-e3d5-4d78-b360-717a465183a2,piece,50,True,,2025-08-29 09:01:53
b4fc5437-28a8-4a89-8f05-75f57a3c641d,Philips Mixer 206W,PHI-MX-206,e62fed3c-e3d5-4d78-b360-717a465183a2,piece,99,True,,2025-10-15 09:01:53
35b99748-d86c-4923-ae11-6b4e4916e0e8,Philips Mixer 728W,PHI-MX-728,e62fed3c-e3d5-4d78-b360-717a465183a2,piece,77,False,,2025-09-30 09:01:53
eb565280-6d92-4090-98a2-edb41edf4dd7,Philips Mixer 330W,PHI-MX-330,e62fed3c-e3d5-4d78-b360-717a465183a2,piece,61,True,,2025-11-09 09:01:53
6f48edb6-d01e-4946-b4ae-ee09bbbdcd8a,Philips Mixer 661W,PHI-MX-661,e62fed3c-e3d5-4d78-b360-717a465183a2,piece,24,True,,2025-10-25 09:01:53
02906a4e-f964-4226-b80d-6f4ddaf04542,Philips Mixer 126W,PHI-MX-126,e62fed3c-e3d5-4d78-b360-717a465183a2,piece,68,True,,2025-03-24 09:01:53
e8a923d4-8ae3-4c51-a764-7373e7f41cb7,Philips Mixer 324W,PHI-MX-324,e62fed3c-e3d5-4d78-b360-717a465183a2,piece,36,True,,2025-08-01 09:01:53
c00e0a19-df21-4685-bdbe-b352058555a4,Philips Mixer 763W,PHI-MX-763-37,e62fed3c-e3d5-4d78-b360-717a465183a2,piece,23,True,,2025-11-10 09:01:53
828b988c-b488-4f98-921c-048521762b7b,Philips Mixer 121W,PHI-MX-121,e62fed3c-e3d5-4d78-b360-717a465183a2,piece,83,True,,2025-08-02 09:01:53
08cb00ce-c227-41e0-a612-f9b6e61d608e,Philips Mixer 524W,PHI-MX-524,e62fed3c-e3d5-4d78-b360-717a465183a2,piece,76,True,,2025-05-28 09:01:53
6e094545-2b1d-4142-a27e-7899ed140556,Philips Mixer 296W,PHI-MX-296,e62fed3c-e3d5-4d78-b360-717a465183a2,piece,57,True,,2025-06-22 09:01:53
834109f6-add3-43c8-8fdb-e2cde72a943c,Philips Mixer 694W,PHI-MX-694,e62fed3c-e3d5-4d78-b360-717a465183a2,piece,56,True,,2025-08-28 09:01:53
f123582a-bbd4-418a-9ac0-b4633ddfa657,Philips Mixer 864W,PHI-MX-864,e62fed3c-e3d5-4d78-b360-717a465183a2,piece,38,True,,2025-09-09 09:01:53
7d120388-4546-4ff1-a7b1-c0124070094d,Philips Mixer 922W,PHI-MX-922,e62fed3c-e3d5-4d78-b360-717a465183a2,piece,38,True,,2025-09-09 09:01:53
1544a41d-9921-4311-974f-2f82383e225e,Bajaj Induction 340W,BAJ-IC-340,e62fed3c-e3d5-4d78-b360-717a465183a2,piece,45,True,,2026-02-03 09:01:53
0898e57a-9025-4903-a682-98a206433ca1,Bajaj Induction 809W,BAJ-IC-809,e62fed3c-e3d5-4d78-b360-717a465183a2,piece,22,True,,2025-03-20 09:01:53
205f4d3d-da5c-44c3-a409-00a4a0f9adfe,Bajaj Induction 352W,BAJ-IC-352,e62fed3c-e3d5-4d78-b360-717a465183a2,piece,73,True,,2026-01-24 09:01:53
23d6be9f-b27f-4854-a504-7c7c5c2ceb8a,Bajaj Induction 903W,BAJ-IC-903,e62fed3c-e3d5-4d78-b360-717a465183a2,piece,69,True,,2025-06-13 09:01:53
996a0785-0109-4b44-9c25-d0024c8b9026,Bajaj Induction 421W,BAJ-IC-421,e62fed3c-e3d5-4d78-b360-717a465183a2,piece,18,True,,2025-05-09 09:01:53
dd2954b4-4d9e-4569-a21b-f5327705f0f5,Bajaj Induction 333W,BAJ-IC-333,e62fed3c-e3d5-4d78-b360-717a465183a2,piece,97,True,,2025-03-20 09:01:53
cdc1378a-95b4-492d-ac5d-7ef4c33505f4,Bajaj Induction 760W,BAJ-IC-760,e62fed3c-e3d5-4d78-b360-717a465183a2,piece,75,True,,2025-11-20 09:01:53
37dd09c2-4633-45f8-a912-72d2d32969e4,Bajaj Induction 576W,BAJ-IC-576,e62fed3c-e3d5-4d78-b360-717a465183a2,piece,39,True,,2026-02-15 09:01:53
2b9b2e1c-f417-46cb-b709-69fb88a2bce4,Bajaj Induction 571W,BAJ-IC-571,e62fed3c-e3d5-4d78-b360-717a465183a2,piece,84,True,,2025-05-16 09:01:53
611f038c-cc9b-412b-ad80-8dfccee4fd8d,Bajaj Induction 546W,BAJ-IC-546,e62fed3c-e3d5-4d78-b360-717a465183a2,piece,13,False,,2025-12-17 09:01:53
7d526841-eeb4-4c6b-8ec6-68f4377231e4,Bajaj Induction 122W,BAJ-IC-122,e62fed3c-e3d5-4d78-b360-717a465183a2,piece,76,True,,2025-04-16 09:01:53
c686c33d-89b7-4f0b-93a2-57f8fb26e6d3,Bajaj Induction 158W,BAJ-IC-158,e62fed3c-e3d5-4d78-b360-717a465183a2,piece,49,True,,2025-03-18 09:01:53
7f09b76c-4091-480d-a0ee-097421ce55ae,Bajaj Induction 251W,BAJ-IC-251,e62fed3c-e3d5-4d78-b360-717a465183a2,piece,13,True,,2026-02-09 09:01:53
8fa5e63a-baaf-4667-b798-214cd099d78e,Bajaj Induction 836W,BAJ-IC-836,e62fed3c-e3d5-4d78-b360-717a465183a2,piece,40,True,,2026-02-28 09:01:53
8f811d48-81d4-4158-b488-4fe2660ac7d8,Bajaj Induction 830W,BAJ-IC-830,e62fed3c-e3d5-4d78-b360-717a465183a2,piece,81,True,,2025-03-19 09:01:53
19e413ac-89e8-4243-96dd-bcda00aa1d4b,Bajaj Induction 882W,BAJ-IC-882,e62fed3c-e3d5-4d78-b360-717a465183a2,piece,22,False,,2025-11-24 09:01:53
df428b96-b66b-4abc-89aa-91da6cf456fa,Bajaj Induction 777W,BAJ-IC-777,e62fed3c-e3d5-4d78-b360-717a465183a2,piece,62,True,,2025-03-23 09:01:53
0eefca14-6258-4509-8883-efff47274ac9,Bajaj Induction 790W,BAJ-IC-790,e62fed3c-e3d5-4d78-b360-717a465183a2,piece,43,True,,2025-05-27 09:01:53
b65e3520-67c0-4c7a-94b6-75a0d6bbb68d,Bajaj Induction 917W,BAJ-IC-917,e62fed3c-e3d5-4d78-b360-717a465183a2,piece,70,False,,2025-12-31 09:01:53
a1bbb755-6031-4b32-8004-d5b7d480f45e,Bajaj Induction 884W,BAJ-IC-884,e62fed3c-e3d5-4d78-b360-717a465183a2,piece,74,False,,2025-05-18 09:01:53
3539144c-9561-4b1c-abc6-2050cdf8d6be,Bajaj Induction 422W,BAJ-IC-422,e62fed3c-e3d5-4d78-b360-717a465183a2,piece,5,False,,2026-02-15 09:01:53
0d454786-205f-4ed6-8d73-0cf2fbf07aa4,Bajaj Induction 829W,BAJ-IC-829,e62fed3c-e3d5-4d78-b360-717a465183a2,piece,50,True,,2026-02-06 09:01:53
1a178263-0d1c-46ff-b720-5fa6bc01b72f,Bajaj Induction 728W,BAJ-IC-728,e62fed3c-e3d5-4d78-b360-717a465183a2,piece,13,True,,2025-12-22 09:01:53
6467c53e-7eb0-4bc5-afe9-306512ce6747,Bajaj Induction 850W,BAJ-IC-850,e62fed3c-e3d5-4d78-b360-717a465183a2,piece,29,True,,2025-05-11 09:01:53
61042893-d739-42a3-96fc-f421d6172091,Bajaj Induction 892W,BAJ-IC-892,e62fed3c-e3d5-4d78-b360-717a465183a2,piece,27,True,,2026-02-27 09:01:53
22972565-c646-4941-9189-66ff32b962af,Bajaj Induction 764W,BAJ-IC-764,e62fed3c-e3d5-4d78-b360-717a465183a2,piece,68,True,,2025-09-26 09:01:53
ce8bbb19-9ed5-4f56-bdce-a4dac8fc4015,Bajaj Induction 191W,BAJ-IC-191,e62fed3c-e3d5-4d78-b360-717a465183a2,piece,17,False,,2025-05-25 09:01:53
e6334a64-3812-4fe8-9208-f0eee04a5879,Bajaj Induction 817W,BAJ-IC-817,e62fed3c-e3d5-4d78-b360-717a465183a2,piece,92,True,,2025-08-18 09:01:53
e70013a9-9a72-4c70-ad89-459266d6e353,Bajaj Induction 490W,BAJ-IC-490,e62fed3c-e3d5-4d78-b360-717a465183a2,piece,94,True,,2025-09-20 09:01:53
b49c7a2d-ccd8-4c1f-9b99-bcc95ffa789b,Bajaj Induction 287W,BAJ-IC-287,e62fed3c-e3d5-4d78-b360-717a465183a2,piece,17,True,,2025-12-14 09:01:53
016bc58e-972c-4dd7-970f-464126b339f8,Bajaj Induction 824W,BAJ-IC-824,e62fed3c-e3d5-4d78-b360-717a465183a2,piece,60,True,,2025-07-02 09:01:53
17e8577a-1d5e-4077-8a94-01ad641df198,Bajaj Induction 192W,BAJ-IC-192,e62fed3c-e3d5-4d78-b360-717a465183a2,piece,28,True,,2025-12-02 09:01:53
30ac03b3-b414-46d6-acb6-13b2c8be26a7,Bajaj Induction 332W,BAJ-IC-332,e62fed3c-e3d5-4d78-b360-717a465183a2,piece,49,False,,2025-04-24 09:01:53
4af98c2a-5026-4bbb-9915-d8ac7caf46cd,Bajaj Induction 183W,BAJ-IC-183,e62fed3c-e3d5-4d78-b360-717a465183a2,piece,48,True,,2026-01-25 09:01:53
2fde1297-ea61-447f-94e7-4bbd7078de00,Bajaj Induction 636W,BAJ-IC-636,e62fed3c-e3d5-4d78-b360-717a465183a2,piece,37,True,,2025-05-08 09:01:53
a7fd2da0-9949-4032-9a64-f67da854a84c,Bajaj Induction 162W,BAJ-IC-162,e62fed3c-e3d5-4d78-b360-717a465183a2,piece,76,True,,2025-09-04 09:01:53
0d5df5a3-7392-40fb-99d6-1965640f5cc6,Bajaj Induction 197W,BAJ-IC-197,e62fed3c-e3d5-4d78-b360-717a465183a2,piece,26,True,,2025-06-17 09:01:53
0222483d-9931-4609-8afd-6f886e3d1312,Bajaj Induction 112W,BAJ-IC-112,e62fed3c-e3d5-4d78-b360-717a465183a2,piece,5,True,,2025-10-09 09:01:53
23984cbe-6d67-49e6-ba07-edb6f2ab129c,Bajaj Induction 128W,BAJ-IC-128,e62fed3c-e3d5-4d78-b360-717a465183a2,piece,77,True,,2026-02-07 09:01:53
2d614cf9-ca9f-4cb6-b10d-9f0a79fe3dd8,Bajaj Induction 276W,BAJ-IC-276,e62fed3c-e3d5-4d78-b360-717a465183a2,piece,29,True,,2025-07-02 09:01:53
56bb8f50-0ddc-4edd-b032-083fc13fffbb,Bajaj Induction 286W,BAJ-IC-286,e62fed3c-e3d5-4d78-b360-717a465183a2,piece,73,True,,2025-09-19 09:01:53
56d7491e-67a5-4cab-9013-e0595a33d3e5,Bajaj Induction 199W,BAJ-IC-199,e62fed3c-e3d5-4d78-b360-717a465183a2,piece,92,False,,2025-05-11 09:01:53
2eafc497-61bb-4e5e-8a7d-76807229bf66,Bajaj Induction 483W,BAJ-IC-483,e62fed3c-e3d5-4d78-b360-717a465183a2,piece,78,True,,2025-08-01 09:01:53
097f2901-c255-48cb-a88e-786819f2a724,Bajaj Induction 823W,BAJ-IC-823,e62fed3c-e3d5-4d78-b360-717a465183a2,piece,27,True,,2025-07-30 09:01:53
01fbca01-1898-4aa5-a123-35a1084fbea3,Bajaj Induction 131W,BAJ-IC-131,e62fed3c-e3d5-4d78-b360-717a465183a2,piece,84,True,,2025-06-12 09:01:53
4cbbf165-ee50-42b3-ad1e-0664796f7ea4,Bajaj Induction 912W,BAJ-IC-912,e62fed3c-e3d5-4d78-b360-717a465183a2,piece,20,True,,2025-10-06 09:01:53
7a93c4a1-ebea-425f-a265-c96ae30bb57d,Bajaj Induction 398W,BAJ-IC-398,e62fed3c-e3d5-4d78-b360-717a465183a2,piece,18,True,,2025-12-12 09:01:53
783e2c8b-7dd3-459c-9a05-bac4e04ebb14,Bajaj Induction 704W,BAJ-IC-704,e62fed3c-e3d5-4d78-b360-717a465183a2,piece,71,True,,2026-01-22 09:01:53
f55cf59f-a339-4d29-8526-38c7a107d311,Bajaj Induction 609W,BAJ-IC-609,e62fed3c-e3d5-4d78-b360-717a465183a2,piece,29,True,,2025-05-05 09:01:53
6eada0e0-6fd8-401e-bf91-6fc4182d1a35,Bajaj Induction 445W,BAJ-IC-445,e62fed3c-e3d5-4d78-b360-717a465183a2,piece,63,False,,2025-06-07 09:01:53
d573e10b-68fd-401d-8567-58de80dbdcaa,Pigeon Kettle 951L,PIG-KT-951,e62fed3c-e3d5-4d78-b360-717a465183a2,piece,54,True,,2026-01-14 09:01:53
64775ece-29dc-4a8c-9135-afedf987bcbe,Pigeon Kettle 784L,PIG-KT-784,e62fed3c-e3d5-4d78-b360-717a465183a2,piece,75,True,,2025-11-08 09:01:53
53870832-411d-44c0-9432-48c1bad1d6a3,Pigeon Kettle 474L,PIG-KT-474,e62fed3c-e3d5-4d78-b360-717a465183a2,piece,23,True,,2025-07-06 09:01:53
25ccb31a-88df-4a2d-aeb5-72bc7690ef56,Pigeon Kettle 292L,PIG-KT-292,e62fed3c-e3d5-4d78-b360-717a465183a2,piece,56,True,,2026-02-12 09:01:53
f95f20cd-0f1b-4389-8400-5eeb45c240c9,Pigeon Kettle 591L,PIG-KT-591,e62fed3c-e3d5-4d78-b360-717a465183a2,piece,89,True,,2025-05-16 09:01:53
e7151590-a01f-4cae-9bfc-23a1467bbc02,Pigeon Kettle 201L,PIG-KT-201,e62fed3c-e3d5-4d78-b360-717a465183a2,piece,71,True,,2025-04-13 09:01:53
48225768-0de2-467e-aaca-e01c6e1fb67a,Pigeon Kettle 428L,PIG-KT-428,e62fed3c-e3d5-4d78-b360-717a465183a2,piece,72,True,,2025-03-20 09:01:53
2e1f6c51-20de-48d5-83bd-899e9578543d,Pigeon Kettle 644L,PIG-KT-644,e62fed3c-e3d5-4d78-b360-717a465183a2,piece,71,True,,2025-06-08 09:01:53
56f0b86f-acb0-4e37-9893-9fef5cc08c31,Pigeon Kettle 758L,PIG-KT-758,e62fed3c-e3d5-4d78-b360-717a465183a2,piece,30,True,,2026-01-04 09:01:53
7a051570-3ba3-4df1-ab1b-c371a125c450,Pigeon Kettle 558L,PIG-KT-558,e62fed3c-e3d5-4d78-b360-717a465183a2,piece,30,True,,2025-04-28 09:01:53
76246940-2a51-47c2-b393-676aa5962339,Pigeon Kettle 536L,PIG-KT-536,e62fed3c-e3d5-4d78-b360-717a465183a2,piece,56,True,,2026-01-31 09:01:53
0431b5ed-c315-4844-bb76-450fd53bf75b,Pigeon Kettle 602L,PIG-KT-602,e62fed3c-e3d5-4d78-b360-717a465183a2,piece,8,True,,2025-10-01 09:01:53
aa6d5aa7-4224-4b79-a24d-d98fb7490b98,Pigeon Kettle 674L,PIG-KT-674,e62fed3c-e3d5-4d78-b360-717a465183a2,piece,66,True,,2025-10-09 09:01:53
727382fc-5b98-417e-afbb-7e200fc557ee,Pigeon Kettle 609L,PIG-KT-609,e62fed3c-e3d5-4d78-b360-717a465183a2,piece,41,True,,2025-03-22 09:01:53
22735ae2-35fe-475a-a380-1abc5dd05623,Pigeon Kettle 156L,PIG-KT-156,e62fed3c-e3d5-4d78-b360-717a465183a2,piece,72,True,,2025-12-08 09:01:53
e7f5dca5-4499-41e6-8802-c9de59830c7e,Pigeon Kettle 191L,PIG-KT-191,e62fed3c-e3d5-4d78-b360-717a465183a2,piece,44,True,,2025-05-26 09:01:53
67e1cc47-98ea-4bd7-8bdd-39fee329ffcc,Pigeon Kettle 655L,PIG-KT-655,e62fed3c-e3d5-4d78-b360-717a465183a2,piece,27,True,,2026-02-18 09:01:53
a7d0e292-cdc7-4899-bead-89768a7171ab,Pigeon Kettle 647L,PIG-KT-647,e62fed3c-e3d5-4d78-b360-717a465183a2,piece,8,True,,2025-10-10 09:01:53
1df60882-531a-4948-bece-1382f579c21f,Pigeon Kettle 494L,PIG-KT-494,e62fed3c-e3d5-4d78-b360-717a465183a2,piece,29,True,,2025-06-12 09:01:53
b36f12f3-cc38-46c4-89f7-1b325d79bb6b,Pigeon Kettle 153L,PIG-KT-153,e62fed3c-e3d5-4d78-b360-717a465183a2,piece,92,True,,2025-06-27 09:01:53
6a9fe780-7243-4cee-bd45-36d444cc38bc,Pigeon Kettle 636L,PIG-KT-636,e62fed3c-e3d5-4d78-b360-717a465183a2,piece,27,True,,2025-03-31 09:01:53
0d625f71-f7a1-4555-9cd7-d6134da11227,Pigeon Kettle 815L,PIG-KT-815,e62fed3c-e3d5-4d78-b360-717a465183a2,piece,10,False,,2026-01-23 09:01:53
aa4b663c-4249-4fa0-bb40-15ef37aaffb8,Pigeon Kettle 568L,PIG-KT-568,e62fed3c-e3d5-4d78-b360-717a465183a2,piece,28,True,,2025-03-15 09:01:53
5bb331fb-cf9a-430a-be0c-cafdfa402d2f,Pigeon Kettle 427L,PIG-KT-427,e62fed3c-e3d5-4d78-b360-717a465183a2,piece,14,True,,2025-07-04 09:01:53
333979c1-d2c1-4075-b040-8dbe9dd7c554,Pigeon Kettle 311L,PIG-KT-311,e62fed3c-e3d5-4d78-b360-717a465183a2,piece,78,True,,2026-03-07 09:01:53
3c8410a3-9b79-4389-8246-30c895c10437,Pigeon Kettle 146L,PIG-KT-146,e62fed3c-e3d5-4d78-b360-717a465183a2,piece,53,True,,2025-03-27 09:01:53
cabe3441-401d-4368-9b47-b743e929e115,Pigeon Kettle 219L,PIG-KT-219,e62fed3c-e3d5-4d78-b360-717a465183a2,piece,42,True,,2025-11-11 09:01:53
5cbf0220-604a-40f3-a837-04bb667b748e,Pigeon Kettle 775L,PIG-KT-775,e62fed3c-e3d5-4d78-b360-717a465183a2,piece,47,False,,2025-08-27 09:01:53
2aad22db-c88e-41f3-b581-10c56c1226bb,Pigeon Kettle 946L,PIG-KT-946,e62fed3c-e3d5-4d78-b360-717a465183a2,piece,34,True,,2025-08-21 09:01:53
4cecaad8-e8f8-4954-9e28-5d457a8b2fff,Pigeon Kettle 145L,PIG-KT-145,e62fed3c-e3d5-4d78-b360-717a465183a2,piece,24,True,,2025-11-08 09:01:53
092b36eb-eef5-47c5-9c9e-95363e8a409b,Pigeon Kettle 736L,PIG-KT-736,e62fed3c-e3d5-4d78-b360-717a465183a2,piece,90,True,,2025-08-10 09:01:53
7c7a9388-fe35-40a9-9ec2-7f858dfa5403,Pigeon Kettle 796L,PIG-KT-796,e62fed3c-e3d5-4d78-b360-717a465183a2,piece,78,True,,2025-04-28 09:01:53
51f49653-4d85-44c9-b680-52c8606b91a9,Pigeon Kettle 417L,PIG-KT-417,e62fed3c-e3d5-4d78-b360-717a465183a2,piece,31,False,,2025-04-14 09:01:53
09f4acdb-4c3f-44ce-bb60-382adaa9f823,Pigeon Kettle 854L,PIG-KT-854,e62fed3c-e3d5-4d78-b360-717a465183a2,piece,39,True,,2026-03-09 09:01:53
f4744663-bb6e-47c6-88c3-f0a20c53675c,Pigeon Kettle 525L,PIG-KT-525,e62fed3c-e3d5-4d78-b360-717a465183a2,piece,57,True,,2025-12-07 09:01:53
faed9420-b2cf-4849-ab06-e7c6b937b697,Pigeon Kettle 936L,PIG-KT-936,e62fed3c-e3d5-4d78-b360-717a465183a2,piece,67,True,,2026-03-09 09:01:53
abedbfb4-c5df-4b12-960a-207d11cb4ef0,Pigeon Kettle 741L,PIG-KT-741,e62fed3c-e3d5-4d78-b360-717a465183a2,piece,93,True,,2025-03-23 09:01:53
47495f44-4264-456c-8b4d-02c839610044,Pigeon Kettle 885L,PIG-KT-885,e62fed3c-e3d5-4d78-b360-717a465183a2,piece,62,True,,2025-03-26 09:01:53
886fccd5-263c-43d8-b3a4-340e50175718,Pigeon Kettle 328L,PIG-KT-328,e62fed3c-e3d5-4d78-b360-717a465183a2,piece,14,True,,2026-01-14 09:01:53
2c933820-a10f-4260-872c-364b9aa3bc2f,Pigeon Kettle 262L,PIG-KT-262,e62fed3c-e3d5-4d78-b360-717a465183a2,piece,67,True,,2025-06-13 09:01:53
91bd8a1c-49a7-488c-aa4d-34f3d88645ab,Pigeon Kettle 435L,PIG-KT-435,e62fed3c-e3d5-4d78-b360-717a465183a2,piece,26,False,,2025-11-03 09:01:53
d4218a15-bf45-4b8f-ba6b-122f0984f0af,Pigeon Kettle 797L,PIG-KT-797,e62fed3c-e3d5-4d78-b360-717a465183a2,piece,96,False,,2025-08-23 09:01:53
aa54245c-5a12-4071-9a99-5fa70f046e5a,Pigeon Kettle 391L,PIG-KT-391,e62fed3c-e3d5-4d78-b360-717a465183a2,piece,73,True,,2025-05-27 09:01:53
30162dcf-662c-4691-92dd-3301a1dca411,Pigeon Kettle 367L,PIG-KT-367,e62fed3c-e3d5-4d78-b360-717a465183a2,piece,18,True,,2025-08-24 09:01:53
f8ad5397-1ecd-4585-a9f4-f41cc98071c2,Pigeon Kettle 942L,PIG-KT-942,e62fed3c-e3d5-4d78-b360-717a465183a2,piece,30,False,,2025-06-03 09:01:53
90800765-89b3-4a23-a2ed-bc2e25f6c3ae,Pigeon Kettle 966L,PIG-KT-966,e62fed3c-e3d5-4d78-b360-717a465183a2,piece,68,True,,2025-06-22 09:01:53
f9e56f2b-91e9-4456-a99c-338154185055,Pigeon Kettle 136L,PIG-KT-136,e62fed3c-e3d5-4d78-b360-717a465183a2,piece,65,True,,2026-01-16 09:01:53
77585e96-feac-487d-95f8-7ebc0f206c30,Pigeon Kettle 334L,PIG-KT-334,e62fed3c-e3d5-4d78-b360-717a465183a2,piece,9,True,,2025-12-10 09:01:53
13c69648-1184-4dfe-89a4-013735abdccf,Pigeon Kettle 185L,PIG-KT-185,e62fed3c-e3d5-4d78-b360-717a465183a2,piece,93,True,,2025-11-11 09:01:53
9e45cc69-3377-4e1d-95a4-563be14b8ab8,Pigeon Kettle 546L,PIG-KT-546,e62fed3c-e3d5-4d78-b360-717a465183a2,piece,83,True,,2025-12-31 09:01:53
10b005f2-7a71-45b7-88d4-863897b88024,Hawkins Pan 552cm,HAW-PN-552,e62fed3c-e3d5-4d78-b360-717a465183a2,piece,81,True,,2025-04-09 09:01:53
a2dc3ed7-d543-4661-be7f-5046425e4d24,Hawkins Pan 615cm,HAW-PN-615,e62fed3c-e3d5-4d78-b360-717a465183a2,piece,29,True,,2025-10-03 09:01:53
91a93f00-adda-4a44-9212-5284ebba101a,Hawkins Pan 144cm,HAW-PN-144,e62fed3c-e3d5-4d78-b360-717a465183a2,piece,77,True,,2025-12-26 09:01:53
71c9e2cd-45e1-4315-973a-dca4311cf4ec,Hawkins Pan 449cm,HAW-PN-449,e62fed3c-e3d5-4d78-b360-717a465183a2,piece,37,False,,2025-09-16 09:01:53
2cf33cfc-7f16-49e2-bc06-354d4b6736e3,Hawkins Pan 573cm,HAW-PN-573,e62fed3c-e3d5-4d78-b360-717a465183a2,piece,30,False,,2026-02-14 09:01:53
a3ead224-aa90-4007-adc3-7623964baea7,Hawkins Pan 500cm,HAW-PN-500,e62fed3c-e3d5-4d78-b360-717a465183a2,piece,53,True,,2025-10-16 09:01:53
ca9b8825-8b0d-4072-9397-b29c8c09d3e5,Hawkins Pan 617cm,HAW-PN-617,e62fed3c-e3d5-4d78-b360-717a465183a2,piece,13,True,,2025-04-27 09:01:53
38e57db2-989c-4a67-a75b-dfac6a64f0b1,Hawkins Pan 299cm,HAW-PN-299,e62fed3c-e3d5-4d78-b360-717a465183a2,piece,47,True,,2025-08-02 09:01:53
6027a737-c916-43bc-b48a-9229711317df,Hawkins Pan 125cm,HAW-PN-125,e62fed3c-e3d5-4d78-b360-717a465183a2,piece,61,True,,2025-11-09 09:01:53
27b07b18-b7e5-4e04-a9be-1bcfc2930fb1,Hawkins Pan 716cm,HAW-PN-716,e62fed3c-e3d5-4d78-b360-717a465183a2,piece,72,True,,2025-12-22 09:01:53
5b84bda2-8ec6-4aa4-b666-f5ce403cb051,Hawkins Pan 246cm,HAW-PN-246,e62fed3c-e3d5-4d78-b360-717a465183a2,piece,75,False,,2026-02-13 09:01:53
b4a9c560-e976-4cf3-974c-5950b753c010,Hawkins Pan 214cm,HAW-PN-214,e62fed3c-e3d5-4d78-b360-717a465183a2,piece,92,True,,2025-06-22 09:01:53
46f00b8c-f355-4b85-a2ba-b659fd3e0c96,Hawkins Pan 647cm,HAW-PN-647,e62fed3c-e3d5-4d78-b360-717a465183a2,piece,7,True,,2025-12-18 09:01:53
5f5a657e-e385-48b7-a11c-8fd56a2a063e,Hawkins Pan 841cm,HAW-PN-841,e62fed3c-e3d5-4d78-b360-717a465183a2,piece,46,True,,2025-12-31 09:01:53
c0821fad-efb9-479e-99b3-05a3ccf7b00b,Hawkins Pan 206cm,HAW-PN-206,e62fed3c-e3d5-4d78-b360-717a465183a2,piece,92,True,,2025-08-31 09:01:53
9e94fa20-386d-4530-aedc-213b903d2605,Hawkins Pan 103cm,HAW-PN-103,e62fed3c-e3d5-4d78-b360-717a465183a2,piece,77,True,,2025-08-28 09:01:53
22dc6923-2aec-436b-b4f7-0840bd222360,Hawkins Pan 887cm,HAW-PN-887,e62fed3c-e3d5-4d78-b360-717a465183a2,piece,77,True,,2025-11-20 09:01:53
332302bf-832c-4368-811a-c3fce85b7ee1,Hawkins Pan 880cm,HAW-PN-880,e62fed3c-e3d5-4d78-b360-717a465183a2,piece,85,True,,2025-06-08 09:01:53
39fccdf9-e649-4bdd-ba74-e497a189211c,Hawkins Pan 175cm,HAW-PN-175,e62fed3c-e3d5-4d78-b360-717a465183a2,piece,7,True,,2025-07-14 09:01:53
b35a78c8-664a-4f09-b62a-03897539ccdf,Hawkins Pan 685cm,HAW-PN-685,e62fed3c-e3d5-4d78-b360-717a465183a2,piece,87,True,,2025-03-28 09:01:53
c8ec460d-3e47-480d-bb1d-5e5ba4f5c510,Hawkins Pan 730cm,HAW-PN-730,e62fed3c-e3d5-4d78-b360-717a465183a2,piece,54,True,,2025-11-13 09:01:53
d67acf93-6b28-4180-9ddb-16adb65ef92e,Hawkins Pan 799cm,HAW-PN-799,e62fed3c-e3d5-4d78-b360-717a465183a2,piece,67,True,,2025-09-19 09:01:53
4316584c-e015-4443-9ea4-23429516d73d,Hawkins Pan 751cm,HAW-PN-751,e62fed3c-e3d5-4d78-b360-717a465183a2,piece,63,True,,2025-12-26 09:01:53
a43da244-cba7-4d0f-a558-27575cb4984c,Hawkins Pan 565cm,HAW-PN-565,e62fed3c-e3d5-4d78-b360-717a465183a2,piece,73,True,,2025-11-20 09:01:53
1c5d8032-6ac7-4824-816f-e16078e2182b,Hawkins Pan 247cm,HAW-PN-247,e62fed3c-e3d5-4d78-b360-717a465183a2,piece,41,True,,2025-12-15 09:01:53
0f6f83ac-67ee-4bbc-982a-1f06299aeff6,Hawkins Pan 497cm,HAW-PN-497,e62fed3c-e3d5-4d78-b360-717a465183a2,piece,37,True,,2025-09-07 09:01:53
0d233f7b-169e-4f5e-ace3-67c08064dc26,Hawkins Pan 857cm,HAW-PN-857,e62fed3c-e3d5-4d78-b360-717a465183a2,piece,7,True,,2025-10-12 09:01:53
69d15402-452b-421d-a484-a63d8ede7f17,Hawkins Pan 247cm,HAW-PN-247-15,e62fed3c-e3d5-4d78-b360-717a465183a2,piece,63,True,,2025-06-10 09:01:53
29544fce-31d8-496b-ac00-7f2e31cf9ddc,Hawkins Pan 972cm,HAW-PN-972,e62fed3c-e3d5-4d78-b360-717a465183a2,piece,34,False,,2026-01-09 09:01:53
165ebe4a-ec97-4d5a-ab5a-242667ad914a,Hawkins Pan 960cm,HAW-PN-960,e62fed3c-e3d5-4d78-b360-717a465183a2,piece,85,True,,2025-08-19 09:01:53
c443b5bd-d1ac-416c-b3c4-64111e6b0364,Hawkins Pan 531cm,HAW-PN-531,e62fed3c-e3d5-4d78-b360-717a465183a2,piece,58,True,,2025-07-26 09:01:53
9e572c58-7c03-4d54-bed6-02d9f5b96eb6,Hawkins Pan 554cm,HAW-PN-554,e62fed3c-e3d5-4d78-b360-717a465183a2,piece,54,True,,2025-09-23 09:01:53
59b57436-7a09-4747-9b3d-60962a407a23,Hawkins Pan 433cm,HAW-PN-433,e62fed3c-e3d5-4d78-b360-717a465183a2,piece,90,True,,2025-06-16 09:01:53
85637e02-3693-40e0-b902-1e19924893ee,Hawkins Pan 310cm,HAW-PN-310,e62fed3c-e3d5-4d78-b360-717a465183a2,piece,36,True,,2025-12-07 09:01:53
7ff2ebb5-f0d8-4dc7-ae20-b60ee1f60193,Hawkins Pan 682cm,HAW-PN-682,e62fed3c-e3d5-4d78-b360-717a465183a2,piece,29,False,,2025-04-11 09:01:53
f69d6e74-4375-4697-b88f-9a1ebd7fec0b,Hawkins Pan 902cm,HAW-PN-902,e62fed3c-e3d5-4d78-b360-717a465183a2,piece,84,True,,2025-07-20 09:01:53
8b024429-8cc5-44f5-b042-593308f04f99,Hawkins Pan 661cm,HAW-PN-661,e62fed3c-e3d5-4d78-b360-717a465183a2,piece,57,True,,2025-10-08 09:01:53
6d4a93b7-9ef7-4e47-a2b3-5f1443b7224e,Hawkins Pan 318cm,HAW-PN-318,e62fed3c-e3d5-4d78-b360-717a465183a2,piece,55,True,,2026-01-18 09:01:53
86badef3-6fa6-46af-a438-5dc37cb23b12,Hawkins Pan 655cm,HAW-PN-655,e62fed3c-e3d5-4d78-b360-717a465183a2,piece,88,True,,2025-04-29 09:01:53
ccaa53a8-ba19-4ab0-b394-053ce6da3f58,Hawkins Pan 522cm,HAW-PN-522,e62fed3c-e3d5-4d78-b360-717a465183a2,piece,11,True,,2025-09-23 09:01:53
ad81d9bc-4a23-4e08-8929-2e2cc4ae320c,Hawkins Pan 664cm,HAW-PN-664,e62fed3c-e3d5-4d78-b360-717a465183a2,piece,25,True,,2025-06-23 09:01:53
6e8984d0-5678-45fa-b669-10a992402ab3,Hawkins Pan 542cm,HAW-PN-542,e62fed3c-e3d5-4d78-b360-717a465183a2,piece,28,False,,2026-03-02 09:01:53
a9b25a07-aa08-4533-8cbc-ad0111476b60,Hawkins Pan 810cm,HAW-PN-810,e62fed3c-e3d5-4d78-b360-717a465183a2,piece,31,True,,2025-04-07 09:01:53
b7cfdce5-7426-4e44-b518-144ab0981476,Hawkins Pan 276cm,HAW-PN-276,e62fed3c-e3d5-4d78-b360-717a465183a2,piece,39,False,,2025-03-31 09:01:53
417eee61-e4c9-462b-ab8b-bb76f587ed80,Hawkins Pan 676cm,HAW-PN-676,e62fed3c-e3d5-4d78-b360-717a465183a2,piece,24,True,,2025-05-24 09:01:53
9a887c5f-5fc2-44b2-bf6c-5d37375fe2b1,Hawkins Pan 900cm,HAW-PN-900,e62fed3c-e3d5-4d78-b360-717a465183a2,piece,30,True,,2025-10-03 09:01:53
0d29def3-48d7-4430-a328-b82f3e2a2f50,Hawkins Pan 579cm,HAW-PN-579,e62fed3c-e3d5-4d78-b360-717a465183a2,piece,36,True,,2026-01-07 09:01:53
97c69050-8b48-478e-ae91-1e72371598c4,Hawkins Pan 880cm,HAW-PN-880-72,e62fed3c-e3d5-4d78-b360-717a465183a2,piece,45,True,,2025-05-05 09:01:53
ac25d968-f610-42a9-88ea-b29befacf4c8,Hawkins Pan 643cm,HAW-PN-643,e62fed3c-e3d5-4d78-b360-717a465183a2,piece,99,True,,2026-02-24 09:01:53
7eb0d3b6-832f-4a52-bbcb-0f4f346bb3ae,Hawkins Pan 792cm,HAW-PN-792,e62fed3c-e3d5-4d78-b360-717a465183a2,piece,17,True,,2026-01-30 09:01:53
3fa067d0-bad3-41d6-841a-fb19c585a963,Butterfly Gas Stove 121B,BUT-GS-121,e62fed3c-e3d5-4d78-b360-717a465183a2,piece,6,False,,2026-02-15 09:01:53
9851b2c7-1c68-4781-b32a-2f214e9b5413,Butterfly Gas Stove 439B,BUT-GS-439,e62fed3c-e3d5-4d78-b360-717a465183a2,piece,16,True,,2025-09-13 09:01:53
5a64c323-ded8-4c54-9cb5-d9ff241ef5a2,Butterfly Gas Stove 307B,BUT-GS-307,e62fed3c-e3d5-4d78-b360-717a465183a2,piece,100,True,,2025-11-25 09:01:53
b2abeb0b-af07-4b96-977f-1e93079451d8,Butterfly Gas Stove 414B,BUT-GS-414,e62fed3c-e3d5-4d78-b360-717a465183a2,piece,13,True,,2025-10-04 09:01:53
f36c42ed-5965-4bd8-9dd8-22be49b03c99,Butterfly Gas Stove 697B,BUT-GS-697,e62fed3c-e3d5-4d78-b360-717a465183a2,piece,62,True,,2025-03-19 09:01:53
8704a5db-2b4a-4d9f-8d10-5096bd07c09e,Butterfly Gas Stove 279B,BUT-GS-279,e62fed3c-e3d5-4d78-b360-717a465183a2,piece,42,True,,2025-05-31 09:01:53
756e2da7-f220-49a7-acf9-37991ff144bf,Butterfly Gas Stove 263B,BUT-GS-263,e62fed3c-e3d5-4d78-b360-717a465183a2,piece,24,True,,2026-01-13 09:01:53
d31ab6a9-9d71-4424-883e-13abefdc9af0,Butterfly Gas Stove 645B,BUT-GS-645,e62fed3c-e3d5-4d78-b360-717a465183a2,piece,84,True,,2025-05-31 09:01:53
abb8c786-d997-4be4-a3ce-fd27b3eb0812,Butterfly Gas Stove 665B,BUT-GS-665,e62fed3c-e3d5-4d78-b360-717a465183a2,piece,85,True,,2025-10-22 09:01:53
b8b2d504-7540-45ac-990f-17dd91632b39,Butterfly Gas Stove 806B,BUT-GS-806,e62fed3c-e3d5-4d78-b360-717a465183a2,piece,36,False,,2025-04-09 09:01:53
cc350843-7dec-44e5-b869-db84a9da1510,Butterfly Gas Stove 250B,BUT-GS-250,e62fed3c-e3d5-4d78-b360-717a465183a2,piece,61,True,,2026-02-22 09:01:53
de57bddd-0766-4bd4-85e4-f199737066a7,Butterfly Gas Stove 238B,BUT-GS-238,e62fed3c-e3d5-4d78-b360-717a465183a2,piece,53,True,,2025-07-13 09:01:53
a8225cb2-d27f-4e70-b0cc-1011b294b17e,Butterfly Gas Stove 274B,BUT-GS-274,e62fed3c-e3d5-4d78-b360-717a465183a2,piece,7,True,,2025-09-10 09:01:53
aff693bd-e699-4c55-9aa1-42c34e626ab6,Butterfly Gas Stove 551B,BUT-GS-551,e62fed3c-e3d5-4d78-b360-717a465183a2,piece,79,True,,2025-07-28 09:01:53
22026d42-5c47-455b-b9aa-cf888f8eed13,Butterfly Gas Stove 120B,BUT-GS-120,e62fed3c-e3d5-4d78-b360-717a465183a2,piece,67,False,,2025-05-28 09:01:53
90ba20ee-2a8e-4146-a8c2-0b856b2e8af7,Butterfly Gas Stove 452B,BUT-GS-452,e62fed3c-e3d5-4d78-b360-717a465183a2,piece,48,False,,2025-09-06 09:01:53
1ccc30c6-041d-4bb5-9ce6-c9c9da3a43e1,Butterfly Gas Stove 170B,BUT-GS-170,e62fed3c-e3d5-4d78-b360-717a465183a2,piece,27,True,,2025-10-12 09:01:53
d39648c8-9ac7-4276-9ac8-b43dd50478b9,Butterfly Gas Stove 793B,BUT-GS-793,e62fed3c-e3d5-4d78-b360-717a465183a2,piece,55,False,,2026-01-17 09:01:53
85e6db1a-80ed-404b-a34c-1b753544dc58,Butterfly Gas Stove 909B,BUT-GS-909,e62fed3c-e3d5-4d78-b360-717a465183a2,piece,90,True,,2025-04-24 09:01:53
fdf87095-31de-42b4-87c6-b16dde338717,Butterfly Gas Stove 428B,BUT-GS-428,e62fed3c-e3d5-4d78-b360-717a465183a2,piece,42,True,,2026-01-31 09:01:53
aec52aa7-17a0-4ad3-8bec-a96d666e53c8,Butterfly Gas Stove 463B,BUT-GS-463,e62fed3c-e3d5-4d78-b360-717a465183a2,piece,82,False,,2025-07-04 09:01:53
22e53a95-14fd-4607-8e29-9c214fd3c6ac,Butterfly Gas Stove 116B,BUT-GS-116,e62fed3c-e3d5-4d78-b360-717a465183a2,piece,84,True,,2025-08-13 09:01:53
0bb407bf-09a4-4da0-99b8-d9d67aac7c9f,Butterfly Gas Stove 273B,BUT-GS-273,e62fed3c-e3d5-4d78-b360-717a465183a2,piece,51,True,,2025-12-06 09:01:53
895308e5-17a2-4c64-abbb-e05405c95e5b,Butterfly Gas Stove 625B,BUT-GS-625,e62fed3c-e3d5-4d78-b360-717a465183a2,piece,40,False,,2026-03-02 09:01:53
64b38f19-1a5e-4917-9065-5a0359009aa0,Butterfly Gas Stove 601B,BUT-GS-601,e62fed3c-e3d5-4d78-b360-717a465183a2,piece,45,False,,2026-02-16 09:01:53
f3803dec-1542-4294-b9b0-911283506839,Butterfly Gas Stove 764B,BUT-GS-764,e62fed3c-e3d5-4d78-b360-717a465183a2,piece,35,True,,2025-10-31 09:01:53
f74870c2-0e4e-4175-9ca9-54b34a375ff1,Butterfly Gas Stove 559B,BUT-GS-559,e62fed3c-e3d5-4d78-b360-717a465183a2,piece,60,True,,2025-10-26 09:01:53
92dc220b-e43b-4397-9b98-82a1e72c7102,Butterfly Gas Stove 867B,BUT-GS-867,e62fed3c-e3d5-4d78-b360-717a465183a2,piece,89,True,,2026-02-01 09:01:53
664906d4-f4f8-44c5-b4e1-f9821eb22cd8,Butterfly Gas Stove 440B,BUT-GS-440,e62fed3c-e3d5-4d78-b360-717a465183a2,piece,75,True,,2025-04-29 09:01:53
adb56358-1750-4d1a-afe1-6308953b55bf,Butterfly Gas Stove 110B,BUT-GS-110,e62fed3c-e3d5-4d78-b360-717a465183a2,piece,99,True,,2025-10-11 09:01:53
24a46fdc-4794-43a5-b345-e51bcda6d76a,Butterfly Gas Stove 489B,BUT-GS-489,e62fed3c-e3d5-4d78-b360-717a465183a2,piece,30,False,,2025-09-01 09:01:53
222bfcfa-db19-45ff-9f02-1e6b74decc4b,Butterfly Gas Stove 497B,BUT-GS-497,e62fed3c-e3d5-4d78-b360-717a465183a2,piece,9,True,,2025-10-27 09:01:53
905f31c2-3d93-4514-8d86-7d78a2abf9c3,Butterfly Gas Stove 813B,BUT-GS-813,e62fed3c-e3d5-4d78-b360-717a465183a2,piece,53,True,,2025-06-25 09:01:53
ee2183e7-da1f-48d3-a3f7-d7dccd8ad54e,Butterfly Gas Stove 974B,BUT-GS-974,e62fed3c-e3d5-4d78-b360-717a465183a2,piece,59,True,,2025-09-20 09:01:53
7f4a4cd9-3d92-4f86-8de8-5249578bdea6,Butterfly Gas Stove 235B,BUT-GS-235,e62fed3c-e3d5-4d78-b360-717a465183a2,piece,49,True,,2025-06-05 09:01:53
243c63fb-11c3-4b5c-a511-f4e9d45fb095,Butterfly Gas Stove 297B,BUT-GS-297,e62fed3c-e3d5-4d78-b360-717a465183a2,piece,67,True,,2026-01-31 09:01:53
dabf99b6-4d27-4cf6-bcd6-a52513e7ed93,Butterfly Gas Stove 560B,BUT-GS-560,e62fed3c-e3d5-4d78-b360-717a465183a2,piece,90,True,,2025-04-07 09:01:53
d49ab6d5-091f-4fef-8193-a8a5ce06bc3b,Butterfly Gas Stove 426B,BUT-GS-426,e62fed3c-e3d5-4d78-b360-717a465183a2,piece,70,True,,2026-03-03 09:01:53
ac7071a2-9ce5-4817-ab82-a0206d6c65ba,Butterfly Gas Stove 930B,BUT-GS-930,e62fed3c-e3d5-4d78-b360-717a465183a2,piece,21,True,,2026-01-19 09:01:53
594d3cbc-758a-42a6-9744-c8ecc2ea87c8,Butterfly Gas Stove 348B,BUT-GS-348,e62fed3c-e3d5-4d78-b360-717a465183a2,piece,14,True,,2026-02-09 09:01:53
9b754e99-46fb-4fd6-b884-d313e3608373,Butterfly Gas Stove 257B,BUT-GS-257,e62fed3c-e3d5-4d78-b360-717a465183a2,piece,78,True,,2026-01-29 09:01:53
42f31c04-806a-43bd-a520-86fc7dfc5e43,Butterfly Gas Stove 984B,BUT-GS-984,e62fed3c-e3d5-4d78-b360-717a465183a2,piece,14,True,,2026-03-08 09:01:53
bd09216a-57b2-429f-ae0b-c7b0912b0f59,Butterfly Gas Stove 854B,BUT-GS-854,e62fed3c-e3d5-4d78-b360-717a465183a2,piece,48,True,,2025-05-02 09:01:53
4398959d-41d9-4a63-a7b6-505a96d8eed2,Butterfly Gas Stove 172B,BUT-GS-172,e62fed3c-e3d5-4d78-b360-717a465183a2,piece,24,True,,2025-07-22 09:01:53
d22b29b2-78bf-4fc1-9096-6a24d6390d3d,Butterfly Gas Stove 746B,BUT-GS-746,e62fed3c-e3d5-4d78-b360-717a465183a2,piece,47,True,,2026-01-19 09:01:53
69fadb56-d958-492e-96ea-35fd19795d6c,Butterfly Gas Stove 727B,BUT-GS-727,e62fed3c-e3d5-4d78-b360-717a465183a2,piece,20,True,,2026-01-02 09:01:53
14430c8e-dc32-4dc6-886a-4f938838238a,Butterfly Gas Stove 304B,BUT-GS-304,e62fed3c-e3d5-4d78-b360-717a465183a2,piece,100,False,,2025-12-09 09:01:53
83561625-3e62-4f7e-a8bd-7de20fa93954,Butterfly Gas Stove 193B,BUT-GS-193,e62fed3c-e3d5-4d78-b360-717a465183a2,piece,96,False,,2026-03-13 09:01:53
5b11102b-1eba-48b7-a620-7cd22ac36914,Butterfly Gas Stove 543B,BUT-GS-543,e62fed3c-e3d5-4d78-b360-717a465183a2,piece,92,True,,2026-02-17 09:01:53
ab369b0f-b14a-4e55-b022-36566c18bf44,Butterfly Gas Stove 834B,BUT-GS-834,e62fed3c-e3d5-4d78-b360-717a465183a2,piece,15,True,,2025-04-28 09:01:53
e0ae8ef5-9adf-4461-adf8-31636a31619a,Inalsa Blender 642W,INL-BL-642,e62fed3c-e3d5-4d78-b360-717a465183a2,piece,29,True,,2025-12-03 09:01:53
f28fa119-ee36-41a8-93df-6bedb73ff3b1,Inalsa Blender 825W,INL-BL-825,e62fed3c-e3d5-4d78-b360-717a465183a2,piece,68,True,,2025-12-09 09:01:53
b6434282-f68e-4aae-b143-318aa5b0d41b,Inalsa Blender 580W,INL-BL-580,e62fed3c-e3d5-4d78-b360-717a465183a2,piece,41,True,,2025-05-15 09:01:53
c5c1ad62-774f-4161-a606-f29324c3cfef,Inalsa Blender 985W,INL-BL-985,e62fed3c-e3d5-4d78-b360-717a465183a2,piece,12,True,,2025-06-28 09:01:53
ff5bde49-0a6c-48f0-aa58-d62130774895,Inalsa Blender 106W,INL-BL-106,e62fed3c-e3d5-4d78-b360-717a465183a2,piece,15,True,,2025-12-03 09:01:53
f44b4788-6a56-4410-b320-7b5d8d64f2d8,Inalsa Blender 369W,INL-BL-369,e62fed3c-e3d5-4d78-b360-717a465183a2,piece,23,True,,2025-05-24 09:01:53
423c280e-f779-4085-9cdc-8ea9ad8f7aa6,Inalsa Blender 293W,INL-BL-293,e62fed3c-e3d5-4d78-b360-717a465183a2,piece,94,True,,2026-02-04 09:01:53
0bd8b776-7a60-48e6-9b9c-fb87c2426f10,Inalsa Blender 292W,INL-BL-292,e62fed3c-e3d5-4d78-b360-717a465183a2,piece,28,True,,2025-11-18 09:01:53
1b8e6a73-bc87-4e61-8f1b-fc58bbd2bfb9,Inalsa Blender 266W,INL-BL-266,e62fed3c-e3d5-4d78-b360-717a465183a2,piece,55,True,,2025-05-15 09:01:53
8e964833-0725-4da9-ac1b-86b440996188,Inalsa Blender 403W,INL-BL-403,e62fed3c-e3d5-4d78-b360-717a465183a2,piece,81,True,,2025-04-21 09:01:53
31d29569-1a97-4d5a-b95d-cb91530163d5,Inalsa Blender 392W,INL-BL-392,e62fed3c-e3d5-4d78-b360-717a465183a2,piece,32,True,,2025-09-19 09:01:53
56b1738b-574b-425b-b544-e0148e9c4b28,Inalsa Blender 853W,INL-BL-853,e62fed3c-e3d5-4d78-b360-717a465183a2,piece,35,True,,2025-04-13 09:01:53
ee16bdcd-9c96-4526-a6ff-248cf567565b,Inalsa Blender 799W,INL-BL-799,e62fed3c-e3d5-4d78-b360-717a465183a2,piece,37,True,,2025-12-22 09:01:53
f570d7dd-8b22-406a-a7fd-9adcbeba08f6,Inalsa Blender 166W,INL-BL-166,e62fed3c-e3d5-4d78-b360-717a465183a2,piece,12,True,,2025-09-19 09:01:53
deac9b5a-6dcb-4597-9ac5-d0d92d4e2619,Inalsa Blender 850W,INL-BL-850,e62fed3c-e3d5-4d78-b360-717a465183a2,piece,12,True,,2025-08-06 09:01:53
ea24018a-6426-4616-a972-f62a3d1d72d6,Inalsa Blender 181W,INL-BL-181,e62fed3c-e3d5-4d78-b360-717a465183a2,piece,91,True,,2025-07-29 09:01:53
f738a795-6e28-432c-8946-592661b987da,Inalsa Blender 112W,INL-BL-112,e62fed3c-e3d5-4d78-b360-717a465183a2,piece,100,True,,2025-10-02 09:01:53
bfcd1bce-abf5-4b8a-9085-6c86090cdcbb,Inalsa Blender 702W,INL-BL-702,e62fed3c-e3d5-4d78-b360-717a465183a2,piece,51,True,,2025-05-08 09:01:53
bd832c75-aa33-4bd2-8492-87b01f4ae630,Inalsa Blender 794W,INL-BL-794,e62fed3c-e3d5-4d78-b360-717a465183a2,piece,13,True,,2025-10-02 09:01:53
69d5d81b-9f1a-43d9-bb23-811f9da929d8,Inalsa Blender 561W,INL-BL-561,e62fed3c-e3d5-4d78-b360-717a465183a2,piece,50,True,,2025-07-12 09:01:53
d58072da-f591-4b8a-9b43-0af8936aa4d6,Inalsa Blender 479W,INL-BL-479,e62fed3c-e3d5-4d78-b360-717a465183a2,piece,68,True,,2025-07-07 09:01:53
af5a50a9-424d-4630-91be-67c8ed5777a4,Inalsa Blender 420W,INL-BL-420,e62fed3c-e3d5-4d78-b360-717a465183a2,piece,74,False,,2025-12-07 09:01:53
03a0083e-24ac-4355-9bba-2258c805ac31,Inalsa Blender 333W,INL-BL-333,e62fed3c-e3d5-4d78-b360-717a465183a2,piece,80,True,,2025-03-26 09:01:53
a8ca889d-6b22-40c1-bee5-5c646a17e739,Inalsa Blender 461W,INL-BL-461,e62fed3c-e3d5-4d78-b360-717a465183a2,piece,57,True,,2025-07-21 09:01:53
7871535e-d2fb-454d-9599-c0972cb579d6,Inalsa Blender 432W,INL-BL-432,e62fed3c-e3d5-4d78-b360-717a465183a2,piece,56,True,,2025-07-20 09:01:53
cf4a9ad9-c4c1-4b8a-87e9-f5d5344bc7a1,Inalsa Blender 563W,INL-BL-563,e62fed3c-e3d5-4d78-b360-717a465183a2,piece,24,True,,2025-08-29 09:01:53
17543bd7-7e44-469b-a478-208357a9f000,Inalsa Blender 529W,INL-BL-529,e62fed3c-e3d5-4d78-b360-717a465183a2,piece,8,True,,2025-10-03 09:01:53
806b12b6-7dc3-42c9-9798-78b17510ec3a,Inalsa Blender 490W,INL-BL-490,e62fed3c-e3d5-4d78-b360-717a465183a2,piece,85,True,,2025-09-08 09:01:53
16c73582-c09b-4d74-bdd5-29473e1e306d,Inalsa Blender 114W,INL-BL-114,e62fed3c-e3d5-4d78-b360-717a465183a2,piece,60,True,,2025-04-10 09:01:53
39e312ef-7295-4393-a774-bd150dc6aaae,Inalsa Blender 276W,INL-BL-276,e62fed3c-e3d5-4d78-b360-717a465183a2,piece,24,True,,2025-12-10 09:01:53
01939dc5-f4e1-490c-b817-59f0351878a0,Inalsa Blender 322W,INL-BL-322,e62fed3c-e3d5-4d78-b360-717a465183a2,piece,17,True,,2025-07-16 09:01:53
d17fe852-2e22-460c-8495-43084a7ce64c,Inalsa Blender 253W,INL-BL-253,e62fed3c-e3d5-4d78-b360-717a465183a2,piece,39,True,,2026-03-03 09:01:53
b8b1263a-959e-4049-befb-4995f910f017,Inalsa Blender 609W,INL-BL-609,e62fed3c-e3d5-4d78-b360-717a465183a2,piece,55,True,,2025-06-06 09:01:53
a3312324-8dc1-4185-b3b6-3bf9b590fe10,Inalsa Blender 384W,INL-BL-384,e62fed3c-e3d5-4d78-b360-717a465183a2,piece,34,True,,2025-05-08 09:01:53
2383f74c-0fd9-4486-a7d0-4664dc834dfe,Inalsa Blender 841W,INL-BL-841,e62fed3c-e3d5-4d78-b360-717a465183a2,piece,68,True,,2025-12-23 09:01:53
1cc9a4c8-ac31-44a6-abde-b8cefef3d3d5,Inalsa Blender 599W,INL-BL-599,e62fed3c-e3d5-4d78-b360-717a465183a2,piece,90,True,,2026-01-19 09:01:53
c85ae092-44c4-45f5-b5a8-0503b6aab312,Inalsa Blender 168W,INL-BL-168,e62fed3c-e3d5-4d78-b360-717a465183a2,piece,46,True,,2025-05-07 09:01:53
530285c7-310c-48ae-9c37-3f004c3c294f,Inalsa Blender 396W,INL-BL-396,e62fed3c-e3d5-4d78-b360-717a465183a2,piece,23,True,,2025-07-04 09:01:53
b364171c-080e-4e16-9219-e70b5cdb03d9,Inalsa Blender 922W,INL-BL-922,e62fed3c-e3d5-4d78-b360-717a465183a2,piece,32,True,,2026-03-08 09:01:53
d181ba68-2417-4ee9-a663-14c8b40563e5,Inalsa Blender 415W,INL-BL-415,e62fed3c-e3d5-4d78-b360-717a465183a2,piece,85,True,,2025-04-26 09:01:53
c6fdd795-87dd-4ea5-a739-c81f27296dd4,Inalsa Blender 418W,INL-BL-418,e62fed3c-e3d5-4d78-b360-717a465183a2,piece,92,True,,2025-05-05 09:01:53
789496a6-666c-45ff-8fa5-82c9ad48f67a,Inalsa Blender 224W,INL-BL-224,e62fed3c-e3d5-4d78-b360-717a465183a2,piece,81,True,,2025-10-21 09:01:53
c57acd6a-54ab-4eb4-a505-8911ebd6191d,Inalsa Blender 449W,INL-BL-449,e62fed3c-e3d5-4d78-b360-717a465183a2,piece,97,True,,2025-03-27 09:01:53
0845cd2a-9be0-46dd-bd87-63289549f2e8,Inalsa Blender 984W,INL-BL-984,e62fed3c-e3d5-4d78-b360-717a465183a2,piece,21,True,,2025-07-15 09:01:53
c5d9e2bf-ed00-4c91-8a0c-a5ea214c295d,Inalsa Blender 164W,INL-BL-164,e62fed3c-e3d5-4d78-b360-717a465183a2,piece,7,True,,2025-08-13 09:01:53
fafdd286-939b-47ed-8f05-2ba87f02300c,Inalsa Blender 352W,INL-BL-352,e62fed3c-e3d5-4d78-b360-717a465183a2,piece,31,False,,2025-03-27 09:01:53
9e5c8655-e0d3-4cbc-b7b9-8c950597f4c3,Inalsa Blender 339W,INL-BL-339,e62fed3c-e3d5-4d78-b360-717a465183a2,piece,45,True,,2025-07-14 09:01:53
33777752-2a55-4ac7-a7e6-73ecaf90b9ac,Inalsa Blender 905W,INL-BL-905,e62fed3c-e3d5-4d78-b360-717a465183a2,piece,40,True,,2025-05-23 09:01:53
4b0b92bb-c618-405d-85ef-8a3e47afd600,Inalsa Blender 912W,INL-BL-912,e62fed3c-e3d5-4d78-b360-717a465183a2,piece,47,True,,2026-01-08 09:01:53
2c312319-cc02-4f38-bf01-39ac45960029,Inalsa Blender 429W,INL-BL-429,e62fed3c-e3d5-4d78-b360-717a465183a2,piece,85,True,,2025-11-17 09:01:53
49bf68be-0a02-4643-899f-feb83293d7e0,Usha Toaster 825W,USH-TS-825,e62fed3c-e3d5-4d78-b360-717a465183a2,piece,80,True,,2025-11-07 09:01:53
a852e714-c02e-4f54-9971-61f02f0ed7aa,Usha Toaster 600W,USH-TS-600,e62fed3c-e3d5-4d78-b360-717a465183a2,piece,77,True,,2026-03-05 09:01:53
26d15620-dcb2-44d1-9c98-e28d43ab97dd,Usha Toaster 420W,USH-TS-420,e62fed3c-e3d5-4d78-b360-717a465183a2,piece,70,True,,2025-08-30 09:01:53
ddb44dc3-fb2d-4305-b6b1-94dd9127ba62,Usha Toaster 868W,USH-TS-868,e62fed3c-e3d5-4d78-b360-717a465183a2,piece,23,True,,2026-02-01 09:01:53
dc89f01f-defd-4697-9516-630ee29399f2,Usha Toaster 641W,USH-TS-641,e62fed3c-e3d5-4d78-b360-717a465183a2,piece,67,True,,2025-10-29 09:01:53
082cc9ef-c482-4ad5-a6c4-deb1fc6ff279,Usha Toaster 168W,USH-TS-168,e62fed3c-e3d5-4d78-b360-717a465183a2,piece,62,True,,2025-12-06 09:01:53
c62f2407-3f76-4fb4-b38f-bb32281c16ed,Usha Toaster 910W,USH-TS-910,e62fed3c-e3d5-4d78-b360-717a465183a2,piece,40,True,,2025-09-09 09:01:53
f5b2bcfb-bcc7-4de3-8915-bdae0a521b48,Usha Toaster 968W,USH-TS-968,e62fed3c-e3d5-4d78-b360-717a465183a2,piece,12,True,,2025-11-20 09:01:53
4b6249f5-fb2d-44ce-a51c-53571d4c3132,Usha Toaster 748W,USH-TS-748,e62fed3c-e3d5-4d78-b360-717a465183a2,piece,5,True,,2025-05-01 09:01:53
ae71eeb1-a7f1-40f6-86f9-89d81cfc94aa,Usha Toaster 594W,USH-TS-594,e62fed3c-e3d5-4d78-b360-717a465183a2,piece,76,True,,2025-10-26 09:01:53
6602b6b3-5034-4e0a-a40e-72aca888a0f9,Usha Toaster 427W,USH-TS-427,e62fed3c-e3d5-4d78-b360-717a465183a2,piece,67,False,,2025-05-09 09:01:53
8960032a-0cba-4d02-9120-3bbe0be3b9fa,Usha Toaster 649W,USH-TS-649,e62fed3c-e3d5-4d78-b360-717a465183a2,piece,30,True,,2025-04-18 09:01:53
b3a2a757-cd79-41c3-bf8c-6fc299f6a90e,Usha Toaster 292W,USH-TS-292,e62fed3c-e3d5-4d78-b360-717a465183a2,piece,81,True,,2025-10-14 09:01:53
02048c53-8476-43c5-b369-96cee6a68d8f,Usha Toaster 851W,USH-TS-851,e62fed3c-e3d5-4d78-b360-717a465183a2,piece,12,True,,2025-12-05 09:01:53
1c559612-a9de-4e58-894e-85e42be25cd4,Usha Toaster 636W,USH-TS-636,e62fed3c-e3d5-4d78-b360-717a465183a2,piece,69,True,,2025-09-03 09:01:53
23235d44-40af-436b-b73f-098a87eba12a,Usha Toaster 533W,USH-TS-533,e62fed3c-e3d5-4d78-b360-717a465183a2,piece,94,True,,2026-03-09 09:01:53
9fd834cb-791d-48d6-a327-5b0b5254cf43,Usha Toaster 405W,USH-TS-405,e62fed3c-e3d5-4d78-b360-717a465183a2,piece,38,True,,2025-10-14 09:01:53
d0fd3aa4-c398-4c18-8a31-727279d1f10a,Usha Toaster 125W,USH-TS-125,e62fed3c-e3d5-4d78-b360-717a465183a2,piece,8,True,,2025-08-11 09:01:53
c538ba7a-7b4f-48d5-8126-7bea8407bb90,Usha Toaster 180W,USH-TS-180,e62fed3c-e3d5-4d78-b360-717a465183a2,piece,52,True,,2025-12-29 09:01:53
38d6872d-734c-4f47-a9b9-c312f268625f,Usha Toaster 557W,USH-TS-557,e62fed3c-e3d5-4d78-b360-717a465183a2,piece,85,True,,2025-12-24 09:01:53
ef337cdf-abbd-4520-9e5b-f2db521d2269,Usha Toaster 708W,USH-TS-708,e62fed3c-e3d5-4d78-b360-717a465183a2,piece,61,True,,2026-01-18 09:01:53
9fc61399-d77a-4de5-97a7-b67e062dc316,Usha Toaster 380W,USH-TS-380,e62fed3c-e3d5-4d78-b360-717a465183a2,piece,63,True,,2025-03-18 09:01:53
b1dd89f7-f957-49e6-9128-7f82e680a58a,Usha Toaster 721W,USH-TS-721,e62fed3c-e3d5-4d78-b360-717a465183a2,piece,63,True,,2025-05-18 09:01:53
4083b498-9344-426e-aae5-b328a8a895cf,Usha Toaster 231W,USH-TS-231,e62fed3c-e3d5-4d78-b360-717a465183a2,piece,46,False,,2026-01-10 09:01:53
6e8ab520-074b-4e27-9b5e-c2b156f0db19,Usha Toaster 153W,USH-TS-153,e62fed3c-e3d5-4d78-b360-717a465183a2,piece,46,True,,2025-09-07 09:01:53
6e2eecbe-4673-4c40-86cf-d3d688b778bf,Usha Toaster 245W,USH-TS-245,e62fed3c-e3d5-4d78-b360-717a465183a2,piece,45,True,,2025-09-03 09:01:53
27ec38c6-e9f7-4e83-a387-91aeb45cf30f,Usha Toaster 663W,USH-TS-663,e62fed3c-e3d5-4d78-b360-717a465183a2,piece,8,True,,2025-04-18 09:01:53
7615972a-f68f-4f26-8c71-94c54d5c7bec,Usha Toaster 431W,USH-TS-431,e62fed3c-e3d5-4d78-b360-717a465183a2,piece,55,True,,2025-05-05 09:01:53
ae932b1f-1c19-468b-9267-7f628ae09b9f,Usha Toaster 956W,USH-TS-956,e62fed3c-e3d5-4d78-b360-717a465183a2,piece,9,True,,2025-09-30 09:01:53
8330938e-03c0-46eb-8f4f-8ab13617bbf5,Usha Toaster 679W,USH-TS-679,e62fed3c-e3d5-4d78-b360-717a465183a2,piece,77,True,,2025-06-26 09:01:53
aa6f13af-a292-442a-b190-b5f45223e28f,Usha Toaster 157W,USH-TS-157,e62fed3c-e3d5-4d78-b360-717a465183a2,piece,97,True,,2026-01-06 09:01:53
f7cdb066-a97e-4662-8d3d-406dabc0006c,Usha Toaster 608W,USH-TS-608,e62fed3c-e3d5-4d78-b360-717a465183a2,piece,13,False,,2026-01-02 09:01:53
9c82f538-3611-4790-bbec-ee2f7272021d,Usha Toaster 255W,USH-TS-255,e62fed3c-e3d5-4d78-b360-717a465183a2,piece,18,True,,2025-03-14 09:01:53
327972dd-5bb3-4a13-8c44-15aafe42d9c5,Usha Toaster 340W,USH-TS-340,e62fed3c-e3d5-4d78-b360-717a465183a2,piece,16,True,,2025-09-13 09:01:53
cf6b191e-f34b-4e20-845c-14be0acec6ef,Usha Toaster 446W,USH-TS-446,e62fed3c-e3d5-4d78-b360-717a465183a2,piece,15,True,,2026-02-07 09:01:53
06a98ed6-b82b-4c1a-a111-6b78fe74f3d5,Usha Toaster 604W,USH-TS-604,e62fed3c-e3d5-4d78-b360-717a465183a2,piece,56,True,,2025-06-19 09:01:53
0c9ae426-3d09-4087-b1c8-e2c18edea359,Usha Toaster 526W,USH-TS-526,e62fed3c-e3d5-4d78-b360-717a465183a2,piece,87,True,,2025-03-24 09:01:53
c270654e-50f5-4098-acab-978547017d02,Usha Toaster 258W,USH-TS-258,e62fed3c-e3d5-4d78-b360-717a465183a2,piece,75,True,,2025-11-28 09:01:53
582408fc-08c0-45c3-838c-a9677c5b34b5,Usha Toaster 559W,USH-TS-559,e62fed3c-e3d5-4d78-b360-717a465183a2,piece,25,True,,2025-11-01 09:01:53
eb50286e-81d2-4651-a510-50755a32faa0,Usha Toaster 332W,USH-TS-332,e62fed3c-e3d5-4d78-b360-717a465183a2,piece,35,True,,2025-03-30 09:01:53
f32285a9-1631-497e-b0e3-b6aea07bbc20,Usha Toaster 671W,USH-TS-671,e62fed3c-e3d5-4d78-b360-717a465183a2,piece,8,True,,2025-03-22 09:01:53
ad2d7c30-796d-449c-a909-f66d7afaa0cc,Usha Toaster 330W,USH-TS-330,e62fed3c-e3d5-4d78-b360-717a465183a2,piece,66,True,,2025-11-22 09:01:53
7efb88c1-93bf-4ef9-9442-468f063ee602,Usha Toaster 876W,USH-TS-876,e62fed3c-e3d5-4d78-b360-717a465183a2,piece,34,False,,2026-01-03 09:01:53
2e970b11-246b-472a-bab9-277f74dd7af6,Usha Toaster 612W,USH-TS-612,e62fed3c-e3d5-4d78-b360-717a465183a2,piece,45,True,,2025-04-24 09:01:53
9481dc58-243a-49ce-973e-05223cab370b,Usha Toaster 786W,USH-TS-786,e62fed3c-e3d5-4d78-b360-717a465183a2,piece,55,True,,2025-10-17 09:01:53
c6584aed-3b65-4726-be33-80c2ea111ad0,Usha Toaster 604W,USH-TS-604-13,e62fed3c-e3d5-4d78-b360-717a465183a2,piece,90,True,,2025-08-14 09:01:53
1c268783-2e14-4b89-ae23-f4f15d18825e,Usha Toaster 663W,USH-TS-663-18,e62fed3c-e3d5-4d78-b360-717a465183a2,piece,10,True,,2026-02-24 09:01:53
d045a22b-2d8d-4f39-ad71-0e57aab1eba1,Usha Toaster 313W,USH-TS-313,e62fed3c-e3d5-4d78-b360-717a465183a2,piece,34,True,,2026-03-11 09:01:53
cd157527-7d25-4778-9e42-716af630eefa,Usha Toaster 457W,USH-TS-457,e62fed3c-e3d5-4d78-b360-717a465183a2,piece,94,True,,2025-09-07 09:01:53
c95c887f-50df-4c0a-98fb-3fa8b7cac722,Usha Toaster 621W,USH-TS-621,e62fed3c-e3d5-4d78-b360-717a465183a2,piece,26,True,,2025-12-27 09:01:53
76fd09fe-37cd-4a4c-baba-41120927c019,Wonderchef Kadai 649cm,WON-KD-649,e62fed3c-e3d5-4d78-b360-717a465183a2,piece,5,False,,2025-04-30 09:01:53
a79c4deb-d40a-4b5c-b286-f48fc2285b8f,Wonderchef Kadai 388cm,WON-KD-388,e62fed3c-e3d5-4d78-b360-717a465183a2,piece,39,True,,2025-06-26 09:01:53
30b6cf73-9cf4-4d8e-bd19-91213358b882,Wonderchef Kadai 497cm,WON-KD-497,e62fed3c-e3d5-4d78-b360-717a465183a2,piece,25,True,,2025-05-07 09:01:53
62bccebe-c431-4ef7-a78c-41a34c513639,Wonderchef Kadai 362cm,WON-KD-362,e62fed3c-e3d5-4d78-b360-717a465183a2,piece,47,True,,2025-11-01 09:01:53
38d32709-0dce-4395-b53f-76850d6a13f8,Wonderchef Kadai 502cm,WON-KD-502,e62fed3c-e3d5-4d78-b360-717a465183a2,piece,20,True,,2025-07-26 09:01:53
85aae8c0-74ea-45e1-985d-abde589ba8c0,Wonderchef Kadai 129cm,WON-KD-129,e62fed3c-e3d5-4d78-b360-717a465183a2,piece,62,True,,2025-04-15 09:01:53
ab5ce881-973f-4721-bf6f-a964c66e3e2d,Wonderchef Kadai 787cm,WON-KD-787,e62fed3c-e3d5-4d78-b360-717a465183a2,piece,70,True,,2025-11-30 09:01:53
c4001e30-b914-42eb-870d-c9496d042f54,Wonderchef Kadai 289cm,WON-KD-289,e62fed3c-e3d5-4d78-b360-717a465183a2,piece,19,True,,2026-01-19 09:01:53
f58f503f-58c3-422d-9053-901f1ea01512,Wonderchef Kadai 860cm,WON-KD-860,e62fed3c-e3d5-4d78-b360-717a465183a2,piece,31,True,,2025-05-27 09:01:53
71edb303-9d90-4e25-a533-cf9a5eaa60e7,Wonderchef Kadai 853cm,WON-KD-853,e62fed3c-e3d5-4d78-b360-717a465183a2,piece,100,True,,2025-03-26 09:01:53
af78199d-5b47-4d8f-87d1-d16d4f8f8dc0,Wonderchef Kadai 790cm,WON-KD-790,e62fed3c-e3d5-4d78-b360-717a465183a2,piece,32,True,,2025-10-10 09:01:53
23c4f8dd-ea1b-4d49-a049-c751f3c70e0f,Wonderchef Kadai 469cm,WON-KD-469,e62fed3c-e3d5-4d78-b360-717a465183a2,piece,64,True,,2025-04-28 09:01:53
99113658-0fec-4a73-ab42-52066cf07c6d,Wonderchef Kadai 335cm,WON-KD-335,e62fed3c-e3d5-4d78-b360-717a465183a2,piece,77,True,,2025-11-05 09:01:53
5dac11de-9da9-4cd7-8fe4-dff16d366309,Wonderchef Kadai 322cm,WON-KD-322,e62fed3c-e3d5-4d78-b360-717a465183a2,piece,70,True,,2026-03-08 09:01:53
dd9192b5-68c2-48f6-86c4-6d909482db0f,Wonderchef Kadai 321cm,WON-KD-321,e62fed3c-e3d5-4d78-b360-717a465183a2,piece,28,True,,2025-11-29 09:01:53
e00bf796-d69c-4255-998c-8e06b0989786,Wonderchef Kadai 611cm,WON-KD-611,e62fed3c-e3d5-4d78-b360-717a465183a2,piece,97,True,,2025-09-28 09:01:53
9c6aa7b8-ad96-47b1-a5fc-78a913a6469c,Wonderchef Kadai 568cm,WON-KD-568,e62fed3c-e3d5-4d78-b360-717a465183a2,piece,55,True,,2025-12-20 09:01:53
3927998e-ce04-4d58-9949-521674d6aaf1,Wonderchef Kadai 603cm,WON-KD-603,e62fed3c-e3d5-4d78-b360-717a465183a2,piece,66,True,,2025-10-19 09:01:53
bb9b684f-cce0-4640-9619-65508393b651,Wonderchef Kadai 914cm,WON-KD-914,e62fed3c-e3d5-4d78-b360-717a465183a2,piece,90,True,,2025-11-07 09:01:53
d1568f2c-7916-4d60-87ce-59db3a0a6bda,Wonderchef Kadai 179cm,WON-KD-179,e62fed3c-e3d5-4d78-b360-717a465183a2,piece,83,True,,2026-03-14 09:01:53
275f6028-191d-42d6-a56a-890bb95fa8c3,Wonderchef Kadai 973cm,WON-KD-973,e62fed3c-e3d5-4d78-b360-717a465183a2,piece,8,True,,2026-03-09 09:01:53
2a487328-b132-4f71-9577-56d114881440,Wonderchef Kadai 380cm,WON-KD-380,e62fed3c-e3d5-4d78-b360-717a465183a2,piece,5,True,,2025-08-31 09:01:53
b372d2c0-8452-434a-9200-bbe518c439b8,Wonderchef Kadai 846cm,WON-KD-846,e62fed3c-e3d5-4d78-b360-717a465183a2,piece,77,False,,2026-01-24 09:01:53
34cc6c51-982e-40cd-816e-c3754c18c50f,Wonderchef Kadai 154cm,WON-KD-154,e62fed3c-e3d5-4d78-b360-717a465183a2,piece,52,True,,2025-12-07 09:01:53
d16e8bf8-7b32-45b5-85d1-d72c8d64d331,Wonderchef Kadai 533cm,WON-KD-533,e62fed3c-e3d5-4d78-b360-717a465183a2,piece,99,True,,2026-02-04 09:01:53
a0cb9d4c-3492-43b6-bd3b-521f6b4d0584,Wonderchef Kadai 386cm,WON-KD-386,e62fed3c-e3d5-4d78-b360-717a465183a2,piece,58,True,,2025-10-13 09:01:53
784f16f8-ef1f-435e-b135-06391b4cfdcb,Wonderchef Kadai 888cm,WON-KD-888,e62fed3c-e3d5-4d78-b360-717a465183a2,piece,9,True,,2025-10-11 09:01:53
e60cca1f-4eee-445a-904b-7ec7b77e785b,Wonderchef Kadai 245cm,WON-KD-245,e62fed3c-e3d5-4d78-b360-717a465183a2,piece,38,True,,2025-11-30 09:01:53
f91521f2-7901-499b-8fb5-80ed8224c970,Wonderchef Kadai 223cm,WON-KD-223,e62fed3c-e3d5-4d78-b360-717a465183a2,piece,86,True,,2025-03-30 09:01:53
16bba6c5-1dd5-4ef1-b5bb-db3040851354,Wonderchef Kadai 911cm,WON-KD-911,e62fed3c-e3d5-4d78-b360-717a465183a2,piece,8,True,,2025-07-14 09:01:53
8c369e64-37c5-4d66-ad4f-0c05e3e80a30,Wonderchef Kadai 278cm,WON-KD-278,e62fed3c-e3d5-4d78-b360-717a465183a2,piece,6,True,,2025-11-14 09:01:53
f507a740-9def-45c9-8786-349ae8f66039,Wonderchef Kadai 566cm,WON-KD-566,e62fed3c-e3d5-4d78-b360-717a465183a2,piece,79,True,,2025-10-26 09:01:53
8bf8b0d2-953f-47ad-a17a-790bffa2636d,Wonderchef Kadai 376cm,WON-KD-376,e62fed3c-e3d5-4d78-b360-717a465183a2,piece,7,True,,2025-07-12 09:01:53
74f5d648-45c6-4bf1-be3f-7a6cd318bb79,Wonderchef Kadai 164cm,WON-KD-164,e62fed3c-e3d5-4d78-b360-717a465183a2,piece,98,True,,2025-11-24 09:01:53
4869cdf4-d179-4116-871c-2e9d9cae0235,Wonderchef Kadai 166cm,WON-KD-166,e62fed3c-e3d5-4d78-b360-717a465183a2,piece,55,True,,2026-02-27 09:01:53
f3ba55b3-ab96-4fb9-80a7-1535cd739bf3,Wonderchef Kadai 138cm,WON-KD-138,e62fed3c-e3d5-4d78-b360-717a465183a2,piece,68,True,,2025-07-19 09:01:53
8e4f4d7c-dd6a-48c8-96dc-afe6996da904,Wonderchef Kadai 522cm,WON-KD-522,e62fed3c-e3d5-4d78-b360-717a465183a2,piece,27,False,,2025-05-23 09:01:53
d036132e-e74f-4ab2-982a-ec8d348b26ae,Wonderchef Kadai 145cm,WON-KD-145,e62fed3c-e3d5-4d78-b360-717a465183a2,piece,89,True,,2025-10-22 09:01:53
5eeb338c-58f4-4082-9f8b-5e5c6be3e9d5,Wonderchef Kadai 826cm,WON-KD-826,e62fed3c-e3d5-4d78-b360-717a465183a2,piece,41,True,,2025-12-01 09:01:53
b617ca9d-169c-4029-b93e-88de2ab6d250,Wonderchef Kadai 921cm,WON-KD-921,e62fed3c-e3d5-4d78-b360-717a465183a2,piece,39,True,,2025-10-26 09:01:53
a28148bc-a8bd-425d-8a4f-96aaae665c02,Wonderchef Kadai 992cm,WON-KD-992,e62fed3c-e3d5-4d78-b360-717a465183a2,piece,29,True,,2025-07-28 09:01:53
999a532f-a13d-4e7a-9e81-6c9818bd0b36,Wonderchef Kadai 929cm,WON-KD-929,e62fed3c-e3d5-4d78-b360-717a465183a2,piece,5,False,,2026-02-20 09:01:53
b90367e5-17dd-4417-9da9-e94955f0f87d,Wonderchef Kadai 994cm,WON-KD-994,e62fed3c-e3d5-4d78-b360-717a465183a2,piece,77,True,,2025-08-04 09:01:53
e884bb49-5e83-463b-b41c-0558717ef47a,Wonderchef Kadai 672cm,WON-KD-672,e62fed3c-e3d5-4d78-b360-717a465183a2,piece,94,True,,2025-11-16 09:01:53
fbdd6e4e-81b4-40e9-8798-983c740e8ee1,Wonderchef Kadai 832cm,WON-KD-832,e62fed3c-e3d5-4d78-b360-717a465183a2,piece,100,True,,2025-09-09 09:01:53
92ccb49c-fd94-456c-a464-d7f34cc5a3bc,Wonderchef Kadai 190cm,WON-KD-190,e62fed3c-e3d5-4d78-b360-717a465183a2,piece,81,True,,2025-07-16 09:01:53
0efa6991-56d4-4bc8-ba4b-7efcdd5508b8,Wonderchef Kadai 657cm,WON-KD-657,e62fed3c-e3d5-4d78-b360-717a465183a2,piece,25,True,,2025-09-05 09:01:53
df6165ce-b3c0-459f-b7e5-30988653302e,Wonderchef Kadai 843cm,WON-KD-843,e62fed3c-e3d5-4d78-b360-717a465183a2,piece,75,True,,2025-10-01 09:01:53
44ff839b-32a9-438a-ad05-681ce0012db9,Wonderchef Kadai 852cm,WON-KD-852,e62fed3c-e3d5-4d78-b360-717a465183a2,piece,86,True,,2025-12-15 09:01:53
9f1fe52b-6bbd-42d4-ab71-bc0ffc74b83f,Wonderchef Kadai 694cm,WON-KD-694,e62fed3c-e3d5-4d78-b360-717a465183a2,piece,56,True,,2025-09-18 09:01:53
d74b6175-7ed4-469f-82bc-0358f6628d02,Borosil Bowl 885ml,BOR-BW-885,e62fed3c-e3d5-4d78-b360-717a465183a2,piece,42,True,,2025-04-04 09:01:53
877b2acf-ef80-4bcb-aca1-55a76ec5ef88,Borosil Bowl 869ml,BOR-BW-869,e62fed3c-e3d5-4d78-b360-717a465183a2,piece,68,True,,2025-08-18 09:01:53
0ff9ad30-2487-4560-870e-e61909d03a4d,Borosil Bowl 468ml,BOR-BW-468,e62fed3c-e3d5-4d78-b360-717a465183a2,piece,60,True,,2025-11-05 09:01:53
947a1a72-24aa-49fa-9903-5cfcf07fb13d,Borosil Bowl 240ml,BOR-BW-240,e62fed3c-e3d5-4d78-b360-717a465183a2,piece,47,False,,2025-04-18 09:01:53
310558a8-3e77-4619-9356-7b3590bcf3bd,Borosil Bowl 577ml,BOR-BW-577,e62fed3c-e3d5-4d78-b360-717a465183a2,piece,62,True,,2025-03-31 09:01:53
e75c5edd-e079-4cbb-889c-684050473a62,Borosil Bowl 268ml,BOR-BW-268,e62fed3c-e3d5-4d78-b360-717a465183a2,piece,10,True,,2025-04-28 09:01:53
72b75044-a540-4ed9-bb62-7619021daec0,Borosil Bowl 248ml,BOR-BW-248,e62fed3c-e3d5-4d78-b360-717a465183a2,piece,81,True,,2025-04-25 09:01:53
4374bc05-d641-4fd9-96a4-d01fa5ada2be,Borosil Bowl 951ml,BOR-BW-951,e62fed3c-e3d5-4d78-b360-717a465183a2,piece,100,True,,2025-05-25 09:01:53
6775c4d4-4b2d-45ac-93f2-2ae2e70097ae,Borosil Bowl 242ml,BOR-BW-242,e62fed3c-e3d5-4d78-b360-717a465183a2,piece,31,True,,2025-08-24 09:01:53
031b6dc5-1441-4e8c-87e8-a58c228e1656,Borosil Bowl 183ml,BOR-BW-183,e62fed3c-e3d5-4d78-b360-717a465183a2,piece,58,True,,2025-07-01 09:01:53
c498e9d5-c6d6-4521-9616-3d0fbbe31cae,Borosil Bowl 657ml,BOR-BW-657,e62fed3c-e3d5-4d78-b360-717a465183a2,piece,10,True,,2025-05-24 09:01:53
f1c52a2a-de9b-4fee-87b1-b23c93fdf75e,Borosil Bowl 104ml,BOR-BW-104,e62fed3c-e3d5-4d78-b360-717a465183a2,piece,37,False,,2025-04-08 09:01:53
5533b8ad-d0f2-44e1-8856-8261d0f9f220,Borosil Bowl 268ml,BOR-BW-268-39,e62fed3c-e3d5-4d78-b360-717a465183a2,piece,92,True,,2025-09-24 09:01:53
75ce3a32-9ab8-4e05-91ca-d04bdb6cf8d7,Borosil Bowl 600ml,BOR-BW-600,e62fed3c-e3d5-4d78-b360-717a465183a2,piece,19,True,,2025-09-04 09:01:53
5b12fb6d-d1f5-4d84-b61d-d61c4cdd2442,Borosil Bowl 661ml,BOR-BW-661,e62fed3c-e3d5-4d78-b360-717a465183a2,piece,55,True,,2025-08-25 09:01:53
cdeb6747-99ca-4212-9700-e0ec87928fd0,Borosil Bowl 324ml,BOR-BW-324,e62fed3c-e3d5-4d78-b360-717a465183a2,piece,78,True,,2025-08-18 09:01:53
e632d8cb-e647-4758-a0f6-e22790d91e85,Borosil Bowl 804ml,BOR-BW-804,e62fed3c-e3d5-4d78-b360-717a465183a2,piece,18,True,,2025-04-19 09:01:53
b5217714-1a1f-4ca2-b177-b804d43b8250,Borosil Bowl 564ml,BOR-BW-564,e62fed3c-e3d5-4d78-b360-717a465183a2,piece,24,True,,2025-12-08 09:01:53
3204c604-500c-469e-ae66-60d3a0a0351e,Borosil Bowl 833ml,BOR-BW-833,e62fed3c-e3d5-4d78-b360-717a465183a2,piece,5,True,,2025-06-29 09:01:53
8b85150b-ef60-40f3-9966-d178a1818051,Borosil Bowl 919ml,BOR-BW-919,e62fed3c-e3d5-4d78-b360-717a465183a2,piece,18,True,,2026-02-06 09:01:53
70ea743e-e20f-46a2-ab31-d139c1f943ae,Borosil Bowl 811ml,BOR-BW-811,e62fed3c-e3d5-4d78-b360-717a465183a2,piece,44,True,,2025-08-19 09:01:53
d1407792-af8e-49a0-a39d-2b08c11bc841,Borosil Bowl 410ml,BOR-BW-410,e62fed3c-e3d5-4d78-b360-717a465183a2,piece,31,True,,2026-01-24 09:01:53
156dcae3-f848-47c5-996a-1ddcede0e365,Borosil Bowl 934ml,BOR-BW-934,e62fed3c-e3d5-4d78-b360-717a465183a2,piece,29,True,,2026-02-27 09:01:53
8667c4b4-9789-4c0a-a907-3176b7aa3d24,Borosil Bowl 402ml,BOR-BW-402,e62fed3c-e3d5-4d78-b360-717a465183a2,piece,20,True,,2025-03-31 09:01:53
c7521811-0dc1-4772-889b-49488fd8a890,Borosil Bowl 173ml,BOR-BW-173,e62fed3c-e3d5-4d78-b360-717a465183a2,piece,13,True,,2026-01-13 09:01:53
f826c6f0-cfba-4fcd-bc4d-feb85931c2fc,Borosil Bowl 532ml,BOR-BW-532,e62fed3c-e3d5-4d78-b360-717a465183a2,piece,50,True,,2026-03-09 09:01:53
0746f916-0cd4-499d-bd78-84da3c6b09a6,Borosil Bowl 814ml,BOR-BW-814,e62fed3c-e3d5-4d78-b360-717a465183a2,piece,81,True,,2025-08-28 09:01:53
2419a320-f6b9-4c9f-aea2-b053315e4ddc,Borosil Bowl 483ml,BOR-BW-483,e62fed3c-e3d5-4d78-b360-717a465183a2,piece,31,True,,2025-05-01 09:01:53
a472889d-b991-45c8-a757-c115b056741f,Borosil Bowl 703ml,BOR-BW-703,e62fed3c-e3d5-4d78-b360-717a465183a2,piece,66,True,,2025-05-15 09:01:53
2ac92c6b-1586-4581-a426-9b613eb887bc,Borosil Bowl 142ml,BOR-BW-142,e62fed3c-e3d5-4d78-b360-717a465183a2,piece,91,True,,2026-02-26 09:01:53
72ee6bc2-20bb-4750-a775-88933a749258,Borosil Bowl 611ml,BOR-BW-611,e62fed3c-e3d5-4d78-b360-717a465183a2,piece,45,True,,2025-11-04 09:01:53
99164d86-7187-41e8-ab19-e3337122ca76,Borosil Bowl 817ml,BOR-BW-817,e62fed3c-e3d5-4d78-b360-717a465183a2,piece,65,True,,2025-08-30 09:01:53
8bb03b1a-69d3-4a4f-b40b-c886c7cc9dd2,Borosil Bowl 870ml,BOR-BW-870,e62fed3c-e3d5-4d78-b360-717a465183a2,piece,73,True,,2025-08-10 09:01:53
15be9575-1389-48df-9144-dd4874e37fa1,Borosil Bowl 805ml,BOR-BW-805,e62fed3c-e3d5-4d78-b360-717a465183a2,piece,80,True,,2025-09-16 09:01:53
79b594c1-3304-43c2-826e-36a483ca4c7d,Borosil Bowl 801ml,BOR-BW-801,e62fed3c-e3d5-4d78-b360-717a465183a2,piece,67,False,,2025-09-01 09:01:53
70ba8b3c-40b7-4688-878a-d567e7c8065a,Borosil Bowl 139ml,BOR-BW-139,e62fed3c-e3d5-4d78-b360-717a465183a2,piece,67,True,,2026-01-29 09:01:53
07910a7d-7344-45fb-9a57-72b50a9f3564,Borosil Bowl 586ml,BOR-BW-586,e62fed3c-e3d5-4d78-b360-717a465183a2,piece,37,True,,2026-01-31 09:01:53
0da0c721-0816-4ec8-a25b-1e7861befa15,Borosil Bowl 351ml,BOR-BW-351,e62fed3c-e3d5-4d78-b360-717a465183a2,piece,97,True,,2025-04-25 09:01:53
66c8215c-1f7e-4d27-b870-5ea136158f6c,Borosil Bowl 196ml,BOR-BW-196,e62fed3c-e3d5-4d78-b360-717a465183a2,piece,63,True,,2025-09-23 09:01:53
2b4cd3b1-2a81-466b-903a-8a7bbd67d828,Borosil Bowl 347ml,BOR-BW-347,e62fed3c-e3d5-4d78-b360-717a465183a2,piece,82,False,,2026-02-25 09:01:53
496ba73e-de65-47c2-b6df-9b8e64c8f007,Borosil Bowl 430ml,BOR-BW-430,e62fed3c-e3d5-4d78-b360-717a465183a2,piece,44,True,,2025-03-19 09:01:53
b7375051-efa8-4397-8a7c-b3ff10734b6e,Borosil Bowl 975ml,BOR-BW-975,e62fed3c-e3d5-4d78-b360-717a465183a2,piece,62,True,,2025-08-16 09:01:53
ed1f362c-79c4-4a37-a661-e91fdde48b64,Borosil Bowl 197ml,BOR-BW-197,e62fed3c-e3d5-4d78-b360-717a465183a2,piece,6,True,,2025-05-15 09:01:53
24caa145-8af5-44eb-b364-6c75cbe82444,Borosil Bowl 983ml,BOR-BW-983,e62fed3c-e3d5-4d78-b360-717a465183a2,piece,91,True,,2025-06-28 09:01:53
0474d62c-6b97-4d1c-ad8b-956e2c25d09a,Borosil Bowl 555ml,BOR-BW-555,e62fed3c-e3d5-4d78-b360-717a465183a2,piece,13,True,,2025-07-20 09:01:53
5e9c176d-d091-4248-8098-1abf97fc0a0b,Borosil Bowl 381ml,BOR-BW-381,e62fed3c-e3d5-4d78-b360-717a465183a2,piece,94,True,,2025-06-13 09:01:53
9a3ca6c8-7492-4b14-a4dc-6e26848db94b,Borosil Bowl 769ml,BOR-BW-769,e62fed3c-e3d5-4d78-b360-717a465183a2,piece,97,True,,2025-05-19 09:01:53
3094651c-1969-4df3-b589-5e7f0a41bddc,Borosil Bowl 220ml,BOR-BW-220,e62fed3c-e3d5-4d78-b360-717a465183a2,piece,94,True,,2025-12-15 09:01:53
a880e5f7-fcc9-4c4a-979c-b5a6059703a1,Borosil Bowl 562ml,BOR-BW-562,e62fed3c-e3d5-4d78-b360-717a465183a2,piece,42,True,,2026-02-22 09:01:53
aa1cd04b-485b-43bb-8864-66e370e12f7e,Borosil Bowl 397ml,BOR-BW-397,e62fed3c-e3d5-4d78-b360-717a465183a2,piece,81,True,,2026-01-17 09:01:53
6380d397-b34b-4df8-abcc-996997f754a7,Lego Set 803pc,LEG-ST-803,2e0428c7-31d5-4d43-b03e-33f79fd17261,set,24,False,,2026-02-03 09:01:53
817f7f18-cd29-44d4-bd3d-552825c88f1a,Lego Set 303pc,LEG-ST-303,2e0428c7-31d5-4d43-b03e-33f79fd17261,set,66,True,,2026-03-12 09:01:53
5e16495f-71b3-4f11-80c2-10c39db72fa1,Lego Set 496pc,LEG-ST-496,2e0428c7-31d5-4d43-b03e-33f79fd17261,set,100,True,,2025-12-14 09:01:53
ecb75358-5776-4df0-a185-27de7a241270,Lego Set 891pc,LEG-ST-891,2e0428c7-31d5-4d43-b03e-33f79fd17261,set,53,True,,2025-12-11 09:01:53
3eb1ad2e-a241-4366-8c8a-222a6bb0d76f,Lego Set 328pc,LEG-ST-328,2e0428c7-31d5-4d43-b03e-33f79fd17261,set,48,True,,2025-05-20 09:01:53
56737a61-3d2b-48d2-af92-8520bf097877,Lego Set 965pc,LEG-ST-965,2e0428c7-31d5-4d43-b03e-33f79fd17261,set,68,True,,2025-07-30 09:01:53
b408624a-7f3e-4362-9e59-8c442da75ae1,Lego Set 927pc,LEG-ST-927,2e0428c7-31d5-4d43-b03e-33f79fd17261,set,94,False,,2026-01-14 09:01:53
2bbcfeab-9b38-4cbd-99ba-b71882be801d,Lego Set 203pc,LEG-ST-203,2e0428c7-31d5-4d43-b03e-33f79fd17261,set,26,True,,2025-05-09 09:01:53
f531cc69-544a-48b2-a43c-6b1acf877cde,Lego Set 676pc,LEG-ST-676,2e0428c7-31d5-4d43-b03e-33f79fd17261,set,8,True,,2025-09-08 09:01:53
c820f6b0-83fa-4d06-a877-da1c5d3d317e,Lego Set 913pc,LEG-ST-913,2e0428c7-31d5-4d43-b03e-33f79fd17261,set,94,True,,2025-03-17 09:01:53
821355e0-533b-4115-a262-784bedefdbbe,Lego Set 637pc,LEG-ST-637,2e0428c7-31d5-4d43-b03e-33f79fd17261,set,93,True,,2025-06-09 09:01:53
2b3ebd57-3653-48b0-814a-3daacc2aac61,Lego Set 208pc,LEG-ST-208,2e0428c7-31d5-4d43-b03e-33f79fd17261,set,58,True,,2025-10-23 09:01:53
30ddc031-7b4b-46be-b5a2-6fd1326524b2,Lego Set 546pc,LEG-ST-546,2e0428c7-31d5-4d43-b03e-33f79fd17261,set,76,True,,2026-02-08 09:01:53
15052877-a564-40d3-9f65-74bd6fba0852,Lego Set 166pc,LEG-ST-166,2e0428c7-31d5-4d43-b03e-33f79fd17261,set,16,True,,2025-04-08 09:01:53
97acf3a2-e6ed-4b21-93f6-b514b2a01af3,Lego Set 466pc,LEG-ST-466,2e0428c7-31d5-4d43-b03e-33f79fd17261,set,65,True,,2025-11-10 09:01:53
6997f3f9-a049-4d39-89f9-6e0d9b2e6544,Lego Set 996pc,LEG-ST-996,2e0428c7-31d5-4d43-b03e-33f79fd17261,set,22,True,,2025-12-22 09:01:53
d9ecb3d1-7cf6-4628-8dd9-4fe7724c88f8,Lego Set 188pc,LEG-ST-188,2e0428c7-31d5-4d43-b03e-33f79fd17261,set,78,True,,2025-12-04 09:01:53
2b42bad4-7e31-4067-a971-16a78fd7948e,Lego Set 556pc,LEG-ST-556,2e0428c7-31d5-4d43-b03e-33f79fd17261,set,89,False,,2025-09-04 09:01:53
90a9d878-d569-4960-a807-0ba7395a0e1f,Lego Set 670pc,LEG-ST-670,2e0428c7-31d5-4d43-b03e-33f79fd17261,set,38,True,,2025-04-12 09:01:53
48249bc8-6ccf-4adb-b9cb-6eb0adb30ef8,Lego Set 289pc,LEG-ST-289,2e0428c7-31d5-4d43-b03e-33f79fd17261,set,79,True,,2025-06-01 09:01:53
cf0fba19-905a-4130-a684-ee88e89840ad,Lego Set 140pc,LEG-ST-140,2e0428c7-31d5-4d43-b03e-33f79fd17261,set,34,True,,2025-10-12 09:01:53
50b85a46-a83c-4db2-82a9-7428ff817c7c,Lego Set 236pc,LEG-ST-236,2e0428c7-31d5-4d43-b03e-33f79fd17261,set,100,True,,2026-03-09 09:01:53
cca21f09-eb03-4984-96e8-853dc15d9cb5,Lego Set 480pc,LEG-ST-480,2e0428c7-31d5-4d43-b03e-33f79fd17261,set,12,True,,2026-03-08 09:01:53
1e7f3221-3f85-4c3c-a19c-cc93af55a6e2,Lego Set 215pc,LEG-ST-215,2e0428c7-31d5-4d43-b03e-33f79fd17261,set,72,True,,2025-05-19 09:01:53
2b000b49-710f-4f86-a425-e934f4768080,Lego Set 643pc,LEG-ST-643,2e0428c7-31d5-4d43-b03e-33f79fd17261,set,6,True,,2026-01-03 09:01:53
a42d1d56-ab23-44a4-ac91-5b4da973b1c8,Lego Set 427pc,LEG-ST-427,2e0428c7-31d5-4d43-b03e-33f79fd17261,set,36,True,,2025-11-25 09:01:53
6fc12658-0b7d-4fd3-bc00-6c1d2894fdc4,Lego Set 293pc,LEG-ST-293,2e0428c7-31d5-4d43-b03e-33f79fd17261,set,89,True,,2025-07-12 09:01:53
506e4ad7-7202-40d5-9b03-76f94a260c6b,Lego Set 319pc,LEG-ST-319,2e0428c7-31d5-4d43-b03e-33f79fd17261,set,17,True,,2025-06-04 09:01:53
a65acaca-d6d0-4fad-ba61-6636cf712a78,Lego Set 748pc,LEG-ST-748,2e0428c7-31d5-4d43-b03e-33f79fd17261,set,85,True,,2026-02-06 09:01:53
04f33ca3-0fc6-41cf-91cc-adc6d02912ca,Lego Set 249pc,LEG-ST-249,2e0428c7-31d5-4d43-b03e-33f79fd17261,set,90,True,,2025-06-26 09:01:53
c3c03ae7-c49f-49eb-8246-c29a1d0ec179,Lego Set 248pc,LEG-ST-248,2e0428c7-31d5-4d43-b03e-33f79fd17261,set,13,True,,2026-02-05 09:01:53
ecc7c663-ea3d-4aef-9808-56a850c5b085,Lego Set 679pc,LEG-ST-679,2e0428c7-31d5-4d43-b03e-33f79fd17261,set,26,True,,2025-08-15 09:01:53
7dff792a-c79b-474a-9fa8-a081d8b7deed,Lego Set 959pc,LEG-ST-959,2e0428c7-31d5-4d43-b03e-33f79fd17261,set,85,True,,2025-11-19 09:01:53
b86b9db6-a42d-4664-b6ef-6b88eea07b4a,Lego Set 947pc,LEG-ST-947,2e0428c7-31d5-4d43-b03e-33f79fd17261,set,38,True,,2025-08-05 09:01:53
e387f33c-889b-4746-9e11-f0edd3678857,Lego Set 143pc,LEG-ST-143,2e0428c7-31d5-4d43-b03e-33f79fd17261,set,46,True,,2026-02-28 09:01:53
7215862f-5e82-4fa8-af2a-ce25f195ed75,Lego Set 297pc,LEG-ST-297,2e0428c7-31d5-4d43-b03e-33f79fd17261,set,90,True,,2025-09-04 09:01:53
e5c074fb-18f4-434a-b67b-dff40645d03a,Lego Set 500pc,LEG-ST-500,2e0428c7-31d5-4d43-b03e-33f79fd17261,set,62,True,,2025-11-19 09:01:53
86cf81be-18e9-4abf-8e8f-9150b353fd12,Lego Set 866pc,LEG-ST-866,2e0428c7-31d5-4d43-b03e-33f79fd17261,set,21,True,,2025-06-27 09:01:53
e202b2a8-4dc7-4ca8-a357-1b8cc993445c,Lego Set 516pc,LEG-ST-516,2e0428c7-31d5-4d43-b03e-33f79fd17261,set,87,True,,2025-04-23 09:01:53
1d869b87-424b-4178-ac16-3a32b8187b9e,Lego Set 261pc,LEG-ST-261,2e0428c7-31d5-4d43-b03e-33f79fd17261,set,35,True,,2025-10-18 09:01:53
69b40ae7-37a1-4771-ad05-3cf0265300e9,Lego Set 609pc,LEG-ST-609,2e0428c7-31d5-4d43-b03e-33f79fd17261,set,14,True,,2026-02-27 09:01:53
890cf036-53c1-4370-9b23-6599c49201c0,Lego Set 527pc,LEG-ST-527,2e0428c7-31d5-4d43-b03e-33f79fd17261,set,13,True,,2025-03-19 09:01:53
a1466c49-f3e7-474d-8443-0fb4052983f8,Lego Set 895pc,LEG-ST-895,2e0428c7-31d5-4d43-b03e-33f79fd17261,set,23,True,,2026-02-22 09:01:53
6d685729-3ccb-40fa-9ed6-3a0de5db224d,Lego Set 478pc,LEG-ST-478,2e0428c7-31d5-4d43-b03e-33f79fd17261,set,40,True,,2025-07-20 09:01:53
97995d54-4f57-4e22-9920-73b9f34c50e0,Lego Set 765pc,LEG-ST-765,2e0428c7-31d5-4d43-b03e-33f79fd17261,set,48,True,,2025-06-13 09:01:53
311eddf6-cf41-460f-9cf5-cbcf6c41357d,Lego Set 719pc,LEG-ST-719,2e0428c7-31d5-4d43-b03e-33f79fd17261,set,46,False,,2025-07-17 09:01:53
df70eba6-c917-42c3-823e-dbc439184237,Lego Set 623pc,LEG-ST-623,2e0428c7-31d5-4d43-b03e-33f79fd17261,set,67,True,,2025-03-27 09:01:53
561de21a-6c40-41e8-bb6b-46abfd8381cb,Lego Set 703pc,LEG-ST-703,2e0428c7-31d5-4d43-b03e-33f79fd17261,set,93,True,,2025-03-30 09:01:53
a4701fde-6000-44a7-9314-6c19928282f8,Lego Set 719pc,LEG-ST-719-86,2e0428c7-31d5-4d43-b03e-33f79fd17261,set,89,True,,2026-01-03 09:01:53
6a8be6af-f586-4cb3-bb39-4c9516cae6c5,Lego Set 580pc,LEG-ST-580,2e0428c7-31d5-4d43-b03e-33f79fd17261,set,48,True,,2025-07-07 09:01:53
6d9a3416-2892-4a9f-946e-3b11ae20b3c4,Hasbro Monopoly 450,HAS-MP-450,2e0428c7-31d5-4d43-b03e-33f79fd17261,piece,73,True,,2025-04-25 09:01:53
67b4a45c-e82f-4606-bb9c-84c74dbb1485,Hasbro Monopoly 164,HAS-MP-164,2e0428c7-31d5-4d43-b03e-33f79fd17261,piece,37,True,,2025-10-27 09:01:53
1e0ee19e-3120-4075-83c3-ad0ffddc0557,Hasbro Monopoly 995,HAS-MP-995,2e0428c7-31d5-4d43-b03e-33f79fd17261,piece,41,True,,2025-11-18 09:01:53
7d49c86d-585b-471c-a2dd-f920edaddc9c,Hasbro Monopoly 420,HAS-MP-420,2e0428c7-31d5-4d43-b03e-33f79fd17261,piece,46,False,,2025-05-29 09:01:53
c998d275-0425-4390-b0f8-37eef7063808,Hasbro Monopoly 295,HAS-MP-295,2e0428c7-31d5-4d43-b03e-33f79fd17261,piece,49,False,,2025-12-06 09:01:53
3a138ad4-0486-4de0-bd7e-a24377e99f36,Hasbro Monopoly 945,HAS-MP-945,2e0428c7-31d5-4d43-b03e-33f79fd17261,piece,47,True,,2025-08-16 09:01:53
e062087d-e847-42b4-a080-56d4ace7add4,Hasbro Monopoly 385,HAS-MP-385,2e0428c7-31d5-4d43-b03e-33f79fd17261,piece,38,True,,2025-04-06 09:01:53
0e9d879c-b818-4cc8-88ea-006091f0defd,Hasbro Monopoly 774,HAS-MP-774,2e0428c7-31d5-4d43-b03e-33f79fd17261,piece,29,True,,2026-01-02 09:01:53
a317edb0-a63b-437d-a169-5bc1477c1b46,Hasbro Monopoly 921,HAS-MP-921,2e0428c7-31d5-4d43-b03e-33f79fd17261,piece,93,True,,2025-03-28 09:01:53
f0a1a725-474d-4004-9d63-fbddb2badffa,Hasbro Monopoly 802,HAS-MP-802,2e0428c7-31d5-4d43-b03e-33f79fd17261,piece,51,True,,2025-06-04 09:01:53
6c8b2600-452b-4aad-9ca0-7681f357555b,Hasbro Monopoly 428,HAS-MP-428,2e0428c7-31d5-4d43-b03e-33f79fd17261,piece,31,True,,2025-05-21 09:01:53
8e31897a-ae15-444d-8083-12ace773db30,Hasbro Monopoly 632,HAS-MP-632,2e0428c7-31d5-4d43-b03e-33f79fd17261,piece,27,True,,2025-10-16 09:01:53
483f8df0-fff7-40c9-ad9a-3b1f99baadff,Hasbro Monopoly 753,HAS-MP-753,2e0428c7-31d5-4d43-b03e-33f79fd17261,piece,36,True,,2025-04-24 09:01:53
283e9ca7-f42a-430f-8780-a28d3a6fdb8f,Hasbro Monopoly 950,HAS-MP-950,2e0428c7-31d5-4d43-b03e-33f79fd17261,piece,48,True,,2025-04-17 09:01:53
3a884d11-7265-4c91-9e72-53d164785069,Hasbro Monopoly 929,HAS-MP-929,2e0428c7-31d5-4d43-b03e-33f79fd17261,piece,68,True,,2025-08-26 09:01:53
715f2065-5c1e-4fb1-979f-9b0143c9911b,Hasbro Monopoly 595,HAS-MP-595,2e0428c7-31d5-4d43-b03e-33f79fd17261,piece,96,True,,2025-05-28 09:01:53
c700d93e-1514-41b7-9aef-bfeaae221f3d,Hasbro Monopoly 570,HAS-MP-570,2e0428c7-31d5-4d43-b03e-33f79fd17261,piece,73,True,,2025-11-04 09:01:53
5e2dc0b6-47df-4475-a032-f0d26df306b2,Hasbro Monopoly 720,HAS-MP-720,2e0428c7-31d5-4d43-b03e-33f79fd17261,piece,14,True,,2025-09-03 09:01:53
22c4bae8-3cc9-4027-9738-8cc3c5db81e9,Hasbro Monopoly 932,HAS-MP-932,2e0428c7-31d5-4d43-b03e-33f79fd17261,piece,75,False,,2026-03-13 09:01:53
b6026971-6afe-41c0-8509-b1ef6741dc18,Hasbro Monopoly 168,HAS-MP-168,2e0428c7-31d5-4d43-b03e-33f79fd17261,piece,29,True,,2025-11-04 09:01:53
485fcd7d-a245-4d4b-9162-6aac30a23c16,Hasbro Monopoly 606,HAS-MP-606,2e0428c7-31d5-4d43-b03e-33f79fd17261,piece,63,False,,2025-06-06 09:01:53
36b4d44b-24a9-410e-baf0-e7040ddbefe3,Hasbro Monopoly 697,HAS-MP-697,2e0428c7-31d5-4d43-b03e-33f79fd17261,piece,40,True,,2025-08-11 09:01:53
50f61d9f-8c1e-4d74-8aeb-65d9873bd248,Hasbro Monopoly 303,HAS-MP-303,2e0428c7-31d5-4d43-b03e-33f79fd17261,piece,39,True,,2025-08-08 09:01:53
2582a109-bf7b-45e2-a295-f15185515fef,Hasbro Monopoly 743,HAS-MP-743,2e0428c7-31d5-4d43-b03e-33f79fd17261,piece,67,True,,2025-07-14 09:01:53
c3beb509-2da4-48b2-af64-06e8eae66a48,Hasbro Monopoly 547,HAS-MP-547,2e0428c7-31d5-4d43-b03e-33f79fd17261,piece,54,True,,2026-01-02 09:01:53
1223276c-714f-46c0-90b4-95dde2a894c5,Hasbro Monopoly 285,HAS-MP-285,2e0428c7-31d5-4d43-b03e-33f79fd17261,piece,20,True,,2026-02-15 09:01:53
5a8e9797-ea92-4d78-ae5c-9a43372cd27f,Hasbro Monopoly 142,HAS-MP-142,2e0428c7-31d5-4d43-b03e-33f79fd17261,piece,13,True,,2025-06-07 09:01:53
52d4c2ce-6f31-40f2-9141-79760c88cacb,Hasbro Monopoly 648,HAS-MP-648,2e0428c7-31d5-4d43-b03e-33f79fd17261,piece,39,True,,2026-01-24 09:01:53
918a5a07-a7d0-4f70-a26a-2994cdfae9a0,Hasbro Monopoly 860,HAS-MP-860,2e0428c7-31d5-4d43-b03e-33f79fd17261,piece,92,True,,2026-02-22 09:01:53
2b5ed73a-0f5a-41e4-9301-a0d2879924b3,Hasbro Monopoly 776,HAS-MP-776,2e0428c7-31d5-4d43-b03e-33f79fd17261,piece,77,True,,2026-01-16 09:01:53
aaec49da-eae4-492f-ba4c-1e6f31290d32,Hasbro Monopoly 445,HAS-MP-445,2e0428c7-31d5-4d43-b03e-33f79fd17261,piece,84,True,,2025-10-20 09:01:53
4d8a5f67-207f-404e-9cba-26bdfcf9881f,Hasbro Monopoly 540,HAS-MP-540,2e0428c7-31d5-4d43-b03e-33f79fd17261,piece,35,True,,2025-05-02 09:01:53
98e096b2-2024-4b1d-9db4-dfd9cab4aa81,Hasbro Monopoly 718,HAS-MP-718,2e0428c7-31d5-4d43-b03e-33f79fd17261,piece,78,True,,2025-06-05 09:01:53
a766522b-5268-4ba4-94cb-6e83071b9ef9,Hasbro Monopoly 462,HAS-MP-462,2e0428c7-31d5-4d43-b03e-33f79fd17261,piece,35,True,,2025-06-04 09:01:53
b007527a-e476-4f3e-857d-e58be3440b54,Hasbro Monopoly 698,HAS-MP-698,2e0428c7-31d5-4d43-b03e-33f79fd17261,piece,45,True,,2025-12-17 09:01:53
5fd1d03a-090a-427e-a8c6-e37032beaf98,Hasbro Monopoly 925,HAS-MP-925,2e0428c7-31d5-4d43-b03e-33f79fd17261,piece,54,True,,2025-05-03 09:01:53
50466bf8-dd9c-4874-b0e7-f9a6e25a339c,Hasbro Monopoly 117,HAS-MP-117,2e0428c7-31d5-4d43-b03e-33f79fd17261,piece,25,True,,2025-05-04 09:01:53
bb793a29-b4e2-41f4-8c2f-c2834c9363b4,Hasbro Monopoly 376,HAS-MP-376,2e0428c7-31d5-4d43-b03e-33f79fd17261,piece,67,True,,2025-11-08 09:01:53
bcfffe6a-63e7-4111-9809-972832f52dbd,Hasbro Monopoly 965,HAS-MP-965,2e0428c7-31d5-4d43-b03e-33f79fd17261,piece,57,True,,2025-07-22 09:01:53
cab62c99-9321-4f95-9deb-30f287afc3b3,Hasbro Monopoly 724,HAS-MP-724,2e0428c7-31d5-4d43-b03e-33f79fd17261,piece,26,True,,2025-11-22 09:01:53
0546f297-c9ca-46d3-9a9d-1125ed1def6b,Hasbro Monopoly 386,HAS-MP-386,2e0428c7-31d5-4d43-b03e-33f79fd17261,piece,18,True,,2025-04-05 09:01:53
07b63b52-25a3-4671-a770-a594804631b4,Hasbro Monopoly 415,HAS-MP-415,2e0428c7-31d5-4d43-b03e-33f79fd17261,piece,60,True,,2025-05-11 09:01:53
337ab2a6-d8f1-424a-957b-91f4480b600e,Hasbro Monopoly 969,HAS-MP-969,2e0428c7-31d5-4d43-b03e-33f79fd17261,piece,54,True,,2025-11-16 09:01:53
d224c5f4-419a-4618-9513-baa31f58f210,Hasbro Monopoly 202,HAS-MP-202,2e0428c7-31d5-4d43-b03e-33f79fd17261,piece,15,True,,2025-07-30 09:01:53
51fde40a-ce3a-4ff7-940f-1b3f73948758,Hasbro Monopoly 553,HAS-MP-553,2e0428c7-31d5-4d43-b03e-33f79fd17261,piece,24,True,,2025-08-30 09:01:53
0a9e0702-b508-4c17-815b-2f538f8b1828,Hasbro Monopoly 971,HAS-MP-971,2e0428c7-31d5-4d43-b03e-33f79fd17261,piece,83,True,,2026-03-03 09:01:53
81fde144-2291-420a-8ef0-a71464d4e39e,Hasbro Monopoly 654,HAS-MP-654,2e0428c7-31d5-4d43-b03e-33f79fd17261,piece,39,True,,2025-04-04 09:01:53
985b2181-f638-46c1-85ff-191d25bfb632,Hasbro Monopoly 603,HAS-MP-603,2e0428c7-31d5-4d43-b03e-33f79fd17261,piece,60,True,,2025-06-19 09:01:53
86a80acd-d657-4948-bfb1-5d763a18737c,Hasbro Monopoly 450,HAS-MP-450-51,2e0428c7-31d5-4d43-b03e-33f79fd17261,piece,7,True,,2025-05-03 09:01:53
e0df91fd-7afc-4e26-a174-ba5fa9d5343d,Hasbro Monopoly 497,HAS-MP-497,2e0428c7-31d5-4d43-b03e-33f79fd17261,piece,61,True,,2025-09-05 09:01:53
336e142f-26f4-40f7-bd61-2b14e88cf869,Mattel UNO 247,MAT-UN-247,2e0428c7-31d5-4d43-b03e-33f79fd17261,piece,95,True,,2025-03-22 09:01:53
25f1f08e-d67f-4b43-ae82-a0a4f4b12156,Mattel UNO 799,MAT-UN-799,2e0428c7-31d5-4d43-b03e-33f79fd17261,piece,53,True,,2025-08-20 09:01:53
35df5afe-1743-4672-a291-1f62469cbceb,Mattel UNO 312,MAT-UN-312,2e0428c7-31d5-4d43-b03e-33f79fd17261,piece,32,True,,2025-08-19 09:01:53
257933d4-2622-4320-bb58-d0f4d3b65503,Mattel UNO 380,MAT-UN-380,2e0428c7-31d5-4d43-b03e-33f79fd17261,piece,36,True,,2025-11-16 09:01:53
b0c1727e-b04f-4826-b65f-71cb74102884,Mattel UNO 488,MAT-UN-488,2e0428c7-31d5-4d43-b03e-33f79fd17261,piece,81,True,,2026-03-02 09:01:53
86496760-6edb-4dd8-95e4-2b453fd1d95a,Mattel UNO 802,MAT-UN-802,2e0428c7-31d5-4d43-b03e-33f79fd17261,piece,77,True,,2025-03-22 09:01:53
e0e636b0-6517-4f20-80bd-ade0ae271315,Mattel UNO 166,MAT-UN-166,2e0428c7-31d5-4d43-b03e-33f79fd17261,piece,62,True,,2026-03-03 09:01:53
ee18ab9e-8de8-450e-a687-e824e5b94ea9,Mattel UNO 498,MAT-UN-498,2e0428c7-31d5-4d43-b03e-33f79fd17261,piece,78,True,,2025-08-31 09:01:53
5fd2d828-7431-4380-9938-8fea9c2ea7fa,Mattel UNO 120,MAT-UN-120,2e0428c7-31d5-4d43-b03e-33f79fd17261,piece,67,True,,2025-07-29 09:01:53
cdeff46a-c882-4dcc-8771-241fa933eacc,Mattel UNO 534,MAT-UN-534,2e0428c7-31d5-4d43-b03e-33f79fd17261,piece,16,True,,2025-09-17 09:01:53
95c208a1-9c2a-4683-bd37-571141ab7eab,Mattel UNO 334,MAT-UN-334,2e0428c7-31d5-4d43-b03e-33f79fd17261,piece,39,True,,2025-11-01 09:01:53
8b821acc-314b-4e38-a4b5-7d7d03ce0acf,Mattel UNO 590,MAT-UN-590,2e0428c7-31d5-4d43-b03e-33f79fd17261,piece,25,True,,2025-05-19 09:01:53
efcb5501-cd8c-4591-aebf-d94fdf494ead,Mattel UNO 760,MAT-UN-760,2e0428c7-31d5-4d43-b03e-33f79fd17261,piece,71,True,,2025-12-04 09:01:53
7b261899-fb87-4916-a4d1-2805a02d942f,Mattel UNO 966,MAT-UN-966,2e0428c7-31d5-4d43-b03e-33f79fd17261,piece,9,False,,2025-09-09 09:01:53
f187786b-534f-4991-a0eb-55a068b5fcb7,Mattel UNO 149,MAT-UN-149,2e0428c7-31d5-4d43-b03e-33f79fd17261,piece,34,True,,2025-12-23 09:01:53
92a4d0b6-f6da-4663-99e7-20916009c5f7,Mattel UNO 194,MAT-UN-194,2e0428c7-31d5-4d43-b03e-33f79fd17261,piece,83,True,,2026-02-17 09:01:53
f62fefe7-cc6a-439d-abd1-4ad2baeea304,Mattel UNO 356,MAT-UN-356,2e0428c7-31d5-4d43-b03e-33f79fd17261,piece,15,True,,2025-11-04 09:01:53
90b93f4b-5c4e-4d3d-82ab-d5b161336685,Mattel UNO 563,MAT-UN-563,2e0428c7-31d5-4d43-b03e-33f79fd17261,piece,24,True,,2025-08-03 09:01:53
5dfd4685-9efa-4407-be26-1ba028fc6e97,Mattel UNO 385,MAT-UN-385,2e0428c7-31d5-4d43-b03e-33f79fd17261,piece,28,True,,2025-10-06 09:01:53
1b276671-b3ad-45c8-9b88-b2069b3c4390,Mattel UNO 270,MAT-UN-270,2e0428c7-31d5-4d43-b03e-33f79fd17261,piece,71,True,,2026-01-26 09:01:53
6f4db761-a11e-4f69-9835-203d3792a123,Mattel UNO 735,MAT-UN-735,2e0428c7-31d5-4d43-b03e-33f79fd17261,piece,11,True,,2025-12-14 09:01:53
688d7562-1ff7-4fe1-bee6-7ee1d1cd2fc5,Mattel UNO 395,MAT-UN-395,2e0428c7-31d5-4d43-b03e-33f79fd17261,piece,75,True,,2025-08-10 09:01:53
d30865e1-6fe6-4463-a4fb-4c0d869b3e7f,Mattel UNO 271,MAT-UN-271,2e0428c7-31d5-4d43-b03e-33f79fd17261,piece,35,True,,2025-12-04 09:01:53
394d81a7-4910-468b-8aed-0e4030872af2,Mattel UNO 717,MAT-UN-717,2e0428c7-31d5-4d43-b03e-33f79fd17261,piece,96,True,,2026-01-22 09:01:53
c046d85d-1c62-4282-b0e2-834b12292c3d,Mattel UNO 375,MAT-UN-375,2e0428c7-31d5-4d43-b03e-33f79fd17261,piece,27,True,,2025-07-21 09:01:53
6e852a40-14f2-41ca-8856-de94673f7f37,Mattel UNO 666,MAT-UN-666,2e0428c7-31d5-4d43-b03e-33f79fd17261,piece,52,True,,2025-12-26 09:01:53
17444d81-6a91-4b28-9310-fe6e1fbd1c85,Mattel UNO 646,MAT-UN-646,2e0428c7-31d5-4d43-b03e-33f79fd17261,piece,28,True,,2026-03-10 09:01:53
96f79689-f6a9-4e61-9ba6-ce8af7826565,Mattel UNO 433,MAT-UN-433,2e0428c7-31d5-4d43-b03e-33f79fd17261,piece,26,True,,2025-06-25 09:01:53
b84fb97c-b0ae-4b02-baeb-4814867326ff,Mattel UNO 932,MAT-UN-932,2e0428c7-31d5-4d43-b03e-33f79fd17261,piece,7,True,,2026-02-13 09:01:53
6939ab1c-6982-4e8e-adf4-7dbd8b4cd900,Mattel UNO 503,MAT-UN-503,2e0428c7-31d5-4d43-b03e-33f79fd17261,piece,22,True,,2025-07-17 09:01:53
fae98057-92be-467e-9d35-5d60d9429109,Mattel UNO 259,MAT-UN-259,2e0428c7-31d5-4d43-b03e-33f79fd17261,piece,21,True,,2025-05-07 09:01:53
b1f207c0-c75a-4d6f-8223-947a2b93c1dd,Mattel UNO 954,MAT-UN-954,2e0428c7-31d5-4d43-b03e-33f79fd17261,piece,52,True,,2025-10-23 09:01:53
a0cc5405-437c-4f80-95be-183c90634a69,Mattel UNO 573,MAT-UN-573,2e0428c7-31d5-4d43-b03e-33f79fd17261,piece,36,True,,2025-03-16 09:01:53
ea231296-06dd-4d7a-b873-f2ee6795e3f0,Mattel UNO 212,MAT-UN-212,2e0428c7-31d5-4d43-b03e-33f79fd17261,piece,96,True,,2025-04-21 09:01:53
c03b738a-5834-4c15-bfe8-dd3a1c966bf7,Mattel UNO 720,MAT-UN-720,2e0428c7-31d5-4d43-b03e-33f79fd17261,piece,10,True,,2025-09-02 09:01:53
0c83f3f2-ed4b-4eb5-b78c-523999bcd74d,Mattel UNO 239,MAT-UN-239,2e0428c7-31d5-4d43-b03e-33f79fd17261,piece,5,True,,2025-06-17 09:01:53
36b8df8e-732c-4010-b91e-fff469a37515,Mattel UNO 918,MAT-UN-918,2e0428c7-31d5-4d43-b03e-33f79fd17261,piece,67,True,,2025-08-24 09:01:53
77d49fd5-dc37-4728-8e07-3dd817f2e9d6,Mattel UNO 663,MAT-UN-663,2e0428c7-31d5-4d43-b03e-33f79fd17261,piece,74,True,,2025-06-19 09:01:53
6d88713c-841e-499c-af88-9e91418023f3,Mattel UNO 577,MAT-UN-577,2e0428c7-31d5-4d43-b03e-33f79fd17261,piece,87,False,,2025-09-14 09:01:53
00e3005a-0a31-430a-bae3-9e2ae865586a,Mattel UNO 905,MAT-UN-905,2e0428c7-31d5-4d43-b03e-33f79fd17261,piece,82,True,,2025-08-19 09:01:53
1a377772-fe02-45a1-8580-e34ea59d10b6,Mattel UNO 869,MAT-UN-869,2e0428c7-31d5-4d43-b03e-33f79fd17261,piece,37,True,,2025-08-18 09:01:53
422485c0-0655-407c-94f9-2d9beb50ee8a,Mattel UNO 270,MAT-UN-270-74,2e0428c7-31d5-4d43-b03e-33f79fd17261,piece,68,True,,2026-02-24 09:01:53
85ebc63e-08b3-402b-99c3-8832ca877cef,Mattel UNO 311,MAT-UN-311,2e0428c7-31d5-4d43-b03e-33f79fd17261,piece,14,True,,2025-09-07 09:01:53
a4bfa16e-b961-44e0-9a8c-0fbde3abd2e5,Mattel UNO 962,MAT-UN-962,2e0428c7-31d5-4d43-b03e-33f79fd17261,piece,43,True,,2025-08-15 09:01:53
427577d1-1a93-4cd8-ab4a-453ab801fb37,Mattel UNO 491,MAT-UN-491,2e0428c7-31d5-4d43-b03e-33f79fd17261,piece,53,True,,2026-03-02 09:01:53
c5913f56-a295-4daf-b798-90bef6299ea2,Mattel UNO 422,MAT-UN-422,2e0428c7-31d5-4d43-b03e-33f79fd17261,piece,67,True,,2026-03-06 09:01:53
9291d7f9-7ce6-459d-b47c-b8be049d1470,Mattel UNO 320,MAT-UN-320,2e0428c7-31d5-4d43-b03e-33f79fd17261,piece,60,True,,2025-12-29 09:01:53
4bcd9d8d-a1fb-422a-852b-3a8d5ead650b,Mattel UNO 560,MAT-UN-560,2e0428c7-31d5-4d43-b03e-33f79fd17261,piece,80,True,,2026-01-02 09:01:53
dec076f6-4fbd-4b41-9239-ee5cee82d839,Mattel UNO 764,MAT-UN-764,2e0428c7-31d5-4d43-b03e-33f79fd17261,piece,43,True,,2026-01-01 09:01:53
26c31a6f-8480-4d4a-b521-5de6bfa7e784,Mattel UNO 116,MAT-UN-116,2e0428c7-31d5-4d43-b03e-33f79fd17261,piece,34,False,,2025-11-05 09:01:53
cc644a99-cbd7-49fb-8304-63f905e14283,Hot Wheels Pack 598,HOT-WH-598,2e0428c7-31d5-4d43-b03e-33f79fd17261,pack,56,True,,2025-07-19 09:01:53
d8e8d4b2-a341-4405-8c72-a89099aa2ad3,Hot Wheels Pack 480,HOT-WH-480,2e0428c7-31d5-4d43-b03e-33f79fd17261,pack,31,True,,2025-08-14 09:01:53
0e3429e3-880a-4a1f-b092-8538753deffe,Hot Wheels Pack 152,HOT-WH-152,2e0428c7-31d5-4d43-b03e-33f79fd17261,pack,36,False,,2025-04-21 09:01:53
a12028d3-f173-4e5a-a54b-e9dcf36d3176,Hot Wheels Pack 203,HOT-WH-203,2e0428c7-31d5-4d43-b03e-33f79fd17261,pack,42,True,,2025-09-16 09:01:53
b0365549-ec07-4060-aed6-be6f27a4ff64,Hot Wheels Pack 576,HOT-WH-576,2e0428c7-31d5-4d43-b03e-33f79fd17261,pack,54,True,,2025-08-05 09:01:53
c41c363f-573e-4ccb-ac9e-0c099f1b6949,Hot Wheels Pack 179,HOT-WH-179,2e0428c7-31d5-4d43-b03e-33f79fd17261,pack,81,True,,2025-06-25 09:01:53
0820ed5b-5e3a-4eb9-be08-bbb8dffb9531,Hot Wheels Pack 664,HOT-WH-664,2e0428c7-31d5-4d43-b03e-33f79fd17261,pack,66,True,,2025-07-12 09:01:53
c9ddb60f-9f4f-4bac-9329-32c3291d7f9e,Hot Wheels Pack 169,HOT-WH-169,2e0428c7-31d5-4d43-b03e-33f79fd17261,pack,50,True,,2025-10-07 09:01:53
079ec641-0bcf-4ec0-9869-96e501905264,Hot Wheels Pack 618,HOT-WH-618,2e0428c7-31d5-4d43-b03e-33f79fd17261,pack,26,True,,2026-01-22 09:01:53
7e811bf0-b9ad-4e4c-ae9e-bb17439c28e2,Hot Wheels Pack 249,HOT-WH-249,2e0428c7-31d5-4d43-b03e-33f79fd17261,pack,100,True,,2025-10-27 09:01:53
b138fa6f-819c-49d6-8d0f-4757e88af214,Hot Wheels Pack 161,HOT-WH-161,2e0428c7-31d5-4d43-b03e-33f79fd17261,pack,8,True,,2025-04-26 09:01:53
d77ed9ca-7899-42cd-b4bf-9141b077f486,Hot Wheels Pack 633,HOT-WH-633,2e0428c7-31d5-4d43-b03e-33f79fd17261,pack,52,True,,2025-08-20 09:01:53
3beb0083-2a3b-4320-8918-7ab94f7ac508,Hot Wheels Pack 442,HOT-WH-442,2e0428c7-31d5-4d43-b03e-33f79fd17261,pack,83,True,,2025-04-30 09:01:53
c7b78662-6d6b-4b28-af53-9727d626bea0,Hot Wheels Pack 434,HOT-WH-434,2e0428c7-31d5-4d43-b03e-33f79fd17261,pack,41,True,,2025-06-23 09:01:53
34152f2e-3e2a-4757-a989-57d1c5b09a22,Hot Wheels Pack 699,HOT-WH-699,2e0428c7-31d5-4d43-b03e-33f79fd17261,pack,20,True,,2025-07-08 09:01:53
90c7a937-832a-4795-8dbd-e914be8e2398,Hot Wheels Pack 543,HOT-WH-543,2e0428c7-31d5-4d43-b03e-33f79fd17261,pack,70,True,,2025-06-07 09:01:53
517c25e7-ebac-48be-9889-3981b02eacf3,Hot Wheels Pack 846,HOT-WH-846,2e0428c7-31d5-4d43-b03e-33f79fd17261,pack,100,True,,2026-02-08 09:01:53
7c76e8aa-addd-450c-8c27-345c67612b1b,Hot Wheels Pack 257,HOT-WH-257,2e0428c7-31d5-4d43-b03e-33f79fd17261,pack,53,True,,2025-03-14 09:01:53
c7d725d8-491a-4cf1-8156-114c9298b77c,Hot Wheels Pack 550,HOT-WH-550,2e0428c7-31d5-4d43-b03e-33f79fd17261,pack,98,True,,2025-10-29 09:01:53
2dbea808-f175-492f-8bd3-430fa7a7e3ec,Hot Wheels Pack 247,HOT-WH-247,2e0428c7-31d5-4d43-b03e-33f79fd17261,pack,23,True,,2025-12-04 09:01:53
3134ff94-a090-4187-8f10-5ec7d6e25bec,Hot Wheels Pack 195,HOT-WH-195,2e0428c7-31d5-4d43-b03e-33f79fd17261,pack,83,True,,2025-08-25 09:01:53
08bdebc6-27a2-4256-b19b-7fa1a045e03f,Hot Wheels Pack 325,HOT-WH-325,2e0428c7-31d5-4d43-b03e-33f79fd17261,pack,10,True,,2026-03-08 09:01:53
8ff1dbb3-1c9a-4c9c-8963-0bc58a5f03d6,Hot Wheels Pack 236,HOT-WH-236,2e0428c7-31d5-4d43-b03e-33f79fd17261,pack,29,True,,2025-12-05 09:01:53
652fa2cb-d23f-425e-9756-89c62db07be3,Hot Wheels Pack 527,HOT-WH-527,2e0428c7-31d5-4d43-b03e-33f79fd17261,pack,24,True,,2025-05-28 09:01:53
42eae1e7-c918-41de-b651-c40a94731b8f,Hot Wheels Pack 361,HOT-WH-361,2e0428c7-31d5-4d43-b03e-33f79fd17261,pack,31,True,,2026-02-09 09:01:53
9cbd9be2-a145-4523-b2ee-91759ae68d60,Hot Wheels Pack 267,HOT-WH-267,2e0428c7-31d5-4d43-b03e-33f79fd17261,pack,9,True,,2025-07-10 09:01:53
231ed881-d046-4548-991e-c8824b004c6f,Hot Wheels Pack 905,HOT-WH-905,2e0428c7-31d5-4d43-b03e-33f79fd17261,pack,13,True,,2025-12-20 09:01:53
5bd04367-5432-4ac2-81bd-322fb7ed6620,Hot Wheels Pack 788,HOT-WH-788,2e0428c7-31d5-4d43-b03e-33f79fd17261,pack,68,True,,2025-04-06 09:01:53
a4023eda-27ff-40b1-acdf-f87bbbf1a065,Hot Wheels Pack 570,HOT-WH-570,2e0428c7-31d5-4d43-b03e-33f79fd17261,pack,48,True,,2025-09-05 09:01:53
044f2912-d8e0-4c76-ab1b-e37d044899c0,Hot Wheels Pack 971,HOT-WH-971,2e0428c7-31d5-4d43-b03e-33f79fd17261,pack,65,False,,2025-11-02 09:01:53
c6c8132f-87e0-418c-9776-17c59600a6ad,Hot Wheels Pack 690,HOT-WH-690,2e0428c7-31d5-4d43-b03e-33f79fd17261,pack,76,True,,2025-09-26 09:01:53
d97a63fe-5d89-4184-93d6-66a66cab936a,Hot Wheels Pack 746,HOT-WH-746,2e0428c7-31d5-4d43-b03e-33f79fd17261,pack,90,True,,2025-12-25 09:01:53
3a7bed1d-0206-4498-bb68-7c660dd8bef4,Hot Wheels Pack 783,HOT-WH-783,2e0428c7-31d5-4d43-b03e-33f79fd17261,pack,92,True,,2025-05-17 09:01:53
85cb26f4-3c32-46d1-9bae-435548d82415,Hot Wheels Pack 632,HOT-WH-632,2e0428c7-31d5-4d43-b03e-33f79fd17261,pack,92,True,,2025-05-14 09:01:53
bf5b6087-440e-485f-8b9a-80f3bdbaa9c5,Hot Wheels Pack 896,HOT-WH-896,2e0428c7-31d5-4d43-b03e-33f79fd17261,pack,36,True,,2026-03-03 09:01:53
1a64796a-cbe7-4180-a40d-2e599722bafd,Hot Wheels Pack 544,HOT-WH-544,2e0428c7-31d5-4d43-b03e-33f79fd17261,pack,66,True,,2025-06-27 09:01:53
9e062b2d-0b29-4771-b578-9db1da393ae8,Hot Wheels Pack 407,HOT-WH-407,2e0428c7-31d5-4d43-b03e-33f79fd17261,pack,68,False,,2025-08-19 09:01:53
03db8ba9-fbde-4116-8d8a-385f29276101,Hot Wheels Pack 152,HOT-WH-152-85,2e0428c7-31d5-4d43-b03e-33f79fd17261,pack,43,True,,2025-11-03 09:01:53
191dd8c1-c9cf-4d05-a505-f7bd4127be5b,Hot Wheels Pack 209,HOT-WH-209,2e0428c7-31d5-4d43-b03e-33f79fd17261,pack,23,True,,2025-11-22 09:01:53
162aa0a8-8b85-4b36-8219-5d656c953c96,Hot Wheels Pack 354,HOT-WH-354,2e0428c7-31d5-4d43-b03e-33f79fd17261,pack,64,False,,2026-01-23 09:01:53
56075246-5750-4771-af05-c68c9793300c,Hot Wheels Pack 814,HOT-WH-814,2e0428c7-31d5-4d43-b03e-33f79fd17261,pack,74,True,,2025-08-15 09:01:53
73b09a0f-0930-4bf6-a369-87f0985ce2b4,Hot Wheels Pack 860,HOT-WH-860,2e0428c7-31d5-4d43-b03e-33f79fd17261,pack,56,True,,2025-09-26 09:01:53
a2d69a95-4552-4c56-a423-d0932d712181,Hot Wheels Pack 406,HOT-WH-406,2e0428c7-31d5-4d43-b03e-33f79fd17261,pack,15,True,,2025-04-29 09:01:53
3160a7f3-ba64-4b0e-af63-db519be41f4b,Hot Wheels Pack 592,HOT-WH-592,2e0428c7-31d5-4d43-b03e-33f79fd17261,pack,89,True,,2025-10-05 09:01:53
e3dc07fe-8e6d-4359-984b-6f6fabf0bf29,Hot Wheels Pack 158,HOT-WH-158,2e0428c7-31d5-4d43-b03e-33f79fd17261,pack,60,True,,2025-08-05 09:01:53
61496a46-4ae8-42f7-ab45-742fa64dd1e8,Hot Wheels Pack 257,HOT-WH-257-63,2e0428c7-31d5-4d43-b03e-33f79fd17261,pack,65,False,,2025-09-25 09:01:53
4290a5dc-b339-4746-95c6-cb9dd5c084a7,Hot Wheels Pack 479,HOT-WH-479,2e0428c7-31d5-4d43-b03e-33f79fd17261,pack,20,True,,2025-07-08 09:01:53
771ae780-e76c-4cbe-ab98-15e482ecbba5,Hot Wheels Pack 603,HOT-WH-603,2e0428c7-31d5-4d43-b03e-33f79fd17261,pack,55,True,,2025-08-19 09:01:53
99463ede-2dc6-499b-977b-485653fa755e,Hot Wheels Pack 540,HOT-WH-540,2e0428c7-31d5-4d43-b03e-33f79fd17261,pack,35,True,,2025-05-06 09:01:53
a4c5e032-89bb-4d2b-93a7-a7a5661c26da,Hot Wheels Pack 923,HOT-WH-923,2e0428c7-31d5-4d43-b03e-33f79fd17261,pack,26,True,,2025-05-12 09:01:53
da4b693b-ca8e-4710-8f71-f1250970a44d,Barbie Doll 434,BAR-DL-434,2e0428c7-31d5-4d43-b03e-33f79fd17261,piece,80,True,,2026-01-31 09:01:53
6a10cbf5-a160-4212-81df-b42a2ecd9e00,Barbie Doll 203,BAR-DL-203,2e0428c7-31d5-4d43-b03e-33f79fd17261,piece,15,True,,2026-03-10 09:01:53
c72bc013-6a52-42d0-9594-6803a5efb108,Barbie Doll 253,BAR-DL-253,2e0428c7-31d5-4d43-b03e-33f79fd17261,piece,74,True,,2026-01-26 09:01:53
ba35b25c-fd21-446d-a9f6-cc2affb6ed2b,Barbie Doll 912,BAR-DL-912,2e0428c7-31d5-4d43-b03e-33f79fd17261,piece,94,True,,2026-02-16 09:01:53
3ce1dab7-377e-4ac7-a79a-7e4925147223,Barbie Doll 102,BAR-DL-102,2e0428c7-31d5-4d43-b03e-33f79fd17261,piece,65,True,,2026-01-05 09:01:53
6a31e0b9-7ef0-4d41-9072-ca5efb1d33ec,Barbie Doll 398,BAR-DL-398,2e0428c7-31d5-4d43-b03e-33f79fd17261,piece,51,True,,2025-03-21 09:01:53
2c60fcb0-94c2-4144-9445-f2a1a9cb3544,Barbie Doll 465,BAR-DL-465,2e0428c7-31d5-4d43-b03e-33f79fd17261,piece,90,True,,2026-02-22 09:01:53
fc0d1899-9ec5-45bf-9b87-aa77c727783c,Barbie Doll 269,BAR-DL-269,2e0428c7-31d5-4d43-b03e-33f79fd17261,piece,44,True,,2026-02-23 09:01:53
31270bac-cd0a-439f-841b-b0f753cf770e,Barbie Doll 696,BAR-DL-696,2e0428c7-31d5-4d43-b03e-33f79fd17261,piece,15,False,,2025-05-04 09:01:53
f9f8d102-f2b0-4ad6-ac4a-3bdc71767cc8,Barbie Doll 100,BAR-DL-100,2e0428c7-31d5-4d43-b03e-33f79fd17261,piece,29,True,,2025-08-26 09:01:53
37960680-c328-40ce-910d-75f50f0dee30,Barbie Doll 943,BAR-DL-943,2e0428c7-31d5-4d43-b03e-33f79fd17261,piece,67,True,,2025-05-15 09:01:53
6954da52-2782-4131-9693-496baff66f75,Barbie Doll 398,BAR-DL-398-88,2e0428c7-31d5-4d43-b03e-33f79fd17261,piece,72,True,,2025-05-05 09:01:53
eb7c0215-e39f-41e7-b80e-3ce149dcd172,Barbie Doll 391,BAR-DL-391,2e0428c7-31d5-4d43-b03e-33f79fd17261,piece,22,True,,2025-05-08 09:01:53
9daaf0ec-4bab-4bfd-a9b9-44a496fe2dfd,Barbie Doll 972,BAR-DL-972,2e0428c7-31d5-4d43-b03e-33f79fd17261,piece,38,True,,2025-03-21 09:01:53
5461f879-8590-4865-9a5a-07193fa9d706,Barbie Doll 627,BAR-DL-627,2e0428c7-31d5-4d43-b03e-33f79fd17261,piece,17,True,,2025-11-20 09:01:53
794f1d35-544a-4eb9-8f3d-c702f683369a,Barbie Doll 805,BAR-DL-805,2e0428c7-31d5-4d43-b03e-33f79fd17261,piece,41,True,,2025-09-22 09:01:53
f83761fd-7f7d-4d7a-9299-3743d7449c30,Barbie Doll 780,BAR-DL-780,2e0428c7-31d5-4d43-b03e-33f79fd17261,piece,25,True,,2025-07-26 09:01:53
e998ad46-4e7a-422f-a419-180308f3bd41,Barbie Doll 467,BAR-DL-467,2e0428c7-31d5-4d43-b03e-33f79fd17261,piece,70,True,,2025-04-14 09:01:53
1adabac8-e706-4bd8-ae74-d7a4bec1d4dd,Barbie Doll 822,BAR-DL-822,2e0428c7-31d5-4d43-b03e-33f79fd17261,piece,56,True,,2025-11-14 09:01:53
307be7fe-6cd4-4f49-95c8-016ca340c364,Barbie Doll 913,BAR-DL-913,2e0428c7-31d5-4d43-b03e-33f79fd17261,piece,44,True,,2025-11-27 09:01:53
2f42b4f5-55d8-4f39-a081-dfa36d07bee3,Barbie Doll 346,BAR-DL-346,2e0428c7-31d5-4d43-b03e-33f79fd17261,piece,64,True,,2025-12-25 09:01:53
a3b0d707-2e4d-496c-abe7-275aaef998ce,Barbie Doll 137,BAR-DL-137,2e0428c7-31d5-4d43-b03e-33f79fd17261,piece,15,True,,2026-01-13 09:01:53
10b48caf-fb77-4fcc-9f2a-d0e2a8f84362,Barbie Doll 251,BAR-DL-251,2e0428c7-31d5-4d43-b03e-33f79fd17261,piece,18,False,,2026-01-09 09:01:53
fabe77fa-fb0c-40f8-936e-c9609433255e,Barbie Doll 252,BAR-DL-252,2e0428c7-31d5-4d43-b03e-33f79fd17261,piece,97,True,,2025-09-25 09:01:53
12e88483-1db8-4c3f-a074-f815783df7b9,Barbie Doll 804,BAR-DL-804,2e0428c7-31d5-4d43-b03e-33f79fd17261,piece,45,True,,2025-07-11 09:01:53
70f00ffc-6de1-4293-9514-bc32be7f2121,Barbie Doll 545,BAR-DL-545,2e0428c7-31d5-4d43-b03e-33f79fd17261,piece,57,True,,2025-04-19 09:01:53
ffebd4e6-6d93-4af6-8355-56e1befe29bb,Barbie Doll 784,BAR-DL-784,2e0428c7-31d5-4d43-b03e-33f79fd17261,piece,90,True,,2025-05-18 09:01:53
f339ac1c-2c6a-4cd3-93fb-8158759415d1,Barbie Doll 409,BAR-DL-409,2e0428c7-31d5-4d43-b03e-33f79fd17261,piece,95,True,,2025-07-15 09:01:53
3b8b1ce6-1ccd-4cb0-aebb-678e745d1354,Barbie Doll 771,BAR-DL-771,2e0428c7-31d5-4d43-b03e-33f79fd17261,piece,9,True,,2025-08-26 09:01:53
2994d472-89c4-44b2-90fd-7789b3273e9e,Barbie Doll 296,BAR-DL-296,2e0428c7-31d5-4d43-b03e-33f79fd17261,piece,49,True,,2026-02-26 09:01:53
57536b5b-745f-46ad-991e-dc3f92aa442d,Barbie Doll 961,BAR-DL-961,2e0428c7-31d5-4d43-b03e-33f79fd17261,piece,37,True,,2025-07-03 09:01:53
2aaed5e7-b011-4e63-baa4-8c0ddac9038c,Barbie Doll 574,BAR-DL-574,2e0428c7-31d5-4d43-b03e-33f79fd17261,piece,89,False,,2025-03-16 09:01:53
7d2bac84-86ef-4cd0-9d50-0a6cf0a18368,Barbie Doll 983,BAR-DL-983,2e0428c7-31d5-4d43-b03e-33f79fd17261,piece,46,True,,2025-09-28 09:01:53
239a5c5a-23a0-45e1-894f-00df1d77527d,Barbie Doll 863,BAR-DL-863,2e0428c7-31d5-4d43-b03e-33f79fd17261,piece,95,True,,2025-10-04 09:01:53
ec45cbdd-b17b-46b4-8e9f-14119f3b17a6,Barbie Doll 869,BAR-DL-869,2e0428c7-31d5-4d43-b03e-33f79fd17261,piece,77,True,,2025-12-10 09:01:53
6fa72ff3-02df-4220-8c8f-517157dd1e07,Barbie Doll 107,BAR-DL-107,2e0428c7-31d5-4d43-b03e-33f79fd17261,piece,26,False,,2025-08-14 09:01:53
6fba6f99-d3a9-4790-b3ce-657b5bb2c337,Barbie Doll 195,BAR-DL-195,2e0428c7-31d5-4d43-b03e-33f79fd17261,piece,67,True,,2025-09-24 09:01:53
a0a9bc24-0597-44c6-9817-df459ea3815d,Barbie Doll 251,BAR-DL-251-15,2e0428c7-31d5-4d43-b03e-33f79fd17261,piece,22,True,,2025-05-09 09:01:53
b692b660-09c9-4df4-8d00-57b099491ae8,Barbie Doll 607,BAR-DL-607,2e0428c7-31d5-4d43-b03e-33f79fd17261,piece,40,False,,2025-12-12 09:01:53
4f490869-bae5-4e1d-beb4-1c3a573cc140,Barbie Doll 527,BAR-DL-527,2e0428c7-31d5-4d43-b03e-33f79fd17261,piece,9,True,,2025-04-25 09:01:53
90161e29-8819-4faf-9e9f-9e903488a01a,Barbie Doll 469,BAR-DL-469,2e0428c7-31d5-4d43-b03e-33f79fd17261,piece,96,True,,2025-05-04 09:01:53
85e53fb0-5c61-4fbb-b76f-1504af46a69d,Barbie Doll 481,BAR-DL-481,2e0428c7-31d5-4d43-b03e-33f79fd17261,piece,48,True,,2025-07-10 09:01:53
ad039d45-d317-47de-a39c-c128f7366123,Barbie Doll 890,BAR-DL-890,2e0428c7-31d5-4d43-b03e-33f79fd17261,piece,69,True,,2025-12-29 09:01:53
0fb43434-9220-4a08-946e-059f69d6a30c,Barbie Doll 440,BAR-DL-440,2e0428c7-31d5-4d43-b03e-33f79fd17261,piece,92,True,,2025-06-29 09:01:53
82e41b29-1317-403f-bf6f-26ed94fe5070,Barbie Doll 380,BAR-DL-380,2e0428c7-31d5-4d43-b03e-33f79fd17261,piece,72,True,,2025-06-17 09:01:53
11bf80f2-6f0e-478f-9b61-4da746fd35fc,Barbie Doll 704,BAR-DL-704,2e0428c7-31d5-4d43-b03e-33f79fd17261,piece,83,False,,2025-12-04 09:01:53
276d9793-b75d-4a09-acf5-acb22b396e3a,Barbie Doll 545,BAR-DL-545-15,2e0428c7-31d5-4d43-b03e-33f79fd17261,piece,63,False,,2025-05-16 09:01:53
30dc93ce-354c-4edc-b493-ab81503949d0,Barbie Doll 660,BAR-DL-660,2e0428c7-31d5-4d43-b03e-33f79fd17261,piece,42,True,,2025-07-24 09:01:53
107671ad-da42-46dd-91fe-fb8d7d700b72,Barbie Doll 145,BAR-DL-145,2e0428c7-31d5-4d43-b03e-33f79fd17261,piece,41,True,,2025-08-18 09:01:53
6e9f203b-33a8-4129-9bdd-ec136d059783,Barbie Doll 703,BAR-DL-703,2e0428c7-31d5-4d43-b03e-33f79fd17261,piece,85,False,,2026-02-10 09:01:53
cd886667-5a09-4a73-b517-d1e0b4b70b8b,Fisher Price 585,FSH-PR-585,2e0428c7-31d5-4d43-b03e-33f79fd17261,piece,58,False,,2025-05-07 09:01:53
08722d93-cfae-4fbc-a17c-2f4348f2dbf9,Fisher Price 685,FSH-PR-685,2e0428c7-31d5-4d43-b03e-33f79fd17261,piece,34,False,,2025-05-16 09:01:53
c1467289-1310-4963-ab49-07e65ec48da3,Fisher Price 328,FSH-PR-328,2e0428c7-31d5-4d43-b03e-33f79fd17261,piece,62,True,,2025-04-15 09:01:53
08a81a88-18a8-4b74-8133-caaf3757242d,Fisher Price 972,FSH-PR-972,2e0428c7-31d5-4d43-b03e-33f79fd17261,piece,9,True,,2025-04-06 09:01:53
a89e50c2-447e-4e96-be14-609c13746d53,Fisher Price 693,FSH-PR-693,2e0428c7-31d5-4d43-b03e-33f79fd17261,piece,37,True,,2026-03-12 09:01:53
0791b6d2-f9e9-4369-82b9-ff6b4382c5d4,Fisher Price 643,FSH-PR-643,2e0428c7-31d5-4d43-b03e-33f79fd17261,piece,34,True,,2025-07-27 09:01:53
c269264e-0db8-46db-a590-f0bc16113d65,Fisher Price 344,FSH-PR-344,2e0428c7-31d5-4d43-b03e-33f79fd17261,piece,55,True,,2026-02-18 09:01:53
59c5cd05-97a0-42c8-9285-5b0ade5eb35b,Fisher Price 177,FSH-PR-177,2e0428c7-31d5-4d43-b03e-33f79fd17261,piece,40,True,,2025-06-08 09:01:53
79218dae-4176-4272-8d9b-6b660c8cd498,Fisher Price 526,FSH-PR-526,2e0428c7-31d5-4d43-b03e-33f79fd17261,piece,7,True,,2025-04-21 09:01:53
6436c3c4-cb05-4d56-acc2-1b46c2f02671,Fisher Price 906,FSH-PR-906,2e0428c7-31d5-4d43-b03e-33f79fd17261,piece,44,True,,2025-04-09 09:01:53
04828078-eced-463e-896a-d23bb3b7b0b0,Fisher Price 152,FSH-PR-152,2e0428c7-31d5-4d43-b03e-33f79fd17261,piece,68,False,,2025-11-25 09:01:53
6ed559ff-3884-4e6a-8512-158eab1243b4,Fisher Price 646,FSH-PR-646,2e0428c7-31d5-4d43-b03e-33f79fd17261,piece,89,True,,2026-01-14 09:01:53
f3dedaa2-f856-4cc5-a081-303b068d5243,Fisher Price 975,FSH-PR-975,2e0428c7-31d5-4d43-b03e-33f79fd17261,piece,35,False,,2025-08-27 09:01:53
3f16fe4e-dac6-47f7-879b-580c5f5eec0e,Fisher Price 674,FSH-PR-674,2e0428c7-31d5-4d43-b03e-33f79fd17261,piece,97,True,,2025-06-08 09:01:53
38ada7a8-5c57-4bdf-8598-738249d30c78,Fisher Price 771,FSH-PR-771,2e0428c7-31d5-4d43-b03e-33f79fd17261,piece,30,True,,2025-08-07 09:01:53
d20ae50f-2c43-4cfb-99fb-331539681b7d,Fisher Price 181,FSH-PR-181,2e0428c7-31d5-4d43-b03e-33f79fd17261,piece,47,True,,2025-07-12 09:01:53
d0235b7b-1b18-44fd-b0ae-371e731bbefc,Fisher Price 121,FSH-PR-121,2e0428c7-31d5-4d43-b03e-33f79fd17261,piece,17,True,,2025-11-02 09:01:53
04331a05-0922-49e1-a837-c34831228423,Fisher Price 273,FSH-PR-273,2e0428c7-31d5-4d43-b03e-33f79fd17261,piece,89,True,,2025-11-03 09:01:53
3a388ca0-b759-42cb-a7ed-64f120123a89,Fisher Price 525,FSH-PR-525,2e0428c7-31d5-4d43-b03e-33f79fd17261,piece,25,False,,2025-11-30 09:01:53
c6ed7ad9-b8d9-4370-bb2d-9ca1465f2499,Fisher Price 846,FSH-PR-846,2e0428c7-31d5-4d43-b03e-33f79fd17261,piece,25,True,,2025-10-18 09:01:53
a7c3422e-68e5-41f9-acb4-2d68b3e3c999,Fisher Price 416,FSH-PR-416,2e0428c7-31d5-4d43-b03e-33f79fd17261,piece,74,True,,2025-04-21 09:01:53
18d4f0ac-eaa3-41c8-8e55-992dca45f636,Fisher Price 170,FSH-PR-170,2e0428c7-31d5-4d43-b03e-33f79fd17261,piece,14,False,,2026-01-11 09:01:53
cce92b6a-e902-40e0-b248-cfd17e85f504,Fisher Price 973,FSH-PR-973,2e0428c7-31d5-4d43-b03e-33f79fd17261,piece,5,False,,2026-02-09 09:01:53
efa7082d-7c7c-474a-97cb-389de7a67dc8,Fisher Price 897,FSH-PR-897,2e0428c7-31d5-4d43-b03e-33f79fd17261,piece,39,False,,2026-01-15 09:01:53
6332a397-6f08-4284-8329-46dde397d9fe,Fisher Price 883,FSH-PR-883,2e0428c7-31d5-4d43-b03e-33f79fd17261,piece,62,True,,2025-07-01 09:01:53
e1b081e7-b33f-434e-8a4e-a2165af8c60e,Fisher Price 884,FSH-PR-884,2e0428c7-31d5-4d43-b03e-33f79fd17261,piece,73,True,,2026-01-11 09:01:53
d3a05ffd-1dcc-4aa7-978a-d0c10f468061,Fisher Price 592,FSH-PR-592,2e0428c7-31d5-4d43-b03e-33f79fd17261,piece,90,True,,2026-01-31 09:01:53
35d077ec-ee03-4829-ad85-a60a7e49221f,Fisher Price 464,FSH-PR-464,2e0428c7-31d5-4d43-b03e-33f79fd17261,piece,16,True,,2025-08-28 09:01:53
2b82b818-2f87-4517-928d-f30a9ef8ba3c,Fisher Price 925,FSH-PR-925,2e0428c7-31d5-4d43-b03e-33f79fd17261,piece,29,True,,2025-11-06 09:01:53
8b5aff9f-465e-45ef-bdd9-45518ff2c6d3,Fisher Price 842,FSH-PR-842,2e0428c7-31d5-4d43-b03e-33f79fd17261,piece,7,False,,2025-05-01 09:01:53
dcaabd6b-25c8-4fc6-9cbe-1d2dcdb9536b,Fisher Price 923,FSH-PR-923,2e0428c7-31d5-4d43-b03e-33f79fd17261,piece,16,False,,2025-12-21 09:01:53
b6cad0f6-54d2-44d4-89f0-a1e5446887d0,Fisher Price 249,FSH-PR-249,2e0428c7-31d5-4d43-b03e-33f79fd17261,piece,48,True,,2025-03-26 09:01:53
daf731e3-2f86-4679-a741-07ffdba3aade,Fisher Price 647,FSH-PR-647,2e0428c7-31d5-4d43-b03e-33f79fd17261,piece,29,True,,2025-04-25 09:01:53
a18ab8ca-8078-4ce1-a353-21fe5d987526,Fisher Price 459,FSH-PR-459,2e0428c7-31d5-4d43-b03e-33f79fd17261,piece,8,True,,2025-08-27 09:01:53
46e536d1-3876-463a-81af-70d8471f408c,Fisher Price 911,FSH-PR-911,2e0428c7-31d5-4d43-b03e-33f79fd17261,piece,60,True,,2025-06-25 09:01:53
ae707bf1-1fd2-44b5-ab2d-4a1a4ebd6601,Fisher Price 894,FSH-PR-894,2e0428c7-31d5-4d43-b03e-33f79fd17261,piece,56,True,,2025-12-07 09:01:53
88fcac6f-f863-4290-99b9-48e4c0ec190d,Fisher Price 735,FSH-PR-735,2e0428c7-31d5-4d43-b03e-33f79fd17261,piece,86,True,,2025-05-18 09:01:53
373707e5-742a-459f-a953-3fbcd3a2f3a2,Fisher Price 865,FSH-PR-865,2e0428c7-31d5-4d43-b03e-33f79fd17261,piece,94,True,,2025-11-18 09:01:53
17f72865-3d30-495c-9f93-04921e0d41ef,Fisher Price 954,FSH-PR-954,2e0428c7-31d5-4d43-b03e-33f79fd17261,piece,89,False,,2025-07-04 09:01:53
f9861ea4-5176-492c-8de5-694d3f8fec05,Fisher Price 670,FSH-PR-670,2e0428c7-31d5-4d43-b03e-33f79fd17261,piece,63,True,,2025-04-20 09:01:53
b9df0960-54bb-47d4-a05d-19ea07d4bd36,Fisher Price 477,FSH-PR-477,2e0428c7-31d5-4d43-b03e-33f79fd17261,piece,30,True,,2026-02-24 09:01:53
5ed22ea5-42c7-4759-8172-2cbad511d33d,Fisher Price 563,FSH-PR-563,2e0428c7-31d5-4d43-b03e-33f79fd17261,piece,29,True,,2025-09-14 09:01:53
c4ba725c-a8df-402e-b70a-725129a67a2c,Fisher Price 117,FSH-PR-117,2e0428c7-31d5-4d43-b03e-33f79fd17261,piece,90,False,,2025-04-16 09:01:53
25cb8f2b-1863-45be-87d7-8eda71f119dc,Fisher Price 446,FSH-PR-446,2e0428c7-31d5-4d43-b03e-33f79fd17261,piece,58,True,,2026-03-11 09:01:53
0cff1075-973a-4910-b845-85352feeb2dc,Fisher Price 422,FSH-PR-422,2e0428c7-31d5-4d43-b03e-33f79fd17261,piece,64,True,,2026-01-24 09:01:53
d0517581-cf9f-43c9-8341-f8bb5e132d9c,Fisher Price 708,FSH-PR-708,2e0428c7-31d5-4d43-b03e-33f79fd17261,piece,71,True,,2026-01-14 09:01:53
f481eb1f-f464-4f4f-b117-b2cfc936c875,Fisher Price 707,FSH-PR-707,2e0428c7-31d5-4d43-b03e-33f79fd17261,piece,22,True,,2025-06-04 09:01:53
584dd923-49a7-46a2-b301-bb4739d1125b,Fisher Price 664,FSH-PR-664,2e0428c7-31d5-4d43-b03e-33f79fd17261,piece,97,True,,2026-01-12 09:01:53
5ef55a4a-c790-4f14-ace1-710b9b18d6ff,Fisher Price 739,FSH-PR-739,2e0428c7-31d5-4d43-b03e-33f79fd17261,piece,9,True,,2025-04-22 09:01:53
cbf9d55e-75d1-438f-967f-c202e031465a,Fisher Price 424,FSH-PR-424,2e0428c7-31d5-4d43-b03e-33f79fd17261,piece,36,True,,2025-08-09 09:01:53
13114385-d5d2-41a9-802f-cdcec5116392,Funskool Puzzle 400pc,FUN-PZ-400,2e0428c7-31d5-4d43-b03e-33f79fd17261,piece,9,True,,2026-02-14 09:01:53
2f02a974-c668-43c4-8858-f9de7e1a50e0,Funskool Puzzle 407pc,FUN-PZ-407,2e0428c7-31d5-4d43-b03e-33f79fd17261,piece,90,False,,2026-01-03 09:01:53
07d2d7c1-17ae-4523-a642-d42cfedfea02,Funskool Puzzle 812pc,FUN-PZ-812,2e0428c7-31d5-4d43-b03e-33f79fd17261,piece,38,True,,2025-12-26 09:01:53
8fdc6225-0585-4667-9368-2d959ebc3dce,Funskool Puzzle 387pc,FUN-PZ-387,2e0428c7-31d5-4d43-b03e-33f79fd17261,piece,48,True,,2026-02-04 09:01:53
f89af5cd-eb40-4351-aad1-930a1f6738bb,Funskool Puzzle 643pc,FUN-PZ-643,2e0428c7-31d5-4d43-b03e-33f79fd17261,piece,51,True,,2025-10-08 09:01:53
1ec900e0-31ef-4b18-871a-6a58570901bc,Funskool Puzzle 856pc,FUN-PZ-856,2e0428c7-31d5-4d43-b03e-33f79fd17261,piece,43,True,,2026-03-01 09:01:53
84403d27-7771-4373-b23c-ab5361ddc90b,Funskool Puzzle 391pc,FUN-PZ-391,2e0428c7-31d5-4d43-b03e-33f79fd17261,piece,46,True,,2026-01-26 09:01:53
5f181d3b-fcef-4d57-b089-2eea1f725fb8,Funskool Puzzle 990pc,FUN-PZ-990,2e0428c7-31d5-4d43-b03e-33f79fd17261,piece,22,False,,2025-05-10 09:01:53
f14c529f-cf0b-46df-8912-d07243a4489a,Funskool Puzzle 713pc,FUN-PZ-713,2e0428c7-31d5-4d43-b03e-33f79fd17261,piece,17,True,,2026-01-25 09:01:53
5d2426d3-89fa-4b5e-aff7-2cbfe04fd4c0,Funskool Puzzle 370pc,FUN-PZ-370,2e0428c7-31d5-4d43-b03e-33f79fd17261,piece,47,True,,2026-01-10 09:01:53
b5483d0c-51b8-484a-a28a-a85bbb7dda4a,Funskool Puzzle 287pc,FUN-PZ-287,2e0428c7-31d5-4d43-b03e-33f79fd17261,piece,78,True,,2026-02-02 09:01:53
7d368e91-341b-4125-9a89-7470332bfbe5,Funskool Puzzle 337pc,FUN-PZ-337,2e0428c7-31d5-4d43-b03e-33f79fd17261,piece,11,True,,2025-06-06 09:01:53
f68618be-671a-4c31-9e1d-3762396cff4b,Funskool Puzzle 872pc,FUN-PZ-872,2e0428c7-31d5-4d43-b03e-33f79fd17261,piece,74,False,,2026-02-02 09:01:53
5c30ab32-0e9e-48fa-a347-9395fdf341d7,Funskool Puzzle 931pc,FUN-PZ-931,2e0428c7-31d5-4d43-b03e-33f79fd17261,piece,96,True,,2025-05-23 09:01:53
c559e1fd-6738-48f9-923d-b7b78be8a807,Funskool Puzzle 991pc,FUN-PZ-991,2e0428c7-31d5-4d43-b03e-33f79fd17261,piece,93,True,,2025-06-05 09:01:53
706358ac-bec8-4ab4-a803-0fd50ff30b26,Funskool Puzzle 773pc,FUN-PZ-773,2e0428c7-31d5-4d43-b03e-33f79fd17261,piece,43,True,,2025-08-20 09:01:53
d35538ac-633d-4350-bd8c-cca41402dfdb,Funskool Puzzle 870pc,FUN-PZ-870,2e0428c7-31d5-4d43-b03e-33f79fd17261,piece,10,True,,2025-08-11 09:01:53
341f8b88-7cf1-4603-88bc-e75e28a3de06,Funskool Puzzle 195pc,FUN-PZ-195,2e0428c7-31d5-4d43-b03e-33f79fd17261,piece,89,True,,2026-02-16 09:01:53
6743b361-7c5d-4c88-b8ed-f4f1b51846c2,Funskool Puzzle 240pc,FUN-PZ-240,2e0428c7-31d5-4d43-b03e-33f79fd17261,piece,13,True,,2025-05-17 09:01:53
d6bab071-db47-47a6-bd94-a32629af6ef0,Funskool Puzzle 104pc,FUN-PZ-104,2e0428c7-31d5-4d43-b03e-33f79fd17261,piece,18,True,,2026-02-21 09:01:53
464ecae2-a5c0-4e82-af94-e32248d14fe7,Funskool Puzzle 580pc,FUN-PZ-580,2e0428c7-31d5-4d43-b03e-33f79fd17261,piece,51,True,,2026-01-19 09:01:53
1bdff6a7-27ce-4f72-b670-f858250febea,Funskool Puzzle 370pc,FUN-PZ-370-30,2e0428c7-31d5-4d43-b03e-33f79fd17261,piece,80,False,,2025-11-08 09:01:53
ecd434cd-8712-475a-8780-993f538a2ba7,Funskool Puzzle 183pc,FUN-PZ-183,2e0428c7-31d5-4d43-b03e-33f79fd17261,piece,47,True,,2025-04-16 09:01:53
d001242b-9833-4121-9dcf-71388dc0daf1,Funskool Puzzle 682pc,FUN-PZ-682,2e0428c7-31d5-4d43-b03e-33f79fd17261,piece,94,True,,2025-04-26 09:01:53
d9729537-4d4d-4359-9fe1-1485eb5fef71,Funskool Puzzle 931pc,FUN-PZ-931-12,2e0428c7-31d5-4d43-b03e-33f79fd17261,piece,65,True,,2025-03-17 09:01:53
6d54cd46-b110-4a33-8b2e-e77664b0108e,Funskool Puzzle 229pc,FUN-PZ-229,2e0428c7-31d5-4d43-b03e-33f79fd17261,piece,26,True,,2025-03-30 09:01:53
2b307326-d0be-4e21-8e09-b423e094bfee,Funskool Puzzle 621pc,FUN-PZ-621,2e0428c7-31d5-4d43-b03e-33f79fd17261,piece,35,False,,2026-03-12 09:01:53
670e7ce2-fb16-4d5f-b06e-f695cf483f71,Funskool Puzzle 797pc,FUN-PZ-797,2e0428c7-31d5-4d43-b03e-33f79fd17261,piece,71,True,,2025-05-23 09:01:53
f9c79cf8-b542-41a7-9ee4-4c4fe13b5f65,Funskool Puzzle 913pc,FUN-PZ-913,2e0428c7-31d5-4d43-b03e-33f79fd17261,piece,98,True,,2025-12-08 09:01:53
32521fbb-6ea6-446a-9a8d-47c92739b95c,Funskool Puzzle 604pc,FUN-PZ-604,2e0428c7-31d5-4d43-b03e-33f79fd17261,piece,75,True,,2025-08-06 09:01:53
9558cf10-5812-41e7-a1a6-0c41c441464f,Funskool Puzzle 316pc,FUN-PZ-316,2e0428c7-31d5-4d43-b03e-33f79fd17261,piece,83,True,,2025-12-06 09:01:53
34b482b1-0cdf-4d39-9aa7-f12a1709b1ec,Funskool Puzzle 944pc,FUN-PZ-944,2e0428c7-31d5-4d43-b03e-33f79fd17261,piece,72,True,,2026-01-04 09:01:53
0a5606ef-fd9a-40eb-959d-b86d40b5b290,Funskool Puzzle 514pc,FUN-PZ-514,2e0428c7-31d5-4d43-b03e-33f79fd17261,piece,80,True,,2025-05-22 09:01:53
cf2f019e-a8dc-4164-a71d-0177cd4fded9,Funskool Puzzle 394pc,FUN-PZ-394,2e0428c7-31d5-4d43-b03e-33f79fd17261,piece,39,True,,2026-01-10 09:01:53
ce3e5748-5b91-402d-a0ee-3f6f8894001f,Funskool Puzzle 823pc,FUN-PZ-823,2e0428c7-31d5-4d43-b03e-33f79fd17261,piece,58,True,,2025-05-09 09:01:53
b12d8465-11d2-4ec8-b194-0999d3afa097,Funskool Puzzle 609pc,FUN-PZ-609,2e0428c7-31d5-4d43-b03e-33f79fd17261,piece,5,False,,2025-08-19 09:01:53
dba1dd70-7eca-4f97-b3b3-b0388d5f2125,Funskool Puzzle 704pc,FUN-PZ-704,2e0428c7-31d5-4d43-b03e-33f79fd17261,piece,29,True,,2025-03-26 09:01:53
e1652a50-868a-4f96-8397-fdf711bc2f84,Funskool Puzzle 231pc,FUN-PZ-231,2e0428c7-31d5-4d43-b03e-33f79fd17261,piece,78,True,,2025-04-20 09:01:53
e34fc809-765d-4e46-9628-e1235f559b35,Funskool Puzzle 694pc,FUN-PZ-694,2e0428c7-31d5-4d43-b03e-33f79fd17261,piece,20,False,,2025-11-07 09:01:53
b9d87053-f14f-4621-b818-3dc6204a8a53,Funskool Puzzle 235pc,FUN-PZ-235,2e0428c7-31d5-4d43-b03e-33f79fd17261,piece,96,True,,2025-11-07 09:01:53
b274faa9-c5a4-4dc3-a928-8cdbcbe6cec3,Funskool Puzzle 862pc,FUN-PZ-862,2e0428c7-31d5-4d43-b03e-33f79fd17261,piece,10,True,,2025-03-29 09:01:53
e0c53b01-ce98-494d-8bc5-246707dec66b,Funskool Puzzle 504pc,FUN-PZ-504,2e0428c7-31d5-4d43-b03e-33f79fd17261,piece,22,False,,2025-10-24 09:01:53
d15f1fcc-3fed-46cc-8353-dd64e4e60b41,Funskool Puzzle 215pc,FUN-PZ-215,2e0428c7-31d5-4d43-b03e-33f79fd17261,piece,78,True,,2025-11-27 09:01:53
d780a201-80cf-413f-8f35-7a551028f5f8,Funskool Puzzle 834pc,FUN-PZ-834,2e0428c7-31d5-4d43-b03e-33f79fd17261,piece,19,True,,2026-03-07 09:01:53
d9c1bc1c-7967-4800-a456-53ee882b2c19,Funskool Puzzle 523pc,FUN-PZ-523,2e0428c7-31d5-4d43-b03e-33f79fd17261,piece,18,True,,2025-07-29 09:01:53
7208e00c-d875-4538-b8d3-b8ea13797fbc,Funskool Puzzle 247pc,FUN-PZ-247,2e0428c7-31d5-4d43-b03e-33f79fd17261,piece,23,True,,2026-01-10 09:01:53
0cb0d5a1-a9a1-4348-ad0b-cd087b62f843,Funskool Puzzle 989pc,FUN-PZ-989,2e0428c7-31d5-4d43-b03e-33f79fd17261,piece,52,True,,2025-08-16 09:01:53
4a521616-bfa7-4987-9584-76d422daf3a1,Funskool Puzzle 487pc,FUN-PZ-487,2e0428c7-31d5-4d43-b03e-33f79fd17261,piece,89,True,,2025-10-25 09:01:53
e51af1a6-f4d0-4c49-add5-450036ccffd1,Funskool Puzzle 554pc,FUN-PZ-554,2e0428c7-31d5-4d43-b03e-33f79fd17261,piece,89,True,,2025-04-23 09:01:53
3ea77d3f-49fe-4154-a9e2-3ed2cb92b2a4,Funskool Puzzle 249pc,FUN-PZ-249,2e0428c7-31d5-4d43-b03e-33f79fd17261,piece,31,True,,2025-12-08 09:01:53
b4bf3ac0-fe76-48fa-a73e-2c574fe1cc12,Milton Car 990,MLT-CR-990,2e0428c7-31d5-4d43-b03e-33f79fd17261,piece,90,True,,2025-04-09 09:01:53
272a8fb2-642f-42e3-b89c-62d6d524402a,Milton Car 348,MLT-CR-348,2e0428c7-31d5-4d43-b03e-33f79fd17261,piece,67,True,,2025-10-25 09:01:53
a1ee298b-d457-4570-831d-73edb974a298,Milton Car 547,MLT-CR-547,2e0428c7-31d5-4d43-b03e-33f79fd17261,piece,11,True,,2025-08-05 09:01:53
655e7be4-a291-46c7-a2f9-bb767de7dc64,Milton Car 574,MLT-CR-574,2e0428c7-31d5-4d43-b03e-33f79fd17261,piece,25,True,,2026-02-12 09:01:53
7037acb3-e0a5-4dba-975b-aa0d24c515f2,Milton Car 866,MLT-CR-866,2e0428c7-31d5-4d43-b03e-33f79fd17261,piece,63,True,,2025-11-30 09:01:53
ebfdfef1-625e-4907-90ff-683c63d0d9f3,Milton Car 523,MLT-CR-523,2e0428c7-31d5-4d43-b03e-33f79fd17261,piece,19,True,,2026-01-01 09:01:53
336025d2-0ed0-4275-8dc0-57add8c8514a,Milton Car 390,MLT-CR-390,2e0428c7-31d5-4d43-b03e-33f79fd17261,piece,40,True,,2026-03-07 09:01:53
f26856a1-fce9-4dcd-84a0-82f0fbeb49b4,Milton Car 584,MLT-CR-584,2e0428c7-31d5-4d43-b03e-33f79fd17261,piece,72,True,,2025-07-25 09:01:53
a20dce65-9abc-4d45-859a-28a3060c89ca,Milton Car 456,MLT-CR-456,2e0428c7-31d5-4d43-b03e-33f79fd17261,piece,43,True,,2025-07-27 09:01:53
5a13ecc8-e77d-45bc-814c-32404c7ee3eb,Milton Car 305,MLT-CR-305,2e0428c7-31d5-4d43-b03e-33f79fd17261,piece,93,True,,2025-07-13 09:01:53
d5922cf1-5a14-4952-8b4b-641a2de4fc2d,Milton Car 499,MLT-CR-499,2e0428c7-31d5-4d43-b03e-33f79fd17261,piece,39,True,,2025-11-22 09:01:53
aee9c536-59cc-4e0c-91b1-24cb250760c4,Milton Car 548,MLT-CR-548,2e0428c7-31d5-4d43-b03e-33f79fd17261,piece,22,True,,2025-11-14 09:01:53
98f90eef-e847-4773-af9d-1907a23dcfd4,Milton Car 760,MLT-CR-760,2e0428c7-31d5-4d43-b03e-33f79fd17261,piece,67,True,,2025-06-05 09:01:53
5af20e96-5133-46a0-930b-994fc3b7bbe5,Milton Car 621,MLT-CR-621,2e0428c7-31d5-4d43-b03e-33f79fd17261,piece,87,False,,2026-01-17 09:01:53
457f5f8c-8c12-4847-897d-63a7883c7cd7,Milton Car 374,MLT-CR-374,2e0428c7-31d5-4d43-b03e-33f79fd17261,piece,97,True,,2025-11-04 09:01:53
63477aa4-d0d0-46b2-b0c2-4d2ddfe4097d,Milton Car 806,MLT-CR-806,2e0428c7-31d5-4d43-b03e-33f79fd17261,piece,17,True,,2025-04-11 09:01:53
4dd267dd-2a37-4270-a914-bf62edfa5461,Milton Car 628,MLT-CR-628,2e0428c7-31d5-4d43-b03e-33f79fd17261,piece,44,True,,2026-03-04 09:01:53
b393d958-f437-4420-828c-58927a03eccf,Milton Car 164,MLT-CR-164,2e0428c7-31d5-4d43-b03e-33f79fd17261,piece,77,False,,2026-01-19 09:01:53
730b954d-51ac-4c95-95f7-5df639d9abd8,Milton Car 347,MLT-CR-347,2e0428c7-31d5-4d43-b03e-33f79fd17261,piece,41,True,,2025-11-09 09:01:53
78805c18-ea3a-4483-923c-40c549e52d4e,Milton Car 875,MLT-CR-875,2e0428c7-31d5-4d43-b03e-33f79fd17261,piece,90,False,,2025-05-04 09:01:53
9162efd2-afb3-4941-b119-65a1890526bd,Milton Car 688,MLT-CR-688,2e0428c7-31d5-4d43-b03e-33f79fd17261,piece,72,False,,2025-04-27 09:01:53
56c0958c-4749-42c6-9f87-b077b9b52432,Milton Car 608,MLT-CR-608,2e0428c7-31d5-4d43-b03e-33f79fd17261,piece,72,True,,2026-03-04 09:01:53
514059c9-77aa-4278-9487-08eb46fb7c69,Milton Car 435,MLT-CR-435,2e0428c7-31d5-4d43-b03e-33f79fd17261,piece,93,True,,2025-08-12 09:01:53
4443e51f-8684-40ba-83b4-518b366952d5,Milton Car 681,MLT-CR-681,2e0428c7-31d5-4d43-b03e-33f79fd17261,piece,48,True,,2025-12-05 09:01:53
90ccda1f-0239-447b-86d6-4c4dfdd55008,Milton Car 291,MLT-CR-291,2e0428c7-31d5-4d43-b03e-33f79fd17261,piece,18,True,,2025-08-09 09:01:53
ecb8f0d1-3ed8-46b4-9f4c-1d4c8c176c0b,Milton Car 357,MLT-CR-357,2e0428c7-31d5-4d43-b03e-33f79fd17261,piece,94,True,,2025-05-18 09:01:53
d6acce61-591f-4130-bbc9-209a1d99a56a,Milton Car 304,MLT-CR-304,2e0428c7-31d5-4d43-b03e-33f79fd17261,piece,85,True,,2025-05-10 09:01:53
58d015fb-eaca-4235-afe5-076d2d5f9db1,Milton Car 678,MLT-CR-678,2e0428c7-31d5-4d43-b03e-33f79fd17261,piece,77,True,,2025-09-01 09:01:53
5515bda8-05e9-44a7-951d-eb12c6917f09,Milton Car 583,MLT-CR-583,2e0428c7-31d5-4d43-b03e-33f79fd17261,piece,84,True,,2025-11-09 09:01:53
3fa834a5-6fca-49a9-a725-34a0d5b9b47a,Milton Car 432,MLT-CR-432,2e0428c7-31d5-4d43-b03e-33f79fd17261,piece,10,True,,2025-09-13 09:01:53
4558bad2-8e75-4485-8bed-381975be99d5,Milton Car 582,MLT-CR-582,2e0428c7-31d5-4d43-b03e-33f79fd17261,piece,35,True,,2025-07-05 09:01:53
7bef749a-96d6-48de-8386-a85708beb64c,Milton Car 333,MLT-CR-333,2e0428c7-31d5-4d43-b03e-33f79fd17261,piece,60,False,,2026-03-06 09:01:53
a90c6e70-3e29-4c35-aa51-7e1edf00500d,Milton Car 806,MLT-CR-806-19,2e0428c7-31d5-4d43-b03e-33f79fd17261,piece,18,True,,2026-01-03 09:01:53
0b72fe20-a661-42bf-bc17-b37f2f477b32,Milton Car 336,MLT-CR-336,2e0428c7-31d5-4d43-b03e-33f79fd17261,piece,57,True,,2025-11-30 09:01:53
cceaf5a6-24ed-47f7-861f-2fa51b6cafbc,Milton Car 578,MLT-CR-578,2e0428c7-31d5-4d43-b03e-33f79fd17261,piece,57,True,,2026-02-05 09:01:53
e5e4aaab-d9c3-4ed3-af26-895068226771,Milton Car 205,MLT-CR-205,2e0428c7-31d5-4d43-b03e-33f79fd17261,piece,92,False,,2025-06-07 09:01:53
e2f26f74-f508-4fd5-96c1-26a0a22838da,Milton Car 551,MLT-CR-551,2e0428c7-31d5-4d43-b03e-33f79fd17261,piece,96,True,,2025-11-25 09:01:53
59f35b4f-3426-4022-9836-a7ba5ba22e44,Milton Car 323,MLT-CR-323,2e0428c7-31d5-4d43-b03e-33f79fd17261,piece,52,True,,2025-11-03 09:01:53
48a85f8d-1abb-4931-a625-184cfe7b7a10,Milton Car 111,MLT-CR-111,2e0428c7-31d5-4d43-b03e-33f79fd17261,piece,80,True,,2025-10-22 09:01:53
2803b355-1a24-464f-bfe5-4424de83a53b,Milton Car 758,MLT-CR-758,2e0428c7-31d5-4d43-b03e-33f79fd17261,piece,80,True,,2025-11-27 09:01:53
032cbed5-dfbc-4778-9895-1162ab1a03d0,Milton Car 195,MLT-CR-195,2e0428c7-31d5-4d43-b03e-33f79fd17261,piece,48,False,,2025-05-05 09:01:53
b1bfd543-28f6-433b-a418-9f095b869e1d,Milton Car 221,MLT-CR-221,2e0428c7-31d5-4d43-b03e-33f79fd17261,piece,16,True,,2025-05-12 09:01:53
e3ece22a-696a-4ff0-ae9b-7a46cc2c4844,Milton Car 649,MLT-CR-649,2e0428c7-31d5-4d43-b03e-33f79fd17261,piece,100,True,,2025-11-11 09:01:53
dfd8e35e-3429-4eb9-b46c-6f73eb0de540,Milton Car 145,MLT-CR-145,2e0428c7-31d5-4d43-b03e-33f79fd17261,piece,65,True,,2025-06-10 09:01:53
81a5e3c6-9d31-4268-9a97-0ad7d9525a10,Milton Car 271,MLT-CR-271,2e0428c7-31d5-4d43-b03e-33f79fd17261,piece,89,True,,2026-03-11 09:01:53
6932224e-3678-427f-83bb-091495401b72,Milton Car 962,MLT-CR-962,2e0428c7-31d5-4d43-b03e-33f79fd17261,piece,67,True,,2025-11-24 09:01:53
afaf5f5b-0dae-4c9f-b3dd-eb97328aa939,Milton Car 914,MLT-CR-914,2e0428c7-31d5-4d43-b03e-33f79fd17261,piece,57,True,,2026-01-22 09:01:53
2c7cf295-8a07-4086-842d-9bcab6dc0e03,Milton Car 190,MLT-CR-190,2e0428c7-31d5-4d43-b03e-33f79fd17261,piece,69,True,,2025-05-24 09:01:53
b8fc52b9-8c0a-454b-9356-283d18084712,Milton Car 384,MLT-CR-384,2e0428c7-31d5-4d43-b03e-33f79fd17261,piece,5,True,,2025-09-17 09:01:53
37ebb552-fc70-479a-9492-28292d6d0bfc,Milton Car 465,MLT-CR-465,2e0428c7-31d5-4d43-b03e-33f79fd17261,piece,62,True,,2025-12-20 09:01:53
31d97866-26aa-4d3d-b7fe-a6a672960bfb,Chhota Bheem 127,CHB-FG-127,2e0428c7-31d5-4d43-b03e-33f79fd17261,piece,99,True,,2025-04-27 09:01:53
4cc74654-8772-49b4-a4ca-ed2b3395d5e9,Chhota Bheem 685,CHB-FG-685,2e0428c7-31d5-4d43-b03e-33f79fd17261,piece,7,True,,2025-12-06 09:01:53
c8b44344-33cb-4f8b-ad91-7c4cd62726e6,Chhota Bheem 276,CHB-FG-276,2e0428c7-31d5-4d43-b03e-33f79fd17261,piece,25,True,,2026-02-19 09:01:53
cf76c3e8-78e8-4c91-8be9-43fd81af56f2,Chhota Bheem 850,CHB-FG-850,2e0428c7-31d5-4d43-b03e-33f79fd17261,piece,27,True,,2025-11-27 09:01:53
298c769e-067b-4281-a608-10fb49b0018b,Chhota Bheem 302,CHB-FG-302,2e0428c7-31d5-4d43-b03e-33f79fd17261,piece,21,True,,2026-02-11 09:01:53
ea6ca9ef-e6c3-45c2-873f-660a9ada3ccc,Chhota Bheem 777,CHB-FG-777,2e0428c7-31d5-4d43-b03e-33f79fd17261,piece,62,True,,2026-01-05 09:01:53
8fe7f574-aab6-42bc-b6b0-560604e6a123,Chhota Bheem 132,CHB-FG-132,2e0428c7-31d5-4d43-b03e-33f79fd17261,piece,20,True,,2025-11-30 09:01:53
0726b9cf-71be-4a9a-868c-8bf28ca72fef,Chhota Bheem 475,CHB-FG-475,2e0428c7-31d5-4d43-b03e-33f79fd17261,piece,85,True,,2025-10-12 09:01:53
d5110a5b-61a2-42a9-9199-60fe16b4668b,Chhota Bheem 954,CHB-FG-954,2e0428c7-31d5-4d43-b03e-33f79fd17261,piece,92,True,,2025-03-27 09:01:53
38fa6464-e8a1-4a0e-9bc3-50de7ee72dd3,Chhota Bheem 164,CHB-FG-164,2e0428c7-31d5-4d43-b03e-33f79fd17261,piece,25,True,,2026-03-11 09:01:53
9abfa29c-d534-433b-9c3d-5f818d4c848c,Chhota Bheem 275,CHB-FG-275,2e0428c7-31d5-4d43-b03e-33f79fd17261,piece,52,True,,2025-12-15 09:01:53
91ee7168-beb7-4df5-9e17-95bf468b41a2,Chhota Bheem 800,CHB-FG-800,2e0428c7-31d5-4d43-b03e-33f79fd17261,piece,58,True,,2025-12-24 09:01:53
75d4129e-64b5-4ccc-8c20-0bf27f697503,Chhota Bheem 316,CHB-FG-316,2e0428c7-31d5-4d43-b03e-33f79fd17261,piece,14,True,,2026-01-18 09:01:53
36c54736-8416-4a1a-b45e-545619d40392,Chhota Bheem 545,CHB-FG-545,2e0428c7-31d5-4d43-b03e-33f79fd17261,piece,34,True,,2025-12-19 09:01:53
0c36137c-0d86-4106-a9b0-8bb79390cd5b,Chhota Bheem 372,CHB-FG-372,2e0428c7-31d5-4d43-b03e-33f79fd17261,piece,96,True,,2025-06-03 09:01:53
27a2d4ab-06bc-4e6e-a608-e662be242d5c,Chhota Bheem 793,CHB-FG-793,2e0428c7-31d5-4d43-b03e-33f79fd17261,piece,72,False,,2025-05-16 09:01:53
eaa64a9d-ea10-4ffb-a4a9-b4355b0d8a5f,Chhota Bheem 699,CHB-FG-699,2e0428c7-31d5-4d43-b03e-33f79fd17261,piece,47,True,,2025-12-24 09:01:53
e264bcc3-2095-424d-a139-7ad874a1e909,Chhota Bheem 948,CHB-FG-948,2e0428c7-31d5-4d43-b03e-33f79fd17261,piece,81,True,,2025-05-28 09:01:53
8e33676a-efba-48e2-9160-8b48875a0df4,Chhota Bheem 320,CHB-FG-320,2e0428c7-31d5-4d43-b03e-33f79fd17261,piece,62,True,,2025-05-06 09:01:53
8734e241-2f64-490c-b07b-2db86f6a83cd,Chhota Bheem 956,CHB-FG-956,2e0428c7-31d5-4d43-b03e-33f79fd17261,piece,61,True,,2025-11-01 09:01:53
7bf33e2b-53c1-4daa-9329-ade4b267c866,Chhota Bheem 720,CHB-FG-720,2e0428c7-31d5-4d43-b03e-33f79fd17261,piece,32,False,,2026-03-04 09:01:53
75fbb1e5-2982-40af-a3d7-69cce88b7e81,Chhota Bheem 300,CHB-FG-300,2e0428c7-31d5-4d43-b03e-33f79fd17261,piece,56,True,,2025-06-13 09:01:53
3e1c8615-6bec-4397-85d4-aa4764fcae10,Chhota Bheem 576,CHB-FG-576,2e0428c7-31d5-4d43-b03e-33f79fd17261,piece,16,True,,2026-01-14 09:01:53
63e5b6b4-007b-4625-a5c3-df1c2c7134e3,Chhota Bheem 915,CHB-FG-915,2e0428c7-31d5-4d43-b03e-33f79fd17261,piece,93,True,,2026-02-15 09:01:53
b61cc3f9-7f4e-43c6-93d2-f0040a3ccccf,Chhota Bheem 335,CHB-FG-335,2e0428c7-31d5-4d43-b03e-33f79fd17261,piece,99,True,,2026-01-16 09:01:53
b1d7c22a-15ce-452c-8eb1-db4b174bba81,Chhota Bheem 673,CHB-FG-673,2e0428c7-31d5-4d43-b03e-33f79fd17261,piece,66,True,,2025-04-16 09:01:53
d45501ff-afaa-41e9-b051-2cd0ba42e1fe,Chhota Bheem 694,CHB-FG-694,2e0428c7-31d5-4d43-b03e-33f79fd17261,piece,96,True,,2026-01-04 09:01:53
1900a02f-cabe-4a37-b3f9-b50ddd634587,Chhota Bheem 154,CHB-FG-154,2e0428c7-31d5-4d43-b03e-33f79fd17261,piece,71,True,,2025-11-16 09:01:53
b65f3237-4825-47c0-8518-988d0e4c3b38,Chhota Bheem 918,CHB-FG-918,2e0428c7-31d5-4d43-b03e-33f79fd17261,piece,21,True,,2026-02-17 09:01:53
1bf1db54-215a-4d17-80a9-e699c2c0c5ae,Chhota Bheem 620,CHB-FG-620,2e0428c7-31d5-4d43-b03e-33f79fd17261,piece,82,True,,2026-02-05 09:01:53
a1cd6e47-75b1-46f6-8210-106220ee357e,Chhota Bheem 347,CHB-FG-347,2e0428c7-31d5-4d43-b03e-33f79fd17261,piece,73,True,,2025-09-22 09:01:53
5d4b35f9-4be7-43cf-8a5f-fe2e2cb3ba1b,Chhota Bheem 637,CHB-FG-637,2e0428c7-31d5-4d43-b03e-33f79fd17261,piece,73,True,,2025-11-01 09:01:53
03936894-5802-43fd-9a48-61fa9ec79919,Chhota Bheem 440,CHB-FG-440,2e0428c7-31d5-4d43-b03e-33f79fd17261,piece,75,True,,2025-12-13 09:01:53
b7c35c0d-f3a6-442b-b655-ef4421f5567b,Chhota Bheem 145,CHB-FG-145,2e0428c7-31d5-4d43-b03e-33f79fd17261,piece,59,True,,2025-11-29 09:01:53
73ef62f9-013b-491e-94db-fd90bfa9dff9,Chhota Bheem 243,CHB-FG-243,2e0428c7-31d5-4d43-b03e-33f79fd17261,piece,33,True,,2026-01-28 09:01:53
133d4b01-0988-40b7-a812-70707a3c8228,Chhota Bheem 630,CHB-FG-630,2e0428c7-31d5-4d43-b03e-33f79fd17261,piece,23,True,,2026-02-06 09:01:53
7284defa-4387-4aa2-ac23-7ac7bced7507,Chhota Bheem 532,CHB-FG-532,2e0428c7-31d5-4d43-b03e-33f79fd17261,piece,97,True,,2026-02-01 09:01:53
8b5d8843-20b4-48aa-800e-896a8fb7f4c0,Chhota Bheem 855,CHB-FG-855,2e0428c7-31d5-4d43-b03e-33f79fd17261,piece,46,True,,2025-03-31 09:01:53
e638a6d9-5bc7-4d8a-b6ef-5cb50c5ded92,Chhota Bheem 382,CHB-FG-382,2e0428c7-31d5-4d43-b03e-33f79fd17261,piece,48,True,,2026-03-09 09:01:53
7c9a5d25-a0f9-4890-93ea-28d88df36d9e,Chhota Bheem 898,CHB-FG-898,2e0428c7-31d5-4d43-b03e-33f79fd17261,piece,8,True,,2025-03-26 09:01:53
cd3036fc-b0df-4e68-ba12-aed39a7d3b48,Chhota Bheem 124,CHB-FG-124,2e0428c7-31d5-4d43-b03e-33f79fd17261,piece,97,True,,2025-09-30 09:01:53
372077ff-bdd9-432b-95be-f2433f7c9274,Chhota Bheem 268,CHB-FG-268,2e0428c7-31d5-4d43-b03e-33f79fd17261,piece,100,True,,2025-05-19 09:01:53
36f82285-ca13-4392-a0e7-59d424e1e59f,Chhota Bheem 183,CHB-FG-183,2e0428c7-31d5-4d43-b03e-33f79fd17261,piece,15,True,,2025-07-11 09:01:53
b3d60c10-4989-4ec0-92d5-51ae74e07b77,Chhota Bheem 924,CHB-FG-924,2e0428c7-31d5-4d43-b03e-33f79fd17261,piece,17,True,,2025-06-12 09:01:53
a71a2edb-2db9-46b1-9a13-fb1861bbf3d6,Chhota Bheem 763,CHB-FG-763,2e0428c7-31d5-4d43-b03e-33f79fd17261,piece,52,True,,2025-04-26 09:01:53
cdae5b1b-7462-4ed3-9183-e639d37d5630,Chhota Bheem 866,CHB-FG-866,2e0428c7-31d5-4d43-b03e-33f79fd17261,piece,82,True,,2025-12-28 09:01:53
f81f276c-e321-4e16-94ae-39beb86d0d81,Chhota Bheem 461,CHB-FG-461,2e0428c7-31d5-4d43-b03e-33f79fd17261,piece,45,True,,2026-01-15 09:01:53
33ede5ea-14d5-4893-8a46-3469e627b23a,Chhota Bheem 913,CHB-FG-913,2e0428c7-31d5-4d43-b03e-33f79fd17261,piece,69,True,,2025-10-16 09:01:53
91b63bcd-8a8f-4f86-b038-a0402d3a9234,Chhota Bheem 367,CHB-FG-367,2e0428c7-31d5-4d43-b03e-33f79fd17261,piece,25,True,,2025-12-29 09:01:53
9cddcb4c-b2b2-4504-8e37-72509b4a64c7,Chhota Bheem 714,CHB-FG-714,2e0428c7-31d5-4d43-b03e-33f79fd17261,piece,90,True,,2025-07-13 09:01:53
ae5fb5a3-d58d-426e-b14c-365410f62535,Angry Birds 394,ANG-AB-394,2e0428c7-31d5-4d43-b03e-33f79fd17261,piece,67,True,,2026-02-03 09:01:53
de2e5094-01e0-4998-9d65-d97eae16ed65,Angry Birds 254,ANG-AB-254,2e0428c7-31d5-4d43-b03e-33f79fd17261,piece,27,True,,2025-10-18 09:01:53
a483a69c-c264-4141-b501-65f50fdf7994,Angry Birds 613,ANG-AB-613,2e0428c7-31d5-4d43-b03e-33f79fd17261,piece,84,True,,2025-10-05 09:01:53
13271bac-f79d-4c2c-b205-ab78658c4768,Angry Birds 488,ANG-AB-488,2e0428c7-31d5-4d43-b03e-33f79fd17261,piece,65,True,,2025-08-04 09:01:53
83c58dae-9b45-4c87-b3fd-225f0f1f7985,Angry Birds 578,ANG-AB-578,2e0428c7-31d5-4d43-b03e-33f79fd17261,piece,8,True,,2026-02-17 09:01:53
cf637d87-35d7-4440-90db-2204716915f9,Angry Birds 102,ANG-AB-102,2e0428c7-31d5-4d43-b03e-33f79fd17261,piece,89,True,,2025-11-09 09:01:53
212bc453-0b9f-4c19-8b88-4d440a634798,Angry Birds 486,ANG-AB-486,2e0428c7-31d5-4d43-b03e-33f79fd17261,piece,49,True,,2026-01-28 09:01:53
27d2f0ce-966c-4905-b7f7-a587cdf7bacf,Angry Birds 470,ANG-AB-470,2e0428c7-31d5-4d43-b03e-33f79fd17261,piece,97,True,,2025-06-16 09:01:53
c0570857-ce07-4b5a-ba73-980666766e30,Angry Birds 253,ANG-AB-253,2e0428c7-31d5-4d43-b03e-33f79fd17261,piece,56,True,,2026-01-11 09:01:53
a56cdd1d-4ce9-4dad-ab69-4544c3225450,Angry Birds 341,ANG-AB-341,2e0428c7-31d5-4d43-b03e-33f79fd17261,piece,57,True,,2025-10-28 09:01:53
30a05931-8a00-4d8c-a57f-fb6c59158f13,Angry Birds 623,ANG-AB-623,2e0428c7-31d5-4d43-b03e-33f79fd17261,piece,34,False,,2025-09-06 09:01:53
4585161b-b5fe-474a-81ac-c97d28c6917e,Angry Birds 777,ANG-AB-777,2e0428c7-31d5-4d43-b03e-33f79fd17261,piece,11,True,,2025-12-17 09:01:53
c1b6e88e-74f7-4871-8fe0-e102345fd4c7,Angry Birds 903,ANG-AB-903,2e0428c7-31d5-4d43-b03e-33f79fd17261,piece,78,True,,2026-02-21 09:01:53
7e49e7b5-093f-45b8-878b-a77c59ccf8c6,Angry Birds 665,ANG-AB-665,2e0428c7-31d5-4d43-b03e-33f79fd17261,piece,96,True,,2025-07-17 09:01:53
d4e90c3b-7082-4c05-b274-be186fd62709,Angry Birds 154,ANG-AB-154,2e0428c7-31d5-4d43-b03e-33f79fd17261,piece,57,True,,2025-08-16 09:01:53
cf63e138-0115-4578-8e47-6c6fb8f3c942,Angry Birds 716,ANG-AB-716,2e0428c7-31d5-4d43-b03e-33f79fd17261,piece,83,True,,2025-05-02 09:01:53
85283bb9-97f0-47ea-9577-4f76ee39c1fd,Angry Birds 463,ANG-AB-463,2e0428c7-31d5-4d43-b03e-33f79fd17261,piece,7,True,,2025-04-23 09:01:53
b992bba5-c6d4-4dcb-919f-999a48c35e5d,Angry Birds 976,ANG-AB-976,2e0428c7-31d5-4d43-b03e-33f79fd17261,piece,72,True,,2026-02-09 09:01:53
89e4afa7-df27-401b-99d0-70a9691e8d0d,Angry Birds 162,ANG-AB-162,2e0428c7-31d5-4d43-b03e-33f79fd17261,piece,39,True,,2026-01-11 09:01:53
52be544c-9c75-4729-8b88-5b6cecf96194,Angry Birds 986,ANG-AB-986,2e0428c7-31d5-4d43-b03e-33f79fd17261,piece,55,True,,2025-06-17 09:01:53
586394f4-faec-44ae-b9bf-ba1232b353cb,Angry Birds 227,ANG-AB-227,2e0428c7-31d5-4d43-b03e-33f79fd17261,piece,76,False,,2026-03-12 09:01:53
735a7f30-b819-492a-8416-0a7302cb9a73,Angry Birds 367,ANG-AB-367,2e0428c7-31d5-4d43-b03e-33f79fd17261,piece,85,True,,2025-04-19 09:01:53
6d4bc2ae-960d-4b4e-9b17-278c204a207f,Angry Birds 281,ANG-AB-281,2e0428c7-31d5-4d43-b03e-33f79fd17261,piece,75,False,,2025-07-02 09:01:53
4dbf4267-03e5-4750-a328-d60f83c5567a,Angry Birds 354,ANG-AB-354,2e0428c7-31d5-4d43-b03e-33f79fd17261,piece,71,True,,2025-12-08 09:01:53
0771ace9-37a7-4aa5-9924-03a963fb61b2,Angry Birds 641,ANG-AB-641,2e0428c7-31d5-4d43-b03e-33f79fd17261,piece,87,True,,2025-10-28 09:01:53
03fe05c6-771f-449f-8303-3dc8670653cd,Angry Birds 348,ANG-AB-348,2e0428c7-31d5-4d43-b03e-33f79fd17261,piece,24,True,,2026-01-01 09:01:53
14654206-40fa-47e6-b251-a78211aa99b3,Angry Birds 813,ANG-AB-813,2e0428c7-31d5-4d43-b03e-33f79fd17261,piece,56,True,,2025-10-14 09:01:53
c25ccba9-222f-456c-9583-36f873650c54,Angry Birds 843,ANG-AB-843,2e0428c7-31d5-4d43-b03e-33f79fd17261,piece,26,True,,2025-04-18 09:01:53
23588abf-5077-4bdb-853f-bce5e1e81885,Angry Birds 785,ANG-AB-785,2e0428c7-31d5-4d43-b03e-33f79fd17261,piece,90,True,,2025-08-18 09:01:53
81064761-73ef-4d9b-9919-14e1c99069ca,Angry Birds 404,ANG-AB-404,2e0428c7-31d5-4d43-b03e-33f79fd17261,piece,25,True,,2025-08-12 09:01:53
90e4bc46-e2be-43e7-a338-b089316a6e3a,Angry Birds 874,ANG-AB-874,2e0428c7-31d5-4d43-b03e-33f79fd17261,piece,96,True,,2025-06-17 09:01:53
3646f034-2c28-4158-b9fe-f3176daf4d2a,Angry Birds 541,ANG-AB-541,2e0428c7-31d5-4d43-b03e-33f79fd17261,piece,32,True,,2025-11-06 09:01:53
7b345129-fd5a-45d4-aa9b-971f61b6f4f8,Angry Birds 184,ANG-AB-184,2e0428c7-31d5-4d43-b03e-33f79fd17261,piece,64,True,,2025-08-27 09:01:53
dc6fa946-3fd0-471f-9765-59b7e30f4dc6,Angry Birds 398,ANG-AB-398,2e0428c7-31d5-4d43-b03e-33f79fd17261,piece,85,True,,2025-09-14 09:01:53
cb24c4db-3be1-471f-91bb-e114d6eeb8ca,Angry Birds 868,ANG-AB-868,2e0428c7-31d5-4d43-b03e-33f79fd17261,piece,52,True,,2026-02-21 09:01:53
97a948e7-4aef-41b3-9a0c-faacad62ad75,Angry Birds 291,ANG-AB-291,2e0428c7-31d5-4d43-b03e-33f79fd17261,piece,56,True,,2025-04-03 09:01:53
4dec8580-e25e-4f0d-acba-a86c261b5006,Angry Birds 477,ANG-AB-477,2e0428c7-31d5-4d43-b03e-33f79fd17261,piece,48,True,,2025-12-09 09:01:53
becbfcdb-0ff4-49c4-a203-9058985bb133,Angry Birds 400,ANG-AB-400,2e0428c7-31d5-4d43-b03e-33f79fd17261,piece,29,False,,2026-03-03 09:01:53
da109bd1-7ffd-411b-bb4a-1bc2254c8cfe,Angry Birds 784,ANG-AB-784,2e0428c7-31d5-4d43-b03e-33f79fd17261,piece,15,True,,2025-10-08 09:01:53
d2e1376e-34dc-4db4-a7cb-268625a49fc5,Angry Birds 521,ANG-AB-521,2e0428c7-31d5-4d43-b03e-33f79fd17261,piece,40,True,,2025-06-25 09:01:53
6321f981-20bb-4e7c-9d23-b590e02a4e31,Angry Birds 689,ANG-AB-689,2e0428c7-31d5-4d43-b03e-33f79fd17261,piece,72,True,,2026-03-03 09:01:53
63ebb1b9-a696-4346-a854-ed24fc65bd34,Angry Birds 890,ANG-AB-890,2e0428c7-31d5-4d43-b03e-33f79fd17261,piece,33,True,,2025-09-07 09:01:53
2a543f3a-e2d3-4d40-a00d-624a9ce4aff3,Angry Birds 347,ANG-AB-347,2e0428c7-31d5-4d43-b03e-33f79fd17261,piece,76,True,,2025-06-22 09:01:53
96f4c76d-2e09-4f5d-8354-4ee617fb2669,Angry Birds 282,ANG-AB-282,2e0428c7-31d5-4d43-b03e-33f79fd17261,piece,40,True,,2026-01-05 09:01:53
3c02d6f5-bcac-4228-965c-44745a6650a8,Angry Birds 576,ANG-AB-576,2e0428c7-31d5-4d43-b03e-33f79fd17261,piece,83,True,,2026-02-11 09:01:53
c035acb4-c1c1-4c48-a972-cb0d0bf92790,Angry Birds 789,ANG-AB-789,2e0428c7-31d5-4d43-b03e-33f79fd17261,piece,93,True,,2025-10-17 09:01:53
95465eec-dea3-4f77-8f34-b043dfe4d3c5,Angry Birds 803,ANG-AB-803,2e0428c7-31d5-4d43-b03e-33f79fd17261,piece,86,True,,2025-10-16 09:01:53
c2957728-1468-4e28-8f60-61220ebc7517,Angry Birds 344,ANG-AB-344,2e0428c7-31d5-4d43-b03e-33f79fd17261,piece,31,False,,2025-11-28 09:01:53
2d034287-c2d7-4928-bd12-3b3a55830375,Angry Birds 883,ANG-AB-883,2e0428c7-31d5-4d43-b03e-33f79fd17261,piece,50,True,,2025-06-18 09:01:53
929a239f-6a1e-42ed-93cc-c6c19da239ae,Angry Birds 363,ANG-AB-363,2e0428c7-31d5-4d43-b03e-33f79fd17261,piece,80,True,,2025-03-17 09:01:53
144846f0-f4c4-4e2c-9735-93e7aced8458,Vu Premium 4635in,VU-PR-4635-926,0df03ef4-f8fb-4d41-9313-02aa723a4b3a,piece,23,True,,2026-01-27 09:01:53
798fd2e6-0640-4d26-aaf4-2223fb8fedc3,Hisense TV 9621in,HIS-TV-9621-577,0df03ef4-f8fb-4d41-9313-02aa723a4b3a,piece,97,True,,2026-01-10 09:01:53
2ada30be-b255-4cab-b787-56704bc8bda9,Prestige Cooker 4254L,PRE-PC-4254-346,e62fed3c-e3d5-4d78-b360-717a465183a2,piece,80,True,,2025-04-01 09:01:53
64de9a55-8aef-4e71-b2bc-a92821da01d3,Lenovo Tab 4551,LEN-TB-4551-237,4b48d701-6fb3-4418-a9f8-d7d9ba6d84b4,piece,56,True,,2025-11-19 09:01:53
