id,name,short_code,address,created_at
758055ba-5c89-4add-8c34-7c930e5e7d5c,Bengaluru Bulk Store 5,BEN-BU-05,"10/433, Chaudry Street, Bengaluru, Sikkim, 960013",2024-03-04 09:01:53
ee16175c-ce34-4f7a-95eb-3dae8e417ca6,Chennai Distribution Centre 97,CHE-DI-97,"890, Issac Circle, Chennai, Tamil Nadu, 379402",2024-06-26 09:01:53
0ecdfe5c-32c5-4f2b-9b2d-2cc061d3c946,Mysuru Export Hub 64,MYS-EX-64,"65/423, Chaudry Path, Mysuru, Assam, 155940",2024-01-28 09:01:53
e26ca13d-064d-4f03-848c-4933ddee8c2a,Ghaziabad Bulk Store 13,GHA-BU-13,"78/161, Memon Circle, Ghaziabad, Uttarakhand, 931034",2024-11-27 09:01:53
92d110e7-d20c-4d8d-99f1-0aff4df1f37f,Navi Mumbai Bulk Store 71,NAV-BU-71,"H.No. 316, Setty Road, Navi Mumbai, Rajasthan, 255341",2024-03-07 09:01:53
ff6f6a3c-f7b6-4b0c-8713-c55348011d3b,Allahabad Main Warehouse 2,ALL-MA-02,"28/32, Raghavan Chowk, Allahabad, Himachal Pradesh, 503056",2023-08-24 09:01:53
ddd32941-e656-431f-bc13-8d4c9a789f79,Kanpur Fulfilment Centre 4,KAN-FU-04,"H.No. 13, Murty, Kanpur, Gujarat, 672423",2023-12-05 09:01:53
d2a9960a-c65a-47dc-a376-6a8fb90cda10,Delhi Sorting Centre 14,DEL-SO-14,"88/496, Rastogi, Delhi, Kerala, 287101",2025-04-06 09:01:53
8f33ae58-38ca-4dfc-83e6-5098705cccf1,Tiruchirappalli Bulk Store 15,TIR-BU-15,"269, Rajan Zila, Tiruchirappalli, Madhya Pradesh, 848018",2024-08-29 09:01:53
5a574c1d-12ff-43bf-ad26-48ef43e0632b,Jaipur Sorting Centre 68,JAI-SO-68,"H.No. 51, Saran Road, Jaipur, Goa, 048281",2023-08-11 09:01:53
c42c31d6-70d7-4906-b3ad-b79e2ce11041,Mumbai Fulfilment Centre 89,MUM-FU-89,"48/932, Edwin Path, Mumbai, Nagaland, 957015",2025-02-21 09:01:53
577b555a-4fe6-4dec-b245-2ddd0063d4e5,Ludhiana Retail Warehouse 82,LUD-RE-82,"H.No. 30, Brar Ganj, Ludhiana, Assam, 182278",2024-03-25 09:01:53
63744a5b-5e29-4713-bc73-0e3cc64d9c3c,Amritsar Regional Depot 94,AMR-RE-94,"489, Kakar Marg, Amritsar, Nagaland, 465787",2025-05-28 09:01:53
c3b68eda-2ddf-41d1-b0f6-4dfca8647f9b,Gwalior Distribution Centre 93,GWA-DI-93,"H.No. 331, Bail Path, Gwalior, Odisha, 930103",2023-08-28 09:01:53
bfd1d327-cb68-4e1a-9060-c49f5617916a,Rajkot Main Warehouse 80,RAJ-MA-80,"H.No. 051, Khanna Circle, Rajkot, Himachal Pradesh, 382997",2024-04-17 09:01:53
3167adf1-ffd8-4ba8-a177-4c1bf61ac5de,Indore Bulk Store 48,IND-BU-48,"763, Chatterjee Zila, Indore, Sikkim, 566701",2024-06-28 09:01:53
f02d19c4-59ab-43d9-9fff-f2eee16f6a4e,Agra Storage Hub 8,AGR-ST-08,"H.No. 651, Handa Ganj, Agra, Gujarat, 262473",2025-12-26 09:01:53
994b663b-bc72-4a9a-aa54-3d6486e9f895,Vadodara Sorting Centre 10,VAD-SO-10,"H.No. 781, Zachariah Nagar, Vadodara, Uttarakhand, 132677",2023-12-08 09:01:53
e47f6dc1-7ec8-44eb-a4c3-fdb9f6e957ac,Pune Export Hub 82,PUN-EX-82,"602, Agate Marg, Pune, Madhya Pradesh, 746872",2024-01-14 09:01:53
47851191-fd4d-4e71-a59c-a94d47d0e459,Coimbatore Regional Depot 14,COI-RE-14,"430, Bhat, Coimbatore, Telangana, 009788",2024-09-08 09:01:53
2a5d4217-6db2-4b3a-b5e4-a28e85c49665,Patna Fulfilment Centre 30,PAT-FU-30,"081, Biswas Street, Patna, Punjab, 361939",2025-02-01 09:01:53
b2013eeb-d9db-4b47-8903-cb5860c3ea69,Allahabad Retail Warehouse 44,ALL-RE-44,"09/16, Virk, Allahabad, Karnataka, 353462",2023-11-07 09:01:53
2a9c7913-1ac8-4ca7-8666-d65befb56f8c,Delhi Sorting Centre 18,DEL-SO-18,"47/510, Chaudhry Chowk, Delhi, Assam, 842513",2024-01-30 09:01:53
54be1a19-4def-417b-a837-d5de338ba8a5,Rajkot Fulfilment Centre 22,RAJ-FU-22,"H.No. 42, Mittal Chowk, Rajkot, Punjab, 841241",2023-12-01 09:01:53
1335e168-7a1c-4218-9d7f-b37dd48384a4,Solapur Storage Hub 28,SOL-ST-28,"H.No. 824, Kade Road, Solapur, Tamil Nadu, 348740",2024-07-01 09:01:53
f988d08a-4be8-4d63-ac25-6c809f6f354f,Gwalior Export Hub 19,GWA-EX-19,"H.No. 640, Nath Nagar, Gwalior, Tripura, 427868",2025-12-29 09:01:53
45c1db2a-966f-466b-89f3-61ed68d3ac98,Bhopal Retail Warehouse 36,BHO-RE-36,"H.No. 112, Banik Circle, Bhopal, Uttarakhand, 982620",2025-04-05 09:01:53
3258657c-a0f1-4563-a012-e88a3c35d167,Ludhiana Bulk Store 10,LUD-BU-10,"H.No. 50, Kade Path, Ludhiana, Sikkim, 158692",2025-12-10 09:01:53
bc81353d-7dac-4a51-b645-2b7376785d8e,Visakhapatnam Main Warehouse 90,VIS-MA-90,"226, Gola Nagar, Visakhapatnam, Telangana, 634216",2024-02-10 09:01:53
d6f51dda-6055-4435-9c67-ad4477d8001d,Solapur Regional Depot 17,SOL-RE-17,"H.No. 733, Palla Chowk, Solapur, Jharkhand, 303654",2024-09-28 09:01:53
54bff124-d845-42fa-b68a-d0f7248ffc01,Ranchi Bulk Store 96,RAN-BU-96,"H.No. 458, Yadav Marg, Ranchi, Karnataka, 142940",2026-01-30 09:01:53
322a06bb-cbe2-4ff1-bd44-3ad5eef06058,Nashik Main Warehouse 44,NAS-MA-44,"H.No. 965, Sarin Path, Nashik, Punjab, 693406",2025-07-14 09:01:53
b2402b2e-76b7-4cdd-a853-fa3e07799960,Amritsar Bulk Store 55,AMR-BU-55,"H.No. 883, Sankar Path, Amritsar, Assam, 951484",2024-12-24 09:01:53
606760c0-4b8a-4dad-92bd-cb8786fd85f9,Hubli Main Warehouse 67,HUB-MA-67,"65/648, Handa Street, Hubli, Maharashtra, 299468",2024-04-03 09:01:53
1ed5f662-6e4d-4107-9578-59a6fb39a19f,Ahmedabad Distribution Centre 96,AHM-DI-96,"H.No. 443, Nagy Marg, Ahmedabad, Manipur, 738721",2025-11-03 09:01:53
9c8cafc4-fe6b-4a4c-bb99-9577bc3a3d9f,Varanasi Main Warehouse 6,VAR-MA-06,"H.No. 89, Chander Path, Varanasi, Uttarakhand, 433200",2023-07-22 09:01:53
dd04a37d-359e-4c2a-801b-d9f57ee8f35f,Nagpur Main Warehouse 67,NAG-MA-67,"791, Sachdeva Chowk, Nagpur, Rajasthan, 676320",2023-09-20 09:01:53
6140c110-f330-4fa0-aef1-8aa98c5b56d3,Indore Cold Storage 50,IND-CO-50,"H.No. 632, Shetty Circle, Indore, Arunachal Pradesh, 172788",2025-01-31 09:01:53
f85157ff-7d68-45ef-8d74-5d1c35d93ae5,Gwalior Distribution Centre 98,GWA-DI-98,"57/98, Sehgal Marg, Gwalior, Goa, 743487",2026-02-15 09:01:53
37632bb3-d2bc-47ce-a751-61b6cecd5ad2,Faridabad Storage Hub 88,FAR-ST-88,"34/714, Magar Ganj, Faridabad, Karnataka, 812236",2024-12-03 09:01:53
cbb77f8c-20eb-4ad7-ac02-36af24cbe307,Chennai Cold Storage 96,CHE-CO-96,"23/166, Shukla Path, Chennai, Maharashtra, 366909",2025-08-09 09:01:53
f9dc9232-5937-4b39-9b02-e5e1241af588,Ahmedabad Storage Hub 99,AHM-ST-99,"70, Misra Path, Ahmedabad, Tripura, 688937",2025-08-03 09:01:53
ec849e1f-7f13-4a50-a342-1692dbb63b38,Visakhapatnam Cold Storage 46,VIS-CO-46,"467, Ramachandran Nagar, Visakhapatnam, Karnataka, 272980",2026-01-20 09:01:53
5bdbe664-a721-4ac5-8fa6-8e2795da5d3f,Varanasi Export Hub 71,VAR-EX-71,"99, Chacko Nagar, Varanasi, Rajasthan, 272046",2025-09-08 09:01:53
2a5dcf8d-1e73-470f-a71a-ebe49f12d3e4,Varanasi Sorting Centre 14,VAR-SO-14,"H.No. 37, Nazareth Path, Varanasi, Tripura, 464170",2024-11-02 09:01:53
ae0414ed-108d-4add-b39d-b60c31b6b484,Jodhpur Retail Warehouse 55,JOD-RE-55,"80/531, Balasubramanian Nagar, Jodhpur, Haryana, 092327",2024-01-23 09:01:53
6713ffcd-6bf4-4c80-98f4-d60a0ca1ce39,Howrah Storage Hub 80,HOW-ST-80,"19/374, Ganesh Path, Howrah, Punjab, 241904",2025-08-11 09:01:53
be38f8e5-ea80-45d7-8cbf-c5ce888630b8,Allahabad Regional Depot 38,ALL-RE-38,"66/31, Kibe, Allahabad, Bihar, 919058",2024-02-06 09:01:53
80981c64-35fe-49b8-b1b2-762717337812,Bengaluru Distribution Centre 31,BEN-DI-31,"51, Om Circle, Bengaluru, Andhra Pradesh, 716572",2025-05-07 09:01:53
7035e190-f0dd-4c0c-8141-480f62f636b4,Howrah Main Warehouse 68,HOW-MA-68,"28, Yohannan Road, Howrah, Tripura, 769453",2024-12-11 09:01:53
0f9d56ae-979a-468c-8ba3-1a783eaaebc9,Tiruchirappalli Fulfilment Centre 44,TIR-FU-44,"H.No. 473, Raghavan Chowk, Tiruchirappalli, Karnataka, 752735",2025-05-13 09:01:53
f3886e56-fbdf-4e7e-b302-73584148cde3,Bhopal Retail Warehouse 86,BHO-RE-86,"H.No. 54, Majumdar, Bhopal, Nagaland, 831367",2023-08-23 09:01:53
d8c2fedd-7e98-4d83-b21b-d152b80a37d4,Howrah Export Hub 18,HOW-EX-18,"37/77, Chander Nagar, Howrah, Jharkhand, 634957",2025-01-21 09:01:53
38f28fc9-cc91-4dc6-9744-805c4d9fa4ac,Bengaluru Fulfilment Centre 30,BEN-FU-30,"85/68, Pandey Path, Bengaluru, Tamil Nadu, 444313",2024-05-23 09:01:53
4c01a2b6-ff54-4edb-8c56-24cc547e25ef,Nashik Sorting Centre 93,NAS-SO-93,"H.No. 18, Handa Street, Nashik, Gujarat, 498941",2025-11-07 09:01:53
c2f065a8-50f7-49d8-86d2-9283a1b38b0b,Hyderabad Distribution Centre 86,HYD-DI-86,"435, Mittal Street, Hyderabad, Andhra Pradesh, 400842",2025-02-28 09:01:53
3f324153-1f40-43c9-9d58-8e7dc6ab21c9,Srinagar Main Warehouse 78,SRI-MA-78,"71/094, Srinivas Chowk, Srinagar, Manipur, 204711",2023-11-24 09:01:53
79db8128-92db-4c85-aafe-a21ad081f88a,Hyderabad Export Hub 48,HYD-EX-48,"71, Bera, Hyderabad, Chhattisgarh, 941318",2024-08-13 09:01:53
3f31ded9-12a4-4732-ba38-6e6e7b33647d,Jabalpur Distribution Centre 38,JAB-DI-38,"99, Kara, Jabalpur, Tripura, 774964",2025-05-26 09:01:53
5cbe1aa4-6d39-47fa-af97-1ed2256c90cc,Coimbatore Storage Hub 3,COI-ST-03,"90/91, Kakar Ganj, Coimbatore, Himachal Pradesh, 232812",2024-03-13 09:01:53
9fd214f9-335b-4014-abed-093611dd2cdb,Srinagar Regional Depot 75,SRI-RE-75,"H.No. 679, Manne Chowk, Srinagar, Arunachal Pradesh, 447134",2023-12-09 09:01:53
013f48c7-651c-472f-ae35-63c02608c66f,Lucknow Bulk Store 97,LUC-BU-97,"93/618, Dixit Ganj, Lucknow, Himachal Pradesh, 102499",2024-07-10 09:01:53
7e58618d-ed60-4eb7-8592-e46214216dbc,Guwahati Sorting Centre 80,GUW-SO-80,"H.No. 71, Modi Chowk, Guwahati, Tamil Nadu, 488771",2023-07-23 09:01:53
9d33478b-5a06-4ded-b795-406c07d432ce,Jodhpur Bulk Store 99,JOD-BU-99,"06/59, Bal Road, Jodhpur, Assam, 990490",2024-06-13 09:01:53
08b72ea9-7650-4f43-94a8-e4976e04acff,Coimbatore Bulk Store 85,COI-BU-85,"787, Golla Road, Coimbatore, Odisha, 717565",2025-05-15 09:01:53
a9baa684-4732-4c3e-af39-f8f386eb8246,Howrah Sorting Centre 98,HOW-SO-98,"H.No. 12, Sabharwal Path, Howrah, Tamil Nadu, 468071",2024-07-08 09:01:53
4405a677-02f2-4a3a-8de3-4e8884bfceac,Hubli Retail Warehouse 12,HUB-RE-12,"H.No. 45, Raval Zila, Hubli, West Bengal, 876038",2023-09-16 09:01:53
0dbf12a7-1344-44f1-9fd2-633d0c08e878,Allahabad Regional Depot 19,ALL-RE-19,"H.No. 97, Behl Chowk, Allahabad, Gujarat, 824771",2024-09-12 09:01:53
9dbae818-a77a-4d09-bc98-bf7a993ffe89,Nashik Sorting Centre 50,NAS-SO-50,"H.No. 932, Atwal Road, Nashik, Nagaland, 131712",2024-05-31 09:01:53
4d026ce9-31c0-424b-9a86-ba8a2193b71e,Coimbatore Fulfilment Centre 19,COI-FU-19,"48, Sagar Road, Coimbatore, Uttarakhand, 737826",2025-04-10 09:01:53
7811cf28-9aec-4038-b8ec-be35b57809e5,Coimbatore Distribution Centre 38,COI-DI-38,"982, Majumdar Zila, Coimbatore, Tripura, 584044",2026-02-21 09:01:53
c3454a2a-9d56-420f-b783-d2a7346ce920,Tiruchirappalli Export Hub 40,TIR-EX-40,"97/27, Sule Circle, Tiruchirappalli, Kerala, 886753",2024-08-08 09:01:53
b55eefc3-917c-4eb9-aac0-b678bd3047ad,Vijayawada Fulfilment Centre 23,VIJ-FU-23,"39/636, Nadkarni Nagar, Vijayawada, Telangana, 662702",2023-09-15 09:01:53
e842665e-7222-41b1-a9d3-3b2ef0b9b62e,Nagpur Distribution Centre 24,NAG-DI-24,"95/17, Vora Zila, Nagpur, Manipur, 262174",2023-11-06 09:01:53
c18d7b9a-8dd3-4dc1-b266-b4e128f1ed83,Tiruchirappalli Fulfilment Centre 38,TIR-FU-38,"H.No. 96, Narasimhan Zila, Tiruchirappalli, West Bengal, 578091",2024-01-05 09:01:53
1c076fd2-e50a-4034-adc8-f035fd287454,Surat Bulk Store 52,SUR-BU-52,"431, Chaudhari Marg, Surat, Tripura, 724005",2024-08-14 09:01:53
33876543-d961-4032-aafb-94034e1ad6b4,Howrah Main Warehouse 53,HOW-MA-53,"H.No. 455, Dhingra Marg, Howrah, Haryana, 922219",2024-06-15 09:01:53
73267c60-0420-47f8-a2f5-fb3222d5c46f,Chandigarh Main Warehouse 72,CHA-MA-72,"93, Dhar Chowk, Chandigarh, Haryana, 474074",2024-11-15 09:01:53
92b752b6-a232-4349-9d0c-7421f2b19ce2,Surat Bulk Store 82,SUR-BU-82,"82/175, Mistry, Surat, Rajasthan, 474367",2025-11-14 09:01:53
519b1ae1-22f7-486d-9859-233fd6d94ff5,Aurangabad Bulk Store 4,AUR-BU-04,"H.No. 369, Merchant Path, Aurangabad, Tamil Nadu, 064090",2024-05-26 09:01:53
4b3d964d-f9ed-4885-aeea-e23b5527e1c4,Srinagar Storage Hub 96,SRI-ST-96,"74/39, Kanda Path, Srinagar, Rajasthan, 942104",2025-08-05 09:01:53
e29650bf-493f-42d7-af2a-67685be263fc,Vadodara Export Hub 93,VAD-EX-93,"09, Deep Path, Vadodara, Assam, 562328",2025-07-24 09:01:53
eb71cc46-9ae5-4076-8f02-ed647f90b31f,Allahabad Sorting Centre 29,ALL-SO-29,"H.No. 88, Gala Road, Allahabad, Himachal Pradesh, 451712",2025-04-15 09:01:53
ece7d6f8-2436-49bc-a6c5-1eb146886210,Raipur Sorting Centre 47,RAI-SO-47,"685, Rana Zila, Raipur, Andhra Pradesh, 817549",2024-05-18 09:01:53
36302d21-fcd9-4d60-9fd4-030147637bb3,Bhopal Export Hub 18,BHO-EX-18,"51, Sinha Ganj, Bhopal, Andhra Pradesh, 931746",2024-05-10 09:01:53
4ca35852-489e-4645-88c5-7aeaf06b83d3,Howrah Main Warehouse 37,HOW-MA-37,"H.No. 200, Tailor Road, Howrah, Bihar, 382675",2023-11-18 09:01:53
ca569ae1-dc43-4e9a-8de8-d4a708f17b66,Mumbai Cold Storage 53,MUM-CO-53,"86/926, Suri Zila, Mumbai, Punjab, 405377",2023-09-18 09:01:53
aeb2c268-34fd-4428-ace8-e137d9e9ac12,Raipur Distribution Centre 19,RAI-DI-19,"515, Parmer Circle, Raipur, Arunachal Pradesh, 431713",2023-09-03 09:01:53
0c308999-fb75-46d6-855f-fcbcba826ef6,Chandigarh Sorting Centre 79,CHA-SO-79,"90/053, Jha Street, Chandigarh, Assam, 933529",2024-12-25 09:01:53
ccc82e09-a11d-4f49-bd5d-3dac7202e976,Ludhiana Main Warehouse 71,LUD-MA-71,"H.No. 422, Krishna Circle, Ludhiana, Uttar Pradesh, 102053",2023-12-12 09:01:53
2298fb0c-e9cd-4a86-83e0-cb7e97c76f80,Surat Bulk Store 76,SUR-BU-76,"50/24, Date Nagar, Surat, Telangana, 811775",2024-01-23 09:01:53
78333160-66b6-4f10-9fb3-09cb28b028dc,Agra Export Hub 87,AGR-EX-87,"91/78, Bassi Ganj, Agra, Telangana, 700766",2025-10-15 09:01:53
30349d44-fa9a-4dbc-a90a-6adb7726bd1e,Varanasi Regional Depot 12,VAR-RE-12,"17/711, Divan Path, Varanasi, Assam, 499856",2024-01-02 09:01:53
86d8247c-9513-4a2d-b6f3-a24be446e65e,Howrah Bulk Store 74,HOW-BU-74,"84/78, Sani, Howrah, Bihar, 836736",2025-02-20 09:01:53
3325aca3-99c4-420d-a013-574a7011208d,Agra Bulk Store 81,AGR-BU-81,"H.No. 76, Chandran Marg, Agra, Karnataka, 545271",2025-12-30 09:01:53
3ebb6762-7c08-4c5a-a599-4b4f47ff31ce,Indore Main Warehouse 72,IND-MA-72,"H.No. 116, Pradhan Zila, Indore, Uttar Pradesh, 809885",2024-11-06 09:01:53
53205519-9471-4539-aeb5-fca013c6568d,Varanasi Distribution Centre 87,VAR-DI-87,"16/560, Muni Road, Varanasi, Kerala, 983273",2023-11-15 09:01:53
b3610e0b-9e5e-410f-b7c5-dfa25550965c,Kota Storage Hub 99,KOT-ST-99,"H.No. 585, Mallick Zila, Kota, Odisha, 689980",2025-09-01 09:01:53
9d747d49-e854-447c-8c34-84626189fc7f,Allahabad Cold Storage 74,ALL-CO-74,"40/24, Nori Road, Allahabad, Kerala, 229612",2025-04-04 09:01:53
da585f27-adbf-437e-8022-25039e1329d2,Mysuru Distribution Centre 33,MYS-DI-33,"01/836, Setty Marg, Mysuru, Karnataka, 545991",2023-11-02 09:01:53
e9556ed9-733e-49f0-9501-d550b23d9ace,Nagpur Regional Depot 52,NAG-RE-52,"H.No. 229, Bumb Nagar, Nagpur, Himachal Pradesh, 679764",2024-09-06 09:01:53
de2cfe7b-e004-4bc6-bdda-ff793f665770,Surat Fulfilment Centre 76,SUR-FU-76,"815, Choudhry Marg, Surat, Jharkhand, 840369",2023-12-20 09:01:53
2e94e518-4908-4b45-96d9-27c1bab57d5f,Tiruchirappalli Regional Depot 66,TIR-RE-66,"H.No. 034, Devan Ganj, Tiruchirappalli, Tripura, 451076",2025-06-09 09:01:53
eb8dd29e-8ff2-464e-a1b5-81928c2316d3,Jodhpur Main Warehouse 4,JOD-MA-04,"268, Tella Ganj, Jodhpur, Nagaland, 160607",2023-11-13 09:01:53
8d65161a-369f-4536-8173-dbe9116fc24a,Lucknow Retail Warehouse 97,LUC-RE-97,"H.No. 596, Ravel, Lucknow, Tamil Nadu, 416052",2025-07-28 09:01:53
7b7b30d3-b181-4a63-bef2-83d1dc13ae2c,Mumbai Main Warehouse 86,MUM-MA-86,"75/16, Kohli Zila, Mumbai, Maharashtra, 816453",2023-10-24 09:01:53
a18f6e30-b47e-4810-92bc-df4409fb7290,Navi Mumbai Bulk Store 77,NAV-BU-77,"H.No. 21, Comar Circle, Navi Mumbai, Mizoram, 552312",2025-02-07 09:01:53
92774071-4861-46ef-9cd3-5a8a9749b937,Faridabad Distribution Centre 8,FAR-DI-08,"H.No. 32, Dua, Faridabad, Tripura, 277997",2025-11-15 09:01:53
21c03337-8f4e-47db-b44a-981be41d4cf9,Mysuru Bulk Store 65,MYS-BU-65,"99/552, Bir Chowk, Mysuru, Meghalaya, 449058",2025-08-20 09:01:53
eeba5d28-bcb2-483d-88cb-b49609508907,Chennai Distribution Centre 86,CHE-DI-86,"H.No. 477, Bhandari Nagar, Chennai, Kerala, 119986",2025-08-29 09:01:53
9c575f09-df4c-4d93-885b-6a95a5331f59,Vijayawada Cold Storage 4,VIJ-CO-04,"98, Sengupta Nagar, Vijayawada, Uttar Pradesh, 597820",2026-01-24 09:01:53
d3b9becf-a732-4c69-b774-52f9f6280f54,Chennai Bulk Store 68,CHE-BU-68,"15, Thaman Zila, Chennai, Rajasthan, 037788",2026-01-16 09:01:53
9c92bc50-eb77-40d4-8062-eaff57d3bc83,Vijayawada Regional Depot 11,VIJ-RE-11,"25/54, Rege Marg, Vijayawada, Tripura, 905151",2025-05-18 09:01:53
a4563046-b886-400a-85e0-55242f77cf17,Jodhpur Sorting Centre 10,JOD-SO-10,"64/49, Nath Street, Jodhpur, Assam, 546291",2023-10-18 09:01:53
bae6790b-c215-4edb-8cdc-5d6dec2c1c16,Hubli Cold Storage 7,HUB-CO-07,"H.No. 86, Datta Path, Hubli, Sikkim, 685054",2024-12-05 09:01:53
fba3a8a1-41e4-4cf5-8f95-74544b5ac997,Rajkot Storage Hub 81,RAJ-ST-81,"357, Kara Ganj, Rajkot, Chhattisgarh, 141888",2024-09-26 09:01:53
3ad98ec2-2454-47e2-a1fe-9f5025d5c772,Nagpur Sorting Centre 57,NAG-SO-57,"H.No. 592, Puri, Nagpur, Chhattisgarh, 292706",2024-05-26 09:01:53
2caeb868-1f69-4302-9863-81b040deb42b,Rajkot Storage Hub 7,RAJ-ST-07,"H.No. 37, Mane, Rajkot, Tripura, 383473",2024-02-26 09:01:53
8af5401c-cde2-4d79-b1d5-40db8add0402,Nashik Fulfilment Centre 82,NAS-FU-82,"H.No. 97, Manda Chowk, Nashik, Tripura, 886239",2025-06-01 09:01:53
d3b18af3-c00d-4d0c-8375-8a6dd80021bb,Pimpri Main Warehouse 64,PIM-MA-64,"407, Chauhan Path, Pimpri, Tamil Nadu, 412478",2024-12-18 09:01:53
11706aa6-79ba-434a-a65a-5f27752a6e05,Srinagar Sorting Centre 37,SRI-SO-37,"613, Palla Chowk, Srinagar, Andhra Pradesh, 068536",2025-02-07 09:01:53
979ad06e-b22f-444e-8f33-57b45d004863,Lucknow Main Warehouse 92,LUC-MA-92,"H.No. 530, Chaudhary Path, Lucknow, Uttarakhand, 220472",2023-07-23 09:01:53
5241a7d5-53f5-464c-a35b-10fc180b4a70,Srinagar Storage Hub 93,SRI-ST-93,"77/901, Kunda Nagar, Srinagar, Gujarat, 898614",2025-01-26 09:01:53
ba434422-7e56-47c5-bbee-d8c2a10f10d5,Mysuru Bulk Store 86,MYS-BU-86,"410, Saini Ganj, Mysuru, Rajasthan, 117980",2025-11-01 09:01:53
9fd919a9-0008-47a4-abac-b7e1c3d95528,Gwalior Storage Hub 45,GWA-ST-45,"89/324, Agarwal Marg, Gwalior, Punjab, 396218",2026-02-23 09:01:53
6821e862-19d0-4fe8-a0e0-96f96f38ad18,Howrah Distribution Centre 96,HOW-DI-96,"H.No. 18, Tripathi Circle, Howrah, Uttar Pradesh, 670654",2023-10-03 09:01:53
8620b2c3-908a-4384-afe3-e86badbc623e,Amritsar Retail Warehouse 50,AMR-RE-50,"05/153, Natarajan Zila, Amritsar, Chhattisgarh, 585277",2023-08-12 09:01:53
e7a92a8c-711f-4c5d-87a9-e1a2588d64a3,Hyderabad Storage Hub 73,HYD-ST-73,"22/170, Jaggi Road, Hyderabad, Arunachal Pradesh, 054868",2024-03-28 09:01:53
02628bef-7a18-45fb-93be-7f671fc81478,Gwalior Distribution Centre 99,GWA-DI-99,"40, Mangal Ganj, Gwalior, Kerala, 541566",2024-01-08 09:01:53
be7e1df8-00ea-46c7-be3e-1f24fe26a534,Visakhapatnam Main Warehouse 51,VIS-MA-51,"76/527, Pillai Chowk, Visakhapatnam, Uttar Pradesh, 161692",2023-07-29 09:01:53
748686ee-b501-45cd-89bc-bc23ef4cf9b3,Allahabad Export Hub 34,ALL-EX-34,"45/11, Merchant Path, Allahabad, Jharkhand, 962757",2026-01-05 09:01:53
fad1f4a9-6c4d-46c7-91f3-8deadf8cefed,Nagpur Fulfilment Centre 26,NAG-FU-26,"H.No. 596, Bhandari Road, Nagpur, Assam, 582029",2024-12-05 09:01:53
a8fe3272-2485-4ed9-8fc8-bfa421262476,Thane Distribution Centre 17,THA-DI-17,"70/213, Pathak Path, Thane, Madhya Pradesh, 927557",2023-07-11 09:01:53
92498762-584f-4773-a091-6ed31d36620b,Ghaziabad Cold Storage 92,GHA-CO-92,"H.No. 928, Rao Path, Ghaziabad, Karnataka, 310278",2023-08-05 09:01:53
56780bf1-8b61-46d3-a139-0f4bd9633d5a,Lucknow Fulfilment Centre 45,LUC-FU-45,"81, Lad Road, Lucknow, Tamil Nadu, 394731",2023-08-20 09:01:53
fbb1c11e-553a-4834-9bf9-57de46d48351,Meerut Distribution Centre 60,MEE-DI-60,"172, Chahal Chowk, Meerut, Uttar Pradesh, 518844",2024-09-03 09:01:53
f9610dec-50d9-4c01-8314-a11cf9ffd759,Kolkata Retail Warehouse 2,KOL-RE-02,"258, Dara Ganj, Kolkata, Gujarat, 370589",2025-08-17 09:01:53
ffcc0894-3c2e-4e79-9a13-d2a3be794258,Lucknow Distribution Centre 11,LUC-DI-11,"H.No. 78, Chadha Street, Lucknow, Assam, 678669",2024-07-05 09:01:53
fc3d48f5-8dff-489f-9cf7-6e7620b5ebc5,Lucknow Main Warehouse 49,LUC-MA-49,"H.No. 251, Shukla Chowk, Lucknow, Sikkim, 289226",2025-11-19 09:01:53
a04ff8ee-1856-469b-9d4e-c14ae26b915e,Thane Bulk Store 31,THA-BU-31,"01/82, Gala Road, Thane, Goa, 358414",2023-11-21 09:01:53
20da0bf9-2b11-44bf-aa60-ddb911fe3d74,Navi Mumbai Cold Storage 17,NAV-CO-17,"842, Walla Road, Navi Mumbai, Assam, 992299",2024-11-21 09:01:53
f3338002-52e7-4c9e-8022-c910516dc615,Amritsar Export Hub 74,AMR-EX-74,"H.No. 90, Bumb Nagar, Amritsar, Arunachal Pradesh, 396907",2023-06-19 09:01:53
0be1cc1e-8da1-49d5-b6f9-99f430bc5f28,Agra Bulk Store 16,AGR-BU-16,"84/473, Mishra Marg, Agra, Manipur, 027677",2025-09-01 09:01:53
9fd81674-4a13-43dc-a76e-3cb278fcb2dd,Indore Retail Warehouse 10,IND-RE-10,"592, Nagar Path, Indore, Telangana, 625881",2023-09-14 09:01:53
c020b7b7-e817-49e7-acfd-0897b969fcf3,Raipur Export Hub 38,RAI-EX-38,"H.No. 37, Loke Zila, Raipur, Manipur, 210469",2025-05-04 09:01:53
3115909a-1a1d-455f-a684-ca88eb35d104,Visakhapatnam Sorting Centre 7,VIS-SO-07,"32, Munshi Path, Visakhapatnam, Gujarat, 787747",2024-03-01 09:01:53
f71259ce-ee15-47f4-9005-e4b4e548de21,Lucknow Sorting Centre 42,LUC-SO-42,"H.No. 168, Khosla Chowk, Lucknow, Gujarat, 004797",2026-01-25 09:01:53
53a6495b-1a9c-48cb-a916-91243988b5be,Surat Bulk Store 38,SUR-BU-38,"H.No. 80, Sankar Zila, Surat, Chhattisgarh, 565060",2024-10-08 09:01:53
e57762fe-eda8-400f-b632-0170cd0168bb,Bengaluru Distribution Centre 56,BEN-DI-56,"83/58, Borah Road, Bengaluru, Madhya Pradesh, 849912",2025-06-05 09:01:53
493f9556-26d7-4d6d-a8c7-e1f02b120dbc,Patna Main Warehouse 31,PAT-MA-31,"H.No. 655, Pau Circle, Patna, Tripura, 398680",2024-12-07 09:01:53
18ec8594-e142-4be8-ad22-46d5435c20c5,Indore Regional Depot 14,IND-RE-14,"H.No. 025, Venkataraman Chowk, Indore, Manipur, 982595",2025-01-31 09:01:53
711a2325-da97-4033-9c4a-e1f5a6abb992,Dhanbad Export Hub 14,DHA-EX-14,"694, Nayar, Dhanbad, Mizoram, 947055",2023-08-08 09:01:53
a5f5cf23-7ae9-4d19-b475-7427497d3b3c,Surat Retail Warehouse 95,SUR-RE-95,"16/940, Som, Surat, Himachal Pradesh, 097289",2023-12-26 09:01:53
2219555f-0092-4f79-95ca-2a13f6b0f027,Amritsar Export Hub 22,AMR-EX-22,"23, Choudhary Nagar, Amritsar, Gujarat, 756263",2023-08-20 09:01:53
75afaa04-561a-4cd7-baa5-f8dd2f7050ff,Kanpur Distribution Centre 2,KAN-DI-02,"89, Bhatia Chowk, Kanpur, Tamil Nadu, 838578",2023-11-12 09:01:53
8704c46f-89bd-4015-800b-5cb78796287d,Lucknow Distribution Centre 63,LUC-DI-63,"52, Walia Chowk, Lucknow, Karnataka, 497334",2023-09-11 09:01:53
59da597b-3d7a-46e1-8505-f5f5b4c7770e,Jabalpur Export Hub 24,JAB-EX-24,"43/44, Suresh Ganj, Jabalpur, Karnataka, 584419",2025-11-30 09:01:53
54b43776-80e4-4c6b-b086-e2517228cd5a,Jodhpur Fulfilment Centre 34,JOD-FU-34,"86/652, Basak Road, Jodhpur, Jharkhand, 574733",2024-09-29 09:01:53
53564c40-388f-4c38-9405-92d14941babb,Rajkot Storage Hub 74,RAJ-ST-74,"48/42, Khatri Zila, Rajkot, Haryana, 833016",2024-09-01 09:01:53
9c9e561c-9ef1-47e1-b75b-f1959d7b55df,Ludhiana Retail Warehouse 94,LUD-RE-94,"H.No. 71, Ahluwalia Street, Ludhiana, Nagaland, 677345",2024-04-10 09:01:53
d40719ba-403f-44f7-9b6e-fa7c329e5c26,Gwalior Retail Warehouse 30,GWA-RE-30,"H.No. 01, Kata, Gwalior, Nagaland, 262067",2024-01-28 09:01:53
61cb94a6-990d-4512-8b09-3533ba42e0b8,Varanasi Fulfilment Centre 70,VAR-FU-70,"400, Chhabra Road, Varanasi, Karnataka, 788728",2025-07-09 09:01:53
b186e349-95b2-49fd-82a4-c5a27a70f898,Pune Export Hub 23,PUN-EX-23,"43, Narayanan Zila, Pune, Goa, 420549",2024-09-04 09:01:53
244bd481-1aea-4095-b04c-e304bf1bf974,Kota Cold Storage 53,KOT-CO-53,"32/966, Narang Circle, Kota, Assam, 122753",2026-02-13 09:01:53
394bc3d6-6916-4424-a363-6281df40512b,Ludhiana Fulfilment Centre 74,LUD-FU-74,"H.No. 463, Loke Chowk, Ludhiana, Karnataka, 990453",2024-02-05 09:01:53
be828cff-5b8d-4274-a7b0-68a8db9a1f15,Srinagar Main Warehouse 64,SRI-MA-64,"H.No. 174, Ravi Street, Srinagar, Sikkim, 145933",2023-12-31 09:01:53
02dc467f-d24f-4040-bb25-11f953366737,Chandigarh Sorting Centre 70,CHA-SO-70,"727, Prakash, Chandigarh, Maharashtra, 833918",2024-03-08 09:01:53
cd815263-643f-4039-ba8a-626fda746c8f,Jodhpur Bulk Store 52,JOD-BU-52,"85, Choudhury Zila, Jodhpur, Arunachal Pradesh, 982258",2024-04-16 09:01:53
0fbd6212-4160-4b29-a99c-d46cea0f942a,Pune Retail Warehouse 62,PUN-RE-62,"13, Suresh, Pune, Assam, 072867",2024-03-28 09:01:53
3536c068-b6b6-4d11-a2db-8c32416df2d5,Hyderabad Bulk Store 64,HYD-BU-64,"08/74, Randhawa Nagar, Hyderabad, Himachal Pradesh, 391065",2025-07-16 09:01:53
b1c60dc7-fac9-475c-816c-9d3f07a6509f,Meerut Export Hub 19,MEE-EX-19,"18/017, Mangat Nagar, Meerut, Maharashtra, 265676",2023-10-16 09:01:53
c5809944-95b7-479c-a0ea-7814729be7bd,Mumbai Cold Storage 98,MUM-CO-98,"18, Pall Street, Mumbai, Bihar, 868230",2026-03-12 09:01:53
5bd0264e-3bd2-4bd6-a21a-4449d8660b32,Faridabad Export Hub 19,FAR-EX-19,"H.No. 478, Wali Marg, Faridabad, Madhya Pradesh, 375243",2025-12-18 09:01:53
9b441bba-7247-422d-9fc6-1bc55ae3706b,Raipur Storage Hub 24,RAI-ST-24,"10/690, Jhaveri Ganj, Raipur, Assam, 907903",2025-07-28 09:01:53
6dd074c4-5f63-4ca1-9a4c-885d18b52f4e,Jodhpur Cold Storage 42,JOD-CO-42,"06/738, Bhalla Ganj, Jodhpur, Chhattisgarh, 395995",2024-04-23 09:01:53
5a71a7e5-3eff-44b3-b9da-193363f05c9b,Lucknow Distribution Centre 51,LUC-DI-51,"428, Sachdev Ganj, Lucknow, Jharkhand, 089268",2024-04-18 09:01:53
483c7939-b31e-4a7f-a42d-3b1dc631ea40,Raipur Cold Storage 2,RAI-CO-02,"05, Vohra Marg, Raipur, Karnataka, 624628",2024-01-09 09:01:53
563f4588-7617-4f1a-bada-9ebc2b11c265,Ludhiana Export Hub 58,LUD-EX-58,"33, Dhawan Road, Ludhiana, Uttar Pradesh, 086688",2023-07-29 09:01:53
7648a967-69d7-48d6-82ec-50dc646718d3,Ahmedabad Regional Depot 52,AHM-RE-52,"634, Narayanan Ganj, Ahmedabad, Rajasthan, 751830",2024-08-08 09:01:53
c06447e0-469c-4f95-9b85-e4e2777b5172,Surat Distribution Centre 67,SUR-DI-67,"H.No. 69, Baral, Surat, West Bengal, 398373",2024-05-17 09:01:53
1aee3f7d-e866-4c29-b1de-f053e9fb053f,Tiruchirappalli Storage Hub 10,TIR-ST-10,"H.No. 40, Gupta Ganj, Tiruchirappalli, Telangana, 739363",2024-08-07 09:01:53
07d7e39c-bcc6-4205-a285-a3cd0fed8d5a,Jaipur Cold Storage 73,JAI-CO-73,"54/67, Parmer Circle, Jaipur, Jharkhand, 587717",2025-01-31 09:01:53
cebf53f2-0566-4ef8-ab51-f25bb7899bed,Aurangabad Sorting Centre 6,AUR-SO-06,"H.No. 35, Sachdev Path, Aurangabad, Arunachal Pradesh, 204899",2024-08-21 09:01:53
a6f6fa84-2414-46d4-816a-b13803ff2c8a,Jabalpur Export Hub 99,JAB-EX-99,"64/235, Raghavan Ganj, Jabalpur, Odisha, 785477",2024-04-15 09:01:53
26368c61-0d58-410b-84a6-ad15e7c4b016,Pimpri Fulfilment Centre 56,PIM-FU-56,"25, Dey Street, Pimpri, Telangana, 280801",2024-06-14 09:01:53
699772aa-3e9c-419d-ab7c-a575059422c1,Gwalior Export Hub 37,GWA-EX-37,"00/623, Dora Zila, Gwalior, Andhra Pradesh, 875099",2024-01-02 09:01:53
9e0685a8-0230-48aa-ae4e-b54d7c66ae2e,Ranchi Main Warehouse 21,RAN-MA-21,"70, Wali Nagar, Ranchi, Nagaland, 008484",2025-11-05 09:01:53
92b2ee89-45f3-403f-97a2-622084c89b7c,Bengaluru Cold Storage 5,BEN-CO-05,"H.No. 862, Char Zila, Bengaluru, Mizoram, 339845",2023-07-14 09:01:53
d1f54779-f90f-4a6f-a520-7d28d631734f,Gwalior Fulfilment Centre 85,GWA-FU-85,"H.No. 61, Ravi Path, Gwalior, Manipur, 341016",2023-11-04 09:01:53
141353a2-5e6b-4971-9395-2821e5d64b41,Ranchi Bulk Store 93,RAN-BU-93,"68, Bhalla Chowk, Ranchi, Rajasthan, 217659",2024-07-10 09:01:53
cbc1e2d9-e2cb-4d7d-ae3a-c0bb6fbe5440,Guwahati Regional Depot 65,GUW-RE-65,"H.No. 803, Soman Ganj, Guwahati, Himachal Pradesh, 148902",2023-06-26 09:01:53
74e73266-ce6e-49fe-bdf2-dac3e525511e,Patna Storage Hub 39,PAT-ST-39,"H.No. 03, Dhawan, Patna, Tripura, 142939",2023-09-23 09:01:53
b6477d0f-04f2-45e2-a0ca-4f8b48fd3e7e,Gwalior Cold Storage 95,GWA-CO-95,"85, Dey Marg, Gwalior, Uttar Pradesh, 850163",2024-06-28 09:01:53
58f8eeed-e89b-4a29-8a18-6cd7c3141d66,Navi Mumbai Export Hub 81,NAV-EX-81,"H.No. 599, Ranganathan, Navi Mumbai, Tripura, 047735",2026-01-06 09:01:53
505e54c7-75e3-4cd5-a9bd-abb15dd1d016,Madurai Distribution Centre 37,MAD-DI-37,"66/29, Chada Marg, Madurai, Tripura, 311426",2025-03-24 09:01:53
7453fd27-6db8-451d-a9ed-5f496c211350,Srinagar Export Hub 65,SRI-EX-65,"26/551, Ahluwalia Zila, Srinagar, Jharkhand, 541212",2024-12-01 09:01:53
1b719022-1766-46df-8c00-3d225dd7f8fc,Mysuru Main Warehouse 89,MYS-MA-89,"78, Vala Circle, Mysuru, Maharashtra, 015819",2024-05-13 09:01:53
61a205dc-1f6f-4450-8bd1-ae1b51fd9f8f,Srinagar Distribution Centre 46,SRI-DI-46,"56/04, Rama Marg, Srinagar, Tripura, 839826",2023-08-12 09:01:53
a7df6464-3011-4fc0-a8ab-2dac4b68f715,Kanpur Fulfilment Centre 70,KAN-FU-70,"244, Tailor Road, Kanpur, Chhattisgarh, 264647",2025-01-27 09:01:53
874d64c3-b8c9-441b-a092-2652ebd2270f,Srinagar Bulk Store 62,SRI-BU-62,"H.No. 543, Hayre Chowk, Srinagar, Manipur, 240659",2025-08-26 09:01:53
82fe5a62-2bf6-43e1-b296-09bb02fa939d,Ranchi Storage Hub 4,RAN-ST-04,"57, Sani Path, Ranchi, Uttarakhand, 459375",2023-08-01 09:01:53
ad31c6d2-e8c6-4f3f-916d-b6b597c050aa,Vijayawada Retail Warehouse 36,VIJ-RE-36,"654, Kibe Chowk, Vijayawada, Karnataka, 465193",2025-02-18 09:01:53
2833fb5e-f98b-45cc-8292-fd8e6c231431,Tiruchirappalli Distribution Centre 79,TIR-DI-79,"82/80, Kadakia Chowk, Tiruchirappalli, Manipur, 167243",2026-01-08 09:01:53
bf12cdf4-891f-4891-b7be-21bd2dcdc3c8,Solapur Retail Warehouse 64,SOL-RE-64,"H.No. 26, Borah Marg, Solapur, Manipur, 968868",2024-06-27 09:01:53
14ac9a77-2a50-4428-b260-d54a4e1f82ae,Ranchi Retail Warehouse 50,RAN-RE-50,"H.No. 589, Chopra Zila, Ranchi, Tripura, 529096",2024-09-06 09:01:53
e1c199a4-3a39-454b-9cf5-9a24b7ddfe9a,Surat Sorting Centre 74,SUR-SO-74,"H.No. 61, Chaudhari Nagar, Surat, Himachal Pradesh, 888993",2023-08-20 09:01:53
c89c1b8c-35f3-406b-9898-975e60f95729,Varanasi Export Hub 64,VAR-EX-64,"56, Tella Chowk, Varanasi, Chhattisgarh, 071461",2024-03-09 09:01:53
acd9d166-c970-4cd5-b48d-0e6c305165d7,Surat Storage Hub 41,SUR-ST-41,"H.No. 254, Shah Path, Surat, Uttar Pradesh, 875717",2024-10-02 09:01:53
d670a0b2-d7cc-48bb-a92d-bca226c6eb31,Coimbatore Fulfilment Centre 64,COI-FU-64,"75/140, Bajaj Zila, Coimbatore, West Bengal, 123828",2024-02-06 09:01:53
091ee9b8-3ddb-4660-ad2d-ce1995674734,Bengaluru Export Hub 41,BEN-EX-41,"586, Kata Chowk, Bengaluru, Uttar Pradesh, 226609",2024-04-16 09:01:53
1b8e9e19-bb49-4dda-b71b-5cb9464c222b,Allahabad Main Warehouse 52,ALL-MA-52,"796, Agrawal Marg, Allahabad, Tamil Nadu, 341918",2024-05-25 09:01:53
483bdd31-6515-4bb3-8406-b992720353b5,Kanpur Fulfilment Centre 48,KAN-FU-48,"553, Comar Chowk, Kanpur, Himachal Pradesh, 859696",2026-01-20 09:01:53
9d15624d-aa69-4a51-86de-3fd5e520233d,Chandigarh Regional Depot 4,CHA-RE-04,"15/57, Gera, Chandigarh, Uttarakhand, 991251",2024-05-04 09:01:53
0395a624-a5a3-40be-891c-a005c02efc83,Nashik Bulk Store 49,NAS-BU-49,"412, Dhaliwal Path, Nashik, Mizoram, 692966",2024-02-28 09:01:53
21e75594-6379-4222-a5e9-6bad59c58486,Vijayawada Cold Storage 88,VIJ-CO-88,"782, Ganesan Circle, Vijayawada, Meghalaya, 225790",2024-12-02 09:01:53
52fbf5ce-6906-4db9-96c4-af839651ca01,Coimbatore Main Warehouse 4,COI-MA-04,"H.No. 07, Hayer Street, Coimbatore, Uttarakhand, 887676",2024-04-24 09:01:53
5aa8958d-084b-44c9-ae1b-45388d77d7c3,Pune Storage Hub 36,PUN-ST-36,"77/219, Kannan Nagar, Pune, Jharkhand, 438427",2023-09-05 09:01:53
01607e64-31d9-43c4-9a80-aebda109f9fc,Ranchi Storage Hub 96,RAN-ST-96,"78/81, Comar, Ranchi, Himachal Pradesh, 807836",2025-03-29 09:01:53
b20f8851-c0b0-428b-bd42-961d60316a3a,Nashik Regional Depot 33,NAS-RE-33,"H.No. 340, Lall Chowk, Nashik, Kerala, 713395",2025-09-09 09:01:53
e612822e-2c99-4ea5-8e11-cda098af571b,Allahabad Bulk Store 59,ALL-BU-59,"96/292, Jhaveri Ganj, Allahabad, Uttar Pradesh, 958498",2024-07-15 09:01:53
3b2d4740-7c7b-46ce-95a4-7a4d3a8dcb3b,Meerut Fulfilment Centre 18,MEE-FU-18,"544, Loke, Meerut, West Bengal, 260422",2025-03-18 09:01:53
bd33e903-25d2-42bc-a239-aa0fc7d0ebf5,Vijayawada Regional Depot 24,VIJ-RE-24,"253, Suri Marg, Vijayawada, Chhattisgarh, 667116",2024-05-30 09:01:53
759e0beb-1b43-4f6f-ab8d-c0718d2080b5,Bhopal Storage Hub 88,BHO-ST-88,"45/77, Agate Path, Bhopal, West Bengal, 751863",2024-09-15 09:01:53
8957efa0-76f7-45fb-b2b1-2040c707d8db,Hubli Sorting Centre 35,HUB-SO-35,"37, Naidu Road, Hubli, Uttarakhand, 589297",2023-12-27 09:01:53
52deb2a4-4347-4229-a439-f359b4c291d0,Meerut Fulfilment Centre 25,MEE-FU-25,"H.No. 00, Sharaf Zila, Meerut, Andhra Pradesh, 277063",2024-09-01 09:01:53
8a0890f6-27eb-496a-bdd7-88dcf80a55c3,Coimbatore Distribution Centre 44,COI-DI-44,"24/241, Krishna Path, Coimbatore, Assam, 206436",2025-01-24 09:01:53
897fb721-5305-4b02-ab75-3da237706981,Lucknow Regional Depot 11,LUC-RE-11,"11/037, Deo Zila, Lucknow, Odisha, 870051",2024-04-13 09:01:53
bdc11488-93d1-428b-b7bc-8ece4f2af30b,Kota Cold Storage 24,KOT-CO-24,"27, Karnik Zila, Kota, Madhya Pradesh, 115542",2024-09-15 09:01:53
4b3ccbff-dedb-47d2-b60b-f203667ba855,Mysuru Cold Storage 93,MYS-CO-93,"22, Wali Zila, Mysuru, Odisha, 927532",2023-08-03 09:01:53
7f819521-c068-4724-b3c1-083aceddefcb,Dhanbad Storage Hub 44,DHA-ST-44,"97, Chadha Ganj, Dhanbad, Bihar, 196565",2025-02-09 09:01:53
935693b1-d2ea-4482-b44f-668f6f7a74da,Lucknow Sorting Centre 22,LUC-SO-22,"341, Mane Ganj, Lucknow, Tripura, 438983",2025-01-25 09:01:53
d22ca1f3-88be-40b2-9e05-88cefe5afc72,Jabalpur Fulfilment Centre 89,JAB-FU-89,"64/037, Chowdhury Marg, Jabalpur, Haryana, 918055",2025-07-30 09:01:53
a2db80c7-93d6-43e8-8dcc-5e5cbffecaa9,Ludhiana Export Hub 78,LUD-EX-78,"696, Gera Path, Ludhiana, Tripura, 109104",2024-01-04 09:01:53
e9cc86a6-1875-4372-97e7-98e2308275c9,Kota Cold Storage 14,KOT-CO-14,"006, Mangat Circle, Kota, Rajasthan, 661889",2025-07-29 09:01:53
42d2181e-e787-4cba-a323-0c391c1a5ba3,Navi Mumbai Distribution Centre 72,NAV-DI-72,"414, Vaidya Zila, Navi Mumbai, Gujarat, 856914",2024-03-17 09:01:53
2bfa6e1c-a2f7-4552-a536-3b4e661d3af0,Meerut Cold Storage 47,MEE-CO-47,"63/031, D’Alia Marg, Meerut, Manipur, 421020",2026-02-16 09:01:53
268401a7-3baf-4100-8f86-1d00cf888859,Madurai Retail Warehouse 67,MAD-RE-67,"758, Lad Circle, Madurai, Goa, 241056",2025-06-18 09:01:53
efeb7245-3682-4f80-a75d-9f499fb72348,Faridabad Export Hub 42,FAR-EX-42,"H.No. 81, Bose Road, Faridabad, Meghalaya, 850792",2026-02-26 09:01:53
3e792924-553f-49df-bcc5-da47a1654ef3,Vijayawada Cold Storage 97,VIJ-CO-97,"H.No. 24, D’Alia Zila, Vijayawada, Haryana, 003075",2024-10-31 09:01:53
2998c2f7-3a3a-4fce-8195-c2f080165b8f,Tiruchirappalli Regional Depot 34,TIR-RE-34,"22, Saini Nagar, Tiruchirappalli, Haryana, 365419",2025-07-28 09:01:53
5993674a-6e9e-470e-a30e-117779990108,Mumbai Fulfilment Centre 40,MUM-FU-40,"H.No. 18, Gola Nagar, Mumbai, Haryana, 617445",2024-06-09 09:01:53
2052a6b5-b8c6-4f04-8fa9-a992ce13aa96,Vijayawada Distribution Centre 87,VIJ-DI-87,"H.No. 870, Iyer Path, Vijayawada, Jharkhand, 937597",2023-09-11 09:01:53
e25ba8ab-3417-4a53-b4a2-cd4e77554214,Navi Mumbai Sorting Centre 10,NAV-SO-10,"832, Rout Nagar, Navi Mumbai, Andhra Pradesh, 850506",2023-08-09 09:01:53
7949ed62-c095-4a31-8805-422998d10c2e,Pune Retail Warehouse 77,PUN-RE-77,"41/383, Swamy Marg, Pune, Arunachal Pradesh, 410386",2024-11-04 09:01:53
373ef994-982d-4fbc-9525-e10eaedeef1e,Lucknow Main Warehouse 26,LUC-MA-26,"57/191, Deol Circle, Lucknow, Rajasthan, 199062",2024-09-26 09:01:53
9ed483ff-d837-46c0-8bd2-0aeed3be33f2,Guwahati Cold Storage 75,GUW-CO-75,"445, Narain Marg, Guwahati, Karnataka, 431329",2025-07-16 09:01:53
d59435b8-fdf3-4e02-bcb2-3477a470b74a,Pimpri Main Warehouse 12,PIM-MA-12,"H.No. 212, Shukla Chowk, Pimpri, Karnataka, 185374",2023-11-07 09:01:53
a3957bf5-ff7d-4470-acbc-2e2b0874325d,Nashik Fulfilment Centre 51,NAS-FU-51,"41, Dugar Zila, Nashik, Uttar Pradesh, 903521",2025-05-04 09:01:53
ac89f571-b8ad-41b5-8be0-0fd646414bdf,Kolkata Cold Storage 38,KOL-CO-38,"35/680, Lad Road, Kolkata, Uttarakhand, 067883",2024-12-05 09:01:53
1bef9bd5-8e3f-41a1-8320-99e6b7e79374,Ahmedabad Cold Storage 42,AHM-CO-42,"H.No. 712, Arora Zila, Ahmedabad, Arunachal Pradesh, 236519",2025-08-19 09:01:53
e43bbf0c-dbcb-45d1-85f8-d3d7b3b6fe24,Ahmedabad Fulfilment Centre 94,AHM-FU-94,"41/01, Sawhney Ganj, Ahmedabad, Uttar Pradesh, 151070",2025-09-18 09:01:53
f3728133-7c86-4251-a52c-d69ef74ce668,Nashik Sorting Centre 28,NAS-SO-28,"966, Balan Chowk, Nashik, Madhya Pradesh, 253244",2023-11-28 09:01:53
d40e5eaa-97d0-4f87-997b-d2781e7b9228,Rajkot Retail Warehouse 94,RAJ-RE-94,"20, Korpal, Rajkot, Rajasthan, 768701",2023-10-30 09:01:53
aed29474-2d53-49b9-86f5-5d4e3d4b7dfd,Allahabad Distribution Centre 31,ALL-DI-31,"H.No. 62, Iyengar Marg, Allahabad, Rajasthan, 806578",2023-12-18 09:01:53
1ffe29e3-a59f-4c17-aa2e-a944a3326271,Varanasi Retail Warehouse 41,VAR-RE-41,"59, Nagy Circle, Varanasi, Madhya Pradesh, 205930",2026-01-27 09:01:53
6c625096-70c1-4967-a1f2-ca04c0d7e3a2,Delhi Sorting Centre 35,DEL-SO-35,"H.No. 07, Parmar Circle, Delhi, Tripura, 213348",2023-07-13 09:01:53
ad4ac602-a872-4157-b759-a96b624900bb,Surat Distribution Centre 37,SUR-DI-37,"03/965, Goda Street, Surat, Haryana, 590599",2023-07-15 09:01:53
8ab27718-24fc-4053-b20f-e6c9139fa907,Tiruchirappalli Distribution Centre 5,TIR-DI-05,"937, More Circle, Tiruchirappalli, Goa, 010393",2024-01-10 09:01:53
4c3f8ac6-66cb-470c-b6d3-fdc64e899ef8,Agra Storage Hub 59,AGR-ST-59,"H.No. 870, Jaggi Path, Agra, Uttar Pradesh, 525002",2025-02-15 09:01:53
86b71c3b-710e-47bf-8118-937c20394cbc,Vijayawada Export Hub 16,VIJ-EX-16,"21/85, Prakash Zila, Vijayawada, Tamil Nadu, 915452",2024-04-01 09:01:53
95f363b2-6262-4d2f-9cbe-25bc7043cd34,Jabalpur Export Hub 61,JAB-EX-61,"675, Parikh Street, Jabalpur, Haryana, 644220",2024-08-17 09:01:53
f3e9fcd3-03f0-46ae-be77-3dd74e664f6b,Hyderabad Sorting Centre 94,HYD-SO-94,"96/902, Nadkarni, Hyderabad, Uttar Pradesh, 917251",2023-11-11 09:01:53
cc4d09ca-8f6f-4877-976b-c3307854e708,Jaipur Retail Warehouse 1,JAI-RE-01,"552, Nayak Zila, Jaipur, Manipur, 433154",2025-06-09 09:01:53
883e05a3-ab28-4d47-b362-3b7697b67709,Nashik Storage Hub 31,NAS-ST-31,"H.No. 006, Saini Chowk, Nashik, Goa, 765861",2023-11-01 09:01:53
738ffb37-6fdb-43ab-8c9b-eeea7a5b4cf9,Navi Mumbai Export Hub 72,NAV-EX-72,"93, Seth Street, Navi Mumbai, Assam, 405411",2023-10-19 09:01:53
5e83d7d0-3098-45f1-96da-33beff61ec79,Tiruchirappalli Cold Storage 52,TIR-CO-52,"H.No. 26, Borde Street, Tiruchirappalli, Nagaland, 599706",2025-09-29 09:01:53
fd7c0cb9-4ed2-4a9f-bc5a-31f30a1f03cc,Jaipur Cold Storage 72,JAI-CO-72,"29/620, Narula Zila, Jaipur, Gujarat, 688444",2023-12-07 09:01:53
5171bffa-2cef-4a61-b473-bf7ff38fb0d4,Tiruchirappalli Bulk Store 54,TIR-BU-54,"106, Swaminathan, Tiruchirappalli, Chhattisgarh, 506149",2026-01-14 09:01:53
f6bb04cd-df01-4079-8f61-5f9946e5df42,Ghaziabad Sorting Centre 65,GHA-SO-65,"31, Jhaveri Nagar, Ghaziabad, Goa, 171467",2025-01-13 09:01:53
651974a1-f1c6-4efb-aca8-2ed2606f9a52,Mysuru Retail Warehouse 69,MYS-RE-69,"41, Ram Circle, Mysuru, Goa, 652704",2024-12-17 09:01:53
0222ab2c-1ae6-489d-ac5e-6062e123a711,Pimpri Regional Depot 22,PIM-RE-22,"74, Luthra Ganj, Pimpri, Odisha, 211586",2025-10-24 09:01:53
e1af0466-73e0-4bdf-a8e0-f685cc541878,Amritsar Cold Storage 66,AMR-CO-66,"38/06, Sahota Circle, Amritsar, Nagaland, 937416",2025-04-03 09:01:53
25a5a136-ef6a-4e5b-894e-790b605b1ed1,Hubli Regional Depot 70,HUB-RE-70,"08/989, Din, Hubli, Bihar, 223320",2024-06-05 09:01:53
a811b670-00ed-4daf-9746-5e31a295e175,Ludhiana Sorting Centre 55,LUD-SO-55,"16, Divan Ganj, Ludhiana, Uttarakhand, 511686",2023-07-01 09:01:53
ad7124b0-a890-471c-8958-6690c20d2ab1,Nashik Cold Storage 92,NAS-CO-92,"54/87, Virk Nagar, Nashik, Uttar Pradesh, 162299",2023-11-04 09:01:53
fd22231a-ca33-45e7-b51f-bc0032882f4c,Vijayawada Regional Depot 23,VIJ-RE-23,"11/91, Wason Road, Vijayawada, Kerala, 467997",2024-10-16 09:01:53
378afcbd-dc4f-4107-ac61-ba820663f687,Jaipur Regional Depot 79,JAI-RE-79,"H.No. 246, Ratti Street, Jaipur, Arunachal Pradesh, 530745",2023-08-25 09:01:53
a58b3d1c-3a10-46b2-acb9-fc9d1b78d359,Pune Distribution Centre 89,PUN-DI-89,"H.No. 544, Swamy Road, Pune, West Bengal, 324754",2024-12-31 09:01:53
e1405ec0-c1da-4311-a9b8-866a5111c62b,Ludhiana Main Warehouse 18,LUD-MA-18,"69/137, Ray Ganj, Ludhiana, Telangana, 850821",2023-08-03 09:01:53
214f44e6-7ca9-42a4-a157-f7020f280897,Mumbai Main Warehouse 6,MUM-MA-06,"H.No. 86, Viswanathan Street, Mumbai, Odisha, 233030",2025-10-06 09:01:53
14ecf321-3295-4c38-aad0-a1c79fb6a826,Vadodara Cold Storage 82,VAD-CO-82,"05, Mahal Ganj, Vadodara, Kerala, 861035",2025-07-22 09:01:53
d3823a00-65ed-495e-92f1-f44c969e7dd5,Jabalpur Fulfilment Centre 10,JAB-FU-10,"97, Som Street, Jabalpur, Odisha, 524140",2023-07-07 09:01:53
23234c5c-de6a-4a75-84bd-90fce6d6c013,Bhopal Storage Hub 83,BHO-ST-83,"02, Kala, Bhopal, West Bengal, 334680",2023-09-28 09:01:53
a2ecdab9-5421-41b8-9c9f-94d0e78f9bca,Pune Cold Storage 41,PUN-CO-41,"07/229, Kapur Nagar, Pune, Himachal Pradesh, 466574",2026-01-03 09:01:53
14368a7b-f91d-4269-a5ff-013bf7dc8d35,Indore Main Warehouse 42,IND-MA-42,"748, Ranganathan, Indore, Odisha, 085899",2025-03-31 09:01:53
98f8b5b0-b867-4f7d-9cbf-327a3a6540ad,Dhanbad Main Warehouse 67,DHA-MA-67,"H.No. 41, Bhatt Chowk, Dhanbad, Karnataka, 544432",2025-08-18 09:01:53
dfbd2bf5-4b10-4433-b6f8-f56c859625c1,Jodhpur Bulk Store 72,JOD-BU-72,"30/96, Dey Path, Jodhpur, Telangana, 744666",2024-02-18 09:01:53
251e6d7e-01a4-4ea8-a2ec-ddfc2e7f2b08,Kanpur Distribution Centre 37,KAN-DI-37,"09/935, Warrior Ganj, Kanpur, Rajasthan, 584282",2025-05-08 09:01:53
aed21e33-f15e-445d-8145-5f8874a7a192,Patna Export Hub 68,PAT-EX-68,"H.No. 17, Kuruvilla Street, Patna, Telangana, 513534",2024-06-21 09:01:53
a834202b-76f4-4e70-aefe-4ad913e281e9,Faridabad Bulk Store 76,FAR-BU-76,"55, Menon Road, Faridabad, Manipur, 709991",2024-06-18 09:01:53
aa66e295-4940-4c09-ae7e-fbc879fff4bd,Guwahati Retail Warehouse 19,GUW-RE-19,"38, Raj Zila, Guwahati, Mizoram, 602235",2024-10-19 09:01:53
26da32e2-0817-48cc-ad62-1dcc94ee1f02,Chandigarh Fulfilment Centre 55,CHA-FU-55,"97, Mutti Street, Chandigarh, West Bengal, 175250",2024-12-10 09:01:53
a9f2f41d-4a1a-46b5-a380-00fda40f01d1,Jodhpur Retail Warehouse 93,JOD-RE-93,"H.No. 743, Dutt Street, Jodhpur, Meghalaya, 296666",2023-07-16 09:01:53
0797bbe3-ac82-4a6f-8d7e-f6670a351e40,Patna Bulk Store 20,PAT-BU-20,"60, Walla Nagar, Patna, Gujarat, 058300",2024-02-09 09:01:53
96f42b51-cae9-4e2f-8c15-fb98b13cae00,Mumbai Storage Hub 47,MUM-ST-47,"33/542, Rajagopal Zila, Mumbai, Mizoram, 210447",2023-10-30 09:01:53
fbda4503-3a0b-44d4-aeb5-d5585b2c1c6c,Navi Mumbai Storage Hub 48,NAV-ST-48,"89/856, Oommen Street, Navi Mumbai, Meghalaya, 326033",2025-05-24 09:01:53
b3e1f200-52f2-4a31-810b-1cad8d38184e,Indore Distribution Centre 68,IND-DI-68,"23/098, Dasgupta Street, Indore, Kerala, 648909",2025-08-03 09:01:53
ea34c719-6a58-4215-8eb0-ba0feba2b967,Kanpur Export Hub 14,KAN-EX-14,"H.No. 100, Saha Zila, Kanpur, Manipur, 184723",2024-02-19 09:01:53
b0cc095a-1020-439b-87a4-8547c7e18c91,Jaipur Fulfilment Centre 9,JAI-FU-09,"04/618, Devan Road, Jaipur, Maharashtra, 891411",2025-11-05 09:01:53
0d49eb5d-563d-48df-aef3-81685b8503cd,Nagpur Sorting Centre 19,NAG-SO-19,"39, Lall Ganj, Nagpur, Uttarakhand, 564208",2023-09-27 09:01:53
f9829332-2be3-4f59-9bf2-ad1225120166,Madurai Main Warehouse 81,MAD-MA-81,"37, Keer Path, Madurai, Andhra Pradesh, 119721",2025-05-06 09:01:53
395fce2d-f719-4c12-af1d-ef60fb0dc49c,Vijayawada Distribution Centre 8,VIJ-DI-08,"11/43, Minhas Chowk, Vijayawada, Himachal Pradesh, 012045",2025-02-21 09:01:53
bcd9bf71-1ef1-4a5e-9df7-9831fc0599f6,Hubli Main Warehouse 12,HUB-MA-12,"56/110, Devi Nagar, Hubli, Sikkim, 557941",2024-09-28 09:01:53
0a410ef7-be63-4ac9-ac2b-0ddc5d6f7bb9,Bhopal Bulk Store 34,BHO-BU-34,"H.No. 52, Rattan Zila, Bhopal, Madhya Pradesh, 467621",2024-10-29 09:01:53
b7d139f1-9a53-4e54-b8f7-2f91efbe1406,Lucknow Fulfilment Centre 92,LUC-FU-92,"021, Subramanian Marg, Lucknow, Uttar Pradesh, 296590",2024-08-25 09:01:53
32fc4c16-6987-4ec9-9797-c83a4c69e0c9,Aurangabad Cold Storage 4,AUR-CO-04,"27/716, Batra Chowk, Aurangabad, Assam, 508993",2024-09-15 09:01:53
72d8f0f9-bb48-4e05-aa95-f7574f45fd2c,Lucknow Retail Warehouse 52,LUC-RE-52,"58/891, Kothari Marg, Lucknow, Meghalaya, 628900",2024-09-29 09:01:53
6bacb1fa-c9cd-405d-96dc-8b883d5cd22f,Guwahati Distribution Centre 86,GUW-DI-86,"28/772, Swamy Zila, Guwahati, Karnataka, 540838",2024-12-03 09:01:53
ba27817a-4e24-4afc-8dcf-b1f7824a6afc,Kanpur Storage Hub 45,KAN-ST-45,"66/317, Sem Chowk, Kanpur, Assam, 751701",2024-11-08 09:01:53
42802fb0-3d30-4a46-89a9-f8686e4c7c9d,Aurangabad Cold Storage 34,AUR-CO-34,"60, Acharya Circle, Aurangabad, Uttarakhand, 994883",2024-02-09 09:01:53
e1759cf8-c08a-42da-9359-55c4d6e79972,Nashik Export Hub 81,NAS-EX-81,"75/503, Narula Chowk, Nashik, Nagaland, 571130",2025-06-15 09:01:53
f17ec782-cfb6-4344-8d08-43b5bb714262,Dhanbad Storage Hub 49,DHA-ST-49,"H.No. 54, Vig Circle, Dhanbad, Kerala, 027261",2025-10-07 09:01:53
448a04d9-1d0a-4f25-88c4-9283a984ad1e,Coimbatore Main Warehouse 42,COI-MA-42,"H.No. 93, Dara Ganj, Coimbatore, West Bengal, 373516",2025-10-20 09:01:53
ef7a2091-3763-4c8d-a4cb-827cf34d0fb7,Vijayawada Distribution Centre 66,VIJ-DI-66,"H.No. 917, Thaman Chowk, Vijayawada, Chhattisgarh, 080869",2023-11-29 09:01:53
4ee4974c-a305-40d5-89c7-4705b66eb0b2,Tiruchirappalli Retail Warehouse 49,TIR-RE-49,"82, Ghose, Tiruchirappalli, Telangana, 169958",2023-09-05 09:01:53
075d5ad1-1914-4ade-9b0f-49a65bbe16cb,Raipur Export Hub 31,RAI-EX-31,"69, Mahal Ganj, Raipur, Madhya Pradesh, 472269",2024-02-26 09:01:53
8eb14e2e-d23e-48fe-8fcb-88992cee34e8,Ahmedabad Bulk Store 7,AHM-BU-07,"84/858, Iyer Ganj, Ahmedabad, Gujarat, 522885",2024-08-29 09:01:53
08f92140-0c9d-4825-8e54-12901f65918c,Kanpur Retail Warehouse 16,KAN-RE-16,"15/879, Sahni, Kanpur, Sikkim, 608106",2024-05-23 09:01:53
c8767280-ca5d-4e24-8dfc-8ac8b275bdbc,Dhanbad Storage Hub 9,DHA-ST-09,"003, Dyal Road, Dhanbad, Jharkhand, 204380",2024-12-01 09:01:53
b04f3969-929f-4b2f-8744-f26814836ad0,Kota Fulfilment Centre 26,KOT-FU-26,"H.No. 71, Kapur, Kota, Telangana, 384066",2024-12-16 09:01:53
36f5e692-93e8-44a9-8966-86ae203b75f0,Guwahati Fulfilment Centre 73,GUW-FU-73,"58, Arya Nagar, Guwahati, Telangana, 397359",2024-05-12 09:01:53
30891fe2-d769-40fe-aa56-ba95c6c32fed,Jabalpur Storage Hub 4,JAB-ST-04,"93/34, Goel Chowk, Jabalpur, Sikkim, 228160",2025-04-15 09:01:53
dc2b1569-3d0e-43f9-a3ee-ecc02e3a20e5,Kanpur Storage Hub 20,KAN-ST-20,"48, De Road, Kanpur, Goa, 057202",2024-08-01 09:01:53
016ed0e3-f454-4275-91dc-5efb766a8485,Coimbatore Sorting Centre 28,COI-SO-28,"H.No. 90, Mitra, Coimbatore, Meghalaya, 158328",2024-02-15 09:01:53
a90483c3-4102-4055-99e3-9d17972c9882,Rajkot Storage Hub 13,RAJ-ST-13,"H.No. 826, Yadav Circle, Rajkot, Madhya Pradesh, 533555",2024-02-23 09:01:53
62ddc31d-4e64-4f35-8fc8-0198d7f08d2f,Varanasi Cold Storage 85,VAR-CO-85,"H.No. 39, Soman Circle, Varanasi, Nagaland, 157399",2023-10-22 09:01:53
1cb2a39d-1310-4a92-8f6b-c9e18879ad3a,Jabalpur Distribution Centre 82,JAB-DI-82,"056, Raju Zila, Jabalpur, Himachal Pradesh, 085887",2025-05-08 09:01:53
c41dbf52-172c-46da-a2cc-08e0ce2a2974,Bhopal Export Hub 71,BHO-EX-71,"04, Nagi Ganj, Bhopal, Mizoram, 128801",2025-10-18 09:01:53
e3e33649-822d-4c4e-82dd-05aa36d0e433,Bhopal Storage Hub 42,BHO-ST-42,"361, Yogi Ganj, Bhopal, Uttarakhand, 120750",2024-05-15 09:01:53
ba488cf7-8935-475d-ac76-7cc4b12e759d,Nashik Fulfilment Centre 74,NAS-FU-74,"H.No. 102, Bobal Road, Nashik, Odisha, 466766",2023-10-20 09:01:53
e09f07f1-795d-4648-8710-8e0d5d512d4d,Ranchi Fulfilment Centre 41,RAN-FU-41,"H.No. 06, Warrior Zila, Ranchi, Andhra Pradesh, 901581",2024-08-22 09:01:53
35c9fe4a-e43e-4996-af61-511a97e187eb,Vadodara Regional Depot 54,VAD-RE-54,"H.No. 49, Manda Zila, Vadodara, Tripura, 660728",2025-11-09 09:01:53
b49edf06-e658-4782-81c0-c4bee77ffe9f,Amritsar Retail Warehouse 95,AMR-RE-95,"268, Dhawan Road, Amritsar, Jharkhand, 088210",2024-02-12 09:01:53
cbabaf17-0640-4ebf-b3cc-b22893449643,Amritsar Fulfilment Centre 21,AMR-FU-21,"H.No. 996, Chada Circle, Amritsar, Jharkhand, 536822",2023-12-08 09:01:53
4219327a-0d70-4e14-8be6-a09e874e6be3,Meerut Regional Depot 32,MEE-RE-32,"394, Contractor Ganj, Meerut, Goa, 878141",2023-07-24 09:01:53
6ffe5c19-7464-48dc-958d-0b59036be491,Delhi Sorting Centre 43,DEL-SO-43,"H.No. 13, Sur, Delhi, Karnataka, 231491",2025-06-20 09:01:53
ec9d2a74-2dbf-467a-8e8f-06cfce329346,Visakhapatnam Sorting Centre 64,VIS-SO-64,"577, Mohan Path, Visakhapatnam, Tamil Nadu, 995562",2024-06-27 09:01:53
8b189774-fe9a-4c3c-b469-74ffe55e3888,Guwahati Distribution Centre 24,GUW-DI-24,"H.No. 533, Malhotra Marg, Guwahati, Uttarakhand, 257775",2023-09-12 09:01:53
387d8539-23cb-4731-957d-bf1f36eeea15,Srinagar Sorting Centre 75,SRI-SO-75,"H.No. 78, Gill Zila, Srinagar, Rajasthan, 428341",2024-12-20 09:01:53
ea0ccffc-8720-4727-bc2d-1961f8fce86d,Mumbai Storage Hub 74,MUM-ST-74,"10/809, Ravel, Mumbai, Tripura, 084887",2025-09-17 09:01:53
e9ad665d-ffed-4805-8151-901b1170faaf,Srinagar Distribution Centre 21,SRI-DI-21,"25/639, Desai Road, Srinagar, Manipur, 658039",2026-01-17 09:01:53
0f5121da-195c-443f-9eb3-dd12a501456f,Ludhiana Fulfilment Centre 86,LUD-FU-86,"28/272, Dhingra Street, Ludhiana, Telangana, 503731",2023-09-04 09:01:53
29fe6a62-9a4e-4fc3-ad6f-60323f1e36f6,Gwalior Retail Warehouse 98,GWA-RE-98,"H.No. 53, Jhaveri Nagar, Gwalior, Mizoram, 677005",2024-09-21 09:01:53
af15f8c6-a9dc-462e-b983-bca35f30d321,Amritsar Distribution Centre 28,AMR-DI-28,"H.No. 844, Ghosh, Amritsar, Madhya Pradesh, 591846",2024-10-28 09:01:53
a5ea4b6a-b12d-46be-b25f-1a75565beb1c,Guwahati Cold Storage 18,GUW-CO-18,"865, Sur Path, Guwahati, Uttar Pradesh, 908272",2024-07-29 09:01:53
9a158f01-a637-4fd3-a04b-4ed17343950b,Howrah Export Hub 32,HOW-EX-32,"184, Doctor Ganj, Howrah, Goa, 591365",2025-11-01 09:01:53
ed9bf06f-05e9-45d2-9ae5-fc8826bdff87,Surat Main Warehouse 87,SUR-MA-87,"17/773, Edwin, Surat, Rajasthan, 030299",2024-02-03 09:01:53
395d6395-0e3e-433f-a1f1-d63106e8848e,Ahmedabad Storage Hub 47,AHM-ST-47,"280, Din, Ahmedabad, Arunachal Pradesh, 428699",2025-02-01 09:01:53
3096f854-7a41-45db-b9fc-b544f3b3afd3,Solapur Main Warehouse 71,SOL-MA-71,"04/137, Sinha, Solapur, West Bengal, 236929",2025-09-03 09:01:53
10e04b59-5398-4044-9fb7-2393729d00c3,Kanpur Main Warehouse 6,KAN-MA-06,"984, Oommen Street, Kanpur, Manipur, 366210",2025-06-16 09:01:53
305e822f-1493-469d-a18d-252fac8a41f1,Mysuru Export Hub 63,MYS-EX-63,"886, Char Street, Mysuru, Goa, 990881",2024-07-01 09:01:53
76972f61-e4fe-40f8-867b-159bf31a1e12,Kota Retail Warehouse 67,KOT-RE-67,"H.No. 729, Agarwal Circle, Kota, Tripura, 865086",2024-10-15 09:01:53
566cfd2d-496c-4a47-b523-80536a0b077b,Navi Mumbai Sorting Centre 57,NAV-SO-57,"765, Chaudhari, Navi Mumbai, Maharashtra, 473149",2025-03-22 09:01:53
a1520f5a-d557-4ee1-8815-d7dae2924df8,Kota Fulfilment Centre 89,KOT-FU-89,"64/30, Virk Nagar, Kota, Bihar, 635651",2024-02-16 09:01:53
a276e778-614e-440e-9a02-4a7705905e58,Solapur Cold Storage 86,SOL-CO-86,"694, Wason Road, Solapur, Maharashtra, 946368",2024-10-04 09:01:53
344b3545-3f0e-48e2-ade4-65b6f05e7433,Agra Storage Hub 31,AGR-ST-31,"72/58, Sule Circle, Agra, Himachal Pradesh, 956213",2024-05-31 09:01:53
3baa4519-d50e-4204-b8ec-abdd3cea2e75,Ranchi Bulk Store 8,RAN-BU-08,"21, Trivedi Ganj, Ranchi, Madhya Pradesh, 890260",2023-12-18 09:01:53
e0f1c340-b1ed-4ea9-b479-1896eb238b99,Mysuru Main Warehouse 26,MYS-MA-26,"H.No. 279, Chakrabarti Marg, Mysuru, Assam, 351906",2026-02-25 09:01:53
441c0e6c-0e8d-436a-aa76-1d69579ecb98,Pimpri Regional Depot 31,PIM-RE-31,"98, Bhandari Road, Pimpri, Tripura, 770384",2023-08-13 09:01:53
34cc1d4e-a1c0-4a81-9e18-9cc3d6c658ae,Faridabad Distribution Centre 74,FAR-DI-74,"098, Kata Circle, Faridabad, Punjab, 053021",2023-10-21 09:01:53
d80b514e-fac6-4507-8927-86176d2f2060,Coimbatore Cold Storage 15,COI-CO-15,"H.No. 65, Ravi Marg, Coimbatore, Odisha, 801184",2024-11-28 09:01:53
dc182e84-b535-4d0b-8622-c45795fe7d62,Chennai Cold Storage 21,CHE-CO-21,"89/554, Hayer Ganj, Chennai, Manipur, 904268",2023-07-12 09:01:53
afcf5fc0-7a2d-45d1-9635-13d411a3165f,Indore Sorting Centre 12,IND-SO-12,"H.No. 818, Oak Road, Indore, Bihar, 894769",2026-02-19 09:01:53
86f3e7de-c309-4b46-a95c-7eee78c41934,Tiruchirappalli Storage Hub 83,TIR-ST-83,"35, Sharma Chowk, Tiruchirappalli, Odisha, 714163",2024-07-31 09:01:53
4eb809be-878f-478e-8bf0-7d8bbf3adb88,Lucknow Sorting Centre 96,LUC-SO-96,"35/658, Andra Circle, Lucknow, Tamil Nadu, 341651",2025-03-23 09:01:53
98e6d81e-cd9c-4164-befa-6e0e0ab95edb,Raipur Main Warehouse 12,RAI-MA-12,"27/55, Luthra Ganj, Raipur, Goa, 733343",2025-05-08 09:01:53
94b96f27-8615-423e-8f92-7ee74d200e45,Nagpur Retail Warehouse 36,NAG-RE-36,"339, Dugal Path, Nagpur, Tripura, 117908",2024-05-14 09:01:53
4358e79f-f38a-4542-9884-5ecb2589cdbd,Hubli Export Hub 25,HUB-EX-25,"H.No. 759, Tailor Path, Hubli, Odisha, 728463",2026-01-15 09:01:53
1085c82a-16ae-4ad0-92a7-805d6f1d264f,Vijayawada Fulfilment Centre 1,VIJ-FU-01,"20/86, Zachariah Chowk, Vijayawada, Arunachal Pradesh, 627187",2024-08-01 09:01:53
263f156e-a713-49a6-ba80-a72313e4b17c,Rajkot Retail Warehouse 11,RAJ-RE-11,"H.No. 00, Raghavan Ganj, Rajkot, Odisha, 559428",2025-08-11 09:01:53
a98b4d25-8e55-4702-be4f-03577941c087,Kota Sorting Centre 64,KOT-SO-64,"H.No. 34, Oza Chowk, Kota, Kerala, 763655",2025-12-09 09:01:53
9ae87cfd-16a8-47d3-a140-017a97f3cc4b,Gwalior Distribution Centre 19,GWA-DI-19,"47, Deep Street, Gwalior, Odisha, 143866",2025-01-31 09:01:53
90e9fe31-aa9b-4bbd-8ad9-f4d6d9f64b3c,Hyderabad Storage Hub 94,HYD-ST-94,"227, Goda Nagar, Hyderabad, Maharashtra, 288574",2025-10-10 09:01:53
f6bf7fac-6830-4845-8aa8-7a022df4694a,Pune Fulfilment Centre 21,PUN-FU-21,"H.No. 89, Rao Nagar, Pune, Bihar, 034717",2025-11-14 09:01:53
b06b10d7-6220-4846-b4b8-7a865e43e460,Kota Retail Warehouse 53,KOT-RE-53,"54/558, Kurian Circle, Kota, Kerala, 615939",2024-11-22 09:01:53
df21a20a-4cfc-49d7-9f9b-adb96f01b3c9,Mysuru Storage Hub 7,MYS-ST-07,"82/45, Uppal Path, Mysuru, Meghalaya, 169472",2025-11-17 09:01:53
165179a9-25ec-4f12-9bee-e2fbacb7a464,Gwalior Distribution Centre 15,GWA-DI-15,"569, Ravel, Gwalior, West Bengal, 125355",2025-11-19 09:01:53
eb31805a-b14c-41e1-8c04-fdec4aef7470,Faridabad Bulk Store 14,FAR-BU-14,"44/964, Patil Chowk, Faridabad, Telangana, 622023",2025-11-02 09:01:53
d2c3b06e-f151-4978-a19d-902423ccb604,Kanpur Main Warehouse 16,KAN-MA-16,"41/326, Chandran Zila, Kanpur, Assam, 800681",2024-06-20 09:01:53
83ed193a-a0e4-4363-bfdf-70a903a9a975,Solapur Main Warehouse 58,SOL-MA-58,"H.No. 492, Ramakrishnan Zila, Solapur, Jharkhand, 347228",2025-10-26 09:01:53
3eb913aa-99b0-4b8b-8077-2e5bb0325c48,Solapur Cold Storage 85,SOL-CO-85,"005, Soni Path, Solapur, Manipur, 872829",2024-02-13 09:01:53
45eacebd-f3e8-400a-92fd-afe7476fe468,Allahabad Retail Warehouse 32,ALL-RE-32,"79/68, Mukherjee Circle, Allahabad, Kerala, 831745",2025-08-24 09:01:53
cf643c28-155f-4b33-abe1-40e8de817b35,Vijayawada Fulfilment Centre 5,VIJ-FU-05,"42, Anne Road, Vijayawada, Andhra Pradesh, 547807",2025-05-18 09:01:53
738a9c5f-1508-45d2-8125-16aad7dcc72d,Coimbatore Fulfilment Centre 56,COI-FU-56,"40, Master Marg, Coimbatore, Punjab, 085368",2025-02-18 09:01:53
cd737c28-1498-4d59-b5ae-b2a409e20796,Ludhiana Fulfilment Centre 69,LUD-FU-69,"63, Ramakrishnan Street, Ludhiana, Uttarakhand, 341638",2026-03-01 09:01:53
d54bf0ca-28dd-4ebc-b260-419889256710,Raipur Storage Hub 59,RAI-ST-59,"44/84, Guha Marg, Raipur, West Bengal, 224179",2024-05-17 09:01:53
839ac917-6f35-48a6-b5d8-7381b4a22184,Raipur Regional Depot 67,RAI-RE-67,"49, Guha Chowk, Raipur, Karnataka, 208021",2025-11-28 09:01:53
ed0036a5-6426-4273-88da-58fba070fc9f,Surat Regional Depot 23,SUR-RE-23,"H.No. 42, Anand Chowk, Surat, Haryana, 207356",2025-12-02 09:01:53
ed9628cf-2d80-4295-8f88-c4ea862578c9,Kolkata Regional Depot 3,KOL-RE-03,"H.No. 75, Balay Chowk, Kolkata, Karnataka, 204618",2023-12-27 09:01:53
e769392e-96b1-48b0-bc7e-efb275128832,Howrah Bulk Store 81,HOW-BU-81,"23, Raj Road, Howrah, Uttarakhand, 136730",2024-09-23 09:01:53
5754cd91-8f3d-450e-b01e-3219b18e767a,Jaipur Cold Storage 2,JAI-CO-02,"718, Solanki Ganj, Jaipur, Madhya Pradesh, 520881",2024-08-01 09:01:53
2f04358f-3602-42a7-9417-07c44719f484,Raipur Cold Storage 18,RAI-CO-18,"H.No. 74, Patel Ganj, Raipur, Arunachal Pradesh, 136502",2025-10-12 09:01:53
52beba56-d930-4e97-8b63-81600e892b0f,Gwalior Regional Depot 49,GWA-RE-49,"H.No. 91, Kibe Marg, Gwalior, Andhra Pradesh, 979251",2025-11-03 09:01:53
b2e2b0da-eca8-4e66-be91-d4588a586b4e,Delhi Sorting Centre 25,DEL-SO-25,"271, Nigam, Delhi, Tripura, 052812",2024-03-27 09:01:53
31b9e42d-4554-40b3-9a78-ffd8d6a58309,Nashik Cold Storage 93,NAS-CO-93,"35, Palan Circle, Nashik, Uttar Pradesh, 306524",2025-02-18 09:01:53
a2039c52-8ff9-408a-a460-48aa900c30dc,Chennai Main Warehouse 28,CHE-MA-28,"H.No. 778, Suri Road, Chennai, Gujarat, 855749",2024-03-12 09:01:53
1e1d6d25-d90f-4e09-8103-2b3d06d451fe,Raipur Sorting Centre 77,RAI-SO-77,"21/82, Merchant Chowk, Raipur, Uttarakhand, 857086",2025-03-26 09:01:53
a07fb34e-00cb-4e6d-9300-40f87b06adb6,Jaipur Sorting Centre 64,JAI-SO-64,"20/959, Nagi Ganj, Jaipur, Telangana, 863878",2023-11-22 09:01:53
54abc2e7-032a-45cc-b788-0a0e03993069,Delhi Distribution Centre 30,DEL-DI-30,"945, Nagy Marg, Delhi, Bihar, 810220",2023-06-26 09:01:53
ad80a291-bc98-4398-807c-7434f017b5c5,Aurangabad Distribution Centre 19,AUR-DI-19,"173, Balay Zila, Aurangabad, Odisha, 789940",2025-06-05 09:01:53
7af77bf7-7da7-493d-a7ab-773f45fc1398,Nagpur Bulk Store 46,NAG-BU-46,"H.No. 39, Arya Zila, Nagpur, Gujarat, 170586",2024-08-29 09:01:53
4f07144e-b8df-431e-8239-fc6257bd3ab0,Ghaziabad Export Hub 47,GHA-EX-47,"H.No. 09, Wadhwa Road, Ghaziabad, Arunachal Pradesh, 413811",2025-02-11 09:01:53
a82357f6-0204-498e-9e68-f24d67307f61,Vadodara Storage Hub 28,VAD-ST-28,"38/633, Kothari Circle, Vadodara, Odisha, 886195",2023-10-30 09:01:53
eaffb795-d650-4894-9806-3226fdf313af,Delhi Regional Depot 10,DEL-RE-10,"76/122, Ratti Circle, Delhi, Mizoram, 289755",2023-09-17 09:01:53
5136a6aa-c5d0-46bf-9e1d-ddcfb917da83,Hubli Storage Hub 4,HUB-ST-04,"55/66, Khosla Path, Hubli, Odisha, 684577",2025-10-21 09:01:53
9c4cc87a-54a3-4b68-8a6c-968ff6229144,Dhanbad Main Warehouse 55,DHA-MA-55,"00, Babu Road, Dhanbad, Mizoram, 404335",2025-11-08 09:01:53
a911d736-1ca2-42e1-8cdb-d97504141d59,Nashik Sorting Centre 21,NAS-SO-21,"H.No. 488, Dubey Circle, Nashik, Bihar, 752245",2024-11-09 09:01:53
d03acf34-0fd6-4527-b03a-091bb40b6954,Thane Export Hub 64,THA-EX-64,"33/44, Ratta Zila, Thane, Odisha, 157279",2025-06-03 09:01:53
32a40051-b066-4c1e-88f5-4b44dfb8f85f,Hyderabad Storage Hub 77,HYD-ST-77,"H.No. 940, Raj, Hyderabad, Assam, 556613",2024-06-18 09:01:53
89766037-86ff-4da4-b677-6163b37fbac6,Hyderabad Retail Warehouse 93,HYD-RE-93,"90/604, Barman Circle, Hyderabad, Karnataka, 583206",2024-03-06 09:01:53
928a4bff-b942-4f35-b88b-68f42e60db20,Kolkata Bulk Store 55,KOL-BU-55,"99, Chana Circle, Kolkata, Haryana, 462251",2023-10-14 09:01:53
eb7dc5ca-0176-4f39-9b83-7adbd75d07d7,Jabalpur Main Warehouse 53,JAB-MA-53,"90, Rastogi Circle, Jabalpur, Himachal Pradesh, 686227",2025-07-24 09:01:53
cd74f5df-6627-4469-95ea-62ce53f86da5,Jaipur Storage Hub 37,JAI-ST-37,"37/69, Viswanathan Ganj, Jaipur, Haryana, 146591",2024-09-17 09:01:53
2d0bac64-1fa7-47d4-9089-cab97bda1ede,Madurai Distribution Centre 44,MAD-DI-44,"H.No. 665, Halder Path, Madurai, Karnataka, 904259",2025-04-21 09:01:53
d426bf13-fdea-449e-b65f-aa982513d3ae,Visakhapatnam Storage Hub 88,VIS-ST-88,"92, Basu Chowk, Visakhapatnam, Uttarakhand, 352110",2024-06-06 09:01:53
7a6ba43f-2fbc-423d-bbf6-b153aa045482,Madurai Main Warehouse 29,MAD-MA-29,"924, Oza Nagar, Madurai, Tamil Nadu, 477053",2024-03-26 09:01:53
c4500a7b-be3b-4d52-8ceb-ce809b6ece37,Guwahati Regional Depot 5,GUW-RE-05,"83/388, Subramanian Road, Guwahati, Punjab, 069804",2025-07-02 09:01:53
1e146f1d-4d25-4faf-b750-d5aed3fd05cd,Hyderabad Distribution Centre 3,HYD-DI-03,"043, Madan, Hyderabad, Arunachal Pradesh, 016451",2024-06-22 09:01:53
c07e35e9-0c53-43d2-97f0-dbc233991cf0,Nashik Bulk Store 64,NAS-BU-64,"H.No. 463, Trivedi Marg, Nashik, Tamil Nadu, 579812",2024-08-14 09:01:53
051457c2-1464-4740-a609-07508af5ae63,Tiruchirappalli Retail Warehouse 48,TIR-RE-48,"878, Baral Nagar, Tiruchirappalli, Haryana, 576205",2025-01-05 09:01:53
35c4c690-3454-44d6-bf7a-03d3f4648eca,Vadodara Sorting Centre 9,VAD-SO-09,"55/438, Bhatia Road, Vadodara, Rajasthan, 608432",2025-02-28 09:01:53
74d28063-4ef4-4c30-ba5c-04ac1f0d4122,Srinagar Sorting Centre 87,SRI-SO-87,"H.No. 62, Raja Zila, Srinagar, Mizoram, 639264",2024-01-07 09:01:53
4d2ac2d5-6e2b-4803-98ed-b65fd6400d9e,Agra Cold Storage 37,AGR-CO-37,"57/82, Devi Ganj, Agra, Odisha, 248262",2025-01-03 09:01:53
9b09581c-6a07-4928-812c-81cf0802cc76,Kanpur Fulfilment Centre 33,KAN-FU-33,"92/518, Dani Circle, Kanpur, Goa, 205664",2024-11-08 09:01:53
126162fc-6cf2-44c4-8889-9c14293a5b04,Ahmedabad Storage Hub 33,AHM-ST-33,"42, Chhabra Ganj, Ahmedabad, Chhattisgarh, 099499",2024-11-27 09:01:53
58abbc4f-2f8c-4f3e-8775-38520e9c9d65,Varanasi Main Warehouse 15,VAR-MA-15,"39/33, Parmer Nagar, Varanasi, Assam, 289752",2026-01-28 09:01:53
d69b0de9-9071-4ecb-9e86-9883fc340a25,Howrah Main Warehouse 99,HOW-MA-99,"77, Gade Street, Howrah, Gujarat, 060463",2025-11-13 09:01:53
c60cd9ee-2353-46ad-9396-5c03ac5fbcf3,Navi Mumbai Distribution Centre 5,NAV-DI-05,"33/127, Suri, Navi Mumbai, Tamil Nadu, 736609",2025-08-14 09:01:53
01a7907e-5276-465b-bf23-1053a43e301d,Delhi Bulk Store 71,DEL-BU-71,"65/699, Yadav, Delhi, Mizoram, 817703",2025-07-22 09:01:53
b031e138-d906-447a-9024-9750bd30744e,Ahmedabad Retail Warehouse 52,AHM-RE-283,"86/08, Varty Marg, Ahmedabad, Tripura, 347644",2024-01-23 09:01:53
4f4c7039-e892-4f03-b1a5-8c669de2239b,Kolkata Retail Warehouse 21,KOL-RE-21,"26, Bhagat Road, Kolkata, Tamil Nadu, 771812",2025-01-05 09:01:53
3790d084-d7e9-4920-940e-316b419f6e37,Allahabad Main Warehouse 70,ALL-MA-70,"82/66, Seshadri Path, Allahabad, Andhra Pradesh, 793714",2026-03-01 09:01:53
3be1426a-8add-4661-985d-82e901bfae54,Allahabad Distribution Centre 94,ALL-DI-94,"H.No. 21, Comar Zila, Allahabad, Tamil Nadu, 518689",2024-04-27 09:01:53
59617915-3f51-497f-990d-75c72782aef5,Nashik Retail Warehouse 14,NAS-RE-14,"686, Garde Nagar, Nashik, Karnataka, 222064",2025-10-14 09:01:53
c3d14385-f297-4894-9bb4-3248ee2ac1cc,Jabalpur Main Warehouse 93,JAB-MA-93,"H.No. 74, Dalal Street, Jabalpur, Chhattisgarh, 094077",2025-11-24 09:01:53
456f5485-a640-48c7-bf73-b3cee7bdce6e,Ludhiana Main Warehouse 60,LUD-MA-60,"80, Tak, Ludhiana, Haryana, 977671",2025-12-18 09:01:53
2215950f-3a6f-4c13-a2e7-51a607e9db75,Nagpur Export Hub 6,NAG-EX-06,"90/38, Johal Road, Nagpur, Arunachal Pradesh, 205020",2025-01-20 09:01:53
12219b07-70b8-4f93-bbd7-c785bf6aff41,Srinagar Distribution Centre 32,SRI-DI-32,"99/451, Chopra Nagar, Srinagar, Maharashtra, 249998",2026-01-18 09:01:53
5ed500f2-71b5-49b6-984a-fec16b3bd7de,Aurangabad Fulfilment Centre 43,AUR-FU-43,"795, Chander Nagar, Aurangabad, Tripura, 556168",2025-12-23 09:01:53
c3f455bc-1656-4595-8af6-998316f59973,Hyderabad Regional Depot 47,HYD-RE-47,"H.No. 472, Maharaj Zila, Hyderabad, Karnataka, 833901",2023-06-25 09:01:53
ec9a5be0-6287-48a5-ab46-1b9aeec31cbb,Allahabad Regional Depot 63,ALL-RE-63,"81/79, Sane Road, Allahabad, Punjab, 489952",2025-05-11 09:01:53
cd5fd98b-6bcc-494e-9291-bfa4d3856e23,Nagpur Bulk Store 23,NAG-BU-23,"97/87, Gole Chowk, Nagpur, Punjab, 430107",2025-11-18 09:01:53
b430be4e-edc2-4ac8-9f0f-65e062b7cba0,Guwahati Fulfilment Centre 4,GUW-FU-04,"13/966, Nath Nagar, Guwahati, Kerala, 034414",2026-02-25 09:01:53
78aab9e6-9bb2-4676-b5c1-718b3211893c,Coimbatore Bulk Store 24,COI-BU-24,"H.No. 88, Ahuja Path, Coimbatore, Bihar, 569902",2025-03-22 09:01:53
d16c1cfc-2a78-466a-a79b-9c2e359b6034,Ranchi Export Hub 87,RAN-EX-87,"557, Banik Chowk, Ranchi, Rajasthan, 727857",2025-03-16 09:01:53
3bd4a5f3-e9f5-4738-af78-f1668003d828,Srinagar Bulk Store 91,SRI-BU-91,"08, Mutti Road, Srinagar, Nagaland, 395512",2024-12-30 09:01:53
7d4ef23a-68d8-4d7b-ac05-b5bd1823b713,Gwalior Regional Depot 64,GWA-RE-64,"H.No. 05, Warrior Marg, Gwalior, Uttarakhand, 996291",2026-02-12 09:01:53
351f8716-b59e-49e1-9faf-2881739656d6,Indore Distribution Centre 72,IND-DI-72,"H.No. 50, Sachdev Road, Indore, Assam, 357438",2026-03-09 09:01:53
63abf18c-c335-42b7-a487-0ba1618ecbac,Ludhiana Fulfilment Centre 823,LUD-FU-894,"H.No. 21, Barad Path, Ludhiana, Tripura, 178078",2024-01-09 09:01:53
8e364744-70fd-49c5-aac6-32af9226b230,Nagpur Sorting Centre 52,NAG-SO-52,"357, Mukherjee Circle, Nagpur, Tripura, 218230",2025-10-05 09:01:53
7644499f-aef2-4b9e-be5b-889f03b703fe,Srinagar Regional Depot 56,SRI-RE-56,"68, Agrawal Zila, Srinagar, Jharkhand, 915701",2023-09-16 09:01:53
c0d68e71-18fd-4810-947e-45bf0985f6f5,Meerut Bulk Store 20,MEE-BU-20,"40/94, Nagi Ganj, Meerut, Gujarat, 448571",2025-12-24 09:01:53
32981d58-0dc4-441c-835f-152643cd78d6,Agra Sorting Centre 9,AGR-SO-09,"H.No. 22, Contractor Road, Agra, Andhra Pradesh, 385854",2024-09-23 09:01:53
5a78457c-aae7-498b-b5e5-6cb1703eba39,Bhopal Storage Hub 90,BHO-ST-90,"493, Bobal Street, Bhopal, Jharkhand, 870207",2023-10-22 09:01:53
7f8c2b24-bb64-463d-ad82-0db1d891395c,Dhanbad Main Warehouse 5,DHA-MA-05,"01/601, Ramanathan Marg, Dhanbad, Goa, 954538",2026-01-15 09:01:53
b5578a00-7149-4a86-8e36-169d3a61a0cb,Pimpri Bulk Store 54,PIM-BU-54,"H.No. 792, Sidhu Zila, Pimpri, Bihar, 477332",2025-01-03 09:01:53
6fabf586-d797-44d3-ad1a-45b0d38f2944,Ahmedabad Regional Depot 43,AHM-RE-43,"45/62, Nair Path, Ahmedabad, Manipur, 017157",2024-06-11 09:01:53
5f6a28da-319a-4dde-a0a4-ea907d81b613,Jabalpur Main Warehouse 97,JAB-MA-97,"24, Datta Path, Jabalpur, Mizoram, 615814",2026-01-04 09:01:53
28f154ef-29fa-4b3e-a52d-18965ac08a9b,Pune Main Warehouse 58,PUN-MA-58,"76/96, Kohli Ganj, Pune, Nagaland, 761539",2024-07-20 09:01:53
0bb4b615-c3e1-42f2-8647-f277ec70de45,Amritsar Retail Warehouse 16,AMR-RE-16,"69, Keer Path, Amritsar, Goa, 971997",2023-08-22 09:01:53
dbdf76ba-628b-4c54-80bc-f317b4ce86f9,Visakhapatnam Main Warehouse 3,VIS-MA-03,"H.No. 81, Goda Chowk, Visakhapatnam, Jharkhand, 191965",2024-02-07 09:01:53
cfadabc1-9928-450d-8f29-79d3e5446352,Madurai Regional Depot 75,MAD-RE-75,"01, Dewan Ganj, Madurai, Odisha, 227846",2025-07-16 09:01:53
fce63a96-58dc-4bc9-b11d-43c7bcaa9daa,Ranchi Export Hub 9,RAN-EX-09,"97/33, Mistry Path, Ranchi, Odisha, 651909",2023-11-25 09:01:53
5ef99246-6dbe-418a-81ec-9c99a0c774e6,Guwahati Sorting Centre 97,GUW-SO-97,"62/40, Bera Path, Guwahati, Andhra Pradesh, 140369",2024-03-28 09:01:53
7c5ea4f6-997a-47c0-b8a7-6907deb695d2,Guwahati Regional Depot 74,GUW-RE-74,"56, Raj Marg, Guwahati, Maharashtra, 272386",2026-03-11 09:01:53
9c6cc073-2648-478d-a987-ce3c4aceb88f,Ghaziabad Fulfilment Centre 86,GHA-FU-86,"H.No. 62, Dass Road, Ghaziabad, Chhattisgarh, 102762",2024-03-20 09:01:53
f7eafa7d-81df-40c6-825e-a43b92dfd9e8,Chennai Cold Storage 23,CHE-CO-23,"H.No. 267, Sandal, Chennai, Punjab, 786876",2026-01-30 09:01:53
1159d596-7131-4537-b82f-e2681b5d02c2,Visakhapatnam Sorting Centre 78,VIS-SO-78,"H.No. 32, Amble Marg, Visakhapatnam, Odisha, 384689",2024-10-17 09:01:53
f9f3ffec-e75a-4c1c-ab1b-115c9de9aff9,Bengaluru Sorting Centre 39,BEN-SO-39,"H.No. 00, Subramanian, Bengaluru, Tamil Nadu, 197128",2024-05-21 09:01:53
48ae4295-2a94-4546-b5dc-ad3ed40fc9cb,Gwalior Retail Warehouse 51,GWA-RE-51,"H.No. 78, Virk Zila, Gwalior, Punjab, 371894",2024-01-02 09:01:53
075a62d7-70fc-46d9-9a49-ef0a1a0d5863,Gwalior Export Hub 64,GWA-EX-64,"05/80, Setty Chowk, Gwalior, Mizoram, 956544",2024-05-29 09:01:53
04367877-ad6c-4916-86b3-d8d899ce6602,Thane Distribution Centre 26,THA-DI-26,"094, Lad, Thane, Arunachal Pradesh, 929049",2024-11-25 09:01:53
a5508e21-aa63-4e2b-96ef-2bb68118b5d8,Jabalpur Retail Warehouse 88,JAB-RE-88,"H.No. 471, Tiwari Street, Jabalpur, Assam, 429444",2025-11-11 09:01:53
16bfdd52-af76-4c0a-8c4c-41b3ca5bcce3,Rajkot Bulk Store 78,RAJ-BU-78,"H.No. 192, Dora, Rajkot, Sikkim, 524372",2024-08-22 09:01:53
d04a479a-5552-49ac-a941-486c804c915a,Hubli Regional Depot 14,HUB-RE-14,"05/12, Dube, Hubli, Uttarakhand, 663723",2025-01-18 09:01:53
9c0a25b5-ee61-4b39-a03d-3715de5a15bd,Faridabad Distribution Centre 20,FAR-DI-20,"50/41, Ganesh Nagar, Faridabad, Manipur, 747836",2025-08-05 09:01:53
982f17d2-5f16-441e-a2e4-51ce15491df6,Amritsar Regional Depot 7,AMR-RE-07,"67/428, Arora Marg, Amritsar, Jharkhand, 658018",2024-11-03 09:01:53
63738628-2dcf-4988-83bf-b4121d2686f3,Dhanbad Sorting Centre 35,DHA-SO-35,"56/945, Loke Road, Dhanbad, Uttar Pradesh, 496739",2025-07-03 09:01:53
89257c26-d957-4738-a5f9-d1135a17260f,Thane Storage Hub 98,THA-ST-98,"852, Anne Path, Thane, Sikkim, 106181",2025-04-18 09:01:53
837a9922-94bd-40e8-b1af-22d2fbe4035d,Varanasi Storage Hub 27,VAR-ST-27,"75/344, Bandi Ganj, Varanasi, Andhra Pradesh, 093911",2024-02-19 09:01:53
469880a5-7ea0-4f40-83e4-de357d55c1b6,Chandigarh Export Hub 86,CHA-EX-86,"H.No. 926, Goyal, Chandigarh, Bihar, 447174",2024-07-17 09:01:53
6f755900-8991-40a4-9ece-808cf7337762,Gwalior Regional Depot 75,GWA-RE-75,"54, Borah Street, Gwalior, Himachal Pradesh, 665044",2024-08-09 09:01:53
b7d07381-6ae4-4065-a7d9-f9f771f90135,Pune Sorting Centre 58,PUN-SO-58,"717, Ramaswamy Ganj, Pune, Goa, 128639",2023-12-09 09:01:53
47ae36c2-6955-4420-93a2-548bba7fbc8b,Mumbai Distribution Centre 92,MUM-DI-92,"17/410, Bobal Zila, Mumbai, Odisha, 707200",2023-11-23 09:01:53
09890d7a-a901-4164-8c13-4b5e27147134,Visakhapatnam Storage Hub 56,VIS-ST-56,"64/256, Aggarwal, Visakhapatnam, Mizoram, 766183",2023-10-28 09:01:53
243c1979-be91-4948-94ea-316595471e91,Raipur Storage Hub 4,RAI-ST-04,"H.No. 671, Wason, Raipur, Kerala, 460158",2025-08-07 09:01:53
6d613497-9f06-4a80-b634-92cd0fbc23ed,Aurangabad Main Warehouse 66,AUR-MA-66,"H.No. 17, Jain Road, Aurangabad, Goa, 634615",2024-11-28 09:01:53
352a3a57-917c-4c89-a5a3-6f5655b7af1b,Ranchi Storage Hub 14,RAN-ST-14,"17, Dey Ganj, Ranchi, Arunachal Pradesh, 093761",2025-12-13 09:01:53
e6328606-ef64-4636-b6e6-ea14b5b344ce,Rajkot Main Warehouse 21,RAJ-MA-21,"47/87, Bansal Nagar, Rajkot, Karnataka, 506138",2024-05-07 09:01:53
954888f1-2c50-4d1e-ab57-28a1af114e63,Raipur Main Warehouse 81,RAI-MA-81,"82, Kaul, Raipur, Assam, 270790",2023-12-13 09:01:53
ddb7d242-59a2-4404-aa5c-1d59eb4af9c3,Raipur Regional Depot 13,RAI-RE-13,"202, Mohanty Nagar, Raipur, Uttarakhand, 792911",2023-10-26 09:01:53
d4702220-8ed7-43fc-8fb5-358152d0506d,Ranchi Distribution Centre 31,RAN-DI-31,"H.No. 799, Bhatnagar Ganj, Ranchi, Uttar Pradesh, 656519",2025-03-01 09:01:53
46943837-51fd-4c92-96f8-e7c224531ce6,Kota Sorting Centre 74,KOT-SO-74,"25/30, Ghose, Kota, Karnataka, 142625",2024-10-05 09:01:53
68c52053-3df5-4fb8-921f-0d1a3dd1005e,Gwalior Export Hub 75,GWA-EX-75,"27/39, Deol Nagar, Gwalior, Bihar, 207100",2024-12-10 09:01:53
219fb722-c3cf-4b81-8c78-0b770e5354a1,Surat Distribution Centre 11,SUR-DI-11,"194, Soni Marg, Surat, Tamil Nadu, 324876",2023-06-19 09:01:53
17f51a26-5f10-4380-9405-fb3bb114eacd,Srinagar Main Warehouse 94,SRI-MA-94,"290, Gole, Srinagar, Tamil Nadu, 914560",2023-11-09 09:01:53
c30279c3-b3a5-453d-80bf-76533fa28bc4,Ranchi Export Hub 81,RAN-EX-81,"33/18, Pathak Zila, Ranchi, West Bengal, 734031",2024-07-21 09:01:53
1b9cb66d-15a5-40f0-8980-41bb11867104,Patna Export Hub 4,PAT-EX-04,"772, Bassi Street, Patna, Arunachal Pradesh, 436459",2023-12-01 09:01:53
0cb22862-cc4a-4ced-a255-2414f54cfe78,Chennai Export Hub 52,CHE-EX-52,"01, Yogi Nagar, Chennai, Goa, 078113",2023-09-11 09:01:53
f6d93f57-37cd-4eef-b4d9-9b0f41d542d3,Visakhapatnam Regional Depot 69,VIS-RE-69,"79/956, Nanda Ganj, Visakhapatnam, Haryana, 531363",2025-10-24 09:01:53
8f9a051f-bc72-4ae5-ae6c-c6052be46455,Lucknow Distribution Centre 58,LUC-DI-58,"31, Sundaram Chowk, Lucknow, Arunachal Pradesh, 239726",2023-07-19 09:01:53
83849d71-323c-4c6b-94ed-4ada73588654,Agra Export Hub 66,AGR-EX-66,"H.No. 27, Parmer Ganj, Agra, Himachal Pradesh, 520904",2024-02-18 09:01:53
f7ba1617-6720-4d9b-a0c0-ef1fd8fb031f,Thane Sorting Centre 57,THA-SO-57,"177, Garg Marg, Thane, Tripura, 349292",2023-06-23 09:01:53
ae774fec-72fc-4a38-a448-f2bf45e2da5a,Navi Mumbai Cold Storage 57,NAV-CO-57,"83/16, Suresh Circle, Navi Mumbai, West Bengal, 977406",2023-08-03 09:01:53
ef455fb6-fe99-46f1-80d4-e1099ff6fab2,Mumbai Export Hub 23,MUM-EX-23,"33/569, Dixit Ganj, Mumbai, Odisha, 600780",2026-01-10 09:01:53
6ac1141e-393e-48b4-8475-a4a394065847,Delhi Regional Depot 70,DEL-RE-70,"86, Chaudhari Chowk, Delhi, Manipur, 318063",2026-01-26 09:01:53
fac4b239-bb7b-4361-848f-1e03e8e8671d,Rajkot Retail Warehouse 41,RAJ-RE-41,"543, Babu Zila, Rajkot, Meghalaya, 279907",2024-11-15 09:01:53
b8c39c82-d411-44fa-9409-baa48b930690,Raipur Distribution Centre 24,RAI-DI-24,"26, Prabhakar Street, Raipur, Rajasthan, 016580",2023-11-03 09:01:53
cd2c66a7-c974-4974-af90-b1a974ad1a26,Nagpur Bulk Store 73,NAG-BU-73,"H.No. 64, Johal, Nagpur, Uttar Pradesh, 950850",2025-12-17 09:01:53
b4a67078-4f91-49cc-8fde-6b434bc2ced8,Vadodara Sorting Centre 52,VAD-SO-52,"H.No. 657, Baria, Vadodara, Kerala, 281832",2025-12-11 09:01:53
b1539f36-32dc-40c7-bc68-4adfa16870da,Mysuru Distribution Centre 21,MYS-DI-21,"H.No. 38, Sridhar Zila, Mysuru, Telangana, 355486",2024-10-07 09:01:53
9c3e20e5-5e23-4224-8180-e2184c6ba9fd,Amritsar Sorting Centre 35,AMR-SO-35,"H.No. 01, Pai Path, Amritsar, Manipur, 881788",2023-12-25 09:01:53
002042a9-c50d-4c12-81e7-ce145225a5c9,Lucknow Sorting Centre 86,LUC-SO-86,"H.No. 79, Bhatti Path, Lucknow, Gujarat, 116241",2025-01-05 09:01:53
58cf7d0b-8373-46f1-8b4b-5870df8d5852,Howrah Export Hub 20,HOW-EX-20,"H.No. 241, Taneja Street, Howrah, Chhattisgarh, 804682",2024-11-25 09:01:53
c93daf60-c40b-4b9f-921b-5aeb199f8839,Solapur Bulk Store 75,SOL-BU-75,"56, Bail Chowk, Solapur, Jharkhand, 103856",2023-07-23 09:01:53
78d96869-58ac-4a29-abf3-08230f19f762,Raipur Retail Warehouse 86,RAI-RE-86,"55/79, Saxena Circle, Raipur, Manipur, 924243",2024-06-02 09:01:53
b9a53386-2fb1-41a0-9e0f-2ad10c59dcba,Hyderabad Regional Depot 6,HYD-RE-06,"54, Divan Nagar, Hyderabad, Kerala, 729284",2024-07-20 09:01:53
bd834537-8b2f-4321-9299-ddc641305e5f,Agra Fulfilment Centre 92,AGR-FU-92,"222, Dada Ganj, Agra, Arunachal Pradesh, 927452",2025-11-14 09:01:53
13c1cb22-ce7c-44e6-9658-c2014427b220,Visakhapatnam Distribution Centre 75,VIS-DI-75,"805, Divan Path, Visakhapatnam, Kerala, 828410",2025-01-05 09:01:53
9b50c783-304b-4572-bdd4-2ecceca731a5,Pune Cold Storage 55,PUN-CO-55,"72, Nagarajan Chowk, Pune, Chhattisgarh, 885474",2026-01-28 09:01:53
ffbaf591-4037-4145-8709-82e19de19c25,Amritsar Export Hub 83,AMR-EX-83,"29/75, Srinivas Zila, Amritsar, Arunachal Pradesh, 814069",2025-07-03 09:01:53
03dba6e6-2b52-42c9-a0c3-e7fe45f5a8c0,Kanpur Retail Warehouse 37,KAN-RE-37,"751, Bhakta Path, Kanpur, Punjab, 983430",2024-04-23 09:01:53
c0df3ef6-73d6-4c41-b85b-606e4441869b,Chandigarh Export Hub 72,CHA-EX-72,"H.No. 871, Ramesh Circle, Chandigarh, Gujarat, 599805",2025-07-28 09:01:53
728794b0-0f5c-4234-993e-3e5b04bf1d4d,Ludhiana Bulk Store 46,LUD-BU-46,"26, Raju Path, Ludhiana, Kerala, 455478",2025-11-25 09:01:53
f50a1c2f-2d91-44a3-89d7-d23bd6b46770,Tiruchirappalli Retail Warehouse 75,TIR-RE-75,"H.No. 376, Mani Chowk, Tiruchirappalli, Goa, 629912",2023-12-18 09:01:53
7141eabb-0656-40dc-a486-399d9a13ef81,Raipur Bulk Store 24,RAI-BU-24,"478, Bhatti Path, Raipur, Odisha, 106462",2025-05-19 09:01:53
99c7660f-e43b-4ebc-8216-9e7bf8e164a4,Jodhpur Main Warehouse 78,JOD-MA-78,"79/23, Raj Street, Jodhpur, Jharkhand, 049478",2023-08-09 09:01:53
ef079ab6-6f0e-4691-8e96-3d447611b15d,Rajkot Regional Depot 79,RAJ-RE-79,"73/002, Mital Road, Rajkot, Rajasthan, 146273",2025-02-22 09:01:53
554b1e8a-06ad-4b4e-9214-00eb0097fce5,Faridabad Export Hub 32,FAR-EX-32,"H.No. 147, Pathak Zila, Faridabad, Odisha, 964715",2024-03-07 09:01:53
ee4b9748-221b-43ce-9fe1-e71c5092d002,Visakhapatnam Sorting Centre 55,VIS-SO-55,"90/42, Bhardwaj, Visakhapatnam, Chhattisgarh, 725204",2026-02-16 09:01:53
98e23da6-84b9-4d42-b74a-d947cb0f5042,Pimpri Retail Warehouse 66,PIM-RE-66,"H.No. 65, Mann Nagar, Pimpri, Jharkhand, 832192",2025-04-29 09:01:53
f8226aa9-9e3e-4753-ad2a-dfd03845a473,Surat Distribution Centre 57,SUR-DI-57,"55/44, Char Path, Surat, Nagaland, 202845",2026-03-03 09:01:53
cea45f93-200b-467f-97f8-445f1ee9b0c7,Surat Export Hub 44,SUR-EX-44,"65, Chaudry Street, Surat, Gujarat, 833898",2025-11-30 09:01:53
1da9d3cf-11fd-4f87-96e8-e749ef3748d3,Faridabad Storage Hub 21,FAR-ST-21,"81/67, Dada Zila, Faridabad, Uttarakhand, 075452",2023-08-02 09:01:53
72335c33-f7e6-481d-a382-5e05940ef639,Agra Sorting Centre 98,AGR-SO-98,"98, Gera Path, Agra, Tamil Nadu, 013223",2025-07-09 09:01:53
8b788f38-8794-40ba-a5ec-bb5ed29196e7,Jodhpur Bulk Store 36,JOD-BU-36,"H.No. 23, Brar Street, Jodhpur, Maharashtra, 107603",2024-09-05 09:01:53
692d7b78-40dd-44df-b6d1-2fd23ec6fe51,Ranchi Storage Hub 1,RAN-ST-01,"H.No. 089, Singh Nagar, Ranchi, Bihar, 014011",2024-10-16 09:01:53
914307be-56da-473f-9646-4aabf14c16bd,Coimbatore Fulfilment Centre 35,COI-FU-35,"39/32, Balakrishnan Path, Coimbatore, Assam, 495528",2024-09-13 09:01:53
ab712393-f295-4ff8-9069-d76bfb234fd9,Meerut Export Hub 90,MEE-EX-90,"93/891, Atwal Zila, Meerut, Mizoram, 342801",2024-10-17 09:01:53
4648c400-c812-46ea-8ee2-c37d81fac177,Thane Sorting Centre 6,THA-SO-06,"875, Goyal, Thane, Manipur, 256638",2023-09-25 09:01:53
bb49402b-7e91-4401-b92e-418b63ca7564,Varanasi Storage Hub 34,VAR-ST-34,"615, Shukla Zila, Varanasi, Bihar, 754801",2025-02-03 09:01:53
8ac3c898-1dc2-4c33-b788-ac3f584546bb,Dhanbad Storage Hub 97,DHA-ST-97,"H.No. 71, Mander Marg, Dhanbad, Manipur, 738646",2024-09-21 09:01:53
b4b75063-8427-4ce1-af1f-eee26e6a0c40,Srinagar Sorting Centre 74,SRI-SO-74,"175, Arya Street, Srinagar, Sikkim, 167811",2026-01-04 09:01:53
bce110f3-8b09-4978-9eff-cb47f1418916,Varanasi Main Warehouse 80,VAR-MA-80,"669, Ganguly Zila, Varanasi, Assam, 353961",2023-11-12 09:01:53
b4b11625-ea28-4f65-bec1-047a0b56f4ad,Chennai Distribution Centre 39,CHE-DI-39,"674, Mahajan, Chennai, Tripura, 579678",2025-12-29 09:01:53
1b57b8f9-b6d3-4b1c-9759-4781b90ce7b8,Indore Distribution Centre 76,IND-DI-76,"H.No. 27, Das Zila, Indore, Himachal Pradesh, 732010",2023-09-09 09:01:53
84bdee1d-aa41-42fa-a7e3-7613b16155af,Mysuru Fulfilment Centre 46,MYS-FU-46,"H.No. 702, Narain Marg, Mysuru, Chhattisgarh, 991187",2024-05-06 09:01:53
93410e8a-eb05-4ca9-8078-656a306b9b40,Mysuru Sorting Centre 82,MYS-SO-82,"34, Swaminathan Chowk, Mysuru, Mizoram, 858800",2023-12-01 09:01:53
d8268b61-c5f9-429b-b1e8-3b0d3cbe6415,Lucknow Fulfilment Centre 418,LUC-FU-111,"16, Murty Chowk, Lucknow, West Bengal, 770028",2025-07-19 09:01:53
f93edbce-9b46-4124-936b-3af0fcbb17c8,Indore Retail Warehouse 93,IND-RE-93,"42/762, Ramachandran Road, Indore, Meghalaya, 978897",2025-01-21 09:01:53
72e61d11-9fcb-4f56-a806-afb102bd3da2,Mumbai Cold Storage 24,MUM-CO-24,"82, Bhalla Circle, Mumbai, Madhya Pradesh, 796954",2025-07-03 09:01:53
fcff4c23-cadb-49c6-8c06-9635bc860678,Bengaluru Regional Depot 42,BEN-RE-42,"H.No. 00, Bath, Bengaluru, Chhattisgarh, 590561",2024-08-22 09:01:53
667b14a1-b17a-4155-8f64-289d4f305d73,Navi Mumbai Distribution Centre 52,NAV-DI-52,"55, Panchal Marg, Navi Mumbai, Arunachal Pradesh, 334911",2025-04-08 09:01:53
109cd468-4bd6-4b16-a05f-2c149f4ca363,Tiruchirappalli Main Warehouse 22,TIR-MA-22,"H.No. 15, Bahri Street, Tiruchirappalli, Nagaland, 076986",2025-03-11 09:01:53
d60b4c0a-25c3-4fa1-949a-f9aca20bacdf,Pimpri Regional Depot 64,PIM-RE-64,"H.No. 07, Bains, Pimpri, Karnataka, 965917",2025-10-17 09:01:53
33c1bf08-6de2-4951-9f1d-05289631727c,Visakhapatnam Distribution Centre 79,VIS-DI-79,"H.No. 357, Nori Circle, Visakhapatnam, Goa, 563718",2025-12-05 09:01:53
c2e120be-e363-4618-b2e8-becf2e835fd9,Varanasi Cold Storage 84,VAR-CO-84,"440, Ratti Road, Varanasi, Uttar Pradesh, 919195",2026-02-10 09:01:53
a8216805-addb-46da-a49b-b9b17649ce8b,Nagpur Regional Depot 36,NAG-RE-029,"H.No. 19, Soman Circle, Nagpur, Maharashtra, 514846",2023-12-29 09:01:53
eab332d1-0e59-40df-8a6e-0580a05fa9e1,Coimbatore Bulk Store 52,COI-BU-52,"85/366, Varma Road, Coimbatore, Manipur, 082973",2023-10-31 09:01:53
32e91734-1075-4430-9432-0450dad664bc,Chennai Retail Warehouse 97,CHE-RE-97,"74/896, Bhasin, Chennai, Mizoram, 572324",2024-02-15 09:01:53
505158d4-4fd2-48e0-bb0a-d53d055cba82,Dhanbad Distribution Centre 99,DHA-DI-99,"65, Jani Zila, Dhanbad, West Bengal, 442493",2024-10-02 09:01:53
6c5d701b-7846-48d9-a4f1-2a44f6e7a67d,Jaipur Regional Depot 77,JAI-RE-77,"31, Handa Street, Jaipur, Andhra Pradesh, 477866",2024-09-09 09:01:53
25e0fb7d-3d4f-4549-9f28-cab6868c338e,Coimbatore Export Hub 81,COI-EX-81,"03/242, Kuruvilla Nagar, Coimbatore, Uttar Pradesh, 820700",2026-01-31 09:01:53
dd4a13e0-92c0-4c13-8e7c-5b861963fd44,Ranchi Export Hub 94,RAN-EX-94,"H.No. 594, Ray Zila, Ranchi, Kerala, 623198",2026-03-12 09:01:53
9069fcae-c00a-4f67-b1b1-8e32964db6be,Meerut Retail Warehouse 71,MEE-RE-71,"H.No. 898, Taneja Road, Meerut, Assam, 915596",2025-10-17 09:01:53
ba2745ed-b23f-46bd-a8cf-1fc45ec8f37a,Ahmedabad Regional Depot 11,AHM-RE-11,"36/321, Kala Street, Ahmedabad, Himachal Pradesh, 649078",2024-12-16 09:01:53
0e8498fe-f0f2-41dd-aeaa-30076e9602e1,Pimpri Bulk Store 67,PIM-BU-67,"H.No. 15, Sampath Circle, Pimpri, Meghalaya, 425754",2023-10-28 09:01:53
a1634fa1-e5ef-4ccd-8955-6d206d38616d,Ahmedabad Fulfilment Centre 42,AHM-FU-42,"H.No. 900, Kulkarni Ganj, Ahmedabad, Nagaland, 451837",2024-06-15 09:01:53
993c47b8-42c5-4c89-acaf-9547a2c956c2,Kanpur Bulk Store 81,KAN-BU-81,"06, Mitra Road, Kanpur, Assam, 432756",2025-02-22 09:01:53
c8ebd585-c43a-474a-b295-f27a9bd5a6d6,Visakhapatnam Export Hub 55,VIS-EX-55,"H.No. 417, Sachar Chowk, Visakhapatnam, Uttarakhand, 612481",2024-06-21 09:01:53
29a1f0a5-e652-4f3e-93d2-220cc9a8a422,Raipur Export Hub 80,RAI-EX-80,"H.No. 69, Narain Circle, Raipur, Manipur, 027206",2023-12-11 09:01:53
a3bf6c51-88bd-4a7a-9fb3-a6f5b85d8cca,Bhopal Sorting Centre 51,BHO-SO-51,"459, Choudhry Zila, Bhopal, Goa, 829657",2024-03-31 09:01:53
1ab2fdb2-8ee4-43ca-b460-a0ee9e2d1bac,Vijayawada Export Hub 57,VIJ-EX-57,"24, Narang Street, Vijayawada, Uttar Pradesh, 316526",2025-04-29 09:01:53
9aa93e29-baa6-4552-b4b9-2b120dd8219d,Navi Mumbai Bulk Store 73,NAV-BU-73,"93, Bajaj Nagar, Navi Mumbai, Nagaland, 173420",2025-04-29 09:01:53
bf96d77f-c955-4da6-8dfc-882a0000cfbb,Chandigarh Distribution Centre 42,CHA-DI-42,"96, Lad, Chandigarh, Chhattisgarh, 529108",2025-03-31 09:01:53
8e8e5181-a2f5-47de-af40-17d873e1ca75,Jabalpur Regional Depot 41,JAB-RE-41,"77, Kapur Zila, Jabalpur, Tamil Nadu, 344762",2023-12-13 09:01:53
7a6cc241-eeb1-47da-8551-3f439408f175,Raipur Main Warehouse 15,RAI-MA-15,"39, Mandal Ganj, Raipur, Telangana, 626204",2025-11-07 09:01:53
a4bdcc15-dbb2-4225-8348-2509b53f3b3c,Vijayawada Storage Hub 93,VIJ-ST-93,"H.No. 39, Kothari Chowk, Vijayawada, Kerala, 107256",2024-07-09 09:01:53
1476f35e-c8d7-4af5-9f94-67ffad8508bb,Kota Storage Hub 8,KOT-ST-08,"36/694, Chandran Zila, Kota, Nagaland, 053759",2023-10-31 09:01:53
894ca47f-077b-40ae-a3da-78441f6d5285,Kota Retail Warehouse 47,KOT-RE-47,"90/048, Raj, Kota, Jharkhand, 528092",2025-07-05 09:01:53
16c425ff-d8d7-4b31-a11f-bc8a29f897fa,Chandigarh Bulk Store 89,CHA-BU-89,"H.No. 28, Nori Chowk, Chandigarh, Manipur, 158624",2026-01-28 09:01:53
e0b7eadf-6f79-49d9-ba27-a562e0d768ae,Agra Distribution Centre 10,AGR-DI-10,"H.No. 502, Mand Chowk, Agra, Telangana, 644948",2024-11-14 09:01:53
f93e3f12-6354-4142-b012-6d589e7e1ba9,Kolkata Bulk Store 88,KOL-BU-88,"H.No. 62, Swamy Path, Kolkata, Tripura, 870320",2024-02-28 09:01:53
6d9e8034-a71f-496e-8333-38b47bfc9bb2,Hyderabad Fulfilment Centre 77,HYD-FU-77,"207, Gade Road, Hyderabad, Tamil Nadu, 617075",2024-09-10 09:01:53
6710aa9e-0735-496a-891b-c8f2e9aa8b96,Mysuru Export Hub 51,MYS-EX-51,"87/771, Dasgupta Street, Mysuru, Kerala, 342284",2025-08-14 09:01:53
a07c613b-7ed0-4146-b2ed-8dc7fdded10b,Rajkot Cold Storage 32,RAJ-CO-32,"93/90, Gole Circle, Rajkot, Maharashtra, 371504",2025-01-18 09:01:53
13f4c52b-fe5c-4be2-90a9-518c2cb2f6bb,Guwahati Storage Hub 13,GUW-ST-13,"16/591, Dube Path, Guwahati, Andhra Pradesh, 777490",2024-10-03 09:01:53
5be77a67-33a5-43c7-92e9-bb3f0766d6fd,Jabalpur Regional Depot 42,JAB-RE-42,"H.No. 09, Nair Chowk, Jabalpur, Telangana, 304501",2025-02-26 09:01:53
b33f3e42-b3cb-471a-8825-b0583c9a51d9,Gwalior Main Warehouse 49,GWA-MA-49,"96/16, Gokhale Road, Gwalior, Haryana, 103266",2024-11-02 09:01:53
788f4f77-7168-4691-bc07-d2d85a6aec6d,Mumbai Main Warehouse 4,MUM-MA-04,"H.No. 21, Swaminathan Road, Mumbai, Uttar Pradesh, 492515",2024-07-14 09:01:53
c839ce41-9c7d-40d6-9f36-2726b7ba5787,Madurai Sorting Centre 39,MAD-SO-39,"37/76, Loyal Chowk, Madurai, Odisha, 165926",2023-12-09 09:01:53
30f84059-7643-4a7b-90b4-3f492fb2e09a,Jaipur Regional Depot 68,JAI-RE-68,"61/085, Kapur Chowk, Jaipur, Rajasthan, 788147",2023-06-24 09:01:53
bb6bc5ab-0ef2-4688-a8e1-b24f91969c4e,Jabalpur Regional Depot 23,JAB-RE-23,"17, Dixit Road, Jabalpur, Chhattisgarh, 386490",2026-01-25 09:01:53
3e167c8d-69fc-462d-97a9-04f390a36326,Patna Bulk Store 49,PAT-BU-49,"10/81, Sandal Circle, Patna, Maharashtra, 794549",2024-04-15 09:01:53
81255790-e4b2-4db6-be13-8579ef5c2e2d,Pimpri Export Hub 79,PIM-EX-79,"H.No. 801, Gola Chowk, Pimpri, Uttar Pradesh, 601645",2024-12-24 09:01:53
d5d1c57c-1c2a-44ba-b42a-a48371948dca,Varanasi Retail Warehouse 53,VAR-RE-53,"77/94, Grover Path, Varanasi, Gujarat, 194168",2026-01-22 09:01:53
93cf042c-8b30-4108-bb59-0db250e6338e,Ghaziabad Bulk Store 34,GHA-BU-34,"H.No. 061, Garg Nagar, Ghaziabad, Rajasthan, 769749",2025-09-30 09:01:53
16863926-40f7-4a8e-b20f-652dd9d75829,Mumbai Regional Depot 41,MUM-RE-41,"56/41, Deshmukh Street, Mumbai, Andhra Pradesh, 103037",2025-01-05 09:01:53
47456548-bd7b-4e12-ba76-674b8ab8de96,Nashik Retail Warehouse 97,NAS-RE-97,"23/683, Mitra Zila, Nashik, Tripura, 276012",2024-12-16 09:01:53
e6737791-dad3-432b-a053-1c9220851b56,Ludhiana Export Hub 4,LUD-EX-04,"777, Sengupta Nagar, Ludhiana, Odisha, 349605",2024-08-07 09:01:53
2379273c-1ff4-4f12-a776-6e10f87d6306,Srinagar Regional Depot 99,SRI-RE-99,"H.No. 166, Mannan Chowk, Srinagar, Arunachal Pradesh, 678997",2025-04-22 09:01:53
7acdd1e1-e89f-459c-9776-6c811ef02981,Thane Fulfilment Centre 65,THA-FU-65,"080, Mutti Marg, Thane, Nagaland, 467179",2023-12-11 09:01:53
84a55560-f4f1-4a64-b3cf-5c302fcb4bf4,Gwalior Main Warehouse 55,GWA-MA-55,"57/602, Handa Road, Gwalior, Meghalaya, 738395",2025-11-01 09:01:53
c2fdc3ab-ef8e-493b-9e51-eb693698c361,Bhopal Cold Storage 34,BHO-CO-34,"72/46, Parsa Marg, Bhopal, Uttar Pradesh, 293417",2023-12-17 09:01:53
9b1b2b96-a53f-4980-9965-ee29a1d453f9,Meerut Bulk Store 17,MEE-BU-17,"232, Swamy, Meerut, Bihar, 743380",2023-10-22 09:01:53
154b7eca-2269-4822-9630-7c5d4bb5d6cb,Jodhpur Storage Hub 99,JOD-ST-99,"H.No. 545, Ghosh Street, Jodhpur, Uttarakhand, 156193",2025-01-10 09:01:53
8fd679fa-24d0-4899-91ff-15d94364f757,Ludhiana Regional Depot 7,LUD-RE-07,"H.No. 837, Oak Road, Ludhiana, Uttar Pradesh, 084289",2025-11-23 09:01:53
5813353a-0ce8-4623-8833-1386aaf21b4c,Meerut Cold Storage 78,MEE-CO-78,"10/771, Chaudry Zila, Meerut, Uttarakhand, 812135",2024-06-30 09:01:53
6e03c556-dc57-4b3c-b585-0023cd683b51,Agra Fulfilment Centre 7,AGR-FU-07,"478, Chaudhary Chowk, Agra, Chhattisgarh, 521376",2026-03-05 09:01:53
a12b245e-ad98-4c44-b292-7bf62ae91600,Chandigarh Bulk Store 21,CHA-BU-21,"H.No. 375, Tiwari Road, Chandigarh, Goa, 456532",2023-10-20 09:01:53
29985be3-dd70-4ffe-93ec-ff66a01cd3d9,Kanpur Distribution Centre 23,KAN-DI-23,"63/26, Rout Marg, Kanpur, Manipur, 072081",2025-10-10 09:01:53
c3b1acb4-105b-40ca-a736-981aea768bbe,Patna Storage Hub 98,PAT-ST-98,"H.No. 556, Saraf Street, Patna, Arunachal Pradesh, 029084",2023-12-18 09:01:53
ef115008-d5f9-4c41-b448-fb63bb7a4214,Srinagar Bulk Store 711,SRI-BU-673,"68, Murthy Road, Srinagar, Kerala, 489267",2024-11-14 09:01:53
641bca9c-4640-40bf-9a6a-c9288d1df447,Vadodara Bulk Store 18,VAD-BU-18,"38/997, Ravel Path, Vadodara, Tripura, 410856",2024-01-22 09:01:53
4313051f-d745-4744-9ba1-8e7daff361c1,Ghaziabad Sorting Centre 9,GHA-SO-09,"28/843, Vaidya Zila, Ghaziabad, Nagaland, 852008",2025-02-08 09:01:53
7bdc42d9-cd3c-4e5c-a38d-9c1b4c2e7238,Delhi Distribution Centre 11,DEL-DI-11,"43/46, Choudhry Circle, Delhi, Telangana, 548510",2025-09-14 09:01:53
568608db-5af9-420e-b535-d7ec80e64520,Pimpri Distribution Centre 12,PIM-DI-12,"17/490, Nori Chowk, Pimpri, Haryana, 544926",2025-02-26 09:01:53
71dc527f-2d1f-4b16-8033-a7b1ec530299,Navi Mumbai Regional Depot 69,NAV-RE-69,"31/58, Hans, Navi Mumbai, Uttarakhand, 712661",2023-12-19 09:01:53
cc25f5e1-874c-4454-bc28-c2186b797dea,Allahabad Bulk Store 8,ALL-BU-08,"H.No. 062, Kala Chowk, Allahabad, Manipur, 586988",2026-03-08 09:01:53
8b492a3b-9da5-47bc-a1e6-ca819976913a,Mysuru Export Hub 2,MYS-EX-02,"49, Sampath Chowk, Mysuru, Manipur, 622827",2025-11-24 09:01:53
4b25847f-7aa7-4c1a-a587-d0a6a6d4e846,Dhanbad Sorting Centre 67,DHA-SO-67,"72/881, Shah Ganj, Dhanbad, Meghalaya, 285196",2025-02-02 09:01:53
6b54967f-d0c5-4e3a-8ca0-2229a8a7c687,Dhanbad Retail Warehouse 72,DHA-RE-72,"H.No. 159, Baria Road, Dhanbad, Mizoram, 154544",2025-11-04 09:01:53
d71714c4-e535-452d-a142-26983236877b,Nagpur Distribution Centre 23,NAG-DI-23,"02, Sama Street, Nagpur, Arunachal Pradesh, 432701",2024-07-31 09:01:53
7ffc9e2a-6838-415a-90bb-ad1fbe4d1f08,Gwalior Cold Storage 57,GWA-CO-57,"51/06, Mukherjee Chowk, Gwalior, Odisha, 567922",2023-08-04 09:01:53
2e0f53fe-2825-43da-9e10-84b6e8b2221e,Mumbai Regional Depot 58,MUM-RE-58,"77/72, Chakraborty Path, Mumbai, Uttar Pradesh, 636580",2025-10-27 09:01:53
f53e5542-97a0-4a9d-9838-f587dd2ae6da,Guwahati Bulk Store 34,GUW-BU-34,"74/120, More, Guwahati, Nagaland, 813989",2023-10-23 09:01:53
fed60f33-4d6a-4ee8-8e3b-b3a3681d7d2c,Lucknow Bulk Store 10,LUC-BU-10,"H.No. 983, Thakkar Chowk, Lucknow, Andhra Pradesh, 820433",2025-10-15 09:01:53
68309251-fb92-42e3-8a7b-6eb93e15fa4d,Solapur Distribution Centre 22,SOL-DI-22,"97/189, Ratti Path, Solapur, Odisha, 705626",2026-01-19 09:01:53
8f17beba-ad8f-48dc-92da-7dd972fdb89e,Indore Export Hub 33,IND-EX-33,"H.No. 856, Chand Road, Indore, Bihar, 824224",2025-07-23 09:01:53
441fec9a-0d02-4a04-b573-1d04c4ca936a,Hubli Retail Warehouse 44,HUB-RE-44,"H.No. 246, Bhargava Street, Hubli, Punjab, 200461",2025-07-24 09:01:53
112e9404-3e74-4de9-b1ef-e05906511448,Varanasi Cold Storage 90,VAR-CO-90,"H.No. 26, Kuruvilla Path, Varanasi, Madhya Pradesh, 033993",2024-07-20 09:01:53
93441671-eac1-4444-aceb-26096575ece6,Solapur Bulk Store 97,SOL-BU-97,"88, Contractor Marg, Solapur, Himachal Pradesh, 578617",2024-09-15 09:01:53
3ce2121a-3bdd-41a4-aa4a-e20fece952f6,Hyderabad Retail Warehouse 71,HYD-RE-71,"H.No. 630, Chaudhuri Road, Hyderabad, Haryana, 496718",2025-03-21 09:01:53
d84c365b-f4e2-43ba-8071-7815da7f02ac,Jodhpur Storage Hub 48,JOD-ST-48,"258, Korpal Street, Jodhpur, Nagaland, 870079",2025-06-16 09:01:53
3145a975-69a0-4468-81c9-ce141932b542,Navi Mumbai Storage Hub 40,NAV-ST-40,"H.No. 20, Subramaniam Nagar, Navi Mumbai, Himachal Pradesh, 653984",2025-11-04 09:01:53
85e0e630-c90c-4e84-b927-95edda9936e2,Pune Export Hub 89,PUN-EX-89,"H.No. 289, Mital Zila, Pune, Assam, 128463",2024-02-04 09:01:53
6c2946a4-b6fe-481a-8b69-232d550bdd30,Thane Export Hub 42,THA-EX-42,"85/54, Mahajan Chowk, Thane, Haryana, 537950",2023-09-27 09:01:53
0c70c4cb-bb51-4f00-b16d-9bf20302e161,Visakhapatnam Cold Storage 97,VIS-CO-97,"20/970, Ghose Nagar, Visakhapatnam, Maharashtra, 681180",2023-07-16 09:01:53
730d4a1f-d0a1-4bd1-90d1-832d1f7287bc,Pimpri Main Warehouse 5,PIM-MA-05,"71/569, Ram Path, Pimpri, Goa, 175370",2024-04-21 09:01:53
81de3268-d0d1-466c-9784-a4e1c83569b6,Varanasi Regional Depot 40,VAR-RE-40,"045, Chana Ganj, Varanasi, Uttarakhand, 337504",2024-05-15 09:01:53
980630a7-d8cb-47f4-b64c-fb0c7d05945d,Nashik Regional Depot 84,NAS-RE-84,"93, Hayre Nagar, Nashik, Uttarakhand, 149872",2024-11-21 09:01:53
f1acc3b4-ba13-468d-9a9b-542c5acaafe3,Ludhiana Storage Hub 26,LUD-ST-26,"39/99, Bhattacharyya Street, Ludhiana, Odisha, 124938",2023-10-31 09:01:53
c96f05b2-1a46-439b-8a7a-ec86efa1c184,Chennai Distribution Centre 18,CHE-DI-18,"43/089, Setty Road, Chennai, Andhra Pradesh, 056641",2023-07-21 09:01:53
25056324-5718-4ec1-9a80-3b70a2eca762,Nagpur Storage Hub 92,NAG-ST-92,"87/758, Kapur Nagar, Nagpur, Arunachal Pradesh, 687506",2024-12-11 09:01:53
fc3fbe73-b41f-4311-bcab-c0d2e5762800,Patna Export Hub 79,PAT-EX-79,"519, Kara Nagar, Patna, Tamil Nadu, 133254",2024-01-21 09:01:53
31f370c2-2bbb-40b8-9739-40632a1c2615,Hubli Retail Warehouse 88,HUB-RE-88,"H.No. 107, Bajwa Marg, Hubli, Odisha, 431735",2023-07-26 09:01:53
fd1abf05-eef6-421a-8ecf-d4fb9d61127f,Vijayawada Distribution Centre 58,VIJ-DI-58,"H.No. 583, Sarna Zila, Vijayawada, Tripura, 791100",2024-12-21 09:01:53
ac2dc780-2499-471a-82ff-ee1bd0dc7377,Tiruchirappalli Bulk Store 98,TIR-BU-98,"51, Bhatia Street, Tiruchirappalli, Uttar Pradesh, 049611",2025-08-15 09:01:53
567c390b-ad61-45df-81bf-370fb1fca35b,Bhopal Regional Depot 83,BHO-RE-83,"08/046, Char Marg, Bhopal, Punjab, 399076",2024-05-27 09:01:53
18fecdba-e861-4462-9f27-d876b7d0af94,Kota Storage Hub 63,KOT-ST-63,"69, Chaudhuri, Kota, Karnataka, 785931",2025-09-22 09:01:53
4685288a-0091-4f15-81b9-30e0cc52f89c,Delhi Fulfilment Centre 72,DEL-FU-72,"H.No. 091, Hari, Delhi, Odisha, 845679",2024-09-09 09:01:53
48d13bc5-4771-4367-870d-8774066fe98b,Faridabad Storage Hub 10,FAR-ST-10,"23, Basu Street, Faridabad, Arunachal Pradesh, 496854",2023-09-07 09:01:53
2a363d9d-a37b-4dbe-9d29-83ba953e5a2c,Dhanbad Cold Storage 92,DHA-CO-92,"82/27, Oza Road, Dhanbad, Jharkhand, 089203",2026-03-02 09:01:53
dfb2b5ae-7938-481e-96ff-463dbf101de7,Madurai Export Hub 8,MAD-EX-08,"80/65, Iyer Ganj, Madurai, Rajasthan, 153779",2023-12-15 09:01:53
346c6826-cb22-41b6-af78-1a7eb4fd6cfb,Chennai Sorting Centre 50,CHE-SO-50,"59/959, Sahota Road, Chennai, Karnataka, 170730",2023-07-03 09:01:53
1fe1cf68-18ae-4975-bf1a-3c086a8346d7,Bhopal Main Warehouse 33,BHO-MA-33,"33/793, Srivastava Ganj, Bhopal, Telangana, 636205",2025-04-12 09:01:53
613043c9-8bb0-48ba-b238-e6ea32a07006,Guwahati Fulfilment Centre 5,GUW-FU-05,"H.No. 150, Contractor Circle, Guwahati, Chhattisgarh, 739500",2025-02-12 09:01:53
4b85c199-49a1-4866-b4e2-7567b2f3024d,Gwalior Fulfilment Centre 42,GWA-FU-42,"342, Lala Ganj, Gwalior, Telangana, 583230",2024-03-08 09:01:53
da7e74ce-6d9b-4c4b-83c5-269a4db23b0c,Ranchi Export Hub 19,RAN-EX-19,"410, Raghavan Street, Ranchi, Rajasthan, 534735",2025-06-14 09:01:53
0ab5a6be-da6f-4683-842d-494776db1eec,Vijayawada Fulfilment Centre 43,VIJ-FU-43,"H.No. 28, Saraf, Vijayawada, Tamil Nadu, 122338",2023-10-28 09:01:53
91554224-c7a3-4836-b00e-cf492267c174,Thane Regional Depot 2,THA-RE-02,"55, Sanghvi, Thane, Rajasthan, 099384",2026-02-06 09:01:53
932114ef-1af5-493c-84fa-ac640a07647e,Chandigarh Distribution Centre 66,CHA-DI-66,"530, Date Road, Chandigarh, West Bengal, 317912",2026-01-03 09:01:53
47018599-7f16-4a95-9f93-9dbe75eba3cb,Guwahati Bulk Store 57,GUW-BU-57,"68/57, Shetty Circle, Guwahati, Goa, 587774",2024-11-14 09:01:53
aaa3b3e1-418d-4847-b968-b210df73e62b,Navi Mumbai Regional Depot 66,NAV-RE-66,"69/03, Jain Ganj, Navi Mumbai, Manipur, 634669",2023-08-31 09:01:53
b61d9b5e-83a1-488c-be1d-1849a0400f5a,Chennai Bulk Store 45,CHE-BU-45,"548, Desai Zila, Chennai, Tripura, 478539",2025-09-19 09:01:53
4cd47feb-583b-401b-a568-54784d6e0027,Pimpri Regional Depot 33,PIM-RE-33,"H.No. 789, Sandhu Path, Pimpri, Manipur, 665754",2023-08-19 09:01:53
6d937d76-b205-47a9-bf10-00d28f61b4a1,Raipur Cold Storage 34,RAI-CO-34,"02, Kaur Chowk, Raipur, Himachal Pradesh, 514888",2025-06-19 09:01:53
238f6f0b-6a97-43b8-82ae-a6d2cb11f565,Varanasi Main Warehouse 69,VAR-MA-69,"14/311, Parsa Zila, Varanasi, Arunachal Pradesh, 535444",2025-08-11 09:01:53
77bcddf8-6947-4626-beb6-2ac968358030,Ranchi Cold Storage 89,RAN-CO-89,"928, Anand Road, Ranchi, Tripura, 456690",2026-01-06 09:01:53
71eafd7c-64c7-443d-9705-2622473baf03,Dhanbad Sorting Centre 80,DHA-SO-80,"82, Kari Marg, Dhanbad, Haryana, 738987",2025-08-04 09:01:53
686e2507-99df-4e2b-b5b4-64baee3474a6,Srinagar Export Hub 14,SRI-EX-14,"75/153, Sahni Marg, Srinagar, Gujarat, 780529",2026-02-27 09:01:53
c62e748f-d371-4d71-af14-c7c6f5d4ade3,Madurai Cold Storage 31,MAD-CO-31,"407, Nori Path, Madurai, Haryana, 668459",2024-05-24 09:01:53
55bbb88c-e043-4076-be35-29553646f166,Gwalior Distribution Centre 550,GWA-DI-468,"H.No. 902, Narayanan Street, Gwalior, Odisha, 636186",2023-07-05 09:01:53
b77c371a-fbfd-4fac-8df3-900455c1c2c7,Navi Mumbai Export Hub 85,NAV-EX-85,"715, Seth, Navi Mumbai, Rajasthan, 121820",2025-06-26 09:01:53
191b0e95-b6da-4f81-a457-c171428f84a5,Ranchi Bulk Store 80,RAN-BU-80,"97/023, Raju Zila, Ranchi, Jharkhand, 348170",2024-08-10 09:01:53
612b9e69-191a-4fcf-86d1-003ee2ff403d,Jabalpur Bulk Store 76,JAB-BU-76,"H.No. 80, Narain Street, Jabalpur, West Bengal, 621286",2024-09-20 09:01:53
c468c25e-41d0-403f-aa75-5ca60bf0bdf7,Navi Mumbai Storage Hub 98,NAV-ST-98,"16, De Ganj, Navi Mumbai, West Bengal, 467299",2024-04-06 09:01:53
00a3565d-7279-46df-942e-e9b45f02d0b4,Gwalior Main Warehouse 40,GWA-MA-40,"H.No. 93, Shanker Circle, Gwalior, Himachal Pradesh, 027169",2025-04-26 09:01:53
79e5c53d-de79-4ece-b780-63569c73b5cd,Dhanbad Sorting Centre 90,DHA-SO-90,"859, Sharma Chowk, Dhanbad, Manipur, 147546",2025-10-29 09:01:53
68801708-8444-41df-8c74-24f40ee8626b,Dhanbad Distribution Centre 36,DHA-DI-36,"26/32, Sankaran, Dhanbad, Manipur, 291603",2023-11-06 09:01:53
8b2fc572-04e4-4bc8-8623-6e1232b8d915,Srinagar Storage Hub 33,SRI-ST-33,"484, Kalla Zila, Srinagar, Meghalaya, 815118",2025-02-22 09:01:53
d932d6b8-7c58-4afa-809e-b4cba8884d8d,Thane Main Warehouse 12,THA-MA-12,"H.No. 67, Krishnan Street, Thane, Gujarat, 701765",2023-10-14 09:01:53
7aa0adcb-aebd-4e5e-a3eb-b73060f9a9f5,Solapur Sorting Centre 70,SOL-SO-70,"63/600, Contractor Road, Solapur, Tamil Nadu, 577711",2024-02-08 09:01:53
2cf2d8a8-4846-430f-8323-d0f1d35dfa73,Faridabad Regional Depot 23,FAR-RE-23,"37/27, Edwin Road, Faridabad, Goa, 912418",2025-06-13 09:01:53
d6422c3f-b499-411a-b075-a9d812db0454,Jaipur Fulfilment Centre 72,JAI-FU-72,"62/104, Sastry Street, Jaipur, Kerala, 308370",2024-05-19 09:01:53
caf2d8b5-d3e7-4a4a-a424-33673e28185e,Thane Sorting Centre 58,THA-SO-58,"81/647, Agrawal Nagar, Thane, Arunachal Pradesh, 335331",2025-09-29 09:01:53
bff0c6c2-1b8d-49bd-a671-695992b9ecca,Allahabad Fulfilment Centre 31,ALL-FU-31,"H.No. 600, Handa Path, Allahabad, Sikkim, 312206",2024-08-10 09:01:53
88658a83-506e-4446-bf71-60ab092c0939,Ahmedabad Storage Hub 15,AHM-ST-15,"15/58, Johal Ganj, Ahmedabad, Nagaland, 613315",2024-05-22 09:01:53
3cd1f29d-da27-45eb-8e7d-c59dc7a98b9c,Raipur Export Hub 64,RAI-EX-64,"H.No. 20, Mutti Marg, Raipur, Andhra Pradesh, 373149",2026-02-12 09:01:53
0a9ca519-5ff9-42f1-ae80-dd259610b0b1,Meerut Storage Hub 73,MEE-ST-73,"H.No. 01, Roy Ganj, Meerut, Jharkhand, 189241",2025-08-11 09:01:53
5d85dbdb-e85f-4dc8-b577-5358727a1753,Kanpur Export Hub 66,KAN-EX-66,"56/25, Nadkarni Street, Kanpur, West Bengal, 150997",2023-08-11 09:01:53
d286ec92-4afa-4935-b557-6efcc57deb55,Hyderabad Sorting Centre 72,HYD-SO-72,"83, Arya Circle, Hyderabad, Haryana, 914363",2023-08-11 09:01:53
a9df9d89-bd97-4584-ae6d-32a80f97779d,Indore Storage Hub 19,IND-ST-19,"10/25, Minhas Chowk, Indore, Gujarat, 630397",2025-11-10 09:01:53
6463296d-7603-4880-95b9-7536770610e4,Bengaluru Distribution Centre 2,BEN-DI-02,"52/450, Sachdeva Circle, Bengaluru, Rajasthan, 035533",2025-09-06 09:01:53
3fa13176-28d7-42cb-9402-2406ad01caaf,Thane Storage Hub 1,THA-ST-01,"03/39, Verma Marg, Thane, Karnataka, 701713",2026-02-26 09:01:53
e77d3bcd-d593-4ba3-8579-32707e5eb4db,Chennai Export Hub 50,CHE-EX-50,"H.No. 232, Ghose Zila, Chennai, Odisha, 381674",2024-11-27 09:01:53
90661085-0390-41f9-a986-55eb9d85965b,Varanasi Bulk Store 15,VAR-BU-15,"336, Kothari Street, Varanasi, Jharkhand, 973471",2026-01-27 09:01:53
0d541283-79fa-4c35-b455-5775dbac1949,Delhi Export Hub 81,DEL-EX-81,"H.No. 66, Sinha Street, Delhi, Manipur, 896270",2024-07-11 09:01:53
cac64060-6e72-4e0d-8a6f-6bda79db6dcd,Raipur Export Hub 87,RAI-EX-87,"61, Yogi Road, Raipur, Chhattisgarh, 467474",2024-11-07 09:01:53
2582de84-6dc5-458c-8878-df4860d7a12b,Guwahati Bulk Store 16,GUW-BU-16,"89, Bora Chowk, Guwahati, Karnataka, 732300",2026-03-03 09:01:53
60979d92-91c0-4e16-88fd-619f1233be79,Howrah Distribution Centre 38,HOW-DI-38,"57/66, Prakash Marg, Howrah, Madhya Pradesh, 491601",2025-09-02 09:01:53
3d7e05e2-3a89-4788-86ac-d5925a7092bd,Nashik Bulk Store 12,NAS-BU-12,"92, Sarin Ganj, Nashik, Himachal Pradesh, 875066",2025-05-23 09:01:53
2883e59e-d71f-47a9-bf32-ded552b32fab,Hyderabad Fulfilment Centre 71,HYD-FU-71,"33/705, Divan Nagar, Hyderabad, Himachal Pradesh, 243992",2025-05-22 09:01:53
ae3e7ff9-69ae-4aef-8da7-feeb0f152868,Ghaziabad Fulfilment Centre 83,GHA-FU-83,"H.No. 116, Buch Marg, Ghaziabad, Mizoram, 626448",2023-07-22 09:01:53
4c4abc56-ed53-4901-909d-62d9b9ec05d2,Kolkata Sorting Centre 66,KOL-SO-66,"69/46, Chopra Zila, Kolkata, Rajasthan, 243640",2024-01-31 09:01:53
1797bb1c-4113-4a2b-aa48-7c6098ae25b0,Hyderabad Retail Warehouse 36,HYD-RE-36,"701, Sahni Zila, Hyderabad, Mizoram, 462252",2025-01-07 09:01:53
38a66754-96d4-4747-9838-249b8e6b647a,Mysuru Export Hub 83,MYS-EX-83,"23/728, Seshadri Zila, Mysuru, Odisha, 230234",2025-10-24 09:01:53
289c7574-3b64-4880-b225-f69ecc53d67e,Nagpur Cold Storage 40,NAG-CO-40,"79, Ganesan Zila, Nagpur, Assam, 161415",2025-01-20 09:01:53
7f07da30-7fc1-408f-ab0b-d535e9e8bfc3,Jabalpur Cold Storage 87,JAB-CO-87,"H.No. 937, Chaudhuri Chowk, Jabalpur, Andhra Pradesh, 409013",2023-12-26 09:01:53
28936e04-a9f3-4157-bcd1-a663a4fae013,Ahmedabad Main Warehouse 1,AHM-MA-01,"06/98, Sunder Road, Ahmedabad, Meghalaya, 965555",2025-08-23 09:01:53
aa2a9e2f-3aca-41c9-8703-50ce5d1ddb91,Solapur Main Warehouse 59,SOL-MA-59,"566, Bhandari, Solapur, Kerala, 107620",2023-11-10 09:01:53
79429bc0-7cb5-4e1a-b29d-d7726966c2cf,Mysuru Bulk Store 24,MYS-BU-24,"18/43, Seth Path, Mysuru, Punjab, 863050",2026-03-11 09:01:53
e519ae70-38b2-45d6-b6aa-3ea0078e3252,Nashik Regional Depot 43,NAS-RE-43,"50/573, Sundaram, Nashik, Madhya Pradesh, 567164",2023-07-13 09:01:53
81638613-f1cd-4a15-a133-5df55a54317f,Hubli Sorting Centre 49,HUB-SO-49,"32/89, Balay Circle, Hubli, Chhattisgarh, 148727",2024-12-21 09:01:53
ac468efa-70d4-4ba7-a81d-d048410c3f8f,Chennai Cold Storage 3,CHE-CO-03,"H.No. 783, Kakar Ganj, Chennai, Goa, 160256",2023-09-02 09:01:53
1443636d-a82f-4932-a08c-79c196edba70,Chandigarh Main Warehouse 56,CHA-MA-56,"H.No. 34, Dasgupta Chowk, Chandigarh, Sikkim, 871539",2024-12-26 09:01:53
586ff648-fccb-451e-82e7-d890e0dc3414,Raipur Bulk Store 55,RAI-BU-55,"15/66, Sarkar Circle, Raipur, Uttar Pradesh, 341411",2025-06-12 09:01:53
ff73b96a-ccb3-46bc-acd2-4e9263816cc6,Kolkata Distribution Centre 2,KOL-DI-02,"H.No. 593, Pillai Zila, Kolkata, Chhattisgarh, 690409",2023-08-31 09:01:53
102b551f-2434-458b-85c5-cb411047ca5f,Madurai Bulk Store 48,MAD-BU-48,"36/65, Date Path, Madurai, Mizoram, 160875",2025-05-12 09:01:53
eaef3791-fcb3-4761-aa90-ed18f2a6db4d,Kolkata Distribution Centre 91,KOL-DI-91,"437, Din Chowk, Kolkata, Punjab, 209548",2023-11-05 09:01:53
cc6651ec-67c6-4731-afba-3c20bfac71f3,Thane Regional Depot 1,THA-RE-01,"14/973, Manne Chowk, Thane, Tamil Nadu, 052330",2023-12-08 09:01:53
26a4404f-d4d0-412b-b351-5876aad6cc1f,Srinagar Export Hub 42,SRI-EX-42,"764, Bains Street, Srinagar, Nagaland, 567566",2025-12-02 09:01:53
9976ace3-7bf3-4438-8d06-1a9dd5344513,Meerut Sorting Centre 76,MEE-SO-76,"H.No. 844, Ramesh Ganj, Meerut, Bihar, 590472",2025-06-12 09:01:53
cf369e48-e139-40c9-bb18-ac7fefcaf58b,Tiruchirappalli Sorting Centre 61,TIR-SO-61,"27/74, Kadakia Street, Tiruchirappalli, Gujarat, 059126",2026-01-31 09:01:53
6a9e6004-1674-452a-8e09-a2d0f35da038,Allahabad Sorting Centre 2,ALL-SO-02,"20, Parekh Zila, Allahabad, Meghalaya, 018596",2025-03-03 09:01:53
42889c00-ce85-4f66-8fba-ff1119a16544,Tiruchirappalli Export Hub 98,TIR-EX-98,"630, Khosla Zila, Tiruchirappalli, Madhya Pradesh, 492617",2025-08-27 09:01:53
60856dcd-553b-40b0-b9f8-2f7cd806f730,Varanasi Bulk Store 71,VAR-BU-71,"64/750, Dada Zila, Varanasi, Assam, 783099",2025-08-19 09:01:53
d03d1841-1739-4447-8927-da80e0704918,Patna Export Hub 19,PAT-EX-19,"74/19, Rajagopalan Street, Patna, Meghalaya, 492151",2025-02-21 09:01:53
7a1a2e37-43f0-43be-94f1-1953fec372c2,Ranchi Sorting Centre 73,RAN-SO-73,"82/606, Yadav Circle, Ranchi, Uttar Pradesh, 189813",2024-06-16 09:01:53
a0699795-5647-4af6-b5ea-1d0163366c19,Meerut Storage Hub 50,MEE-ST-50,"12/920, Sekhon Circle, Meerut, Uttar Pradesh, 102932",2024-07-01 09:01:53
14d75d5a-0f4f-4296-91c9-70c38074ae7d,Aurangabad Main Warehouse 68,AUR-MA-68,"H.No. 840, Dash Zila, Aurangabad, Mizoram, 582603",2025-07-18 09:01:53
0c350259-a7a1-4356-bb56-3e1cd243d246,Ranchi Bulk Store 72,RAN-BU-72,"H.No. 08, Walla Road, Ranchi, Manipur, 975859",2024-08-23 09:01:53
fe8ded83-1bd5-4eb5-932f-40e3b7f2262c,Allahabad Sorting Centre 16,ALL-SO-16,"83/10, Bansal Ganj, Allahabad, Gujarat, 432983",2024-11-16 09:01:53
48fe95e6-953d-4ced-8325-19bf1679ac14,Allahabad Retail Warehouse 79,ALL-RE-79,"54/29, Borde Marg, Allahabad, Nagaland, 462671",2025-12-30 09:01:53
760d5292-6057-476f-bb74-85d5752d8ac5,Nashik Main Warehouse 48,NAS-MA-48,"H.No. 62, Jani Circle, Nashik, Assam, 359892",2023-12-13 09:01:53
c829e2d9-1603-4d0e-9220-e03e1a3390af,Jabalpur Bulk Store 24,JAB-BU-24,"25, Raghavan Marg, Jabalpur, Andhra Pradesh, 141818",2025-03-08 09:01:53
ca99cec6-e062-4adf-984f-9ebbbc077d0f,Aurangabad Distribution Centre 73,AUR-DI-73,"15, Patil Zila, Aurangabad, Karnataka, 234016",2024-12-04 09:01:53
06c0976e-81d2-45e6-a81a-9f68f9245dc2,Faridabad Main Warehouse 89,FAR-MA-89,"611, Vyas Street, Faridabad, Telangana, 971859",2024-07-14 09:01:53
f39c9e3b-ace5-4a06-a00b-680f0aafcd3c,Bhopal Storage Hub 3,BHO-ST-03,"H.No. 84, Chaudhary, Bhopal, Arunachal Pradesh, 562588",2023-07-23 09:01:53
70bbbf8a-6fe8-47ee-9433-d89eb916a15b,Kolkata Storage Hub 56,KOL-ST-56,"67/92, Andra Road, Kolkata, Sikkim, 226940",2023-09-24 09:01:53
4dd189a8-3e81-47de-ad59-9413fa9d5beb,Chandigarh Cold Storage 59,CHA-CO-59,"53/967, Sarna Street, Chandigarh, Kerala, 844683",2023-10-27 09:01:53
a9d0d6cd-121e-4efb-9fa8-735acafe9104,Jodhpur Export Hub 74,JOD-EX-74,"H.No. 14, Munshi Marg, Jodhpur, West Bengal, 113129",2024-08-19 09:01:53
c8fcd22a-29ec-4ad5-ba4a-842c137e669e,Kanpur Bulk Store 2,KAN-BU-02,"H.No. 148, Anne Chowk, Kanpur, Maharashtra, 778816",2025-05-09 09:01:53
6219aef5-9d9f-4a6c-a435-d25a292ddee6,Kolkata Export Hub 1,KOL-EX-01,"H.No. 930, Warrior Marg, Kolkata, Telangana, 389097",2024-01-25 09:01:53
17c9b976-4302-4784-a66a-02dd4d1c9b78,Coimbatore Cold Storage 18,COI-CO-18,"832, Peri Zila, Coimbatore, Uttarakhand, 850676",2023-07-25 09:01:53
e13e396d-fc86-4276-90ba-6b5ceaaa109a,Chennai Retail Warehouse 47,CHE-RE-47,"515, Zacharia Ganj, Chennai, West Bengal, 447443",2025-04-05 09:01:53
bd532d2f-fa45-4f21-9626-abd091cab315,Navi Mumbai Cold Storage 16,NAV-CO-16,"H.No. 963, Varma Road, Navi Mumbai, Uttarakhand, 797050",2024-11-28 09:01:53
20ec1286-55be-4886-a104-6155927ee803,Amritsar Retail Warehouse 38,AMR-RE-38,"75/45, Ahluwalia Zila, Amritsar, Kerala, 650167",2024-03-21 09:01:53
26aa3455-3126-4958-99fe-58f2867db97c,Kolkata Storage Hub 63,KOL-ST-63,"188, Roy Street, Kolkata, Bihar, 024376",2025-05-15 09:01:53
b0f5dac3-9840-41f6-9572-30be629fd670,Faridabad Sorting Centre 24,FAR-SO-24,"H.No. 45, Gopal Marg, Faridabad, Nagaland, 177225",2024-01-02 09:01:53
f7a3f2d5-b469-4334-83e0-9896473f7894,Chennai Distribution Centre 70,CHE-DI-70,"60/531, Mane Ganj, Chennai, Arunachal Pradesh, 665023",2024-04-24 09:01:53
9159ef2b-8c3c-4f1a-b3f2-22232e3a73be,Madurai Export Hub 19,MAD-EX-19,"41, Suresh Marg, Madurai, Nagaland, 256862",2025-05-31 09:01:53
18b1fa95-0900-4f40-b9ab-e382a2b1c9db,Kolkata Sorting Centre 92,KOL-SO-92,"H.No. 102, Padmanabhan Street, Kolkata, Mizoram, 305690",2024-07-16 09:01:53
7053be38-1a54-466b-b017-99861c36d4f5,Meerut Storage Hub 56,MEE-ST-56,"74, Sunder Road, Meerut, Assam, 392823",2025-06-15 09:01:53
f7d9139a-8b46-4f03-bc7c-bcd4fd8e0fcf,Kanpur Storage Hub 19,KAN-ST-19,"H.No. 14, Sanghvi Ganj, Kanpur, Gujarat, 189239",2024-07-05 09:01:53
aa402143-5ec0-4f28-b4bc-7397d10f11ac,Dhanbad Cold Storage 66,DHA-CO-66,"23/126, Mahal Nagar, Dhanbad, Gujarat, 609310",2024-07-21 09:01:53
28178e4f-2823-43c3-b890-b2230a3ac291,Chennai Retail Warehouse 7,CHE-RE-07,"68, Kashyap Road, Chennai, Haryana, 670860",2023-12-05 09:01:53
ae3856d9-20ae-480d-8917-84bd3391b3ef,Guwahati Regional Depot 93,GUW-RE-93,"H.No. 14, Mand Path, Guwahati, Kerala, 350200",2024-02-25 09:01:53
a3e913dc-cb53-4646-825d-524ed8f3d917,Nashik Regional Depot 17,NAS-RE-17,"H.No. 534, Mammen Chowk, Nashik, Punjab, 624755",2025-11-27 09:01:53
bca5377e-de8c-40b4-8428-06574e885e85,Howrah Cold Storage 88,HOW-CO-88,"H.No. 11, De Nagar, Howrah, Karnataka, 598953",2025-05-18 09:01:53
4b5e01f8-e2fc-4fb4-b664-64e6e6b492df,Nashik Retail Warehouse 6,NAS-RE-06,"43/961, De Zila, Nashik, Rajasthan, 093371",2025-04-22 09:01:53
6660c66b-bcff-4bde-a0f6-dc7acba72fa7,Varanasi Export Hub 17,VAR-EX-17,"H.No. 895, Som Road, Varanasi, Tripura, 820236",2026-03-12 09:01:53
8bc9134c-335d-429a-a416-020f3a604e60,Coimbatore Storage Hub 17,COI-ST-17,"48/55, Dalal Chowk, Coimbatore, Maharashtra, 768802",2023-11-01 09:01:53
2ab988e6-7404-4b16-8a2f-5b0f74416a21,Nashik Retail Warehouse 1,NAS-RE-01,"42/40, Bhat, Nashik, Uttar Pradesh, 678812",2024-03-17 09:01:53
771b41a2-84a9-4b9f-b675-c65533c2194c,Coimbatore Main Warehouse 94,COI-MA-94,"86, Ramakrishnan Circle, Coimbatore, Madhya Pradesh, 320293",2026-01-23 09:01:53
2fc827fb-0c00-4970-a3e9-e01f7c332b5b,Chennai Bulk Store 29,CHE-BU-29,"08/78, Lad Circle, Chennai, Jharkhand, 448123",2023-08-10 09:01:53
5f5ffc2e-7992-4da7-a563-2503f91e26e4,Guwahati Cold Storage 53,GUW-CO-53,"H.No. 834, Divan Nagar, Guwahati, Himachal Pradesh, 403381",2025-06-06 09:01:53
30f4d27d-6142-444e-bbaf-fa66bc328dab,Hyderabad Retail Warehouse 22,HYD-RE-22,"H.No. 595, Chacko Path, Hyderabad, Tamil Nadu, 269450",2025-08-10 09:01:53
d0294407-fccb-4033-9460-4d1cdf723ba9,Jaipur Regional Depot 61,JAI-RE-61,"05/342, Babu Road, Jaipur, Nagaland, 649837",2025-09-14 09:01:53
24a215df-d22a-4936-9396-64049e767f1f,Navi Mumbai Storage Hub 72,NAV-ST-72,"543, Rana, Navi Mumbai, Chhattisgarh, 365271",2024-06-27 09:01:53
a8cf7117-2ae0-4007-99df-9ae94b2c6063,Ghaziabad Regional Depot 1,GHA-RE-01,"27, Goda Street, Ghaziabad, Gujarat, 240422",2026-01-14 09:01:53
18d51e0b-0071-4033-900d-1f8b8e8e8851,Kolkata Retail Warehouse 67,KOL-RE-67,"93, Dhar Zila, Kolkata, Assam, 376182",2024-05-16 09:01:53
426514e9-bbce-49f2-bea4-d7d27982ee1b,Allahabad Storage Hub 21,ALL-ST-21,"09/166, Choudhary Nagar, Allahabad, Uttarakhand, 023142",2024-04-08 09:01:53
181434ae-06ce-428c-a277-dab655030483,Visakhapatnam Retail Warehouse 31,VIS-RE-31,"90/018, Chada Path, Visakhapatnam, Gujarat, 797245",2025-12-12 09:01:53
bffda8fb-89e8-416e-8549-27b821e1c77a,Jaipur Bulk Store 10,JAI-BU-10,"23, Loke Nagar, Jaipur, Rajasthan, 001841",2025-02-09 09:01:53
f9c78fd1-4be6-4940-927f-aeb0bb372cf9,Ranchi Cold Storage 1,RAN-CO-01,"62/03, Karan Nagar, Ranchi, Maharashtra, 254361",2024-11-06 09:01:53
949f8fd0-163a-4c6a-b88e-5291f2cdeebb,Chennai Main Warehouse 45,CHE-MA-45,"21, Chaudry Ganj, Chennai, Jharkhand, 195151",2023-07-23 09:01:53
9abc58e8-ea3a-4113-894f-85e27eeda87f,Howrah Main Warehouse 12,HOW-MA-12,"H.No. 922, Wali Marg, Howrah, Karnataka, 624945",2025-11-16 09:01:53
b0db52d6-bc4b-4154-b86a-bcbbfb3567dc,Coimbatore Cold Storage 1,COI-CO-01,"H.No. 475, Bose Road, Coimbatore, Uttar Pradesh, 225267",2024-06-27 09:01:53
f19f010c-0a24-496d-a3c6-7cf10ce381d7,Kanpur Retail Warehouse 14,KAN-RE-14,"71/196, Dhillon Road, Kanpur, Assam, 226557",2023-11-30 09:01:53
b7896896-49ab-434a-ba5d-5cb9892bb7b4,Raipur Distribution Centre 41,RAI-DI-41,"76, Nath, Raipur, Chhattisgarh, 668788",2025-09-05 09:01:53
5fcef2c3-777a-4659-95ad-75ad7462f717,Varanasi Distribution Centre 96,VAR-DI-96,"88, Rajagopalan Ganj, Varanasi, Assam, 893135",2023-09-25 09:01:53
0886d688-b45f-4d21-a151-71051bd2510f,Bengaluru Cold Storage 30,BEN-CO-30,"H.No. 305, Som Circle, Bengaluru, Chhattisgarh, 055247",2023-07-19 09:01:53
f0575ef7-9eb9-4aed-aa53-6c3b5d57c4e1,Srinagar Main Warehouse 73,SRI-MA-73,"863, Kapur Ganj, Srinagar, Arunachal Pradesh, 126065",2025-10-26 09:01:53
a944b269-9c15-4dd6-8c62-1d39e71533db,Nagpur Main Warehouse 5,NAG-MA-05,"H.No. 191, Dugar Chowk, Nagpur, Andhra Pradesh, 521310",2024-11-26 09:01:53
a6a782ea-6a83-494e-b0da-9850beb7dc1f,Chennai Bulk Store 76,CHE-BU-76,"62/27, Wable Street, Chennai, Tamil Nadu, 765704",2025-04-27 09:01:53
0002288c-22dc-4e22-9be0-02adad6caac2,Kota Main Warehouse 1,KOT-MA-01,"H.No. 200, Ghose, Kota, Mizoram, 066784",2023-07-09 09:01:53
54567cfb-f18d-46f6-868b-33269de72212,Dhanbad Regional Depot 90,DHA-RE-90,"84/36, Magar Street, Dhanbad, Assam, 236903",2023-11-16 09:01:53
e6d5f71b-6de8-480c-b448-67c32075db37,Madurai Distribution Centre 65,MAD-DI-65,"28, Brahmbhatt, Madurai, Uttarakhand, 756620",2024-08-04 09:01:53
8ca37acf-7a78-4919-87ba-5283bea76026,Vadodara Export Hub 92,VAD-EX-92,"H.No. 63, Chopra Road, Vadodara, Bihar, 595034",2025-04-13 09:01:53
67fea0a6-272c-4741-9946-4cc40d8bf6ce,Chandigarh Regional Depot 30,CHA-RE-30,"811, Apte Ganj, Chandigarh, Tripura, 383034",2023-12-05 09:01:53
4c79d265-2a7a-48a9-a8b0-8d5b41f85765,Madurai Storage Hub 73,MAD-ST-73,"H.No. 990, Sule, Madurai, Arunachal Pradesh, 514054",2024-09-26 09:01:53
7ed173b8-977d-4449-9e91-c2e4d838abab,Aurangabad Bulk Store 76,AUR-BU-76,"83, Raman Path, Aurangabad, Telangana, 215681",2024-08-23 09:01:53
0502153f-466c-49c6-9ebe-fb874020ffac,Coimbatore Fulfilment Centre 53,COI-FU-53,"20/96, Barad Chowk, Coimbatore, Jharkhand, 271133",2025-03-27 09:01:53
10c5dd69-b3f0-403b-b209-70cc77834d0b,Jaipur Sorting Centre 33,JAI-SO-33,"22/889, Om Circle, Jaipur, Manipur, 545960",2025-06-02 09:01:53
d7f88697-c011-4dc8-899e-d0cd22c0c989,Dhanbad Distribution Centre 53,DHA-DI-53,"63/399, Dua Zila, Dhanbad, Odisha, 102481",2023-11-09 09:01:53
d0e4cc28-64ce-414b-8a81-57ea5738a90c,Solapur Distribution Centre 80,SOL-DI-80,"17, Gara Path, Solapur, Jharkhand, 149551",2023-12-23 09:01:53
2fe8711b-f9b4-40c6-8815-2b6dc92d4678,Solapur Export Hub 19,SOL-EX-19,"H.No. 274, Kunda Chowk, Solapur, Tripura, 219705",2023-06-18 09:01:53
23bcd5ff-3167-4dfa-8483-d65e6c36fdbe,Dhanbad Fulfilment Centre 40,DHA-FU-40,"H.No. 66, Dayal, Dhanbad, Manipur, 895516",2023-12-05 09:01:53
273513b7-ed4d-4cb3-9803-4e7ebdcdcc5b,Ranchi Distribution Centre 28,RAN-DI-28,"74/09, Konda Nagar, Ranchi, Tamil Nadu, 214629",2023-09-03 09:01:53
d031c288-03f8-45ec-a738-cd573c351968,Tiruchirappalli Distribution Centre 265,TIR-DI-341,"13, Shere Marg, Tiruchirappalli, Sikkim, 577871",2026-01-27 09:01:53
b6dcdc4b-d377-4367-8b63-eb84e4a58119,Surat Cold Storage 72,SUR-CO-72,"H.No. 216, Iyengar Marg, Surat, Madhya Pradesh, 155973",2024-05-04 09:01:53
b16fcef0-18cf-4e33-94ed-389ad37f7668,Vijayawada Bulk Store 29,VIJ-BU-29,"71/470, Dugal Circle, Vijayawada, Meghalaya, 359096",2024-04-12 09:01:53
07cbb822-ce9e-41f8-b7a8-fb767fa22219,Kanpur Distribution Centre 60,KAN-DI-60,"H.No. 567, Bhagat Ganj, Kanpur, Gujarat, 644212",2023-09-13 09:01:53
7ea4dbcd-8aa8-4601-b13f-3622a6698f70,Patna Fulfilment Centre 94,PAT-FU-94,"H.No. 461, Seth Road, Patna, West Bengal, 834201",2025-03-11 09:01:53
0d66a228-8ffe-47d6-9bbb-e7f036514dcd,Srinagar Regional Depot 68,SRI-RE-68,"54, Issac Street, Srinagar, Kerala, 778265",2024-01-22 09:01:53
949966e0-29cb-4355-8974-3c730ddca936,Bhopal Cold Storage 20,BHO-CO-20,"96/089, Brahmbhatt Ganj, Bhopal, Telangana, 550272",2025-01-08 09:01:53
447778d0-682a-4865-9ca8-78dc23399b4a,Allahabad Main Warehouse 883,ALL-MA-280,"51, Lall Marg, Allahabad, Mizoram, 727910",2024-09-02 09:01:53
61b65735-dbf3-4049-b544-ec76f2c8c8e6,Varanasi Main Warehouse 96,VAR-MA-96,"368, Purohit Street, Varanasi, Gujarat, 339055",2024-12-30 09:01:53
361e90a2-1ace-4f74-9b98-e4fae040264c,Srinagar Fulfilment Centre 76,SRI-FU-76,"H.No. 448, Tata Zila, Srinagar, Rajasthan, 665586",2024-08-30 09:01:53
1c9a7272-fb67-476f-b092-71fdc57c8065,Thane Regional Depot 39,THA-RE-39,"51/27, Prakash Marg, Thane, Goa, 866464",2023-08-04 09:01:53
561bd747-c641-4e64-8f8c-432e37709470,Ranchi Export Hub 25,RAN-EX-25,"91/111, Sabharwal Nagar, Ranchi, Bihar, 981789",2024-08-31 09:01:53
f18d556f-9576-4441-ad33-51d1d77d72da,Vadodara Storage Hub 41,VAD-ST-41,"H.No. 463, Sha Ganj, Vadodara, Nagaland, 137157",2023-12-16 09:01:53
12cbb6f0-26aa-44ca-a888-465da04a861b,Thane Bulk Store 81,THA-BU-81,"60, Kapur Path, Thane, Mizoram, 444630",2023-06-26 09:01:53
f826e379-59e1-4df8-bb23-db29ca9ce8c3,Vadodara Bulk Store 554,VAD-BU-049,"00, Dube Nagar, Vadodara, Uttar Pradesh, 895529",2025-04-10 09:01:53
76761a3a-8a83-491c-b193-de179e7a0d2a,Ludhiana Main Warehouse 58,LUD-MA-58,"38, Hans Marg, Ludhiana, Punjab, 096262",2023-11-30 09:01:53
38ae46fb-835c-43aa-bda5-735205185204,Srinagar Regional Depot 91,SRI-RE-91,"58, Sarkar Street, Srinagar, Haryana, 281964",2026-01-22 09:01:53
a52c7604-e452-45ac-b8ab-73160c9c9c59,Meerut Cold Storage 58,MEE-CO-58,"25/31, Bal Zila, Meerut, Maharashtra, 920981",2024-06-18 09:01:53
b69c66ed-8d10-4b46-a0dd-3e0524c5a33a,Ludhiana Cold Storage 11,LUD-CO-11,"60/27, Grover Path, Ludhiana, Haryana, 438364",2025-03-07 09:01:53
b057ac0d-ba45-4820-ae3f-1983eb5ee060,Meerut Storage Hub 27,MEE-ST-27,"04/120, Chauhan, Meerut, Bihar, 911244",2024-08-13 09:01:53
1ccf8ba0-f1a1-45c7-be47-ebe645526aa8,Kanpur Main Warehouse 77,KAN-MA-77,"117, Johal Path, Kanpur, Madhya Pradesh, 706171",2026-02-08 09:01:53
8144cdd7-f80f-40c4-94b0-8efc5de9917f,Ranchi Cold Storage 99,RAN-CO-99,"665, Dyal Chowk, Ranchi, Goa, 029901",2025-04-16 09:01:53
f8562ece-16c3-458d-b68d-2d5404d1ce16,Ahmedabad Main Warehouse 64,AHM-MA-64,"H.No. 57, Ahluwalia, Ahmedabad, Goa, 139080",2024-06-08 09:01:53
b65c5837-9454-4c8e-905d-da5052b6ee4a,Chandigarh Regional Depot 94,CHA-RE-94,"82/35, Kalla Zila, Chandigarh, Andhra Pradesh, 231244",2026-02-14 09:01:53
a2c54c29-0d21-47c0-8e7e-ed0603710935,Raipur Sorting Centre 14,RAI-SO-14,"31, Menon Path, Raipur, Manipur, 686342",2023-09-16 09:01:53
9ffd5b86-2452-436a-82f6-4cb6419b0309,Thane Distribution Centre 11,THA-DI-11,"461, Muni, Thane, Goa, 767694",2025-12-02 09:01:53
87037340-16f0-484c-a9c1-a6610fdc83d7,Aurangabad Export Hub 50,AUR-EX-50,"H.No. 91, Rajagopal, Aurangabad, Maharashtra, 955172",2025-12-07 09:01:53
2ee03f7b-af45-4c8b-8d52-920ae71edb39,Gwalior Main Warehouse 19,GWA-MA-19,"H.No. 849, Memon Marg, Gwalior, Punjab, 601256",2025-04-12 09:01:53
ff8ad28c-d8ca-4838-a40f-18bbb65c5160,Patna Retail Warehouse 88,PAT-RE-88,"531, Prabhu Ganj, Patna, Kerala, 510505",2025-02-09 09:01:53
ea0d0fb2-686a-4e61-9e2a-2b8bf2dd5642,Hyderabad Storage Hub 22,HYD-ST-22,"795, Bhatti Ganj, Hyderabad, Madhya Pradesh, 938318",2024-06-03 09:01:53
ddc749ee-66b3-4a6f-9c95-282c35c73296,Delhi Bulk Store 92,DEL-BU-92,"H.No. 91, Sama, Delhi, Sikkim, 553307",2024-06-17 09:01:53
3107c3ec-6966-4a9a-91de-b54ccb5dc75e,Nashik Fulfilment Centre 41,NAS-FU-41,"04, Dar Marg, Nashik, Bihar, 295963",2023-11-28 09:01:53
94b41166-bbf6-47b9-bf89-8ded7780b2b1,Pimpri Distribution Centre 88,PIM-DI-88,"04/09, Shenoy Nagar, Pimpri, Jharkhand, 608805",2025-09-14 09:01:53
20de8c5e-dba5-4510-af8f-6f8515ca1620,Mumbai Distribution Centre 86,MUM-DI-86,"01/716, Maharaj Road, Mumbai, Karnataka, 618579",2025-10-27 09:01:53
4ef253ba-7aeb-4a19-8b93-f1278e255ddb,Kanpur Retail Warehouse 41,KAN-RE-41,"H.No. 647, Dara Chowk, Kanpur, Uttarakhand, 910300",2024-01-01 09:01:53
b9368732-1655-4e54-b907-f4fba971695a,Coimbatore Cold Storage 8,COI-CO-08,"156, Garde Ganj, Coimbatore, Assam, 580040",2026-03-04 09:01:53
74057f58-1159-4456-8429-f10a15a88cb1,Lucknow Bulk Store 98,LUC-BU-98,"H.No. 041, Narayan Road, Lucknow, Tamil Nadu, 422971",2023-12-04 09:01:53
76ba8d61-5f64-43cd-a857-ce4045b4cec0,Chandigarh Main Warehouse 11,CHA-MA-11,"529, Sekhon Marg, Chandigarh, Sikkim, 883977",2025-04-21 09:01:53
ecd71b5f-636e-407d-8c5d-f510e3b0d661,Pune Cold Storage 28,PUN-CO-28,"H.No. 57, Chanda Ganj, Pune, Himachal Pradesh, 158331",2023-10-13 09:01:53
c2929648-3167-4e77-b1b2-a4235ef0bb75,Solapur Storage Hub 45,SOL-ST-45,"H.No. 703, Kalita Nagar, Solapur, Manipur, 371539",2023-06-29 09:01:53
1bd995cc-9b68-4def-8d4f-8a09b2a7caf0,Madurai Sorting Centre 34,MAD-SO-34,"85/47, Thaman Street, Madurai, Bihar, 356798",2024-12-19 09:01:53
27a458bc-5365-48e5-8b57-feb119a3665f,Jodhpur Sorting Centre 44,JOD-SO-44,"631, Sampath Road, Jodhpur, Goa, 912711",2026-02-10 09:01:53
3ac34efd-c59b-43a5-a3cc-a2baba8a4019,Srinagar Regional Depot 6,SRI-RE-06,"072, Balakrishnan Road, Srinagar, Meghalaya, 541815",2023-07-10 09:01:53
a16a2c58-e573-4567-ae58-fd2c2bda15e4,Amritsar Distribution Centre 98,AMR-DI-98,"32, Thakkar Marg, Amritsar, Maharashtra, 074510",2024-12-16 09:01:53
2c2f86e6-f3ab-471f-87b3-320515a8cf9f,Guwahati Fulfilment Centre 17,GUW-FU-17,"66/343, Goda Marg, Guwahati, Punjab, 897861",2024-11-25 09:01:53
54dc24f7-b622-46a9-bbb9-d8a2ccd8b481,Gwalior Export Hub 7,GWA-EX-07,"03/131, Banik Nagar, Gwalior, Odisha, 318143",2023-08-04 09:01:53
8812e444-967f-459f-bb8d-a060dddf233e,Agra Sorting Centre 87,AGR-SO-87,"66/61, Loyal Ganj, Agra, Meghalaya, 235494",2025-03-05 09:01:53
bb8c50aa-4e56-4e70-bc8b-1ff4ff4caa55,Madurai Main Warehouse 30,MAD-MA-30,"01/289, Mody Chowk, Madurai, West Bengal, 251225",2024-05-01 09:01:53
ed76c834-366e-4928-b447-de711a65bb5f,Mysuru Distribution Centre 7,MYS-DI-07,"20, Sangha Chowk, Mysuru, Karnataka, 241209",2026-03-05 09:01:53
fc4810d0-a6e4-40a8-8b19-85555af37210,Meerut Regional Depot 87,MEE-RE-87,"H.No. 79, Suresh Nagar, Meerut, West Bengal, 710094",2024-06-16 09:01:53
1cc23141-0de9-4256-934a-224b9a73f7d8,Indore Regional Depot 99,IND-RE-99,"882, Chandra Street, Indore, Bihar, 577584",2024-03-06 09:01:53
70d25353-ca0e-4abe-b096-d9acb2ea402d,Mumbai Fulfilment Centre 919,MUM-FU-593,"74/570, Mitra Path, Mumbai, Tamil Nadu, 897148",2025-11-13 09:01:53
64efd44b-f5e0-407e-87af-b43d2420b99a,Mumbai Regional Depot 45,MUM-RE-45,"02/632, Tank Path, Mumbai, Andhra Pradesh, 965313",2025-11-05 09:01:53
08450d95-785f-48f9-851c-9ee9488af679,Bengaluru Fulfilment Centre 55,BEN-FU-55,"14, Sengupta Circle, Bengaluru, Mizoram, 455696",2026-01-27 09:01:53
86b06b39-2654-474a-b0eb-656326c0d2f2,Navi Mumbai Sorting Centre 90,NAV-SO-90,"H.No. 43, Venkatesh Nagar, Navi Mumbai, Tamil Nadu, 916795",2023-06-23 09:01:53
174ae8c4-32e2-4420-be0e-774f85631653,Mysuru Regional Depot 9,MYS-RE-09,"H.No. 10, Din Chowk, Mysuru, Manipur, 849824",2025-12-31 09:01:53
fd804d08-5828-4c59-bba1-a5003a3836f3,Ranchi Regional Depot 81,RAN-RE-81,"41, Aurora Road, Ranchi, Manipur, 349107",2024-06-24 09:01:53
16daf379-0a64-42da-8a09-c5575c049870,Ahmedabad Fulfilment Centre 84,AHM-FU-84,"H.No. 06, Acharya Path, Ahmedabad, Arunachal Pradesh, 254882",2025-04-04 09:01:53
834ffabe-193e-4efe-a775-f34bad3964d4,Vijayawada Sorting Centre 23,VIJ-SO-23,"H.No. 423, Buch Marg, Vijayawada, Jharkhand, 075366",2023-07-06 09:01:53
9f8692cc-91e8-43bb-bb39-fbc500a5ff0c,Ranchi Cold Storage 45,RAN-CO-45,"14, Mukhopadhyay Road, Ranchi, Goa, 592342",2024-01-26 09:01:53
b441edb8-ed50-4bdb-b3c3-36aa581093e9,Mysuru Fulfilment Centre 48,MYS-FU-48,"83, Mody Road, Mysuru, Assam, 978266",2024-04-11 09:01:53
fd6f22f5-f9ab-46c6-b24f-6f6886d93b7e,Coimbatore Cold Storage 19,COI-CO-19,"H.No. 287, Thakur Path, Coimbatore, Sikkim, 756766",2026-01-27 09:01:53
4db6d3da-5fa3-4709-8a19-b40bcdf55d9e,Nashik Bulk Store 10,NAS-BU-10,"08, Sama Nagar, Nashik, Assam, 943985",2026-02-08 09:01:53
ae41a381-3e45-459d-b86c-1957b1a4cf34,Hyderabad Bulk Store 63,HYD-BU-63,"989, Bera Road, Hyderabad, Tripura, 260787",2024-08-08 09:01:53
357dfc81-e55c-4bd7-ae82-88b3f67e02b4,Coimbatore Main Warehouse 83,COI-MA-83,"H.No. 104, Nath Zila, Coimbatore, Punjab, 497501",2026-02-23 09:01:53
d7e2cb1c-fb0b-450f-804c-81af96970913,Meerut Sorting Centre 55,MEE-SO-55,"98/038, Tandon Street, Meerut, Chhattisgarh, 244079",2023-07-23 09:01:53
7271199c-da82-4e96-8403-7110c0ea6380,Howrah Main Warehouse 10,HOW-MA-10,"31/102, Dara, Howrah, Mizoram, 331708",2024-09-01 09:01:53
100c7790-b94a-464e-8728-417ef79b4991,Faridabad Retail Warehouse 62,FAR-RE-62,"60, Mital Zila, Faridabad, Madhya Pradesh, 238497",2025-06-18 09:01:53
90dc5eae-08dc-4fb5-a976-a449a742899c,Bengaluru Fulfilment Centre 62,BEN-FU-62,"91/620, Dhar Street, Bengaluru, Uttarakhand, 288377",2024-10-18 09:01:53
b98dcb50-1d4a-4f44-8ec2-320c11ba9380,Pimpri Storage Hub 92,PIM-ST-92,"H.No. 41, Tailor, Pimpri, Kerala, 661766",2023-09-15 09:01:53
53d30295-3cdb-4585-b42a-1701f0d23332,Indore Fulfilment Centre 73,IND-FU-73,"047, Ramachandran Zila, Indore, Andhra Pradesh, 097052",2023-10-28 09:01:53
041680db-8f2a-461f-9fe9-09a39ac8105d,Patna Regional Depot 75,PAT-RE-75,"74, Dutt Nagar, Patna, Kerala, 586812",2024-03-29 09:01:53
61415e94-2042-4ed2-b341-8cbf6d202fd4,Nashik Fulfilment Centre 3,NAS-FU-03,"25/957, Mallick Street, Nashik, Uttar Pradesh, 617679",2026-03-12 09:01:53
82347748-88dd-4466-b4a1-f9cb7900f07f,Meerut Retail Warehouse 59,MEE-RE-59,"29/884, Naik Street, Meerut, Odisha, 996100",2025-02-21 09:01:53
f472a786-60b1-4e79-8154-c23e2664615d,Mysuru Storage Hub 43,MYS-ST-43,"23/117, Naik Chowk, Mysuru, Tripura, 312661",2025-04-13 09:01:53
c730c9da-e26c-48d4-9c03-a0af92ede31b,Mumbai Fulfilment Centre 21,MUM-FU-21,"H.No. 941, Bora Nagar, Mumbai, Manipur, 902517",2024-06-04 09:01:53
93fce7a0-e927-4748-8981-c332eef32eca,Agra Main Warehouse 10,AGR-MA-10,"29, Iyengar Circle, Agra, Gujarat, 774332",2024-10-25 09:01:53
7633a8bc-c1a5-4dc4-a76a-262a2d457ac8,Indore Bulk Store 41,IND-BU-41,"83, Bajwa Zila, Indore, Rajasthan, 302056",2025-06-26 09:01:53
d7d8e22b-00b3-4b19-b8c7-004f048325d4,Jaipur Bulk Store 24,JAI-BU-24,"81/52, Taneja Circle, Jaipur, Gujarat, 978559",2025-05-26 09:01:53
b238ed24-fde4-4c82-871a-e5d912925cad,Ahmedabad Retail Warehouse 69,AHM-RE-69,"21/76, Bobal Marg, Ahmedabad, Odisha, 284117",2025-06-27 09:01:53
adcad8a1-32ec-45a1-9208-4c52c001dc65,Kanpur Sorting Centre 8,KAN-SO-08,"098, Bajaj Path, Kanpur, Haryana, 465124",2024-06-10 09:01:53
5f431d33-ae69-4173-94cd-fe786f55a420,Kanpur Sorting Centre 90,KAN-SO-90,"H.No. 893, Tella Circle, Kanpur, Jharkhand, 908197",2024-01-07 09:01:53
9472e8c4-f98b-4d6e-90ba-985f613ad8ed,Surat Fulfilment Centre 29,SUR-FU-29,"H.No. 00, Sama Path, Surat, Himachal Pradesh, 502385",2025-05-03 09:01:53
2818deff-8dbd-4eda-8c54-6c0cce2483ea,Ludhiana Distribution Centre 9,LUD-DI-09,"03/719, Banik, Ludhiana, Kerala, 699187",2026-02-27 09:01:53
e35bc821-290d-47e5-8da9-b8331c115734,Hubli Main Warehouse 74,HUB-MA-74,"401, Taneja Nagar, Hubli, Mizoram, 567430",2026-02-02 09:01:53
fa792466-8fe8-4a32-8da4-a81e1b9294ab,Madurai Bulk Store 87,MAD-BU-87,"H.No. 038, Raghavan, Madurai, Sikkim, 870662",2026-01-26 09:01:53
c1a71313-d49b-4c43-84e0-6425a077e914,Agra Fulfilment Centre 1,AGR-FU-01,"68, D’Alia Street, Agra, Manipur, 955356",2024-05-31 09:01:53
ed7d1378-7d0b-4662-8d49-a1dc3e18f244,Mysuru Export Hub 72,MYS-EX-72,"H.No. 331, Anne, Mysuru, Haryana, 890030",2023-08-22 09:01:53
f24c5b2e-1be5-4f7e-8c6f-8286f873f5ab,Rajkot Export Hub 33,RAJ-EX-33,"H.No. 027, Mandal Street, Rajkot, Arunachal Pradesh, 593429",2025-07-09 09:01:53
a8125812-3feb-4d86-af00-1ff9ca369073,Mumbai Storage Hub 15,MUM-ST-15,"71, Bose Zila, Mumbai, Himachal Pradesh, 753745",2025-12-14 09:01:53
936a224f-6e7d-4a94-8ad5-ebea2e179244,Faridabad Bulk Store 57,FAR-BU-57,"43/84, Thakur Path, Faridabad, Bihar, 569741",2025-08-01 09:01:53
615fc640-3b12-4089-a6a6-b27f4853dab3,Jaipur Sorting Centre 1,JAI-SO-01,"283, Kade Road, Jaipur, Bihar, 203771",2025-05-30 09:01:53
92bc9286-db21-42d7-b29e-b54c806df8f9,Kota Cold Storage 59,KOT-CO-59,"H.No. 704, Rajagopalan Road, Kota, Jharkhand, 049670",2025-04-06 09:01:53
fd93a4d2-3795-47ef-9524-08a3ab530002,Mysuru Sorting Centre 72,MYS-SO-72,"67, Kapur Nagar, Mysuru, Gujarat, 268040",2023-12-27 09:01:53
37922402-bdcf-4674-bc3b-16876b797866,Ranchi Retail Warehouse 42,RAN-RE-42,"50/95, Kalita Road, Ranchi, Tripura, 596601",2023-10-19 09:01:53
312caefc-ca97-4aa5-bc76-8371b57dbb65,Coimbatore Storage Hub 12,COI-ST-12,"64/87, Venkataraman Marg, Coimbatore, Himachal Pradesh, 673204",2025-09-20 09:01:53
02fb733c-e8ea-4229-9cdc-cea3ef691261,Jabalpur Sorting Centre 99,JAB-SO-99,"41/384, Rana Path, Jabalpur, Arunachal Pradesh, 544901",2025-01-05 09:01:53
29a5b244-9904-469a-8a6a-f3c45286c71d,Vadodara Storage Hub 51,VAD-ST-51,"H.No. 95, Gola Road, Vadodara, Manipur, 070705",2026-01-26 09:01:53
d6fc3bc1-b88b-4d83-8995-d1e5bb94a110,Thane Fulfilment Centre 54,THA-FU-54,"83, Bhardwaj Marg, Thane, Odisha, 498517",2024-04-26 09:01:53
114148a2-a4f9-4ab5-93dc-ac5e4f5b3d69,Kanpur Main Warehouse 89,KAN-MA-89,"444, Datta Chowk, Kanpur, Haryana, 290310",2025-10-21 09:01:53
b7ace3a2-0406-4278-8ec9-5b7df6200e59,Aurangabad Cold Storage 46,AUR-CO-46,"879, Barman Path, Aurangabad, Nagaland, 044058",2024-09-27 09:01:53
3c3ea876-d864-4b2b-899a-0317b07a2478,Kanpur Distribution Centre 33,KAN-DI-33,"09/351, Tripathi Zila, Kanpur, Manipur, 813359",2024-11-26 09:01:53
83cb7e0f-349f-4037-9cf9-c79045fdfd77,Aurangabad Main Warehouse 89,AUR-MA-89,"H.No. 61, Mandal Marg, Aurangabad, Chhattisgarh, 595565",2024-07-12 09:01:53
2bb7375f-4a37-45be-8ce7-8f751888e46e,Jaipur Main Warehouse 57,JAI-MA-57,"49, Dyal Nagar, Jaipur, Kerala, 429019",2025-11-17 09:01:53
2481e063-e475-458d-9e86-ae77f9435a4a,Kolkata Cold Storage 21,KOL-CO-21,"588, Padmanabhan, Kolkata, Gujarat, 902611",2025-07-26 09:01:53
ea605c67-6db2-42a9-8904-0864604d0b09,Guwahati Export Hub 1,GUW-EX-01,"989, Sahota Circle, Guwahati, Nagaland, 809788",2025-09-10 09:01:53
1cebc511-4829-40e7-9909-4ad5da1f6837,Nagpur Bulk Store 90,NAG-BU-90,"54, Memon Ganj, Nagpur, Haryana, 353751",2023-07-08 09:01:53
b790d459-d49a-4f22-aaca-bd2dfb5f6b0c,Lucknow Distribution Centre 83,LUC-DI-83,"37/651, Tiwari Path, Lucknow, Assam, 793763",2023-12-21 09:01:53
18897418-de27-4b08-8240-26fb79104a89,Gwalior Storage Hub 9,GWA-ST-09,"28/36, Devi, Gwalior, Punjab, 455116",2025-03-18 09:01:53
5145fc38-5ce1-48a7-8000-996efaa07e99,Allahabad Distribution Centre 67,ALL-DI-67,"82, Talwar, Allahabad, Rajasthan, 270216",2024-08-05 09:01:53
1bb1d9eb-774d-4ffd-bf06-9609751664f3,Amritsar Main Warehouse 88,AMR-MA-88,"H.No. 87, Date Zila, Amritsar, West Bengal, 602128",2025-03-05 09:01:53
c83e72bd-ccfc-4956-826d-97c0e82b8359,Coimbatore Distribution Centre 56,COI-DI-56,"66/52, Khurana Marg, Coimbatore, Tamil Nadu, 155999",2025-11-26 09:01:53
445de6d9-ac78-43ff-b7c7-7d566d561c16,Tiruchirappalli Distribution Centre 65,TIR-DI-65,"H.No. 015, Rege Chowk, Tiruchirappalli, Rajasthan, 647229",2024-12-22 09:01:53
ad7094c8-20cc-4dcb-a8f3-98c22797e77e,Indore Export Hub 48,IND-EX-48,"12/09, Pingle, Indore, Sikkim, 657289",2025-04-08 09:01:53
35840d02-a81c-4a9a-8504-b6f9a2f48ffd,Howrah Export Hub 11,HOW-EX-11,"H.No. 13, Tak Road, Howrah, Karnataka, 988986",2024-02-26 09:01:53
a03c4db1-19fa-47a1-8eb5-79c93640d8dc,Jabalpur Cold Storage 73,JAB-CO-73,"H.No. 56, Gokhale Path, Jabalpur, Chhattisgarh, 368499",2024-02-06 09:01:53
73f426a5-247c-4ac6-98ec-48ac8c06016c,Aurangabad Retail Warehouse 22,AUR-RE-22,"H.No. 15, Gandhi Road, Aurangabad, Bihar, 477324",2024-03-24 09:01:53
e85e1ea2-6975-49aa-9f17-af5f15682267,Chandigarh Distribution Centre 49,CHA-DI-49,"H.No. 91, Mallick Ganj, Chandigarh, Chhattisgarh, 388209",2024-08-22 09:01:53
e3bd56da-ab8b-409a-990d-36207fc03add,Allahabad Main Warehouse 91,ALL-MA-91,"H.No. 883, Suresh Nagar, Allahabad, Uttarakhand, 534967",2026-01-22 09:01:53
1d6ea39a-ee89-4491-b4c6-2dc23fe3443e,Mysuru Cold Storage 31,MYS-CO-31,"27/41, Saxena Zila, Mysuru, Maharashtra, 412415",2024-11-09 09:01:53
d7448a35-f086-45d0-8744-3f1303ea1087,Ranchi Sorting Centre 28,RAN-SO-28,"H.No. 315, Tripathi Street, Ranchi, Karnataka, 781506",2026-01-05 09:01:53
07209076-b294-47f2-9348-b6097eb2feff,Howrah Bulk Store 78,HOW-BU-78,"H.No. 853, Banik Circle, Howrah, Rajasthan, 329633",2023-07-23 09:01:53
c481a0ff-d426-45a3-8aff-ce9b96694230,Surat Export Hub 75,SUR-EX-75,"H.No. 72, Grover Chowk, Surat, Telangana, 423183",2024-11-08 09:01:53
a946e1a6-8c71-4c12-bd53-33faef4ae0f4,Kanpur Export Hub 36,KAN-EX-36,"H.No. 617, Joshi Circle, Kanpur, Tamil Nadu, 064969",2025-04-09 09:01:53
fa7bb8d3-816b-4952-99fd-aceab947a5de,Vadodara Main Warehouse 85,VAD-MA-85,"578, Mital Street, Vadodara, Uttarakhand, 477695",2025-12-06 09:01:53
8ee01d34-d05c-490b-ae6d-750522f9dd06,Navi Mumbai Storage Hub 22,NAV-ST-22,"74/13, Mani Zila, Navi Mumbai, Maharashtra, 536127",2024-03-05 09:01:53
02c29aae-9857-4147-8e74-fa888b76d37e,Mysuru Retail Warehouse 21,MYS-RE-21,"H.No. 15, Dave Marg, Mysuru, Tripura, 796304",2026-03-13 09:01:53
89db3b45-eafc-47f3-9545-8e45849a580c,Hyderabad Storage Hub 71,HYD-ST-71,"H.No. 83, Bhat Marg, Hyderabad, Nagaland, 456676",2025-08-08 09:01:53
b9ff4bec-51f9-451e-a8ae-24470902c7e4,Vijayawada Regional Depot 69,VIJ-RE-69,"40, Sunder Road, Vijayawada, Telangana, 504763",2025-11-04 09:01:53
2cb34ef0-6a05-473d-9f12-cdcb4ab467cc,Jodhpur Fulfilment Centre 18,JOD-FU-18,"28/31, Narayan, Jodhpur, Chhattisgarh, 061558",2024-05-05 09:01:53
1401fb82-7b9f-48e0-883a-f89960b2be60,Surat Main Warehouse 33,SUR-MA-33,"H.No. 083, Wason Path, Surat, Gujarat, 863425",2025-12-14 09:01:53
c02020d4-1681-4e2f-bafd-d56593bad3cf,Pimpri Regional Depot 63,PIM-RE-63,"H.No. 63, Kothari Circle, Pimpri, Andhra Pradesh, 081867",2025-06-02 09:01:53
50790738-a90d-42ce-941d-c7769a19ed6c,Madurai Fulfilment Centre 94,MAD-FU-94,"H.No. 244, Karpe Nagar, Madurai, Rajasthan, 041662",2025-10-31 09:01:53
b454a3a0-331b-4c7f-9b94-66d71b22b195,Hubli Export Hub 96,HUB-EX-96,"41/118, Bahri Marg, Hubli, Andhra Pradesh, 196394",2025-11-22 09:01:53
0f4fee9c-a619-4c28-8aa3-c9f51652768e,Chennai Bulk Store 47,CHE-BU-47,"H.No. 68, Mittal Nagar, Chennai, Himachal Pradesh, 314976",2024-07-31 09:01:53
c4bad1d4-e1f2-43b1-9a44-d9acebfd9a0d,Gwalior Fulfilment Centre 90,GWA-FU-90,"H.No. 61, Ray Ganj, Gwalior, Nagaland, 748836",2026-03-04 09:01:53
5c177fed-bd41-4639-b93b-f35301d937d5,Kota Storage Hub 95,KOT-ST-95,"H.No. 765, Chokshi Circle, Kota, Manipur, 906375",2024-06-10 09:01:53
8c1a8a58-dd02-45e4-ade5-bad127d6ea95,Hubli Main Warehouse 17,HUB-MA-17,"91, Natarajan Road, Hubli, Chhattisgarh, 182379",2026-02-06 09:01:53
da757c08-d284-43bb-a997-157d8b4493b6,Jodhpur Fulfilment Centre 7,JOD-FU-07,"126, Solanki, Jodhpur, Mizoram, 074645",2025-06-04 09:01:53
455e4d9f-0c79-4784-8d22-cce38f479d1e,Guwahati Storage Hub 29,GUW-ST-29,"059, Ray, Guwahati, West Bengal, 438787",2023-10-24 09:01:53
dc5d540c-5026-49a7-bbd8-06e350455df0,Jaipur Storage Hub 92,JAI-ST-92,"H.No. 35, Subramanian Chowk, Jaipur, Mizoram, 161620",2024-12-20 09:01:53
2f855f15-500d-401a-af03-525ff79070f7,Amritsar Cold Storage 17,AMR-CO-17,"812, Sarma Ganj, Amritsar, West Bengal, 067287",2024-04-01 09:01:53
15a94069-c02e-41ad-a322-1ba7dfb05947,Ahmedabad Fulfilment Centre 48,AHM-FU-48,"866, Minhas Nagar, Ahmedabad, Bihar, 448595",2024-03-09 09:01:53
2f31adad-c681-4d69-b5f3-272a07d75fe4,Nagpur Main Warehouse 98,NAG-MA-98,"22/48, Prabhu Ganj, Nagpur, Mizoram, 773522",2025-11-01 09:01:53
8dff4028-88d8-426c-a876-898294dec281,Navi Mumbai Distribution Centre 54,NAV-DI-54,"70/56, Doctor Street, Navi Mumbai, Meghalaya, 043318",2025-04-05 09:01:53
54fcd90e-6abb-42eb-ba2d-da40bf5c1605,Hyderabad Bulk Store 33,HYD-BU-33,"51, Sidhu Nagar, Hyderabad, Punjab, 158350",2025-02-02 09:01:53
c328ad7d-97c3-433d-8193-70eeb3e3c2ee,Nagpur Main Warehouse 88,NAG-MA-88,"446, Mohan, Nagpur, Kerala, 488319",2023-11-21 09:01:53
b87ddf50-f6c8-4ebd-953b-ce1e671a6289,Hyderabad Cold Storage 92,HYD-CO-92,"134, Lall Street, Hyderabad, Odisha, 289659",2023-12-23 09:01:53
ce1ec472-751c-4959-9429-441c9e832962,Gwalior Fulfilment Centre 57,GWA-FU-57,"94/97, Ganguly Ganj, Gwalior, Andhra Pradesh, 319222",2024-12-02 09:01:53
7854b35b-e0be-4213-9b9c-8d5392f41ec4,Aurangabad Cold Storage 51,AUR-CO-51,"05, Ben Zila, Aurangabad, Chhattisgarh, 675481",2023-09-02 09:01:53
36ba50a4-229d-4c4c-bdc3-e73744809f9f,Jabalpur Distribution Centre 79,JAB-DI-79,"866, Som Marg, Jabalpur, Kerala, 858193",2024-09-10 09:01:53
b6915f2c-19d2-428c-8cbe-e46313e03e4a,Thane Storage Hub 99,THA-ST-99,"426, Sathe Circle, Thane, Meghalaya, 186520",2026-01-01 09:01:53
8020e685-5406-41ee-9612-957159eb2da1,Kota Main Warehouse 84,KOT-MA-84,"H.No. 75, Kala Marg, Kota, Punjab, 652037",2025-09-30 09:01:53
a83c4aa2-c198-43ed-8e05-0a6c74e6ac7d,Gwalior Distribution Centre 54,GWA-DI-54,"H.No. 83, Mukherjee Nagar, Gwalior, Karnataka, 548094",2024-04-14 09:01:53
a827ce00-30b9-47dc-9039-b7125be4eae4,Kota Distribution Centre 61,KOT-DI-61,"H.No. 476, Kulkarni Nagar, Kota, Himachal Pradesh, 907977",2025-05-13 09:01:53
ad180809-5da9-40df-a751-72a03da6486e,Faridabad Sorting Centre 6,FAR-SO-06,"781, Pingle Nagar, Faridabad, Andhra Pradesh, 221610",2023-10-15 09:01:53
ff690464-8b4a-45a6-9269-e76232d432dc,Lucknow Sorting Centre 979,LUC-SO-544,"05, Mall Zila, Lucknow, West Bengal, 905529",2025-08-03 09:01:53
d921a08c-3ca7-4443-b513-243b8b545a2a,Pune Main Warehouse 34,PUN-MA-34,"58/066, Bhattacharyya Nagar, Pune, Gujarat, 412704",2025-07-04 09:01:53
e3c7bb92-a474-4542-a102-1fe3434db467,Hubli Export Hub 36,HUB-EX-36,"38/62, Mukhopadhyay Nagar, Hubli, Himachal Pradesh, 157919",2026-01-05 09:01:53
1fac829e-7c2b-4d5e-8f15-e3402cc3be51,Vijayawada Bulk Store 51,VIJ-BU-51,"11, Gopal Zila, Vijayawada, Telangana, 259020",2025-09-29 09:01:53
28a52f24-341f-4deb-b0db-cc4e8732a442,Surat Sorting Centre 11,SUR-SO-11,"571, Morar Ganj, Surat, Uttarakhand, 240642",2023-12-15 09:01:53
ce7bebb2-e722-41a2-a5f2-8b4d0935fc91,Nagpur Distribution Centre 54,NAG-DI-54,"H.No. 29, Sachdev Path, Nagpur, Haryana, 432447",2024-11-01 09:01:53
653d8920-9f19-47bf-89ad-3ff424a159db,Mumbai Export Hub 8,MUM-EX-08,"H.No. 17, Patla Path, Mumbai, Kerala, 209628",2025-03-04 09:01:53
30be0eaf-fd2f-441f-88d1-af8731403c99,Meerut Export Hub 48,MEE-EX-48,"36/54, Oommen Ganj, Meerut, Tamil Nadu, 183437",2023-06-26 09:01:53
e483ec63-06dd-4f06-90b0-03f8be4a7573,Rajkot Bulk Store 59,RAJ-BU-59,"H.No. 01, Grewal Circle, Rajkot, Meghalaya, 795596",2023-07-12 09:01:53
0d3a11df-be48-44c0-83e5-b21079df4dd5,Mysuru Main Warehouse 50,MYS-MA-50,"90/515, Dutt Nagar, Mysuru, Maharashtra, 551254",2025-07-18 09:01:53
2410eecd-adc0-4a93-a443-af97382cf2d2,Chandigarh Bulk Store 20,CHA-BU-20,"782, Sarna Nagar, Chandigarh, Uttar Pradesh, 996673",2025-12-18 09:01:53
089b05ba-3560-4199-8292-a42b84986f4c,Coimbatore Export Hub 51,COI-EX-51,"H.No. 59, Subramanian Path, Coimbatore, Sikkim, 403816",2025-03-09 09:01:53
e44da208-bede-4185-84d8-be11f74d0fd4,Nashik Main Warehouse 39,NAS-MA-39,"49, Balakrishnan Marg, Nashik, Goa, 498392",2024-07-27 09:01:53
63265348-991e-4da5-9dd1-87d2310134d7,Patna Regional Depot 39,PAT-RE-39,"501, Dhaliwal Road, Patna, Uttar Pradesh, 762702",2024-05-12 09:01:53
4e536665-a914-4eba-8c89-2499c7d05796,Bengaluru Retail Warehouse 56,BEN-RE-56,"244, Goyal Zila, Bengaluru, Haryana, 613285",2025-02-07 09:01:53
29134f59-42f7-4a7e-9352-d66dcf3ab04e,Nagpur Regional Depot 78,NAG-RE-78,"H.No. 725, Sinha Zila, Nagpur, Nagaland, 376731",2024-01-16 09:01:53
6bc90627-3fb2-4d05-9361-3793425632d3,Nagpur Fulfilment Centre 73,NAG-FU-73,"25, Ratta Street, Nagpur, Tripura, 469681",2025-01-12 09:01:53
45ac7cce-6e87-4450-afbc-78e49a68ff7d,Agra Main Warehouse 39,AGR-MA-39,"H.No. 79, Kapadia Nagar, Agra, Punjab, 355580",2024-05-21 09:01:53
38936906-5908-47af-adff-67ea4d88920d,Gwalior Bulk Store 22,GWA-BU-22,"96/13, Tata Street, Gwalior, Gujarat, 346156",2024-12-05 09:01:53
849bef01-587d-4626-a270-72ed73d6a413,Nagpur Storage Hub 22,NAG-ST-22,"26/244, Srivastava Marg, Nagpur, Arunachal Pradesh, 622681",2025-02-13 09:01:53
b31e26d7-bed4-4b37-a86e-7767cffb3abd,Jaipur Bulk Store 16,JAI-BU-16,"15, Ravel Zila, Jaipur, Uttar Pradesh, 252986",2025-12-14 09:01:53
3bdb307e-7b0e-4c0b-adb3-b914bfda48fe,Patna Storage Hub 33,PAT-ST-33,"70/766, Mitter Nagar, Patna, Maharashtra, 197857",2025-08-05 09:01:53
f2cf5f4b-663c-4c03-b76c-537152f4a583,Rajkot Storage Hub 95,RAJ-ST-95,"58/512, Wali Marg, Rajkot, Tripura, 120594",2025-03-28 09:01:53
b7b99fe7-6f9e-4a69-ba82-d65d4bde43ec,Madurai Export Hub 90,MAD-EX-90,"897, Bava Marg, Madurai, Manipur, 017750",2025-04-20 09:01:53
e748e37c-dd16-4cc6-b257-d983402ae984,Pimpri Storage Hub 13,PIM-ST-13,"54/65, Bajwa Road, Pimpri, Nagaland, 245607",2024-04-18 09:01:53
fd03fed0-e86b-436a-bcbd-befbe765d7cf,Navi Mumbai Export Hub 82,NAV-EX-82,"H.No. 40, Choudhury, Navi Mumbai, Kerala, 863218",2023-09-19 09:01:53
97cfe62b-737f-4fc6-923e-85f99b19679e,Bengaluru Export Hub 95,BEN-EX-95,"H.No. 227, Maharaj Marg, Bengaluru, Kerala, 938970",2024-10-26 09:01:53
0a42b0df-3826-4f33-bf97-553bb5549c9a,Gwalior Sorting Centre 13,GWA-SO-13,"H.No. 550, Chaudhuri Street, Gwalior, Madhya Pradesh, 546602",2024-02-16 09:01:53
0642c50b-62c5-4fbe-a1d5-0f88d244d90a,Vijayawada Bulk Store 19,VIJ-BU-19,"41/613, Lal, Vijayawada, Jharkhand, 059736",2024-05-29 09:01:53
6a3f903a-18ff-45ba-91f8-665bf2f0e8dc,Bhopal Regional Depot 92,BHO-RE-92,"H.No. 24, Bath Circle, Bhopal, Punjab, 244063",2025-12-18 09:01:53
75f5246f-d049-48c5-8f1d-6d334fd61f1d,Raipur Sorting Centre 74,RAI-SO-74,"H.No. 624, Shere Road, Raipur, Punjab, 133053",2024-04-14 09:01:53
da0e0738-8134-487a-ba7b-29d060e5792d,Faridabad Regional Depot 29,FAR-RE-29,"H.No. 949, Salvi Chowk, Faridabad, Rajasthan, 867805",2025-08-21 09:01:53
664f878f-2b35-4825-85e2-251883837aa4,Howrah Cold Storage 31,HOW-CO-31,"H.No. 55, Doshi Chowk, Howrah, Manipur, 382646",2023-09-18 09:01:53
6df1b078-4fcc-4b01-b05b-a81bca5fd6c3,Jaipur Regional Depot 59,JAI-RE-59,"H.No. 917, Pai Circle, Jaipur, Assam, 854457",2023-06-21 09:01:53
40e7ae47-4f33-4c0b-a093-1c63c005f679,Kanpur Cold Storage 86,KAN-CO-86,"70/299, Pandey Street, Kanpur, Odisha, 604873",2026-01-15 09:01:53
6ab541ff-4ed6-4718-b07c-6b94b707d228,Nashik Export Hub 31,NAS-EX-31,"82, Dasgupta Marg, Nashik, Bihar, 331942",2025-07-27 09:01:53
f3c4d05c-70c4-48f4-b059-de3d9a484fd4,Bhopal Regional Depot 26,BHO-RE-26,"686, Kalla Path, Bhopal, Maharashtra, 551588",2023-07-16 09:01:53
a547708f-83d5-457c-8326-91bfa4e31d59,Bengaluru Fulfilment Centre 10,BEN-FU-10,"63/67, Mangat Chowk, Bengaluru, Uttarakhand, 226408",2025-12-24 09:01:53
0aa84755-bc7c-4fff-b81b-9535ff6c167c,Guwahati Cold Storage 86,GUW-CO-86,"H.No. 72, Rajagopal Zila, Guwahati, Odisha, 663093",2024-09-19 09:01:53
8c2c85ba-13d0-4272-9f13-1322c11b3e9e,Amritsar Bulk Store 4,AMR-BU-04,"998, Rege Zila, Amritsar, Andhra Pradesh, 932971",2025-02-25 09:01:53
71b063d7-301c-4b54-bb45-744d0d0e9ead,Solapur Regional Depot 48,SOL-RE-48,"H.No. 09, Vaidya Marg, Solapur, West Bengal, 275327",2023-10-12 09:01:53
cd073f6b-dc99-4cb9-b769-acafc0bc0a46,Aurangabad Bulk Store 89,AUR-BU-89,"35/241, Jhaveri Nagar, Aurangabad, Odisha, 739732",2024-08-14 09:01:53
331ede0b-98ef-48d2-bfa0-3d19208d4c56,Kota Regional Depot 64,KOT-RE-64,"81, Narula, Kota, West Bengal, 371006",2025-04-10 09:01:53
1fdde9b8-51c0-4a2c-922c-a45d89b97290,Aurangabad Bulk Store 730,AUR-BU-917,"76/16, Yogi Road, Aurangabad, Bihar, 770460",2024-03-07 09:01:53
565ccb84-9915-4c61-a2a7-f8deb25d0ee2,Pimpri Cold Storage 26,PIM-CO-26,"H.No. 68, Sangha Chowk, Pimpri, Uttar Pradesh, 124912",2025-03-10 09:01:53
69e1a6f9-ff84-4767-ad26-39aea6d77a9e,Bhopal Bulk Store 48,BHO-BU-48,"H.No. 65, Kibe Street, Bhopal, Uttar Pradesh, 341517",2024-08-14 09:01:53
199e73ef-17f4-4ea8-99d5-7ba18399504e,Dhanbad Regional Depot 51,DHA-RE-51,"73/454, Narayanan Chowk, Dhanbad, Uttar Pradesh, 494902",2025-02-12 09:01:53
102efb9e-ab25-41b5-b259-ed054f350219,Solapur Sorting Centre 65,SOL-SO-65,"840, Prabhakar Ganj, Solapur, Odisha, 442947",2025-02-16 09:01:53
918c5ff1-d0e8-4624-8044-5dd1f0844095,Chennai Bulk Store 27,CHE-BU-27,"74/222, Master, Chennai, West Bengal, 430394",2023-08-30 09:01:53
20d2e885-4da7-4062-8f76-3776429c320c,Pimpri Storage Hub 11,PIM-ST-11,"904, Trivedi Path, Pimpri, Telangana, 792529",2025-09-14 09:01:53
6ca48835-0acb-432a-acc9-8b535aef4b4d,Ludhiana Regional Depot 48,LUD-RE-48,"58/56, Gara Chowk, Ludhiana, West Bengal, 276015",2026-02-20 09:01:53
3bffdd2f-dbdb-43f2-aa03-231571c9b3b5,Ranchi Main Warehouse 74,RAN-MA-74,"433, Mall Street, Ranchi, Punjab, 357790",2025-04-08 09:01:53
8acc5bb4-a13a-44d7-84c6-07f3dad37fa5,Vijayawada Regional Depot 66,VIJ-RE-66,"83/350, Chaudhary Marg, Vijayawada, Karnataka, 488810",2025-12-15 09:01:53
20f63480-8a86-42a2-beb2-ff6743477624,Ludhiana Storage Hub 98,LUD-ST-98,"98, Konda Ganj, Ludhiana, Himachal Pradesh, 337209",2025-01-30 09:01:53
6d69b85b-fe7b-4065-a2b4-9cb8193fee62,Gwalior Storage Hub 42,GWA-ST-42,"H.No. 84, Gupta Zila, Gwalior, Telangana, 284033",2023-12-30 09:01:53
253a33e6-e2e8-4641-88b1-1236b5c5d3a3,Nashik Sorting Centre 49,NAS-SO-49,"997, Chaudhari Chowk, Nashik, Nagaland, 513717",2025-02-01 09:01:53
f4cdb390-aecb-4c75-b5cb-51b56f34b425,Vadodara Retail Warehouse 24,VAD-RE-24,"H.No. 731, Kale Circle, Vadodara, Punjab, 490961",2025-11-19 09:01:53
08c5b9fa-5efc-4e27-bbf5-df0de2fc8611,Bhopal Main Warehouse 59,BHO-MA-59,"73/997, Krishnamurthy Nagar, Bhopal, Tripura, 947258",2023-10-06 09:01:53
c19ac281-3922-4e77-8567-719f35e0e733,Pimpri Storage Hub 31,PIM-ST-31,"84, Lalla Road, Pimpri, West Bengal, 548847",2025-03-03 09:01:53
11f03e9c-3dad-45ba-bbd5-177257b6663e,Tiruchirappalli Sorting Centre 16,TIR-SO-16,"H.No. 270, Upadhyay Path, Tiruchirappalli, Meghalaya, 221641",2025-06-15 09:01:53
10d9a54f-e0af-4e00-9f6a-1ccd62f6af9d,Kanpur Bulk Store 16,KAN-BU-16,"58, Hari Street, Kanpur, Tripura, 334845",2023-08-02 09:01:53
8833fe9f-8527-483f-aed2-4d1b5141daff,Patna Main Warehouse 86,PAT-MA-86,"71/49, Dubey Ganj, Patna, Karnataka, 362292",2023-07-12 09:01:53
c9795b93-1e5b-4ecd-bcdc-f93fec02dd7c,Visakhapatnam Export Hub 75,VIS-EX-75,"H.No. 87, Saha, Visakhapatnam, Tripura, 347452",2025-08-26 09:01:53
de6832d4-5abb-4622-87e1-606c30449028,Bhopal Storage Hub 54,BHO-ST-54,"H.No. 55, Sengupta Path, Bhopal, Jharkhand, 966060",2023-11-29 09:01:53
54084306-a631-46bd-9383-4816147f1605,Pune Regional Depot 41,PUN-RE-41,"52, Mahal Chowk, Pune, Andhra Pradesh, 344505",2023-09-19 09:01:53
eed5ee2f-f5f3-4a0c-88a7-b0ebaeb4bd59,Vadodara Fulfilment Centre 92,VAD-FU-92,"65, Iyengar Circle, Vadodara, Uttar Pradesh, 987411",2023-12-06 09:01:53
05cbd7a1-0bf6-48b0-bf14-ac0e2d1ae8e2,Hyderabad Retail Warehouse 73,HYD-RE-73,"257, Singhal, Hyderabad, Arunachal Pradesh, 734996",2025-01-16 09:01:53
b5af6602-d043-4168-9c09-7ce9c0e1a8fd,Thane Retail Warehouse 29,THA-RE-29,"H.No. 105, Yogi Road, Thane, Kerala, 417215",2025-11-28 09:01:53
7b1d5801-802b-4615-a6be-99ee4cbe788b,Kota Main Warehouse 4,KOT-MA-04,"62/294, Iyengar, Kota, Nagaland, 735984",2024-09-14 09:01:53
397557bd-dd9f-49f1-88f7-d59cf813360d,Madurai Distribution Centre 64,MAD-DI-64,"84/02, Murthy Zila, Madurai, West Bengal, 732573",2023-07-26 09:01:53
2d690d14-21ac-4ecc-b276-bc09f70f7cf5,Allahabad Cold Storage 22,ALL-CO-22,"55, Lad Ganj, Allahabad, Himachal Pradesh, 216667",2025-10-20 09:01:53
675ef705-261b-4a40-93c6-9acb86cd0e2c,Pune Distribution Centre 48,PUN-DI-48,"H.No. 808, Babu Path, Pune, Odisha, 085874",2024-02-26 09:01:53
2115260a-5728-4295-8a69-c93e8b3b9c9d,Howrah Retail Warehouse 12,HOW-RE-12,"51/19, Chowdhury Zila, Howrah, Nagaland, 819793",2023-08-19 09:01:53
9bf7d599-617c-4a43-8970-ea78e6fca9ba,Howrah Regional Depot 41,HOW-RE-41,"H.No. 647, Doshi Chowk, Howrah, Rajasthan, 129578",2025-10-05 09:01:53
55b8040d-495c-46a4-852d-8ba4f1eb167c,Indore Cold Storage 85,IND-CO-85,"60/694, Ramakrishnan Nagar, Indore, Andhra Pradesh, 356243",2025-06-01 09:01:53
12bfac7d-147c-4e32-bc85-3e87a8052e4c,Hubli Storage Hub 56,HUB-ST-56,"58/73, Pant, Hubli, Tamil Nadu, 323421",2023-09-16 09:01:53
248621c7-17f9-4fe0-940d-ea67bc28ee42,Navi Mumbai Retail Warehouse 34,NAV-RE-34,"H.No. 890, Zachariah Street, Navi Mumbai, Kerala, 553334",2025-06-14 09:01:53
d68d982b-0391-4664-ad83-481861bc1cf8,Kota Retail Warehouse 7,KOT-RE-07,"643, Pant Ganj, Kota, Andhra Pradesh, 716073",2025-11-19 09:01:53
5df4a2d4-174a-4875-8b5b-10df6925e717,Amritsar Fulfilment Centre 83,AMR-FU-83,"07, Rastogi Chowk, Amritsar, Gujarat, 691128",2023-06-30 09:01:53
036c4975-8e16-4eeb-880c-aa84a9c5a50c,Lucknow Main Warehouse 89,LUC-MA-89,"81/23, Suresh Zila, Lucknow, Telangana, 563318",2024-09-19 09:01:53
72a3eb62-2af7-4226-a005-838be7ad8b15,Rajkot Cold Storage 95,RAJ-CO-95,"H.No. 74, Choudhury Circle, Rajkot, Manipur, 066615",2023-11-25 09:01:53
60d328d2-e84b-44af-ac83-dff7e6b751d2,Surat Fulfilment Centre 57,SUR-FU-57,"H.No. 41, Mital Marg, Surat, Haryana, 670450",2024-11-26 09:01:53
e5723ffa-6899-4270-b87a-6f16c3f1c16f,Srinagar Storage Hub 74,SRI-ST-74,"329, Dave Nagar, Srinagar, Mizoram, 270093",2024-12-29 09:01:53
5794dccf-a95d-450e-9fd4-e2bd5fb2bfab,Meerut Cold Storage 53,MEE-CO-53,"45/962, Gera Marg, Meerut, Goa, 251207",2025-09-03 09:01:53
7b16443e-2adf-4161-950d-3378ec85dea2,Nagpur Retail Warehouse 1,NAG-RE-01,"465, Nagi Road, Nagpur, Andhra Pradesh, 507026",2025-11-20 09:01:53
0d885301-5660-4bf8-9d24-25170fcf9247,Pimpri Main Warehouse 83,PIM-MA-83,"H.No. 869, Gara Circle, Pimpri, Goa, 053161",2023-11-18 09:01:53
bb2bc767-cc61-42f4-a89c-63c9cd00c6f8,Bengaluru Cold Storage 20,BEN-CO-20,"H.No. 776, Sarraf Circle, Bengaluru, Chhattisgarh, 477425",2023-12-02 09:01:53
822e56b7-c733-4070-8c9b-4635c110fd06,Srinagar Export Hub 9,SRI-EX-09,"85/917, Hayre Chowk, Srinagar, Chhattisgarh, 822311",2026-02-17 09:01:53
72fb19aa-0ad3-4029-a6a1-02ac7173f4ba,Nashik Cold Storage 84,NAS-CO-84,"64/913, Krishna Ganj, Nashik, Goa, 579889",2024-09-29 09:01:53
0dcae9c3-bb43-4fc9-9bf6-797f1e6b523f,Raipur Main Warehouse 5,RAI-MA-05,"H.No. 25, Prasad Marg, Raipur, Sikkim, 906032",2026-02-17 09:01:53
5eca4066-cc77-45c8-aeaa-0879e359596d,Surat Retail Warehouse 88,SUR-RE-88,"H.No. 203, Ranganathan Street, Surat, Karnataka, 977539",2025-09-13 09:01:53
3e11d229-2a81-4e7c-8d5a-b304bcaf1cdc,Solapur Storage Hub 9,SOL-ST-09,"73, Lall Chowk, Solapur, Nagaland, 148552",2025-05-02 09:01:53
875c9b77-09d8-4cd2-9739-ad3bac53314a,Kanpur Cold Storage 60,KAN-CO-60,"H.No. 57, Shan Circle, Kanpur, Sikkim, 584156",2024-05-05 09:01:53
a03edaee-8175-41f6-8719-999728aa0c50,Nagpur Distribution Centre 55,NAG-DI-55,"08/213, Choudhry Chowk, Nagpur, Bihar, 254768",2026-02-15 09:01:53
403cf5a5-a8bb-4d77-b45e-87ee72cc1bc0,Gwalior Regional Depot 30,GWA-RE-991,"H.No. 826, Hayer Circle, Gwalior, Chhattisgarh, 035892",2024-08-04 09:01:53
63168c62-b12f-4bc0-84b1-1771af9d7bf1,Chandigarh Distribution Centre 99,CHA-DI-99,"88/08, Zacharia Path, Chandigarh, Haryana, 521293",2023-08-17 09:01:53
dcd5c94b-fa2e-4672-b66b-e6d134895e65,Indore Bulk Store 68,IND-BU-68,"28/963, Bawa Road, Indore, Madhya Pradesh, 686775",2023-12-10 09:01:53
bff79738-1a67-4db0-a364-8d8c2142a2e7,Jodhpur Distribution Centre 64,JOD-DI-64,"401, Muni Road, Jodhpur, Gujarat, 062272",2025-09-27 09:01:53
0d2ee079-bff3-467e-af68-1f8953a74f1e,Bengaluru Fulfilment Centre 16,BEN-FU-16,"626, Hari Marg, Bengaluru, Haryana, 134261",2025-08-24 09:01:53
557b4a2d-f958-4812-9910-d69d136eaa91,Faridabad Sorting Centre 45,FAR-SO-45,"92/372, Narang Road, Faridabad, Andhra Pradesh, 848197",2025-03-20 09:01:53
0be6d8f2-9d14-4208-b1db-9436d63545b9,Guwahati Storage Hub 67,GUW-ST-67,"741, Sha Circle, Guwahati, Chhattisgarh, 540641",2024-01-10 09:01:53
d7cbce94-b159-4ba0-b80f-e97626f5f4bc,Meerut Storage Hub 93,MEE-ST-93,"76/927, Kar Road, Meerut, Mizoram, 199537",2026-02-15 09:01:53
7d1e9d1c-2428-4d9d-8ac6-e09c4de37be9,Gwalior Storage Hub 74,GWA-ST-74,"66/014, Krishnamurthy Road, Gwalior, Rajasthan, 645101",2024-03-01 09:01:53
ac96526b-992e-4491-92f3-dc599b772860,Jodhpur Retail Warehouse 32,JOD-RE-32,"73/973, Saraf, Jodhpur, Sikkim, 178996",2025-03-27 09:01:53
26552c9f-c87e-4099-af41-ac74c89ee7b5,Jaipur Cold Storage 79,JAI-CO-79,"86/09, Chaudhari Zila, Jaipur, Odisha, 135996",2025-03-19 09:01:53
a42c9a0e-9043-44d1-9de9-9b2c6fc007f8,Raipur Fulfilment Centre 31,RAI-FU-31,"05, Sharma Chowk, Raipur, Odisha, 660392",2025-10-14 09:01:53
1bb4dc0e-28bb-488f-9fc0-318ea7af6bd6,Lucknow Storage Hub 82,LUC-ST-82,"H.No. 514, Balakrishnan Marg, Lucknow, Telangana, 455534",2024-04-04 09:01:53
acb09ae6-603c-42c5-b187-6d7a2bdfd962,Tiruchirappalli Retail Warehouse 30,TIR-RE-30,"05, Lall Chowk, Tiruchirappalli, Tripura, 388565",2024-03-28 09:01:53
59082b25-e5f1-49f5-afa8-31cdba2536ea,Vijayawada Fulfilment Centre 67,VIJ-FU-67,"715, Yohannan Path, Vijayawada, Telangana, 541165",2024-07-05 09:01:53
bc842075-d0ff-4a1b-92e1-6abd7ecf6f06,Gwalior Storage Hub 1,GWA-ST-01,"72/63, Sunder Road, Gwalior, Kerala, 752250",2025-05-24 09:01:53
edb599fd-f25f-4b0f-b91b-fe805daadef4,Nashik Retail Warehouse 89,NAS-RE-89,"H.No. 394, Minhas Circle, Nashik, Tripura, 691311",2024-04-03 09:01:53
a5f33690-8d3f-4e91-9b3a-fee139516bdd,Thane Cold Storage 29,THA-CO-29,"96/425, Pandya Circle, Thane, Madhya Pradesh, 614991",2025-11-02 09:01:53
51ef282a-da5a-4aae-889a-75b8e17e3e69,Thane Bulk Store 55,THA-BU-55,"H.No. 37, Korpal Nagar, Thane, Nagaland, 407333",2025-12-15 09:01:53
a611e7aa-54ed-45a2-a08d-674f64c697df,Navi Mumbai Cold Storage 5,NAV-CO-05,"732, Minhas Nagar, Navi Mumbai, Haryana, 977688",2024-11-19 09:01:53
05f610bc-35f4-4872-9d90-6a7e1f05db60,Meerut Distribution Centre 7,MEE-DI-07,"36/28, Ratta, Meerut, Rajasthan, 454655",2024-08-27 09:01:53
7b0e7443-c35a-45ce-a0fc-9c2835ecd257,Aurangabad Main Warehouse 192,AUR-MA-399,"585, Desai Zila, Aurangabad, Karnataka, 892187",2024-07-01 09:01:53
ab47e841-49ab-445d-9202-24668497c6d5,Amritsar Distribution Centre 518,AMR-DI-827,"51/93, Kapur Path, Amritsar, Manipur, 907977",2025-10-03 09:01:53
bebafb8f-a274-4c88-8e90-a6c96a0de465,Nagpur Bulk Store 5,NAG-BU-05,"61/20, Sen Circle, Nagpur, Nagaland, 572151",2025-12-03 09:01:53
894d01ea-e758-41ac-8519-c8c6222ef896,Mumbai Retail Warehouse 16,MUM-RE-16,"49/409, Sankar Chowk, Mumbai, Tamil Nadu, 637484",2025-10-06 09:01:53
2e6c7f05-836e-4804-a736-8c770a33a124,Meerut Distribution Centre 46,MEE-DI-46,"H.No. 39, Ray Circle, Meerut, Chhattisgarh, 090591",2024-05-23 09:01:53
c4b5f7b5-8901-4d80-96b1-e4175da64f40,Howrah Fulfilment Centre 72,HOW-FU-72,"H.No. 918, Edwin Marg, Howrah, Telangana, 392207",2024-04-19 09:01:53
f0e2625c-a3a0-4680-99ab-8d291dcc9371,Howrah Storage Hub 91,HOW-ST-91,"15/116, Ram, Howrah, Uttar Pradesh, 672521",2025-12-13 09:01:53
24a4b509-cf90-47fc-a9cb-4d3757c65dfb,Amritsar Bulk Store 91,AMR-BU-91,"H.No. 52, Krishnan Marg, Amritsar, Meghalaya, 246335",2024-01-24 09:01:53
10e355be-7ad2-4df0-990e-fb6523a580b4,Visakhapatnam Export Hub 34,VIS-EX-34,"15/718, Bahri Road, Visakhapatnam, Punjab, 805120",2024-01-06 09:01:53
7a25dc1b-c05d-4de9-9fb7-1fa98edd80ac,Meerut Retail Warehouse 26,MEE-RE-26,"00/56, Bala Road, Meerut, Uttar Pradesh, 123972",2025-04-16 09:01:53
5373a578-2e0e-4b69-a6ae-a3c98c2b4dc7,Srinagar Regional Depot 17,SRI-RE-17,"35/12, Prasad, Srinagar, Odisha, 728270",2025-10-17 09:01:53
82e01a37-3f27-4859-85a6-5d55eb1e53bc,Indore Fulfilment Centre 89,IND-FU-89,"08/14, Chokshi Road, Indore, Kerala, 982173",2025-10-09 09:01:53
2235a3d5-9dc6-4db1-b6d3-ff3d74b5a1d8,Surat Storage Hub 92,SUR-ST-92,"29/57, Ramachandran Circle, Surat, Uttar Pradesh, 181535",2024-10-10 09:01:53
09fc2e62-bd1b-4475-9f5d-8bc205e25da6,Delhi Distribution Centre 97,DEL-DI-97,"373, Barman Marg, Delhi, Kerala, 791815",2024-06-30 09:01:53
adee1cec-d1f6-49f4-8565-c4e76d1a17d6,Patna Regional Depot 20,PAT-RE-20,"99/88, Iyer Marg, Patna, Jharkhand, 273466",2025-03-25 09:01:53
15bb357e-9d00-4e71-a08d-b3e2f375835d,Howrah Sorting Centre 20,HOW-SO-20,"61, Bajwa Chowk, Howrah, Meghalaya, 587964",2024-03-10 09:01:53
1698924a-bd38-4749-a3a8-673613a0bf46,Raipur Storage Hub 23,RAI-ST-23,"40, Barman Circle, Raipur, Gujarat, 499825",2024-02-22 09:01:53
16a4c8d1-7b4b-4b64-bd49-e93cf1fd809a,Agra Bulk Store 8,AGR-BU-08,"08/004, Guha Marg, Agra, Kerala, 688285",2025-02-21 09:01:53
e141bfd7-2051-4039-a38e-ea4d375f7fc4,Kanpur Sorting Centre 44,KAN-SO-44,"03/172, Nagarajan Ganj, Kanpur, Assam, 739900",2025-08-10 09:01:53
b5a96bb5-2a0a-43d2-9ca9-77a7b757b71b,Nashik Main Warehouse 50,NAS-MA-50,"31, Agrawal Road, Nashik, Haryana, 263560",2025-07-09 09:01:53
f0de34f5-f579-4ab6-9d12-581f29e601e5,Jodhpur Retail Warehouse 69,JOD-RE-876,"293, Kuruvilla, Jodhpur, Maharashtra, 346066",2024-05-20 09:01:53
23638e93-8900-4cd1-b9c8-0c45839fd9bb,Pune Export Hub 8,PUN-EX-08,"43, Kulkarni Chowk, Pune, Punjab, 607231",2025-06-09 09:01:53
ea8d6f01-f2db-44c8-95e2-eadd95c2895e,Meerut Retail Warehouse 36,MEE-RE-36,"11/271, Yadav Street, Meerut, Karnataka, 464844",2025-11-27 09:01:53
cb77a66e-1eea-4291-9a64-174440f3b4dc,Bhopal Main Warehouse 63,BHO-MA-63,"41/16, Chadha Ganj, Bhopal, Nagaland, 328077",2024-04-28 09:01:53
907f1e92-ed95-41ce-8472-ab2b7de01d8e,Ghaziabad Fulfilment Centre 72,GHA-FU-72,"H.No. 130, Gour Marg, Ghaziabad, Assam, 369572",2023-07-16 09:01:53
d0bb7aa1-04a3-4538-9e85-c2533aae8986,Vadodara Distribution Centre 84,VAD-DI-84,"90, Gulati Circle, Vadodara, Tripura, 509025",2024-08-16 09:01:53
a6abb626-23e4-4695-88d5-dda4481a9478,Ghaziabad Storage Hub 2,GHA-ST-02,"H.No. 25, Iyer Chowk, Ghaziabad, Rajasthan, 662481",2023-09-17 09:01:53
c0da5913-c9c0-4e1c-bd29-a44e0baa59f7,Raipur Distribution Centre 29,RAI-DI-29,"235, Bakshi Chowk, Raipur, West Bengal, 139848",2024-01-11 09:01:53
5e545bbe-8f56-41db-8f6c-c585a4d88c00,Faridabad Storage Hub 52,FAR-ST-52,"285, Choudhury Nagar, Faridabad, Sikkim, 688092",2024-05-07 09:01:53
40fd7eac-1212-4597-814d-768afb249d43,Hyderabad Export Hub 37,HYD-EX-37,"55/021, Ahuja Ganj, Hyderabad, Madhya Pradesh, 906913",2024-05-04 09:01:53
190a2a56-1f6d-4ec0-b96e-b46803c9dbe9,Meerut Fulfilment Centre 74,MEE-FU-74,"09/810, Raju Chowk, Meerut, Jharkhand, 737945",2023-11-17 09:01:53
76a7cbd9-1d1c-4a8c-86a4-0c0d12026fec,Solapur Retail Warehouse 85,SOL-RE-85,"77/278, Kapur Path, Solapur, Chhattisgarh, 264250",2025-03-05 09:01:53
bca4e149-0474-4caf-8fdb-78680e6fb122,Faridabad Distribution Centre 41,FAR-DI-41,"42, Sharaf Nagar, Faridabad, Maharashtra, 625366",2024-02-25 09:01:53
6f5e04f3-4cff-43b1-b45a-c2136ba071fd,Pimpri Retail Warehouse 6,PIM-RE-06,"77, Rama Chowk, Pimpri, Manipur, 556283",2025-03-09 09:01:53
2f09a315-eecc-42d2-98d5-1eda3da9255f,Ghaziabad Regional Depot 73,GHA-RE-73,"339, Patla Ganj, Ghaziabad, Manipur, 543627",2025-12-30 09:01:53
579e14de-e664-4899-9ec6-17b43d87fbf7,Kanpur Distribution Centre 48,KAN-DI-48,"H.No. 874, Sachar, Kanpur, Arunachal Pradesh, 358268",2025-12-16 09:01:53
10815472-99d4-45fd-835e-882e86cf83f7,Varanasi Regional Depot 10,VAR-RE-10,"27, Jhaveri Nagar, Varanasi, Madhya Pradesh, 492693",2025-12-25 09:01:53
ebc9e60b-540e-4847-b4a3-dbec2354e638,Coimbatore Cold Storage 43,COI-CO-43,"657, De Ganj, Coimbatore, Tripura, 599801",2024-12-31 09:01:53
8bc5c781-a66c-4733-8229-7d7597cb6d83,Pimpri Main Warehouse 73,PIM-MA-73,"H.No. 100, Narula Nagar, Pimpri, West Bengal, 553234",2023-08-02 09:01:53
c91eef04-289d-47cf-8465-af11a79ef25d,Raipur Distribution Centre 74,RAI-DI-74,"H.No. 595, Sekhon, Raipur, Meghalaya, 244182",2024-03-06 09:01:53
868c67df-c203-4558-b9f2-a13ac0804fc4,Faridabad Sorting Centre 28,FAR-SO-28,"261, Rout Circle, Faridabad, Goa, 431271",2024-07-17 09:01:53
37837905-f40b-4b09-baed-be7aa73888a6,Ghaziabad Retail Warehouse 71,GHA-RE-71,"H.No. 267, Sood Marg, Ghaziabad, Goa, 957992",2024-10-22 09:01:53
f5621615-2323-491d-af98-22a00c81420f,Agra Storage Hub 489,AGR-ST-823,"07, Padmanabhan, Agra, Karnataka, 512294",2026-03-14 09:01:53
9fe0e1c8-2334-4fbe-98aa-c642ba52671b,Jaipur Main Warehouse 33,JAI-MA-33,"62/135, Chacko Road, Jaipur, Kerala, 099625",2025-09-23 09:01:53
5a74afb1-f9da-496f-b020-2465ecb25789,Varanasi Storage Hub 86,VAR-ST-86,"H.No. 38, Venkatesh Road, Varanasi, Andhra Pradesh, 520344",2026-02-27 09:01:53
4bd36a54-a6f5-4015-912c-0ff968436f09,Chennai Sorting Centre 84,CHE-SO-84,"65, Mahajan Nagar, Chennai, Telangana, 158029",2024-10-22 09:01:53
9fcee584-cd97-4417-8b2a-7cabfc3fc50c,Ahmedabad Storage Hub 94,AHM-ST-94,"H.No. 904, Iyengar Marg, Ahmedabad, Meghalaya, 604655",2024-05-06 09:01:53
b19dadc7-7f74-45eb-abff-c82648113486,Kolkata Storage Hub 40,KOL-ST-40,"66/52, Lal Path, Kolkata, Nagaland, 744171",2025-12-29 09:01:53
ab1ea0a6-4630-4e63-8bc7-2b04c2f26701,Nagpur Sorting Centre 32,NAG-SO-32,"58/102, Kibe Zila, Nagpur, Assam, 512931",2024-02-04 09:01:53
4b10becd-fabb-41bf-8f60-d9276832313e,Guwahati Bulk Store 80,GUW-BU-80,"H.No. 005, Bobal, Guwahati, Chhattisgarh, 519102",2025-01-25 09:01:53
22736c27-6a0f-48ec-ac8c-dc2f52a11219,Aurangabad Export Hub 73,AUR-EX-73,"121, Aggarwal Zila, Aurangabad, Maharashtra, 301658",2024-05-21 09:01:53
fa48bf8d-2c16-441d-95d1-e075ea56947f,Aurangabad Bulk Store 5,AUR-BU-05,"737, Grewal, Aurangabad, Meghalaya, 907280",2024-08-12 09:01:53
e1351c62-8f38-4c2d-a08f-9923ba2bbdcb,Allahabad Retail Warehouse 28,ALL-RE-28,"H.No. 234, Gulati Street, Allahabad, Tamil Nadu, 132532",2025-12-29 09:01:53
0b88eba3-ba96-4d97-b0a5-703cdebfc7cd,Lucknow Bulk Store 63,LUC-BU-63,"94, Sachar, Lucknow, Mizoram, 364538",2023-09-12 09:01:53
04d348f5-382e-45f5-8640-2a5bbb2f92bb,Dhanbad Fulfilment Centre 11,DHA-FU-11,"H.No. 442, Bhatia Zila, Dhanbad, Assam, 509617",2023-12-18 09:01:53
d2e91fee-09ca-4013-abe4-e5ee341298af,Gwalior Storage Hub 17,GWA-ST-17,"H.No. 159, Bhatti Path, Gwalior, Odisha, 575757",2024-12-21 09:01:53
d56c79af-08df-4f3d-b440-14b764206f19,Madurai Bulk Store 783,MAD-BU-029,"H.No. 75, Gupta Circle, Madurai, Haryana, 056775",2024-11-28 09:01:53
373da52e-bc1b-4f99-a920-32a232e7295a,Ludhiana Sorting Centre 68,LUD-SO-68,"77, Dua Chowk, Ludhiana, Chhattisgarh, 602562",2024-09-13 09:01:53
a61071a1-cd41-40de-a97e-bb9299531eac,Vijayawada Retail Warehouse 84,VIJ-RE-84,"50, Gera Marg, Vijayawada, Chhattisgarh, 310672",2024-09-03 09:01:53
9540ad64-7fb0-49dc-92aa-3b6a38597934,Rajkot Cold Storage 31,RAJ-CO-31,"H.No. 53, Tank Nagar, Rajkot, Madhya Pradesh, 484337",2023-11-05 09:01:53
eb56c667-6bc7-4e79-bfc3-38e31b1c10ee,Jodhpur Fulfilment Centre 81,JOD-FU-81,"76/62, Bhasin Chowk, Jodhpur, Kerala, 157942",2024-04-12 09:01:53
fe3386e2-c65f-4e12-a256-a776980718a9,Coimbatore Regional Depot 26,COI-RE-26,"873, Swaminathan Marg, Coimbatore, Andhra Pradesh, 254969",2025-11-16 09:01:53
e807bf4e-77f1-4fdc-92a6-dfbd8c1b84da,Gwalior Distribution Centre 81,GWA-DI-81,"H.No. 928, Om Road, Gwalior, Telangana, 259710",2024-01-16 09:01:53
4fb35612-75ce-4a63-91a0-5463a13d71fe,Faridabad Cold Storage 40,FAR-CO-40,"56, Kadakia Ganj, Faridabad, Karnataka, 574859",2025-09-03 09:01:53
68affb0a-df7c-4736-899a-c756020e9ec4,Delhi Export Hub 87,DEL-EX-87,"H.No. 32, Karnik Path, Delhi, Tamil Nadu, 379705",2024-03-02 09:01:53
fb131f56-a49d-4f2f-927e-25706a199ae3,Jabalpur Cold Storage 24,JAB-CO-24,"16/29, Bumb Path, Jabalpur, Mizoram, 794176",2025-07-19 09:01:53
3933fe82-f9d3-4daa-a3c2-be28194b2217,Pune Storage Hub 6,PUN-ST-06,"425, Som Nagar, Pune, Haryana, 055978",2025-10-03 09:01:53
76d20d53-d01e-4913-9097-ac32d0148c0a,Pune Sorting Centre 9,PUN-SO-09,"457, Yadav Path, Pune, Gujarat, 991403",2025-03-19 09:01:53
5d0b1c0b-003d-44b2-985e-5104eb63fc10,Delhi Cold Storage 63,DEL-CO-63,"84/36, Apte Marg, Delhi, Jharkhand, 324006",2023-12-09 09:01:53
e23054e8-86ee-4026-a3d7-1052e91f19c7,Faridabad Regional Depot 37,FAR-RE-37,"H.No. 572, Raja Chowk, Faridabad, Nagaland, 975147",2024-08-15 09:01:53
dc2155ae-a130-4846-a6eb-f81df5ac0895,Jodhpur Retail Warehouse 37,JOD-RE-37,"H.No. 39, Mane Chowk, Jodhpur, Goa, 501058",2024-11-08 09:01:53
7f230b92-3bc6-4dbb-af16-9268c9b6b3f6,Mumbai Main Warehouse 1,MUM-MA-01,"52, Prashad Path, Mumbai, Nagaland, 656259",2025-10-22 09:01:53
84e0ce15-00fa-4294-9187-df0690777a19,Rajkot Export Hub 60,RAJ-EX-60,"H.No. 459, Baral, Rajkot, Mizoram, 271122",2025-02-02 09:01:53
9622ef40-1463-4c07-8e51-2b2d489d7cbf,Vadodara Regional Depot 70,VAD-RE-70,"H.No. 823, Parsa Zila, Vadodara, Kerala, 165176",2024-05-02 09:01:53
63f4ea89-420c-43f9-8883-6cdbf07f57f9,Mysuru Bulk Store 64,MYS-BU-64,"08/66, Chakraborty Street, Mysuru, Uttarakhand, 721433",2025-01-28 09:01:53
f58df5bd-1775-40cc-b292-ecea52e63d59,Vadodara Sorting Centre 58,VAD-SO-58,"H.No. 800, Srinivas Ganj, Vadodara, Arunachal Pradesh, 332285",2024-07-15 09:01:53
f79b09aa-86c4-418a-8e05-9cdd32a797ed,Srinagar Regional Depot 12,SRI-RE-12,"H.No. 66, Uppal Nagar, Srinagar, Tripura, 706810",2025-01-09 09:01:53
55ff0414-56c1-4990-957c-1705832d206c,Nagpur Bulk Store 45,NAG-BU-45,"903, Swamy Ganj, Nagpur, Andhra Pradesh, 195826",2025-01-02 09:01:53
f61752e8-bab7-46a5-9992-2d2da3d25840,Chandigarh Main Warehouse 33,CHA-MA-33,"280, Manda, Chandigarh, Himachal Pradesh, 862394",2023-10-18 09:01:53
c057a56c-12c8-4cb6-98e6-96e5bd181a12,Ludhiana Main Warehouse 3,LUD-MA-03,"H.No. 35, Ramaswamy Road, Ludhiana, Bihar, 707986",2025-01-22 09:01:53
9b30604c-8cb7-4055-a68e-39840308337f,Bhopal Cold Storage 41,BHO-CO-41,"210, Chhabra Marg, Bhopal, Telangana, 394394",2024-03-29 09:01:53
bf645069-0ec5-4fe7-a4bd-0ccebfb76f42,Thane Retail Warehouse 26,THA-RE-26,"H.No. 70, Krishnan Ganj, Thane, Gujarat, 403253",2026-02-04 09:01:53
a9543593-6694-4eba-8f39-2cbd1408470d,Jabalpur Bulk Store 35,JAB-BU-35,"65, Raman Chowk, Jabalpur, Punjab, 778943",2024-08-13 09:01:53
abbf8f17-19df-4339-9d23-50cd75dcbf72,Varanasi Sorting Centre 24,VAR-SO-24,"H.No. 910, Bedi Nagar, Varanasi, West Bengal, 404769",2023-07-03 09:01:53
530b7ba0-f828-421e-b047-885a502295d3,Aurangabad Retail Warehouse 11,AUR-RE-11,"105, Halder Ganj, Aurangabad, Maharashtra, 146040",2025-11-22 09:01:53
941fb29a-7fb3-49f9-8941-e5208ef64fde,Jodhpur Sorting Centre 84,JOD-SO-84,"H.No. 424, Jayaraman Chowk, Jodhpur, Bihar, 720113",2025-03-13 09:01:53
c2ce759d-991e-44b6-bb1c-345ffd1a55c4,Jaipur Sorting Centre 90,JAI-SO-90,"98, Madan Road, Jaipur, Andhra Pradesh, 123166",2025-02-18 09:01:53
cc564c24-b064-4aee-a208-5e0c3c922bc3,Thane Cold Storage 27,THA-CO-27,"H.No. 076, Sachar Chowk, Thane, Goa, 901447",2026-01-23 09:01:53
5bd6b7c3-c34c-4dbb-ba36-bb787e10f2d4,Chandigarh Cold Storage 76,CHA-CO-76,"404, Keer Ganj, Chandigarh, Tamil Nadu, 009687",2024-11-22 09:01:53
d9d382a8-f9f2-4f8b-b921-e0179529cdd5,Solapur Main Warehouse 23,SOL-MA-23,"045, Pillai Zila, Solapur, Manipur, 825588",2025-03-03 09:01:53
ed19b067-1c0a-4e30-bc11-1c48941981e1,Agra Distribution Centre 21,AGR-DI-21,"556, Ratti Street, Agra, Kerala, 542786",2024-09-19 09:01:53
5ebca031-c2c1-4deb-8296-d152656dee9b,Lucknow Retail Warehouse 53,LUC-RE-53,"H.No. 61, Kulkarni, Lucknow, Chhattisgarh, 577820",2024-04-23 09:01:53
4082f735-fb9d-48b9-8666-49cf7bc29962,Indore Bulk Store 39,IND-BU-39,"H.No. 82, Om, Indore, Nagaland, 923616",2025-07-17 09:01:53
08c1dbe8-2844-46b6-be46-6d4c23895e58,Kolkata Cold Storage 79,KOL-CO-79,"H.No. 880, Chawla Circle, Kolkata, Odisha, 482357",2025-05-22 09:01:53
e4218bfa-449f-43d3-a830-56aac53497ce,Allahabad Sorting Centre 72,ALL-SO-72,"H.No. 558, Virk Marg, Allahabad, Sikkim, 395613",2023-11-05 09:01:53
e4dc629d-7166-484a-a09d-977916729f3b,Coimbatore Cold Storage 79,COI-CO-79,"72/308, Tandon Zila, Coimbatore, Chhattisgarh, 436438",2025-02-05 09:01:53
08b6e867-54c7-42cb-93cb-c66f0f8f794b,Agra Regional Depot 53,AGR-RE-53,"13/000, Dara Road, Agra, Gujarat, 114716",2024-05-10 09:01:53
59a756bd-1459-4e77-9610-7a6ecd45bb11,Varanasi Fulfilment Centre 39,VAR-FU-39,"H.No. 60, Mital, Varanasi, Karnataka, 534699",2023-06-23 09:01:53
b4bbc084-81cf-4ea1-9eba-c3f69cc8a19b,Ludhiana Regional Depot 38,LUD-RE-38,"99, Swamy Nagar, Ludhiana, Arunachal Pradesh, 550476",2024-02-10 09:01:53
561ee514-21e1-44b1-a633-b76f0ece04d5,Thane Regional Depot 91,THA-RE-91,"16/99, Swaminathan Path, Thane, Andhra Pradesh, 071748",2025-06-24 09:01:53
66accc29-a9d0-437e-bf6d-b9405a6cd4a7,Chennai Regional Depot 79,CHE-RE-79,"H.No. 131, Raghavan Chowk, Chennai, Telangana, 397054",2025-11-10 09:01:53
00a28ca7-d7a4-4c61-9c8f-1934e14446e1,Meerut Sorting Centre 78,MEE-SO-78,"73/96, Anne Zila, Meerut, Sikkim, 908718",2024-07-19 09:01:53
9e488d9f-5e0e-4d8f-8700-dbf918c19fc2,Bhopal Sorting Centre 32,BHO-SO-32,"749, Wason Marg, Bhopal, Rajasthan, 491872",2023-11-12 09:01:53
190db74c-5536-479d-804f-6519a8ac8af9,Guwahati Regional Depot 36,GUW-RE-36,"42, Mannan Nagar, Guwahati, Punjab, 612137",2024-07-30 09:01:53
01b758c9-c3b4-4f84-b8a6-7b1564dfabbe,Srinagar Regional Depot 29,SRI-RE-29,"30, Goda Marg, Srinagar, Tripura, 042359",2024-08-03 09:01:53
9b487897-50f0-44b1-8b88-f036b80c57cb,Pimpri Bulk Store 34,PIM-BU-34,"37, Chaudhuri Zila, Pimpri, Goa, 299077",2026-02-25 09:01:53
56e89cc4-4e87-4c3a-9971-cfdfc4a2aa8c,Allahabad Export Hub 22,ALL-EX-22,"H.No. 60, Pillay Circle, Allahabad, Rajasthan, 670468",2025-10-16 09:01:53
056b8d58-9060-4106-adde-84150366cda2,Thane Main Warehouse 76,THA-MA-76,"61/114, Soman Path, Thane, Madhya Pradesh, 210219",2025-04-12 09:01:53
2289f0ba-3de0-4eab-8fde-9062b0bf7c84,Navi Mumbai Bulk Store 17,NAV-BU-17,"378, Lall Path, Navi Mumbai, Meghalaya, 296180",2024-07-03 09:01:53
b899781e-2b5d-424f-8e91-23618e2d5706,Solapur Retail Warehouse 93,SOL-RE-93,"324, Raman Street, Solapur, Andhra Pradesh, 080184",2023-07-31 09:01:53
deb31c93-4959-423b-952a-061b8b7389f7,Indore Sorting Centre 86,IND-SO-86,"80/42, Kohli Path, Indore, West Bengal, 337773",2023-11-28 09:01:53
2cf0defb-b42c-4097-b759-d78a310f338e,Ranchi Export Hub 75,RAN-EX-75,"H.No. 268, Bobal Circle, Ranchi, Chhattisgarh, 821781",2023-10-18 09:01:53
0d54de67-b818-46a9-971b-d74b3ad43f54,Pimpri Distribution Centre 32,PIM-DI-32,"23/65, Lala Ganj, Pimpri, Maharashtra, 605603",2025-10-04 09:01:53
12aa4a29-9f30-4d37-9a8e-95211af3e492,Ahmedabad Main Warehouse 98,AHM-MA-98,"56/793, Srinivas Street, Ahmedabad, Punjab, 239847",2024-08-07 09:01:53
523a0831-0fa9-49d7-853a-d7c1496ff8a4,Srinagar Storage Hub 8,SRI-ST-08,"H.No. 690, Bhatti Marg, Srinagar, Nagaland, 205464",2024-04-06 09:01:53
523b5060-41c8-4fa2-be39-461016e72410,Kanpur Distribution Centre 62,KAN-DI-62,"54, Narain Circle, Kanpur, Jharkhand, 876989",2024-01-25 09:01:53
71def394-58ca-482d-a0ae-8cdec690ac44,Bengaluru Retail Warehouse 42,BEN-RE-309,"92/75, Suri Zila, Bengaluru, Karnataka, 444498",2023-09-06 09:01:53
b82a91a3-4fc0-4dc1-ad2c-62b3ed0b673b,Allahabad Cold Storage 25,ALL-CO-25,"553, Halder, Allahabad, Kerala, 358644",2025-05-25 09:01:53
d318b4c6-2780-4709-ab7a-9a8e18916fff,Jodhpur Bulk Store 48,JOD-BU-48,"63/92, Gupta Road, Jodhpur, Sikkim, 885379",2025-04-04 09:01:53
2c7f2664-3713-4a31-b7e9-623858654598,Dhanbad Sorting Centre 17,DHA-SO-17,"21/43, Nazareth Ganj, Dhanbad, Goa, 536749",2023-10-17 09:01:53
59f7bc16-4fa1-4ffc-83a7-38968e415562,Tiruchirappalli Storage Hub 5,TIR-ST-05,"85, Kumar Street, Tiruchirappalli, Punjab, 416860",2025-07-07 09:01:53
81678ec3-c1b7-4702-bbee-104230e53e1c,Mumbai Main Warehouse 39,MUM-MA-39,"H.No. 347, Malhotra Chowk, Mumbai, Mizoram, 340679",2025-06-03 09:01:53
fa78222e-ac7f-4771-95cf-45a3962df9a4,Coimbatore Bulk Store 39,COI-BU-39,"H.No. 766, Dar Path, Coimbatore, Chhattisgarh, 150014",2025-02-17 09:01:53
ee1932fb-7593-4998-9adf-0eeb45faf2f5,Chennai Storage Hub 93,CHE-ST-93,"H.No. 884, Char Street, Chennai, Telangana, 309001",2024-06-27 09:01:53
bbbeebf6-638a-47fa-b1c0-6bc2e7152ea9,Thane Sorting Centre 7,THA-SO-07,"H.No. 94, Sani Road, Thane, Haryana, 399948",2023-11-23 09:01:53
7dea0e29-ef8e-4ff5-8e14-ff47ad976f0b,Delhi Storage Hub 95,DEL-ST-95,"H.No. 32, Nadig Nagar, Delhi, Tripura, 263890",2023-10-01 09:01:53
02caf468-259d-46ad-9d2e-a696f621db70,Agra Distribution Centre 18,AGR-DI-18,"199, Sunder Road, Agra, Bihar, 363379",2024-01-07 09:01:53
39e13cb9-3807-451c-9c98-3ecdfead99d1,Pune Fulfilment Centre 94,PUN-FU-94,"234, Aggarwal Zila, Pune, Haryana, 699673",2023-10-12 09:01:53
38f71892-c1a0-4f14-b02a-0e634f839d2d,Aurangabad Cold Storage 886,AUR-CO-365,"116, Savant Chowk, Aurangabad, Chhattisgarh, 960843",2024-09-19 09:01:53
0ef2467a-2d6f-4747-8678-2d9f56791a68,Guwahati Sorting Centre 51,GUW-SO-51,"76/855, Tata Nagar, Guwahati, Mizoram, 793521",2025-09-01 09:01:53
bf9705af-f68d-42b7-b06c-0a2dd539f82a,Ludhiana Sorting Centre 44,LUD-SO-44,"62/63, Murthy Ganj, Ludhiana, Kerala, 434369",2024-06-09 09:01:53
ae8de555-372b-4068-80b3-bf1166e38b34,Kota Retail Warehouse 1,KOT-RE-01,"09, Bhattacharyya Ganj, Kota, Manipur, 695560",2024-08-23 09:01:53
9ca3c9f9-0aee-4b91-8647-5b5e58a7332a,Varanasi Distribution Centre 74,VAR-DI-74,"67, Chakraborty Marg, Varanasi, Maharashtra, 534547",2024-06-28 09:01:53
c217e3bc-7b27-40da-a82c-a9c5df86ad27,Indore Distribution Centre 34,IND-DI-34,"239, Wali Circle, Indore, Uttar Pradesh, 065031",2024-03-22 09:01:53
f9b0d210-5c2d-4be9-baa6-82b6599f9ba5,Nashik Export Hub 39,NAS-EX-39,"21/980, Buch Road, Nashik, Mizoram, 724264",2025-09-02 09:01:53
b8e77b25-c9a7-4490-a2dc-edfe40dc426e,Visakhapatnam Cold Storage 51,VIS-CO-51,"364, Verma Street, Visakhapatnam, Assam, 190924",2025-02-10 09:01:53
03641987-c485-48d8-ab14-45ec424c400b,Thane Distribution Centre 10,THA-DI-10,"76/23, Hayre Nagar, Thane, Punjab, 114281",2025-07-29 09:01:53
aaa3a9ce-7278-40f4-8203-558f4b723f2c,Ranchi Export Hub 48,RAN-EX-48,"85, Dua Street, Ranchi, Nagaland, 305248",2026-01-24 09:01:53
c2b3c49a-4a97-4ac0-9803-a9c0eb5d2ffd,Indore Regional Depot 24,IND-RE-24,"H.No. 880, Deshmukh Marg, Indore, Goa, 722395",2025-08-31 09:01:53
5aaa2a0b-8ce6-4221-a635-9d9f1b5b0050,Rajkot Storage Hub 86,RAJ-ST-86,"47/37, Choudhary Street, Rajkot, Tamil Nadu, 290162",2024-02-15 09:01:53
acfae3f2-9f32-4d28-b6a1-45f4e0599551,Jaipur Main Warehouse 32,JAI-MA-32,"H.No. 478, Rana Chowk, Jaipur, Nagaland, 878599",2025-08-27 09:01:53
d22f57b6-d8af-4b73-9c9e-61b9a476c887,Vadodara Retail Warehouse 38,VAD-RE-38,"64/862, Tata Circle, Vadodara, Chhattisgarh, 319541",2025-09-08 09:01:53
4d64d667-5c4c-4ae1-b54e-6eb58b2e6f0a,Visakhapatnam Bulk Store 27,VIS-BU-27,"66/64, Bajwa Path, Visakhapatnam, Karnataka, 303627",2024-05-12 09:01:53
c90cea1b-9df1-4708-bf86-717deeb19fc7,Ahmedabad Main Warehouse 39,AHM-MA-39,"24/63, Babu Street, Ahmedabad, Haryana, 476775",2025-07-20 09:01:53
e8652852-bd6a-471b-991f-3b5e4a033369,Raipur Retail Warehouse 92,RAI-RE-92,"726, Korpal Nagar, Raipur, Chhattisgarh, 450576",2024-07-29 09:01:53
29782eca-2c6b-4c18-9520-3667a15bb067,Rajkot Export Hub 95,RAJ-EX-95,"61/945, Sood Circle, Rajkot, Arunachal Pradesh, 155348",2024-04-04 09:01:53
d9f5b2c3-7735-4f94-a2f3-a852a6bb51a0,Kota Bulk Store 70,KOT-BU-70,"012, Madan Circle, Kota, Arunachal Pradesh, 838507",2023-11-14 09:01:53
3f794ea4-1c1a-48a9-bb21-2e2a85436a76,Delhi Main Warehouse 71,DEL-MA-71,"59, Palan Chowk, Delhi, Punjab, 450891",2023-12-25 09:01:53
dd89dfe2-db9e-41eb-9dfd-9848baef3347,Madurai Cold Storage 91,MAD-CO-91,"76, Bansal Circle, Madurai, Sikkim, 265742",2024-03-20 09:01:53
5ff68dee-f67b-4773-aef4-b2a475e25481,Surat Sorting Centre 36,SUR-SO-36,"319, Majumdar Marg, Surat, Madhya Pradesh, 004023",2025-02-17 09:01:53
e30408a9-55af-4d6c-989c-a96a2661f85a,Mysuru Sorting Centre 7,MYS-SO-07,"93, Doshi Marg, Mysuru, Maharashtra, 301204",2025-10-09 09:01:53
2e3e3c1e-f670-49ad-abbb-164b69aea315,Madurai Distribution Centre 83,MAD-DI-83,"71/372, Comar Chowk, Madurai, Assam, 595749",2024-05-05 09:01:53
d82fd039-b1e7-4814-a03e-73201603c687,Amritsar Retail Warehouse 37,AMR-RE-37,"85/58, Venkatesh Street, Amritsar, Sikkim, 933067",2026-01-08 09:01:53
083a8da1-cf02-471f-b4ed-055c928102dc,Aurangabad Regional Depot 25,AUR-RE-25,"H.No. 58, Tara Road, Aurangabad, Telangana, 094412",2026-02-04 09:01:53
6b81c160-9375-4779-9143-a1aa1059a786,Vadodara Fulfilment Centre 41,VAD-FU-41,"33/37, Chaudhari Street, Vadodara, Tamil Nadu, 666954",2026-01-14 09:01:53
0c0bd2aa-8674-4e08-b72d-08f48afa8349,Surat Fulfilment Centre 69,SUR-FU-69,"H.No. 329, Bhatti Chowk, Surat, Tripura, 066626",2023-12-23 09:01:53
f5223ae8-86c8-4a9a-8fe6-31ded87784d7,Nashik Main Warehouse 21,NAS-MA-21,"05, Dani Path, Nashik, Jharkhand, 776936",2025-09-30 09:01:53
4d419a3a-eab9-49c6-9bde-f5ccaa84c374,Howrah Sorting Centre 36,HOW-SO-36,"34, Gala Ganj, Howrah, Karnataka, 959611",2025-01-06 09:01:53
01e3cb82-cfd2-40b9-bcfa-6ff820922a3e,Meerut Cold Storage 24,MEE-CO-24,"H.No. 102, Sangha Circle, Meerut, Meghalaya, 200720",2024-12-10 09:01:53
79a5bafc-1107-4aae-86f9-390a6f88c7ec,Mysuru Cold Storage 94,MYS-CO-94,"455, Chahal, Mysuru, Arunachal Pradesh, 451091",2023-10-03 09:01:53
acd8957c-f0e9-43e4-a790-d8cc614a2a6b,Mysuru Storage Hub 26,MYS-ST-26,"H.No. 903, Raman Street, Mysuru, Uttarakhand, 149498",2025-08-21 09:01:53
f67501ad-7b77-43fe-a784-de4b76ea9278,Jaipur Export Hub 20,JAI-EX-20,"H.No. 942, Shere Zila, Jaipur, Punjab, 281793",2024-06-14 09:01:53
ec9e705e-2a62-4a4f-abf7-b500987c442b,Thane Main Warehouse 18,THA-MA-18,"40/652, Sethi Chowk, Thane, Kerala, 466345",2026-02-26 09:01:53
a947d807-cf87-42d3-914f-db55b1773567,Jaipur Cold Storage 52,JAI-CO-52,"372, Bansal Street, Jaipur, Assam, 912172",2024-08-04 09:01:53
3ab19e86-73b9-4fde-a86d-6bde0c3aaecb,Ahmedabad Fulfilment Centre 27,AHM-FU-27,"145, Khare Path, Ahmedabad, Tamil Nadu, 661894",2023-09-28 09:01:53
853e7de6-ba9c-461f-b9b8-96d5c242d701,Mumbai Fulfilment Centre 3,MUM-FU-03,"37/052, Handa Marg, Mumbai, Kerala, 004627",2025-08-02 09:01:53
a8bd7d51-cc75-458c-99ae-a2ef34916c5b,Nagpur Regional Depot 53,NAG-RE-53,"65, Deol Chowk, Nagpur, Uttarakhand, 659202",2024-11-20 09:01:53
93567583-0dfa-4ed5-8afa-d1ae0391f29b,Srinagar Distribution Centre 94,SRI-DI-94,"H.No. 61, Natt Chowk, Srinagar, Chhattisgarh, 238974",2024-04-05 09:01:53
c4cc3fd9-d066-4b69-9ddc-44f00f98eca8,Pune Bulk Store 59,PUN-BU-59,"260, Patel Nagar, Pune, Tamil Nadu, 955017",2025-03-06 09:01:53
2161946e-263c-429e-b65f-9fd0c244f404,Mumbai Retail Warehouse 55,MUM-RE-55,"33/25, Mahal Circle, Mumbai, Mizoram, 899936",2025-10-20 09:01:53
bc64eb4c-e9c5-44c6-bed9-cdbc410038f4,Tiruchirappalli Retail Warehouse 79,TIR-RE-79,"07/984, Shan Circle, Tiruchirappalli, Arunachal Pradesh, 506917",2024-06-28 09:01:53
d2516cf5-8c82-403a-aa6f-633124c9603a,Agra Cold Storage 32,AGR-CO-32,"79, Kashyap, Agra, Karnataka, 744039",2023-09-06 09:01:53
cc6e747b-86c7-4fbb-a642-6f5be4f12185,Hubli Main Warehouse 23,HUB-MA-23,"H.No. 64, Wali Nagar, Hubli, Haryana, 373606",2025-06-03 09:01:53
aebe6dc6-5b28-4e90-ba4b-514e38f144c1,Madurai Cold Storage 27,MAD-CO-27,"H.No. 148, Saha Circle, Madurai, Andhra Pradesh, 907938",2026-01-16 09:01:53
e6a51a70-d48f-4de6-af2d-09e3fecda724,Kolkata Storage Hub 30,KOL-ST-30,"84/136, Narasimhan Circle, Kolkata, Goa, 061537",2024-02-21 09:01:53
ed761f07-9899-4e01-a84a-05fecf8bbecb,Jabalpur Export Hub 265,JAB-EX-836,"H.No. 124, Master Street, Jabalpur, Sikkim, 626325",2024-10-31 09:01:53
99cf4f57-db82-4f0a-a864-aa2077d10f82,Lucknow Fulfilment Centre 4,LUC-FU-04,"H.No. 448, Biswas Circle, Lucknow, Assam, 103142",2025-08-05 09:01:53
0c392272-7131-418d-90b5-6b572fb1a273,Pimpri Storage Hub 6,PIM-ST-06,"H.No. 751, Warrior Circle, Pimpri, Manipur, 794151",2025-11-04 09:01:53
5678ff27-03b5-4ec8-a185-3b92094f248f,Ranchi Regional Depot 59,RAN-RE-59,"H.No. 26, Krishna Ganj, Ranchi, Telangana, 911225",2026-01-04 09:01:53
8c23eadb-83c9-4e0f-8051-e39efbfa3282,Jabalpur Main Warehouse 12,JAB-MA-12,"883, Panchal Chowk, Jabalpur, Andhra Pradesh, 661863",2024-12-04 09:01:53
dc7e71a6-40e1-465a-af97-134dcbd677e8,Guwahati Storage Hub 21,GUW-ST-21,"397, Bhavsar, Guwahati, Telangana, 787655",2024-05-06 09:01:53
e457ff00-6f15-49f1-aeff-b4f5915f0791,Jaipur Regional Depot 7,JAI-RE-07,"007, Aggarwal Ganj, Jaipur, Odisha, 055605",2023-09-24 09:01:53
dad92389-6537-4a05-8840-b118d1a8aeab,Nashik Main Warehouse 57,NAS-MA-57,"12, Verma Zila, Nashik, Nagaland, 927788",2023-12-02 09:01:53
1bfbeb34-6bde-4a2e-a206-fc11bbcb1d41,Solapur Bulk Store 34,SOL-BU-34,"51/905, Muni Ganj, Solapur, Nagaland, 401042",2024-05-07 09:01:53
7bb832b4-f6af-4b5d-893f-1c561c581655,Ranchi Retail Warehouse 94,RAN-RE-94,"46/245, Borde Marg, Ranchi, Mizoram, 174460",2024-01-10 09:01:53
42965cba-902d-4f2d-a03d-1dec2cccde29,Ahmedabad Retail Warehouse 83,AHM-RE-83,"H.No. 452, Devan Zila, Ahmedabad, Mizoram, 511455",2024-06-01 09:01:53
a5e64d34-0322-4d80-a673-69548b73906e,Chandigarh Retail Warehouse 42,CHA-RE-42,"H.No. 293, Brar, Chandigarh, Haryana, 448818",2023-11-21 09:01:53
7fb3b132-7068-41c8-9969-6f4ce632e8f3,Visakhapatnam Bulk Store 14,VIS-BU-14,"84/84, Raval Zila, Visakhapatnam, Tripura, 461540",2024-06-15 09:01:53
420aa699-6d35-4512-8a02-132f151ad46d,Gwalior Storage Hub 34,GWA-ST-34,"119, Chhabra Nagar, Gwalior, Meghalaya, 756814",2026-01-22 09:01:53
6b22566b-55bb-4cb9-8166-b594ce7cf173,Faridabad Cold Storage 82,FAR-CO-82,"983, Natt Zila, Faridabad, Goa, 910732",2024-09-06 09:01:53
df0cab12-d75a-4a3b-ad35-e848d7b82b14,Thane Export Hub 57,THA-EX-57,"836, Virk Nagar, Thane, Himachal Pradesh, 783063",2025-10-08 09:01:53
92c04150-bd4b-4e40-a69f-98d793289e1f,Kota Retail Warehouse 81,KOT-RE-81,"63/84, Deshpande Path, Kota, Madhya Pradesh, 944391",2025-10-14 09:01:53
b638fe9f-4adf-4e19-8ac9-77a096d6ca8b,Ludhiana Export Hub 9,LUD-EX-09,"64/970, Ravi Zila, Ludhiana, Odisha, 429291",2025-09-11 09:01:53
6b14b979-5503-4eb0-99c0-835dd960261e,Surat Cold Storage 77,SUR-CO-77,"32/033, Bora Nagar, Surat, Sikkim, 234190",2026-02-01 09:01:53
8edee567-cd60-4c42-aebb-bceb28ae113c,Jabalpur Cold Storage 50,JAB-CO-50,"31/061, Jhaveri Path, Jabalpur, Manipur, 215566",2025-02-04 09:01:53
cadd4857-ee77-485d-a719-fda125b07a55,Mysuru Export Hub 37,MYS-EX-37,"84/732, Ramachandran Ganj, Mysuru, Kerala, 377460",2024-03-15 09:01:53
0ff043a6-b5e7-48bd-89a9-67a009ca50a9,Visakhapatnam Export Hub 93,VIS-EX-93,"H.No. 06, Dutt Chowk, Visakhapatnam, Arunachal Pradesh, 784361",2024-02-16 09:01:53
be9f9d21-d9d0-4f8b-9dfa-2d985061d32b,Surat Fulfilment Centre 63,SUR-FU-63,"H.No. 24, Goel Road, Surat, Maharashtra, 781975",2025-07-02 09:01:53
c46dd4ef-181b-400c-9332-a501540b624f,Jodhpur Fulfilment Centre 58,JOD-FU-58,"H.No. 37, Majumdar Ganj, Jodhpur, Uttarakhand, 642737",2024-08-04 09:01:53
35cd17ce-7390-4eb0-9820-57e37ec7193e,Tiruchirappalli Distribution Centre 24,TIR-DI-24,"037, Kanda Marg, Tiruchirappalli, Nagaland, 145841",2025-12-02 09:01:53
c59f0fb1-acf9-4c47-9b7f-f632a726b4a9,Jaipur Distribution Centre 12,JAI-DI-12,"H.No. 84, Bahri Marg, Jaipur, Assam, 344389",2026-01-25 09:01:53
e78c42bd-f107-49f1-b5bf-9a9020b61041,Pune Export Hub 59,PUN-EX-59,"82/78, Dixit Nagar, Pune, Andhra Pradesh, 869507",2023-06-29 09:01:53
a4a39597-2c81-4357-9a15-68d8e0459a2e,Navi Mumbai Main Warehouse 31,NAV-MA-31,"214, Krishnamurthy Marg, Navi Mumbai, Tamil Nadu, 936999",2024-03-31 09:01:53
b01965ee-783b-4f00-a950-149a7854315e,Agra Export Hub 54,AGR-EX-54,"H.No. 16, Hayre Chowk, Agra, Haryana, 055738",2023-12-09 09:01:53
11a90b64-f88d-484f-9dd5-d141f696864e,Hubli Sorting Centre 7,HUB-SO-07,"H.No. 73, Babu Marg, Hubli, Tamil Nadu, 192360",2024-04-28 09:01:53
282a06ad-bf8d-4872-b99e-5e2e89ac275d,Chennai Retail Warehouse 884,CHE-RE-845,"768, Chauhan Zila, Chennai, Sikkim, 233351",2024-11-03 09:01:53
5cf132cf-bef6-4d0c-a9f6-764b146aecf2,Patna Main Warehouse 81,PAT-MA-81,"H.No. 409, Dara Marg, Patna, Himachal Pradesh, 315391",2023-08-03 09:01:53
40d15fa7-9de1-4ed0-bb73-619f8f395ae2,Thane Sorting Centre 20,THA-SO-20,"H.No. 498, Basu Ganj, Thane, Meghalaya, 820736",2025-03-19 09:01:53
9e7b29ce-1ea1-4c2a-bb4c-39d585a0e1b6,Ahmedabad Sorting Centre 80,AHM-SO-80,"H.No. 11, Karnik Circle, Ahmedabad, Odisha, 065578",2024-06-20 09:01:53
92931b03-8475-44d7-a71d-15161edc71b8,Visakhapatnam Cold Storage 23,VIS-CO-23,"20/190, Hans Road, Visakhapatnam, Goa, 302333",2024-07-10 09:01:53
47a246de-dfe0-4657-85b7-69f636321d35,Ghaziabad Distribution Centre 64,GHA-DI-64,"470, Kara Chowk, Ghaziabad, Punjab, 013546",2025-11-30 09:01:53
a38fe14a-ed07-4eb1-890d-07065226d84f,Kanpur Storage Hub 928,KAN-ST-505,"127, Amble Marg, Kanpur, Goa, 082611",2023-07-20 09:01:53
7210a4dc-dc60-467a-be17-42b8b0dd86b8,Faridabad Regional Depot 32,FAR-RE-32,"312, Chopra Marg, Faridabad, Maharashtra, 248889",2025-08-01 09:01:53
e568f705-313c-4ecb-816a-95f27c899fe0,Howrah Retail Warehouse 24,HOW-RE-24,"57/29, Kale Circle, Howrah, Manipur, 297454",2025-09-28 09:01:53
0ca51265-bcc4-40c8-bb45-39a0b0448cd4,Delhi Cold Storage 38,DEL-CO-38,"30/36, Prashad Road, Delhi, Tripura, 191203",2025-10-12 09:01:53
e2306850-2a33-47db-9760-eb5a4e197c91,Surat Distribution Centre 49,SUR-DI-49,"81/876, Deshmukh, Surat, Arunachal Pradesh, 832308",2025-09-15 09:01:53
b2ce68dd-cfd9-458e-b7e9-5260480dcb56,Faridabad Cold Storage 88,FAR-CO-88,"81/38, Chacko Circle, Faridabad, Karnataka, 445822",2023-12-05 09:01:53
d7d0934a-6fbe-44c9-9c7a-87dda0abb0ba,Visakhapatnam Sorting Centre 83,VIS-SO-83,"H.No. 673, Kannan Street, Visakhapatnam, Tamil Nadu, 829716",2025-02-16 09:01:53
9521f9b9-cc2a-4b87-bbb3-04f1f376e2d0,Nagpur Fulfilment Centre 95,NAG-FU-95,"81/572, Nazareth Road, Nagpur, Andhra Pradesh, 000015",2024-02-20 09:01:53
dc20e30f-0833-4737-bcd0-7241849008e1,Mumbai Export Hub 26,MUM-EX-26,"911, Srivastava Ganj, Mumbai, Uttar Pradesh, 785090",2025-08-19 09:01:53
7156a699-ad49-4fe0-8065-0022e383f4bd,Patna Regional Depot 454,PAT-RE-899,"25/561, Mann Circle, Patna, Tripura, 421829",2023-08-31 09:01:53
3eb489dc-a840-4228-ab15-1ec367263766,Delhi Regional Depot 65,DEL-RE-65,"98/747, Bose Circle, Delhi, Chhattisgarh, 489056",2023-11-05 09:01:53
296a89a9-6ec1-4ad8-b17e-efe9dd553527,Allahabad Retail Warehouse 66,ALL-RE-66,"08, Sibal Marg, Allahabad, Andhra Pradesh, 900436",2024-07-09 09:01:53
977db280-4d2a-4aef-a14f-f5c60f811b6b,Jabalpur Cold Storage 2,JAB-CO-02,"H.No. 51, Varty Path, Jabalpur, Himachal Pradesh, 669136",2025-06-10 09:01:53
bf17f34c-1023-4e78-89ea-11a4361d5024,Aurangabad Main Warehouse 22,AUR-MA-22,"483, Pingle Path, Aurangabad, Sikkim, 542960",2026-03-04 09:01:53
bc7ebe6d-ba8c-4a20-833a-e74d65b8fbf0,Nashik Sorting Centre 88,NAS-SO-88,"07/06, Khosla Ganj, Nashik, Maharashtra, 950982",2025-02-21 09:01:53
8dcb18fc-1a45-449f-b9fa-ceb66c2093de,Tiruchirappalli Export Hub 88,TIR-EX-88,"104, Das Nagar, Tiruchirappalli, West Bengal, 481880",2025-03-22 09:01:53
10033660-c6c6-4bef-853e-82a6ef009e2a,Chennai Sorting Centre 99,CHE-SO-99,"H.No. 42, Som Circle, Chennai, Meghalaya, 836381",2023-10-01 09:01:53
f7646e37-e6ea-418c-8562-3d26c7c0bd9a,Ghaziabad Fulfilment Centre 88,GHA-FU-88,"43, Bhatti Street, Ghaziabad, Chhattisgarh, 942894",2024-12-11 09:01:53
a9cebffa-bd7f-40c0-9b74-a2c067cb8910,Amritsar Regional Depot 80,AMR-RE-80,"42, Kibe Nagar, Amritsar, Maharashtra, 586314",2024-03-26 09:01:53
edb06818-bfaf-48e0-960e-95ed376a3164,Kanpur Bulk Store 55,KAN-BU-55,"H.No. 17, Ramakrishnan Nagar, Kanpur, Jharkhand, 255402",2024-06-03 09:01:53
e5b6d178-54d6-4f16-a884-5caa7b454b36,Raipur Fulfilment Centre 21,RAI-FU-21,"35, Grover Path, Raipur, Jharkhand, 017646",2023-07-18 09:01:53
b559d808-1b87-49e1-a95c-32d756fd48c6,Gwalior Cold Storage 54,GWA-CO-54,"H.No. 48, Wali, Gwalior, Mizoram, 315388",2025-07-19 09:01:53
ab565fd5-1abe-440c-9d99-639add1dbb7c,Pimpri Storage Hub 58,PIM-ST-58,"24/52, Bhatia Chowk, Pimpri, Sikkim, 040433",2023-08-14 09:01:53
8f128754-b5a4-42c0-9dc7-f4bd190255c9,Amritsar Retail Warehouse 41,AMR-RE-41,"353, Kurian Circle, Amritsar, Odisha, 163211",2023-12-22 09:01:53
73827892-bfdc-4373-b48e-6cd15abf42e9,Lucknow Storage Hub 46,LUC-ST-46,"H.No. 978, Dasgupta Chowk, Lucknow, Nagaland, 933913",2024-08-11 09:01:53
f0ec2393-212b-4a16-b78b-2d5df2579e56,Surat Main Warehouse 54,SUR-MA-54,"32, Naidu Marg, Surat, Haryana, 601198",2025-12-22 09:01:53
4f1ae01e-4682-49cf-83cc-044c519418b3,Meerut Cold Storage 70,MEE-CO-70,"56, Shenoy Zila, Meerut, Mizoram, 880023",2025-12-19 09:01:53
a622e7e7-77de-47d3-b6c8-91f73d95e084,Surat Sorting Centre 18,SUR-SO-18,"H.No. 091, Sachdeva Path, Surat, Bihar, 980365",2026-02-14 09:01:53
15f5924b-a0c9-484f-8bae-4473df12ea60,Madurai Cold Storage 74,MAD-CO-74,"74, Dar Road, Madurai, Telangana, 093659",2024-03-02 09:01:53
b3109f4c-80c5-4673-8077-1368793892b3,Lucknow Storage Hub 76,LUC-ST-76,"H.No. 20, Mukhopadhyay Zila, Lucknow, Punjab, 189418",2025-05-26 09:01:53
67740984-3d9a-454a-bd02-af136307c413,Pune Distribution Centre 42,PUN-DI-42,"H.No. 33, Wagle Marg, Pune, Meghalaya, 092632",2023-08-11 09:01:53
385035c0-279b-4085-a069-b5bee919d484,Tiruchirappalli Bulk Store 28,TIR-BU-28,"23/998, Borah Street, Tiruchirappalli, Haryana, 455611",2026-01-30 09:01:53
7fb333f6-9573-4cc8-a3a4-479f943722d7,Surat Sorting Centre 41,SUR-SO-41,"H.No. 04, Venkatesh Street, Surat, Nagaland, 050537",2025-04-25 09:01:53
704926bd-f7e5-433f-8b81-f0dd32e986b2,Mysuru Sorting Centre 52,MYS-SO-52,"66, Venkataraman Nagar, Mysuru, Tamil Nadu, 126003",2025-07-19 09:01:53
1356eab5-5b29-4ae3-b86e-d7979e16fc34,Varanasi Fulfilment Centre 60,VAR-FU-60,"H.No. 835, Rao Marg, Varanasi, Punjab, 062715",2024-04-29 09:01:53
f19a5df4-eae7-46d2-b37f-3b1edefedff5,Solapur Storage Hub 83,SOL-ST-83,"31/234, Parekh Path, Solapur, Arunachal Pradesh, 882691",2025-01-20 09:01:53
1a7f1c3d-e2bc-4fb8-954d-fe7a83e3c7d0,Kanpur Sorting Centre 93,KAN-SO-93,"76, Dhar Circle, Kanpur, Punjab, 844013",2025-05-15 09:01:53
4acfd662-7a50-4273-9b80-227c1b2becd4,Raipur Storage Hub 6,RAI-ST-06,"H.No. 80, Sem Circle, Raipur, Tripura, 543788",2024-12-28 09:01:53
1f24b54f-dcec-49d6-90cf-087dd55ad9c5,Faridabad Distribution Centre 43,FAR-DI-43,"603, Prasad Ganj, Faridabad, Punjab, 015709",2024-05-04 09:01:53
3b1c2b70-f620-450f-bd93-de92f4455060,Visakhapatnam Sorting Centre 66,VIS-SO-66,"H.No. 859, Bhattacharyya, Visakhapatnam, Uttar Pradesh, 492074",2026-02-15 09:01:53
30568f57-d549-4935-a868-95879f3c60d6,Madurai Export Hub 44,MAD-EX-44,"26/99, Salvi, Madurai, Tripura, 489971",2025-12-05 09:01:53
81dd65d7-1583-4b5e-a665-134b6c9fda3d,Nagpur Fulfilment Centre 93,NAG-FU-93,"42/85, Rajagopalan, Nagpur, Rajasthan, 259140",2025-11-25 09:01:53
535cfc3e-a17c-49d8-8b66-a2a8ae4ab00e,Thane Export Hub 98,THA-EX-98,"49/93, Gupta Street, Thane, Bihar, 342669",2023-10-25 09:01:53
26651f93-2081-430c-b143-933e93c71c4d,Bengaluru Main Warehouse 35,BEN-MA-35,"06/90, Solanki Circle, Bengaluru, Chhattisgarh, 176072",2024-08-04 09:01:53
503bf974-1e3d-4904-8195-4e7b429da7c4,Ranchi Fulfilment Centre 91,RAN-FU-91,"34/838, Kannan, Ranchi, Karnataka, 382804",2023-10-20 09:01:53
24d4e99a-f95e-47cd-84e0-91db0ce71b3c,Lucknow Distribution Centre 86,LUC-DI-182,"H.No. 561, Saraf Street, Lucknow, Karnataka, 826958",2023-10-26 09:01:53
169b3442-837a-4f2b-956b-8d2f3f1927e1,Surat Distribution Centre 23,SUR-DI-23,"26/418, Radhakrishnan Marg, Surat, Kerala, 130876",2024-01-04 09:01:53
387e1b62-c506-44ae-ac93-c162c63483ec,Chennai Cold Storage 304,CHE-CO-524,"H.No. 238, Nayar Path, Chennai, Tripura, 434682",2024-05-05 09:01:53
2d531c62-8712-4778-a697-37596f2a76a6,Pune Cold Storage 69,PUN-CO-69,"948, Baria Road, Pune, West Bengal, 273008",2025-10-08 09:01:53
52f7666c-9970-4261-85c9-c4fd8fe17968,Varanasi Export Hub 54,VAR-EX-54,"96, Bhatnagar Marg, Varanasi, Arunachal Pradesh, 683113",2024-09-12 09:01:53
5c145e6c-4b35-4f86-84a8-d3586175f90a,Amritsar Bulk Store 39,AMR-BU-39,"50/01, Wable Marg, Amritsar, Arunachal Pradesh, 149150",2023-09-11 09:01:53
63c9f45f-d54c-486f-9f7d-19d805d0316d,Mumbai Distribution Centre 98,MUM-DI-98,"62, Hayre Circle, Mumbai, West Bengal, 620534",2024-07-26 09:01:53
d7a04909-3ca9-4dff-b952-95b3080b1030,Pune Export Hub 42,PUN-EX-42,"H.No. 07, Savant Chowk, Pune, Punjab, 620726",2025-06-19 09:01:53
0054cfe9-5b6e-4616-be43-c6f5857e8a97,Howrah Export Hub 8,HOW-EX-08,"29, Padmanabhan Street, Howrah, Andhra Pradesh, 776029",2025-02-09 09:01:53
68b38b8d-18f4-4354-bfc1-64638d0b9512,Vadodara Regional Depot 97,VAD-RE-97,"91/406, Walla Circle, Vadodara, Himachal Pradesh, 333731",2025-10-29 09:01:53
e68fcfea-578a-4c45-849d-cb572d32c470,Kota Main Warehouse 6,KOT-MA-06,"552, Pai Ganj, Kota, Madhya Pradesh, 781703",2023-12-22 09:01:53
dd413e09-4533-420f-be6c-2d755984b066,Faridabad Storage Hub 73,FAR-ST-73,"119, Acharya Street, Faridabad, Madhya Pradesh, 363852",2023-08-07 09:01:53
5af98d85-b06a-45c6-8236-5364d0cf9d12,Navi Mumbai Retail Warehouse 57,NAV-RE-57,"78, Pai, Navi Mumbai, Madhya Pradesh, 337184",2024-05-30 09:01:53
6024d778-c0ad-4c7c-b89d-b2b8fa2b1405,Allahabad Retail Warehouse 852,ALL-RE-322,"H.No. 49, Ganguly Nagar, Allahabad, West Bengal, 026480",2024-09-27 09:01:53
d240294e-e7e4-42b1-b053-7360f8304002,Ghaziabad Bulk Store 82,GHA-BU-82,"H.No. 644, Khalsa Nagar, Ghaziabad, Manipur, 416781",2025-01-27 09:01:53
ed288f1b-a47e-4999-86e1-acd4b76a0feb,Patna Bulk Store 96,PAT-BU-96,"778, Grover Street, Patna, Assam, 217982",2025-04-30 09:01:53
2c96b110-1c63-46b7-a651-e4f67fdd48a8,Tiruchirappalli Distribution Centre 77,TIR-DI-77,"H.No. 348, Garg Marg, Tiruchirappalli, Odisha, 797363",2024-12-24 09:01:53
d6fa706b-40da-4f46-b275-4e564f05cb8d,Solapur Storage Hub 304,SOL-ST-675,"31/82, Nagar Circle, Solapur, Maharashtra, 539707",2025-09-11 09:01:53
2a4b43f6-b60f-469e-9351-035b770c9d28,Pune Sorting Centre 19,PUN-SO-19,"98/661, Sridhar Chowk, Pune, Tamil Nadu, 673682",2024-03-12 09:01:53
83e5950c-11c2-4066-8e5c-b79391ea9348,Varanasi Storage Hub 23,VAR-ST-23,"H.No. 506, Dhawan Circle, Varanasi, Assam, 235521",2025-12-28 09:01:53
f2336daf-95a2-46d5-8bae-0832301e6ae9,Nagpur Storage Hub 3,NAG-ST-03,"50, Zacharia Path, Nagpur, Manipur, 469218",2025-05-06 09:01:53
5595817c-cb9a-40c7-9d1b-8a6731017ce8,Chandigarh Distribution Centre 6,CHA-DI-06,"21/925, Rao, Chandigarh, Manipur, 898436",2025-05-27 09:01:53
1ad6cc52-2d68-49fd-8d0c-132e64e80eb7,Lucknow Sorting Centre 33,LUC-SO-33,"98/48, Dutt Nagar, Lucknow, Chhattisgarh, 509386",2024-09-16 09:01:53
53a81518-8d37-4a93-ab86-0dedf6657995,Indore Distribution Centre 37,IND-DI-37,"94/842, Nazareth Road, Indore, West Bengal, 145788",2024-02-23 09:01:53
b6610206-329d-4ccd-8c3b-6256add77db0,Amritsar Export Hub 73,AMR-EX-73,"07, Parikh Zila, Amritsar, Goa, 867673",2024-01-13 09:01:53
ba5cc58d-2747-459d-8f71-53c7ccd06a42,Chandigarh Distribution Centre 12,CHA-DI-12,"20/97, Rai Road, Chandigarh, Tripura, 917798",2024-11-17 09:01:53
866bb79a-bbed-420e-8c3b-809552812365,Vijayawada Retail Warehouse 20,VIJ-RE-20,"68, Sarin Street, Vijayawada, Mizoram, 225893",2023-11-20 09:01:53
68ff58cb-bc52-4788-ab36-db57e76757a7,Mysuru Bulk Store 76,MYS-BU-76,"08, Viswanathan Path, Mysuru, Andhra Pradesh, 235040",2024-06-28 09:01:53
4dd94759-53cc-4e3a-83b0-a8ccf7603645,Gwalior Sorting Centre 36,GWA-SO-36,"56/695, Barad Chowk, Gwalior, Andhra Pradesh, 248255",2024-08-02 09:01:53
bd0b50e2-76a3-4aea-8940-df34b86b78a8,Chandigarh Export Hub 13,CHA-EX-13,"H.No. 42, Ramaswamy Circle, Chandigarh, Manipur, 325942",2024-05-16 09:01:53
00c4f256-999c-4f3c-b135-e896f474e3e0,Lucknow Export Hub 90,LUC-EX-90,"32/894, Kapadia Marg, Lucknow, West Bengal, 891562",2025-08-23 09:01:53
ebdb9a84-a9dc-4bfb-b72e-6ad5d30f3d47,Pune Export Hub 3,PUN-EX-03,"H.No. 15, Walia Street, Pune, Tripura, 725629",2026-01-15 09:01:53
efe1d757-b026-4db4-a5c9-a082ae9e43d6,Thane Bulk Store 420,THA-BU-022,"693, Oza Ganj, Thane, Mizoram, 138186",2024-02-18 09:01:53
a147b5d7-6a74-4318-bf46-2a0d85f454a1,Chandigarh Storage Hub 91,CHA-ST-91,"H.No. 50, Venkataraman Chowk, Chandigarh, Himachal Pradesh, 850957",2026-03-12 09:01:53
425ef22c-9214-4ce4-b3f7-822f47b6c697,Hyderabad Main Warehouse 45,HYD-MA-45,"44/303, Dar Road, Hyderabad, Sikkim, 179720",2023-07-30 09:01:53
c120720b-5989-4db2-8394-4f98efdac3b9,Nagpur Storage Hub 70,NAG-ST-70,"859, Luthra Ganj, Nagpur, Uttar Pradesh, 153641",2025-04-04 09:01:53
c5d5dc81-8983-4f07-94f0-4c66aac787e4,Nagpur Export Hub 51,NAG-EX-51,"H.No. 47, Narain Zila, Nagpur, Uttarakhand, 313259",2025-09-02 09:01:53
ae35cff8-07d3-4477-8136-e5d4bb002eac,Ahmedabad Main Warehouse 42,AHM-MA-42,"678, Khanna Zila, Ahmedabad, Uttar Pradesh, 750094",2024-06-06 09:01:53
4553c245-3ad9-4a01-a919-c5930d5303c4,Bengaluru Cold Storage 23,BEN-CO-23,"141, Pandya Nagar, Bengaluru, Goa, 698198",2025-06-11 09:01:53
a0cca0ca-1422-456c-8af7-bddc6232b4a3,Bhopal Export Hub 31,BHO-EX-31,"80, Deep, Bhopal, Tripura, 045238",2024-08-28 09:01:53
2dfc9853-d38c-4b54-b04b-eaf73057bf86,Guwahati Main Warehouse 46,GUW-MA-46,"85/62, Narayanan Street, Guwahati, Nagaland, 605986",2024-08-25 09:01:53
7a36680b-05ff-43bb-93b5-af9d5698f93f,Chandigarh Storage Hub 54,CHA-ST-54,"87, Misra Road, Chandigarh, West Bengal, 275854",2023-11-03 09:01:53
ecc5411f-db2e-4d36-8a2e-c1d33d78bb41,Vijayawada Storage Hub 85,VIJ-ST-85,"59/65, Mani Path, Vijayawada, Goa, 491165",2024-01-07 09:01:53
fc85a728-4943-434b-8c41-f2387814938a,Coimbatore Sorting Centre 8,COI-SO-08,"H.No. 200, Dugal Nagar, Coimbatore, Uttar Pradesh, 539313",2026-01-12 09:01:53
af19d3bd-3c71-4d07-a647-6e49a382c66c,Srinagar Bulk Store 69,SRI-BU-69,"155, Joshi Zila, Srinagar, Andhra Pradesh, 570836",2024-03-30 09:01:53
1f8deb54-92db-4dd8-96bd-e4665769486f,Varanasi Storage Hub 59,VAR-ST-59,"21/44, Venkatesh Road, Varanasi, Mizoram, 699727",2024-01-30 09:01:53
eb7e2e1f-2ac6-4ff5-b0d4-6c8ff1327103,Varanasi Fulfilment Centre 30,VAR-FU-30,"36/774, Doctor Marg, Varanasi, Telangana, 258254",2025-09-14 09:01:53
182ff7d0-fbd4-4534-8e83-ce98139eab2d,Howrah Fulfilment Centre 65,HOW-FU-65,"183, Cherian Street, Howrah, Telangana, 312392",2024-06-28 09:01:53
3639d22f-7b8a-44ef-8a0d-34900d34745e,Faridabad Fulfilment Centre 28,FAR-FU-28,"04/910, Anand Marg, Faridabad, Assam, 647238",2023-12-01 09:01:53
91ca9b83-79e5-4e5f-bff0-c4db6e7b847c,Dhanbad Bulk Store 96,DHA-BU-96,"50, Gandhi Circle, Dhanbad, Tripura, 681722",2025-12-19 09:01:53
0f6a6c58-ccd8-4014-b758-1f6fb4ae3823,Navi Mumbai Cold Storage 82,NAV-CO-82,"H.No. 77, Lad Path, Navi Mumbai, Telangana, 847262",2025-11-18 09:01:53
8799872a-0bde-4150-b5a8-12ba7efa6e23,Jodhpur Export Hub 97,JOD-EX-97,"05/29, Vaidya Zila, Jodhpur, Uttarakhand, 683160",2023-11-18 09:01:53
ff397d20-9351-4987-a610-56c7f9c43a7a,Tiruchirappalli Bulk Store 23,TIR-BU-23,"27/17, Bhatnagar Street, Tiruchirappalli, Manipur, 373992",2025-01-31 09:01:53
97155466-f2b4-4679-8c3b-04196ba08dc1,Aurangabad Distribution Centre 32,AUR-DI-32,"H.No. 522, Kala Street, Aurangabad, Telangana, 216591",2024-12-25 09:01:53
88e1580a-e4dc-4f1f-9ff5-7576822d7e32,Howrah Regional Depot 14,HOW-RE-14,"43/882, Ganesan Ganj, Howrah, Karnataka, 398358",2026-03-14 09:01:53
0693b1cc-458a-4a7b-84a9-d7663e600623,Chennai Fulfilment Centre 20,CHE-FU-20,"H.No. 46, Suresh Zila, Chennai, Telangana, 732643",2024-05-04 09:01:53
73e9b7d1-274d-4440-a972-3b6147d0cf73,Navi Mumbai Storage Hub 26,NAV-ST-26,"H.No. 954, Tara Road, Navi Mumbai, Punjab, 279970",2023-09-05 09:01:53
4d43ef73-76b9-4398-8979-3ec8f75ec2ce,Thane Sorting Centre 102,THA-SO-690,"927, Edwin Zila, Thane, Arunachal Pradesh, 397871",2024-09-07 09:01:53
49703514-c295-4852-aebf-a0426e14bd0c,Navi Mumbai Fulfilment Centre 45,NAV-FU-45,"752, Venkataraman, Navi Mumbai, Haryana, 201256",2023-09-07 09:01:53
a557891f-1d0d-49be-9fad-ebd154240185,Kanpur Retail Warehouse 95,KAN-RE-95,"08/320, Lanka Nagar, Kanpur, Tripura, 978889",2024-07-08 09:01:53
7b055369-5b3b-41e0-ade5-45a1c8f1f044,Solapur Distribution Centre 68,SOL-DI-68,"53, Varkey Path, Solapur, Kerala, 386003",2024-11-11 09:01:53
b81b8068-f9bd-4294-9812-4d44822870ca,Ghaziabad Main Warehouse 52,GHA-MA-52,"H.No. 443, Bumb Marg, Ghaziabad, Uttarakhand, 171523",2023-07-13 09:01:53
4047cc25-ba21-45a8-bcf6-a36d24c12be3,Dhanbad Retail Warehouse 50,DHA-RE-50,"91/029, Pall Street, Dhanbad, Sikkim, 143748",2025-12-07 09:01:53
f4258ef2-3e8b-4fa0-8cd4-54e748da064a,Madurai Main Warehouse 55,MAD-MA-55,"093, Sagar Nagar, Madurai, Meghalaya, 397191",2024-01-31 09:01:53
080da463-add1-4490-aa47-d40e280b9579,Jodhpur Cold Storage 75,JOD-CO-75,"602, D’Alia Street, Jodhpur, Gujarat, 176720",2025-09-24 09:01:53
758cb429-359b-49c1-bd55-8314bf4fe5fa,Mumbai Export Hub 67,MUM-EX-67,"H.No. 911, Raja Zila, Mumbai, Madhya Pradesh, 220190",2025-12-02 09:01:53
e5a8ef0e-1e17-464d-aef2-4fd83dc4ed40,Madurai Regional Depot 32,MAD-RE-32,"25, Sarma Circle, Madurai, Haryana, 930493",2024-01-16 09:01:53
c7ce7a3f-4859-43ba-8cc9-6093f0d9edf8,Chennai Sorting Centre 17,CHE-SO-17,"65, Yadav Ganj, Chennai, Andhra Pradesh, 748124",2024-11-21 09:01:53
b3d51c0c-f301-40d2-a826-c3283a72a29a,Gwalior Retail Warehouse 53,GWA-RE-53,"114, Rana Nagar, Gwalior, Rajasthan, 509522",2025-11-15 09:01:53
ee0b3504-28ba-4553-afb6-f01140fed2af,Aurangabad Export Hub 89,AUR-EX-89,"46/20, Hari, Aurangabad, Tamil Nadu, 561039",2025-11-21 09:01:53
72d1d200-6620-4e11-a0d9-c838dc242f53,Agra Sorting Centre 54,AGR-SO-54,"52/97, Chatterjee Nagar, Agra, Haryana, 124365",2024-07-29 09:01:53
57f44180-044c-4a88-8104-0ba3f0198e78,Ranchi Fulfilment Centre 70,RAN-FU-70,"58/56, De Road, Ranchi, Gujarat, 412027",2024-04-04 09:01:53
e93897ab-d0ae-436a-89b2-9b3bd473a37d,Vadodara Cold Storage 85,VAD-CO-85,"H.No. 615, Edwin, Vadodara, Meghalaya, 874029",2024-10-21 09:01:53
23b88c2a-cc83-463b-86ff-18b88e6479dc,Kanpur Main Warehouse 92,KAN-MA-92,"07/16, Bains Marg, Kanpur, Maharashtra, 224815",2023-11-24 09:01:53
62a62716-958b-4259-ad1a-dc1a553f0bbb,Solapur Storage Hub 90,SOL-ST-90,"H.No. 42, Kapadia Nagar, Solapur, Tamil Nadu, 030109",2025-02-07 09:01:53
28bf9ca1-4fc7-49f8-a130-4e80411a383a,Faridabad Cold Storage 90,FAR-CO-90,"H.No. 67, Seth, Faridabad, Kerala, 491579",2023-07-12 09:01:53
d94fbb4e-ae5d-46eb-93c0-5c557f768a42,Meerut Export Hub 50,MEE-EX-50,"55/462, Krishnamurthy Ganj, Meerut, Meghalaya, 247601",2024-01-22 09:01:53
644beafa-4976-47ad-bf19-cc08c4a5509f,Lucknow Sorting Centre 46,LUC-SO-46,"H.No. 801, Das Circle, Lucknow, Arunachal Pradesh, 068317",2024-08-03 09:01:53
df531d26-b0fc-4524-b6a2-0cdab2f49ac1,Ahmedabad Storage Hub 42,AHM-ST-42,"41, Edwin Chowk, Ahmedabad, Maharashtra, 808157",2024-12-11 09:01:53
021db533-5da5-4fc8-a1c7-6ef08cb4ed5c,Indore Regional Depot 79,IND-RE-79,"H.No. 290, Oommen Zila, Indore, Tamil Nadu, 713806",2024-10-11 09:01:53
c3979023-b25d-42b9-a3dc-b1f08d323bd2,Jabalpur Sorting Centre 21,JAB-SO-21,"13, Shere Nagar, Jabalpur, Tamil Nadu, 510458",2025-03-28 09:01:53
655fa403-05be-433e-985b-47c48101ab98,Ghaziabad Fulfilment Centre 78,GHA-FU-78,"H.No. 74, Rattan Ganj, Ghaziabad, Goa, 300962",2025-06-08 09:01:53
e422d883-3012-4375-8cef-119449c5a38a,Raipur Bulk Store 81,RAI-BU-81,"H.No. 88, Sekhon Path, Raipur, Maharashtra, 947031",2024-06-01 09:01:53
5a168462-4387-4fa8-909e-da33ec23ab72,Mumbai Retail Warehouse 95,MUM-RE-95,"05/33, Rau, Mumbai, Goa, 466621",2025-05-13 09:01:53
4208e41a-0f76-43e6-93e2-7c2183e37702,Jaipur Sorting Centre 78,JAI-SO-78,"H.No. 91, Khosla Circle, Jaipur, Uttarakhand, 700046",2026-02-19 09:01:53
5340a948-55a8-4f3f-a73b-a9fcb092be36,Srinagar Regional Depot 81,SRI-RE-81,"61, Narayanan Road, Srinagar, Rajasthan, 110797",2024-11-13 09:01:53
2b0f4dac-28a4-454f-bf26-3f849344970f,Surat Sorting Centre 53,SUR-SO-53,"71/400, Keer Road, Surat, Nagaland, 949053",2025-01-05 09:01:53
b6a7eab7-7aba-4dbc-9351-1ca20dd80cad,Jabalpur Regional Depot 9,JAB-RE-09,"15/204, Thaker, Jabalpur, Arunachal Pradesh, 976987",2024-01-22 09:01:53
e57dfaab-5af6-4e22-a83c-e182a4cd235d,Srinagar Sorting Centre 80,SRI-SO-80,"31/379, Dara Chowk, Srinagar, Uttarakhand, 698416",2025-02-02 09:01:53
8077fc43-4573-41e6-850e-96aa4eac55a6,Amritsar Main Warehouse 72,AMR-MA-72,"12, Sundaram Ganj, Amritsar, Jharkhand, 779433",2026-03-11 09:01:53
d6b80351-8543-4812-a67a-b991da3def5e,Howrah Sorting Centre 59,HOW-SO-59,"562, Varma Ganj, Howrah, Sikkim, 991970",2025-05-04 09:01:53
266ba388-14d2-4954-bb1b-3e4519eb32a5,Kota Retail Warehouse 33,KOT-RE-33,"H.No. 426, Bal Street, Kota, Gujarat, 087821",2024-08-19 09:01:53
4d5db5c0-9731-438b-aa03-7894cd1e02f6,Agra Sorting Centre 74,AGR-SO-74,"H.No. 602, Lad Nagar, Agra, Bihar, 359989",2025-05-27 09:01:53
54bdbf1a-9924-4bd4-aad6-9b15d97ca626,Meerut Regional Depot 10,MEE-RE-10,"97/21, Saxena Zila, Meerut, Andhra Pradesh, 801864",2023-07-12 09:01:53
65138da5-7ec0-4784-9cc8-85d802617d39,Navi Mumbai Fulfilment Centre 78,NAV-FU-78,"H.No. 82, Dara Street, Navi Mumbai, Manipur, 883978",2023-12-14 09:01:53
68839794-7d0c-4579-8a7d-1e475fc0271e,Navi Mumbai Regional Depot 15,NAV-RE-15,"H.No. 70, Gera Circle, Navi Mumbai, Arunachal Pradesh, 480675",2025-01-18 09:01:53
548e034a-aae4-43d7-8d60-e480b80e9cc8,Aurangabad Fulfilment Centre 37,AUR-FU-37,"12, Rai Ganj, Aurangabad, Odisha, 496112",2023-11-06 09:01:53
9c0ae7b2-11db-451d-b5af-15a52b761ff1,Aurangabad Export Hub 81,AUR-EX-81,"79/42, Sampath, Aurangabad, Nagaland, 769704",2025-03-28 09:01:53
25e8e63d-ce05-4800-a503-57e88d93bac8,Indore Bulk Store 94,IND-BU-94,"H.No. 953, Kuruvilla Zila, Indore, Uttar Pradesh, 961560",2024-07-27 09:01:53
44468a9f-6dc7-470b-a03b-11915198d395,Ranchi Export Hub 14,RAN-EX-14,"83, Sura Street, Ranchi, Jharkhand, 565179",2025-02-18 09:01:53
c1c8d642-83af-4013-b7ca-2b887e43e7cf,Patna Sorting Centre 69,PAT-SO-69,"62/409, Mandal Marg, Patna, Uttarakhand, 683496",2026-02-14 09:01:53
3224557b-fb48-469c-8f08-af9640c483c2,Visakhapatnam Regional Depot 41,VIS-RE-41,"H.No. 478, Doshi Road, Visakhapatnam, Assam, 028516",2026-03-04 09:01:53
aceb67b6-9c9b-42b3-8fca-e3b860445275,Gwalior Storage Hub 85,GWA-ST-85,"259, Ray Ganj, Gwalior, Himachal Pradesh, 089348",2024-05-28 09:01:53
2a6f4bd3-6d7e-477a-9221-29c818afc332,Navi Mumbai Bulk Store 2,NAV-BU-02,"88, Barman Ganj, Navi Mumbai, Maharashtra, 467287",2025-04-14 09:01:53
daeeba97-c299-4225-954a-639b42675432,Lucknow Distribution Centre 5,LUC-DI-05,"91/60, Bhatnagar, Lucknow, Assam, 131935",2025-09-28 09:01:53
80b8ae0c-3939-4e48-ab0b-4129478769e1,Meerut Storage Hub 59,MEE-ST-59,"92/361, Kala Ganj, Meerut, Meghalaya, 052304",2026-02-02 09:01:53
1861625a-e157-4aee-8b0c-39bf4f329cf2,Meerut Bulk Store 38,MEE-BU-38,"H.No. 88, Rattan Zila, Meerut, Karnataka, 254472",2024-08-25 09:01:53
dad97c06-b90a-4bb4-99c8-50c4731b4aa3,Gwalior Main Warehouse 3,GWA-MA-03,"H.No. 19, Sanghvi Zila, Gwalior, Karnataka, 344096",2023-11-05 09:01:53
161cd359-e440-41ab-8364-40298ef355f1,Ranchi Storage Hub 35,RAN-ST-35,"17, Bhattacharyya Chowk, Ranchi, Tripura, 498980",2024-09-13 09:01:53
8a0c4c50-0767-49d0-b403-e1f3d217cc45,Visakhapatnam Cold Storage 67,VIS-CO-67,"80/67, Dhillon Circle, Visakhapatnam, Bihar, 174681",2025-11-28 09:01:53
23337cb4-5c36-41d7-8c41-1c069d322eb6,Tiruchirappalli Fulfilment Centre 1,TIR-FU-01,"592, Puri Marg, Tiruchirappalli, Himachal Pradesh, 989396",2024-08-22 09:01:53
4432db4d-f6f6-4975-9a5f-efa5eaa1309f,Ranchi Sorting Centre 72,RAN-SO-72,"98/748, Muni Marg, Ranchi, Tamil Nadu, 559450",2025-09-01 09:01:53
573f2416-2719-4ce2-92bd-34f4d74a26fa,Raipur Main Warehouse 43,RAI-MA-43,"H.No. 192, Gole, Raipur, Arunachal Pradesh, 536051",2024-11-05 09:01:53
d89cbf51-ece6-467e-aea4-b8fb5dcbe32e,Vadodara Export Hub 71,VAD-EX-71,"H.No. 716, Karan Nagar, Vadodara, Uttarakhand, 365362",2025-07-15 09:01:53
2593b6be-d4a4-4927-a41f-8ee022d0b5e3,Vijayawada Sorting Centre 95,VIJ-SO-95,"H.No. 894, Pradhan Path, Vijayawada, Punjab, 670009",2024-11-14 09:01:53
5da980d9-c9f8-45cd-b5c2-d614202c6dca,Visakhapatnam Distribution Centre 71,VIS-DI-71,"94/248, Krishna, Visakhapatnam, Goa, 466489",2025-03-24 09:01:53
9f505a53-644d-46fc-88a3-bf2f48f805cf,Rajkot Fulfilment Centre 2,RAJ-FU-02,"67, Bedi Marg, Rajkot, Karnataka, 420456",2025-10-13 09:01:53
8a35b837-9f62-496b-97a7-7e5d1cd8a8ad,Srinagar Cold Storage 2,SRI-CO-02,"H.No. 77, Yogi Path, Srinagar, Andhra Pradesh, 453389",2026-01-25 09:01:53
f77f8068-3f29-4fd4-9280-44663d243568,Mumbai Fulfilment Centre 6,MUM-FU-06,"H.No. 623, Kuruvilla Path, Mumbai, Uttar Pradesh, 622654",2024-04-18 09:01:53
2cabb75b-d060-43f3-861b-55b920c0b5d8,Agra Bulk Store 98,AGR-BU-98,"H.No. 165, Palan, Agra, Haryana, 062212",2024-04-18 09:01:53
99adfff9-d611-42e5-bcc0-d1ed8e36e89f,Meerut Distribution Centre 76,MEE-DI-76,"427, Sridhar Marg, Meerut, Tamil Nadu, 462591",2023-09-17 09:01:53
38cd6283-8f57-411e-b897-e004bee62e16,Tiruchirappalli Sorting Centre 46,TIR-SO-46,"01, Goel Zila, Tiruchirappalli, Himachal Pradesh, 158488",2024-05-23 09:01:53
c27c64d8-f0ce-448b-ae12-38ff7886b10b,Indore Main Warehouse 46,IND-MA-46,"60/080, Som Zila, Indore, Odisha, 778231",2025-02-11 09:01:53
340b785e-7639-4504-b1a1-d4747c2dfbe9,Patna Distribution Centre 72,PAT-DI-72,"995, Arya Chowk, Patna, Uttar Pradesh, 726426",2025-06-20 09:01:53
130c9ff5-c762-4ff9-9ad1-0c9a56539f98,Tiruchirappalli Sorting Centre 25,TIR-SO-25,"H.No. 212, Jani Nagar, Tiruchirappalli, Mizoram, 375365",2023-11-20 09:01:53
bed55995-1bcf-4277-8d33-69d076b3a88a,Srinagar Export Hub 86,SRI-EX-86,"96/807, Palla Circle, Srinagar, Uttarakhand, 548242",2023-11-01 09:01:53
7a407d14-2c89-4e21-80f0-f351c0ec426c,Patna Bulk Store 58,PAT-BU-58,"H.No. 838, Kulkarni Path, Patna, Kerala, 006445",2024-08-08 09:01:53
8a47bd91-8fa1-4302-bbf6-ca56a66a39e8,Hyderabad Export Hub 98,HYD-EX-98,"H.No. 75, Hegde Street, Hyderabad, West Bengal, 123274",2024-11-08 09:01:53
f1d2f94d-54f5-4d81-82e8-490b8fc3fcee,Solapur Main Warehouse 84,SOL-MA-84,"97/91, Sarma Chowk, Solapur, Tripura, 334272",2025-11-13 09:01:53
7ab48b0f-c7b6-4342-bc2a-9c24682ca7ab,Allahabad Retail Warehouse 21,ALL-RE-21,"H.No. 388, Gara Marg, Allahabad, Uttarakhand, 750801",2025-01-14 09:01:53
dc189512-21dd-4e5b-a883-e5ae7e93fa1e,Madurai Main Warehouse 4,MAD-MA-04,"63/04, Hayer Path, Madurai, Arunachal Pradesh, 935882",2025-11-19 09:01:53
34171f9a-472c-455c-b8a0-0c0ab4c20ffb,Jodhpur Fulfilment Centre 55,JOD-FU-55,"H.No. 93, Karpe Path, Jodhpur, Jharkhand, 018167",2025-02-26 09:01:53
e78e1779-84d4-451d-a4d9-d7311ffa9a63,Chandigarh Distribution Centre 7,CHA-DI-07,"84, Bhavsar Circle, Chandigarh, Uttarakhand, 524445",2025-07-21 09:01:53
3b84f110-f23b-4738-b9de-d500e9eb9a18,Pimpri Regional Depot 39,PIM-RE-39,"H.No. 46, Wali Nagar, Pimpri, Gujarat, 179937",2023-07-16 09:01:53
5a19b861-d23b-4c97-87f5-692903428f54,Visakhapatnam Storage Hub 77,VIS-ST-77,"81/053, Dasgupta, Visakhapatnam, Chhattisgarh, 884869",2024-07-13 09:01:53
703016d2-a9a5-4346-9e85-662a02e103a9,Bengaluru Bulk Store 62,BEN-BU-62,"96/98, Dubey Circle, Bengaluru, Tripura, 457927",2025-06-07 09:01:53
efd3b25b-2171-4b50-82cd-ef489a008a55,Raipur Cold Storage 55,RAI-CO-55,"H.No. 472, Puri Road, Raipur, Haryana, 198642",2024-08-19 09:01:53
5469392e-c6b2-404a-bdc2-c31e915ccdba,Meerut Cold Storage 22,MEE-CO-22,"H.No. 23, Kara Circle, Meerut, Odisha, 283391",2025-05-10 09:01:53
a3e968fe-b311-419a-9429-4af62ec8b8b0,Bengaluru Bulk Store 19,BEN-BU-19,"187, Ramanathan Nagar, Bengaluru, Uttarakhand, 932880",2023-12-29 09:01:53
f7d41880-b5c4-430a-8b18-98f19b5698b9,Tiruchirappalli Storage Hub 15,TIR-ST-15,"98/322, Basu Zila, Tiruchirappalli, Uttarakhand, 023200",2025-04-17 09:01:53
83319da5-c01f-4501-93bc-94b8441b8cbc,Agra Sorting Centre 77,AGR-SO-77,"H.No. 867, Raghavan Marg, Agra, Bihar, 089876",2024-12-23 09:01:53
10a4ef8f-aeb2-49dc-99ca-af6d069fb5e5,Dhanbad Storage Hub 41,DHA-ST-41,"H.No. 081, Gulati Road, Dhanbad, Kerala, 140384",2023-08-03 09:01:53
cb3387b0-a13b-4f79-98b5-76662d8c84bb,Varanasi Storage Hub 24,VAR-ST-24,"H.No. 31, Uppal, Varanasi, Tripura, 746823",2023-07-27 09:01:53
af97b29b-072e-4a0e-a119-f92a47771c6e,Kanpur Distribution Centre 78,KAN-DI-78,"H.No. 46, Mutti, Kanpur, Uttarakhand, 003076",2026-03-06 09:01:53
a57126bb-c649-400b-937d-96a387747cd2,Ludhiana Fulfilment Centre 28,LUD-FU-28,"054, Raghavan Path, Ludhiana, Manipur, 500666",2023-08-03 09:01:53
63093d84-8d87-42cb-be49-52f10601f2fe,Jodhpur Regional Depot 57,JOD-RE-57,"41, Arya Zila, Jodhpur, Rajasthan, 541134",2023-12-23 09:01:53
545578ba-fda8-4ec8-a1ea-8c1dc062affb,Delhi Regional Depot 64,DEL-RE-64,"H.No. 785, Rastogi Zila, Delhi, Punjab, 970890",2025-05-04 09:01:53
a93807f4-b031-484e-9a10-987804fd5a06,Dhanbad Bulk Store 39,DHA-BU-39,"H.No. 83, Saini Marg, Dhanbad, Nagaland, 482689",2024-09-06 09:01:53
8e4c37ff-2b62-46b7-afc5-724b506c5838,Patna Cold Storage 48,PAT-CO-48,"96/26, Sharaf, Patna, Uttar Pradesh, 838688",2024-07-11 09:01:53
dfb2b0b0-2de5-4c72-98d6-65cbd209c62d,Thane Sorting Centre 56,THA-SO-56,"91/78, Bora Chowk, Thane, Kerala, 596257",2025-04-14 09:01:53
56931b48-9995-4169-b099-ecf9b3ead4f5,Lucknow Distribution Centre 30,LUC-DI-30,"H.No. 976, Khalsa Nagar, Lucknow, Chhattisgarh, 126578",2024-09-13 09:01:53
607449f0-ca7c-4e0e-9ea6-8ed7288d38cd,Thane Cold Storage 1,THA-CO-01,"82/60, Brar Road, Thane, Nagaland, 952175",2024-10-30 09:01:53
c4a50bf8-8eab-4ab2-98f2-eb94e76a32dd,Kolkata Storage Hub 37,KOL-ST-37,"H.No. 85, Sharma Zila, Kolkata, Meghalaya, 412746",2025-04-07 09:01:53
6244caa6-3293-4612-86c9-9a30cb4fe8d3,Solapur Cold Storage 28,SOL-CO-28,"21/18, Dhillon Circle, Solapur, Himachal Pradesh, 996264",2025-11-30 09:01:53
64f30d06-4f24-4fc1-9d76-cdaa768056b7,Lucknow Sorting Centre 8,LUC-SO-08,"229, Natt Chowk, Lucknow, Mizoram, 704542",2026-03-11 09:01:53
3dba7435-a7f9-488e-beac-2d87b1030ac1,Hubli Fulfilment Centre 51,HUB-FU-51,"H.No. 854, Sunder Path, Hubli, Uttarakhand, 568209",2025-11-04 09:01:53
eeb01bc8-f082-4daf-95bd-fe1b013f6924,Raipur Storage Hub 12,RAI-ST-12,"257, Badami Nagar, Raipur, Telangana, 163564",2023-08-05 09:01:53
b9527ca6-9fff-4394-b389-d0d35a2679ff,Chennai Retail Warehouse 31,CHE-RE-31,"H.No. 723, Mallick Street, Chennai, West Bengal, 282895",2023-08-12 09:01:53
84a1828b-cb95-4034-a290-057f50654a17,Tiruchirappalli Storage Hub 82,TIR-ST-82,"40/017, Varughese Circle, Tiruchirappalli, Goa, 473126",2023-06-25 09:01:53
5eb420c3-42df-43ee-af01-3f9adbbe0276,Aurangabad Retail Warehouse 21,AUR-RE-21,"H.No. 685, Subramaniam Nagar, Aurangabad, Assam, 580119",2025-01-03 09:01:53
a17b565c-f8a9-47ef-b0b2-1966c0692199,Tiruchirappalli Regional Depot 69,TIR-RE-69,"H.No. 09, Sheth Street, Tiruchirappalli, Uttar Pradesh, 152610",2024-05-26 09:01:53
f83aa167-cb7e-4ca1-abe5-d3fc4583b747,Ranchi Fulfilment Centre 80,RAN-FU-80,"53/709, Iyengar Street, Ranchi, Arunachal Pradesh, 716950",2025-03-25 09:01:53
87f7d739-3153-4d43-9936-a2b6a73eaca2,Howrah Cold Storage 92,HOW-CO-92,"H.No. 741, Muni Circle, Howrah, Nagaland, 432987",2024-04-22 09:01:53
7a7c03bb-b756-4b77-ad31-c4d88ee4a288,Ghaziabad Export Hub 42,GHA-EX-42,"98, Kala, Ghaziabad, West Bengal, 529447",2025-09-20 09:01:53
d09e828a-3372-4fde-b761-a6714d39f8aa,Kanpur Sorting Centre 86,KAN-SO-86,"H.No. 619, Dhaliwal Circle, Kanpur, Meghalaya, 481310",2025-05-06 09:01:53
757191f4-f9d6-4cdf-942a-024c55dea276,Lucknow Cold Storage 18,LUC-CO-18,"H.No. 50, Pandey Street, Lucknow, Tripura, 321743",2024-03-15 09:01:53
96a17012-b9cf-4223-8a27-c18a3a971770,Ghaziabad Distribution Centre 52,GHA-DI-52,"57/483, Doshi Path, Ghaziabad, Maharashtra, 648606",2025-11-16 09:01:53
556d980e-b45d-486b-8c9b-63d49fbdd802,Navi Mumbai Cold Storage 63,NAV-CO-63,"39, Kanda Circle, Navi Mumbai, Tamil Nadu, 488384",2025-03-02 09:01:53
aa1b5993-ded1-48cf-b663-841068c27b7f,Vijayawada Distribution Centre 69,VIJ-DI-057,"536, Ravi Road, Vijayawada, Chhattisgarh, 550774",2025-04-04 09:01:53
7b569799-cf8c-4a55-855d-b1988ea984a7,Hyderabad Export Hub 82,HYD-EX-82,"06/579, Pandey Path, Hyderabad, Assam, 623920",2026-01-25 09:01:53
fb898c49-b9ff-477c-bcd2-ee244b9c4126,Nashik Regional Depot 77,NAS-RE-77,"08/55, Basak Zila, Nashik, Meghalaya, 091311",2025-12-10 09:01:53
a902ebc9-c005-49ca-a1ed-4d39b18ecfbc,Visakhapatnam Retail Warehouse 59,VIS-RE-59,"H.No. 786, Bahl Zila, Visakhapatnam, Chhattisgarh, 476022",2025-05-04 09:01:53
05710ac1-dcde-478e-80f2-296093d20198,Pimpri Retail Warehouse 30,PIM-RE-30,"06/953, Loyal Path, Pimpri, Tamil Nadu, 201227",2024-01-21 09:01:53
31e9a4bc-affa-44ee-a4c9-2fcdf1154e64,Nashik Fulfilment Centre 46,NAS-FU-46,"H.No. 95, Anne Nagar, Nashik, Goa, 015153",2024-01-14 09:01:53
d4be7f37-f1b9-4dfd-bf13-e8db3f9722fb,Surat Regional Depot 57,SUR-RE-57,"25/947, Nori, Surat, Arunachal Pradesh, 407173",2023-10-02 09:01:53
7712db1b-3238-4372-a1fb-0bd88af83585,Allahabad Regional Depot 15,ALL-RE-15,"798, Pandya Nagar, Allahabad, Tamil Nadu, 031006",2023-11-12 09:01:53
2f3580e7-fb55-4fb4-8695-4d0bc1151f6b,Aurangabad Distribution Centre 46,AUR-DI-46,"H.No. 93, Arora Road, Aurangabad, Gujarat, 045203",2024-07-28 09:01:53
83a02e1c-cdd9-480a-a142-33a55b3793c9,Vadodara Sorting Centre 59,VAD-SO-59,"08, Mane, Vadodara, Assam, 849135",2025-08-22 09:01:53
e63b5256-0aaf-4793-949b-161f03bf6671,Visakhapatnam Regional Depot 78,VIS-RE-78,"92/85, Kohli Path, Visakhapatnam, Kerala, 205610",2025-08-18 09:01:53
d36d0ff6-923e-4940-9165-2d2f6e34249c,Bengaluru Cold Storage 501,BEN-CO-523,"H.No. 679, Arya, Bengaluru, Rajasthan, 696801",2024-09-13 09:01:53
e0e587dd-be1b-4687-8393-8d0272089fc6,Delhi Fulfilment Centre 25,DEL-FU-25,"67/74, Khurana Nagar, Delhi, Meghalaya, 233944",2025-11-07 09:01:53
23f06a26-4d39-4e56-8555-8d73c6bc4f2e,Allahabad Fulfilment Centre 54,ALL-FU-54,"53/00, Swaminathan Marg, Allahabad, Manipur, 255032",2025-12-19 09:01:53
2ef35c81-ff8b-4588-a073-329368d4511d,Chennai Fulfilment Centre 31,CHE-FU-31,"50/173, Munshi Marg, Chennai, Himachal Pradesh, 624178",2023-11-20 09:01:53
c7dcb50b-729c-4005-8e68-8bbb05941a79,Madurai Export Hub 77,MAD-EX-77,"H.No. 29, Grover Nagar, Madurai, Sikkim, 334511",2025-09-09 09:01:53
ec41e690-f80c-421d-863e-68428d953ef8,Varanasi Main Warehouse 66,VAR-MA-66,"H.No. 090, Batra Marg, Varanasi, Kerala, 088684",2024-11-14 09:01:53
3c1696c6-2c64-4a7e-9ac9-9d84cba29286,Navi Mumbai Export Hub 23,NAV-EX-23,"021, Rajagopalan Zila, Navi Mumbai, Madhya Pradesh, 329045",2023-12-04 09:01:53
276b56cd-648a-4c33-a0c5-fd50015ec07a,Howrah Distribution Centre 46,HOW-DI-46,"59, Seshadri Circle, Howrah, Karnataka, 129964",2023-12-22 09:01:53
36d3f66d-129b-424a-88fb-4d8ab306a476,Kanpur Retail Warehouse 70,KAN-RE-70,"603, Saini Ganj, Kanpur, Sikkim, 027558",2024-11-13 09:01:53
b46c0972-05d2-4c04-a0f3-9908b7236918,Nagpur Main Warehouse 37,NAG-MA-37,"147, Bakshi Chowk, Nagpur, Tamil Nadu, 071152",2023-11-18 09:01:53
c996b6eb-024b-42ba-80be-59f01c487176,Howrah Bulk Store 24,HOW-BU-24,"802, Sankar Ganj, Howrah, Tamil Nadu, 192158",2025-04-25 09:01:53
ff3fb60f-3788-48c9-b59d-80b674806ba6,Kota Distribution Centre 41,KOT-DI-41,"H.No. 897, Pau Nagar, Kota, Odisha, 611863",2025-09-10 09:01:53
9f632173-8d52-4a2c-b6b7-489c7dadb3fd,Pune Retail Warehouse 89,PUN-RE-89,"55/88, Munshi Zila, Pune, Odisha, 721688",2025-05-05 09:01:53
a6df2b02-6ac2-46c6-8891-1ed8e8d1998c,Rajkot Cold Storage 85,RAJ-CO-85,"H.No. 053, Warrior Chowk, Rajkot, Tripura, 186928",2025-08-09 09:01:53
6d2c361f-12ef-453e-abe7-80c72fa003ca,Ghaziabad Fulfilment Centre 62,GHA-FU-62,"72/84, Mukhopadhyay Path, Ghaziabad, West Bengal, 182272",2023-12-04 09:01:53
f4c15406-8d6b-424f-86e7-094778b74848,Navi Mumbai Main Warehouse 13,NAV-MA-13,"H.No. 028, Menon Ganj, Navi Mumbai, Nagaland, 322041",2024-10-06 09:01:53
002fbb84-abe3-4491-9b12-ba176f95dae1,Coimbatore Distribution Centre 46,COI-DI-46,"H.No. 47, Kakar Road, Coimbatore, Telangana, 811659",2025-01-03 09:01:53
f1cbdab1-f025-4373-b2cf-4eeb4f382370,Kota Retail Warehouse 25,KOT-RE-25,"30/20, Banik Street, Kota, Rajasthan, 042322",2025-05-19 09:01:53
200c8403-7d73-4c97-b1b3-9aeca5321cb8,Pimpri Bulk Store 64,PIM-BU-64,"77/521, Pradhan Ganj, Pimpri, Tamil Nadu, 028165",2025-12-15 09:01:53
94f8e065-a09a-4a61-91ef-f750b683f323,Hubli Retail Warehouse 57,HUB-RE-57,"H.No. 646, Agate Ganj, Hubli, Sikkim, 593777",2024-02-13 09:01:53
1e944224-42c9-448f-ba7a-4d9602a33407,Faridabad Storage Hub 76,FAR-ST-76,"H.No. 69, Yogi Zila, Faridabad, Haryana, 102916",2023-12-07 09:01:53
099bd60a-cab5-4725-a53a-7ff4aa238c1b,Meerut Sorting Centre 9,MEE-SO-09,"17/469, Dutt Nagar, Meerut, Odisha, 104384",2025-05-01 09:01:53
7f6d8239-49ab-4e32-b584-78ae7fa14536,Thane Fulfilment Centre 51,THA-FU-51,"H.No. 966, Dora Street, Thane, Odisha, 316708",2025-10-26 09:01:53
b789ce84-6b14-4338-ab3d-9e32c51f3df6,Jabalpur Sorting Centre 74,JAB-SO-74,"H.No. 568, Sahni Path, Jabalpur, Uttarakhand, 706362",2025-06-24 09:01:53
35e14053-6442-49c8-9b67-967d5999ea41,Faridabad Bulk Store 34,FAR-BU-34,"H.No. 986, Pathak Path, Faridabad, Arunachal Pradesh, 944407",2023-06-24 09:01:53
b16fce1b-15e3-4517-bb5e-c27aca412ba4,Ludhiana Main Warehouse 79,LUD-MA-79,"63, Gulati Road, Ludhiana, Tamil Nadu, 965049",2024-07-21 09:01:53
6528a4d6-f9da-49a4-9158-194db27a7a49,Coimbatore Sorting Centre 4,COI-SO-04,"27, Dayal Ganj, Coimbatore, West Bengal, 626114",2024-04-07 09:01:53
edfd993b-6231-475a-97bc-3041bb2671eb,Bengaluru Distribution Centre 7,BEN-DI-07,"436, Oza Street, Bengaluru, Rajasthan, 421880",2024-09-15 09:01:53
85df8240-b399-42d2-a405-72d664b662c1,Gwalior Export Hub 44,GWA-EX-44,"79/91, Reddy, Gwalior, Chhattisgarh, 419964",2024-11-08 09:01:53
89307da6-8558-4b07-8ad8-fa9835fc00d1,Thane Sorting Centre 3,THA-SO-03,"385, Desai Ganj, Thane, Telangana, 725058",2024-09-16 09:01:53
75bf4dc9-130e-4c57-a42d-7a61a26692e8,Thane Cold Storage 21,THA-CO-21,"334, Banerjee Ganj, Thane, Uttar Pradesh, 115876",2025-12-07 09:01:53
e210c9cd-a595-4134-8779-d52d8ca02cda,Guwahati Distribution Centre 70,GUW-DI-70,"H.No. 545, Ramakrishnan Chowk, Guwahati, Tamil Nadu, 757694",2024-07-14 09:01:53
08ae992a-7c73-4658-b17f-c0f8fb015fda,Rajkot Export Hub 38,RAJ-EX-38,"53/536, Sodhi Path, Rajkot, West Bengal, 669861",2023-08-31 09:01:53
3d00da56-698e-4891-ae47-ea09886b58c6,Patna Storage Hub 84,PAT-ST-84,"34, Brar Street, Patna, Goa, 450809",2025-05-17 09:01:53
632da8a8-b400-4fd8-aaa0-19f5e6bdaefc,Faridabad Regional Depot 95,FAR-RE-95,"H.No. 94, Chahal Circle, Faridabad, Uttarakhand, 269255",2023-07-28 09:01:53
cc1657f6-4175-41d6-a944-5a3d1f4e5025,Navi Mumbai Export Hub 39,NAV-EX-39,"66/47, Chowdhury Street, Navi Mumbai, West Bengal, 074235",2024-06-18 09:01:53
49cdb783-bc58-4d30-9c41-fc99c8049886,Mysuru Sorting Centre 93,MYS-SO-93,"91/426, Mangal Zila, Mysuru, Arunachal Pradesh, 893326",2024-12-01 09:01:53
2d263d42-1d0f-48f3-a0d0-4773535b213c,Jabalpur Cold Storage 57,JAB-CO-57,"H.No. 454, Bhalla Ganj, Jabalpur, Manipur, 373100",2025-09-21 09:01:53
545eab09-6d5c-4f7f-be0f-71d858d82b49,Howrah Cold Storage 63,HOW-CO-63,"17/85, Dhar Street, Howrah, Bihar, 587184",2025-04-12 09:01:53
ae33641c-ceeb-43b0-8c9a-cb88e2c120a9,Jodhpur Sorting Centre 45,JOD-SO-45,"H.No. 23, Mammen Path, Jodhpur, Telangana, 687447",2024-02-01 09:01:53
7262a374-fc11-4cb9-9743-f1f828793d11,Allahabad Storage Hub 67,ALL-ST-67,"H.No. 173, Bakshi Street, Allahabad, Tamil Nadu, 523777",2024-02-14 09:01:53
d1c314e8-e054-4f8d-a31f-2bc16c97ded0,Pune Sorting Centre 7,PUN-SO-07,"966, Ray Path, Pune, Gujarat, 701400",2025-09-12 09:01:53
3afc2324-8626-4bc6-b138-b12106cefc26,Surat Distribution Centre 764,SUR-DI-598,"52/781, Pillai Nagar, Surat, Karnataka, 002722",2024-11-26 09:01:53
1fbdb1a2-345e-42c2-9032-9850e2b0a68e,Solapur Export Hub 78,SOL-EX-78,"H.No. 425, Hayer Chowk, Solapur, Bihar, 094391",2024-05-07 09:01:53
a419d3a9-a6e4-4e1c-b880-459d4ba2501c,Raipur Distribution Centre 18,RAI-DI-18,"681, Gala Chowk, Raipur, Arunachal Pradesh, 136955",2025-05-12 09:01:53
6f2c6ccf-eb43-4639-8305-d681dee5b036,Allahabad Export Hub 25,ALL-EX-25,"28/620, Grewal, Allahabad, Odisha, 352595",2024-05-29 09:01:53
f9255efa-d4f3-4452-90f6-5576887a8143,Gwalior Retail Warehouse 11,GWA-RE-11,"33/222, Karan Chowk, Gwalior, Tamil Nadu, 899204",2024-11-26 09:01:53
120c7e42-ee21-4a5a-9427-83d294e16849,Mumbai Cold Storage 97,MUM-CO-97,"H.No. 73, Kar Path, Mumbai, Chhattisgarh, 661850",2024-07-28 09:01:53
06836f63-654e-4c5f-b991-3527870a0553,Allahabad Regional Depot 34,ALL-RE-34,"61, Sharaf Nagar, Allahabad, Arunachal Pradesh, 697182",2023-08-10 09:01:53
9385b7a9-1945-4f13-ba1a-aa21a9c79086,Ludhiana Distribution Centre 35,LUD-DI-35,"601, Swamy Nagar, Ludhiana, Bihar, 615838",2023-12-22 09:01:53
192ef323-2996-48d3-9bb3-79eba693694e,Indore Bulk Store 64,IND-BU-64,"82/176, Walla Road, Indore, West Bengal, 673574",2024-01-26 09:01:53
c7e5adf1-c0a6-4ada-a45b-b0198dc1c69d,Lucknow Export Hub 51,LUC-EX-51,"233, Dhar Street, Lucknow, Goa, 194425",2024-09-25 09:01:53
58d888c3-0373-4841-8c54-4b67f86f6867,Ahmedabad Distribution Centre 24,AHM-DI-24,"92/22, Ravel Path, Ahmedabad, Arunachal Pradesh, 295350",2024-03-01 09:01:53
43bcabf3-89b4-443b-bd0e-af6ad3be5967,Indore Main Warehouse 27,IND-MA-27,"37, Bhavsar Ganj, Indore, West Bengal, 804674",2024-09-20 09:01:53
27210b5d-1ae6-45e1-9f64-ecd293e447eb,Navi Mumbai Cold Storage 97,NAV-CO-97,"H.No. 307, Karnik Path, Navi Mumbai, West Bengal, 185201",2024-12-25 09:01:53
376dacc6-c4a4-4079-af90-df5869507b44,Ranchi Distribution Centre 11,RAN-DI-11,"626, Trivedi Nagar, Ranchi, Uttar Pradesh, 639756",2024-07-31 09:01:53
4db296c3-fe62-4ce3-99e0-4fbbde9cfb3b,Bhopal Sorting Centre 63,BHO-SO-63,"H.No. 547, Pathak Nagar, Bhopal, Karnataka, 912151",2023-11-11 09:01:53
2a636204-e1cc-409e-adc9-ba9225da4c56,Ranchi Distribution Centre 36,RAN-DI-36,"41, Oommen Zila, Ranchi, Karnataka, 409196",2023-07-21 09:01:53
6f04e843-99dc-4dd1-a17d-1655abce3b00,Ludhiana Sorting Centre 2,LUD-SO-02,"39/57, Taneja Circle, Ludhiana, Kerala, 070204",2023-09-18 09:01:53
792860c4-2a11-4b45-ad70-65a5244a8fb6,Delhi Sorting Centre 85,DEL-SO-85,"620, Taneja Zila, Delhi, Bihar, 124139",2023-08-19 09:01:53
2c99a26e-f15d-4db8-b801-23a877a49317,Solapur Sorting Centre 81,SOL-SO-81,"696, Wali Chowk, Solapur, Odisha, 609873",2023-10-30 09:01:53
991a8656-b533-4237-8bc2-a51fea627734,Lucknow Distribution Centre 57,LUC-DI-57,"H.No. 267, Kashyap Chowk, Lucknow, Assam, 276075",2024-11-20 09:01:53
1e950058-0c59-4ee0-bbca-7ac6a671bf63,Coimbatore Main Warehouse 48,COI-MA-48,"98/897, Salvi Circle, Coimbatore, Kerala, 394319",2025-04-25 09:01:53
a85e79b0-30d1-4956-aea7-ecb55999171b,Surat Export Hub 55,SUR-EX-55,"H.No. 654, Balasubramanian Ganj, Surat, Mizoram, 231202",2023-08-11 09:01:53
fc86d452-3852-4236-8c69-31734cdf165d,Varanasi Sorting Centre 27,VAR-SO-27,"H.No. 915, Palla Nagar, Varanasi, Meghalaya, 449747",2025-07-31 09:01:53
7c0cebff-cf98-4a22-a4cf-11079cc9138b,Nashik Distribution Centre 81,NAS-DI-81,"H.No. 002, Shetty Marg, Nashik, Madhya Pradesh, 486764",2023-11-17 09:01:53
9d9dd190-b3b5-4c07-939d-712bd2e8cd3c,Raipur Cold Storage 96,RAI-CO-96,"79/74, Saini Zila, Raipur, Uttarakhand, 656045",2024-10-14 09:01:53
7eb03341-239d-44a5-b4b0-2cda6bcbdaee,Ranchi Main Warehouse 97,RAN-MA-97,"H.No. 063, Murty Path, Ranchi, Tamil Nadu, 730964",2024-03-05 09:01:53
50d34ede-001b-4a82-804f-03bd2d3eac8e,Aurangabad Main Warehouse 99,AUR-MA-99,"69/27, Brar Chowk, Aurangabad, Bihar, 296353",2023-11-09 09:01:53
4039fb4b-f4e9-4c1f-a464-a416af0ca9e9,Raipur Cold Storage 25,RAI-CO-25,"H.No. 597, Gola Nagar, Raipur, Kerala, 128276",2025-11-05 09:01:53
94d1b655-f49e-4318-9689-a2f4093bc386,Kota Bulk Store 3,KOT-BU-03,"36/431, Mann Path, Kota, Mizoram, 965466",2024-02-09 09:01:53
c342b9f8-9a58-4fd2-a1e7-fe3820a85a47,Hubli Distribution Centre 16,HUB-DI-16,"454, Kant Road, Hubli, Jharkhand, 149169",2024-08-02 09:01:53
7b8dc699-d323-4218-b011-171be7c806db,Bhopal Sorting Centre 11,BHO-SO-11,"93/93, Majumdar Road, Bhopal, Odisha, 439464",2026-03-04 09:01:53
930b305f-8e70-4c09-bc08-8a880d70a734,Bhopal Export Hub 17,BHO-EX-17,"H.No. 882, Kapur Street, Bhopal, Arunachal Pradesh, 862973",2023-10-23 09:01:53
7b8a29e5-7030-4452-8ae6-07c1729727eb,Coimbatore Retail Warehouse 40,COI-RE-40,"88/94, Krish Zila, Coimbatore, Goa, 097202",2025-10-28 09:01:53
5714bc1a-c9d8-47ff-8002-06d691f30c2d,Madurai Cold Storage 45,MAD-CO-45,"H.No. 707, Mitra Path, Madurai, West Bengal, 346557",2025-11-10 09:01:53
31d50b2b-2f37-410b-ac11-e36626405199,Bhopal Bulk Store 6,BHO-BU-06,"22/03, Basak Nagar, Bhopal, Jharkhand, 964612",2024-08-04 09:01:53
c8ac2b5a-fbf5-43f6-8a08-4d498ebec7f6,Hyderabad Export Hub 42,HYD-EX-42,"93/900, Parekh Street, Hyderabad, Bihar, 137565",2023-11-19 09:01:53
f04827f1-7a77-4025-a701-9350f9135d74,Ranchi Distribution Centre 65,RAN-DI-65,"96/35, Nazareth, Ranchi, Rajasthan, 086199",2024-03-10 09:01:53
8b1f7222-4329-4c0f-9779-87238a43627f,Pune Main Warehouse 37,PUN-MA-37,"145, Misra Circle, Pune, Gujarat, 566311",2025-04-13 09:01:53
13597d1b-86c3-4d1f-950b-e60110a6e629,Hyderabad Storage Hub 39,HYD-ST-39,"885, Jayaraman Nagar, Hyderabad, Jharkhand, 362203",2025-08-09 09:01:53
9fd31b35-c247-4672-8d15-128f96eea6f4,Guwahati Retail Warehouse 27,GUW-RE-27,"474, Lanka Street, Guwahati, Maharashtra, 104379",2025-01-28 09:01:53
a3bce6d3-62c7-4389-88e9-98310471e8a8,Chennai Cold Storage 90,CHE-CO-90,"86, Bala Circle, Chennai, Arunachal Pradesh, 294690",2023-12-21 09:01:53
d474d407-5f90-48ac-953a-f97ad34f1d24,Allahabad Retail Warehouse 27,ALL-RE-27,"177, Bhatt Road, Allahabad, Manipur, 304350",2025-02-19 09:01:53
99bc84a3-8c68-48ab-b26c-5feb5018ad00,Mysuru Bulk Store 18,MYS-BU-18,"385, Gade Nagar, Mysuru, Goa, 665275",2023-08-21 09:01:53
f9d91fe0-8fe8-4bbb-af69-b2d6b1a803d2,Srinagar Distribution Centre 28,SRI-DI-28,"23/328, Kaur Street, Srinagar, Andhra Pradesh, 025691",2024-04-07 09:01:53
513b4ec3-a6c0-4771-b1bf-972a6eaa5066,Agra Export Hub 93,AGR-EX-93,"303, Kanda Nagar, Agra, Gujarat, 677116",2024-07-09 09:01:53
547c1c3e-991b-471d-a6c0-b87a467d8954,Meerut Sorting Centre 32,MEE-SO-32,"50, Sane Chowk, Meerut, Chhattisgarh, 995530",2025-08-12 09:01:53
73b36015-f7db-4a74-8719-1b94a2c8f824,Agra Fulfilment Centre 80,AGR-FU-80,"453, Brar Nagar, Agra, Goa, 984723",2026-01-12 09:01:53
9dad1679-bfe1-43ca-92dd-b9f490afca04,Guwahati Main Warehouse 81,GUW-MA-81,"H.No. 342, Datta Nagar, Guwahati, Nagaland, 719017",2025-04-07 09:01:53
ba2086ee-d322-4a26-8680-59f501471959,Ranchi Cold Storage 97,RAN-CO-97,"22/240, Bhardwaj Path, Ranchi, Manipur, 487177",2023-11-04 09:01:53
abda5fa6-a17e-427e-8368-96bbbfe80214,Varanasi Distribution Centre 47,VAR-DI-47,"H.No. 46, Goswami Zila, Varanasi, Himachal Pradesh, 658387",2024-06-04 09:01:53
02d09113-bff9-49e4-90b8-c36f7d7dd3c0,Patna Retail Warehouse 86,PAT-RE-86,"725, Bhatt Circle, Patna, Goa, 590956",2025-07-05 09:01:53
b2e939e4-df75-482b-8e95-a2ef06ba70ba,Kolkata Cold Storage 50,KOL-CO-50,"84, Tripathi Road, Kolkata, Telangana, 373379",2023-11-25 09:01:53
d8dc6100-b149-4391-b9b6-3a7baa39eeef,Faridabad Fulfilment Centre 75,FAR-FU-75,"H.No. 212, Chadha Zila, Faridabad, Arunachal Pradesh, 878035",2024-10-31 09:01:53
f6777a83-5904-456a-ac57-28f6039c7d42,Coimbatore Storage Hub 46,COI-ST-46,"86/901, Bawa Chowk, Coimbatore, West Bengal, 403925",2025-03-24 09:01:53
80b54e06-dde2-4989-b66f-2e3cf49f7f67,Pune Distribution Centre 49,PUN-DI-49,"H.No. 999, Pant Road, Pune, Goa, 171222",2025-05-21 09:01:53
33f4a672-a2a9-4671-933e-e461deebb154,Bhopal Bulk Store 87,BHO-BU-87,"64, Kannan Ganj, Bhopal, Nagaland, 220542",2024-06-24 09:01:53
bd458c2e-a617-4d89-a41e-bd18fb445da1,Bengaluru Storage Hub 66,BEN-ST-66,"162, Nagi Marg, Bengaluru, Sikkim, 963308",2023-08-25 09:01:53
8f191eed-5776-448a-84a5-5d07299d6bac,Bhopal Retail Warehouse 63,BHO-RE-63,"344, Savant Road, Bhopal, Uttarakhand, 488789",2025-09-09 09:01:53
769e4940-5893-47ad-84c9-8b4bc2141aa5,Aurangabad Main Warehouse 21,AUR-MA-21,"50/47, Ganesan Nagar, Aurangabad, Andhra Pradesh, 968519",2024-09-03 09:01:53
33318cb7-bb00-432b-81ec-5d3aba8bc864,Gwalior Bulk Store 99,GWA-BU-99,"H.No. 37, Kurian Chowk, Gwalior, Punjab, 663295",2024-05-18 09:01:53
690ae53d-fcff-40bc-b5b1-5128ddc0b9a4,Faridabad Bulk Store 1,FAR-BU-01,"34, Sethi Street, Faridabad, Meghalaya, 522592",2025-03-28 09:01:53
23c40a1a-2943-48b6-875f-9128862a0cde,Bhopal Regional Depot 23,BHO-RE-23,"H.No. 616, Chacko Path, Bhopal, Chhattisgarh, 059229",2024-09-27 09:01:53
ae24c8c1-955d-46fb-94c4-c23e59fad5be,Kolkata Bulk Store 33,KOL-BU-33,"H.No. 11, Roy Path, Kolkata, Gujarat, 295596",2025-06-25 09:01:53
27d916e2-1096-44c1-950e-626d87f59dc8,Chennai Bulk Store 10,CHE-BU-10,"637, Rege Street, Chennai, Goa, 206615",2026-02-07 09:01:53
c86e2784-87bf-4a52-88d5-5d0f97285bdb,Ahmedabad Sorting Centre 90,AHM-SO-90,"49/808, Chatterjee Path, Ahmedabad, Gujarat, 138004",2024-11-27 09:01:53
cf0073a8-a338-470a-9706-6c6f2d1962ad,Ghaziabad Fulfilment Centre 43,GHA-FU-43,"83/21, Goel Zila, Ghaziabad, West Bengal, 121548",2024-09-12 09:01:53
1007d885-3b70-4304-a298-54c072e013a3,Jodhpur Regional Depot 53,JOD-RE-53,"15/826, Sahni Circle, Jodhpur, Nagaland, 640191",2023-11-17 09:01:53
e1919186-7536-4b3e-97cd-3994ce7f66dc,Visakhapatnam Main Warehouse 48,VIS-MA-48,"54/88, Ramachandran Nagar, Visakhapatnam, Jharkhand, 200629",2023-07-02 09:01:53
1de40e69-a1ab-40e2-b19d-7dfd38df4161,Pune Main Warehouse 25,PUN-MA-25,"77/87, Murthy Ganj, Pune, Mizoram, 664641",2024-04-28 09:01:53
f500d43b-07c4-4ee7-8ad2-7961bb86e17b,Howrah Export Hub 1,HOW-EX-01,"62/34, Choudhury Street, Howrah, Punjab, 622132",2025-10-27 09:01:53
d69a8fb3-21b1-4bfe-9e78-d4f5088e736a,Amritsar Fulfilment Centre 2,AMR-FU-02,"H.No. 410, Gade Road, Amritsar, Punjab, 831478",2025-06-17 09:01:53
3c4ea53b-dbf9-4ca8-b8fe-a05da3e60dc5,Surat Retail Warehouse 54,SUR-RE-54,"11/79, Dube Chowk, Surat, Uttarakhand, 999949",2025-08-13 09:01:53
a8da54cc-8901-46ac-b194-982cc30c2caf,Varanasi Storage Hub 66,VAR-ST-66,"81/283, Bahri Zila, Varanasi, Arunachal Pradesh, 666020",2023-10-03 09:01:53
5a495e08-029e-42b9-b6ce-69b58c1f6cca,Ahmedabad Regional Depot 82,AHM-RE-82,"H.No. 053, Zacharia Street, Ahmedabad, Karnataka, 863105",2025-06-22 09:01:53
63c586bd-a130-440f-9514-53af30d61fcb,Kota Regional Depot 59,KOT-RE-59,"05/243, Keer Circle, Kota, Nagaland, 582692",2025-11-16 09:01:53
77a62662-30fc-4510-a3a6-fa7c5955fb5d,Allahabad Sorting Centre 30,ALL-SO-30,"99/007, Walla Marg, Allahabad, Tamil Nadu, 276332",2024-07-16 09:01:53
01f8b269-bb04-4f35-8f25-33508af1aaa1,Ghaziabad Fulfilment Centre 3,GHA-FU-03,"38/96, Kala Ganj, Ghaziabad, Uttarakhand, 618518",2024-08-02 09:01:53
1e97f7e5-d085-4c6a-a4c5-44aa9b2fc01e,Rajkot Sorting Centre 6,RAJ-SO-06,"26, Cheema Chowk, Rajkot, Haryana, 841013",2025-01-10 09:01:53
d889aed8-971f-4587-87e8-8e5340ce78b6,Amritsar Bulk Store 34,AMR-BU-34,"823, Dua Ganj, Amritsar, Bihar, 527918",2024-04-02 09:01:53
0def27ef-de79-44f9-aac2-287c09b3ecba,Mysuru Sorting Centre 81,MYS-SO-81,"50, Subramaniam Marg, Mysuru, Meghalaya, 106592",2023-06-30 09:01:53
e0b68f74-5bde-484e-8ea3-1b05f3e82aa9,Chandigarh Main Warehouse 73,CHA-MA-73,"H.No. 881, Kota Road, Chandigarh, Tripura, 927976",2025-09-18 09:01:53
cb739af3-a197-4425-9d40-066af0dec14d,Kanpur Export Hub 69,KAN-EX-69,"H.No. 781, Saini Path, Kanpur, Odisha, 845720",2024-01-23 09:01:53
2715cd36-0fb5-4e50-b399-b8a6f6116053,Pimpri Sorting Centre 66,PIM-SO-66,"26/656, Rajagopalan Circle, Pimpri, Tripura, 959125",2024-12-04 09:01:53
367d456f-f2fe-47d2-92cb-ffb9c9cd3b99,Mysuru Regional Depot 41,MYS-RE-41,"34, Tripathi, Mysuru, Odisha, 553946",2024-02-01 09:01:53
f4e46628-01b1-4fd5-9c79-ccb9fffe47f7,Agra Distribution Centre 91,AGR-DI-91,"07/429, Bajaj, Agra, Manipur, 729669",2025-07-15 09:01:53
a1f44e4b-3c8d-4732-9e8a-b1208ca06de7,Tiruchirappalli Cold Storage 69,TIR-CO-69,"H.No. 17, Randhawa, Tiruchirappalli, Meghalaya, 808974",2024-02-07 09:01:53
084b3c88-8365-4595-a547-450b18eb6329,Aurangabad Storage Hub 63,AUR-ST-63,"74/859, Mane, Aurangabad, Madhya Pradesh, 183984",2025-11-08 09:01:53
f6e2e1de-cd6b-48a8-8a7e-9304a48d21a5,Aurangabad Regional Depot 26,AUR-RE-26,"H.No. 673, Shanker Road, Aurangabad, Mizoram, 369881",2026-02-21 09:01:53
37eb70fd-c21f-4b33-8976-bdec357c74c7,Madurai Bulk Store 71,MAD-BU-71,"49, Bala Circle, Madurai, Himachal Pradesh, 509286",2023-07-06 09:01:53
e5c34b8b-8c08-46f3-be15-9353d76a9c2a,Howrah Distribution Centre 14,HOW-DI-14,"H.No. 521, Gade Nagar, Howrah, Madhya Pradesh, 706648",2024-01-29 09:01:53
c92cf18d-540b-4a47-87d8-1ebba7dc290f,Faridabad Regional Depot 93,FAR-RE-93,"00/82, Warrior Road, Faridabad, Uttarakhand, 581308",2024-01-20 09:01:53
0bc02f7d-1841-4052-a414-33dd93455502,Bengaluru Fulfilment Centre 40,BEN-FU-40,"98/30, Subramanian Path, Bengaluru, Jharkhand, 997418",2023-07-19 09:01:53
10d05aab-921d-45b2-a22b-67309e82b572,Indore Sorting Centre 65,IND-SO-65,"H.No. 63, Dixit Nagar, Indore, Manipur, 000305",2024-01-26 09:01:53
3449bf52-53e6-430e-8fbe-dcff67df3a0c,Allahabad Distribution Centre 65,ALL-DI-65,"66/199, Jani Path, Allahabad, Andhra Pradesh, 641849",2024-10-25 09:01:53
e60ea7a9-7c75-48dc-bba7-93827ba04b5e,Indore Export Hub 61,IND-EX-61,"784, Sen Marg, Indore, Odisha, 870187",2024-12-16 09:01:53
59a28888-50a2-4c83-9f3e-0541ff6bd558,Madurai Cold Storage 66,MAD-CO-66,"600, Jani Zila, Madurai, Maharashtra, 103444",2025-07-30 09:01:53
f5e81c9f-212e-4f82-bc8f-672a817d41d4,Solapur Fulfilment Centre 28,SOL-FU-28,"H.No. 29, Bassi, Solapur, Madhya Pradesh, 456865",2025-01-24 09:01:53
cf38c1ce-8006-4c1e-903a-4f8fcb389ee5,Patna Retail Warehouse 58,PAT-RE-58,"406, Date Street, Patna, Bihar, 599672",2026-02-28 09:01:53
5b87be8a-7170-4b15-ace1-e0a651887948,Visakhapatnam Distribution Centre 30,VIS-DI-30,"H.No. 62, Golla Street, Visakhapatnam, Bihar, 533470",2024-03-10 09:01:53
c647c635-8247-46b1-8f7f-2f31c2f80bc9,Mumbai Sorting Centre 2,MUM-SO-02,"H.No. 74, Ramachandran Chowk, Mumbai, Jharkhand, 559396",2024-06-15 09:01:53
5be9542f-6aef-4eed-a142-b3d7e02bbc6d,Pune Cold Storage 25,PUN-CO-25,"H.No. 21, Warrior Ganj, Pune, Haryana, 071245",2024-10-06 09:01:53
632ffb95-8ae5-4e81-9331-e9b525b13659,Jodhpur Bulk Store 3,JOD-BU-03,"53/129, Aggarwal Nagar, Jodhpur, Telangana, 622117",2025-09-05 09:01:53
d84df51e-9745-4b1f-a31c-04b264a85b3a,Ranchi Storage Hub 51,RAN-ST-51,"277, Sandal Street, Ranchi, Tripura, 883958",2025-10-29 09:01:53
d5584c0f-5e64-46a5-b293-a69e9bb8aa6b,Agra Regional Depot 22,AGR-RE-22,"H.No. 58, Garg Path, Agra, Goa, 252516",2023-06-25 09:01:53
35de949b-779f-49cc-998b-653368a36cbc,Bengaluru Regional Depot 9,BEN-RE-09,"H.No. 857, Chad Path, Bengaluru, Manipur, 050805",2024-05-13 09:01:53
e03a23d1-951c-4bb4-9423-b0b4ac478d85,Lucknow Fulfilment Centre 11,LUC-FU-11,"H.No. 91, Sem Road, Lucknow, Manipur, 473535",2024-06-27 09:01:53
5c6cf862-1f2e-4467-b80b-bcb6f03413eb,Bengaluru Cold Storage 58,BEN-CO-58,"478, Choudhury Road, Bengaluru, Uttarakhand, 159497",2024-11-27 09:01:53
095beed6-8171-4984-bb69-772f6863f46e,Jaipur Main Warehouse 35,JAI-MA-35,"449, Bansal Ganj, Jaipur, Karnataka, 788033",2024-01-28 09:01:53
4f566b10-3123-408b-ae9d-ea2a44bade5e,Pimpri Distribution Centre 3,PIM-DI-03,"H.No. 836, Biswas Zila, Pimpri, Tamil Nadu, 389260",2026-01-16 09:01:53
f78b4ee1-9b47-4014-9ffd-00642ce03a1b,Guwahati Retail Warehouse 89,GUW-RE-89,"78/82, Bir Circle, Guwahati, Kerala, 787304",2024-07-17 09:01:53
cd4623d8-55b6-4c55-b25e-028b8e7486df,Guwahati Regional Depot 13,GUW-RE-13,"62/51, Golla Path, Guwahati, Bihar, 465353",2024-08-13 09:01:53
17e87b7d-93ca-4aa5-b009-925c2e973d5f,Indore Storage Hub 35,IND-ST-35,"80, Vala Zila, Indore, Odisha, 567344",2025-02-27 09:01:53
3788a6e9-2d37-4b02-9ca2-398b7b7b0b17,Tiruchirappalli Fulfilment Centre 71,TIR-FU-71,"71, Savant Chowk, Tiruchirappalli, Telangana, 296914",2024-05-25 09:01:53
bc9c9cdc-5191-4850-a6a7-92e7673cdd29,Chennai Main Warehouse 80,CHE-MA-80,"362, Kurian, Chennai, Madhya Pradesh, 450999",2024-11-05 09:01:53
3e72ec9c-6ac3-4248-b692-12d8e9f60ff0,Guwahati Sorting Centre 40,GUW-SO-40,"00/10, Oak Circle, Guwahati, Meghalaya, 908352",2025-12-03 09:01:53
379b8f21-0bdf-4b6d-a28b-43676be0df5e,Jodhpur Storage Hub 19,JOD-ST-19,"H.No. 189, Vig Marg, Jodhpur, Jharkhand, 246488",2024-02-05 09:01:53
7ad1b42b-b58b-45c4-a380-bd0ab6ed8904,Pimpri Export Hub 60,PIM-EX-60,"H.No. 99, Prabhakar Chowk, Pimpri, Manipur, 857595",2026-02-14 09:01:53
0a4208f9-f18d-4d19-838b-50528098593e,Jabalpur Export Hub 155,JAB-EX-763,"28/19, Gola Nagar, Jabalpur, Chhattisgarh, 797891",2025-02-08 09:01:53
db53e82f-8aab-4166-acc9-8104babd1ed8,Visakhapatnam Sorting Centre 53,VIS-SO-53,"488, Seth Ganj, Visakhapatnam, Assam, 059844",2025-08-17 09:01:53
deb024d3-5faf-46ac-8f3d-66dadff5ae68,Kanpur Storage Hub 48,KAN-ST-48,"H.No. 14, Sandal Ganj, Kanpur, Meghalaya, 868112",2025-12-24 09:01:53
cba25e2d-0c55-45b9-859b-28534e1039e8,Amritsar Regional Depot 19,AMR-RE-19,"30/388, Saraf Path, Amritsar, West Bengal, 193978",2025-09-06 09:01:53
7a4d6700-32df-410a-bf19-775014c6094b,Patna Main Warehouse 34,PAT-MA-34,"H.No. 459, Bajaj Nagar, Patna, Telangana, 177905",2023-11-13 09:01:53
5acc9f15-ce30-41b6-97dd-a5bdcf3e07e0,Chandigarh Fulfilment Centre 23,CHA-FU-23,"H.No. 28, Sampath Marg, Chandigarh, Odisha, 351588",2025-01-09 09:01:53
78f2d521-f825-4dee-8ea9-5b4a1180250a,Ahmedabad Distribution Centre 69,AHM-DI-69,"H.No. 705, Date Ganj, Ahmedabad, Sikkim, 011939",2023-11-17 09:01:53
1c4e2c34-20e9-4274-bda7-7861a753e57a,Vijayawada Main Warehouse 5,VIJ-MA-05,"H.No. 038, Som Street, Vijayawada, Jharkhand, 551360",2025-08-29 09:01:53
a651ba70-d8aa-4fca-ab69-c456deb6acec,Vadodara Bulk Store 68,VAD-BU-68,"08/58, Thakkar Zila, Vadodara, Tamil Nadu, 045024",2024-12-28 09:01:53
0aad3ef0-4202-45e9-a892-b732e8990ba3,Ahmedabad Bulk Store 28,AHM-BU-28,"736, Oza Zila, Ahmedabad, Tamil Nadu, 366271",2026-01-22 09:01:53
e0535125-62a2-4cf2-bb20-770533929eb4,Dhanbad Main Warehouse 20,DHA-MA-20,"589, Korpal Marg, Dhanbad, Gujarat, 390058",2024-09-01 09:01:53
056bb41b-5cb4-455a-995e-82f0c92ed821,Meerut Retail Warehouse 89,MEE-RE-89,"H.No. 61, Manne Path, Meerut, Manipur, 156639",2024-05-15 09:01:53
7f2a6b49-fbdb-423e-ab84-84e32f11776c,Lucknow Main Warehouse 20,LUC-MA-20,"92, Palan Path, Lucknow, Uttar Pradesh, 164369",2024-01-07 09:01:53
9cbb7705-d598-44bd-acf2-9e875b417338,Bengaluru Main Warehouse 77,BEN-MA-77,"H.No. 283, Sunder Chowk, Bengaluru, Goa, 028966",2025-04-05 09:01:53
2f85c579-f1f2-4dfe-8b1e-95533b4d8673,Tiruchirappalli Fulfilment Centre 51,TIR-FU-51,"05, Merchant Ganj, Tiruchirappalli, Goa, 644161",2023-09-12 09:01:53
acca172b-6c31-44c0-ba89-c3ba52ba428d,Rajkot Storage Hub 9,RAJ-ST-09,"H.No. 197, Jayaraman Path, Rajkot, Karnataka, 640510",2024-08-07 09:01:53
bebb388d-2816-4cc9-89a6-deb585f5a3f5,Nashik Fulfilment Centre 53,NAS-FU-53,"880, Swaminathan Street, Nashik, Gujarat, 427636",2023-07-07 09:01:53
78fefdc1-b7b5-44b3-a834-52f3025cc3b8,Ranchi Sorting Centre 4,RAN-SO-04,"814, Madan Road, Ranchi, Manipur, 893953",2026-03-04 09:01:53
1235ce7f-010d-41f1-9986-e8bf962ac40d,Ludhiana Retail Warehouse 61,LUD-RE-61,"H.No. 969, Sahota Nagar, Ludhiana, Meghalaya, 490922",2024-07-03 09:01:53
2a9343d2-a375-4b54-b703-64d93480c236,Ghaziabad Main Warehouse 8,GHA-MA-08,"84/98, Madan Chowk, Ghaziabad, West Bengal, 513587",2025-12-06 09:01:53
e64d8998-d4b3-44a9-9367-fefb71690466,Amritsar Fulfilment Centre 18,AMR-FU-18,"717, Hegde Road, Amritsar, Andhra Pradesh, 881164",2025-04-07 09:01:53
94642d5d-d5fe-4e0e-b584-16a5785efa17,Coimbatore Main Warehouse 818,COI-MA-473,"03/439, Virk Circle, Coimbatore, Assam, 387758",2025-08-05 09:01:53
a12a54e9-19b0-4156-a972-9876b9525d92,Vijayawada Retail Warehouse 12,VIJ-RE-12,"336, Soman Road, Vijayawada, Manipur, 413090",2025-09-01 09:01:53
0b2c89a3-eea7-492c-909e-9a90e8ab47cb,Mysuru Main Warehouse 84,MYS-MA-84,"15/38, Bajaj Marg, Mysuru, Goa, 625420",2024-12-07 09:01:53
df8d8031-42fe-4c5e-8e97-34d9533e6af2,Lucknow Storage Hub 12,LUC-ST-12,"H.No. 12, Chada Ganj, Lucknow, Punjab, 577204",2025-11-23 09:01:53
74bbb69d-2987-47ba-b1a6-c0c05f748bfa,Indore Export Hub 49,IND-EX-49,"H.No. 10, Talwar Nagar, Indore, Tamil Nadu, 193245",2024-08-12 09:01:53
69f299cc-bbaa-49c7-8998-eebcbb0e27fe,Bengaluru Export Hub 61,BEN-EX-61,"810, Subramanian, Bengaluru, Tamil Nadu, 122487",2023-09-21 09:01:53
e904e1fa-e4ed-4612-b3be-d4d4329c7dd9,Chennai Bulk Store 64,CHE-BU-64,"H.No. 987, Ramakrishnan Street, Chennai, Himachal Pradesh, 322517",2025-10-20 09:01:53
b3b574f6-2040-466a-b93a-af5619bf755b,Kanpur Distribution Centre 4,KAN-DI-04,"H.No. 22, Atwal Road, Kanpur, Himachal Pradesh, 261189",2023-12-12 09:01:53
0470454a-4785-432a-8992-5de32f42fd23,Visakhapatnam Cold Storage 91,VIS-CO-91,"H.No. 034, Vora Marg, Visakhapatnam, Maharashtra, 630702",2024-01-12 09:01:53
69c11358-4fba-493c-b208-49b534a8ff91,Pimpri Bulk Store 15,PIM-BU-15,"67/20, Banerjee Street, Pimpri, Arunachal Pradesh, 366219",2024-10-23 09:01:53
2466a060-c45c-4c33-bf4f-45a36c294c22,Pune Sorting Centre 22,PUN-SO-22,"H.No. 36, Balasubramanian Circle, Pune, Andhra Pradesh, 779500",2024-08-31 09:01:53
7599ffb1-b417-4d2b-9923-b8f6c9ce1130,Chennai Retail Warehouse 1,CHE-RE-01,"H.No. 732, Arora Path, Chennai, Andhra Pradesh, 397130",2024-12-04 09:01:53
326c32f0-9d63-4fee-84c7-8af30b979bc6,Visakhapatnam Regional Depot 32,VIS-RE-32,"72/211, Zachariah Ganj, Visakhapatnam, Uttarakhand, 908716",2025-01-22 09:01:53
12e6dd42-b427-4348-b283-c18e5008ebac,Hyderabad Storage Hub 29,HYD-ST-29,"22, Bakshi Zila, Hyderabad, Uttar Pradesh, 546171",2024-01-27 09:01:53
febe96ff-d99e-41c0-a3c7-b4e8e7f8ed6b,Vadodara Regional Depot 17,VAD-RE-17,"28/17, Sha Nagar, Vadodara, Himachal Pradesh, 360234",2025-09-07 09:01:53
98fda93e-e56c-4587-a13a-aeb0e5ab1e8a,Nashik Storage Hub 12,NAS-ST-12,"H.No. 22, Dhawan Path, Nashik, Assam, 025239",2024-05-20 09:01:53
7a1248ad-d8a4-4def-9aff-414f65bd0451,Meerut Main Warehouse 19,MEE-MA-19,"H.No. 12, Magar Nagar, Meerut, Jharkhand, 726903",2025-03-29 09:01:53
0f773962-ae5f-43ec-9105-f5819150af82,Kanpur Fulfilment Centre 76,KAN-FU-76,"26/551, De Ganj, Kanpur, Meghalaya, 179480",2025-06-11 09:01:53
e5fb5016-82ac-431b-82cd-21830bd0b21c,Mysuru Distribution Centre 19,MYS-DI-19,"24/559, Panchal Circle, Mysuru, Bihar, 021191",2023-07-11 09:01:53
0adf3e05-15c0-42b5-92cf-4c3455b99ad6,Solapur Main Warehouse 75,SOL-MA-75,"H.No. 89, Garde Zila, Solapur, Uttar Pradesh, 864986",2025-06-09 09:01:53
149dad2f-ddd6-441c-bd9a-9683e8b6cf97,Vadodara Retail Warehouse 61,VAD-RE-61,"H.No. 78, Varkey Marg, Vadodara, Sikkim, 237600",2023-09-22 09:01:53
2aa76168-7b7c-4074-91f5-c77afead414f,Kanpur Bulk Store 79,KAN-BU-79,"84/47, Bajwa Road, Kanpur, Mizoram, 781919",2026-02-19 09:01:53
dec28d54-bc3e-4668-9e8a-f192faaebb9c,Indore Storage Hub 54,IND-ST-54,"H.No. 749, De, Indore, Assam, 400698",2024-05-27 09:01:53
3fc0a22d-46b9-4725-adaf-dd04a338d714,Jodhpur Cold Storage 41,JOD-CO-41,"692, Nanda Ganj, Jodhpur, Haryana, 848647",2025-12-08 09:01:53
6de0f83f-52f3-4b75-8d31-9da03957dc01,Thane Storage Hub 61,THA-ST-61,"H.No. 821, Wable Ganj, Thane, Maharashtra, 462202",2025-01-20 09:01:53
b161b95e-eaa4-4ec6-89fa-d8d53c98d379,Kolkata Retail Warehouse 78,KOL-RE-78,"H.No. 237, Atwal Street, Kolkata, Kerala, 033000",2023-11-28 09:01:53
8c82d6bb-92fa-462b-a6c5-2962b8b99b34,Vadodara Export Hub 4,VAD-EX-04,"H.No. 886, Manne Ganj, Vadodara, Telangana, 739190",2023-06-25 09:01:53
e6db9e14-8255-486b-bb35-2d281435319d,Kota Storage Hub 35,KOT-ST-35,"H.No. 889, Chana, Kota, Bihar, 160091",2023-07-18 09:01:53
b723b22e-c01f-46a6-899e-98216c84a893,Agra Cold Storage 75,AGR-CO-75,"92, Dewan Ganj, Agra, Sikkim, 379897",2024-09-07 09:01:53
a78641a9-4e38-4cce-942c-eebb2ba730d0,Agra Distribution Centre 49,AGR-DI-49,"90/608, Mital Path, Agra, Nagaland, 867463",2026-02-05 09:01:53
a79bb0ae-40ca-48a3-9507-501db51dcb0e,Jaipur Distribution Centre 14,JAI-DI-14,"H.No. 009, Varma, Jaipur, Himachal Pradesh, 361137",2024-08-03 09:01:53
26ced7f8-3134-4363-949d-5ce91ac841a7,Raipur Distribution Centre 979,RAI-DI-953,"H.No. 181, Chanda Path, Raipur, Sikkim, 458294",2024-09-11 09:01:53
2ccc3238-14b2-4b84-837f-5d6ceae9968e,Jabalpur Distribution Centre 22,JAB-DI-22,"034, Biswas Nagar, Jabalpur, Kerala, 534660",2023-12-11 09:01:53
2b37d4ab-374c-4224-b04b-27f9e5ae9664,Varanasi Export Hub 52,VAR-EX-52,"56, Krishna, Varanasi, Jharkhand, 667201",2024-01-29 09:01:53
ea52c6f0-67b4-40c6-9f99-1b32362ee906,Chandigarh Regional Depot 622,CHA-RE-822,"H.No. 824, Dewan Nagar, Chandigarh, Tamil Nadu, 822387",2024-09-12 09:01:53
a52df4cd-3ef9-42a5-858c-e1e08f74cef4,Rajkot Regional Depot 62,RAJ-RE-62,"40/26, Bandi Street, Rajkot, Mizoram, 817452",2024-08-22 09:01:53
3a787500-9fcf-4321-83e6-bba8be6e6561,Varanasi Export Hub 87,VAR-EX-87,"35, Sabharwal Ganj, Varanasi, Jharkhand, 357004",2025-01-07 09:01:53
9ed264c7-4f3e-47fb-a738-eff7fb945c09,Jaipur Fulfilment Centre 60,JAI-FU-60,"H.No. 291, Dewan Circle, Jaipur, Nagaland, 181612",2025-02-19 09:01:53
7d27052b-1c51-411b-9851-df37ac1477c7,Hyderabad Main Warehouse 65,HYD-MA-65,"55/904, Contractor Marg, Hyderabad, Arunachal Pradesh, 792304",2024-09-22 09:01:53
ca0520ae-a54e-47e8-a3e1-91f9d2174017,Pimpri Regional Depot 59,PIM-RE-59,"60, Chada Nagar, Pimpri, Chhattisgarh, 827101",2025-06-22 09:01:53
b2a7f7fa-03ae-4096-9c71-083a7e6943cf,Delhi Export Hub 96,DEL-EX-96,"23/296, Panchal Zila, Delhi, Assam, 048507",2025-07-21 09:01:53
52683e7f-2372-4f2c-b9f6-a5d0c21e8139,Srinagar Export Hub 12,SRI-EX-12,"66/534, Raj Road, Srinagar, Telangana, 422763",2023-06-18 09:01:53
e69a04d1-7bc9-4d98-85f1-190956f8f94a,Coimbatore Distribution Centre 74,COI-DI-74,"46/019, Natarajan Zila, Coimbatore, Haryana, 573472",2026-02-09 09:01:53
801ca45c-dd55-4340-ae45-008c17f997d9,Amritsar Regional Depot 867,AMR-RE-581,"H.No. 35, Sama Circle, Amritsar, Assam, 682251",2025-11-01 09:01:53
0c5fcd4e-895b-473a-b3a5-7d6a6d089ee5,Kolkata Bulk Store 39,KOL-BU-39,"27/267, Upadhyay Nagar, Kolkata, Madhya Pradesh, 656224",2026-01-29 09:01:53
362b749f-666a-43dc-82a9-957360802060,Hyderabad Bulk Store 74,HYD-BU-74,"H.No. 976, Sathe Circle, Hyderabad, Mizoram, 947712",2024-02-19 09:01:53
20e8eb91-79c1-49d1-be5a-a50af76f70db,Solapur Export Hub 99,SOL-EX-99,"03/50, Sachar Nagar, Solapur, Bihar, 897422",2023-09-11 09:01:53
d12807e3-1f11-460a-a2fe-65a8b00e12e9,Nagpur Bulk Store 78,NAG-BU-78,"543, Bera Road, Nagpur, Jharkhand, 682121",2023-07-03 09:01:53
e7134363-4b85-4372-93eb-5aacbfd46e57,Solapur Storage Hub 26,SOL-ST-26,"H.No. 64, Parekh, Solapur, Goa, 492064",2023-12-31 09:01:53
6cbb8851-8980-4ae8-875e-bb401d81c1c4,Ghaziabad Fulfilment Centre 36,GHA-FU-36,"H.No. 11, Tailor Zila, Ghaziabad, Tripura, 881827",2024-09-07 09:01:53
1eb12eab-492e-4074-9d97-114a93557857,Pimpri Export Hub 56,PIM-EX-56,"063, Kar Road, Pimpri, Karnataka, 882188",2025-06-11 09:01:53
42857b6e-27b6-47f1-af90-6459cb58a448,Srinagar Main Warehouse 65,SRI-MA-65,"H.No. 96, Bajaj Circle, Srinagar, Madhya Pradesh, 405110",2025-10-04 09:01:53
c491f1f7-55b3-45f0-8897-09a6444c3e1a,Pune Fulfilment Centre 74,PUN-FU-74,"125, Hayre Road, Pune, Sikkim, 123016",2023-06-30 09:01:53
50e09b54-880c-4a21-9f54-08acc14081c4,Allahabad Bulk Store 41,ALL-BU-41,"H.No. 498, Agrawal Marg, Allahabad, Uttarakhand, 721860",2025-06-07 09:01:53
81b64750-3a21-426e-81d2-0524b660487f,Varanasi Storage Hub 19,VAR-ST-19,"H.No. 320, Cheema Ganj, Varanasi, Punjab, 899901",2024-03-13 09:01:53
b07b891e-7d4f-4e7d-9362-986415d1eb3b,Mumbai Storage Hub 9,MUM-ST-09,"H.No. 400, Mishra Ganj, Mumbai, Meghalaya, 317197",2025-09-25 09:01:53
513b22a0-5aab-4f06-bd8b-7f8eb8f5ce0a,Nagpur Retail Warehouse 88,NAG-RE-88,"86/016, Pant Street, Nagpur, Sikkim, 841947",2023-07-27 09:01:53
2355d9a1-5be1-47cc-b0f2-4809488492a5,Hubli Storage Hub 2,HUB-ST-02,"55/01, Jha Zila, Hubli, Manipur, 358210",2025-03-12 09:01:53
7b389782-22c5-4c37-9350-869c894d58f1,Ludhiana Main Warehouse 27,LUD-MA-27,"28, Sawhney Circle, Ludhiana, Mizoram, 727903",2024-01-25 09:01:53
1da67c3b-b849-4fb1-8fe7-633a7761b62d,Indore Main Warehouse 8,IND-MA-08,"16, Sandhu Zila, Indore, Andhra Pradesh, 972239",2026-02-21 09:01:53
dd41a011-9a19-4057-87db-d3c1f763355c,Delhi Export Hub 67,DEL-EX-67,"64/77, Wason Zila, Delhi, Gujarat, 530768",2025-02-22 09:01:53
5f878fe6-73f4-4e9d-8ef0-962146aa0ac2,Bhopal Regional Depot 96,BHO-RE-96,"H.No. 024, Aurora Circle, Bhopal, Sikkim, 578002",2024-03-13 09:01:53
8c512a2e-c0d6-43bc-82af-54a9c317e454,Meerut Retail Warehouse 31,MEE-RE-31,"44/323, Grewal Marg, Meerut, Goa, 690696",2024-07-15 09:01:53
07080c0b-52f9-4cf4-9e74-00d0019dd728,Pune Sorting Centre 1,PUN-SO-01,"57/46, Bahri Chowk, Pune, Madhya Pradesh, 516913",2026-03-11 09:01:53
10c0cbdb-a5eb-4f49-891b-40bc8e2ad9d1,Allahabad Export Hub 74,ALL-EX-74,"52/15, D’Alia Nagar, Allahabad, Uttarakhand, 426107",2024-01-18 09:01:53
bea75c5a-79cd-4c3d-889e-e25a71711fa7,Tiruchirappalli Sorting Centre 12,TIR-SO-12,"H.No. 335, Virk Nagar, Tiruchirappalli, Tripura, 243198",2025-11-10 09:01:53
25efea07-4331-446d-83d7-27ec3c90131d,Visakhapatnam Distribution Centre 52,VIS-DI-52,"924, Master Circle, Visakhapatnam, Mizoram, 300416",2023-12-18 09:01:53
3e792ec7-a8e9-47ce-bcbd-f71144bb1c57,Mumbai Main Warehouse 75,MUM-MA-75,"10/53, Din Nagar, Mumbai, Bihar, 167586",2023-07-11 09:01:53
59bab332-f1d4-4aaf-9e51-f4b66c946f86,Kolkata Bulk Store 73,KOL-BU-73,"46/339, Kaul Path, Kolkata, Jharkhand, 105014",2024-02-02 09:01:53
447375a8-5dd4-4fe9-97c0-b4a949e87c41,Hubli Storage Hub 31,HUB-ST-31,"64, Swaminathan Street, Hubli, Mizoram, 157385",2025-10-23 09:01:53
82928ca0-0b8d-4a53-bf5c-3bbb3f57cff7,Kota Retail Warehouse 26,KOT-RE-26,"H.No. 12, Bose Circle, Kota, Manipur, 512395",2023-08-01 09:01:53
922320e7-3d1d-422e-8ee8-b9bb4ea11ea9,Aurangabad Sorting Centre 87,AUR-SO-87,"78/15, Lad Path, Aurangabad, Chhattisgarh, 097236",2024-09-16 09:01:53
e6c6404a-d8b4-47b4-a127-2553bc02ed40,Tiruchirappalli Sorting Centre 94,TIR-SO-94,"H.No. 244, Pingle Marg, Tiruchirappalli, Tripura, 677205",2024-11-29 09:01:53
39a4d5ef-4c8a-4bd1-a06b-7585741acb46,Hubli Sorting Centre 6,HUB-SO-06,"H.No. 710, Jani Chowk, Hubli, Arunachal Pradesh, 156478",2025-02-10 09:01:53
631eabca-3b9b-42c4-b1c8-94c2ad75a76e,Mumbai Export Hub 94,MUM-EX-94,"37/031, Nadkarni Chowk, Mumbai, Jharkhand, 802741",2025-04-04 09:01:53
2c871043-66d3-4ee6-86a5-21ee2082b06a,Vadodara Export Hub 11,VAD-EX-11,"H.No. 85, Golla Chowk, Vadodara, Madhya Pradesh, 292546",2023-07-23 09:01:53
8dd7695b-068e-4c0d-ac3d-4f56944ce17c,Howrah Bulk Store 62,HOW-BU-62,"86/272, Varty Circle, Howrah, Uttarakhand, 076642",2025-06-23 09:01:53
c1668f08-6a83-4086-a8c0-1f2f29899fa7,Faridabad Fulfilment Centre 6,FAR-FU-06,"H.No. 763, Sridhar Street, Faridabad, Assam, 538676",2026-01-22 09:01:53
c63f3e58-83f8-4bf1-b802-3f1a0632b4d1,Delhi Sorting Centre 76,DEL-SO-76,"25/923, Sankar Circle, Delhi, Telangana, 906048",2024-10-03 09:01:53
7a38188c-0967-4446-af15-c0ee5426f397,Pimpri Fulfilment Centre 32,PIM-FU-32,"69/32, Natt Nagar, Pimpri, Tripura, 340508",2024-12-25 09:01:53
d3208d80-d384-4075-a9eb-45c7edd5d5c1,Pune Distribution Centre 93,PUN-DI-93,"27/39, Chacko Marg, Pune, Karnataka, 640535",2023-11-10 09:01:53
938339f9-dcb8-4250-a5f3-d9dac9e0d61b,Bhopal Retail Warehouse 11,BHO-RE-11,"70, Tella Chowk, Bhopal, Punjab, 755426",2023-08-06 09:01:53
6620c801-4332-4b8b-aa9e-2b0e384bffca,Ahmedabad Export Hub 11,AHM-EX-11,"H.No. 903, Lad Circle, Ahmedabad, Chhattisgarh, 736273",2025-04-23 09:01:53
c959c295-cac8-4baa-8e4f-1fbdaf6a6b55,Kolkata Sorting Centre 72,KOL-SO-72,"022, Subramaniam Street, Kolkata, Bihar, 175769",2024-05-22 09:01:53
31a1b93b-6677-47b4-ba73-724e6fa2440b,Nashik Regional Depot 514,NAS-RE-145,"H.No. 716, Bhandari Street, Nashik, Tripura, 298514",2024-01-27 09:01:53
a411d333-91f1-4631-a0b7-a9b376b5f869,Coimbatore Regional Depot 20,COI-RE-20,"H.No. 86, Kaul, Coimbatore, Arunachal Pradesh, 216903",2023-06-22 09:01:53
1309b651-f800-4c68-a145-78a2370ac931,Delhi Fulfilment Centre 82,DEL-FU-82,"22/02, Atwal Marg, Delhi, Bihar, 264710",2025-06-21 09:01:53
fd0f0b7f-d450-4c1d-ab5d-88d57c50e4f2,Raipur Main Warehouse 9,RAI-MA-09,"80, Seshadri Zila, Raipur, Manipur, 316370",2025-03-08 09:01:53
2f7f7398-38bf-4a15-8700-939775e5b6ad,Indore Cold Storage 98,IND-CO-98,"H.No. 00, Issac Road, Indore, Gujarat, 672446",2025-07-13 09:01:53
2fdeb8f7-b907-4ef5-831f-f861a975bc61,Pimpri Bulk Store 53,PIM-BU-53,"31/72, Mallick, Pimpri, Uttar Pradesh, 638083",2026-02-12 09:01:53
7b82ea13-d8b3-4c50-8cf3-73670a40ec2a,Srinagar Cold Storage 49,SRI-CO-49,"06/54, Dugar Nagar, Srinagar, Kerala, 193932",2023-07-22 09:01:53
fadebc6c-06e2-4d05-8050-d6018ccbd7fe,Coimbatore Sorting Centre 77,COI-SO-77,"27, Zachariah Street, Coimbatore, West Bengal, 291635",2025-07-01 09:01:53
8d59f780-53f6-4c23-bbe8-e30dc727b49c,Patna Sorting Centre 91,PAT-SO-91,"04/960, Sani Street, Patna, Tamil Nadu, 765272",2025-06-08 09:01:53
29282d2f-ec96-429b-8093-8cd432bc459b,Meerut Bulk Store 57,MEE-BU-57,"45/39, Lanka Chowk, Meerut, Punjab, 070886",2025-10-14 09:01:53
00b2d95e-c477-40b9-b5e2-9fe9c1c40a72,Guwahati Main Warehouse 13,GUW-MA-13,"H.No. 06, Patla Chowk, Guwahati, Tripura, 020801",2026-01-14 09:01:53
59d7fb5a-e995-460a-b8c3-915f1ab3daed,Howrah Storage Hub 35,HOW-ST-35,"29/02, Brahmbhatt Street, Howrah, Kerala, 390448",2023-09-24 09:01:53
d76ea557-afd0-49a3-85f6-13b7119cd8f7,Madurai Main Warehouse 18,MAD-MA-18,"09/32, Pall Street, Madurai, Gujarat, 320235",2024-03-21 09:01:53
e821be63-a748-469b-aba4-b914b6103ad8,Tiruchirappalli Export Hub 12,TIR-EX-12,"H.No. 025, Padmanabhan Path, Tiruchirappalli, West Bengal, 193545",2024-04-08 09:01:53
8f27f540-27c0-4b70-8d91-5c958ed9a946,Navi Mumbai Storage Hub 18,NAV-ST-18,"03/698, Mane Circle, Navi Mumbai, Tamil Nadu, 933324",2024-05-15 09:01:53
6b0d21ce-80f6-4b97-bf94-d3be46f869c2,Thane Export Hub 58,THA-EX-58,"629, Deo Marg, Thane, Andhra Pradesh, 598312",2024-07-12 09:01:53
d93215a6-2b03-40c6-88a9-1dae9fa8628f,Tiruchirappalli Regional Depot 1,TIR-RE-01,"H.No. 41, Bhandari Street, Tiruchirappalli, Manipur, 965999",2025-10-13 09:01:53
a2fe620f-d65c-4988-bfee-3afba9b8ada4,Meerut Storage Hub 5,MEE-ST-05,"012, Taneja Ganj, Meerut, Madhya Pradesh, 177495",2024-09-17 09:01:53
85cfc057-5b62-4d12-b772-bda1fc2255b3,Agra Export Hub 9,AGR-EX-09,"H.No. 21, Rajagopalan Nagar, Agra, Goa, 193759",2024-10-22 09:01:53
0546e2cb-9477-4be8-a082-b89ff32d1d30,Visakhapatnam Cold Storage 18,VIS-CO-18,"H.No. 922, Sekhon Marg, Visakhapatnam, Assam, 175362",2024-11-21 09:01:53
17d8b63c-fa08-436e-8787-2a327c40c52e,Thane Cold Storage 82,THA-CO-82,"47, Dora Path, Thane, Sikkim, 461209",2023-06-24 09:01:53
42a2a3f2-96e0-4fe0-bd73-63809837bed1,Nagpur Bulk Store 40,NAG-BU-40,"17, Bala Ganj, Nagpur, Andhra Pradesh, 845240",2025-10-02 09:01:53
c4c4520c-ac28-4599-8d50-3ac8c5d1d75d,Thane Cold Storage 59,THA-CO-59,"211, Karpe Path, Thane, West Bengal, 505143",2026-02-25 09:01:53
e71e975b-41cd-4510-bb52-fbccb927abd2,Mumbai Regional Depot 12,MUM-RE-12,"21/914, Bawa Ganj, Mumbai, Mizoram, 797247",2025-10-02 09:01:53
145bbf36-410a-4bb4-b194-6b549f56b772,Vijayawada Distribution Centre 99,VIJ-DI-99,"25/42, Chander Street, Vijayawada, Mizoram, 458192",2024-08-18 09:01:53
be5ba686-a4f8-4bf8-8808-1f564801c987,Jaipur Export Hub 90,JAI-EX-90,"04/877, Sankar Nagar, Jaipur, Meghalaya, 933329",2025-04-09 09:01:53
886f441e-9da1-4739-80ea-7a60b5d86399,Ahmedabad Export Hub 15,AHM-EX-15,"86/51, Bhandari Path, Ahmedabad, Goa, 784640",2024-04-10 09:01:53
a302ca2b-ad4a-4dc8-8c30-ae1ce40de70d,Rajkot Distribution Centre 81,RAJ-DI-81,"58/58, Handa Circle, Rajkot, Uttarakhand, 567262",2025-09-15 09:01:53
0f1e2a12-4488-4c92-8118-305eb9cfd2a2,Jodhpur Cold Storage 45,JOD-CO-45,"H.No. 846, Dass Chowk, Jodhpur, Sikkim, 543551",2024-08-13 09:01:53
82668fb5-6d4a-473f-913d-49a34bdd5a03,Delhi Regional Depot 86,DEL-RE-86,"62/82, Goswami Street, Delhi, West Bengal, 018256",2023-10-09 09:01:53
da4fa8dc-6140-4771-8b6b-7fdbb00e6c7f,Meerut Distribution Centre 5,MEE-DI-05,"472, Sabharwal Circle, Meerut, Gujarat, 201223",2026-01-11 09:01:53
617b158e-ff2b-45fc-adb3-e5e4868bb8ae,Aurangabad Sorting Centre 23,AUR-SO-23,"H.No. 14, Gill, Aurangabad, Punjab, 096627",2025-08-02 09:01:53
3aaf5bc5-8224-45b4-8362-55382ccd7cce,Hyderabad Regional Depot 55,HYD-RE-55,"H.No. 266, Lala Nagar, Hyderabad, Uttarakhand, 095632",2025-01-20 09:01:53
6c30c49d-9dbf-4dd3-b8af-3a92e65bf00b,Delhi Main Warehouse 11,DEL-MA-11,"H.No. 740, Kata Nagar, Delhi, Punjab, 019335",2025-11-04 09:01:53
4febed97-40d0-4bb7-838a-0ff70f574200,Howrah Fulfilment Centre 67,HOW-FU-67,"892, Dyal Street, Howrah, Jharkhand, 119360",2025-10-19 09:01:53
949ed633-74e4-4a17-bcee-9111403e30db,Aurangabad Distribution Centre 4,AUR-DI-04,"06/082, Sunder Chowk, Aurangabad, Sikkim, 564616",2025-12-13 09:01:53
6b5712d0-4f7e-43c7-907b-2884a320b069,Solapur Storage Hub 926,SOL-ST-131,"H.No. 762, Manda Marg, Solapur, Gujarat, 009537",2024-08-10 09:01:53
d294a85c-6ce6-4eef-9c26-1fb83dd9e287,Hubli Bulk Store 9,HUB-BU-09,"346, Saxena Zila, Hubli, Uttarakhand, 231336",2025-03-20 09:01:53
4b3ce510-3768-42b9-ad4f-2ad576a77098,Kolkata Storage Hub 4,KOL-ST-04,"H.No. 094, Chander Road, Kolkata, Maharashtra, 231654",2024-05-13 09:01:53
aae9a3b0-59b4-4758-a9af-897fcf9ab528,Visakhapatnam Export Hub 92,VIS-EX-92,"H.No. 13, Gokhale Chowk, Visakhapatnam, Manipur, 685760",2025-02-24 09:01:53
14cdce1f-bf43-49e5-a2d3-947b520d47c1,Mumbai Retail Warehouse 440,MUM-RE-446,"34, Master, Mumbai, Goa, 461755",2024-02-04 09:01:53
0d6b01cf-075a-4ae8-a5e1-2d6cecd13492,Ghaziabad Fulfilment Centre 99,GHA-FU-99,"H.No. 887, Chadha Nagar, Ghaziabad, Uttarakhand, 999324",2023-09-14 09:01:53
3a095625-df1b-4708-b731-72cda77500a9,Solapur Regional Depot 40,SOL-RE-40,"20/248, Saxena Ganj, Solapur, Jharkhand, 417234",2025-02-17 09:01:53
aaab802c-1f9f-4c51-8fff-088cf86d5834,Solapur Main Warehouse 40,SOL-MA-40,"H.No. 65, Thaker Ganj, Solapur, Uttarakhand, 947902",2024-05-13 09:01:53
6910cb17-5a9b-4028-82f8-30412cacf221,Kanpur Storage Hub 57,KAN-ST-57,"H.No. 48, Kar Path, Kanpur, Madhya Pradesh, 689047",2025-01-09 09:01:53
efa9dfb2-31af-4ab5-b056-fef04d06073a,Thane Regional Depot 50,THA-RE-50,"386, Bhatnagar Road, Thane, Rajasthan, 095385",2023-11-20 09:01:53
28885641-3ad0-44c7-bc28-b76cf74c3cfb,Delhi Distribution Centre 80,DEL-DI-80,"57/421, Mallick Marg, Delhi, Haryana, 990093",2025-12-14 09:01:53
b8bc0245-c083-433f-bb42-329fb52884f0,Ludhiana Fulfilment Centre 1,LUD-FU-01,"81, Sane Road, Ludhiana, Arunachal Pradesh, 761437",2025-03-05 09:01:53
ade0cb52-4f62-4bcf-ae39-2a617bfb1a34,Amritsar Fulfilment Centre 94,AMR-FU-94,"84/43, Behl Chowk, Amritsar, Madhya Pradesh, 187564",2025-05-02 09:01:53
d626fee7-47b8-4851-83cc-84c23c3b2c80,Amritsar Storage Hub 34,AMR-ST-34,"72, Kaur Marg, Amritsar, Madhya Pradesh, 541858",2025-07-17 09:01:53
35f3ded5-5ddb-4053-98b2-df5e342ff4b3,Agra Export Hub 86,AGR-EX-503,"99/002, Soman Chowk, Agra, Tamil Nadu, 910845",2025-01-19 09:01:53
dea69e96-3547-4e26-89bb-37058549cb1d,Ranchi Storage Hub 21,RAN-ST-21,"H.No. 786, Mannan Nagar, Ranchi, Haryana, 660503",2023-07-26 09:01:53
9fda873b-db56-462b-a406-43603f377409,Ghaziabad Distribution Centre 96,GHA-DI-96,"37/469, Korpal Circle, Ghaziabad, Gujarat, 677306",2024-04-18 09:01:53
8b5a2e00-2057-4df5-b28b-d586febcaf1f,Jaipur Retail Warehouse 86,JAI-RE-86,"18, Goswami Street, Jaipur, Telangana, 667941",2023-07-13 09:01:53
385a599b-696a-4d50-86b2-504c3690d539,Kanpur Bulk Store 58,KAN-BU-58,"08/78, Sankar Circle, Kanpur, Karnataka, 859067",2026-03-11 09:01:53
0265e60b-84dc-4138-a5d4-7748d2a8d339,Navi Mumbai Bulk Store 54,NAV-BU-54,"963, Gara Road, Navi Mumbai, Tamil Nadu, 605504",2024-03-24 09:01:53
a0b2806c-4bf5-4c35-bf52-836c6cebb4c8,Faridabad Cold Storage 802,FAR-CO-410,"22/17, Lala Nagar, Faridabad, Rajasthan, 186706",2023-07-13 09:01:53
6f8d1cb2-59ce-49cb-ac31-4a38671f819a,Surat Storage Hub 36,SUR-ST-36,"32, Boase Nagar, Surat, Madhya Pradesh, 907399",2025-12-26 09:01:53
b7a82df5-42f5-4e53-9ec2-3b28b61c6722,Vijayawada Retail Warehouse 53,VIJ-RE-53,"891, Yadav, Vijayawada, Goa, 182653",2023-10-24 09:01:53
8564423b-a5f6-404d-8fff-f3f5372554cc,Ranchi Retail Warehouse 66,RAN-RE-66,"717, Walla Nagar, Ranchi, Maharashtra, 942694",2023-10-20 09:01:53
52d5d347-caf1-4810-bbf8-bae3616599c5,Pimpri Sorting Centre 38,PIM-SO-38,"039, Keer Circle, Pimpri, Assam, 549014",2024-11-15 09:01:53
2b34e886-29a6-4b65-8712-bbb7649d4d3c,Aurangabad Distribution Centre 85,AUR-DI-85,"H.No. 99, Sengupta Marg, Aurangabad, Andhra Pradesh, 921958",2025-10-02 09:01:53
dee9c08d-8b37-49c4-a610-c7c2435fe3a9,Jabalpur Main Warehouse 82,JAB-MA-82,"30, Kuruvilla Path, Jabalpur, Punjab, 438843",2025-08-14 09:01:53
7613591f-51fb-4fa5-9e77-5e25671a46b7,Nashik Main Warehouse 5,NAS-MA-05,"H.No. 217, Choudhury Circle, Nashik, Maharashtra, 806643",2025-01-16 09:01:53
4721e1f2-faea-4031-bf61-a3086752415a,Ahmedabad Export Hub 39,AHM-EX-39,"15/890, Raghavan Zila, Ahmedabad, Rajasthan, 928150",2024-10-18 09:01:53
90b8b115-75d0-4679-a77b-ef05c6764104,Coimbatore Retail Warehouse 39,COI-RE-39,"701, Bhagat Chowk, Coimbatore, Punjab, 640703",2023-06-22 09:01:53
9c132089-17b8-48d2-9ae4-0a9054ee0417,Surat Storage Hub 31,SUR-ST-31,"H.No. 880, Bhatti Circle, Surat, Manipur, 628296",2025-04-28 09:01:53
1ed46800-b7f6-40d8-817c-91b796d92eb8,Pimpri Fulfilment Centre 40,PIM-FU-40,"24/48, Balan Path, Pimpri, Sikkim, 728895",2026-01-19 09:01:53
fd1853cf-69b9-49fa-a7b8-a3ef87323174,Vadodara Bulk Store 95,VAD-BU-95,"27/41, Saini Zila, Vadodara, Nagaland, 691961",2024-02-02 09:01:53
9b3bd8a7-d622-4505-92e4-96665dd478ab,Faridabad Export Hub 20,FAR-EX-20,"766, Aurora Street, Faridabad, Nagaland, 820391",2023-07-18 09:01:53
52eb77b5-d610-4a8b-830e-058e6821ec3e,Pune Storage Hub 12,PUN-ST-12,"02, Hayer Marg, Pune, Sikkim, 443596",2025-04-04 09:01:53
7e571be3-8760-4b1e-bac3-bfd1d970aafb,Jodhpur Bulk Store 33,JOD-BU-33,"24/587, Bumb Nagar, Jodhpur, Goa, 424253",2024-07-03 09:01:53
1d378cff-f640-4f98-9823-f6e582d03a01,Hubli Cold Storage 21,HUB-CO-21,"90, Chana, Hubli, Chhattisgarh, 753028",2025-03-14 09:01:53
58848219-b544-4699-87df-be76a04da572,Visakhapatnam Sorting Centre 23,VIS-SO-23,"H.No. 97, Bhargava Marg, Visakhapatnam, Haryana, 702436",2026-02-25 09:01:53
c9ddd3fc-87be-4abd-b071-f87688b9d62e,Meerut Regional Depot 37,MEE-RE-37,"H.No. 24, Pandey Nagar, Meerut, Kerala, 648187",2024-05-25 09:01:53
e0649dd5-f749-4361-b4d4-8e213a52b4e2,Kolkata Distribution Centre 13,KOL-DI-13,"H.No. 40, Ratta Ganj, Kolkata, Uttarakhand, 882159",2024-04-27 09:01:53
98520473-a421-426d-885f-b5705fd8ddc0,Guwahati Sorting Centre 64,GUW-SO-64,"73, Pingle Circle, Guwahati, Himachal Pradesh, 623236",2024-01-12 09:01:53
9294f536-3f86-46c9-bb3f-d34692706d39,Nagpur Export Hub 71,NAG-EX-71,"H.No. 667, Wadhwa, Nagpur, Maharashtra, 912594",2025-12-22 09:01:53
08d5bf9f-63ad-468b-9eed-66cf65a2b32b,Allahabad Storage Hub 60,ALL-ST-60,"72/20, Grewal Road, Allahabad, Punjab, 226992",2025-07-02 09:01:53
cd20f6a7-6878-4934-8cd2-87144b78d60c,Mumbai Bulk Store 30,MUM-BU-30,"H.No. 666, Setty Zila, Mumbai, Odisha, 235699",2025-05-04 09:01:53
07165ede-0bb4-478c-adf8-241c4fe5a4bd,Thane Cold Storage 87,THA-CO-87,"29/98, Kale Ganj, Thane, Karnataka, 688777",2024-07-22 09:01:53
47d2ec93-3c26-43b3-9c0d-3c3cca64c123,Patna Export Hub 65,PAT-EX-65,"25/60, Dara Road, Patna, Haryana, 820849",2023-12-10 09:01:53
a0e47d0b-1f21-4a3c-85d5-c082fba631f3,Kanpur Distribution Centre 68,KAN-DI-68,"153, Wable, Kanpur, Telangana, 912260",2024-10-01 09:01:53
2bb23721-4973-47a3-b05a-5980527b1cad,Pimpri Sorting Centre 54,PIM-SO-54,"H.No. 014, Bawa Road, Pimpri, Rajasthan, 629143",2024-09-11 09:01:53
308d09fb-881c-40cc-9459-d43a0226ec0c,Delhi Bulk Store 52,DEL-BU-52,"H.No. 491, Mital Ganj, Delhi, Bihar, 389752",2025-06-22 09:01:53
a3b3b28f-8d0a-451c-89ad-13608eeec2cd,Tiruchirappalli Main Warehouse 45,TIR-MA-45,"87/209, Zachariah, Tiruchirappalli, Maharashtra, 642240",2023-10-29 09:01:53
37813b83-49ad-43d2-a0d5-e42b69dafcc1,Ahmedabad Distribution Centre 6,AHM-DI-06,"H.No. 92, Venkataraman Nagar, Ahmedabad, Goa, 530976",2025-09-09 09:01:53
e03d47e7-8421-4cdf-9924-eda22068e217,Kolkata Storage Hub 48,KOL-ST-48,"91, Lal, Kolkata, Nagaland, 298056",2025-04-30 09:01:53
a40f9dd8-585f-4a84-88c1-d19d248db502,Nagpur Regional Depot 11,NAG-RE-11,"20/17, Korpal Path, Nagpur, Rajasthan, 796618",2023-12-14 09:01:53
a1e42f9c-37a9-477b-a345-898ea023d58d,Solapur Storage Hub 32,SOL-ST-32,"95, Dua Chowk, Solapur, Tripura, 043474",2023-10-13 09:01:53
84f20eed-fa9e-416e-89af-4c4d53229555,Delhi Distribution Centre 91,DEL-DI-91,"H.No. 253, Hari Zila, Delhi, Meghalaya, 610077",2025-01-27 09:01:53
e4a14dd7-f55a-496a-aea4-6609a6d672f0,Hyderabad Regional Depot 79,HYD-RE-79,"32, Taneja Zila, Hyderabad, Kerala, 361920",2024-02-12 09:01:53
199254ce-a772-43cd-9425-3b693ce93eea,Allahabad Bulk Store 1,ALL-BU-01,"599, Bobal, Allahabad, Odisha, 873370",2023-11-22 09:01:53
a845a0e6-e072-4771-bb3c-5be6b4b4462a,Bhopal Retail Warehouse 19,BHO-RE-19,"424, Maharaj Road, Bhopal, West Bengal, 489047",2025-12-02 09:01:53
1cf38288-3a3b-40bb-a3ef-278a25141ffc,Guwahati Export Hub 50,GUW-EX-50,"07, Sagar Circle, Guwahati, West Bengal, 351076",2026-01-19 09:01:53
72aed064-df7c-4587-99cf-83d0b787b074,Hyderabad Fulfilment Centre 21,HYD-FU-21,"H.No. 19, Sinha Zila, Hyderabad, Rajasthan, 851732",2026-01-10 09:01:53
9fd45a6e-7479-4f9c-af78-8fcc23c8c5b8,Chandigarh Fulfilment Centre 14,CHA-FU-14,"95/14, Rajagopal Path, Chandigarh, Gujarat, 091858",2024-07-14 09:01:53
0f5a7fe8-bebd-4113-ae77-60fe3b1edee1,Srinagar Export Hub 76,SRI-EX-76,"H.No. 558, Chandran Zila, Srinagar, Karnataka, 449653",2024-06-15 09:01:53
c2f8ba8b-b4bf-4888-ab84-60c395c81a1f,Gwalior Main Warehouse 11,GWA-MA-11,"16/07, Agate Chowk, Gwalior, Arunachal Pradesh, 093045",2025-12-13 09:01:53
73be35a1-943c-4b73-8cae-5e4b6b830252,Pimpri Main Warehouse 2,PIM-MA-02,"H.No. 18, Badami Road, Pimpri, Tripura, 982218",2025-08-12 09:01:53
18e03e9f-7e40-4a17-94c5-7ed1abc3d53e,Vadodara Retail Warehouse 15,VAD-RE-15,"H.No. 396, Dyal Marg, Vadodara, Tripura, 385886",2025-07-11 09:01:53
1b01f85c-6798-45ec-aa3c-c55556939852,Ahmedabad Retail Warehouse 96,AHM-RE-96,"40/788, Doshi Nagar, Ahmedabad, Madhya Pradesh, 295164",2025-12-03 09:01:53
65d160d5-ebd7-446d-af80-0febe6808699,Jabalpur Retail Warehouse 98,JAB-RE-98,"69/333, Sahni Path, Jabalpur, Chhattisgarh, 039744",2024-05-16 09:01:53
9071a5d6-6789-4ca1-a51c-06d4dff0596a,Howrah Bulk Store 6,HOW-BU-06,"H.No. 880, Sura Marg, Howrah, Arunachal Pradesh, 092019",2024-01-05 09:01:53
df2841fa-2b4a-4c9b-b8e5-788c2a755a23,Hubli Distribution Centre 81,HUB-DI-81,"91/843, Chanda Zila, Hubli, Gujarat, 661158",2024-01-29 09:01:53
108f0e26-23d8-4b28-82b9-046dcd81f5c5,Faridabad Storage Hub 98,FAR-ST-98,"H.No. 85, Batta Circle, Faridabad, Karnataka, 632119",2023-07-26 09:01:53
cc674b92-f095-4351-a086-1ccb81dbd790,Agra Sorting Centre 97,AGR-SO-97,"60/472, Badami Street, Agra, Karnataka, 970774",2026-01-21 09:01:53
14dac1ab-3ecf-4ff5-9aef-2d4a7c89bd7e,Solapur Export Hub 34,SOL-EX-34,"H.No. 44, Bhandari Chowk, Solapur, West Bengal, 317146",2025-12-04 09:01:53
fd0fd8e3-b6c3-4409-850b-6b45a4e7c562,Jabalpur Regional Depot 82,JAB-RE-82,"19/953, Magar, Jabalpur, Maharashtra, 662623",2024-11-22 09:01:53
cabbba59-d8c1-4257-84a0-fc1b1c3159fd,Allahabad Cold Storage 47,ALL-CO-47,"H.No. 96, Patla Nagar, Allahabad, Haryana, 261840",2023-08-14 09:01:53
dbcc0de2-93cb-4081-92e5-901af160e439,Mumbai Distribution Centre 10,MUM-DI-10,"578, Ahuja Chowk, Mumbai, Gujarat, 860506",2025-08-16 09:01:53
8c1ca0ed-5c32-4f6a-aa8a-cc6c7945c71d,Srinagar Cold Storage 29,SRI-CO-29,"066, Saraf Ganj, Srinagar, Uttarakhand, 502816",2025-04-03 09:01:53
9285d1f3-c547-40f8-b95c-aa6789c1ce0f,Allahabad Storage Hub 91,ALL-ST-91,"H.No. 09, Dara Circle, Allahabad, Andhra Pradesh, 909120",2025-11-12 09:01:53
b4bd0ee3-12f8-417e-a2a3-12ac6e9a2b2f,Delhi Retail Warehouse 22,DEL-RE-22,"30/252, Lala Nagar, Delhi, Karnataka, 375979",2024-08-20 09:01:53
090967b0-577d-4fd2-83a7-fe3f438ab5ae,Allahabad Retail Warehouse 67,ALL-RE-67,"H.No. 31, Grover, Allahabad, Madhya Pradesh, 098602",2024-02-11 09:01:53
80382436-29fa-4c59-969a-01edc3087aeb,Mumbai Retail Warehouse 18,MUM-RE-18,"57, Nagy Road, Mumbai, Himachal Pradesh, 920548",2024-01-06 09:01:53
193fef20-1211-41e4-bf99-d4004588bfc8,Aurangabad Sorting Centre 98,AUR-SO-98,"44/53, Chana Circle, Aurangabad, Bihar, 818965",2026-01-16 09:01:53
442563a6-77a9-4719-838a-0fb431a9b84e,Guwahati Fulfilment Centre 60,GUW-FU-60,"58/344, Rao Path, Guwahati, Madhya Pradesh, 295217",2025-11-20 09:01:53
de8b5900-9004-4864-8a2a-e65e55eacd63,Rajkot Distribution Centre 55,RAJ-DI-55,"70/56, Arora Marg, Rajkot, Haryana, 162486",2026-02-14 09:01:53
27d569dc-6892-46ba-9945-72592508f445,Howrah Export Hub 15,HOW-EX-15,"H.No. 704, Dube Chowk, Howrah, Tripura, 602351",2024-01-07 09:01:53
647945ad-ab37-4760-9545-7f8992fc9008,Vijayawada Retail Warehouse 133,VIJ-RE-916,"H.No. 85, Bobal Nagar, Vijayawada, Kerala, 017316",2025-08-19 09:01:53
a2106fca-9bfd-4d23-b804-553a0cb3549b,Kota Sorting Centre 98,KOT-SO-98,"15, Bhagat Marg, Kota, Kerala, 905224",2024-07-20 09:01:53
d5cca350-2e1e-43f6-a359-446618bb1e62,Jodhpur Bulk Store 493,JOD-BU-503,"H.No. 13, Narain Ganj, Jodhpur, Jharkhand, 940645",2024-01-11 09:01:53
1e487fd8-fd93-436b-9588-fb77652d1768,Pune Export Hub 26,PUN-EX-26,"157, Bhagat, Pune, Karnataka, 191898",2024-11-03 09:01:53
408a483c-3a3e-4dc2-80b8-c4b8586da56b,Ludhiana Fulfilment Centre 6,LUD-FU-06,"64, Kala Marg, Ludhiana, Maharashtra, 618335",2024-12-11 09:01:53
e188a8f3-a4b4-466a-98ab-0cd7fa1e769a,Rajkot Export Hub 14,RAJ-EX-14,"97/487, Amble Marg, Rajkot, Kerala, 023771",2023-09-05 09:01:53
4f6b79d9-1509-4689-984f-dc0986a8a270,Mumbai Storage Hub 37,MUM-ST-37,"43/01, Grewal, Mumbai, Goa, 956733",2024-08-31 09:01:53
b56b82e0-a325-40df-bc30-939755ce18b4,Mumbai Export Hub 47,MUM-EX-47,"297, Deol Ganj, Mumbai, Gujarat, 440282",2024-01-01 09:01:53
fc95a4b8-406e-4eb2-b9f7-f34a1b626193,Agra Retail Warehouse 65,AGR-RE-65,"H.No. 32, Sharma Marg, Agra, Madhya Pradesh, 427739",2026-02-10 09:01:53
8a8061cc-0dd3-4e6d-a532-65f5a01ab700,Mumbai Storage Hub 84,MUM-ST-84,"23/852, Deshpande Nagar, Mumbai, Haryana, 091401",2025-06-24 09:01:53
96844d5c-3265-4f99-bcdc-069f8cbf20b1,Raipur Regional Depot 25,RAI-RE-25,"93, Gill Ganj, Raipur, Mizoram, 423471",2023-12-18 09:01:53
ea957381-d907-4cfb-bf58-82637555c1d9,Tiruchirappalli Storage Hub 28,TIR-ST-28,"98/29, Subramanian Nagar, Tiruchirappalli, Karnataka, 154526",2023-09-29 09:01:53
78e4d5d4-d2ba-4148-ad0e-1402c97d891c,Meerut Storage Hub 21,MEE-ST-21,"H.No. 756, Boase, Meerut, Gujarat, 100643",2023-06-25 09:01:53
93c3336f-a93f-4aca-baf9-d784d71a50d6,Pune Bulk Store 75,PUN-BU-75,"226, Dave Street, Pune, Meghalaya, 773316",2026-02-04 09:01:53
f2d7fe28-2b79-4d44-b07b-3b9e9c00b424,Faridabad Sorting Centre 86,FAR-SO-86,"80/664, Bala Chowk, Faridabad, Uttar Pradesh, 038503",2024-01-23 09:01:53
23b104ba-d24d-4381-a9f5-681742dc4949,Faridabad Export Hub 46,FAR-EX-46,"05, Munshi, Faridabad, Goa, 241074",2023-10-29 09:01:53
55223d4d-99e7-457a-8b74-f53ce7523273,Aurangabad Regional Depot 51,AUR-RE-51,"02/740, Solanki Marg, Aurangabad, Uttar Pradesh, 826762",2024-05-01 09:01:53
8f9f94a8-0fde-491f-8fd6-228f6498a29e,Dhanbad Main Warehouse 50,DHA-MA-50,"H.No. 90, Dutta Marg, Dhanbad, Andhra Pradesh, 363856",2023-12-15 09:01:53
a270717b-71f9-437f-9a86-06dc907c2611,Srinagar Cold Storage 9,SRI-CO-09,"H.No. 61, Sem Road, Srinagar, Himachal Pradesh, 979318",2024-12-22 09:01:53
cf80b574-de9f-474f-81fa-7ec9f9de68b8,Vijayawada Distribution Centre 32,VIJ-DI-32,"997, Mall, Vijayawada, Uttarakhand, 498609",2024-07-31 09:01:53
a8c93f13-829c-4ec2-ac22-51adb6bd3a83,Nashik Storage Hub 330,NAS-ST-057,"95/504, Johal, Nashik, Chhattisgarh, 643223",2024-02-20 09:01:53
2e155a9f-980d-4300-9f32-37da9d3267cb,Pune Bulk Store 39,PUN-BU-39,"46/12, Dugar Zila, Pune, Tamil Nadu, 159485",2023-11-22 09:01:53
52167274-c3f4-4d09-a7c3-c907f7e5aaef,Surat Bulk Store 10,SUR-BU-10,"400, Gopal Zila, Surat, Sikkim, 622398",2026-03-10 09:01:53
883405f1-9024-41fd-b709-6025aa1aff97,Dhanbad Main Warehouse 28,DHA-MA-28,"47/422, Rao Path, Dhanbad, Tamil Nadu, 871888",2025-08-24 09:01:53
970d98ce-bd18-4775-992b-e0fc5b53c3ec,Nashik Main Warehouse 84,NAS-MA-84,"237, Subramanian Circle, Nashik, Arunachal Pradesh, 841680",2024-09-25 09:01:53
d3d121c7-22af-4c5c-b808-e28cf27286ec,Tiruchirappalli Regional Depot 21,TIR-RE-21,"13, Pingle Road, Tiruchirappalli, Madhya Pradesh, 799846",2025-05-30 09:01:53
10b38b0a-866c-4c9b-8eb6-f33e2ddb79b8,Indore Distribution Centre 80,IND-DI-80,"H.No. 586, Luthra Chowk, Indore, Odisha, 383097",2024-09-09 09:01:53
9b70b061-96ee-48f0-8f03-dca061ec8b4f,Thane Sorting Centre 18,THA-SO-18,"361, Bhargava Nagar, Thane, Odisha, 616620",2025-05-23 09:01:53
186e39f5-0940-4f4b-b38e-927968193994,Ranchi Regional Depot 65,RAN-RE-65,"H.No. 655, Sengupta Path, Ranchi, Sikkim, 457865",2026-01-06 09:01:53
598246f4-1b32-4664-a674-cc5653334b9f,Thane Main Warehouse 2,THA-MA-02,"H.No. 57, Chaudhry Path, Thane, Goa, 764000",2025-05-10 09:01:53
b6d1ee0b-53eb-4372-89bf-e48473116774,Ahmedabad Bulk Store 77,AHM-BU-77,"87, Verma Path, Ahmedabad, Uttar Pradesh, 824051",2023-12-07 09:01:53
9744d569-2826-4308-bfc1-3b2876dc443d,Chennai Main Warehouse 41,CHE-MA-41,"65, Nair Road, Chennai, Bihar, 244418",2023-10-18 09:01:53
35825d5a-b118-4eb3-b6b0-c0373bf002b6,Thane Main Warehouse 19,THA-MA-19,"97/40, Jaggi Street, Thane, Gujarat, 860835",2025-12-01 09:01:53
f891976b-af0d-4954-bdb0-7b02d6307687,Nashik Distribution Centre 49,NAS-DI-49,"01, Bahri Chowk, Nashik, Haryana, 309442",2024-11-12 09:01:53
e76ba33c-79c9-4958-aa33-cada0141d222,Solapur Cold Storage 98,SOL-CO-98,"860, Bath Street, Solapur, Uttar Pradesh, 089830",2023-12-09 09:01:53
cd63357d-6154-457d-a228-4fdbc97a497d,Guwahati Export Hub 716,GUW-EX-298,"41/34, Arora, Guwahati, Odisha, 197979",2025-01-25 09:01:53
38038205-4a79-494e-b8e2-cf7c9fcc0cf5,Guwahati Fulfilment Centre 30,GUW-FU-30,"24, Dua Path, Guwahati, Nagaland, 135694",2024-04-30 09:01:53
0ee2ec94-b86c-4595-9085-7dc92c07a413,Vijayawada Cold Storage 30,VIJ-CO-30,"04/50, Jayaraman Chowk, Vijayawada, Kerala, 748095",2025-05-01 09:01:53
7ad05f46-d868-4fd7-9b1f-c0701db4b7cb,Howrah Distribution Centre 12,HOW-DI-12,"39, Bahl Road, Howrah, Karnataka, 260294",2026-03-11 09:01:53
ab1ecddc-e8ac-4c53-ad74-761c3192aff5,Ghaziabad Main Warehouse 16,GHA-MA-16,"H.No. 20, Chana Ganj, Ghaziabad, Kerala, 584907",2023-09-25 09:01:53
20e32b16-f627-4c1e-b459-f81316eeb031,Mysuru Regional Depot 64,MYS-RE-64,"420, Char Ganj, Mysuru, Odisha, 774867",2025-01-08 09:01:53
26a6911e-cffa-4b12-ab16-515a3f510f83,Visakhapatnam Storage Hub 63,VIS-ST-63,"H.No. 95, More Zila, Visakhapatnam, Assam, 482308",2024-10-13 09:01:53
df2e0412-dd37-415f-bb6e-622400eb3de5,Jabalpur Bulk Store 16,JAB-BU-16,"29/58, Varkey Marg, Jabalpur, Uttar Pradesh, 196233",2025-04-21 09:01:53
e7ef45c3-e70c-4aec-a276-65f5a582df81,Dhanbad Fulfilment Centre 71,DHA-FU-71,"605, Puri Circle, Dhanbad, Tamil Nadu, 276748",2025-04-03 09:01:53
d02a2636-d220-4526-b344-c021c96b3853,Ghaziabad Distribution Centre 18,GHA-DI-18,"173, Rajagopalan Nagar, Ghaziabad, Madhya Pradesh, 931518",2024-09-01 09:01:53
1a4bae2b-bd35-4b29-ba4f-be9475fcf77d,Tiruchirappalli Distribution Centre 58,TIR-DI-58,"H.No. 788, Menon Street, Tiruchirappalli, Tripura, 655946",2023-08-28 09:01:53
0742f130-991c-4fa7-87b8-7adf05ee5a10,Amritsar Cold Storage 13,AMR-CO-13,"89/06, Keer Street, Amritsar, Chhattisgarh, 237179",2025-10-28 09:01:53
4cc51216-c9d6-4b17-9f16-66a3297f0919,Thane Sorting Centre 48,THA-SO-48,"90/22, Sinha Ganj, Thane, Sikkim, 065487",2024-01-21 09:01:53
4919890f-4afe-475a-8879-57e7514f2154,Coimbatore Retail Warehouse 65,COI-RE-65,"H.No. 847, Naidu Chowk, Coimbatore, Tamil Nadu, 176755",2025-12-04 09:01:53
57177cbb-892f-4a1c-8517-074d172cb723,Ludhiana Cold Storage 34,LUD-CO-34,"981, Zachariah Circle, Ludhiana, Punjab, 737815",2025-10-07 09:01:53
526c928d-ebcf-4b55-8ecd-18ed16fed6cf,Faridabad Main Warehouse 98,FAR-MA-98,"15/79, Mittal Nagar, Faridabad, Kerala, 268384",2024-04-26 09:01:53
edc787a3-badc-4744-bbe6-0662e12b129d,Gwalior Retail Warehouse 21,GWA-RE-21,"87/63, Bajaj Circle, Gwalior, West Bengal, 076123",2025-07-25 09:01:53
102ac568-714e-42c3-b4c7-e09963e7e346,Solapur Bulk Store 3,SOL-BU-03,"61/21, Bala, Solapur, Rajasthan, 188129",2025-10-08 09:01:53
fa433c69-91d3-4316-90ec-0dfe11f03eff,Patna Regional Depot 56,PAT-RE-56,"88/618, Bala Street, Patna, Rajasthan, 066901",2024-01-28 09:01:53
3dbc7ca6-2732-4c32-8c01-8058200d3f4d,Hubli Cold Storage 99,HUB-CO-99,"H.No. 792, Srivastava Ganj, Hubli, Tripura, 982689",2025-06-01 09:01:53
bcb67f58-94f1-46e9-8c9f-c170ed4aada7,Varanasi Retail Warehouse 60,VAR-RE-60,"348, Modi Marg, Varanasi, Punjab, 035067",2025-10-21 09:01:53
bf4fb052-a058-4854-a00d-f936dd28ab58,Bengaluru Cold Storage 9,BEN-CO-09,"H.No. 78, Sachdev, Bengaluru, West Bengal, 355707",2024-12-17 09:01:53
03190b06-cfc7-4061-828f-060b808b2e19,Ahmedabad Main Warehouse 59,AHM-MA-59,"31, Kamdar Street, Ahmedabad, Bihar, 550570",2025-08-18 09:01:53
f6a9844f-ad4d-4f6d-9566-3f825fc5af7b,Hyderabad Export Hub 60,HYD-EX-60,"H.No. 21, Sridhar Circle, Hyderabad, Punjab, 844404",2025-11-09 09:01:53
b80ace33-0b38-4fcc-9416-2cc3e763c5de,Nashik Bulk Store 34,NAS-BU-34,"H.No. 88, Cheema Ganj, Nashik, Assam, 147012",2024-02-01 09:01:53
12ea896b-bca1-4e40-a1bc-e78a4fae6087,Madurai Retail Warehouse 69,MAD-RE-69,"503, Wason Marg, Madurai, Manipur, 568910",2024-05-27 09:01:53
9f2b2389-bdd5-4c46-876e-9833ab3529ee,Mysuru Fulfilment Centre 62,MYS-FU-62,"77/97, Bera Circle, Mysuru, West Bengal, 344568",2024-05-03 09:01:53
4a011036-f004-43b5-ab2e-85f079c7b2f1,Solapur Main Warehouse 28,SOL-MA-28,"H.No. 46, Memon Chowk, Solapur, Andhra Pradesh, 664016",2025-12-04 09:01:53
e7e61280-8386-49bc-a654-9ae391d49ada,Amritsar Cold Storage 40,AMR-CO-40,"295, Kamdar Chowk, Amritsar, Tripura, 831597",2025-07-24 09:01:53
bd4f7189-78b4-4078-a959-86ef719992d1,Allahabad Main Warehouse 24,ALL-MA-24,"H.No. 72, Din, Allahabad, Sikkim, 318683",2023-09-17 09:01:53
e550de15-f171-4848-92e1-f67412d83f51,Srinagar Regional Depot 10,SRI-RE-10,"02/915, Pillay Circle, Srinagar, Tamil Nadu, 233241",2023-11-05 09:01:53
f9ec2b70-ace5-4a12-89f9-b8162587a248,Vadodara Export Hub 42,VAD-EX-42,"51, Palan Circle, Vadodara, Rajasthan, 839660",2024-03-22 09:01:53
77ccfd59-5388-4cb8-ac9a-ae937cfa9317,Aurangabad Storage Hub 50,AUR-ST-50,"34, Rajagopalan Road, Aurangabad, West Bengal, 462159",2026-01-22 09:01:53
432ac8ff-62d7-4428-b5bc-776f239e97c3,Lucknow Sorting Centre 23,LUC-SO-23,"H.No. 84, Sur Zila, Lucknow, Himachal Pradesh, 617050",2025-04-08 09:01:53
f090a935-ed09-4f5c-aa14-fc3f708cdad3,Visakhapatnam Bulk Store 88,VIS-BU-88,"218, Ravel Zila, Visakhapatnam, Odisha, 413447",2024-09-20 09:01:53
9ff32cfd-0864-42eb-8d7b-a15629192d22,Meerut Storage Hub 58,MEE-ST-58,"09, Jani Road, Meerut, Tamil Nadu, 740292",2025-09-05 09:01:53
8ecfe7bc-0f35-457c-9031-62463684fcee,Howrah Export Hub 39,HOW-EX-39,"64/33, Doshi Nagar, Howrah, Maharashtra, 099621",2026-01-27 09:01:53
8affb5f3-6296-4205-bf6c-355e076f5b50,Srinagar Bulk Store 55,SRI-BU-55,"36/67, Dasgupta Chowk, Srinagar, Punjab, 666102",2025-07-01 09:01:53
6d9dca08-de39-4f3d-b2cc-90671a3b3035,Jaipur Main Warehouse 58,JAI-MA-58,"H.No. 63, Ghosh Road, Jaipur, Uttar Pradesh, 222349",2024-05-15 09:01:53
f86324bb-3214-4d3f-bcf7-968c501b6a6e,Faridabad Fulfilment Centre 19,FAR-FU-19,"80/13, Sampath Chowk, Faridabad, Nagaland, 675901",2024-11-10 09:01:53
eb495f36-1929-4afa-b7f2-f743c8c9d5bc,Chennai Fulfilment Centre 44,CHE-FU-44,"79, Narang Zila, Chennai, Chhattisgarh, 461440",2025-08-13 09:01:53
4c28bfab-4854-45c3-8bad-14ff34c1da8d,Solapur Export Hub 52,SOL-EX-52,"23/35, Shankar Zila, Solapur, Jharkhand, 564260",2024-11-12 09:01:53
596132e5-a5fb-4310-90fc-c317529abf76,Rajkot Storage Hub 46,RAJ-ST-46,"H.No. 863, Dave Chowk, Rajkot, Madhya Pradesh, 199569",2024-07-04 09:01:53
28935d9f-9bcf-4f6a-9e8c-8aaf22699055,Jaipur Fulfilment Centre 68,JAI-FU-68,"55/922, Sarna Chowk, Jaipur, Madhya Pradesh, 149003",2024-12-28 09:01:53
5993270c-b02e-45db-8372-8d38fd958c17,Solapur Export Hub 61,SOL-EX-61,"50/25, Bhatt Path, Solapur, Telangana, 444867",2024-07-01 09:01:53
f9ecafc6-86af-48ea-b456-f76ca26c97e5,Hyderabad Bulk Store 86,HYD-BU-86,"288, Acharya Ganj, Hyderabad, Jharkhand, 331454",2024-04-03 09:01:53
6f75d5c8-4a63-48f0-8090-cd146c45fa4f,Delhi Regional Depot 67,DEL-RE-67,"15, Master Chowk, Delhi, Odisha, 251149",2023-08-17 09:01:53
9fc8b4bb-5d9f-4805-8b15-1f6157c6b362,Allahabad Bulk Store 76,ALL-BU-76,"88, Nadig Chowk, Allahabad, Gujarat, 204095",2024-04-18 09:01:53
179865cc-1642-429f-aad9-eb0699ddf51b,Thane Storage Hub 8,THA-ST-08,"H.No. 37, Saran Chowk, Thane, Maharashtra, 830858",2024-04-03 09:01:53
5f108ced-33ae-4e39-8c20-75a4d818805a,Ludhiana Cold Storage 31,LUD-CO-31,"H.No. 018, Kohli Chowk, Ludhiana, Assam, 391511",2025-06-22 09:01:53
5ec1ba09-297f-45e9-a6df-66593228fd92,Mumbai Cold Storage 4,MUM-CO-04,"H.No. 36, Warrior Chowk, Mumbai, Maharashtra, 107818",2024-04-10 09:01:53
a4551e92-a730-4750-a461-70560f7c58fb,Allahabad Sorting Centre 99,ALL-SO-99,"10, Ravi, Allahabad, Rajasthan, 642570",2025-10-17 09:01:53
4832e4b6-bc9f-43e4-a313-2931b8bca5ad,Dhanbad Fulfilment Centre 74,DHA-FU-74,"80, Sangha Street, Dhanbad, Uttarakhand, 315423",2025-01-10 09:01:53
9488851a-20fd-4fb0-bf9a-c24321bf2a53,Hubli Distribution Centre 42,HUB-DI-42,"H.No. 600, Hayer Street, Hubli, Arunachal Pradesh, 865505",2024-07-12 09:01:53
c2f69f50-17c7-40c6-9971-d4233e07e8b8,Srinagar Bulk Store 33,SRI-BU-33,"241, Mann Zila, Srinagar, Uttar Pradesh, 066701",2024-01-09 09:01:53
f41815bd-dfbd-43b4-aa92-fc3620eb8b89,Mumbai Cold Storage 25,MUM-CO-25,"H.No. 14, Dhar Path, Mumbai, Andhra Pradesh, 663382",2024-04-15 09:01:53
ff353df0-0862-477a-ac1a-8536879c6bbe,Madurai Cold Storage 53,MAD-CO-53,"224, Balay Nagar, Madurai, Karnataka, 922205",2024-12-08 09:01:53
b5f54d3b-8f28-4685-961b-ce4cf4af878c,Hyderabad Retail Warehouse 65,HYD-RE-65,"20, Batra Zila, Hyderabad, West Bengal, 134843",2024-07-13 09:01:53
ae6df50f-444d-4f51-b0fd-336317666bad,Aurangabad Retail Warehouse 91,AUR-RE-91,"913, Ghosh Ganj, Aurangabad, Kerala, 861323",2025-04-01 09:01:53
131d88ac-d02a-43f7-8b76-399fe4413feb,Agra Regional Depot 21,AGR-RE-21,"94/564, Date Path, Agra, Gujarat, 286449",2024-12-23 09:01:53
fe1e4740-79e7-4d09-8011-1a7e8ea4d319,Chennai Sorting Centre 91,CHE-SO-91,"60, Lalla Street, Chennai, Odisha, 634209",2023-10-13 09:01:53
24e090ba-b3dc-48da-bdc3-cd0ad2ad4822,Delhi Fulfilment Centre 68,DEL-FU-68,"H.No. 36, Solanki Chowk, Delhi, Rajasthan, 498529",2025-06-22 09:01:53
c3bd9159-bbc8-4b98-ae93-cc6f06f62c3a,Surat Storage Hub 62,SUR-ST-62,"35, Chanda Marg, Surat, Karnataka, 665591",2025-08-11 09:01:53
0c8f844b-9c5f-4aa2-b3ae-0e53de0c8a8c,Meerut Storage Hub 747,MEE-ST-212,"H.No. 76, Pingle Street, Meerut, Uttar Pradesh, 809664",2025-09-11 09:01:53
b4231bd2-e39a-410a-b03f-1eb3a81915d1,Hyderabad Storage Hub 23,HYD-ST-23,"H.No. 475, Krish Ganj, Hyderabad, Madhya Pradesh, 247466",2023-07-22 09:01:53
93d1ee49-407e-49e5-81a4-109a299b44bf,Madurai Storage Hub 62,MAD-ST-62,"53/538, Reddy, Madurai, Chhattisgarh, 324367",2025-11-29 09:01:53
574c2900-d831-4853-858f-bd5f1017d708,Ahmedabad Distribution Centre 60,AHM-DI-60,"24/15, Bumb Chowk, Ahmedabad, Goa, 638354",2023-11-15 09:01:53
996d6039-a6e1-4912-866c-d501c1fff56d,Nashik Retail Warehouse 55,NAS-RE-55,"468, Tella Path, Nashik, Telangana, 390616",2024-07-01 09:01:53
17bd8bc8-62e5-4785-8ee4-ffed8b29cca3,Pune Retail Warehouse 14,PUN-RE-14,"82/497, Khalsa, Pune, Punjab, 615381",2025-01-05 09:01:53
5121d078-861d-4d30-a916-33eff303e219,Lucknow Main Warehouse 38,LUC-MA-38,"H.No. 683, Chakrabarti Chowk, Lucknow, Andhra Pradesh, 073726",2025-10-04 09:01:53
baa8cf61-67a6-4264-8675-1aab703b4b57,Vijayawada Export Hub 48,VIJ-EX-48,"H.No. 720, Mahal Zila, Vijayawada, Nagaland, 780826",2025-11-18 09:01:53
04bf8ab2-aa72-4661-ad86-3f9e0af7eca9,Patna Regional Depot 71,PAT-RE-71,"49/312, Mangal Zila, Patna, Madhya Pradesh, 947625",2025-01-25 09:01:53
afc3193f-0840-4859-87cc-61a4627c790d,Coimbatore Export Hub 30,COI-EX-30,"42/926, Padmanabhan Road, Coimbatore, Tripura, 339172",2026-02-09 09:01:53
6ca81710-e3df-47b9-aa53-4b7eb360455d,Nashik Storage Hub 14,NAS-ST-14,"99/403, Lala Marg, Nashik, Mizoram, 126649",2023-11-10 09:01:53
639403e6-923e-4093-b619-eb470d30c2fe,Varanasi Sorting Centre 2,VAR-SO-02,"19, Seth Marg, Varanasi, Sikkim, 683353",2025-08-14 09:01:53
cf84a659-5d59-4c86-8dd9-fbd30b314492,Jabalpur Storage Hub 24,JAB-ST-24,"10/16, Gara Zila, Jabalpur, Kerala, 163994",2026-02-12 09:01:53
a22dcba6-dc1c-4b89-a260-57ba7dc5f1b7,Kanpur Bulk Store 73,KAN-BU-73,"90/133, Magar Ganj, Kanpur, Himachal Pradesh, 767348",2023-12-22 09:01:53
22f3374f-a777-48de-81f5-8ee79f8ba177,Howrah Main Warehouse 13,HOW-MA-13,"H.No. 409, Lanka Circle, Howrah, Assam, 167930",2023-09-15 09:01:53
ddc9f3bc-0b72-44e6-91b6-fe67a20e1e28,Pimpri Storage Hub 87,PIM-ST-87,"H.No. 481, Rattan Zila, Pimpri, Andhra Pradesh, 991004",2025-01-31 09:01:53
5bc0544c-4f99-4834-9258-7ab0e01e16bf,Pimpri Retail Warehouse 10,PIM-RE-10,"20/288, Sahni Marg, Pimpri, Bihar, 801990",2026-01-11 09:01:53
cf41a315-c730-452d-80e8-33b137b8515f,Varanasi Export Hub 4,VAR-EX-04,"421, Kuruvilla Ganj, Varanasi, Mizoram, 484203",2023-10-07 09:01:53
8368ff19-c6c9-47d1-9c9f-e83ba87cea98,Chennai Retail Warehouse 60,CHE-RE-60,"H.No. 31, Bhat Marg, Chennai, Tamil Nadu, 917913",2023-09-22 09:01:53
8c216648-d044-4cab-81f2-27180981a324,Mysuru Main Warehouse 28,MYS-MA-28,"60/15, Chaudhary Chowk, Mysuru, West Bengal, 713219",2023-12-10 09:01:53
527b68d4-83c7-4b67-a9a8-ccab9d2f63cd,Kolkata Bulk Store 25,KOL-BU-25,"40/247, Edwin Nagar, Kolkata, Mizoram, 411287",2024-12-13 09:01:53
5e5cd95a-fc1f-4543-85dd-5b5498374aef,Tiruchirappalli Main Warehouse 44,TIR-MA-44,"45/271, Kala, Tiruchirappalli, Maharashtra, 857646",2024-04-12 09:01:53
32952f91-6a14-4f55-90b2-1c8a2b7c0664,Mumbai Main Warehouse 38,MUM-MA-38,"913, Buch Circle, Mumbai, Arunachal Pradesh, 491619",2024-07-25 09:01:53
79abae19-b59d-4148-8980-608a686e2d8d,Nagpur Fulfilment Centre 24,NAG-FU-24,"H.No. 23, Dani Street, Nagpur, Kerala, 013153",2025-01-15 09:01:53
32a1df47-bcbf-4cd2-a52b-8d70a9498e92,Aurangabad Storage Hub 33,AUR-ST-33,"H.No. 06, Sant, Aurangabad, Sikkim, 616845",2023-08-19 09:01:53
50ea923c-4936-49f1-bb4a-380ac5bc0b57,Pimpri Bulk Store 74,PIM-BU-74,"H.No. 25, Taneja Street, Pimpri, Telangana, 102547",2025-07-28 09:01:53
174aaffe-e2cb-46ab-b73c-b51ea0012f07,Pune Retail Warehouse 21,PUN-RE-21,"17/989, Majumdar, Pune, Mizoram, 669489",2024-08-15 09:01:53
0bba4128-25d7-437b-8068-0883c9e757b4,Pimpri Retail Warehouse 56,PIM-RE-56,"30/05, Oak Zila, Pimpri, Maharashtra, 563558",2025-07-10 09:01:53
dc8bd635-9e2d-4a76-baad-7171bd17ab71,Howrah Main Warehouse 70,HOW-MA-70,"H.No. 22, Chadha Chowk, Howrah, Manipur, 662565",2025-07-30 09:01:53
234a3c34-b560-4a23-99a8-3e5c22521a7d,Coimbatore Main Warehouse 95,COI-MA-95,"H.No. 460, Bajaj Chowk, Coimbatore, Sikkim, 144130",2025-01-31 09:01:53
28cc23d3-2651-4d23-8a2a-6e3335757bef,Mysuru Cold Storage 34,MYS-CO-34,"86, Lad Street, Mysuru, Arunachal Pradesh, 100668",2026-01-11 09:01:53
b27ee51c-135d-4612-b2f3-d2b611c138cc,Lucknow Cold Storage 79,LUC-CO-79,"04/17, Yadav Street, Lucknow, Chhattisgarh, 762381",2024-02-27 09:01:53
7c582c8e-f1ff-4b56-9a7f-16fa2c211d4b,Vijayawada Export Hub 42,VIJ-EX-42,"H.No. 522, Dhar Ganj, Vijayawada, Nagaland, 228240",2025-11-23 09:01:53
c8e72440-2fab-488e-bf30-3b9652eb0be3,Chandigarh Sorting Centre 29,CHA-SO-29,"47/52, Hans Circle, Chandigarh, Kerala, 004108",2024-02-18 09:01:53
ea071430-e34f-4401-9d43-b3f36674d63a,Gwalior Fulfilment Centre 17,GWA-FU-17,"H.No. 79, Kari Zila, Gwalior, Kerala, 135053",2024-11-26 09:01:53
fcdb5259-c673-4a36-b27e-f04cc4359664,Chandigarh Storage Hub 98,CHA-ST-98,"H.No. 72, Wali Street, Chandigarh, Odisha, 064157",2024-10-25 09:01:53
2cbdb4e2-3491-402f-88fb-4db26d3d6244,Kanpur Export Hub 12,KAN-EX-12,"09/78, Balakrishnan Ganj, Kanpur, Chhattisgarh, 104194",2025-10-02 09:01:53
18e3372e-ad26-4fe1-b707-e08325ab917b,Coimbatore Distribution Centre 50,COI-DI-50,"53/419, Date Path, Coimbatore, Uttar Pradesh, 447867",2025-07-30 09:01:53
66827ff9-a7df-4f9f-8586-b1f21fcee139,Agra Main Warehouse 999,AGR-MA-791,"H.No. 28, Gill Nagar, Agra, Assam, 063578",2024-08-15 09:01:53
a4401732-2341-4276-943b-a59272802a1a,Varanasi Main Warehouse 17,VAR-MA-17,"03/789, Dhingra Zila, Varanasi, Bihar, 974369",2023-11-15 09:01:53
ce8d1e13-5ced-4c23-aaeb-e6f729f34cd5,Varanasi Bulk Store 58,VAR-BU-58,"05/58, Padmanabhan Path, Varanasi, Meghalaya, 994084",2025-02-03 09:01:53
f5aab54f-deb0-4af1-918f-7a5d6ae9be1b,Madurai Cold Storage 22,MAD-CO-22,"906, Sani, Madurai, Odisha, 452898",2024-12-05 09:01:53
1aea988e-1d73-4905-931d-a0f7a2d0a5f9,Lucknow Export Hub 83,LUC-EX-83,"06, Bava Zila, Lucknow, Madhya Pradesh, 673374",2025-05-07 09:01:53
68d1a856-6051-4cf6-b195-f20aaf8a9b3a,Agra Fulfilment Centre 76,AGR-FU-76,"H.No. 70, Rastogi Zila, Agra, Karnataka, 761368",2024-10-30 09:01:53
f75b82ab-0f62-406d-acd9-bae86a2c9db8,Visakhapatnam Sorting Centre 96,VIS-SO-96,"H.No. 498, Dey Nagar, Visakhapatnam, Kerala, 084376",2024-06-11 09:01:53
20b0e00c-43f6-44e6-bbcb-35e3bf258eb6,Jabalpur Cold Storage 3,JAB-CO-03,"92/96, Luthra Road, Jabalpur, Jharkhand, 725084",2024-12-06 09:01:53
2f066881-48ba-4cb7-9b47-b1bdd6b7d2c2,Solapur Main Warehouse 65,SOL-MA-65,"23/242, Mitra Ganj, Solapur, Mizoram, 041724",2023-10-17 09:01:53
ec9b94db-2711-4682-a372-a0a1f076e3b1,Ranchi Bulk Store 39,RAN-BU-39,"H.No. 553, Chokshi Marg, Ranchi, Karnataka, 574906",2023-11-30 09:01:53
12f48605-e88e-4490-9fd9-5e80c2ddb5d4,Mumbai Bulk Store 96,MUM-BU-96,"796, Gaba Nagar, Mumbai, Himachal Pradesh, 570333",2024-10-23 09:01:53
a7c3f58e-9764-492a-ae5f-ac3ac4ba148d,Nashik Bulk Store 3,NAS-BU-03,"29/594, Golla Path, Nashik, Haryana, 582863",2025-09-22 09:01:53
0650078f-4862-417d-bf76-f56e4570f9c7,Bengaluru Export Hub 2,BEN-EX-02,"H.No. 402, Saran, Bengaluru, Madhya Pradesh, 991721",2024-05-02 09:01:53
ed7a99d6-6d96-41e2-b2c1-89958d315f7c,Guwahati Distribution Centre 73,GUW-DI-73,"42, Dewan, Guwahati, Uttarakhand, 041678",2023-07-06 09:01:53
47db2c64-70e4-4062-b2e3-ed2fae36c4c1,Lucknow Sorting Centre 6,LUC-SO-06,"153, Goda, Lucknow, Madhya Pradesh, 937063",2025-09-26 09:01:53
2f60f3fd-2c28-4645-8115-9ee313d70b8e,Kanpur Distribution Centre 796,KAN-DI-846,"503, Kashyap Zila, Kanpur, Odisha, 804850",2023-07-21 09:01:53
cd17f416-a9c3-4049-8a74-204736f07308,Vadodara Fulfilment Centre 80,VAD-FU-80,"206, Bava Zila, Vadodara, Bihar, 335937",2026-02-09 09:01:53
9a9030fc-73d8-4d7e-a1ec-d3bab5889769,Pimpri Regional Depot 70,PIM-RE-70,"71/90, Bhardwaj Nagar, Pimpri, Rajasthan, 295616",2024-08-05 09:01:53
1bf12011-4aa3-4240-bd13-2ed796fb2519,Bengaluru Sorting Centre 29,BEN-SO-29,"256, Tailor Road, Bengaluru, Assam, 594079",2025-09-18 09:01:53
554ed63a-760d-4591-8fb3-6e242c3e3be6,Lucknow Cold Storage 25,LUC-CO-25,"23/04, Kalla Path, Lucknow, Chhattisgarh, 167781",2025-07-04 09:01:53
34fa235a-6f01-499d-addd-066477c87200,Indore Storage Hub 1,IND-ST-01,"H.No. 56, Sastry Road, Indore, Telangana, 370194",2023-07-08 09:01:53
9f226611-2ca7-42cd-9234-4136db9a7d97,Lucknow Fulfilment Centre 46,LUC-FU-46,"H.No. 39, Buch Zila, Lucknow, Sikkim, 766650",2026-01-05 09:01:53
bcc4a270-886f-4a6f-a9d9-8d473c569c1f,Bengaluru Storage Hub 48,BEN-ST-48,"H.No. 27, Bhavsar Marg, Bengaluru, Chhattisgarh, 928157",2023-08-30 09:01:53
f284eef8-f52c-4446-a382-6b5751d64a83,Madurai Cold Storage 874,MAD-CO-997,"06/19, Dugal Nagar, Madurai, Chhattisgarh, 116787",2026-01-13 09:01:53
bb52af0f-fcfc-47e2-9aae-c133459e1122,Pune Sorting Centre 94,PUN-SO-94,"H.No. 676, Nayak Ganj, Pune, Haryana, 237185",2025-07-26 09:01:53
79e1bea0-0b55-4466-a578-5863efa982a1,Ludhiana Regional Depot 43,LUD-RE-43,"21/26, Mane Circle, Ludhiana, Rajasthan, 637114",2023-12-20 09:01:53
78409348-f865-44a4-b63c-3537814ee532,Guwahati Main Warehouse 29,GUW-MA-29,"943, Baria Nagar, Guwahati, Andhra Pradesh, 753989",2023-10-21 09:01:53
55338623-37d2-4b3a-a53a-5b391ed0ac25,Meerut Sorting Centre 65,MEE-SO-65,"23/132, Sarkar Road, Meerut, Kerala, 693278",2023-12-03 09:01:53
5de2ebde-047d-4c69-8897-9162e33ffb7d,Howrah Export Hub 37,HOW-EX-37,"41/783, Sachar Chowk, Howrah, Karnataka, 538201",2024-04-02 09:01:53
4e988cd5-1f72-453b-8951-ad376620c809,Indore Sorting Centre 25,IND-SO-25,"H.No. 406, Gade Path, Indore, Tamil Nadu, 642673",2024-01-31 09:01:53
9b906f1a-a5d7-4385-af42-ee832070f4ce,Tiruchirappalli Fulfilment Centre 25,TIR-FU-25,"H.No. 12, Goswami Chowk, Tiruchirappalli, Himachal Pradesh, 533756",2023-09-30 09:01:53
162a5b21-6a90-4152-92e8-032e95658ede,Lucknow Regional Depot 32,LUC-RE-32,"H.No. 69, Roy Chowk, Lucknow, Himachal Pradesh, 849622",2025-02-04 09:01:53
d71edea0-1577-4a73-a5ed-0f2404ad35c7,Lucknow Sorting Centre 55,LUC-SO-55,"H.No. 94, Dara Path, Lucknow, Andhra Pradesh, 625069",2025-10-30 09:01:53
ed6b8a3d-fa12-4d96-aebd-2672be127a48,Mumbai Export Hub 4,MUM-EX-04,"965, Walla Marg, Mumbai, Karnataka, 206276",2025-03-24 09:01:53
4ca6cc27-0f39-4282-98f6-06228caac952,Coimbatore Export Hub 83,COI-EX-83,"72/935, Sastry Nagar, Coimbatore, Odisha, 442129",2025-07-21 09:01:53
02de7c56-7bad-402b-8cca-b10a0e5decc9,Pune Storage Hub 35,PUN-ST-35,"H.No. 465, Grewal Nagar, Pune, Chhattisgarh, 477804",2024-02-03 09:01:53
c35231e9-e224-4df2-a2ab-b974699a597e,Pimpri Distribution Centre 21,PIM-DI-21,"H.No. 79, Devan Chowk, Pimpri, Kerala, 840703",2023-09-26 09:01:53
e2eb2181-fa82-487d-89a1-4602bba7a280,Jabalpur Main Warehouse 57,JAB-MA-57,"982, Master Zila, Jabalpur, Manipur, 337209",2024-01-06 09:01:53
7a0eeea1-0a07-463e-a9e5-48bea192c08d,Ludhiana Sorting Centre 51,LUD-SO-51,"45/167, Saxena Marg, Ludhiana, Andhra Pradesh, 363286",2025-04-28 09:01:53
7cf089ef-4d9b-4430-8fbf-dffaafc5de8a,Vijayawada Sorting Centre 79,VIJ-SO-79,"011, Doshi Street, Vijayawada, Andhra Pradesh, 848426",2025-10-28 09:01:53
29162c37-7179-40cd-a783-886b79203641,Hyderabad Distribution Centre 19,HYD-DI-19,"H.No. 83, Kala Ganj, Hyderabad, Maharashtra, 960828",2025-07-09 09:01:53
aaf52954-1dc4-4544-b8ff-44a744b80e52,Amritsar Bulk Store 26,AMR-BU-26,"67/13, Anand Marg, Amritsar, West Bengal, 494692",2025-12-27 09:01:53
4a237850-08ad-42f4-bbac-4c3200f46211,Dhanbad Retail Warehouse 40,DHA-RE-40,"H.No. 856, Ben Road, Dhanbad, Bihar, 249519",2024-07-20 09:01:53
81723437-69e7-4f3f-bc1b-aaebf28886f3,Nashik Regional Depot 21,NAS-RE-21,"500, Chokshi Zila, Nashik, Karnataka, 617580",2026-01-06 09:01:53
506a5aaa-db13-46ad-bdb3-80d9bcc0a988,Mumbai Bulk Store 24,MUM-BU-24,"03/88, Banik, Mumbai, Jharkhand, 104043",2024-07-13 09:01:53
22d3bd36-ffbb-41e0-80ee-87f397917370,Tiruchirappalli Regional Depot 83,TIR-RE-83,"H.No. 566, Oak Circle, Tiruchirappalli, Assam, 538148",2025-12-09 09:01:53
7761b4ee-97b5-4368-8e58-841a60e41acc,Coimbatore Fulfilment Centre 58,COI-FU-58,"37/475, Tiwari Path, Coimbatore, Arunachal Pradesh, 090168",2025-03-29 09:01:53
13e4bd6d-39a2-4867-a319-7df0158af589,Vijayawada Distribution Centre 76,VIJ-DI-76,"H.No. 64, Choudhary Chowk, Vijayawada, Meghalaya, 840190",2025-10-30 09:01:53
d177e645-917a-4f32-8ec1-b41f8bd89a04,Kanpur Bulk Store 78,KAN-BU-720,"716, Vyas, Kanpur, Tamil Nadu, 716115",2025-07-23 09:01:53
3fd1de86-f8c9-4728-b56e-0b6d364ec1c9,Ahmedabad Retail Warehouse 48,AHM-RE-48,"66/86, Chada Zila, Ahmedabad, Odisha, 675983",2025-07-20 09:01:53
2d87f4d5-433d-4c3d-86a0-85c08e23ddbf,Solapur Bulk Store 17,SOL-BU-17,"32/617, Nagi Nagar, Solapur, West Bengal, 583534",2023-07-22 09:01:53
d759841f-778b-4aa3-bbf3-f7079df802b2,Varanasi Regional Depot 61,VAR-RE-61,"H.No. 81, Pall, Varanasi, Maharashtra, 728535",2025-04-22 09:01:53
8ee72ba1-f67a-4ad3-8b55-257f97b419f0,Surat Export Hub 81,SUR-EX-81,"399, Gade Circle, Surat, Jharkhand, 662177",2023-08-18 09:01:53
efe98668-fd60-4e57-a0c0-77f4d5dbaf5e,Meerut Regional Depot 50,MEE-RE-50,"H.No. 80, Narayanan Zila, Meerut, Nagaland, 668793",2025-11-29 09:01:53
1d3b7e7a-262f-4401-b113-17dc882dfb87,Surat Main Warehouse 80,SUR-MA-80,"H.No. 302, Om Circle, Surat, Gujarat, 727669",2025-01-03 09:01:53
33e892a4-eeaa-4334-91ea-131b1ec3f7b1,Pune Retail Warehouse 99,PUN-RE-99,"34/51, Bhat Path, Pune, Goa, 285461",2025-07-23 09:01:53
172a87dd-c4ef-4a2c-a54a-8ab593880276,Delhi Main Warehouse 74,DEL-MA-74,"087, Amble Ganj, Delhi, Nagaland, 207382",2024-07-15 09:01:53
083fedb0-ba3a-4a40-a486-57935c0da4bd,Lucknow Export Hub 35,LUC-EX-35,"77, D’Alia Chowk, Lucknow, Bihar, 252786",2025-04-26 09:01:53
5144e8ae-acd9-441a-8f61-972476f28f9e,Jaipur Regional Depot 8,JAI-RE-08,"090, Savant Nagar, Jaipur, Assam, 102423",2025-08-31 09:01:53
a667c1b1-89db-4970-9918-c87b181e1467,Lucknow Distribution Centre 9,LUC-DI-09,"H.No. 47, Ben Ganj, Lucknow, Kerala, 771961",2025-03-17 09:01:53
bb217f64-36c3-43d5-ad50-4aefe2a623b0,Chandigarh Fulfilment Centre 43,CHA-FU-43,"99/716, Saraf Path, Chandigarh, Kerala, 676409",2025-03-16 09:01:53
cdf4e59e-ea75-4344-96c6-fa5783b82832,Mumbai Cold Storage 13,MUM-CO-13,"68/33, Lata Road, Mumbai, Andhra Pradesh, 952242",2025-06-10 09:01:53
7fe815b4-72a4-4e0e-a788-9c161c60db2d,Indore Storage Hub 13,IND-ST-13,"65/379, Gopal Ganj, Indore, Chhattisgarh, 914390",2024-07-27 09:01:53
ae020098-bbd3-4fd3-aa76-7764e3c063e1,Jodhpur Distribution Centre 39,JOD-DI-39,"05, Sridhar Road, Jodhpur, Sikkim, 601579",2025-07-14 09:01:53
725f57d7-e8a8-4f84-a960-c5d47a29f2b3,Raipur Main Warehouse 67,RAI-MA-67,"H.No. 150, Bassi Zila, Raipur, Assam, 260080",2023-10-25 09:01:53
5f4a1d07-62a9-4981-8204-4e31d1d30f4d,Srinagar Retail Warehouse 76,SRI-RE-76,"658, Joshi, Srinagar, Sikkim, 759783",2024-11-27 09:01:53
ec0dd259-967b-4aa0-a5c1-8517200dd4ee,Jodhpur Storage Hub 34,JOD-ST-34,"548, Jhaveri Circle, Jodhpur, Kerala, 192149",2024-11-22 09:01:53
e22c313a-9a01-4dd6-9ccb-8afdb81b94c1,Gwalior Storage Hub 48,GWA-ST-48,"79, Krishnan Zila, Gwalior, Madhya Pradesh, 866432",2024-04-04 09:01:53
2ffa59f0-b7dc-4158-a568-d2fb81366ee0,Hubli Regional Depot 17,HUB-RE-17,"H.No. 317, Reddy Street, Hubli, Maharashtra, 282468",2025-10-08 09:01:53
d07f1d27-a7d6-4bbf-a267-5e0db3bf67f0,Kolkata Export Hub 70,KOL-EX-70,"H.No. 49, Tara Street, Kolkata, Sikkim, 400020",2025-07-16 09:01:53
c62c570e-9eaf-473b-a3a0-aa3ea28c42eb,Guwahati Regional Depot 81,GUW-RE-81,"60/14, Badal Marg, Guwahati, Karnataka, 908543",2023-12-18 09:01:53
95c27f4e-7ed5-49d8-89ed-e8d258716afc,Kota Cold Storage 90,KOT-CO-90,"716, Bhandari Ganj, Kota, Rajasthan, 356369",2023-08-03 09:01:53
d3275a60-3a71-45f8-9809-df44a69d8b6a,Ranchi Distribution Centre 76,RAN-DI-76,"30/100, Ben Nagar, Ranchi, Mizoram, 187810",2025-09-11 09:01:53
7643b369-4767-4ab1-85d0-170291aa9305,Hubli Main Warehouse 39,HUB-MA-39,"H.No. 80, Vyas Street, Hubli, Rajasthan, 541589",2024-01-14 09:01:53
34cf4f54-9e76-4550-b554-8bec9122c961,Ranchi Retail Warehouse 64,RAN-RE-64,"909, Bawa Ganj, Ranchi, Himachal Pradesh, 766136",2026-01-31 09:01:53
92a02cb2-2068-4003-8a98-c0476b41df01,Varanasi Retail Warehouse 82,VAR-RE-82,"28, Vala Nagar, Varanasi, Uttar Pradesh, 226815",2025-02-16 09:01:53
61237503-d621-4c5a-831d-60d785977d14,Coimbatore Fulfilment Centre 27,COI-FU-27,"47/47, Palan Nagar, Coimbatore, Tamil Nadu, 110583",2023-09-25 09:01:53
d0d4ea14-e080-4bb1-a3e6-34a8671c9c06,Bhopal Storage Hub 76,BHO-ST-76,"30/967, Sem Ganj, Bhopal, Punjab, 218914",2024-07-19 09:01:53
51b6e27b-f011-4845-96cc-71f8bb8f4b8e,Howrah Bulk Store 46,HOW-BU-46,"693, Reddy Chowk, Howrah, Telangana, 016767",2025-12-07 09:01:53
d667bd00-aaae-4ea4-8e6e-a3bdc82a13dd,Agra Sorting Centre 8,AGR-SO-08,"18/776, Wali Street, Agra, Nagaland, 636885",2025-09-26 09:01:53
fadb8524-4f68-4d50-9af3-703bbce3efc8,Ludhiana Retail Warehouse 92,LUD-RE-92,"H.No. 162, Ratti Chowk, Ludhiana, Goa, 266678",2024-09-05 09:01:53
9b9cebf0-2345-452d-b26c-4579a00bc0a5,Raipur Regional Depot 56,RAI-RE-56,"80/937, Chada Marg, Raipur, Madhya Pradesh, 228989",2025-06-06 09:01:53
493103b0-6786-4605-b2f8-08a04c4fde9e,Hyderabad Export Hub 43,HYD-EX-43,"H.No. 749, Khurana, Hyderabad, Uttar Pradesh, 981255",2024-06-01 09:01:53
7d940226-9601-469c-887f-bb01436ebd12,Navi Mumbai Cold Storage 95,NAV-CO-95,"77/72, Naidu Marg, Navi Mumbai, Punjab, 640838",2024-09-21 09:01:53
f4a3e569-aad9-4a73-84ca-d4843c530538,Allahabad Fulfilment Centre 95,ALL-FU-95,"H.No. 80, Balan Path, Allahabad, Assam, 171657",2024-09-06 09:01:53
0d411e20-57ef-4e21-b109-7addf27c11d6,Lucknow Cold Storage 90,LUC-CO-90,"93/91, Pandey Street, Lucknow, West Bengal, 518871",2024-12-22 09:01:53
d908384c-f269-4ff4-84f4-c0396de6b125,Guwahati Retail Warehouse 18,GUW-RE-18,"14/860, Patel Nagar, Guwahati, Tripura, 092449",2025-01-24 09:01:53
3c755aa6-076f-45a8-9d9d-ab15bbcc8c63,Kanpur Main Warehouse 95,KAN-MA-95,"28/787, Sheth Path, Kanpur, Arunachal Pradesh, 029301",2024-10-10 09:01:53
bfdb0255-c758-4a0d-a7e8-bba138dc9094,Pimpri Bulk Store 62,PIM-BU-62,"H.No. 250, Tripathi Zila, Pimpri, Madhya Pradesh, 742906",2025-11-06 09:01:53
75a92231-d238-4ea1-9206-5ace6b559cbf,Raipur Sorting Centre 22,RAI-SO-22,"95/222, Gulati Ganj, Raipur, Maharashtra, 180620",2025-03-08 09:01:53
c28d37fb-c6a4-43b9-9731-aa5c5f5929b0,Vadodara Fulfilment Centre 82,VAD-FU-82,"H.No. 730, Lal Street, Vadodara, Uttar Pradesh, 662497",2023-10-01 09:01:53
dafde232-a398-47af-a247-c2d0221b6465,Ghaziabad Cold Storage 11,GHA-CO-11,"H.No. 37, Bakshi Road, Ghaziabad, Tamil Nadu, 714469",2023-12-31 09:01:53
81cad45c-990e-4589-90e6-237160b84fed,Jabalpur Bulk Store 22,JAB-BU-22,"H.No. 67, Bawa Road, Jabalpur, Telangana, 873544",2024-08-23 09:01:53
59d6294e-7d5e-47c3-9d4a-fcf6c96adad6,Lucknow Storage Hub 24,LUC-ST-24,"H.No. 34, Bhatti Path, Lucknow, Himachal Pradesh, 688658",2023-10-06 09:01:53
3a707f1e-bb6a-4c01-9302-8b2302467093,Agra Main Warehouse 97,AGR-MA-97,"483, Karnik Road, Agra, Sikkim, 862673",2025-11-26 09:01:53
1824e3cc-36f4-46c7-996a-2ff870d30458,Ranchi Storage Hub 46,RAN-ST-46,"64, Munshi Circle, Ranchi, Haryana, 077587",2024-02-27 09:01:53
bb84af0a-5624-49b3-bdc4-821a33a754e2,Raipur Bulk Store 22,RAI-BU-22,"H.No. 894, Dutt Ganj, Raipur, Tripura, 983443",2024-01-29 09:01:53
1f2851c9-56ed-4cfb-b5fe-e796c03e044e,Vadodara Retail Warehouse 23,VAD-RE-23,"69/580, Bajwa Path, Vadodara, Tripura, 505092",2024-08-26 09:01:53
3d907dcd-b6d0-41be-959f-5253651ae8f0,Rajkot Fulfilment Centre 76,RAJ-FU-76,"46/72, Behl Nagar, Rajkot, Manipur, 429390",2024-01-26 09:01:53
12eff940-3507-44c9-9f9f-6afb2a3e45b3,Visakhapatnam Storage Hub 83,VIS-ST-83,"77/372, Murty, Visakhapatnam, Himachal Pradesh, 038016",2026-03-01 09:01:53
f5c3c89a-df64-48ff-85de-52e4a4ece6d9,Kolkata Storage Hub 21,KOL-ST-21,"585, Pandya Zila, Kolkata, Arunachal Pradesh, 045028",2025-07-06 09:01:53
402b0865-2a03-448c-a60c-fac2db4ce749,Pimpri Distribution Centre 37,PIM-DI-37,"H.No. 435, Bhattacharyya Ganj, Pimpri, Chhattisgarh, 943379",2024-08-08 09:01:53
e938ea9f-e2ca-4d41-9993-d0672b6980bc,Coimbatore Storage Hub 77,COI-ST-77,"H.No. 31, Choudhury Zila, Coimbatore, Chhattisgarh, 590426",2026-03-03 09:01:53
9bd27f4f-4632-462f-bb16-e3f038cddd26,Mumbai Sorting Centre 90,MUM-SO-90,"H.No. 27, Dixit Road, Mumbai, Nagaland, 625108",2024-05-13 09:01:53
b253047e-f147-4469-bf49-4a7a90a7253c,Rajkot Bulk Store 22,RAJ-BU-22,"H.No. 73, Hans Circle, Rajkot, Nagaland, 545146",2023-11-14 09:01:53
48ecd89e-8573-4277-852c-cf7ff699449e,Chandigarh Retail Warehouse 6,CHA-RE-06,"H.No. 919, Naik Ganj, Chandigarh, Bihar, 745553",2025-10-28 09:01:53
c5cbfcf3-6bde-4aff-8bdb-8408d4c4b2fb,Rajkot Bulk Store 1,RAJ-BU-01,"70/627, Chokshi Street, Rajkot, Maharashtra, 337461",2025-06-19 09:01:53
7c4cd64c-862f-4df5-9b74-0936f31fc254,Ludhiana Main Warehouse 75,LUD-MA-75,"157, Sampath Path, Ludhiana, Telangana, 641260",2025-03-10 09:01:53
ac70c05e-df30-45ff-aad2-aa3de192f065,Varanasi Fulfilment Centre 24,VAR-FU-24,"48/18, Ramanathan Chowk, Varanasi, Goa, 990693",2026-01-05 09:01:53
ec5be35e-9549-42a6-b354-2c5005e8c950,Dhanbad Regional Depot 83,DHA-RE-83,"H.No. 963, Keer Nagar, Dhanbad, Punjab, 167045",2026-02-02 09:01:53
2fb230a1-e676-4051-ad9d-6ef6423f0fd7,Delhi Fulfilment Centre 79,DEL-FU-79,"H.No. 599, Dhar Circle, Delhi, Uttarakhand, 673123",2025-12-28 09:01:53
8e0b87f4-d972-40b2-bf5e-9676ab68225d,Hyderabad Distribution Centre 74,HYD-DI-74,"H.No. 38, Wali Circle, Hyderabad, Arunachal Pradesh, 851420",2025-08-02 09:01:53
2e12d199-0179-49e2-ae06-24c3bee3a186,Bhopal Cold Storage 98,BHO-CO-98,"593, Mishra Marg, Bhopal, Kerala, 282313",2025-08-21 09:01:53
90b69905-a6d9-4754-8605-732074868fc8,Ranchi Sorting Centre 23,RAN-SO-23,"H.No. 27, Prabhakar Path, Ranchi, Manipur, 729911",2025-10-28 09:01:53
206f446c-8bc9-41c2-8255-7a9ff247c55f,Lucknow Regional Depot 60,LUC-RE-60,"54/904, Hari Road, Lucknow, Assam, 436953",2025-12-09 09:01:53
2e3989c3-74f9-44e9-b042-14582599bf87,Kolkata Sorting Centre 29,KOL-SO-29,"H.No. 029, Sule Chowk, Kolkata, Bihar, 506291",2025-02-16 09:01:53
6101a413-e09a-4d4f-b899-bd291c906d79,Mumbai Main Warehouse 54,MUM-MA-54,"79/265, Seth Zila, Mumbai, Gujarat, 816291",2023-06-30 09:01:53
4396657c-26e5-4b18-bc03-4368519aca7e,Delhi Export Hub 19,DEL-EX-19,"08/739, Dugar Street, Delhi, Bihar, 691573",2024-11-27 09:01:53
b457b157-05e4-462b-a237-8b6f7f3dfbf3,Amritsar Main Warehouse 42,AMR-MA-42,"76/710, Devan Path, Amritsar, Odisha, 707459",2025-01-29 09:01:53
00debcf0-1d85-4fba-aca3-b15cf0909991,Pimpri Bulk Store 946,PIM-BU-702,"91/530, Mahal Road, Pimpri, Karnataka, 020268",2024-02-07 09:01:53
4ece003e-a80f-48c7-adec-8a58886afd40,Rajkot Main Warehouse 61,RAJ-MA-61,"878, Banerjee, Rajkot, Gujarat, 502958",2023-06-19 09:01:53
fe64cc96-24f1-4fa8-bab4-8120b7f9efad,Varanasi Storage Hub 51,VAR-ST-51,"76, Khanna Nagar, Varanasi, Rajasthan, 409346",2025-05-30 09:01:53
95b6e5d8-288c-42e8-bda9-c1fb7e87762a,Indore Export Hub 92,IND-EX-92,"75/418, Khatri Street, Indore, Uttar Pradesh, 881013",2023-07-27 09:01:53
075ff3bb-951a-4598-97cb-d7d52bc2b9b1,Agra Main Warehouse 2,AGR-MA-02,"27/21, Murthy Nagar, Agra, Bihar, 346018",2024-08-05 09:01:53
97baea34-adde-48ce-ab71-db125031511e,Ghaziabad Fulfilment Centre 60,GHA-FU-60,"H.No. 22, Chaudhari Nagar, Ghaziabad, Haryana, 532083",2025-09-18 09:01:53
fac7ab6c-0016-4ffe-b7ab-f962ca71b492,Nagpur Regional Depot 55,NAG-RE-55,"16/816, Sagar Ganj, Nagpur, Uttarakhand, 389173",2025-12-12 09:01:53
25ba46e0-f50c-4a5f-be27-d1dd9e7dd88f,Srinagar Bulk Store 85,SRI-BU-85,"69/078, Mohan, Srinagar, Rajasthan, 672000",2025-10-15 09:01:53
efb09cbb-4d51-4240-9190-4cfad12d5d82,Thane Distribution Centre 27,THA-DI-27,"H.No. 21, Chaudhry Road, Thane, Tripura, 707163",2023-10-08 09:01:53
11e19691-ed66-47f8-9668-5251f4f215c5,Nagpur Bulk Store 15,NAG-BU-15,"H.No. 85, Walia Nagar, Nagpur, Uttarakhand, 123708",2026-03-02 09:01:53
c86d7f61-dee7-45f3-a9ab-8eac1d4f7653,Madurai Sorting Centre 290,MAD-SO-730,"H.No. 11, Buch, Madurai, Punjab, 454569",2025-12-09 09:01:53
28aad259-8b0d-4564-81ff-04600b1670a1,Varanasi Regional Depot 18,VAR-RE-18,"29, Padmanabhan Marg, Varanasi, Karnataka, 192767",2023-07-27 09:01:53
b5728a79-b1e7-42a6-85b0-e22368472ae5,Nagpur Distribution Centre 50,NAG-DI-50,"H.No. 377, Thaker Zila, Nagpur, Mizoram, 263956",2025-03-22 09:01:53
2058dc65-db3e-4e48-b167-98f79f0d1c85,Pimpri Regional Depot 15,PIM-RE-15,"H.No. 266, Kanda Chowk, Pimpri, Andhra Pradesh, 573713",2023-08-20 09:01:53
ae29a993-86ff-4fc5-b5c8-035e5f8fc906,Hubli Fulfilment Centre 59,HUB-FU-59,"87/40, Dey Street, Hubli, Gujarat, 614466",2025-09-13 09:01:53
01ba7b2d-9486-4a10-addd-dfa98a670781,Aurangabad Retail Warehouse 85,AUR-RE-85,"763, Acharya Ganj, Aurangabad, Jharkhand, 176142",2023-09-10 09:01:53
89f66bf2-c30f-4646-90f6-5f2ae591b592,Faridabad Export Hub 47,FAR-EX-47,"15/248, Chowdhury Ganj, Faridabad, Punjab, 863647",2024-11-11 09:01:53
cd48b5f5-dcc3-4c77-bbb7-49321f501dbc,Rajkot Main Warehouse 55,RAJ-MA-55,"H.No. 465, Yohannan Marg, Rajkot, Odisha, 987036",2023-10-17 09:01:53
5c525555-db78-4d0b-9fc6-888e545296bc,Chandigarh Fulfilment Centre 33,CHA-FU-33,"83/00, Kannan Road, Chandigarh, Meghalaya, 631592",2024-07-04 09:01:53
b1982923-3ab9-4943-bf5a-48269a026222,Patna Storage Hub 80,PAT-ST-80,"29/127, Rajagopal Nagar, Patna, Karnataka, 410406",2023-06-20 09:01:53
9b14e91e-84d6-4b01-b9b6-777a5e0b7451,Bengaluru Regional Depot 55,BEN-RE-55,"29/118, Garde Chowk, Bengaluru, Chhattisgarh, 471830",2023-12-07 09:01:53
96338979-9d07-477e-a316-d16408b57730,Chennai Retail Warehouse 42,CHE-RE-42,"H.No. 817, Rattan, Chennai, Rajasthan, 757898",2023-10-18 09:01:53
32e6b125-bde8-49a3-afa7-d232a4ed1b1b,Ludhiana Distribution Centre 66,LUD-DI-66,"49/749, Sen, Ludhiana, Punjab, 522171",2024-08-28 09:01:53
c0e3d1a4-771e-456e-a85b-2e06e994de06,Srinagar Main Warehouse 12,SRI-MA-12,"H.No. 486, Sahni Path, Srinagar, Kerala, 898106",2023-11-10 09:01:53
fa81b553-00ac-480a-8bfc-3aa70ff9becd,Amritsar Sorting Centre 79,AMR-SO-79,"H.No. 735, Kohli Marg, Amritsar, Bihar, 312975",2024-08-13 09:01:53
77c60479-ca95-4e7c-ae11-0c3bb76f958b,Nagpur Storage Hub 39,NAG-ST-39,"H.No. 72, Chauhan Marg, Nagpur, Maharashtra, 963788",2024-03-30 09:01:53
2dc9e596-c75e-430d-878f-d90e0db4a211,Kanpur Main Warehouse 22,KAN-MA-22,"H.No. 193, Bera Circle, Kanpur, Madhya Pradesh, 013071",2025-05-25 09:01:53
2ced580c-d86e-4da6-bf04-38ff3f8f0eef,Howrah Fulfilment Centre 57,HOW-FU-57,"75, Garg Ganj, Howrah, Bihar, 336131",2025-05-03 09:01:53
97d582cc-b542-4973-8b5e-db43609ff58a,Pimpri Regional Depot 10,PIM-RE-788,"98, Loyal Path, Pimpri, Odisha, 049037",2024-10-22 09:01:53
d9b52e94-a2d1-4026-8de3-5c9d84c685ec,Lucknow Fulfilment Centre 35,LUC-FU-35,"29/545, Natarajan Circle, Lucknow, Mizoram, 563998",2025-03-26 09:01:53
49e31c77-7e65-476f-82eb-5cd0087a81c0,Varanasi Cold Storage 26,VAR-CO-26,"H.No. 274, Dube Ganj, Varanasi, Chhattisgarh, 517419",2024-10-17 09:01:53
5ccf6fb5-2244-47da-861b-308f2ad726fb,Faridabad Sorting Centre 33,FAR-SO-33,"25/814, Sama Chowk, Faridabad, Goa, 236018",2024-12-10 09:01:53
898a1fa4-16ff-4d31-a027-aeebfab58b6f,Coimbatore Main Warehouse 22,COI-MA-22,"39, Lal, Coimbatore, Kerala, 138453",2025-03-12 09:01:53
bd512d14-485d-448f-baff-c9e21b948d78,Patna Export Hub 48,PAT-EX-48,"H.No. 563, Kibe Nagar, Patna, Andhra Pradesh, 968590",2024-02-10 09:01:53
30101848-92cc-4158-a187-cb9dbe513ce8,Thane Bulk Store 98,THA-BU-98,"96/459, Shetty Circle, Thane, Chhattisgarh, 089921",2025-10-25 09:01:53
6a41b163-14f1-44e9-a18f-e8c527ea56c1,Rajkot Export Hub 73,RAJ-EX-73,"73, Chander Path, Rajkot, Maharashtra, 811339",2026-01-31 09:01:53
448ca3c5-0379-4fe9-b5d4-100937ff2288,Pimpri Retail Warehouse 23,PIM-RE-23,"36, Balakrishnan Chowk, Pimpri, Meghalaya, 173402",2025-08-24 09:01:53
36809af3-f4d2-4a67-be10-e020e3051ac8,Allahabad Bulk Store 94,ALL-BU-94,"H.No. 22, Madan Street, Allahabad, Bihar, 063236",2024-03-21 09:01:53
00411533-8f88-4490-9349-419f505d3b4d,Pimpri Distribution Centre 84,PIM-DI-84,"H.No. 40, Chaudhry Zila, Pimpri, Rajasthan, 442484",2026-03-02 09:01:53
bca97b8f-f84a-4afd-bce0-5f5b3d062a85,Mumbai Sorting Centre 44,MUM-SO-44,"024, Pillai Ganj, Mumbai, Andhra Pradesh, 765118",2025-07-25 09:01:53
894fdad5-27ff-49e5-bcb6-2809ee953513,Navi Mumbai Cold Storage 81,NAV-CO-81,"15, Mahal Marg, Navi Mumbai, Andhra Pradesh, 147539",2023-09-20 09:01:53
29b0c618-a00e-4ede-af79-e82a3dc23001,Ghaziabad Retail Warehouse 95,GHA-RE-95,"91/37, Nagarajan Nagar, Ghaziabad, Jharkhand, 451908",2023-07-22 09:01:53
04d21af5-3db9-406e-b9a1-62f984c15617,Pimpri Storage Hub 12,PIM-ST-12,"611, Iyengar Nagar, Pimpri, Karnataka, 594299",2025-02-07 09:01:53
d7b6ec5f-4123-423b-a1b6-b4f1d16a0281,Solapur Regional Depot 31,SOL-RE-31,"023, Raja Chowk, Solapur, Tamil Nadu, 696922",2025-04-20 09:01:53
ff3a7f0c-3029-4247-8bfe-e6a587042886,Tiruchirappalli Sorting Centre 78,TIR-SO-78,"53/38, Chander Marg, Tiruchirappalli, Odisha, 118390",2026-02-26 09:01:53
c9e0f9ed-54d4-4f71-99e6-1e56bc54ae6b,Bengaluru Sorting Centre 489,BEN-SO-547,"34/24, Menon Street, Bengaluru, Andhra Pradesh, 628346",2025-12-25 09:01:53
f2b019d9-89b3-4dd2-8fcd-a82623903197,Visakhapatnam Bulk Store 7,VIS-BU-07,"348, Karpe Circle, Visakhapatnam, Haryana, 375186",2025-05-06 09:01:53
9b147fa6-8f34-40be-a75b-95f1f14ee839,Amritsar Bulk Store 95,AMR-BU-95,"94, Tripathi Nagar, Amritsar, Maharashtra, 424382",2025-12-08 09:01:53
01ac681f-344b-4313-8c26-995d737e57c0,Patna Fulfilment Centre 59,PAT-FU-59,"92, Narayan Circle, Patna, Karnataka, 743509",2024-10-13 09:01:53
c793d231-386a-4c7d-aa6c-9334a84b4618,Allahabad Regional Depot 36,ALL-RE-36,"H.No. 28, Prakash Circle, Allahabad, Punjab, 703969",2025-08-09 09:01:53
ae5974a3-e9f9-4cda-b145-346055e6e394,Aurangabad Main Warehouse 51,AUR-MA-51,"45, Naidu Ganj, Aurangabad, Punjab, 765047",2024-02-28 09:01:53
e685cfdb-8f03-4df0-b6f9-cbb3fd3f85ac,Faridabad Distribution Centre 70,FAR-DI-70,"H.No. 883, Barad Nagar, Faridabad, Tripura, 428873",2024-02-03 09:01:53
290f9eb5-76be-42ab-8c70-06beb3825793,Srinagar Cold Storage 54,SRI-CO-54,"H.No. 49, Purohit Marg, Srinagar, Mizoram, 679899",2025-06-25 09:01:53
b03b4e67-bf8e-4269-b059-766ee71ff9a9,Rajkot Retail Warehouse 17,RAJ-RE-17,"H.No. 70, Chhabra Marg, Rajkot, Manipur, 690149",2024-04-18 09:01:53
27aae651-1867-4b94-9513-af4a1c7270ec,Faridabad Fulfilment Centre 52,FAR-FU-52,"11, Kale Nagar, Faridabad, Uttar Pradesh, 715675",2024-08-25 09:01:53
87733e55-4fb2-4e8c-bda2-2d5246e40150,Chennai Cold Storage 85,CHE-CO-85,"65, Nigam Nagar, Chennai, Assam, 016744",2025-05-14 09:01:53
b321925e-5422-4191-b834-93bb3b1cac09,Chandigarh Distribution Centre 67,CHA-DI-67,"23/43, Saran Path, Chandigarh, Odisha, 045056",2025-02-26 09:01:53
a4a4dcb4-4fd4-436e-8144-eb039cbda756,Allahabad Sorting Centre 74,ALL-SO-74,"93, Oza Chowk, Allahabad, Jharkhand, 242861",2026-02-08 09:01:53
df1e70d1-4b72-4590-bf25-e5fdfb65ecd8,Hyderabad Storage Hub 58,HYD-ST-58,"89, Narula Street, Hyderabad, Uttar Pradesh, 140250",2024-11-13 09:01:53
82db07c6-5d47-4ee5-87c2-35e9a901e040,Chandigarh Storage Hub 74,CHA-ST-74,"38/576, Puri Street, Chandigarh, West Bengal, 816384",2023-11-02 09:01:53
f314a29b-8600-4bd7-8c69-b257e1ab5afa,Pune Main Warehouse 67,PUN-MA-67,"36/80, Hayre Marg, Pune, Karnataka, 301012",2025-05-03 09:01:53
5bfd42d9-3bb2-4403-ab13-94d5bbf8e35b,Ludhiana Main Warehouse 90,LUD-MA-90,"89, Nath Marg, Ludhiana, Assam, 048527",2024-12-04 09:01:53
207619ce-d43f-4109-b0ff-82c5ee23f314,Madurai Export Hub 50,MAD-EX-50,"58, Soman Marg, Madurai, Arunachal Pradesh, 656203",2026-02-22 09:01:53
d0cf5291-435b-4987-a7ec-4ef36314a6e3,Patna Fulfilment Centre 47,PAT-FU-47,"63/444, Kuruvilla Ganj, Patna, Madhya Pradesh, 331812",2025-01-17 09:01:53
440578ce-cbf6-4276-b2b6-dcd95345b373,Mysuru Bulk Store 5,MYS-BU-05,"357, Chakrabarti Marg, Mysuru, Meghalaya, 731744",2025-04-03 09:01:53
d65cb736-11f8-41ca-8185-e913a272c0b2,Bengaluru Fulfilment Centre 91,BEN-FU-91,"H.No. 77, Ghose Marg, Bengaluru, Sikkim, 263678",2025-07-04 09:01:53
550ff907-37a9-460f-8eba-afca4574b249,Srinagar Regional Depot 55,SRI-RE-55,"H.No. 08, Suresh, Srinagar, Uttarakhand, 475944",2024-07-16 09:01:53
17b25fa3-2667-41fc-893d-c313ac95648a,Navi Mumbai Fulfilment Centre 28,NAV-FU-28,"34/852, Pandya, Navi Mumbai, West Bengal, 774037",2026-02-15 09:01:53
d88c7bff-241d-499f-823b-546962755500,Meerut Retail Warehouse 83,MEE-RE-83,"76, Soman Circle, Meerut, Jharkhand, 420767",2024-12-19 09:01:53
f7ecfbe6-72f6-4164-845b-412f7b850179,Raipur Fulfilment Centre 3,RAI-FU-03,"H.No. 14, Saxena, Raipur, Kerala, 411573",2023-11-28 09:01:53
3861fb22-fa69-4a91-a1a5-fcc95c51b9cb,Meerut Retail Warehouse 90,MEE-RE-90,"30/990, Batra Nagar, Meerut, Odisha, 065658",2023-12-25 09:01:53
90c397eb-f601-49f3-a7d1-a4602478dceb,Pune Export Hub 18,PUN-EX-18,"344, Konda Path, Pune, Mizoram, 653523",2025-09-08 09:01:53
59882b8d-9cf3-46e2-9055-b698f1a89300,Hubli Storage Hub 54,HUB-ST-54,"26/600, Lad Nagar, Hubli, Manipur, 911034",2025-01-18 09:01:53
9a1fd590-a3d5-413e-a861-1f35fe69b272,Dhanbad Sorting Centre 83,DHA-SO-83,"56/11, Thaker, Dhanbad, Odisha, 511815",2025-05-31 09:01:53
6e4eabf6-bb56-4e9f-ae8d-8ef6ca2af46d,Tiruchirappalli Distribution Centre 17,TIR-DI-790,"37/46, Bose Marg, Tiruchirappalli, Jharkhand, 776186",2024-10-06 09:01:53
29b5efad-981c-4938-bd9e-ba7d27348c72,Srinagar Export Hub 83,SRI-EX-83,"70/47, Sabharwal, Srinagar, Madhya Pradesh, 829052",2024-10-11 09:01:53
4b909349-c759-46e8-8803-8332cdb24225,Varanasi Cold Storage 28,VAR-CO-28,"H.No. 65, Prasad, Varanasi, Andhra Pradesh, 423302",2024-10-16 09:01:53
f1f7bcee-fedf-4578-8deb-91bdca138d8e,Mysuru Cold Storage 87,MYS-CO-87,"27/64, Mutti Nagar, Mysuru, Himachal Pradesh, 398622",2024-07-10 09:01:53
535a002f-8f5d-4dc4-9893-fdf5f08fd7c9,Bengaluru Bulk Store 61,BEN-BU-61,"H.No. 405, Kalita Zila, Bengaluru, Assam, 604747",2024-02-04 09:01:53
b5618662-7cf9-4bb6-916a-e23dea03a9ee,Indore Sorting Centre 54,IND-SO-54,"389, Kulkarni Zila, Indore, Manipur, 247442",2025-08-17 09:01:53
f0378854-60a5-422a-8659-f515e566fd30,Vadodara Storage Hub 90,VAD-ST-90,"H.No. 359, Manda Road, Vadodara, Bihar, 238735",2024-10-03 09:01:53
1e56f66d-a594-4aee-b229-78fb1ae61c8d,Chandigarh Sorting Centre 65,CHA-SO-65,"H.No. 866, Taneja Road, Chandigarh, Meghalaya, 131351",2024-01-30 09:01:53
5c8907f5-8cbb-414e-9c1c-af3623d1eab5,Dhanbad Bulk Store 4,DHA-BU-04,"30/25, Prakash Circle, Dhanbad, Gujarat, 658153",2024-02-14 09:01:53
563c965f-2e8a-428f-9c44-84a390bd750c,Ghaziabad Cold Storage 3,GHA-CO-03,"88/52, Suresh Zila, Ghaziabad, Nagaland, 599098",2023-11-01 09:01:53
27802804-30bf-4fc4-bb68-41523cdc8e75,Raipur Regional Depot 74,RAI-RE-74,"H.No. 12, Prashad Circle, Raipur, Karnataka, 816759",2025-10-24 09:01:53
2e77f8fe-9acd-4278-8bfc-f224d7fcdc7c,Jaipur Distribution Centre 89,JAI-DI-89,"383, Kannan Zila, Jaipur, Jharkhand, 800381",2024-12-03 09:01:53
5ae0aa1a-26c1-476a-9aa5-fd596eb56483,Hyderabad Regional Depot 83,HYD-RE-83,"H.No. 63, Datta Road, Hyderabad, Tamil Nadu, 421959",2023-10-19 09:01:53
76aa5bba-3704-40f8-8042-6d6105d4f814,Howrah Bulk Store 98,HOW-BU-98,"30, Chaudry, Howrah, Goa, 852734",2024-03-28 09:01:53
b6901c32-11ad-495b-bd56-37534b492295,Mysuru Distribution Centre 70,MYS-DI-70,"H.No. 146, Hegde Zila, Mysuru, Haryana, 555301",2023-10-11 09:01:53
a40dfb26-dea1-4b9c-bdb2-173ac9a72350,Meerut Retail Warehouse 4,MEE-RE-04,"H.No. 30, Bhargava Ganj, Meerut, Uttar Pradesh, 407781",2025-01-22 09:01:53
c32557cd-e336-41cc-a1b1-7a430aff5a9d,Meerut Fulfilment Centre 24,MEE-FU-24,"10/965, Mitter, Meerut, Sikkim, 576634",2023-11-06 09:01:53
c9dd3d61-b7ea-4276-ac2c-3694b96a8b70,Hyderabad Distribution Centre 52,HYD-DI-52,"H.No. 41, Gour Circle, Hyderabad, Punjab, 269945",2024-01-23 09:01:53
33cd527f-563c-4464-97f2-41aac8fe7e57,Lucknow Sorting Centre 87,LUC-SO-87,"064, Chauhan Zila, Lucknow, Andhra Pradesh, 166910",2023-09-09 09:01:53
f47d42fb-b8fe-472e-9158-17b9acd3b290,Mumbai Retail Warehouse 25,MUM-RE-25,"H.No. 822, Desai Road, Mumbai, Uttar Pradesh, 682682",2023-07-22 09:01:53
956d4433-49c2-4f7c-81b0-56f304dba835,Jabalpur Sorting Centre 23,JAB-SO-23,"175, Garde Marg, Jabalpur, Rajasthan, 996208",2024-01-19 09:01:53
3fed426f-26c8-4eab-a45a-f62bf38949c4,Navi Mumbai Sorting Centre 11,NAV-SO-11,"479, Aggarwal Zila, Navi Mumbai, Andhra Pradesh, 932572",2024-04-24 09:01:53
71b072ed-9677-4e00-ab35-aa8f6cf96416,Coimbatore Export Hub 21,COI-EX-21,"870, Dugar Ganj, Coimbatore, Chhattisgarh, 074859",2024-10-28 09:01:53
1799e80c-d519-457a-aa04-8fb565ec5dc6,Pune Export Hub 20,PUN-EX-20,"24, Sheth Ganj, Pune, Bihar, 951452",2025-01-10 09:01:53
96074ba0-6906-4338-9761-d31b2850179c,Chandigarh Cold Storage 99,CHA-CO-99,"05/802, Ratta Circle, Chandigarh, Andhra Pradesh, 048022",2025-08-18 09:01:53
7d520ec6-9667-4a34-a193-740f1967352e,Tiruchirappalli Fulfilment Centre 60,TIR-FU-60,"H.No. 06, Mital Path, Tiruchirappalli, Meghalaya, 769509",2025-12-12 09:01:53
57ccfe7f-1d03-4560-b976-b331a3fb9fa8,Aurangabad Main Warehouse 69,AUR-MA-69,"H.No. 418, Tiwari, Aurangabad, Karnataka, 643016",2025-01-05 09:01:53
72356515-8af5-47e5-bf47-dc3b6eda97ab,Vadodara Sorting Centre 34,VAD-SO-34,"H.No. 56, Kannan Street, Vadodara, Mizoram, 888765",2025-09-20 09:01:53
e74582d5-5728-4f26-91bb-b990c57027f6,Meerut Sorting Centre 38,MEE-SO-38,"99, Borah Ganj, Meerut, Gujarat, 062290",2025-10-04 09:01:53
6d2fe9c5-1886-4403-ace0-626c17da3c15,Delhi Fulfilment Centre 92,DEL-FU-92,"H.No. 138, Andra Marg, Delhi, Himachal Pradesh, 947199",2024-04-01 09:01:53
fcffd32d-71aa-4b9a-935d-c9d916821177,Jabalpur Export Hub 88,JAB-EX-88,"H.No. 380, Narayan Ganj, Jabalpur, Bihar, 895382",2023-07-12 09:01:53
8b4a3eca-3ad7-4431-9608-e5bf3c378f5f,Raipur Fulfilment Centre 12,RAI-FU-12,"94/419, Lad Zila, Raipur, Manipur, 534728",2024-04-23 09:01:53
99be1723-ddac-42c1-aec1-ae43409875f2,Tiruchirappalli Fulfilment Centre 42,TIR-FU-42,"951, Som Marg, Tiruchirappalli, Gujarat, 953267",2025-05-09 09:01:53
6c3bcd6a-7b1b-45a5-9503-90689b6afc4b,Kota Sorting Centre 89,KOT-SO-89,"H.No. 848, Raval Circle, Kota, Uttarakhand, 562925",2026-02-23 09:01:53
0a8118b5-4663-4ee7-8a95-0e99506c24e7,Pune Regional Depot 46,PUN-RE-46,"82/282, Agarwal Circle, Pune, Tripura, 832353",2024-01-11 09:01:53
1b590a77-02b5-4886-97cd-7e8c42cd50f7,Coimbatore Sorting Centre 54,COI-SO-54,"H.No. 688, Sane Path, Coimbatore, Nagaland, 676780",2024-12-09 09:01:53
7c08cec0-a20f-4203-a0ce-871ace36c657,Delhi Bulk Store 77,DEL-BU-77,"64/58, Srinivasan Ganj, Delhi, Himachal Pradesh, 959752",2025-09-12 09:01:53
e94f6c15-6a95-4135-8956-2020facb5eb4,Chennai Sorting Centre 44,CHE-SO-44,"H.No. 353, Sridhar Zila, Chennai, Karnataka, 592897",2023-11-26 09:01:53
a1b6b8f6-31c9-45cb-a997-ae35bfd38c56,Ranchi Retail Warehouse 25,RAN-RE-25,"H.No. 87, Chahal Road, Ranchi, Sikkim, 486267",2026-03-12 09:01:53
f8ba6a52-26e8-4092-ba0e-daff03d6c296,Nashik Regional Depot 78,NAS-RE-78,"H.No. 11, Tailor, Nashik, Maharashtra, 534965",2024-09-17 09:01:53
2e2f9af5-3649-40ea-855e-82c337d55865,Lucknow Regional Depot 30,LUC-RE-30,"H.No. 15, Mukhopadhyay Marg, Lucknow, Bihar, 789630",2024-08-17 09:01:53
4690f752-b963-4608-ae77-aeaa8ef6aba5,Navi Mumbai Regional Depot 85,NAV-RE-85,"H.No. 935, Gour Circle, Navi Mumbai, Arunachal Pradesh, 630159",2023-12-30 09:01:53
55227edc-db33-41db-b41f-c53ffed3ff25,Bhopal Main Warehouse 90,BHO-MA-90,"22, Dhillon Road, Bhopal, Chhattisgarh, 834927",2025-10-15 09:01:53
178c133e-525a-4b8e-b85a-8f262d9dcb5e,Chandigarh Distribution Centre 60,CHA-DI-60,"68, Venkatesh Nagar, Chandigarh, Tripura, 601804",2024-03-02 09:01:53
6bdfe7a2-55cb-4787-b4ed-8dd147cd2fd1,Ranchi Distribution Centre 54,RAN-DI-54,"H.No. 334, Ahluwalia Circle, Ranchi, Assam, 373586",2024-11-17 09:01:53
e6dd8d8b-7d15-48ed-adc2-ba021848b567,Navi Mumbai Main Warehouse 50,NAV-MA-50,"71, Narain Path, Navi Mumbai, Himachal Pradesh, 605392",2024-06-03 09:01:53
1dce7a70-e6c0-4cf5-a5c8-415e2ffb890c,Faridabad Regional Depot 85,FAR-RE-85,"09, Sundaram Marg, Faridabad, West Bengal, 627205",2025-07-30 09:01:53
364d834c-ac9a-40e4-ba0b-2350bf645348,Kota Distribution Centre 44,KOT-DI-44,"36/499, Chhabra Zila, Kota, Punjab, 856728",2023-09-22 09:01:53
0af995b0-1563-4144-b6eb-6b12808a04b7,Madurai Export Hub 75,MAD-EX-75,"H.No. 02, Parikh Zila, Madurai, Karnataka, 830775",2023-10-12 09:01:53
8a02fa9b-b855-4845-9163-0483c6b523a3,Mysuru Main Warehouse 14,MYS-MA-14,"H.No. 82, Dutt Zila, Mysuru, Madhya Pradesh, 643956",2025-02-19 09:01:53
c9fb2aaf-07a3-474c-89d6-5e637e0c4d8e,Madurai Regional Depot 99,MAD-RE-99,"84, Rana Road, Madurai, Andhra Pradesh, 890751",2024-07-28 09:01:53
cf87d468-8833-4ef4-ae9b-f8076629b967,Solapur Storage Hub 84,SOL-ST-84,"99/198, Shan Zila, Solapur, Meghalaya, 512944",2024-10-07 09:01:53
d4014c20-a3e4-4a83-864a-4175dcc0c449,Kolkata Cold Storage 1,KOL-CO-01,"H.No. 492, Jha Path, Kolkata, Sikkim, 649828",2025-08-22 09:01:53
7e583bad-d329-47b1-8303-1a383611a990,Srinagar Main Warehouse 15,SRI-MA-15,"38/597, Sarraf Road, Srinagar, Manipur, 565907",2024-11-12 09:01:53
b1e22501-1737-40b0-9798-a8eb8eb56e46,Hyderabad Sorting Centre 20,HYD-SO-20,"H.No. 554, Lall, Hyderabad, Rajasthan, 436877",2025-01-16 09:01:53
3ac2adc3-4993-4293-b7f4-f8f5ca1f23b5,Jodhpur Regional Depot 6,JOD-RE-06,"H.No. 569, Dhaliwal Street, Jodhpur, Telangana, 949076",2024-12-13 09:01:53
9e43300c-eb26-4f87-87bc-920193e6e5c3,Hyderabad Fulfilment Centre 4,HYD-FU-04,"34/153, Sheth Path, Hyderabad, Manipur, 001154",2024-10-05 09:01:53
2b119c6c-aab1-4c7d-99ae-c90070dabdb7,Jodhpur Export Hub 5,JOD-EX-05,"73, Lall Road, Jodhpur, Haryana, 487225",2024-09-30 09:01:53
d10500e2-5761-47b6-a221-1c2ee9d8f1c2,Jodhpur Distribution Centre 59,JOD-DI-59,"H.No. 78, Rattan Path, Jodhpur, Himachal Pradesh, 354741",2025-10-02 09:01:53
920f01a1-367b-4899-92f0-1d7bea7f334f,Meerut Storage Hub 68,MEE-ST-68,"85, Sibal Path, Meerut, Gujarat, 232855",2025-09-26 09:01:53
48cdfe1f-74eb-43cd-86fd-704991b97d8d,Gwalior Bulk Store 71,GWA-BU-71,"H.No. 80, Padmanabhan, Gwalior, Meghalaya, 758166",2025-09-17 09:01:53
50fa5bfd-980a-44d6-b1e3-c0927f1bfadf,Madurai Regional Depot 39,MAD-RE-39,"H.No. 284, Hari Zila, Madurai, Maharashtra, 334704",2023-11-03 09:01:53
7430c385-6bc6-413d-bfce-e353d64df893,Allahabad Cold Storage 97,ALL-CO-97,"H.No. 714, Saxena Marg, Allahabad, Rajasthan, 479734",2023-07-19 09:01:53
6b50b42a-1d4f-4628-8e53-de1a5d0f213f,Delhi Main Warehouse 59,DEL-MA-59,"H.No. 855, Oak, Delhi, Arunachal Pradesh, 745601",2025-10-15 09:01:53
b15382e3-b732-4d15-af59-37afaaf11240,Allahabad Export Hub 85,ALL-EX-85,"03, Rama, Allahabad, Bihar, 175900",2024-07-29 09:01:53
b57312ce-7f0a-4cca-bf8e-c277b149ecfc,Ludhiana Sorting Centre 24,LUD-SO-24,"H.No. 706, Madan Chowk, Ludhiana, Odisha, 786928",2024-05-27 09:01:53
ad8090af-a3fe-4100-8715-7409f08fdb3f,Madurai Retail Warehouse 81,MAD-RE-81,"H.No. 51, Dugal Marg, Madurai, Bihar, 938967",2025-06-05 09:01:53
ca0ac6e0-d7bc-4fe9-9141-49be6a103c89,Kolkata Distribution Centre 54,KOL-DI-54,"35, Sangha Ganj, Kolkata, Meghalaya, 558960",2024-09-08 09:01:53
59c16242-624d-4efd-a4ef-8763fbefe814,Mumbai Bulk Store 76,MUM-BU-76,"07, Deol Street, Mumbai, Nagaland, 413351",2024-04-12 09:01:53
1bbaf820-66da-4b4c-8f9f-655969eea21e,Pune Sorting Centre 50,PUN-SO-50,"901, Gupta Road, Pune, Arunachal Pradesh, 427493",2023-10-17 09:01:53
53df5c44-7fbe-46e3-8c29-36779c32b336,Pune Storage Hub 61,PUN-ST-61,"63, Srinivasan Path, Pune, Tamil Nadu, 714803",2025-01-23 09:01:53
a75f59cb-c86a-4b8d-a1cf-a9bc23a2856a,Meerut Storage Hub 2,MEE-ST-02,"00/735, Patla Marg, Meerut, Nagaland, 608252",2024-08-21 09:01:53
573bc4fe-733d-4b63-a4fe-72956a1f9af7,Bengaluru Export Hub 18,BEN-EX-18,"63/794, Dhaliwal Zila, Bengaluru, Mizoram, 691122",2023-11-05 09:01:53
0e2d3f49-1171-4f4e-9ff5-b714de75e337,Delhi Fulfilment Centre 80,DEL-FU-80,"214, Naidu Street, Delhi, West Bengal, 611978",2025-11-12 09:01:53
093b6b90-c824-4300-b67d-a9404bcd7513,Aurangabad Main Warehouse 82,AUR-MA-82,"25/94, Nagar Marg, Aurangabad, Manipur, 465325",2024-01-29 09:01:53
86551673-dec8-4a23-83dc-44df1ec3364f,Kanpur Bulk Store 25,KAN-BU-25,"54/411, Chatterjee Circle, Kanpur, Uttar Pradesh, 136738",2024-04-25 09:01:53
dd2bd443-4cb5-4de6-86db-b511959d14d0,Visakhapatnam Regional Depot 35,VIS-RE-35,"H.No. 520, Zacharia Ganj, Visakhapatnam, Bihar, 768418",2025-08-03 09:01:53
fe53a5aa-0407-4d85-b49d-3449d98c4e70,Ghaziabad Sorting Centre 49,GHA-SO-49,"H.No. 71, Raja Road, Ghaziabad, Sikkim, 201483",2024-06-07 09:01:53
87c809f7-8afe-4a6d-876e-6c431efdb0d2,Madurai Storage Hub 83,MAD-ST-83,"354, Chatterjee Nagar, Madurai, Bihar, 728360",2025-06-28 09:01:53
7721e3ef-c102-4605-9e4e-812272e91c1c,Ludhiana Export Hub 88,LUD-EX-88,"087, Manne Marg, Ludhiana, Manipur, 090676",2023-11-24 09:01:53
cf078bf1-8845-4dec-87a0-dd7a73fab8c6,Amritsar Main Warehouse 11,AMR-MA-11,"H.No. 837, Dhawan Marg, Amritsar, Telangana, 076716",2025-09-13 09:01:53
948171ea-003f-4092-9ac6-f6ce72406865,Mumbai Regional Depot 85,MUM-RE-85,"172, Manda Nagar, Mumbai, Nagaland, 804186",2023-08-05 09:01:53
af74d4b4-6139-4534-bf3a-44915af76c72,Raipur Storage Hub 39,RAI-ST-39,"30/32, Mishra Marg, Raipur, Rajasthan, 649674",2025-09-29 09:01:53
09def167-76ed-4ffa-98fe-28e268107f18,Raipur Cold Storage 28,RAI-CO-28,"H.No. 991, Bansal Marg, Raipur, Karnataka, 906490",2025-01-21 09:01:53
1f8a7133-41bd-479b-827e-e94da8b3663f,Gwalior Main Warehouse 75,GWA-MA-75,"70/34, Nayar Street, Gwalior, Uttarakhand, 970181",2025-12-12 09:01:53
061eef74-a3e3-4e17-b38d-c7a45feaa233,Surat Fulfilment Centre 59,SUR-FU-59,"58/913, Dhar Marg, Surat, Odisha, 707421",2025-03-07 09:01:53
2674adbf-340d-4f72-95d1-60126b7b2f80,Bhopal Main Warehouse 24,BHO-MA-24,"H.No. 31, Kothari, Bhopal, Rajasthan, 252602",2024-08-27 09:01:53
eeab5d31-de62-4a17-83a1-d6a058655e91,Pimpri Sorting Centre 58,PIM-SO-58,"169, Uppal Nagar, Pimpri, Manipur, 480293",2025-01-24 09:01:53
7dc24965-f168-4597-83f9-3d1bb6b45a80,Guwahati Main Warehouse 32,GUW-MA-32,"583, Misra Circle, Guwahati, Gujarat, 065735",2024-06-28 09:01:53
00b0bf33-5a9c-4154-8d8a-dafefab46cbe,Faridabad Retail Warehouse 1,FAR-RE-01,"H.No. 745, Purohit Road, Faridabad, Odisha, 510214",2025-10-30 09:01:53
01cea3ad-a260-4cf2-b5ff-426f8c8c5f68,Mysuru Regional Depot 32,MYS-RE-32,"H.No. 128, Gulati Ganj, Mysuru, Assam, 589799",2025-02-23 09:01:53
e6fb9f3b-8385-4d89-9426-2840861786a3,Ghaziabad Storage Hub 98,GHA-ST-98,"H.No. 359, Chaudhry Chowk, Ghaziabad, Meghalaya, 170305",2023-09-14 09:01:53
03c2d94a-db79-4222-81ca-8890116e896a,Chandigarh Regional Depot 6,CHA-RE-361,"87, Mitter Nagar, Chandigarh, Assam, 460516",2025-03-16 09:01:53
f804778c-00be-4dc2-af11-1ffd31d519fc,Thane Bulk Store 33,THA-BU-33,"H.No. 83, Nagi Circle, Thane, Gujarat, 768418",2024-10-17 09:01:53
fd96c656-76a7-45be-b84f-ad782abfdbef,Mysuru Distribution Centre 90,MYS-DI-90,"67, Sarin Chowk, Mysuru, West Bengal, 064345",2024-09-15 09:01:53
93bb9733-b902-4bc1-9c09-83b6fe94a6be,Srinagar Cold Storage 36,SRI-CO-36,"97/317, Basu Ganj, Srinagar, Haryana, 249675",2024-04-18 09:01:53
121bb733-fde5-4195-bfaa-df6dcb8954a7,Delhi Fulfilment Centre 52,DEL-FU-52,"45, Acharya Zila, Delhi, Jharkhand, 809473",2023-11-19 09:01:53
44630c93-2d4b-443b-a59a-3e43cacee4d7,Chandigarh Regional Depot 66,CHA-RE-66,"H.No. 815, Bahri Marg, Chandigarh, West Bengal, 427079",2024-09-01 09:01:53
ecd4728f-de1b-4ee1-bcce-954f0837fb23,Surat Distribution Centre 46,SUR-DI-46,"59/47, Dalal Marg, Surat, Bihar, 079764",2023-10-01 09:01:53
def80e4f-3303-4fcd-a928-fddedd63a457,Guwahati Sorting Centre 58,GUW-SO-58,"54, Sahota Path, Guwahati, Karnataka, 289722",2024-10-20 09:01:53
92f237f8-cd00-4981-8b8a-d8cea8186b92,Bhopal Export Hub 48,BHO-EX-48,"93, Tripathi Road, Bhopal, Karnataka, 039098",2025-06-04 09:01:53
0a2d32a1-c038-4f65-9820-271793ade9e9,Guwahati Bulk Store 53,GUW-BU-53,"H.No. 68, Saha Path, Guwahati, Andhra Pradesh, 699261",2025-10-10 09:01:53
fc574334-48dc-4a04-9d86-df96d7f560c2,Nagpur Storage Hub 30,NAG-ST-30,"826, Soni Circle, Nagpur, Arunachal Pradesh, 777957",2024-12-31 09:01:53
0dff15d3-829b-44bd-bab6-d02601a9cae5,Bengaluru Bulk Store 52,BEN-BU-52,"H.No. 399, Dhawan Marg, Bengaluru, Madhya Pradesh, 779271",2023-12-09 09:01:53
4d8447c9-019b-4782-91f6-00861fd86b9c,Aurangabad Sorting Centre 80,AUR-SO-80,"10/735, De Zila, Aurangabad, Nagaland, 220682",2023-06-25 09:01:53
6b2f0c02-a1d7-4a55-90ae-c97dce4cb16a,Allahabad Bulk Store 37,ALL-BU-37,"H.No. 32, Hans Ganj, Allahabad, Sikkim, 023993",2024-07-23 09:01:53
5c9606f6-466a-4849-aed4-06c4a302df3d,Chennai Storage Hub 48,CHE-ST-48,"H.No. 46, Rattan Nagar, Chennai, Uttarakhand, 694306",2024-07-27 09:01:53
401bed30-07fd-45be-8c70-29fea78b7e7c,Vadodara Sorting Centre 63,VAD-SO-63,"52/35, Yogi Chowk, Vadodara, Madhya Pradesh, 294128",2023-06-27 09:01:53
899c9c01-dbd4-4651-979a-51f8e1c89311,Raipur Storage Hub 18,RAI-ST-18,"H.No. 37, Bali Nagar, Raipur, Uttar Pradesh, 448854",2024-02-07 09:01:53
dfea8e8c-38e4-4069-b667-ea87cdd2d308,Hyderabad Regional Depot 24,HYD-RE-24,"75/31, Venkatesh Zila, Hyderabad, Uttar Pradesh, 425542",2024-07-03 09:01:53
2765d0e7-c557-4f43-aa20-8fdee7a2eab2,Allahabad Bulk Store 24,ALL-BU-24,"05/37, Mittal Marg, Allahabad, Chhattisgarh, 507868",2025-09-26 09:01:53
a7bc1952-d44d-46b5-a98e-de545c769cd0,Rajkot Sorting Centre 80,RAJ-SO-80,"78/60, Basak Street, Rajkot, Haryana, 213170",2025-11-03 09:01:53
288072f6-9f72-49a4-84d6-d968bec5284c,Mumbai Bulk Store 54,MUM-BU-54,"H.No. 958, Sachdeva Marg, Mumbai, Gujarat, 879872",2025-01-31 09:01:53
f599abf9-4c3c-4cb7-b964-ff3000c4fcb9,Chennai Retail Warehouse 73,CHE-RE-73,"73/14, Mukherjee Street, Chennai, Odisha, 629179",2024-07-25 09:01:53
2641d951-dbfc-404e-a25c-cdbc72c772c1,Rajkot Storage Hub 25,RAJ-ST-25,"44, Sane Zila, Rajkot, Andhra Pradesh, 328880",2023-09-13 09:01:53
574bbdaa-7d73-4834-91b5-370992407471,Agra Bulk Store 79,AGR-BU-79,"00, Brar Path, Agra, Tamil Nadu, 287451",2024-07-18 09:01:53
68ac8855-1648-4be8-9edd-e68c2278bd2c,Gwalior Storage Hub 76,GWA-ST-76,"022, Butala Nagar, Gwalior, Telangana, 545416",2023-08-21 09:01:53
080a4c05-9c4f-40be-a09e-7b28ade34322,Hubli Sorting Centre 94,HUB-SO-94,"H.No. 87, Devan, Hubli, Sikkim, 046627",2024-08-30 09:01:53
94f10b48-a1eb-43d2-bc06-5123c87e8deb,Bhopal Fulfilment Centre 42,BHO-FU-42,"H.No. 01, Garg Path, Bhopal, Madhya Pradesh, 442036",2024-02-04 09:01:53
3ea6b2bc-ac51-4ce1-bacc-89e88332b09f,Howrah Retail Warehouse 52,HOW-RE-52,"H.No. 785, Gulati Road, Howrah, Gujarat, 958723",2024-08-22 09:01:53
fb54a620-ae02-4317-bcca-02e536d2b4fb,Navi Mumbai Retail Warehouse 91,NAV-RE-91,"83/680, Bawa Marg, Navi Mumbai, Uttar Pradesh, 457923",2024-10-23 09:01:53
535306dd-780a-42c8-a196-7a82c9b2143a,Srinagar Sorting Centre 24,SRI-SO-24,"671, Wali Road, Srinagar, Karnataka, 970150",2025-02-26 09:01:53
e354a9b7-af8e-4d63-8484-25e5d2131ae7,Tiruchirappalli Bulk Store 2,TIR-BU-02,"19/679, Deo Chowk, Tiruchirappalli, Andhra Pradesh, 519201",2025-05-10 09:01:53
fea83cd0-f351-4b76-bb43-bbd8eeb1c7c4,Pune Fulfilment Centre 33,PUN-FU-33,"28/52, Karan Ganj, Pune, Tamil Nadu, 970493",2024-09-23 09:01:53
08ad1e7a-3948-4894-a810-91bd76df4e78,Kanpur Main Warehouse 67,KAN-MA-67,"95, Edwin Circle, Kanpur, Odisha, 585511",2023-07-18 09:01:53
a178a860-3197-4cf9-9f74-25d951ec66ac,Visakhapatnam Sorting Centre 32,VIS-SO-32,"39, Chacko Chowk, Visakhapatnam, Jharkhand, 075741",2025-12-07 09:01:53
02345d30-369c-4404-9139-82dfdc157773,Ghaziabad Fulfilment Centre 541,GHA-FU-764,"H.No. 24, Sibal Circle, Ghaziabad, Uttarakhand, 962625",2025-09-01 09:01:53
0fc8d86c-3fee-4492-81ef-b335432055c9,Mysuru Sorting Centre 11,MYS-SO-11,"18/83, Gokhale Zila, Mysuru, Jharkhand, 736772",2025-10-07 09:01:53
52c25734-89b6-42f5-97fa-d0959fdfe518,Jaipur Bulk Store 2,JAI-BU-02,"H.No. 43, Hora Road, Jaipur, Rajasthan, 497872",2026-02-12 09:01:53
10f43fa1-87ad-4e36-82fc-8ad9b79dd4d4,Mumbai Distribution Centre 38,MUM-DI-38,"65/71, Ravi Path, Mumbai, Tripura, 380299",2025-05-14 09:01:53
6f65d33a-0c18-4755-8fc2-60b8091df88c,Hyderabad Retail Warehouse 52,HYD-RE-52,"H.No. 348, Minhas Nagar, Hyderabad, Chhattisgarh, 796000",2025-10-15 09:01:53
f7e3376d-9a9b-4f7f-8b13-b7a7c36e9693,Vijayawada Distribution Centre 40,VIJ-DI-40,"40/91, Pandya Marg, Vijayawada, Meghalaya, 762426",2024-02-15 09:01:53
87ef20e4-5b71-4cf8-801d-6af2719a7890,Madurai Fulfilment Centre 5,MAD-FU-05,"22, Lal Path, Madurai, Punjab, 036930",2023-10-05 09:01:53
a2cb6011-1238-4cf8-b2d0-500df4f4d6a5,Patna Sorting Centre 10,PAT-SO-10,"14/01, Divan Path, Patna, Manipur, 117226",2025-08-04 09:01:53
c19c26b2-68bc-478b-827c-354b06c9f506,Vadodara Distribution Centre 3,VAD-DI-03,"H.No. 14, Narasimhan Chowk, Vadodara, Maharashtra, 018429",2025-08-17 09:01:53
582b1def-041c-49c8-8e90-a5482aa8d4fa,Allahabad Sorting Centre 64,ALL-SO-64,"359, Mahajan Circle, Allahabad, Manipur, 229835",2025-04-19 09:01:53
12cbbf52-db81-4c9c-b7fc-17b71cff0bd4,Surat Export Hub 61,SUR-EX-61,"66/77, Pandit Zila, Surat, Haryana, 226247",2025-10-30 09:01:53
4d401698-0ce0-4d3b-b800-955e7ac91cb2,Bengaluru Sorting Centre 79,BEN-SO-79,"36/500, Dhar Ganj, Bengaluru, Punjab, 900647",2024-09-07 09:01:53
ff765dca-d475-470a-99a7-d47e609759d7,Varanasi Cold Storage 86,VAR-CO-86,"14, Dhingra Road, Varanasi, Manipur, 355404",2025-02-15 09:01:53
f50c556e-7ae9-4787-82c0-192705d7d037,Vadodara Storage Hub 96,VAD-ST-96,"316, Tailor, Vadodara, Punjab, 067549",2023-12-31 09:01:53
bfafe780-0622-4efc-b89e-cf6a578e0c64,Raipur Storage Hub 38,RAI-ST-38,"934, Ratta Ganj, Raipur, Odisha, 453925",2023-08-27 09:01:53
ebc5efd1-1dce-4219-8a32-eaaf318c25da,Mumbai Cold Storage 80,MUM-CO-80,"878, Natt Ganj, Mumbai, Manipur, 381330",2023-06-26 09:01:53
0f2620c3-c746-47ef-b7ed-e3a3300c362b,Guwahati Storage Hub 8,GUW-ST-08,"34, Kothari Path, Guwahati, Rajasthan, 023641",2024-09-29 09:01:53
a0601b51-74af-4dfb-8b8c-cfdd74673d7e,Kanpur Fulfilment Centre 44,KAN-FU-44,"247, Bains Road, Kanpur, Rajasthan, 372033",2023-11-14 09:01:53
22293d98-b8f1-4a73-b3ba-b61a8bf1e33d,Thane Main Warehouse 73,THA-MA-73,"H.No. 05, Ratta Zila, Thane, Arunachal Pradesh, 325107",2023-08-03 09:01:53
af08de08-7ecf-4670-86e8-3492fee4e9a1,Amritsar Bulk Store 624,AMR-BU-966,"15/558, Bhagat Chowk, Amritsar, Uttar Pradesh, 042245",2023-12-16 09:01:53
981f277a-f22a-4b25-af8e-25a1eff70942,Ahmedabad Sorting Centre 34,AHM-SO-34,"41, Dugar Zila, Ahmedabad, Kerala, 125380",2024-08-19 09:01:53
cb18ba10-d780-4dae-a7fc-15546ee841cc,Vijayawada Bulk Store 17,VIJ-BU-17,"81, Chand, Vijayawada, West Bengal, 505349",2023-08-20 09:01:53
d8c79796-4e02-4c14-9560-f40bba3ec48f,Coimbatore Export Hub 5,COI-EX-05,"H.No. 19, Choudhary Chowk, Coimbatore, Karnataka, 557166",2024-05-19 09:01:53
9b03ec5f-4a7c-4a6f-a1bf-366ab570b6c8,Nashik Bulk Store 69,NAS-BU-69,"282, Rout Road, Nashik, Haryana, 616218",2025-10-31 09:01:53
a41cfdde-f660-4b5b-bfca-4c5a7ee4c981,Mumbai Distribution Centre 61,MUM-DI-61,"56/352, Acharya Nagar, Mumbai, Manipur, 150420",2024-05-09 09:01:53
817314c1-5708-4550-9d42-0aa9a4ffdd38,Nashik Fulfilment Centre 81,NAS-FU-81,"H.No. 98, Tella Marg, Nashik, Uttar Pradesh, 697714",2023-07-31 09:01:53
f6efef7c-9fe7-4983-b17d-43bc716a070c,Mumbai Retail Warehouse 79,MUM-RE-79,"360, Basak Circle, Mumbai, Telangana, 101461",2025-01-20 09:01:53
3670d909-9a0c-4592-a31a-a8037b125b5a,Rajkot Distribution Centre 68,RAJ-DI-68,"H.No. 392, Varghese Chowk, Rajkot, Mizoram, 893046",2024-12-29 09:01:53
5e6953f9-8b9e-4316-b0bc-282f16502dc3,Coimbatore Cold Storage 62,COI-CO-62,"16/388, Reddy Zila, Coimbatore, Mizoram, 851856",2025-10-09 09:01:53
1cd282b3-c490-4a84-8726-1570c64df9eb,Mysuru Regional Depot 1,MYS-RE-01,"05/09, Natt Marg, Mysuru, Madhya Pradesh, 672800",2025-05-01 09:01:53
e002ec30-fe17-4391-9a04-3b3b172b7939,Bhopal Regional Depot 63,BHO-RE-264,"27, Agarwal Street, Bhopal, Telangana, 472373",2025-11-11 09:01:53
58dc37fc-26d9-4631-9b62-cb6cf568d273,Guwahati Storage Hub 41,GUW-ST-41,"H.No. 64, Shukla Nagar, Guwahati, Mizoram, 083069",2025-07-27 09:01:53
ef63627a-ee8d-4e18-a310-15e9ea577114,Chennai Fulfilment Centre 62,CHE-FU-62,"89, Prabhu, Chennai, Bihar, 549836",2024-05-07 09:01:53
4e2ebe7b-b9bf-4ea7-8ca6-9a43c435d469,Vijayawada Cold Storage 52,VIJ-CO-52,"14, Srivastava Marg, Vijayawada, Himachal Pradesh, 668867",2025-12-05 09:01:53
8df99c9e-1522-4d61-9592-bfd533026598,Mumbai Main Warehouse 64,MUM-MA-64,"H.No. 18, Swamy Path, Mumbai, Bihar, 645605",2024-10-29 09:01:53
53ff768d-ed59-4ee6-9fdf-46243a3362f4,Amritsar Fulfilment Centre 174,AMR-FU-076,"95/634, Chakraborty Ganj, Amritsar, Mizoram, 739200",2024-10-22 09:01:53
50ed500f-6705-46d1-a6f3-12e3d9dfc547,Agra Main Warehouse 29,AGR-MA-29,"585, Narula Marg, Agra, Tripura, 377730",2025-01-09 09:01:53
0d00da5e-94f8-4759-a867-3b3654baba8b,Kolkata Sorting Centre 98,KOL-SO-98,"31/678, Chokshi Chowk, Kolkata, Odisha, 615487",2024-05-04 09:01:53
0ab5df61-66a2-4ff7-840f-f2b84d486890,Kanpur Main Warehouse 19,KAN-MA-19,"20/124, Devi Nagar, Kanpur, Kerala, 550054",2024-04-02 09:01:53
5580cef6-1971-43a4-a6a5-3cff1a6fdc0c,Ludhiana Sorting Centre 96,LUD-SO-96,"08/09, Joshi, Ludhiana, Odisha, 673887",2023-11-10 09:01:53
0bdcdbf9-2383-483e-87fc-8e5cc69bc3c2,Jabalpur Sorting Centre 93,JAB-SO-93,"461, Kala Marg, Jabalpur, Andhra Pradesh, 438300",2026-01-01 09:01:53
5dce3e15-ebf9-4679-b256-064cdb796ce6,Jabalpur Fulfilment Centre 67,JAB-FU-67,"H.No. 914, Munshi Ganj, Jabalpur, Goa, 930741",2024-11-04 09:01:53
ba0841c0-54fa-46d8-b26e-45de4805ae83,Nagpur Fulfilment Centre 59,NAG-FU-59,"99, Murthy Marg, Nagpur, Himachal Pradesh, 628973",2026-02-01 09:01:53
e7ba4f1c-fcad-4770-91a1-cb82e915453b,Nagpur Regional Depot 94,NAG-RE-94,"H.No. 18, Purohit, Nagpur, Goa, 527560",2025-09-07 09:01:53
8679e733-c848-4a8f-96de-bb0f8bc34122,Patna Regional Depot 36,PAT-RE-36,"H.No. 223, Dayal Nagar, Patna, Haryana, 056771",2023-10-30 09:01:53
942d0f14-7c1f-401e-8b66-7a6c04906cbc,Srinagar Regional Depot 71,SRI-RE-71,"515, Bassi Circle, Srinagar, Uttarakhand, 182805",2024-06-29 09:01:53
5e0b1ddb-ef7e-487e-819f-21ba34bf509e,Mumbai Regional Depot 64,MUM-RE-64,"H.No. 666, Contractor Nagar, Mumbai, West Bengal, 392788",2024-12-28 09:01:53
8da7bd2f-9fd7-4437-a156-8c5ca325e84a,Delhi Retail Warehouse 96,DEL-RE-96,"H.No. 47, Bandi, Delhi, Odisha, 361527",2023-07-07 09:01:53
b62f5d0b-f1ff-472f-b13c-0998976bbcfa,Ranchi Bulk Store 17,RAN-BU-17,"95, Manda Circle, Ranchi, Jharkhand, 202248",2024-01-11 09:01:53
cf259451-47b7-4cb3-98c7-8cacf1fb87ab,Thane Cold Storage 9,THA-CO-09,"488, Halder Marg, Thane, Telangana, 373714",2023-08-12 09:01:53
87c9aeae-38b1-4be6-b61a-1cfa7c5454eb,Mumbai Retail Warehouse 53,MUM-RE-53,"H.No. 03, Choudhary Zila, Mumbai, Nagaland, 266914",2025-04-19 09:01:53
211410b6-c70b-4bc5-b7c5-71a78cefe701,Chennai Sorting Centre 10,CHE-SO-10,"H.No. 939, Ahuja Marg, Chennai, Madhya Pradesh, 047189",2023-12-30 09:01:53
a967ba87-c9b4-4396-aa9e-5ee9faf3df22,Dhanbad Main Warehouse 89,DHA-MA-89,"11/992, Radhakrishnan Path, Dhanbad, Sikkim, 476883",2024-08-21 09:01:53
f4e86ffb-6829-41c8-8f66-223428bbbfa6,Tiruchirappalli Cold Storage 12,TIR-CO-12,"H.No. 10, Lala Ganj, Tiruchirappalli, Assam, 131811",2024-11-05 09:01:53
0403a8f3-bced-4b72-8058-6c1918ae97f9,Chandigarh Fulfilment Centre 85,CHA-FU-85,"14/05, Kata Zila, Chandigarh, Goa, 179044",2025-09-25 09:01:53
be6f8605-f564-46fb-9a1d-bc6166aeee41,Ranchi Sorting Centre 45,RAN-SO-45,"08, Sachdeva Path, Ranchi, Andhra Pradesh, 067148",2025-12-24 09:01:53
8e4067d0-5a9e-4d09-821e-9300693b7d7e,Pimpri Cold Storage 50,PIM-CO-50,"83, Bains Zila, Pimpri, Gujarat, 456457",2025-08-29 09:01:53
e873061e-cd80-46dd-86ef-1bebebbe5a5e,Visakhapatnam Main Warehouse 78,VIS-MA-78,"275, Luthra Chowk, Visakhapatnam, Uttar Pradesh, 740337",2023-12-02 09:01:53
d32b7f10-013b-4226-81c1-86d48d750f17,Chennai Export Hub 46,CHE-EX-46,"H.No. 49, Vohra, Chennai, Manipur, 933913",2024-10-09 09:01:53
8c67851e-b20d-4e8b-9929-64f6af4049ec,Mumbai Cold Storage 45,MUM-CO-45,"94, Grewal Zila, Mumbai, Uttarakhand, 410603",2024-09-03 09:01:53
cb1ad254-5bf8-4deb-a43d-af55237ff0bc,Hubli Distribution Centre 94,HUB-DI-94,"675, Bhattacharyya Ganj, Hubli, Tamil Nadu, 576310",2024-02-19 09:01:53
72f036d2-0389-4b13-a7ea-5c274fa80a77,Ahmedabad Cold Storage 58,AHM-CO-58,"H.No. 089, Natarajan Marg, Ahmedabad, Jharkhand, 125360",2025-06-21 09:01:53
f2a201f2-9bfc-4135-9803-f4e2e17fc200,Pimpri Sorting Centre 51,PIM-SO-51,"40, Mand Nagar, Pimpri, Manipur, 867948",2024-04-28 09:01:53
1071e94b-554a-4ab9-bcf7-60b210ed1578,Nashik Fulfilment Centre 78,NAS-FU-78,"98, Magar, Nashik, Mizoram, 817036",2024-05-01 09:01:53
9decb293-e13f-48ae-88c2-9575df2e8c64,Pune Bulk Store 7,PUN-BU-07,"H.No. 007, Agrawal Chowk, Pune, Tripura, 773759",2024-05-21 09:01:53
9b34724e-1796-4d62-8f5a-524e5ba58913,Amritsar Retail Warehouse 1,AMR-RE-01,"H.No. 93, Bansal Ganj, Amritsar, Manipur, 117196",2026-01-22 09:01:53
353578c4-1ce9-4dc0-a920-fe937618605e,Patna Main Warehouse 76,PAT-MA-76,"H.No. 049, Garde Nagar, Patna, Assam, 441559",2025-07-06 09:01:53
8d580fc4-a2d9-4f0b-89b8-86c486c9d5a9,Mumbai Regional Depot 915,MUM-RE-320,"74, Kata Ganj, Mumbai, Haryana, 965523",2025-11-14 09:01:53
16f2dfc5-0f6b-494e-a1bf-7c1f8d690611,Ranchi Regional Depot 3,RAN-RE-03,"17/03, Parsa Ganj, Ranchi, Haryana, 049992",2024-01-25 09:01:53
9aea5f4d-9245-4ade-b88f-450347db8e50,Bhopal Sorting Centre 92,BHO-SO-92,"65, Raju Ganj, Bhopal, Tamil Nadu, 977317",2024-09-01 09:01:53
926ee449-3af6-4e2b-9278-9918e7abd223,Surat Storage Hub 11,SUR-ST-11,"946, Mahajan Street, Surat, Mizoram, 238586",2023-12-12 09:01:53
a4466a56-d0fb-4c69-826c-eb84b200e8a5,Ranchi Main Warehouse 88,RAN-MA-88,"H.No. 39, Srinivas Street, Ranchi, Sikkim, 871413",2025-08-12 09:01:53
c0fb2836-737a-4f4d-87d0-f2fedd58cf90,Jabalpur Bulk Store 51,JAB-BU-51,"H.No. 93, Subramaniam Zila, Jabalpur, Punjab, 706055",2024-01-17 09:01:53
24bc7d08-39c7-4955-989f-4e34be29c54d,Lucknow Main Warehouse 31,LUC-MA-31,"17/35, Dass Chowk, Lucknow, Bihar, 625069",2024-10-04 09:01:53
5eba6646-0c0d-464c-8b5c-c617cfe0a0f1,Nashik Export Hub 71,NAS-EX-71,"93/54, Mittal Marg, Nashik, Madhya Pradesh, 989701",2025-01-30 09:01:53
8403449f-36a7-475e-ab53-085bbcff1423,Kota Regional Depot 81,KOT-RE-996,"H.No. 55, Ahluwalia Chowk, Kota, West Bengal, 934271",2024-04-03 09:01:53
ced557f2-6f5a-46cb-83e3-ff1b4b39aed7,Hubli Main Warehouse 85,HUB-MA-85,"86/692, Nagy Path, Hubli, Chhattisgarh, 509260",2024-12-14 09:01:53
b9dfea3e-4131-43b5-973a-4e8c0f1807f8,Ranchi Export Hub 2,RAN-EX-02,"H.No. 011, Chacko Nagar, Ranchi, Uttarakhand, 616197",2025-10-10 09:01:53
bfccd3d2-b3ae-4e02-9f61-f4cd0ddc9b26,Meerut Cold Storage 21,MEE-CO-21,"844, Varkey, Meerut, Assam, 130088",2024-06-30 09:01:53
1b6f11e1-3d2c-421f-8120-ede75cf3edfc,Chandigarh Cold Storage 12,CHA-CO-12,"384, Behl Marg, Chandigarh, Tripura, 723310",2023-06-24 09:01:53
c049ab71-5646-4f73-b3a5-e12285ed259c,Faridabad Regional Depot 89,FAR-RE-89,"H.No. 48, Tak Zila, Faridabad, Sikkim, 365561",2024-12-22 09:01:53
4e1e1da0-855c-44b3-bfbd-409cf81ca702,Guwahati Sorting Centre 27,GUW-SO-27,"22/18, Deshpande Circle, Guwahati, Chhattisgarh, 631864",2023-10-09 09:01:53
21826a69-d216-471f-a3e0-f4aef864265f,Indore Fulfilment Centre 44,IND-FU-44,"H.No. 761, Balakrishnan Ganj, Indore, Chhattisgarh, 641693",2024-03-06 09:01:53
912f6f63-ded7-4a5e-bc0c-79b6bc319004,Rajkot Storage Hub 26,RAJ-ST-26,"83, Bhatti Path, Rajkot, Maharashtra, 640323",2026-01-17 09:01:53
12c3f173-a22d-4a15-9651-b8bf47e50fc4,Nagpur Sorting Centre 60,NAG-SO-60,"19/32, Dey Path, Nagpur, Uttar Pradesh, 671269",2025-05-11 09:01:53
a1569ed0-f30b-43dd-a439-044b482b5ad1,Visakhapatnam Main Warehouse 65,VIS-MA-65,"794, Nagi, Visakhapatnam, West Bengal, 252964",2023-08-28 09:01:53
aff60714-3e25-4e8c-85ca-123510f6286e,Navi Mumbai Main Warehouse 98,NAV-MA-98,"H.No. 48, Kothari Road, Navi Mumbai, Uttar Pradesh, 868111",2024-01-17 09:01:53
039d7cba-5a09-4ae5-ac1a-b940bb24245b,Varanasi Retail Warehouse 6,VAR-RE-06,"H.No. 33, Sandhu Nagar, Varanasi, Himachal Pradesh, 980587",2024-10-13 09:01:53
af139fa1-5d90-45fb-886c-3a46e089d4a0,Solapur Sorting Centre 72,SOL-SO-72,"15, Pall Path, Solapur, Punjab, 627879",2024-11-05 09:01:53
2197a324-7fa6-455f-98af-75079b7f6af3,Bengaluru Sorting Centre 22,BEN-SO-22,"H.No. 259, Doshi Zila, Bengaluru, Andhra Pradesh, 637216",2026-01-31 09:01:53
db68c0c7-8ee0-4521-aaf5-da54fdf36fc8,Kota Distribution Centre 77,KOT-DI-77,"660, Dhingra Ganj, Kota, Gujarat, 841802",2024-03-28 09:01:53
73253951-b979-46ec-9b16-34b888d029d1,Vijayawada Distribution Centre 70,VIJ-DI-70,"55/99, Suri, Vijayawada, Manipur, 793957",2023-11-06 09:01:53
a697257f-1840-479b-b747-36ce3ab787d7,Solapur Regional Depot 29,SOL-RE-29,"55/19, Kumar Street, Solapur, Telangana, 411173",2025-12-24 09:01:53
d2864a4d-c732-4eec-9317-49cb2b26fa00,Kolkata Fulfilment Centre 88,KOL-FU-88,"70, Wable Ganj, Kolkata, Maharashtra, 567611",2023-10-20 09:01:53
ac46534c-dbd6-4d85-aacd-80fe942b159b,Surat Bulk Store 49,SUR-BU-49,"584, Jha Street, Surat, Gujarat, 080563",2025-12-02 09:01:53
94959720-137b-4153-9788-2e9c094faa31,Ahmedabad Cold Storage 69,AHM-CO-69,"H.No. 829, Krishnan Street, Ahmedabad, Rajasthan, 873210",2025-06-05 09:01:53
3d075c81-2fcf-4ccf-b76f-a3999bd5d74f,Howrah Cold Storage 72,HOW-CO-72,"88, Chacko Ganj, Howrah, Goa, 365485",2026-01-25 09:01:53
3fcf26dd-24a8-47f1-a2a7-4a0cbdb1af01,Ludhiana Storage Hub 52,LUD-ST-52,"207, Ahuja Street, Ludhiana, Assam, 084287",2025-07-11 09:01:53
e8ab6edc-9df9-40dd-9b9c-3a343c32053b,Kanpur Distribution Centre 15,KAN-DI-15,"H.No. 16, Suri Street, Kanpur, Punjab, 365129",2024-07-14 09:01:53
c7e7b241-1377-4196-b28e-00c42fc833bc,Madurai Bulk Store 5,MAD-BU-05,"55/510, Patla Nagar, Madurai, Assam, 819484",2025-05-16 09:01:53
fdad64f9-89bd-4d0e-aef9-f067d16a0e5a,Aurangabad Storage Hub 19,AUR-ST-19,"22/623, Arya Nagar, Aurangabad, Gujarat, 072235",2026-02-24 09:01:53
9c440320-02ca-43d7-82a7-fcaf2de87046,Ghaziabad Fulfilment Centre 77,GHA-FU-77,"H.No. 283, Gupta Nagar, Ghaziabad, Sikkim, 243753",2023-08-31 09:01:53
7cb84f49-5f72-4ea8-b722-9e5ec43ba33f,Dhanbad Main Warehouse 61,DHA-MA-61,"16/92, Balan Circle, Dhanbad, West Bengal, 663166",2024-11-11 09:01:53
b3546ade-db8a-41e0-a814-4c5af211a7a3,Pimpri Cold Storage 92,PIM-CO-92,"68/74, Kothari Nagar, Pimpri, Gujarat, 454410",2025-06-02 09:01:53
2d1e7d26-527b-41ed-b7c8-678607e23bf0,Patna Retail Warehouse 93,PAT-RE-93,"16, Lalla Marg, Patna, Odisha, 008445",2024-03-30 09:01:53
bac769aa-67d8-42d0-98b5-12e0f5eb0d57,Hyderabad Export Hub 87,HYD-EX-87,"01/51, Ray Chowk, Hyderabad, Jharkhand, 962809",2023-09-13 09:01:53
e114ebf8-bec1-4c2d-9865-9c3d4eec2e3f,Kota Storage Hub 82,KOT-ST-82,"411, Ahuja Path, Kota, Karnataka, 969961",2023-09-10 09:01:53
78abf825-836d-472a-a6ec-415d4fe5aaef,Nagpur Distribution Centre 57,NAG-DI-57,"31/525, Dutta Path, Nagpur, Tamil Nadu, 228058",2024-02-05 09:01:53
6d77f7ed-1db0-4b9a-8244-28fc45e8bbdf,Chennai Regional Depot 50,CHE-RE-50,"37/74, Palla Ganj, Chennai, Himachal Pradesh, 476253",2024-02-10 09:01:53
16bdee1b-af09-46a5-91a9-52747c2e3a88,Chennai Sorting Centre 74,CHE-SO-74,"50/11, Narayan Zila, Chennai, Tripura, 558627",2025-04-01 09:01:53
760f6d0e-8577-48d2-9f04-2fb0c87c7714,Solapur Fulfilment Centre 74,SOL-FU-74,"88, Goel Circle, Solapur, Madhya Pradesh, 317489",2025-06-09 09:01:53
ce684f92-8a0f-4626-a2af-cf952e81548e,Rajkot Retail Warehouse 50,RAJ-RE-50,"H.No. 304, Walla Path, Rajkot, Uttar Pradesh, 971861",2025-01-21 09:01:53
423626da-0319-4fea-aa1a-5e1be4ef5837,Jaipur Bulk Store 255,JAI-BU-335,"H.No. 22, Kannan, Jaipur, Kerala, 459205",2024-03-25 09:01:53
60b23d26-787e-483b-8978-6e08c181d921,Mysuru Sorting Centre 49,MYS-SO-49,"59/675, Tandon Chowk, Mysuru, Punjab, 137983",2023-08-13 09:01:53
dd076a98-8974-4693-a702-655fa4598ddc,Mumbai Cold Storage 30,MUM-CO-30,"H.No. 457, Dhar Marg, Mumbai, Manipur, 511608",2023-06-19 09:01:53
1a478455-b0c1-4e88-890f-1dcbb7272162,Mumbai Storage Hub 96,MUM-ST-96,"58/97, Chopra Nagar, Mumbai, Kerala, 213368",2025-02-14 09:01:53
e86cf4dc-5d29-41d9-8398-161ce09dc84d,Chennai Export Hub 39,CHE-EX-39,"60/08, Magar Ganj, Chennai, Manipur, 128989",2026-02-26 09:01:53
b1db8829-1195-471e-988e-39e94f0d2907,Jaipur Cold Storage 63,JAI-CO-63,"30/74, Cherian Marg, Jaipur, Telangana, 399799",2023-12-03 09:01:53
336620ee-3884-4033-9d87-fbbdbb3c134d,Howrah Retail Warehouse 1,HOW-RE-01,"715, Bava Marg, Howrah, Uttar Pradesh, 387885",2025-08-05 09:01:53
620f4115-665b-416d-b4c8-18a95785d70b,Faridabad Export Hub 52,FAR-EX-52,"858, Vala, Faridabad, Madhya Pradesh, 843976",2026-01-24 09:01:53
bca19641-8876-437d-9a90-1aeb29ee9e15,Ludhiana Main Warehouse 51,LUD-MA-51,"30/900, Khalsa Chowk, Ludhiana, Meghalaya, 999445",2025-07-15 09:01:53
c35937f1-dcc7-4d1e-8b16-48f774cce7fa,Bengaluru Bulk Store 51,BEN-BU-51,"44, Choudhary Road, Bengaluru, West Bengal, 769262",2025-07-13 09:01:53
0afec660-10b2-436b-9f0d-2931eae44d54,Varanasi Main Warehouse 48,VAR-MA-48,"54, Mishra Ganj, Varanasi, Tripura, 591604",2026-01-28 09:01:53
a6604dbc-778e-48cd-b0f2-1c56798d4e20,Jaipur Export Hub 83,JAI-EX-83,"598, Varty Ganj, Jaipur, Karnataka, 799658",2025-12-15 09:01:53
85f2d9d2-43c4-4f66-92b7-667d81c14136,Madurai Bulk Store 35,MAD-BU-35,"H.No. 78, Taneja Ganj, Madurai, Karnataka, 816784",2023-11-08 09:01:53
2da66c0d-83fe-4ae3-a80e-00ac77a7dd28,Mumbai Sorting Centre 70,MUM-SO-70,"407, Bhandari Ganj, Mumbai, Manipur, 776135",2024-07-21 09:01:53
2f4a3399-dcb7-4732-8fe8-2bf95f472722,Pune Main Warehouse 28,PUN-MA-28,"00/788, Rama Ganj, Pune, Odisha, 233854",2024-07-22 09:01:53
93f01fe6-f57d-4194-8788-434ffbe35ebb,Bengaluru Sorting Centre 16,BEN-SO-16,"H.No. 336, Oak, Bengaluru, Chhattisgarh, 023126",2025-09-27 09:01:53
bb97adae-8c15-4acf-ad4e-96f0b0694c87,Hyderabad Fulfilment Centre 82,HYD-FU-82,"H.No. 32, Khanna Chowk, Hyderabad, Karnataka, 149724",2026-02-13 09:01:53
d59c357d-62a4-47f6-a933-d379bca96d3e,Surat Cold Storage 18,SUR-CO-18,"03/22, Loyal Ganj, Surat, Meghalaya, 146950",2026-02-19 09:01:53
4885dfcc-0c52-4da1-84ca-35da51eeb8e6,Gwalior Regional Depot 44,GWA-RE-44,"35/55, Seth Path, Gwalior, Arunachal Pradesh, 006174",2025-10-04 09:01:53
d29606e4-7299-442d-bc49-2c7ac1d27d97,Chandigarh Fulfilment Centre 99,CHA-FU-99,"H.No. 364, Patel Road, Chandigarh, Odisha, 761218",2023-07-23 09:01:53
92c8328b-e145-4ff8-99b2-c8c8ecf99207,Aurangabad Cold Storage 73,AUR-CO-73,"39/12, Atwal Chowk, Aurangabad, Uttarakhand, 507612",2024-11-21 09:01:53
9350dfd7-3a7f-4435-b163-b4ca5fd6d7c4,Chandigarh Sorting Centre 47,CHA-SO-47,"283, Patla Nagar, Chandigarh, Madhya Pradesh, 468530",2025-07-21 09:01:53
f410b22a-dbf3-4449-81ce-b32960c2a83f,Pune Sorting Centre 84,PUN-SO-84,"H.No. 55, Oak Path, Pune, Odisha, 026356",2023-11-21 09:01:53
33be480d-b430-4009-89bb-4b73a102584c,Kanpur Bulk Store 6,KAN-BU-06,"H.No. 777, Muni Circle, Kanpur, Uttar Pradesh, 327639",2026-01-23 09:01:53
6de5be7a-7f70-4b6d-a71b-0dbb2dd0605e,Vijayawada Export Hub 56,VIJ-EX-56,"90/460, Venkatesh Nagar, Vijayawada, Goa, 696269",2026-01-29 09:01:53
92d161ad-d24b-4f5c-aa47-a281d8f19a52,Jaipur Retail Warehouse 45,JAI-RE-45,"H.No. 222, Sawhney Nagar, Jaipur, Kerala, 061790",2023-08-18 09:01:53
1ba6e001-9911-48d9-b465-ec291ffb24ac,Amritsar Regional Depot 85,AMR-RE-85,"70, Oak Zila, Amritsar, Sikkim, 200393",2025-04-19 09:01:53
e44425f2-2992-479d-8da4-aaed70e9fe98,Visakhapatnam Regional Depot 81,VIS-RE-81,"H.No. 49, Shankar Nagar, Visakhapatnam, Maharashtra, 216218",2024-07-18 09:01:53
a9f79ef3-0b08-4ea7-9549-80d213522f28,Jaipur Main Warehouse 41,JAI-MA-41,"33/391, Dugar, Jaipur, Odisha, 921053",2025-05-26 09:01:53
d9de0269-f77c-43c6-8bff-cdb3ccdb8ea4,Hubli Export Hub 78,HUB-EX-78,"H.No. 712, Sahni Street, Hubli, Arunachal Pradesh, 822837",2025-05-30 09:01:53
b7a82fc5-c12d-446e-96dc-1b21f98b8667,Chandigarh Regional Depot 43,CHA-RE-43,"42, Bhagat Chowk, Chandigarh, Karnataka, 985788",2025-07-27 09:01:53
170c98c1-930f-4e15-8743-e7e3d9c59383,Navi Mumbai Distribution Centre 16,NAV-DI-16,"28, Bhatia Street, Navi Mumbai, Madhya Pradesh, 228012",2024-08-21 09:01:53
4c7098f8-1aec-4cc5-89a7-3cd8ca750200,Delhi Export Hub 16,DEL-EX-16,"98, Manne Nagar, Delhi, Himachal Pradesh, 658952",2024-03-09 09:01:53
d428dd43-cdad-4b11-b24e-aa55e984b281,Howrah Sorting Centre 50,HOW-SO-50,"47/609, Bahl Marg, Howrah, Rajasthan, 472452",2025-03-23 09:01:53
7b176ac4-936c-491f-beba-7a215e115f73,Jodhpur Cold Storage 68,JOD-CO-68,"H.No. 73, Shroff Chowk, Jodhpur, Tamil Nadu, 778840",2025-08-10 09:01:53
b996c173-ad62-486c-86f2-c534bfabdfd0,Patna Regional Depot 98,PAT-RE-98,"09, Saha Road, Patna, Karnataka, 770612",2025-04-10 09:01:53
374fa319-4ecd-424d-aca6-0c2e105c08cd,Meerut Bulk Store 21,MEE-BU-21,"88/97, Mohan Street, Meerut, Chhattisgarh, 809282",2023-10-09 09:01:53
0cc9de4d-94fd-49f0-a8f4-ed2b7e10230e,Lucknow Sorting Centre 88,LUC-SO-88,"16, Dar Road, Lucknow, Manipur, 053718",2025-02-28 09:01:53
338d56df-efa4-4aca-8b3f-f6310568fad7,Surat Distribution Centre 64,SUR-DI-64,"05, Rao Marg, Surat, Nagaland, 316647",2024-06-21 09:01:53
cb68ce96-575c-4905-b529-95a11cd7feb3,Amritsar Main Warehouse 41,AMR-MA-41,"51/27, Viswanathan, Amritsar, Gujarat, 242853",2024-03-28 09:01:53
0110242c-f553-42d5-89dd-c8b27b8bfaef,Rajkot Bulk Store 2,RAJ-BU-02,"H.No. 41, Badami Marg, Rajkot, Assam, 984808",2025-07-17 09:01:53
b0fb4272-ef3e-4af4-879a-5087948241db,Rajkot Distribution Centre 54,RAJ-DI-54,"01, Agarwal Chowk, Rajkot, Tamil Nadu, 715207",2023-11-05 09:01:53
9b30d58c-fa01-4f57-9424-48d88f41a89f,Jaipur Regional Depot 70,JAI-RE-70,"10, Mangal Chowk, Jaipur, Arunachal Pradesh, 336895",2025-01-05 09:01:53
43ce08fe-eda5-4f15-b0f9-208722cd618d,Delhi Retail Warehouse 2,DEL-RE-02,"79/672, Sachar Road, Delhi, Assam, 511090",2025-05-15 09:01:53
e3a96e58-87eb-4f63-bc96-3d78b41b18d0,Srinagar Storage Hub 97,SRI-ST-97,"H.No. 701, Pathak Chowk, Srinagar, Andhra Pradesh, 050254",2025-01-07 09:01:53
df80ef66-b3a0-4b3d-bb69-678a3c677d43,Meerut Main Warehouse 17,MEE-MA-17,"72/39, Bali Street, Meerut, Assam, 297599",2025-08-25 09:01:53
01054f23-b591-40bc-91e7-56a3b2799c78,Agra Distribution Centre 47,AGR-DI-47,"47, Karpe Path, Agra, West Bengal, 597442",2024-10-14 09:01:53
a4cafce7-b1c1-4aef-b6ec-6a6fcb9cb3f3,Nashik Main Warehouse 10,NAS-MA-10,"H.No. 26, Kuruvilla, Nashik, Sikkim, 041641",2025-02-24 09:01:53
48dbee63-c40f-48cd-b876-73d6fdea9cea,Nagpur Main Warehouse 9,NAG-MA-09,"H.No. 37, Baral Road, Nagpur, Uttar Pradesh, 133793",2024-12-18 09:01:53
e443b0f7-2c34-44d5-8f8b-f93c75823257,Thane Distribution Centre 55,THA-DI-55,"66, Sem, Thane, Madhya Pradesh, 608557",2024-10-22 09:01:53
70db7ff8-9e7f-4bc2-9786-afa94265d14d,Ahmedabad Cold Storage 55,AHM-CO-55,"H.No. 749, Patil Nagar, Ahmedabad, Mizoram, 968814",2026-01-18 09:01:53
c1857300-958d-4e14-968d-7664840adb6b,Agra Export Hub 57,AGR-EX-57,"H.No. 99, Varma Nagar, Agra, Arunachal Pradesh, 586240",2024-08-06 09:01:53
4f080515-2d8a-4e4a-968e-8f04b9dd1ea6,Hyderabad Cold Storage 17,HYD-CO-17,"57/445, Sarkar Nagar, Hyderabad, Gujarat, 453527",2025-09-12 09:01:53
99959013-768d-42c0-80ca-95b81ddd43f7,Visakhapatnam Regional Depot 10,VIS-RE-10,"91/111, Vasa Nagar, Visakhapatnam, Kerala, 846689",2025-08-12 09:01:53
0e0a2ad1-099a-491f-961b-cc6e69e1ed0b,Bhopal Sorting Centre 42,BHO-SO-42,"59/32, Kibe Zila, Bhopal, Kerala, 183073",2025-05-04 09:01:53
ca05ad8b-2676-4818-9f0c-df512bc62d62,Srinagar Sorting Centre 34,SRI-SO-34,"48/002, Sahota Street, Srinagar, Himachal Pradesh, 597205",2026-01-16 09:01:53
2c70f765-0725-4cc4-b4d9-f64ba8027377,Guwahati Bulk Store 750,GUW-BU-764,"H.No. 48, Varughese Street, Guwahati, West Bengal, 819214",2025-03-05 09:01:53
33f01e07-74a4-4d87-b2e0-09cd8db6c558,Indore Distribution Centre 88,IND-DI-88,"49, Mammen Circle, Indore, Manipur, 604293",2023-12-04 09:01:53
a9f655fa-ea87-4f37-9f09-711bf81a21d6,Ghaziabad Retail Warehouse 75,GHA-RE-75,"17, Krishnan Circle, Ghaziabad, Sikkim, 214617",2026-01-18 09:01:53
f03ac994-e854-4273-a31f-896fdb87e921,Ghaziabad Retail Warehouse 16,GHA-RE-16,"758, Madan Nagar, Ghaziabad, Kerala, 926769",2024-08-05 09:01:53
e7b6d7ce-9f4c-4c1b-bcc5-ef27b8e7550a,Hubli Distribution Centre 98,HUB-DI-98,"89/79, Vohra Circle, Hubli, Manipur, 544584",2024-05-25 09:01:53
3bf31aa1-e9e9-495b-bd3a-c39bbe0708b7,Allahabad Sorting Centre 69,ALL-SO-69,"41, Mall Ganj, Allahabad, Andhra Pradesh, 929360",2025-01-31 09:01:53
690a7d8e-d25a-4c47-9c10-65b3da303aaa,Varanasi Regional Depot 92,VAR-RE-92,"59/627, Bhatt Path, Varanasi, Tamil Nadu, 463890",2025-01-24 09:01:53
dc2641a4-d087-4fad-99e3-5abd416c5ebf,Jabalpur Fulfilment Centre 55,JAB-FU-55,"H.No. 248, Menon Road, Jabalpur, Meghalaya, 656115",2025-04-10 09:01:53
fc9e816a-a5b2-4445-ae14-4a6ecd3f3018,Faridabad Distribution Centre 71,FAR-DI-71,"86, Deo Street, Faridabad, Tamil Nadu, 070659",2025-07-17 09:01:53
64656982-4e4e-4d29-9e77-b6df9875b25b,Nagpur Cold Storage 92,NAG-CO-92,"H.No. 80, Kata Path, Nagpur, Bihar, 022743",2024-07-01 09:01:53
77710145-2da8-41f6-9c6d-e45e841eb882,Amritsar Regional Depot 81,AMR-RE-81,"037, Swamy Street, Amritsar, Assam, 244756",2024-04-27 09:01:53
d6ad1435-0b05-486d-8ae3-5bfc209798eb,Howrah Retail Warehouse 51,HOW-RE-51,"112, Kadakia Zila, Howrah, Nagaland, 782878",2024-08-31 09:01:53
80593616-fed8-4af9-ae7c-8adb39878af2,Mumbai Cold Storage 88,MUM-CO-88,"H.No. 661, Misra Path, Mumbai, Kerala, 866356",2024-11-20 09:01:53
a881ae58-a72a-4a6c-b9d4-a15f178c3e5a,Hyderabad Storage Hub 32,HYD-ST-32,"H.No. 41, Balakrishnan Circle, Hyderabad, Goa, 521288",2024-02-10 09:01:53
bfcef6fe-8700-40e6-9ebb-77dd54e5d180,Chandigarh Retail Warehouse 61,CHA-RE-61,"69, Mutti Nagar, Chandigarh, Uttarakhand, 699842",2023-12-15 09:01:53
2f47d2a8-d533-47c4-94f0-ad93575b84cd,Solapur Distribution Centre 70,SOL-DI-70,"82/84, Banik Chowk, Solapur, Karnataka, 031329",2025-06-16 09:01:53
8913686b-6e40-4ab7-8919-b6b8aabc5e6c,Bhopal Main Warehouse 83,BHO-MA-83,"87/12, Dutta Ganj, Bhopal, Andhra Pradesh, 668642",2025-12-02 09:01:53
5ce31467-3dd7-4683-a174-26b590359ca3,Coimbatore Storage Hub 21,COI-ST-21,"78, Deshpande Marg, Coimbatore, Maharashtra, 272876",2026-02-16 09:01:53
cfa68af4-deee-4b3b-be52-1d68d74ca9ed,Gwalior Cold Storage 56,GWA-CO-56,"H.No. 320, Subramanian Circle, Gwalior, Manipur, 471062",2024-10-30 09:01:53
6ea853d3-66bd-4617-872c-e336f41d422d,Bhopal Fulfilment Centre 25,BHO-FU-25,"83/345, Srinivasan Path, Bhopal, Haryana, 623277",2023-10-26 09:01:53
8a566c15-5905-4ea2-8f8b-db6b462d613d,Surat Sorting Centre 90,SUR-SO-90,"00/453, Wali Path, Surat, Kerala, 302732",2024-11-09 09:01:53
10be280e-e28c-4eed-961c-05efc8ec8b26,Indore Storage Hub 27,IND-ST-27,"857, Muni Nagar, Indore, Tamil Nadu, 402555",2024-08-12 09:01:53
d186ce1c-0aec-4249-9ccd-5902375c3d2f,Meerut Regional Depot 34,MEE-RE-34,"H.No. 68, Kapoor, Meerut, Odisha, 704116",2026-02-02 09:01:53
976f88d4-788a-455d-9cb6-902f96b52f7b,Kanpur Export Hub 18,KAN-EX-18,"88, Parsa Zila, Kanpur, Uttar Pradesh, 467386",2025-04-19 09:01:53
7863eda9-cd66-4b3c-bf25-7828b4356b70,Bhopal Storage Hub 51,BHO-ST-51,"H.No. 69, Mishra Nagar, Bhopal, Himachal Pradesh, 673322",2023-07-31 09:01:53
9b53e58c-a8e9-40cb-afd8-214ce2a911c1,Aurangabad Bulk Store 80,AUR-BU-80,"12/48, Narayanan, Aurangabad, Kerala, 700623",2023-10-16 09:01:53
3487a3ef-3293-4303-b105-cec9248165ce,Jabalpur Storage Hub 34,JAB-ST-34,"94/599, Dutta Road, Jabalpur, Maharashtra, 076089",2025-09-26 09:01:53
a5904a91-4c20-4a37-980a-abbbcd31649a,Srinagar Retail Warehouse 31,SRI-RE-31,"H.No. 30, Dave Zila, Srinagar, Tamil Nadu, 339801",2024-06-16 09:01:53
c9386cba-cc4d-44e3-8e59-6b9c6dafef58,Guwahati Storage Hub 739,GUW-ST-548,"871, Dhawan Marg, Guwahati, Nagaland, 356890",2023-10-08 09:01:53
ab1ecb61-8fa8-40a9-b957-c528bf0faa82,Ludhiana Storage Hub 6,LUD-ST-06,"H.No. 81, Zachariah Nagar, Ludhiana, Sikkim, 153374",2025-10-26 09:01:53
40126f53-8532-4e47-a932-ccc8c825135b,Bhopal Storage Hub 590,BHO-ST-097,"567, Dayal Nagar, Bhopal, Rajasthan, 728715",2025-06-30 09:01:53
ed898bc8-db3a-45fa-a36f-a40589f8e86e,Chandigarh Main Warehouse 9,CHA-MA-09,"59, Pillai Marg, Chandigarh, Manipur, 575959",2025-01-05 09:01:53
158a87a5-b657-4722-8a28-29eca5cf7cc7,Vijayawada Fulfilment Centre 30,VIJ-FU-30,"55/05, Khatri Path, Vijayawada, Tamil Nadu, 291714",2024-01-25 09:01:53
dd9f37ba-c5c2-4f40-a92e-dd2d6186ebd6,Kanpur Export Hub 301,KAN-EX-142,"54/18, Pai Ganj, Kanpur, Goa, 252078",2025-08-09 09:01:53
0e59b77b-1332-4f6e-9726-e6c8c555e940,Vadodara Retail Warehouse 85,VAD-RE-85,"82/165, Bhavsar Zila, Vadodara, Punjab, 145744",2026-01-01 09:01:53
e3dfe79b-f215-4007-9cbe-544b20022c85,Gwalior Sorting Centre 68,GWA-SO-68,"H.No. 20, Baria Ganj, Gwalior, Uttar Pradesh, 769473",2025-10-13 09:01:53
965a7903-eba7-4643-b3cc-d5c26d35b7c9,Gwalior Main Warehouse 87,GWA-MA-87,"H.No. 882, Bhandari Road, Gwalior, Gujarat, 321244",2024-11-05 09:01:53
52192416-d4d3-4d41-b1b3-9a599d6421ce,Ludhiana Cold Storage 337,LUD-CO-863,"H.No. 293, Kaur Marg, Ludhiana, Jharkhand, 941218",2025-06-12 09:01:53
c714dae6-f6fa-4a52-872e-9418868daf12,Chandigarh Cold Storage 17,CHA-CO-17,"H.No. 525, Nadig Chowk, Chandigarh, Odisha, 047941",2023-09-08 09:01:53
546048be-441c-4aa9-9669-800b6df3b9a8,Faridabad Main Warehouse 57,FAR-MA-57,"325, Ray Road, Faridabad, Andhra Pradesh, 891134",2025-04-17 09:01:53
7650a13f-a879-4ef1-bfc8-abbbb26ad8a9,Varanasi Sorting Centre 89,VAR-SO-89,"34/857, Jaggi Zila, Varanasi, Gujarat, 276861",2024-06-29 09:01:53
1476e0b1-164e-4808-8eaf-925e375169f1,Vijayawada Distribution Centre 26,VIJ-DI-26,"734, D’Alia Street, Vijayawada, Tripura, 202913",2024-08-27 09:01:53
70cc88d9-a593-4c5b-aa52-9e3a39dacabc,Thane Distribution Centre 4,THA-DI-04,"13/01, Mody Road, Thane, Nagaland, 298908",2026-03-11 09:01:53
1317a9d9-24fb-4e6c-b04e-3a89de37bcf8,Guwahati Bulk Store 37,GUW-BU-37,"81/96, Mittal Marg, Guwahati, Uttar Pradesh, 231919",2025-07-06 09:01:53
c8bcdb88-801f-4e79-b958-c5be5e8660d5,Indore Storage Hub 24,IND-ST-24,"08/21, Handa Ganj, Indore, Karnataka, 831723",2024-01-12 09:01:53
65c4b98e-2709-4ce6-9753-cfd29d8c40d2,Mysuru Bulk Store 81,MYS-BU-81,"67, Mital Nagar, Mysuru, Tamil Nadu, 710389",2024-03-02 09:01:53
c499608e-73f2-4355-b15f-bc140add3760,Tiruchirappalli Storage Hub 17,TIR-ST-17,"H.No. 918, Mannan Chowk, Tiruchirappalli, Arunachal Pradesh, 013320",2024-10-26 09:01:53
0de2ca8e-77d0-4218-ad01-7a15d51534fe,Srinagar Retail Warehouse 60,SRI-RE-60,"449, Sani Path, Srinagar, Andhra Pradesh, 148765",2025-08-03 09:01:53
ef7d18c2-eeea-49f5-b9f7-7085350eca44,Indore Distribution Centre 54,IND-DI-54,"H.No. 775, Parmar Street, Indore, Tamil Nadu, 231631",2023-09-19 09:01:53
aef5d0d3-76da-4e8b-9e6e-3d1146fda767,Solapur Export Hub 90,SOL-EX-90,"03, Thakur Chowk, Solapur, Telangana, 105703",2023-07-05 09:01:53
57c03837-d145-43df-84b4-050d2aaaba42,Bengaluru Bulk Store 951,BEN-BU-306,"96/30, Rastogi Marg, Bengaluru, West Bengal, 005994",2024-02-26 09:01:53
69f73c81-21e9-4da6-aaa2-dbf157fa572d,Dhanbad Main Warehouse 57,DHA-MA-57,"96, Korpal Marg, Dhanbad, West Bengal, 337007",2026-03-11 09:01:53
dc72f7ab-5820-4cfe-aac7-8208a88f37d8,Indore Export Hub 47,IND-EX-47,"H.No. 580, Tandon Nagar, Indore, West Bengal, 408633",2026-01-20 09:01:53
d9126c16-7ab0-4585-940d-19e505fa95a5,Bhopal Bulk Store 5,BHO-BU-05,"343, Ravi Nagar, Bhopal, Karnataka, 448883",2025-04-05 09:01:53
66c151af-8953-4ab3-a2aa-d292c0276385,Vijayawada Cold Storage 22,VIJ-CO-22,"23/75, Ahluwalia, Vijayawada, Uttarakhand, 228582",2024-06-14 09:01:53
78782b41-b54c-456f-a4a8-fcd0d80e1a13,Navi Mumbai Regional Depot 18,NAV-RE-18,"58/545, Chowdhury Path, Navi Mumbai, Gujarat, 960348",2024-06-07 09:01:53
e6d3eacf-ea56-402e-9a0b-2836e6bb16cc,Patna Distribution Centre 94,PAT-DI-94,"367, Jhaveri Circle, Patna, Nagaland, 369323",2023-11-22 09:01:53
91acd0b4-5f39-4e41-a9d1-715d861d743d,Bengaluru Retail Warehouse 91,BEN-RE-91,"00/43, Kumer Marg, Bengaluru, Manipur, 846648",2025-05-14 09:01:53
e9fca601-9c05-4cc0-bb85-1c88c3160a2c,Solapur Main Warehouse 17,SOL-MA-17,"74, Ramaswamy Zila, Solapur, Haryana, 120631",2023-09-07 09:01:53
d5ee3749-4db9-4dd5-b90c-07d64ab36218,Amritsar Regional Depot 3,AMR-RE-03,"55, Sathe Street, Amritsar, Meghalaya, 014584",2024-04-22 09:01:53
ec2ac277-f588-4d59-90dd-e0883deed495,Madurai Bulk Store 61,MAD-BU-61,"H.No. 811, Kulkarni Road, Madurai, Uttar Pradesh, 572814",2024-01-04 09:01:53
c1ed2892-20dc-440a-b43e-3020f649b0a5,Mysuru Cold Storage 65,MYS-CO-65,"36/116, Raj Circle, Mysuru, Bihar, 460361",2025-09-24 09:01:53
06395c19-4b19-4fa9-937a-2a5870cc4910,Varanasi Retail Warehouse 54,VAR-RE-54,"H.No. 892, Bains Marg, Varanasi, Uttar Pradesh, 554654",2025-10-24 09:01:53
8b27ee3e-d230-4f4d-b705-c16db7981427,Nashik Sorting Centre 1,NAS-SO-01,"683, Toor Marg, Nashik, Tripura, 377140",2023-11-03 09:01:53
a745e576-1ee8-4af6-b92c-5d613353a193,Varanasi Storage Hub 2,VAR-ST-02,"445, Nigam Road, Varanasi, West Bengal, 660030",2023-11-03 09:01:53
eab8b628-4a9a-4c02-a470-a94d83a10ab5,Bengaluru Fulfilment Centre 415,BEN-FU-196,"H.No. 196, Doshi Street, Bengaluru, Meghalaya, 386974",2023-12-11 09:01:53
2dc04ec0-4fea-4561-9abf-50659d46ef68,Navi Mumbai Cold Storage 868,NAV-CO-813,"21/736, Kata Circle, Navi Mumbai, Nagaland, 095709",2023-12-06 09:01:53
85eb2d78-37ed-4ab5-a983-e62134d24e93,Meerut Regional Depot 53,MEE-RE-53,"409, Chada, Meerut, Maharashtra, 081136",2024-02-27 09:01:53
4a36a2c7-edb3-4c11-af4d-5350224ca01d,Chennai Regional Depot 74,CHE-RE-74,"40/348, Magar Road, Chennai, Gujarat, 700627",2024-12-11 09:01:53
84775522-df23-47d4-923a-7e49960666e8,Pimpri Cold Storage 77,PIM-CO-77,"59/51, Golla Road, Pimpri, Punjab, 449669",2024-11-02 09:01:53
870cc78a-5249-4065-9ab9-f5ad806775fa,Madurai Sorting Centre 27,MAD-SO-27,"H.No. 42, Soni Zila, Madurai, Uttarakhand, 627528",2025-11-28 09:01:53
c2b87337-3416-4440-8ae2-c0fab27ea9c9,Allahabad Fulfilment Centre 76,ALL-FU-76,"H.No. 016, Sekhon Zila, Allahabad, Gujarat, 479459",2024-03-29 09:01:53
0c965a38-fe20-4cdb-a766-4562d3f40f35,Tiruchirappalli Sorting Centre 87,TIR-SO-87,"351, Kala Marg, Tiruchirappalli, Nagaland, 264897",2024-11-03 09:01:53
f4097b3f-aa14-4522-9e64-07e1a173086b,Hubli Sorting Centre 70,HUB-SO-70,"10/017, Shroff Nagar, Hubli, Nagaland, 294576",2024-03-19 09:01:53
25c26fd2-9060-4916-a604-e0658d2066bc,Pimpri Sorting Centre 10,PIM-SO-10,"H.No. 304, Mitra, Pimpri, Nagaland, 142355",2025-06-24 09:01:53
528b2d85-8e79-482a-851f-30d91447df8b,Gwalior Export Hub 55,GWA-EX-55,"833, Gara Chowk, Gwalior, Sikkim, 567981",2026-02-07 09:01:53
fff1b20a-ca47-4b22-875b-921ebcbaafa9,Jabalpur Sorting Centre 41,JAB-SO-41,"30/265, Mahal Marg, Jabalpur, Rajasthan, 711588",2023-12-02 09:01:53
7affb067-fb8c-4e56-b612-a9b6379f1582,Ghaziabad Main Warehouse 37,GHA-MA-37,"187, Vig Nagar, Ghaziabad, Uttar Pradesh, 107911",2024-07-11 09:01:53
720a486f-388d-46c7-90c6-2be4e65f94f1,Chandigarh Fulfilment Centre 19,CHA-FU-19,"11, Rattan Road, Chandigarh, Himachal Pradesh, 611983",2023-11-22 09:01:53
c1429d8d-452e-4643-9fee-56d21b4ce56b,Rajkot Bulk Store 38,RAJ-BU-38,"H.No. 975, Gera Road, Rajkot, Telangana, 738852",2025-08-05 09:01:53
aba6a534-acad-4d4c-ac41-07121d91a172,Jaipur Storage Hub 96,JAI-ST-96,"774, Tandon Circle, Jaipur, Manipur, 078812",2025-07-30 09:01:53
bd498936-8e3c-473a-8268-25b74c5c294e,Jabalpur Regional Depot 49,JAB-RE-49,"H.No. 32, Chandran Path, Jabalpur, Goa, 808226",2025-12-01 09:01:53
6af31d78-43d2-49bf-bc2b-83d8f05da5a7,Jaipur Distribution Centre 21,JAI-DI-21,"99, Rege Nagar, Jaipur, Sikkim, 602865",2024-03-09 09:01:53
24818241-aaf4-4f41-ab81-9839f5fbcce8,Howrah Sorting Centre 91,HOW-SO-91,"38/395, Bhatnagar Chowk, Howrah, Maharashtra, 682100",2023-08-01 09:01:53
de4eee7b-f66f-49ce-931e-4adf119a083a,Ranchi Distribution Centre 85,RAN-DI-85,"709, Sekhon Nagar, Ranchi, Arunachal Pradesh, 780886",2023-10-09 09:01:53
992e9bff-d723-46de-898b-819631b57720,Ahmedabad Cold Storage 79,AHM-CO-79,"69/320, Banerjee Chowk, Ahmedabad, Odisha, 484926",2025-05-23 09:01:53
c24b8c5a-2e85-45ae-a1f9-ea1fa2c60054,Howrah Cold Storage 30,HOW-CO-30,"48, Rout Chowk, Howrah, Sikkim, 965074",2025-06-30 09:01:53
bbb5132b-cec9-4238-a440-833748d4a5e9,Delhi Main Warehouse 90,DEL-MA-90,"45/657, Sane Street, Delhi, Meghalaya, 541982",2025-12-30 09:01:53
f40eecd1-64f0-4438-9c30-004ab50da777,Kanpur Retail Warehouse 56,KAN-RE-56,"17/94, Sood Chowk, Kanpur, Odisha, 003452",2024-02-14 09:01:53
dbdb22e0-cd4c-4fee-bcc1-e7b714efda94,Chandigarh Storage Hub 18,CHA-ST-18,"026, Ranganathan Street, Chandigarh, Punjab, 032645",2023-08-26 09:01:53
40028699-be4d-4676-89f4-cfd6c2495f06,Nagpur Sorting Centre 68,NAG-SO-68,"573, Anne Ganj, Nagpur, Punjab, 740635",2024-03-24 09:01:53
be7180a9-93a0-4a3f-b4c0-1b8c8e308a4f,Vadodara Retail Warehouse 39,VAD-RE-39,"H.No. 685, Dixit Street, Vadodara, Himachal Pradesh, 675125",2025-09-19 09:01:53
2a6e210a-415c-459a-80fd-75a8a310e81f,Jodhpur Storage Hub 44,JOD-ST-44,"83/799, Bhatia Nagar, Jodhpur, Telangana, 366933",2025-01-31 09:01:53
97318a69-b7e1-4135-a537-40d32c28c79d,Guwahati Retail Warehouse 96,GUW-RE-96,"763, Kuruvilla Ganj, Guwahati, Chhattisgarh, 856283",2024-10-14 09:01:53
39ec060d-338d-4e14-a31b-b76833c0e2ff,Chandigarh Retail Warehouse 9,CHA-RE-09,"23, Goda Chowk, Chandigarh, Goa, 931033",2023-10-29 09:01:53
2130dd49-3fcc-44c4-9961-6831580ab9ad,Navi Mumbai Export Hub 68,NAV-EX-68,"70/089, Dhar Road, Navi Mumbai, Rajasthan, 403704",2025-10-21 09:01:53
ca042471-1cc1-4fbe-a610-cd316e25e4ab,Jaipur Fulfilment Centre 58,JAI-FU-58,"333, Yogi Zila, Jaipur, Uttar Pradesh, 845612",2024-09-22 09:01:53
8f2bbbbd-f932-4cb8-b452-0d838bf75855,Madurai Export Hub 84,MAD-EX-84,"H.No. 78, Luthra Nagar, Madurai, Manipur, 719851",2024-11-05 09:01:53
b813d4e1-9809-419c-ba6d-69b263d296cd,Hyderabad Cold Storage 85,HYD-CO-85,"69, Zachariah Marg, Hyderabad, Andhra Pradesh, 455442",2024-09-01 09:01:53
80502210-822b-4f61-8c51-fbe27859a532,Patna Distribution Centre 50,PAT-DI-50,"H.No. 578, Sheth Ganj, Patna, Punjab, 640532",2024-09-26 09:01:53
a902c603-8885-42c7-b0cd-cec70acc5b12,Hyderabad Bulk Store 90,HYD-BU-90,"73/968, Patil Circle, Hyderabad, Punjab, 428839",2025-12-26 09:01:53
724884ee-340e-45b0-b124-6bb629f6a97e,Solapur Fulfilment Centre 90,SOL-FU-90,"H.No. 397, Sidhu, Solapur, Sikkim, 315032",2024-03-04 09:01:53
5ad92493-7ef0-498e-bfd3-3f5b10b22ae1,Visakhapatnam Sorting Centre 379,VIS-SO-411,"H.No. 985, Salvi, Visakhapatnam, Kerala, 102506",2025-05-05 09:01:53
49b9c589-7c30-4ad0-8e70-dd4e2cf6e65a,Aurangabad Sorting Centre 77,AUR-SO-77,"68, Bansal Marg, Aurangabad, Madhya Pradesh, 347671",2024-09-11 09:01:53
11f824a2-b2cf-41b6-88d3-4aadf433c1e3,Pimpri Bulk Store 4,PIM-BU-04,"H.No. 99, Sangha Circle, Pimpri, Haryana, 895910",2024-02-02 09:01:53
cc2bf45b-d425-4bfa-a6e2-1b8b1dd94bf6,Kota Cold Storage 66,KOT-CO-66,"852, Din Road, Kota, West Bengal, 622155",2024-12-31 09:01:53
8a01a43e-0bf3-4d23-94a3-879df7b36059,Kota Retail Warehouse 80,KOT-RE-80,"63/74, Sachdeva Ganj, Kota, Haryana, 959403",2025-06-12 09:01:53
282e4bb7-73c2-464b-999b-8fa753f9d0ac,Coimbatore Bulk Store 25,COI-BU-25,"95/54, Pathak Marg, Coimbatore, Maharashtra, 317087",2023-09-22 09:01:53
0039e47f-daff-489b-b364-fc8632d9592f,Kota Export Hub 31,KOT-EX-31,"002, Babu Zila, Kota, Sikkim, 736632",2023-06-24 09:01:53
5e6eac95-4846-4d88-81f3-44c1271e3b56,Mumbai Sorting Centre 57,MUM-SO-57,"H.No. 67, Grewal Ganj, Mumbai, Goa, 487493",2025-10-08 09:01:53
d9072177-c4b6-4263-ba0e-b2e7f46bf246,Nagpur Bulk Store 16,NAG-BU-16,"16/60, Dasgupta Zila, Nagpur, Arunachal Pradesh, 488660",2026-01-22 09:01:53
f407ad6b-cd8e-44c4-bc0a-08b9a374da01,Ranchi Main Warehouse 902,RAN-MA-145,"73/264, Sem Road, Ranchi, Tripura, 785954",2025-01-11 09:01:53
8b88dd17-8946-4af3-ba1a-b8251ebc38cf,Kolkata Bulk Store 52,KOL-BU-52,"H.No. 760, Bajaj, Kolkata, Punjab, 716458",2025-10-30 09:01:53
01df0bf0-0ac2-4af6-be65-ea6540e10385,Mumbai Distribution Centre 54,MUM-DI-54,"H.No. 045, Koshy Chowk, Mumbai, Tamil Nadu, 669447",2025-04-18 09:01:53
087e7344-10ea-47f0-8db7-60f932e22222,Agra Cold Storage 94,AGR-CO-94,"387, Bhandari Circle, Agra, Telangana, 289056",2024-12-09 09:01:53
7005f0db-76f8-40a2-bd96-5f0282845580,Kota Export Hub 53,KOT-EX-53,"51, Halder Circle, Kota, Manipur, 771988",2023-07-15 09:01:53
a5d83df8-8986-4d26-b732-976a1d48ac36,Pimpri Cold Storage 64,PIM-CO-64,"37/43, Pant Road, Pimpri, Arunachal Pradesh, 859380",2024-05-02 09:01:53
29357020-284d-4fab-9cb3-100558f4f47e,Allahabad Bulk Store 42,ALL-BU-42,"25, Doctor Nagar, Allahabad, Haryana, 899646",2025-04-13 09:01:53
c20f440f-a3ba-44ad-9203-2a3967715cf5,Mysuru Cold Storage 64,MYS-CO-64,"24/34, Parmar Ganj, Mysuru, Himachal Pradesh, 952121",2025-03-19 09:01:53
9811c6f8-2766-447b-a346-defa4ad28589,Ahmedabad Storage Hub 482,AHM-ST-442,"56/038, Bhatt Chowk, Ahmedabad, Andhra Pradesh, 354694",2025-06-06 09:01:53
e3488cec-2703-462e-8b7a-ddd7dedbcb23,Mumbai Main Warehouse 7,MUM-MA-07,"60, Bhargava Road, Mumbai, Gujarat, 647476",2025-02-12 09:01:53
fc624aec-92de-4694-b486-b6a202c0a642,Allahabad Retail Warehouse 534,ALL-RE-806,"91/161, Goel Street, Allahabad, Bihar, 039655",2023-12-07 09:01:53
d5f03344-b7d1-4a70-9f4c-c7d956969260,Rajkot Export Hub 17,RAJ-EX-17,"68/19, Basak Nagar, Rajkot, Uttar Pradesh, 158933",2025-05-20 09:01:53
55898e84-0230-4f59-b18b-a17ad6a70795,Kota Main Warehouse 46,KOT-MA-46,"528, Rattan Marg, Kota, Andhra Pradesh, 385500",2025-12-31 09:01:53
5ab785e5-343b-4d1f-b0a9-45fbf48a8889,Rajkot Bulk Store 46,RAJ-BU-46,"957, Venkataraman Ganj, Rajkot, Andhra Pradesh, 012457",2025-06-26 09:01:53
1597ce82-8b9e-4c84-b121-371c88479c9a,Ghaziabad Distribution Centre 20,GHA-DI-20,"H.No. 815, Bhakta Circle, Ghaziabad, Madhya Pradesh, 949991",2025-09-16 09:01:53
65e0285e-2d12-4fdf-94a9-ca89e9e28e82,Visakhapatnam Regional Depot 34,VIS-RE-34,"650, Nayar Path, Visakhapatnam, Bihar, 939687",2026-01-03 09:01:53
ad253b7e-30a1-4208-a100-3bc988129e2e,Tiruchirappalli Export Hub 76,TIR-EX-76,"H.No. 867, Subramanian Zila, Tiruchirappalli, Andhra Pradesh, 492932",2024-06-26 09:01:53
14c3c3c4-0b8a-49f7-b212-951d8e6d1364,Dhanbad Regional Depot 1,DHA-RE-01,"50/71, Sami, Dhanbad, Assam, 933213",2025-10-18 09:01:53
8ae65ec3-2125-4743-919b-3b8a3a84837b,Nagpur Fulfilment Centre 68,NAG-FU-68,"H.No. 95, Deshmukh Street, Nagpur, Arunachal Pradesh, 003717",2025-01-22 09:01:53
0b3d4a2a-9e22-4c6f-84f5-8d71330ea028,Ranchi Bulk Store 3,RAN-BU-03,"58, Palla Circle, Ranchi, Madhya Pradesh, 748066",2024-10-06 09:01:53
d05714b6-5752-4b19-9ce8-ac083c7a38b2,Tiruchirappalli Fulfilment Centre 41,TIR-FU-41,"H.No. 126, Bali Street, Tiruchirappalli, Rajasthan, 069516",2023-11-25 09:01:53
6d3ff32f-a450-49cb-8fd4-426d3004a523,Dhanbad Main Warehouse 94,DHA-MA-94,"H.No. 71, Choudhary Street, Dhanbad, Bihar, 018112",2026-01-08 09:01:53
532f7540-858a-44dd-a1e6-5d0832b54278,Srinagar Main Warehouse 32,SRI-MA-32,"39/933, Gopal Nagar, Srinagar, Karnataka, 987920",2025-01-20 09:01:53
b29c152a-fe87-45cd-a71e-3f626d1b11c0,Nagpur Main Warehouse 80,NAG-MA-80,"23, Mane Zila, Nagpur, Uttarakhand, 968891",2025-05-13 09:01:53
010de7a8-eb3d-4566-94fc-93b1e3453517,Pimpri Storage Hub 28,PIM-ST-28,"H.No. 961, Ravel, Pimpri, West Bengal, 450521",2024-10-06 09:01:53
e8b8fb44-dd72-4fef-b63a-4f4fe0695161,Madurai Bulk Store 8,MAD-BU-08,"H.No. 203, Ahuja Marg, Madurai, Mizoram, 641804",2025-09-18 09:01:53
3f85ed0f-7039-464f-9adc-4859017b3fab,Bengaluru Cold Storage 94,BEN-CO-94,"H.No. 60, Borra Circle, Bengaluru, Tamil Nadu, 140834",2026-01-24 09:01:53
d4c31a32-ba2e-4662-ab0b-6849e8d7aa35,Ranchi Sorting Centre 95,RAN-SO-95,"95, Mand Road, Ranchi, Odisha, 060958",2024-09-13 09:01:53
19d0541b-4262-4a41-a369-605db0f902a9,Thane Main Warehouse 78,THA-MA-78,"H.No. 627, Oak Road, Thane, Madhya Pradesh, 983985",2024-01-09 09:01:53
8d501ac1-7dda-4c86-a12e-b7cab1c27c65,Pimpri Distribution Centre 28,PIM-DI-28,"07/42, Mahal, Pimpri, Assam, 290495",2025-06-12 09:01:53
dc6492da-5609-4095-a030-c9a22f2d0107,Raipur Sorting Centre 2,RAI-SO-02,"76, Mutti Street, Raipur, West Bengal, 847669",2024-07-25 09:01:53
a47348bf-fee9-4df2-9301-38473a758232,Tiruchirappalli Bulk Store 82,TIR-BU-82,"H.No. 953, Char Nagar, Tiruchirappalli, Madhya Pradesh, 728617",2026-01-06 09:01:53
8a2ce865-a9ac-4059-8af4-32edc870d1a7,Gwalior Retail Warehouse 77,GWA-RE-77,"H.No. 68, Atwal Path, Gwalior, Chhattisgarh, 297611",2024-11-03 09:01:53
fe3d2637-ff63-4c9e-a29e-ac955ba1c045,Coimbatore Retail Warehouse 18,COI-RE-18,"62, Rastogi Circle, Coimbatore, Maharashtra, 349824",2023-11-05 09:01:53
aaa93bd0-7e59-4739-b14a-a121f0b3ffaf,Pimpri Cold Storage 20,PIM-CO-20,"89, Subramanian Marg, Pimpri, Rajasthan, 165627",2024-08-23 09:01:53
6cd96787-2b34-45e5-8b08-3d4f60b8f794,Pimpri Distribution Centre 27,PIM-DI-27,"74/021, Tank Path, Pimpri, Chhattisgarh, 125242",2025-03-08 09:01:53
2990aa7a-0eb2-4e3f-831c-4f987001ed0d,Faridabad Sorting Centre 35,FAR-SO-35,"525, Bandi Marg, Faridabad, Andhra Pradesh, 894961",2024-09-21 09:01:53
b641bee1-4377-4415-8a8e-a0facabcfe45,Mumbai Regional Depot 937,MUM-RE-044,"21, Bhalla Path, Mumbai, Karnataka, 053531",2024-11-24 09:01:53
55d60275-b818-490e-a7d7-e98a6567851e,Indore Cold Storage 97,IND-CO-97,"184, Sachdev Path, Indore, Andhra Pradesh, 993423",2024-01-16 09:01:53
942d63c0-7302-4d26-ac73-32fa2aed8ee1,Faridabad Retail Warehouse 39,FAR-RE-39,"210, Chada, Faridabad, Chhattisgarh, 431414",2024-10-09 09:01:53
96fd2046-333a-45b6-a23d-4a000b25d2e9,Mumbai Sorting Centre 42,MUM-SO-42,"H.No. 878, Lanka Ganj, Mumbai, Tamil Nadu, 779824",2024-10-20 09:01:53
226344ca-21f8-4be1-83ad-a8d7366c2b5a,Jodhpur Fulfilment Centre 74,JOD-FU-74,"H.No. 211, Wali Marg, Jodhpur, Chhattisgarh, 137998",2025-06-30 09:01:53
3256fb48-2ab4-4ee0-9da6-e77013a9b308,Kota Main Warehouse 44,KOT-MA-44,"H.No. 810, Rajagopal Nagar, Kota, Chhattisgarh, 265789",2024-07-24 09:01:53
1cc86168-9dff-4783-9549-87661835c338,Jodhpur Export Hub 6,JOD-EX-06,"35, Thaman Path, Jodhpur, Meghalaya, 452634",2025-10-22 09:01:53
62b5b3db-d510-4f04-86ca-9b135242e7c9,Raipur Bulk Store 1,RAI-BU-01,"88/23, Dixit Chowk, Raipur, Karnataka, 422535",2025-09-23 09:01:53
88916532-d537-4ce0-91a1-89a10b1579e3,Guwahati Sorting Centre 33,GUW-SO-33,"H.No. 178, Grover Circle, Guwahati, Nagaland, 503455",2025-06-11 09:01:53
dcc0becf-79dc-4a45-b02c-4ac149df910a,Surat Main Warehouse 30,SUR-MA-30,"882, Sodhi Circle, Surat, Goa, 476766",2023-06-26 09:01:53
f07c36d1-5773-4422-baa9-48fc71c8d1d6,Kolkata Cold Storage 68,KOL-CO-68,"08, Zachariah Street, Kolkata, Nagaland, 458712",2024-07-08 09:01:53
dc7563cc-a3aa-4100-8f63-874ac02ddf78,Mysuru Storage Hub 534,MYS-ST-288,"H.No. 753, Kale Zila, Mysuru, Tamil Nadu, 859315",2024-06-27 09:01:53
2cb57251-2b6c-43d8-96b3-6027a27fa3d8,Delhi Retail Warehouse 25,DEL-RE-25,"26/210, Merchant Chowk, Delhi, Tamil Nadu, 443010",2023-11-01 09:01:53
508466ea-cace-4227-81b6-cb45460bc99a,Vadodara Storage Hub 6,VAD-ST-06,"14, Parekh Road, Vadodara, Chhattisgarh, 457443",2025-07-25 09:01:53
61674eeb-d500-4e60-baf9-5176a9ea370a,Ahmedabad Sorting Centre 96,AHM-SO-96,"199, Chatterjee Chowk, Ahmedabad, Uttar Pradesh, 533349",2024-12-19 09:01:53
ccf03c99-405a-4e41-aebe-ad66f2589ddd,Raipur Retail Warehouse 61,RAI-RE-61,"29, Sibal Marg, Raipur, Andhra Pradesh, 003434",2025-05-26 09:01:53
a103d0e0-bedf-4d61-b6bd-de4d399a5af0,Ranchi Bulk Store 59,RAN-BU-59,"H.No. 99, Patla Chowk, Ranchi, Telangana, 861888",2025-03-08 09:01:53
6a1150e6-b042-40ac-a287-665b4bcdbdad,Vijayawada Cold Storage 15,VIJ-CO-15,"H.No. 786, De Nagar, Vijayawada, Bihar, 992794",2024-05-11 09:01:53
6cd1f231-f2b7-4a1e-b9a4-797b5858fd40,Vadodara Distribution Centre 66,VAD-DI-66,"763, Datta Circle, Vadodara, Meghalaya, 903312",2023-09-06 09:01:53
a8566ed1-d402-41c0-96d3-c9e0314ac286,Varanasi Regional Depot 88,VAR-RE-88,"239, Lalla Path, Varanasi, Nagaland, 704731",2024-09-25 09:01:53
7ec2a13a-5d2c-48b3-90ba-0c75610ca5d7,Solapur Storage Hub 4,SOL-ST-513,"H.No. 83, Sheth Marg, Solapur, Jharkhand, 774070",2024-09-26 09:01:53
75764dc3-d209-4f0b-b176-12d519e24052,Mysuru Storage Hub 78,MYS-ST-78,"666, Ratti Path, Mysuru, Andhra Pradesh, 762282",2025-04-21 09:01:53
d72a4b8c-0aa2-4f92-8f6d-49da7517ac31,Madurai Export Hub 51,MAD-EX-51,"H.No. 282, Kala Zila, Madurai, West Bengal, 827847",2024-03-31 09:01:53
cf4fcf71-4b42-4513-82be-cb2cbb84f9be,Navi Mumbai Regional Depot 14,NAV-RE-14,"643, Jha, Navi Mumbai, Gujarat, 459692",2024-08-07 09:01:53
66efe5f3-8995-4377-9870-32ef034208cb,Rajkot Storage Hub 32,RAJ-ST-32,"06/660, Pandey Road, Rajkot, Haryana, 234435",2024-05-21 09:01:53
d1ae6804-68b1-4041-bbac-838f20563d06,Tiruchirappalli Fulfilment Centre 22,TIR-FU-22,"49/81, Verma Zila, Tiruchirappalli, Sikkim, 651242",2023-06-24 09:01:53
b07df43b-1200-4abb-a83a-63e7e6f7e093,Varanasi Main Warehouse 95,VAR-MA-95,"H.No. 063, Chakrabarti Chowk, Varanasi, Meghalaya, 483648",2024-05-25 09:01:53
cbffd0e3-0c82-4a11-a834-9820bb98fae8,Nashik Export Hub 49,NAS-EX-49,"H.No. 165, Palla, Nashik, Kerala, 942193",2024-03-11 09:01:53
dc3a24c3-1dc9-4d38-8acf-33e42ff4cbf0,Vijayawada Regional Depot 22,VIJ-RE-22,"93, Joshi Zila, Vijayawada, Tripura, 365972",2024-11-29 09:01:53
e58fcc48-8acb-4110-a32e-9f6e26ef0739,Rajkot Retail Warehouse 38,RAJ-RE-38,"67, Venkatesh Marg, Rajkot, Meghalaya, 759358",2023-08-07 09:01:53
217b9a36-f3fd-448d-a8e8-7509a7b82a7d,Allahabad Fulfilment Centre 13,ALL-FU-13,"13, Chakraborty Road, Allahabad, Meghalaya, 919538",2023-10-27 09:01:53
9fc57131-c26b-41de-95e1-db44e9c471db,Srinagar Fulfilment Centre 90,SRI-FU-90,"H.No. 884, Sankaran Street, Srinagar, Uttar Pradesh, 233990",2026-03-12 09:01:53
217d639a-cc84-472f-be47-ff71b948b7b6,Faridabad Bulk Store 24,FAR-BU-24,"76/150, Chandra Nagar, Faridabad, Assam, 391548",2023-11-02 09:01:53
bb0c9acc-f385-4fb7-955c-6a7fc8970856,Jabalpur Fulfilment Centre 85,JAB-FU-85,"H.No. 442, Sachar Ganj, Jabalpur, Himachal Pradesh, 921499",2023-06-29 09:01:53
8d286123-0145-4d1c-bdb8-d9b0807d3d74,Madurai Distribution Centre 48,MAD-DI-48,"H.No. 108, Chatterjee Marg, Madurai, Uttar Pradesh, 479049",2025-12-10 09:01:53
9caef895-ee7b-453c-9573-a075ba7b98a6,Allahabad Distribution Centre 60,ALL-DI-60,"15/73, Bala Circle, Allahabad, Madhya Pradesh, 996736",2024-09-07 09:01:53
ad936d6b-bb73-4584-acb5-28c2f1f8cbcc,Navi Mumbai Storage Hub 38,NAV-ST-38,"20, Ramesh, Navi Mumbai, Bihar, 237264",2024-01-07 09:01:53
f576ae09-0646-40cf-938a-7488e17467a8,Surat Bulk Store 47,SUR-BU-47,"205, Ram Circle, Surat, Odisha, 245971",2023-11-24 09:01:53
e1a45674-75d2-48a2-a17c-3016423ab7c0,Ludhiana Sorting Centre 40,LUD-SO-40,"55/793, Suresh Street, Ludhiana, Manipur, 115491",2025-01-14 09:01:53
6eb335d6-af28-4757-b774-2620341b42a7,Vijayawada Export Hub 76,VIJ-EX-76,"73, Sachdev Street, Vijayawada, Andhra Pradesh, 856888",2023-11-09 09:01:53
25109458-5e4e-4723-b884-2f687f043b79,Delhi Bulk Store 20,DEL-BU-20,"86/108, Som Path, Delhi, Gujarat, 867943",2025-07-16 09:01:53
01713d22-5af0-4406-b4ea-f8e86d9e3a0c,Jaipur Retail Warehouse 93,JAI-RE-93,"36/447, Ganguly Nagar, Jaipur, Madhya Pradesh, 276765",2025-10-18 09:01:53
25b02b1d-982e-4e72-a2cf-745ae9bc5ec6,Thane Retail Warehouse 16,THA-RE-16,"64/58, Ram Chowk, Thane, Madhya Pradesh, 947155",2024-12-08 09:01:53
0d4ea990-7e26-4468-a78d-aa5fefc193f3,Vijayawada Export Hub 75,VIJ-EX-75,"34/745, Dayal Nagar, Vijayawada, Himachal Pradesh, 537729",2026-02-15 09:01:53
507d8983-31ea-410d-ab30-6ffb74f56283,Surat Storage Hub 30,SUR-ST-30,"08/489, Murty Marg, Surat, Haryana, 503754",2024-11-17 09:01:53
21888aa2-0399-4814-8068-2538cda400c7,Kota Sorting Centre 8,KOT-SO-08,"07/80, Karpe Path, Kota, Nagaland, 385693",2026-02-06 09:01:53
4aa5495b-c7cd-40a0-bf3c-d6d057b2b2da,Guwahati Bulk Store 41,GUW-BU-41,"913, Raghavan Marg, Guwahati, Jharkhand, 407373",2023-11-22 09:01:53
2e222c47-b2fe-4a08-8f62-5e19fb2ef2b7,Pimpri Export Hub 81,PIM-EX-81,"H.No. 415, Raju Nagar, Pimpri, Gujarat, 405102",2024-05-30 09:01:53
ff37e3af-1948-46aa-b44e-9e854000f2d8,Srinagar Main Warehouse 86,SRI-MA-86,"58, Walia Ganj, Srinagar, Manipur, 334674",2023-09-17 09:01:53
b327a364-3aec-425a-add2-7ab82eb483db,Howrah Regional Depot 60,HOW-RE-60,"64/660, Kamdar Ganj, Howrah, West Bengal, 739974",2024-12-12 09:01:53
f37782ba-9405-4eba-a822-d063ba0048e2,Jabalpur Cold Storage 91,JAB-CO-91,"H.No. 592, Mander Nagar, Jabalpur, Uttarakhand, 010276",2025-06-22 09:01:53
9f5ce363-f526-4539-a7e8-3a77ba8cb59f,Chennai Retail Warehouse 54,CHE-RE-54,"H.No. 781, Narang, Chennai, Bihar, 484977",2024-10-22 09:01:53
d8a78a99-bec9-49cb-aa48-f471ea3626cd,Ghaziabad Cold Storage 26,GHA-CO-26,"73/83, Bains Ganj, Ghaziabad, Maharashtra, 443575",2024-07-15 09:01:53
feb84c4f-5c90-46a0-b05f-91c8c11759b8,Allahabad Distribution Centre 70,ALL-DI-70,"H.No. 78, Kade, Allahabad, West Bengal, 052602",2024-09-07 09:01:53
02d8bba7-d401-4ab9-bf55-c4c92aebad92,Vijayawada Main Warehouse 58,VIJ-MA-58,"06, Singhal Circle, Vijayawada, Karnataka, 707181",2024-02-07 09:01:53
c94b1de9-6139-4081-a327-8c17c29d3b71,Indore Retail Warehouse 66,IND-RE-66,"923, Chandran Marg, Indore, West Bengal, 912377",2026-01-06 09:01:53
447d971d-ab66-425c-b1c5-850f0be2f41b,Agra Sorting Centre 329,AGR-SO-506,"H.No. 59, Verma, Agra, Jharkhand, 337687",2024-07-06 09:01:53
fc395008-6d7a-4819-ad44-53aea2582204,Hyderabad Export Hub 75,HYD-EX-75,"H.No. 580, Bhatti Chowk, Hyderabad, Tripura, 651064",2025-05-09 09:01:53
3f0fd156-6ef0-4934-81c5-6322d438a381,Nashik Export Hub 78,NAS-EX-78,"H.No. 707, Jayaraman Circle, Nashik, Tripura, 784830",2024-01-24 09:01:53
dbf79025-3ad7-4471-beea-61cccecdc791,Guwahati Bulk Store 22,GUW-BU-22,"485, Kala Chowk, Guwahati, Maharashtra, 404492",2025-01-24 09:01:53
abc9bd8c-0595-4575-b4ec-dc696c991b56,Howrah Fulfilment Centre 270,HOW-FU-564,"28, Anne Nagar, Howrah, Gujarat, 788364",2024-10-06 09:01:53
e45ca536-e74d-4f68-ab4d-b62ee7d56654,Srinagar Bulk Store 27,SRI-BU-27,"167, Nanda Circle, Srinagar, Telangana, 440889",2024-09-23 09:01:53
04e28bea-f38c-4f78-bde6-cc820b35820d,Delhi Storage Hub 3,DEL-ST-03,"H.No. 93, Iyengar Nagar, Delhi, Goa, 756052",2024-04-12 09:01:53
6c2523e0-d1f5-4b35-96bd-d6dee5171ef0,Dhanbad Bulk Store 11,DHA-BU-11,"99, Dash Nagar, Dhanbad, Telangana, 230299",2025-10-11 09:01:53
d3619fa1-b8a4-4a61-988c-24462b8085fc,Bhopal Sorting Centre 52,BHO-SO-52,"96/633, Gandhi Nagar, Bhopal, Haryana, 654030",2024-04-16 09:01:53
adec7fc9-9a57-4a05-a279-231883494aaf,Ahmedabad Storage Hub 959,AHM-ST-647,"99, Pandit Zila, Ahmedabad, Himachal Pradesh, 273201",2023-12-30 09:01:53
bcf44905-2fe0-42ef-9887-8d7df43b87d4,Raipur Sorting Centre 4,RAI-SO-04,"953, Narain Zila, Raipur, Andhra Pradesh, 423182",2024-06-05 09:01:53
ab4f9df8-ec15-4ad7-9331-9411da910cd5,Ludhiana Distribution Centre 71,LUD-DI-71,"06/820, Wadhwa Road, Ludhiana, West Bengal, 093054",2023-09-27 09:01:53
3e04c0d8-c009-4eaa-b2c8-37f56bdbc7a6,Ranchi Distribution Centre 20,RAN-DI-20,"47/38, Sawhney Path, Ranchi, Tripura, 973982",2023-08-07 09:01:53
247f7ee4-7990-4232-bf49-d5acb85786ee,Coimbatore Export Hub 67,COI-EX-67,"H.No. 55, Vora Ganj, Coimbatore, Uttarakhand, 518272",2024-05-24 09:01:53
5ab9ee7a-2cd0-4684-8500-51bc133900cd,Faridabad Distribution Centre 66,FAR-DI-66,"38/264, Pant Street, Faridabad, West Bengal, 852557",2024-01-19 09:01:53
25669086-c72a-41ad-b010-386f1aad36b7,Jaipur Main Warehouse 84,JAI-MA-84,"68/815, Barman Path, Jaipur, Haryana, 819695",2023-11-18 09:01:53
6a60a57a-e9e1-4dc8-bfba-ef640430e158,Amritsar Main Warehouse 52,AMR-MA-52,"H.No. 48, Ram Chowk, Amritsar, Bihar, 048849",2025-02-10 09:01:53
35315e37-04da-4f02-be8f-d1a359b9e682,Guwahati Sorting Centre 5,GUW-SO-05,"15/089, Kumer Street, Guwahati, Jharkhand, 403507",2023-10-02 09:01:53
beba72d6-b5b5-4e36-a314-029c83cf3030,Pune Main Warehouse 59,PUN-MA-59,"95, Pandey Path, Pune, Punjab, 558810",2024-07-22 09:01:53
048a3dec-c663-45c1-bd4a-42ed4b1e100f,Jaipur Fulfilment Centre 62,JAI-FU-62,"22/77, Mital Path, Jaipur, Manipur, 774592",2024-01-06 09:01:53
46e1e75f-11c8-4bb4-ace5-43c4c0b622bf,Surat Sorting Centre 72,SUR-SO-72,"H.No. 41, Kalla Street, Surat, Mizoram, 249379",2025-10-18 09:01:53
baf4a12c-ce1a-4bc8-b425-51614b75cdf9,Faridabad Export Hub 78,FAR-EX-78,"90, Tak Nagar, Faridabad, Arunachal Pradesh, 559484",2023-09-12 09:01:53
2f121829-464f-4656-ad59-942a09ef2fd7,Thane Fulfilment Centre 36,THA-FU-36,"67/41, Sandhu Marg, Thane, Chhattisgarh, 956712",2023-08-30 09:01:53
36ee35e1-9956-4941-b409-c5db6c91762d,Guwahati Export Hub 85,GUW-EX-85,"H.No. 59, Oza Ganj, Guwahati, Andhra Pradesh, 767490",2023-08-05 09:01:53
09a4ed8d-d4e1-463c-8c04-546106c05eed,Varanasi Regional Depot 78,VAR-RE-78,"41, Dua Street, Varanasi, Meghalaya, 765314",2023-09-03 09:01:53
9a27da9c-2e89-4370-ab01-fd56c554ed6d,Aurangabad Main Warehouse 32,AUR-MA-32,"H.No. 13, Chauhan Road, Aurangabad, Meghalaya, 054558",2024-03-14 09:01:53
d9ae0cfb-9634-4d14-bb7a-b891ea8d8954,Ghaziabad Main Warehouse 54,GHA-MA-54,"455, Nayar, Ghaziabad, Uttarakhand, 621683",2024-10-28 09:01:53
3c6ddc33-4cf5-4c05-8078-e6328c277424,Ghaziabad Retail Warehouse 66,GHA-RE-66,"576, Upadhyay Marg, Ghaziabad, Arunachal Pradesh, 049108",2024-06-24 09:01:53
ae4228bc-e0f2-44f6-afdb-e99e05de08d6,Rajkot Export Hub 94,RAJ-EX-94,"04, Buch Ganj, Rajkot, Meghalaya, 557852",2023-10-11 09:01:53
aea1c847-6076-4e66-9f69-2a16399313d9,Thane Fulfilment Centre 44,THA-FU-44,"H.No. 979, Kapoor Ganj, Thane, Madhya Pradesh, 093160",2025-03-17 09:01:53
4ec84661-cc0c-4216-b4a3-2af9d7c86084,Chandigarh Retail Warehouse 2,CHA-RE-02,"98/88, Bakshi Path, Chandigarh, Assam, 558391",2023-12-16 09:01:53
4bb0b80c-b293-435b-95a9-f9e4fa423be9,Amritsar Retail Warehouse 31,AMR-RE-31,"H.No. 153, Bassi Street, Amritsar, Goa, 400933",2024-02-16 09:01:53
0848d861-6148-4121-8001-f49b2c83873c,Ahmedabad Storage Hub 85,AHM-ST-85,"39/637, Basak, Ahmedabad, Goa, 388782",2023-09-06 09:01:53
87fdf6f7-abbd-4376-be54-109e1ad40d22,Indore Distribution Centre 42,IND-DI-42,"18/893, Mishra Circle, Indore, Jharkhand, 816766",2025-04-11 09:01:53
d35d43d7-00fe-46f6-800b-53f9528019fe,Ludhiana Main Warehouse 88,LUD-MA-88,"420, Kaul Circle, Ludhiana, Jharkhand, 242664",2023-11-01 09:01:53
af78cf63-eeb7-46b5-bb06-f3fead981e7a,Tiruchirappalli Cold Storage 57,TIR-CO-57,"42, Mohanty Marg, Tiruchirappalli, Himachal Pradesh, 478327",2024-04-21 09:01:53
66810bb3-c453-4901-9d36-49116a5e1ff0,Bengaluru Cold Storage 17,BEN-CO-17,"66/37, Narang, Bengaluru, Mizoram, 877449",2024-05-24 09:01:53
81986417-cba6-46af-9712-7d7a0605a0d5,Kolkata Export Hub 62,KOL-EX-62,"24/68, Chakrabarti Chowk, Kolkata, Jharkhand, 693995",2024-06-20 09:01:53
fae2fc45-5c28-4d5f-bb2b-2d04c416127a,Gwalior Fulfilment Centre 67,GWA-FU-67,"155, Raval Marg, Gwalior, Jharkhand, 394026",2025-06-07 09:01:53
253cc04c-f49f-42ce-8a96-12e23e96f555,Guwahati Regional Depot 34,GUW-RE-34,"08/96, Rama Road, Guwahati, Madhya Pradesh, 811822",2026-01-28 09:01:53
c0c1ffdf-881b-4475-8a21-11407ddde067,Vadodara Cold Storage 66,VAD-CO-66,"23/24, Swaminathan Marg, Vadodara, Chhattisgarh, 037337",2024-09-10 09:01:53
59390e32-a35d-46d0-857c-48388b1ed876,Indore Distribution Centre 10,IND-DI-10,"84/061, Varma Ganj, Indore, Maharashtra, 485783",2025-04-30 09:01:53
ed3c40d3-d5f2-4370-a2fc-a0d7a73eea44,Chennai Regional Depot 62,CHE-RE-62,"H.No. 455, Rajan, Chennai, Sikkim, 765786",2023-07-15 09:01:53
4960a99a-2f89-49d7-93f4-6a797bd50d36,Hyderabad Distribution Centre 97,HYD-DI-97,"00/55, Deep Zila, Hyderabad, Madhya Pradesh, 644943",2025-10-09 09:01:53
8537789b-38fe-457c-95a2-81836ee28181,Thane Cold Storage 7,THA-CO-07,"32, Bansal Chowk, Thane, Kerala, 146534",2025-08-23 09:01:53
6cf8196c-8e24-4c82-ac81-ecf6729feb65,Meerut Export Hub 57,MEE-EX-57,"H.No. 20, Manne Nagar, Meerut, Chhattisgarh, 867471",2025-11-18 09:01:53
e8def29c-3714-4907-a2b3-1d0b68220b81,Ghaziabad Bulk Store 69,GHA-BU-69,"H.No. 20, Nanda Ganj, Ghaziabad, Assam, 985056",2024-07-06 09:01:53
cc1e0f7c-b976-4f47-8585-f8680748d62d,Chennai Main Warehouse 75,CHE-MA-75,"H.No. 13, Nadig Ganj, Chennai, West Bengal, 081432",2024-05-29 09:01:53
179ca527-38a1-403b-bb60-ce6b578e8165,Srinagar Retail Warehouse 80,SRI-RE-80,"987, Roy Marg, Srinagar, Tamil Nadu, 279042",2024-12-12 09:01:53
c233b532-53e3-4b2d-810e-1ae72d37a217,Ranchi Main Warehouse 19,RAN-MA-19,"381, Ratti Nagar, Ranchi, Arunachal Pradesh, 700522",2025-07-20 09:01:53
a7ab2785-5662-40dc-8f98-b7334d13a7dc,Jodhpur Regional Depot 81,JOD-RE-81,"18/45, Merchant Chowk, Jodhpur, Odisha, 599052",2025-06-14 09:01:53
ff80f1a7-9ab8-4335-83ac-44075e3baf49,Agra Bulk Store 66,AGR-BU-66,"02, Sanghvi Path, Agra, Bihar, 435830",2025-05-20 09:01:53
681c936f-df83-4c7a-9942-18e24a228b57,Visakhapatnam Bulk Store 61,VIS-BU-61,"H.No. 07, Peri Chowk, Visakhapatnam, Bihar, 061092",2024-08-03 09:01:53
1710f323-6666-4765-9688-1e58f5d26fad,Patna Main Warehouse 98,PAT-MA-98,"168, Shah, Patna, Jharkhand, 371473",2025-07-20 09:01:53
317115fd-f3e7-4381-808d-1f46db0fc33d,Tiruchirappalli Bulk Store 93,TIR-BU-93,"043, Date Zila, Tiruchirappalli, Manipur, 312666",2023-10-20 09:01:53
b6f21cd8-97a5-4c1f-b122-7d1a162283e7,Varanasi Regional Depot 3,VAR-RE-03,"H.No. 60, Kant Street, Varanasi, Gujarat, 165580",2026-01-06 09:01:53
81934fc7-7c91-475a-92af-c4aba70eb641,Varanasi Fulfilment Centre 18,VAR-FU-18,"24, Nanda Chowk, Varanasi, Karnataka, 267203",2024-06-25 09:01:53
f87021d6-2861-4c21-a0b9-bd02326eca3a,Ghaziabad Retail Warehouse 28,GHA-RE-28,"70, Sha Street, Ghaziabad, Telangana, 100568",2024-01-28 09:01:53
78a53e6d-68ec-49f6-a112-bd3090ba9149,Amritsar Export Hub 85,AMR-EX-85,"06, Agate, Amritsar, Karnataka, 112181",2025-08-13 09:01:53
39872fce-965d-4c58-a8a1-c00bef8a5769,Pune Cold Storage 75,PUN-CO-75,"79, Gole Ganj, Pune, Haryana, 393305",2023-07-21 09:01:53
24e10464-91db-4b99-b19a-3c3ab6f0b88b,Amritsar Cold Storage 58,AMR-CO-58,"H.No. 84, Nagarajan, Amritsar, Assam, 570794",2024-03-21 09:01:53
58a2da1e-7d4b-49bf-bab0-0e3c37ec94f2,Lucknow Sorting Centre 91,LUC-SO-91,"218, Balay Ganj, Lucknow, Chhattisgarh, 264685",2024-04-28 09:01:53
63effb07-019a-4421-97df-b21d60f5b0f2,Surat Retail Warehouse 30,SUR-RE-30,"51/902, Modi Nagar, Surat, Assam, 548805",2025-11-28 09:01:53
1c00e3e8-a926-413d-8d57-b72f5ef9fe88,Navi Mumbai Bulk Store 72,NAV-BU-72,"H.No. 093, Mane Ganj, Navi Mumbai, Madhya Pradesh, 336330",2024-01-12 09:01:53
09979b44-da1f-4b79-9cb9-f59068782083,Hubli Fulfilment Centre 91,HUB-FU-91,"H.No. 75, Hari Road, Hubli, Manipur, 098416",2026-02-04 09:01:53
386a0989-f06d-460c-98ba-9aaa2a1a39e0,Jaipur Sorting Centre 12,JAI-SO-12,"H.No. 37, Bali Chowk, Jaipur, Rajasthan, 170470",2025-04-09 09:01:53
b922ead9-3729-4d9b-a664-eb762164b544,Howrah Cold Storage 91,HOW-CO-91,"H.No. 259, Kapur Street, Howrah, West Bengal, 971785",2024-05-06 09:01:53
7fa4845e-40d3-4df8-a9ff-e8476395c74e,Vadodara Storage Hub 30,VAD-ST-30,"81, Radhakrishnan Chowk, Vadodara, Punjab, 505917",2025-07-25 09:01:53
bd10e678-1671-4340-b1af-f64f6a60b7c4,Kanpur Regional Depot 12,KAN-RE-12,"39/301, Palan Nagar, Kanpur, Telangana, 916983",2025-02-23 09:01:53
684505c4-2c71-4ce9-8c2e-fbdb225a0448,Hubli Cold Storage 9,HUB-CO-09,"179, Prashad Ganj, Hubli, Jharkhand, 089440",2024-08-28 09:01:53
ad20a40c-737b-41d0-886b-d29f84d0cc88,Agra Regional Depot 69,AGR-RE-69,"54, Dixit Path, Agra, Telangana, 935707",2025-07-04 09:01:53
0a7b5952-a076-4557-9129-833f7a415cd2,Jabalpur Bulk Store 50,JAB-BU-50,"50, Lal, Jabalpur, Madhya Pradesh, 078562",2026-02-18 09:01:53
c4983bbb-8b57-45ee-b5be-eb6dbcce1759,Aurangabad Fulfilment Centre 39,AUR-FU-39,"27/192, Bal Marg, Aurangabad, Tripura, 611868",2025-05-20 09:01:53
01387afc-e9f8-43e3-97cb-04f8eebcbb72,Faridabad Retail Warehouse 91,FAR-RE-91,"H.No. 109, Sarin Ganj, Faridabad, Uttarakhand, 919490",2025-06-27 09:01:53
06b45632-4863-42ba-acf2-d65f8af19774,Faridabad Storage Hub 94,FAR-ST-94,"17/00, Deshpande Ganj, Faridabad, Meghalaya, 280587",2025-11-09 09:01:53
c7b7d8c4-91ff-4039-bdf5-33119d905905,Agra Sorting Centre 46,AGR-SO-46,"77, Chad Nagar, Agra, Himachal Pradesh, 268211",2024-09-03 09:01:53
4e77205e-2b4b-4351-be75-7b0ed46c5486,Patna Distribution Centre 81,PAT-DI-81,"56/96, Saraf Road, Patna, Andhra Pradesh, 735956",2024-11-01 09:01:53
2e47141c-5486-40f6-8dea-9da42c6f5fd5,Pimpri Sorting Centre 15,PIM-SO-15,"91/922, Pandya Nagar, Pimpri, West Bengal, 356397",2025-01-04 09:01:53
cfc94543-4166-4929-817d-be764fba10bb,Chennai Retail Warehouse 345,CHE-RE-014,"H.No. 89, Pandey Street, Chennai, Arunachal Pradesh, 751674",2023-07-17 09:01:53
d4b563df-fac8-4019-a077-2c2be9862e34,Lucknow Storage Hub 10,LUC-ST-10,"86/735, Dara Circle, Lucknow, Nagaland, 177487",2024-10-05 09:01:53
1eea1aff-f675-446d-b9bd-015e14f9b69b,Raipur Distribution Centre 52,RAI-DI-52,"H.No. 77, Khare, Raipur, Kerala, 843835",2024-08-13 09:01:53
99863c48-6052-463f-8b66-815cef525d59,Howrah Distribution Centre 83,HOW-DI-83,"99, Singh, Howrah, Tripura, 252019",2023-11-11 09:01:53
3048af6b-e74d-42d6-833d-d5a07cf8935c,Patna Distribution Centre 30,PAT-DI-30,"064, Dasgupta Marg, Patna, Chhattisgarh, 719196",2023-12-29 09:01:53
9501abbe-a55b-4e5d-b77d-ff9609e3fbfd,Mysuru Regional Depot 36,MYS-RE-36,"93/35, Barad Ganj, Mysuru, Gujarat, 387830",2024-04-30 09:01:53
2ddca541-77aa-4cce-b1bf-160cd2b4f482,Dhanbad Bulk Store 90,DHA-BU-90,"H.No. 68, Varma Street, Dhanbad, Uttar Pradesh, 533552",2023-09-16 09:01:53
b1ce08df-1407-443f-8aa0-5314a08ff05f,Hyderabad Sorting Centre 33,HYD-SO-33,"20, Malhotra Street, Hyderabad, Tripura, 478112",2023-11-29 09:01:53
5979eca9-8b68-4da6-918a-b541d216a11a,Howrah Fulfilment Centre 89,HOW-FU-89,"26/99, Mannan Ganj, Howrah, Telangana, 173922",2024-11-01 09:01:53
2225d90e-73b8-4073-980b-501626cbf7e9,Srinagar Regional Depot 4,SRI-RE-04,"931, Sharma Chowk, Srinagar, Mizoram, 503947",2024-02-20 09:01:53
dfc3790b-0e83-4386-bb59-f0063bee09be,Jaipur Sorting Centre 93,JAI-SO-93,"H.No. 05, Subramaniam Path, Jaipur, Tamil Nadu, 791743",2023-10-16 09:01:53
cb2ebfe1-af35-4eeb-bab4-1934418cc737,Jaipur Export Hub 52,JAI-EX-52,"H.No. 243, Nagar Road, Jaipur, Gujarat, 381157",2025-05-23 09:01:53
1cc50d5b-40b1-4fb7-99ad-337f8e1b00cf,Raipur Fulfilment Centre 26,RAI-FU-26,"H.No. 09, Sharaf Street, Raipur, Goa, 948036",2024-01-15 09:01:53
3d27f1e1-558d-4e19-a934-a1b1cb501c73,Delhi Storage Hub 55,DEL-ST-55,"57/56, Kunda Street, Delhi, Gujarat, 916867",2023-07-04 09:01:53
1a26d3a5-8eb1-4ede-9d66-ab32568d31ff,Jodhpur Cold Storage 96,JOD-CO-96,"H.No. 885, Babu Path, Jodhpur, Madhya Pradesh, 394410",2026-02-12 09:01:53
275d030b-f8f1-4660-b89f-1d4824ead25f,Coimbatore Sorting Centre 50,COI-SO-50,"10/427, Som, Coimbatore, Himachal Pradesh, 549210",2024-03-20 09:01:53
70fecbe5-3696-4c69-817b-37c41ef6e37c,Kanpur Distribution Centre 72,KAN-DI-72,"H.No. 818, Sagar Circle, Kanpur, Punjab, 329357",2023-09-14 09:01:53
987af2f5-2973-4e6f-a288-a913fb47a1e3,Nagpur Bulk Store 49,NAG-BU-49,"H.No. 38, Thakkar Road, Nagpur, Rajasthan, 115703",2024-12-06 09:01:53
04a5c27c-ab80-41f2-91e3-01113c95e3e1,Aurangabad Distribution Centre 77,AUR-DI-77,"H.No. 75, Bera Marg, Aurangabad, Rajasthan, 642624",2024-02-09 09:01:53
56c1dd16-ebf1-4196-9d91-93625e037104,Faridabad Bulk Store 53,FAR-BU-53,"H.No. 54, Gaba Marg, Faridabad, Andhra Pradesh, 135469",2024-12-24 09:01:53
424558c3-e07b-4945-8a53-e1e0f447e2a1,Chennai Main Warehouse 18,CHE-MA-18,"22/394, Suri Nagar, Chennai, Uttarakhand, 734346",2025-04-28 09:01:53
b5e2a255-aae1-49e7-883c-8be30bb220c0,Hubli Bulk Store 31,HUB-BU-31,"09, Lad Path, Hubli, Meghalaya, 060398",2025-06-03 09:01:53
33617ab8-e92c-485a-9223-fb1777ca3cee,Kanpur Main Warehouse 18,KAN-MA-18,"H.No. 079, Chokshi Path, Kanpur, Madhya Pradesh, 521412",2023-12-23 09:01:53
491707ca-08b3-495d-8133-ad05995f7a96,Jaipur Storage Hub 88,JAI-ST-88,"H.No. 224, Sura Zila, Jaipur, Karnataka, 168095",2024-03-29 09:01:53
60d3739a-c8cb-4c2d-bf60-edaafcc3fe3c,Thane Regional Depot 79,THA-RE-79,"41, Nayak Circle, Thane, Himachal Pradesh, 333665",2024-07-20 09:01:53
4043988f-2b8c-4f6e-b38b-c4137f537978,Ranchi Main Warehouse 10,RAN-MA-10,"02/859, Narasimhan Zila, Ranchi, Maharashtra, 817915",2023-09-05 09:01:53
34d23c31-1f81-4886-8bf1-abf381dd7855,Indore Retail Warehouse 55,IND-RE-55,"78/290, Goel Path, Indore, Telangana, 922191",2024-08-24 09:01:53
1dc8726f-6521-4c3a-af08-907c4f0b49c7,Thane Bulk Store 63,THA-BU-63,"14/299, Madan, Thane, Mizoram, 414013",2025-03-13 09:01:53
4e91faf1-a907-4b3c-8bed-ba50306dba5a,Vijayawada Main Warehouse 13,VIJ-MA-13,"56/99, Dara Ganj, Vijayawada, Jharkhand, 652012",2024-11-14 09:01:53
f7f1d0df-60fb-4d6a-8779-8e8b390a814a,Srinagar Sorting Centre 10,SRI-SO-10,"01/740, Behl Street, Srinagar, Punjab, 469888",2025-04-13 09:01:53
90c6d9f6-b76a-4eda-b172-6098138eb70e,Surat Regional Depot 36,SUR-RE-36,"65, Mishra, Surat, Nagaland, 827291",2023-12-02 09:01:53
b03550ef-558c-4f54-bdf7-bfd0b26fac18,Meerut Distribution Centre 36,MEE-DI-36,"675, Chaudry, Meerut, Maharashtra, 491532",2025-05-18 09:01:53
66c3836f-3c8a-4ab2-8d4c-d5d9bd21bd76,Delhi Sorting Centre 22,DEL-SO-22,"18/011, Bhatia Ganj, Delhi, Mizoram, 231568",2025-08-10 09:01:53
6ad48b96-dad5-4e30-b431-65110e9c2029,Bhopal Cold Storage 9,BHO-CO-09,"342, Krishna Circle, Bhopal, Tamil Nadu, 224626",2024-12-01 09:01:53
cbb14d58-eb2a-46bc-a3d5-60354d0dc00d,Vadodara Bulk Store 47,VAD-BU-47,"13, Anne Street, Vadodara, Chhattisgarh, 342386",2024-12-25 09:01:53
383ec29d-347b-40f6-a17a-854973e457d5,Vadodara Storage Hub 49,VAD-ST-49,"07, Rajan Chowk, Vadodara, Andhra Pradesh, 293987",2023-12-02 09:01:53
c3ede6fe-8b36-47fa-ac47-ca1c36b3271e,Hyderabad Distribution Centre 71,HYD-DI-71,"66/740, Tata Circle, Hyderabad, Meghalaya, 107524",2025-02-15 09:01:53
b7ce0b58-2d66-41b8-bdc8-bf625343e0e3,Bhopal Retail Warehouse 97,BHO-RE-97,"00/330, Bora Path, Bhopal, Andhra Pradesh, 247254",2025-11-03 09:01:53
5b200bd6-f24a-4d0b-b858-95f5766c396b,Faridabad Fulfilment Centre 9,FAR-FU-09,"654, Sarkar Zila, Faridabad, Telangana, 927639",2024-08-10 09:01:53
bbb564a7-e1f1-4fb2-98fb-60fe28fb7e09,Jabalpur Cold Storage 95,JAB-CO-95,"52/38, Gara Zila, Jabalpur, Uttar Pradesh, 632786",2023-08-31 09:01:53
c5ed0eea-bf2f-4fcf-850f-69de2b242bb7,Madurai Bulk Store 79,MAD-BU-79,"07/04, Kata Street, Madurai, Kerala, 318995",2024-06-04 09:01:53
1bc545dd-0bad-400b-b5be-9d13d21a78ee,Ludhiana Cold Storage 75,LUD-CO-75,"31/16, Grover, Ludhiana, Sikkim, 353470",2024-01-28 09:01:53
f214a484-b913-4122-95ef-0fc101396cf4,Lucknow Storage Hub 63,LUC-ST-63,"H.No. 07, Tandon Nagar, Lucknow, Meghalaya, 088494",2024-04-12 09:01:53
c4539ea0-1940-4e89-a056-bfc5573770da,Srinagar Bulk Store 34,SRI-BU-34,"99/963, Shan Path, Srinagar, Madhya Pradesh, 621380",2023-12-04 09:01:53
198fe886-e0db-464c-898c-13be80b4325a,Kolkata Regional Depot 78,KOL-RE-047,"H.No. 95, Kurian Zila, Kolkata, Nagaland, 542259",2026-02-16 09:01:53
fdbc870b-444b-40e0-8743-8c1d85e9a77b,Indore Export Hub 42,IND-EX-42,"H.No. 51, Gulati Ganj, Indore, Tamil Nadu, 591541",2026-03-12 09:01:53
7a739408-2ad0-449d-8725-4b642d1714d1,Kanpur Cold Storage 44,KAN-CO-44,"63/51, Bal Zila, Kanpur, Punjab, 745136",2026-01-08 09:01:53
16f6bffb-d168-4bb2-bdc1-125d3044915b,Solapur Fulfilment Centre 35,SOL-FU-35,"659, Nayak Nagar, Solapur, Telangana, 417372",2024-01-06 09:01:53
8c99c182-70d7-4b94-8954-5b4a7d8b0b35,Patna Regional Depot 409,PAT-RE-493,"342, Sur Marg, Patna, Uttarakhand, 032381",2025-10-21 09:01:53
21bd203e-f2ad-4bed-a803-5403ebef219e,Kanpur Export Hub 235,KAN-EX-587,"817, Vora Zila, Kanpur, Uttarakhand, 547521",2026-03-14 09:01:53
82be5135-dffd-411a-b814-3f40363ed714,Vadodara Retail Warehouse 97,VAD-RE-247,"H.No. 275, Sampath, Vadodara, Haryana, 311493",2023-07-09 09:01:53
76867e2a-8379-4333-9cbe-ec74e1e25129,Thane Distribution Centre 33,THA-DI-33,"108, Rau Circle, Thane, Goa, 065940",2023-08-10 09:01:53
3737beaf-5de8-42db-9f38-b7ac4d9a27cc,Nashik Regional Depot 49,NAS-RE-49,"H.No. 381, Bahl Circle, Nashik, Haryana, 485100",2024-02-25 09:01:53
42e0f0ab-72f9-4078-aa6a-af1846fd7f46,Hubli Distribution Centre 48,HUB-DI-48,"182, Borra Road, Hubli, Tamil Nadu, 081702",2024-04-10 09:01:53
e749b9ed-883a-44bb-9e33-7c2781c2ce7b,Dhanbad Regional Depot 75,DHA-RE-75,"46/16, Singhal Circle, Dhanbad, Nagaland, 321499",2023-11-16 09:01:53
d3a35b0d-537c-48be-b418-28138cb5c07d,Nagpur Storage Hub 46,NAG-ST-46,"70/32, Mammen Nagar, Nagpur, Gujarat, 743344",2025-12-09 09:01:53
58803718-f247-4829-a819-967082224481,Pune Regional Depot 90,PUN-RE-90,"106, Bhatti Path, Pune, West Bengal, 046010",2024-01-04 09:01:53
e3ca16e8-7072-491b-8e07-4941fce35318,Jabalpur Retail Warehouse 68,JAB-RE-68,"41/313, Peri Path, Jabalpur, Karnataka, 942072",2024-10-01 09:01:53
006d8b5c-ba91-453c-800c-b46919097b79,Aurangabad Sorting Centre 41,AUR-SO-41,"23/956, De Chowk, Aurangabad, Sikkim, 761898",2025-08-08 09:01:53
960ba9c4-fd3f-4e6e-8812-0c2660361875,Chennai Storage Hub 89,CHE-ST-89,"87/87, Sampath Chowk, Chennai, Meghalaya, 513877",2026-03-06 09:01:53
07e9a43b-b06a-4465-a155-7f3c38adedbc,Patna Main Warehouse 75,PAT-MA-75,"12/398, Walia Zila, Patna, Odisha, 972048",2025-04-19 09:01:53
f6870614-b66d-4b9e-adf3-954e60ed185d,Patna Fulfilment Centre 57,PAT-FU-57,"30, Patel Road, Patna, Bihar, 558681",2024-10-23 09:01:53
d0b5edc5-684c-4a43-bfb2-a1c9766ac51f,Madurai Bulk Store 55,MAD-BU-55,"73/418, Balasubramanian Circle, Madurai, Meghalaya, 403157",2025-12-07 09:01:53
72deca67-311f-490c-8c96-81f98f19c03f,Navi Mumbai Fulfilment Centre 7,NAV-FU-07,"H.No. 85, Hans, Navi Mumbai, Odisha, 853620",2024-03-29 09:01:53
6f770dc5-23ff-4d74-a62e-889d366a3062,Allahabad Cold Storage 65,ALL-CO-65,"H.No. 44, Halder, Allahabad, Tripura, 927195",2026-01-21 09:01:53
5b307d44-315c-49d6-9e2a-638a6721c5dc,Hyderabad Distribution Centre 93,HYD-DI-93,"H.No. 06, Varty Ganj, Hyderabad, Karnataka, 702071",2024-03-31 09:01:53
c63a5860-1102-4162-9046-b532a1b764ff,Ranchi Retail Warehouse 32,RAN-RE-32,"H.No. 37, Mallick Circle, Ranchi, Goa, 555535",2025-12-17 09:01:53
99abb213-425e-4ba1-9cc7-caf235407c91,Vadodara Fulfilment Centre 75,VAD-FU-75,"H.No. 40, Varty Chowk, Vadodara, Tamil Nadu, 778889",2025-12-18 09:01:53
877fb118-6693-4198-9eff-6c7be2e1e1b1,Ghaziabad Distribution Centre 9,GHA-DI-09,"210, Shah Nagar, Ghaziabad, Tripura, 040947",2025-07-01 09:01:53
b1944154-85e5-4d83-958b-241c3f42c9c7,Thane Bulk Store 62,THA-BU-62,"H.No. 124, Cherian Marg, Thane, Tamil Nadu, 578041",2024-09-13 09:01:53
8bab6f52-afb4-4af0-8367-b57155b533b9,Rajkot Storage Hub 107,RAJ-ST-968,"H.No. 486, Sule Marg, Rajkot, Assam, 442624",2023-12-16 09:01:53
477f05ee-0c14-4b8f-9651-cef195ab140d,Mumbai Retail Warehouse 71,MUM-RE-71,"H.No. 70, Sachdeva Road, Mumbai, Meghalaya, 101877",2025-12-25 09:01:53
174503af-8e82-41df-94df-a841b09dc3d0,Howrah Retail Warehouse 13,HOW-RE-13,"H.No. 332, Sheth Path, Howrah, Tripura, 443073",2026-01-27 09:01:53
1f3b3cc2-1c9a-4c4b-ba5f-fa15de1e6256,Vijayawada Bulk Store 81,VIJ-BU-81,"466, Subramanian Circle, Vijayawada, Sikkim, 903043",2024-09-23 09:01:53
e40dc942-36c5-4f94-882d-83ffafdfa373,Ghaziabad Bulk Store 39,GHA-BU-39,"17/79, Tella, Ghaziabad, Odisha, 469247",2025-11-03 09:01:53
5d57e1be-6dd2-4b20-b5e7-904770d370ab,Ludhiana Retail Warehouse 7,LUD-RE-417,"H.No. 481, Handa Zila, Ludhiana, Arunachal Pradesh, 864323",2024-05-26 09:01:53
1d7c2056-1228-4cff-8c13-8d066d6ad8c0,Howrah Main Warehouse 19,HOW-MA-19,"H.No. 456, Chatterjee Path, Howrah, Mizoram, 275917",2023-10-12 09:01:53
0237a891-df8a-4632-b3d5-89d6f5615eef,Varanasi Sorting Centre 85,VAR-SO-85,"H.No. 034, Sharma Ganj, Varanasi, Himachal Pradesh, 256740",2025-08-24 09:01:53
6ebda0d8-dd7b-4b4e-9e48-1be0c17d3db2,Bhopal Distribution Centre 48,BHO-DI-48,"53/625, Dubey Zila, Bhopal, Gujarat, 154111",2023-07-24 09:01:53
6047e392-becb-44f6-8f95-36e40c8654f5,Visakhapatnam Storage Hub 91,VIS-ST-91,"02/06, Suresh Nagar, Visakhapatnam, Bihar, 693005",2024-02-13 09:01:53
f5191524-b5f3-43e1-ab93-0cc8dc124edb,Nagpur Main Warehouse 52,NAG-MA-52,"214, Gade Road, Nagpur, Rajasthan, 735384",2026-02-08 09:01:53
067c1c53-848a-4df9-9947-95dddd828753,Hyderabad Storage Hub 25,HYD-ST-25,"25/611, Chopra Marg, Hyderabad, Sikkim, 999442",2026-01-18 09:01:53
c794efd1-1844-4f4d-b84e-5230a3faed7f,Kanpur Export Hub 56,KAN-EX-56,"18, Narayan Road, Kanpur, Karnataka, 758268",2023-10-01 09:01:53
d706f164-29d7-4514-a29e-09e26f6bc998,Ludhiana Cold Storage 90,LUD-CO-90,"950, Chhabra Circle, Ludhiana, Himachal Pradesh, 023235",2026-02-23 09:01:53
4ab1dbc3-cf2f-444a-b53a-48bd466644c0,Kota Cold Storage 18,KOT-CO-18,"59/35, Bhalla Circle, Kota, Tamil Nadu, 528805",2025-09-23 09:01:53
813f91df-a30d-44f9-ad5d-6ee093c67ace,Patna Distribution Centre 13,PAT-DI-13,"H.No. 750, Trivedi Chowk, Patna, Assam, 354425",2025-05-22 09:01:53
8940ccee-1a79-4902-81a3-81d5cf9c5c87,Surat Main Warehouse 52,SUR-MA-52,"477, Subramanian Chowk, Surat, Himachal Pradesh, 496493",2025-01-20 09:01:53
95194ead-8f50-479e-971d-029e0e7b99c0,Dhanbad Main Warehouse 14,DHA-MA-14,"H.No. 464, Bava Nagar, Dhanbad, Maharashtra, 698826",2025-04-26 09:01:53
81e5b7d2-a1e4-491f-8859-0e6cad4c58d4,Chennai Regional Depot 41,CHE-RE-41,"H.No. 86, Shankar Street, Chennai, Kerala, 377938",2024-02-17 09:01:53
51a87324-d3e2-4dfe-b91c-0c65a3622ecd,Jabalpur Sorting Centre 19,JAB-SO-19,"H.No. 46, Chaudhuri Nagar, Jabalpur, Chhattisgarh, 040725",2026-02-23 09:01:53
2734a4e8-589e-407d-aaa4-454d93b78b3d,Ahmedabad Bulk Store 55,AHM-BU-55,"H.No. 53, Saran, Ahmedabad, Arunachal Pradesh, 609932",2023-09-12 09:01:53
3d873d25-068b-4df5-9911-e4510d34ca9f,Bhopal Fulfilment Centre 95,BHO-FU-95,"47/079, Ranganathan Street, Bhopal, Chhattisgarh, 174316",2024-09-29 09:01:53
990ec513-f6d6-42da-b6cd-018d0a470575,Surat Storage Hub 18,SUR-ST-18,"H.No. 325, Kashyap Nagar, Surat, Telangana, 398844",2023-10-23 09:01:53
80d13a6a-5926-4cf6-87e5-c0f7e855956c,Jaipur Regional Depot 5,JAI-RE-05,"789, Dugal Path, Jaipur, Sikkim, 617949",2026-02-10 09:01:53
f06002a8-886c-4fb6-8221-fee07cb6458f,Ghaziabad Fulfilment Centre 76,GHA-FU-76,"45, Pandya Road, Ghaziabad, Tamil Nadu, 781273",2025-11-01 09:01:53
16bda06a-e3aa-410f-874e-56ecba6b4404,Kanpur Storage Hub 7,KAN-ST-07,"17/427, Wadhwa Zila, Kanpur, Haryana, 240239",2025-02-26 09:01:53
210476dc-447a-402d-b589-3fd829466524,Faridabad Storage Hub 84,FAR-ST-84,"627, Chaudry Marg, Faridabad, Manipur, 404046",2026-02-14 09:01:53
723aefc7-4a20-4b65-b342-c8923dae1b2c,Ahmedabad Sorting Centre 97,AHM-SO-97,"H.No. 51, Gade Zila, Ahmedabad, Nagaland, 381105",2026-01-26 09:01:53
984658f4-91b9-4d2b-92b3-8dd303104480,Chennai Distribution Centre 98,CHE-DI-98,"H.No. 228, Edwin, Chennai, Arunachal Pradesh, 459528",2025-08-14 09:01:53
27538127-65ed-4266-8890-6e4e50ba5e77,Visakhapatnam Export Hub 40,VIS-EX-40,"27/677, Gopal Road, Visakhapatnam, Gujarat, 543373",2025-08-12 09:01:53
aab57254-ae24-4bc2-89ee-67ec5777e17c,Thane Sorting Centre 13,THA-SO-13,"27/839, Grover Marg, Thane, Assam, 100260",2025-08-29 09:01:53
9284d8e8-9647-4f8f-898c-459e93c8e1a6,Thane Storage Hub 47,THA-ST-47,"72, Kurian Zila, Thane, Gujarat, 869653",2025-09-10 09:01:53
ebde3245-56a1-49ba-92b8-bc9a09797a1c,Allahabad Bulk Store 15,ALL-BU-15,"15, Soni Path, Allahabad, Haryana, 052089",2023-12-20 09:01:53
d2fac328-c5e7-4339-98a3-9655b1314415,Indore Storage Hub 32,IND-ST-32,"31/87, Balasubramanian Ganj, Indore, Sikkim, 079337",2024-02-23 09:01:53
33f88b96-777d-47d3-babb-dffc7b7235b8,Gwalior Regional Depot 43,GWA-RE-43,"31, Soni Street, Gwalior, Gujarat, 148502",2023-11-13 09:01:53
0cb12642-8178-4088-95c1-b69590e937e2,Rajkot Regional Depot 43,RAJ-RE-43,"75/908, Sabharwal Street, Rajkot, Nagaland, 090722",2025-11-05 09:01:53
230aa4d9-ad29-4e7f-96ae-f975f1f8c2f5,Indore Regional Depot 513,IND-RE-410,"H.No. 871, Dara Street, Indore, Mizoram, 523959",2025-05-13 09:01:53
4fb60bdc-74fc-4e10-a536-b0f10f05c123,Tiruchirappalli Regional Depot 79,TIR-RE-454,"02, Kadakia Ganj, Tiruchirappalli, Assam, 998751",2024-12-31 09:01:53
20c258a6-26be-45ec-bddd-67baf8ff978c,Mumbai Storage Hub 34,MUM-ST-34,"57, Balan, Mumbai, Gujarat, 308880",2024-07-25 09:01:53
10e5bbb8-8ee6-4882-87a2-9c7714030330,Navi Mumbai Bulk Store 55,NAV-BU-55,"09, Bhavsar Road, Navi Mumbai, Manipur, 024130",2025-08-29 09:01:53
c3d480fa-f6c4-4467-986a-73679d0d3cea,Pimpri Storage Hub 96,PIM-ST-96,"H.No. 788, Tak Marg, Pimpri, Rajasthan, 875585",2026-01-18 09:01:53
284d69fe-bdd4-4f47-8de5-f8eff90e89bb,Solapur Sorting Centre 46,SOL-SO-46,"H.No. 959, Mitter Zila, Solapur, Karnataka, 497236",2025-07-04 09:01:53
54965eb2-c382-4eb0-a37a-e706367d11c1,Varanasi Retail Warehouse 687,VAR-RE-485,"94, Dave Marg, Varanasi, Manipur, 865181",2024-06-12 09:01:53
6d2f8892-f363-40f4-ab77-42c42bd6bc15,Bhopal Regional Depot 85,BHO-RE-85,"H.No. 20, Kara Road, Bhopal, Rajasthan, 504621",2024-08-05 09:01:53
7cc697da-1b14-44f6-ae33-7cde6e2ce613,Howrah Cold Storage 23,HOW-CO-23,"64, Merchant Ganj, Howrah, Punjab, 941667",2024-06-16 09:01:53
76f909b4-9317-483c-b600-c1b5b4e4aaca,Dhanbad Fulfilment Centre 46,DHA-FU-46,"H.No. 07, Saini Circle, Dhanbad, Odisha, 857491",2025-01-24 09:01:53
56597577-6fbf-4b60-8e5a-ab44bde9457c,Tiruchirappalli Distribution Centre 43,TIR-DI-43,"H.No. 066, Dora Chowk, Tiruchirappalli, Maharashtra, 187939",2024-04-09 09:01:53
5a612dcf-ddfa-4fbd-8daa-aeed7a6a420f,Kanpur Bulk Store 52,KAN-BU-52,"89, Kalita Path, Kanpur, Manipur, 012493",2025-02-28 09:01:53
4d1de412-d3c8-4669-a5df-e093b2132d24,Ludhiana Sorting Centre 9,LUD-SO-09,"H.No. 645, Vig, Ludhiana, Chhattisgarh, 378047",2025-06-14 09:01:53
66940d48-6993-41ff-9698-14e6d79b8943,Amritsar Bulk Store 21,AMR-BU-21,"H.No. 407, Iyer, Amritsar, Madhya Pradesh, 187569",2025-03-01 09:01:53
cbfbcad3-d7b9-4435-8b75-063441fdfaf8,Bhopal Export Hub 8,BHO-EX-08,"692, Kannan Nagar, Bhopal, Sikkim, 735712",2024-06-18 09:01:53
fee566be-a21a-4577-a1f6-cceffb666678,Rajkot Bulk Store 39,RAJ-BU-39,"H.No. 67, Bora Street, Rajkot, Chhattisgarh, 008578",2025-11-27 09:01:53
6d4a1992-1353-44d4-80be-58c5eb61ee65,Pimpri Retail Warehouse 48,PIM-RE-48,"59/15, Dhar Ganj, Pimpri, Tamil Nadu, 256600",2025-08-02 09:01:53
637341f0-a6d8-4f3f-a202-1244a338b0cb,Bhopal Bulk Store 75,BHO-BU-75,"80/57, Kala Circle, Bhopal, Maharashtra, 303413",2024-03-30 09:01:53
4b3eacc7-0d4d-4e5e-b5b3-dc6a0182671d,Nashik Storage Hub 37,NAS-ST-37,"65/329, Naidu Circle, Nashik, Maharashtra, 997707",2023-09-27 09:01:53
315b2c09-46df-4720-ba29-be304975504b,Srinagar Regional Depot 98,SRI-RE-98,"H.No. 600, Magar Chowk, Srinagar, Madhya Pradesh, 433700",2025-02-04 09:01:53
32731343-02f8-4ab7-aad7-3f10d81a3aae,Varanasi Cold Storage 239,VAR-CO-347,"H.No. 91, More Chowk, Varanasi, Jharkhand, 687163",2025-08-13 09:01:53
8bde4120-b3dd-4e35-9e3d-b56207ba2346,Howrah Sorting Centre 90,HOW-SO-90,"76/21, Sridhar Path, Howrah, Tamil Nadu, 405458",2024-04-08 09:01:53
92b2607e-c287-4b7f-a3ef-ea32b6294cc6,Chandigarh Bulk Store 17,CHA-BU-17,"61, Dixit Circle, Chandigarh, Jharkhand, 414278",2024-01-24 09:01:53
b49077ce-b79e-45c8-8c9f-36d072643330,Jodhpur Sorting Centre 71,JOD-SO-71,"H.No. 31, Chopra Road, Jodhpur, Telangana, 263492",2023-09-17 09:01:53
7c3bf8cd-a6b3-4c97-a593-f7caa5ce4c3d,Ludhiana Fulfilment Centre 20,LUD-FU-20,"H.No. 223, Viswanathan Ganj, Ludhiana, Uttarakhand, 159007",2025-05-22 09:01:53
cde8b87c-1a10-4c39-a222-0935ac1c6431,Nagpur Bulk Store 64,NAG-BU-64,"13/204, Vaidya Road, Nagpur, Himachal Pradesh, 677154",2023-08-12 09:01:53
fa83e069-0722-481d-9d04-209e50af91a2,Jabalpur Storage Hub 39,JAB-ST-39,"H.No. 766, Minhas Nagar, Jabalpur, Karnataka, 893911",2025-11-29 09:01:53
1bd5c4b2-e5ca-486b-a95a-35f1435fb582,Ludhiana Retail Warehouse 11,LUD-RE-11,"45, Rattan Chowk, Ludhiana, Meghalaya, 657666",2025-10-05 09:01:53
26a2d722-9200-4774-892a-cb46d892b303,Madurai Retail Warehouse 83,MAD-RE-83,"H.No. 76, Pandit Nagar, Madurai, Chhattisgarh, 852964",2024-03-30 09:01:53
ce155971-195e-4ea1-bc22-c50535bb84b7,Rajkot Fulfilment Centre 96,RAJ-FU-96,"H.No. 52, Swaminathan Zila, Rajkot, Kerala, 499887",2024-06-12 09:01:53
83cde77f-c0f0-4d34-9317-0b43de49e09a,Howrah Fulfilment Centre 42,HOW-FU-42,"29/88, Dhawan Chowk, Howrah, Manipur, 442206",2025-06-10 09:01:53
ac93d1b2-981f-41ec-8b6f-f7f77e054552,Indore Regional Depot 53,IND-RE-53,"H.No. 850, Garde Marg, Indore, Punjab, 386400",2024-08-30 09:01:53
b876908a-f3c0-4b05-aec3-ae6b47a8b75b,Ludhiana Export Hub 96,LUD-EX-96,"72, Sachdeva Road, Ludhiana, West Bengal, 390321",2024-12-30 09:01:53
f185c92a-f0e9-472c-bcb1-23365ba300e3,Bhopal Sorting Centre 4,BHO-SO-04,"H.No. 30, Chakraborty Ganj, Bhopal, Nagaland, 933011",2025-01-16 09:01:53
9e777cf8-0033-426e-bda5-3296c8ab47de,Ahmedabad Bulk Store 94,AHM-BU-94,"H.No. 840, Pandya Marg, Ahmedabad, Himachal Pradesh, 587552",2024-09-09 09:01:53
3edfa99b-adcc-418d-8d9b-a73f58bb2c2f,Surat Regional Depot 73,SUR-RE-73,"45/296, Oza Zila, Surat, Assam, 369745",2024-11-18 09:01:53
d157d165-dda5-4a99-986b-b09c50350840,Jabalpur Fulfilment Centre 79,JAB-FU-79,"83, Bora Path, Jabalpur, Manipur, 871355",2024-06-29 09:01:53
bf44ec83-8d27-4acf-9e96-1301fead0706,Mysuru Export Hub 85,MYS-EX-85,"69, Kota Marg, Mysuru, Sikkim, 895864",2025-12-25 09:01:53
8fe9333b-da45-445f-82c7-68345c14f60e,Rajkot Distribution Centre 46,RAJ-DI-46,"H.No. 782, Ram Path, Rajkot, Arunachal Pradesh, 999162",2023-10-15 09:01:53
f45560e6-2e4b-483f-972f-783e080c5a34,Thane Export Hub 11,THA-EX-11,"H.No. 69, Singhal Road, Thane, Maharashtra, 936842",2025-12-01 09:01:53
e149e9bd-66a2-4acf-858f-3e5f07a42d8e,Meerut Export Hub 84,MEE-EX-84,"85, Sundaram Zila, Meerut, Odisha, 367990",2025-08-25 09:01:53
530eeae7-df1e-49a8-a213-4a5c46af2e8c,Chandigarh Retail Warehouse 12,CHA-RE-12,"H.No. 027, Bhardwaj Zila, Chandigarh, Sikkim, 203872",2026-02-13 09:01:53
2699cbdf-cafc-45f9-a359-799d30784fcf,Bhopal Main Warehouse 64,BHO-MA-64,"H.No. 215, Barman Zila, Bhopal, Rajasthan, 562446",2023-12-10 09:01:53
0c13a128-159a-43d7-ac23-a6ae8f45668a,Indore Retail Warehouse 17,IND-RE-17,"22/016, Sandal Path, Indore, Maharashtra, 393508",2025-02-19 09:01:53
f2ff0895-2798-460e-af4a-5d88385347a2,Hyderabad Retail Warehouse 89,HYD-RE-89,"432, Dave Marg, Hyderabad, Karnataka, 814030",2025-09-25 09:01:53
04d7fab9-6b02-4987-adcf-7deab6024c4e,Tiruchirappalli Main Warehouse 13,TIR-MA-13,"75/598, Bhatti Road, Tiruchirappalli, Sikkim, 202484",2025-06-07 09:01:53
449bc14d-e81d-444e-a563-0a46a680a60f,Ranchi Sorting Centre 55,RAN-SO-55,"507, Pillay Road, Ranchi, Andhra Pradesh, 328099",2023-12-01 09:01:53
eada2e1a-e044-4657-abdc-7357338f1187,Dhanbad Export Hub 92,DHA-EX-92,"70/24, Agrawal Road, Dhanbad, Jharkhand, 109077",2026-02-23 09:01:53
3f8961ed-4f7f-4fa2-8663-fa38ac0b1dd0,Howrah Storage Hub 50,HOW-ST-50,"H.No. 823, Khurana Path, Howrah, Chhattisgarh, 737655",2024-02-24 09:01:53
5dcd54fa-9dd9-4da7-9882-66d1f3e3d674,Pimpri Sorting Centre 27,PIM-SO-27,"H.No. 76, Sarma Zila, Pimpri, Chhattisgarh, 573554",2025-11-14 09:01:53
347c125e-e0e4-475a-a58d-89ff5d615b8e,Jaipur Distribution Centre 37,JAI-DI-37,"14/71, Ramachandran Street, Jaipur, Maharashtra, 153939",2025-01-31 09:01:53
25cb8776-f155-4b4d-aee5-0affe68c3dab,Nagpur Sorting Centre 99,NAG-SO-99,"29/427, Dewan Nagar, Nagpur, Assam, 013433",2025-05-14 09:01:53
80e17353-dc8d-486a-adc6-52ac842dc7ae,Tiruchirappalli Retail Warehouse 51,TIR-RE-51,"06/27, Zacharia, Tiruchirappalli, Punjab, 824773",2025-09-07 09:01:53
34706b83-f7ce-4d56-a326-efdf6d712d53,Ghaziabad Regional Depot 19,GHA-RE-19,"912, Bassi, Ghaziabad, Haryana, 191275",2024-02-07 09:01:53
8095532c-dd3c-43b6-b6bf-78e7a813e303,Jabalpur Storage Hub 50,JAB-ST-50,"39/55, Chahal Chowk, Jabalpur, Jharkhand, 116220",2023-11-03 09:01:53
208155ea-f687-429d-8ae8-b0ab98967284,Chandigarh Regional Depot 45,CHA-RE-45,"65/910, Majumdar Nagar, Chandigarh, Uttarakhand, 364364",2024-02-05 09:01:53
f21043e9-762c-4e46-bbf0-9dffad0d4c18,Meerut Fulfilment Centre 613,MEE-FU-112,"H.No. 43, Sahota Street, Meerut, Odisha, 422007",2024-11-28 09:01:53
bfadc20c-6db5-4c7d-bebd-aa75a3e86fa8,Jaipur Sorting Centre 76,JAI-SO-76,"22/768, Nagar Ganj, Jaipur, Goa, 808785",2024-06-07 09:01:53
431b8f2d-fa8e-4137-b0c3-934c7dbc2712,Vadodara Main Warehouse 28,VAD-MA-28,"71/093, Zachariah Ganj, Vadodara, Tripura, 300090",2025-02-03 09:01:53
713a0ae9-6602-487f-b9b3-384e12f44d02,Coimbatore Regional Depot 65,COI-RE-867,"H.No. 632, Varkey Path, Coimbatore, Telangana, 775465",2024-05-03 09:01:53
0b0e5cef-71ab-42c7-bf53-22bad168d5cb,Kolkata Distribution Centre 24,KOL-DI-24,"61/72, More Circle, Kolkata, Manipur, 344633",2024-05-26 09:01:53
bd2b02d7-e4f9-4c3c-b7ef-3010fac18f7f,Rajkot Bulk Store 92,RAJ-BU-92,"465, Wadhwa Marg, Rajkot, Jharkhand, 546351",2025-05-19 09:01:53
52f05d7a-f283-4f37-97df-d2fe5a2e96fb,Coimbatore Retail Warehouse 12,COI-RE-12,"57, Murthy Ganj, Coimbatore, Tripura, 851769",2024-06-17 09:01:53
3007d0c7-256e-4a59-a489-00cbcc4b1b27,Rajkot Retail Warehouse 87,RAJ-RE-87,"65/959, Narang Marg, Rajkot, Uttar Pradesh, 003375",2026-02-16 09:01:53
3f4ec012-ed0c-4db8-94a6-a546af689c40,Rajkot Export Hub 29,RAJ-EX-29,"296, Varty Road, Rajkot, Himachal Pradesh, 109222",2025-08-03 09:01:53
4410c2c4-b4f7-4a09-ac0b-a52a9a533eba,Ludhiana Fulfilment Centre 77,LUD-FU-77,"H.No. 14, Pandit Path, Ludhiana, Meghalaya, 372376",2025-11-21 09:01:53
1355551a-ad87-4f5a-b7d2-41067e82e4d7,Bengaluru Distribution Centre 50,BEN-DI-50,"04, Mane Zila, Bengaluru, Chhattisgarh, 430297",2025-11-24 09:01:53
81e646fc-6a27-4ab8-a04b-cdb662f63ff7,Lucknow Cold Storage 99,LUC-CO-99,"H.No. 813, Dubey Chowk, Lucknow, Goa, 109352",2024-08-07 09:01:53
9309b9c4-4728-4283-9dad-8cc59f62f8e6,Delhi Distribution Centre 52,DEL-DI-52,"H.No. 39, Ganesan Street, Delhi, Punjab, 014962",2024-01-10 09:01:53
b2857e1c-150d-40f2-9330-f4cdde337225,Guwahati Fulfilment Centre 617,GUW-FU-279,"40/76, Narasimhan, Guwahati, Gujarat, 878347",2024-02-25 09:01:53
6636f771-c9f5-4395-b7dc-3b5c50579749,Jabalpur Main Warehouse 98,JAB-MA-98,"79, Bedi Nagar, Jabalpur, Manipur, 446666",2024-02-01 09:01:53
1174921e-2376-4a08-be7a-bb61a597ca02,Kolkata Fulfilment Centre 29,KOL-FU-29,"48/36, More Nagar, Kolkata, Gujarat, 825085",2025-07-20 09:01:53
087e8356-f0d0-4fb6-b2fd-32d11f612210,Pimpri Regional Depot 28,PIM-RE-28,"H.No. 92, Sane Path, Pimpri, Goa, 266923",2024-11-12 09:01:53
5e1ae343-10d2-4a6b-916a-eb29a88b2b57,Raipur Bulk Store 62,RAI-BU-62,"572, Konda Chowk, Raipur, Rajasthan, 689270",2024-05-11 09:01:53
7b3b3fec-9de6-4e3e-b2b6-87c98938c920,Indore Regional Depot 69,IND-RE-69,"47/233, Krishnamurthy Road, Indore, Maharashtra, 610514",2023-12-22 09:01:53
cb846b26-1601-4009-846f-39c5f1aa917d,Ahmedabad Regional Depot 6,AHM-RE-06,"61/80, Varghese Marg, Ahmedabad, Madhya Pradesh, 886887",2023-11-20 09:01:53
f38e1c6d-0073-4f0f-9aac-6974a5205526,Coimbatore Export Hub 89,COI-EX-89,"24/49, Bahl Road, Coimbatore, Tripura, 951869",2025-06-16 09:01:53
a89c5a3e-4801-467a-8c3f-37ab3b3df85d,Kolkata Main Warehouse 10,KOL-MA-10,"56/134, Batta Road, Kolkata, West Bengal, 318380",2023-10-11 09:01:53
05f269e9-08cd-4378-8874-11e7f674b29c,Varanasi Retail Warehouse 77,VAR-RE-77,"H.No. 693, Singh Road, Varanasi, Maharashtra, 237793",2025-08-05 09:01:53
9be612c6-be62-4285-9e90-535a0ecb56a4,Bengaluru Distribution Centre 33,BEN-DI-33,"98/012, Bala Street, Bengaluru, Assam, 318520",2023-08-27 09:01:53
555a94e9-eadc-44da-9b40-9d36c21bf3bf,Ranchi Distribution Centre 14,RAN-DI-14,"H.No. 239, Patla Zila, Ranchi, Chhattisgarh, 133631",2025-01-28 09:01:53
fcaac336-3474-4652-b48a-a88917288143,Mumbai Regional Depot 75,MUM-RE-75,"H.No. 09, Goel Circle, Mumbai, Assam, 702318",2024-05-13 09:01:53
2cec3c6f-8961-42dc-9fd3-4b16782b024a,Guwahati Sorting Centre 85,GUW-SO-85,"67/20, Goswami Zila, Guwahati, Punjab, 903177",2024-05-10 09:01:53
780f49e1-00a4-4ae8-8331-eb601d295d5f,Kolkata Main Warehouse 7,KOL-MA-07,"56/900, Cheema Nagar, Kolkata, Rajasthan, 765324",2023-10-28 09:01:53
ddd0342d-ac70-4dac-a289-4e16a32c8011,Vadodara Storage Hub 5,VAD-ST-05,"H.No. 83, Kamdar Road, Vadodara, Uttar Pradesh, 151547",2025-10-11 09:01:53
ed1aa0e2-3b81-4690-b816-f98caf93aa13,Allahabad Export Hub 54,ALL-EX-54,"H.No. 69, Comar Zila, Allahabad, Manipur, 870272",2023-10-23 09:01:53
26347e1c-d031-4a71-b94a-6cf773e3d786,Rajkot Distribution Centre 52,RAJ-DI-52,"20/40, Khanna Nagar, Rajkot, Sikkim, 834912",2023-08-20 09:01:53
0fa07341-e74b-43a7-b8f7-5e5978550026,Ranchi Main Warehouse 96,RAN-MA-96,"216, Bakshi Nagar, Ranchi, Kerala, 241832",2023-07-01 09:01:53
d7c5a66d-8b78-4b7e-8ec9-dd50fc2787da,Chennai Sorting Centre 78,CHE-SO-78,"52/762, Divan Path, Chennai, Rajasthan, 213116",2026-02-02 09:01:53
01b5d103-5022-4b45-b9e3-eac8be55126e,Bhopal Regional Depot 19,BHO-RE-125,"95, Gandhi Road, Bhopal, Mizoram, 267011",2023-07-11 09:01:53
386b5e50-9e53-4aa7-8c79-810a77e7df05,Tiruchirappalli Fulfilment Centre 34,TIR-FU-34,"78, Chowdhury Zila, Tiruchirappalli, Uttar Pradesh, 786290",2024-10-17 09:01:53
fe4dad8e-a818-4b45-916b-58c1753e3428,Hubli Cold Storage 39,HUB-CO-39,"515, Tripathi Ganj, Hubli, Madhya Pradesh, 267302",2024-08-25 09:01:53
68a5e553-1961-41af-9268-355671bc8b5b,Visakhapatnam Storage Hub 8,VIS-ST-08,"099, Chacko Road, Visakhapatnam, Meghalaya, 304053",2025-08-12 09:01:53
bdaa1c19-c836-41fd-b014-2f5af35f4c02,Ghaziabad Fulfilment Centre 10,GHA-FU-10,"H.No. 984, Bhat Zila, Ghaziabad, Sikkim, 075508",2025-01-03 09:01:53
f1ddf47b-cc11-423a-9b40-b1afc09035c7,Hyderabad Retail Warehouse 688,HYD-RE-099,"H.No. 85, Manne Street, Hyderabad, Maharashtra, 703784",2024-11-02 09:01:53
4fdd4239-ee55-402d-9f30-556a1cc8ec92,Jabalpur Distribution Centre 27,JAB-DI-27,"79, Bawa Chowk, Jabalpur, Telangana, 830764",2023-08-15 09:01:53
bc94b68e-8812-4ab1-9a49-a1b9b4dab57b,Ranchi Bulk Store 82,RAN-BU-332,"40/583, Narang Path, Ranchi, Tamil Nadu, 172727",2023-12-29 09:01:53
74c37522-4ad0-4cc7-abd2-fb7fe69712d0,Dhanbad Distribution Centre 90,DHA-DI-90,"97/328, Bal Street, Dhanbad, Bihar, 205112",2023-09-22 09:01:53
a38e4e8e-1e48-4262-b1e8-8608fbf89bc3,Kolkata Retail Warehouse 15,KOL-RE-15,"H.No. 340, Hayre Marg, Kolkata, West Bengal, 801990",2025-08-18 09:01:53
478d2f23-f371-434c-9eb1-c5c619e5db09,Jaipur Distribution Centre 75,JAI-DI-75,"H.No. 02, Barman Road, Jaipur, Madhya Pradesh, 117471",2024-04-15 09:01:53
64b3dc1e-8fd8-453e-a1a9-5a9ae45f1cff,Vadodara Main Warehouse 18,VAD-MA-18,"17/064, Pandey Circle, Vadodara, Uttar Pradesh, 968863",2025-05-08 09:01:53
53101be6-a2d4-4427-b007-31f162a720f1,Aurangabad Main Warehouse 994,AUR-MA-956,"12/407, Bakshi, Aurangabad, Jharkhand, 813881",2024-09-27 09:01:53
bc068532-4def-429a-b57d-d3e06a1e0d23,Howrah Distribution Centre 95,HOW-DI-123,"01/14, Ray Path, Howrah, Meghalaya, 776195",2025-10-30 09:01:53
c82328b0-8780-4d8d-bf25-1c580e942d47,Ranchi Retail Warehouse 81,RAN-RE-307,"496, Char Nagar, Ranchi, Meghalaya, 921764",2025-04-24 09:01:53
b38abeee-e846-4018-b13e-3e7aa9ceccd6,Jaipur Retail Warehouse 90,JAI-RE-90,"H.No. 17, Baria Chowk, Jaipur, Chhattisgarh, 380453",2025-12-28 09:01:53
91a9156a-cacb-401a-a9ba-0335adc281a1,Tiruchirappalli Sorting Centre 28,TIR-SO-28,"H.No. 78, Sarraf Street, Tiruchirappalli, Manipur, 532095",2023-06-25 09:01:53
fff06e74-260a-4211-b9fd-9290c3faa8fb,Varanasi Retail Warehouse 66,VAR-RE-66,"92/848, Som, Varanasi, Uttar Pradesh, 587272",2025-03-02 09:01:53
742dc225-93d5-48c6-8bbf-1c6a33e88ef3,Amritsar Bulk Store 38,AMR-BU-38,"93/35, Babu Chowk, Amritsar, Goa, 093986",2023-10-16 09:01:53
fa7ac007-049e-4ce0-a758-717f7b5a6301,Varanasi Fulfilment Centre 78,VAR-FU-78,"63/984, Mangat Marg, Varanasi, Nagaland, 427398",2025-12-31 09:01:53
e8e78b8a-db2b-4be2-bafb-eb5865771ec6,Bhopal Export Hub 11,BHO-EX-11,"565, Khatri Street, Bhopal, Punjab, 886762",2026-02-04 09:01:53
fb4ea0a4-879c-4518-860f-4ac1a12f5d4e,Jodhpur Retail Warehouse 39,JOD-RE-39,"735, Keer Ganj, Jodhpur, West Bengal, 062016",2024-06-23 09:01:53
dceb8a67-8cd3-4fab-8f9b-3e2291b7a5e1,Pune Bulk Store 16,PUN-BU-16,"33, Bhargava Road, Pune, Bihar, 215634",2024-01-03 09:01:53
356bd532-cfbf-4827-b12f-63cb4ded3724,Coimbatore Regional Depot 22,COI-RE-22,"52/636, Wable Street, Coimbatore, Nagaland, 233570",2025-07-02 09:01:53
5417b3e9-7541-427c-a084-b74e6d178beb,Madurai Storage Hub 16,MAD-ST-16,"H.No. 44, Patil Path, Madurai, Uttar Pradesh, 434421",2025-03-23 09:01:53
917976b2-c572-4581-b033-c42c48fe8295,Patna Main Warehouse 10,PAT-MA-10,"H.No. 175, Lanka Road, Patna, Jharkhand, 742188",2024-03-17 09:01:53
b810b323-eb8b-4940-b5e6-149723750811,Bhopal Distribution Centre 43,BHO-DI-43,"42/463, Choudhary Circle, Bhopal, Kerala, 291164",2025-08-03 09:01:53
45a0aebf-7633-48d5-8417-009aa5696ddd,Ludhiana Main Warehouse 53,LUD-MA-53,"92, Ram Road, Ludhiana, Jharkhand, 998724",2024-07-11 09:01:53
92c5d56e-b581-46fb-9245-7880821917b9,Raipur Bulk Store 85,RAI-BU-85,"35, Wable Ganj, Raipur, Meghalaya, 915300",2025-09-06 09:01:53
5b35bfd8-78f3-47b8-a532-4c319ac6f030,Faridabad Distribution Centre 53,FAR-DI-53,"51, Pillay Road, Faridabad, Rajasthan, 834792",2024-08-30 09:01:53
2fcc4414-a8b9-4812-a51c-a9562694d889,Visakhapatnam Cold Storage 44,VIS-CO-44,"30/578, Lad Street, Visakhapatnam, Karnataka, 108124",2025-09-24 09:01:53
c9f0afec-8d2a-465e-9e6a-ba3b9bbab944,Ghaziabad Storage Hub 97,GHA-ST-97,"43, Warrior Chowk, Ghaziabad, Rajasthan, 243014",2024-05-12 09:01:53
0b177102-4569-4dee-bcb9-dd65e0ea3ce9,Amritsar Regional Depot 10,AMR-RE-10,"60/669, Comar Marg, Amritsar, Telangana, 696374",2026-03-12 09:01:53
76c995cb-cd40-437c-b190-bfe5c9706269,Jaipur Cold Storage 37,JAI-CO-37,"12/18, Bansal Chowk, Jaipur, Madhya Pradesh, 061471",2024-11-01 09:01:53
2270d5aa-c846-4bb4-85e5-073a4582bee8,Solapur Distribution Centre 91,SOL-DI-91,"H.No. 90, Chokshi Zila, Solapur, Goa, 023160",2024-11-22 09:01:53
e1dc29df-17af-4ea8-aaf1-b7385b1fecd0,Jabalpur Export Hub 77,JAB-EX-77,"H.No. 402, Gandhi Chowk, Jabalpur, Nagaland, 832120",2024-03-23 09:01:53
4eb9344d-48ff-462d-8b37-0bfed59416ab,Vijayawada Regional Depot 67,VIJ-RE-67,"61/49, Merchant Circle, Vijayawada, Chhattisgarh, 079669",2024-09-22 09:01:53
c3a27778-4a61-4fc5-a19c-4d269191e57c,Agra Bulk Store 50,AGR-BU-50,"78/42, Bhatia Nagar, Agra, Rajasthan, 414424",2024-07-03 09:01:53
9dfa7dad-9ca5-4750-96ca-8b1510a7286e,Patna Export Hub 73,PAT-EX-73,"07, Suresh Ganj, Patna, Goa, 861595",2023-07-16 09:01:53
128583ca-8d81-4dbc-afc8-ccfb599ec380,Gwalior Fulfilment Centre 8,GWA-FU-08,"859, Mahajan, Gwalior, Manipur, 763798",2026-02-11 09:01:53
23d92395-1901-4821-85a3-2cdaf169b94b,Nashik Distribution Centre 76,NAS-DI-76,"930, Murthy Path, Nashik, Meghalaya, 979836",2024-06-09 09:01:53
d83559a7-e231-43c9-bf58-185118e6b1bb,Chandigarh Cold Storage 56,CHA-CO-56,"60, Muni Chowk, Chandigarh, Telangana, 059394",2024-12-07 09:01:53
af4faf9d-1dc1-4694-8091-8a97c2bb42bb,Agra Bulk Store 27,AGR-BU-27,"81/504, Bhalla Ganj, Agra, Haryana, 602858",2025-03-05 09:01:53
44e60b94-3486-4867-aa6f-4e828b087cdf,Nashik Export Hub 38,NAS-EX-38,"69/660, Saini, Nashik, Gujarat, 476075",2023-09-19 09:01:53
b23ce30e-bb0a-4f26-a5ea-f12fe12c26f1,Surat Storage Hub 58,SUR-ST-58,"H.No. 210, Tella Zila, Surat, Jharkhand, 622644",2024-05-30 09:01:53
15049b5f-dd2a-4dc4-b80f-8979f9828f5e,Solapur Distribution Centre 59,SOL-DI-59,"H.No. 802, Pai Road, Solapur, Odisha, 085935",2025-10-06 09:01:53
a202b761-e90d-4875-99a0-0b4b6d918fb3,Faridabad Bulk Store 18,FAR-BU-18,"53, Dugar Path, Faridabad, Uttar Pradesh, 377950",2024-01-26 09:01:53
dbf175b8-06a2-435b-ad90-5c5c0499a960,Madurai Cold Storage 52,MAD-CO-52,"65, Shanker Path, Madurai, Haryana, 485251",2025-03-04 09:01:53
83094202-ad40-4cad-9cd1-05b771985b83,Delhi Regional Depot 49,DEL-RE-49,"258, Saini Road, Delhi, Manipur, 175227",2023-10-02 09:01:53
fb6030ae-f650-4472-905e-3ec7b12784a9,Mumbai Retail Warehouse 3,MUM-RE-03,"29/49, Narang Marg, Mumbai, Goa, 967499",2024-05-04 09:01:53
7a2cd667-20d4-4ebe-ad82-3233cd71d5df,Bengaluru Distribution Centre 38,BEN-DI-38,"02/03, Nori Circle, Bengaluru, Himachal Pradesh, 700841",2023-10-17 09:01:53
e1a2687d-72a1-4a3a-9960-cde5aea08fa7,Madurai Regional Depot 15,MAD-RE-15,"H.No. 91, Mandal Street, Madurai, Chhattisgarh, 957538",2023-11-07 09:01:53
3f9a976b-d9d0-4776-8529-4eda5aee5c40,Thane Main Warehouse 49,THA-MA-49,"H.No. 13, Subramaniam, Thane, Madhya Pradesh, 529461",2024-10-09 09:01:53
a24ca557-7511-4d09-98da-19d6eb4ac538,Madurai Bulk Store 24,MAD-BU-24,"H.No. 26, Bains Street, Madurai, Himachal Pradesh, 852063",2025-06-21 09:01:53
d5843c6b-a558-4aab-a945-2a4316bacae0,Bengaluru Export Hub 57,BEN-EX-57,"461, Vyas Zila, Bengaluru, Punjab, 873728",2024-01-08 09:01:53
1fb2296e-7e52-4e8a-99ee-d586a04d3ba0,Ahmedabad Main Warehouse 992,AHM-MA-654,"659, Kamdar Ganj, Ahmedabad, Tamil Nadu, 419171",2023-12-03 09:01:53
c5502802-9273-4261-a1da-758bd033fd76,Rajkot Bulk Store 70,RAJ-BU-70,"03, Kashyap Ganj, Rajkot, Arunachal Pradesh, 441843",2024-07-09 09:01:53
81470a03-c134-4bee-9353-1092ff7fc351,Hyderabad Regional Depot 98,HYD-RE-98,"60, Babu Street, Hyderabad, Rajasthan, 137880",2025-12-02 09:01:53
d94c7cc3-e3e7-4ef6-859f-92740882bc7b,Amritsar Storage Hub 69,AMR-ST-69,"21/093, Sunder Marg, Amritsar, Telangana, 777736",2025-10-21 09:01:53
82a6efc9-09de-4253-981b-3cc5f9c66231,Mumbai Retail Warehouse 173,MUM-RE-197,"H.No. 76, Parikh Road, Mumbai, Kerala, 590348",2024-10-17 09:01:53
02b19201-336a-4838-8c87-c08aa7ef257f,Solapur Distribution Centre 16,SOL-DI-16,"H.No. 954, Parmar Ganj, Solapur, Tripura, 102693",2025-03-20 09:01:53
8f15d6d7-c12f-4115-b7cb-66f00a7a7461,Raipur Storage Hub 235,RAI-ST-147,"55/33, Yogi Nagar, Raipur, Punjab, 333135",2024-08-26 09:01:53
8be46146-b312-40a8-ba89-ba1601545f70,Surat Storage Hub 23,SUR-ST-23,"14/855, Shetty Nagar, Surat, Andhra Pradesh, 640626",2024-08-22 09:01:53
7d58ccd2-6bc4-4197-b1b6-3508cc18d0e3,Surat Regional Depot 2,SUR-RE-02,"H.No. 674, Nagarajan Zila, Surat, Rajasthan, 448762",2024-09-12 09:01:53
92eb84fd-3810-4cb3-be74-467ab8961d51,Pimpri Retail Warehouse 42,PIM-RE-42,"H.No. 648, Kumer Ganj, Pimpri, Sikkim, 797302",2023-10-09 09:01:53
30cd14be-7b95-4bc5-8404-18f54ff88c9a,Surat Export Hub 25,SUR-EX-25,"40/69, Sridhar Path, Surat, Goa, 202358",2025-03-13 09:01:53
ff2d780b-b0c5-4e9d-8942-63d2f2c51099,Gwalior Sorting Centre 77,GWA-SO-77,"37/71, Prasad Street, Gwalior, Nagaland, 848891",2025-05-14 09:01:53
26c18b4c-62ec-4d05-baf3-cef26c4e2c34,Bengaluru Main Warehouse 95,BEN-MA-040,"94/95, Rajagopalan Zila, Bengaluru, Sikkim, 991945",2024-03-01 09:01:53
19d18084-2114-4166-be3c-4af153921656,Mysuru Export Hub 35,MYS-EX-35,"44, Krishnamurthy Marg, Mysuru, Tripura, 239004",2024-12-06 09:01:53
c6efe5fa-3dac-45ce-9de2-e87d11be927b,Gwalior Distribution Centre 30,GWA-DI-30,"H.No. 524, Vora Street, Gwalior, Madhya Pradesh, 855470",2025-02-26 09:01:53
3cf02806-f85b-42a2-bc05-772f433bc85f,Ahmedabad Distribution Centre 32,AHM-DI-32,"H.No. 897, Pal Chowk, Ahmedabad, Tripura, 146709",2025-03-24 09:01:53
cf1c9b6c-b11a-4aad-ac78-475e790ce326,Raipur Main Warehouse 41,RAI-MA-41,"36/725, Dave Nagar, Raipur, Mizoram, 041770",2025-08-28 09:01:53
926e0eab-876f-4c18-a9bc-cc690ea8cc83,Ghaziabad Retail Warehouse 19,GHA-RE-169,"73/460, Cherian Ganj, Ghaziabad, Maharashtra, 340799",2024-01-20 09:01:53
609f6a02-122f-4ff5-8c8c-8a1601376f55,Madurai Export Hub 76,MAD-EX-76,"164, Srivastava Path, Madurai, Karnataka, 754283",2025-10-31 09:01:53
10a86b64-7998-430a-b1d0-dc9f4d43db8d,Mumbai Bulk Store 38,MUM-BU-38,"867, Nigam Circle, Mumbai, Assam, 066881",2025-11-14 09:01:53
16f75f55-bdc7-4990-a719-5d60491534a0,Jodhpur Cold Storage 63,JOD-CO-63,"H.No. 57, Nair Zila, Jodhpur, Kerala, 616689",2024-08-22 09:01:53
428aefcc-c996-427d-86fb-6782a17725a8,Bengaluru Sorting Centre 98,BEN-SO-98,"H.No. 09, Salvi Ganj, Bengaluru, Telangana, 646059",2024-11-24 09:01:53
8672ec31-8b22-4d7c-9a36-bdbf36bac386,Allahabad Fulfilment Centre 4,ALL-FU-04,"H.No. 51, Dada Marg, Allahabad, West Bengal, 339563",2025-11-04 09:01:53
36758489-02f4-4556-a98c-89cb33296c9b,Ranchi Main Warehouse 25,RAN-MA-917,"245, Vaidya Zila, Ranchi, Chhattisgarh, 696192",2025-05-11 09:01:53
9d9c1ea5-1b8d-4bb4-8d9a-0f5cac9f7b94,Ahmedabad Sorting Centre 37,AHM-SO-37,"H.No. 269, Muni Chowk, Ahmedabad, Nagaland, 978487",2023-08-26 09:01:53
accf1f5b-9fef-4aa3-b7f4-8a3efcde4b80,Guwahati Cold Storage 32,GUW-CO-32,"89/63, Sandal Zila, Guwahati, Haryana, 527043",2025-05-10 09:01:53
89d33448-785f-4864-a4dd-83a47302ca59,Chennai Sorting Centre 43,CHE-SO-43,"92, Palan Street, Chennai, Uttarakhand, 642301",2023-10-04 09:01:53
4f1dbd55-47ec-4aa3-8e59-150e89fbee3d,Mysuru Storage Hub 98,MYS-ST-98,"746, Anne, Mysuru, Bihar, 631919",2024-10-08 09:01:53
df3b9e4f-8f96-4850-b9fa-dbe339c1f60d,Mysuru Distribution Centre 84,MYS-DI-84,"63/70, Patil Circle, Mysuru, Sikkim, 360622",2025-06-19 09:01:53
45363525-1c0a-410c-a9b8-e5abb2f1d648,Patna Retail Warehouse 72,PAT-RE-72,"063, Sahni Path, Patna, Meghalaya, 577569",2025-01-19 09:01:53
667a8f84-02b3-4eb2-98a4-53ea461674c8,Aurangabad Regional Depot 94,AUR-RE-94,"42/984, Agarwal Zila, Aurangabad, Uttar Pradesh, 003273",2023-09-22 09:01:53
5efb1732-19cc-41cc-abab-063cac95deba,Jodhpur Storage Hub 71,JOD-ST-71,"H.No. 324, Ghosh Circle, Jodhpur, Tamil Nadu, 463523",2026-02-05 09:01:53
32361bc7-9467-4f24-afd7-1c6514853750,Kanpur Distribution Centre 83,KAN-DI-83,"H.No. 61, Varma Zila, Kanpur, Tamil Nadu, 038069",2024-10-08 09:01:53
10e033d1-3d6b-4d37-bedd-9908e19c8273,Kota Export Hub 79,KOT-EX-79,"H.No. 86, Bhavsar Street, Kota, Nagaland, 311128",2025-07-29 09:01:53
0747c137-4ea4-4b62-8396-8bfdffabdcb8,Delhi Bulk Store 29,DEL-BU-29,"H.No. 779, Kadakia Nagar, Delhi, Rajasthan, 666369",2024-01-30 09:01:53
049fa371-9dd1-4f77-abc8-c5f1725c13cd,Agra Retail Warehouse 72,AGR-RE-72,"H.No. 72, Borah Circle, Agra, Rajasthan, 265984",2024-05-26 09:01:53
f04bb004-0172-46ce-a5b9-35d1b0b4991c,Guwahati Main Warehouse 87,GUW-MA-87,"H.No. 03, Swamy Ganj, Guwahati, Punjab, 294037",2025-07-25 09:01:53
5d1b8141-d556-4193-8292-8086afdb5d22,Aurangabad Export Hub 75,AUR-EX-75,"H.No. 35, Chokshi Ganj, Aurangabad, Sikkim, 245275",2024-01-13 09:01:53
007e9f9c-91d5-4324-8dc5-097906b3a35d,Pune Storage Hub 13,PUN-ST-13,"71, Oommen, Pune, Arunachal Pradesh, 056878",2025-07-30 09:01:53
5c28f797-046e-40ed-be95-7d0a87ff435b,Raipur Sorting Centre 93,RAI-SO-93,"H.No. 712, Narayan Marg, Raipur, Chhattisgarh, 948918",2023-08-31 09:01:53
f9cb6b5c-17ad-4a23-a26f-f7ffab6fa7c6,Guwahati Retail Warehouse 33,GUW-RE-33,"H.No. 29, Khanna Circle, Guwahati, Mizoram, 015149",2023-08-04 09:01:53
c2f502ba-9fac-4b21-aa47-b2a860a88ede,Bhopal Bulk Store 77,BHO-BU-77,"77, Loyal Marg, Bhopal, Odisha, 361657",2024-08-02 09:01:53
8d2a82ba-0c99-4b74-8b94-2ea88e1c2618,Mumbai Cold Storage 43,MUM-CO-43,"52, Ganesan Circle, Mumbai, Chhattisgarh, 195490",2024-08-26 09:01:53
8f7bee32-d333-4689-a5b5-8030a47b686a,Ghaziabad Cold Storage 64,GHA-CO-64,"948, Minhas Road, Ghaziabad, Gujarat, 577661",2024-01-01 09:01:53
862e5069-5e06-4064-9fca-e7adbcb3214d,Nashik Sorting Centre 74,NAS-SO-74,"38/865, Babu Path, Nashik, Tripura, 915956",2025-05-05 09:01:53
e0004dab-683a-406c-8189-2e812f87f2dd,Chandigarh Main Warehouse 70,CHA-MA-70,"78/323, Patla, Chandigarh, Tripura, 601941",2024-01-27 09:01:53
ff49a368-16da-4b58-ae80-a4710dc79644,Pimpri Storage Hub 74,PIM-ST-74,"706, Cherian Marg, Pimpri, Nagaland, 360878",2023-09-10 09:01:53
4520957a-7640-4764-a50e-4108e3bdd55f,Hubli Main Warehouse 54,HUB-MA-54,"H.No. 720, Balakrishnan Street, Hubli, West Bengal, 388112",2024-07-05 09:01:53
f592a19c-4d41-45a5-ad36-f1e90690603a,Varanasi Sorting Centre 82,VAR-SO-82,"H.No. 996, Sood Marg, Varanasi, Maharashtra, 720373",2026-01-23 09:01:53
8185d20f-ad69-4a3d-ba6b-ba1e336cb551,Chandigarh Regional Depot 46,CHA-RE-46,"H.No. 48, Prashad Ganj, Chandigarh, Kerala, 707190",2023-09-11 09:01:53
e3e53ee8-b99b-4ea1-a203-8e12eaf25753,Surat Export Hub 78,SUR-EX-78,"H.No. 65, Mangat Chowk, Surat, Uttarakhand, 967705",2023-12-15 09:01:53
b6a2fd9b-b01c-490a-a11f-1eabf32824f9,Ranchi Bulk Store 2,RAN-BU-02,"H.No. 67, Kohli Ganj, Ranchi, Assam, 490954",2025-02-21 09:01:53
ca922bb3-43a9-48ad-b153-f995a0f623f3,Chennai Main Warehouse 50,CHE-MA-50,"88, Khosla Chowk, Chennai, Tamil Nadu, 588681",2025-04-09 09:01:53
8370e204-d1c8-4823-b694-d3dc337dc1ff,Rajkot Retail Warehouse 31,RAJ-RE-31,"H.No. 253, Deshpande Zila, Rajkot, Odisha, 662547",2025-07-18 09:01:53
202b4b03-d71d-4fde-91b3-8496300f1df0,Srinagar Regional Depot 48,SRI-RE-48,"00/95, Behl Circle, Srinagar, Jharkhand, 146159",2024-12-15 09:01:53
f62324f4-7d1b-4090-aa53-093ef03ac4f5,Bengaluru Distribution Centre 52,BEN-DI-52,"00, Bobal Nagar, Bengaluru, Odisha, 073885",2025-04-23 09:01:53
30acfc3f-3732-48a1-9824-e21e6046ff27,Surat Retail Warehouse 96,SUR-RE-949,"H.No. 67, More Ganj, Surat, Telangana, 436939",2025-07-29 09:01:53
b6ee3775-7cd1-4f02-bec4-6206916e233a,Rajkot Export Hub 9,RAJ-EX-09,"08/941, Chhabra Ganj, Rajkot, Odisha, 967183",2025-05-12 09:01:53
93da3d4f-38b0-4875-8951-9a7a91a254b9,Jabalpur Export Hub 8,JAB-EX-08,"130, Memon Path, Jabalpur, Chhattisgarh, 251119",2025-10-22 09:01:53
f7eb804c-7f35-4485-ac9c-0754f20c3ba8,Agra Fulfilment Centre 82,AGR-FU-82,"03/594, Memon Nagar, Agra, Goa, 125979",2026-02-22 09:01:53
6a5028e4-070e-4bfe-9d3d-dfe8a25df34a,Navi Mumbai Regional Depot 25,NAV-RE-25,"90/32, Sem Ganj, Navi Mumbai, Sikkim, 766062",2024-11-09 09:01:53
86b83e2c-c590-4066-8e6d-58abd7023bf0,Solapur Bulk Store 79,SOL-BU-79,"89/513, Badal Road, Solapur, Rajasthan, 997838",2024-06-24 09:01:53
d69f2a9b-6ff5-4e7f-8462-c7d9a7196247,Lucknow Sorting Centre 51,LUC-SO-51,"44, Bail Ganj, Lucknow, Mizoram, 836329",2025-05-16 09:01:53
da7f3dc6-5b79-4874-b0d3-c368c31fa9ae,Pimpri Regional Depot 793,PIM-RE-858,"39/702, Raja Marg, Pimpri, Haryana, 071548",2024-10-20 09:01:53
e3576b31-8d22-46a0-a42e-ad88c6458795,Kanpur Cold Storage 2,KAN-CO-02,"H.No. 851, Kapoor Ganj, Kanpur, Uttarakhand, 178605",2024-09-16 09:01:53
f6971804-ad5c-48b9-ab4e-e0c25003c43d,Patna Storage Hub 31,PAT-ST-31,"76, Tak Chowk, Patna, Assam, 889203",2024-02-12 09:01:53
3ed33e67-d825-4d9a-9f21-7210e5032a50,Surat Regional Depot 218,SUR-RE-309,"H.No. 287, Sarma Path, Surat, Himachal Pradesh, 589230",2024-10-06 09:01:53
28980dfd-1f3f-49a5-b3c7-d3087ce69d2c,Mumbai Main Warehouse 36,MUM-MA-36,"606, Suresh Chowk, Mumbai, Mizoram, 192497",2025-12-23 09:01:53
4bc1d43a-3ec1-46e1-a0d7-a2a1a41c9a3e,Aurangabad Storage Hub 40,AUR-ST-40,"26/557, Gulati Zila, Aurangabad, Madhya Pradesh, 967451",2025-11-21 09:01:53
dd26b4bc-dd1d-4ae8-a035-745775594b0a,Solapur Cold Storage 44,SOL-CO-44,"45/375, Pant Street, Solapur, Manipur, 488252",2025-07-05 09:01:53
f41945cc-f3a9-49c4-95c9-e974f54efb23,Meerut Sorting Centre 14,MEE-SO-14,"69/901, Pau Circle, Meerut, Bihar, 156733",2025-04-13 09:01:53
72de4fac-258c-4f7c-ab99-520025871dca,Ranchi Cold Storage 41,RAN-CO-41,"51/57, Mangat Marg, Ranchi, Telangana, 705068",2024-11-30 09:01:53
2f9d40d9-0601-432b-bebd-a3236c573b60,Patna Sorting Centre 4,PAT-SO-04,"H.No. 983, Kadakia Circle, Patna, Assam, 465027",2025-02-14 09:01:53
2335027c-6878-4a7a-817f-dcb420bae2bb,Kanpur Retail Warehouse 73,KAN-RE-73,"H.No. 86, Kothari Nagar, Kanpur, Rajasthan, 563338",2023-12-07 09:01:53
5f5e2ac7-259d-4b89-a25c-e48d49401ea3,Faridabad Main Warehouse 21,FAR-MA-21,"23/49, Devi Path, Faridabad, Himachal Pradesh, 705155",2025-06-03 09:01:53
41261204-f2cb-43bf-ba3a-1d7976665bcf,Lucknow Cold Storage 58,LUC-CO-58,"78/263, Amble Circle, Lucknow, Uttarakhand, 242716",2026-01-11 09:01:53
c29509dd-ea20-4e61-b928-2f1e8123152d,Bhopal Fulfilment Centre 29,BHO-FU-29,"H.No. 862, Purohit Circle, Bhopal, Odisha, 476237",2024-05-11 09:01:53
75aecb34-8e59-418c-afd4-74eb778ae98a,Surat Sorting Centre 44,SUR-SO-44,"H.No. 385, Singh Road, Surat, Nagaland, 268193",2024-04-22 09:01:53
e2a7f2b7-8914-46af-87b8-05486c1bfa04,Gwalior Regional Depot 46,GWA-RE-46,"H.No. 922, Mand, Gwalior, Assam, 328062",2025-09-10 09:01:53
600f1f7b-e281-499e-8446-20ab486b6db0,Thane Distribution Centre 42,THA-DI-42,"H.No. 39, Chandran Road, Thane, Mizoram, 455418",2024-05-28 09:01:53
94cb72be-de04-4fef-be67-8cec7db76a82,Ranchi Storage Hub 68,RAN-ST-68,"25/88, Chada Ganj, Ranchi, Himachal Pradesh, 035630",2025-02-11 09:01:53
bb8b694f-779b-4452-b2de-77ed81cde6e2,Thane Main Warehouse 36,THA-MA-36,"282, Soman Marg, Thane, Gujarat, 490479",2026-02-22 09:01:53
096879b6-32d7-4cdd-bb04-dc28c8ed9636,Jaipur Sorting Centre 56,JAI-SO-56,"65/71, Thakur Marg, Jaipur, Odisha, 213250",2025-02-06 09:01:53
dd96cf24-5353-4528-af12-8a40afa0547d,Kanpur Sorting Centre 77,KAN-SO-77,"62/86, Murthy Circle, Kanpur, Madhya Pradesh, 347608",2025-12-12 09:01:53
77032d9d-d8cf-4edc-9272-e7f0c5f67083,Srinagar Storage Hub 13,SRI-ST-13,"23/09, Pathak Street, Srinagar, Nagaland, 289467",2024-11-02 09:01:53
0692be0a-d170-4190-b93d-4bedcd83ca0c,Patna Storage Hub 77,PAT-ST-77,"36/316, Kohli Ganj, Patna, Andhra Pradesh, 601726",2025-10-23 09:01:53
ffe46930-dd79-42f1-b98a-d696d268c1a4,Jaipur Main Warehouse 39,JAI-MA-39,"803, Ravel Ganj, Jaipur, Jharkhand, 847491",2025-12-15 09:01:53
6d454666-80a9-4946-8749-d422a58081cb,Rajkot Retail Warehouse 70,RAJ-RE-70,"16/343, Karnik Nagar, Rajkot, Bihar, 166366",2023-08-08 09:01:53
a1cbe128-9ca1-497b-8ca9-0f53f5d82fbf,Tiruchirappalli Storage Hub 16,TIR-ST-16,"284, Nadkarni Path, Tiruchirappalli, Jharkhand, 408579",2025-03-12 09:01:53
ffacab0e-d67c-49f3-a134-9b88f1ca6441,Kota Fulfilment Centre 76,KOT-FU-76,"22, Pandey, Kota, Assam, 084861",2025-09-15 09:01:53
d3735232-3ef6-4d16-9d40-8dadf94f5b2c,Meerut Bulk Store 78,MEE-BU-78,"H.No. 660, Goswami Nagar, Meerut, West Bengal, 046901",2025-08-12 09:01:53
99125ef4-d948-4aad-86b2-f3922d22c491,Dhanbad Main Warehouse 51,DHA-MA-51,"49, Iyengar Path, Dhanbad, Mizoram, 624410",2025-07-31 09:01:53
5060aeac-aa04-4d4e-91ca-cc4e47537ca8,Jaipur Cold Storage 97,JAI-CO-97,"67, Mani Circle, Jaipur, Karnataka, 321650",2026-02-09 09:01:53
fce7ec51-cbcd-4c14-8ef0-251b3091285c,Indore Distribution Centre 30,IND-DI-30,"423, Hayer Circle, Indore, Kerala, 407110",2024-07-22 09:01:53
ff675109-6f83-4bec-85c6-2ba265d1616c,Lucknow Export Hub 6,LUC-EX-06,"72/985, Ganguly Nagar, Lucknow, Haryana, 506671",2025-05-09 09:01:53
a0a19877-fab6-4c8c-b8e4-4eb1787650af,Ranchi Cold Storage 190,RAN-CO-155,"H.No. 85, Kapadia Ganj, Ranchi, Sikkim, 171479",2026-01-27 09:01:53
6808f0ab-ac22-4f2d-8f35-d262b241655e,Rajkot Distribution Centre 86,RAJ-DI-86,"H.No. 54, Garde Zila, Rajkot, Odisha, 492202",2024-07-23 09:01:53
88e14bc3-ed59-4abf-8a65-6e64726dc0e0,Hyderabad Distribution Centre 246,HYD-DI-659,"81/52, Upadhyay Nagar, Hyderabad, Odisha, 217680",2025-07-08 09:01:53
73637e94-5c62-4b91-810a-38c6128f5bf2,Indore Cold Storage 80,IND-CO-80,"H.No. 269, Ganesan Marg, Indore, Karnataka, 507324",2025-07-26 09:01:53
2445c6f9-9581-4270-a18a-6d58a94f2d5b,Amritsar Sorting Centre 63,AMR-SO-63,"91/394, Bhagat Ganj, Amritsar, Haryana, 502749",2025-12-18 09:01:53
0eb6de49-8513-4145-bc2a-6f391ed8044b,Gwalior Main Warehouse 1,GWA-MA-01,"23, Karpe Circle, Gwalior, Mizoram, 403765",2026-01-14 09:01:53
5e7e7099-c327-48d8-84d6-125679a6ffef,Madurai Main Warehouse 24,MAD-MA-24,"H.No. 39, Lata, Madurai, Chhattisgarh, 803308",2024-03-19 09:01:53
a334c39c-8831-43b4-b640-d68b5ed9eaa4,Jabalpur Cold Storage 56,JAB-CO-56,"41, Sabharwal Road, Jabalpur, Rajasthan, 290850",2025-12-03 09:01:53
df191e32-f53d-498e-a875-a4690e94f49f,Faridabad Storage Hub 24,FAR-ST-24,"H.No. 04, Tandon Circle, Faridabad, Sikkim, 590518",2023-11-04 09:01:53
bea4f4e1-066f-4331-ac1d-eae787745b62,Ludhiana Bulk Store 92,LUD-BU-92,"377, Cheema Street, Ludhiana, Arunachal Pradesh, 744479",2024-03-09 09:01:53
59b36606-fe73-4aca-bf68-e1b5611a2490,Kota Regional Depot 90,KOT-RE-90,"39/117, Sundaram Zila, Kota, Himachal Pradesh, 034568",2024-10-26 09:01:53
db777282-bd12-4574-a9c5-a61b9ed0004c,Chennai Export Hub 95,CHE-EX-95,"84/865, Joshi Chowk, Chennai, Meghalaya, 496660",2025-03-02 09:01:53
8dc8c9ee-89fe-4e91-a016-c59f67623712,Agra Sorting Centre 40,AGR-SO-40,"23, Radhakrishnan Marg, Agra, Telangana, 474120",2026-03-12 09:01:53
a76413e2-f2bb-4ae9-850c-d85f9ade4a4a,Solapur Retail Warehouse 75,SOL-RE-75,"18/03, Varughese Marg, Solapur, Punjab, 825289",2024-06-16 09:01:53
1a6f65f2-1f12-42bc-83bb-26fe67d63915,Surat Fulfilment Centre 1,SUR-FU-01,"40/439, Patla Ganj, Surat, Bihar, 026957",2025-05-26 09:01:53
56b52407-879f-4d8e-938e-8e865cec8cf5,Tiruchirappalli Cold Storage 94,TIR-CO-94,"52, Sahota Marg, Tiruchirappalli, Nagaland, 803163",2023-12-12 09:01:53
f048be70-54d6-479a-84e8-7cec91d6f2c8,Indore Storage Hub 96,IND-ST-96,"78, Sharaf Zila, Indore, Karnataka, 481353",2025-07-18 09:01:53
4b0e9db2-949b-4606-af25-38c197207316,Kolkata Bulk Store 84,KOL-BU-84,"64, Varma Street, Kolkata, Haryana, 039539",2024-06-10 09:01:53
f00fcb33-a9d1-4bd3-875b-1c9eb2595c67,Aurangabad Retail Warehouse 69,AUR-RE-69,"H.No. 26, Vig Nagar, Aurangabad, Rajasthan, 329873",2024-01-18 09:01:53
7779df5a-a3a4-40a6-9006-e079e68ddd5c,Chennai Regional Depot 43,CHE-RE-43,"H.No. 01, Kumar Zila, Chennai, Punjab, 475473",2025-02-22 09:01:53
346f1689-e50f-4910-aa44-76bab19e21a2,Patna Retail Warehouse 94,PAT-RE-94,"77/049, Baral, Patna, Odisha, 781945",2025-05-24 09:01:53
df96b858-1792-48bd-bfd4-165b4064bad2,Bhopal Retail Warehouse 2,BHO-RE-02,"59, Seshadri Chowk, Bhopal, Haryana, 103405",2024-01-03 09:01:53
9abf9a93-ae77-4d5e-b514-2d26306a42ce,Hubli Distribution Centre 79,HUB-DI-79,"36, Char Circle, Hubli, Arunachal Pradesh, 417569",2025-05-16 09:01:53
41ef4b7c-0cb3-476d-9b55-1e6720f9bad7,Mysuru Cold Storage 26,MYS-CO-26,"43/072, Thakkar Zila, Mysuru, Sikkim, 716991",2024-04-20 09:01:53
7a9aec74-9c3e-485a-bf30-87f9fdb30e79,Vijayawada Distribution Centre 11,VIJ-DI-11,"58, Golla Chowk, Vijayawada, Haryana, 341104",2024-04-27 09:01:53
0f87111d-f3e8-436c-86e3-90f9126d72da,Srinagar Retail Warehouse 55,SRI-RE-993,"57/86, Choudhry Chowk, Srinagar, Chhattisgarh, 572818",2025-01-08 09:01:53
c7ade585-981e-4bf0-bca7-be9c6bf97266,Guwahati Bulk Store 44,GUW-BU-44,"912, Walla Chowk, Guwahati, Mizoram, 249919",2026-01-14 09:01:53
dd03c1ba-fbf7-4723-840c-ac153497f2b6,Agra Storage Hub 85,AGR-ST-85,"08, Chaudhry Road, Agra, Telangana, 855373",2024-11-17 09:01:53
790fd6a7-a0f3-46b3-a96b-b2c2cfe08d99,Madurai Bulk Store 9,MAD-BU-09,"H.No. 437, Jani Marg, Madurai, Bihar, 596707",2025-11-06 09:01:53
8e1cb96b-f18f-4f2d-bb28-855f962c1507,Delhi Sorting Centre 21,DEL-SO-21,"H.No. 694, Chandran Road, Delhi, Himachal Pradesh, 000407",2024-08-24 09:01:53
44d7fe31-2ab5-4fb0-a1f9-386fe71b8629,Kolkata Cold Storage 62,KOL-CO-62,"H.No. 60, Khare Street, Kolkata, Tripura, 064079",2024-08-31 09:01:53
e7416477-bb04-44ef-b5ea-63b9fd59c98e,Hyderabad Bulk Store 85,HYD-BU-85,"29, Viswanathan Marg, Hyderabad, Telangana, 288542",2025-12-29 09:01:53
e0b2a4f2-9976-4c28-9159-ab090b0a4e15,Solapur Sorting Centre 8,SOL-SO-08,"34, Sunder Road, Solapur, Odisha, 519736",2025-10-06 09:01:53
98037217-3096-4101-8535-fd3a3bac754d,Jaipur Fulfilment Centre 692,JAI-FU-117,"54, Peri Chowk, Jaipur, Mizoram, 837105",2025-02-07 09:01:53
6bd775ea-311d-4aa3-9916-76d4eecaeac8,Dhanbad Export Hub 88,DHA-EX-88,"925, Bhakta, Dhanbad, Uttar Pradesh, 771853",2023-08-08 09:01:53
43a42e85-924f-479b-bc07-c685790a95e1,Srinagar Main Warehouse 50,SRI-MA-50,"60/174, Bahri Ganj, Srinagar, Himachal Pradesh, 256004",2024-06-08 09:01:53
41ec0223-948c-4659-a738-5c35b74c7896,Dhanbad Bulk Store 27,DHA-BU-27,"H.No. 316, Talwar Marg, Dhanbad, Manipur, 270712",2025-04-05 09:01:53
02d0c647-e75e-47d9-a40e-7b3bf42ce285,Bhopal Storage Hub 20,BHO-ST-20,"97, Sarna Zila, Bhopal, Maharashtra, 506427",2025-08-23 09:01:53
c7c6582a-20ce-4862-b7cd-b40e8da54ddb,Kota Retail Warehouse 16,KOT-RE-16,"990, Kade Road, Kota, Mizoram, 767622",2024-09-08 09:01:53
5810cc5f-3807-4463-9edd-afd2d6633f2b,Agra Sorting Centre 20,AGR-SO-20,"02, Muni Path, Agra, Haryana, 639158",2025-12-31 09:01:53
d9e59bcb-c7a2-4bbf-9331-d09d7ed81831,Jaipur Bulk Store 82,JAI-BU-82,"H.No. 64, Date Chowk, Jaipur, Karnataka, 046782",2024-10-01 09:01:53
6f05d873-0614-4647-875b-3908a8a9b491,Solapur Regional Depot 83,SOL-RE-83,"03/690, Chokshi Marg, Solapur, Karnataka, 026134",2024-10-06 09:01:53
e01dad33-2b5f-4eef-997b-a77ae2f84bd4,Nashik Bulk Store 29,NAS-BU-29,"H.No. 973, Deshmukh Zila, Nashik, Chhattisgarh, 667665",2023-08-24 09:01:53
28f352e6-7e23-4b32-8872-b857721f0454,Amritsar Distribution Centre 11,AMR-DI-11,"H.No. 05, Gola Ganj, Amritsar, Himachal Pradesh, 169435",2025-05-26 09:01:53
13a3fbd4-3f02-43c9-bd8c-3803c4e7010a,Surat Sorting Centre 40,SUR-SO-40,"286, Shukla Zila, Surat, Nagaland, 581380",2025-08-29 09:01:53
0dcf74d4-4059-4db5-b743-3f1783514b50,Delhi Main Warehouse 4,DEL-MA-04,"H.No. 73, D’Alia Street, Delhi, Haryana, 788645",2023-07-27 09:01:53
4335a43d-34f1-42d1-9f12-9f5d5717331b,Hubli Fulfilment Centre 851,HUB-FU-345,"H.No. 52, Choudhary Marg, Hubli, Karnataka, 070557",2024-01-13 09:01:53
14ca3fcc-09b5-451e-9db1-f52e6bcefa6f,Bhopal Sorting Centre 97,BHO-SO-97,"H.No. 529, Banik Path, Bhopal, Nagaland, 874412",2024-09-10 09:01:53
b23d2344-f3f3-496a-922f-60bc60291efa,Coimbatore Storage Hub 32,COI-ST-32,"599, Saraf Circle, Coimbatore, Rajasthan, 586926",2024-03-25 09:01:53
011c9b52-3b03-4507-b502-8c9c30c4850a,Chandigarh Distribution Centre 27,CHA-DI-27,"560, Rajagopal Nagar, Chandigarh, Rajasthan, 551517",2025-10-19 09:01:53
6055b181-d824-4a08-9803-b73ea141517c,Visakhapatnam Bulk Store 45,VIS-BU-45,"75/19, Soman Ganj, Visakhapatnam, Mizoram, 953127",2024-07-09 09:01:53
0fb5221f-b41b-4052-a416-e051e2d00483,Raipur Export Hub 49,RAI-EX-49,"445, Bahri Circle, Raipur, Sikkim, 976213",2025-02-18 09:01:53
8c31bed4-0573-42fe-8fc5-e8898085d2b7,Vijayawada Fulfilment Centre 17,VIJ-FU-17,"H.No. 61, Malhotra Marg, Vijayawada, Sikkim, 152653",2023-06-24 09:01:53
fa6ba32b-41ce-477f-860d-59fd009d8c7e,Dhanbad Export Hub 265,DHA-EX-106,"224, Baral Chowk, Dhanbad, Telangana, 014812",2024-10-28 09:01:53
00179c1b-0aa0-4816-91f3-9711387c89e2,Raipur Export Hub 26,RAI-EX-26,"71/98, Mahajan Circle, Raipur, Arunachal Pradesh, 374812",2023-12-15 09:01:53
d057ab76-bb61-424a-9f8c-3eac59e48c67,Kota Retail Warehouse 351,KOT-RE-584,"81, Krish Chowk, Kota, Andhra Pradesh, 805889",2025-12-31 09:01:53
9e2fe26d-fa7f-4cef-bcbf-87e15f82f4b2,Ludhiana Fulfilment Centre 68,LUD-FU-68,"05/80, Dara Circle, Ludhiana, Himachal Pradesh, 334050",2025-10-23 09:01:53
352d4697-23fb-410f-a461-1d682865d2a7,Bengaluru Distribution Centre 13,BEN-DI-13,"10/56, Om Ganj, Bengaluru, Rajasthan, 990213",2024-01-07 09:01:53
542ccc8c-9717-41a1-9755-50e0f5ca28cd,Pimpri Main Warehouse 50,PIM-MA-50,"H.No. 166, Mitter, Pimpri, Maharashtra, 212467",2023-12-12 09:01:53
487b492d-0bae-48bb-b1c3-5aad264fcb6a,Agra Storage Hub 90,AGR-ST-90,"42, Contractor Circle, Agra, Chhattisgarh, 983620",2024-12-31 09:01:53
6d344dad-212e-4bc3-bf04-19aacb3588ef,Meerut Regional Depot 24,MEE-RE-24,"49, Lall Circle, Meerut, Odisha, 912609",2024-12-28 09:01:53
9290e572-8b5a-4c67-b893-e64e35feeb7e,Srinagar Fulfilment Centre 48,SRI-FU-48,"033, Lad Zila, Srinagar, Telangana, 565716",2026-01-08 09:01:53
b45dca59-5961-4839-9885-81a1a7d4c783,Surat Retail Warehouse 24,SUR-RE-24,"57, Char Circle, Surat, Gujarat, 499504",2025-06-01 09:01:53
51810a08-ae54-4290-bf11-3dbc8f774620,Ghaziabad Cold Storage 29,GHA-CO-29,"896, Chaudhry Road, Ghaziabad, Madhya Pradesh, 508629",2023-07-03 09:01:53
0e547c8a-fcdc-418b-8171-b7c2875da855,Bhopal Retail Warehouse 47,BHO-RE-47,"H.No. 32, Kara Street, Bhopal, Andhra Pradesh, 248764",2024-04-25 09:01:53
66f8a2b5-0e04-4287-9199-eb2caa0e2c24,Meerut Cold Storage 97,MEE-CO-97,"H.No. 261, Patla Ganj, Meerut, Uttarakhand, 745861",2025-02-12 09:01:53
a6cfccd0-2d71-4e6e-b4eb-30f5035096c1,Vijayawada Retail Warehouse 267,VIJ-RE-542,"05/83, Korpal, Vijayawada, Jharkhand, 835442",2024-12-18 09:01:53
558c2575-8bcc-41b8-b8ac-891efca7a655,Navi Mumbai Regional Depot 76,NAV-RE-76,"78/859, Uppal Circle, Navi Mumbai, Bihar, 069656",2025-01-02 09:01:53
e730e481-260e-4a4f-92d1-0fbb4ce6aa1d,Lucknow Storage Hub 36,LUC-ST-36,"32/59, Dhar Marg, Lucknow, Manipur, 223683",2023-12-02 09:01:53
5e537332-5b1e-46d9-913c-7ae9919861d3,Coimbatore Regional Depot 91,COI-RE-91,"H.No. 275, Kumar Ganj, Coimbatore, Bihar, 995578",2025-03-03 09:01:53
80d13cf6-c291-492a-bd3e-204c87813707,Pune Main Warehouse 40,PUN-MA-40,"02/280, Sha Zila, Pune, Meghalaya, 062945",2025-01-22 09:01:53
46a4a0a8-2403-44e1-b1f8-625cec863973,Jodhpur Storage Hub 41,JOD-ST-41,"H.No. 269, Loke Road, Jodhpur, Manipur, 534143",2026-03-09 09:01:53
6dc7b7ef-70cf-4eb7-a1e5-e56029a4b83d,Rajkot Sorting Centre 17,RAJ-SO-17,"10/32, Dasgupta Ganj, Rajkot, Uttarakhand, 679066",2023-06-25 09:01:53
c1bb8b3b-b7b1-4c0f-b59c-41ba5388ba0e,Coimbatore Bulk Store 42,COI-BU-42,"74/772, Chatterjee Nagar, Coimbatore, Assam, 408384",2025-02-15 09:01:53
e213bf4d-45de-4b0b-9352-88fa84d00d6f,Ranchi Cold Storage 15,RAN-CO-15,"782, Badami Marg, Ranchi, Uttar Pradesh, 877795",2025-10-19 09:01:53
bbdbaea9-c822-4c07-bda0-eb0ef8b725c6,Kota Main Warehouse 54,KOT-MA-54,"33/422, Kakar Path, Kota, Odisha, 922425",2024-01-20 09:01:53
e5a5df05-eab2-43d9-a72a-40c2f8071f6f,Jaipur Retail Warehouse 54,JAI-RE-54,"77, Shah Street, Jaipur, Manipur, 575021",2024-03-16 09:01:53
9a8e56ba-2578-4d00-8b7e-6adff0dc57e8,Amritsar Storage Hub 77,AMR-ST-77,"88/521, Manda Zila, Amritsar, Mizoram, 603638",2023-07-21 09:01:53
726cfd30-e754-49b3-9f59-76083f810063,Thane Cold Storage 90,THA-CO-90,"968, Tiwari Chowk, Thane, West Bengal, 204759",2026-02-20 09:01:53
474f580a-c34b-468c-b2c4-f243c323b791,Vijayawada Retail Warehouse 75,VIJ-RE-75,"35/89, Sekhon Road, Vijayawada, Tripura, 069392",2024-01-08 09:01:53
f4e7f65e-5e0d-417f-b737-789d6ad44881,Indore Regional Depot 88,IND-RE-88,"53/20, Nadig Street, Indore, Jharkhand, 167946",2023-09-28 09:01:53
be7e0247-5c51-4459-8289-b9cb315840b6,Pimpri Storage Hub 10,PIM-ST-10,"77/818, Varughese, Pimpri, Uttar Pradesh, 361395",2025-10-31 09:01:53
08df8b6e-808b-4c8f-8216-dcc371faae71,Coimbatore Distribution Centre 39,COI-DI-39,"45/92, Contractor Zila, Coimbatore, Tamil Nadu, 723501",2024-12-22 09:01:53
7a89f456-8436-4c65-890f-e64cc8cfa3cd,Raipur Cold Storage 1,RAI-CO-01,"47/37, Sami Chowk, Raipur, Chhattisgarh, 389654",2025-09-05 09:01:53
38d9c6ce-ef51-4e16-b2f2-a9dcaa444017,Surat Fulfilment Centre 38,SUR-FU-38,"97/79, Srinivas Zila, Surat, Nagaland, 200810",2023-09-12 09:01:53
2bedea15-c82f-423f-8778-493c0910eb23,Amritsar Retail Warehouse 71,AMR-RE-71,"H.No. 142, Reddy Circle, Amritsar, Sikkim, 906251",2023-10-19 09:01:53
2520c634-2f24-4c51-9739-c5d1490e1389,Chandigarh Main Warehouse 37,CHA-MA-37,"H.No. 75, Oak, Chandigarh, Bihar, 909671",2023-08-25 09:01:53
5b11b5d0-4ffb-45ad-88f2-2cc5241ecb34,Agra Retail Warehouse 93,AGR-RE-93,"08/004, Varma Path, Agra, Tamil Nadu, 242274",2024-08-11 09:01:53
08356ba8-c53f-4fa4-82ea-a6e6f1220cfd,Aurangabad Storage Hub 48,AUR-ST-48,"96/652, Mishra, Aurangabad, Uttarakhand, 051719",2025-11-15 09:01:53
f2c003ba-ae0c-4bff-b507-b53701bf3259,Allahabad Regional Depot 90,ALL-RE-90,"25, Gole Zila, Allahabad, Rajasthan, 433536",2024-05-12 09:01:53
441ff02e-6557-48d9-b6df-ced42672f485,Hyderabad Retail Warehouse 4,HYD-RE-04,"57, Tank Chowk, Hyderabad, Manipur, 426587",2025-08-18 09:01:53
f02d6d4d-659e-4235-9f27-7a01510374be,Thane Sorting Centre 68,THA-SO-68,"H.No. 03, Andra Zila, Thane, Jharkhand, 914077",2025-10-28 09:01:53
ce584360-a525-48d9-ab0f-ed518fc289c2,Kolkata Regional Depot 58,KOL-RE-58,"H.No. 280, Chada Marg, Kolkata, Sikkim, 746669",2024-08-23 09:01:53
a616ee76-5dc6-45b3-8484-b1ddb874f01b,Kota Storage Hub 32,KOT-ST-32,"47, Chana Street, Kota, Manipur, 243566",2025-08-29 09:01:53
0456fd4b-c37c-4c25-bef1-b65847a8197f,Srinagar Storage Hub 89,SRI-ST-89,"30/32, Hegde Path, Srinagar, Madhya Pradesh, 255876",2026-01-16 09:01:53
4af12015-1d8b-4c4c-ade3-2a1ffb79abdd,Coimbatore Regional Depot 41,COI-RE-41,"35, Som Nagar, Coimbatore, Nagaland, 072839",2026-01-08 09:01:53
ef4f98af-385d-4df3-a776-2a37f16b5a15,Guwahati Bulk Store 63,GUW-BU-63,"H.No. 76, Sagar Road, Guwahati, Telangana, 261499",2025-01-29 09:01:53
c07969f6-e43b-4fa8-8776-25084afa2b83,Tiruchirappalli Retail Warehouse 2,TIR-RE-02,"631, Rana, Tiruchirappalli, Goa, 564439",2025-02-03 09:01:53
7696fd08-5f64-403d-8b94-f26dedd9c21f,Nagpur Bulk Store 81,NAG-BU-81,"H.No. 951, Nayar, Nagpur, Madhya Pradesh, 300636",2025-08-02 09:01:53
0d5f0e45-ade1-4ff3-ab46-09f529a6ace6,Raipur Storage Hub 67,RAI-ST-67,"105, Ramachandran Zila, Raipur, Himachal Pradesh, 787048",2025-01-02 09:01:53
9133b8c4-2378-4a6d-a58a-1a6fea5d9eba,Nagpur Main Warehouse 15,NAG-MA-15,"H.No. 135, Soni Ganj, Nagpur, Telangana, 965272",2026-01-05 09:01:53
97163036-f7c1-489f-80a7-7d4b1a46e6ab,Jaipur Storage Hub 4,JAI-ST-04,"59/86, Sharma Chowk, Jaipur, Meghalaya, 554899",2023-11-24 09:01:53
477a0455-7b20-4e86-a798-aa1d6037fb8c,Hyderabad Export Hub 38,HYD-EX-38,"07/129, Rajagopalan, Hyderabad, Punjab, 548270",2024-10-15 09:01:53
2ddaff52-38f3-485c-aef4-71df9394bab7,Pimpri Storage Hub 50,PIM-ST-50,"H.No. 293, Cheema Ganj, Pimpri, Gujarat, 689374",2023-11-29 09:01:53
2d512625-92bb-4e67-9de6-bb8fb7baf7b9,Visakhapatnam Export Hub 27,VIS-EX-27,"02, Krish Zila, Visakhapatnam, Maharashtra, 157712",2025-08-17 09:01:53
59f8ee6c-88da-40da-ad7b-0cb6cca9ca0f,Mysuru Fulfilment Centre 55,MYS-FU-55,"91/842, Bhatnagar Path, Mysuru, Telangana, 617655",2023-10-27 09:01:53
57da2513-2193-4ce2-8b7a-85800d25f0bb,Srinagar Sorting Centre 49,SRI-SO-49,"92/23, Pathak Path, Srinagar, Chhattisgarh, 870630",2026-02-19 09:01:53
1c97049b-f5dc-43ba-8e17-e6a6910a6ce4,Navi Mumbai Storage Hub 89,NAV-ST-89,"22/829, Keer Ganj, Navi Mumbai, Kerala, 878971",2024-09-07 09:01:53
0409ffcb-e0a5-4af8-80eb-a021ad50e8d0,Gwalior Bulk Store 64,GWA-BU-64,"H.No. 35, Rout, Gwalior, Jharkhand, 268474",2024-03-03 09:01:53
461201ba-6358-45da-a518-aced6b34af79,Hubli Distribution Centre 90,HUB-DI-90,"45, Bandi Path, Hubli, Manipur, 831018",2025-08-15 09:01:53
d4d0bbfb-0ef2-4d67-9845-e5a71332eee1,Faridabad Main Warehouse 43,FAR-MA-43,"H.No. 08, Bawa Circle, Faridabad, Nagaland, 564505",2024-05-28 09:01:53
4e51fcff-b15e-4b45-97ac-0a9d8877c765,Kota Regional Depot 78,KOT-RE-78,"10/58, Chopra Nagar, Kota, Andhra Pradesh, 797447",2023-08-18 09:01:53
a23d9dd6-769b-4625-9e48-9a6a5caba2b4,Patna Bulk Store 77,PAT-BU-77,"19, Sekhon Ganj, Patna, Nagaland, 636465",2025-10-29 09:01:53
9849fe61-a53f-4570-99bd-0ce4d33892e8,Delhi Export Hub 48,DEL-EX-48,"334, Savant Chowk, Delhi, Himachal Pradesh, 337922",2023-08-18 09:01:53
c5d9de7d-a88b-448d-a118-f21192218093,Rajkot Regional Depot 73,RAJ-RE-73,"62/819, Pai Zila, Rajkot, Andhra Pradesh, 374387",2024-03-12 09:01:53
7cebfdb3-cdfa-4179-8967-ad0a5ef3164b,Hyderabad Distribution Centre 25,HYD-DI-25,"450, Gala Path, Hyderabad, Bihar, 050472",2025-10-16 09:01:53
c340ebe8-06fc-4988-b0d8-b05efb583ec5,Visakhapatnam Sorting Centre 48,VIS-SO-48,"09, Sane Chowk, Visakhapatnam, Goa, 459773",2024-01-23 09:01:53
8afa57f3-6c4f-46ec-a926-5da91a57e337,Kolkata Sorting Centre 28,KOL-SO-28,"60, Walia, Kolkata, Tripura, 919817",2025-02-24 09:01:53
0d4e2c0e-721f-4497-bf7e-397c37ea764e,Hyderabad Main Warehouse 10,HYD-MA-10,"H.No. 73, Sarin Marg, Hyderabad, Kerala, 978858",2025-11-24 09:01:53
f14faa62-9bdb-4d9f-84a9-bcccc852c45e,Ludhiana Regional Depot 51,LUD-RE-51,"48, Pal, Ludhiana, Rajasthan, 713198",2025-11-22 09:01:53
1350fe76-c083-418e-998a-f28ae504d84a,Dhanbad Cold Storage 68,DHA-CO-68,"H.No. 44, Ramakrishnan, Dhanbad, Assam, 395257",2024-03-12 09:01:53
76901a44-1cee-43f8-9cc9-fb4cb1f336e4,Chandigarh Main Warehouse 899,CHA-MA-050,"H.No. 77, Mall Chowk, Chandigarh, Haryana, 212384",2025-08-05 09:01:53
6139104d-62e4-4879-85bf-e82a39a28de6,Allahabad Export Hub 655,ALL-EX-776,"77/56, Bumb Zila, Allahabad, Nagaland, 557983",2024-02-28 09:01:53
a06e0118-e0a6-4484-9871-d67701641861,Hubli Main Warehouse 37,HUB-MA-37,"290, Bhasin Nagar, Hubli, Karnataka, 545173",2025-06-26 09:01:53
5b868754-6746-4a67-8c1d-8bd9b2139312,Jodhpur Distribution Centre 8,JOD-DI-08,"58, Mane Path, Jodhpur, Arunachal Pradesh, 919344",2025-05-30 09:01:53
6c2987d8-a6bb-4234-b063-eead881c6785,Hyderabad Regional Depot 31,HYD-RE-31,"462, Chauhan Chowk, Hyderabad, Chhattisgarh, 933065",2026-01-08 09:01:53
6f3a128c-4a4a-4daf-aced-fdeafd28f861,Agra Bulk Store 916,AGR-BU-522,"353, Sodhi Path, Agra, Karnataka, 962821",2025-03-31 09:01:53
1ffb1116-0498-428b-9ad9-c9c34f92c27f,Chennai Fulfilment Centre 43,CHE-FU-43,"60/87, Suresh Circle, Chennai, Tripura, 788273",2025-08-31 09:01:53
52bfc7af-bf27-4f2b-8221-b2494eaabe03,Allahabad Distribution Centre 36,ALL-DI-36,"63, Singh Nagar, Allahabad, Manipur, 983666",2024-10-03 09:01:53
375f7d7f-99ee-4b84-8b5c-93cd1753d848,Madurai Fulfilment Centre 62,MAD-FU-62,"H.No. 979, Thakur Chowk, Madurai, Uttar Pradesh, 500445",2025-05-01 09:01:53
5c4923a8-520d-4921-afa4-a607ef7e667c,Aurangabad Cold Storage 518,AUR-CO-052,"07/296, Bala Street, Aurangabad, Sikkim, 079322",2025-08-25 09:01:53
9811b4cc-6ec4-447b-9b6a-5f4048e1fa50,Bengaluru Sorting Centre 82,BEN-SO-82,"52, Varughese Chowk, Bengaluru, Goa, 463059",2026-03-02 09:01:53
b3f691b5-6852-4a2e-8de9-24c40595ebde,Ahmedabad Bulk Store 67,AHM-BU-67,"H.No. 15, Tata Marg, Ahmedabad, Bihar, 775398",2023-08-04 09:01:53
ee0a9513-51f5-49f2-8f92-6860f106541a,Ghaziabad Bulk Store 37,GHA-BU-37,"72/458, Sharma Zila, Ghaziabad, Sikkim, 884075",2024-12-11 09:01:53
5b060d75-afcd-4d66-900a-3e8b30e9668e,Pune Retail Warehouse 58,PUN-RE-58,"53/805, Ramanathan Ganj, Pune, Karnataka, 268395",2024-08-29 09:01:53
9c4a78b2-4981-4c51-92dc-d8f48c8203bf,Visakhapatnam Main Warehouse 12,VIS-MA-12,"H.No. 705, Gupta Zila, Visakhapatnam, West Bengal, 696721",2023-07-03 09:01:53
7a4acc8c-b223-4e13-87cc-36a7771fe367,Gwalior Main Warehouse 20,GWA-MA-20,"815, Kibe Marg, Gwalior, Nagaland, 027853",2023-09-17 09:01:53
8e4bd98c-a833-4fed-a268-084c13c90301,Aurangabad Distribution Centre 52,AUR-DI-52,"98, Choudhury Street, Aurangabad, Jharkhand, 413717",2023-09-08 09:01:53
4096fd60-a747-4d38-a06e-b2c0b1eff989,Gwalior Export Hub 89,GWA-EX-89,"063, Banik, Gwalior, Uttarakhand, 830684",2024-08-19 09:01:53
01c5e3d7-7c19-4347-8b9e-a145f3224df3,Madurai Fulfilment Centre 719,MAD-FU-106,"83/681, Savant Marg, Madurai, Goa, 866560",2024-12-23 09:01:53
75d3cae3-edf6-42c1-a38c-61bd79d36eef,Kolkata Distribution Centre 47,KOL-DI-47,"77, Palla Path, Kolkata, Odisha, 735410",2024-10-02 09:01:53
d2321688-d6af-47d6-b465-c62f9fd22f7c,Faridabad Bulk Store 67,FAR-BU-67,"H.No. 77, Pandya Street, Faridabad, Andhra Pradesh, 025898",2025-01-06 09:01:53
61fe7bbe-f651-4e62-80b2-56aa1683f0f1,Pune Distribution Centre 73,PUN-DI-73,"10/85, Wadhwa Path, Pune, Manipur, 357845",2024-08-07 09:01:53
b6e6a488-218c-4c0e-904d-3b49f584e02b,Dhanbad Bulk Store 57,DHA-BU-57,"20, Bail Circle, Dhanbad, Chhattisgarh, 104150",2025-03-15 09:01:53
6286f4f0-1e2f-462f-90e2-6b9f5e903fa9,Jabalpur Export Hub 26,JAB-EX-26,"49, Dada Ganj, Jabalpur, Madhya Pradesh, 081611",2024-05-04 09:01:53
c725f961-9c65-4899-bc58-faf097bfb52b,Nagpur Storage Hub 53,NAG-ST-53,"H.No. 56, Chakraborty Marg, Nagpur, Haryana, 047500",2026-01-06 09:01:53
aa462370-17e9-455d-a478-b04ead2ca85a,Dhanbad Main Warehouse 93,DHA-MA-93,"H.No. 458, Bandi Road, Dhanbad, Rajasthan, 270699",2025-04-20 09:01:53
c7b9179f-a125-49a2-a7df-46fe7206d717,Delhi Cold Storage 69,DEL-CO-69,"06/494, Khurana, Delhi, Karnataka, 580363",2025-08-14 09:01:53
9f58be3a-905b-4cb2-96e4-1d78460f2cb6,Nashik Fulfilment Centre 33,NAS-FU-33,"36/47, Gala Street, Nashik, Jharkhand, 581708",2025-03-14 09:01:53
d1324314-e85d-4272-8d17-a6d62b7b91d2,Madurai Export Hub 9,MAD-EX-09,"33/514, Lad Street, Madurai, Himachal Pradesh, 639000",2024-07-20 09:01:53
2ace1b73-c172-450a-95cd-3d3ddd754085,Agra Bulk Store 42,AGR-BU-42,"H.No. 53, Badami, Agra, Himachal Pradesh, 725140",2024-12-19 09:01:53
3355f9f1-5a4f-4246-9628-1f50cb624f06,Guwahati Storage Hub 70,GUW-ST-70,"96/170, Thakkar, Guwahati, Manipur, 170981",2025-03-01 09:01:53
9ae56f37-ebaf-4ec7-9c69-ce0dfa448d4d,Bhopal Cold Storage 31,BHO-CO-31,"68, Chauhan Circle, Bhopal, Haryana, 384691",2025-07-04 09:01:53
ab49ddf9-6d56-4f1a-a33d-dad22016a2c0,Jabalpur Sorting Centre 780,JAB-SO-522,"28/150, Raj Zila, Jabalpur, Himachal Pradesh, 466257",2025-09-28 09:01:53
a30a897c-41c7-4715-ae29-1d1529ecfaac,Patna Storage Hub 50,PAT-ST-50,"125, Sama Ganj, Patna, Bihar, 769876",2025-01-29 09:01:53
963b1244-8512-4a72-9f6e-716d9496226b,Raipur Storage Hub 13,RAI-ST-13,"295, More Chowk, Raipur, Meghalaya, 508098",2024-11-20 09:01:53
f63bd39a-dc6d-4d82-9379-55e9baf5e8ad,Tiruchirappalli Retail Warehouse 43,TIR-RE-43,"71/73, Chakraborty Ganj, Tiruchirappalli, Tripura, 716042",2024-08-19 09:01:53
513ea8cf-7da5-44a2-a7d0-11d894733c5e,Bengaluru Distribution Centre 88,BEN-DI-88,"14, Sem Road, Bengaluru, Assam, 504415",2025-04-10 09:01:53
88fc188d-365d-45a9-8795-97a40e2da0d6,Ranchi Regional Depot 55,RAN-RE-55,"644, Tella Path, Ranchi, Telangana, 969454",2024-12-31 09:01:53
48f919c1-ba0c-4dfb-aec7-ce9bf43e8696,Howrah Retail Warehouse 78,HOW-RE-78,"H.No. 913, Basu Chowk, Howrah, Himachal Pradesh, 620938",2023-10-07 09:01:53
10b4a8b1-b948-492f-82e8-f2b9a6d6d4e2,Indore Main Warehouse 26,IND-MA-26,"739, Nanda Marg, Indore, Telangana, 427607",2026-03-08 09:01:53
8a1d1c2f-129a-4d6d-9116-2b1c8419f981,Surat Export Hub 210,SUR-EX-162,"H.No. 14, Lal Marg, Surat, West Bengal, 026135",2023-09-04 09:01:53
bf449051-452c-47b5-b675-a59e05f31d67,Aurangabad Storage Hub 62,AUR-ST-62,"425, Om Path, Aurangabad, Madhya Pradesh, 832621",2024-02-01 09:01:53
b7d83b50-e97d-4636-ad72-e52e24a19fc7,Faridabad Bulk Store 574,FAR-BU-831,"841, Padmanabhan Path, Faridabad, Assam, 954252",2024-05-21 09:01:53
77b1d2f7-84c1-431a-975e-d8478693bdf9,Thane Regional Depot 41,THA-RE-41,"50, Ratti Path, Thane, Nagaland, 848207",2026-01-02 09:01:53
b9617a34-78f7-4994-96de-cfe9426912fd,Jodhpur Cold Storage 95,JOD-CO-95,"712, Guha Marg, Jodhpur, Gujarat, 029378",2024-03-17 09:01:53
90e90417-d1bb-4d09-84a2-1f6015bfa893,Hyderabad Storage Hub 41,HYD-ST-41,"H.No. 326, Dutt Chowk, Hyderabad, Manipur, 326277",2025-11-06 09:01:53
402960ad-d84a-4c46-bd2f-7ab029693781,Allahabad Cold Storage 39,ALL-CO-39,"67/469, Toor Path, Allahabad, Uttar Pradesh, 946877",2025-01-02 09:01:53
736c8827-8a88-4930-a15c-87e3b8cb2328,Ahmedabad Fulfilment Centre 1,AHM-FU-01,"H.No. 92, Mann, Ahmedabad, Himachal Pradesh, 136757",2023-12-12 09:01:53
4af940b9-a50c-4dde-a89d-c85154b2fa3d,Ranchi Retail Warehouse 964,RAN-RE-938,"668, Agrawal Road, Ranchi, Sikkim, 366783",2026-03-07 09:01:53
5032c059-0c17-47bc-af03-439cd35998eb,Ranchi Sorting Centre 61,RAN-SO-61,"031, Dasgupta Marg, Ranchi, Tamil Nadu, 177905",2025-11-06 09:01:53
d71ec720-5843-4406-9805-f78e72bfdcc3,Solapur Main Warehouse 82,SOL-MA-82,"403, Walla Circle, Solapur, Haryana, 315180",2024-12-02 09:01:53
538f1a7b-0d73-4d33-835c-bb26b523a316,Mysuru Fulfilment Centre 72,MYS-FU-72,"H.No. 664, Apte Circle, Mysuru, Goa, 628019",2023-10-11 09:01:53
92d850bb-c4ea-494e-9fbc-01a287cb0236,Guwahati Storage Hub 62,GUW-ST-62,"889, Hari Path, Guwahati, Assam, 543978",2023-12-23 09:01:53
9ae0a6f7-c863-4a3d-9b9d-b76d7a934e85,Dhanbad Retail Warehouse 59,DHA-RE-59,"H.No. 573, Chadha Road, Dhanbad, West Bengal, 910660",2023-08-16 09:01:53
5ddbae8e-f37e-4ec3-8d3e-3fc05739349f,Hubli Distribution Centre 900,HUB-DI-779,"62/36, Bhasin Path, Hubli, Jharkhand, 026224",2024-10-17 09:01:53
434fc32a-21c9-4f09-b4cf-77c4cefc19ce,Patna Storage Hub 41,PAT-ST-41,"89, Dhillon Street, Patna, Karnataka, 826135",2025-11-03 09:01:53
4c17f70f-c80c-4bf7-a70e-96a3d410284c,Chandigarh Retail Warehouse 84,CHA-RE-84,"H.No. 621, Wagle Nagar, Chandigarh, Jharkhand, 157997",2024-10-14 09:01:53
e62c66a2-bd87-4cd8-aa77-70031c38070d,Faridabad Fulfilment Centre 1,FAR-FU-01,"06/298, Barad Zila, Faridabad, Odisha, 526866",2024-01-06 09:01:53
5324a389-ce7c-4cf2-88d2-45ef42013ae2,Gwalior Main Warehouse 2,GWA-MA-02,"H.No. 08, Sahota Ganj, Gwalior, Nagaland, 682140",2024-12-16 09:01:53
a891f5e4-4b6b-4d91-bbe8-15a91175d48f,Kolkata Storage Hub 10,KOL-ST-10,"37, Bhagat Ganj, Kolkata, Mizoram, 143903",2026-01-24 09:01:53
b968d95b-7fde-4863-82b3-48471456375c,Surat Regional Depot 19,SUR-RE-19,"09/20, Om Nagar, Surat, West Bengal, 260702",2025-08-28 09:01:53
8f045cd8-f1ec-42f1-b405-990572a6d604,Patna Regional Depot 63,PAT-RE-63,"47/485, Virk Chowk, Patna, Tamil Nadu, 132738",2025-08-05 09:01:53
2973ca92-3b77-4245-9653-dbbeab9707bb,Kota Main Warehouse 45,KOT-MA-45,"H.No. 522, Johal, Kota, Goa, 972540",2024-02-17 09:01:53
71cfe7cf-16a7-464b-8579-aba910c4f1d4,Raipur Retail Warehouse 89,RAI-RE-89,"H.No. 493, Merchant Circle, Raipur, Meghalaya, 431886",2024-05-05 09:01:53
6b985ae7-3360-45f0-a16d-f316fda28631,Srinagar Retail Warehouse 13,SRI-RE-13,"H.No. 59, Sha Road, Srinagar, Nagaland, 079246",2024-01-29 09:01:53
175f4418-cf94-443d-81dd-d5a6136d75f5,Vijayawada Bulk Store 16,VIJ-BU-16,"669, Khurana Circle, Vijayawada, Meghalaya, 550458",2024-04-19 09:01:53
ec6e3614-3fc0-4068-8107-ea7d719107aa,Jabalpur Sorting Centre 81,JAB-SO-81,"875, Arya Nagar, Jabalpur, West Bengal, 709903",2024-11-13 09:01:53
bb941299-9299-4af2-9742-60d29365260a,Ahmedabad Bulk Store 47,AHM-BU-47,"H.No. 721, Karan Zila, Ahmedabad, Tripura, 980433",2024-03-18 09:01:53
c7cbb7df-f3a6-4707-9d72-d7c7874411c1,Vijayawada Bulk Store 45,VIJ-BU-45,"156, Salvi, Vijayawada, Himachal Pradesh, 101460",2024-01-14 09:01:53
21567ea1-b539-415c-973e-2a92dfe2fedb,Meerut Bulk Store 99,MEE-BU-99,"H.No. 933, Grewal Path, Meerut, Andhra Pradesh, 226093",2024-12-03 09:01:53
dc1d7b63-904d-456a-acab-dee9afe666af,Rajkot Regional Depot 6,RAJ-RE-06,"H.No. 642, Rastogi Marg, Rajkot, Uttarakhand, 316140",2024-07-01 09:01:53
66491f83-6883-483c-a04f-be4bb3b17acf,Vijayawada Bulk Store 68,VIJ-BU-68,"23/10, Soman Zila, Vijayawada, Assam, 199457",2023-10-21 09:01:53
43bb46ef-3daa-4957-bd46-590c6bf998b5,Bhopal Fulfilment Centre 37,BHO-FU-37,"40/519, Pathak, Bhopal, Andhra Pradesh, 900567",2024-01-07 09:01:53
f3668554-8351-4393-8bd5-ca422a2dde55,Pimpri Main Warehouse 3,PIM-MA-03,"526, Patla Ganj, Pimpri, Punjab, 176352",2024-06-23 09:01:53
aabea1ff-a95d-4b0e-859b-b998c1923310,Guwahati Cold Storage 20,GUW-CO-20,"H.No. 13, Doctor Nagar, Guwahati, Tamil Nadu, 867106",2025-09-30 09:01:53
5be7b3d8-0a1b-4812-b77c-9fed954d16e2,Patna Storage Hub 87,PAT-ST-87,"56, Ganguly Nagar, Patna, Jharkhand, 357774",2025-02-19 09:01:53
0d0a91c9-a0aa-426d-a97d-f5ddf969d615,Kota Cold Storage 26,KOT-CO-26,"H.No. 490, Sinha Path, Kota, Assam, 532279",2024-01-05 09:01:53
3685e9af-77e0-448b-b154-975d5c21cf02,Aurangabad Sorting Centre 26,AUR-SO-26,"75/26, Mutti Zila, Aurangabad, Mizoram, 898916",2023-07-08 09:01:53
b8995761-3054-4f97-b232-94ac21879478,Chandigarh Storage Hub 17,CHA-ST-17,"83/171, Comar Path, Chandigarh, Assam, 424124",2023-11-08 09:01:53
ef05e30b-d4fe-45c3-9cb0-d0c70544fd45,Kolkata Sorting Centre 10,KOL-SO-10,"84/546, Kalla Chowk, Kolkata, Assam, 717419",2024-01-26 09:01:53
4ec3f4f0-3ce3-4453-8821-2167717937ef,Visakhapatnam Fulfilment Centre 80,VIS-FU-80,"H.No. 669, Mukherjee Path, Visakhapatnam, Karnataka, 857034",2024-03-24 09:01:53
ee577430-c4de-4335-90fa-2eae40ee0d2a,Mumbai Retail Warehouse 371,MUM-RE-710,"H.No. 117, Chakraborty Marg, Mumbai, Manipur, 613011",2025-05-27 09:01:53
7d520f59-2974-4382-bc32-295f7c5835ec,Dhanbad Fulfilment Centre 54,DHA-FU-54,"27/383, Vig Zila, Dhanbad, Rajasthan, 720357",2026-01-22 09:01:53
9ad61d11-502f-4bde-92a1-4f15ba0a36a3,Mysuru Distribution Centre 43,MYS-DI-43,"65/64, Balasubramanian Nagar, Mysuru, Assam, 542607",2024-10-26 09:01:53
a8cb4cfc-5f32-43e2-beb9-fe49298e8df2,Jodhpur Sorting Centre 15,JOD-SO-15,"24/11, Mammen Marg, Jodhpur, Gujarat, 241147",2025-12-20 09:01:53
b886f6ef-28d4-4b0a-898a-4033c3a83c4e,Ludhiana Main Warehouse 96,LUD-MA-96,"H.No. 46, Dhawan Marg, Ludhiana, Himachal Pradesh, 230642",2024-03-26 09:01:53
df4e02be-f943-45d1-ae21-0ffccf9d39c5,Ahmedabad Main Warehouse 9,AHM-MA-09,"11/684, Bhakta Marg, Ahmedabad, Haryana, 159234",2025-02-01 09:01:53
c79fa5b9-2f0e-4dae-a069-bb4428099a84,Guwahati Storage Hub 54,GUW-ST-54,"66/521, Mangat Chowk, Guwahati, Maharashtra, 533164",2026-03-05 09:01:53
a4d8805b-47dc-4466-9110-5f9ed3ef373a,Delhi Export Hub 5,DEL-EX-05,"50/60, Mani Path, Delhi, Bihar, 371346",2025-10-28 09:01:53
c3c72f83-c877-4a97-a28a-60b9c132122a,Meerut Cold Storage 72,MEE-CO-72,"31/078, Bath, Meerut, Rajasthan, 869576",2024-08-06 09:01:53
0d3102fd-4b43-4fa6-a123-c4b402f069ae,Guwahati Fulfilment Centre 86,GUW-FU-86,"H.No. 188, Atwal Ganj, Guwahati, Himachal Pradesh, 544747",2025-06-20 09:01:53
43f57a2e-6a4b-4b9d-b642-ca0a24419826,Aurangabad Cold Storage 77,AUR-CO-77,"343, Singh Path, Aurangabad, Haryana, 970168",2024-12-03 09:01:53
1004e843-bc54-4150-beeb-68c4c1c95b58,Howrah Fulfilment Centre 29,HOW-FU-29,"H.No. 25, Bose Ganj, Howrah, Sikkim, 504093",2025-04-22 09:01:53
34d3d9e8-95b2-49c3-af74-83295155a1cd,Patna Export Hub 731,PAT-EX-212,"01, Vasa Zila, Patna, Karnataka, 897409",2025-03-13 09:01:53
eebfdda7-1533-427f-b640-5e48f8fbab44,Amritsar Distribution Centre 77,AMR-DI-77,"H.No. 29, Narang Nagar, Amritsar, Telangana, 095792",2025-09-04 09:01:53
f0b176b6-3ed5-4c45-9bd5-4939c45533c0,Ahmedabad Regional Depot 74,AHM-RE-74,"18/47, Ramakrishnan Street, Ahmedabad, Madhya Pradesh, 639924",2025-01-26 09:01:53
bc44c41d-5ec3-4e42-ad6f-5181c43f8932,Dhanbad Sorting Centre 12,DHA-SO-12,"H.No. 611, Pal, Dhanbad, West Bengal, 062789",2023-11-28 09:01:53
12bbb634-ce99-439d-82fb-358c2af325d4,Visakhapatnam Bulk Store 32,VIS-BU-32,"H.No. 880, Thakkar Marg, Visakhapatnam, Uttar Pradesh, 112179",2023-06-25 09:01:53
38ab1f20-bed1-4920-aca8-2c706c8b512c,Guwahati Export Hub 53,GUW-EX-53,"H.No. 92, Dixit Circle, Guwahati, Tripura, 331256",2024-06-04 09:01:53
9b1335a5-2950-4893-bd03-282b6f253c4e,Faridabad Regional Depot 87,FAR-RE-87,"72, Agate Path, Faridabad, Uttarakhand, 856162",2023-11-14 09:01:53
a0d1e154-1ef8-46bb-b2a5-05d73f00953d,Bhopal Storage Hub 898,BHO-ST-213,"71/413, Ghosh Road, Bhopal, Meghalaya, 323573",2025-12-11 09:01:53
58fd855f-d8b4-4668-ad27-3f774a402fa4,Amritsar Storage Hub 85,AMR-ST-85,"74/214, Arora Street, Amritsar, Punjab, 207937",2025-01-21 09:01:53
6659f782-1431-48a8-93ea-8627c88ee54a,Varanasi Cold Storage 19,VAR-CO-19,"H.No. 15, Shah Circle, Varanasi, Assam, 250592",2024-01-07 09:01:53
dba59c50-6218-444f-8b1b-a0f7e9b544af,Allahabad Storage Hub 40,ALL-ST-40,"53/095, Swamy Path, Allahabad, Meghalaya, 642737",2025-02-05 09:01:53
4ed9dc81-9acd-446c-af3a-21ac1d65d8f3,Ranchi Cold Storage 34,RAN-CO-34,"57/23, Chaudhary Circle, Ranchi, Maharashtra, 292135",2023-10-18 09:01:53
19362783-f06c-4333-8050-a494446311b2,Jabalpur Storage Hub 93,JAB-ST-93,"H.No. 113, Bedi Ganj, Jabalpur, Bihar, 753502",2024-10-20 09:01:53
930d1450-069e-40a1-aa97-7da1f30ecb53,Raipur Storage Hub 3,RAI-ST-041,"H.No. 69, Vohra Road, Raipur, Uttarakhand, 123222",2023-12-05 09:01:53
5389958a-3b02-4a73-bdc5-3e7bb09c109b,Bengaluru Storage Hub 3,BEN-ST-03,"208, Krish Chowk, Bengaluru, Mizoram, 709439",2024-09-01 09:01:53
2f081c26-8e34-4b47-a563-791359bf72a8,Meerut Main Warehouse 12,MEE-MA-12,"H.No. 370, Pandit Circle, Meerut, Nagaland, 837921",2025-05-07 09:01:53
1d1c0d1e-6434-4ee2-abf3-c84922393f64,Raipur Bulk Store 3,RAI-BU-03,"168, Dey Street, Raipur, Madhya Pradesh, 809937",2025-04-21 09:01:53
2950f93f-b557-4fb3-8274-47912cd62cea,Kolkata Sorting Centre 4,KOL-SO-04,"H.No. 519, Borde Ganj, Kolkata, Manipur, 498838",2024-08-19 09:01:53
b0cea771-758d-4e65-9903-62407e421efc,Tiruchirappalli Cold Storage 36,TIR-CO-36,"H.No. 374, Kashyap Chowk, Tiruchirappalli, Nagaland, 133704",2025-08-13 09:01:53
2f87e8f5-c460-4c79-8495-c15f89ed6ca4,Surat Retail Warehouse 15,SUR-RE-15,"46/24, Munshi Path, Surat, Jharkhand, 770053",2025-01-28 09:01:53
e2695af7-be2a-4011-b967-5dea6c94d4b8,Madurai Fulfilment Centre 59,MAD-FU-901,"H.No. 58, De Circle, Madurai, West Bengal, 481180",2024-05-23 09:01:53
aaf45ee3-5f2a-4323-a08c-9210b9d559e2,Chandigarh Fulfilment Centre 31,CHA-FU-31,"82/938, Bhardwaj Path, Chandigarh, Uttar Pradesh, 847798",2025-04-21 09:01:53
efab0c61-d9d6-429e-963c-c68fc3d90cbe,Rajkot Fulfilment Centre 49,RAJ-FU-49,"587, Kanda Path, Rajkot, Manipur, 564153",2024-07-10 09:01:53
72bfbba0-a0fd-4372-bfbc-00cc187a9c29,Guwahati Fulfilment Centre 2,GUW-FU-02,"070, Roy Marg, Guwahati, Maharashtra, 063311",2025-12-13 09:01:53
bac8a487-0b6a-4f03-acd0-48d6ddb24707,Hyderabad Main Warehouse 93,HYD-MA-93,"16/11, Natarajan, Hyderabad, Karnataka, 093731",2026-02-04 09:01:53
3052c6e2-1cdb-455e-8177-d285bd3f1459,Jabalpur Main Warehouse 68,JAB-MA-68,"403, Tailor Chowk, Jabalpur, Punjab, 703793",2023-11-25 09:01:53
a8bcd26f-52b7-43ca-bb73-e365f48b5bd8,Gwalior Sorting Centre 31,GWA-SO-31,"H.No. 618, Devan, Gwalior, Arunachal Pradesh, 458207",2026-01-06 09:01:53
f3657505-67e0-49a8-8aef-88121907bfc1,Howrah Retail Warehouse 67,HOW-RE-67,"162, Sen Road, Howrah, Tamil Nadu, 246847",2025-11-18 09:01:53
35750288-e7cb-43db-9ca9-b47537f20fc4,Solapur Main Warehouse 875,SOL-MA-844,"255, Samra Nagar, Solapur, Karnataka, 990536",2024-09-16 09:01:53
3bb6276e-4174-481e-9ecd-94b7161c32b7,Bengaluru Storage Hub 68,BEN-ST-68,"91, Bajwa Street, Bengaluru, Uttarakhand, 209578",2024-05-24 09:01:53
982aee56-fae8-43e8-b861-b2f74e97e527,Thane Cold Storage 975,THA-CO-286,"90/355, Yogi Nagar, Thane, Bihar, 844565",2026-01-07 09:01:53
84936d30-6340-4649-b85a-5035c455fc29,Ludhiana Export Hub 77,LUD-EX-77,"78/174, Goyal Road, Ludhiana, Arunachal Pradesh, 405155",2024-01-30 09:01:53
c9c78469-e22a-4e1d-b81b-e25d0bc27f56,Kanpur Sorting Centre 88,KAN-SO-88,"74, Ghosh Nagar, Kanpur, Arunachal Pradesh, 675993",2026-01-22 09:01:53
2bce9002-dcfb-4366-a21a-020c2d7cb135,Vijayawada Fulfilment Centre 7,VIJ-FU-07,"H.No. 013, Brar Road, Vijayawada, Jharkhand, 580670",2023-08-12 09:01:53
44cd84b6-7c4e-43db-b705-47389f6ecc8e,Visakhapatnam Fulfilment Centre 82,VIS-FU-82,"14/46, More Path, Visakhapatnam, Mizoram, 000040",2024-12-15 09:01:53
0c71c319-edaa-40c4-8b31-32945ea725e2,Rajkot Bulk Store 12,RAJ-BU-12,"H.No. 464, Krishnamurthy Path, Rajkot, Punjab, 683487",2025-07-09 09:01:53
c04044d9-e472-418d-9798-874351c89384,Tiruchirappalli Bulk Store 51,TIR-BU-51,"H.No. 25, Bahl Marg, Tiruchirappalli, Jharkhand, 466257",2025-09-21 09:01:53
13b1e181-d58d-4bc4-ac9c-612cedc0bf75,Ranchi Main Warehouse 66,RAN-MA-66,"01, Wali Ganj, Ranchi, Arunachal Pradesh, 951181",2023-12-28 09:01:53
4bf84255-39f7-42de-894c-4dbc481439b0,Kolkata Storage Hub 18,KOL-ST-18,"165, Pradhan Street, Kolkata, Arunachal Pradesh, 595904",2024-04-23 09:01:53
49d90e11-4ea9-4c65-8e2d-7ade68dc3bb5,Jodhpur Bulk Store 67,JOD-BU-67,"150, Bobal Chowk, Jodhpur, Tripura, 416477",2026-01-05 09:01:53
7a001186-0226-4703-b37f-ab880260f025,Agra Sorting Centre 39,AGR-SO-39,"63/103, Kota Street, Agra, Bihar, 670254",2024-01-06 09:01:53
478fc23e-cb98-494c-932d-2e7681509199,Aurangabad Regional Depot 99,AUR-RE-99,"16, Kumar Circle, Aurangabad, Jharkhand, 696458",2024-12-01 09:01:53
c837e1c2-8299-4490-aa6f-a5ee18129dd4,Mumbai Cold Storage 92,MUM-CO-92,"24/41, Kari Circle, Mumbai, Goa, 137244",2025-08-01 09:01:53
2f8600b4-e976-4f1d-8ea6-43e61386145e,Chennai Distribution Centre 5,CHE-DI-05,"92, Shankar, Chennai, Telangana, 914489",2025-03-22 09:01:53
40c43f4c-2457-4243-a4ed-69ba5ecb20fe,Kota Export Hub 28,KOT-EX-28,"H.No. 00, More, Kota, Madhya Pradesh, 846392",2024-04-23 09:01:53
777b70b2-4132-4055-ae51-638b493977e9,Tiruchirappalli Fulfilment Centre 2,TIR-FU-02,"48/878, Sood Nagar, Tiruchirappalli, Tripura, 767649",2023-10-14 09:01:53
a4f34e91-719f-46f8-8c0f-2322b461e94a,Vijayawada Bulk Store 64,VIJ-BU-64,"37, Bath Circle, Vijayawada, Karnataka, 425191",2023-08-05 09:01:53
30b5905f-63f8-421d-b84d-cfea24236a0e,Nagpur Sorting Centre 58,NAG-SO-58,"71/62, Sekhon Circle, Nagpur, Jharkhand, 676660",2024-06-19 09:01:53
f9f59a0a-5d0d-4883-a4ab-611e91146cf1,Navi Mumbai Regional Depot 97,NAV-RE-572,"91/919, Patla Ganj, Navi Mumbai, Goa, 425993",2024-07-24 09:01:53
cf4086c3-839d-4e1e-a253-54f559af94ce,Pune Regional Depot 18,PUN-RE-18,"H.No. 769, Aurora Chowk, Pune, Mizoram, 675910",2024-04-30 09:01:53
4751538b-e904-4492-8695-28558f258e52,Varanasi Sorting Centre 30,VAR-SO-30,"56/396, Batra Chowk, Varanasi, Sikkim, 477714",2024-11-14 09:01:53
2063d35b-7223-4cad-8073-e27938c546c2,Rajkot Cold Storage 83,RAJ-CO-83,"H.No. 577, Deshmukh Nagar, Rajkot, Kerala, 155449",2026-02-13 09:01:53
01ec6b2e-d599-40d4-aa8c-05d7881e84f8,Mysuru Distribution Centre 52,MYS-DI-52,"H.No. 09, Yohannan, Mysuru, Karnataka, 525637",2023-12-04 09:01:53
c26ae744-9483-4ddd-8994-a5e90df8cb3b,Amritsar Bulk Store 62,AMR-BU-62,"H.No. 48, Parikh Road, Amritsar, Karnataka, 766335",2024-04-07 09:01:53
0bbc62dd-aefd-4df1-88be-d6b6ed0bf68c,Ahmedabad Export Hub 64,AHM-EX-64,"42/050, Om, Ahmedabad, Gujarat, 727728",2024-11-09 09:01:53
2fdc2c92-12a5-4dac-9771-9e4cd454bb90,Meerut Storage Hub 85,MEE-ST-85,"27/695, Tank Circle, Meerut, Arunachal Pradesh, 266036",2024-09-17 09:01:53
bb92d332-16ff-4a49-aeaf-dba44d43359d,Ranchi Fulfilment Centre 53,RAN-FU-53,"98, Grover Nagar, Ranchi, Tripura, 644829",2023-08-08 09:01:53
6b71f895-c7cf-4922-b4fa-47f83936ef15,Bhopal Bulk Store 70,BHO-BU-70,"H.No. 35, Bhalla Nagar, Bhopal, Meghalaya, 165377",2024-09-22 09:01:53
f75c6e3a-d9d9-4582-9773-cbf4b0cffc83,Raipur Cold Storage 4,RAI-CO-04,"84, Mall Street, Raipur, Meghalaya, 649191",2025-12-15 09:01:53
cc66e1ca-fb59-4c60-9e56-ec7b5e086c3c,Solapur Bulk Store 82,SOL-BU-82,"36, Nath, Solapur, Andhra Pradesh, 259250",2025-09-30 09:01:53
659de1f4-327b-4cb8-8d89-b9b8bf198e1b,Aurangabad Bulk Store 23,AUR-BU-23,"H.No. 691, Sane Path, Aurangabad, Punjab, 807982",2024-07-16 09:01:53
9b68bc1d-553d-42b2-99bc-49bbd76d673b,Lucknow Storage Hub 55,LUC-ST-55,"070, Viswanathan Nagar, Lucknow, Assam, 349023",2024-12-27 09:01:53
0272874e-37be-4b3b-8fa6-24052ab63da5,Varanasi Retail Warehouse 851,VAR-RE-708,"43, Sankaran Street, Varanasi, Odisha, 494180",2024-10-03 09:01:53
45f1d6cf-40cc-4a56-959c-bcd1e0945ed6,Mumbai Sorting Centre 705,MUM-SO-200,"H.No. 695, Dalal, Mumbai, Bihar, 946403",2024-12-11 09:01:53
07519b90-448f-4dcc-bb0b-e9f7b1d690a0,Madurai Bulk Store 11,MAD-BU-11,"H.No. 182, Shere Circle, Madurai, Punjab, 465951",2023-07-16 09:01:53
7b66caad-21eb-4b59-8986-327862d9ae86,Meerut Cold Storage 192,MEE-CO-564,"H.No. 203, Bhargava Ganj, Meerut, Kerala, 669423",2023-08-19 09:01:53
663921d7-b427-4b4a-90f2-8db77360cca3,Madurai Sorting Centre 87,MAD-SO-87,"43/83, Parikh Chowk, Madurai, West Bengal, 288463",2023-09-13 09:01:53
47d7ea14-0b41-4890-bfa7-d39a33aa7ef6,Guwahati Export Hub 78,GUW-EX-78,"73, Nair Road, Guwahati, Arunachal Pradesh, 027721",2026-03-14 09:01:53
c906cc6e-4b24-4e2a-adab-8b47d0c6c22d,Aurangabad Regional Depot 75,AUR-RE-75,"93, Rattan Zila, Aurangabad, Goa, 055326",2024-07-25 09:01:53
a91a377e-eab8-4744-87c5-fdc4413ff469,Bhopal Cold Storage 73,BHO-CO-73,"99, Mall Street, Bhopal, West Bengal, 837268",2024-09-12 09:01:53
e15ab654-9eae-4efc-b3a5-77d0624887cd,Ahmedabad Storage Hub 350,AHM-ST-638,"77/938, Loyal Circle, Ahmedabad, West Bengal, 286728",2024-11-11 09:01:53
25a001e1-747d-47e2-b224-f8a397a9eefb,Dhanbad Retail Warehouse 20,DHA-RE-20,"74, Yohannan Chowk, Dhanbad, Madhya Pradesh, 040762",2024-12-25 09:01:53
8a4990fc-8131-498e-b2bc-e4e5825b3507,Ghaziabad Sorting Centre 64,GHA-SO-64,"69/65, Manda Street, Ghaziabad, Bihar, 731802",2025-02-18 09:01:53
dc1c846d-c218-41b5-bc48-3de55b8e57ac,Patna Main Warehouse 71,PAT-MA-71,"H.No. 404, Anand Zila, Patna, Manipur, 912943",2023-11-07 09:01:53
77b2a31f-3016-45c0-9c8e-57f341f4bbdc,Nagpur Export Hub 48,NAG-EX-48,"37/026, Sarma Path, Nagpur, Mizoram, 496355",2023-07-06 09:01:53
e5fa3982-62ef-449a-ad95-edd5c3307c27,Hubli Export Hub 4,HUB-EX-04,"H.No. 193, Kadakia Path, Hubli, Assam, 015845",2025-04-24 09:01:53
78a63f21-fd5d-4113-bd3a-375e9b95b9db,Delhi Distribution Centre 964,DEL-DI-958,"73, Kanda Zila, Delhi, Meghalaya, 017493",2025-05-21 09:01:53
b3eac8d7-b2d1-4102-92e1-19cb0a47b7f4,Pune Retail Warehouse 914,PUN-RE-970,"H.No. 756, Tata Nagar, Pune, Haryana, 217373",2024-01-05 09:01:53
494dac8f-31d5-47e4-8147-24397adff248,Faridabad Cold Storage 62,FAR-CO-62,"970, Ahluwalia Zila, Faridabad, Bihar, 926218",2024-08-27 09:01:53
c0e8a6a4-b45d-4bac-88e1-c1c7f778869d,Jabalpur Fulfilment Centre 74,JAB-FU-74,"22/40, Sagar Nagar, Jabalpur, Assam, 865496",2026-01-02 09:01:53
872fc626-7dc1-47f1-9ebe-d5ede49d56c1,Jaipur Sorting Centre 46,JAI-SO-46,"02, Chada Path, Jaipur, Himachal Pradesh, 580471",2023-10-08 09:01:53
91252ff6-8960-47bb-8574-7ac65980a352,Meerut Cold Storage 12,MEE-CO-12,"H.No. 800, Nori Road, Meerut, Arunachal Pradesh, 531195",2024-09-13 09:01:53
81440ee1-631d-4d20-9877-65533642a903,Ranchi Retail Warehouse 11,RAN-RE-11,"60/27, Halder Marg, Ranchi, Uttar Pradesh, 779660",2024-05-20 09:01:53
7a46f2d4-4811-4b54-b94d-a486c4810df2,Pune Regional Depot 68,PUN-RE-68,"H.No. 48, Puri Path, Pune, Chhattisgarh, 750422",2024-12-31 09:01:53
4aa30a97-cc64-463e-a244-84be171a4985,Bengaluru Main Warehouse 84,BEN-MA-84,"H.No. 64, Ram Nagar, Bengaluru, Odisha, 861754",2025-03-10 09:01:53
a5df22da-3ce4-47bd-8f4d-122f9fb3a6d7,Tiruchirappalli Main Warehouse 1,TIR-MA-01,"H.No. 827, Chopra Chowk, Tiruchirappalli, Uttar Pradesh, 488160",2024-03-09 09:01:53
a6ded154-1c3d-49bb-88b6-755d618fc368,Gwalior Storage Hub 277,GWA-ST-609,"H.No. 80, Tata Zila, Gwalior, Sikkim, 570826",2024-03-24 09:01:53
020a46e4-55f3-4260-bbc2-b81385323aab,Jodhpur Storage Hub 67,JOD-ST-67,"86, Batra Path, Jodhpur, Himachal Pradesh, 414429",2023-07-18 09:01:53
4a0af90e-ec26-4d68-b870-7ca8a31e2d20,Srinagar Export Hub 63,SRI-EX-63,"H.No. 26, Bahl Chowk, Srinagar, Mizoram, 501513",2025-03-22 09:01:53
ab4e4afc-847e-48c6-ba2c-b28d1a7d8bb4,Jodhpur Retail Warehouse 7,JOD-RE-07,"86, Roy Street, Jodhpur, Mizoram, 970424",2024-06-11 09:01:53
2b2fba7b-4205-4e43-93fd-9105da67e5b0,Thane Main Warehouse 604,THA-MA-201,"H.No. 698, Menon Zila, Thane, Chhattisgarh, 768170",2026-02-24 09:01:53
134754b3-05ed-4946-9d9e-0fa9a04e5084,Pune Distribution Centre 94,PUN-DI-94,"H.No. 681, Kannan Road, Pune, Maharashtra, 972397",2023-09-28 09:01:53
0128135b-893a-4c02-997c-66e0d9c0ad80,Surat Cold Storage 82,SUR-CO-82,"61, Munshi Nagar, Surat, Himachal Pradesh, 715007",2026-03-01 09:01:53
7d4c5b14-e0c8-4f6b-a623-4cce5006a6ba,Chennai Export Hub 51,CHE-EX-51,"01, Pall Chowk, Chennai, Tripura, 800778",2023-11-10 09:01:53
8dad1055-9f2f-4821-87a6-cdaa1890b48f,Jodhpur Main Warehouse 64,JOD-MA-64,"H.No. 28, Pillai Road, Jodhpur, Kerala, 618677",2025-06-06 09:01:53
230da48c-365a-4344-9c69-acbf384c747d,Lucknow Sorting Centre 97,LUC-SO-97,"H.No. 667, Chanda Street, Lucknow, Punjab, 283491",2023-06-26 09:01:53
f5b34aa3-6cdc-40bb-b461-486f8cc46ac3,Delhi Bulk Store 85,DEL-BU-85,"H.No. 30, Dora, Delhi, Bihar, 272597",2024-05-25 09:01:53
95376134-cc53-46ba-8ad6-5d3b567b894d,Gwalior Cold Storage 20,GWA-CO-20,"33/67, Bhagat Road, Gwalior, Mizoram, 205994",2025-09-10 09:01:53
08bd8dc3-e954-4ca6-a26f-89a2ef8124f1,Lucknow Fulfilment Centre 25,LUC-FU-25,"H.No. 76, Walla, Lucknow, West Bengal, 122562",2025-01-21 09:01:53
9f1b036c-3d37-45c1-8e41-e827392dea6d,Gwalior Fulfilment Centre 16,GWA-FU-16,"H.No. 836, Atwal Zila, Gwalior, West Bengal, 257016",2024-06-03 09:01:53
68310660-60a0-4547-a9c2-cf8dcf0c961d,Howrah Main Warehouse 50,HOW-MA-50,"20/637, Kara Nagar, Howrah, Kerala, 959151",2025-09-23 09:01:53
c47c4e3c-0514-4c27-aef9-280a4b59fccc,Bengaluru Main Warehouse 64,BEN-MA-64,"76, Sarin Zila, Bengaluru, Tamil Nadu, 296586",2024-05-29 09:01:53
26ebe06f-ed8f-4218-ae2f-6ae33b26d9f6,Nagpur Main Warehouse 18,NAG-MA-18,"36/025, Prashad Ganj, Nagpur, Mizoram, 320922",2023-12-04 09:01:53
b7b21925-3751-4049-b68b-83f7f6844a46,Visakhapatnam Storage Hub 50,VIS-ST-50,"H.No. 45, Bahri Nagar, Visakhapatnam, Madhya Pradesh, 097873",2024-05-17 09:01:53
785d4639-9bfa-42fb-a18e-5b8074079b4a,Guwahati Bulk Store 18,GUW-BU-18,"87/183, Dalal Road, Guwahati, Tripura, 006658",2025-06-22 09:01:53
823cfc0c-f5f2-4289-b8c2-206d0c16a943,Chandigarh Sorting Centre 58,CHA-SO-58,"H.No. 84, Kashyap Ganj, Chandigarh, Andhra Pradesh, 460356",2025-03-07 09:01:53
6c413f78-acec-4c9a-8241-bfd3c6564d5d,Bhopal Retail Warehouse 95,BHO-RE-95,"H.No. 897, Rajagopalan Nagar, Bhopal, Himachal Pradesh, 759044",2024-06-02 09:01:53
a00ca1a9-22e1-425c-b0a9-a0e7df50e7ba,Patna Main Warehouse 90,PAT-MA-90,"90, Kibe Path, Patna, Arunachal Pradesh, 702789",2023-12-07 09:01:53
091ff394-162c-4cb7-ab41-d119ce484b30,Ghaziabad Retail Warehouse 89,GHA-RE-89,"H.No. 276, Pillay Road, Ghaziabad, Bihar, 005019",2025-12-10 09:01:53
437e885f-ed92-4b72-a92e-2874e5a4d44b,Madurai Regional Depot 40,MAD-RE-40,"57/54, Kadakia Chowk, Madurai, Nagaland, 842740",2025-02-07 09:01:53
a4f380f3-32ef-46a6-8dfb-e40850f4b892,Raipur Sorting Centre 48,RAI-SO-48,"28, Thaker Street, Raipur, Karnataka, 725532",2023-09-04 09:01:53
bd015f08-fe00-4262-a859-4b3b6dd66dc7,Rajkot Retail Warehouse 33,RAJ-RE-33,"H.No. 528, Bora Path, Rajkot, Karnataka, 013524",2026-01-23 09:01:53
fa337f91-a311-4112-be02-12cbe13f2e81,Solapur Bulk Store 70,SOL-BU-70,"11, Uppal Chowk, Solapur, Meghalaya, 051391",2023-09-02 09:01:53
9e721474-5070-467c-bbb1-9b7246315081,Amritsar Fulfilment Centre 47,AMR-FU-47,"41/80, Chanda Path, Amritsar, Uttarakhand, 120074",2024-05-22 09:01:53
9bf7af00-6844-4980-a9dc-d6e1a0cf9839,Vadodara Regional Depot 48,VAD-RE-48,"04/515, Kala Marg, Vadodara, Gujarat, 769268",2025-08-02 09:01:53
83f9192c-1a33-48d0-81a5-75599d7869e1,Visakhapatnam Cold Storage 93,VIS-CO-93,"94/73, Shroff Circle, Visakhapatnam, Uttarakhand, 092523",2026-01-06 09:01:53
7a66d4b8-6639-4f93-b9ce-28b11ec0e047,Pimpri Bulk Store 84,PIM-BU-84,"06/05, Issac Marg, Pimpri, Maharashtra, 712413",2024-12-30 09:01:53
1cd51898-b8da-4357-a22a-4c14702d9c6b,Howrah Export Hub 85,HOW-EX-85,"39, Chadha Road, Howrah, Chhattisgarh, 819366",2023-11-23 09:01:53
685a4014-3159-4e64-a39f-696829796914,Rajkot Cold Storage 66,RAJ-CO-66,"43/64, Sane Ganj, Rajkot, Kerala, 145945",2025-08-23 09:01:53
cfc15f55-7b27-453a-a716-ddd3cca49f8b,Raipur Regional Depot 65,RAI-RE-65,"81, Balay Path, Raipur, Tripura, 146318",2025-08-23 09:01:53
e449e5fe-746b-41f7-9c1d-ddda3f377973,Patna Export Hub 95,PAT-EX-95,"98, Srinivas, Patna, Maharashtra, 302304",2023-10-20 09:01:53
8aa6b5a1-3ecd-4db1-8a8d-2cf7397c72df,Thane Cold Storage 84,THA-CO-84,"333, Vohra Circle, Thane, Rajasthan, 196025",2024-08-31 09:01:53
f438e8f2-8edb-4cd6-95ad-d919f09300bc,Varanasi Storage Hub 54,VAR-ST-54,"H.No. 927, Kuruvilla Nagar, Varanasi, Andhra Pradesh, 438666",2023-11-13 09:01:53
e4036df1-8476-4fba-bdf9-ad577b8d8a9b,Amritsar Fulfilment Centre 56,AMR-FU-56,"47/07, Ramachandran Street, Amritsar, Arunachal Pradesh, 757896",2025-02-06 09:01:53
00b27db1-397b-4c14-b8c0-2024cd5e6e13,Vadodara Export Hub 41,VAD-EX-41,"36, Balakrishnan Circle, Vadodara, Kerala, 738088",2025-07-11 09:01:53
f08bc82f-a037-4404-9bcd-fc6a39068d64,Surat Main Warehouse 85,SUR-MA-85,"330, Sharma, Surat, Andhra Pradesh, 998247",2023-12-05 09:01:53
34e6881d-2c93-4d3a-a609-541ba9a6e99b,Aurangabad Retail Warehouse 47,AUR-RE-47,"07, Chaudhary Path, Aurangabad, Mizoram, 210986",2024-09-23 09:01:53
fc1001f6-859e-4fea-814f-69e0e5dad6dd,Dhanbad Main Warehouse 66,DHA-MA-66,"678, Tiwari Street, Dhanbad, Rajasthan, 689600",2023-09-04 09:01:53
c2e3afda-4d2c-4f55-bcc7-519d66d828c7,Gwalior Regional Depot 32,GWA-RE-32,"68, Bhatnagar Circle, Gwalior, Goa, 904252",2025-10-03 09:01:53
66ec6316-19bd-4bff-b63e-648c86067c34,Tiruchirappalli Bulk Store 99,TIR-BU-99,"46/58, Sami Nagar, Tiruchirappalli, Nagaland, 792241",2023-12-12 09:01:53
6dcdaa06-ac07-404a-8ec0-6eac5c15aed6,Vijayawada Export Hub 28,VIJ-EX-28,"99/797, Kalla Nagar, Vijayawada, Bihar, 808348",2024-05-11 09:01:53
8eccb64b-07b0-4066-9b6b-30721de966f4,Madurai Regional Depot 250,MAD-RE-893,"09/854, Wali Road, Madurai, Manipur, 483346",2023-06-20 09:01:53
d9da75d6-a831-4040-9c2d-8bd81dd72346,Solapur Bulk Store 77,SOL-BU-77,"H.No. 86, Deshmukh Chowk, Solapur, Madhya Pradesh, 213180",2024-04-06 09:01:53
e32548ba-7438-4973-a1ff-61fb8bcbf77c,Ludhiana Export Hub 5,LUD-EX-05,"66, Bhalla Road, Ludhiana, Karnataka, 430878",2025-03-15 09:01:53
65a24bca-dfff-4d38-af2a-8161ec29f3b4,Delhi Regional Depot 41,DEL-RE-41,"H.No. 378, Natt Street, Delhi, Tamil Nadu, 712688",2023-12-17 09:01:53
0277a7f4-542b-4e14-b517-eaf3ef9f38ed,Hyderabad Cold Storage 93,HYD-CO-93,"04, Nath Zila, Hyderabad, Uttar Pradesh, 781373",2026-02-10 09:01:53
34fc8c41-54a5-4d1f-964e-c86169e17078,Gwalior Storage Hub 69,GWA-ST-69,"14/217, Rama Path, Gwalior, Chhattisgarh, 799443",2025-06-12 09:01:53
a1237f42-1c9d-4d33-b439-8b399573b396,Meerut Retail Warehouse 22,MEE-RE-22,"178, Sengupta Street, Meerut, Haryana, 597662",2024-02-23 09:01:53
4c89f230-d88d-46e1-86d6-a6f90f154541,Mumbai Main Warehouse 59,MUM-MA-59,"H.No. 840, Verma Chowk, Mumbai, Himachal Pradesh, 401577",2025-08-25 09:01:53
c38146d0-588a-43f9-9f35-8bbeebc577a6,Pimpri Storage Hub 98,PIM-ST-98,"H.No. 66, Dada Street, Pimpri, Punjab, 856525",2024-07-05 09:01:53
19aba8fe-ce3c-4dad-8666-0b54b3d6dede,Mysuru Fulfilment Centre 73,MYS-FU-73,"H.No. 42, Natt Road, Mysuru, Nagaland, 672929",2026-01-27 09:01:53
eec5cb67-cc25-4477-8793-231ac34203af,Chandigarh Retail Warehouse 58,CHA-RE-58,"07/22, Sodhi Marg, Chandigarh, Punjab, 060154",2025-07-25 09:01:53
23406776-b39e-4e27-bde9-65d90905cf07,Hubli Retail Warehouse 19,HUB-RE-19,"H.No. 382, Kaul Chowk, Hubli, Nagaland, 883392",2023-11-01 09:01:53
1335a281-0656-4d9f-9466-5757a1cc8200,Jabalpur Cold Storage 35,JAB-CO-35,"898, Devi Marg, Jabalpur, Chhattisgarh, 468629",2024-06-02 09:01:53
d8831b9d-a1fd-4948-8347-1855a271b86f,Agra Main Warehouse 31,AGR-MA-31,"61, Karan Nagar, Agra, Kerala, 574808",2024-08-16 09:01:53
08e9f186-3e8d-4b2d-808d-14c72ac7d688,Delhi Distribution Centre 54,DEL-DI-54,"H.No. 37, Mody Zila, Delhi, Uttarakhand, 627350",2025-10-24 09:01:53
a854d91c-4bdf-4f28-b8cc-1dc559ce8bb2,Ludhiana Export Hub 45,LUD-EX-45,"60/012, Sachar Marg, Ludhiana, West Bengal, 609614",2025-11-22 09:01:53
125091ac-2746-4f85-ade2-b58aca519fa0,Agra Main Warehouse 87,AGR-MA-87,"09/10, Cherian Nagar, Agra, Maharashtra, 595454",2025-10-30 09:01:53
6d0a6585-821d-47f6-b3b5-0f66b1d267b6,Chandigarh Main Warehouse 39,CHA-MA-39,"30/017, Luthra Circle, Chandigarh, West Bengal, 274205",2025-03-28 09:01:53
fd91079f-ad3d-44ce-9bf4-2ebc7e147bb5,Delhi Storage Hub 72,DEL-ST-72,"258, Toor, Delhi, Manipur, 073216",2025-12-08 09:01:53
f5f4f4c3-a5d3-491f-b92d-e322a6985427,Vadodara Fulfilment Centre 44,VAD-FU-44,"56, Cherian, Vadodara, Arunachal Pradesh, 086117",2025-07-25 09:01:53
fb044061-88d4-4882-b1e8-665b10f33b32,Chennai Storage Hub 60,CHE-ST-60,"H.No. 340, Parmar Street, Chennai, Arunachal Pradesh, 642276",2024-07-12 09:01:53
b7289424-6a56-4917-9091-309a56309327,Visakhapatnam Fulfilment Centre 29,VIS-FU-29,"H.No. 34, Mohan, Visakhapatnam, Tripura, 526505",2024-02-05 09:01:53
934a5e0a-654c-43fd-ac62-122cc7617d48,Amritsar Sorting Centre 98,AMR-SO-98,"477, Buch Road, Amritsar, Assam, 028595",2025-04-10 09:01:53
e40fed59-48a4-495c-97cc-2acabdcf6542,Nagpur Distribution Centre 93,NAG-DI-93,"887, Parmer Path, Nagpur, Punjab, 592041",2024-03-02 09:01:53
bb0922b9-ecd0-4c1a-a24f-d3c188985f8f,Ahmedabad Distribution Centre 19,AHM-DI-19,"55/282, Bawa Ganj, Ahmedabad, Uttar Pradesh, 643032",2025-07-13 09:01:53
88fd5006-0e7b-4c75-8e38-778d6526314b,Raipur Cold Storage 74,RAI-CO-74,"77/44, Karan Road, Raipur, Haryana, 945786",2026-02-13 09:01:53
53a181e3-6fe8-4c44-8791-e2b23582dc4f,Pimpri Storage Hub 52,PIM-ST-52,"40, Sodhi Road, Pimpri, Manipur, 464972",2025-03-13 09:01:53
9a53cd3b-1aa6-4163-8006-f97d6a166983,Kanpur Retail Warehouse 34,KAN-RE-34,"83/419, Rout Nagar, Kanpur, Manipur, 009978",2025-10-13 09:01:53
cdc080ab-72ef-4435-ac65-7d1171022ade,Howrah Bulk Store 87,HOW-BU-87,"H.No. 42, Trivedi, Howrah, Goa, 164212",2025-02-18 09:01:53
994220d3-4f46-49a0-989e-b03183fbc20a,Kanpur Cold Storage 15,KAN-CO-15,"26/58, Singhal Path, Kanpur, Tripura, 248910",2024-04-05 09:01:53
ec7e22ab-7175-4e0b-8bd3-59cc1b49f408,Hyderabad Export Hub 47,HYD-EX-47,"H.No. 57, Chakrabarti, Hyderabad, Kerala, 345651",2024-10-23 09:01:53
736d2a9f-6360-48da-8b9d-69c1fd06a3ca,Thane Export Hub 25,THA-EX-25,"23/434, Bhalla Road, Thane, Tamil Nadu, 080631",2024-08-24 09:01:53
532afbb1-bc7f-46db-ad20-018b2c5fe174,Guwahati Cold Storage 45,GUW-CO-45,"39/594, Naidu Ganj, Guwahati, Manipur, 590731",2025-05-19 09:01:53
4ecc723d-c4c3-4c4b-bd99-619d45b4be25,Ludhiana Distribution Centre 34,LUD-DI-34,"821, Bora Zila, Ludhiana, Goa, 421815",2024-06-05 09:01:53
3072957d-539b-43e3-bb59-e1e1fd646963,Mysuru Bulk Store 6,MYS-BU-06,"H.No. 47, Tiwari Circle, Mysuru, Odisha, 770705",2023-12-18 09:01:53
63980ce2-ce2c-43e7-9fdc-da5b22dae3a1,Gwalior Distribution Centre 75,GWA-DI-75,"H.No. 709, Bahri Path, Gwalior, Rajasthan, 263276",2025-07-20 09:01:53
1560a518-e66d-4192-a825-87c93ec27e91,Ghaziabad Distribution Centre 11,GHA-DI-11,"432, Natt Marg, Ghaziabad, Manipur, 079804",2024-11-11 09:01:53
12809f36-b888-4d9d-b334-11de790b1668,Raipur Regional Depot 45,RAI-RE-45,"70/789, Sastry Ganj, Raipur, Punjab, 752399",2023-11-17 09:01:53
7dc05884-6713-42af-934a-3d60b4defbe1,Agra Cold Storage 97,AGR-CO-97,"63/69, Venkataraman Zila, Agra, Jharkhand, 441983",2024-04-13 09:01:53
554fc26a-fca5-4401-9ae4-6243b872dd92,Thane Retail Warehouse 90,THA-RE-90,"57/92, Gandhi Circle, Thane, Madhya Pradesh, 901651",2026-02-10 09:01:53
8a2cb361-48f7-4a6a-908d-225f9c6013f3,Mysuru Bulk Store 486,MYS-BU-191,"H.No. 99, Gandhi Path, Mysuru, Meghalaya, 787155",2024-09-04 09:01:53
cc779651-0fb9-4684-a892-6fcab8bbeeef,Ahmedabad Bulk Store 59,AHM-BU-59,"33/317, Kari, Ahmedabad, Assam, 475619",2025-08-22 09:01:53
04b56a35-26d5-4538-8589-449ebaacbca2,Bhopal Retail Warehouse 33,BHO-RE-33,"17, Patel Marg, Bhopal, Rajasthan, 210002",2025-02-13 09:01:53
5f06b66e-7bfb-4662-bb58-0d42597d09db,Ahmedabad Storage Hub 12,AHM-ST-12,"86, Parikh Road, Ahmedabad, Uttarakhand, 005125",2024-04-30 09:01:53
771582dc-5109-485b-b598-333ef0493120,Ghaziabad Retail Warehouse 48,GHA-RE-48,"806, Chandran Ganj, Ghaziabad, Punjab, 537693",2023-07-02 09:01:53
47fe4e9e-44dc-44fb-9f0f-74780ea52f4c,Varanasi Storage Hub 98,VAR-ST-98,"879, Tank Street, Varanasi, Jharkhand, 226897",2025-01-03 09:01:53
3cc8e0e9-3ae2-451d-8336-474e4ebb25cb,Visakhapatnam Distribution Centre 23,VIS-DI-23,"H.No. 31, Pall Zila, Visakhapatnam, Goa, 387207",2024-02-02 09:01:53
7216b37e-7b1d-4fa0-9f84-973ea4de7692,Varanasi Main Warehouse 264,VAR-MA-539,"H.No. 79, Chatterjee Ganj, Varanasi, Jharkhand, 494199",2025-11-13 09:01:53
656b6b51-61da-4aa2-8a46-25bce2a65ac6,Navi Mumbai Retail Warehouse 51,NAV-RE-51,"45, Rajagopalan, Navi Mumbai, Goa, 384092",2025-10-02 09:01:53
6e5c5954-e7d5-44e4-ba88-d9b2db377e34,Mumbai Sorting Centre 80,MUM-SO-80,"71, Seshadri Path, Mumbai, West Bengal, 685070",2023-08-02 09:01:53
f271a49d-7f2d-4a9e-8395-112843818cda,Hyderabad Bulk Store 240,HYD-BU-086,"H.No. 18, Palla Street, Hyderabad, Assam, 031867",2024-07-05 09:01:53
13039c5a-a352-4c78-96be-23c42a28b5a0,Varanasi Fulfilment Centre 3,VAR-FU-03,"075, Cheema, Varanasi, Himachal Pradesh, 566196",2023-12-26 09:01:53
a0193568-efa3-4988-b9ab-584984eb1362,Bhopal Sorting Centre 77,BHO-SO-77,"76, Chanda Nagar, Bhopal, Telangana, 043401",2025-04-04 09:01:53
e68f18f0-ad6d-4b7b-b876-23eb04180ee4,Chennai Bulk Store 96,CHE-BU-96,"H.No. 265, Setty Path, Chennai, Madhya Pradesh, 756657",2024-10-25 09:01:53
2a5f7a49-8ae1-4b16-84b6-82ae7a9862c3,Hyderabad Regional Depot 43,HYD-RE-43,"297, Mitra Chowk, Hyderabad, Assam, 506859",2026-02-09 09:01:53
9cff5898-26a9-4c92-88e9-d2c097bbebaa,Guwahati Cold Storage 93,GUW-CO-93,"H.No. 233, Mishra Nagar, Guwahati, West Bengal, 214706",2024-06-22 09:01:53
bebb16f9-2cfc-40c6-acb6-0ecd375d44ca,Jabalpur Export Hub 19,JAB-EX-19,"H.No. 653, Kannan Chowk, Jabalpur, Uttarakhand, 534289",2023-08-18 09:01:53
1c586f09-3152-4e89-acf6-86ef23061834,Jaipur Bulk Store 57,JAI-BU-57,"H.No. 781, Dixit Marg, Jaipur, Odisha, 096150",2025-07-24 09:01:53
dbe7dba1-3d3b-4504-8329-7d251a1c2233,Kota Distribution Centre 23,KOT-DI-23,"10, Rao Marg, Kota, Bihar, 903670",2023-07-13 09:01:53
d004402c-e6c9-4664-bae6-112b22adaafb,Mysuru Fulfilment Centre 36,MYS-FU-36,"H.No. 90, Dani Road, Mysuru, Bihar, 977963",2024-01-04 09:01:53
0e488981-6336-42df-95ed-2d61540ef905,Thane Export Hub 72,THA-EX-72,"H.No. 994, Savant Marg, Thane, Arunachal Pradesh, 087496",2024-09-17 09:01:53
3f1668fe-a4f4-4bb0-ab8d-114615ead07f,Bengaluru Regional Depot 65,BEN-RE-65,"H.No. 229, Kanda Circle, Bengaluru, Andhra Pradesh, 884779",2025-03-27 09:01:53
5604ef68-13ec-4b8c-93b9-ca93c5ea3e41,Kolkata Regional Depot 84,KOL-RE-84,"88/24, Shah Ganj, Kolkata, Kerala, 868627",2025-10-10 09:01:53
7a4a512b-f570-4130-8108-4b2560800f3e,Hyderabad Storage Hub 48,HYD-ST-48,"H.No. 82, Arora Ganj, Hyderabad, West Bengal, 971547",2024-06-30 09:01:53
21ca7af0-7790-480e-b34d-4a52f13501ba,Bhopal Bulk Store 39,BHO-BU-39,"H.No. 95, D’Alia Nagar, Bhopal, Uttar Pradesh, 367211",2025-03-04 09:01:53
d25f1727-f343-4448-a412-e05f36c28490,Bengaluru Storage Hub 71,BEN-ST-71,"H.No. 67, Bhatti Circle, Bengaluru, Himachal Pradesh, 828246",2025-09-16 09:01:53
d0a71f72-4a69-44d6-8e0c-180f046a7ccd,Solapur Fulfilment Centre 14,SOL-FU-14,"H.No. 91, Sengupta Ganj, Solapur, Assam, 509423",2025-07-05 09:01:53
f3518479-d7a1-401f-b531-004f299dcf29,Visakhapatnam Storage Hub 61,VIS-ST-61,"15/963, Yohannan Chowk, Visakhapatnam, Assam, 191518",2025-03-09 09:01:53
34fdfe8d-d412-48c7-9542-54139566d875,Tiruchirappalli Cold Storage 388,TIR-CO-478,"13/690, Majumdar Nagar, Tiruchirappalli, Manipur, 464494",2025-09-06 09:01:53
1903d5b6-3b65-43ae-951f-42ff6a42ae4a,Gwalior Sorting Centre 9,GWA-SO-09,"H.No. 581, Chaudhari Path, Gwalior, Punjab, 942789",2025-11-22 09:01:53
4c372821-4e09-4f2b-a638-725e04b9ee90,Guwahati Cold Storage 38,GUW-CO-38,"H.No. 192, Warrior Marg, Guwahati, Punjab, 098606",2024-07-18 09:01:53
7c1934de-ccbc-4346-a57e-abc8ae4af0ad,Delhi Regional Depot 81,DEL-RE-81,"14/41, Sandhu Marg, Delhi, West Bengal, 117729",2025-06-23 09:01:53
70e3665b-824e-4e42-8856-c2a5d8b27979,Nagpur Distribution Centre 67,NAG-DI-67,"H.No. 20, Singh Marg, Nagpur, Arunachal Pradesh, 585824",2023-10-25 09:01:53
0b74fb3e-b1aa-456a-ba91-c82b03e71bc6,Guwahati Fulfilment Centre 83,GUW-FU-83,"04/977, Naidu, Guwahati, Tamil Nadu, 240030",2025-05-12 09:01:53
8a96acdb-5a13-49e9-9fb8-7b4f56242fd1,Bhopal Bulk Store 79,BHO-BU-79,"151, Sachdev Circle, Bhopal, Assam, 598962",2025-02-26 09:01:53
99474e9d-6474-4400-a6ce-f76b7595f56b,Thane Distribution Centre 5,THA-DI-05,"494, Saini Chowk, Thane, Himachal Pradesh, 949583",2024-04-11 09:01:53
1a7cfa49-a133-4f82-a217-cb95b9b5fb1d,Madurai Storage Hub 86,MAD-ST-86,"519, Barad, Madurai, Assam, 263349",2024-07-23 09:01:53
4a782ff3-e2a6-46a3-8508-ce2d23055a01,Dhanbad Retail Warehouse 16,DHA-RE-16,"277, Bhakta Chowk, Dhanbad, Nagaland, 942682",2024-04-19 09:01:53
619148e6-206c-42eb-a0a3-8b11bfbd3b26,Madurai Distribution Centre 42,MAD-DI-42,"955, Issac Road, Madurai, Tamil Nadu, 482138",2026-02-26 09:01:53
b4d472ed-9790-4a7e-94fa-daff7900fd2e,Rajkot Storage Hub 88,RAJ-ST-88,"01/155, Ravi Chowk, Rajkot, Punjab, 151398",2024-07-24 09:01:53
fbd5bc0b-3f72-449c-9e76-bcc45b3d0aaa,Pune Retail Warehouse 78,PUN-RE-78,"H.No. 53, Jayaraman Street, Pune, Meghalaya, 083973",2025-11-05 09:01:53
beee1c4b-76f0-4f7d-b4f1-d8946108df18,Faridabad Cold Storage 9,FAR-CO-09,"H.No. 752, Doctor Path, Faridabad, Sikkim, 243421",2023-08-26 09:01:53
62d7a29a-3613-4866-9f38-dea51ace2a97,Srinagar Fulfilment Centre 21,SRI-FU-21,"39/579, Nanda Marg, Srinagar, Maharashtra, 807335",2024-10-09 09:01:53
1e862f67-1352-46a1-9aee-acb972c45e07,Pune Bulk Store 19,PUN-BU-19,"H.No. 064, Nanda Path, Pune, Telangana, 482940",2024-04-12 09:01:53
dc3a53e9-5cc3-478e-add2-59bb5a9b852c,Vijayawada Distribution Centre 96,VIJ-DI-96,"82, Raghavan Circle, Vijayawada, Goa, 587293",2026-01-19 09:01:53
926567df-c977-469d-b4b5-7513a2fc95f4,Solapur Export Hub 63,SOL-EX-63,"70/625, Sheth Circle, Solapur, Telangana, 608055",2025-07-23 09:01:53
1e76074b-d9d5-4561-9f11-fc6a253eacfc,Vijayawada Storage Hub 21,VIJ-ST-21,"22/62, Butala Ganj, Vijayawada, Maharashtra, 501153",2025-12-04 09:01:53
201c4130-df4d-4e37-aa71-307d066b55de,Jabalpur Export Hub 32,JAB-EX-32,"703, Chandran Road, Jabalpur, Uttarakhand, 775688",2025-02-01 09:01:53
cb4e6954-f812-470c-ad90-98351e57d62e,Coimbatore Distribution Centre 42,COI-DI-42,"63/713, Yogi Chowk, Coimbatore, Meghalaya, 805382",2024-12-16 09:01:53
5a74d670-f0f9-4729-ad07-f62849c4e4c3,Indore Retail Warehouse 56,IND-RE-56,"98/12, Kapoor Street, Indore, Sikkim, 575376",2024-01-08 09:01:53
44e87450-159c-4f46-b831-d49a410db80d,Dhanbad Distribution Centre 28,DHA-DI-368,"H.No. 45, Dutt Zila, Dhanbad, Rajasthan, 622208",2025-10-25 09:01:53
e993e09a-11fc-4cf1-bb7f-1e3f98ea8efb,Coimbatore Export Hub 88,COI-EX-88,"34/644, Raju Street, Coimbatore, Bihar, 807186",2024-12-07 09:01:53
f0b96ae8-8195-4c87-a28b-73cc28f09651,Amritsar Main Warehouse 57,AMR-MA-57,"H.No. 699, Lall Ganj, Amritsar, Karnataka, 068382",2024-05-25 09:01:53
f8c39946-6416-4975-9d5b-4f05a126d099,Patna Cold Storage 77,PAT-CO-77,"21/62, Varty, Patna, Telangana, 042785",2024-02-15 09:01:53
71e3408d-df38-4147-9de4-7a82e288da05,Vijayawada Distribution Centre 48,VIJ-DI-48,"71/036, Arora Ganj, Vijayawada, Kerala, 956250",2023-10-12 09:01:53
93c792ea-5381-4406-b6d6-7b5649cf7a1f,Nagpur Main Warehouse 33,NAG-MA-33,"96/941, Kala Street, Nagpur, Karnataka, 888990",2025-06-07 09:01:53
59fc2610-eb65-4ed9-bb3c-dea0266de623,Ghaziabad Main Warehouse 2,GHA-MA-02,"88/860, Biswas Circle, Ghaziabad, Assam, 714923",2023-12-07 09:01:53
5f5d1f85-c7a9-46ec-b7ef-0d68fad5331a,Kanpur Main Warehouse 17,KAN-MA-17,"60/368, Tripathi Nagar, Kanpur, Rajasthan, 884443",2024-01-10 09:01:53
ef6ffda3-0395-4fe5-aeb3-ec67547491e9,Madurai Bulk Store 96,MAD-BU-96,"21, Ghose Ganj, Madurai, Maharashtra, 763831",2023-12-09 09:01:53
d9e60e97-386e-4990-8b92-1b3da07004cb,Allahabad Fulfilment Centre 72,ALL-FU-72,"91/804, Vala Ganj, Allahabad, Jharkhand, 097975",2024-10-24 09:01:53
a5dbf7d5-9ae2-482b-aabe-c831c2ccd581,Howrah Sorting Centre 5,HOW-SO-05,"84, Dalal Street, Howrah, Nagaland, 801874",2023-09-18 09:01:53
dd4f3116-6160-4080-9234-fbbd9b73e056,Indore Regional Depot 82,IND-RE-82,"29, Kari Zila, Indore, Bihar, 265974",2025-03-25 09:01:53
871702df-0059-4584-964e-a342b4beb27b,Hyderabad Storage Hub 324,HYD-ST-516,"03, Deep Nagar, Hyderabad, Sikkim, 121781",2025-01-29 09:01:53
acb04ec4-f410-42b7-82a9-89b34dcb3cae,Srinagar Bulk Store 7,SRI-BU-07,"04, Konda Street, Srinagar, West Bengal, 758881",2025-07-14 09:01:53
c8a0cc06-2b0d-43e0-9c1b-bc335219e158,Madurai Main Warehouse 35,MAD-MA-35,"H.No. 859, Bajwa Street, Madurai, Maharashtra, 041652",2026-03-06 09:01:53
eda5003b-6e23-457e-8c2e-aee7e0a88071,Gwalior Fulfilment Centre 35,GWA-FU-35,"26, Chauhan Zila, Gwalior, Andhra Pradesh, 310017",2025-01-21 09:01:53
19de92d8-a142-4393-8be0-e562fe06b375,Kota Retail Warehouse 87,KOT-RE-87,"25/13, Gara Marg, Kota, Chhattisgarh, 801370",2025-03-23 09:01:53
35d155f6-29a6-4e6f-8cf2-8d08ef61586c,Vadodara Distribution Centre 69,VAD-DI-69,"098, Muni Zila, Vadodara, Andhra Pradesh, 469613",2024-03-16 09:01:53
369dd4a2-cd91-43b5-9653-d2df0d58c2cb,Solapur Storage Hub 31,SOL-ST-31,"07, Dhar Chowk, Solapur, Meghalaya, 045098",2023-12-28 09:01:53
1b0b9fe3-2cf0-41b4-8197-2454287c37d8,Varanasi Export Hub 65,VAR-EX-65,"H.No. 635, Khosla Ganj, Varanasi, Gujarat, 016262",2025-12-06 09:01:53
3edf9c01-834d-4900-8ae9-364dfd88a26f,Bengaluru Distribution Centre 32,BEN-DI-32,"H.No. 10, Magar Road, Bengaluru, Madhya Pradesh, 730515",2023-11-15 09:01:53
61bcadd4-3dae-4c83-aaee-5860bf34111a,Howrah Storage Hub 58,HOW-ST-58,"H.No. 332, Randhawa Nagar, Howrah, Manipur, 092407",2025-09-19 09:01:53
8642ec44-48eb-4949-b5e1-55ac287bc857,Chennai Main Warehouse 97,CHE-MA-97,"H.No. 13, Saini Path, Chennai, Maharashtra, 339036",2025-04-27 09:01:53
5aa2d9f1-5342-4a12-ba59-d5184a5b319e,Ahmedabad Fulfilment Centre 32,AHM-FU-32,"857, Iyer Road, Ahmedabad, Haryana, 958000",2025-05-31 09:01:53
bc0de0fd-b1a3-4c02-afc9-7da50f90e359,Faridabad Main Warehouse 13,FAR-MA-13,"41/62, Sura Marg, Faridabad, Kerala, 146831",2024-09-02 09:01:53
d53d5d11-d313-4df1-acb5-c398443a7298,Vadodara Storage Hub 20,VAD-ST-20,"H.No. 65, Badami Nagar, Vadodara, Haryana, 558464",2026-03-12 09:01:53
c62a6a19-1c62-4c31-992d-208ac3b5b0e0,Ahmedabad Fulfilment Centre 69,AHM-FU-69,"20/181, Bail, Ahmedabad, Chhattisgarh, 201651",2024-05-10 09:01:53
3760fd19-286c-49da-9dd6-57d68f5e956d,Howrah Storage Hub 47,HOW-ST-47,"88/90, Babu Marg, Howrah, Uttarakhand, 750751",2023-12-20 09:01:53
5cec8f1c-13c0-4e00-93d0-2838faf0e2c4,Bhopal Storage Hub 5,BHO-ST-05,"92/677, Bail Path, Bhopal, Himachal Pradesh, 162284",2024-01-15 09:01:53
c1a256df-05d4-4c4a-acd1-8a66156037bf,Howrah Fulfilment Centre 88,HOW-FU-88,"965, Yogi Marg, Howrah, Telangana, 202048",2024-02-25 09:01:53
10c079cb-2cdc-4bb6-83a7-a5f2fd116ba0,Chennai Bulk Store 67,CHE-BU-67,"10, Rajagopal Ganj, Chennai, Uttar Pradesh, 347641",2025-11-10 09:01:53
c6734dfa-49ec-474a-982a-c409218f1d5f,Solapur Bulk Store 29,SOL-BU-29,"H.No. 42, Contractor Chowk, Solapur, Sikkim, 453145",2025-01-13 09:01:53
4db5bf07-3e2a-49f5-a5fc-862cb1f25664,Mumbai Fulfilment Centre 69,MUM-FU-69,"55/08, Bawa Nagar, Mumbai, Chhattisgarh, 695473",2024-08-13 09:01:53
5692eb28-eacf-4cc1-994d-b6f1ed513dac,Kota Distribution Centre 84,KOT-DI-84,"H.No. 64, Sen Street, Kota, Tamil Nadu, 943610",2023-07-28 09:01:53
3c8f3bb4-e9e4-4297-8383-cd38ed0c4261,Chandigarh Retail Warehouse 32,CHA-RE-32,"09/82, Naik Road, Chandigarh, Arunachal Pradesh, 464702",2024-02-18 09:01:53
eb98ea3b-3710-48a3-90d8-c782e87f607f,Faridabad Sorting Centre 2,FAR-SO-02,"607, Chowdhury Road, Faridabad, Meghalaya, 602252",2024-11-22 09:01:53
f6e3d739-93bd-4f46-b392-b359d467af9c,Hubli Export Hub 76,HUB-EX-76,"H.No. 53, Guha Zila, Hubli, Himachal Pradesh, 762280",2024-03-21 09:01:53
d018b5c6-477e-47a4-9943-214e1d1d973f,Vadodara Retail Warehouse 55,VAD-RE-55,"54/17, Lata Path, Vadodara, Sikkim, 163790",2024-11-06 09:01:53
d4a0d56d-f329-4946-9509-8568d4391131,Kanpur Main Warehouse 24,KAN-MA-363,"H.No. 84, Gala Circle, Kanpur, Nagaland, 739339",2025-11-02 09:01:53
f523a2ca-7e65-4231-876b-4ebb1286a948,Kolkata Regional Depot 90,KOL-RE-90,"69/108, Sampath Street, Kolkata, Rajasthan, 612064",2024-03-10 09:01:53
40fcdfbc-ea6f-475e-bd5c-7af5869c5997,Ahmedabad Main Warehouse 61,AHM-MA-61,"46, Puri Chowk, Ahmedabad, Himachal Pradesh, 856250",2023-08-22 09:01:53
b36f0b91-3476-4ea0-a6ac-206a9b61caeb,Mumbai Retail Warehouse 15,MUM-RE-15,"45/01, Kota Road, Mumbai, Uttar Pradesh, 570992",2024-12-25 09:01:53
e9617660-cb39-4ac7-a982-0a6dadf42b42,Bhopal Regional Depot 72,BHO-RE-72,"61/02, Padmanabhan Circle, Bhopal, Rajasthan, 143825",2025-03-06 09:01:53
0b369543-980f-40ad-9201-baa22e9bfdcd,Delhi Export Hub 78,DEL-EX-78,"52/032, Rout Circle, Delhi, Karnataka, 819805",2025-04-20 09:01:53
b07fc2c6-b8d5-4d93-b9dc-cb0e00577f95,Ahmedabad Storage Hub 28,AHM-ST-28,"839, Nigam Nagar, Ahmedabad, Gujarat, 673083",2024-11-30 09:01:53
1f48e112-cf87-4c99-a4e3-56faf12f5a21,Mumbai Export Hub 48,MUM-EX-48,"H.No. 388, Bahl Road, Mumbai, Bihar, 776921",2025-12-22 09:01:53
fcbeaeec-78e6-4931-870d-bae03f80fd5d,Mysuru Distribution Centre 75,MYS-DI-75,"10/50, Chaudhuri Chowk, Mysuru, Odisha, 095744",2024-02-02 09:01:53
08413ed6-4b1d-4c05-97fe-04c618e1388e,Kolkata Sorting Centre 34,KOL-SO-34,"H.No. 40, Dada Marg, Kolkata, Jharkhand, 876738",2023-12-18 09:01:53
33806fc4-d6ae-4fc2-8de1-4aec3e9259c3,Madurai Regional Depot 47,MAD-RE-47,"43/155, Tandon Marg, Madurai, Maharashtra, 979296",2025-06-22 09:01:53
522cb2e8-8a10-4e36-a1db-013fafd1aed9,Nashik Bulk Store 78,NAS-BU-78,"632, Kamdar Chowk, Nashik, Goa, 370391",2024-11-16 09:01:53
c80a1e6c-8f42-4125-92a5-226183f8f095,Surat Sorting Centre 51,SUR-SO-51,"05/66, Chopra Path, Surat, Himachal Pradesh, 343076",2025-03-27 09:01:53
95dddc86-2004-4ad6-a5bd-09d815ab5e0c,Ludhiana Bulk Store 15,LUD-BU-15,"32/98, Rajagopalan Chowk, Ludhiana, Uttar Pradesh, 605191",2024-07-08 09:01:53
7ab0fd78-f0a5-45e4-8489-f90bb80d4e80,Kanpur Retail Warehouse 55,KAN-RE-55,"02, Grewal Road, Kanpur, West Bengal, 637437",2024-10-20 09:01:53
599fa51e-3e7a-4335-8443-e197e365f1f4,Kolkata Fulfilment Centre 57,KOL-FU-57,"801, Borra Ganj, Kolkata, Mizoram, 341357",2024-12-13 09:01:53
05c21426-508b-4dc4-903b-044ef016ab75,Solapur Distribution Centre 89,SOL-DI-89,"16/826, Bhattacharyya Zila, Solapur, Bihar, 762073",2024-01-31 09:01:53
3dde8005-2075-4c28-ab5d-05dd235354c5,Kota Export Hub 65,KOT-EX-65,"H.No. 78, Karnik Chowk, Kota, Telangana, 414556",2025-01-13 09:01:53
f82508f8-8c9a-4a88-9dc6-f24d24cb5022,Mysuru Storage Hub 55,MYS-ST-55,"H.No. 73, Chaudhari Zila, Mysuru, Tripura, 885926",2025-07-11 09:01:53
0556f741-47b5-4e6f-a434-cf2cbac71368,Jabalpur Cold Storage 52,JAB-CO-52,"37, Atwal Nagar, Jabalpur, Nagaland, 383014",2025-11-25 09:01:53
2e62bde1-a651-4bb1-8063-55b61451c478,Jaipur Bulk Store 98,JAI-BU-98,"57/81, Prakash Marg, Jaipur, Maharashtra, 880418",2023-11-16 09:01:53
8069370f-85e9-4dc3-a64a-091fbb0f7d39,Faridabad Retail Warehouse 70,FAR-RE-70,"90/244, Goyal Marg, Faridabad, Nagaland, 617346",2025-08-02 09:01:53
8f68d329-da27-4a8a-a8e7-ec1cc7b3b9fe,Delhi Cold Storage 47,DEL-CO-47,"H.No. 873, Jaggi Marg, Delhi, Assam, 931813",2024-10-24 09:01:53
77dc9d46-4912-41ec-a89f-b5dbb94add2f,Indore Retail Warehouse 13,IND-RE-13,"22, Jaggi, Indore, Mizoram, 450308",2025-08-26 09:01:53
ba9f7d6c-1490-43f4-874a-7ad61d8b6d9d,Ranchi Export Hub 62,RAN-EX-62,"34/911, Mangat Marg, Ranchi, Meghalaya, 492738",2024-02-08 09:01:53
3cb2a10b-e3db-49c8-a1b5-3c53fee61a6c,Patna Main Warehouse 22,PAT-MA-22,"68/133, Deep Chowk, Patna, Tamil Nadu, 781815",2024-02-27 09:01:53
e97e45d4-670a-4cad-a414-a935886c9043,Jaipur Fulfilment Centre 88,JAI-FU-88,"H.No. 39, Patla Street, Jaipur, Tamil Nadu, 021367",2024-05-12 09:01:53
b475876e-9af3-4733-a239-479b580d321e,Guwahati Regional Depot 86,GUW-RE-86,"H.No. 603, Thakur Ganj, Guwahati, Jharkhand, 787602",2025-02-18 09:01:53
a1778128-4a4f-4a1b-a1d0-b34562facc54,Chennai Regional Depot 39,CHE-RE-39,"74/90, Dutta Chowk, Chennai, Maharashtra, 881050",2023-12-29 09:01:53
9d7cba42-3186-4db2-93fe-c70a370db303,Meerut Bulk Store 23,MEE-BU-23,"916, Yadav Chowk, Meerut, Assam, 883793",2024-10-24 09:01:53
5a9d6e9e-b9e4-4030-9c65-4cb0b8c5c0f8,Varanasi Fulfilment Centre 94,VAR-FU-94,"85/93, Dubey Nagar, Varanasi, Uttar Pradesh, 781469",2025-08-03 09:01:53
8486252c-4a3a-42ff-9e87-ed701775ffae,Mumbai Regional Depot 88,MUM-RE-88,"H.No. 39, Konda Path, Mumbai, Uttarakhand, 982320",2025-11-21 09:01:53
4fba620c-3351-4e32-b0b2-613873a04526,Chennai Retail Warehouse 798,CHE-RE-100,"24, Sachdeva Circle, Chennai, Bihar, 562306",2024-04-13 09:01:53
780f85da-d907-427d-abc5-4b7d34fadbdc,Vadodara Storage Hub 81,VAD-ST-81,"80, Mammen Zila, Vadodara, Madhya Pradesh, 014128",2024-04-26 09:01:53
68f843ef-2523-457d-a09f-07e9b4c37023,Ahmedabad Cold Storage 24,AHM-CO-24,"H.No. 447, Dutt Zila, Ahmedabad, Arunachal Pradesh, 624874",2025-05-16 09:01:53
cc2e8091-a310-43f9-a32e-206352da5bfa,Navi Mumbai Fulfilment Centre 15,NAV-FU-15,"56/23, Sandal Chowk, Navi Mumbai, Tamil Nadu, 732776",2024-07-07 09:01:53
318c926d-f093-41fc-bdb2-07e304f0c49d,Meerut Export Hub 95,MEE-EX-95,"H.No. 639, Bhatti Path, Meerut, Tamil Nadu, 689906",2025-01-07 09:01:53
ca8ae41a-f4f0-41d6-9652-ec0e55d1f830,Indore Bulk Store 34,IND-BU-34,"H.No. 74, Sachar Zila, Indore, Odisha, 366337",2024-11-09 09:01:53
f2ab7bf1-0724-4694-be53-e8a138d3aa9d,Delhi Regional Depot 50,DEL-RE-50,"56/184, Kant Path, Delhi, Karnataka, 777859",2025-04-28 09:01:53
7a3beba9-24d9-498e-9f85-8ca94fc28e88,Faridabad Export Hub 73,FAR-EX-73,"945, Kaur Circle, Faridabad, Maharashtra, 883744",2025-02-11 09:01:53
5034da71-c20d-4332-a0c0-f12e26a3788e,Jabalpur Export Hub 62,JAB-EX-62,"92/39, Barad Marg, Jabalpur, Jharkhand, 445025",2023-08-08 09:01:53
bd82c6b0-228b-407f-a7b9-bd7863ea4eca,Delhi Fulfilment Centre 49,DEL-FU-49,"70, Dara Street, Delhi, Meghalaya, 959881",2024-08-27 09:01:53
804a2cbb-e1cd-45a0-a747-4c5c1c44ec51,Howrah Fulfilment Centre 1,HOW-FU-01,"10, Sarma Ganj, Howrah, Telangana, 329403",2026-02-14 09:01:53
5f751982-9c50-4377-a41e-0c42a172c748,Pimpri Export Hub 29,PIM-EX-29,"04/37, Chana Road, Pimpri, Rajasthan, 698086",2024-11-01 09:01:53
0fae9667-c383-4dc9-a205-104172e0e647,Kota Sorting Centre 83,KOT-SO-83,"H.No. 51, Viswanathan Nagar, Kota, Maharashtra, 997078",2025-07-24 09:01:53
bff42796-1ce7-4c98-a9c7-98f1ba0bcabf,Meerut Fulfilment Centre 89,MEE-FU-89,"931, Datta Ganj, Meerut, Punjab, 027594",2023-11-02 09:01:53
d85dfe99-3c98-4aa0-9b57-98e25f375fd0,Kolkata Cold Storage 74,KOL-CO-74,"501, Prakash Marg, Kolkata, Manipur, 557486",2023-06-20 09:01:53
671c0de8-c5ff-46e1-833d-40f03f090c15,Kanpur Storage Hub 91,KAN-ST-91,"281, Tandon Nagar, Kanpur, Sikkim, 560557",2023-07-18 09:01:53
0246da53-7554-4709-8973-cda88ae30c9f,Gwalior Distribution Centre 85,GWA-DI-85,"841, Ravel Nagar, Gwalior, Andhra Pradesh, 661615",2024-05-24 09:01:53
9064d825-08f1-4c5e-b4d8-861d7c56ebbe,Lucknow Retail Warehouse 8,LUC-RE-08,"176, Bail Marg, Lucknow, Uttar Pradesh, 445697",2025-02-15 09:01:53
53a4bf29-3b52-4463-9a4c-ac66d11b4b3a,Ludhiana Sorting Centre 29,LUD-SO-29,"91/814, Karpe Ganj, Ludhiana, Tripura, 975755",2025-06-01 09:01:53
4408731f-57b5-4bee-8377-806a808b3ad5,Chennai Main Warehouse 34,CHE-MA-34,"H.No. 60, Halder Marg, Chennai, Himachal Pradesh, 605338",2026-01-22 09:01:53
ad5e083d-c3f4-409a-88ab-2b005d36fd51,Faridabad Storage Hub 75,FAR-ST-75,"24/99, Ratta Marg, Faridabad, Madhya Pradesh, 818758",2025-12-08 09:01:53
3cb3c030-350c-49b1-b0c4-0eafc45472de,Kolkata Export Hub 58,KOL-EX-58,"04/14, Hans Nagar, Kolkata, Maharashtra, 487451",2025-09-21 09:01:53
58b8aae0-42f2-4285-a304-73748e3d3c40,Jaipur Export Hub 21,JAI-EX-21,"619, Sengupta Ganj, Jaipur, Punjab, 229309",2025-05-31 09:01:53
ed44dd60-06eb-4c64-9960-5fa35a2e55ca,Dhanbad Distribution Centre 67,DHA-DI-67,"44/312, Hora Zila, Dhanbad, Himachal Pradesh, 579990",2025-08-29 09:01:53
4aa743c1-e3c6-4696-bde4-612001ef23cd,Delhi Distribution Centre 69,DEL-DI-69,"H.No. 725, Ram Marg, Delhi, Uttar Pradesh, 230636",2025-11-18 09:01:53
f6cc43d2-d83a-47f6-9151-618ea586dbc5,Srinagar Sorting Centre 99,SRI-SO-99,"H.No. 78, Sathe Ganj, Srinagar, Tamil Nadu, 510413",2023-07-20 09:01:53
f11c1383-fee4-4044-978c-9eaf6ed56c8d,Meerut Main Warehouse 62,MEE-MA-62,"77, Raghavan Chowk, Meerut, Meghalaya, 932249",2025-04-06 09:01:53
21a8f9b5-035a-4858-9570-7bc740b601ae,Kota Retail Warehouse 68,KOT-RE-68,"73, Buch Chowk, Kota, Odisha, 755791",2024-06-25 09:01:53
4150ea2e-b723-4b5d-a9ff-0f6add9e7943,Solapur Export Hub 84,SOL-EX-84,"094, Lalla Path, Solapur, Sikkim, 289443",2025-06-29 09:01:53
fd9f32d7-ce2c-4d11-bd1e-a199a1b130fb,Coimbatore Retail Warehouse 37,COI-RE-37,"82/69, Raval Chowk, Coimbatore, Odisha, 136674",2024-07-27 09:01:53
15f1a7b5-6e22-4190-b938-be29f27958ce,Vijayawada Retail Warehouse 80,VIJ-RE-80,"86/89, Raman, Vijayawada, Punjab, 878639",2024-07-08 09:01:53
61d81803-6012-4143-94f4-ce15bf251e4b,Hyderabad Cold Storage 21,HYD-CO-21,"H.No. 418, Naik Ganj, Hyderabad, Odisha, 949044",2023-08-05 09:01:53
051f7f88-a780-492c-90e9-120a56ae3572,Jaipur Distribution Centre 63,JAI-DI-63,"H.No. 74, Shanker Street, Jaipur, Arunachal Pradesh, 254452",2025-11-07 09:01:53
cffb871e-67c6-4c73-81d2-1a12a601fe75,Pune Regional Depot 70,PUN-RE-70,"86, Bhat Zila, Pune, Punjab, 472874",2023-10-22 09:01:53
1e721d70-a4e1-49f5-b2bd-d3a47f955601,Rajkot Cold Storage 54,RAJ-CO-54,"H.No. 751, Korpal, Rajkot, Punjab, 460378",2025-03-15 09:01:53
a628463b-ee71-4e20-a60f-2f317ac615c8,Allahabad Distribution Centre 71,ALL-DI-71,"803, Sachdev Path, Allahabad, Mizoram, 085877",2024-06-18 09:01:53
39f11dd3-d5c1-4bbe-bc5a-28dde4de5457,Ranchi Distribution Centre 2,RAN-DI-02,"07, Balan Path, Ranchi, Bihar, 993925",2024-12-26 09:01:53
534011cd-801d-40a3-ac5e-f8c0390a5371,Chennai Retail Warehouse 28,CHE-RE-28,"79, Modi Chowk, Chennai, Tripura, 317718",2024-06-05 09:01:53
15c32aea-acbc-4085-812a-e54ffdbd994f,Kota Cold Storage 883,KOT-CO-250,"26, Sarraf Marg, Kota, Telangana, 163386",2025-12-08 09:01:53
ec57bdb6-e774-40e8-aec8-09d158c4fb3f,Rajkot Fulfilment Centre 13,RAJ-FU-13,"813, Hora Nagar, Rajkot, Chhattisgarh, 249864",2025-09-23 09:01:53
9e4dc716-ac0a-4cd9-9905-8005d94b5d6b,Gwalior Retail Warehouse 47,GWA-RE-47,"H.No. 946, Peri Marg, Gwalior, Uttar Pradesh, 977053",2023-11-13 09:01:53
53cdd8e5-d54b-4041-b077-02342fda8976,Agra Retail Warehouse 23,AGR-RE-23,"44, Kunda Ganj, Agra, Odisha, 412176",2024-02-11 09:01:53
bafc82cc-a11e-46fb-8270-07c026b1c03d,Mysuru Bulk Store 14,MYS-BU-14,"080, Goda Zila, Mysuru, West Bengal, 482800",2025-01-10 09:01:53
427252d6-96b3-4c02-8b3c-b97451a9e9be,Gwalior Regional Depot 78,GWA-RE-78,"92/053, Nagy Marg, Gwalior, Andhra Pradesh, 568696",2025-01-18 09:01:53
77491d73-46e2-4f17-a387-02be2f52d678,Indore Retail Warehouse 72,IND-RE-72,"00/19, Kamdar Street, Indore, Gujarat, 524041",2024-10-11 09:01:53
0beadd4e-1106-4c0c-87d1-81b5e0fe7212,Chennai Distribution Centre 74,CHE-DI-74,"H.No. 75, Loke Circle, Chennai, Tamil Nadu, 768612",2023-11-06 09:01:53
e3068c3d-14c2-4912-8514-15019f12bca4,Indore Export Hub 89,IND-EX-89,"79, Khurana Ganj, Indore, Haryana, 569420",2024-03-17 09:01:53
b1c315b8-eb9a-451b-8efa-f23ce3307c22,Jabalpur Sorting Centre 75,JAB-SO-75,"H.No. 844, Sem Path, Jabalpur, Madhya Pradesh, 162950",2026-01-19 09:01:53
ba56d972-f0eb-49cd-a1ef-73f1dbba76d4,Meerut Export Hub 22,MEE-EX-22,"64/103, Warrior Zila, Meerut, Jharkhand, 732652",2024-03-30 09:01:53
b3a6c309-e038-4984-a82d-d24b0ce20ddd,Hyderabad Distribution Centre 98,HYD-DI-98,"465, Manda Path, Hyderabad, Maharashtra, 203846",2025-08-14 09:01:53
feba189f-eba4-4c8f-9223-79a35d307340,Madurai Main Warehouse 64,MAD-MA-64,"26, Mittal Road, Madurai, Sikkim, 198928",2025-12-26 09:01:53
36ff2ce8-d033-40d0-8e78-119d610cc3db,Varanasi Retail Warehouse 45,VAR-RE-45,"14/35, Nori Ganj, Varanasi, Uttarakhand, 256286",2025-09-02 09:01:53
16205ce7-c271-4edb-8934-32e9722313d0,Kota Storage Hub 15,KOT-ST-15,"07/813, Mander Circle, Kota, Tamil Nadu, 513407",2025-02-09 09:01:53
c6d05fa0-b4e4-493b-996b-ba8d2aeba57e,Thane Fulfilment Centre 944,THA-FU-124,"49/185, Prasad Nagar, Thane, Tamil Nadu, 405546",2023-12-14 09:01:53
d43561dc-7851-45c4-be35-a31e4993cb2a,Bhopal Distribution Centre 61,BHO-DI-61,"51/206, Bajaj, Bhopal, Sikkim, 119597",2024-06-24 09:01:53
2c5388f3-a36e-43ed-916e-e4fcbb018cbb,Allahabad Cold Storage 35,ALL-CO-35,"725, Agarwal Ganj, Allahabad, Haryana, 584643",2024-07-30 09:01:53
6b7fafae-15c2-4154-8207-6ca28175ba27,Bengaluru Main Warehouse 40,BEN-MA-40,"44/28, Nagi Nagar, Bengaluru, Himachal Pradesh, 092319",2024-04-08 09:01:53
3f7f2b56-8050-43bc-922b-d908eeedef6e,Gwalior Main Warehouse 32,GWA-MA-32,"H.No. 07, Taneja Circle, Gwalior, Haryana, 539003",2024-11-12 09:01:53
c9f24359-c811-4fac-9034-e89828b3018b,Kota Storage Hub 77,KOT-ST-77,"H.No. 32, Dutt, Kota, Madhya Pradesh, 055556",2025-03-14 09:01:53
cecf0817-6dda-4bff-896b-7e043601e3d5,Hubli Regional Depot 48,HUB-RE-48,"849, Prabhu Chowk, Hubli, Madhya Pradesh, 783393",2024-10-02 09:01:53
217a0a9e-0f60-4c6b-a287-88c42a48f957,Tiruchirappalli Cold Storage 65,TIR-CO-65,"94/31, Panchal Nagar, Tiruchirappalli, Assam, 787828",2025-07-27 09:01:53
f3658870-26d2-45fb-8e2a-70d46dcc9188,Ludhiana Bulk Store 31,LUD-BU-31,"H.No. 957, Upadhyay Street, Ludhiana, Haryana, 830189",2024-04-17 09:01:53
ff74f5ea-830b-4418-9e1a-603da355713d,Gwalior Sorting Centre 71,GWA-SO-71,"65/98, Raval Road, Gwalior, Tripura, 745625",2024-01-28 09:01:53
537202a3-8c96-4101-bfad-c28be83fb1e6,Pune Storage Hub 62,PUN-ST-62,"67/032, Chaudhary Chowk, Pune, Nagaland, 587509",2023-10-25 09:01:53
6f267d67-84d1-4754-a28f-8a1d8e2513a7,Pimpri Fulfilment Centre 78,PIM-FU-78,"02/07, Date Path, Pimpri, Arunachal Pradesh, 690743",2024-06-05 09:01:53
8af28708-df1a-4a54-a05c-ff957f877ecb,Surat Storage Hub 42,SUR-ST-42,"06/48, Srinivasan Road, Surat, Meghalaya, 920244",2024-01-09 09:01:53
16bb2dbf-8b48-4938-8345-56dab9bd7e12,Ludhiana Distribution Centre 57,LUD-DI-57,"H.No. 07, Chaudhuri Ganj, Ludhiana, Odisha, 189011",2023-12-07 09:01:53
36c10538-9a0e-4282-ba02-b8ce2a27eda3,Pimpri Distribution Centre 77,PIM-DI-77,"036, Gole Chowk, Pimpri, Punjab, 694261",2024-03-27 09:01:53
f2ec9e78-2cbf-4fd0-8c12-55690ead0814,Hubli Storage Hub 42,HUB-ST-42,"66/647, Balakrishnan Zila, Hubli, Meghalaya, 527565",2024-08-20 09:01:53
08f95ca6-cf66-488a-8997-0c21bf9c4820,Chennai Regional Depot 64,CHE-RE-64,"083, Hans Zila, Chennai, Andhra Pradesh, 161832",2023-10-08 09:01:53
febdc2b1-1c36-49dd-b897-b0d8c5a88170,Rajkot Storage Hub 14,RAJ-ST-14,"H.No. 529, Bhargava Nagar, Rajkot, Uttarakhand, 416643",2023-11-27 09:01:53
1b8ef331-7427-40be-8583-970901d21619,Guwahati Storage Hub 91,GUW-ST-91,"H.No. 860, Divan Road, Guwahati, Nagaland, 167232",2025-09-03 09:01:53
31b9963f-5135-4cbe-a722-6ecfecd3ca2f,Meerut Main Warehouse 16,MEE-MA-16,"H.No. 64, Som Road, Meerut, Bihar, 606067",2024-04-01 09:01:53
29855e9a-b07c-4251-ab54-8313b39a0db2,Ranchi Bulk Store 30,RAN-BU-30,"37/788, Gala, Ranchi, Assam, 181007",2024-08-06 09:01:53
24ea4616-c77a-48e4-b8bf-af6ca230d113,Gwalior Regional Depot 265,GWA-RE-101,"908, Sinha Road, Gwalior, Punjab, 117056",2023-11-21 09:01:53
23b19d0d-ba18-458b-a220-19b9988ac096,Indore Export Hub 326,IND-EX-240,"H.No. 76, Zacharia Path, Indore, Rajasthan, 757903",2025-12-08 09:01:53
53ec10ac-f815-41c1-8314-8c71f47911df,Ghaziabad Bulk Store 28,GHA-BU-28,"36/759, Suresh Road, Ghaziabad, Punjab, 099993",2024-01-10 09:01:53
8f85c234-5224-4ca7-8255-1ae1f2dcdf66,Hyderabad Sorting Centre 32,HYD-SO-32,"78/486, Gaba Path, Hyderabad, Gujarat, 804533",2026-03-06 09:01:53
87de8ec3-0928-4f50-9216-9c3b3f0b7f63,Tiruchirappalli Retail Warehouse 77,TIR-RE-77,"H.No. 30, Ghosh Road, Tiruchirappalli, Andhra Pradesh, 000267",2025-01-29 09:01:53
4f3ed228-88e5-43a7-93f9-ee0beafd29d5,Allahabad Cold Storage 80,ALL-CO-80,"H.No. 54, Palan Chowk, Allahabad, Gujarat, 416382",2026-01-26 09:01:53
8bdd40e0-4330-46b1-87dd-cc223276b684,Madurai Sorting Centre 55,MAD-SO-55,"H.No. 11, Dhaliwal Chowk, Madurai, Uttarakhand, 035821",2024-04-01 09:01:53
23b98e96-a4b0-41c8-ac31-c77bc48c3dff,Raipur Regional Depot 47,RAI-RE-47,"26, Kothari Ganj, Raipur, West Bengal, 804808",2023-09-23 09:01:53
bf3aece2-7311-441d-8130-da3d0e66b60e,Jabalpur Export Hub 60,JAB-EX-60,"86/112, Thakkar Path, Jabalpur, Andhra Pradesh, 430657",2025-10-27 09:01:53
bdf2c9ec-f352-41a2-9811-05b76fb48e3e,Jodhpur Regional Depot 94,JOD-RE-94,"21, Deol Zila, Jodhpur, Manipur, 681098",2026-02-10 09:01:53
3209ad52-49a4-4cb4-a91b-b6eff59fcb65,Howrah Sorting Centre 78,HOW-SO-78,"H.No. 766, Pillai Ganj, Howrah, Chhattisgarh, 526737",2023-10-09 09:01:53
8b99e2d6-36b1-4ddd-998c-ed04ab51ef56,Kanpur Distribution Centre 59,KAN-DI-59,"H.No. 107, Rana Nagar, Kanpur, Nagaland, 864641",2024-11-04 09:01:53
e19f9c7e-d419-4ff1-a90b-04f5203fd67e,Jodhpur Fulfilment Centre 43,JOD-FU-43,"H.No. 73, Mukhopadhyay Path, Jodhpur, Maharashtra, 374252",2024-05-17 09:01:53
48ed732e-9872-4c38-8c11-918e9b815b10,Mysuru Distribution Centre 54,MYS-DI-54,"H.No. 77, Yohannan Marg, Mysuru, Odisha, 739516",2025-01-28 09:01:53
ee3f8822-1805-4d10-bdc1-a09be8565d0b,Navi Mumbai Distribution Centre 9,NAV-DI-09,"60/323, Balan Chowk, Navi Mumbai, Bihar, 095071",2023-09-28 09:01:53
86fa6ff7-fc79-40cb-ba36-34677adfb12c,Indore Fulfilment Centre 80,IND-FU-80,"H.No. 19, Rai, Indore, Telangana, 230477",2024-11-18 09:01:53
bd060ce9-633e-4a35-a5a9-537971021bcd,Nagpur Bulk Store 58,NAG-BU-58,"596, Chand Zila, Nagpur, Kerala, 338416",2026-02-13 09:01:53
9aedc1a1-a3bb-42ca-bf1d-a77b297cd82d,Dhanbad Storage Hub 16,DHA-ST-16,"906, Upadhyay Street, Dhanbad, Assam, 660309",2024-11-09 09:01:53
7099d3df-7cd7-485e-8de3-80e353c5321a,Raipur Fulfilment Centre 91,RAI-FU-91,"05/18, Lall Ganj, Raipur, Gujarat, 936356",2025-05-18 09:01:53
ab5c2ff1-dac5-4b61-ac69-931da06730b5,Mumbai Storage Hub 40,MUM-ST-40,"08/77, Kothari, Mumbai, Jharkhand, 244167",2025-10-30 09:01:53
1a6b57a7-c9f1-4533-b20b-01e1534f862e,Madurai Storage Hub 175,MAD-ST-753,"21, Swaminathan Circle, Madurai, Telangana, 309647",2023-10-25 09:01:53
17f63e09-4835-4999-b3be-383f90d03037,Pimpri Distribution Centre 89,PIM-DI-89,"H.No. 29, Dey Ganj, Pimpri, Madhya Pradesh, 487092",2024-06-21 09:01:53
f3a1852e-2a95-4db8-911d-11e2d1c67c6d,Allahabad Fulfilment Centre 8,ALL-FU-08,"51/62, Baria Circle, Allahabad, Nagaland, 548262",2025-01-17 09:01:53
a3d81afc-3a9b-467f-b49b-fb0d938a1965,Kota Fulfilment Centre 24,KOT-FU-24,"73, Chaudry Ganj, Kota, West Bengal, 581287",2024-02-22 09:01:53
79b07f72-0de3-4d34-8720-4e7069885487,Bhopal Bulk Store 41,BHO-BU-41,"63, Amble Road, Bhopal, Himachal Pradesh, 974476",2025-05-03 09:01:53
af96b0a7-06e6-4234-a72c-6892bf25ae5e,Mumbai Distribution Centre 70,MUM-DI-70,"H.No. 22, Rattan Road, Mumbai, West Bengal, 851692",2025-12-02 09:01:53
6609f785-6125-4ff9-83dd-e4fde8ffb731,Madurai Regional Depot 38,MAD-RE-38,"H.No. 751, Chawla Chowk, Madurai, Haryana, 284547",2025-06-13 09:01:53
ae819bc2-ce3d-427c-934e-250e08fa260c,Lucknow Regional Depot 98,LUC-RE-98,"H.No. 500, Sarraf Path, Lucknow, Himachal Pradesh, 807664",2023-06-23 09:01:53
3e3e8744-f001-4994-8533-745b5721689d,Howrah Regional Depot 20,HOW-RE-20,"78/41, Krish Ganj, Howrah, Bihar, 760783",2024-04-28 09:01:53
bf4bab95-b9aa-4ac7-8293-c97db0381ea9,Raipur Main Warehouse 21,RAI-MA-21,"594, Goda Circle, Raipur, Rajasthan, 452488",2024-04-04 09:01:53
b11ad991-11a7-4aa2-b382-d3dabb20421a,Pimpri Fulfilment Centre 97,PIM-FU-97,"H.No. 603, Kothari Path, Pimpri, Jharkhand, 765461",2025-03-03 09:01:53
56a4f53d-041a-435f-9c65-54fc0e620010,Mumbai Sorting Centre 40,MUM-SO-40,"H.No. 11, Chopra, Mumbai, Arunachal Pradesh, 473912",2024-12-20 09:01:53
b5095939-c297-48a9-8062-71e2eb1d1fa0,Rajkot Cold Storage 90,RAJ-CO-90,"83/58, Manda Road, Rajkot, Nagaland, 127712",2023-09-11 09:01:53
a04df5d6-11fa-41d0-a134-0907d36d77a0,Kolkata Distribution Centre 86,KOL-DI-86,"71, Rajan Path, Kolkata, Rajasthan, 390917",2024-02-20 09:01:53
f189f346-cd66-4b77-899a-763ce0802dd4,Navi Mumbai Bulk Store 85,NAV-BU-85,"H.No. 47, Krishnan, Navi Mumbai, Andhra Pradesh, 308922",2026-01-07 09:01:53
d9ac1ff7-4978-4588-af2c-d5ed360e9e54,Ludhiana Bulk Store 36,LUD-BU-36,"06/41, Ramachandran, Ludhiana, Karnataka, 029376",2026-03-06 09:01:53
06d044b9-03e1-46b8-b1bf-d1b4fcc4ec47,Vijayawada Sorting Centre 37,VIJ-SO-37,"H.No. 52, Nagar Marg, Vijayawada, Nagaland, 280238",2025-11-29 09:01:53
fdc4c57e-56aa-48eb-beb1-31933eaa2b09,Vadodara Retail Warehouse 45,VAD-RE-45,"56, Sachdev Street, Vadodara, Arunachal Pradesh, 805980",2025-08-29 09:01:53
b66aef5d-8d97-46b4-90a1-e6f470d3f436,Vijayawada Export Hub 80,VIJ-EX-80,"18/880, Kota Nagar, Vijayawada, Andhra Pradesh, 537828",2024-03-21 09:01:53
cc0c968c-0b31-4789-bf53-0be91482638c,Chennai Fulfilment Centre 60,CHE-FU-60,"87, Dubey Street, Chennai, Arunachal Pradesh, 071081",2026-02-03 09:01:53
efa5b4de-2728-4d29-884e-d6288f65122a,Ghaziabad Regional Depot 82,GHA-RE-82,"92, Jayaraman Street, Ghaziabad, West Bengal, 662154",2025-10-28 09:01:53
0ce12fac-d3f7-444a-98ae-86a58af16816,Vadodara Cold Storage 12,VAD-CO-12,"H.No. 519, Bhargava Circle, Vadodara, Manipur, 272929",2024-04-13 09:01:53
88ef4609-347d-4f02-985f-8fc72a666e6b,Jodhpur Sorting Centre 8,JOD-SO-08,"H.No. 28, Kalita Marg, Jodhpur, Karnataka, 492638",2024-10-10 09:01:53
0eb14cff-4553-4de7-aca2-a86a514dbe7c,Kanpur Bulk Store 10,KAN-BU-10,"87/49, Panchal Path, Kanpur, Punjab, 092335",2024-04-30 09:01:53
fd39ecb1-5efb-4fd9-90ff-d7bc458d6096,Tiruchirappalli Distribution Centre 4,TIR-DI-04,"H.No. 88, Shah Path, Tiruchirappalli, West Bengal, 834638",2024-05-25 09:01:53
6f62b7fc-2f30-4222-b66f-9ed234498a5a,Nagpur Cold Storage 50,NAG-CO-50,"16/19, Palla Nagar, Nagpur, Karnataka, 530296",2025-04-21 09:01:53
2b524578-061c-4c7a-9ac3-5300fbf565c9,Vijayawada Regional Depot 768,VIJ-RE-592,"H.No. 499, Mishra Nagar, Vijayawada, Assam, 795202",2024-07-15 09:01:53
bfd49f0f-748b-4dfa-a425-e7b65e27c68b,Kanpur Main Warehouse 82,KAN-MA-82,"98, Char, Kanpur, Himachal Pradesh, 481189",2023-07-09 09:01:53
dfa1b3eb-e857-4004-9dfa-4ccffa3f90d6,Kanpur Fulfilment Centre 62,KAN-FU-62,"H.No. 728, Nazareth Road, Kanpur, Uttar Pradesh, 874940",2025-02-16 09:01:53
dc03fd58-a4b3-4a72-989f-2d9a126175bb,Guwahati Bulk Store 56,GUW-BU-56,"H.No. 926, Varughese Street, Guwahati, Madhya Pradesh, 807200",2024-07-25 09:01:53
bfadaf3b-ec43-4fd0-8a57-86c8ef8f8ccd,Raipur Bulk Store 77,RAI-BU-77,"05/70, Tank Zila, Raipur, Jharkhand, 575292",2025-09-18 09:01:53
0eaddc2f-18e6-4140-a556-b304f8f5a7ba,Tiruchirappalli Storage Hub 73,TIR-ST-73,"H.No. 55, Tella Marg, Tiruchirappalli, Andhra Pradesh, 690015",2025-03-24 09:01:53
5c714016-25b0-4bce-98ee-315fcf8abc23,Thane Fulfilment Centre 69,THA-FU-69,"81/236, Mahajan Street, Thane, Tamil Nadu, 494700",2025-02-15 09:01:53
d502c315-267c-4b7c-a7d3-be40fa52cbc4,Kolkata Sorting Centre 33,KOL-SO-33,"519, Ramaswamy Nagar, Kolkata, Rajasthan, 244609",2025-12-09 09:01:53
60389f1d-d6a1-40bd-86e0-ea4d5d00c5a3,Chennai Export Hub 97,CHE-EX-97,"H.No. 77, Mani Street, Chennai, Nagaland, 747630",2025-08-30 09:01:53
5d751f14-4df4-48d6-8fb8-b02d69a70488,Gwalior Main Warehouse 80,GWA-MA-80,"83/572, Balan Circle, Gwalior, Punjab, 006347",2023-12-23 09:01:53
b1c1a25c-bdf9-47b5-abaf-bd66c014fd55,Thane Regional Depot 17,THA-RE-17,"H.No. 18, Lalla Nagar, Thane, Tripura, 022305",2025-05-31 09:01:53
db2bdca0-f9a8-4f3d-bb65-3549b08db74a,Madurai Storage Hub 38,MAD-ST-38,"75/73, Sant Ganj, Madurai, Nagaland, 876575",2026-03-12 09:01:53
37e1f1a0-053c-48fe-8405-d455df65bf53,Faridabad Bulk Store 87,FAR-BU-87,"55/258, Naik Marg, Faridabad, Madhya Pradesh, 066487",2025-09-14 09:01:53
3465d7c2-8415-4afc-a7e5-f024e6ad7104,Navi Mumbai Fulfilment Centre 35,NAV-FU-35,"26/48, Choudhury Chowk, Navi Mumbai, Haryana, 002554",2025-01-19 09:01:53
00d6237b-d5c5-432b-83e2-d3b82522036c,Nagpur Fulfilment Centre 39,NAG-FU-39,"45, Khare Ganj, Nagpur, Jharkhand, 985294",2024-04-23 09:01:53
2913a137-4072-40d3-bf66-d67740a1dd08,Allahabad Export Hub 78,ALL-EX-78,"84/470, Dani Road, Allahabad, Tamil Nadu, 505633",2025-07-22 09:01:53
a420e12e-cd01-477e-ba9b-13163b85c8d4,Bhopal Regional Depot 27,BHO-RE-27,"06, Natt, Bhopal, Rajasthan, 181961",2024-11-16 09:01:53
1f959e4e-0ab2-4fdf-be1a-d79b16dabeb5,Nashik Distribution Centre 95,NAS-DI-95,"875, Pall, Nashik, Karnataka, 229813",2024-09-21 09:01:53
12537b05-3653-4fee-a145-116a70b21860,Faridabad Bulk Store 79,FAR-BU-79,"241, Sharma, Faridabad, West Bengal, 118016",2025-06-27 09:01:53
cbd2d90a-b45a-49b9-8819-9a51f21dfc5d,Solapur Main Warehouse 446,SOL-MA-795,"74, Raghavan Ganj, Solapur, Arunachal Pradesh, 890985",2023-12-08 09:01:53
cd960006-89af-4148-9c6d-5c0571a4b08b,Nashik Regional Depot 23,NAS-RE-23,"27/14, Sagar Ganj, Nashik, Odisha, 749347",2025-05-27 09:01:53
cad7e2ed-a67d-48cf-bb53-24637d4ec84c,Bhopal Export Hub 23,BHO-EX-23,"88, Kala, Bhopal, Tamil Nadu, 161877",2025-02-15 09:01:53
d0e0ae88-19ca-41d5-9c94-a138c6d530cf,Vijayawada Storage Hub 71,VIJ-ST-71,"45, Bhalla Circle, Vijayawada, Nagaland, 319652",2025-04-11 09:01:53
a41fae43-6f61-429b-b9a5-532f96337b22,Ludhiana Main Warehouse 276,LUD-MA-210,"17/900, Hari Path, Ludhiana, Sikkim, 260557",2025-03-31 09:01:53
99b05951-42ea-44a6-8e65-09b3dbaeed66,Delhi Sorting Centre 45,DEL-SO-45,"H.No. 02, Mittal Circle, Delhi, Karnataka, 876955",2025-09-28 09:01:53
d5f3a0a9-59a6-4878-94d2-1fe1809f3b59,Mysuru Export Hub 82,MYS-EX-82,"12/68, Karan Zila, Mysuru, Arunachal Pradesh, 837318",2023-09-01 09:01:53
fa53570c-fcfa-40e8-9290-8a14b8caf468,Allahabad Sorting Centre 48,ALL-SO-48,"35/941, Keer Street, Allahabad, Tripura, 592325",2024-06-29 09:01:53
920f0ecf-8f2b-4760-b4a1-69824da5c8f1,Pimpri Retail Warehouse 81,PIM-RE-81,"80/245, Tata Path, Pimpri, Assam, 627435",2023-10-10 09:01:53
d078195c-1332-4975-bf67-67fcd74d9fc9,Mumbai Fulfilment Centre 73,MUM-FU-73,"H.No. 492, Sabharwal Circle, Mumbai, Gujarat, 702317",2025-01-01 09:01:53
99875aca-15c9-4973-a8e8-bde3e2dfc62f,Gwalior Bulk Store 37,GWA-BU-37,"H.No. 02, Borde Circle, Gwalior, Arunachal Pradesh, 076344",2025-04-14 09:01:53
3f87dd61-5fe8-4bbd-bc03-a16b7eb88850,Indore Cold Storage 77,IND-CO-77,"346, Golla Nagar, Indore, Rajasthan, 335641",2025-12-06 09:01:53
214453b8-3136-469b-af24-e9723408357e,Dhanbad Bulk Store 43,DHA-BU-43,"62/987, Garg Nagar, Dhanbad, Karnataka, 151435",2026-01-28 09:01:53
4eaf1631-894c-488e-a85d-d4143bfc1646,Visakhapatnam Retail Warehouse 16,VIS-RE-16,"H.No. 723, Tripathi Marg, Visakhapatnam, Kerala, 448526",2023-12-14 09:01:53
602dfc01-7e37-4894-a04c-0cd334532287,Howrah Export Hub 26,HOW-EX-26,"H.No. 235, Singhal Road, Howrah, Chhattisgarh, 405530",2026-03-10 09:01:53
525eca7b-7a73-47f7-9856-6d0d512a43be,Bengaluru Sorting Centre 76,BEN-SO-76,"11, Badal Ganj, Bengaluru, Andhra Pradesh, 589275",2025-03-31 09:01:53
300526ba-c975-40b3-913d-c60f1d16a654,Pimpri Storage Hub 71,PIM-ST-71,"23/408, Banik Chowk, Pimpri, Tripura, 683355",2024-10-10 09:01:53
2a8a7dfe-5621-4df7-8a2e-3844e19b4fdc,Aurangabad Fulfilment Centre 36,AUR-FU-36,"H.No. 63, Prabhakar Circle, Aurangabad, Odisha, 828439",2025-05-27 09:01:53
6274ba68-3b4b-466a-a43d-607799512148,Hubli Sorting Centre 83,HUB-SO-83,"74/86, Basak, Hubli, Arunachal Pradesh, 573380",2025-01-27 09:01:53
82999c54-6e32-44e4-9402-057a0c53c851,Raipur Bulk Store 67,RAI-BU-67,"92, Rama Marg, Raipur, Andhra Pradesh, 044750",2023-07-03 09:01:53
ceb5ff3e-2b26-472d-bcf9-ad7e8ad9f1f4,Varanasi Bulk Store 604,VAR-BU-552,"H.No. 750, Sachar Path, Varanasi, Sikkim, 558990",2024-06-27 09:01:53
9ca1bb56-07a5-4f84-8cfe-06cda8c8f219,Jabalpur Regional Depot 59,JAB-RE-59,"65/869, Deol Chowk, Jabalpur, Goa, 242043",2026-02-26 09:01:53
075d6395-42f1-4eb1-a0df-e6ba2207da63,Rajkot Distribution Centre 59,RAJ-DI-59,"H.No. 063, Cheema Zila, Rajkot, West Bengal, 697136",2024-03-27 09:01:53
d6e17014-1e02-4551-8d33-3ecc6a856834,Madurai Main Warehouse 56,MAD-MA-56,"591, Mitra Zila, Madurai, Tamil Nadu, 028612",2024-07-24 09:01:53
6472de8b-dae6-49ec-a958-1d14d978ae6b,Hyderabad Distribution Centre 34,HYD-DI-34,"328, Dara Marg, Hyderabad, Himachal Pradesh, 245422",2024-06-16 09:01:53
0fd829d5-94b4-4bc3-ad27-d4a9e45be29f,Srinagar Distribution Centre 11,SRI-DI-11,"H.No. 92, Mani Street, Srinagar, Haryana, 232000",2026-02-16 09:01:53
644a22e7-5a46-49d0-8e02-2d09e6afa09b,Mysuru Fulfilment Centre 68,MYS-FU-68,"H.No. 327, Garg Circle, Mysuru, Nagaland, 435097",2025-06-21 09:01:53
9bca2d62-f3b0-4552-a04b-b46dc847931c,Guwahati Retail Warehouse 14,GUW-RE-14,"13/53, Naidu Street, Guwahati, Madhya Pradesh, 762948",2025-04-04 09:01:53
42e13539-ec26-4454-9b49-802a51e0e2d9,Meerut Retail Warehouse 46,MEE-RE-46,"H.No. 67, Mangal Marg, Meerut, Arunachal Pradesh, 795361",2025-01-10 09:01:53
c9f8ff61-8e70-41ee-bfb2-4cc57dbac2ee,Varanasi Cold Storage 1,VAR-CO-01,"H.No. 08, Acharya Ganj, Varanasi, Rajasthan, 090633",2024-05-15 09:01:53
0cbd568e-db92-47f7-8529-0d63242d145e,Ludhiana Distribution Centre 70,LUD-DI-70,"02, Guha Chowk, Ludhiana, Bihar, 672617",2024-02-28 09:01:53
0fd901e4-0761-40cf-935f-42d4d9354217,Navi Mumbai Bulk Store 3,NAV-BU-03,"36/292, Nagi Road, Navi Mumbai, Uttar Pradesh, 773824",2024-04-11 09:01:53
ee394301-b07e-467a-8979-2f44e29e219f,Ahmedabad Bulk Store 63,AHM-BU-63,"821, Sankaran Road, Ahmedabad, Goa, 222833",2024-05-05 09:01:53
de585444-8820-40ac-9416-3ff34ebd2d87,Patna Regional Depot 73,PAT-RE-73,"13/85, Gade Street, Patna, Gujarat, 906270",2023-09-18 09:01:53
cb94f22b-6c74-40d2-97d6-69be247efc4f,Solapur Storage Hub 27,SOL-ST-27,"40/14, Borde Road, Solapur, Goa, 522924",2025-05-28 09:01:53
a6e63686-3766-4d45-a6f3-f1f754656aaf,Chandigarh Fulfilment Centre 48,CHA-FU-48,"H.No. 67, Vig Nagar, Chandigarh, Sikkim, 935046",2024-06-27 09:01:53
563cdafe-c92d-4182-aaf2-e6518d22bc49,Jodhpur Bulk Store 74,JOD-BU-74,"933, Mallick Chowk, Jodhpur, Bihar, 358338",2024-10-01 09:01:53
d2381288-cd77-4c20-a320-6e999bda4db3,Ghaziabad Main Warehouse 36,GHA-MA-36,"89, Buch Path, Ghaziabad, Telangana, 530945",2025-04-17 09:01:53
d47f899d-2f6f-4128-8348-5bfb348baebe,Mysuru Main Warehouse 83,MYS-MA-83,"75/95, Trivedi Nagar, Mysuru, Tamil Nadu, 572323",2025-04-05 09:01:53
3051075a-0a6d-480c-bd0d-9657271bc3ad,Rajkot Bulk Store 91,RAJ-BU-91,"H.No. 070, Sama Circle, Rajkot, West Bengal, 869484",2024-08-01 09:01:53
43c20f45-e38e-416a-abff-b12c79e49010,Thane Retail Warehouse 44,THA-RE-44,"74, Palla Chowk, Thane, Goa, 483565",2025-04-30 09:01:53
ee05aa9e-7943-49fb-99db-8abee04ab75a,Bengaluru Storage Hub 92,BEN-ST-92,"H.No. 869, Dewan Street, Bengaluru, Manipur, 252541",2024-02-06 09:01:53
ebd89b35-f5c4-4bb0-9a6a-1d2d64b94318,Visakhapatnam Storage Hub 72,VIS-ST-72,"H.No. 055, Gokhale Marg, Visakhapatnam, Rajasthan, 126676",2024-12-24 09:01:53
d0f78154-7911-4cc8-9cfe-d7683cae17c0,Chennai Retail Warehouse 90,CHE-RE-90,"80/940, Ratti Path, Chennai, Jharkhand, 033642",2024-09-11 09:01:53
70a5be1b-688a-4fd7-8d0a-85e7d53031b8,Jabalpur Storage Hub 43,JAB-ST-43,"H.No. 53, Bajwa Street, Jabalpur, Maharashtra, 432614",2023-12-15 09:01:53
d500fcea-1195-452a-9483-e05f30bb86d3,Srinagar Distribution Centre 39,SRI-DI-39,"403, Bobal Chowk, Srinagar, Kerala, 431091",2023-07-07 09:01:53
ac3bb09a-b841-469b-a005-36fd0f9950a8,Bengaluru Storage Hub 43,BEN-ST-43,"H.No. 68, Balan Ganj, Bengaluru, Punjab, 312252",2026-01-16 09:01:53
5dc6e437-48d3-4928-887b-02c6313dc68b,Kota Fulfilment Centre 69,KOT-FU-69,"64/974, Sheth Chowk, Kota, Arunachal Pradesh, 764428",2025-04-17 09:01:53
48194cb5-5b29-4df6-a6ff-757d976e4083,Guwahati Retail Warehouse 55,GUW-RE-55,"30, Balan Chowk, Guwahati, Manipur, 010124",2024-02-11 09:01:53
cab204c8-5aab-429e-979b-1c6309a1122d,Kanpur Bulk Store 39,KAN-BU-39,"H.No. 80, Ramanathan Path, Kanpur, Punjab, 211874",2024-10-04 09:01:53
8097c6ce-85de-46e9-9a00-c9c85a9a6d57,Chennai Bulk Store 98,CHE-BU-98,"90/044, Boase, Chennai, Uttarakhand, 072314",2024-01-30 09:01:53
51c32ed8-04d9-490e-b6f4-e038d0e962cf,Bhopal Export Hub 83,BHO-EX-83,"20/49, Johal, Bhopal, Andhra Pradesh, 404121",2025-05-24 09:01:53
8502cb70-554a-42ef-8555-52d18cf96dda,Coimbatore Fulfilment Centre 98,COI-FU-98,"H.No. 704, Borde Ganj, Coimbatore, Andhra Pradesh, 503158",2024-02-07 09:01:53
b88735ba-f622-4ef5-ac0e-0e2150836e48,Rajkot Export Hub 7,RAJ-EX-07,"78/50, Sagar Marg, Rajkot, Andhra Pradesh, 751414",2024-04-26 09:01:53
7a17583d-3be8-422b-b3f3-525ce04e3056,Faridabad Fulfilment Centre 42,FAR-FU-42,"35/15, Bail Marg, Faridabad, Odisha, 142770",2024-10-06 09:01:53
eb1ddf60-4d61-4c51-bf58-3b248e07458e,Agra Fulfilment Centre 3,AGR-FU-03,"21/538, Contractor Marg, Agra, Bihar, 111627",2024-03-07 09:01:53
da6c0ed0-dcf2-46f4-b004-50529975d492,Kolkata Main Warehouse 99,KOL-MA-99,"H.No. 435, Hans, Kolkata, Himachal Pradesh, 061650",2025-12-23 09:01:53
0d3cdf9a-9399-4fc7-9c30-9fbb09a2022a,Mysuru Storage Hub 57,MYS-ST-57,"47/255, Dara Ganj, Mysuru, West Bengal, 737122",2024-08-29 09:01:53
84a32806-9c80-4eb5-b856-f5ad3ebf717e,Coimbatore Bulk Store 77,COI-BU-77,"H.No. 725, Mohan Nagar, Coimbatore, Karnataka, 408860",2025-04-07 09:01:53
dabc8bb4-f697-494d-9f61-fbbae32501d8,Kolkata Sorting Centre 84,KOL-SO-84,"96/925, Keer Ganj, Kolkata, Maharashtra, 109993",2025-08-13 09:01:53
489f07f1-ac4b-4ff2-af09-3ec88681a5f1,Mumbai Regional Depot 83,MUM-RE-83,"H.No. 914, Bal Nagar, Mumbai, Uttar Pradesh, 297192",2023-08-15 09:01:53
5856bd45-3d32-4b88-85e8-56b6417c862a,Navi Mumbai Cold Storage 19,NAV-CO-19,"28/874, Nayak Zila, Navi Mumbai, Tamil Nadu, 925434",2023-08-29 09:01:53
96e47715-2526-4838-967f-5f555d90637f,Guwahati Retail Warehouse 59,GUW-RE-59,"50/266, Ghose Road, Guwahati, Meghalaya, 869664",2025-03-21 09:01:53
a10ccc54-d1e6-42db-8d6f-9e38b3b8db8b,Allahabad Bulk Store 98,ALL-BU-98,"11/05, Garg Zila, Allahabad, Odisha, 724306",2024-11-13 09:01:53
2193706c-841b-412c-b9fd-85be09e91cde,Hyderabad Fulfilment Centre 50,HYD-FU-50,"77, Varughese, Hyderabad, Haryana, 778107",2025-04-13 09:01:53
d6d19efa-78cb-4cee-bf2a-ab54dbd5400a,Rajkot Storage Hub 969,RAJ-ST-199,"H.No. 824, Thakur Nagar, Rajkot, Punjab, 513315",2024-02-08 09:01:53
e0455c53-8086-4270-98f3-ff254369b16e,Varanasi Fulfilment Centre 33,VAR-FU-33,"92, Gole Nagar, Varanasi, Sikkim, 661620",2025-05-07 09:01:53
5732c0dd-10c6-43ad-9fef-9a3bdfccbf01,Kota Regional Depot 28,KOT-RE-28,"H.No. 729, Dada Path, Kota, Sikkim, 660869",2024-06-09 09:01:53
59274351-8ea5-4efa-be4b-b80e26def5d5,Gwalior Regional Depot 52,GWA-RE-52,"11, Madan Nagar, Gwalior, Andhra Pradesh, 909276",2024-10-10 09:01:53
d859d297-18a2-4fcd-8077-7140d618e500,Tiruchirappalli Sorting Centre 49,TIR-SO-49,"36, Wadhwa Nagar, Tiruchirappalli, Maharashtra, 339950",2024-02-08 09:01:53
a75d3e12-b9e4-4c4e-9392-cf8b2ab309f7,Hubli Fulfilment Centre 30,HUB-FU-30,"66, Sangha Chowk, Hubli, Andhra Pradesh, 508005",2025-11-27 09:01:53
f2a6cc3d-69b3-4f90-a791-3f72f468d860,Ranchi Distribution Centre 87,RAN-DI-87,"H.No. 908, Bassi Ganj, Ranchi, Maharashtra, 509805",2023-07-02 09:01:53
0387e559-21ae-436d-b048-b03129c15a03,Surat Fulfilment Centre 380,SUR-FU-451,"H.No. 64, Brahmbhatt Road, Surat, Odisha, 124361",2024-04-18 09:01:53
751fd390-cceb-472e-a092-fc476af6c331,Rajkot Distribution Centre 62,RAJ-DI-62,"05, Gole Nagar, Rajkot, Punjab, 761918",2024-03-13 09:01:53
9d033e38-2b96-40a3-9c39-fd1f0062ad27,Hubli Main Warehouse 58,HUB-MA-58,"H.No. 498, Sachar Ganj, Hubli, Meghalaya, 903217",2023-09-23 09:01:53
60837d95-5b9a-45b8-b92a-ca5463077cf2,Thane Distribution Centre 58,THA-DI-58,"49, Dani Zila, Thane, Tripura, 675500",2025-05-10 09:01:53
efa57892-522f-4787-ad6a-67dc4f1cae9f,Pimpri Cold Storage 60,PIM-CO-60,"H.No. 37, Issac Path, Pimpri, Telangana, 575229",2024-11-27 09:01:53
c6991f38-25b5-4c0c-8501-78ae32dada90,Varanasi Storage Hub 87,VAR-ST-87,"H.No. 08, Ramesh Ganj, Varanasi, Arunachal Pradesh, 903674",2025-01-15 09:01:53
08d98ddc-b128-4131-998a-964a401c81fe,Jaipur Bulk Store 32,JAI-BU-32,"67/56, Pillai Chowk, Jaipur, West Bengal, 515347",2023-07-23 09:01:53
39f45ed7-0866-43ca-ba12-70d32dd9c139,Meerut Retail Warehouse 69,MEE-RE-69,"H.No. 39, Taneja Street, Meerut, Andhra Pradesh, 207800",2025-04-28 09:01:53
7ad5394c-f883-42c4-99c1-6eed85c24065,Chandigarh Main Warehouse 66,CHA-MA-66,"781, D’Alia Nagar, Chandigarh, Andhra Pradesh, 208234",2024-06-24 09:01:53
36982a99-e155-406a-927d-4420e8dba105,Howrah Sorting Centre 63,HOW-SO-63,"H.No. 609, Bakshi, Howrah, Odisha, 578851",2023-12-02 09:01:53
aeafe91e-169b-4e92-ab71-bd8df2d23122,Amritsar Regional Depot 64,AMR-RE-64,"61, Badami, Amritsar, Meghalaya, 444904",2023-06-29 09:01:53
38057447-3bac-438a-8e9d-741a0c4b74c7,Tiruchirappalli Cold Storage 79,TIR-CO-79,"946, Saraf Zila, Tiruchirappalli, Rajasthan, 227726",2025-06-08 09:01:53
fffe77ab-e112-4976-a105-6f3ba4b280f7,Kota Regional Depot 84,KOT-RE-84,"H.No. 054, Gara Nagar, Kota, Telangana, 028465",2025-07-12 09:01:53
e390d995-b546-492a-a437-435e62fe2a5b,Patna Export Hub 92,PAT-EX-92,"59/218, Nadig, Patna, Madhya Pradesh, 499339",2025-04-06 09:01:53
0295b4c3-1d83-4dc5-8417-e40876f84e76,Jaipur Sorting Centre 869,JAI-SO-195,"45, Bhatnagar Ganj, Jaipur, Nagaland, 238487",2024-12-13 09:01:53
3fd9b400-2ead-4744-876d-1002f4585fa8,Hubli Retail Warehouse 33,HUB-RE-33,"14, Kumer Road, Hubli, Haryana, 736090",2023-09-27 09:01:53
5b64cbdd-8d2b-4676-b8bb-af396804c3da,Delhi Fulfilment Centre 61,DEL-FU-61,"57/53, Mohan Chowk, Delhi, Manipur, 318342",2025-02-09 09:01:53
e7b60f6f-b83c-4d85-bb5c-5a3cb4c08388,Aurangabad Bulk Store 72,AUR-BU-72,"90/024, Gandhi, Aurangabad, Rajasthan, 852346",2024-11-13 09:01:53
651d7cea-f77b-4a36-81da-db651983c63a,Patna Main Warehouse 894,PAT-MA-154,"15/121, Swamy Marg, Patna, Madhya Pradesh, 896010",2026-02-19 09:01:53
733dfdac-f6e2-4007-af7c-5fa0ecbf9275,Dhanbad Bulk Store 60,DHA-BU-60,"65, Sehgal Circle, Dhanbad, Mizoram, 425658",2025-03-16 09:01:53
3eac0fca-3b3e-461c-a7ce-4a3270af0c84,Kolkata Regional Depot 77,KOL-RE-77,"938, Krishna Path, Kolkata, Tamil Nadu, 445039",2024-12-14 09:01:53
8d5013b0-63ba-4f7d-b19e-eb1f203285d6,Agra Fulfilment Centre 39,AGR-FU-39,"63/83, Purohit Road, Agra, Madhya Pradesh, 814498",2025-12-14 09:01:53
36a2403e-b3ce-426b-8365-f4dc4b4f642d,Chennai Cold Storage 97,CHE-CO-97,"02, Ravel, Chennai, Uttar Pradesh, 328315",2024-11-17 09:01:53
339fbaad-4dbe-4ab7-9717-67e6507a83bf,Tiruchirappalli Fulfilment Centre 84,TIR-FU-84,"30/707, Chawla, Tiruchirappalli, Punjab, 487860",2024-01-09 09:01:53
1dfe8e4b-42bb-423d-8ff0-8a8723652abb,Indore Main Warehouse 80,IND-MA-80,"H.No. 508, Khare Ganj, Indore, Himachal Pradesh, 129829",2024-07-20 09:01:53
5dc6f492-13b7-4886-9557-f6d904284929,Hyderabad Main Warehouse 83,HYD-MA-83,"45/418, Iyengar Ganj, Hyderabad, Tripura, 881474",2024-03-10 09:01:53
4b2c409b-a2d5-47c5-916d-03e36ec948b4,Bengaluru Sorting Centre 36,BEN-SO-36,"507, Kapadia Road, Bengaluru, Mizoram, 039500",2024-02-17 09:01:53
f46cdf4e-1d88-42fe-8ccb-d99d409adb4f,Bengaluru Bulk Store 48,BEN-BU-48,"86, Sekhon Chowk, Bengaluru, West Bengal, 500535",2025-01-31 09:01:53
21e77db2-85b0-4a5e-a0e1-4ea3144e1b0e,Agra Export Hub 20,AGR-EX-20,"60, Ramanathan Ganj, Agra, West Bengal, 336142",2025-07-10 09:01:53
6f88eb1b-de99-4920-9ce8-68ec8b43c0e8,Hubli Regional Depot 93,HUB-RE-93,"H.No. 74, Parekh Zila, Hubli, Tripura, 632956",2025-06-18 09:01:53
0a945a07-b329-45fe-a0e9-7adecf6cf2b3,Ludhiana Fulfilment Centre 982,LUD-FU-820,"14, Dugar Circle, Ludhiana, Tamil Nadu, 364851",2025-04-07 09:01:53
e34c9d64-d4c3-40e3-ae04-9ff71a3b2782,Madurai Bulk Store 47,MAD-BU-47,"82, Pathak Chowk, Madurai, Telangana, 730614",2025-07-06 09:01:53
d3315f94-23ce-47d4-8ab4-37da666e3a3c,Ludhiana Storage Hub 886,LUD-ST-694,"01, Kumer Chowk, Ludhiana, Tripura, 964000",2025-11-01 09:01:53
efc57e51-5707-450d-a2bc-4c78e54f91f0,Rajkot Bulk Store 5,RAJ-BU-05,"92/568, Narayan Ganj, Rajkot, Punjab, 278387",2024-06-06 09:01:53
9e5e4d88-f175-41fc-9579-62122faf4bc7,Kota Main Warehouse 5,KOT-MA-05,"76, Lad Path, Kota, Andhra Pradesh, 347145",2025-06-21 09:01:53
20e22ded-9aa4-451a-883e-ce86141ae337,Aurangabad Main Warehouse 74,AUR-MA-74,"H.No. 374, Datta Nagar, Aurangabad, Nagaland, 656529",2024-02-19 09:01:53
81625ef2-1842-4593-97e2-08deb47e4357,Kolkata Distribution Centre 8,KOL-DI-08,"675, Gola Marg, Kolkata, Manipur, 454034",2024-02-20 09:01:53
f67a21b6-5168-4f6e-8867-e78014c55093,Bhopal Regional Depot 75,BHO-RE-75,"89/39, Patel Chowk, Bhopal, Punjab, 536422",2024-02-02 09:01:53
9c04849c-cb0c-4bc8-9cea-abd0c76a6b56,Raipur Cold Storage 54,RAI-CO-54,"09/470, Kurian Path, Raipur, Himachal Pradesh, 658390",2025-12-25 09:01:53
82f28288-9e44-4610-b898-b8e549033222,Kolkata Sorting Centre 89,KOL-SO-89,"H.No. 876, Gala, Kolkata, Uttarakhand, 043885",2024-01-21 09:01:53
b535d281-363d-44fd-9283-6dc61b7e6a8c,Gwalior Export Hub 73,GWA-EX-73,"28/715, Kaul Circle, Gwalior, Himachal Pradesh, 302997",2024-07-17 09:01:53
54ba8f17-b48e-4ecd-a537-a0a216ac808b,Hubli Bulk Store 41,HUB-BU-41,"38/544, Mand Street, Hubli, Arunachal Pradesh, 948046",2025-12-22 09:01:53
31e7f2e3-0282-48d1-8655-868bbc6ee4d5,Kolkata Export Hub 14,KOL-EX-14,"86/98, Batra, Kolkata, Nagaland, 634272",2024-04-14 09:01:53
af84a699-5188-47ef-b42a-aaf8e54b9f77,Ghaziabad Export Hub 28,GHA-EX-28,"H.No. 77, Choudhury Zila, Ghaziabad, Kerala, 873781",2024-02-07 09:01:53
e97aa383-5d07-458a-be4e-42e4d9cd5a5d,Srinagar Regional Depot 52,SRI-RE-52,"H.No. 61, Dugar Marg, Srinagar, Assam, 367138",2025-01-02 09:01:53
fddcdd4d-26c6-4576-9bd8-26c8b88892ba,Chennai Regional Depot 94,CHE-RE-94,"73/140, Borra Ganj, Chennai, Odisha, 666162",2025-05-05 09:01:53
cba5ddac-f682-418f-8e52-826f2f76f07a,Dhanbad Retail Warehouse 55,DHA-RE-55,"H.No. 69, Virk Circle, Dhanbad, Telangana, 762182",2023-08-12 09:01:53
1ae96a83-f2fa-48ff-aef4-a8f673b0a9c6,Kolkata Export Hub 83,KOL-EX-83,"479, Dass Street, Kolkata, Himachal Pradesh, 686707",2024-01-22 09:01:53
26efd664-b1bf-4d27-8436-b2977fdd183e,Madurai Bulk Store 66,MAD-BU-66,"H.No. 671, Venkataraman Road, Madurai, Sikkim, 792578",2024-11-01 09:01:53
1789b528-b76e-4a2c-9f1b-93bbc9efad81,Raipur Main Warehouse 36,RAI-MA-36,"H.No. 23, Dora Path, Raipur, Punjab, 093413",2024-03-07 09:01:53
d27a93d1-ed5d-46c3-95ee-e1939c8c7c29,Aurangabad Sorting Centre 53,AUR-SO-53,"34, Luthra Path, Aurangabad, Chhattisgarh, 711558",2025-01-29 09:01:53
49e32db9-9cc2-4671-9570-71ae5acd3399,Raipur Bulk Store 71,RAI-BU-71,"218, Nath Zila, Raipur, Assam, 190706",2023-09-20 09:01:53
83daa5ff-854a-4c70-93e0-78eccea10fc0,Surat Sorting Centre 3,SUR-SO-03,"76, Hora, Surat, Uttarakhand, 316453",2024-02-15 09:01:53
4540b796-4a59-41d9-847a-20542f10f1b1,Nashik Storage Hub 48,NAS-ST-48,"33/64, Palla Street, Nashik, Karnataka, 353321",2025-01-25 09:01:53
fe1c59cf-ed59-4556-ad1c-35d30d5099a8,Ludhiana Sorting Centre 76,LUD-SO-76,"H.No. 125, Raval Road, Ludhiana, Manipur, 914999",2025-02-24 09:01:53
570971d1-0f22-4752-916e-d9acfd58da6d,Delhi Export Hub 83,DEL-EX-83,"H.No. 97, Basak Chowk, Delhi, Haryana, 705682",2024-06-19 09:01:53
0ec2a3af-d926-48b7-aff2-43e6cfca992c,Chennai Regional Depot 92,CHE-RE-92,"H.No. 83, Barman Street, Chennai, Assam, 354563",2025-09-27 09:01:53
2b0bb53d-74fc-4988-af9c-64f192b88f01,Chandigarh Fulfilment Centre 89,CHA-FU-89,"79, Varma Circle, Chandigarh, Sikkim, 686364",2025-07-20 09:01:53
02df7048-6c8d-4012-a6f5-8b96f468953e,Mumbai Storage Hub 722,MUM-ST-191,"44/981, Raval Nagar, Mumbai, Gujarat, 673920",2024-10-22 09:01:53
fa5ba132-20f0-4299-b750-6851603f73a2,Varanasi Regional Depot 324,VAR-RE-285,"04, Menon Street, Varanasi, Chhattisgarh, 119247",2023-11-07 09:01:53
aa332739-9ae5-4599-b22e-837ba1e26438,Dhanbad Fulfilment Centre 80,DHA-FU-80,"H.No. 35, Sankar Nagar, Dhanbad, Punjab, 820993",2024-09-13 09:01:53
9420bfbf-aac2-422f-8a4b-9d6166c82d10,Varanasi Storage Hub 20,VAR-ST-20,"72/11, Badami Street, Varanasi, Gujarat, 998399",2026-01-05 09:01:53
70867c9e-87c8-45d9-ba02-eb0e4ca232ca,Visakhapatnam Main Warehouse 46,VIS-MA-46,"H.No. 150, Palla Path, Visakhapatnam, Jharkhand, 616806",2026-01-05 09:01:53
2f36686b-5fc7-42a8-b937-9f22e923593c,Indore Distribution Centre 69,IND-DI-69,"03/04, Ahuja Nagar, Indore, West Bengal, 468013",2025-02-10 09:01:53
e24fdd2b-c55e-465e-a40e-5b1771bd61b2,Faridabad Main Warehouse 40,FAR-MA-40,"H.No. 433, Acharya Marg, Faridabad, Kerala, 432111",2024-11-03 09:01:53
c761d474-7dc1-4bca-ace7-a9c6d381d32e,Vadodara Retail Warehouse 32,VAD-RE-32,"H.No. 49, De Path, Vadodara, Odisha, 791969",2025-08-08 09:01:53
985debfa-bcec-42e9-aeb1-611f27c9072b,Howrah Sorting Centre 12,HOW-SO-12,"09/136, Bhatti Road, Howrah, Meghalaya, 592059",2025-06-28 09:01:53
a3ed7b9f-a84f-43f3-9bf6-1413600d5123,Aurangabad Export Hub 44,AUR-EX-44,"H.No. 83, Bakshi Marg, Aurangabad, Odisha, 168011",2025-09-24 09:01:53
fddbb541-ec80-4cad-b2f6-15b2bcc1dc27,Visakhapatnam Retail Warehouse 39,VIS-RE-39,"H.No. 36, Rajan Nagar, Visakhapatnam, Jharkhand, 945349",2023-10-11 09:01:53
98e2bf0b-5042-41ad-bdbf-eec46534529f,Vadodara Storage Hub 1,VAD-ST-01,"32, Aggarwal Nagar, Vadodara, West Bengal, 015353",2025-09-03 09:01:53
8ed26d33-1a58-40bf-99bf-09a0da1c50a9,Ghaziabad Sorting Centre 34,GHA-SO-34,"05/325, Gera Marg, Ghaziabad, Jharkhand, 497046",2025-05-30 09:01:53
03367d3e-f7f2-4140-ab36-842293c7aba4,Ahmedabad Main Warehouse 96,AHM-MA-96,"H.No. 85, Parekh Path, Ahmedabad, Bihar, 932405",2023-10-02 09:01:53
c7ed42d3-a66d-4e70-b0e5-a9dbe3178885,Kota Storage Hub 93,KOT-ST-93,"74/119, Pingle Ganj, Kota, Gujarat, 038916",2025-07-26 09:01:53
c863dc04-69fc-4ba1-b23a-2240354312e1,Navi Mumbai Retail Warehouse 83,NAV-RE-83,"77, Parsa Nagar, Navi Mumbai, Chhattisgarh, 858680",2025-07-26 09:01:53
7dae9de6-9c65-4189-a559-aacc3ed8fff3,Agra Distribution Centre 69,AGR-DI-69,"H.No. 39, Dhawan Road, Agra, Odisha, 088925",2023-08-20 09:01:53
9a5b998d-f807-4406-a844-b913c19b4f5d,Hubli Bulk Store 53,HUB-BU-53,"57/83, Bath, Hubli, Gujarat, 037731",2025-05-01 09:01:53
226568da-5f79-4646-9aca-1601eaf817ba,Amritsar Retail Warehouse 39,AMR-RE-39,"058, Rout Circle, Amritsar, Odisha, 853074",2025-12-07 09:01:53
ce4ebfaf-0ac3-4341-a7a6-10a1aef29650,Indore Distribution Centre 27,IND-DI-27,"78/13, Bains Road, Indore, Telangana, 140501",2023-08-17 09:01:53
4d8c7b10-712b-4922-852d-b4d687d3c009,Nashik Distribution Centre 65,NAS-DI-65,"13/61, Bandi Chowk, Nashik, Andhra Pradesh, 485412",2024-04-23 09:01:53
105f4562-3c7f-4935-8acf-cb8381469e3f,Nagpur Main Warehouse 19,NAG-MA-19,"34/810, Mane, Nagpur, Sikkim, 255396",2025-03-16 09:01:53
c434b47a-072e-4be5-8bc6-2e411cee4889,Navi Mumbai Cold Storage 26,NAV-CO-26,"556, Magar Zila, Navi Mumbai, Himachal Pradesh, 298701",2025-06-14 09:01:53
1d485f98-2816-4c1c-9369-328010c8df53,Rajkot Cold Storage 69,RAJ-CO-69,"H.No. 932, Nath Zila, Rajkot, Chhattisgarh, 176111",2023-12-01 09:01:53
543e7dd3-c97a-4a53-af22-36b56d6e899f,Kolkata Cold Storage 27,KOL-CO-27,"H.No. 83, Krishna Street, Kolkata, Tripura, 965261",2023-07-15 09:01:53
4330e493-5ec3-416a-9842-b25dd769f285,Vijayawada Export Hub 69,VIJ-EX-69,"166, Misra, Vijayawada, Mizoram, 001123",2025-03-06 09:01:53
93401c9b-942e-4fc7-b4d3-e0b5239b346c,Jodhpur Storage Hub 89,JOD-ST-89,"016, Raj Chowk, Jodhpur, Karnataka, 673238",2025-11-13 09:01:53
605dde9c-182b-4e7f-a082-8beb5b44d315,Amritsar Export Hub 78,AMR-EX-78,"36/841, Khosla Road, Amritsar, Jharkhand, 622807",2025-04-13 09:01:53
b9609e58-bf53-4181-8c2a-c22e7c41e69d,Ludhiana Sorting Centre 80,LUD-SO-80,"H.No. 90, Iyengar Path, Ludhiana, Mizoram, 595094",2026-01-14 09:01:53
f10d4fe2-4303-4cd0-8793-da72b0085cdd,Coimbatore Export Hub 39,COI-EX-39,"816, Kashyap Circle, Coimbatore, Madhya Pradesh, 577210",2024-03-22 09:01:53
c31aa383-d078-466d-b598-a0b725b981d9,Kota Distribution Centre 22,KOT-DI-22,"87/274, Bedi Zila, Kota, Uttarakhand, 915798",2023-06-24 09:01:53
7c13bfd6-ca5e-45f0-95a3-3a6b5b720e51,Howrah Bulk Store 43,HOW-BU-43,"15/551, Muni Circle, Howrah, Odisha, 529643",2025-03-10 09:01:53
0fe7bb04-4cd4-4971-b5a1-12602aa1fb9d,Allahabad Distribution Centre 49,ALL-DI-49,"52/217, Dave Ganj, Allahabad, Nagaland, 248729",2024-11-28 09:01:53
643ffcb8-93b9-4515-b33a-e71b4404df3e,Agra Sorting Centre 23,AGR-SO-23,"02/02, Borra, Agra, Rajasthan, 265134",2025-08-06 09:01:53
2588a3e1-8aaf-4cac-a587-8c5b113dcfec,Ranchi Fulfilment Centre 13,RAN-FU-13,"045, Varty Chowk, Ranchi, Tripura, 314562",2024-07-21 09:01:53
c045a53b-1a1b-409a-9b76-b804648ee00e,Thane Regional Depot 69,THA-RE-69,"53/030, Mand Street, Thane, West Bengal, 300113",2024-01-24 09:01:53
fd4f57c8-1193-479b-af8e-e180a13d3cdc,Coimbatore Distribution Centre 71,COI-DI-71,"H.No. 464, Goyal Road, Coimbatore, Assam, 377805",2023-09-14 09:01:53
8d0f5214-8f43-4c98-8cc5-31eddbecdc4a,Guwahati Main Warehouse 94,GUW-MA-94,"H.No. 92, Sridhar Street, Guwahati, Meghalaya, 260497",2026-01-17 09:01:53
f58dcb90-b43f-483b-a9e8-fb0cdf035fb3,Nagpur Export Hub 9,NAG-EX-09,"97, Vasa, Nagpur, Manipur, 569641",2023-11-27 09:01:53
0a26c94c-931b-401b-9e6c-d54612acddd4,Visakhapatnam Bulk Store 25,VIS-BU-25,"H.No. 350, Saraf Chowk, Visakhapatnam, Uttar Pradesh, 996727",2025-06-22 09:01:53
51127c55-408a-4639-bdad-6ae190581fd8,Jaipur Sorting Centre 23,JAI-SO-23,"63/396, Bal Circle, Jaipur, Arunachal Pradesh, 119475",2025-04-29 09:01:53
0e1b6a65-1833-4f14-8cbe-7e411ec90624,Lucknow Distribution Centre 89,LUC-DI-89,"H.No. 522, Chandran Nagar, Lucknow, Assam, 704225",2024-06-30 09:01:53
ac92ccdf-4bd7-4bd9-8153-884201474413,Nashik Sorting Centre 60,NAS-SO-60,"33/23, Chada Circle, Nashik, Uttar Pradesh, 331616",2024-02-11 09:01:53
cc7b32fe-5187-4f55-8e96-583183877857,Bhopal Main Warehouse 76,BHO-MA-76,"97, Mohanty Road, Bhopal, Maharashtra, 071198",2024-02-20 09:01:53
54bef8dd-88f8-4ccc-a646-aad043a89b5e,Ahmedabad Storage Hub 9,AHM-ST-09,"95/111, Tak Path, Ahmedabad, Nagaland, 239037",2024-10-03 09:01:53
2953de36-1656-4610-8604-5e170654baea,Ghaziabad Storage Hub 61,GHA-ST-61,"H.No. 558, Anne Marg, Ghaziabad, Goa, 423624",2023-08-31 09:01:53
23f4d5c5-2713-45ef-b097-9696e10133b4,Nagpur Regional Depot 12,NAG-RE-12,"H.No. 88, Puri Road, Nagpur, Telangana, 714787",2025-12-15 09:01:53
a573be93-4d21-4f7a-a606-5218e1a8d963,Patna Bulk Store 12,PAT-BU-12,"H.No. 08, Parikh Nagar, Patna, Rajasthan, 117844",2025-08-25 09:01:53
97cc0400-7e76-4e4b-a15c-dd70713ce368,Bhopal Distribution Centre 904,BHO-DI-657,"H.No. 00, Sura Street, Bhopal, Uttarakhand, 894244",2025-03-15 09:01:53
66277e80-32d8-4078-89f5-2141503433ae,Nashik Fulfilment Centre 7,NAS-FU-07,"793, Ramakrishnan Marg, Nashik, Maharashtra, 448671",2023-07-13 09:01:53
fdb69b74-f83b-4887-82d0-b9b9f28eacc6,Chennai Cold Storage 29,CHE-CO-29,"H.No. 881, Bir Marg, Chennai, Mizoram, 773477",2026-02-03 09:01:53
11d9ae00-59d5-43cc-a240-305a6782b1a0,Nagpur Main Warehouse 40,NAG-MA-40,"H.No. 96, Vasa Chowk, Nagpur, Telangana, 527331",2025-05-15 09:01:53
cc7a9641-1a22-4dee-8440-2e5efaf01ee6,Mumbai Retail Warehouse 57,MUM-RE-57,"88/156, Narain Chowk, Mumbai, West Bengal, 135455",2024-09-15 09:01:53
8f026756-c36f-4e75-8ba0-5f8e4becefc9,Kolkata Distribution Centre 7,KOL-DI-07,"79/707, Bhat, Kolkata, Meghalaya, 045530",2024-06-21 09:01:53
3eff0184-4ace-4aca-803a-92ff623930f9,Hubli Bulk Store 47,HUB-BU-47,"H.No. 173, Lala Zila, Hubli, Bihar, 725921",2024-06-24 09:01:53
8d3f9f8d-c196-4114-8293-e61c6b28fc66,Howrah Regional Depot 85,HOW-RE-85,"29/856, Datta Chowk, Howrah, Himachal Pradesh, 555251",2024-01-18 09:01:53
f68631b6-7750-4aa3-97ec-23a28c765b6b,Ghaziabad Cold Storage 59,GHA-CO-59,"74, Pant Circle, Ghaziabad, Maharashtra, 264243",2025-01-22 09:01:53
0b73a9b2-dd04-4d0c-bda9-6b088c093d13,Hubli Bulk Store 768,HUB-BU-820,"42, Deshmukh Circle, Hubli, Uttar Pradesh, 022041",2025-05-06 09:01:53
411f96b6-0f71-46c0-8af6-2d0513e65f74,Ghaziabad Regional Depot 16,GHA-RE-802,"H.No. 649, Barman Marg, Ghaziabad, Manipur, 652014",2024-08-20 09:01:53
4b6034da-1618-4f2d-ac0a-23ae22e60468,Hubli Storage Hub 77,HUB-ST-77,"76/09, Seth Marg, Hubli, Haryana, 250093",2024-07-17 09:01:53
57cddc39-9755-4170-9248-d277ca056902,Ahmedabad Storage Hub 53,AHM-ST-53,"195, Hayer Marg, Ahmedabad, Uttar Pradesh, 050650",2023-07-27 09:01:53
042c71e2-9ea9-48fb-898a-dc5d7474d3d0,Vijayawada Sorting Centre 35,VIJ-SO-35,"96, Nayak Zila, Vijayawada, Nagaland, 452364",2025-03-30 09:01:53
add718a3-e1e8-4224-9e23-3979d5fea8af,Surat Main Warehouse 315,SUR-MA-701,"41/10, Garde Nagar, Surat, Arunachal Pradesh, 760406",2025-12-20 09:01:53
d2d4334e-13f2-4d44-8f08-039b42fc970a,Vijayawada Distribution Centre 3,VIJ-DI-03,"321, Dar Path, Vijayawada, Tamil Nadu, 519679",2025-01-09 09:01:53
17c603d3-7c88-46c6-be95-d1aed4f75e46,Ahmedabad Bulk Store 83,AHM-BU-83,"960, Virk Path, Ahmedabad, Maharashtra, 314342",2025-02-18 09:01:53
80abbd44-4c3e-4bf3-afd9-d186e6ba128c,Chandigarh Sorting Centre 12,CHA-SO-12,"070, Kalla Road, Chandigarh, Assam, 772228",2026-02-25 09:01:53
47ea6659-8653-4718-92d9-bd4caeb9a53f,Hyderabad Export Hub 136,HYD-EX-164,"49, Natarajan, Hyderabad, Mizoram, 674286",2024-05-03 09:01:53
0cf25a8c-20d6-4584-90a0-c20c8e23bbd5,Visakhapatnam Storage Hub 95,VIS-ST-95,"H.No. 176, Wagle Chowk, Visakhapatnam, Manipur, 880111",2025-11-08 09:01:53
7e3ce184-719e-42a1-896c-9b5e1cfe7e62,Meerut Export Hub 428,MEE-EX-845,"052, Dora, Meerut, Gujarat, 522377",2024-10-15 09:01:53
4aed4325-f618-4631-8cab-c5ed571ab6c8,Jaipur Storage Hub 86,JAI-ST-649,"H.No. 04, Viswanathan Road, Jaipur, Uttar Pradesh, 632448",2023-12-05 09:01:53
875a8337-4e49-4f6c-b0e2-4b3234224b71,Amritsar Cold Storage 82,AMR-CO-82,"96/846, Mallick Nagar, Amritsar, West Bengal, 261655",2025-01-27 09:01:53
22a8678f-7a59-4d6c-acd6-7389f7bdeaa6,Lucknow Bulk Store 80,LUC-BU-80,"42/793, Singh Ganj, Lucknow, Arunachal Pradesh, 146169",2024-08-09 09:01:53
86a08146-3882-4c5c-b2a3-69994ac0a964,Tiruchirappalli Bulk Store 19,TIR-BU-19,"04/761, Dixit Nagar, Tiruchirappalli, Punjab, 544190",2026-02-11 09:01:53
8e0e8adc-4441-4990-b8ca-671e9b4ad0da,Allahabad Fulfilment Centre 81,ALL-FU-81,"H.No. 37, Bali Chowk, Allahabad, Goa, 705035",2025-06-10 09:01:53
64afaa80-02d5-4503-a067-6b009dcc81b1,Amritsar Sorting Centre 91,AMR-SO-91,"23, Grover Chowk, Amritsar, Tripura, 645604",2025-12-16 09:01:53
52564c22-0a56-4da2-9126-b6231579f190,Hubli Main Warehouse 2,HUB-MA-02,"51/19, Balay, Hubli, Madhya Pradesh, 632267",2025-03-26 09:01:53
52911932-4b63-4563-acf0-0a93a2820836,Coimbatore Fulfilment Centre 18,COI-FU-18,"11/17, Nayar Circle, Coimbatore, Bihar, 592729",2024-05-06 09:01:53
0b1f837d-586c-4187-b95a-24d513faddc3,Jodhpur Cold Storage 64,JOD-CO-64,"H.No. 694, Dhingra Street, Jodhpur, Chhattisgarh, 538418",2025-11-02 09:01:53
1fd9421f-6b51-43bd-829d-f88a6fdc44b2,Mysuru Storage Hub 71,MYS-ST-71,"57, Chadha Marg, Mysuru, Meghalaya, 572245",2024-06-10 09:01:53
731ca279-cd06-4c8e-be0d-5a00d5797629,Aurangabad Main Warehouse 91,AUR-MA-91,"83/66, Tata Nagar, Aurangabad, Odisha, 340833",2025-08-20 09:01:53
65df0065-675e-49fc-8572-925a2316e274,Lucknow Storage Hub 4,LUC-ST-04,"83, Chowdhury Marg, Lucknow, Kerala, 668668",2026-01-26 09:01:53
bd3975af-74ec-4d40-9ed4-cfcaadd89bda,Madurai Retail Warehouse 35,MAD-RE-35,"H.No. 807, Pingle, Madurai, Maharashtra, 300022",2024-08-19 09:01:53
790ec5cf-9a0f-49fe-9d71-2dda4ab55d7d,Ludhiana Sorting Centre 64,LUD-SO-64,"50, Jaggi, Ludhiana, Tamil Nadu, 047092",2024-02-21 09:01:53
d7deba3b-b0d1-4946-b21b-9d0d93cf30fe,Jaipur Regional Depot 25,JAI-RE-25,"03/37, Lanka Zila, Jaipur, Chhattisgarh, 374727",2024-08-22 09:01:53
96020504-045e-4a63-9239-3a04ebfc5c16,Aurangabad Distribution Centre 625,AUR-DI-359,"39/22, Thakur Marg, Aurangabad, Punjab, 954276",2025-12-14 09:01:53
01568c00-d4de-46e7-9d0c-91e5048bd42d,Patna Cold Storage 24,PAT-CO-24,"29/336, Vaidya, Patna, Gujarat, 407281",2023-09-04 09:01:53
ab058464-8667-4682-9cd8-e2719b5bd729,Guwahati Main Warehouse 43,GUW-MA-43,"59/81, Borra Marg, Guwahati, Sikkim, 980988",2024-04-20 09:01:53
95ea985b-4945-40b8-92c5-f9a5a02b119e,Navi Mumbai Main Warehouse 91,NAV-MA-91,"04/093, Ramesh Ganj, Navi Mumbai, Telangana, 724452",2023-08-05 09:01:53
63fe4fa6-145d-4214-923e-e9c85739e87a,Surat Export Hub 52,SUR-EX-52,"759, Deshpande Road, Surat, Madhya Pradesh, 327222",2026-02-26 09:01:53
d2fe4e3d-c0b3-4888-8489-a1e00704642c,Faridabad Main Warehouse 37,FAR-MA-37,"H.No. 553, Nagarajan Street, Faridabad, Arunachal Pradesh, 699329",2024-08-26 09:01:53
b638df4a-cc3b-4c9f-87a2-7c40b7db6a38,Delhi Storage Hub 24,DEL-ST-24,"45, Chada Zila, Delhi, Tamil Nadu, 516086",2025-06-19 09:01:53
fa4b64e7-46ee-4257-aa0b-647bda47c305,Mumbai Bulk Store 46,MUM-BU-46,"495, Kar Zila, Mumbai, Gujarat, 605752",2023-10-29 09:01:53
f6b3e0f0-5d88-473f-acd5-4a36a224c075,Vadodara Retail Warehouse 34,VAD-RE-34,"96/647, Chander Zila, Vadodara, Mizoram, 320723",2024-12-08 09:01:53
8e20ff28-56a1-4f6a-8842-a4bf272f7dd6,Meerut Sorting Centre 44,MEE-SO-44,"91/918, Ratta Road, Meerut, Karnataka, 063698",2026-01-31 09:01:53
ef830a11-38b2-4c33-b45e-78d499487c40,Guwahati Sorting Centre 3,GUW-SO-03,"H.No. 16, Salvi Chowk, Guwahati, Rajasthan, 599919",2025-06-24 09:01:53
cee06d0b-b95a-42e7-b332-44265b9edd81,Kolkata Export Hub 94,KOL-EX-94,"69, Ravi Chowk, Kolkata, Arunachal Pradesh, 236449",2024-07-24 09:01:53
f0e43d67-fbb4-48a5-9c43-8b26dc8e3117,Navi Mumbai Cold Storage 56,NAV-CO-56,"95/143, Agrawal Chowk, Navi Mumbai, Telangana, 342491",2025-02-06 09:01:53
91bbfd6d-1eca-42aa-a77f-c11d6ac62fbb,Chandigarh Regional Depot 27,CHA-RE-27,"26, Dar Ganj, Chandigarh, Meghalaya, 744222",2026-02-06 09:01:53
6a9c8ead-bd44-4d19-b51c-8772b706cb08,Ahmedabad Bulk Store 43,AHM-BU-43,"H.No. 242, Srinivasan Zila, Ahmedabad, Gujarat, 903473",2024-06-10 09:01:53
841be7da-13d6-4bbb-bf3e-c88031f4fda9,Agra Bulk Store 18,AGR-BU-18,"H.No. 751, Goda Nagar, Agra, Odisha, 838508",2025-08-01 09:01:53
6055f2d2-6e68-4e03-be9d-7ba901bf8170,Navi Mumbai Export Hub 63,NAV-EX-63,"33/271, Misra Nagar, Navi Mumbai, Karnataka, 513563",2024-09-17 09:01:53
63fe397d-20a4-4169-9827-31fb63a138e0,Navi Mumbai Export Hub 57,NAV-EX-57,"43/171, Bhattacharyya, Navi Mumbai, Madhya Pradesh, 354715",2024-02-28 09:01:53
2140f8f7-b310-42db-b9e2-536cc6812e08,Faridabad Cold Storage 55,FAR-CO-55,"H.No. 33, Ganesan Circle, Faridabad, Karnataka, 176892",2024-03-31 09:01:53
dc7ab705-958c-4df1-a91c-8abac0db3429,Vijayawada Sorting Centre 31,VIJ-SO-31,"20/682, Kumar, Vijayawada, Karnataka, 284571",2025-12-29 09:01:53
43412155-9483-4eba-ab8e-9c6ae0d291ee,Indore Bulk Store 85,IND-BU-85,"86/919, Chada Circle, Indore, Maharashtra, 549931",2023-07-07 09:01:53
d1a63ee3-2631-40c0-ba1b-1b97b92c3001,Hyderabad Bulk Store 83,HYD-BU-83,"H.No. 53, Nigam Marg, Hyderabad, Bihar, 386136",2025-11-03 09:01:53
0d570bd0-a459-40ac-a63e-57c59869d3a8,Jaipur Sorting Centre 3,JAI-SO-03,"46, Sankar Zila, Jaipur, Bihar, 054337",2023-09-21 09:01:53
74ce5eda-8dc5-4c70-9659-78ebb6e67d28,Kolkata Distribution Centre 94,KOL-DI-94,"07/367, Datta Zila, Kolkata, Meghalaya, 706953",2023-10-08 09:01:53
24b0f733-7a73-4b60-9444-d01ac7dab687,Nagpur Export Hub 49,NAG-EX-49,"H.No. 217, Mittal Circle, Nagpur, West Bengal, 697296",2026-03-05 09:01:53
abef0ff7-1515-4bb5-8ebf-67759dfb6960,Pimpri Retail Warehouse 76,PIM-RE-76,"20, Chakraborty Road, Pimpri, Nagaland, 293191",2025-06-04 09:01:53
0906f9c1-552d-461c-ab77-774a7428d5be,Raipur Retail Warehouse 11,RAI-RE-11,"67/875, Rajan Circle, Raipur, Tamil Nadu, 740192",2024-02-02 09:01:53
a6592d1d-2777-4fe1-aa28-97fb9a2d693c,Coimbatore Sorting Centre 2,COI-SO-02,"55/317, Narain Path, Coimbatore, Uttar Pradesh, 461614",2025-08-07 09:01:53
27a623d0-2048-452f-9c18-63a4a7fbbc1b,Navi Mumbai Main Warehouse 27,NAV-MA-27,"38/403, Shukla, Navi Mumbai, Chhattisgarh, 754576",2025-04-11 09:01:53
a325e1a2-a807-452c-a721-2c8c71a827cc,Pune Regional Depot 67,PUN-RE-67,"09/41, Dayal Road, Pune, Kerala, 956360",2024-07-22 09:01:53
a9ae5b22-98e5-4495-bba2-108f92400581,Mysuru Cold Storage 252,MYS-CO-574,"855, Tripathi Street, Mysuru, Tripura, 313299",2025-09-23 09:01:53
8b58d50e-7eb3-4bf5-8f06-cc3f54eb2b67,Guwahati Sorting Centre 38,GUW-SO-38,"78, More Ganj, Guwahati, Gujarat, 859919",2025-05-03 09:01:53
1880249f-6819-4e02-b465-982ab421dbec,Chennai Sorting Centre 92,CHE-SO-92,"76, Vala Ganj, Chennai, Kerala, 922543",2024-02-02 09:01:53
cb163e5c-ca68-4f8d-b9ce-ef2190c33234,Pune Regional Depot 59,PUN-RE-59,"63, Ravel Marg, Pune, Goa, 117165",2023-12-07 09:01:53
ab77afa8-dc96-44d2-b3c7-e163986753ba,Coimbatore Main Warehouse 47,COI-MA-47,"595, Hayer Path, Coimbatore, Punjab, 506989",2025-07-19 09:01:53
21a9df17-e27a-4d2e-b1a4-e941a34ba2e8,Vadodara Retail Warehouse 17,VAD-RE-575,"H.No. 82, Lall, Vadodara, Nagaland, 309972",2025-07-12 09:01:53
a313be89-3d5d-4e9b-b80e-775706f3dd8c,Jabalpur Cold Storage 12,JAB-CO-12,"55/41, Jayaraman Chowk, Jabalpur, Tamil Nadu, 314914",2023-07-08 09:01:53
395efc8d-e7ac-4d7b-b695-e87073e77f5c,Hubli Bulk Store 61,HUB-BU-61,"154, Bali Road, Hubli, Odisha, 762428",2025-08-06 09:01:53
39a6bb2a-9431-47fb-aabb-13b55d7c167c,Jodhpur Main Warehouse 73,JOD-MA-73,"H.No. 74, More Nagar, Jodhpur, Andhra Pradesh, 277035",2025-04-09 09:01:53
38bafe51-df9f-42ff-8258-03c8f0437413,Solapur Fulfilment Centre 17,SOL-FU-17,"H.No. 76, Kata Marg, Solapur, Arunachal Pradesh, 799751",2024-05-10 09:01:53
4086889b-0ab0-479d-a7ec-3d2c56835543,Solapur Bulk Store 64,SOL-BU-64,"09/065, Mandal Zila, Solapur, Andhra Pradesh, 234615",2026-03-06 09:01:53
fae830c4-ab10-4253-b7f7-14e5eae9f591,Howrah Regional Depot 66,HOW-RE-66,"04/117, Varghese Nagar, Howrah, Chhattisgarh, 209251",2024-01-27 09:01:53
4ad39b80-7924-40d0-b480-40c8654d6495,Allahabad Bulk Store 81,ALL-BU-81,"39/002, Parekh, Allahabad, Arunachal Pradesh, 147472",2024-09-19 09:01:53
a6ce80b9-e92c-4a9f-85e7-5156338438e6,Hubli Bulk Store 43,HUB-BU-43,"90/55, Date Path, Hubli, Haryana, 839049",2025-02-18 09:01:53
9458bc9b-b798-4544-9c16-9f991a847e8b,Chandigarh Storage Hub 76,CHA-ST-76,"57, Munshi Road, Chandigarh, Madhya Pradesh, 426333",2023-09-14 09:01:53
ea785758-e005-41ab-8e79-c18fbefbc8f2,Lucknow Cold Storage 85,LUC-CO-85,"884, Oommen Marg, Lucknow, Assam, 348308",2023-07-27 09:01:53
8084675a-99be-4db7-86ab-f2b7ee0eb13f,Raipur Export Hub 85,RAI-EX-85,"413, Dalal Nagar, Raipur, Maharashtra, 644903",2025-09-05 09:01:53
8a328906-1308-49a2-bebb-cfb3b4f85706,Lucknow Export Hub 22,LUC-EX-22,"H.No. 93, Dani Road, Lucknow, Meghalaya, 334307",2024-03-10 09:01:53
2edb0bc3-8996-4383-8ac7-26266d9402bc,Ranchi Main Warehouse 98,RAN-MA-98,"H.No. 821, Dutta Circle, Ranchi, Assam, 063923",2024-01-22 09:01:53
fd0139a0-927e-4f09-b3d0-066fc819e29f,Pune Export Hub 28,PUN-EX-28,"H.No. 867, Comar Circle, Pune, Sikkim, 080238",2025-10-08 09:01:53
3e2c5537-ed3d-4707-a1f3-47dc64960998,Bhopal Cold Storage 27,BHO-CO-27,"36/97, Dey Nagar, Bhopal, Uttar Pradesh, 795356",2026-01-31 09:01:53
23195c41-40d4-4902-becb-ada1eab8dbc6,Varanasi Export Hub 66,VAR-EX-66,"H.No. 41, Gulati Zila, Varanasi, Kerala, 728639",2025-03-28 09:01:53
c4b02b7f-4e85-4a76-ae31-3958d9577f1e,Varanasi Export Hub 94,VAR-EX-94,"62/40, Kata Street, Varanasi, Mizoram, 920317",2025-05-13 09:01:53
d3c87000-1413-45e6-85f2-cdec63e84e9d,Kota Bulk Store 63,KOT-BU-63,"59/145, Basu Nagar, Kota, Punjab, 395728",2023-08-29 09:01:53
41e2ba00-89a0-4334-a894-bebd660f6a7c,Rajkot Retail Warehouse 65,RAJ-RE-65,"93, Oak, Rajkot, Haryana, 067333",2026-02-24 09:01:53
0c5bf1de-aebb-4471-ae61-8d99de604cfb,Vijayawada Bulk Store 36,VIJ-BU-36,"27/65, Merchant Ganj, Vijayawada, Nagaland, 249668",2025-04-17 09:01:53
30e2aaa6-e56f-4b4a-988e-5133e18726b5,Howrah Fulfilment Centre 62,HOW-FU-62,"92/38, Pai Path, Howrah, Telangana, 201015",2023-06-22 09:01:53
2035c6f8-4bd8-4b73-912b-f6e7bd28d969,Pimpri Regional Depot 74,PIM-RE-74,"44/484, Dhaliwal Chowk, Pimpri, Andhra Pradesh, 405187",2025-04-15 09:01:53
829a38d3-3852-4854-aca3-c623b18a11be,Coimbatore Retail Warehouse 43,COI-RE-43,"H.No. 322, Seth Zila, Coimbatore, Manipur, 990254",2025-10-15 09:01:53
64e4c8ad-8f6e-4ebd-9ea4-374238376eab,Kolkata Fulfilment Centre 46,KOL-FU-46,"98/391, Joshi Nagar, Kolkata, Goa, 410372",2024-06-01 09:01:53
82b722b2-447a-46f5-bfcc-a3bd467ffb22,Nagpur Distribution Centre 62,NAG-DI-62,"10/29, Gera Chowk, Nagpur, Punjab, 755126",2025-04-18 09:01:53
6acbcb5f-7dee-4400-b948-1e264696bc05,Agra Cold Storage 77,AGR-CO-77,"700, Sandhu Chowk, Agra, Tripura, 302251",2024-06-09 09:01:53
778e0e4d-dea6-48d9-ab43-55e61d77cea2,Lucknow Export Hub 638,LUC-EX-501,"66, Walia Marg, Lucknow, Punjab, 127462",2025-06-06 09:01:53
3a284353-0b35-433d-bdd4-46be3d5dd67c,Ranchi Retail Warehouse 36,RAN-RE-36,"H.No. 334, Palan Path, Ranchi, Nagaland, 956562",2025-12-15 09:01:53
48508589-a1f6-4f5c-a01d-9a8b27f5540c,Kota Distribution Centre 91,KOT-DI-91,"H.No. 929, Bali Path, Kota, Odisha, 414753",2024-06-01 09:01:53
c3b819de-caf8-4235-ad46-2547fe5fc7d4,Patna Export Hub 50,PAT-EX-50,"63, Gill Chowk, Patna, Kerala, 485864",2024-04-13 09:01:53
77f63c92-adb7-43c8-8dfa-e90871624ab1,Lucknow Bulk Store 57,LUC-BU-57,"66, Parmar, Lucknow, Sikkim, 770518",2025-04-18 09:01:53
e4846f7c-974b-4702-baee-dcce3472faa4,Mysuru Distribution Centre 96,MYS-DI-96,"50, Shetty Marg, Mysuru, Punjab, 451159",2024-05-16 09:01:53
3b5ad474-c482-4ba4-a2b9-ab4c99153fdc,Pune Sorting Centre 80,PUN-SO-80,"05/925, Thakur Marg, Pune, Manipur, 426469",2024-10-26 09:01:53
d8c94408-781f-4120-8c66-6eb42b49f1d2,Varanasi Regional Depot 43,VAR-RE-43,"95, Batta Nagar, Varanasi, Uttar Pradesh, 660638",2025-07-28 09:01:53
dc7818f4-4f33-4588-bc54-f43fe85c0da1,Pimpri Sorting Centre 53,PIM-SO-53,"28/504, Sahni Zila, Pimpri, Chhattisgarh, 502092",2025-03-15 09:01:53
13683def-240e-4e2a-9c57-07fcabe831bc,Ghaziabad Distribution Centre 99,GHA-DI-99,"521, Kapur Street, Ghaziabad, Nagaland, 294462",2025-03-13 09:01:53
1926f6a5-92d1-46a4-8a3a-23c360076af0,Tiruchirappalli Bulk Store 40,TIR-BU-40,"63, Char Path, Tiruchirappalli, West Bengal, 874971",2023-09-18 09:01:53
1b5d2c25-435a-4138-8349-6e008052ae15,Pune Sorting Centre 52,PUN-SO-52,"H.No. 12, Narasimhan, Pune, Himachal Pradesh, 893853",2024-12-18 09:01:53
373638ec-a641-4a8d-aa71-f9cba4ec2ca9,Allahabad Sorting Centre 55,ALL-SO-55,"35/849, Bhavsar, Allahabad, Maharashtra, 359522",2025-07-14 09:01:53
bffdd5d5-5800-46a6-805e-a2e7676acf8a,Solapur Main Warehouse 7,SOL-MA-07,"75/12, Basu Nagar, Solapur, Assam, 749731",2024-08-12 09:01:53
9565f614-eaf4-44e7-98aa-6e41ba5644e3,Indore Cold Storage 95,IND-CO-95,"H.No. 149, Khare Marg, Indore, Gujarat, 098910",2024-10-14 09:01:53
60dcc072-5103-427d-bfdc-46565851c7f3,Kanpur Main Warehouse 15,KAN-MA-15,"H.No. 04, Ramachandran Path, Kanpur, Rajasthan, 974005",2025-02-02 09:01:53
38bf312f-6a3c-401c-864c-466f09facab9,Nagpur Main Warehouse 11,NAG-MA-11,"75/83, Mannan Road, Nagpur, Kerala, 210420",2024-01-28 09:01:53
4fef94c3-2358-47d8-b56c-449cdfceeed0,Hubli Cold Storage 74,HUB-CO-74,"84/182, Ray Circle, Hubli, Karnataka, 907872",2024-11-13 09:01:53
c408a1fe-a5cf-4529-9c32-cd4c3d26039b,Madurai Storage Hub 23,MAD-ST-23,"H.No. 50, Mukhopadhyay Path, Madurai, Bihar, 190937",2023-08-13 09:01:53
c53c285a-b8b3-4905-ad2a-72608282e5a0,Pimpri Storage Hub 17,PIM-ST-17,"H.No. 77, Savant Nagar, Pimpri, Uttarakhand, 061694",2024-09-24 09:01:53
6d0a1eed-23bc-4633-90d4-6a8a77dbd9f8,Pimpri Export Hub 96,PIM-EX-96,"H.No. 351, Lala Street, Pimpri, Uttar Pradesh, 695595",2025-08-06 09:01:53
2c87ce01-5c11-40c3-9dd9-289511c7d200,Vadodara Sorting Centre 22,VAD-SO-22,"27/70, Deep Marg, Vadodara, Chhattisgarh, 915694",2024-11-08 09:01:53
73a37020-460f-48d7-8339-331952dce000,Faridabad Bulk Store 71,FAR-BU-71,"06/08, Tank Street, Faridabad, Maharashtra, 002351",2026-01-24 09:01:53
41884322-9591-4465-b4cc-d48ffcfa9f12,Coimbatore Export Hub 99,COI-EX-99,"20/945, Rajagopal, Coimbatore, Odisha, 573494",2025-06-27 09:01:53
1217cbf0-a052-4796-b878-f17ca177cc51,Varanasi Main Warehouse 11,VAR-MA-11,"856, Jayaraman Ganj, Varanasi, Meghalaya, 984913",2023-12-12 09:01:53
0e9178ad-cb5c-488a-a533-7c470446dbf8,Jodhpur Export Hub 282,JOD-EX-009,"87/870, Varty Zila, Jodhpur, Assam, 133795",2023-12-23 09:01:53
869e5cf2-c144-4457-b8e8-ff7993b3b58c,Indore Fulfilment Centre 39,IND-FU-39,"23/314, Ganesan Ganj, Indore, Himachal Pradesh, 707127",2024-08-25 09:01:53
827589ec-ed85-46e4-8609-4bbc7f213809,Mumbai Distribution Centre 43,MUM-DI-43,"79/63, Uppal Ganj, Mumbai, Meghalaya, 813220",2023-10-05 09:01:53
40f24230-098e-4c64-8e97-e3fe29c07830,Thane Retail Warehouse 96,THA-RE-96,"22/04, Venkataraman Road, Thane, Jharkhand, 519788",2025-07-10 09:01:53
e33053de-1243-46b3-9369-311dbd0c77b1,Nashik Export Hub 52,NAS-EX-52,"H.No. 649, Soni Path, Nashik, Bihar, 425990",2025-01-29 09:01:53
b03d59bf-9dee-4ff6-894f-547435692c06,Hubli Retail Warehouse 14,HUB-RE-951,"H.No. 284, Deol Street, Hubli, Himachal Pradesh, 701831",2025-03-25 09:01:53
69a82d75-2064-4475-a046-1409cacafc39,Ghaziabad Regional Depot 35,GHA-RE-35,"774, Kurian Ganj, Ghaziabad, Arunachal Pradesh, 057925",2025-01-12 09:01:53
239b27aa-1f0e-4ffb-a3d2-bbfbbb946b49,Delhi Cold Storage 32,DEL-CO-32,"17/333, Verma Path, Delhi, Bihar, 682201",2024-07-23 09:01:53
3a0b624e-9fcf-4c3b-bf6e-e30b11de0fb8,Surat Bulk Store 6,SUR-BU-06,"52/979, Pillai Marg, Surat, Jharkhand, 211670",2024-06-23 09:01:53
72a0e96c-1496-4e23-ac6f-7b8e73a93568,Varanasi Retail Warehouse 35,VAR-RE-35,"06/208, Cherian Street, Varanasi, Uttarakhand, 407664",2023-08-04 09:01:53
62480325-2e72-4646-bb4d-de13e7c4d824,Hubli Bulk Store 82,HUB-BU-82,"53/629, Dada Street, Hubli, Tripura, 501134",2024-03-27 09:01:53
5c555cbe-fe67-479b-969e-bda5123e33eb,Jaipur Retail Warehouse 18,JAI-RE-18,"H.No. 96, Narain Circle, Jaipur, Andhra Pradesh, 918489",2026-01-24 09:01:53
97d5bce4-926d-4f95-8e39-6094e1233809,Jodhpur Cold Storage 212,JOD-CO-405,"45/49, Sarna Road, Jodhpur, Chhattisgarh, 472047",2023-08-10 09:01:53
93d7bbe6-443e-49a5-8e3b-928991187008,Chandigarh Regional Depot 80,CHA-RE-80,"H.No. 42, Sem Zila, Chandigarh, Uttarakhand, 639490",2024-08-04 09:01:53
db6826cc-e8f6-46bf-bc8f-bca217be1d50,Chennai Distribution Centre 77,CHE-DI-77,"H.No. 65, Mander Zila, Chennai, Jharkhand, 465748",2024-04-06 09:01:53
7cedd116-5ff1-4867-8fa1-20ccd7674dc8,Surat Export Hub 45,SUR-EX-45,"H.No. 452, Desai Path, Surat, Tamil Nadu, 465089",2025-01-20 09:01:53
805de452-3fbc-452b-bca2-2f4893c1e83b,Srinagar Storage Hub 65,SRI-ST-65,"043, Soni Zila, Srinagar, Nagaland, 213913",2025-03-06 09:01:53
60e07b6b-f866-4933-9ab8-0e4813142d1b,Hubli Main Warehouse 22,HUB-MA-22,"99, Oak Chowk, Hubli, Himachal Pradesh, 937772",2025-12-17 09:01:53
d5dc6b63-481d-4076-8118-a85d144d5e2f,Agra Cold Storage 93,AGR-CO-93,"71/542, Kurian Street, Agra, Bihar, 503834",2023-09-19 09:01:53
54174ea7-386d-4999-acc1-1a1bbfae44a3,Madurai Fulfilment Centre 72,MAD-FU-72,"H.No. 247, Gole Street, Madurai, Haryana, 207419",2025-07-06 09:01:53
415d9ea8-8c36-4096-bf6d-6daca369189c,Delhi Retail Warehouse 59,DEL-RE-59,"53, Bawa Chowk, Delhi, Sikkim, 632399",2025-03-31 09:01:53
f4c216fd-bfcb-4b4b-b5e8-a7bb5307a66d,Ghaziabad Export Hub 18,GHA-EX-18,"87/73, Pradhan Ganj, Ghaziabad, Goa, 085837",2025-12-13 09:01:53
54ba6f48-4812-4dd7-9f7b-198e9e7dbdb2,Lucknow Bulk Store 24,LUC-BU-24,"H.No. 58, Sagar Street, Lucknow, Haryana, 189451",2025-01-12 09:01:53
5b2a5bbd-6ff9-4e54-81c6-425e5b373f44,Visakhapatnam Fulfilment Centre 78,VIS-FU-78,"08/858, Varty, Visakhapatnam, Tamil Nadu, 811994",2025-02-28 09:01:53
3af53fa2-b77d-4739-ae42-3005d12a354b,Meerut Retail Warehouse 525,MEE-RE-274,"817, Keer Circle, Meerut, Jharkhand, 064339",2025-05-23 09:01:53
79f35b34-8a48-40c2-ba2a-32272473678f,Hubli Bulk Store 1,HUB-BU-01,"55/343, Mander Ganj, Hubli, Odisha, 197204",2024-12-13 09:01:53
bf217c21-86b5-4272-bd61-0b8adb7f55f0,Howrah Sorting Centre 3,HOW-SO-03,"H.No. 932, Divan Road, Howrah, Himachal Pradesh, 009173",2023-11-14 09:01:53
bb716acd-eaf8-468e-a94a-5be963e4f87e,Dhanbad Cold Storage 11,DHA-CO-11,"H.No. 633, Memon Street, Dhanbad, Rajasthan, 087244",2024-05-01 09:01:53
8eadf66c-e1f1-47d6-a537-9af9544dce95,Coimbatore Sorting Centre 13,COI-SO-13,"83, Balakrishnan, Coimbatore, Meghalaya, 212579",2024-07-01 09:01:53
5804f5b2-2cd4-409f-acb7-355fe21f9815,Navi Mumbai Distribution Centre 59,NAV-DI-59,"96/91, Din Nagar, Navi Mumbai, Jharkhand, 982724",2024-11-05 09:01:53
700ccfc5-fa07-4730-a00b-7016e35231fa,Nashik Cold Storage 9,NAS-CO-09,"H.No. 95, Barad Street, Nashik, Manipur, 991528",2025-10-09 09:01:53
d362b0df-1edd-467a-9205-eb10471cd472,Coimbatore Regional Depot 39,COI-RE-099,"119, Tailor Chowk, Coimbatore, Mizoram, 166501",2023-12-23 09:01:53
acfa70b5-14fd-4dcf-92ae-27f5431679fa,Vadodara Sorting Centre 348,VAD-SO-211,"00/54, Bail Road, Vadodara, Tripura, 776012",2024-04-25 09:01:53
7b34e448-3c19-4fd6-9bbf-9975c8d5af8e,Ahmedabad Bulk Store 36,AHM-BU-36,"162, Sinha Path, Ahmedabad, Kerala, 000366",2024-06-18 09:01:53
5e1ac1ad-5ff5-4b22-81ab-3f400fe79bc9,Ranchi Storage Hub 67,RAN-ST-67,"57/43, Soman, Ranchi, Rajasthan, 847184",2024-01-27 09:01:53
a45b624f-3a55-440a-a70e-4d4c7795847b,Kota Fulfilment Centre 67,KOT-FU-67,"H.No. 81, Karan Marg, Kota, West Bengal, 212918",2024-01-05 09:01:53
ba6c77e3-477e-41b0-9c61-98519f1377bc,Madurai Cold Storage 85,MAD-CO-85,"363, Desai Chowk, Madurai, Karnataka, 129803",2024-08-07 09:01:53
c679a6d6-0378-4263-941a-46ada1964b93,Dhanbad Regional Depot 57,DHA-RE-57,"10/262, Sastry Ganj, Dhanbad, Andhra Pradesh, 067482",2024-12-14 09:01:53
92c8dc7d-564a-4968-a730-688b32658848,Varanasi Cold Storage 49,VAR-CO-49,"52/292, Manda Path, Varanasi, West Bengal, 547631",2024-01-06 09:01:53
73e85901-e7ef-41bd-9eec-4ba4a3017ee2,Ghaziabad Sorting Centre 5,GHA-SO-05,"91, Prabhakar Road, Ghaziabad, Kerala, 365354",2024-11-07 09:01:53
b3fc539a-ad87-4ff3-adad-be066fd0d724,Delhi Cold Storage 42,DEL-CO-42,"372, Sarkar Road, Delhi, Maharashtra, 622676",2025-05-08 09:01:53
7d7a5eb7-4689-4f9e-8b93-d4895fe7baad,Solapur Sorting Centre 34,SOL-SO-34,"H.No. 747, Arora, Solapur, Himachal Pradesh, 522420",2024-05-19 09:01:53
dd4a1769-0ad3-4dd2-88da-89c184fcefd1,Guwahati Fulfilment Centre 82,GUW-FU-82,"H.No. 96, Din Road, Guwahati, Kerala, 978064",2023-11-10 09:01:53
837c6390-911c-4ae9-9180-46bd28d38923,Vadodara Fulfilment Centre 99,VAD-FU-99,"719, Baral Marg, Vadodara, Tamil Nadu, 489731",2024-12-27 09:01:53
9b6edde8-c22f-4a0f-9a99-226873083adb,Ranchi Retail Warehouse 85,RAN-RE-85,"H.No. 601, Rai Path, Ranchi, West Bengal, 399521",2024-10-26 09:01:53
62597d90-3450-4b47-bece-0cb29a21cdb9,Ahmedabad Cold Storage 53,AHM-CO-53,"H.No. 542, Agrawal Road, Ahmedabad, Assam, 043790",2023-12-16 09:01:53
1fe6f586-91da-4459-988a-7ca81404021e,Coimbatore Storage Hub 19,COI-ST-19,"86/808, Khosla Circle, Coimbatore, Karnataka, 583645",2024-03-01 09:01:53
cb94ee9f-27d2-4c6e-afa5-bfa36a17a952,Mumbai Sorting Centre 35,MUM-SO-35,"H.No. 87, Sen Path, Mumbai, Odisha, 425429",2024-01-18 09:01:53
88683c7b-7854-4226-a255-f53f25c8082a,Vijayawada Main Warehouse 63,VIJ-MA-63,"04/368, Sood Street, Vijayawada, Karnataka, 849785",2025-01-24 09:01:53
5b51bc5f-f17c-456d-af63-59081d4c143c,Chandigarh Fulfilment Centre 39,CHA-FU-39,"H.No. 786, Golla Chowk, Chandigarh, Tripura, 308158",2023-10-11 09:01:53
cbf99edb-59ec-4075-9055-52bf7654d432,Pune Cold Storage 27,PUN-CO-27,"H.No. 867, Lal Circle, Pune, Kerala, 193246",2025-03-11 09:01:53
408ce4f7-d1a9-4de9-ba59-734ee6b6a08c,Jabalpur Retail Warehouse 60,JAB-RE-60,"19, Dubey, Jabalpur, Manipur, 237100",2025-11-07 09:01:53
04206e57-7c95-4263-850e-cfc3ff2aa7c8,Hyderabad Main Warehouse 15,HYD-MA-15,"29/596, Nadkarni Ganj, Hyderabad, Assam, 570532",2025-11-08 09:01:53
d1e50dbd-d879-4865-b1bc-72c696ac4c95,Ludhiana Regional Depot 60,LUD-RE-60,"H.No. 936, Kant Zila, Ludhiana, Sikkim, 144641",2024-12-04 09:01:53
1a428e3c-c28e-4e54-8e30-bdc4575fcdf2,Thane Regional Depot 985,THA-RE-270,"72/94, Bhandari Zila, Thane, Gujarat, 758069",2025-07-11 09:01:53
4cedab04-b4fd-4c7a-a566-88e49575a555,Raipur Distribution Centre 85,RAI-DI-85,"32/894, Bobal Nagar, Raipur, Assam, 130370",2025-06-19 09:01:53
118b4b6a-545f-4db0-8368-612a714516d8,Chandigarh Export Hub 62,CHA-EX-62,"71/84, Shanker Marg, Chandigarh, Odisha, 877373",2025-10-29 09:01:53
113c711c-5cb7-4bfa-825e-8f9f6a47f58e,Kanpur Cold Storage 47,KAN-CO-47,"16/927, Gara Path, Kanpur, Meghalaya, 601006",2024-11-20 09:01:53
59d82a4c-de10-4df4-a08b-d28693d6f58d,Navi Mumbai Cold Storage 52,NAV-CO-52,"97/740, Shere Nagar, Navi Mumbai, Arunachal Pradesh, 832566",2025-06-27 09:01:53
7238d1ce-df0e-4336-92b9-b5d11ac09c99,Ahmedabad Fulfilment Centre 44,AHM-FU-44,"18/061, Vyas Nagar, Ahmedabad, Karnataka, 700700",2025-06-11 09:01:53
8bf84612-56c3-4818-aa08-768045d1c635,Madurai Retail Warehouse 40,MAD-RE-098,"H.No. 022, Dada Street, Madurai, Goa, 839051",2025-02-05 09:01:53
d6e60b19-7223-4fd3-a29b-687a5cb08fed,Ranchi Cold Storage 84,RAN-CO-84,"01/181, Hayre Marg, Ranchi, Uttar Pradesh, 910676",2025-02-24 09:01:53
7cb20d58-33ce-4ffe-a482-2020696bd397,Aurangabad Fulfilment Centre 80,AUR-FU-80,"87/10, Manda Zila, Aurangabad, Punjab, 116328",2024-05-02 09:01:53
8d5f8ec7-e1b6-4c9d-b409-e1c8cb77c295,Ghaziabad Storage Hub 31,GHA-ST-31,"251, Raj, Ghaziabad, Himachal Pradesh, 958616",2023-10-15 09:01:53
4cd44c27-3cf9-403b-b49a-6999b1cd66b3,Surat Export Hub 47,SUR-EX-47,"21, Sundaram Zila, Surat, Andhra Pradesh, 544965",2023-06-29 09:01:53
ba78cf3a-2045-4bd2-8923-a10066ca7608,Nashik Cold Storage 71,NAS-CO-71,"H.No. 02, Dugar Road, Nashik, Tamil Nadu, 825480",2026-02-24 09:01:53
fd23d8b1-15f0-4867-b4ba-528d0d820813,Tiruchirappalli Sorting Centre 45,TIR-SO-45,"H.No. 75, Narasimhan, Tiruchirappalli, Andhra Pradesh, 424263",2024-11-02 09:01:53
b888eedc-a397-408f-9246-46afe2f78c88,Hubli Sorting Centre 39,HUB-SO-39,"523, Sheth Zila, Hubli, Rajasthan, 487713",2023-11-13 09:01:53
7a5ee8db-9b03-483e-9ec7-c631a71befdf,Amritsar Cold Storage 65,AMR-CO-65,"020, Chana Marg, Amritsar, Tamil Nadu, 920318",2025-12-04 09:01:53
99469e4a-c8a0-4896-a703-363798b0ce40,Madurai Bulk Store 52,MAD-BU-52,"76, Mammen Chowk, Madurai, Jharkhand, 287807",2026-01-28 09:01:53
8e589cb0-88d5-42c6-9a49-18301aa457e0,Surat Export Hub 99,SUR-EX-99,"900, Sankaran Road, Surat, Haryana, 966676",2023-08-27 09:01:53
ba7321ba-7176-4b12-9fcf-00d579e97d9c,Visakhapatnam Distribution Centre 25,VIS-DI-25,"960, Saraf Street, Visakhapatnam, Rajasthan, 991047",2025-01-18 09:01:53
2a89b77a-5e80-4019-a6da-ba02f454806e,Lucknow Fulfilment Centre 28,LUC-FU-28,"H.No. 649, Kurian Path, Lucknow, Uttarakhand, 844657",2024-02-14 09:01:53
9bdfe04d-ed58-417d-a515-51ee20a69329,Hubli Regional Depot 57,HUB-RE-002,"13, Choudhry Chowk, Hubli, Kerala, 427893",2025-05-11 09:01:53
6490cec9-44cb-43c5-a4fb-f92094960a6a,Delhi Retail Warehouse 14,DEL-RE-14,"28/732, Sidhu Street, Delhi, Tripura, 654842",2025-06-30 09:01:53
c9f0dbc5-21bc-4347-aa7e-1e3ec5c666ad,Meerut Sorting Centre 57,MEE-SO-57,"49, Sangha Road, Meerut, Tamil Nadu, 540300",2024-06-04 09:01:53
f9a20e43-b053-482b-a37d-d2971abd6276,Guwahati Distribution Centre 33,GUW-DI-33,"143, Sagar Marg, Guwahati, Karnataka, 538823",2024-02-26 09:01:53
9d583a27-40ba-415c-8e7f-800a5a98d05f,Amritsar Sorting Centre 738,AMR-SO-829,"345, Kamdar Ganj, Amritsar, Kerala, 682289",2023-12-10 09:01:53
f7436e55-85ce-421e-8e5d-3af5fc041ab7,Chandigarh Fulfilment Centre 38,CHA-FU-38,"65/754, Dixit, Chandigarh, Sikkim, 398013",2025-11-07 09:01:53
d44ae3ef-82fa-432b-bfdd-8ea706224537,Howrah Cold Storage 328,HOW-CO-586,"761, Brahmbhatt, Howrah, Kerala, 701411",2025-03-31 09:01:53
2de89b6e-45c3-4aae-acc0-7ce02ae7deef,Bengaluru Export Hub 92,BEN-EX-92,"H.No. 581, Dube Marg, Bengaluru, Gujarat, 539428",2025-08-05 09:01:53
29bac35a-604f-454b-9bf6-c8579f68c920,Amritsar Regional Depot 48,AMR-RE-48,"H.No. 158, Ravel Chowk, Amritsar, Karnataka, 916397",2024-03-13 09:01:53
280eb886-c277-4ed0-9dc2-89a73b0fcd1c,Tiruchirappalli Bulk Store 5,TIR-BU-05,"50/579, Dara Street, Tiruchirappalli, West Bengal, 109810",2025-11-09 09:01:53
5af50302-f7c7-4558-a8c7-cf54c52941b2,Aurangabad Main Warehouse 25,AUR-MA-25,"H.No. 944, Aurora Ganj, Aurangabad, Arunachal Pradesh, 773206",2024-06-29 09:01:53
ace0fb6b-d5bd-41bb-8776-4528bccab644,Faridabad Distribution Centre 3,FAR-DI-03,"H.No. 69, Dhingra Road, Faridabad, Manipur, 380826",2025-12-25 09:01:53
7928e9ba-c8ed-4807-a955-7a5e0634a57c,Aurangabad Cold Storage 79,AUR-CO-79,"267, Kara Marg, Aurangabad, Tamil Nadu, 143107",2024-04-19 09:01:53
c22f302c-52a3-453e-9c83-f39abde8c714,Delhi Main Warehouse 98,DEL-MA-98,"H.No. 39, Soni Circle, Delhi, Assam, 142642",2025-11-27 09:01:53
ecf93ca6-931f-4685-9b9d-c9ced7283721,Srinagar Main Warehouse 472,SRI-MA-587,"30/64, Choudhury Marg, Srinagar, Jharkhand, 838167",2023-12-26 09:01:53
5cafffcb-8a31-479f-8e53-8597e8dcc2b6,Madurai Regional Depot 74,MAD-RE-74,"H.No. 28, Munshi, Madurai, Jharkhand, 584743",2026-02-08 09:01:53
2c533b80-d369-4449-b382-bfe943543838,Amritsar Export Hub 56,AMR-EX-56,"94/75, Trivedi Street, Amritsar, Odisha, 245979",2024-03-27 09:01:53
b4460340-ad0e-430b-8e9b-4470a261c7b8,Gwalior Storage Hub 68,GWA-ST-68,"98/22, Oak Road, Gwalior, Kerala, 042100",2025-04-28 09:01:53
74c4eb4d-a7cc-44de-9ba5-5ddfa6182189,Ghaziabad Distribution Centre 51,GHA-DI-51,"H.No. 499, Dani Marg, Ghaziabad, Bihar, 785453",2023-09-01 09:01:53
c520ada3-5475-47b9-ba78-607f0a0df4dc,Guwahati Storage Hub 15,GUW-ST-15,"05/79, Rai Circle, Guwahati, Madhya Pradesh, 692339",2024-02-06 09:01:53
2e15d158-1558-4b2f-82e6-35c85c0983f7,Nashik Sorting Centre 31,NAS-SO-31,"H.No. 30, Datta Nagar, Nashik, Rajasthan, 539525",2024-05-03 09:01:53
1accd9dc-401d-41d8-aeec-9e9afaf8a7fc,Howrah Sorting Centre 55,HOW-SO-55,"37, Kamdar Chowk, Howrah, Bihar, 524587",2024-12-14 09:01:53
00b25d39-e8ac-4fbe-b018-12a4316b0cff,Meerut Fulfilment Centre 46,MEE-FU-46,"H.No. 131, Bhatnagar Zila, Meerut, Manipur, 173358",2025-08-24 09:01:53
5ee28aad-c82a-492f-aaa9-783c4a7f3f18,Varanasi Retail Warehouse 31,VAR-RE-31,"624, Goda, Varanasi, Bihar, 156944",2025-03-03 09:01:53
ecbdd71a-fde0-47d8-ab49-5467711827ac,Kota Cold Storage 91,KOT-CO-91,"878, Boase Chowk, Kota, Manipur, 359358",2024-09-21 09:01:53
e174bc8a-f4ae-4260-a4c0-4fb67339837c,Gwalior Bulk Store 6,GWA-BU-06,"91/054, Ghosh Circle, Gwalior, Karnataka, 273964",2024-10-30 09:01:53
9af2a8c9-6bc6-4f8d-9050-8463f96ea4bd,Hyderabad Retail Warehouse 17,HYD-RE-17,"316, Dube Zila, Hyderabad, Andhra Pradesh, 868784",2025-10-29 09:01:53
b073103b-6051-4d5b-acbf-a08dfd6a52dc,Ranchi Export Hub 28,RAN-EX-28,"775, Murty Zila, Ranchi, Haryana, 720975",2025-06-11 09:01:53
076c3dc3-2603-4314-88f2-58db8bab852a,Tiruchirappalli Distribution Centre 28,TIR-DI-28,"H.No. 669, Chawla, Tiruchirappalli, Sikkim, 856859",2025-07-21 09:01:53
000d69db-656e-41ab-ba0b-e779f4c80d6a,Agra Distribution Centre 97,AGR-DI-97,"H.No. 41, Mangal Marg, Agra, Uttarakhand, 311156",2025-08-28 09:01:53
401fe67b-d14e-4364-b78c-30a90358929c,Vijayawada Main Warehouse 10,VIJ-MA-10,"85/402, Dass Marg, Vijayawada, Bihar, 603632",2025-06-09 09:01:53
d0b22e8f-3e47-47e2-977e-65aec7da094f,Nagpur Main Warehouse 78,NAG-MA-78,"518, Garg Path, Nagpur, Chhattisgarh, 656130",2024-11-20 09:01:53
a15575f7-fe9c-47ac-8c7b-32c3203cc5c6,Vadodara Storage Hub 64,VAD-ST-64,"39, Sarma Circle, Vadodara, Assam, 845443",2024-06-02 09:01:53
13cdf341-030b-4790-8458-6e61e7a7edfc,Vadodara Sorting Centre 30,VAD-SO-30,"H.No. 074, Seshadri Path, Vadodara, Telangana, 741465",2024-12-27 09:01:53
f1679397-2488-4fa5-8897-dca938834083,Meerut Fulfilment Centre 41,MEE-FU-41,"H.No. 831, Konda Marg, Meerut, Gujarat, 533630",2024-11-08 09:01:53
cfc64d40-f771-4bfd-b509-90488519b414,Guwahati Sorting Centre 53,GUW-SO-53,"H.No. 75, Tiwari Chowk, Guwahati, Uttarakhand, 607025",2024-12-17 09:01:53
e9c1b8f3-f726-4d7c-9763-d0eb7d271a8c,Tiruchirappalli Distribution Centre 89,TIR-DI-89,"H.No. 766, Basu Marg, Tiruchirappalli, Madhya Pradesh, 085261",2025-06-13 09:01:53
d857400d-63cb-4f66-9a58-6522b0de6243,Allahabad Main Warehouse 26,ALL-MA-26,"H.No. 689, Pradhan Marg, Allahabad, Kerala, 264741",2024-03-24 09:01:53
19932a97-0be6-4566-ba04-b0252d2eac06,Tiruchirappalli Main Warehouse 86,TIR-MA-86,"41/240, Hayre Road, Tiruchirappalli, Odisha, 848359",2026-01-21 09:01:53
94cae332-7b47-40dc-b6d8-fa5a19e5349d,Aurangabad Fulfilment Centre 47,AUR-FU-47,"00, Bhavsar Nagar, Aurangabad, Nagaland, 087163",2024-01-12 09:01:53
316d4b61-3742-4bce-ae73-8fd375ec3425,Jodhpur Bulk Store 47,JOD-BU-47,"81/93, Dhillon, Jodhpur, Meghalaya, 918993",2024-08-17 09:01:53
e53a3388-bccb-4c2a-9092-e37acaf6bcd3,Surat Bulk Store 4,SUR-BU-04,"19/87, Dave, Surat, Bihar, 501817",2024-10-05 09:01:53
0f55de41-ed5d-49cd-878a-1fb18578d20d,Kanpur Cold Storage 24,KAN-CO-24,"57/601, Balay Circle, Kanpur, Mizoram, 752262",2023-07-17 09:01:53
08d65e3b-bff3-4a93-8f4f-04b88b36bd5b,Raipur Bulk Store 31,RAI-BU-31,"H.No. 91, Dave Path, Raipur, Sikkim, 281665",2023-09-08 09:01:53
fc34aad7-eabb-4fe9-b05f-43df0266030b,Solapur Retail Warehouse 76,SOL-RE-76,"17/731, Chacko Ganj, Solapur, West Bengal, 493135",2023-07-20 09:01:53
310ef1a3-ce63-4d27-9ff3-e65a53d73862,Visakhapatnam Distribution Centre 19,VIS-DI-19,"762, Oommen Path, Visakhapatnam, Punjab, 765118",2023-09-19 09:01:53
864fbe95-142f-4da8-b03d-eed2f1db4c7c,Navi Mumbai Export Hub 50,NAV-EX-50,"566, Choudhary Path, Navi Mumbai, Madhya Pradesh, 917271",2024-12-30 09:01:53
5996b285-f9da-4ea4-a19f-87651596fd67,Jabalpur Distribution Centre 12,JAB-DI-12,"H.No. 48, Sachdev Ganj, Jabalpur, Goa, 341350",2023-12-06 09:01:53
a532655e-367b-46b3-9236-dce136dd48fa,Jaipur Storage Hub 26,JAI-ST-26,"346, Solanki Nagar, Jaipur, Jharkhand, 875744",2023-12-20 09:01:53
028bde0b-60f1-44a8-a6f2-a743e3310af8,Lucknow Distribution Centre 34,LUC-DI-34,"54, Yohannan Road, Lucknow, Chhattisgarh, 873982",2024-06-11 09:01:53
11a4c134-1ff3-4e04-84d2-170bb6c9a0dd,Raipur Storage Hub 42,RAI-ST-42,"H.No. 255, Suri Circle, Raipur, Meghalaya, 050315",2023-10-09 09:01:53
30bb2aa9-8d5c-43a6-b0ca-223b52aa0587,Lucknow Bulk Store 11,LUC-BU-11,"H.No. 346, Bhagat Path, Lucknow, Nagaland, 569963",2023-08-12 09:01:53
25c673f7-6531-4756-937d-2f7b74928637,Ahmedabad Sorting Centre 63,AHM-SO-63,"74/47, Brar Chowk, Ahmedabad, Haryana, 125383",2023-12-27 09:01:53
dfeef6b1-ba26-4bff-99ad-54e44426f08a,Madurai Export Hub 73,MAD-EX-73,"H.No. 10, Pillay Marg, Madurai, Tripura, 299766",2023-12-10 09:01:53
fd5d3c10-f831-4144-8dce-e8f2e8bd9035,Surat Cold Storage 80,SUR-CO-80,"H.No. 62, Sama Nagar, Surat, Uttarakhand, 039336",2023-10-11 09:01:53
c94fb179-4037-4cad-b512-2598ce8a192e,Vadodara Bulk Store 98,VAD-BU-98,"77, Mukhopadhyay Road, Vadodara, West Bengal, 084397",2024-01-28 09:01:53
6d1166fd-3104-433c-b550-5d4c4844e836,Ghaziabad Retail Warehouse 34,GHA-RE-34,"H.No. 182, Arora Nagar, Ghaziabad, Gujarat, 093582",2024-06-08 09:01:53
800227e8-42d6-4362-90b4-5e2d0b512069,Jodhpur Regional Depot 49,JOD-RE-49,"17, Deshmukh Ganj, Jodhpur, Uttarakhand, 310666",2023-08-21 09:01:53
b05d6423-aa67-47ec-9cca-c38f69525e6b,Nashik Fulfilment Centre 24,NAS-FU-24,"H.No. 65, Thaker Zila, Nashik, Himachal Pradesh, 887978",2025-02-24 09:01:53
3d1b09f7-3e54-4379-837d-423d65e0f98a,Kota Cold Storage 36,KOT-CO-36,"84/58, Parekh Chowk, Kota, Manipur, 114917",2025-05-25 09:01:53
98eb5340-836c-4b3a-89d4-3b13028df6da,Chennai Distribution Centre 67,CHE-DI-67,"46/19, Prashad Nagar, Chennai, Odisha, 395108",2025-12-05 09:01:53
4b4685f2-3b17-4721-b0f5-003aeec4d1ea,Tiruchirappalli Export Hub 86,TIR-EX-86,"32/786, Venkatesh Marg, Tiruchirappalli, West Bengal, 899842",2023-10-26 09:01:53
bfbb4732-013d-41c5-a4da-ecdc089c2448,Mysuru Cold Storage 11,MYS-CO-11,"H.No. 032, Narayanan Marg, Mysuru, Arunachal Pradesh, 052411",2025-08-08 09:01:53
b6c3d579-7be1-4fe1-9d61-794ee2e28220,Faridabad Retail Warehouse 25,FAR-RE-25,"H.No. 20, Ray Chowk, Faridabad, Kerala, 335294",2024-10-07 09:01:53
2edf4836-f350-4442-bfe0-bc0d66f4b53f,Delhi Cold Storage 19,DEL-CO-19,"57/60, Sahni Ganj, Delhi, West Bengal, 084929",2026-01-14 09:01:53
16de61db-3212-4daf-8013-0b246641c6af,Indore Export Hub 83,IND-EX-83,"04, Jha Path, Indore, Mizoram, 876129",2024-05-25 09:01:53
3b8d0957-f95e-4217-b173-af060de82750,Ranchi Distribution Centre 89,RAN-DI-89,"67, Doshi Marg, Ranchi, Bihar, 545614",2024-07-15 09:01:53
731a9485-57a0-4a41-989a-f06d1b7de5a3,Indore Retail Warehouse 440,IND-RE-526,"31/538, Modi Ganj, Indore, Nagaland, 312008",2025-05-10 09:01:53
afb384a2-96e5-4703-a388-ae251089ff87,Tiruchirappalli Distribution Centre 69,TIR-DI-69,"H.No. 90, Batta Road, Tiruchirappalli, Tripura, 241703",2024-01-07 09:01:53
447911b3-0a36-4161-8331-56ca87cd9b11,Pimpri Retail Warehouse 11,PIM-RE-11,"42, Swaminathan Ganj, Pimpri, Telangana, 313424",2025-06-21 09:01:53
62b57dd0-f539-4dd2-8046-9b29da7e521a,Faridabad Storage Hub 22,FAR-ST-22,"H.No. 471, Subramaniam Circle, Faridabad, West Bengal, 217794",2026-02-14 09:01:53
21c70f63-ddc0-427e-8945-f014ff537a8b,Chennai Regional Depot 85,CHE-RE-85,"29/210, Talwar Zila, Chennai, Chhattisgarh, 482151",2024-09-26 09:01:53
99101348-787c-4d14-acc4-f35cb3189fde,Bhopal Fulfilment Centre 32,BHO-FU-32,"50, Sama Chowk, Bhopal, Haryana, 324049",2025-04-17 09:01:53
5763d7e1-6890-4fc2-a6c2-ee9e240215e2,Pimpri Main Warehouse 13,PIM-MA-13,"19, Nagar Marg, Pimpri, Assam, 627145",2025-11-21 09:01:53
50508655-407c-4258-a5b0-1eef4a97142f,Kanpur Retail Warehouse 22,KAN-RE-22,"06, Wali Path, Kanpur, Tamil Nadu, 862378",2024-09-06 09:01:53
bb426af4-e4b2-45a5-90eb-1e79304244e0,Indore Bulk Store 2,IND-BU-02,"H.No. 77, Sheth Zila, Indore, Bihar, 199939",2025-08-26 09:01:53
7ea6bba2-0f45-4491-8ea9-0bfa81c7c25c,Mumbai Export Hub 62,MUM-EX-62,"H.No. 767, Suri Nagar, Mumbai, Rajasthan, 022796",2023-09-27 09:01:53
bc9a0b33-3c24-475d-a704-aa038f0f59f7,Tiruchirappalli Bulk Store 38,TIR-BU-38,"445, Savant Street, Tiruchirappalli, Mizoram, 300398",2024-11-20 09:01:53
053b0847-9606-470f-9fcc-deacef6fd8e1,Dhanbad Main Warehouse 587,DHA-MA-011,"80, Mangat Marg, Dhanbad, Maharashtra, 949186",2025-01-07 09:01:53
b0d127d8-b17c-48c7-927c-c7d874f084dc,Raipur Retail Warehouse 56,RAI-RE-112,"49/87, Hari Road, Raipur, Tamil Nadu, 039226",2023-06-24 09:01:53
431419c3-ba25-4e2e-a6f1-a2764f7ce05d,Ranchi Fulfilment Centre 60,RAN-FU-60,"68/70, Singhal Ganj, Ranchi, Kerala, 785457",2025-02-21 09:01:53
7f617976-a039-4c71-899e-cbab4eae51e5,Surat Sorting Centre 48,SUR-SO-48,"65/309, Lad Street, Surat, Telangana, 430813",2026-03-12 09:01:53
ed321e96-876b-46bf-b13b-b1d8dddee6e6,Dhanbad Bulk Store 84,DHA-BU-84,"225, Prabhakar Chowk, Dhanbad, Andhra Pradesh, 122664",2024-11-05 09:01:53
86be4c2d-a6a3-4d1b-96a2-9ca4652a3a3d,Chandigarh Distribution Centre 82,CHA-DI-82,"509, Murty Road, Chandigarh, Kerala, 314926",2025-01-12 09:01:53
075e381e-e273-450b-92cf-0cdc811f5f7e,Kanpur Distribution Centre 64,KAN-DI-64,"22, Swamy Road, Kanpur, Manipur, 038280",2025-10-15 09:01:53
337a18ca-1346-4261-a6a5-c225ae5b1244,Bengaluru Regional Depot 70,BEN-RE-70,"10, Dhawan Nagar, Bengaluru, Himachal Pradesh, 886417",2024-09-24 09:01:53
88050761-59e8-4739-bf21-3830badd9bf3,Allahabad Bulk Store 72,ALL-BU-72,"93/996, Sridhar, Allahabad, Punjab, 393383",2026-01-23 09:01:53
d34102d6-1e7b-400d-8b4f-f0cb77d84aa6,Raipur Regional Depot 14,RAI-RE-14,"38/768, Kade Circle, Raipur, Nagaland, 898258",2024-10-17 09:01:53
bc3d9e9f-1e45-4442-af67-55a75f68802c,Faridabad Sorting Centre 29,FAR-SO-29,"H.No. 738, Yohannan Marg, Faridabad, Bihar, 522350",2026-01-28 09:01:53
19a2e858-6c5a-4ee1-a0bc-57ccccafe6f5,Thane Storage Hub 50,THA-ST-50,"99, Srinivasan Ganj, Thane, Nagaland, 352199",2023-10-31 09:01:53
cf7f5d21-7d33-45af-957d-581aecd6ed5d,Vadodara Cold Storage 52,VAD-CO-52,"06/84, Raval, Vadodara, Andhra Pradesh, 342995",2025-06-25 09:01:53
1f9ec011-cfe9-450b-b978-dc965f55d5af,Vijayawada Bulk Store 60,VIJ-BU-60,"H.No. 867, Dube Street, Vijayawada, Maharashtra, 281076",2025-05-13 09:01:53
48a0285d-a5e4-42bb-9fd3-39ad835248e7,Ahmedabad Sorting Centre 79,AHM-SO-79,"77, Sachdev Circle, Ahmedabad, Manipur, 971819",2025-12-19 09:01:53
cf46999c-e580-451d-9ad1-97e004dce4a0,Meerut Main Warehouse 42,MEE-MA-42,"H.No. 597, Sani Road, Meerut, Mizoram, 305374",2024-03-09 09:01:53
57d8475d-e8c5-48a7-a507-e10176f8ecd4,Kota Fulfilment Centre 78,KOT-FU-78,"H.No. 624, Rama Street, Kota, Bihar, 332487",2024-04-15 09:01:53
5a021deb-9781-455d-8210-4a978bdffe7a,Delhi Bulk Store 33,DEL-BU-33,"36, Chopra Path, Delhi, Mizoram, 919866",2023-12-20 09:01:53
24d32251-f113-4d55-98bf-9a8abda30a70,Coimbatore Main Warehouse 73,COI-MA-73,"H.No. 329, Bail Road, Coimbatore, Madhya Pradesh, 572476",2024-03-08 09:01:53
ea966d50-efc4-47af-bf29-a06b06e72d96,Guwahati Retail Warehouse 83,GUW-RE-83,"985, Din Chowk, Guwahati, Uttar Pradesh, 850072",2026-02-27 09:01:53
e0da6321-fbed-4cac-9777-1a69956e4d26,Thane Regional Depot 345,THA-RE-834,"43/85, Anand Circle, Thane, Andhra Pradesh, 692450",2024-05-06 09:01:53
d8b093f6-e430-49a7-bac3-171ca4da8123,Pune Sorting Centre 700,PUN-SO-055,"H.No. 14, Balakrishnan, Pune, Jharkhand, 359754",2025-11-08 09:01:53
04b8c491-6446-47ee-891a-d4cfd48d60b2,Howrah Distribution Centre 885,HOW-DI-95,"453, Memon Marg, Howrah, Punjab, 107799",2025-02-25 09:01:53
62a36c61-ddc6-4625-99ab-24dc89fc414b,Howrah Sorting Centre 13,HOW-SO-13,"77/222, Sanghvi Street, Howrah, Jharkhand, 153300",2025-09-03 09:01:53
6f354091-8841-48a5-b481-4ae3ae259112,Meerut Export Hub 594,MEE-EX-401,"702, Patla Chowk, Meerut, Telangana, 769769",2024-11-24 09:01:53
d8ef97b8-372e-40c6-b510-f5e6c22357e4,Mumbai Retail Warehouse 36,MUM-RE-36,"805, Krishnan Zila, Mumbai, Kerala, 869016",2025-09-16 09:01:53
1e561a46-5cb1-43d3-9e68-f967c04b997c,Pune Cold Storage 32,PUN-CO-32,"12/07, Ahuja Path, Pune, Arunachal Pradesh, 699155",2026-01-05 09:01:53
945cd9ca-2d21-40f4-b77e-eed62f333c2d,Gwalior Fulfilment Centre 82,GWA-FU-82,"59/39, Dhawan Street, Gwalior, West Bengal, 455652",2023-09-04 09:01:53
f2cc38c2-2055-45d5-b586-d40dca1d6001,Meerut Storage Hub 44,MEE-ST-44,"221, Wason Road, Meerut, Punjab, 413999",2023-07-13 09:01:53
0f1f9ca1-5a8c-43ff-9a87-ea3dd11f735c,Lucknow Bulk Store 1,LUC-BU-01,"H.No. 17, Issac Marg, Lucknow, Gujarat, 381569",2025-10-22 09:01:53
d4f3a0fb-89b3-4a7a-b7c0-cddb48f0b121,Kanpur Distribution Centre 55,KAN-DI-55,"H.No. 90, Arya Chowk, Kanpur, Kerala, 951063",2024-08-06 09:01:53
2f0dc88a-fc91-4e09-b867-e2ca91651f68,Hubli Main Warehouse 71,HUB-MA-71,"11, Venkataraman Street, Hubli, West Bengal, 408117",2024-03-20 09:01:53
24a6bcec-c245-4b69-843c-b6c0d679b742,Navi Mumbai Retail Warehouse 47,NAV-RE-47,"069, Karnik, Navi Mumbai, Uttarakhand, 145287",2023-12-24 09:01:53
a48fbe27-7521-498e-8bdf-ce7fe53c3a37,Pimpri Export Hub 2,PIM-EX-02,"99/99, Deshmukh Marg, Pimpri, Mizoram, 028405",2025-10-21 09:01:53
663e894c-cd1c-4466-a14a-7d261f87a2ab,Gwalior Fulfilment Centre 26,GWA-FU-26,"185, Nagi Nagar, Gwalior, Madhya Pradesh, 831912",2024-01-13 09:01:53
5d4ac732-a49a-4992-b75d-1e4138b857f9,Nashik Export Hub 30,NAS-EX-30,"60/485, Sama Circle, Nashik, Karnataka, 981844",2024-01-30 09:01:53
bc18051b-f25c-4cc4-979e-3a8d459d84c6,Navi Mumbai Regional Depot 699,NAV-RE-860,"H.No. 938, Pandit Marg, Navi Mumbai, Jharkhand, 192705",2024-06-16 09:01:53
7b4f2c23-8b3e-4f8a-bf7d-2ae5d4e73c28,Jodhpur Distribution Centre 1,JOD-DI-01,"H.No. 87, Wagle Road, Jodhpur, Meghalaya, 566230",2025-01-20 09:01:53
3c5917b8-faba-44c3-aa5f-eb12c328973b,Nashik Retail Warehouse 31,NAS-RE-31,"05/609, Magar Road, Nashik, Rajasthan, 150123",2023-09-20 09:01:53
cae29153-d7be-49a7-98c0-c3445d29e4d1,Ghaziabad Distribution Centre 62,GHA-DI-62,"H.No. 06, Prasad Marg, Ghaziabad, West Bengal, 605059",2025-04-30 09:01:53
bb16a02c-ffe8-4dce-ba72-4e86bfc34308,Ludhiana Regional Depot 49,LUD-RE-49,"H.No. 855, Sangha Chowk, Ludhiana, Karnataka, 893793",2024-08-04 09:01:53
aaae2c93-d83f-4284-9077-0c51e29e1fe9,Indore Cold Storage 16,IND-CO-16,"19/47, Kara Road, Indore, Manipur, 990352",2026-02-16 09:01:53
b823744d-f2b9-449d-ae22-4dbeb8c67f12,Lucknow Distribution Centre 39,LUC-DI-39,"H.No. 960, Dash, Lucknow, Andhra Pradesh, 764714",2026-01-25 09:01:53
0472d055-05b7-447a-a53f-c937912cd981,Mysuru Distribution Centre 20,MYS-DI-20,"432, Chaudhuri Zila, Mysuru, Assam, 266237",2023-08-25 09:01:53
a98eaa91-916e-45bc-9f37-2f42a2af3050,Ranchi Fulfilment Centre 25,RAN-FU-25,"38, Kanda Zila, Ranchi, West Bengal, 098314",2025-12-16 09:01:53
46947bdb-1930-4528-a769-5b5b7d2daf53,Coimbatore Cold Storage 48,COI-CO-48,"H.No. 23, Walla Chowk, Coimbatore, Tripura, 346332",2024-10-05 09:01:53
e0c8a072-24d2-48fd-a783-be4e5315df70,Jodhpur Sorting Centre 91,JOD-SO-91,"74/25, Nagarajan Marg, Jodhpur, Madhya Pradesh, 680580",2024-11-06 09:01:53
848fe917-f65e-4f97-b739-4284fe2ed7b0,Coimbatore Sorting Centre 955,COI-SO-226,"H.No. 058, Palla, Coimbatore, Tamil Nadu, 815750",2025-04-01 09:01:53
a9602c39-2590-43e1-b5da-8ce417344476,Mysuru Sorting Centre 59,MYS-SO-59,"H.No. 543, Nath Circle, Mysuru, Manipur, 807794",2025-12-02 09:01:53
99ebab2a-798d-47d8-8527-98af068246dc,Amritsar Retail Warehouse 11,AMR-RE-11,"14/88, Palan Zila, Amritsar, Sikkim, 446619",2023-10-19 09:01:53
2ec386b8-97e8-441a-80a8-0566ab748204,Amritsar Main Warehouse 25,AMR-MA-25,"95/417, Banik Zila, Amritsar, Andhra Pradesh, 562666",2026-02-09 09:01:53
17e5ac06-1077-42c1-9a6a-86e218c7b610,Agra Bulk Store 65,AGR-BU-65,"85/45, Keer Path, Agra, Tripura, 377665",2024-12-07 09:01:53
88a177a2-8704-4772-aadf-5c9dac649792,Hyderabad Sorting Centre 39,HYD-SO-39,"95/99, Ganguly Nagar, Hyderabad, Sikkim, 442381",2025-12-29 09:01:53
49afcc7f-c03d-4b48-9c57-a7e1aa4828f0,Jaipur Regional Depot 90,JAI-RE-392,"22, Sanghvi Marg, Jaipur, Himachal Pradesh, 918614",2026-03-10 09:01:53
26816515-1919-42ab-8cf4-709971a70c62,Ludhiana Distribution Centre 51,LUD-DI-51,"28, Kaur Circle, Ludhiana, Madhya Pradesh, 580533",2025-06-28 09:01:53
90038e70-6b51-4809-b800-901b2fa2641f,Ranchi Fulfilment Centre 98,RAN-FU-98,"H.No. 513, Hegde Zila, Ranchi, Kerala, 117027",2024-06-03 09:01:53
c11ba28d-db0d-4978-aff5-2e1a31ad146d,Jodhpur Export Hub 76,JOD-EX-76,"47/34, Shan Road, Jodhpur, Uttarakhand, 722391",2025-04-20 09:01:53
bbd125f6-7ce2-4fa0-8222-6972222f8379,Indore Fulfilment Centre 58,IND-FU-58,"61, Reddy, Indore, Nagaland, 258858",2025-02-13 09:01:53
0ffb3132-7ab9-49be-8b34-1ad42878413a,Howrah Regional Depot 15,HOW-RE-15,"H.No. 31, Murthy Ganj, Howrah, Tamil Nadu, 408747",2024-01-30 09:01:53
e7f097c9-7018-41cf-9d18-1f504a0c049b,Howrah Retail Warehouse 98,HOW-RE-98,"H.No. 07, Sood Ganj, Howrah, Chhattisgarh, 175657",2023-11-13 09:01:53
21cfbf16-de9c-4a56-8355-958303e0a83e,Meerut Retail Warehouse 60,MEE-RE-60,"99, Rajan Nagar, Meerut, Bihar, 442511",2023-10-10 09:01:53
dad5cde9-1442-4c26-ab61-b52d6b2aa565,Raipur Bulk Store 8,RAI-BU-08,"09/54, Munshi Path, Raipur, Assam, 415286",2026-03-05 09:01:53
fdf6caa1-f104-4ffb-a046-4c10eb735738,Faridabad Regional Depot 318,FAR-RE-333,"484, Bhavsar Nagar, Faridabad, Maharashtra, 706491",2023-07-24 09:01:53
36d9d53b-8b1c-4ddd-abfa-b56dade97fae,Madurai Sorting Centre 92,MAD-SO-92,"H.No. 45, Korpal Ganj, Madurai, Meghalaya, 201569",2024-12-04 09:01:53
9064a6eb-e8dd-4bdf-8dd4-e3b50b5391e4,Kota Fulfilment Centre 11,KOT-FU-11,"H.No. 461, Misra Marg, Kota, Assam, 733768",2024-05-29 09:01:53
db817567-0c24-40e3-82ff-6261f890d9bb,Mysuru Retail Warehouse 98,MYS-RE-98,"H.No. 09, Jaggi Zila, Mysuru, Himachal Pradesh, 781090",2025-07-15 09:01:53
b14ebcd7-bb19-4eba-a1b9-637a7e5c02e2,Bengaluru Fulfilment Centre 29,BEN-FU-29,"19, Subramaniam Path, Bengaluru, Rajasthan, 451495",2025-09-14 09:01:53
8919372e-d0b9-4db6-89a3-8fb786aa986a,Visakhapatnam Sorting Centre 54,VIS-SO-54,"H.No. 495, Wali Path, Visakhapatnam, Tripura, 873680",2024-02-07 09:01:53
4f9fb165-fa43-47b9-9c18-39ef7ab4b2ad,Solapur Retail Warehouse 43,SOL-RE-43,"29, Sandhu Marg, Solapur, Telangana, 808438",2023-08-23 09:01:53
8fb00a69-d105-40cd-9cdd-10c0ebc825fd,Mysuru Retail Warehouse 34,MYS-RE-34,"16/84, Dey Circle, Mysuru, West Bengal, 230990",2023-10-07 09:01:53
d5807161-e15d-43f6-8088-6a53ab31a361,Ludhiana Distribution Centre 1,LUD-DI-01,"04, Majumdar Marg, Ludhiana, Himachal Pradesh, 030060",2025-05-09 09:01:53
11d9e7af-4a73-45ed-a0ff-c60c62c8c8eb,Ranchi Regional Depot 69,RAN-RE-69,"H.No. 51, Batta, Ranchi, Mizoram, 873300",2023-10-17 09:01:53
1beb01c3-df9a-4a56-83e2-e9d51c9a1164,Bengaluru Sorting Centre 718,BEN-SO-895,"763, Shan Street, Bengaluru, Goa, 373695",2024-12-20 09:01:53
afdbb15d-846d-4459-a9af-c83254b918ef,Solapur Fulfilment Centre 15,SOL-FU-15,"H.No. 432, Basu Marg, Solapur, Karnataka, 473535",2024-09-06 09:01:53
23e73aac-af8f-4f91-b4ea-a0c8542ec8c9,Kolkata Cold Storage 878,KOL-CO-350,"265, Jha Road, Kolkata, Arunachal Pradesh, 397345",2023-10-31 09:01:53
b655d56b-4a23-4008-ba85-48b4a35b3195,Patna Storage Hub 62,PAT-ST-62,"H.No. 359, Saraf, Patna, Jharkhand, 606009",2026-01-21 09:01:53
ea32a5da-15b9-48c4-b974-27900e29f611,Aurangabad Sorting Centre 75,AUR-SO-75,"97/27, Apte Road, Aurangabad, Tamil Nadu, 143164",2023-09-14 09:01:53
b1e2990d-99d9-4632-89fb-a3b0225f77a9,Nashik Sorting Centre 92,NAS-SO-92,"H.No. 199, Iyengar Zila, Nashik, Maharashtra, 640254",2023-09-15 09:01:53
55424349-72c1-4390-8211-5d127c8d3c64,Vadodara Retail Warehouse 53,VAD-RE-53,"600, Datta Marg, Vadodara, Nagaland, 238435",2023-11-14 09:01:53
3360e5a0-eee0-44cc-a2a1-4d29de421adb,Pune Distribution Centre 14,PUN-DI-14,"99, Yogi Ganj, Pune, Rajasthan, 945892",2026-01-21 09:01:53
a94aaa12-c8d5-4d97-842f-412d4cc62d8e,Dhanbad Sorting Centre 61,DHA-SO-61,"517, Sunder Road, Dhanbad, Karnataka, 949775",2025-02-06 09:01:53
ff0848df-514d-4761-9e2e-c1e0ef192ba2,Vadodara Retail Warehouse 47,VAD-RE-47,"55, Gaba Zila, Vadodara, Mizoram, 638367",2025-05-22 09:01:53
53a88b1d-2d72-4c17-8ae2-5e12f90c9056,Kota Cold Storage 54,KOT-CO-54,"65, Bhardwaj Chowk, Kota, Gujarat, 012213",2025-03-30 09:01:53
e64bd190-ea1e-4c14-8d1f-17c9be178bf4,Aurangabad Storage Hub 66,AUR-ST-66,"875, Lala Ganj, Aurangabad, Goa, 448354",2024-08-13 09:01:53
95797d55-b099-4a9b-8478-1dabdf66dd09,Aurangabad Storage Hub 22,AUR-ST-22,"57/498, Kashyap Circle, Aurangabad, Punjab, 838252",2025-02-11 09:01:53
4e81484a-e890-46dd-814a-43ced9444b21,Kota Sorting Centre 27,KOT-SO-27,"H.No. 43, Handa Nagar, Kota, Karnataka, 521517",2025-05-15 09:01:53
906c6616-d034-462c-927e-51fc2b7476ab,Navi Mumbai Cold Storage 35,NAV-CO-35,"466, Sankaran Nagar, Navi Mumbai, Nagaland, 471575",2023-07-23 09:01:53
d9666a0b-7ab8-4a7f-8641-a700eb56273f,Kota Main Warehouse 98,KOT-MA-98,"10, Batra Circle, Kota, Sikkim, 030221",2025-08-18 09:01:53
0f0db44c-e805-42e2-82ff-9d9b6c2d38f0,Jabalpur Main Warehouse 78,JAB-MA-78,"23/955, Gola Zila, Jabalpur, Bihar, 983232",2024-10-11 09:01:53
cb73cfe2-976f-4b88-bcb6-8dbddb49c6c5,Visakhapatnam Bulk Store 68,VIS-BU-68,"54/14, Gala Street, Visakhapatnam, Maharashtra, 262144",2023-10-18 09:01:53
d12023da-a574-40b5-bb04-30a112ede224,Agra Bulk Store 2,AGR-BU-02,"H.No. 37, Nayar Zila, Agra, Rajasthan, 451967",2023-11-02 09:01:53
ab040fdb-f109-46ed-95fb-9ab17a67b82f,Varanasi Bulk Store 93,VAR-BU-93,"77/88, Brar Nagar, Varanasi, Sikkim, 591326",2024-07-18 09:01:53
ebd33003-6b40-4933-87a0-4468f1974bd8,Solapur Sorting Centre 24,SOL-SO-24,"42/32, Gupta Marg, Solapur, Karnataka, 469033",2023-08-13 09:01:53
9fd45579-6970-439c-886f-4e8e64fdd436,Madurai Bulk Store 224,MAD-BU-532,"69/310, Saxena Path, Madurai, Assam, 323815",2025-10-30 09:01:53
6daae99c-f2b3-44fe-9927-e44503ef2ef4,Rajkot Export Hub 61,RAJ-EX-61,"H.No. 55, Setty Street, Rajkot, Nagaland, 626023",2026-02-08 09:01:53
9c55317f-23a8-48a2-897e-13992ecabf14,Vijayawada Retail Warehouse 57,VIJ-RE-57,"H.No. 64, Kaul Nagar, Vijayawada, Andhra Pradesh, 891950",2023-09-15 09:01:53
020c9321-d46b-480d-86a4-50bac6ed2cc1,Aurangabad Retail Warehouse 77,AUR-RE-77,"86, Ramanathan Chowk, Aurangabad, Odisha, 819194",2025-02-24 09:01:53
dc6f6f75-b904-439b-8fc3-805b46aaea66,Aurangabad Main Warehouse 97,AUR-MA-97,"74/61, Keer Street, Aurangabad, Sikkim, 900241",2024-05-14 09:01:53
7170c5ea-7655-4627-8d14-2299cd65b215,Indore Sorting Centre 73,IND-SO-73,"H.No. 51, Narain Chowk, Indore, Mizoram, 373533",2023-09-12 09:01:53
745b5eb6-c458-4d39-9656-3b9cdf2457a0,Rajkot Storage Hub 49,RAJ-ST-49,"702, Ratti Circle, Rajkot, Maharashtra, 868584",2025-07-29 09:01:53
784fd6bd-ac35-41c8-9290-ac2fa2248ebd,Amritsar Retail Warehouse 76,AMR-RE-76,"116, Bhavsar Street, Amritsar, Arunachal Pradesh, 514947",2025-09-07 09:01:53
45edf00f-d873-4169-9028-ee9ebb0960a9,Hubli Retail Warehouse 9,HUB-RE-09,"965, Iyer Road, Hubli, Assam, 557710",2024-04-27 09:01:53
eab9c206-b8fc-4bbb-9633-9c41b306d0d8,Kolkata Main Warehouse 57,KOL-MA-57,"027, Sachdeva Path, Kolkata, Arunachal Pradesh, 869793",2024-01-27 09:01:53
fc1104fa-49b6-4459-bcb0-db59378bb97a,Bhopal Cold Storage 16,BHO-CO-16,"H.No. 84, Kumer Ganj, Bhopal, Goa, 149452",2025-11-01 09:01:53
09d4db5e-b0ab-4955-9cd6-60db724fa216,Howrah Sorting Centre 54,HOW-SO-54,"12/586, Samra Nagar, Howrah, Chhattisgarh, 981804",2025-09-19 09:01:53
315e1505-c858-434c-9fb6-7413a3f1d721,Kanpur Main Warehouse 53,KAN-MA-53,"H.No. 999, Nadig Zila, Kanpur, Bihar, 140508",2024-09-08 09:01:53
7194ba4f-6922-4e2d-bd16-2ff05716f775,Madurai Storage Hub 37,MAD-ST-37,"H.No. 01, Lata Ganj, Madurai, Meghalaya, 296364",2025-08-20 09:01:53
ca63028b-1202-44d7-8b31-db6c06088222,Lucknow Fulfilment Centre 701,LUC-FU-965,"H.No. 226, Sethi Road, Lucknow, Chhattisgarh, 439245",2024-01-10 09:01:53
e3eae7bd-62c9-4eb2-a149-3b654ea61adb,Bhopal Main Warehouse 19,BHO-MA-19,"960, Date Road, Bhopal, Himachal Pradesh, 817442",2025-08-06 09:01:53
e37f72d2-7c72-4c52-b967-2cd00560764d,Vijayawada Sorting Centre 30,VIJ-SO-30,"H.No. 39, Wable Marg, Vijayawada, Rajasthan, 276820",2025-06-29 09:01:53
fb913eb7-890f-4139-981d-1f4c5673cf54,Pimpri Bulk Store 3,PIM-BU-03,"18/81, Dua Street, Pimpri, Jharkhand, 614280",2023-12-29 09:01:53
bc7a0982-d383-4ce0-b0db-c0d0aa9a62ec,Meerut Main Warehouse 49,MEE-MA-49,"70/20, Sidhu, Meerut, Odisha, 963515",2024-08-12 09:01:53
63c432eb-0931-4f97-a728-1ddf9daaeda9,Visakhapatnam Fulfilment Centre 88,VIS-FU-88,"11/75, Keer Ganj, Visakhapatnam, Bihar, 025337",2023-08-18 09:01:53
f051a503-5de9-4343-86d7-f0cbd5af3eaf,Mumbai Bulk Store 79,MUM-BU-79,"70/86, Morar Nagar, Mumbai, Rajasthan, 775872",2025-03-27 09:01:53
1c2fb617-d392-4270-98f2-009454f31ccd,Madurai Storage Hub 25,MAD-ST-25,"H.No. 37, Tailor Zila, Madurai, Chhattisgarh, 153330",2025-03-30 09:01:53
7868d2f7-d5b7-459e-8c40-2a618e2991ec,Srinagar Export Hub 51,SRI-EX-51,"H.No. 325, Sagar Marg, Srinagar, Himachal Pradesh, 413311",2025-04-18 09:01:53
c011ae25-5bb4-4a1b-a09d-615f6ab8d40b,Tiruchirappalli Storage Hub 77,TIR-ST-77,"H.No. 19, Thakur Marg, Tiruchirappalli, Haryana, 842266",2025-05-06 09:01:53
5fd3f5ba-9ee7-44dd-8438-e3ab41a0f267,Kolkata Storage Hub 65,KOL-ST-65,"154, Badami Ganj, Kolkata, Odisha, 349131",2025-03-28 09:01:53
f39afcc2-2715-4d47-b214-d34a303818ab,Bhopal Retail Warehouse 92,BHO-RE-855,"H.No. 65, Raghavan Ganj, Bhopal, Maharashtra, 136463",2026-01-24 09:01:53
7034a569-cdd3-443e-9c59-1f056fe78c68,Bengaluru Bulk Store 34,BEN-BU-34,"H.No. 14, Ganguly Path, Bengaluru, Goa, 325348",2025-06-28 09:01:53
fff08065-b85e-41cf-bd46-098640e82187,Allahabad Export Hub 44,ALL-EX-44,"52/979, Kakar, Allahabad, Tamil Nadu, 965775",2025-05-24 09:01:53
5eb36c47-807c-4858-80e8-ccd25beb25fa,Ranchi Retail Warehouse 44,RAN-RE-44,"33/52, Taneja Zila, Ranchi, Andhra Pradesh, 406412",2025-07-06 09:01:53
a95cc783-ae3a-4c79-b2d1-d9a8fca0c57c,Ahmedabad Distribution Centre 75,AHM-DI-75,"154, Dugal Nagar, Ahmedabad, Jharkhand, 783075",2024-06-06 09:01:53
03c3bac0-b218-45d6-ae79-374e64020f75,Mysuru Export Hub 263,MYS-EX-171,"H.No. 163, Tank Street, Mysuru, Rajasthan, 349141",2025-03-09 09:01:53
7d2b6b00-845d-42e2-bded-38e291053b9e,Agra Regional Depot 19,AGR-RE-19,"H.No. 526, Ranganathan, Agra, Gujarat, 427212",2024-09-18 09:01:53
39a4fb85-c043-4305-b3e7-06b3abcd5803,Mumbai Cold Storage 32,MUM-CO-32,"45, Jain Road, Mumbai, Madhya Pradesh, 687967",2023-06-21 09:01:53
98844033-1821-45f4-b2dd-89f012d36809,Srinagar Bulk Store 98,SRI-BU-98,"46/726, Varkey, Srinagar, Maharashtra, 013332",2025-05-09 09:01:53
43d153d4-e7a0-4301-9499-72a935dc9c6a,Jaipur Cold Storage 43,JAI-CO-43,"98, Deshmukh Circle, Jaipur, Uttar Pradesh, 702671",2023-12-16 09:01:53
29f5a1bc-0ef4-4893-aff6-25176f7db9cc,Delhi Retail Warehouse 72,DEL-RE-72,"96/14, Mandal, Delhi, Punjab, 851475",2023-10-16 09:01:53
68cea5d9-603f-45dd-a96f-af2ec6d1404f,Varanasi Export Hub 68,VAR-EX-68,"16, Joshi Nagar, Varanasi, Nagaland, 952606",2024-05-31 09:01:53
26f62781-b90a-48e2-8cb6-7f9ec52f33e7,Srinagar Export Hub 29,SRI-EX-696,"22/87, Munshi, Srinagar, Tamil Nadu, 141096",2025-09-11 09:01:53
8f3f75be-09fd-4227-a014-32090a614e9a,Bengaluru Fulfilment Centre 93,BEN-FU-93,"15, Gara, Bengaluru, Punjab, 257890",2024-07-18 09:01:53
0665c587-9c45-4c67-99d3-b2072a1573c2,Jaipur Storage Hub 16,JAI-ST-16,"85/06, Aurora, Jaipur, Gujarat, 347112",2025-07-02 09:01:53
24b32c43-9d10-4ed0-b8b0-26ce86a0f637,Chennai Retail Warehouse 5,CHE-RE-05,"H.No. 273, Dewan Nagar, Chennai, Haryana, 951292",2023-09-03 09:01:53
0e13d24b-eeb0-4082-a04e-e0fba11f6436,Kolkata Sorting Centre 926,KOL-SO-334,"H.No. 722, Bath Ganj, Kolkata, Uttar Pradesh, 358233",2024-08-18 09:01:53
ba0a6c64-1803-47d4-a785-54810f1b1094,Meerut Bulk Store 27,MEE-BU-27,"89/51, Dar Zila, Meerut, Haryana, 738792",2023-07-14 09:01:53
f869e3c4-34d8-4044-84ad-0236a447e1f9,Jabalpur Sorting Centre 85,JAB-SO-85,"87, Sarma Marg, Jabalpur, Nagaland, 360842",2025-10-31 09:01:53
5233bdf4-eb4c-4bb7-b725-acd830e48fa5,Ranchi Retail Warehouse 73,RAN-RE-73,"966, Chawla Path, Ranchi, Jharkhand, 486574",2024-09-23 09:01:53
c1629455-ebd4-4dbf-8822-d24ea8d678fb,Tiruchirappalli Retail Warehouse 21,TIR-RE-942,"062, Raja Nagar, Tiruchirappalli, Mizoram, 484991",2023-09-20 09:01:53
36b43a71-507c-4e96-9356-3feb407f4c65,Allahabad Retail Warehouse 26,ALL-RE-26,"87/20, Varkey Street, Allahabad, Assam, 300843",2023-11-19 09:01:53
614bf780-18d1-4361-9d42-fb0bb61be873,Chandigarh Distribution Centre 33,CHA-DI-33,"39/141, D’Alia, Chandigarh, Tripura, 796330",2023-12-15 09:01:53
c11ea00e-aa42-46f3-8042-7763da5d97fa,Lucknow Regional Depot 73,LUC-RE-73,"50/749, Bera Path, Lucknow, West Bengal, 432719",2025-03-09 09:01:53
0015dbc3-7fec-4673-bc62-63dff62b1687,Rajkot Storage Hub 838,RAJ-ST-116,"980, Venkatesh Street, Rajkot, Himachal Pradesh, 161693",2024-11-14 09:01:53
9bf887b7-52ee-4ee7-bd65-8cbf65df391d,Raipur Sorting Centre 51,RAI-SO-51,"62/408, Narayanan Circle, Raipur, West Bengal, 632381",2025-05-01 09:01:53
4384656c-8913-4154-ba77-f325aa7b8110,Vadodara Distribution Centre 55,VAD-DI-55,"705, Menon Chowk, Vadodara, Assam, 376226",2026-03-06 09:01:53
20274512-8616-4069-8b15-ef65ce179a03,Bhopal Fulfilment Centre 98,BHO-FU-98,"59/415, Parsa Street, Bhopal, Uttar Pradesh, 851635",2025-09-08 09:01:53
34cc7053-2725-444b-bbd4-fae1f859d601,Ranchi Export Hub 65,RAN-EX-65,"81, Sabharwal Zila, Ranchi, Jharkhand, 668471",2026-03-08 09:01:53
f32eaf81-2cd1-4896-901c-cfb41975260c,Dhanbad Main Warehouse 3,DHA-MA-03,"290, Bhargava Zila, Dhanbad, Goa, 585118",2025-04-17 09:01:53
d779385a-5ddf-43c9-8f17-6016aed799ca,Kolkata Main Warehouse 23,KOL-MA-23,"H.No. 81, Bera Zila, Kolkata, Bihar, 602353",2024-09-21 09:01:53
18aef368-089c-406d-97c8-e0cca183c8b1,Amritsar Regional Depot 44,AMR-RE-44,"H.No. 96, Gaba Circle, Amritsar, Mizoram, 140812",2024-04-12 09:01:53
4b4ec17a-dd2b-4ece-b5e3-1df078d2a0eb,Kolkata Storage Hub 3,KOL-ST-03,"35/631, Tandon Marg, Kolkata, Uttarakhand, 602716",2025-10-15 09:01:53
c34013f1-7de6-49e6-9e3d-c219e3509848,Kota Storage Hub 94,KOT-ST-94,"92/78, Maharaj Circle, Kota, West Bengal, 871819",2024-03-24 09:01:53
f5844f30-8a9d-4c9e-a772-0d647ac8aafa,Madurai Main Warehouse 11,MAD-MA-11,"834, Sawhney Chowk, Madurai, Telangana, 510473",2024-03-04 09:01:53
b170b96c-d10c-482e-abdb-5bed9a541052,Amritsar Cold Storage 39,AMR-CO-39,"H.No. 802, Gala Circle, Amritsar, Bihar, 114824",2025-03-04 09:01:53
fb7b91e0-5b41-4896-bb46-ca9e8553d3c2,Pimpri Distribution Centre 51,PIM-DI-51,"14/304, More Road, Pimpri, Madhya Pradesh, 894259",2025-06-05 09:01:53
0078e82d-8cfd-4682-8b9a-99e9b8c6d31a,Allahabad Retail Warehouse 80,ALL-RE-80,"34, Babu, Allahabad, Tripura, 197689",2025-10-25 09:01:53
bbb55f65-e57b-493e-a338-a07ff5af8aae,Raipur Distribution Centre 8,RAI-DI-08,"345, Bhat Nagar, Raipur, Himachal Pradesh, 951130",2023-10-07 09:01:53
64e559f0-c113-4545-a131-0259dd4eab02,Pimpri Bulk Store 135,PIM-BU-896,"076, Bobal Marg, Pimpri, Meghalaya, 616684",2024-11-22 09:01:53
d49433e8-8fe4-4765-b0c9-12502ab6d8c4,Ghaziabad Main Warehouse 13,GHA-MA-13,"48, Balasubramanian Street, Ghaziabad, Punjab, 284818",2025-03-15 09:01:53
fa4b11f0-9081-41b8-a827-315584d1e1b5,Lucknow Bulk Store 88,LUC-BU-88,"H.No. 869, Dey Marg, Lucknow, Haryana, 440557",2024-04-17 09:01:53
e245bd23-f057-4ebc-a317-b8632ade8084,Coimbatore Retail Warehouse 33,COI-RE-33,"477, Butala Street, Coimbatore, Uttar Pradesh, 963620",2025-06-05 09:01:53
e3b722f0-353b-4c5d-bc00-5c5c529c0bdc,Lucknow Main Warehouse 30,LUC-MA-30,"91/604, Menon, Lucknow, Bihar, 231901",2023-10-08 09:01:53
051d7e86-044b-4947-a568-47b158e10381,Solapur Bulk Store 8,SOL-BU-08,"06, Vyas Marg, Solapur, Madhya Pradesh, 721858",2024-11-07 09:01:53
2c9580c5-c683-438b-b92f-fa4f31a108f3,Ranchi Cold Storage 38,RAN-CO-38,"35/84, Mody Nagar, Ranchi, Meghalaya, 571265",2024-02-21 09:01:53
031e819a-2a34-46d3-9062-026d49f1d707,Ranchi Fulfilment Centre 26,RAN-FU-26,"56, Chaudhuri Road, Ranchi, Sikkim, 566671",2026-03-01 09:01:53
aad9a825-dfa0-4847-81d7-f60f1f2689e6,Coimbatore Cold Storage 65,COI-CO-65,"H.No. 71, Dani Zila, Coimbatore, Chhattisgarh, 701805",2023-07-13 09:01:53
67aae9a8-9759-4601-a96e-72821246b02f,Amritsar Storage Hub 31,AMR-ST-31,"89/359, Swaminathan Marg, Amritsar, Rajasthan, 625525",2024-04-08 09:01:53
db3f59df-78d6-45d4-9911-01075a2a652e,Howrah Fulfilment Centre 51,HOW-FU-51,"61, Bala Path, Howrah, Tamil Nadu, 359848",2024-09-13 09:01:53
0250b1ea-ba34-4464-881f-e8383a5bee9a,Guwahati Main Warehouse 55,GUW-MA-55,"H.No. 861, Sankar Circle, Guwahati, Sikkim, 043422",2026-01-23 09:01:53
9c4ab9d4-7229-46fe-8110-3df76497170d,Kolkata Regional Depot 43,KOL-RE-43,"97/85, De Ganj, Kolkata, Uttarakhand, 013398",2024-12-13 09:01:53
aabb1406-8b10-4843-8d56-e821e5bcca5f,Gwalior Storage Hub 30,GWA-ST-30,"30/90, Amble Road, Gwalior, Arunachal Pradesh, 765849",2025-10-28 09:01:53
6706fbd5-fcd2-4f57-8d34-414cbd2562fa,Meerut Retail Warehouse 10,MEE-RE-275,"01/405, Natarajan Marg, Meerut, Telangana, 257870",2024-02-14 09:01:53
76097c54-949c-44af-9a61-a3e906663faa,Raipur Export Hub 44,RAI-EX-44,"90/959, Dhar Nagar, Raipur, Sikkim, 990463",2024-10-18 09:01:53
975e1b58-99a7-46aa-92c3-fd6831daeae8,Guwahati Distribution Centre 80,GUW-DI-80,"91, Choudhury, Guwahati, Mizoram, 864883",2024-06-03 09:01:53
2a6acf8a-94ac-4e33-b7d1-947e1ecc1c3f,Aurangabad Main Warehouse 13,AUR-MA-13,"26, Sachdeva, Aurangabad, Assam, 367717",2025-03-06 09:01:53
7d001fa2-f30e-4d50-a230-2b7416a5bb6a,Bengaluru Distribution Centre 73,BEN-DI-73,"75/296, Mistry, Bengaluru, Sikkim, 691548",2024-12-27 09:01:53
c5c520db-61d4-47b5-b0f1-9530a6686c45,Amritsar Sorting Centre 62,AMR-SO-62,"97/881, Char Road, Amritsar, Tamil Nadu, 452770",2024-04-28 09:01:53
0a927753-540a-44c4-ab0c-f0b3d61cc6c4,Jaipur Main Warehouse 80,JAI-MA-80,"H.No. 08, Nazareth Chowk, Jaipur, Karnataka, 562448",2025-11-02 09:01:53
eab99a5a-e06a-40ce-862c-8bcc17b80846,Agra Distribution Centre 74,AGR-DI-74,"H.No. 888, Sathe Marg, Agra, Mizoram, 013919",2025-11-01 09:01:53
1615693b-926c-4fb0-9192-41c22764fd5d,Bengaluru Distribution Centre 72,BEN-DI-72,"870, Mallick Chowk, Bengaluru, Uttarakhand, 420134",2025-10-07 09:01:53
cc9e884f-c7a0-423c-be08-91205a849da0,Howrah Cold Storage 17,HOW-CO-17,"84/38, Borde Street, Howrah, Jharkhand, 462478",2025-07-14 09:01:53
544a509d-a3b4-4c55-ab12-1284107f6e94,Thane Storage Hub 73,THA-ST-73,"35, Goyal Chowk, Thane, Gujarat, 273308",2024-12-09 09:01:53
78cdb111-042d-4f2e-aad9-902f5a186f63,Mumbai Regional Depot 74,MUM-RE-74,"90/345, Mukherjee Road, Mumbai, Madhya Pradesh, 321095",2024-05-21 09:01:53
9c538e4f-322a-4c6e-9dce-06ef7048f22e,Nagpur Retail Warehouse 75,NAG-RE-75,"H.No. 96, Sahota Circle, Nagpur, Bihar, 730790",2025-03-31 09:01:53
f370abde-d3bb-4ef6-b57d-0b1567f6f842,Navi Mumbai Storage Hub 76,NAV-ST-76,"91/99, Mallick Circle, Navi Mumbai, Madhya Pradesh, 617099",2023-08-26 09:01:53
d45b22b9-02ce-4791-8bb9-10b24d2a8ec5,Ahmedabad Cold Storage 988,AHM-CO-961,"H.No. 11, Kale Nagar, Ahmedabad, Tamil Nadu, 625762",2024-06-06 09:01:53
170f9449-a15f-42f6-93af-b4f15a473768,Nashik Cold Storage 16,NAS-CO-16,"H.No. 090, Vyas Street, Nashik, Andhra Pradesh, 795500",2025-12-25 09:01:53
f8d8169e-f704-423f-be5e-07d44dd0f2d2,Varanasi Fulfilment Centre 662,VAR-FU-455,"H.No. 444, Padmanabhan Zila, Varanasi, Maharashtra, 305727",2025-12-19 09:01:53
1fedb7ee-fce1-4fa3-8974-447db353674b,Patna Sorting Centre 22,PAT-SO-22,"H.No. 62, Bains Street, Patna, Goa, 758928",2023-06-22 09:01:53
0792bcf0-8399-432e-98b3-942035b48690,Delhi Retail Warehouse 43,DEL-RE-43,"905, Sharaf Ganj, Delhi, Andhra Pradesh, 376072",2023-11-15 09:01:53
532ff39b-691c-4837-b586-76da1862368c,Aurangabad Regional Depot 90,AUR-RE-90,"H.No. 324, Hans Circle, Aurangabad, Uttarakhand, 377567",2023-10-17 09:01:53
3bf1bbf1-f614-4f94-b414-ea110b86ba11,Pune Regional Depot 24,PUN-RE-24,"94, Rama Marg, Pune, West Bengal, 324148",2025-05-12 09:01:53
0fbf7ecb-871f-49a3-87b2-0a161bc7e1b8,Howrah Retail Warehouse 31,HOW-RE-31,"H.No. 26, Trivedi Circle, Howrah, Nagaland, 775746",2024-07-26 09:01:53
b288e094-cdc8-4709-99de-3662e51f8fae,Rajkot Storage Hub 50,RAJ-ST-50,"H.No. 85, Prabhu Chowk, Rajkot, Madhya Pradesh, 519242",2025-11-01 09:01:53
f7dd22dd-c66f-4607-a610-d3f3a4b7b21a,Agra Sorting Centre 11,AGR-SO-11,"93, Raju Road, Agra, Nagaland, 985165",2024-10-01 09:01:53
50f6570f-44ba-41a9-88d9-98b1c7caf3d9,Ranchi Fulfilment Centre 89,RAN-FU-89,"287, Narain Ganj, Ranchi, Bihar, 877863",2026-01-02 09:01:53
8ae2b93f-6510-45b3-bf09-f5078a5e4476,Kanpur Regional Depot 84,KAN-RE-84,"H.No. 14, Sridhar Road, Kanpur, Sikkim, 747639",2024-08-03 09:01:53
90fbed33-e461-48aa-9d5b-88d4b2db0670,Dhanbad Retail Warehouse 31,DHA-RE-31,"10, Bhavsar Ganj, Dhanbad, Mizoram, 277960",2024-01-27 09:01:53
45995bc4-4347-4899-b07e-ba994b5c2f84,Madurai Bulk Store 91,MAD-BU-91,"88, Raja Circle, Madurai, Manipur, 205057",2023-12-27 09:01:53
764d9cc6-8a00-4f13-9a75-9e44d4dcc915,Aurangabad Retail Warehouse 904,AUR-RE-770,"46/22, Ravel Zila, Aurangabad, Gujarat, 651865",2025-06-23 09:01:53
ace2da1a-d5c7-4c44-8879-71f0afdacda4,Vadodara Fulfilment Centre 314,VAD-FU-203,"H.No. 531, Bhatt Street, Vadodara, Jharkhand, 382987",2024-06-08 09:01:53
786fd68c-e522-4957-85b9-302bb246e633,Ludhiana Regional Depot 80,LUD-RE-80,"08/68, Murty Marg, Ludhiana, Uttar Pradesh, 466017",2023-09-08 09:01:53
c87345e2-a826-412f-9247-b0955a5cc8c7,Aurangabad Export Hub 64,AUR-EX-64,"H.No. 593, Sachdeva, Aurangabad, Manipur, 155226",2025-09-27 09:01:53
a8ed1f18-9d83-4f65-bac2-792781be92cd,Gwalior Bulk Store 47,GWA-BU-47,"H.No. 12, Raju Road, Gwalior, Kerala, 295787",2024-11-12 09:01:53
a1988141-19a1-46b0-b4d1-785f1f72f640,Pune Cold Storage 52,PUN-CO-52,"516, Khare Circle, Pune, Chhattisgarh, 227113",2024-02-03 09:01:53
14c431c6-5332-4e87-ba41-d1e07deae813,Guwahati Regional Depot 29,GUW-RE-29,"18/002, Mall Zila, Guwahati, Punjab, 084755",2023-09-11 09:01:53
25cf5e89-5764-4202-b51f-977b22ac78cf,Allahabad Main Warehouse 21,ALL-MA-21,"H.No. 77, Mannan Ganj, Allahabad, Sikkim, 282391",2024-06-24 09:01:53
0b8ed172-d4f7-4538-8b2b-ec2641ad0b08,Coimbatore Main Warehouse 98,COI-MA-98,"218, Sagar Ganj, Coimbatore, Madhya Pradesh, 983598",2023-12-10 09:01:53
c71a4162-0fc7-4174-a322-7e0429515e26,Thane Regional Depot 663,THA-RE-020,"08/469, Tank Circle, Thane, Gujarat, 975845",2024-05-27 09:01:53
6bc99de5-3639-458a-a261-eb9663999d25,Patna Storage Hub 38,PAT-ST-38,"27, Gupta Zila, Patna, Manipur, 244698",2024-11-17 09:01:53
d12d8906-3654-4df5-b5a9-6ae6c2420320,Jabalpur Bulk Store 7,JAB-BU-07,"H.No. 59, Balakrishnan Circle, Jabalpur, Punjab, 660947",2024-06-11 09:01:53
9560b975-0748-4271-a6ed-147f0d30f533,Delhi Main Warehouse 73,DEL-MA-73,"30/62, Mannan Marg, Delhi, Madhya Pradesh, 889987",2025-05-25 09:01:53
e7f0d0e0-4355-4812-b878-36016891355a,Mumbai Sorting Centre 9,MUM-SO-09,"444, Kibe Marg, Mumbai, Assam, 842092",2025-01-09 09:01:53
b8546dbd-6f0c-4c24-8b17-d7214fe22c3c,Chandigarh Cold Storage 62,CHA-CO-62,"49, Basu Ganj, Chandigarh, Odisha, 122021",2025-07-24 09:01:53
dad6e616-a4dc-426c-891b-250311d4f892,Dhanbad Bulk Store 17,DHA-BU-17,"H.No. 12, Pandya Circle, Dhanbad, Assam, 684054",2025-05-24 09:01:53
d02a3dbb-5cac-499a-a5ff-fdb06fc292cf,Lucknow Bulk Store 49,LUC-BU-49,"H.No. 652, Suresh Ganj, Lucknow, Andhra Pradesh, 877751",2024-04-02 09:01:53
80ca88a8-1dbf-4ee8-a66b-43e1129fa2cd,Tiruchirappalli Storage Hub 375,TIR-ST-268,"00/32, Sankar Street, Tiruchirappalli, Andhra Pradesh, 347843",2024-07-14 09:01:53
be186896-23c1-40c8-8ad5-5a225ae665fa,Surat Main Warehouse 29,SUR-MA-29,"674, Mukherjee Circle, Surat, Maharashtra, 310323",2025-01-16 09:01:53
83485bc1-cec1-4804-8951-946a0db405fd,Gwalior Fulfilment Centre 7,GWA-FU-07,"854, Sekhon Ganj, Gwalior, Tamil Nadu, 730585",2024-07-13 09:01:53
a7521b11-c626-4534-9112-8f36572d3695,Mysuru Distribution Centre 92,MYS-DI-92,"21/96, Om Road, Mysuru, Punjab, 822431",2023-07-08 09:01:53
ccff84c2-7fc1-4592-a175-c9ee68bc734c,Pimpri Main Warehouse 696,PIM-MA-341,"125, Thaker Path, Pimpri, Mizoram, 923078",2025-10-14 09:01:53
a288f5c7-9032-4ba5-929d-56cadb8748ca,Aurangabad Fulfilment Centre 14,AUR-FU-14,"H.No. 412, Sibal Path, Aurangabad, Andhra Pradesh, 707792",2023-07-22 09:01:53
91bb6874-9eb0-4a84-be95-35f76c70b7b1,Guwahati Distribution Centre 97,GUW-DI-97,"H.No. 45, Singh Road, Guwahati, Karnataka, 113156",2024-11-28 09:01:53
8660cb88-518c-4503-b21d-77420400df45,Kanpur Storage Hub 51,KAN-ST-51,"73/10, Misra Street, Kanpur, Goa, 459639",2025-04-30 09:01:53
726b489e-1e60-4a2c-ae2a-2f7cff65b4a1,Chennai Regional Depot 63,CHE-RE-63,"H.No. 68, Prabhu Road, Chennai, Mizoram, 109035",2023-07-05 09:01:53
3ec71f20-a21f-46fe-9ff9-de4d6137ba95,Ludhiana Bulk Store 74,LUD-BU-74,"58/72, Gupta Marg, Ludhiana, Sikkim, 750271",2023-06-26 09:01:53
16bef915-a671-4bf1-ae8c-eaa409c3dc0f,Mumbai Main Warehouse 82,MUM-MA-82,"26/42, Ahuja Zila, Mumbai, Goa, 872880",2026-01-06 09:01:53
26bf72cb-6f2a-400d-b41c-d769bcf8a637,Allahabad Regional Depot 17,ALL-RE-17,"36, Mohanty Marg, Allahabad, Odisha, 069599",2023-08-17 09:01:53
8eb11e76-432b-425e-9a97-e4332e356211,Vijayawada Fulfilment Centre 28,VIJ-FU-28,"H.No. 196, Kannan Road, Vijayawada, Telangana, 562395",2025-04-11 09:01:53
f2122e73-6af5-4fa9-8ca9-0f5841bec648,Vijayawada Export Hub 95,VIJ-EX-95,"H.No. 211, Trivedi Zila, Vijayawada, Meghalaya, 000822",2025-06-08 09:01:53
1c96f09b-a9d9-4d0f-8bda-64fa27db0bf3,Srinagar Regional Depot 21,SRI-RE-21,"053, Ganesan Street, Srinagar, Arunachal Pradesh, 956089",2025-10-04 09:01:53
40d725b8-25c4-440f-bdb2-99e6eed6474e,Coimbatore Export Hub 82,COI-EX-82,"04/66, Sekhon Zila, Coimbatore, Bihar, 147824",2025-07-09 09:01:53
22338603-a2b4-483d-8274-50fc7bfc2dfe,Mysuru Cold Storage 79,MYS-CO-79,"59, Chaudhry, Mysuru, Tripura, 739066",2025-01-11 09:01:53
60884f1b-b1d6-403e-a47b-8cc47a2fc1e3,Kota Bulk Store 89,KOT-BU-89,"H.No. 06, Wali Circle, Kota, Rajasthan, 760273",2024-11-07 09:01:53
5c2e33c2-8911-42e4-a5dd-d56eefe0b6a1,Dhanbad Distribution Centre 46,DHA-DI-46,"H.No. 603, Bera Path, Dhanbad, Chhattisgarh, 506327",2025-07-02 09:01:53
49d96caf-3e66-4254-a09e-0faa7e423a19,Gwalior Main Warehouse 22,GWA-MA-22,"H.No. 524, Sane Zila, Gwalior, Punjab, 564686",2025-09-25 09:01:53
ef5db078-44cf-4815-9dee-ec8b0514de7f,Varanasi Storage Hub 95,VAR-ST-95,"76, Sabharwal Road, Varanasi, Punjab, 428400",2025-05-10 09:01:53
26782e4b-cbf0-4737-99ed-93a42f003a81,Aurangabad Fulfilment Centre 52,AUR-FU-52,"H.No. 013, Lall Chowk, Aurangabad, Gujarat, 847107",2025-04-16 09:01:53
225b475a-980a-4787-8885-762b89d1b2f2,Mumbai Main Warehouse 93,MUM-MA-93,"823, Din Street, Mumbai, Karnataka, 376223",2025-08-19 09:01:53
71b8ba37-18d1-4ba5-b534-dc01d2503f3c,Surat Sorting Centre 73,SUR-SO-73,"34/501, Majumdar Path, Surat, Bihar, 765786",2026-02-26 09:01:53
10a5ccf5-9152-450c-b606-17a768a2860e,Coimbatore Main Warehouse 91,COI-MA-91,"10, Banik Nagar, Coimbatore, Andhra Pradesh, 911862",2023-06-24 09:01:53
0629c7cc-996f-42f8-b404-6a3eba8c0782,Jodhpur Main Warehouse 56,JOD-MA-56,"47/939, Jhaveri Ganj, Jodhpur, Jharkhand, 402696",2025-05-11 09:01:53
e10ad91f-7537-4ea5-842c-767453b5c26c,Aurangabad Bulk Store 9,AUR-BU-09,"155, Vora Path, Aurangabad, Arunachal Pradesh, 875757",2023-10-11 09:01:53
3ecf906b-c63e-4f21-9286-7047d50d0ab4,Madurai Regional Depot 150,MAD-RE-463,"H.No. 13, Upadhyay Zila, Madurai, Tripura, 823708",2024-10-15 09:01:53
79726579-7ece-431d-b2d1-a7fbc041bbcc,Amritsar Fulfilment Centre 95,AMR-FU-95,"H.No. 44, Wason Marg, Amritsar, Rajasthan, 013813",2024-03-22 09:01:53
1cef900e-e5bb-49e5-99c3-c755b12e924d,Ghaziabad Cold Storage 34,GHA-CO-34,"54/18, Goel Road, Ghaziabad, Punjab, 264570",2024-05-09 09:01:53
1f41f7c3-3dd1-40d9-8b04-a02828fefeae,Hyderabad Regional Depot 23,HYD-RE-23,"H.No. 773, Sur Ganj, Hyderabad, Sikkim, 106536",2024-05-27 09:01:53
ea24dcc0-e969-423e-8fd6-5b2eb8db3e8b,Bhopal Distribution Centre 52,BHO-DI-52,"H.No. 549, Butala Chowk, Bhopal, Goa, 931082",2024-06-18 09:01:53
1ce12560-98ff-4b2d-affe-e450e31496ac,Amritsar Sorting Centre 19,AMR-SO-19,"27, Murthy Chowk, Amritsar, Maharashtra, 604186",2024-03-03 09:01:53
ea66937b-d0e7-4676-8d3c-6f51db56d5a6,Guwahati Main Warehouse 95,GUW-MA-95,"60/95, Rau Marg, Guwahati, West Bengal, 182892",2024-12-26 09:01:53
18f0c5ca-0e8e-43f5-ac8d-aab9ef22d1c0,Srinagar Cold Storage 35,SRI-CO-35,"H.No. 075, Sankar Circle, Srinagar, Jharkhand, 583097",2023-07-20 09:01:53
91f8dd0c-37e7-4844-be4f-30565334353a,Coimbatore Fulfilment Centre 80,COI-FU-80,"H.No. 33, Hora Marg, Coimbatore, Bihar, 928969",2025-08-25 09:01:53
c693f19c-24ae-45c4-8e6b-4918750124ad,Vadodara Fulfilment Centre 88,VAD-FU-88,"H.No. 861, Nagarajan Chowk, Vadodara, Rajasthan, 863454",2024-08-03 09:01:53
e84ba9ff-b256-4687-8622-aa23628dae60,Meerut Sorting Centre 3,MEE-SO-03,"64/22, Saha Nagar, Meerut, Uttar Pradesh, 558300",2025-06-04 09:01:53
b3ebb405-f274-4015-9a69-48f6fffa1903,Ghaziabad Fulfilment Centre 95,GHA-FU-95,"580, Sharma Circle, Ghaziabad, Kerala, 344910",2024-01-08 09:01:53
14184ff7-a479-4448-9bda-58a0aa01cb70,Raipur Sorting Centre 24,RAI-SO-24,"85/34, Khatri Circle, Raipur, Assam, 727783",2023-12-25 09:01:53
1b3b8022-a6e3-4ebb-8e5b-e074b1a7272d,Chandigarh Cold Storage 23,CHA-CO-23,"H.No. 07, Guha, Chandigarh, Chhattisgarh, 816717",2024-10-05 09:01:53
a545e8b7-5a0d-471f-b4ea-f1134bcab91f,Dhanbad Export Hub 89,DHA-EX-89,"11, Kara Nagar, Dhanbad, Jharkhand, 207361",2025-07-30 09:01:53
d6c76a0c-50bc-4d3c-8a1b-8920bdb5f38e,Ludhiana Retail Warehouse 26,LUD-RE-26,"45, Lal Chowk, Ludhiana, Bihar, 918480",2025-07-03 09:01:53
3860b7cb-d193-4677-973d-1517fa91c6f0,Navi Mumbai Distribution Centre 29,NAV-DI-29,"H.No. 000, Kari Zila, Navi Mumbai, Haryana, 214890",2025-07-05 09:01:53
c0162a3d-208f-4e77-9016-20466b5ac681,Delhi Retail Warehouse 30,DEL-RE-30,"H.No. 01, Kota Zila, Delhi, Uttarakhand, 158192",2025-06-04 09:01:53
cf7b7e51-28dc-4cc3-b2ac-e1ed3f0f979b,Ludhiana Fulfilment Centre 81,LUD-FU-81,"72, Mani Road, Ludhiana, Haryana, 645618",2023-09-07 09:01:53
64a4e113-2a2c-40dc-af9e-6073a21c55b4,Kota Fulfilment Centre 7,KOT-FU-07,"46/891, Hayre Path, Kota, Gujarat, 597470",2025-09-10 09:01:53
d3bbd14e-9340-4a4d-a21e-57eeb38d8375,Thane Bulk Store 40,THA-BU-40,"91/487, Goyal Zila, Thane, Tamil Nadu, 833826",2025-12-01 09:01:53
ced3bd3b-b4b9-471d-a91b-fe3904a4a6da,Kanpur Storage Hub 38,KAN-ST-38,"H.No. 61, Singhal, Kanpur, Nagaland, 812666",2024-01-28 09:01:53
2978367f-4afa-4a99-bbf3-8144e376c5fe,Dhanbad Regional Depot 3,DHA-RE-03,"99/169, Dugar, Dhanbad, Telangana, 708665",2024-06-04 09:01:53
94835f0a-4d0d-455f-aa14-b60463d6d4fb,Coimbatore Export Hub 48,COI-EX-48,"48, Prabhu Marg, Coimbatore, Uttarakhand, 759776",2025-08-31 09:01:53
66e67342-aed9-4c34-a932-c0398f12dc4b,Guwahati Retail Warehouse 21,GUW-RE-21,"38, Baral Nagar, Guwahati, Manipur, 068233",2026-01-17 09:01:53
a8a39d86-1e50-4eaf-b80a-0043773f5731,Bhopal Fulfilment Centre 45,BHO-FU-45,"33, Khare, Bhopal, Himachal Pradesh, 412678",2026-01-28 09:01:53
b3307d8e-6565-450b-b3ea-afd6099be3d2,Ghaziabad Distribution Centre 50,GHA-DI-129,"65/70, Korpal Chowk, Ghaziabad, Rajasthan, 460521",2025-07-03 09:01:53
71d66db8-f25a-41d7-9e02-3da6590b097e,Jaipur Cold Storage 13,JAI-CO-13,"32, Kothari Zila, Jaipur, Gujarat, 587892",2023-11-27 09:01:53
816a95d1-f37b-4971-8a48-87c22aa8d877,Delhi Retail Warehouse 91,DEL-RE-91,"88/022, Pal, Delhi, Karnataka, 693088",2025-12-13 09:01:53
d23da4dc-8eb6-4cd5-ac61-cc13847d25c1,Nashik Cold Storage 42,NAS-CO-42,"37/07, Biswas, Nashik, Uttarakhand, 623154",2024-09-13 09:01:53
cc8023cf-7238-44ff-93c9-69da4da37a36,Amritsar Main Warehouse 76,AMR-MA-76,"449, Swamy Zila, Amritsar, Jharkhand, 084867",2023-07-10 09:01:53
6ee8235e-388b-4339-899f-ad0fb111d7d1,Pimpri Main Warehouse 35,PIM-MA-35,"H.No. 172, Wadhwa Road, Pimpri, Rajasthan, 963436",2025-10-10 09:01:53
1afa892f-9d52-49d3-a7c0-d751406adfc0,Surat Regional Depot 44,SUR-RE-44,"H.No. 09, Chawla Road, Surat, Maharashtra, 672408",2025-02-05 09:01:53
add327f5-6b3d-42f2-8958-ffd7b88e077b,Vadodara Distribution Centre 11,VAD-DI-11,"62/87, Chacko Nagar, Vadodara, Tamil Nadu, 215667",2024-07-15 09:01:53
2f7eb10b-00f1-4c75-a542-10a5fac69f8f,Vijayawada Storage Hub 48,VIJ-ST-48,"H.No. 191, Shroff Circle, Vijayawada, Bihar, 104599",2023-12-03 09:01:53
d6988f27-4565-4d30-9e76-31064e31cfcd,Nashik Distribution Centre 17,NAS-DI-17,"20/71, Bains Circle, Nashik, Chhattisgarh, 131896",2025-04-20 09:01:53
ca7a80e3-b525-48c9-97eb-68a671f62b21,Thane Export Hub 5,THA-EX-05,"H.No. 503, Rajan Road, Thane, Bihar, 734174",2023-07-25 09:01:53
5e964a41-a89b-49b1-b2e3-1b8a947da481,Amritsar Export Hub 10,AMR-EX-10,"H.No. 465, Mital Path, Amritsar, Karnataka, 233559",2024-07-22 09:01:53
ed92cf8a-ce2d-4f62-954b-74dafff22453,Kolkata Fulfilment Centre 94,KOL-FU-94,"H.No. 649, Palla Zila, Kolkata, Rajasthan, 630363",2023-06-21 09:01:53
8ddfb3d9-654d-45da-bbc1-242252290552,Agra Main Warehouse 45,AGR-MA-45,"864, Ratta Circle, Agra, Karnataka, 074435",2024-03-12 09:01:53
24f69761-fa4c-4aed-bb1e-a635f17bea77,Hubli Fulfilment Centre 94,HUB-FU-94,"501, Chahal, Hubli, Maharashtra, 364706",2024-04-08 09:01:53
5146664c-17c3-4658-9ab8-ef2075a5dc75,Vadodara Sorting Centre 33,VAD-SO-33,"69/677, Chaudhary Circle, Vadodara, Uttarakhand, 414524",2023-08-04 09:01:53
7d4b3f87-0fb3-40f5-b465-524b787ac20d,Mysuru Distribution Centre 79,MYS-DI-79,"H.No. 86, Bhattacharyya Road, Mysuru, Sikkim, 350904",2024-03-14 09:01:53
7de3c9c0-a7e9-48a9-bcdc-90d82fda307d,Dhanbad Distribution Centre 43,DHA-DI-43,"518, Baral Road, Dhanbad, Madhya Pradesh, 929465",2024-04-05 09:01:53
25188102-612a-47a6-ac90-8ff359879660,Amritsar Cold Storage 46,AMR-CO-46,"H.No. 327, Bawa Zila, Amritsar, Arunachal Pradesh, 991264",2024-10-22 09:01:53
961c93f1-3d5e-4129-b0ff-41918481c1e6,Pune Bulk Store 56,PUN-BU-56,"847, Chaudhari Nagar, Pune, Odisha, 050916",2023-12-19 09:01:53
7bc94864-708c-4ca6-9f31-07981117d1bc,Thane Storage Hub 66,THA-ST-66,"392, Raman Ganj, Thane, Chhattisgarh, 932865",2024-06-06 09:01:53
262832a2-c945-4357-af53-358fc8265f39,Madurai Storage Hub 36,MAD-ST-36,"11, Ganguly, Madurai, Tamil Nadu, 912830",2025-01-19 09:01:53
2db6fe72-80ff-4e5f-946a-bcd082cf58a7,Bhopal Main Warehouse 56,BHO-MA-56,"H.No. 623, Chowdhury Circle, Bhopal, Mizoram, 924516",2025-11-11 09:01:53
88557c0a-0c98-43ad-9236-e2c91dd002f9,Hubli Bulk Store 18,HUB-BU-18,"91, Sengupta Chowk, Hubli, Madhya Pradesh, 960791",2023-10-31 09:01:53
d3570acb-4bde-4c3d-abc3-8019f4b288e8,Chennai Export Hub 85,CHE-EX-85,"H.No. 729, Khalsa Street, Chennai, Haryana, 913353",2025-03-06 09:01:53
9fc3bea8-969a-4c41-8259-2ec47d132170,Guwahati Bulk Store 31,GUW-BU-31,"H.No. 535, Ganesh Marg, Guwahati, Tamil Nadu, 245040",2025-04-25 09:01:53
a58bebab-6586-462d-af9c-6baf3f943b57,Jaipur Main Warehouse 1,JAI-MA-01,"41/47, Chana Chowk, Jaipur, Tripura, 828982",2024-11-30 09:01:53
e5d4f60d-0276-4d10-9530-e924355d9612,Varanasi Distribution Centre 41,VAR-DI-41,"H.No. 824, Raju Road, Varanasi, Nagaland, 163629",2026-01-31 09:01:53
839a19b9-8fda-4c33-8e40-883a7aa440ce,Patna Storage Hub 8,PAT-ST-08,"03, Sankar Circle, Patna, West Bengal, 732232",2025-04-27 09:01:53
0fbb24c9-d865-4410-af71-60a10a883d24,Gwalior Export Hub 85,GWA-EX-85,"426, Sethi Ganj, Gwalior, West Bengal, 681254",2025-02-13 09:01:53
38bdfdfe-ce6c-4260-87a6-8075bee4853c,Navi Mumbai Cold Storage 86,NAV-CO-86,"H.No. 452, Sundaram Circle, Navi Mumbai, Uttarakhand, 759044",2024-05-16 09:01:53
15968fee-10b4-41c4-bb40-2bf5ff542479,Rajkot Sorting Centre 58,RAJ-SO-58,"41, Samra Chowk, Rajkot, Jharkhand, 441057",2024-11-28 09:01:53
ab8efc33-56f2-4960-9c1b-a314b91b7452,Chennai Regional Depot 25,CHE-RE-25,"40/65, Palla Street, Chennai, Gujarat, 932444",2024-04-11 09:01:53
282c0c6d-399f-4bcc-bbc8-15483ca71408,Indore Bulk Store 4,IND-BU-04,"83/451, Pillay, Indore, Karnataka, 897754",2023-08-23 09:01:53
696401c8-ed72-4fad-ab8b-67c1aeb4916f,Navi Mumbai Main Warehouse 96,NAV-MA-96,"28, Nagy Zila, Navi Mumbai, Sikkim, 066250",2024-01-21 09:01:53
da9e307e-a91f-4500-b3b1-8887c0822c63,Jabalpur Main Warehouse 14,JAB-MA-14,"H.No. 622, Mital Nagar, Jabalpur, Gujarat, 714948",2026-01-28 09:01:53
ea47721e-9f74-43b0-831f-194e2f977787,Kolkata Regional Depot 98,KOL-RE-98,"24, Krishna Circle, Kolkata, Odisha, 615283",2024-02-01 09:01:53
712a9c3a-9e55-4a65-bcd6-2def88a459cc,Rajkot Distribution Centre 7,RAJ-DI-07,"H.No. 568, Behl Street, Rajkot, West Bengal, 820780",2024-02-23 09:01:53
a5d49948-96a6-42d4-a8b8-da795e098c81,Indore Sorting Centre 20,IND-SO-20,"88/22, Dayal Nagar, Indore, Kerala, 109423",2024-11-02 09:01:53
e46318c6-e509-4701-a561-8f2cc0098cf7,Navi Mumbai Export Hub 65,NAV-EX-65,"54/791, Bawa Ganj, Navi Mumbai, Telangana, 792990",2024-08-21 09:01:53
6e7f7d68-2e55-4f70-84c1-56c2582dbfdf,Ahmedabad Export Hub 77,AHM-EX-77,"510, Ganesh Nagar, Ahmedabad, Goa, 982579",2025-08-14 09:01:53
9663c10e-250e-4fd7-8223-53088d3b9b1c,Bengaluru Regional Depot 51,BEN-RE-51,"88/35, Krishna, Bengaluru, Gujarat, 603224",2024-05-11 09:01:53
ede4d5bd-c669-4668-b0c0-42d8f4fa02a0,Pune Bulk Store 32,PUN-BU-32,"H.No. 807, Balay Chowk, Pune, Andhra Pradesh, 781715",2024-08-23 09:01:53
1a89f01f-44e3-487c-8c0f-4da6fa6cefcb,Allahabad Distribution Centre 53,ALL-DI-53,"H.No. 685, Memon Street, Allahabad, Madhya Pradesh, 888959",2023-06-28 09:01:53
49dc66c9-1ee5-442e-90d5-323b6dc1928e,Navi Mumbai Retail Warehouse 549,NAV-RE-752,"085, Parmar Zila, Navi Mumbai, Assam, 286600",2025-03-19 09:01:53
30209989-4515-4354-a99d-d7c0b5a0b525,Kolkata Export Hub 88,KOL-EX-88,"99/74, Mand, Kolkata, Bihar, 715903",2025-03-18 09:01:53
148b6c15-c4ef-4d3a-82e6-1f9ec4e0b54d,Rajkot Sorting Centre 359,RAJ-SO-643,"48, Kothari Chowk, Rajkot, Meghalaya, 590125",2026-02-06 09:01:53
d725ec8d-559e-4f7c-a48f-0da3d85b12fb,Raipur Sorting Centre 49,RAI-SO-49,"96/84, Jani Circle, Raipur, Himachal Pradesh, 297867",2025-04-06 09:01:53
6b34ee41-91bf-449f-a599-a0e041a30a6f,Meerut Export Hub 69,MEE-EX-69,"H.No. 542, Nori, Meerut, Sikkim, 719477",2024-01-28 09:01:53
8a69b8cc-2ac3-4e5d-81f2-1ca01ecebd53,Lucknow Bulk Store 62,LUC-BU-62,"H.No. 071, Chacko, Lucknow, Telangana, 353363",2025-09-15 09:01:53
f25c4962-ce6c-469e-9511-b1146a8f4920,Allahabad Main Warehouse 491,ALL-MA-973,"H.No. 92, Singhal Zila, Allahabad, Goa, 405155",2025-10-06 09:01:53
c0402ab3-e6df-44d5-b5e9-91036d0c1d2e,Guwahati Retail Warehouse 844,GUW-RE-002,"86/63, Magar Zila, Guwahati, Sikkim, 870611",2024-03-03 09:01:53
75aded0b-4a8e-434b-bcec-64c954397923,Jodhpur Export Hub 15,JOD-EX-15,"H.No. 42, Chowdhury Zila, Jodhpur, West Bengal, 949192",2024-04-24 09:01:53
615c29bb-4add-4d8d-b579-51d046e73100,Raipur Regional Depot 58,RAI-RE-58,"65/951, Jha Chowk, Raipur, Haryana, 664814",2025-10-07 09:01:53
0de039af-ca17-4195-b452-a7a1595fce41,Jodhpur Fulfilment Centre 59,JOD-FU-59,"137, Bajaj Road, Jodhpur, Tripura, 198011",2025-08-11 09:01:53
c4da1e34-9304-4158-8687-ba1396191f95,Agra Bulk Store 37,AGR-BU-37,"H.No. 638, Golla Street, Agra, Himachal Pradesh, 326549",2026-02-24 09:01:53
71f4dcd0-03af-4520-9f4b-6fd29c12a43a,Aurangabad Export Hub 29,AUR-EX-29,"51/898, Sur Zila, Aurangabad, Mizoram, 517915",2024-02-29 09:01:53
6af75976-9b63-40d0-bd61-c2599ae71082,Solapur Main Warehouse 69,SOL-MA-69,"H.No. 36, Baria, Solapur, Rajasthan, 459489",2025-07-30 09:01:53
66f12ddb-215c-4f27-b3cf-5616361923bb,Hyderabad Bulk Store 78,HYD-BU-78,"049, Bawa Road, Hyderabad, Mizoram, 910069",2024-12-15 09:01:53
f075532f-12fd-4b43-a107-9a789b943a3b,Allahabad Sorting Centre 75,ALL-SO-75,"H.No. 69, Chander Circle, Allahabad, Punjab, 331679",2024-06-09 09:01:53
5e85ea0b-133a-43ce-923a-808e4d034b6f,Coimbatore Cold Storage 14,COI-CO-14,"664, Khanna Nagar, Coimbatore, Tamil Nadu, 750599",2024-05-27 09:01:53
6078b655-97d8-4c2b-9c89-bd0afa66d21d,Visakhapatnam Cold Storage 37,VIS-CO-37,"06/40, D’Alia Circle, Visakhapatnam, Arunachal Pradesh, 710917",2024-06-30 09:01:53
b210e3b6-706d-473d-bcee-27c1901301de,Howrah Fulfilment Centre 53,HOW-FU-53,"65/10, Gaba Path, Howrah, Uttarakhand, 865374",2024-11-27 09:01:53
a44bfc40-1592-4f9b-a2ac-1dfc28957c5b,Kolkata Regional Depot 50,KOL-RE-50,"45/58, Guha Ganj, Kolkata, Assam, 665493",2024-11-07 09:01:53
20c0c848-b633-423d-a014-8af8cd975439,Visakhapatnam Sorting Centre 5,VIS-SO-05,"H.No. 78, Divan Zila, Visakhapatnam, Tripura, 888107",2023-07-22 09:01:53
020b9062-77fc-44b2-b3be-b59ec9399dde,Varanasi Bulk Store 68,VAR-BU-68,"86/320, Shetty Zila, Varanasi, Arunachal Pradesh, 078176",2024-10-03 09:01:53
b69d05e0-ba9a-412c-a42c-b83b9d13a4ed,Solapur Bulk Store 58,SOL-BU-58,"325, Wali Path, Solapur, Nagaland, 191277",2025-02-26 09:01:53
6ac81a46-4850-45ff-80c6-3f0829dfc830,Chennai Export Hub 44,CHE-EX-44,"15, Balan Zila, Chennai, Manipur, 424676",2024-01-23 09:01:53
8e1ff0b1-cbc0-4ff1-a6bd-dbd39edb59c5,Amritsar Distribution Centre 436,AMR-DI-312,"00/425, Sawhney, Amritsar, Maharashtra, 712544",2025-03-17 09:01:53
de83d641-6f7c-4bed-ad33-946503003831,Varanasi Main Warehouse 45,VAR-MA-45,"H.No. 84, Pandit Chowk, Varanasi, Assam, 149901",2024-04-29 09:01:53
d36b0fa4-4c1f-45cc-ac7a-f62d1a6a540a,Gwalior Cold Storage 52,GWA-CO-52,"40/905, Mital Road, Gwalior, Jharkhand, 252165",2025-08-14 09:01:53
146fb5ab-6f4b-4bf5-9f04-ec038f0b47b7,Vadodara Fulfilment Centre 97,VAD-FU-97,"897, Bava Ganj, Vadodara, Manipur, 667524",2025-12-13 09:01:53
9d300e96-3de6-4a14-8b3d-d8709c216cb3,Navi Mumbai Main Warehouse 81,NAV-MA-81,"42/031, Srivastava Path, Navi Mumbai, Odisha, 065811",2024-05-12 09:01:53
6d54d193-3927-41ed-8519-7e9a155018ad,Srinagar Fulfilment Centre 955,SRI-FU-151,"450, Sarma Chowk, Srinagar, Nagaland, 635096",2026-02-26 09:01:53
a3a20810-5f59-4ecf-acbd-1fd4a480c19d,Solapur Main Warehouse 18,SOL-MA-18,"80/192, Sharaf Street, Solapur, Bihar, 623935",2025-03-22 09:01:53
751d0101-ab75-4500-97cf-d80e414b91c8,Allahabad Cold Storage 55,ALL-CO-55,"601, Sem Chowk, Allahabad, Goa, 558132",2025-04-09 09:01:53
5b120d06-fcd0-4315-8987-e7df4ab12347,Mysuru Fulfilment Centre 31,MYS-FU-31,"13, Lad Path, Mysuru, Chhattisgarh, 018233",2024-01-15 09:01:53
705f3aa1-b357-440c-9222-156b46ab703a,Dhanbad Retail Warehouse 62,DHA-RE-62,"20/025, Bassi Ganj, Dhanbad, Himachal Pradesh, 740718",2023-12-22 09:01:53
a3538af9-4538-4968-bc72-d5d9bc2f7b93,Bhopal Main Warehouse 87,BHO-MA-87,"53/311, Raval Path, Bhopal, Jharkhand, 562875",2025-08-22 09:01:53
e67804db-fc58-483e-b598-f65009e4de61,Ahmedabad Bulk Store 64,AHM-BU-64,"184, Khalsa Circle, Ahmedabad, Haryana, 492152",2024-04-09 09:01:53
15b0c09a-c428-4660-970c-866c54ddfe5b,Howrah Retail Warehouse 14,HOW-RE-607,"96/458, Bhatnagar Chowk, Howrah, Madhya Pradesh, 393032",2024-01-03 09:01:53
56a90c6e-397b-4e46-b8f9-946273e4df75,Lucknow Bulk Store 14,LUC-BU-14,"168, Batra Circle, Lucknow, Manipur, 182155",2025-02-27 09:01:53
0f8d068b-9876-4ebd-9fca-6696f10ebcf5,Patna Export Hub 62,PAT-EX-62,"41, Pillai Street, Patna, Bihar, 188334",2024-04-24 09:01:53
f627a83c-3412-4369-8382-e4016c611e35,Surat Main Warehouse 14,SUR-MA-14,"H.No. 179, Modi Zila, Surat, Himachal Pradesh, 576696",2025-10-18 09:01:53
6fcf015a-1979-46f2-85aa-4532f11e6891,Visakhapatnam Main Warehouse 18,VIS-MA-18,"536, Chauhan Chowk, Visakhapatnam, Bihar, 120345",2023-07-12 09:01:53
d85d66b8-5291-4f64-a4d5-c74a0bfa2f83,Nashik Regional Depot 44,NAS-RE-44,"74/175, Padmanabhan Marg, Nashik, West Bengal, 300224",2025-04-20 09:01:53
543a7889-ccdf-4ffd-b404-ef28de0dba39,Delhi Main Warehouse 44,DEL-MA-44,"237, Rau Zila, Delhi, Madhya Pradesh, 333519",2025-05-16 09:01:53
e99d1df1-7e86-491a-9201-902a39c1aa5e,Jabalpur Main Warehouse 65,JAB-MA-65,"97/21, Biswas Zila, Jabalpur, Karnataka, 927099",2024-02-11 09:01:53
428f1c4c-d21e-4e37-b9c1-838ca9f8178e,Solapur Main Warehouse 86,SOL-MA-86,"067, Kunda Marg, Solapur, Chhattisgarh, 117310",2024-08-14 09:01:53
13dc45b6-ad65-4939-bd66-905b2bbb87d1,Jabalpur Export Hub 27,JAB-EX-27,"H.No. 091, Lala Nagar, Jabalpur, Madhya Pradesh, 052049",2024-08-10 09:01:53
99f39352-9b39-4b0a-ad33-f94ebacefcd1,Amritsar Bulk Store 81,AMR-BU-81,"H.No. 66, Rattan Circle, Amritsar, Tamil Nadu, 103895",2024-11-30 09:01:53
e0e72760-a580-48fa-9d57-8d3ea36087f0,Bhopal Export Hub 66,BHO-EX-66,"722, Wagle Chowk, Bhopal, Haryana, 902532",2024-11-10 09:01:53
162576ab-5514-4c5c-8945-3e6312bfbdf0,Jaipur Regional Depot 49,JAI-RE-49,"H.No. 48, Bains Circle, Jaipur, Meghalaya, 965776",2025-12-05 09:01:53
4b42d24f-94b6-449a-8883-647e7bf43fb5,Meerut Fulfilment Centre 2,MEE-FU-02,"H.No. 43, Pandey, Meerut, Punjab, 891463",2025-08-19 09:01:53
dea774be-5198-4c91-af94-5e5450973ae9,Tiruchirappalli Regional Depot 32,TIR-RE-32,"H.No. 245, Lad Ganj, Tiruchirappalli, Manipur, 911608",2024-09-22 09:01:53
68a78b7c-403e-4656-90c9-8a16ab2d640a,Thane Main Warehouse 4,THA-MA-04,"H.No. 78, Dugar Zila, Thane, Chhattisgarh, 344944",2026-02-12 09:01:53
1227ac2a-5b2d-431b-bd00-312ea15858c0,Jabalpur Distribution Centre 229,JAB-DI-321,"48, Vohra Road, Jabalpur, Kerala, 944514",2025-10-04 09:01:53
75c6a005-261f-4f41-b798-56d56f60fb90,Vijayawada Regional Depot 80,VIJ-RE-960,"157, Chander Street, Vijayawada, Himachal Pradesh, 607133",2025-07-26 09:01:53
a7a035d0-06c4-4913-a13d-fb47be1f8724,Delhi Retail Warehouse 89,DEL-RE-89,"14/38, Sastry Street, Delhi, Madhya Pradesh, 612395",2023-06-21 09:01:53
7b8bfe04-161a-433b-b642-e321e41bad81,Guwahati Regional Depot 14,GUW-RE-449,"H.No. 45, Nayak Street, Guwahati, Telangana, 372067",2024-08-10 09:01:53
d392b7e8-fd6d-4e59-b5c3-971737b70adf,Coimbatore Bulk Store 41,COI-BU-41,"30, Sharma, Coimbatore, Nagaland, 399346",2025-06-10 09:01:53
722a2285-8204-4800-9771-1d966de89c55,Rajkot Bulk Store 20,RAJ-BU-20,"62/07, Kala Path, Rajkot, Odisha, 919382",2024-10-06 09:01:53
fa3826ee-d79d-4a1b-88f3-889d2fdb073d,Vijayawada Retail Warehouse 89,VIJ-RE-89,"91/83, Arya Path, Vijayawada, Manipur, 984855",2025-08-27 09:01:53
e8c87d4a-1be3-4007-b57b-194e4d5c9142,Agra Distribution Centre 67,AGR-DI-67,"H.No. 506, Dani Circle, Agra, Kerala, 146278",2024-07-02 09:01:53
5d7886a6-5e62-4a2d-8eda-bb2bff7c7fc9,Faridabad Storage Hub 19,FAR-ST-19,"H.No. 66, Bora Street, Faridabad, Meghalaya, 272438",2025-04-04 09:01:53
a4f2e521-6406-4fae-8406-387badaa954f,Surat Retail Warehouse 42,SUR-RE-42,"H.No. 445, Panchal Marg, Surat, Assam, 997530",2024-06-05 09:01:53
be331087-8a16-4a2e-96d2-f4b25fd2c559,Meerut Main Warehouse 1,MEE-MA-01,"H.No. 446, Kohli Ganj, Meerut, Nagaland, 554501",2025-09-26 09:01:53
4196f756-b522-40c2-a91a-394105fd5d7f,Jaipur Fulfilment Centre 5,JAI-FU-05,"221, Verma, Jaipur, Rajasthan, 813120",2025-11-02 09:01:53
102c5b73-116a-4d94-a399-64fa8120ae17,Thane Regional Depot 5,THA-RE-05,"H.No. 93, Venkatesh Nagar, Thane, Punjab, 092220",2025-02-26 09:01:53
d697b475-c309-45dc-96c5-db13d8c9cab1,Faridabad Retail Warehouse 58,FAR-RE-58,"417, Reddy Marg, Faridabad, Uttar Pradesh, 068382",2023-10-23 09:01:53
445ea62d-ddcc-4f33-b323-896dab3dc17d,Ahmedabad Storage Hub 81,AHM-ST-676,"26/67, Bhasin Road, Ahmedabad, Sikkim, 097735",2025-03-02 09:01:53
eed2d737-7118-4929-8f52-cf8d5679bead,Allahabad Sorting Centre 95,ALL-SO-95,"49/625, Palla, Allahabad, Odisha, 121355",2026-01-29 09:01:53
44830eae-ba81-4de2-949f-1dce5a71a2ac,Visakhapatnam Distribution Centre 67,VIS-DI-67,"012, Kapadia Path, Visakhapatnam, Himachal Pradesh, 646693",2023-10-25 09:01:53
6de6e399-6d1b-49fd-954d-48f798efad1d,Jodhpur Storage Hub 883,JOD-ST-520,"06, Narasimhan Chowk, Jodhpur, Maharashtra, 403148",2023-09-23 09:01:53
3fcad3fc-055f-46c7-9062-27de41788218,Mumbai Cold Storage 9,MUM-CO-09,"211, Lad, Mumbai, Uttar Pradesh, 720555",2025-01-16 09:01:53
29f29c06-6f07-444f-9232-5365f790f42c,Meerut Bulk Store 6,MEE-BU-06,"216, Nair Circle, Meerut, Uttarakhand, 502694",2024-03-18 09:01:53
337ae719-0ac7-4e4b-bb04-63014ef740ac,Ranchi Distribution Centre 24,RAN-DI-24,"H.No. 05, Joshi Circle, Ranchi, Telangana, 072288",2025-08-04 09:01:53
5688905c-fbc7-4d71-8b8b-4c6013061bf2,Jabalpur Storage Hub 63,JAB-ST-63,"H.No. 99, Doctor Ganj, Jabalpur, Uttar Pradesh, 689801",2024-09-21 09:01:53
fcc584bd-3f42-47d6-9008-295691d8e903,Howrah Regional Depot 99,HOW-RE-99,"H.No. 652, Padmanabhan Circle, Howrah, Jharkhand, 305236",2025-06-05 09:01:53
b87ce072-3062-4ac5-ba05-aa4bc68708df,Amritsar Sorting Centre 5,AMR-SO-05,"H.No. 416, Saxena Ganj, Amritsar, Andhra Pradesh, 274200",2024-07-25 09:01:53
0657b697-93cc-4ecf-b0c6-4a03e5546915,Howrah Bulk Store 25,HOW-BU-25,"50/294, Savant Nagar, Howrah, Odisha, 977881",2025-01-12 09:01:53
c30a7669-7a54-4e6c-ad14-9a2f19e57029,Kolkata Cold Storage 18,KOL-CO-18,"H.No. 485, Chaudhry, Kolkata, Kerala, 542487",2024-11-14 09:01:53
2a2d00e1-3b23-4414-9022-b0e063659c8e,Meerut Sorting Centre 42,MEE-SO-42,"40/41, Tata Road, Meerut, Bihar, 088779",2023-11-16 09:01:53
abaaa087-c69b-4320-980e-2abfd6bc0793,Howrah Regional Depot 39,HOW-RE-39,"H.No. 15, Dyal Marg, Howrah, Chhattisgarh, 379016",2025-05-08 09:01:53
9fee2d25-18ba-4a28-87d6-03446ed087ec,Surat Main Warehouse 19,SUR-MA-19,"84/04, Raval Chowk, Surat, Tamil Nadu, 309947",2025-10-02 09:01:53
50dc4b3f-572e-4005-a1a5-5b866a87a540,Visakhapatnam Export Hub 20,VIS-EX-20,"91/415, Grewal, Visakhapatnam, Tripura, 276774",2025-06-30 09:01:53
b7f57e23-2596-4168-bba1-4ac86f616bbb,Ranchi Export Hub 51,RAN-EX-51,"H.No. 653, Mammen Chowk, Ranchi, Maharashtra, 785637",2025-08-31 09:01:53
e60df105-5a73-4a7b-b391-973c12d3f759,Solapur Distribution Centre 32,SOL-DI-32,"H.No. 643, Bir Marg, Solapur, Rajasthan, 168595",2023-10-07 09:01:53
e92aedc0-f794-4d8c-8603-318dff713ac3,Aurangabad Fulfilment Centre 60,AUR-FU-60,"417, Sani Zila, Aurangabad, Mizoram, 478256",2025-12-26 09:01:53
fee7d323-69b8-476e-9078-2658c3070be2,Vadodara Cold Storage 6,VAD-CO-06,"34/325, Anne Zila, Vadodara, Bihar, 028831",2025-07-26 09:01:53
ca6b26c7-3276-42e5-8ab7-800d7bb75c07,Chennai Distribution Centre 69,CHE-DI-69,"H.No. 91, Bose Road, Chennai, Arunachal Pradesh, 120174",2026-02-10 09:01:53
2ff82d52-9c82-491f-b505-47ea0302bbc4,Chandigarh Storage Hub 49,CHA-ST-49,"48, Munshi Zila, Chandigarh, Sikkim, 961942",2024-04-18 09:01:53
8de146a3-e9d2-4864-b463-db3a906b774f,Faridabad Sorting Centre 16,FAR-SO-16,"802, Gera Zila, Faridabad, Himachal Pradesh, 824708",2023-08-15 09:01:53
049c67e1-23b6-447f-9fa1-ea72c3ed4661,Visakhapatnam Distribution Centre 78,VIS-DI-78,"H.No. 709, Shenoy Street, Visakhapatnam, Mizoram, 743642",2024-01-24 09:01:53
c607730d-2275-4d5e-9241-69cab645dcfc,Bhopal Sorting Centre 53,BHO-SO-53,"H.No. 42, Shenoy Road, Bhopal, Arunachal Pradesh, 691546",2026-03-08 09:01:53
5ee6c06a-df72-4d06-ac95-b8693c8979b0,Faridabad Distribution Centre 4,FAR-DI-04,"69, Agarwal Street, Faridabad, Meghalaya, 972231",2025-06-17 09:01:53
fd98eaa9-39cc-4573-ad00-3877ff8bf20e,Aurangabad Distribution Centre 65,AUR-DI-65,"87/086, Joshi Ganj, Aurangabad, Uttarakhand, 453975",2024-08-10 09:01:53
4b8acb79-6761-46d3-a89a-643c0c2b40aa,Hubli Distribution Centre 14,HUB-DI-14,"H.No. 829, Iyer Nagar, Hubli, Mizoram, 698028",2023-12-01 09:01:53
6e26acce-38b9-4092-a636-3e85fec97f2e,Jabalpur Sorting Centre 17,JAB-SO-17,"H.No. 40, Seshadri Street, Jabalpur, Mizoram, 626849",2024-02-22 09:01:53
8631b7f9-1098-45a4-baf5-ec8f4a018432,Ghaziabad Bulk Store 85,GHA-BU-85,"H.No. 14, Bhakta Chowk, Ghaziabad, Himachal Pradesh, 751537",2024-04-21 09:01:53
2c24c674-8f84-48c0-b701-62fbb9be371e,Gwalior Storage Hub 39,GWA-ST-39,"92/606, Zacharia Nagar, Gwalior, Tripura, 382000",2024-03-01 09:01:53
e7bce4ee-87e7-4f73-8f50-5562a0ba08ec,Amritsar Bulk Store 72,AMR-BU-72,"29/780, Subramaniam Marg, Amritsar, Telangana, 465530",2024-08-26 09:01:53
f729ef63-2b06-4ce4-85e5-26583d0cee31,Raipur Fulfilment Centre 38,RAI-FU-38,"22/22, Datta Zila, Raipur, Mizoram, 690358",2026-01-09 09:01:53
9b77aa77-d007-4d89-90bc-677750794f71,Bengaluru Fulfilment Centre 34,BEN-FU-34,"223, Talwar Street, Bengaluru, Chhattisgarh, 442416",2025-12-24 09:01:53
676d39a9-7fcd-4071-b37b-5d0f40c38cb0,Pimpri Distribution Centre 26,PIM-DI-26,"H.No. 838, Bumb Circle, Pimpri, Himachal Pradesh, 822332",2024-01-31 09:01:53
038cff23-43a8-47c4-862b-ae308ce7a06b,Chennai Export Hub 14,CHE-EX-14,"846, Dar Marg, Chennai, Punjab, 108186",2025-11-21 09:01:53
62e8fa6d-44c4-4699-a359-23d83bed5ee4,Howrah Distribution Centre 40,HOW-DI-40,"213, Sehgal Ganj, Howrah, Tripura, 214554",2026-03-05 09:01:53
d3560ed0-3612-436b-9cd3-7003e02b347c,Ludhiana Distribution Centre 90,LUD-DI-90,"H.No. 72, Sridhar Street, Ludhiana, Andhra Pradesh, 489974",2024-03-24 09:01:53
ed0af892-6da4-4726-b82a-32473b41dbce,Thane Storage Hub 41,THA-ST-41,"H.No. 22, Sethi Path, Thane, Gujarat, 374850",2024-06-01 09:01:53
0a46adc0-3e65-4fb8-9011-ec90e7ccf9c9,Pune Retail Warehouse 76,PUN-RE-76,"37/43, Bedi Street, Pune, Tripura, 608307",2024-04-29 09:01:53
f039d944-707d-4f1d-aca1-fa0d93ee294b,Mumbai Regional Depot 40,MUM-RE-40,"36, Subramanian Marg, Mumbai, Tripura, 859877",2024-12-08 09:01:53
ab03a442-27a9-4b44-95c0-e24de88fe8e0,Bengaluru Export Hub 47,BEN-EX-47,"H.No. 573, Kaul Ganj, Bengaluru, Karnataka, 837902",2025-01-14 09:01:53
047aca0e-2108-469c-a91d-7628b477d71f,Mumbai Sorting Centre 96,MUM-SO-96,"894, Narain Nagar, Mumbai, Maharashtra, 761927",2025-06-06 09:01:53
46d33888-258e-463a-b8c5-bc4423b22f88,Hyderabad Bulk Store 59,HYD-BU-59,"81/207, Rattan, Hyderabad, Chhattisgarh, 809952",2025-12-02 09:01:53
bfa7c6e5-e239-45e1-8d50-4bb5e5c2b135,Patna Export Hub 59,PAT-EX-59,"427, Sandhu Path, Patna, Bihar, 372017",2024-09-21 09:01:53
c4828d34-4417-4925-8e69-a875cacb17d0,Indore Distribution Centre 3,IND-DI-03,"01/175, Natarajan Path, Indore, Tamil Nadu, 774735",2025-08-24 09:01:53
0009833e-598a-489f-a5c4-41e99726f5f0,Ahmedabad Regional Depot 46,AHM-RE-46,"H.No. 067, Mishra Road, Ahmedabad, Himachal Pradesh, 716778",2024-01-23 09:01:53
1eba987c-c287-4ccf-8405-6f7b2d0b2c1d,Faridabad Regional Depot 41,FAR-RE-41,"80/302, Deshmukh Road, Faridabad, Haryana, 083341",2024-11-14 09:01:53
4cd5e2cf-d8ae-49d2-a371-cfc20fec596e,Jaipur Storage Hub 59,JAI-ST-59,"71/55, Hayre Nagar, Jaipur, Punjab, 038035",2025-04-13 09:01:53
6d343a19-6128-47c0-a67f-79b083d96f52,Raipur Retail Warehouse 77,RAI-RE-77,"H.No. 31, Sastry Ganj, Raipur, Telangana, 129504",2025-06-12 09:01:53
e83ffb10-e6b7-47a6-93b7-7c61e2a3366c,Hyderabad Retail Warehouse 275,HYD-RE-028,"88/19, Tara Circle, Hyderabad, Tamil Nadu, 997322",2025-07-30 09:01:53
b89263dc-5dcd-4983-a783-8b8a7a9a40f4,Indore Retail Warehouse 34,IND-RE-34,"92/780, Dhar, Indore, Mizoram, 986391",2025-06-23 09:01:53
0b48b996-b32c-418f-a670-33f83ae61fa2,Vijayawada Sorting Centre 944,VIJ-SO-993,"06/204, Sharma Marg, Vijayawada, Nagaland, 303816",2024-09-23 09:01:53
458ecdca-ee25-4810-a5ed-4bf4449c9ece,Srinagar Main Warehouse 966,SRI-MA-236,"19/48, Srinivasan Marg, Srinagar, Arunachal Pradesh, 698644",2025-07-05 09:01:53
9784e81e-7d18-4b43-857b-19b444ae0355,Gwalior Distribution Centre 91,GWA-DI-91,"H.No. 91, Panchal Zila, Gwalior, Assam, 154272",2025-07-23 09:01:53
32516423-db44-4e87-a11f-4875d8ca8ee6,Meerut Sorting Centre 37,MEE-SO-37,"H.No. 57, Aurora Ganj, Meerut, Telangana, 808725",2025-12-13 09:01:53
9ef22d8c-fb40-4312-aa62-9a903bafb050,Kanpur Bulk Store 5,KAN-BU-854,"42/30, Edwin Street, Kanpur, Rajasthan, 275215",2025-02-13 09:01:53
7aec58df-59c1-4787-a1ea-83268106a3de,Delhi Fulfilment Centre 22,DEL-FU-22,"723, Dara Zila, Delhi, Tamil Nadu, 341663",2025-01-02 09:01:53
fd715308-9719-4409-956a-d4b6eeee0e1b,Mysuru Retail Warehouse 45,MYS-RE-45,"26/77, Sarna Path, Mysuru, Chhattisgarh, 771984",2025-07-18 09:01:53
ab395233-3011-4010-819f-50b8dcfb32dc,Chennai Export Hub 6,CHE-EX-06,"05, Mitra Ganj, Chennai, Madhya Pradesh, 740968",2025-03-23 09:01:53
c7bbcc69-4145-48b3-add6-c1372c635527,Amritsar Bulk Store 31,AMR-BU-31,"486, Thaman, Amritsar, Meghalaya, 646292",2025-12-15 09:01:53
1b89f647-7733-436e-a60c-d47c74530996,Kota Main Warehouse 11,KOT-MA-11,"17/73, Bahl Marg, Kota, Karnataka, 908110",2026-02-15 09:01:53
9be45e80-6a6b-4338-a82a-ea4a8de06020,Ranchi Sorting Centre 52,RAN-SO-52,"H.No. 077, Khalsa Circle, Ranchi, Bihar, 637419",2024-05-24 09:01:53
86061b7e-a49f-4951-8822-bb3204e5b790,Ludhiana Regional Depot 53,LUD-RE-53,"70/32, Nadkarni Street, Ludhiana, Arunachal Pradesh, 933922",2023-12-30 09:01:53
2bf566ad-4fac-498d-ac17-19db3ed7c1cc,Ahmedabad Storage Hub 232,AHM-ST-406,"44, Lanka Path, Ahmedabad, Sikkim, 447278",2026-02-04 09:01:53
67deb904-d5bc-431b-a448-cbc6ffda55a5,Faridabad Regional Depot 3,FAR-RE-03,"92, Mandal Road, Faridabad, Uttar Pradesh, 717406",2026-01-11 09:01:53
df141137-571d-4df8-acdb-720647650013,Pimpri Retail Warehouse 38,PIM-RE-38,"86, Lal Chowk, Pimpri, Chhattisgarh, 613769",2023-07-15 09:01:53
e62728b1-0f35-4d84-936b-2ba213f6fa0b,Allahabad Bulk Store 60,ALL-BU-60,"23/76, Deep Zila, Allahabad, Karnataka, 087879",2024-07-09 09:01:53
3030eef2-d182-411f-be04-f04a4fd1d01b,Vadodara Export Hub 49,VAD-EX-49,"H.No. 912, Bose Circle, Vadodara, Goa, 263581",2024-01-11 09:01:53
0d54daaa-d470-48b6-a4b2-550cbfba7ec7,Jodhpur Sorting Centre 67,JOD-SO-67,"H.No. 67, Bandi Zila, Jodhpur, Goa, 225193",2024-07-17 09:01:53
7f5ff0e9-2516-4657-a7da-b2bb79437d9b,Pimpri Export Hub 33,PIM-EX-33,"562, Mani Circle, Pimpri, Jharkhand, 728284",2024-10-01 09:01:53
15effb39-f7ca-42d8-bf20-f572b9b0daee,Chennai Retail Warehouse 2,CHE-RE-02,"H.No. 125, Bhardwaj Street, Chennai, Arunachal Pradesh, 320918",2023-09-07 09:01:53
48d37575-1020-44c8-8946-542513450307,Madurai Fulfilment Centre 52,MAD-FU-52,"812, Subramaniam Road, Madurai, Punjab, 667830",2023-12-08 09:01:53
75502933-e692-43fc-b6d4-1bde4b7bde4e,Ahmedabad Main Warehouse 7,AHM-MA-07,"172, Lata, Ahmedabad, Arunachal Pradesh, 751376",2023-08-14 09:01:53
6df8a17e-e335-48ef-88b2-47644bc8d3fb,Aurangabad Retail Warehouse 1,AUR-RE-01,"84/814, Rai Zila, Aurangabad, Meghalaya, 845192",2024-02-02 09:01:53
6d653e8d-0898-4f38-b400-de8e1fe13ed5,Chennai Retail Warehouse 63,CHE-RE-973,"H.No. 849, Palla Marg, Chennai, Haryana, 194056",2023-07-10 09:01:53
364fc3f5-39c0-4d4f-ae9e-9b360da0a3ab,Mysuru Fulfilment Centre 84,MYS-FU-84,"45/93, Bhagat Road, Mysuru, Bihar, 752879",2024-11-07 09:01:53
40b91d4b-0284-455f-a90c-eef07c5d02d5,Ghaziabad Sorting Centre 40,GHA-SO-40,"72/25, Nagi Chowk, Ghaziabad, Arunachal Pradesh, 259312",2024-07-13 09:01:53
cbc5884b-e610-42bb-8350-adde0cec4e9b,Nagpur Fulfilment Centre 5,NAG-FU-05,"725, Mangal Road, Nagpur, Sikkim, 503079",2024-12-15 09:01:53
c68c78ac-6817-4fe9-8f61-8d2f178bfe86,Allahabad Distribution Centre 15,ALL-DI-15,"H.No. 82, Krishnamurthy Path, Allahabad, Uttar Pradesh, 772396",2023-08-04 09:01:53
975caae8-6baa-4291-bb55-2b4829f168a6,Chennai Retail Warehouse 14,CHE-RE-14,"78, Apte Ganj, Chennai, Manipur, 163806",2024-08-04 09:01:53
b6857180-c333-49e4-87d0-2115b90411fe,Guwahati Bulk Store 7,GUW-BU-07,"26, Mistry Chowk, Guwahati, Andhra Pradesh, 737229",2026-02-05 09:01:53
d8d9e685-d2a2-4e53-a62b-a8e367cee71a,Pimpri Sorting Centre 4,PIM-SO-04,"17/648, Kalla Nagar, Pimpri, Madhya Pradesh, 454402",2025-09-21 09:01:53
db057969-cb03-441b-a64c-a602b3cc7bc6,Kolkata Regional Depot 37,KOL-RE-37,"19/56, Bahl Path, Kolkata, Sikkim, 848414",2025-05-18 09:01:53
e966741e-7058-46dc-8254-1da4e92d23a0,Kolkata Cold Storage 43,KOL-CO-43,"22/83, Ratti Path, Kolkata, Arunachal Pradesh, 293511",2023-10-27 09:01:53
52027bc9-41e6-498a-9ac6-24e5aed8928c,Jabalpur Bulk Store 58,JAB-BU-58,"74/863, Kibe Marg, Jabalpur, Nagaland, 584607",2025-06-01 09:01:53
da598080-f7b3-4884-aa2e-3afa17d17813,Thane Fulfilment Centre 30,THA-FU-30,"H.No. 435, Sur Zila, Thane, Kerala, 172610",2024-05-02 09:01:53
ae5f3496-dabd-4cb6-9d0a-1f659c9b7de3,Raipur Export Hub 39,RAI-EX-39,"45/63, Krishna Zila, Raipur, Manipur, 126508",2024-05-04 09:01:53
fe76d412-60aa-49c6-b586-00b31b0a11a4,Coimbatore Bulk Store 90,COI-BU-90,"99/75, Tiwari Path, Coimbatore, Uttarakhand, 379978",2023-08-10 09:01:53
b291e6a8-4690-4e22-930f-e0480642570d,Ludhiana Cold Storage 21,LUD-CO-21,"16/68, Ravel Nagar, Ludhiana, Karnataka, 198887",2025-07-23 09:01:53
1eab1b34-03b3-465d-8e42-26c464f97cea,Coimbatore Distribution Centre 62,COI-DI-62,"H.No. 47, Golla Ganj, Coimbatore, Assam, 785457",2024-01-10 09:01:53
2430110d-75d6-48ee-b412-f777b6e2d020,Kota Main Warehouse 28,KOT-MA-28,"H.No. 77, Ranganathan Nagar, Kota, Arunachal Pradesh, 588348",2024-02-29 09:01:53
e24be61a-a60d-44f1-b886-b751565c8e9a,Thane Cold Storage 32,THA-CO-32,"H.No. 64, Ganesan Ganj, Thane, West Bengal, 541156",2023-08-29 09:01:53
317e76a0-2807-436c-9bef-543c03412fef,Mumbai Main Warehouse 40,MUM-MA-40,"H.No. 27, Behl Chowk, Mumbai, Assam, 626699",2024-06-20 09:01:53
04fdfd24-7264-4bf2-b319-d9fedffac406,Chandigarh Sorting Centre 75,CHA-SO-75,"18/05, Seshadri Street, Chandigarh, Uttar Pradesh, 008546",2025-09-11 09:01:53
88a300c4-35d4-453f-9ff6-0ab479eee3ec,Faridabad Bulk Store 45,FAR-BU-45,"164, Baral Marg, Faridabad, Madhya Pradesh, 493237",2025-08-07 09:01:53
670f4d95-73f0-4526-be24-58fda8b48851,Solapur Bulk Store 92,SOL-BU-92,"H.No. 58, Varma Ganj, Solapur, Mizoram, 331493",2025-11-20 09:01:53
db8c322d-6903-4a45-9620-a261433ecda4,Hubli Sorting Centre 62,HUB-SO-62,"25/485, Gala, Hubli, Mizoram, 066653",2024-05-20 09:01:53
ecb9b2a6-3880-423f-8196-20aa782c9fb8,Aurangabad Fulfilment Centre 466,AUR-FU-222,"H.No. 79, Chahal Chowk, Aurangabad, Arunachal Pradesh, 028100",2023-07-04 09:01:53
568ea7b5-7d81-4ecb-a5e7-7ed1a9c24463,Coimbatore Regional Depot 98,COI-RE-98,"H.No. 326, Rout Marg, Coimbatore, West Bengal, 780886",2025-01-01 09:01:53
618bb674-a741-4c6c-a25a-3dba0ef4da8b,Chandigarh Storage Hub 35,CHA-ST-35,"H.No. 49, Boase, Chandigarh, Madhya Pradesh, 776502",2024-10-12 09:01:53
e7c6ff43-d676-4651-b93b-3dcffc8b31b8,Amritsar Storage Hub 26,AMR-ST-26,"94/250, Dube Zila, Amritsar, Chhattisgarh, 535375",2023-12-24 09:01:53
e4a005f0-fe2b-47ef-9642-fe7307ca9292,Hubli Export Hub 45,HUB-EX-45,"27/19, Rana Chowk, Hubli, Telangana, 162429",2023-10-30 09:01:53
2dc485de-b26f-455d-be99-88991f22ef8d,Allahabad Bulk Store 43,ALL-BU-43,"380, Bava Zila, Allahabad, Tripura, 017744",2023-06-25 09:01:53
e21dc82e-a83a-45a6-b830-2ca778da30aa,Raipur Fulfilment Centre 80,RAI-FU-80,"08, Minhas Ganj, Raipur, Nagaland, 491750",2025-10-08 09:01:53
c80e81a6-69ec-446b-b261-fc4e4548acc4,Dhanbad Bulk Store 71,DHA-BU-71,"83, Deo Zila, Dhanbad, Gujarat, 153497",2024-12-05 09:01:53
8a19c3e9-1bed-4f63-8c45-90bd15e21442,Raipur Distribution Centre 34,RAI-DI-34,"21, Mangat Chowk, Raipur, Assam, 375141",2024-03-26 09:01:53
d241555c-ecbe-4bb3-a993-54b10d855119,Kolkata Fulfilment Centre 36,KOL-FU-36,"48, Rajagopalan Marg, Kolkata, Mizoram, 397327",2024-08-01 09:01:53
922067b1-dd3c-44cd-990c-0da31b2b4276,Nagpur Distribution Centre 98,NAG-DI-98,"60/28, Sachdev Road, Nagpur, Gujarat, 550121",2024-11-06 09:01:53
e9c34e64-1ddd-4818-8ba5-fefcf57195e6,Gwalior Bulk Store 57,GWA-BU-57,"99/149, Pall, Gwalior, Chhattisgarh, 359530",2023-07-29 09:01:53
1e8524ef-9010-4540-bd71-3edafe1d0d1c,Bengaluru Bulk Store 1,BEN-BU-01,"H.No. 965, Sura Road, Bengaluru, Arunachal Pradesh, 944599",2025-03-05 09:01:53
4f76729a-f60e-48d8-a644-d5b9f47582aa,Nashik Export Hub 83,NAS-EX-83,"H.No. 452, Agrawal Zila, Nashik, Chhattisgarh, 388707",2025-12-01 09:01:53
ad1b1f00-420d-4bd9-a93e-3773a01a44af,Dhanbad Fulfilment Centre 41,DHA-FU-41,"H.No. 360, Deep Road, Dhanbad, Assam, 100468",2024-11-26 09:01:53
f328643e-09d9-4aaf-a2a7-4e6ffd8ced5f,Gwalior Storage Hub 16,GWA-ST-16,"97, Dhawan Path, Gwalior, Assam, 084865",2023-09-25 09:01:53
c54c637a-a1c5-497a-98a7-81eb1a90aa78,Guwahati Distribution Centre 50,GUW-DI-50,"H.No. 25, Sant Path, Guwahati, Tamil Nadu, 222905",2025-10-26 09:01:53
b7bcba29-a5b9-454e-a749-8dcf786ef65e,Ludhiana Main Warehouse 715,LUD-MA-831,"H.No. 41, Chakrabarti Chowk, Ludhiana, Andhra Pradesh, 673929",2024-07-21 09:01:53
3706426b-de1f-4c65-9339-8d50f071c062,Howrah Sorting Centre 25,HOW-SO-25,"690, Andra Chowk, Howrah, Uttarakhand, 487235",2023-08-01 09:01:53
60b4fdf1-8efc-46fb-9c1b-43f1acb41eaa,Nashik Regional Depot 51,NAS-RE-51,"38/95, Shere Zila, Nashik, Kerala, 047700",2025-05-09 09:01:53
0ac62cb8-5bea-454d-b64d-81799323bc41,Meerut Fulfilment Centre 76,MEE-FU-76,"H.No. 83, Sekhon Nagar, Meerut, Madhya Pradesh, 732553",2024-09-13 09:01:53
fa3d8483-ab18-453f-8a82-1c706750a6c3,Chandigarh Sorting Centre 16,CHA-SO-105,"27/43, Kaur Circle, Chandigarh, Chhattisgarh, 225063",2023-07-27 09:01:53
382fc009-e13a-48a5-bc8f-82da8c1ef738,Patna Cold Storage 47,PAT-CO-47,"H.No. 83, Keer Chowk, Patna, Telangana, 301464",2024-11-02 09:01:53
4d741bdc-c310-4c1b-9a48-4f372646dafb,Mumbai Fulfilment Centre 77,MUM-FU-77,"75, Kothari Nagar, Mumbai, Mizoram, 954185",2024-03-10 09:01:53
be24c05c-1bdc-4fc1-a771-b63499318a83,Bhopal Regional Depot 136,BHO-RE-487,"20/397, Bassi Zila, Bhopal, Uttarakhand, 044330",2024-04-01 09:01:53
af9b83ec-755b-4153-b3d6-06c07e14131b,Ahmedabad Export Hub 51,AHM-EX-51,"H.No. 09, Bera Circle, Ahmedabad, Uttarakhand, 409600",2025-01-31 09:01:53
9da13ebb-3d58-4246-bc2d-55a1b8190675,Hubli Sorting Centre 20,HUB-SO-20,"87/684, Ramanathan Circle, Hubli, Kerala, 842252",2025-03-09 09:01:53
c9d300fb-ca6a-4b99-9664-51bb0dc7bd96,Ghaziabad Storage Hub 78,GHA-ST-78,"76, Pandey Circle, Ghaziabad, Manipur, 564429",2023-11-12 09:01:53
a7dc70ce-1c25-4971-b89e-273fe094ed77,Madurai Main Warehouse 43,MAD-MA-43,"775, Chadha Nagar, Madurai, Punjab, 252674",2026-02-18 09:01:53
1101e29b-f2f6-4445-8073-4fa4c1e3498d,Vijayawada Storage Hub 50,VIJ-ST-50,"42/22, Samra Zila, Vijayawada, Madhya Pradesh, 952381",2026-01-19 09:01:53
d4971622-5097-415c-b9e4-91f046c32190,Mumbai Main Warehouse 83,MUM-MA-803,"H.No. 98, Borra Chowk, Mumbai, Tamil Nadu, 203577",2023-07-07 09:01:53
366fcadc-44b1-4092-a7ad-bd12b46aa6c8,Pune Main Warehouse 11,PUN-MA-11,"93, Goel Zila, Pune, Himachal Pradesh, 493863",2023-11-28 09:01:53
3149369b-cb29-468f-b660-d39f566d46a4,Ghaziabad Bulk Store 10,GHA-BU-10,"23, Swaminathan Zila, Ghaziabad, Karnataka, 337347",2025-01-13 09:01:53
d0c0917c-cc9c-4af9-ad6e-018b1bca40ce,Chennai Sorting Centre 59,CHE-SO-59,"63, Saraf Nagar, Chennai, Karnataka, 827654",2025-08-29 09:01:53
12b8d38b-f582-4486-9c38-a5781432ff6a,Howrah Regional Depot 33,HOW-RE-33,"69/915, Suri Circle, Howrah, Haryana, 378581",2023-06-27 09:01:53
55c0780c-3272-430f-85f2-506186fbb2a2,Tiruchirappalli Sorting Centre 81,TIR-SO-81,"H.No. 42, Viswanathan, Tiruchirappalli, West Bengal, 687619",2024-10-04 09:01:53
b1923530-dbcd-49f2-a94d-5537645b6882,Kolkata Storage Hub 12,KOL-ST-12,"H.No. 750, Randhawa Path, Kolkata, Assam, 555107",2023-10-21 09:01:53
9b191069-ec29-4f9f-b7ee-3faf808c0a15,Thane Main Warehouse 7,THA-MA-07,"H.No. 98, Verma Zila, Thane, Madhya Pradesh, 115889",2024-04-25 09:01:53
9cd19690-bfdc-412c-b6c6-5be160fc58e4,Hubli Export Hub 66,HUB-EX-66,"H.No. 171, Sarma Circle, Hubli, Uttarakhand, 970126",2025-10-22 09:01:53
6c374e61-98a9-44d7-97f9-7fe19eebb16a,Madurai Fulfilment Centre 68,MAD-FU-68,"31/56, Lal Street, Madurai, Goa, 605116",2023-10-22 09:01:53
946a8237-0224-4a7c-8479-7ad3be85a773,Vadodara Bulk Store 74,VAD-BU-74,"76/90, Lata Path, Vadodara, Haryana, 268219",2024-06-13 09:01:53
4d0ae3c6-423b-420e-8d30-4c05baa6d50c,Hyderabad Export Hub 52,HYD-EX-52,"H.No. 71, Agarwal, Hyderabad, Tamil Nadu, 327107",2024-11-10 09:01:53
b551659c-3738-49d9-b03a-5b578e3c2867,Jaipur Fulfilment Centre 87,JAI-FU-87,"257, Dey Path, Jaipur, Bihar, 303489",2023-08-03 09:01:53
6b82eb54-4cc5-4859-bbe6-8cf92a49bd69,Indore Distribution Centre 8,IND-DI-08,"05/64, Bumb Ganj, Indore, Manipur, 104631",2025-06-17 09:01:53
62192a20-e553-4f87-b1fa-7a72a9f5f9da,Raipur Regional Depot 68,RAI-RE-68,"H.No. 867, Bhavsar Nagar, Raipur, Odisha, 835054",2025-11-07 09:01:53
b04c32ca-c39b-4ca0-95a1-6472414516c8,Amritsar Retail Warehouse 81,AMR-RE-251,"H.No. 59, Chopra Ganj, Amritsar, Nagaland, 312547",2024-06-09 09:01:53
5695d11d-dd2c-4dab-9ca4-ad53bffbd296,Rajkot Cold Storage 41,RAJ-CO-41,"H.No. 997, Kunda Ganj, Rajkot, Uttarakhand, 350540",2024-03-02 09:01:53
1ad96d3a-d186-4903-884c-ba67ba71d20f,Rajkot Distribution Centre 78,RAJ-DI-78,"64, Choudhary Chowk, Rajkot, Rajasthan, 294368",2025-10-24 09:01:53
ef69cd54-ee1a-40f8-853e-8d63d9356f7a,Jaipur Distribution Centre 99,JAI-DI-99,"13/145, Manda Ganj, Jaipur, Nagaland, 720784",2024-09-17 09:01:53
f2b3438e-7863-48c7-be6b-f0071279cc1d,Howrah Storage Hub 18,HOW-ST-18,"58/458, Bhagat Road, Howrah, Goa, 277602",2026-02-21 09:01:53
ca55e593-b713-4de2-9ce7-a418c72ba798,Rajkot Fulfilment Centre 97,RAJ-FU-97,"H.No. 806, Sundaram Marg, Rajkot, Chhattisgarh, 279344",2025-12-21 09:01:53
8bd89864-9098-4365-8718-a379eecd2ccb,Allahabad Bulk Store 125,ALL-BU-493,"H.No. 51, Barad, Allahabad, Madhya Pradesh, 742108",2025-02-14 09:01:53
51af24b1-7d5a-41e1-a40b-36438ecdeca0,Chennai Fulfilment Centre 4,CHE-FU-04,"063, Merchant Road, Chennai, Gujarat, 108425",2025-10-06 09:01:53
37d3835d-169a-4d08-bd8e-1e022332c0e7,Nagpur Bulk Store 34,NAG-BU-34,"54, Karnik Street, Nagpur, Manipur, 534972",2024-01-22 09:01:53
69ff6fec-df2f-41ac-a701-f488b65c1d25,Pune Bulk Store 78,PUN-BU-78,"H.No. 86, Upadhyay Circle, Pune, Uttarakhand, 225350",2025-07-13 09:01:53
db865c07-e0bc-4a1e-9e92-28576d724794,Varanasi Export Hub 25,VAR-EX-25,"277, Randhawa Road, Varanasi, Rajasthan, 338471",2025-04-24 09:01:53
3ce2283c-b740-4a8f-8e76-26b5a4e10562,Jodhpur Sorting Centre 76,JOD-SO-76,"705, Tak Circle, Jodhpur, Sikkim, 522212",2026-01-06 09:01:53
6a6a302b-975a-4083-9e9a-4e5da6e228d4,Rajkot Retail Warehouse 56,RAJ-RE-56,"00/402, Mand Ganj, Rajkot, Chhattisgarh, 338738",2025-06-07 09:01:53
8098f7e1-169b-4c29-8e35-0207f96e75ee,Mumbai Fulfilment Centre 19,MUM-FU-19,"H.No. 53, Bali Path, Mumbai, Uttar Pradesh, 215638",2025-07-27 09:01:53
cd1f193b-2172-49d7-8cad-f61a1f49bc9b,Coimbatore Distribution Centre 92,COI-DI-92,"666, Mammen, Coimbatore, Rajasthan, 658694",2024-08-06 09:01:53
bb73b1b1-1955-47cb-9a5c-6376983ab8e0,Solapur Fulfilment Centre 85,SOL-FU-85,"19/97, Nagi Circle, Solapur, West Bengal, 344553",2025-09-12 09:01:53
ff1ba7d5-e6d5-49b3-a160-944f4ce4d8f6,Ludhiana Storage Hub 69,LUD-ST-69,"29/677, Swamy Ganj, Ludhiana, West Bengal, 942831",2025-10-13 09:01:53
154a007b-e0af-4232-935c-f59f8dbc20f9,Jodhpur Bulk Store 59,JOD-BU-59,"88/61, Sahota Marg, Jodhpur, Madhya Pradesh, 342809",2023-08-24 09:01:53
b2e46f32-0def-4513-8a21-8186f5d61802,Ahmedabad Storage Hub 49,AHM-ST-49,"H.No. 154, Raghavan Zila, Ahmedabad, Mizoram, 497705",2023-09-17 09:01:53
c47383f1-5b4b-45a1-ad5b-610bc718fd96,Gwalior Fulfilment Centre 60,GWA-FU-60,"49/114, Sangha Nagar, Gwalior, Kerala, 765126",2024-07-25 09:01:53
e0750e4a-3ddb-4e60-92f0-a8e03bea3187,Visakhapatnam Sorting Centre 80,VIS-SO-80,"49, Shanker Nagar, Visakhapatnam, Kerala, 513834",2024-08-10 09:01:53
57bb4576-7721-4b71-8af5-e350c3790f03,Ghaziabad Storage Hub 24,GHA-ST-24,"H.No. 62, Kalita, Ghaziabad, Haryana, 956515",2025-04-28 09:01:53
dd8b7e71-49f2-40c2-af85-f5ea7dd6a57e,Kanpur Sorting Centre 54,KAN-SO-54,"82/230, Mistry, Kanpur, Meghalaya, 059676",2024-01-25 09:01:53
1ab6fbc0-ee5e-4c50-b753-c3dac84c5d5f,Visakhapatnam Regional Depot 39,VIS-RE-701,"56/124, Kamdar, Visakhapatnam, Haryana, 414679",2024-09-28 09:01:53
bcafc69d-c293-498a-ab77-4812d3c4b767,Pimpri Fulfilment Centre 96,PIM-FU-96,"93, Doctor Circle, Pimpri, Kerala, 914937",2024-06-08 09:01:53
6d4f9004-7e47-457b-bebd-b3b87595bb71,Varanasi Export Hub 56,VAR-EX-56,"529, Venkataraman Nagar, Varanasi, Haryana, 168674",2024-10-11 09:01:53
fe92904b-fcdd-4923-856f-ce2abe953928,Pune Distribution Centre 10,PUN-DI-10,"H.No. 78, Vora Marg, Pune, Manipur, 207181",2025-05-02 09:01:53
72fb9f85-da3a-4d60-8a1f-9b6d9446b5b7,Thane Fulfilment Centre 6,THA-FU-06,"H.No. 694, Contractor Road, Thane, Sikkim, 697187",2025-01-02 09:01:53
092ca253-553d-494c-b315-42456ff6899a,Visakhapatnam Main Warehouse 725,VIS-MA-533,"01/539, Shere Circle, Visakhapatnam, Himachal Pradesh, 541919",2026-02-17 09:01:53
2d8c540c-616d-48c5-aa7a-b3d7464d377a,Ghaziabad Export Hub 64,GHA-EX-64,"94/98, Dara Path, Ghaziabad, West Bengal, 742614",2024-11-09 09:01:53
3ea783dd-0fad-4bdc-8ded-d7a08833581e,Kolkata Cold Storage 41,KOL-CO-41,"274, Minhas Nagar, Kolkata, Kerala, 228589",2024-03-25 09:01:53
77a4e356-cc39-476e-8ec8-8c719a1f1f50,Agra Sorting Centre 676,AGR-SO-801,"37/081, Keer Nagar, Agra, Kerala, 431891",2024-04-03 09:01:53
4292f048-6ab2-4667-b8d3-dfe71ca05536,Hyderabad Bulk Store 911,HYD-BU-171,"H.No. 049, Kumer Street, Hyderabad, Madhya Pradesh, 128549",2024-01-06 09:01:53
f5cffba1-aa0b-4748-9522-99c06e51220c,Dhanbad Export Hub 62,DHA-EX-62,"72/63, Natt Zila, Dhanbad, Arunachal Pradesh, 086670",2023-08-06 09:01:53
8ecb6288-e24f-4240-b4c3-1b77537a48d5,Vijayawada Main Warehouse 22,VIJ-MA-22,"H.No. 29, Sen Path, Vijayawada, Punjab, 354064",2023-08-13 09:01:53
099655e3-4753-4769-9608-c503b69644d7,Agra Sorting Centre 13,AGR-SO-13,"823, Tella Path, Agra, Himachal Pradesh, 691864",2024-04-09 09:01:53
0370de26-85df-4272-bf58-6a2e14ac4bbe,Surat Main Warehouse 92,SUR-MA-92,"41/21, Khanna Street, Surat, Jharkhand, 059370",2024-02-26 09:01:53
4b9dd0b4-be07-425c-b50f-ff6750b6d07e,Pimpri Bulk Store 31,PIM-BU-31,"62/723, Dewan Path, Pimpri, Madhya Pradesh, 361138",2024-11-20 09:01:53
c3857d76-f82e-4ec9-bcd5-3a800cbde92e,Lucknow Distribution Centre 53,LUC-DI-53,"70/57, Sankaran Zila, Lucknow, Goa, 754870",2025-09-13 09:01:53
2a6a853d-7922-467f-ba00-893f5ae63916,Solapur Bulk Store 51,SOL-BU-51,"09/646, Loke Zila, Solapur, Madhya Pradesh, 838560",2024-03-02 09:01:53
d0a897c3-8027-4cae-aff2-b90c2a0656e3,Delhi Fulfilment Centre 19,DEL-FU-19,"H.No. 668, Sachdev Path, Delhi, Manipur, 895324",2025-09-01 09:01:53
fcce484e-b39a-4d79-85c9-9371644570e4,Ghaziabad Export Hub 39,GHA-EX-39,"75/39, Barman Ganj, Ghaziabad, Haryana, 199932",2025-12-30 09:01:53
7a27705b-1b29-40ea-be3f-33f1cf6dee1a,Ranchi Main Warehouse 23,RAN-MA-23,"03, Ranganathan Circle, Ranchi, Bihar, 742368",2024-06-15 09:01:53
2f4e9439-750c-47cd-9108-916356a3e98b,Ghaziabad Cold Storage 85,GHA-CO-85,"780, Seth Ganj, Ghaziabad, Assam, 186588",2024-06-18 09:01:53
ab7c37c0-7300-4b83-b722-b3e2ede92b7f,Jabalpur Sorting Centre 63,JAB-SO-63,"H.No. 746, Din Zila, Jabalpur, Arunachal Pradesh, 654565",2024-11-20 09:01:53
0cb88362-8f8d-4fda-ab2c-3e5d7fb451dd,Tiruchirappalli Fulfilment Centre 93,TIR-FU-93,"63, Kadakia Marg, Tiruchirappalli, Madhya Pradesh, 813922",2024-12-03 09:01:53
615531b8-2727-433b-bd52-77c4af7235bd,Coimbatore Fulfilment Centre 78,COI-FU-78,"304, Chatterjee Street, Coimbatore, Arunachal Pradesh, 799820",2023-11-15 09:01:53
271fc90a-0d50-4102-98a4-a97ced458933,Agra Retail Warehouse 75,AGR-RE-75,"H.No. 87, Kale, Agra, Meghalaya, 123357",2025-04-25 09:01:53
63470987-458f-4e46-9dd8-71eea039fa09,Mysuru Cold Storage 9,MYS-CO-09,"93/775, Amble, Mysuru, Assam, 929929",2024-08-14 09:01:53
02bb9f73-f93f-4c36-8d32-bbe518141d00,Madurai Storage Hub 33,MAD-ST-33,"013, Sawhney Ganj, Madurai, Andhra Pradesh, 574085",2024-03-07 09:01:53
cba66887-ffbf-4c0f-8aa0-535f245da902,Srinagar Regional Depot 88,SRI-RE-88,"H.No. 749, Buch Zila, Srinagar, Haryana, 823696",2025-12-17 09:01:53
abf9ebd8-dcaa-491e-afe8-9864ec7776a2,Chennai Distribution Centre 62,CHE-DI-62,"49/382, Kapur Marg, Chennai, Assam, 800338",2024-04-22 09:01:53
7c337016-5bdf-4933-873e-92570105e6d8,Indore Bulk Store 59,IND-BU-59,"367, Ravel Ganj, Indore, Assam, 047619",2026-03-02 09:01:53
6102860e-f54e-4ad1-8ed7-da1d18cb85cc,Indore Export Hub 55,IND-EX-55,"H.No. 56, Nagarajan Zila, Indore, Nagaland, 811069",2025-10-14 09:01:53
213e46f5-f18f-451f-a5b3-041c22cd075a,Agra Bulk Store 84,AGR-BU-84,"42/92, Keer Street, Agra, Assam, 895893",2024-11-25 09:01:53
2fddbcca-2590-48e4-9f04-1a7ab0ac8a0f,Varanasi Distribution Centre 14,VAR-DI-14,"20/108, Vasa, Varanasi, Tamil Nadu, 072322",2025-10-01 09:01:53
0193d22c-8e53-4398-a933-d6b61d1f7ff8,Nashik Export Hub 748,NAS-EX-871,"74/783, Chana Nagar, Nashik, Punjab, 410883",2025-10-01 09:01:53
78ea001b-3c64-4895-96b7-792fb9b19811,Indore Fulfilment Centre 4,IND-FU-04,"H.No. 44, Nori Street, Indore, Haryana, 424941",2023-12-20 09:01:53
9ab6f2cc-8ed0-4001-907d-5fabe528d700,Mumbai Export Hub 6,MUM-EX-06,"85, Lall Circle, Mumbai, Meghalaya, 023928",2025-03-09 09:01:53
26540359-d070-4701-bb79-ff0975a65ecd,Meerut Fulfilment Centre 5,MEE-FU-05,"31/091, Sarna Path, Meerut, Assam, 043979",2024-02-13 09:01:53
42c0149d-3726-4151-b837-8d84df8e4eda,Navi Mumbai Storage Hub 74,NAV-ST-74,"23/410, Mitra Street, Navi Mumbai, Chhattisgarh, 059631",2023-07-01 09:01:53
bf2a0499-6ec8-4f6c-a99f-1c6696fc2261,Lucknow Regional Depot 82,LUC-RE-82,"H.No. 626, Memon Circle, Lucknow, Jharkhand, 877689",2024-08-19 09:01:53
d681dd55-4817-4f16-9ac7-9c9187d14f69,Jaipur Export Hub 60,JAI-EX-60,"17, Walla Marg, Jaipur, Manipur, 962042",2025-07-29 09:01:53
02abab5f-89d1-4b9c-a79c-343611517de5,Lucknow Distribution Centre 6,LUC-DI-06,"75/81, Chander Nagar, Lucknow, Tamil Nadu, 100825",2023-09-17 09:01:53
472be053-79d3-4f71-8051-697a70aaff85,Dhanbad Export Hub 68,DHA-EX-68,"23/06, Chatterjee Path, Dhanbad, Bihar, 682515",2025-08-19 09:01:53
f9e98d2e-b57d-4589-a1c6-cb891ecfb4a9,Kolkata Storage Hub 82,KOL-ST-82,"880, Mukherjee Nagar, Kolkata, Punjab, 054690",2024-12-18 09:01:53
b98a0d01-2917-4f28-afc5-d7c0d6e33943,Thane Bulk Store 46,THA-BU-46,"H.No. 08, Natt Road, Thane, Sikkim, 704204",2024-01-24 09:01:53
c364b523-b8c9-4c1e-a475-fd3b08849809,Patna Export Hub 45,PAT-EX-45,"30, Sarraf Circle, Patna, Nagaland, 526322",2025-10-13 09:01:53
48b2a7f7-2068-418a-99c6-f4162dfaa7b0,Kanpur Main Warehouse 61,KAN-MA-61,"84/413, Handa Ganj, Kanpur, Karnataka, 210377",2025-10-29 09:01:53
e4d38eb1-d57c-4fe0-8ac9-b3e3f6b9c450,Mumbai Distribution Centre 79,MUM-DI-79,"H.No. 023, Nadkarni Ganj, Mumbai, Nagaland, 350627",2024-12-10 09:01:53
7193fde9-0da8-4eb3-807a-f1a327437f73,Delhi Export Hub 38,DEL-EX-38,"H.No. 15, Bera Chowk, Delhi, Mizoram, 286041",2025-10-24 09:01:53
0db954c2-52cb-4488-888d-138c59cca993,Ranchi Retail Warehouse 33,RAN-RE-33,"14, Om Ganj, Ranchi, Uttarakhand, 349189",2023-11-16 09:01:53
cdb29537-db98-44cb-af0b-967f5fdbbf1e,Kota Distribution Centre 56,KOT-DI-56,"455, Mangat Chowk, Kota, Rajasthan, 433304",2024-04-15 09:01:53
f869c69c-421f-4fad-a6f3-f3e4de055c12,Guwahati Storage Hub 63,GUW-ST-63,"H.No. 305, Bumb Circle, Guwahati, Mizoram, 585350",2024-06-25 09:01:53
2322b2ba-07de-4b94-851f-f0c37a9a52ee,Chandigarh Bulk Store 98,CHA-BU-98,"29, Patel Street, Chandigarh, Uttarakhand, 994919",2023-09-17 09:01:53
aae23053-4ecc-4970-8ef2-9ee07e789246,Indore Bulk Store 42,IND-BU-42,"43/733, Bhavsar Ganj, Indore, Goa, 865568",2026-01-06 09:01:53
a9f67f4c-2fd1-43dd-be3e-71ac1226c95d,Lucknow Sorting Centre 94,LUC-SO-94,"H.No. 02, Andra Street, Lucknow, Rajasthan, 538479",2024-02-25 09:01:53
e93ea889-8a08-4acb-8440-4f658d5922d4,Ghaziabad Cold Storage 43,GHA-CO-43,"27/951, Gour Ganj, Ghaziabad, Tripura, 651835",2025-12-11 09:01:53
ae32d1a4-8a01-4c26-bdbd-89a99f6cb860,Kota Main Warehouse 3,KOT-MA-03,"14/61, Basu Street, Kota, Bihar, 079834",2023-07-09 09:01:53
404fdcde-0970-46f9-87d4-7d96c648b6e5,Nashik Distribution Centre 5,NAS-DI-05,"H.No. 077, Sama Zila, Nashik, Rajasthan, 108317",2024-10-05 09:01:53
8370d979-3c85-41aa-a0a5-852e8a801e26,Pune Sorting Centre 39,PUN-SO-39,"499, Jain Marg, Pune, Goa, 553397",2024-04-08 09:01:53
8655d17b-c4e5-46ce-baa6-85599c26f9da,Ranchi Regional Depot 91,RAN-RE-91,"H.No. 31, Narang Chowk, Ranchi, Chhattisgarh, 122400",2025-11-03 09:01:53
54442d64-0541-41ef-a0f9-6e158c2a8d08,Jaipur Bulk Store 23,JAI-BU-23,"H.No. 259, Tak Ganj, Jaipur, Uttarakhand, 818350",2025-08-14 09:01:53
d5dc4a0c-b9b9-4a8f-bb54-674dcafae398,Chandigarh Main Warehouse 2,CHA-MA-02,"02/287, Arya Road, Chandigarh, Sikkim, 578423",2025-08-12 09:01:53
fca14dcc-7015-4c7b-8512-91d7a9d1391a,Rajkot Main Warehouse 58,RAJ-MA-58,"H.No. 18, Dutta Nagar, Rajkot, Uttar Pradesh, 421492",2025-10-28 09:01:53
b187a169-3536-483e-8bfa-b31b39ec2645,Jaipur Fulfilment Centre 42,JAI-FU-42,"84/16, Mallick Ganj, Jaipur, Jharkhand, 792796",2026-02-03 09:01:53
6f747ad5-9ce5-4cbf-b2ef-f70c6f40ce05,Surat Export Hub 30,SUR-EX-30,"39/20, Pillay Path, Surat, Uttarakhand, 570453",2026-03-12 09:01:53
5c595782-b339-497b-a03e-9a89e1a7474f,Guwahati Fulfilment Centre 279,GUW-FU-700,"30/434, Magar, Guwahati, Nagaland, 598826",2025-10-20 09:01:53
bd1739f7-4b00-4e33-8b35-b1b0212078d5,Jodhpur Regional Depot 26,JOD-RE-26,"74/43, Tailor Ganj, Jodhpur, Gujarat, 402903",2024-12-02 09:01:53
3b38d619-b1bf-4339-8c1a-b623391c7a2f,Ludhiana Fulfilment Centre 118,LUD-FU-446,"H.No. 081, Kapadia Nagar, Ludhiana, Punjab, 114075",2024-01-19 09:01:53
1e90cc1e-a0e4-4f67-8687-2b726387acc5,Coimbatore Storage Hub 72,COI-ST-72,"H.No. 97, Sarkar Circle, Coimbatore, Goa, 634844",2026-02-12 09:01:53
778ed1df-5e7e-4615-ba36-d5717b69d576,Gwalior Distribution Centre 727,GWA-DI-406,"053, Lal Road, Gwalior, Tripura, 550823",2025-07-31 09:01:53
75b26263-3b99-458d-8f65-42e511a3112f,Pune Bulk Store 55,PUN-BU-55,"28/88, Ramesh Zila, Pune, Assam, 719588",2024-06-26 09:01:53
ca8d3ae2-1cd9-4c7f-b771-dacf4cd63f4d,Faridabad Export Hub 61,FAR-EX-61,"H.No. 732, Dara Chowk, Faridabad, Jharkhand, 355428",2024-02-29 09:01:53
38602f6e-6dbb-4d26-b94a-d6340734c74b,Kota Regional Depot 2,KOT-RE-02,"H.No. 68, Kala Marg, Kota, Tripura, 203238",2025-07-03 09:01:53
3e55b9f8-96d5-4321-923c-7443ad90288e,Indore Main Warehouse 33,IND-MA-33,"227, Muni Nagar, Indore, Punjab, 327402",2025-02-25 09:01:53
2bda2442-68ea-443e-b06a-be63a5675487,Pimpri Regional Depot 9,PIM-RE-09,"55, Naik Circle, Pimpri, Punjab, 458023",2023-07-23 09:01:53
a19faa64-76f4-49d4-ae46-38467aadcde1,Delhi Bulk Store 13,DEL-BU-13,"31/081, Pandya Circle, Delhi, Rajasthan, 805143",2024-12-23 09:01:53
6304a08c-d3c0-44e5-a12a-d129a398d131,Meerut Regional Depot 75,MEE-RE-75,"88/273, Lata Chowk, Meerut, Odisha, 994471",2024-11-24 09:01:53
e7de9010-50ca-4bd2-a0a3-ecaa6082cd0d,Mumbai Main Warehouse 88,MUM-MA-88,"13/24, Ray Nagar, Mumbai, Chhattisgarh, 461335",2024-09-01 09:01:53
bcf1c7a8-cc71-42c2-a763-d9dc49325e5d,Patna Regional Depot 95,PAT-RE-95,"H.No. 73, Sodhi Ganj, Patna, Arunachal Pradesh, 555634",2025-04-09 09:01:53
cdb2f029-215b-4dd0-bca2-fc4c5a655609,Howrah Main Warehouse 338,HOW-MA-747,"81/415, Sha Chowk, Howrah, Sikkim, 807492",2024-05-12 09:01:53
7dbbd303-2786-42d2-bce6-249fb2de320b,Ahmedabad Retail Warehouse 53,AHM-RE-53,"396, Patel Marg, Ahmedabad, Chhattisgarh, 141908",2025-05-12 09:01:53
e79e7135-7b8d-43c8-95ea-610271a53601,Surat Sorting Centre 851,SUR-SO-710,"745, Maharaj Chowk, Surat, Kerala, 599250",2025-09-21 09:01:53
382e1fd7-71b0-4dd3-a3ef-96b2180eedb6,Allahabad Main Warehouse 76,ALL-MA-76,"63, Soman Ganj, Allahabad, Uttarakhand, 643537",2025-11-02 09:01:53
e28f6709-5a54-4fd8-9377-c7f2d9edfb76,Patna Distribution Centre 16,PAT-DI-16,"H.No. 214, Kohli Marg, Patna, Arunachal Pradesh, 009583",2025-03-12 09:01:53
38684329-f747-4737-bd21-ddf88f1ebe1d,Mumbai Cold Storage 3,MUM-CO-03,"H.No. 428, Kalla Marg, Mumbai, Chhattisgarh, 102655",2024-05-14 09:01:53
1425ade9-7906-4504-b7ea-9ea083a603e6,Vijayawada Bulk Store 79,VIJ-BU-79,"47, Manne Road, Vijayawada, Punjab, 667352",2024-08-05 09:01:53
8de42818-c93e-4099-8cba-ff75b4be7ab5,Guwahati Bulk Store 13,GUW-BU-13,"H.No. 608, Misra Ganj, Guwahati, Arunachal Pradesh, 897409",2024-02-25 09:01:53
12febce8-b154-473d-a9a4-a5eedc03c85d,Solapur Fulfilment Centre 16,SOL-FU-16,"934, Raman, Solapur, Himachal Pradesh, 935395",2025-04-11 09:01:53
03255b64-ba60-4197-b7b6-564f3582e527,Lucknow Cold Storage 48,LUC-CO-48,"21, Manne Path, Lucknow, Chhattisgarh, 267188",2025-10-02 09:01:53
c1c4a366-8a97-4153-9b72-a251a8fa8f20,Chandigarh Fulfilment Centre 90,CHA-FU-90,"26/70, Joshi Zila, Chandigarh, Maharashtra, 916673",2025-09-29 09:01:53
94a72617-4880-477f-93b4-3aad495859b6,Jaipur Export Hub 7,JAI-EX-07,"217, Palla Chowk, Jaipur, Odisha, 144772",2025-04-16 09:01:53
85e19818-720e-4488-b62c-484b3a123e4e,Navi Mumbai Export Hub 25,NAV-EX-25,"H.No. 453, Savant Ganj, Navi Mumbai, Telangana, 979162",2024-12-03 09:01:53
84dd4292-4ab5-44d0-8859-0e1b95e59c18,Madurai Retail Warehouse 82,MAD-RE-82,"62, Konda Road, Madurai, Odisha, 063007",2025-05-07 09:01:53
f048897b-44bd-4427-b99e-7becae5af86a,Bhopal Cold Storage 35,BHO-CO-35,"82/33, Bose Circle, Bhopal, Meghalaya, 356392",2024-02-16 09:01:53
d7a590ca-0cc5-4f34-a8f7-d9ce57b9b503,Hyderabad Regional Depot 64,HYD-RE-64,"H.No. 187, Chauhan Circle, Hyderabad, Telangana, 269877",2025-01-24 09:01:53
08544123-57a6-46a9-8da2-26cdad4cf595,Kanpur Cold Storage 96,KAN-CO-96,"510, Shere Path, Kanpur, Gujarat, 468500",2023-10-05 09:01:53
962e3b4a-272f-415b-a98e-c731817b28f6,Kota Fulfilment Centre 77,KOT-FU-77,"47/94, Gade Chowk, Kota, Odisha, 616629",2025-03-07 09:01:53
1bfbba90-1f3b-4eeb-80ac-8ddb4d60eb3f,Bengaluru Distribution Centre 12,BEN-DI-12,"H.No. 879, Ramesh Street, Bengaluru, Nagaland, 367763",2025-11-16 09:01:53
f22bb533-8f71-41fe-b732-73176885a96f,Ludhiana Storage Hub 42,LUD-ST-42,"66/35, Soman Street, Ludhiana, Haryana, 007550",2025-04-21 09:01:53
065eb7bb-abcd-4235-a98e-e4031954d971,Navi Mumbai Bulk Store 24,NAV-BU-24,"H.No. 08, Comar Road, Navi Mumbai, Tamil Nadu, 838901",2024-11-25 09:01:53
66b812d6-a574-42b9-b888-b8e5da75eb00,Srinagar Export Hub 71,SRI-EX-71,"H.No. 752, Deep Circle, Srinagar, Andhra Pradesh, 907798",2024-09-09 09:01:53
6889e319-7826-419e-85bd-bdf42ba1d7d1,Kanpur Bulk Store 227,KAN-BU-085,"86/182, Sachdeva Path, Kanpur, Tamil Nadu, 664028",2024-12-14 09:01:53
fe208515-6c25-4552-a885-8efe0738b1d3,Pimpri Export Hub 76,PIM-EX-76,"02/802, Gola Street, Pimpri, Sikkim, 466165",2026-02-23 09:01:53
d58f7c0f-75b5-4180-b6c5-e8b923560373,Bhopal Main Warehouse 931,BHO-MA-987,"H.No. 758, Rao Marg, Bhopal, Maharashtra, 657043",2025-03-12 09:01:53
251a14f5-58e7-4104-934f-610c059bfff5,Ranchi Export Hub 1,RAN-EX-01,"83/39, Hora Street, Ranchi, Sikkim, 099126",2024-03-21 09:01:53
92262636-fd07-4725-abb6-9b52084b0ce8,Mysuru Sorting Centre 61,MYS-SO-61,"17/64, Pau, Mysuru, Manipur, 427359",2025-11-14 09:01:53
516f91ae-badd-42a4-a29a-5e35d7bb873f,Ranchi Bulk Store 9,RAN-BU-09,"40/70, Mital Path, Ranchi, Manipur, 092646",2023-12-17 09:01:53
5c514cea-6641-4c70-b013-1dadad86b149,Vadodara Storage Hub 23,VAD-ST-23,"52/967, Krishnamurthy, Vadodara, Meghalaya, 891668",2024-06-29 09:01:53
049fcfe5-7d0f-4844-91ac-e73859d27e1f,Thane Cold Storage 337,THA-CO-983,"H.No. 731, Balakrishnan Nagar, Thane, Assam, 977660",2024-04-05 09:01:53
37da4056-874c-4869-be5c-3fcd4822d438,Tiruchirappalli Regional Depot 85,TIR-RE-85,"H.No. 220, Krish Nagar, Tiruchirappalli, Tamil Nadu, 423822",2024-02-25 09:01:53
915b9b3d-5366-4411-a8e9-71b0e61331bf,Nashik Sorting Centre 24,NAS-SO-24,"552, Balan Street, Nashik, Punjab, 124562",2026-01-27 09:01:53
b17c0572-2b4d-48e5-8a48-f9d92ea48796,Ghaziabad Cold Storage 73,GHA-CO-73,"12/025, Bal Road, Ghaziabad, Odisha, 113965",2025-01-22 09:01:53
78b80c22-c9c1-4bc6-b44d-e13f70679fd6,Srinagar Cold Storage 57,SRI-CO-57,"H.No. 52, Munshi Path, Srinagar, Bihar, 656983",2024-10-23 09:01:53
23da02a3-7bab-4e46-806f-e2b867ed4292,Gwalior Sorting Centre 12,GWA-SO-12,"49, Bal Path, Gwalior, Uttarakhand, 628975",2025-11-25 09:01:53
4adadbf2-fd2f-4980-9bca-be2136511c45,Kota Fulfilment Centre 58,KOT-FU-58,"72/031, Hegde Road, Kota, West Bengal, 614328",2024-07-16 09:01:53
d862ada9-388b-461b-8786-de99bda1c593,Howrah Fulfilment Centre 3,HOW-FU-03,"58/99, Sethi Road, Howrah, Arunachal Pradesh, 699818",2024-03-19 09:01:53
d816f1a3-cf9a-43e7-bdce-8c724e1024a8,Vadodara Cold Storage 60,VAD-CO-60,"23/71, Kuruvilla Nagar, Vadodara, Jharkhand, 711364",2025-01-17 09:01:53
d51419f9-6d8a-4163-bf67-ccd25b8d865b,Surat Retail Warehouse 33,SUR-RE-33,"89, Rajan Nagar, Surat, Tamil Nadu, 858039",2025-04-16 09:01:53
0ea082c0-e772-4ebb-9b18-fbe584b9ef20,Tiruchirappalli Distribution Centre 12,TIR-DI-12,"H.No. 277, Barad, Tiruchirappalli, Karnataka, 875189",2025-02-09 09:01:53
a0ab7421-4c2a-4198-9eb3-9d37abc0e695,Mumbai Export Hub 73,MUM-EX-73,"H.No. 34, Seth Street, Mumbai, Rajasthan, 397733",2023-09-13 09:01:53
879e13aa-6c64-4295-9aa5-cfbadae8934f,Agra Export Hub 74,AGR-EX-74,"00/41, Hari Road, Agra, Goa, 944104",2024-11-24 09:01:53
a39eb212-c670-4bfb-9856-30564d6d87ef,Bengaluru Distribution Centre 45,BEN-DI-45,"320, Ram Nagar, Bengaluru, Kerala, 233487",2024-05-08 09:01:53
d02ff80e-ce38-4087-b088-1f61e80e5310,Lucknow Storage Hub 15,LUC-ST-15,"19/34, Chander Street, Lucknow, Assam, 746757",2024-01-09 09:01:53
8d5e44bf-9591-440c-b8df-7c893f4915ff,Indore Fulfilment Centre 49,IND-FU-49,"251, Chopra Road, Indore, Karnataka, 173124",2024-03-18 09:01:53
233edcdc-b595-4086-b8e3-8d9be63f79c0,Allahabad Sorting Centre 49,ALL-SO-49,"219, Dube Chowk, Allahabad, Himachal Pradesh, 617403",2026-01-11 09:01:53
ed6e00da-0b42-4136-9c50-d02fa7718c31,Mumbai Export Hub 279,MUM-EX-470,"H.No. 30, Natarajan Nagar, Mumbai, Madhya Pradesh, 172734",2024-12-26 09:01:53
02d4f01a-2a8a-4c06-b291-eed671ddb246,Kota Distribution Centre 17,KOT-DI-17,"H.No. 697, Lall Path, Kota, Bihar, 263015",2024-04-26 09:01:53
e0de4556-425d-4275-aa2d-0a109a0c55c4,Navi Mumbai Sorting Centre 67,NAV-SO-67,"H.No. 892, Thaman Street, Navi Mumbai, Gujarat, 922133",2024-07-22 09:01:53
f2f644c1-f38e-4437-87a6-1d91b2891909,Vijayawada Fulfilment Centre 704,VIJ-FU-943,"04, Barman Path, Vijayawada, Gujarat, 072943",2024-10-23 09:01:53
9d19e421-aaa1-4758-9a69-59eeb8b1c7af,Pimpri Bulk Store 14,PIM-BU-14,"H.No. 628, Guha Chowk, Pimpri, Tripura, 512951",2024-02-15 09:01:53
ad41081e-9726-43e2-a45b-aa654dd017c3,Pune Fulfilment Centre 858,PUN-FU-586,"72/85, Rajagopal Path, Pune, Meghalaya, 160278",2024-07-04 09:01:53
3e4ea8c0-a980-4fb7-90db-62298cd5acd0,Mysuru Retail Warehouse 74,MYS-RE-74,"34, Sastry Circle, Mysuru, Uttarakhand, 561280",2023-09-21 09:01:53
647e3f25-80fc-4412-b436-078531552ac7,Gwalior Storage Hub 60,GWA-ST-60,"95, Dugar Path, Gwalior, Bihar, 095316",2025-11-27 09:01:53
6d02d9a4-ff07-46b7-9429-4ce811efc1f6,Jodhpur Cold Storage 90,JOD-CO-90,"H.No. 566, Nazareth Chowk, Jodhpur, Punjab, 134112",2025-02-04 09:01:53
4bb802fc-0781-40f0-b1bc-07fef4e803ac,Hyderabad Fulfilment Centre 28,HYD-FU-28,"28/81, Madan Nagar, Hyderabad, Goa, 852479",2024-09-27 09:01:53
893dbd5e-34cd-4e07-8234-b6124e79dc47,Kota Retail Warehouse 96,KOT-RE-96,"55, Pant Road, Kota, Arunachal Pradesh, 548859",2024-09-07 09:01:53
249aaef1-be1f-49c5-b16a-be8100f917a4,Allahabad Cold Storage 19,ALL-CO-19,"06/90, Khosla Road, Allahabad, Odisha, 888999",2024-10-05 09:01:53
7c0f1eb3-0b75-45f0-b44b-2be0ae244a82,Nashik Export Hub 79,NAS-EX-79,"H.No. 98, Mammen Road, Nashik, West Bengal, 602690",2024-10-06 09:01:53
17e5bcd5-6fe5-46c8-a2b4-b0990ffb9539,Meerut Export Hub 108,MEE-EX-560,"59/40, Deo Path, Meerut, Bihar, 207773",2024-01-13 09:01:53
18e99af5-e566-49b3-a919-f632a0409850,Tiruchirappalli Regional Depot 31,TIR-RE-31,"H.No. 881, Karpe Path, Tiruchirappalli, Andhra Pradesh, 933367",2023-06-26 09:01:53
5aca5927-e1d3-4c9f-b411-b7f6737e7e75,Coimbatore Retail Warehouse 51,COI-RE-51,"05, Tak Street, Coimbatore, Odisha, 538412",2024-03-31 09:01:53
9ac0c0ce-1256-41a8-bbe7-0da0b088a905,Bhopal Main Warehouse 92,BHO-MA-92,"79/132, Kannan Path, Bhopal, Haryana, 588840",2023-08-26 09:01:53
db8367ef-e7b3-440b-9d0d-97d1e0cd775e,Coimbatore Main Warehouse 5,COI-MA-482,"H.No. 16, Sunder Street, Coimbatore, Himachal Pradesh, 212115",2025-07-15 09:01:53
b1f6a8c5-8b5f-4046-9afb-708d72cbb74e,Amritsar Sorting Centre 37,AMR-SO-37,"H.No. 44, Palla Circle, Amritsar, Andhra Pradesh, 461016",2024-06-22 09:01:53
35050e93-e268-4437-9310-d4130b1bcc80,Jabalpur Sorting Centre 94,JAB-SO-94,"10/71, Subramaniam Ganj, Jabalpur, Meghalaya, 309514",2024-05-14 09:01:53
ae79df48-fd9d-4076-b47d-e54564b0227a,Vadodara Regional Depot 41,VAD-RE-41,"60/737, Bhandari Street, Vadodara, Jharkhand, 324044",2024-11-26 09:01:53
3b891c65-8673-422b-8cd0-f80a55a5a3c9,Kota Regional Depot 40,KOT-RE-40,"H.No. 121, Oommen Chowk, Kota, Maharashtra, 436145",2025-06-04 09:01:53
2c4d95b6-8cee-4250-a04a-6f3268331e94,Pune Main Warehouse 413,PUN-MA-596,"H.No. 01, Babu Street, Pune, Himachal Pradesh, 128686",2023-08-30 09:01:53
431c5f5f-8fbb-4a5a-89e5-056c2df77ee6,Lucknow Bulk Store 18,LUC-BU-18,"77, Rajagopal Path, Lucknow, Jharkhand, 983633",2025-02-13 09:01:53
b08063a1-1b42-4a4e-beb6-29293f626fa8,Jodhpur Cold Storage 37,JOD-CO-37,"094, Chandra Circle, Jodhpur, Maharashtra, 319990",2024-05-14 09:01:53
0cd70b86-b56d-44e0-8ff5-36ec2c1cc9c5,Thane Regional Depot 99,THA-RE-99,"87/014, Chowdhury Marg, Thane, Mizoram, 027392",2024-12-07 09:01:53
ae272263-3e27-4fa4-af0d-677168a21096,Agra Sorting Centre 14,AGR-SO-14,"H.No. 67, Kashyap Circle, Agra, Assam, 642508",2024-04-08 09:01:53
9d317c27-960a-4901-81b2-344cbac1039c,Meerut Main Warehouse 94,MEE-MA-94,"23/24, Roy Ganj, Meerut, Uttarakhand, 477323",2025-06-22 09:01:53
d5fd2e37-3c66-4127-85c5-0f764ff04096,Bhopal Cold Storage 75,BHO-CO-75,"24, Gala, Bhopal, Punjab, 133240",2024-05-16 09:01:53
1381bc68-b958-4a17-b963-b5693bec4310,Navi Mumbai Fulfilment Centre 79,NAV-FU-79,"18, Mani Marg, Navi Mumbai, Madhya Pradesh, 569274",2024-10-02 09:01:53
26856bd8-181d-4859-9920-7a93fc44e3cb,Ludhiana Sorting Centre 95,LUD-SO-95,"H.No. 05, Parmer Marg, Ludhiana, Sikkim, 616913",2026-01-18 09:01:53
9dc4fda2-d2a8-4b42-a026-d24043dcbfa4,Aurangabad Sorting Centre 91,AUR-SO-91,"H.No. 38, Dugal Zila, Aurangabad, Tripura, 802562",2024-01-03 09:01:53
ed859c6f-df73-4013-8a67-6faa6334279c,Coimbatore Bulk Store 47,COI-BU-47,"H.No. 974, Sarin Chowk, Coimbatore, Arunachal Pradesh, 404241",2024-10-12 09:01:53
b62f437d-9e7b-4a8f-868a-993f9b0c55d6,Ghaziabad Retail Warehouse 65,GHA-RE-65,"H.No. 26, Prashad Path, Ghaziabad, Chhattisgarh, 160464",2024-01-30 09:01:53
e1441628-5344-456d-aac1-b52cd71564ac,Thane Retail Warehouse 43,THA-RE-43,"007, Mody Street, Thane, Manipur, 605313",2025-01-12 09:01:53
940aac04-f3b0-492a-a903-0027ffd19823,Raipur Export Hub 10,RAI-EX-10,"78/37, Sridhar Road, Raipur, Madhya Pradesh, 937772",2025-02-20 09:01:53
cf30f8c3-83be-4b89-912a-a2f4b05ba7a0,Dhanbad Export Hub 40,DHA-EX-40,"H.No. 24, Subramanian Street, Dhanbad, Mizoram, 128761",2023-11-22 09:01:53
30844907-8a35-40bd-acdc-56b779d36451,Indore Regional Depot 87,IND-RE-87,"826, Dutta Zila, Indore, Himachal Pradesh, 799948",2026-02-03 09:01:53
2b2529e3-3433-425b-920e-c41301d3970c,Amritsar Fulfilment Centre 8,AMR-FU-08,"H.No. 940, Dara Marg, Amritsar, Goa, 561040",2024-12-16 09:01:53
c3551bf2-0036-485b-b377-5742de1eafec,Madurai Distribution Centre 88,MAD-DI-88,"67/32, Verma Path, Madurai, Madhya Pradesh, 810624",2023-11-05 09:01:53
3a71c0f3-1507-4565-9125-ffb97d2d96f2,Aurangabad Retail Warehouse 50,AUR-RE-50,"16, Ramanathan Path, Aurangabad, Punjab, 865120",2025-12-08 09:01:53
cdd04f58-5fbb-42de-a2c7-db4ccc4b03cb,Kota Fulfilment Centre 41,KOT-FU-41,"H.No. 41, Dave Path, Kota, Mizoram, 786477",2024-05-10 09:01:53
b8949a9f-c4b1-4f84-86fb-e1cf3b86b7bb,Delhi Main Warehouse 63,DEL-MA-63,"H.No. 169, Devi Marg, Delhi, Andhra Pradesh, 336270",2024-10-10 09:01:53
d66820fa-76d9-40a1-aecd-9c12738f38b6,Ranchi Fulfilment Centre 50,RAN-FU-50,"53, Bora Circle, Ranchi, Gujarat, 895623",2024-07-25 09:01:53
2d4acb3d-ba28-403d-a48b-98fe9dd5a986,Lucknow Storage Hub 25,LUC-ST-25,"H.No. 43, Bir Path, Lucknow, Goa, 458963",2025-08-24 09:01:53
87d58fc6-a8f3-4401-9548-1470b0791c91,Guwahati Export Hub 42,GUW-EX-42,"85/952, Bava Road, Guwahati, Karnataka, 045106",2025-05-29 09:01:53
c62ec323-e405-4a47-87b6-ef4fd3faf32f,Mumbai Fulfilment Centre 25,MUM-FU-25,"66/058, Basu Circle, Mumbai, Odisha, 924398",2025-01-20 09:01:53
5ad80188-dccb-4733-82b7-fa189bb126e7,Jabalpur Sorting Centre 78,JAB-SO-78,"H.No. 588, Gaba Ganj, Jabalpur, Chhattisgarh, 702116",2025-03-31 09:01:53
4949b0d8-9932-415f-ba1b-cbe0b902cb90,Jaipur Export Hub 43,JAI-EX-43,"66/02, Gopal Circle, Jaipur, Mizoram, 498965",2024-04-15 09:01:53
72609396-8f0f-42ab-a704-05424ba7ae7c,Tiruchirappalli Main Warehouse 94,TIR-MA-94,"91, Choudhry Chowk, Tiruchirappalli, Tripura, 483611",2025-09-04 09:01:53
93d8aaca-a158-43a9-b2d1-a7275ce225ee,Thane Distribution Centre 98,THA-DI-98,"H.No. 38, Kapadia Ganj, Thane, Madhya Pradesh, 449347",2023-07-03 09:01:53
a85bbf47-807b-46ca-9799-acd733818587,Jaipur Bulk Store 41,JAI-BU-41,"43/034, Sani Street, Jaipur, Manipur, 566115",2025-08-26 09:01:53
48dff9d4-322d-4b0e-9d5b-53b4dca3da42,Lucknow Retail Warehouse 31,LUC-RE-31,"H.No. 68, Rege Zila, Lucknow, Andhra Pradesh, 405787",2025-04-27 09:01:53
8a439875-eec6-4c0f-b1de-06734819e5fc,Chandigarh Cold Storage 16,CHA-CO-16,"60, Sinha Zila, Chandigarh, Nagaland, 961473",2025-05-27 09:01:53
9875fa95-77aa-4b74-8071-6eb46ae6ef66,Vijayawada Retail Warehouse 269,VIJ-RE-609,"H.No. 748, Doctor Nagar, Vijayawada, Manipur, 273019",2024-04-07 09:01:53
ad313e48-9742-45ac-83a8-be59b24e6652,Hyderabad Fulfilment Centre 18,HYD-FU-18,"69/94, Pradhan Marg, Hyderabad, Uttar Pradesh, 174565",2023-06-27 09:01:53
e6861467-682a-4360-8f42-4f8fb00078ac,Jaipur Fulfilment Centre 35,JAI-FU-35,"98/84, Sampath Ganj, Jaipur, Nagaland, 438068",2024-11-06 09:01:53
573eafa9-450e-482d-9008-8e2ecdf12bf1,Amritsar Distribution Centre 38,AMR-DI-38,"H.No. 14, Shukla Path, Amritsar, Odisha, 573815",2025-01-04 09:01:53
43998c87-20e2-4d78-8601-e868a425bf8e,Vijayawada Cold Storage 5,VIJ-CO-05,"67/997, Wagle Street, Vijayawada, Assam, 613023",2024-07-23 09:01:53
1aec06df-a75f-48ed-8240-6f8d7a2786f0,Bhopal Cold Storage 377,BHO-CO-353,"763, Chana, Bhopal, Madhya Pradesh, 973976",2024-04-02 09:01:53
245b2118-2e04-43b0-9c4f-d9559661e4df,Srinagar Main Warehouse 20,SRI-MA-20,"76/59, Merchant Marg, Srinagar, West Bengal, 181753",2026-02-05 09:01:53
77227b51-4036-4aba-bbe7-07f5379419a0,Bengaluru Bulk Store 15,BEN-BU-15,"H.No. 09, Chokshi Marg, Bengaluru, Rajasthan, 511756",2024-11-18 09:01:53
58cc45e7-6e7c-4374-8239-238f5654df7c,Visakhapatnam Distribution Centre 429,VIS-DI-998,"440, Bedi Marg, Visakhapatnam, Chhattisgarh, 091626",2025-05-02 09:01:53
62b71fa5-7317-4d0a-8156-279fccffd204,Visakhapatnam Cold Storage 73,VIS-CO-73,"69/67, Sha Street, Visakhapatnam, Uttar Pradesh, 322637",2025-06-07 09:01:53
7defe4a4-9a65-4359-a1bb-497d1f1fe083,Dhanbad Bulk Store 15,DHA-BU-15,"196, Ghosh Circle, Dhanbad, Jharkhand, 698120",2024-01-20 09:01:53
c25380b6-52f9-421e-b62d-93bdcf75ce12,Lucknow Distribution Centre 71,LUC-DI-71,"H.No. 678, Sen, Lucknow, Goa, 715691",2024-08-14 09:01:53
441a682d-dfa2-4c26-9b4c-2bc1b2a8cbfb,Bhopal Sorting Centre 12,BHO-SO-12,"47/012, Kakar, Bhopal, Sikkim, 541646",2023-07-09 09:01:53
4b9d2767-a313-41de-88db-719890e7ff89,Jodhpur Storage Hub 62,JOD-ST-62,"H.No. 715, Agarwal Nagar, Jodhpur, Maharashtra, 528530",2024-04-20 09:01:53
6fc016fc-a867-4412-b7c2-9fa313ad0616,Solapur Main Warehouse 54,SOL-MA-54,"H.No. 455, Upadhyay Chowk, Solapur, Madhya Pradesh, 922220",2025-04-16 09:01:53
9b05c430-3759-46a8-856a-90ab06f8dcfc,Delhi Retail Warehouse 95,DEL-RE-95,"H.No. 659, Seth Chowk, Delhi, Jharkhand, 442018",2025-01-24 09:01:53
e0fbb2ee-5de1-4e94-9f09-a76864ae6cd7,Ahmedabad Storage Hub 22,AHM-ST-22,"03/420, Sibal Marg, Ahmedabad, West Bengal, 170466",2023-10-06 09:01:53
e241d50b-9aab-4957-a42e-8307d06b39c8,Surat Export Hub 84,SUR-EX-84,"70/81, Rama Chowk, Surat, Chhattisgarh, 167123",2025-07-15 09:01:53
cb9c0399-efa4-4d3b-98f8-578174e83237,Madurai Main Warehouse 47,MAD-MA-47,"H.No. 465, Kara Circle, Madurai, Madhya Pradesh, 998016",2025-02-12 09:01:53
982f7902-2ad4-47cb-8ce9-58c838b58f46,Patna Regional Depot 54,PAT-RE-54,"65/813, Reddy Marg, Patna, Tamil Nadu, 220861",2024-08-21 09:01:53
60c856ea-6dad-49a5-82e7-f75cb1eda56b,Chandigarh Cold Storage 32,CHA-CO-32,"02/130, Bakshi Path, Chandigarh, West Bengal, 399478",2024-04-26 09:01:53
d5b9019e-24be-47ff-895f-cfd76dded73d,Mumbai Regional Depot 48,MUM-RE-48,"488, Lata Zila, Mumbai, Madhya Pradesh, 824740",2025-03-01 09:01:53
54bea301-bffb-46eb-9835-c576109aa988,Ghaziabad Cold Storage 75,GHA-CO-75,"79/434, Mane Road, Ghaziabad, Uttar Pradesh, 756661",2025-04-08 09:01:53
91e0f74a-5fa4-478d-ac47-eb991ab71a16,Hyderabad Storage Hub 53,HYD-ST-53,"62/13, Keer Street, Hyderabad, Odisha, 950197",2025-08-09 09:01:53
89855dc6-1ead-48c7-a661-37dfcb52f2a1,Guwahati Cold Storage 55,GUW-CO-55,"10, Desai Ganj, Guwahati, Uttar Pradesh, 658087",2026-03-08 09:01:53
8131692e-2f00-4851-85dd-4fd49ef1c032,Amritsar Retail Warehouse 63,AMR-RE-63,"670, Borra Path, Amritsar, Telangana, 938830",2024-01-18 09:01:53
245974c7-580b-48ff-a0a0-62a493b5f3b6,Ranchi Sorting Centre 87,RAN-SO-87,"04/58, Rana Zila, Ranchi, Sikkim, 291930",2025-04-29 09:01:53
439b03d9-cc89-4f0c-b935-6b94543b67e8,Indore Fulfilment Centre 83,IND-FU-83,"H.No. 20, Pau Zila, Indore, Odisha, 527311",2025-10-25 09:01:53
2307e025-325d-43c8-b55a-efd67feb29f6,Amritsar Bulk Store 25,AMR-BU-25,"76/56, Grewal Chowk, Amritsar, Goa, 128650",2024-08-01 09:01:53
ae2e8ef8-90f3-4897-ad7f-34a524ffe2a3,Solapur Sorting Centre 270,SOL-SO-695,"38/410, Pandya Zila, Solapur, Uttar Pradesh, 224924",2023-11-22 09:01:53
2933df70-a3fa-4b3a-a643-e992077fd5a6,Rajkot Main Warehouse 4,RAJ-MA-04,"H.No. 40, Sankaran Marg, Rajkot, Assam, 922209",2024-09-28 09:01:53
df0cd017-4fb8-4e8f-8321-1d9ba5d27003,Kanpur Fulfilment Centre 52,KAN-FU-52,"64, Raju Circle, Kanpur, Assam, 825591",2024-08-12 09:01:53
d8542dc1-8185-45f3-afc5-ae36b926d61f,Faridabad Storage Hub 55,FAR-ST-55,"H.No. 32, Contractor Zila, Faridabad, Tamil Nadu, 245605",2023-09-15 09:01:53
54152d34-aca6-40ef-8bbc-42964ef45e8f,Coimbatore Main Warehouse 24,COI-MA-24,"H.No. 820, Barad Circle, Coimbatore, Nagaland, 178087",2023-07-19 09:01:53
e13a4dc4-7585-439a-82db-29364e549629,Kota Storage Hub 20,KOT-ST-20,"H.No. 353, Mohanty Circle, Kota, Manipur, 242057",2026-01-10 09:01:53
c866c621-beb6-4c18-80e3-35558eb2b043,Coimbatore Retail Warehouse 48,COI-RE-48,"H.No. 365, Prasad, Coimbatore, Odisha, 570727",2023-07-17 09:01:53
2d445d34-510a-40fc-b9ba-ac272dfa0ac2,Ludhiana Main Warehouse 52,LUD-MA-52,"92/904, Yogi Marg, Ludhiana, Tripura, 172137",2025-11-28 09:01:53
6c8d3547-d458-4142-91a8-a9db143772c3,Aurangabad Sorting Centre 5,AUR-SO-05,"H.No. 261, Suresh Marg, Aurangabad, Assam, 727022",2024-12-27 09:01:53
a435622f-ed05-4a59-8cdd-abf3074009d7,Madurai Retail Warehouse 4,MAD-RE-04,"41/026, Chatterjee Street, Madurai, Andhra Pradesh, 083209",2023-08-18 09:01:53
53029a63-40d1-4424-8c22-9a3e475aee44,Solapur Distribution Centre 44,SOL-DI-44,"H.No. 431, Khanna, Solapur, Nagaland, 153118",2024-04-19 09:01:53
a999dc6c-a229-448c-8bf6-a0a737e3eecf,Ahmedabad Storage Hub 5,AHM-ST-05,"23/07, Buch Ganj, Ahmedabad, Haryana, 298872",2026-01-16 09:01:53
